25th, 50th, 75th, 90th, 95th, 99th, max
0, 0, 0, 0, 0, 0, 0
0, 0, 0, 0, 0, 0, 0
0, 0, 0, 0, 0, 0, 0
0, 0, 0, 0, 0, 0, 0
0, 0, 0, 0, 0, 0, 0
0, 0, 0, 0, 0, 0, 0
0, 0, 0, 0, 0, 0, 0
0, 0, 0, 0, 0, 0, 0
0, 0, 0, 0, 0, 0, 0
0, 0, 0, 0, 0, 0, 0
0, 0, 0, 0, 0, 0, 0
0, 0, 0, 0, 0, 0, 0
0, 0, 0, 0, 0, 0, 0
0, 0, 0, 0, 0, 0, 0
0, 0, 0, 0, 0, 0, 0
0, 0, 0, 0, 0, 0, 0
0, 0, 0, 0, 0, 0, 0
0, 0, 0, 0, 0, 0, 0
0, 0, 0, 0, 0, 0, 0
0, 0, 0, 0, 0, 0, 0
0, 0, 0, 0, 0, 0, 0
0, 0, 0, 0, 0, 0, 0
0, 0, 0, 0, 0, 0, 0
0, 0, 0, 0, 0, 0, 0
0, 0, 0, 0, 0, 0, 0
0, 0, 0, 0, 0, 0, 0
0, 0, 0, 0, 0, 0, 0
0, 0, 0, 0, 0, 0, 0
0, 0, 0, 0, 0, 0, 0
0, 0, 0, 0, 0, 0, 0
0, 0, 0, 0, 0, 0, 0
0, 0, 0, 0, 0, 0, 0
0, 0, 0, 0, 0, 0, 0
0, 0, 0, 0, 0, 0, 0
0, 0, 0, 0, 0, 0, 0
0, 0, 0, 0, 0, 0, 0
0, 0, 0, 0, 0, 0, 0
0, 0, 0, 0, 0, 0, 0
0, 0, 0, 0, 0, 0, 0
0, 0, 0, 0, 0, 0, 0
0, 0, 0, 0, 0, 0, 0
0, 0, 0, 0, 0, 0, 0
0, 0, 0, 0, 0, 0, 0
0, 0, 0, 0, 0, 0, 0
0, 0, 0, 0, 0, 0, 0
0, 0, 0, 0, 0, 0, 0
0, 0, 0, 0, 0, 0, 0
0, 0, 0, 0, 0, 0, 0
0, 0, 0, 0, 0, 0, 0
0, 0, 0, 0, 0, 0, 0
0, 0, 0, 0, 0, 0, 0
0, 0, 0, 0, 0, 0, 0
0, 0, 0, 0, 0, 0, 0
0, 0, 0, 0, 0, 0, 0
0, 0, 0, 0, 0, 0, 0
0, 0, 0, 0, 0, 0, 0
0, 0, 0, 0, 0, 0, 0
0, 0, 0, 0, 0, 0, 0
0, 0, 0, 0, 0, 0, 0
0, 0, 0, 0, 0, 0, 0
0, 0, 0, 0, 0, 0, 0
0, 0, 0, 0, 0, 0, 0
0, 0, 0, 0, 0, 0, 0
0, 0, 0, 0, 0, 0, 0
0, 0, 0, 0, 0, 0, 0
0, 0, 0, 0, 0, 0, 0
0, 0, 0, 0, 0, 0, 0
0, 0, 0, 0, 0, 0, 0
0, 0, 0, 0, 0, 0, 0
0, 0, 0, 0, 0, 0, 0
0, 0, 0, 0, 0, 0, 0
0, 0, 0, 0, 0, 0, 0
0, 0, 0, 0, 0, 0, 0
0, 0, 0, 0, 0, 0, 0
0, 0, 0, 0, 0, 0, 0
0, 0, 0, 0, 0, 0, 0
0, 0, 0, 0, 0, 0, 0
0, 0, 0, 0, 0, 0, 0
0, 0, 0, 0, 0, 0, 0
0, 0, 0, 0, 0, 0, 0
0, 0, 0, 0, 0, 0, 0
0, 0, 0, 0, 0, 0, 0
0, 0, 0, 0, 0, 0, 0
0, 0, 0, 0, 0, 0, 0
0, 0, 0, 0, 0, 0, 0
0, 0, 0, 0, 0, 0, 0
0, 0, 0, 0, 0, 0, 0
0, 0, 0, 0, 0, 0, 0
0, 0, 0, 0, 0, 0, 0
0, 0, 0, 0, 0, 0, 0
0, 0, 0, 0, 0, 0, 0
0, 0, 0, 0, 0, 0, 0
0, 0, 0, 0, 0, 0, 0
0, 0, 0, 0, 0, 0, 0
0, 0, 0, 0, 0, 0, 0
0, 0, 0, 0, 0, 0, 0
0, 0, 0, 0, 0, 0, 0
0, 0, 0, 0, 0, 0, 0
0, 0, 0, 0, 0, 0, 0
0, 0, 0, 0, 0, 0, 0
0, 0, 0, 0, 0, 0, 0
0, 0, 0, 0, 0, 0, 0
0, 0, 0, 0, 0, 0, 0
0, 0, 0, 0, 0, 0, 0
0, 0, 0, 0, 0, 0, 0
0, 0, 0, 0, 0, 0, 0
0, 0, 0, 0, 0, 0, 0
0, 0, 0, 0, 0, 0, 0
0, 0, 0, 0, 0, 0, 0
0, 0, 0, 0, 0, 0, 0
0, 0, 0, 0, 0, 0, 0
0, 0, 0, 0, 0, 0, 0
0, 0, 0, 0, 0, 0, 0
0, 0, 0, 0, 0, 0, 0
0, 0, 0, 0, 0, 0, 0
0, 0, 0, 0, 0, 0, 0
0, 0, 0, 0, 0, 0, 0
0, 0, 0, 0, 0, 0, 0
0, 0, 0, 0, 0, 0, 0
0, 0, 0, 0, 0, 0, 0
0, 0, 0, 0, 0, 0, 0
0, 0, 0, 0, 0, 0, 0
0, 0, 0, 0, 0, 0, 0
0, 0, 0, 0, 0, 0, 0
0, 0, 0, 0, 0, 0, 0
0, 0, 0, 0, 0, 0, 0
0, 0, 0, 0, 0, 0, 0
0, 0, 0, 0, 0, 0, 0
0, 0, 0, 0, 0, 0, 0
0, 0, 0, 0, 0, 0, 0
0, 0, 0, 0, 0, 0, 0
0, 0, 0, 0, 0, 0, 0
0, 0, 0, 0, 0, 0, 0
0, 0, 0, 0, 0, 0, 0
0, 0, 0, 0, 0, 0, 0
0, 0, 0, 0, 0, 0, 0
0, 0, 0, 0, 0, 0, 0
0, 0, 0, 0, 0, 0, 0
0, 0, 0, 0, 0, 0, 0
0, 0, 0, 0, 0, 0, 0
0, 0, 0, 0, 0, 0, 0
0, 0, 0, 0, 0, 0, 0
0, 0, 0, 0, 0, 0, 0
0, 0, 0, 0, 0, 0, 0
0, 0, 0, 0, 0, 0, 0
0, 0, 0, 0, 0, 0, 0
0, 0, 0, 0, 0, 0, 0
0, 0, 0, 0, 0, 0, 0
0, 0, 0, 0, 0, 0, 0
0, 0, 0, 0, 0, 0, 0
0, 0, 0, 0, 0, 0, 0
0, 0, 0, 0, 0, 0, 0
0, 0, 0, 0, 0, 0, 0
0, 0, 0, 0, 0, 0, 0
0, 0, 0, 0, 0, 0, 0
0, 0, 0, 0, 0, 0, 0
0, 0, 0, 0, 0, 0, 0
0, 0, 0, 0, 0, 0, 0
0, 0, 0, 0, 0, 0, 0
0, 0, 0, 0, 0, 0, 0
0, 0, 0, 0, 0, 0, 0
0, 0, 0, 0, 0, 0, 0
0, 0, 0, 0, 0, 0, 0
0, 0, 0, 0, 0, 0, 0
0, 0, 0, 0, 0, 0, 0
0, 0, 0, 0, 0, 0, 0
0, 0, 0, 0, 0, 0, 0
0, 0, 0, 0, 0, 0, 0
0, 0, 0, 0, 0, 0, 0
0, 0, 0, 0, 0, 0, 0
0, 0, 0, 0, 0, 0, 0
0, 0, 0, 0, 0, 0, 0
0, 0, 0, 0, 0, 0, 0
0, 0, 0, 0, 0, 0, 0
0, 0, 0, 0, 0, 0, 0
0, 0, 0, 0, 0, 0, 0
0, 0, 0, 0, 0, 0, 0
0, 0, 0, 0, 0, 0, 0
0, 0, 0, 0, 0, 0, 0
0, 0, 0, 0, 0, 0, 0
0, 0, 0, 0, 0, 0, 0
0, 0, 0, 0, 0, 0, 0
0, 0, 0, 0, 0, 0, 0
0, 0, 0, 0, 0, 0, 0
0, 0, 0, 0, 0, 0, 0
0, 0, 0, 0, 0, 0, 0
0, 0, 0, 0, 0, 0, 0
0, 0, 0, 0, 0, 0, 0
0, 0, 0, 0, 0, 0, 0
0, 0, 0, 0, 0, 0, 0
0, 0, 0, 0, 0, 0, 0
0, 0, 0, 0, 0, 0, 0
0, 0, 0, 0, 0, 0, 0
0, 0, 0, 0, 0, 0, 0
0, 0, 0, 0, 0, 0, 0
0, 0, 0, 0, 0, 0, 0
0, 0, 0, 0, 0, 0, 0
0, 0, 0, 0, 0, 0, 0
0, 0, 0, 0, 0, 0, 0
0, 0, 0, 0, 0, 0, 0
0, 0, 0, 0, 0, 0, 0
0, 0, 0, 0, 0, 0, 0
0, 0, 0, 0, 0, 0, 0
0, 0, 0, 0, 0, 0, 0
0, 0, 0, 0, 0, 0, 0
0, 0, 0, 0, 0, 0, 0
0, 0, 0, 0, 0, 0, 0
0, 0, 0, 0, 0, 0, 0
0, 0, 0, 0, 0, 0, 0
0, 0, 0, 0, 0, 0, 0
0, 0, 0, 0, 0, 0, 0
0, 0, 0, 0, 0, 0, 0
0, 0, 0, 0, 0, 0, 0
0, 0, 0, 0, 0, 0, 0
0, 0, 0, 0, 0, 0, 0
0, 0, 0, 0, 0, 0, 0
0, 0, 0, 0, 0, 0, 0
0, 0, 0, 0, 0, 0, 0
0, 0, 0, 0, 0, 0, 0
0, 0, 0, 0, 0, 0, 0
0, 0, 0, 0, 0, 0, 0
0, 0, 0, 0, 0, 0, 0
0, 0, 0, 0, 0, 0, 0
0, 0, 0, 0, 0, 0, 0
0, 0, 0, 0, 0, 0, 0
0, 0, 0, 0, 0, 0, 0
0, 0, 0, 0, 0, 0, 0
0, 0, 0, 0, 0, 0, 0
0, 0, 0, 0, 0, 0, 0
0, 0, 0, 0, 0, 0, 0
0, 0, 0, 0, 0, 0, 0
0, 0, 0, 0, 0, 0, 0
0, 0, 0, 0, 0, 0, 0
0, 0, 0, 0, 0, 0, 0
0, 0, 0, 0, 0, 0, 0
0, 0, 0, 0, 0, 0, 0
0, 0, 0, 0, 0, 0, 0
0, 0, 0, 0, 0, 0, 0
0, 0, 0, 0, 0, 0, 0
0, 0, 0, 0, 0, 0, 0
0, 0, 0, 0, 0, 0, 0
0, 0, 0, 0, 0, 0, 0
0, 0, 0, 0, 0, 0, 0
0, 0, 0, 0, 0, 0, 0
0, 0, 0, 0, 0, 0, 0
0, 0, 0, 0, 0, 0, 0
0, 0, 0, 0, 0, 0, 0
0, 0, 0, 0, 0, 0, 0
0, 0, 0, 0, 0, 0, 0
0, 0, 0, 0, 0, 0, 0
0, 0, 0, 0, 0, 0, 0
0, 0, 0, 0, 0, 0, 0
0, 0, 0, 0, 0, 0, 0
0, 0, 0, 0, 0, 0, 0
0, 0, 0, 0, 0, 0, 0
0, 0, 0, 0, 0, 0, 0
0, 0, 0, 0, 0, 0, 0
0, 0, 0, 0, 0, 0, 0
0, 0, 0, 0, 0, 0, 0
0, 0, 0, 0, 0, 0, 0
0, 0, 0, 0, 0, 0, 0
0, 0, 0, 0, 0, 0, 0
0, 0, 0, 0, 0, 0, 0
0, 0, 0, 0, 0, 0, 0
0, 0, 0, 0, 0, 0, 0
0, 0, 0, 0, 0, 0, 0
0, 0, 0, 0, 0, 0, 0
0, 0, 0, 0, 0, 0, 0
0, 0, 0, 0, 0, 0, 0
0, 0, 0, 0, 0, 0, 0
0, 0, 0, 0, 0, 0, 0
0, 0, 0, 0, 0, 0, 0
0, 0, 0, 0, 0, 0, 0
0, 0, 0, 0, 0, 0, 0
0, 0, 0, 0, 0, 0, 0
0, 0, 0, 0, 0, 0, 0
0, 0, 0, 0, 0, 0, 0
0, 0, 0, 0, 0, 0, 0
0, 0, 0, 0, 0, 0, 0
0, 0, 0, 0, 0, 0, 0
0, 0, 0, 0, 0, 0, 0
0, 0, 0, 0, 0, 0, 0
0, 0, 0, 0, 0, 0, 0
0, 0, 0, 0, 0, 0, 0
0, 0, 0, 0, 0, 0, 0
0, 0, 0, 0, 0, 0, 0
0, 0, 0, 0, 0, 0, 0
0, 0, 0, 0, 0, 0, 0
0, 0, 0, 0, 0, 0, 0
0, 0, 0, 0, 0, 0, 0
0, 0, 0, 0, 0, 0, 0
0, 0, 0, 0, 0, 0, 0
0, 0, 0, 0, 0, 0, 0
0, 0, 0, 0, 0, 0, 0
0, 0, 0, 0, 0, 0, 0
0, 0, 0, 0, 0, 0, 0
0, 0, 0, 0, 0, 0, 0
0, 0, 0, 0, 0, 0, 0
0, 0, 0, 0, 0, 0, 0
0, 0, 0, 0, 0, 0, 0
0, 0, 0, 0, 0, 0, 0
0, 0, 0, 0, 0, 0, 0
0, 0, 0, 0, 0, 0, 0
0, 0, 0, 0, 0, 0, 0
0, 0, 0, 0, 0, 0, 0
0, 0, 0, 0, 0, 0, 0
0, 0, 0, 0, 0, 0, 0
0, 0, 0, 0, 0, 0, 0
0, 0, 0, 0, 0, 0, 0
0, 0, 0, 0, 0, 0, 0
0, 0, 0, 0, 0, 0, 0
0, 0, 0, 0, 0, 0, 0
0, 0, 0, 0, 0, 0, 0
0, 0, 0, 0, 0, 0, 0
0, 0, 0, 0, 0, 0, 0
0, 0, 0, 0, 0, 0, 0
0, 0, 0, 0, 0, 0, 0
0, 0, 0, 0, 0, 0, 0
0, 0, 0, 0, 0, 0, 0
0, 0, 0, 0, 0, 0, 0
0, 0, 0, 0, 0, 0, 0
0, 0, 0, 0, 0, 0, 0
0, 0, 0, 0, 0, 0, 0
0, 0, 0, 0, 0, 0, 0
0, 0, 0, 0, 0, 0, 0
0, 0, 0, 0, 0, 0, 0
0, 0, 0, 0, 0, 0, 0
0, 0, 0, 0, 0, 0, 0
0, 0, 0, 0, 0, 0, 0
0, 0, 0, 0, 0, 0, 0
0, 0, 0, 0, 0, 0, 0
0, 0, 0, 0, 0, 0, 0
0, 0, 0, 0, 0, 0, 0
0, 0, 0, 0, 0, 0, 0
0, 0, 0, 0, 0, 0, 0
0, 0, 0, 0, 0, 0, 0
0, 0, 0, 0, 0, 0, 0
0, 0, 0, 0, 0, 0, 0
0, 0, 0, 0, 0, 0, 0
0, 0, 0, 0, 0, 0, 0
0, 0, 0, 0, 0, 0, 0
0, 0, 0, 0, 0, 0, 0
0, 0, 0, 0, 0, 0, 0
0, 0, 0, 0, 0, 0, 0
0, 0, 0, 0, 0, 0, 0
0, 0, 0, 0, 0, 0, 0
0, 0, 0, 0, 0, 0, 0
0, 0, 0, 0, 0, 0, 0
0, 0, 0, 0, 0, 0, 0
0, 0, 0, 0, 0, 0, 0
0, 0, 0, 0, 0, 0, 0
0, 0, 0, 0, 0, 0, 0
0, 0, 0, 0, 0, 0, 0
0, 0, 0, 0, 0, 0, 0
0, 0, 0, 0, 0, 0, 0
0, 0, 0, 0, 0, 0, 0
0, 0, 0, 0, 0, 0, 0
0, 0, 0, 0, 0, 0, 0
0, 0, 0, 0, 0, 0, 0
0, 0, 0, 0, 0, 0, 0
0, 0, 0, 0, 0, 0, 0
0, 0, 0, 0, 0, 0, 0
0, 0, 0, 0, 0, 0, 0
0, 0, 0, 0, 0, 0, 0
0, 0, 0, 0, 0, 0, 0
0, 0, 0, 0, 0, 0, 0
0, 0, 0, 0, 0, 0, 0
0, 0, 0, 0, 0, 0, 0
0, 0, 0, 0, 0, 0, 0
0, 0, 0, 0, 0, 0, 0
0, 0, 0, 0, 0, 0, 0
0, 0, 0, 0, 0, 0, 0
0, 0, 0, 0, 0, 0, 0
0, 0, 0, 0, 0, 0, 0
0, 0, 0, 0, 0, 0, 0
0, 0, 0, 0, 0, 0, 0
0, 0, 0, 0, 0, 0, 0
0, 0, 0, 0, 0, 0, 0
0, 0, 0, 0, 0, 0, 0
0, 0, 0, 0, 0, 0, 0
0, 0, 0, 0, 0, 0, 0
0, 0, 0, 0, 0, 0, 0
0, 0, 0, 0, 0, 0, 0
0, 0, 0, 0, 0, 0, 0
0, 0, 0, 0, 0, 0, 0
0, 0, 0, 0, 0, 0, 0
0, 0, 0, 0, 0, 0, 0
0, 0, 0, 0, 0, 0, 0
0, 0, 0, 0, 0, 0, 0
0, 0, 0, 0, 0, 0, 0
0, 0, 0, 0, 0, 0, 0
0, 0, 0, 0, 0, 0, 0
0, 0, 0, 0, 0, 0, 0
0, 0, 0, 0, 0, 0, 0
0, 0, 0, 0, 0, 0, 0
0, 0, 0, 0, 0, 0, 0
0, 0, 0, 0, 0, 0, 0
0, 0, 0, 0, 0, 0, 0
0, 0, 0, 0, 0, 0, 0
0, 0, 0, 0, 0, 0, 0
0, 0, 0, 0, 0, 0, 0
0, 0, 0, 0, 0, 0, 0
0, 0, 0, 0, 0, 0, 0
0, 0, 0, 0, 0, 0, 0
0, 0, 0, 0, 0, 0, 0
0, 0, 0, 0, 0, 0, 0
0, 0, 0, 0, 0, 0, 0
0, 0, 0, 0, 0, 0, 0
0, 0, 0, 0, 0, 0, 0
0, 0, 0, 0, 0, 0, 0
0, 0, 0, 0, 0, 0, 0
0, 0, 0, 0, 0, 0, 0
0, 0, 0, 0, 0, 0, 0
0, 0, 0, 0, 0, 0, 0
0, 0, 0, 0, 0, 0, 0
0, 0, 0, 0, 0, 0, 0
0, 0, 0, 0, 0, 0, 0
0, 0, 0, 0, 0, 0, 0
0, 0, 0, 0, 0, 0, 0
0, 0, 0, 0, 0, 0, 0
0, 0, 0, 0, 0, 0, 0
0, 0, 0, 0, 0, 0, 0
0, 0, 0, 0, 0, 0, 0
0, 0, 0, 0, 0, 0, 0
0, 0, 0, 0, 0, 0, 0
0, 0, 0, 0, 0, 0, 0
0, 0, 0, 0, 0, 0, 0
0, 0, 0, 0, 0, 0, 0
0, 0, 0, 0, 0, 0, 0
0, 0, 0, 0, 0, 0, 0
0, 0, 0, 0, 0, 0, 0
0, 0, 0, 0, 0, 0, 0
0, 0, 0, 0, 0, 0, 0
0, 0, 0, 0, 0, 0, 0
0, 0, 0, 0, 0, 0, 0
0, 0, 0, 0, 0, 0, 0
0, 0, 0, 0, 0, 0, 0
0, 0, 0, 0, 0, 0, 0
0, 0, 0, 0, 0, 0, 0
0, 0, 0, 0, 0, 0, 0
0, 0, 0, 0, 0, 0, 0
0, 0, 0, 0, 0, 0, 0
0, 0, 0, 0, 0, 0, 0
0, 0, 0, 0, 0, 0, 0
0, 0, 0, 0, 0, 0, 0
0, 0, 0, 0, 0, 0, 0
0, 0, 0, 0, 0, 0, 0
0, 0, 0, 0, 0, 0, 0
0, 0, 0, 0, 0, 0, 0
0, 0, 0, 0, 0, 0, 0
0, 0, 0, 0, 0, 0, 0
0, 0, 0, 0, 0, 0, 0
0, 0, 0, 0, 0, 0, 0
0, 0, 0, 0, 0, 0, 0
0, 0, 0, 0, 0, 0, 0
0, 0, 0, 0, 0, 0, 0
0, 0, 0, 0, 0, 0, 0
0, 0, 0, 0, 0, 0, 0
0, 0, 0, 0, 0, 0, 0
0, 0, 0, 0, 0, 0, 0
0, 0, 0, 0, 0, 0, 0
0, 0, 0, 0, 0, 0, 0
8.88680975, 9.0298315, 9.24268325, 9.541879, 9.83025695, 14.433544179999998, 22.552578
8.8913025, 9.049115, 9.2421635, 9.5169005, 9.74487235, 13.91610324, 32.855096
8.886788, 9.039107, 9.232339, 9.4741045, 9.6831071, 14.733161439999998, 52.853195
8.882360499999999, 9.049702, 9.23396825, 9.5136533, 9.80664025, 14.416709269999998, 24.370709
8.87509, 9.024693, 9.220605500000001, 9.480288600000002, 9.6642278, 11.122606439999997, 21.371576
8.88320325, 9.0337745, 9.235971, 9.5169909, 9.73559805, 15.726085739999997, 52.853195
8.89041975, 9.0459465, 9.25604425, 9.507455, 9.7613077, 15.874409599999998, 52.853195
8.8954625, 9.042713, 9.24650175, 9.526094200000001, 9.8092796, 14.783211649999997, 19.373624
8.879335999999999, 9.0355115, 9.23179375, 9.518245, 9.792479599999998, 14.733161439999998, 20.217992
8.88004375, 9.0486225, 9.260004250000001, 9.5042655, 9.7715675, 15.267818949999995, 22.552578
8.894557500000001, 9.0396415, 9.2395825, 9.5354202, 9.808309549999999, 14.197611339999996, 22.552578
8.86792475, 9.0235205, 9.245201250000001, 9.502262900000002, 9.713557699999999, 13.622733749999995, 24.370709
8.886059, 9.0294925, 9.22146975, 9.477566200000002, 9.71921725, 13.55488314, 19.502914
8.88774025, 9.049330000000001, 9.243769499999999, 9.5133236, 9.724776649999999, 14.670883159999999, 19.587514
8.872269, 9.001384, 9.17326675, 9.438148, 9.8498015, 11.961075, 37.448702
8.852725, 9.001645, 9.170468249999999, 9.444844, 10.005778099999997, 12.330609639999997, 37.448702
8.8701555, 9.0087885, 9.18719875, 9.4472385, 9.91334975, 11.874729779999994, 35.487972
8.87394825, 9.006479, 9.185687, 9.457346, 9.961654, 12.00475577999996, 37.448702
8.863354750000001, 9.002392, 9.170468249999999, 9.4142906, 9.753661349999998, 11.897930429999999, 35.487972
8.863883, 9.002961, 9.173834, 9.4228381, 9.825107299999996, 11.87444791, 37.448702
8.861762500000001, 8.99004, 9.166726, 9.445925, 9.92058795, 11.913174, 35.734803
8.871132, 9.004046500000001, 9.17934525, 9.476735099999999, 10.0134674, 11.874643389999996, 37.448702
8.868959, 9.0171145, 9.20506625, 9.4805948, 10.077020099999999, 12.278240759999992, 35.734803
8.87261075, 9.005196, 9.183724999999999, 9.4461567, 10.087531, 11.970292, 35.734803
8.8589445, 9.0012155, 9.17608375, 9.434443, 9.913796399999997, 11.89461396, 37.448702
8.868868, 9.0038655, 9.18676825, 9.4659599, 10.042649799999994, 11.932734399999998, 35.487972
8.860429, 9.000936, 9.1765115, 9.4570382, 10.003989149999997, 12.38343526999999, 35.734803
8.786564, 9.0497925, 10.172677, 11.6735604, 12.5252472, 14.94417, 19.563106
8.77207525, 9.044996, 10.2155, 11.633466100000001, 12.32946965, 14.747010640000003, 19.563106
8.786515, 9.047122, 10.23242575, 11.615576500000001, 12.31350135, 14.803997, 18.865024
8.78686775, 9.069271, 10.215106, 11.67544, 12.55185425, 14.944267120000001, 19.563106
8.65663125, 9.147125500000001, 10.82046725, 12.496899, 14.099284, 17.787040250000004, 38.813544
8.658193, 9.143937000000001, 10.853242, 12.427216200000004, 13.991081399999997, 17.888042, 34.462112
8.648051, 9.128838, 10.823185, 12.397027200000004, 14.062613, 17.96278833000005, 38.813544
8.641443, 9.118408, 10.788428249999999, 12.348656, 14.039873, 17.70442273000002, 38.813544
8.646122, 9.139831, 10.8078255, 12.541062, 14.040769899999987, 17.8129, 38.813544
8.636589, 9.135001500000001, 10.87179425, 12.426232, 13.963141849999998, 17.930723650000004, 27.927733
8.64713, 9.0876535, 10.70994, 12.3318, 14.035607599999981, 17.483054, 38.404747
8.642463, 9.137233, 10.84455, 12.459643, 14.062613, 17.888766620000016, 38.813544
8.645800000000001, 9.1131685, 10.81620025, 12.430775, 14.117428549999994, 18.052882, 38.813544
8.6459585, 9.142985, 10.784825, 12.3343653, 13.885000049999999, 17.547577, 38.813544
8.65371275, 9.1815505, 10.830678, 12.459258400000003, 14.099570599999996, 17.844506, 38.813544
8.64398175, 9.111086499999999, 10.788663, 12.474138, 14.06229875, 17.92237514000001, 38.813544
8.646122, 9.137685, 10.781742000000001, 12.390644, 13.961357199999998, 17.699644929999998, 38.813544
8.64735, 9.1462885, 10.833960000000001, 12.378786600000002, 13.88336, 17.629720110000004, 38.813544
8.648051, 9.12137, 10.80024925, 12.470387400000003, 14.07062675, 17.288881170000018, 38.813544
8.6430295, 9.129088, 10.82165125, 12.4445948, 13.849417849999998, 17.787123420000004, 38.813544
8.646315, 9.1177425, 10.861789, 12.474567900000002, 14.027404, 17.644577100000006, 38.404747
8.635781, 9.0881875, 10.81522525, 12.467011, 14.027751549999996, 17.708369, 38.813544
8.651493, 9.1274145, 10.816554, 12.50979, 14.035527799999983, 17.289311310000027, 38.813544
8.646682, 9.1337995, 10.83674225, 12.5410734, 14.20053809999999, 17.888381480000007, 38.813544
8.64494575, 9.142960500000001, 10.749449, 12.390895900000002, 13.931310749999996, 17.420547210000006, 34.462112
8.641977, 9.1393965, 10.80360975, 12.474779400000001, 14.021462, 17.92199, 34.462112
8.645705, 9.1120225, 10.84499725, 12.474166, 14.062400199999999, 17.844781120000004, 34.408771
8.655768, 9.1493655, 10.864768, 12.4310994, 14.08060959999999, 17.708369, 34.462112
8.6495745, 9.112452, 10.780169, 12.3390678, 13.940439999999999, 17.644577100000006, 34.462112
8.64738, 9.133789, 10.802630749999999, 12.442805, 14.076976, 17.844781120000004, 38.813544
8.783742, 9.055168, 10.165228749999999, 11.6237487, 12.451222, 14.803997, 19.393533
8.78996725, 9.05303, 10.21229775, 11.6387561, 12.472246900000002, 15.030159010000053, 26.889073
8.796011, 9.060942, 10.23164875, 11.6468709, 12.380667, 14.804108820000003, 19.563106
8.790227000000002, 9.0590815, 10.230541, 11.671998, 12.440311, 14.938567590000002, 26.889073
8.64398175, 9.128411, 10.78780575, 12.4429497, 13.964287549999996, 17.699605, 38.813544
8.64698325, 9.128581, 10.788585, 12.4361022, 14.07062675, 17.458345, 34.408771
8.6450085, 9.109048, 10.792584, 12.403241400000002, 13.983646, 17.708369, 34.462112
9.084681999999999, 11.231169999999999, 14.09614, 17.456575, 20.027207, 25.792145010000016, 40.625286
9.123961, 11.2975055, 14.094805000000001, 17.472874, 19.679366, 25.259222, 40.625286
8.648585749999999, 9.1328155, 10.803367999999999, 12.420037200000001, 14.015701899999991, 17.703598, 38.813544
8.645282, 9.096299, 10.8072195, 12.482777, 14.06229875, 17.92199, 38.404747
8.64423425, 9.0936915, 10.768044, 12.352565, 13.94272, 17.708369, 38.813544
8.636974, 9.085067, 10.731179, 12.474418, 14.06229875, 17.937063770000005, 38.813544
8.64497125, 9.087907000000001, 10.817596, 12.445158700000002, 14.127015849999994, 17.793896, 38.813544
8.658231, 9.117625499999999, 10.797738, 12.424528800000001, 14.057811, 17.872178240000004, 34.462112
8.65456775, 9.145141, 10.813056, 12.467723700000002, 14.06191495, 17.699605, 38.813544
8.650166, 9.134645500000001, 10.816158, 12.4477016, 13.963141849999998, 17.664151120000007, 38.404747
9.11572525, 11.202153, 13.937422, 17.291438, 19.905001, 26.311127, 44.22794
9.108569, 11.183756, 13.95363975, 17.270395600000004, 19.58810784999999, 25.617047350000014, 44.22794
9.10763825, 11.3122585, 14.07956825, 17.3583994, 19.874239, 25.464532, 44.22794
8.641439, 9.0919635, 10.805081999999999, 12.4361022, 14.06189, 17.787123420000004, 38.813544
8.649298, 9.122739, 10.82114, 12.429641, 13.929803099999997, 17.786971, 38.813544
8.6474265, 9.1751455, 10.86255325, 12.500241, 14.105016, 17.708369, 38.404747
8.643845, 9.1191615, 10.789254249999999, 12.408338200000001, 13.92961735, 17.539506360000026, 38.813544
8.65667775, 9.167670000000001, 10.83175, 12.4310994, 13.99554189999999, 17.709146020000016, 38.813544
8.647616, 9.1069125, 10.7200515, 12.4206344, 13.952210899999994, 17.787123420000004, 38.813544
8.647674, 9.141917, 10.784418, 12.429641, 14.124056699999999, 17.872517720000012, 38.813544
8.646682, 9.142960500000001, 10.78426325, 12.344364200000001, 13.712284499999996, 17.420484050000002, 38.404747
8.6497995, 9.1275925, 10.821458, 12.386549, 14.070622, 17.629720110000004, 38.813544
8.64953375, 9.157266, 10.834787, 12.480118200000001, 14.071029949999996, 17.709146020000016, 38.813544
8.64212775, 9.10982, 10.806165, 12.382462, 13.91014165, 17.234018, 34.462112
9.127095, 11.213273, 14.08681475, 17.388325800000004, 19.718137, 26.206309990000005, 44.22794
9.161875, 11.2582505, 14.059709, 17.461269400000003, 20.019433, 25.67922264000004, 44.22794
9.148915, 11.340378, 14.16753475, 17.444180400000004, 19.79712755, 25.607038, 44.22794
9.100571, 11.188802, 13.993700749999999, 17.430050800000004, 20.076401949999994, 25.908130130000025, 44.22794
9.116177, 11.243894, 14.03130625, 17.271289100000008, 19.759592449999985, 26.206109, 44.22794
9.163904, 11.296549500000001, 14.09480425, 17.562162, 20.01937315, 25.872567300000007, 39.815707
9.1152885, 11.2213, 14.107129, 17.439015, 19.975911049999986, 25.792145010000016, 44.22794
9.099157, 11.3010625, 14.16753475, 17.657887100000003, 20.019433, 25.398768280000013, 44.22794
9.09220975, 11.133226, 13.929009749999999, 17.325111, 19.706871, 25.259970960000018, 44.22794
9.13159, 11.2553345, 13.995511, 17.261748100000002, 19.642388, 25.678368970000026, 44.22794
9.0929445, 11.170319, 14.043998, 17.4550999, 19.874443449999998, 25.617047350000014, 44.22794
10.200965, 12.882075, 16.60352, 21.049024, 23.81265054999997, 30.310142260000024, 43.791491
10.167732, 12.788715, 16.534053, 21.130619500000005, 23.974966, 30.20235486000002, 43.791491
10.12010275, 12.747278, 16.563617, 20.956166800000002, 23.805526, 30.02628262000004, 43.791491
10.154292, 12.786693, 16.54701, 20.975755000000003, 23.944038799999998, 30.41766055, 43.791491
10.229703, 12.8412995, 16.707336, 21.129636, 23.92804599999999, 30.299877, 43.791491
10.105951, 12.736896999999999, 16.648261, 20.913830200000003, 23.724221, 29.428061, 43.791491
10.218663, 12.8727185, 16.570969, 21.060374100000004, 23.89704, 30.19999, 43.791491
10.18661975, 12.818274, 16.751723, 21.236037099999997, 24.02963395, 29.50035506, 40.498626
10.218663, 12.8640225, 16.6527055, 21.236037099999997, 24.033214, 30.419264520000038, 37.601966
10.236396, 12.968756, 16.7344245, 21.117615400000002, 23.726288, 29.718733860000007, 43.791491
10.185149, 12.7804815, 16.62829, 21.139471, 24.022860749999996, 30.024700120000002, 43.791491
10.21530925, 12.8203075, 16.620028, 20.968629900000003, 23.92753635, 30.19999, 43.791491
10.189878, 12.87267, 16.66591, 21.237572, 24.1594101, 30.20242635000002, 43.791491
10.93792475, 14.106516, 18.450745, 23.302593, 26.734871, 33.916753, 47.131774
11.18374725, 14.268055, 18.65651, 23.713494, 26.965900849999993, 33.247217, 56.221419
11.024395, 14.163463, 18.384389, 23.382801200000003, 26.791512799999982, 33.49931535, 56.221419
11.007645, 14.185055, 18.506238, 23.30506900000002, 26.616767, 33.07327697000004, 56.221419
11.097153500000001, 14.218138, 18.367511999999998, 23.2956662, 26.682458499999992, 33.649515, 56.221419
11.038262, 14.169751, 18.506238, 23.5213466, 26.965295, 33.69622668000013, 56.221419
8.7254, 9.073015, 10.532607, 12.0068614, 13.204716, 16.615557690000006, 118.84844733357744
8.731481, 9.082474, 10.532912, 12.011501400000007, 13.139776049999991, 16.46966359999983, 38.813544
8.730201749999999, 9.073135, 10.500696000000001, 11.970167100000003, 13.090213749999995, 16.394276099999924, 38.813544
8.72992725, 9.080936, 10.529027, 12.014736, 13.139758549999993, 16.576445, 38.404747
8.64116175, 9.088258, 10.7784, 12.402768, 13.990885, 17.708369, 38.813544
8.6476755, 9.141965, 10.806109500000002, 12.4532509, 14.07062675, 17.888042, 38.813544
8.64713, 9.124901, 10.765191, 12.429064, 14.034355, 17.703598, 38.813544
8.646602, 9.136206999999999, 10.797017, 12.429641, 14.015086, 17.793979169999986, 38.813544
8.643933, 9.110686, 10.83873, 12.434224500000004, 13.990885, 17.703598, 38.813544
8.64305, 9.112452, 10.794076, 12.434224500000004, 14.062294, 17.937063769999963, 38.813544
8.643383, 9.120355, 10.774918, 12.368346800000023, 13.911856849999992, 17.64457709999997, 38.813544
8.643056, 9.113959, 10.797017, 12.418864, 13.964127, 17.708369, 38.813544
8.647676, 9.137459, 10.833083, 12.447701600000002, 14.063569, 17.703598, 38.813544
8.645282, 9.119585, 10.78818, 12.426093, 14.009391, 17.8129, 38.813544
8.643625, 9.126235, 10.830662, 12.512249, 14.10506745, 17.936827, 38.813544
8.643353, 9.129782, 10.776479, 12.356788, 13.964127, 17.708369, 38.813544
8.780715, 9.929418, 12.301781, 15.505786000000013, 17.844506, 23.684487830000002, 39.815707
8.777523500000001, 9.958885, 12.303235, 15.486467, 17.770393349999996, 23.684487, 44.22794
8.774119, 9.948001000000001, 12.266244, 15.445559, 17.81015, 23.55508004999999, 40.625286
8.776018, 9.937304, 12.227114, 15.480995, 17.737126, 23.75765695999995, 44.22794
8.77850875, 9.961648, 12.356593, 15.487277, 17.681459, 23.186055, 44.22794
8.780808, 9.952239500000001, 12.297151, 15.4082664, 17.708369, 23.421402409999978, 44.22794
8.779201, 9.935835, 12.284758, 15.47149, 17.7958544, 23.544528, 40.625286
8.778579, 9.932933, 12.3318, 15.535514, 17.797553, 23.684487830000002, 44.22794
8.7685515, 9.951248499999998, 12.29104225, 15.414221900000001, 17.689732349999996, 23.213715309999984, 44.22794
8.770732500000001, 9.9382385, 12.306127499999999, 15.531695, 17.833334, 23.94210973999995, 44.22794
8.782022, 9.956171, 12.32237325, 15.479876, 17.82148, 23.436095, 44.22794
8.76807975, 9.929418, 12.266811, 15.557827000000001, 17.81015, 23.337256, 44.22794
8.77779425, 9.953563500000001, 12.30958, 15.468105, 17.775321, 23.436095, 44.22794
8.786159, 9.946836999999999, 12.342114, 15.608263, 17.955969, 23.56270114999997, 44.22794
8.777172, 9.961005, 12.321901, 15.568075, 17.836158, 23.684487, 44.22794
8.7776285, 9.941029, 12.282503, 15.457609500000002, 17.797559800000002, 23.223349, 44.22794
8.7819415, 9.956033, 12.285942, 15.484206, 17.870686099999997, 23.896362, 44.22794
8.774566, 9.940207, 12.276249, 15.423977, 17.69669, 23.421254, 44.22794
8.7729265, 9.9480875, 12.26883925, 15.555745300000002, 17.847151, 23.237086, 44.22794
8.777082, 9.927063, 12.272737, 15.410258, 17.717276, 22.994566, 44.22794
8.776767, 9.912377, 12.290937, 15.508582, 17.863467249999996, 23.837696, 44.22794
8.772451, 9.958411000000002, 12.345194, 15.582384000000001, 17.908389, 23.973925, 44.22794
8.776687, 9.941116, 12.294019, 15.505479700000008, 17.770393349999996, 23.237086, 44.22794
8.77497675, 9.94769, 12.342726, 15.582359, 17.94183, 23.972279, 44.22794
8.775586, 9.939777, 12.20722, 15.395623, 17.795765, 23.175004039999937, 44.22794
8.775228, 9.929418, 12.260534, 15.40352, 17.786971, 23.436095, 44.22794
8.781703, 9.9620465, 12.28253, 15.582609, 17.799394349999996, 23.837696, 44.22794
8.778055, 9.950752, 12.3250105, 15.501305600000006, 17.758924349999997, 23.223349, 40.625286
8.643484, 9.118408, 10.792807, 12.391037200000008, 13.940439999999999, 17.611796, 38.813544
8.645567, 9.126984, 10.802272, 12.426230200000001, 14.013154, 17.78608, 38.813544
8.647832, 9.1369675, 10.795076, 12.423639, 14.062613, 17.663793, 38.813544
8.64911925, 9.134141, 10.801736, 12.426232, 14.062613, 17.703598, 38.813544
8.730393249999999, 9.07775, 10.539089, 12.018876, 13.189383, 16.680769, 38.404747
8.725494, 9.07312, 10.481349250000001, 11.974972000000003, 13.049708549999998, 16.393789, 38.813544
8.73089925, 9.072390500000001, 10.507699, 12.019512, 13.122542099999999, 16.576725, 38.813544
8.72694, 9.0660205, 10.52978425, 12.0482814, 13.132498, 16.577005819999954, 38.813544
8.72684225, 9.074508, 10.5198775, 12.033137, 13.204716, 16.33591493999998, 38.404747
8.725231, 9.063528, 10.483972249999999, 11.937553700000002, 13.087696, 16.378229, 38.404747
8.730107, 9.091402, 10.523224, 12.040725, 13.206432, 16.615755, 38.813544
8.735708, 9.087115, 10.563822, 12.063479, 13.238017, 16.711789, 38.404747
8.724888, 9.061941, 10.507705, 11.973963, 13.117615, 16.571180659999964, 38.813544
8.784563, 9.0536925, 10.223792750000001, 11.668427, 12.523508, 15.021127, 26.889073
8.7831985, 9.048185, 10.213906000000001, 11.623748, 12.42530924999999, 14.901789, 26.889073
8.791836, 9.054419, 10.220617, 11.668427, 12.490727, 14.902097389999952, 26.889073
8.784563, 9.059054, 10.259883, 11.686593, 12.539855, 14.873687, 26.889073
8.789424, 9.063969, 10.223743, 11.674203, 12.502327399999999, 14.94417, 26.889073
8.790794, 9.051636, 10.215979, 11.64915, 12.471264, 14.831535, 26.889073
8.727861, 9.074225, 10.545409, 11.98441, 13.120273399999999, 16.38437187, 38.404747
8.7327015, 9.081646500000002, 10.53263075, 12.011501400000007, 13.223172649999992, 16.879614199999978, 38.813544
8.72695, 9.07775, 10.525021, 12.033137, 13.182134599999998, 16.604807, 38.813544
8.73115975, 9.091402, 10.53268325, 12.001404, 13.151043699999997, 16.593917, 38.813544
8.727843, 9.069364, 10.49327, 11.962826, 13.052535, 16.306208, 38.813544
8.728526, 9.0829825, 10.537345, 12.027306, 13.204801799999998, 16.468887259999953, 34.462112
8.7269085, 9.074600499999999, 10.504048, 11.937223, 13.09725925, 16.57661971999997, 38.813544
8.7257525, 9.068976, 10.498612, 11.981595, 13.13913439999999, 16.576445, 38.813544
8.720855, 9.058798, 10.489411, 11.959306, 13.067021, 16.5764478, 38.813544
8.724218, 9.062455499999999, 10.49523475, 11.984916400000003, 13.169759249999998, 16.7835, 38.813544
8.731281249999999, 9.07048, 10.505337, 11.979247, 13.163769, 16.711789, 38.813544
8.724404, 9.080095499999999, 10.501646000000001, 11.988140800000009, 13.15082835, 16.38437187, 38.813544
8.7307515, 9.081327000000002, 10.51315175, 11.947761, 13.088045199999994, 16.703767, 38.404747
8.730008, 9.088086, 10.5577875, 12.030500100000005, 13.219201, 16.606196, 38.813544
8.725249250000001, 9.071424, 10.53100875, 12.001404, 13.096827, 16.577015029999952, 38.813544
8.72647775, 9.072659, 10.523224, 12.015427200000001, 13.112126, 16.605728, 38.813544
8.6468, 9.1197145, 10.76841475, 12.423639, 13.961266, 17.483054, 38.813544
8.727006, 9.067948, 10.519539, 12.046159, 13.181976, 16.974326189999957, 38.813544
8.727486, 9.0659065, 10.501164750000001, 11.9712142, 13.097641699999993, 16.60924376999999, 38.813544
8.731069, 9.089751, 10.521074, 12.016154400000005, 13.16290355, 16.61580246999999, 38.813544
8.726084, 9.082391, 10.5284595, 11.983886200000002, 13.1691522, 16.378229, 38.813544
8.72963725, 9.083649, 10.537121, 12.022442100000001, 13.113219349999996, 16.615886, 38.813544
8.72657075, 9.06927, 10.494256499999999, 11.983828, 13.082029, 16.319874, 38.404747
8.72694, 9.074737, 10.525822, 11.993566, 13.171132, 16.570951, 38.813544
8.729248, 9.0823565, 10.529989, 12.022355, 13.199865, 16.829223349999978, 38.404747
8.724888, 9.0774845, 10.528769, 11.971696400000003, 13.097641699999993, 16.35054475999998, 38.813544
8.724701, 9.0704575, 10.525831499999999, 12.007434, 13.232685, 16.61575631, 38.404747
8.731155, 9.0871525, 10.512209, 12.019524, 13.190149649999988, 16.576445, 38.404747
8.729328, 9.082908, 10.5212005, 12.030261, 13.240556, 16.78368708999997, 38.813544
8.729998, 9.0809405, 10.503772999999999, 11.984916400000003, 13.182134599999998, 16.844744, 38.404747
8.72435, 9.059202, 10.499027, 11.983828, 13.1507495, 16.594025899999984, 38.813544
8.784411, 9.0542415, 10.21423225, 11.625699, 12.474753, 15.027702, 26.889073
8.78703, 9.051341, 10.22052, 11.643211, 12.476494899999999, 14.824984, 26.889073
8.787271, 9.050426, 10.223792750000001, 11.632023, 12.462855, 14.932628, 26.889073
8.78434625, 9.053467, 10.210096, 11.617329, 12.460371, 14.902097389999952, 26.889073
8.781933, 9.049898, 10.199595, 11.629710000000005, 12.424808499999997, 14.932628, 26.889073
8.787855, 9.0531285, 10.220221, 11.6475, 12.457105, 15.027702, 26.889073
8.78904, 9.059367, 10.209485, 11.617329, 12.38156, 14.815179, 19.563106
8.787271, 9.05295, 10.22052, 11.64915, 12.395973549999999, 14.637913, 26.889073
8.78982725, 9.0613335, 10.24093625, 11.647640100000004, 12.426091, 14.932628, 26.889073
8.785754, 9.061801, 10.2459785, 11.643486600000006, 12.412934, 14.94417, 26.889073
8.776958, 9.04005, 10.210208999999999, 11.638546, 12.457105, 14.901789, 26.889073
8.836378, 9.023147, 9.3893, 10.881, 11.7849077, 14.279811989999951, 37.448702
8.834911, 9.017149, 9.387248, 10.905052, 11.831821, 13.980478189999959, 37.448702
8.834717999999999, 9.0181635, 9.378039, 10.886986, 11.762744849999999, 13.77010525999999, 37.448702
8.831326, 9.0155175, 9.37251575, 10.890214, 11.809147099999999, 13.806771, 37.448702
8.83606525, 9.018471, 9.373945, 10.884661900000001, 11.7618517, 13.652919, 37.448702
8.835759750000001, 9.019920500000001, 9.386677, 10.900596, 11.7750972, 13.966802, 37.448702
8.83478, 9.017292999999999, 9.371763, 10.919847800000001, 11.8653611, 14.112456159999986, 35.734803
8.83481, 9.016084, 9.38277875, 10.882862900000001, 11.838168699999999, 14.061738289999981, 37.448702
8.8347545, 9.016698, 9.36494925, 10.8784908, 11.747425249999997, 13.74960866999998, 37.448702
8.835486, 9.017727, 9.376158, 10.894653, 11.774978, 13.980674969999926, 37.448702
8.8315615, 9.018924, 9.38711525, 10.890877, 11.8256009, 13.787287, 37.448702
8.832172, 9.016050499999999, 9.382744, 10.9017715, 11.849366999999999, 14.163173, 37.448702
8.836263, 9.019188, 9.382384, 10.894122, 11.833279599999997, 14.310006, 35.487972
8.789227, 9.057212, 10.199865249999998, 11.638363300000002, 12.385526749999999, 14.822824, 26.889073
8.791982, 9.059054, 10.23364975, 11.664709, 12.449812199999998, 14.831535, 26.889073
8.785522, 9.060682, 10.223942, 11.651476, 12.388676199999995, 14.757332509999959, 26.889073
8.835967, 9.017292999999999, 9.37164525, 10.8667645, 11.817040899999993, 13.762228029999989, 35.487972
8.8328205, 9.018413, 9.374508, 10.888265, 11.818186, 14.042294, 35.734803
8.827341, 9.0151015, 9.37501, 10.815032500000003, 11.7547539, 13.920466849999965, 35.734803
8.784536, 9.053467, 10.229351, 11.642939, 12.421048, 14.932628, 26.889073
8.789227, 9.058798, 10.225465, 11.659932, 12.479442899999992, 15.054253, 26.889073
8.784751, 9.04866, 10.213862, 11.623748, 12.424808499999997, 14.938511, 26.889073
8.784101, 9.049619, 10.230684, 11.654684, 12.476371, 14.953992379999983, 26.889073
8.78904, 9.064032, 10.24400925, 11.651476, 12.439778, 14.803997, 26.889073
8.790575, 9.053049, 10.2292355, 11.6609012, 12.444613699999996, 14.932686829999989, 26.889073
8.7271035, 9.07775, 10.50437025, 12.018876, 13.11222765, 16.605728, 38.813544
8.726952, 9.076734, 10.526137, 11.962826, 13.132752699999996, 16.894274109999984, 38.813544
8.73089925, 9.082926, 10.526445, 11.988140800000009, 13.181976, 16.594025899999984, 38.813544
8.730609, 9.081693, 10.531478, 12.015373, 13.156208, 16.60481621, 38.813544
8.726923, 9.073138, 10.493362, 11.97164, 13.075556, 16.620502, 38.813544
8.729481, 9.089939, 10.552202, 12.041126, 13.212251299999997, 16.57689691999997, 38.813544
8.730037, 9.082611, 10.537345, 12.046159, 13.137638599999999, 16.384364, 38.813544
8.644519, 9.117858, 10.802748, 12.408001, 13.990885, 17.786071, 38.813544
8.647442, 9.136702, 10.813056, 12.453529, 14.07062675, 17.802213, 38.813544
8.646259, 9.117321, 10.788585, 12.396406, 13.95715, 17.548219189999898, 38.813544
8.643625, 9.1131685, 10.77084875, 12.419695400000002, 13.967338, 17.709146019999878, 38.813544
8.649633, 9.141327, 10.829518, 12.467263700000005, 14.059531149999998, 17.786971, 38.813544
8.644217, 9.120355, 10.803248, 12.424355, 13.961357199999998, 17.699605, 38.813544
8.647031, 9.149584, 10.830596, 12.439813, 14.027751549999996, 17.708369, 38.813544
8.646662, 9.141965, 10.814858, 12.440112200000005, 14.0619102, 17.8129, 38.813544
8.651935, 9.140626000000001, 10.819754, 12.436074, 14.063569, 17.793979169999986, 38.813544
8.649588, 9.134162, 10.807164, 12.397027200000014, 13.964127, 17.629720109999976, 38.813544
8.647149500000001, 9.128324, 10.802425, 12.420221, 13.961266, 17.699605, 38.813544
8.644217, 9.124901, 10.803728, 12.429641, 14.039873, 17.709146019999878, 38.813544
8.778249, 9.955298500000001, 12.334346, 15.58219, 17.824412, 23.83828265999991, 44.22794
8.776905, 9.958556000000002, 12.316056, 15.487277, 17.763987699999998, 23.213618, 44.22794
8.770747, 9.937901499999999, 12.2984955, 15.574584, 17.879243, 23.94210973999995, 44.22794
8.77461, 9.932933, 12.283928, 15.423977, 17.704038899999997, 23.354685, 40.625286
8.77598975, 9.95017, 12.258971, 15.474345, 17.716931, 23.421254, 44.22794
8.77249075, 9.915037, 12.309553000000001, 15.513646100000006, 17.81015, 23.973925, 44.22794
8.775737, 9.951926499999999, 12.294019, 15.516446000000009, 17.8445154, 23.68457, 44.22794
8.777523500000001, 9.929108, 12.270709, 15.501056, 17.75720585, 23.328235, 44.22794
8.770778, 9.97078, 12.301781, 15.448286500000004, 17.81015, 23.50829003999994, 44.22794
8.781703, 9.955727, 12.316713, 15.487277, 17.820659, 23.837696, 44.22794
8.77871125, 9.9446505, 12.383881, 15.590445, 17.859471499999998, 24.049948, 44.22794
8.776687, 9.960564, 12.317997250000001, 15.463437, 17.786116, 23.28821938999996, 44.22794
8.777172, 9.958885, 12.338752, 15.569308, 17.859281, 23.421402409999978, 44.22794
8.7787505, 9.934477, 12.2478985, 15.422776, 17.890157, 23.43647563999994, 44.22794
8.776687, 9.947952, 12.30454275, 15.473809, 17.799246, 23.56251, 44.22794
8.77871125, 9.962677, 12.284758, 15.493363, 17.787317249999997, 22.994566, 40.625286
8.77936775, 9.924399, 12.202228, 15.484432100000005, 17.760584, 23.186055, 44.22794
8.77850875, 9.92182, 12.301738, 15.471721900000004, 17.797553, 23.544528, 44.22794
8.7786135, 9.955553, 12.29834825, 15.505135, 17.833334, 23.544632769999982, 44.22794
8.782734, 9.983274, 12.34455475, 15.590445, 17.88779975, 23.837696, 44.22794
8.7787505, 9.937491, 12.27673025, 15.448173, 17.793989449999998, 23.56270114999997, 44.22794
8.769287250000001, 9.915056, 12.23387, 15.521324300000025, 17.768922, 23.387052469999947, 44.22794
8.77249075, 9.928858, 12.27343125, 15.456271, 17.716931, 23.328235, 39.815707
8.766588, 9.8995965, 12.2653005, 15.484432100000005, 17.748702399999992, 22.995265659999887, 44.22794
8.772561, 9.95008, 12.267887, 15.484432100000005, 17.8448206, 23.474496649999946, 44.22794
8.77497675, 9.916399, 12.238608, 15.428588300000012, 17.799246, 23.684487, 44.22794
8.77903525, 9.9185345, 12.24925625, 15.458325, 17.793896, 23.684487, 44.22794
8.777696, 9.956398499999999, 12.291426, 15.531757, 17.795765, 23.354685, 40.625286
8.774502, 9.94165, 12.35188, 15.505135, 17.824412, 23.581625, 44.22794
8.777172, 9.962561, 12.32524125, 15.463437, 17.775701849999997, 23.544528, 44.22794
8.781234, 9.941029, 12.331862, 15.448173, 17.770393349999996, 23.43647563999994, 44.22794
8.785879000000001, 9.953048500000001, 12.330184, 15.493363, 17.843497, 23.328235, 44.22794
8.78374375, 9.963837, 12.28721825, 15.474345, 17.84354745, 23.555005, 44.22794
8.783793, 9.960911, 12.332439, 15.503710300000003, 17.743503, 23.436095, 44.22794
8.777172, 9.937453, 12.267887, 15.4711183, 17.844506, 23.313160269999976, 44.22794
8.784926, 9.9344285, 12.309544, 15.557732, 17.822721, 23.474159, 44.22794
8.779304, 9.957975000000001, 12.342114, 15.541696, 17.875415, 23.941805, 44.22794
8.771371, 9.958595, 12.353279, 15.582359, 18.029763499999998, 23.98304572999996, 44.22794
8.773694, 9.9410725, 12.2554785, 15.448286500000004, 17.770134, 23.507924, 44.22794
8.775737, 9.9446505, 12.309544, 15.609025000000011, 17.810287499999998, 23.23759482999992, 40.625286
8.773446999999999, 9.940406, 12.317997250000001, 15.395739, 17.692836, 23.186055, 44.22794
8.775099, 9.956168, 12.291375, 15.4711183, 17.7958544, 23.386707, 44.22794
8.649588, 9.141327, 10.820243, 12.467263700000005, 14.0619102, 17.699605, 38.813544
8.645846, 9.123282, 10.79523075, 12.424355, 14.021462, 17.78608, 38.813544
8.6497995, 9.139831, 10.802748, 12.467011, 14.066710849999996, 17.93072364999999, 38.813544
8.647031, 9.127029, 10.81620025, 12.436701700000008, 14.062613, 17.802213, 38.813544
8.649238, 9.14294, 10.823630000000001, 12.511948400000001, 14.113835, 17.872178239999975, 38.813544
8.64621125, 9.116567, 10.801736, 12.424355, 14.062400199999999, 17.47048990999998, 38.813544
8.646122, 9.120355, 10.811768, 12.4262343, 14.009391, 17.709146019999878, 38.813544
8.645800000000001, 9.1399975, 10.820243, 12.396406, 13.951795, 17.699605, 38.813544
8.644595500000001, 9.119646, 10.78426325, 12.390644, 13.96309, 17.78608, 38.813544
8.647105250000001, 9.141965, 10.799044, 12.382462, 13.93484, 17.699605, 38.813544
8.6468, 9.125568, 10.801294, 12.429641, 14.034355, 17.708369, 38.813544
8.648051, 9.133437, 10.799901, 12.419637, 14.009391, 17.703645709999993, 38.813544
8.778267, 9.9352905, 12.270709, 15.49674860000001, 17.786971, 23.328235, 44.22794
8.77689, 9.979551, 12.383881, 15.595094, 17.847151, 24.047098, 44.22794
8.77183775, 9.941382999999998, 12.299575, 15.587784, 17.875415, 23.837696, 44.22794
8.77779425, 9.939114, 12.289259, 15.531757, 17.786071, 23.387200879999924, 44.22794
8.78020275, 9.953487, 12.311199, 15.425307700000005, 17.786116, 23.507924, 44.22794
8.771925, 9.965996, 12.344737, 15.575131300000011, 17.843497, 23.313008, 44.22794
8.776423750000001, 9.913624, 12.246518, 15.494422, 17.646852, 23.166745, 44.22794
9.10878, 11.180544, 14.060525, 17.40110650000001, 19.917179149999953, 25.617047350000124, 44.22794
9.107936, 11.227476, 14.036482, 17.443773200000013, 19.937328999999863, 25.87256730000007, 44.22794
9.11546275, 11.240114, 14.095957, 17.38041, 19.935798, 25.677274, 44.22794
8.78132025, 9.95456, 12.3275875, 15.458325, 17.737444849999996, 23.174614, 40.625286
8.774566, 9.935853, 12.30472975, 15.505135, 17.849544, 23.55508004999999, 44.22794
8.780715, 9.948001000000001, 12.325159, 15.582106, 17.887787, 23.78864, 44.22794
8.774582, 9.9387765, 12.2841355, 15.458587700000006, 17.799394349999996, 23.35500521999995, 44.22794
8.777172, 9.921224, 12.257653, 15.427384, 17.646852, 23.313008, 44.22794
8.771576, 9.909723, 12.242366, 15.464343, 17.7607412, 23.213618, 44.22794
8.786117, 9.940738, 12.334346, 15.541696, 17.8880633, 23.75765695999995, 44.22794
8.77598975, 9.955218, 12.338752, 15.505479700000008, 17.71693625, 23.328235, 44.22794
8.777172, 9.945921, 12.3431125, 15.464719200000008, 17.748616549999994, 23.06491576999994, 44.22794
8.649245, 9.135001500000001, 10.789254249999999, 12.429064, 14.021462, 17.786971, 38.813544
8.643353, 9.127385, 10.809144, 12.444594800000006, 14.095293, 17.8129, 38.813544
8.64791425, 9.1341515, 10.799901, 12.424355, 13.940439999999999, 17.61197375999997, 38.813544
8.653370749999999, 9.136702, 10.803728, 12.458521600000003, 14.071029949999996, 17.708369, 38.813544
8.64953375, 9.132194, 10.78818, 12.396406, 13.921468, 17.53853829999999, 38.813544
8.646682, 9.126562, 10.78398825, 12.361003, 13.957298149999998, 17.69964492999999, 38.813544
8.64305, 9.126939, 10.799901, 12.426232, 13.984007949999995, 17.81321605999995, 38.813544
8.6467705, 9.119783, 10.792807, 12.389567, 13.967338, 17.844506, 38.813544
8.64713, 9.1151705, 10.788663, 12.413431, 13.94032, 17.793896, 38.813544
8.648051, 9.128132, 10.810196000000001, 12.430775, 14.040769899999987, 17.786071, 38.813544
8.650421, 9.137233, 10.82046725, 12.413431, 13.952062749999996, 17.872018, 38.813544
8.64621125, 9.126939, 10.787681, 12.423639, 13.983646, 17.703598, 38.813544
8.643614, 9.1177425, 10.796022, 12.4075519, 14.015404799999995, 17.786071, 38.813544
8.645800000000001, 9.126562, 10.801736, 12.391037200000008, 13.960113, 17.708369, 38.813544
8.646338, 9.117321, 10.816158, 12.436074, 13.961357199999998, 17.708369, 38.813544
8.649318, 9.142981, 10.857229, 12.436356, 13.96309, 17.699605, 38.813544
8.6476805, 9.140528, 10.829518, 12.426552100000006, 13.964127, 17.708369, 38.813544
8.648023, 9.14294, 10.802748, 12.436701700000008, 14.013154, 17.644383, 38.813544
8.64759125, 9.132194, 10.807386, 12.424355, 14.039873, 17.844506, 38.813544
8.646122, 9.1343905, 10.837245, 12.458521600000003, 14.062613, 17.802213, 38.813544
8.65292725, 9.143499, 10.823185, 12.45322, 14.035527799999983, 17.78704024999999, 38.813544
8.651363, 9.1230105, 10.80250575, 12.413431, 13.935113999999995, 17.629572, 38.813544
8.649683, 9.143937000000001, 10.83300125, 12.4361022, 14.034355, 17.93072364999999, 38.813544
8.649238, 9.118738, 10.787681, 12.396406, 14.013154, 17.708369, 38.813544
8.647674, 9.112136, 10.78818, 12.345317300000001, 13.94272, 17.81321605999995, 38.813544
8.643998, 9.122739, 10.803728, 12.418864, 13.929538, 17.629572, 38.813544
8.646682, 9.134162, 10.795076, 12.436356, 14.021462, 17.708369, 38.813544
8.648492, 9.135627, 10.802425, 12.4261067, 14.021759099999995, 17.709146019999878, 38.813544
8.646227, 9.118408, 10.801294, 12.407502, 13.931125, 17.663793, 38.813544
8.649633, 9.134141, 10.799044, 12.423710600000001, 14.027404, 17.793979169999986, 38.404747
8.648051, 9.134141, 10.820243, 12.453824600000006, 14.027404, 17.78608, 38.813544
8.649837, 9.142989, 10.80250575, 12.426273, 14.071029949999996, 17.81321605999995, 38.813544
8.775454, 9.926458, 12.282494, 15.458325, 17.770134, 23.75765695999995, 44.22794
8.654853, 9.12794, 10.796022, 12.426232, 14.057811, 17.802213, 38.813544
8.643998, 9.118227, 10.79577675, 12.4261067, 13.994813, 17.888042, 38.813544
8.647674, 9.112278, 10.792518, 12.386850800000007, 13.974307, 17.663793, 38.813544
8.645996, 9.130221, 10.820243, 12.480543, 14.078328, 17.92199, 38.813544
8.646227, 9.138977, 10.817596, 12.419695400000002, 13.991081399999997, 17.644383, 38.813544
8.6450085, 9.126984, 10.832974, 12.496899, 14.08060959999999, 17.793896, 38.813544
8.652642, 9.134162, 10.831342, 12.500241, 14.078328, 17.872018, 38.813544
8.652968, 9.1496335, 10.807164, 12.448787, 13.967338, 17.786071, 38.813544
8.6452335, 9.127029, 10.807164, 12.482777, 14.063569, 17.78608, 38.813544
8.645662, 9.128132, 10.802272, 12.424355, 13.994813, 17.802213, 38.813544
8.646315, 9.149461, 10.801294, 12.429064, 13.984007949999995, 17.78608, 38.813544
8.646259, 9.129782, 10.813056, 12.394576, 13.95715, 17.786071, 38.813544
8.6439015, 9.128838, 10.783518, 12.444252, 14.013154, 17.844506, 38.813544
8.773666, 9.925985, 12.258971, 15.463527600000003, 17.775701849999997, 23.75765695999995, 44.22794
8.779389, 9.950845, 12.303235, 15.460952, 17.797553, 23.685528529999836, 44.22794
8.775553, 9.907324, 12.26563, 15.480044200000004, 17.863467249999996, 23.166745, 44.22794
8.77903525, 9.9661, 12.344737, 15.542743, 17.802213, 23.337430289999972, 39.815707
8.785879000000001, 9.970972, 12.282494, 15.425307700000005, 17.696835749999998, 23.213618, 44.22794
8.77183775, 9.94769, 12.304235, 15.59090990000001, 17.844506, 23.973925, 44.22794
8.77223, 9.95588, 12.317291, 15.548184600000006, 17.82154205, 23.684487830000002, 44.22794
8.783793, 9.954105, 12.344494, 15.620515, 18.014226, 23.972279, 44.22794
8.77950975, 9.939203, 12.303485, 15.487991500000016, 17.859471499999998, 23.287969, 40.625286
8.777249, 9.939926, 12.297309, 15.503552, 17.810287499999998, 23.421402409999978, 40.625286
8.783934, 9.950585499999999, 12.331894499999999, 15.486467, 17.8129, 23.287969, 44.22794
8.776596, 9.941116, 12.291426, 15.620515, 17.870855949999996, 23.544528, 44.22794
8.781407, 9.9234115, 12.26883925, 15.501056, 17.913214849999992, 23.982799, 44.22794
8.779201, 9.942904500000001, 12.324961, 15.503552, 17.818695, 23.237086, 44.22794
8.77461, 9.952444, 12.344494, 15.547344100000002, 17.849544, 24.049948, 44.22794
8.777717, 9.984354, 12.326838, 15.503710300000003, 17.78309465, 23.56251, 44.22794
8.77669, 9.9391585, 12.28102025, 15.511645, 17.847341899999996, 23.982799, 40.625286
8.781407, 9.95008, 12.280529, 15.440287100000004, 17.802609849999993, 23.56251, 44.22794
8.777615, 9.970972, 12.334539, 15.531935800000005, 17.795861199999997, 23.166823689999987, 44.22794
8.781231, 9.951652, 12.3302505, 15.595094, 17.887787, 23.684487, 44.22794
8.78088675, 9.936558, 12.304235, 15.541800700000001, 17.8880633, 23.685297739999886, 44.22794
8.774514, 9.9171505, 12.269743, 15.465985, 17.786462249999992, 23.544528, 44.22794
8.778267, 9.9410725, 12.279196, 15.357843900000002, 17.596826, 23.35500521999995, 44.22794
8.777249, 9.94787, 12.247218, 15.471077, 17.900589, 23.436095, 44.22794
8.7769645, 9.916209, 12.301781, 15.445559, 17.768922, 23.337256, 44.22794
8.7776285, 9.934477, 12.258971, 15.442466, 17.760584, 23.287969, 44.22794
8.7872755, 9.929794, 12.304235, 15.422631, 17.72919675, 23.213618, 44.22794
8.7782005, 9.928561, 12.285942, 15.535652700000002, 17.81015, 23.386707, 44.22794
8.783596, 9.939926, 12.259193, 15.531935800000005, 17.75720585, 23.581625, 44.22794
8.78061275, 9.937304, 12.301781, 15.503552, 17.888042, 23.684487830000002, 44.22794
8.780032, 9.9189675, 12.283223, 15.403376, 17.708369, 23.387052469999947, 44.22794
8.77874, 9.934746, 12.260534, 15.433898, 17.770134, 23.55508004999999, 44.22794
8.770704, 9.9069495, 12.26815775, 15.531701199999999, 17.810287499999998, 23.421402409999978, 44.22794
8.77936775, 9.958885, 12.26733875, 15.410377400000003, 17.775321, 23.237086, 44.22794
8.764858, 9.939114, 12.255675, 15.458325, 17.786116, 23.56251, 44.22794
8.786755, 9.947821000000001, 12.286538, 15.558343500000014, 17.820659, 23.213715309999984, 44.22794
8.777172, 9.950419, 12.266472, 15.556255, 17.890345999999997, 23.544528, 40.625286
8.781901750000001, 9.9446505, 12.265103, 15.460952, 17.799246, 23.582653619999835, 44.22794
8.77223, 9.912433499999999, 12.255413, 15.356643100000001, 17.656935, 23.386707, 40.625286
8.649479249999999, 9.136702, 10.813506499999999, 12.439813, 14.062294, 17.888381479999943, 38.813544
8.646682, 9.116567, 10.817235, 12.436701700000008, 14.021462, 17.786071, 38.813544
8.651264, 9.135331, 10.821458, 12.444594800000006, 14.057811, 17.64457709999997, 38.813544
8.645282, 9.120862500000001, 10.80133275, 12.474138, 14.062400199999999, 17.844781119999954, 38.813544
8.646902, 9.126939, 10.831342, 12.444253100000001, 14.034630899999996, 17.888042, 38.813544
8.642314, 9.112452, 10.794662, 12.453529, 13.95715, 17.708369, 38.813544
8.647925, 9.137685, 10.820243, 12.456485, 14.027404, 17.66415111999994, 38.813544
8.643484, 9.107745, 10.7942225, 12.448787, 14.015086, 17.629720109999976, 38.813544
8.644217, 9.118092, 10.803248, 12.411373, 13.960113, 17.629572, 38.813544
8.64738, 9.1196155, 10.801294, 12.426552100000006, 13.964127, 17.786071, 38.813544
8.648051, 9.140346000000001, 10.801870000000001, 12.426273, 14.062294, 17.80231986999998, 38.813544
8.64317725, 9.135627, 10.783066, 12.378146, 13.967338, 17.786971, 38.813544
8.651935, 9.150252, 10.834787, 12.481334, 14.062613, 17.703645709999993, 38.813544
8.6450085, 9.119585, 10.801870000000001, 12.4532509, 14.070622, 17.92199, 38.813544
8.644519, 9.1197145, 10.803367999999999, 12.4361022, 13.983646, 17.81321605999995, 38.813544
8.647682, 9.128838, 10.820243, 12.440112200000005, 14.124431, 17.92199, 38.813544
8.649129, 9.141108, 10.826103250000001, 12.434019, 14.015086, 17.786071, 38.813544
8.643807, 9.122739, 10.788585, 12.444252, 14.013154, 17.644383, 38.813544
8.656037, 9.155742, 10.82114, 12.434019, 14.034355, 17.8129, 38.813544
8.64698325, 9.140164, 10.830662, 12.447581, 14.076976, 17.786071, 38.813544
8.646315, 9.133437, 10.807164, 12.436701700000008, 14.066505, 17.872018, 38.813544
8.646881, 9.127870000000001, 10.830662, 12.442805, 13.974773949999992, 17.793896, 38.813544
8.649318, 9.142981, 10.823185, 12.424528800000004, 13.967338, 17.644383, 38.813544
8.647676, 9.118227, 10.795076, 12.411373, 13.983646, 17.708369, 38.813544
8.649687, 9.1341515, 10.794076, 12.419637, 13.931125, 17.703598, 38.813544
8.781222, 9.971553, 12.348931499999999, 15.511867, 17.793989449999998, 23.436095, 44.22794
8.777717, 9.956102, 12.334281, 15.516032, 17.822721, 23.78864, 40.625286
8.778754, 9.95008, 12.321901, 15.535514, 17.8129, 23.213618, 44.22794
8.7668115, 9.908886, 12.278174, 15.408262, 17.717176249999994, 23.33775050999992, 44.22794
8.77666425, 9.937453, 12.2984955, 15.486467, 17.79979119999999, 23.386707, 44.22794
8.646909, 9.128411, 10.769527, 12.419637, 13.990885, 17.64457709999997, 38.813544
8.650438, 9.134672, 10.816327, 12.45322, 14.013154, 17.872178239999975, 38.813544
8.729409, 9.073942, 10.50289, 11.979360900000003, 13.122542099999999, 16.46960865999984, 38.813544
8.729248, 9.082611, 10.551478, 12.032652, 13.219887850000001, 16.39379692, 38.813544
8.729982249999999, 9.08539, 10.50731575, 11.9490217, 13.122523, 16.316712, 38.813544
8.7271765, 9.074693, 10.489995, 11.981077500000001, 13.122905, 16.62074429999996, 38.813544
8.726211, 9.075566, 10.530408249999999, 12.030261, 13.157059, 16.57689691999997, 38.813544
8.725182, 9.0726675, 10.531125, 12.051166100000003, 13.252007, 16.60924376999999, 38.813544
8.730581, 9.068451, 10.494505, 11.986189, 13.157059, 16.316743619999993, 34.408771
8.7282265, 9.082386, 10.521074, 12.041118800000001, 13.189383, 16.620502, 38.813544
8.726865, 9.0703815, 10.528557, 12.018876, 13.117615, 16.620502, 38.813544
8.728517, 9.084214, 10.553943, 12.046159, 13.219306, 16.385151, 38.813544
8.7334335, 9.089092, 10.533097, 12.025693, 13.17626575, 16.609178, 38.813544
8.785038, 9.0533435, 10.22807875, 11.6475, 12.469801, 15.054253, 26.889073
8.78248, 9.040734, 10.2155, 11.66043, 12.465433, 14.94417, 26.889073
8.786504, 9.0504625, 10.199381, 11.5928044, 12.4204191, 14.902097389999952, 26.889073
8.7908735, 9.061725, 10.23445225, 11.643211, 12.469801, 14.804108819999982, 26.889073
8.786584, 9.053013, 10.209485, 11.609365, 12.38156, 14.822845599999997, 26.889073
8.789552, 9.057737, 10.23312, 11.642939, 12.47130655, 14.94417, 26.889073
8.785522, 9.054412, 10.286467, 11.67544, 12.465433, 15.239759, 26.889073
8.78195025, 9.045009, 10.19239, 11.623755, 12.423094, 14.783024, 26.889073
8.786413, 9.049619, 10.200366, 11.617009300000001, 12.436106, 14.757332509999959, 26.889073
8.786515, 9.050234, 10.213862, 11.646870900000001, 12.460495199999999, 14.995983, 26.889073
8.78707, 9.0504555, 10.21423225, 11.658155400000005, 12.444344, 14.873968019999955, 26.889073
8.78651225, 9.060496, 10.23312, 11.6475, 12.426091, 14.94417, 26.889073
8.786413, 9.052158, 10.210548, 11.6237487, 12.440484699999997, 14.831956519999933, 26.889073
8.785802, 9.052887, 10.213862, 11.615418, 12.383578, 14.803997, 26.889073
8.78503225, 9.046512, 10.205375, 11.619728600000006, 12.380666999999999, 14.804108819999982, 26.889073
8.78167, 9.048185, 10.211487, 11.628587, 12.426091, 14.96523062999995, 26.889073
8.78843175, 9.059038000000001, 10.242552, 11.671043, 12.449812199999998, 14.873968019999955, 26.889073
8.78881275, 9.053782, 10.2210625, 11.654684, 12.440484699999997, 14.96492, 26.889073
8.790431, 9.064032, 10.248715, 11.649735, 12.449738, 14.831535, 26.889073
8.792209, 9.059239, 10.2483505, 11.64915, 12.474753, 14.902097389999952, 26.889073
8.790575, 9.06636, 10.275845, 11.671043, 12.472246899999998, 14.953882, 26.889073
8.784399, 9.0577405, 10.223743, 11.623748, 12.451222, 14.873687, 26.889073
8.781933, 9.0497585, 10.230684, 11.640876200000005, 12.42317635, 14.815255449999988, 26.889073
8.7831985, 9.0516295, 10.226674, 11.66043, 12.424808499999997, 14.803997, 26.889073
8.78722075, 9.059052999999999, 10.250831, 11.655011400000006, 12.492187, 15.449435, 26.889073
8.786741, 9.054797, 10.238835, 11.634025900000006, 12.476371, 14.902097389999952, 26.889073
8.790647750000002, 9.059054, 10.269419, 11.6609012, 12.440311, 14.822824, 26.889073
8.83116325, 9.0147555, 9.359259999999999, 10.8619671, 11.7673367, 13.731506, 37.448702
8.87022, 9.0081585, 9.18347, 9.456761, 9.985900799999994, 11.958587130000002, 37.448702
8.86539475, 9.003801, 9.1830155, 9.45891, 10.023848699999995, 12.223238, 37.448702
8.64980675, 9.128132, 10.788376, 12.439813, 14.058430299999996, 17.92199, 106.55641869518331
8.658091, 9.1389245, 10.799044, 12.478283100000002, 13.99554189999999, 17.888042, 38.813544
8.638211, 9.112207, 10.803728, 12.389567, 13.910396049999996, 17.458345, 34.462112
8.646902, 9.1120935, 10.784825, 12.4237106, 14.013154, 17.538447, 38.813544
8.645800000000001, 9.107745, 10.78962675, 12.449230300000002, 14.063018199999995, 18.233113, 38.813544
8.64946175, 9.157266, 10.85965, 12.458521600000001, 14.160936749999998, 17.96142778000002, 38.813544
8.646227, 9.142723, 10.810196000000001, 12.3490297, 13.908053349999994, 17.699605, 38.813544
8.641203, 9.117589500000001, 10.788376, 12.426609800000001, 14.0784085, 17.793979170000004, 38.813544
8.64080025, 9.12794, 10.81290775, 12.5655833, 14.124037, 17.787123420000004, 38.813544
8.6476805, 9.111492, 10.82114, 12.448787, 13.974773949999992, 17.286090980000026, 38.404747
8.646881, 9.112365, 10.8212195, 12.456485, 14.070717, 17.286219650000028, 34.462112
8.651264, 9.1462405, 10.844306750000001, 12.368346800000003, 13.984204349999992, 17.43728630000001, 38.813544
8.6497995, 9.1412175, 10.79312425, 12.414051600000002, 14.058014949999997, 17.709146020000016, 38.813544
8.64688175, 9.141965, 10.84025375, 12.429121700000001, 13.961357199999998, 17.644577100000006, 38.813544
8.648381749999999, 9.1263985, 10.81829075, 12.366907700000006, 13.845963399999999, 17.443292050000004, 38.813544
8.64202325, 9.107911, 10.743303000000001, 12.397027200000004, 13.943790349999984, 17.793979170000004, 38.813544
8.649479249999999, 9.1561335, 10.783371, 12.436447900000001, 14.079176249999989, 17.78608, 38.404747
8.642829, 9.066426, 10.7723875, 12.426232, 14.093665699999995, 17.787123420000004, 38.813544
8.6411925, 9.1159785, 10.89173925, 12.642818700000001, 14.194433649999974, 18.370511, 38.813544
8.78579, 9.0462445, 10.202946, 11.586785800000003, 12.3425289, 14.938511, 19.563106
8.78669775, 9.05479, 10.24141875, 11.6171198, 12.424741, 14.826119270000026, 19.563106
8.78362975, 9.050535, 10.258038, 11.6626844, 12.572307, 15.054648080000009, 26.889073
8.789632, 9.065479499999999, 10.2780345, 11.686593, 12.5723495, 15.273403, 26.889073
8.785696000000002, 9.057953, 10.2611745, 11.6604761, 12.4604952, 14.815255450000002, 26.889073
8.776986, 9.054161, 10.213862, 11.653518, 12.549668, 14.825752050000018, 19.563106
8.7891445, 9.060905, 10.2292355, 11.607931, 12.383349, 14.591639, 19.563106
8.78467, 9.079886, 10.28415, 11.736958, 12.595769600000002, 14.95430301000001, 19.563106
8.790345, 9.0540965, 10.24093625, 11.655258600000002, 12.42324385, 15.054253, 26.889073
8.78417975, 9.057953, 10.2210625, 11.662042, 12.496195, 14.804206870000005, 26.889073
8.784525, 9.0480465, 10.183768, 11.567458800000002, 12.30911995, 14.783422000000009, 18.865024
8.8658955, 9.0000555, 9.1760215, 9.422684, 9.851144799999998, 11.913264409999998, 37.448702
8.87268925, 9.007208, 9.179931, 9.4221015, 9.771499299999997, 12.072515, 35.330604
8.871624749999999, 9.007514, 9.188799, 9.469301499999998, 10.057858749999998, 11.851856139999995, 37.448702
8.866711, 9.004977, 9.179358, 9.428314, 9.927009, 11.832641199999989, 37.448702
8.86329, 9.00173, 9.18492375, 9.4402446, 10.08924555, 11.958911829999993, 33.51644
8.8638885, 9.004574, 9.178808, 9.4737549, 10.0297696, 12.170292939999987, 37.448702
8.86913725, 9.005358999999999, 9.16712, 9.419768399999999, 9.91344, 11.875083729999986, 37.448702
8.85942525, 8.995049000000002, 9.169867499999999, 9.4559177, 9.971035699999998, 12.34525584, 35.734803
8.8674405, 9.000454, 9.174539000000001, 9.443378, 9.97230775, 11.810219539999993, 37.448702
8.864143, 9.003879999999999, 9.17731725, 9.4631742, 9.969460699999999, 11.932546299999998, 35.330604
8.86716575, 8.9994405, 9.1768405, 9.440024000000001, 9.885056299999997, 11.815764149999996, 33.51644
8.86912225, 9.0082645, 9.172004, 9.4222489, 9.916202749999998, 11.669620489999998, 16.295498
8.86883275, 9.0039725, 9.187998, 9.4696223, 10.025003249999992, 12.38346996999999, 35.487972
8.869214, 9.0053975, 9.185232500000001, 9.496131199999999, 10.122244199999997, 11.938839599999994, 35.734803
8.863798, 9.002961, 9.1840755, 9.439994, 9.860996349999997, 12.05613009999996, 37.448702
8.869554, 8.9996455, 9.1766425, 9.4349824, 9.953742149999995, 11.922378999999996, 37.448702
8.8696405, 9.009035, 9.1934205, 9.4655486, 9.973297499999996, 11.958562, 37.448702
8.86343925, 8.991044500000001, 9.178288, 9.428314, 9.93106605, 12.00353794999999, 35.734803
8.860453, 9.000880500000001, 9.17323375, 9.4221454, 10.097563149999997, 12.007767, 35.734803
8.857617999999999, 8.997402000000001, 9.17267875, 9.422644, 9.777937999999999, 11.89486393, 35.487972
8.860502, 8.9963725, 9.16699925, 9.409399, 9.8409, 12.054610679999996, 35.330604
8.86658, 9.004774999999999, 9.18120625, 9.4782423, 10.284516, 12.348452759999994, 35.330604
8.872234, 9.010185, 9.18181425, 9.437264, 9.941154449999997, 11.639812, 35.734803
8.8652725, 9.004546000000001, 9.18346025, 9.4602233, 9.97260825, 11.795208, 35.734803
8.86309875, 9.003454000000001, 9.175607, 9.4355526, 9.815623, 11.913369009999995, 35.330604
8.869337999999999, 9.005091, 9.1787915, 9.4220702, 9.94071025, 11.894847, 35.734803
8.857934499999999, 9.000277, 9.173297, 9.4222489, 9.801272349999994, 12.07456881999995, 35.487972
8.861894, 9.000288, 9.18137275, 9.471253, 10.0921535, 12.315773, 37.448702
8.85687175, 8.995049000000002, 9.169706, 9.417432, 9.930016299999998, 11.913367709999996, 35.734803
8.867323500000001, 9.001815, 9.1917225, 9.485157, 9.973201449999996, 11.896706339999996, 37.448702
8.860591, 8.994739, 9.16869325, 9.4222489, 9.872832149999997, 11.795208, 16.928153
8.868897, 9.003299, 9.17258575, 9.4445506, 9.854281749999995, 11.851628, 35.487972
8.86330125, 9.004387, 9.19045425, 9.459373600000001, 9.971093949999998, 12.170641409999979, 37.448702
8.87099175, 9.0015375, 9.1759915, 9.4391385, 9.981641199999997, 12.257427629999995, 35.487972
8.863359, 8.997617, 9.18332825, 9.4658351, 10.030465, 12.007767, 35.330604
8.876982, 9.014369, 9.19070575, 9.455518, 10.087531, 12.055604159999973, 35.734803
8.8625235, 8.994972, 9.178882250000001, 9.4501419, 9.918765849999998, 12.054610679999996, 35.734803
8.870452, 9.010854, 9.18562125, 9.4630412, 9.940976799999998, 12.170848299999975, 35.487972
8.866547, 9.004060500000001, 9.17990425, 9.4219672, 9.913566649999998, 11.903319539999996, 35.487972
8.86570575, 9.0144795, 9.188799, 9.463345299999999, 10.098313949999994, 12.328293229999998, 35.734803
8.868149, 8.99956, 9.183255, 9.4591562, 10.005128, 11.903319539999996, 33.51644
8.86718275, 9.002539500000001, 9.17261825, 9.4205707, 9.922805149999988, 11.913369009999995, 35.734803
8.859928499999999, 8.9996455, 9.1713105, 9.4380572, 9.900218499999998, 12.222361, 35.734803
8.87178825, 9.0047685, 9.173414, 9.465519, 9.992345, 12.257427629999995, 37.448702
8.8645, 8.999552000000001, 9.16984225, 9.4495836, 9.992691599999999, 11.851856139999995, 24.923449
8.86926975, 9.005432, 9.181369, 9.455518, 9.931728549999997, 11.8948773, 37.448702
8.872413, 9.0059355, 9.180891, 9.4585366, 9.971457549999997, 11.90322, 37.448702
8.872758, 9.006332, 9.1834895, 9.4522341, 9.929522299999999, 11.903409949999995, 35.734803
8.86026175, 8.998858, 9.17620225, 9.4449875, 9.929366, 11.780132279999997, 35.487972
8.8721295, 9.0087485, 9.183142499999999, 9.446185, 9.94117155, 11.832839339999985, 33.51644
8.862543, 8.992863499999999, 9.163196750000001, 9.409399, 9.8747654, 12.312307999999998, 37.448702
8.866348, 9.000347, 9.18795675, 9.4430626, 9.962040399999998, 11.815764149999996, 37.448702
8.86591075, 9.0061805, 9.183891, 9.4637394, 9.960453249999997, 11.898120379999993, 35.487972
8.8643685, 9.002833500000001, 9.17074275, 9.4720161, 10.019224099999999, 12.222361, 35.487972
8.87095575, 9.005432, 9.177454749999999, 9.4712348, 10.030810199999998, 12.279782239999985, 35.734803
8.859976, 8.995393, 9.174523, 9.439427, 9.9044194, 12.008233839999988, 35.330604
8.85757525, 9.001384, 9.181200500000001, 9.434744700000001, 9.969460699999999, 11.932546299999998, 35.734803
8.869084, 9.005463, 9.1769535, 9.4373368, 9.974629999999996, 11.922318299999997, 37.448702
8.865562, 9.0075365, 9.179931, 9.4406649, 9.941251699999997, 11.971068919999983, 33.51644
8.868137, 9.000923499999999, 9.191826500000001, 9.4853103, 10.042448249999996, 12.047984, 35.487972
8.8704155, 8.999794999999999, 9.185661, 9.476832199999999, 10.014852349999995, 11.89486393, 24.923449
8.870376, 9.00418, 9.195381999999999, 9.480944, 10.041665, 12.257917639999983, 37.448702
8.868838, 9.0082645, 9.185766, 9.4533159, 10.005544299999997, 12.170641409999979, 37.448702
8.86657175, 9.000982, 9.187419, 9.440594, 9.993162599999996, 11.839379, 35.734803
8.86591075, 9.001839, 9.178973, 9.4402446, 9.994071, 12.003602619999986, 35.487972
8.870588999999999, 9.004151499999999, 9.1685245, 9.4359159, 9.992691599999999, 11.961075, 37.448702
8.86794375, 9.0029425, 9.185971499999999, 9.438007599999999, 9.95293145, 11.932675, 24.923449
8.864466499999999, 9.000979, 9.174587, 9.4459915, 9.966094799999995, 11.832284659999997, 35.734803
8.870590499999999, 9.0088475, 9.18973425, 9.4768876, 10.014267949999995, 12.340344309999999, 37.448702
8.872705, 9.01463, 9.19178175, 9.4734055, 10.082380249999998, 12.054610679999996, 37.448702
8.86571175, 9.0071715, 9.1887645, 9.4547844, 9.9081447, 11.903513249999992, 33.51644
8.799571, 9.069178, 10.261095, 11.669898, 12.55191, 15.593569540000006, 18.865024
8.789133249999999, 9.0446745, 10.2142715, 11.659932, 12.55172095, 14.815179, 19.393533
8.784155, 9.072388, 10.24400925, 11.647665000000002, 12.412934, 14.825752050000018, 26.889073
8.784673, 9.046099, 10.224222, 11.6460504, 12.380667, 15.511388, 18.474331
8.774445, 9.0426355, 10.1998155, 11.6171198, 12.378038, 14.873968020000007, 19.563106
8.786178, 9.039289, 10.202046000000001, 11.628673599999999, 12.4908, 14.816353490000026, 19.393533
8.78182575, 9.0415125, 10.202244, 11.632023, 12.460371, 14.996234440000006, 26.889073
8.79173825, 9.0390225, 10.139744, 11.6177904, 12.42317635, 14.822824, 18.677002
8.782061, 9.0507095, 10.189340999999999, 11.622436500000001, 12.472246900000002, 14.822824, 26.889073
8.78408125, 9.061871, 10.223792750000001, 11.6754744, 12.551711, 14.965768730000018, 26.889073
8.78544825, 9.040553, 10.2183605, 11.6085046, 12.4764949, 14.721813600000004, 26.889073
8.801828, 9.0674475, 10.2144035, 11.597410700000003, 12.365706, 14.632375930000002, 19.393533
8.781704, 9.050637, 10.224625, 11.6460504, 12.421048, 14.932743420000001, 19.393533
8.794445750000001, 9.062354, 10.2462985, 11.708915300000001, 12.524816000000005, 15.030159010000053, 26.889073
8.78636125, 9.067306, 10.24093625, 11.6735604, 12.539855, 14.831535, 18.865024
8.79114075, 9.048323, 10.21712925, 11.646120300000002, 12.503486, 15.021127, 26.889073
8.78489525, 9.0365, 10.182339, 11.638546, 12.440782350000001, 15.275163320000038, 19.393533
8.79180925, 9.058342499999998, 10.1975375, 11.7206203, 12.512984800000002, 14.90221281000001, 19.563106
8.780967, 9.039541, 10.2110815, 11.6421218, 12.478849, 15.511388, 19.563106
8.784536, 9.058963, 10.270339, 11.679502900000001, 12.462855, 14.90221281000001, 18.677002
8.7789705, 9.053068, 10.21619925, 11.6470944, 12.454557, 14.815255450000002, 19.393533
8.78462075, 9.053087, 10.229197, 11.6460504, 12.44997895, 14.944377500000003, 26.889073
8.78235, 9.049117500000001, 10.282529, 11.67544, 12.62516, 15.27344427, 26.889073
8.78310975, 9.052846500000001, 10.229197, 11.658261500000002, 12.52358155, 14.874276410000013, 26.889073
8.788528, 9.066715, 10.249971, 11.6289893, 12.44381295, 14.783345550000007, 19.393533
8.792675749999999, 9.066715, 10.21229775, 11.558955, 12.388676200000003, 14.965230630000006, 26.889073
8.7898075, 9.055464, 10.246912, 11.6492085, 12.4248085, 14.736624, 19.563106
8.788515, 9.045776, 10.19440475, 11.654684, 12.4764949, 15.027967510000005, 26.889073
8.7942185, 9.066585, 10.24421375, 11.673777, 12.45138875, 14.783205930000003, 26.889073
8.78191575, 9.053013, 10.238835, 11.676102300000002, 12.567052250000001, 14.953992380000003, 26.889073
8.7868285, 9.048971, 10.223792750000001, 11.617734900000002, 12.436489950000002, 15.279394240000041, 19.563106
8.789424, 9.0678155, 10.270339, 11.6492085, 12.462855, 15.054253, 19.563106
8.784436249999999, 9.061833, 10.249244000000001, 11.7087603, 12.577777750000001, 15.593569540000006, 19.393533
8.789554, 9.06494, 10.241274, 11.676102300000002, 12.518624, 14.902156220000009, 19.563106
8.785015, 9.039633, 10.217979, 11.695556, 12.503486, 14.95430301000001, 26.889073
8.784044999999999, 9.047965, 10.167797, 11.638711800000001, 12.472246900000002, 14.825049510000001, 26.889073
8.79090375, 9.065998, 10.174379, 11.638894500000001, 12.443785, 15.02119275, 19.393533
8.79338875, 9.0741715, 10.286569, 11.6635543, 12.451222, 14.938664710000003, 26.889073
8.783858, 9.0462065, 10.226674, 11.6498139, 12.424741, 14.873968020000007, 26.889073
8.78127475, 9.0359755, 10.19068925, 11.646285300000002, 12.368273, 14.741543, 26.889073
8.78408275, 9.054366, 10.269267, 11.711135, 12.574148400000002, 14.996521100000013, 19.563106
8.79131175, 9.058323, 10.226674, 11.6421218, 12.47130655, 14.902097390000007, 19.563106
8.7833815, 9.046347, 10.278133, 11.6626844, 12.472246900000002, 14.804206870000005, 19.563106
8.78453175, 9.0536925, 10.23493925, 11.6429662, 12.4572683, 14.873687, 19.563106
8.7918555, 9.045826, 10.2296485, 11.619896, 12.32963855, 14.874335240000015, 19.563106
8.779035, 9.032397, 10.10482225, 11.5346972, 12.364643899999999, 14.757332510000007, 19.393533
8.784391750000001, 9.055830499999999, 10.21878325, 11.620466500000003, 12.375398, 14.663581240000012, 26.889073
8.77902, 9.041406, 10.258294, 11.682195000000002, 12.436106, 14.938511, 19.393533
8.7858525, 9.042282, 10.17458525, 11.577946500000001, 12.380667, 14.932686830000002, 26.889073
8.79093675, 9.053535, 10.240888, 11.609970300000002, 12.388296, 14.874276410000013, 18.865024
8.786515, 9.0567575, 10.214986249999999, 11.642149, 12.38062, 14.815277050000002, 26.889073
8.79180925, 9.060682, 10.2210625, 11.5928044, 12.423094, 14.965230630000006, 26.889073
8.7816955, 9.0424155, 10.189340999999999, 11.7160918, 12.539855, 15.760928, 19.393533
8.784411, 9.039698, 10.21044375, 11.6154512, 12.342504, 14.74727015000001, 18.474331
8.78195025, 9.052846500000001, 10.242458749999999, 11.6326631, 12.465767100000003, 14.804185270000005, 19.393533
8.791026, 9.058963, 10.199532249999999, 11.651476, 12.513570750000003, 14.938567590000002, 19.563106
8.77683475, 9.0398525, 10.19960425, 11.595606, 12.306604, 14.90221281000001, 19.563106
8.794988, 9.085562, 10.25996675, 11.643211, 12.42317635, 14.90221281000001, 19.563106
8.78181425, 9.053177, 10.24051975, 11.716048300000002, 12.503438700000004, 15.591218, 26.889073
8.78348725, 9.032362, 10.154668, 11.5829883, 12.38156, 14.742139740000013, 19.563106
8.7904295, 9.042297, 10.197497499999999, 11.655011400000001, 12.558402, 14.995983, 26.889073
8.78450475, 9.0392855, 10.181526, 11.5862431, 12.375530000000001, 14.783205930000003, 26.889073
8.78580275, 9.051170500000001, 10.23065225, 11.632988200000002, 12.38062, 14.736726850000004, 19.563106
8.77479075, 9.038540999999999, 10.184627, 11.600619, 12.34270465, 14.965230630000006, 26.889073
8.77938425, 9.046639, 10.25481375, 11.6515646, 12.3959, 14.803997, 26.889073
8.78573275, 9.047218, 10.19530775, 11.6611539, 12.388676200000003, 14.932686830000002, 19.563106
8.78435525, 9.050148, 10.222006, 11.550951000000007, 12.3416319, 14.712798550000002, 26.889073
8.790975999999999, 9.075276500000001, 10.221616749999999, 11.6719916, 12.388749750000002, 14.515589180000017, 18.677002
8.777557, 9.050492, 10.20848925, 11.618051000000001, 12.386339050000004, 14.804185270000005, 18.677002
8.7838495, 9.0530215, 10.210548, 11.623943100000002, 12.344137200000004, 14.995983, 26.889073
8.784949, 9.070143, 10.22074675, 11.6489259, 12.3817184, 14.902097390000007, 18.865024
8.783204, 9.045448, 10.17671675, 11.607393, 12.383578, 15.276040550000058, 19.563106
8.789062, 9.0499645, 10.229197, 11.6475, 12.573961, 14.75751444000001, 26.889073
8.784007, 9.044923, 10.191452, 11.674152900000001, 12.532012550000001, 15.093761, 26.889073
8.786217, 9.039153, 10.21806025, 11.652477600000001, 12.55172095, 14.938567590000002, 18.66297
8.784155, 9.036678, 10.220617, 11.575595100000001, 12.36583435, 14.825471030000012, 26.889073
8.778822, 9.048222500000001, 10.2064025, 11.6289306, 12.491305900000002, 15.09555742000004, 26.889073
8.78401825, 9.0540965, 10.223674, 11.586118, 12.36477225, 14.746909, 26.889073
8.792946, 9.064597, 10.279407, 11.637073900000003, 12.413339700000002, 14.757332510000007, 18.865024
8.781959, 9.0459955, 10.182339, 11.65258, 12.4923874, 15.463954, 19.563106
8.781588500000002, 9.048968, 10.217139750000001, 11.623755, 12.398554850000004, 14.932628, 26.889073
8.789892, 9.065998, 10.28078125, 11.634221000000002, 12.440311, 14.96548207000001, 19.563106
8.7835005, 9.054214, 10.18312225, 11.6735604, 12.524979, 14.953992380000003, 26.889073
8.790431, 9.052015, 10.260110999999998, 11.6736189, 12.503913750000002, 14.953992380000003, 26.889073
8.797317, 9.07536, 10.26601475, 11.676102300000002, 12.477088800000002, 14.83195652000001, 26.889073
8.779624250000001, 9.050659499999998, 10.2686205, 11.736627900000006, 12.605434450000004, 15.591218, 26.889073
8.790291750000002, 9.067719, 10.2763885, 11.682195000000002, 12.426775350000002, 14.932743420000001, 26.889073
8.79203075, 9.0643675, 10.22029575, 11.629768700000001, 12.388749750000002, 14.637913, 19.563106
8.789521500000001, 9.05342, 10.210208999999999, 11.6475, 12.473118600000005, 14.902097390000007, 18.865024
8.79005175, 9.057212, 10.225062, 11.651476, 12.386087300000003, 14.90221281000001, 19.393533
8.775143499999999, 9.0418475, 10.17774175, 11.6136864, 12.46987415, 14.736828490000006, 26.889073
8.78944875, 9.065288, 10.286124, 11.715526, 12.54977015, 15.279394240000041, 26.889073
8.784302749999998, 9.060496, 10.15174275, 11.542076000000002, 12.314206500000001, 14.74159666, 26.889073
8.78962275, 9.058911, 10.23312, 11.663583, 12.440782350000001, 15.241855760000044, 26.889073
8.78900425, 9.0755845, 10.269969, 11.705380100000001, 12.609140550000003, 15.59123925, 19.563106
8.778557, 9.0346015, 10.18514625, 11.597505700000001, 12.405367300000002, 15.02119275, 26.889073
8.7859005, 9.059039, 10.19530775, 11.626331400000002, 12.472115, 14.783345550000007, 19.563106
8.77993125, 9.0574745, 10.23065225, 11.633466100000001, 12.31956295, 14.74195781000001, 26.889073
8.795395249999999, 9.057478, 10.185192, 11.5957005, 12.4204191, 15.464191, 19.563106
8.789595, 9.050492, 10.187168250000001, 11.622074, 12.472451700000002, 14.831535, 26.889073
8.784118, 9.061763, 10.213862, 11.629453, 12.471519350000001, 15.275163320000038, 19.393533
8.784408, 9.0614415, 10.179688, 11.5784362, 12.323593700000004, 14.094722240000008, 26.889073
8.784522, 9.046744, 10.21861425, 11.6158816, 12.383349, 14.938664710000003, 26.889073
8.784101, 9.059210499999999, 10.2483505, 11.671043, 12.440311, 14.747010640000003, 19.393533
8.79091025, 9.070534, 10.2110375, 11.6085046, 12.386087300000003, 14.801217, 19.563106
8.78435525, 9.042543, 10.14887, 11.651476, 12.551711, 14.965230630000006, 18.677002
8.78164625, 9.0424155, 10.181255, 11.5956407, 12.36289795, 15.616593320000014, 26.889073
8.78464, 9.047141, 10.23445225, 11.634221000000002, 12.44997895, 14.815255450000002, 19.393533
8.786146, 9.0505645, 10.2483505, 11.650619200000001, 12.44051265, 15.59123925, 26.889073
8.79096375, 9.0613335, 10.24796125, 11.6736765, 12.57421715, 15.09555742000004, 26.889073
8.782578, 9.064249, 10.301668, 11.700113600000003, 12.558402, 14.938567590000002, 26.889073
8.79090375, 9.045534, 10.21712925, 11.655208800000002, 12.502305, 14.783205930000003, 19.393533
8.784188, 9.069224, 10.269419, 11.649703400000002, 12.518868200000002, 14.815277050000002, 19.393533
8.786584, 9.0499645, 10.201259, 11.597828100000003, 12.353515, 14.736624, 18.865024
8.78169525, 9.042378, 10.210548, 11.566782, 12.279065800000001, 14.663581240000012, 18.474331
8.78468, 9.071783, 10.249244000000001, 11.6421218, 12.4572683, 14.965230630000006, 18.865024
8.78440075, 9.0494175, 10.21603425, 11.610135100000003, 12.465651400000002, 14.965230630000006, 26.889073
8.784552, 9.041857, 10.199381, 11.592796, 12.397729550000001, 15.05023268000001, 19.563106
8.78493125, 9.060682, 10.32251075, 11.76124, 12.532012550000001, 14.74159666, 26.889073
8.779624250000001, 9.036249000000002, 10.16489, 11.650925800000001, 12.51207335, 14.938511, 19.393533
8.782513, 9.052158, 10.1994345, 11.597894500000002, 12.383349, 14.721664, 26.889073
8.78854875, 9.0418475, 10.217937, 11.6155828, 12.477161800000003, 14.944267120000001, 26.889073
8.792018500000001, 9.07237, 10.28568075, 11.6792653, 12.534331650000002, 14.822824, 19.563106
8.77938425, 9.036714, 10.162719, 11.584302, 12.342504, 14.801356620000002, 26.889073
8.785696000000002, 9.046639, 10.2179475, 11.643486600000001, 12.381649450000001, 14.832661350000025, 26.889073
8.783182, 9.057478, 10.225465, 11.587369, 12.362809, 14.938511, 26.889073
8.778779, 9.038048, 10.248715, 11.6743267, 12.525207000000002, 15.027702, 26.889073
8.789546, 9.053511499999999, 10.26329, 11.728640600000002, 12.531929, 14.902097390000007, 19.563106
8.793232249999999, 9.062767, 10.2694425, 11.680852, 12.479442900000002, 14.470914, 26.889073
8.7919455, 9.0561565, 10.24276925, 11.711425600000002, 12.579486, 14.938664710000003, 26.889073
8.786293, 9.059052999999999, 10.202046000000001, 11.6599818, 12.44408265, 14.831535, 19.563106
8.78639325, 9.054412, 10.2721835, 11.646120300000002, 12.454557, 15.464191, 26.889073
8.769509000000001, 9.042337, 10.154681499999999, 11.651680200000001, 12.457105, 14.825471030000012, 18.677002
8.789987, 9.0499085, 10.225465, 11.608074400000001, 12.548233, 14.902156220000009, 18.865024
8.7892095, 9.07237, 10.228414749999999, 11.6475, 12.424741, 14.995983, 19.393533
8.784188, 9.062767, 10.284044000000002, 11.6718925, 12.52358155, 14.938567590000002, 26.889073
8.77904, 9.03899, 10.17700075, 11.640647, 12.47130655, 14.722018090000008, 19.393533
8.790431, 9.0467975, 10.154722, 11.640903400000001, 12.423094, 14.801356620000002, 26.889073
8.79313125, 9.055464, 10.22029575, 11.6429662, 12.50236405, 15.46442834000001, 26.889073
8.783981, 9.063336499999998, 10.24276925, 11.6738002, 12.440276000000003, 14.932840540000004, 26.889073
8.85997375, 8.9975535, 9.15988675, 9.416242, 9.860996349999997, 11.89458366, 37.448702
8.8706625, 9.013477, 9.192104, 9.472754100000001, 10.151806, 11.970292, 35.330604
8.88744925, 9.0506815, 9.24792575, 9.5418106, 9.82521055, 14.736804409999994, 32.855096
8.896085750000001, 9.047721500000002, 9.243405000000001, 9.5275056, 9.8231931, 16.40399921, 32.855096
0, 0, 0, 0, 0, 0, 0
0, 0, 0, 0, 0, 0, 0
0, 0, 0, 0, 0, 0, 0
0, 0, 0, 0, 0, 0, 0
0, 0, 0, 0, 0, 0, 0
0, 0, 0, 0, 0, 0, 0
0, 0, 0, 0, 0, 0, 0
0, 0, 0, 0, 0, 0, 0
0, 0, 0, 0, 0, 0, 0
0, 0, 0, 0, 0, 0, 0
0, 0, 0, 0, 0, 0, 0
0, 0, 0, 0, 0, 0, 0
0, 0, 0, 0, 0, 0, 0
0, 0, 0, 0, 0, 0, 0
0, 0, 0, 0, 0, 0, 0
0, 0, 0, 0, 0, 0, 0
0, 0, 0, 0, 0, 0, 0
0, 0, 0, 0, 0, 0, 0
0, 0, 0, 0, 0, 0, 0
0, 0, 0, 0, 0, 0, 0
0, 0, 0, 0, 0, 0, 0
0, 0, 0, 0, 0, 0, 0
0, 0, 0, 0, 0, 0, 0
0, 0, 0, 0, 0, 0, 0
0, 0, 0, 0, 0, 0, 0
0, 0, 0, 0, 0, 0, 0
0, 0, 0, 0, 0, 0, 0
0, 0, 0, 0, 0, 0, 0
0, 0, 0, 0, 0, 0, 0
0, 0, 0, 0, 0, 0, 0
0, 0, 0, 0, 0, 0, 0
0, 0, 0, 0, 0, 0, 0
0, 0, 0, 0, 0, 0, 0
0, 0, 0, 0, 0, 0, 0
0, 0, 0, 0, 0, 0, 0
0, 0, 0, 0, 0, 0, 0
0, 0, 0, 0, 0, 0, 0
0, 0, 0, 0, 0, 0, 0
0, 0, 0, 0, 0, 0, 0
0, 0, 0, 0, 0, 0, 0
0, 0, 0, 0, 0, 0, 0
0, 0, 0, 0, 0, 0, 0
0, 0, 0, 0, 0, 0, 0
0, 0, 0, 0, 0, 0, 0
0, 0, 0, 0, 0, 0, 0
0, 0, 0, 0, 0, 0, 0
0, 0, 0, 0, 0, 0, 0
0, 0, 0, 0, 0, 0, 0
0, 0, 0, 0, 0, 0, 0
0, 0, 0, 0, 0, 0, 0
0, 0, 0, 0, 0, 0, 0
0, 0, 0, 0, 0, 0, 0
0, 0, 0, 0, 0, 0, 0
0, 0, 0, 0, 0, 0, 0
0, 0, 0, 0, 0, 0, 0
0, 0, 0, 0, 0, 0, 0
0, 0, 0, 0, 0, 0, 0
0, 0, 0, 0, 0, 0, 0
0, 0, 0, 0, 0, 0, 0
0, 0, 0, 0, 0, 0, 0
0, 0, 0, 0, 0, 0, 0
0, 0, 0, 0, 0, 0, 0
0, 0, 0, 0, 0, 0, 0
0, 0, 0, 0, 0, 0, 0
0, 0, 0, 0, 0, 0, 0
0, 0, 0, 0, 0, 0, 0
0, 0, 0, 0, 0, 0, 0
0, 0, 0, 0, 0, 0, 0
0, 0, 0, 0, 0, 0, 0
0, 0, 0, 0, 0, 0, 0
0, 0, 0, 0, 0, 0, 0
0, 0, 0, 0, 0, 0, 0
0, 0, 0, 0, 0, 0, 0
0, 0, 0, 0, 0, 0, 0
0, 0, 0, 0, 0, 0, 0
0, 0, 0, 0, 0, 0, 0
0, 0, 0, 0, 0, 0, 0
0, 0, 0, 0, 0, 0, 0
0, 0, 0, 0, 0, 0, 0
0, 0, 0, 0, 0, 0, 0
0, 0, 0, 0, 0, 0, 0
0, 0, 0, 0, 0, 0, 0
0, 0, 0, 0, 0, 0, 0
0, 0, 0, 0, 0, 0, 0
0, 0, 0, 0, 0, 0, 0
0, 0, 0, 0, 0, 0, 0
0, 0, 0, 0, 0, 0, 0
0, 0, 0, 0, 0, 0, 0
0, 0, 0, 0, 0, 0, 0
0, 0, 0, 0, 0, 0, 0
0, 0, 0, 0, 0, 0, 0
0, 0, 0, 0, 0, 0, 0
0, 0, 0, 0, 0, 0, 0
0, 0, 0, 0, 0, 0, 0
0, 0, 0, 0, 0, 0, 0
0, 0, 0, 0, 0, 0, 0
0, 0, 0, 0, 0, 0, 0
0, 0, 0, 0, 0, 0, 0
0, 0, 0, 0, 0, 0, 0
0, 0, 0, 0, 0, 0, 0
0, 0, 0, 0, 0, 0, 0
0, 0, 0, 0, 0, 0, 0
0, 0, 0, 0, 0, 0, 0
0, 0, 0, 0, 0, 0, 0
0, 0, 0, 0, 0, 0, 0
0, 0, 0, 0, 0, 0, 0
0, 0, 0, 0, 0, 0, 0
0, 0, 0, 0, 0, 0, 0
0, 0, 0, 0, 0, 0, 0
0, 0, 0, 0, 0, 0, 0
0, 0, 0, 0, 0, 0, 0
0, 0, 0, 0, 0, 0, 0
0, 0, 0, 0, 0, 0, 0
0, 0, 0, 0, 0, 0, 0
0, 0, 0, 0, 0, 0, 0
0, 0, 0, 0, 0, 0, 0
0, 0, 0, 0, 0, 0, 0
0, 0, 0, 0, 0, 0, 0
0, 0, 0, 0, 0, 0, 0
0, 0, 0, 0, 0, 0, 0
0, 0, 0, 0, 0, 0, 0
0, 0, 0, 0, 0, 0, 0
0, 0, 0, 0, 0, 0, 0
0, 0, 0, 0, 0, 0, 0
0, 0, 0, 0, 0, 0, 0
0, 0, 0, 0, 0, 0, 0
0, 0, 0, 0, 0, 0, 0
0, 0, 0, 0, 0, 0, 0
0, 0, 0, 0, 0, 0, 0
0, 0, 0, 0, 0, 0, 0
0, 0, 0, 0, 0, 0, 0
0, 0, 0, 0, 0, 0, 0
0, 0, 0, 0, 0, 0, 0
0, 0, 0, 0, 0, 0, 0
0, 0, 0, 0, 0, 0, 0
0, 0, 0, 0, 0, 0, 0
0, 0, 0, 0, 0, 0, 0
0, 0, 0, 0, 0, 0, 0
0, 0, 0, 0, 0, 0, 0
0, 0, 0, 0, 0, 0, 0
0, 0, 0, 0, 0, 0, 0
0, 0, 0, 0, 0, 0, 0
0, 0, 0, 0, 0, 0, 0
0, 0, 0, 0, 0, 0, 0
0, 0, 0, 0, 0, 0, 0
0, 0, 0, 0, 0, 0, 0
0, 0, 0, 0, 0, 0, 0
0, 0, 0, 0, 0, 0, 0
0, 0, 0, 0, 0, 0, 0
0, 0, 0, 0, 0, 0, 0
0, 0, 0, 0, 0, 0, 0
0, 0, 0, 0, 0, 0, 0
0, 0, 0, 0, 0, 0, 0
0, 0, 0, 0, 0, 0, 0
0, 0, 0, 0, 0, 0, 0
0, 0, 0, 0, 0, 0, 0
0, 0, 0, 0, 0, 0, 0
0, 0, 0, 0, 0, 0, 0
0, 0, 0, 0, 0, 0, 0
0, 0, 0, 0, 0, 0, 0
0, 0, 0, 0, 0, 0, 0
0, 0, 0, 0, 0, 0, 0
0, 0, 0, 0, 0, 0, 0
0, 0, 0, 0, 0, 0, 0
0, 0, 0, 0, 0, 0, 0
0, 0, 0, 0, 0, 0, 0
0, 0, 0, 0, 0, 0, 0
0, 0, 0, 0, 0, 0, 0
0, 0, 0, 0, 0, 0, 0
0, 0, 0, 0, 0, 0, 0
0, 0, 0, 0, 0, 0, 0
0, 0, 0, 0, 0, 0, 0
0, 0, 0, 0, 0, 0, 0
0, 0, 0, 0, 0, 0, 0
0, 0, 0, 0, 0, 0, 0
0, 0, 0, 0, 0, 0, 0
0, 0, 0, 0, 0, 0, 0
0, 0, 0, 0, 0, 0, 0
0, 0, 0, 0, 0, 0, 0
0, 0, 0, 0, 0, 0, 0
0, 0, 0, 0, 0, 0, 0
0, 0, 0, 0, 0, 0, 0
0, 0, 0, 0, 0, 0, 0
0, 0, 0, 0, 0, 0, 0
0, 0, 0, 0, 0, 0, 0
0, 0, 0, 0, 0, 0, 0
0, 0, 0, 0, 0, 0, 0
0, 0, 0, 0, 0, 0, 0
0, 0, 0, 0, 0, 0, 0
0, 0, 0, 0, 0, 0, 0
0, 0, 0, 0, 0, 0, 0
0, 0, 0, 0, 0, 0, 0
0, 0, 0, 0, 0, 0, 0
0, 0, 0, 0, 0, 0, 0
0, 0, 0, 0, 0, 0, 0
0, 0, 0, 0, 0, 0, 0
0, 0, 0, 0, 0, 0, 0
0, 0, 0, 0, 0, 0, 0
0, 0, 0, 0, 0, 0, 0
0, 0, 0, 0, 0, 0, 0
0, 0, 0, 0, 0, 0, 0
0, 0, 0, 0, 0, 0, 0
0, 0, 0, 0, 0, 0, 0
0, 0, 0, 0, 0, 0, 0
0, 0, 0, 0, 0, 0, 0
0, 0, 0, 0, 0, 0, 0
0, 0, 0, 0, 0, 0, 0
0, 0, 0, 0, 0, 0, 0
0, 0, 0, 0, 0, 0, 0
0, 0, 0, 0, 0, 0, 0
0, 0, 0, 0, 0, 0, 0
0, 0, 0, 0, 0, 0, 0
0, 0, 0, 0, 0, 0, 0
0, 0, 0, 0, 0, 0, 0
0, 0, 0, 0, 0, 0, 0
0, 0, 0, 0, 0, 0, 0
0, 0, 0, 0, 0, 0, 0
0, 0, 0, 0, 0, 0, 0
0, 0, 0, 0, 0, 0, 0
0, 0, 0, 0, 0, 0, 0
0, 0, 0, 0, 0, 0, 0
0, 0, 0, 0, 0, 0, 0
0, 0, 0, 0, 0, 0, 0
0, 0, 0, 0, 0, 0, 0
0, 0, 0, 0, 0, 0, 0
0, 0, 0, 0, 0, 0, 0
0, 0, 0, 0, 0, 0, 0
0, 0, 0, 0, 0, 0, 0
0, 0, 0, 0, 0, 0, 0
0, 0, 0, 0, 0, 0, 0
0, 0, 0, 0, 0, 0, 0
0, 0, 0, 0, 0, 0, 0
0, 0, 0, 0, 0, 0, 0
0, 0, 0, 0, 0, 0, 0
0, 0, 0, 0, 0, 0, 0
0, 0, 0, 0, 0, 0, 0
0, 0, 0, 0, 0, 0, 0
0, 0, 0, 0, 0, 0, 0
0, 0, 0, 0, 0, 0, 0
0, 0, 0, 0, 0, 0, 0
0, 0, 0, 0, 0, 0, 0
0, 0, 0, 0, 0, 0, 0
0, 0, 0, 0, 0, 0, 0
0, 0, 0, 0, 0, 0, 0
0, 0, 0, 0, 0, 0, 0
0, 0, 0, 0, 0, 0, 0
0, 0, 0, 0, 0, 0, 0
0, 0, 0, 0, 0, 0, 0
0, 0, 0, 0, 0, 0, 0
0, 0, 0, 0, 0, 0, 0
0, 0, 0, 0, 0, 0, 0
0, 0, 0, 0, 0, 0, 0
0, 0, 0, 0, 0, 0, 0
0, 0, 0, 0, 0, 0, 0
0, 0, 0, 0, 0, 0, 0
0, 0, 0, 0, 0, 0, 0
0, 0, 0, 0, 0, 0, 0
0, 0, 0, 0, 0, 0, 0
0, 0, 0, 0, 0, 0, 0
0, 0, 0, 0, 0, 0, 0
0, 0, 0, 0, 0, 0, 0
0, 0, 0, 0, 0, 0, 0
0, 0, 0, 0, 0, 0, 0
0, 0, 0, 0, 0, 0, 0
0, 0, 0, 0, 0, 0, 0
0, 0, 0, 0, 0, 0, 0
0, 0, 0, 0, 0, 0, 0
0, 0, 0, 0, 0, 0, 0
0, 0, 0, 0, 0, 0, 0
0, 0, 0, 0, 0, 0, 0
0, 0, 0, 0, 0, 0, 0
0, 0, 0, 0, 0, 0, 0
0, 0, 0, 0, 0, 0, 0
0, 0, 0, 0, 0, 0, 0
0, 0, 0, 0, 0, 0, 0
0, 0, 0, 0, 0, 0, 0
0, 0, 0, 0, 0, 0, 0
0, 0, 0, 0, 0, 0, 0
0, 0, 0, 0, 0, 0, 0
0, 0, 0, 0, 0, 0, 0
0, 0, 0, 0, 0, 0, 0
0, 0, 0, 0, 0, 0, 0
0, 0, 0, 0, 0, 0, 0
0, 0, 0, 0, 0, 0, 0
0, 0, 0, 0, 0, 0, 0
0, 0, 0, 0, 0, 0, 0
0, 0, 0, 0, 0, 0, 0
0, 0, 0, 0, 0, 0, 0
0, 0, 0, 0, 0, 0, 0
0, 0, 0, 0, 0, 0, 0
0, 0, 0, 0, 0, 0, 0
0, 0, 0, 0, 0, 0, 0
0, 0, 0, 0, 0, 0, 0
0, 0, 0, 0, 0, 0, 0
0, 0, 0, 0, 0, 0, 0
0, 0, 0, 0, 0, 0, 0
0, 0, 0, 0, 0, 0, 0
0, 0, 0, 0, 0, 0, 0
0, 0, 0, 0, 0, 0, 0
0, 0, 0, 0, 0, 0, 0
0, 0, 0, 0, 0, 0, 0
0, 0, 0, 0, 0, 0, 0
0, 0, 0, 0, 0, 0, 0
0, 0, 0, 0, 0, 0, 0
0, 0, 0, 0, 0, 0, 0
0, 0, 0, 0, 0, 0, 0
0, 0, 0, 0, 0, 0, 0
0, 0, 0, 0, 0, 0, 0
0, 0, 0, 0, 0, 0, 0
0, 0, 0, 0, 0, 0, 0
0, 0, 0, 0, 0, 0, 0
0, 0, 0, 0, 0, 0, 0
0, 0, 0, 0, 0, 0, 0
0, 0, 0, 0, 0, 0, 0
0, 0, 0, 0, 0, 0, 0
0, 0, 0, 0, 0, 0, 0
0, 0, 0, 0, 0, 0, 0
0, 0, 0, 0, 0, 0, 0
0, 0, 0, 0, 0, 0, 0
0, 0, 0, 0, 0, 0, 0
0, 0, 0, 0, 0, 0, 0
0, 0, 0, 0, 0, 0, 0
0, 0, 0, 0, 0, 0, 0
0, 0, 0, 0, 0, 0, 0
0, 0, 0, 0, 0, 0, 0
0, 0, 0, 0, 0, 0, 0
0, 0, 0, 0, 0, 0, 0
0, 0, 0, 0, 0, 0, 0
0, 0, 0, 0, 0, 0, 0
0, 0, 0, 0, 0, 0, 0
0, 0, 0, 0, 0, 0, 0
0, 0, 0, 0, 0, 0, 0
0, 0, 0, 0, 0, 0, 0
0, 0, 0, 0, 0, 0, 0
0, 0, 0, 0, 0, 0, 0
0, 0, 0, 0, 0, 0, 0
0, 0, 0, 0, 0, 0, 0
0, 0, 0, 0, 0, 0, 0
0, 0, 0, 0, 0, 0, 0
0, 0, 0, 0, 0, 0, 0
0, 0, 0, 0, 0, 0, 0
0, 0, 0, 0, 0, 0, 0
0, 0, 0, 0, 0, 0, 0
0, 0, 0, 0, 0, 0, 0
0, 0, 0, 0, 0, 0, 0
0, 0, 0, 0, 0, 0, 0
0, 0, 0, 0, 0, 0, 0
0, 0, 0, 0, 0, 0, 0
0, 0, 0, 0, 0, 0, 0
0, 0, 0, 0, 0, 0, 0
0, 0, 0, 0, 0, 0, 0
0, 0, 0, 0, 0, 0, 0
0, 0, 0, 0, 0, 0, 0
0, 0, 0, 0, 0, 0, 0
0, 0, 0, 0, 0, 0, 0
0, 0, 0, 0, 0, 0, 0
0, 0, 0, 0, 0, 0, 0
0, 0, 0, 0, 0, 0, 0
0, 0, 0, 0, 0, 0, 0
0, 0, 0, 0, 0, 0, 0
0, 0, 0, 0, 0, 0, 0
0, 0, 0, 0, 0, 0, 0
0, 0, 0, 0, 0, 0, 0
0, 0, 0, 0, 0, 0, 0
0, 0, 0, 0, 0, 0, 0
0, 0, 0, 0, 0, 0, 0
0, 0, 0, 0, 0, 0, 0
0, 0, 0, 0, 0, 0, 0
0, 0, 0, 0, 0, 0, 0
0, 0, 0, 0, 0, 0, 0
0, 0, 0, 0, 0, 0, 0
0, 0, 0, 0, 0, 0, 0
0, 0, 0, 0, 0, 0, 0
0, 0, 0, 0, 0, 0, 0
0, 0, 0, 0, 0, 0, 0
0, 0, 0, 0, 0, 0, 0
0, 0, 0, 0, 0, 0, 0
0, 0, 0, 0, 0, 0, 0
0, 0, 0, 0, 0, 0, 0
0, 0, 0, 0, 0, 0, 0
0, 0, 0, 0, 0, 0, 0
0, 0, 0, 0, 0, 0, 0
0, 0, 0, 0, 0, 0, 0
0, 0, 0, 0, 0, 0, 0
0, 0, 0, 0, 0, 0, 0
0, 0, 0, 0, 0, 0, 0
0, 0, 0, 0, 0, 0, 0
0, 0, 0, 0, 0, 0, 0
0, 0, 0, 0, 0, 0, 0
0, 0, 0, 0, 0, 0, 0
0, 0, 0, 0, 0, 0, 0
0, 0, 0, 0, 0, 0, 0
0, 0, 0, 0, 0, 0, 0
0, 0, 0, 0, 0, 0, 0
0, 0, 0, 0, 0, 0, 0
0, 0, 0, 0, 0, 0, 0
0, 0, 0, 0, 0, 0, 0
0, 0, 0, 0, 0, 0, 0
0, 0, 0, 0, 0, 0, 0
0, 0, 0, 0, 0, 0, 0
0, 0, 0, 0, 0, 0, 0
0, 0, 0, 0, 0, 0, 0
0, 0, 0, 0, 0, 0, 0
0, 0, 0, 0, 0, 0, 0
0, 0, 0, 0, 0, 0, 0
0, 0, 0, 0, 0, 0, 0
0, 0, 0, 0, 0, 0, 0
0, 0, 0, 0, 0, 0, 0
0, 0, 0, 0, 0, 0, 0
0, 0, 0, 0, 0, 0, 0
0, 0, 0, 0, 0, 0, 0
0, 0, 0, 0, 0, 0, 0
0, 0, 0, 0, 0, 0, 0
0, 0, 0, 0, 0, 0, 0
0, 0, 0, 0, 0, 0, 0
0, 0, 0, 0, 0, 0, 0
0, 0, 0, 0, 0, 0, 0
0, 0, 0, 0, 0, 0, 0
0, 0, 0, 0, 0, 0, 0
0, 0, 0, 0, 0, 0, 0
0, 0, 0, 0, 0, 0, 0
0, 0, 0, 0, 0, 0, 0
0, 0, 0, 0, 0, 0, 0
0, 0, 0, 0, 0, 0, 0
0, 0, 0, 0, 0, 0, 0
0, 0, 0, 0, 0, 0, 0
0, 0, 0, 0, 0, 0, 0
0, 0, 0, 0, 0, 0, 0
0, 0, 0, 0, 0, 0, 0
0, 0, 0, 0, 0, 0, 0
0, 0, 0, 0, 0, 0, 0
0, 0, 0, 0, 0, 0, 0
0, 0, 0, 0, 0, 0, 0
0, 0, 0, 0, 0, 0, 0
0, 0, 0, 0, 0, 0, 0
0, 0, 0, 0, 0, 0, 0
0, 0, 0, 0, 0, 0, 0
0, 0, 0, 0, 0, 0, 0
0, 0, 0, 0, 0, 0, 0
0, 0, 0, 0, 0, 0, 0
0, 0, 0, 0, 0, 0, 0
0, 0, 0, 0, 0, 0, 0
0, 0, 0, 0, 0, 0, 0
0, 0, 0, 0, 0, 0, 0
0, 0, 0, 0, 0, 0, 0
0, 0, 0, 0, 0, 0, 0
0, 0, 0, 0, 0, 0, 0
0, 0, 0, 0, 0, 0, 0
0, 0, 0, 0, 0, 0, 0
0, 0, 0, 0, 0, 0, 0
0, 0, 0, 0, 0, 0, 0
0, 0, 0, 0, 0, 0, 0
0, 0, 0, 0, 0, 0, 0
0, 0, 0, 0, 0, 0, 0
0, 0, 0, 0, 0, 0, 0
0, 0, 0, 0, 0, 0, 0
0, 0, 0, 0, 0, 0, 0
0, 0, 0, 0, 0, 0, 0
0, 0, 0, 0, 0, 0, 0
0, 0, 0, 0, 0, 0, 0
0, 0, 0, 0, 0, 0, 0
0, 0, 0, 0, 0, 0, 0
0, 0, 0, 0, 0, 0, 0
0, 0, 0, 0, 0, 0, 0
0, 0, 0, 0, 0, 0, 0
0, 0, 0, 0, 0, 0, 0
0, 0, 0, 0, 0, 0, 0
0, 0, 0, 0, 0, 0, 0
0, 0, 0, 0, 0, 0, 0
0, 0, 0, 0, 0, 0, 0
0, 0, 0, 0, 0, 0, 0
0, 0, 0, 0, 0, 0, 0
0, 0, 0, 0, 0, 0, 0
0, 0, 0, 0, 0, 0, 0
0, 0, 0, 0, 0, 0, 0
0, 0, 0, 0, 0, 0, 0
0, 0, 0, 0, 0, 0, 0
0, 0, 0, 0, 0, 0, 0
0, 0, 0, 0, 0, 0, 0
0, 0, 0, 0, 0, 0, 0
0, 0, 0, 0, 0, 0, 0
0, 0, 0, 0, 0, 0, 0
0, 0, 0, 0, 0, 0, 0
0, 0, 0, 0, 0, 0, 0
0, 0, 0, 0, 0, 0, 0
0, 0, 0, 0, 0, 0, 0
0, 0, 0, 0, 0, 0, 0
0, 0, 0, 0, 0, 0, 0
0, 0, 0, 0, 0, 0, 0
0, 0, 0, 0, 0, 0, 0
0, 0, 0, 0, 0, 0, 0
0, 0, 0, 0, 0, 0, 0
0, 0, 0, 0, 0, 0, 0
0, 0, 0, 0, 0, 0, 0
0, 0, 0, 0, 0, 0, 0
0, 0, 0, 0, 0, 0, 0
0, 0, 0, 0, 0, 0, 0
0, 0, 0, 0, 0, 0, 0
0, 0, 0, 0, 0, 0, 0
0, 0, 0, 0, 0, 0, 0
0, 0, 0, 0, 0, 0, 0
0, 0, 0, 0, 0, 0, 0
0, 0, 0, 0, 0, 0, 0
0, 0, 0, 0, 0, 0, 0
0, 0, 0, 0, 0, 0, 0
0, 0, 0, 0, 0, 0, 0
0, 0, 0, 0, 0, 0, 0
0, 0, 0, 0, 0, 0, 0
0, 0, 0, 0, 0, 0, 0
0, 0, 0, 0, 0, 0, 0
0, 0, 0, 0, 0, 0, 0
0, 0, 0, 0, 0, 0, 0
0, 0, 0, 0, 0, 0, 0
0, 0, 0, 0, 0, 0, 0
0, 0, 0, 0, 0, 0, 0
0, 0, 0, 0, 0, 0, 0
0, 0, 0, 0, 0, 0, 0
0, 0, 0, 0, 0, 0, 0
0, 0, 0, 0, 0, 0, 0
0, 0, 0, 0, 0, 0, 0
0, 0, 0, 0, 0, 0, 0
0, 0, 0, 0, 0, 0, 0
0, 0, 0, 0, 0, 0, 0
0, 0, 0, 0, 0, 0, 0
0, 0, 0, 0, 0, 0, 0
0, 0, 0, 0, 0, 0, 0
0, 0, 0, 0, 0, 0, 0
0, 0, 0, 0, 0, 0, 0
0, 0, 0, 0, 0, 0, 0
0, 0, 0, 0, 0, 0, 0
0, 0, 0, 0, 0, 0, 0
0, 0, 0, 0, 0, 0, 0
0, 0, 0, 0, 0, 0, 0
0, 0, 0, 0, 0, 0, 0
0, 0, 0, 0, 0, 0, 0
0, 0, 0, 0, 0, 0, 0
0, 0, 0, 0, 0, 0, 0
0, 0, 0, 0, 0, 0, 0
0, 0, 0, 0, 0, 0, 0
0, 0, 0, 0, 0, 0, 0
0, 0, 0, 0, 0, 0, 0
0, 0, 0, 0, 0, 0, 0
0, 0, 0, 0, 0, 0, 0
0, 0, 0, 0, 0, 0, 0
0, 0, 0, 0, 0, 0, 0
0, 0, 0, 0, 0, 0, 0
0, 0, 0, 0, 0, 0, 0
0, 0, 0, 0, 0, 0, 0
0, 0, 0, 0, 0, 0, 0
0, 0, 0, 0, 0, 0, 0
0, 0, 0, 0, 0, 0, 0
0, 0, 0, 0, 0, 0, 0
0, 0, 0, 0, 0, 0, 0
0, 0, 0, 0, 0, 0, 0
0, 0, 0, 0, 0, 0, 0
0, 0, 0, 0, 0, 0, 0
0, 0, 0, 0, 0, 0, 0
0, 0, 0, 0, 0, 0, 0
0, 0, 0, 0, 0, 0, 0
0, 0, 0, 0, 0, 0, 0
0, 0, 0, 0, 0, 0, 0
0, 0, 0, 0, 0, 0, 0
0, 0, 0, 0, 0, 0, 0
0, 0, 0, 0, 0, 0, 0
0, 0, 0, 0, 0, 0, 0
0, 0, 0, 0, 0, 0, 0
0, 0, 0, 0, 0, 0, 0
0, 0, 0, 0, 0, 0, 0
0, 0, 0, 0, 0, 0, 0
0, 0, 0, 0, 0, 0, 0
0, 0, 0, 0, 0, 0, 0
0, 0, 0, 0, 0, 0, 0
0, 0, 0, 0, 0, 0, 0
0, 0, 0, 0, 0, 0, 0
0, 0, 0, 0, 0, 0, 0
0, 0, 0, 0, 0, 0, 0
0, 0, 0, 0, 0, 0, 0
0, 0, 0, 0, 0, 0, 0
0, 0, 0, 0, 0, 0, 0
0, 0, 0, 0, 0, 0, 0
0, 0, 0, 0, 0, 0, 0
0, 0, 0, 0, 0, 0, 0
0, 0, 0, 0, 0, 0, 0
0, 0, 0, 0, 0, 0, 0
0, 0, 0, 0, 0, 0, 0
0, 0, 0, 0, 0, 0, 0
0, 0, 0, 0, 0, 0, 0
0, 0, 0, 0, 0, 0, 0
0, 0, 0, 0, 0, 0, 0
0, 0, 0, 0, 0, 0, 0
0, 0, 0, 0, 0, 0, 0
0, 0, 0, 0, 0, 0, 0
0, 0, 0, 0, 0, 0, 0
0, 0, 0, 0, 0, 0, 0
0, 0, 0, 0, 0, 0, 0
0, 0, 0, 0, 0, 0, 0
0, 0, 0, 0, 0, 0, 0
0, 0, 0, 0, 0, 0, 0
0, 0, 0, 0, 0, 0, 0
0, 0, 0, 0, 0, 0, 0
0, 0, 0, 0, 0, 0, 0
0, 0, 0, 0, 0, 0, 0
0, 0, 0, 0, 0, 0, 0
0, 0, 0, 0, 0, 0, 0
0, 0, 0, 0, 0, 0, 0
0, 0, 0, 0, 0, 0, 0
0, 0, 0, 0, 0, 0, 0
0, 0, 0, 0, 0, 0, 0
0, 0, 0, 0, 0, 0, 0
0, 0, 0, 0, 0, 0, 0
0, 0, 0, 0, 0, 0, 0
0, 0, 0, 0, 0, 0, 0
0, 0, 0, 0, 0, 0, 0
0, 0, 0, 0, 0, 0, 0
0, 0, 0, 0, 0, 0, 0
0, 0, 0, 0, 0, 0, 0
0, 0, 0, 0, 0, 0, 0
0, 0, 0, 0, 0, 0, 0
0, 0, 0, 0, 0, 0, 0
0, 0, 0, 0, 0, 0, 0
0, 0, 0, 0, 0, 0, 0
0, 0, 0, 0, 0, 0, 0
0, 0, 0, 0, 0, 0, 0
0, 0, 0, 0, 0, 0, 0
0, 0, 0, 0, 0, 0, 0
0, 0, 0, 0, 0, 0, 0
0, 0, 0, 0, 0, 0, 0
0, 0, 0, 0, 0, 0, 0
0, 0, 0, 0, 0, 0, 0
0, 0, 0, 0, 0, 0, 0
0, 0, 0, 0, 0, 0, 0
0, 0, 0, 0, 0, 0, 0
0, 0, 0, 0, 0, 0, 0
0, 0, 0, 0, 0, 0, 0
0, 0, 0, 0, 0, 0, 0
0, 0, 0, 0, 0, 0, 0
0, 0, 0, 0, 0, 0, 0
0, 0, 0, 0, 0, 0, 0
0, 0, 0, 0, 0, 0, 0
0, 0, 0, 0, 0, 0, 0
0, 0, 0, 0, 0, 0, 0
0, 0, 0, 0, 0, 0, 0
0, 0, 0, 0, 0, 0, 0
0, 0, 0, 0, 0, 0, 0
0, 0, 0, 0, 0, 0, 0
0, 0, 0, 0, 0, 0, 0
0, 0, 0, 0, 0, 0, 0
0, 0, 0, 0, 0, 0, 0
0, 0, 0, 0, 0, 0, 0
0, 0, 0, 0, 0, 0, 0
0, 0, 0, 0, 0, 0, 0
0, 0, 0, 0, 0, 0, 0
0, 0, 0, 0, 0, 0, 0
0, 0, 0, 0, 0, 0, 0
0, 0, 0, 0, 0, 0, 0
0, 0, 0, 0, 0, 0, 0
0, 0, 0, 0, 0, 0, 0
0, 0, 0, 0, 0, 0, 0
0, 0, 0, 0, 0, 0, 0
0, 0, 0, 0, 0, 0, 0
0, 0, 0, 0, 0, 0, 0
0, 0, 0, 0, 0, 0, 0
0, 0, 0, 0, 0, 0, 0
0, 0, 0, 0, 0, 0, 0
0, 0, 0, 0, 0, 0, 0
0, 0, 0, 0, 0, 0, 0
0, 0, 0, 0, 0, 0, 0
0, 0, 0, 0, 0, 0, 0
0, 0, 0, 0, 0, 0, 0
0, 0, 0, 0, 0, 0, 0
0, 0, 0, 0, 0, 0, 0
0, 0, 0, 0, 0, 0, 0
0, 0, 0, 0, 0, 0, 0
0, 0, 0, 0, 0, 0, 0
0, 0, 0, 0, 0, 0, 0
0, 0, 0, 0, 0, 0, 0
0, 0, 0, 0, 0, 0, 0
0, 0, 0, 0, 0, 0, 0
0, 0, 0, 0, 0, 0, 0
0, 0, 0, 0, 0, 0, 0
0, 0, 0, 0, 0, 0, 0
0, 0, 0, 0, 0, 0, 0
0, 0, 0, 0, 0, 0, 0
0, 0, 0, 0, 0, 0, 0
0, 0, 0, 0, 0, 0, 0
0, 0, 0, 0, 0, 0, 0
0, 0, 0, 0, 0, 0, 0
0, 0, 0, 0, 0, 0, 0
0, 0, 0, 0, 0, 0, 0
0, 0, 0, 0, 0, 0, 0
0, 0, 0, 0, 0, 0, 0
0, 0, 0, 0, 0, 0, 0
0, 0, 0, 0, 0, 0, 0
0, 0, 0, 0, 0, 0, 0
0, 0, 0, 0, 0, 0, 0
0, 0, 0, 0, 0, 0, 0
0, 0, 0, 0, 0, 0, 0
0, 0, 0, 0, 0, 0, 0
8.88593575, 9.0421345, 9.237115, 9.489083299999999, 9.757429, 13.804678829999999, 32.855096
8.873029, 9.0309495, 9.24747625, 9.504180700000001, 9.723219, 11.025298349999996, 32.855096
8.888463999999999, 9.04387, 9.2377605, 9.5017654, 9.720071299999999, 11.756286579999983, 32.855096
8.883533499999999, 9.042539999999999, 9.2507305, 9.4989349, 9.693893, 10.550119439999996, 21.371576
8.8976525, 9.049494, 9.243769499999999, 9.5019157, 9.70943595, 13.727953, 52.853195
8.88573525, 9.035666, 9.246933499999999, 9.5333345, 9.808353, 14.60631635, 32.855096
8.90325925, 9.0489945, 9.256803249999999, 9.5189623, 9.802665750000001, 14.450396, 52.853195
8.8984135, 9.046616499999999, 9.247619499999999, 9.538571300000001, 9.72498085, 16.181377349999998, 52.853195
8.88241525, 9.042125, 9.24088825, 9.4915547, 9.71998805, 14.73195576, 22.552578
8.882553, 9.038178, 9.25740325, 9.5414241, 9.808353, 15.874907839999999, 32.855096
8.882302750000001, 9.03701, 9.247177, 9.5169005, 9.7683166, 16.109982679999998, 20.217992
8.900261, 9.049015, 9.25121775, 9.533597799999999, 9.7237601, 14.10601301, 52.853195
8.89844625, 9.050517, 9.247431, 9.482764300000001, 9.7255285, 15.271681039999992, 20.217992
8.86885625, 8.99444, 9.166969, 9.450109, 10.078466, 12.223577699999993, 37.448702
8.862505, 9.003714500000001, 9.183196500000001, 9.445925, 9.9599212, 11.938839599999994, 29.227148
8.873943, 9.00403, 9.19196525, 9.460784, 10.037369, 12.003135779999997, 37.448702
8.87091075, 9.005561, 9.170898, 9.445448299999999, 9.929915249999999, 12.003135779999997, 15.286468
8.86126, 9.005845, 9.170727000000001, 9.4486272, 9.908276099999998, 11.725576, 37.448702
8.868428, 9.0061795, 9.1738355, 9.4391258, 9.965311, 11.932734399999998, 35.734803
8.869612, 9.005413, 9.18344075, 9.4570382, 9.992015, 11.961399699999992, 37.448702
8.86649, 9.0014895, 9.18044175, 9.4941624, 10.323148499999999, 12.170292939999987, 37.448702
8.873935, 9.0056735, 9.18446625, 9.4773286, 10.034085249999995, 12.008233839999988, 37.448702
8.864671, 9.0041795, 9.1797975, 9.482759399999999, 10.18975835, 11.913174, 37.448702
8.869090499999999, 9.0004565, 9.175112, 9.439364, 9.969527649999998, 11.875314869999993, 35.487972
8.86660625, 9.0063525, 9.16608025, 9.420533800000001, 9.854389399999993, 12.27953701999999, 29.227148
8.86144825, 9.005213000000001, 9.18512275, 9.453075, 9.992311199999998, 12.348473289999994, 35.330604
8.86264975, 8.9983435, 9.171387, 9.4432049, 9.95293145, 11.89486393, 16.112752
8.8615215, 9.002309, 9.17411825, 9.450355, 10.034310549999994, 12.340637439999991, 37.448702
8.857266, 9.003591, 9.1708545, 9.4240529, 9.843590049999998, 11.874676349999994, 35.487972
8.86046575, 8.999302, 9.171387, 9.430559, 9.842240949999999, 11.795355169999997, 37.448702
8.858749750000001, 8.993127, 9.176604750000001, 9.430244, 9.80716165, 12.009386999999961, 35.487972
8.863521, 9.0036335, 9.18515575, 9.4589483, 9.953317199999999, 12.315919889999996, 37.448702
8.8688655, 9.0039865, 9.178767, 9.4502759, 9.861103999999996, 11.77998, 37.448702
8.85549575, 8.99749, 9.173266, 9.432031, 9.92058795, 11.961399699999992, 37.448702
8.865268499999999, 9.003703999999999, 9.1787915, 9.4582946, 10.097408199999999, 12.054610679999996, 37.448702
8.86669625, 9.0047225, 9.178965, 9.4664234, 10.004892599999996, 11.958911829999993, 35.734803
8.87237775, 9.007766499999999, 9.18893975, 9.4249579, 9.86051, 11.933341639999984, 37.448702
8.870056250000001, 9.016914, 9.197237, 9.466656, 10.057708349999999, 12.003783259999983, 37.448702
8.858112250000001, 8.996644, 9.1637995, 9.414295899999999, 9.861001499999997, 11.9993765, 37.448702
8.862838, 9.002613499999999, 9.176161, 9.4453462, 9.9518057, 11.738826049999995, 35.487972
8.78453175, 9.050716999999999, 10.210208999999999, 11.5824087, 12.383360450000001, 14.944688130000012, 26.889073
8.793989, 9.0668495, 10.269875, 11.684765200000001, 12.503913750000002, 14.995983, 26.889073
8.792157, 9.076051, 10.276278000000001, 11.663184500000002, 12.4604952, 14.965230630000006, 19.393533
8.780837, 9.053058499999999, 10.226674, 11.669898, 12.404542, 14.932743420000001, 26.889073
8.790975999999999, 9.0673385, 10.24093625, 11.647640100000002, 12.4498122, 14.8228456, 19.393533
8.78472625, 9.046639, 10.22975975, 11.650707800000001, 12.439804650000001, 15.05610806000004, 18.865024
8.790539, 9.0643625, 10.2183605, 11.6387561, 12.471264, 14.953992380000003, 18.677002
8.642314, 9.090355, 10.770419, 12.3560725, 13.88336, 17.96142778000002, 38.813544
8.64477, 9.145797, 10.8212195, 12.4261069, 14.013154, 17.644577100000006, 38.813544
8.64452575, 9.11539, 10.83277, 12.474779400000001, 14.040849699999987, 17.484667290000033, 38.404747
8.6414205, 9.118996500000002, 10.779907, 12.378146, 13.885141299999997, 17.538538300000003, 38.813544
9.110034, 11.213273, 13.960345, 17.305468900000005, 19.742944849999997, 25.334118, 40.625286
9.140142, 11.1701655, 13.9051305, 17.132669300000003, 19.400477899999984, 25.018920580000017, 40.625286
9.110034, 11.246837, 14.1411, 17.456985300000003, 19.966737199999997, 25.872219, 44.22794
9.1157515, 11.261554, 14.09614, 17.3042769, 19.892478999999994, 25.569375, 39.815707
9.13759175, 11.281358, 14.094420249999999, 17.452695, 19.975911049999986, 25.269145610000027, 44.22794
9.14441425, 11.2485435, 14.072194, 17.440367, 19.58521414999999, 25.464532, 40.625286
9.166946, 11.336067, 14.107129, 17.5123147, 19.78104915, 25.259970960000018, 44.22794
9.14947325, 11.307728000000001, 14.094805000000001, 17.557609, 20.03014574999998, 25.792145010000016, 40.625286
9.12291, 11.1745585, 14.0920135, 17.60221750000001, 20.051259599999995, 25.874653650000056, 44.22794
9.131255, 11.287254, 14.11803425, 17.4391502, 20.171684, 25.907049, 40.625286
9.103855, 11.263506, 14.078547749999998, 17.4351854, 19.935798, 26.226208, 44.22794
9.118958, 11.302275999999999, 14.1750555, 17.476674, 20.02397255, 26.015162, 44.22794
9.109936750000001, 11.249597, 14.08345675, 17.369627, 20.02729095, 25.786771, 44.22794
9.104823, 11.249629500000001, 14.011195, 17.249226300000004, 19.673757, 25.786771, 39.815707
9.14947325, 11.279103, 14.18276825, 17.4406565, 20.07056029999999, 26.508652, 40.625286
9.100571, 11.2049135, 14.123277000000002, 17.38041, 20.054081, 25.792145010000016, 40.625286
9.131117, 11.250684, 14.140989000000001, 17.33012980000001, 19.929228349999974, 26.511490540000008, 44.22794
9.115799, 11.2485435, 14.067892, 17.512321, 20.019433, 26.5641, 39.815707
9.08544225, 11.2141325, 14.078297, 17.2977074, 19.89759, 25.386125990000004, 44.22794
9.107936, 11.2177825, 14.0071025, 17.3042769, 19.690333, 25.33463687000001, 44.22794
9.113882499999999, 11.255225, 14.07235175, 17.276179, 19.642388, 25.46558043000002, 44.22794
9.110176749999999, 11.229612, 14.123352, 17.429751800000002, 19.679366, 25.018097, 44.22794
9.1342035, 11.344909999999999, 14.110726, 17.375665, 19.820696299999987, 26.226208, 39.815707
9.100143, 11.135952, 14.02487925, 17.448374, 20.090134599999974, 26.015162, 40.625286
9.13472, 11.2686595, 14.141159, 17.454936, 20.00505045, 25.910039600000065, 44.22794
9.114035750000001, 11.294372, 14.09977675, 17.429751800000002, 19.916648, 25.786816660000003, 40.625286
8.828139, 9.014486, 9.35993925, 10.919378, 11.809644300000004, 14.042272070000003, 97.40569968844487
8.83011025, 9.014216, 9.362619, 10.907395, 11.838544149999999, 14.006010929999974, 37.448702
8.831326, 9.0150165, 9.371606, 10.862161, 11.770969, 13.762149, 35.734803
8.83165925, 9.01747, 9.363995, 10.902352, 11.7866766, 14.022834, 35.734803
8.781711, 9.0497585, 10.24093625, 11.629710000000005, 12.460371, 14.996234439999961, 26.889073
8.788515, 9.053782, 10.225465, 11.654542, 12.424808499999997, 14.995983, 26.889073
8.78503225, 9.046031, 10.214038, 11.664709, 12.424741, 14.783205929999971, 26.889073
8.784007, 9.050942, 10.205052, 11.601669500000009, 12.384728, 14.804108819999982, 26.889073
8.78462075, 9.0542945, 10.229197, 11.66043, 12.465433, 14.932686829999989, 19.563106
8.785933, 9.060942, 10.241081, 11.663583, 12.449738, 14.94417, 26.889073
8.788432, 9.04832, 10.205375, 11.617604, 12.424808499999997, 14.803997, 26.889073
8.786363999999999, 9.05576, 10.220908, 11.66043, 12.457105, 14.901789, 26.889073
8.784007, 9.0462065, 10.225062, 11.6609012, 12.503486, 14.901789, 26.889073
8.786217, 9.054426, 10.22372375, 11.651564600000002, 12.451388749999998, 14.944267119999985, 26.889073
8.726977000000002, 9.0709455, 10.501637, 11.986630600000002, 13.122523, 16.61575631, 38.813544
8.731009, 9.079332, 10.541918, 11.977714800000001, 13.027315, 16.468887259999953, 38.404747
8.72423075, 9.069738999999998, 10.51699725, 11.979604300000009, 13.117741999999998, 16.468887259999953, 38.813544
8.726923, 9.075603, 10.542391499999999, 12.050798700000001, 13.177114599999998, 16.498811, 38.404747
8.727843, 9.066444, 10.496456, 11.977664, 13.112734, 16.442499, 34.462112
8.72694825, 9.072243499999999, 10.526137, 12.0327005, 13.16290355, 16.468887259999953, 38.813544
8.725231, 9.067948, 10.517428, 12.009034300000001, 13.155389, 16.711789, 38.813544
8.648617, 9.140626000000001, 10.817596, 12.478235900000005, 14.066505, 17.844506, 38.813544
8.649837, 9.134672, 10.829518, 12.46999800000001, 14.070622, 17.69964492999999, 38.813544
8.644217, 9.140626000000001, 10.84198, 12.453824600000006, 14.062294, 17.8129, 38.813544
8.642181, 9.117321, 10.785508499999999, 12.411373, 13.94032, 17.703598, 38.813544
8.723678, 9.072659, 10.511546, 12.027306, 13.123384649999993, 16.62074429999996, 34.462112
8.73189, 9.075566, 10.494544, 11.983828, 13.081100849999999, 16.29923173, 38.813544
8.7255675, 9.065508999999999, 10.494544, 11.943158, 13.06856, 16.44275985999996, 34.462112
8.730459, 9.074600499999999, 10.520816, 11.987698, 13.122523, 16.442499, 34.408771
8.73495, 9.0934385, 10.526214, 12.009955, 13.189907099999992, 16.802209, 38.813544
8.725408, 9.076353000000001, 10.54021025, 12.021884300000002, 13.097641699999993, 16.606196, 38.813544
8.724144, 9.070316, 10.50731575, 12.025126, 13.222672, 16.576725, 38.813544
8.73100625, 9.067979, 10.493479749999999, 11.981717500000004, 13.07563525, 16.60924376999999, 38.813544
8.7235805, 9.062066999999999, 10.497791249999999, 11.974972000000003, 13.162858, 16.594025899999984, 38.813544
8.786217, 9.049619, 10.225062, 11.645967, 12.454684399999998, 15.049793, 26.889073
8.789892, 9.0613335, 10.229351, 11.633203200000002, 12.404961599999993, 14.94417, 26.889073
8.784399, 9.048128, 10.209485, 11.651476, 12.490799999999998, 15.054253, 26.889073
8.784188, 9.053899000000001, 10.233688, 11.670405800000001, 12.51207335, 14.995983, 26.889073
8.789633, 9.0567575, 10.218304, 11.663583, 12.496195, 14.831956519999933, 26.889073
8.781851, 9.046347, 10.174431, 11.643211, 12.440484699999997, 14.804108819999982, 26.889073
8.787855, 9.05576, 10.237786, 11.636392, 12.451388749999998, 14.96492, 26.889073
8.786701749999999, 9.053467, 10.20143925, 11.646870900000001, 12.439778, 14.747010639999985, 26.889073
8.785696000000002, 9.048317, 10.199632, 11.633141, 12.439778, 14.873687, 19.563106
8.780685, 9.046094, 10.20963775, 11.636392, 12.462855, 14.96492, 26.889073
8.7892095, 9.058902, 10.230541, 11.64915, 12.474833899999998, 14.822845599999997, 26.889073
8.788431, 9.058169, 10.233637, 11.660993, 12.460371, 14.94417, 26.889073
8.7266865, 9.0631865, 10.466418, 11.931311, 13.053398199999991, 16.306208, 38.813544
8.72871275, 9.07647, 10.5069615, 11.99404800000001, 13.117615, 16.57661971999997, 38.813544
8.727758249999999, 9.080207, 10.525822, 11.978234, 13.108556, 16.60573268, 38.404747
8.79090375, 9.059239, 10.218304, 11.617119800000001, 12.397729549999994, 14.902156219999942, 26.889073
8.83414975, 9.014158, 9.365284, 10.864312000000002, 11.838105, 13.775426879999992, 37.448702
8.834011, 9.019095, 9.378121, 10.8833929, 11.826115299999996, 14.040122929999997, 37.448702
8.788326999999999, 9.055830499999999, 10.243421, 11.673618, 12.496500499999996, 14.953882, 26.889073
8.785696000000002, 9.05295, 10.22807875, 11.642939, 12.460495199999999, 15.049793, 26.889073
8.78856, 9.0539795, 10.218304, 11.638546, 12.443785, 14.944267119999985, 26.889073
8.791179, 9.051, 10.241081, 11.663426, 12.472246899999998, 15.054648079999936, 26.889073
8.779996, 9.047141, 10.191764, 11.622074, 12.34270465, 14.757332509999959, 26.889073
8.784007, 9.0504625, 10.22052, 11.653518, 12.439778, 14.822845599999997, 26.889073
8.78962275, 9.063528, 10.24796125, 11.647640100000004, 12.457268299999997, 14.804108819999982, 26.889073
8.783877, 9.048323, 10.230684, 11.638894500000008, 12.44381295, 14.932686829999989, 26.889073
8.784563, 9.0530395, 10.190331, 11.597518, 12.362897949999999, 14.873687, 26.889073
8.78437, 9.046385, 10.181255, 11.652477600000003, 12.449738, 14.824984, 26.889073
8.784751, 9.0505645, 10.221983, 11.646801, 12.436289599999999, 14.873687, 26.889073
8.787855, 9.059052999999999, 10.233637, 11.648925900000002, 12.3959, 14.815179, 26.889073
8.787855, 9.054412, 10.22811725, 11.6609012, 12.496195, 14.96492, 26.889073
8.78453175, 9.050419, 10.194268, 11.623755, 12.384728, 14.804108819999982, 26.889073
8.785802, 9.064143, 10.248715, 11.638573400000006, 12.421150299999999, 14.783205929999971, 26.889073
8.789552, 9.060496, 10.217937, 11.6475, 12.471264, 15.021127, 26.889073
8.78020925, 9.046031, 10.214815, 11.629453, 12.383578, 14.873687, 26.889073
8.786584, 9.046385, 10.217937, 11.609365, 12.421048, 14.822824, 26.889073
8.7859005, 9.054419, 10.21806025, 11.646801, 12.460371, 14.873968019999955, 19.563106
8.789133249999999, 9.053603, 10.215979, 11.654542, 12.47130655, 15.021127, 26.889073
8.78707, 9.052887, 10.220617, 11.645967, 12.472115, 14.822824, 26.889073
8.78362975, 9.049619, 10.184419250000001, 11.605303800000003, 12.397729549999994, 14.944267119999985, 26.889073
8.789062, 9.064587, 10.246592, 11.659932, 12.462855, 14.96492, 26.889073
8.78707, 9.054177, 10.223743, 11.659932, 12.476371, 14.94417, 26.889073
8.781347, 9.0480465, 10.218304, 11.640647, 12.38156, 14.747010639999985, 19.563106
8.786029, 9.056303, 10.23312, 11.654684, 12.490727, 14.953882, 26.889073
8.78580275, 9.0574745, 10.21229775, 11.661097900000001, 12.503913749999993, 15.093761, 26.889073
8.781959, 9.0536245, 10.247872, 11.652362, 12.424741, 14.94417, 26.889073
8.789554, 9.052887, 10.248715, 11.632023, 12.440311, 14.932628, 26.889073
8.78856, 9.059052999999999, 10.269875, 11.6711205, 12.490727, 15.027702, 26.889073
8.78703, 9.0584835, 10.279256, 11.672563, 12.471264, 14.995983, 26.889073
8.722778, 9.074737, 10.508285, 11.943064, 13.06856, 16.33591493999998, 38.813544
8.7265845, 9.0767065, 10.526465, 12.042797, 13.155429949999998, 16.570951, 38.404747
8.727666, 9.0726675, 10.53066625, 12.018940800000001, 13.157059, 16.605728, 38.813544
8.72525, 9.074737, 10.50302025, 12.040927, 13.259016, 16.576445, 38.813544
8.7254, 9.0827195, 10.530408249999999, 11.997607500000003, 13.117615, 16.594025899999984, 38.813544
8.72169825, 9.062144, 10.51743675, 12.025344000000004, 13.156418099999996, 16.5764478, 38.813544
8.728257, 9.0703815, 10.51923575, 11.983828, 13.138524, 16.38437187, 38.404747
8.728288, 9.069142, 10.529989, 11.993566, 13.112201, 16.442499, 38.404747
8.783448, 9.047965, 10.2183605, 11.622241400000004, 12.457268299999997, 14.938511, 26.889073
8.788015, 9.0536925, 10.21686, 11.615875300000003, 12.454847699999995, 14.822824, 26.889073
8.786741, 9.045245000000001, 10.197348, 11.622074, 12.412934, 14.757332509999959, 26.889073
8.78722075, 9.0513455, 10.230541, 11.650524, 12.469801, 14.824984, 26.889073
8.785802, 9.0497585, 10.185552, 11.632081700000002, 12.436106, 14.804108819999982, 26.889073
8.783974500000001, 9.0494175, 10.19530775, 11.608409, 12.421048, 14.94417, 26.889073
8.786741, 9.058963, 10.230986, 11.643211, 12.436289599999999, 15.021127, 26.889073
8.790975999999999, 9.052887, 10.190106, 11.63261, 12.440311, 14.996234439999961, 26.889073
8.781061, 9.0449165, 10.188561, 11.608504600000002, 12.413306599999995, 14.932686829999989, 26.889073
8.785803, 9.051, 10.21686, 11.633141, 12.465433, 14.873687, 26.889073
8.78900425, 9.0527835, 10.230684, 11.640647, 12.502753, 14.96492, 26.889073
8.784391750000001, 9.044512, 10.21229775, 11.607978800000001, 12.397729549999994, 14.824984, 19.563106
8.786061, 9.065487, 10.240888, 11.662602, 12.524979, 14.94417, 26.889073
8.78464, 9.050942, 10.230541, 11.643486600000006, 12.451388749999998, 15.027702, 26.889073
8.72684225, 9.0763185, 10.529989, 12.022362, 13.171542549999996, 16.615886, 38.813544
8.727053, 9.074715000000001, 10.524028, 11.9723777, 13.112734, 16.60573268, 38.813544
8.7254, 9.065531, 10.4987135, 11.973583, 13.11222765, 16.576725, 34.462112
8.727136, 9.073017, 10.522914250000001, 12.041293100000004, 13.157196249999998, 16.570951, 38.813544
8.72706275, 9.083028, 10.538125749999999, 12.018429300000003, 13.113219349999996, 16.361150479999964, 38.813544
8.727006, 9.072411, 10.51617925, 11.987698, 13.206711149999995, 16.802209, 38.813544
8.72699075, 9.06916, 10.505768, 11.971295000000003, 13.025272, 16.570951, 38.404747
8.730646, 9.07048, 10.503684, 11.997521, 13.096827, 16.348599589999996, 38.404747
8.73114, 9.082485, 10.5284595, 11.981717500000004, 13.104457, 16.37829034999999, 38.813544
8.725231, 9.071783, 10.521659, 11.9804726, 13.08207465, 16.393789, 38.813544
8.72828025, 9.073376, 10.528557, 12.009955, 13.150815, 16.576445, 38.813544
8.724888, 9.080855, 10.542316, 12.001404, 13.164032949999996, 16.46966359999983, 38.813544
8.729497499999999, 9.081591, 10.524649, 12.014736, 13.157059, 16.615886, 38.813544
8.728706, 9.0696125, 10.521886, 11.979247, 13.117741999999998, 16.499532399999886, 38.813544
8.727295, 9.0889295, 10.51241425, 11.962950500000002, 13.16041, 16.33591493999998, 38.813544
8.72938275, 9.077988000000001, 10.535099, 11.9862213, 13.159804, 16.35044, 38.813544
8.726114, 9.066057, 10.50805325, 12.019524, 13.1605324, 16.5764478, 38.813544
8.79090375, 9.06636, 10.279256, 11.6634417, 12.471264, 14.902097389999952, 26.889073
8.786217, 9.0536925, 10.229351, 11.662098, 12.492187, 14.932686829999989, 26.889073
8.789892, 9.063906, 10.217937, 11.636392, 12.4204191, 14.873968019999955, 26.889073
8.82966575, 9.00883, 9.353144, 10.850576, 11.7637551, 13.97964285, 35.734803
8.83478225, 9.015316, 9.36414275, 10.876892, 11.749916, 13.851700399999983, 35.734803
8.83408, 9.019313499999999, 9.370785, 10.884661900000001, 11.788322799999996, 13.652939739999997, 35.734803
8.83438325, 9.017243, 9.374436750000001, 10.837659, 11.76124, 13.775426879999992, 35.734803
8.831859, 9.015053, 9.374021500000001, 10.870778, 11.780220399999997, 13.920466849999965, 37.448702
8.83424125, 9.018108999999999, 9.37189225, 10.8946593, 11.778136049999999, 13.780336209999987, 37.448702
8.834783, 9.014982, 9.3708815, 10.846019, 11.764438149999998, 13.94243, 37.448702
8.828764, 9.012504, 9.372594, 10.8623369, 11.78007265, 13.762149, 37.448702
8.830095, 9.018693, 9.375045499999999, 10.9012702, 11.84915135, 14.061738289999981, 35.734803
8.83625575, 9.0218235, 9.38381375, 10.9120386, 11.761705249999999, 13.966802, 35.734803
8.830505, 9.013584999999999, 9.365415, 10.877081, 11.7668939, 13.851700399999983, 35.734803
8.83403075, 9.020617999999999, 9.377847, 10.923026000000002, 11.788322799999996, 13.98064811999993, 37.448702
8.83576725, 9.016213, 9.354427, 10.861047, 11.74909775, 13.749482, 37.448702
8.8340925, 9.016376, 9.383478749999998, 10.946746, 11.89489015, 14.132683299999998, 37.448702
8.834246, 9.01469, 9.353081, 10.8709136, 11.77492385, 13.851996519999934, 37.448702
8.831491, 9.019868, 9.38793425, 10.911256, 11.80116, 14.006010929999974, 37.448702
8.833434, 9.018589500000001, 9.37292925, 10.893439, 11.767351699999999, 13.749482, 35.734803
8.83542175, 9.017611, 9.38650475, 10.905701, 11.818554249999995, 13.787291719999999, 35.487972
8.785803, 9.051636, 10.212492, 11.629453, 12.420386, 14.944267119999985, 19.563106
8.787855, 9.061801, 10.23065225, 11.659932, 12.457105, 14.873687, 26.889073
8.787975, 9.053782, 10.220941, 11.638363300000002, 12.462855, 14.96492, 26.889073
8.789595, 9.061941, 10.229197, 11.663426, 12.454557, 14.873687, 26.889073
8.785522, 9.052887, 10.197348, 11.647640100000004, 12.460371, 14.822824, 26.889073
8.7841415, 9.050942, 10.225465, 11.648901, 12.457268299999997, 14.82504950999999, 26.889073
8.77904, 9.047295, 10.22811725, 11.638756100000004, 12.436106, 14.82504950999999, 26.889073
8.786325, 9.048960000000001, 10.214038, 11.648901, 12.436106, 14.953882, 26.889073
8.790975999999999, 9.062767, 10.230541, 11.6604761, 12.469801, 14.938511, 26.889073
8.786584, 9.061871, 10.233637, 11.650619200000003, 12.451222, 14.995983, 26.889073
8.788515, 9.052887, 10.205375, 11.63261, 12.449812199999998, 14.94417, 26.889073
8.783518, 9.049619, 10.230541, 11.649208500000002, 12.385381, 14.932628, 26.889073
8.78881275, 9.056303, 10.23312, 11.660891, 12.451222, 14.831535, 26.889073
8.7909, 9.056303, 10.248715, 11.638546, 12.38062, 14.815255449999988, 26.889073
8.78408125, 9.050942, 10.220221, 11.6429662, 12.421048, 14.953992379999983, 26.889073
8.79026175, 9.06199, 10.242432, 11.670405800000001, 12.479442899999992, 14.94417, 26.889073
8.789062, 9.060496, 10.223942, 11.6286736, 12.421150299999999, 14.938511, 26.889073
8.78579, 9.0467975, 10.199523, 11.632023, 12.423094, 14.94417, 26.889073
8.730459, 9.081915500000001, 10.528769, 12.025925300000006, 13.234475, 16.843217, 38.813544
8.72287, 9.0783745, 10.517463, 11.9628315, 13.090192199999995, 16.306771309999966, 38.404747
8.725231, 9.068994, 10.497367, 11.95762530000001, 13.02354, 16.316743619999993, 38.813544
8.728254, 9.071783, 10.505768, 11.98441, 13.123307449999997, 16.604807, 38.813544
8.727412000000001, 9.070447999999999, 10.52586325, 11.962881, 13.02806534999999, 16.84523842999992, 38.404747
8.725242999999999, 9.067211, 10.488921000000001, 11.978172, 13.150732, 16.499532399999886, 38.813544
8.73107125, 9.086345, 10.56361, 12.032652, 13.169048, 16.879614199999978, 38.813544
8.730008, 9.0825265, 10.5494405, 12.040764300000001, 13.177002, 16.57689691999997, 38.813544
8.72868425, 9.084606, 10.543721, 12.030500100000005, 13.139758549999993, 16.703767, 38.404747
8.730238, 9.082138, 10.525822, 11.988140800000009, 13.120273399999999, 16.606225819999995, 38.813544
8.727532, 9.066206, 10.50289, 12.009534, 13.266517149999999, 16.61575631, 38.813544
8.727166, 9.07365, 10.511765, 11.984775, 13.112746699999999, 16.499587339999877, 38.813544
8.789133249999999, 9.051623, 10.19440475, 11.607393, 12.451222, 14.96548206999991, 26.889073
8.786178, 9.0507895, 10.223674, 11.623755, 12.539855, 15.021127, 26.889073
8.779202, 9.0441615, 10.194268, 11.608504600000002, 12.383578, 14.831535, 26.889073
8.78707, 9.0507895, 10.24400925, 11.648925900000002, 12.472115, 14.938567589999991, 26.889073
8.79090375, 9.069364, 10.2752855, 11.648901, 12.444344, 14.96492, 26.889073
8.78462075, 9.0508185, 10.19960425, 11.646801, 12.460371, 14.944267119999985, 26.889073
8.788326999999999, 9.059111, 10.2179475, 11.646801, 12.462855, 14.932628, 26.889073
8.788431, 9.050942, 10.19530775, 11.629710000000005, 12.444344, 15.054253, 26.889073
8.784649, 9.054419, 10.2155, 11.649208500000002, 12.492387399999997, 14.822824, 26.889073
8.791438, 9.06494, 10.247872, 11.674203, 12.449738, 14.932628, 19.563106
8.785803, 9.046956, 10.189086, 11.648901, 12.397371, 14.953882, 26.889073
8.786217, 9.052158, 10.209485, 11.651476, 12.440782349999992, 14.938511, 26.889073
8.791862, 9.066462, 10.226674, 11.6599818, 12.443785, 14.873687, 26.889073
8.789892, 9.0584835, 10.225465, 11.652362, 12.440311, 14.995983, 26.889073
8.78651225, 9.048128, 10.202244, 11.638546, 12.439978349999997, 15.027922909999964, 26.889073
8.784673, 9.050637, 10.202244, 11.6475, 12.469801, 14.824984, 26.889073
8.789546, 9.0542415, 10.212492, 11.654542, 12.451222, 15.054253, 26.889073
8.78250475, 9.0460625, 10.205375, 11.653518, 12.420386, 14.873968019999955, 26.889073
8.785038, 9.050122, 10.186704, 11.619468, 12.444344, 15.027702, 19.563106
8.784022, 9.053467, 10.22091625, 11.623755, 12.385116, 14.82504950999999, 26.889073
8.785802, 9.051341, 10.248229, 11.646801, 12.460495199999999, 14.824984, 19.563106
8.78503225, 9.0578155, 10.21686, 11.6173565, 12.3847474, 14.815255449999988, 26.889073
8.83461775, 9.022027, 9.3802995, 10.8987772, 11.851628, 14.061738289999981, 37.448702
8.791179, 9.054177, 10.210548, 11.6237487, 12.397371, 14.803997, 26.889073
8.7895155, 9.06711, 10.223792750000001, 11.622074, 12.385116, 14.804108819999982, 26.889073
8.785015, 9.051341, 10.205052, 11.638343, 12.462855, 14.803997, 26.889073
8.78387225, 9.053068, 10.210096, 11.625699, 12.451222, 14.932628, 26.889073
8.788897, 9.05317, 10.221427, 11.6699417, 12.512041, 14.953882, 26.889073
8.78958475, 9.0516295, 10.23312, 11.6604761, 12.449738, 14.944377499999966, 26.889073
8.786741, 9.054306, 10.182713, 11.607931, 12.383578, 14.815179, 26.889073
8.784652, 9.053013, 10.21686, 11.633763, 12.420386, 14.831535, 19.563106
8.785933, 9.051636, 10.212492, 11.647640100000004, 12.524979, 14.995983, 26.889073
8.785227, 9.043728, 10.220908, 11.646801, 12.378038, 14.757073, 26.889073
8.828764, 9.014931, 9.378121, 10.877024, 11.766874, 13.74974095999996, 35.330604
8.830058, 9.0178785, 9.3662365, 10.8828875, 11.781833, 13.862926119999951, 37.448702
8.83478225, 9.017128, 9.3746335, 10.904826, 11.7750972, 14.0253507, 35.734803
8.829731, 9.012955, 9.371587, 10.8667265, 11.777362, 13.979637, 35.734803
8.836511, 9.02448, 9.386756, 10.9497245, 11.83942005, 14.370167, 37.448702
8.8322875, 9.015316, 9.37127975, 10.9115148, 11.7740831, 13.920710569999924, 37.448702
8.83482425, 9.016442, 9.37647975, 10.8652401, 11.788002, 13.762228029999989, 35.487972
8.829013, 9.0164835, 9.37396875, 10.9012057, 11.77492385, 14.054369, 37.448702
8.8306555, 9.015704, 9.369594, 10.8583029, 11.763729, 14.07393618999994, 37.448702
8.8322355, 9.016027999999999, 9.37221125, 10.891991800000001, 11.746551, 13.94243, 37.448702
8.8335725, 9.0183715, 9.373789, 10.8828875, 11.7848811, 13.762149, 37.448702
8.835446, 9.0182325, 9.38521, 10.878782, 11.747538199999996, 13.749482, 35.734803
8.830754, 9.015217, 9.376449, 10.9469525, 11.809925, 14.163179739999999, 35.330604
8.83165925, 9.014007, 9.3662365, 10.858299, 11.770826, 14.094519279999972, 35.487972
8.8347545, 9.023276, 9.381936, 10.919722100000001, 11.836901, 13.720919739999987, 37.448702
8.783448, 9.050122, 10.199632, 11.646120300000003, 12.454684399999998, 14.953882, 26.889073
8.789062, 9.0475285, 10.205375, 11.63261, 12.385116, 14.94417, 26.889073
8.790938, 9.067239, 10.281793, 11.6844, 12.539855, 15.093761, 26.889073
8.787271, 9.057744, 10.230541, 11.638546, 12.460371, 14.831956519999933, 26.889073
8.788432, 9.055901, 10.258038, 11.632023, 12.388296, 14.801217, 19.563106
8.788432, 9.048317, 10.212492, 11.613494, 12.34270465, 14.803997, 26.889073
8.788897, 9.0534435, 10.245774, 11.651476, 12.474753, 14.902097389999952, 19.563106
8.784188, 9.0470295, 10.19530775, 11.643211, 12.443785, 14.938511, 26.889073
8.728103, 9.0769765, 10.55020175, 12.018429300000003, 13.176227, 16.615755, 38.813544
8.7309805, 9.0866235, 10.5337205, 12.023483, 13.137592, 16.395060179999923, 38.813544
8.731155, 9.091402, 10.542447, 12.028240500000004, 13.150732, 16.468887259999953, 38.813544
8.726114, 9.065472, 10.513517, 11.9804726, 13.17626575, 16.604916479999982, 38.404747
8.649671, 9.119783, 10.792782, 12.426093, 14.078328, 17.888381479999943, 38.813544
8.64953375, 9.1286245, 10.819754, 12.474183, 14.034630899999996, 17.8129, 38.813544
8.64424, 9.12794, 10.809672, 12.456485, 14.07062675, 17.872018, 38.813544
8.6468, 9.142989, 10.824965, 12.474779400000008, 14.034355, 17.708369, 38.813544
8.646682, 9.140626000000001, 10.788663, 12.384751700000004, 13.943173749999993, 17.786071, 38.813544
8.6452335, 9.118408, 10.787559, 12.42623, 13.994813, 17.793896, 38.813544
8.648023, 9.113885, 10.82114, 12.436701700000008, 14.009579149999999, 17.786971, 38.813544
8.642968, 9.118738, 10.801736, 12.448787, 14.062294, 17.663793, 38.813544
8.64424, 9.119783, 10.803728, 12.449230300000009, 14.063569, 17.8129, 38.813544
8.642493, 9.111567, 10.801449, 12.458521600000003, 14.06189, 17.69964492999999, 38.813544
8.65249925, 9.156649, 10.807164, 12.424355, 14.009391, 17.786071, 38.813544
8.64424, 9.115713, 10.8306125, 12.474418, 14.015086, 17.699605, 38.813544
8.726952, 9.066459, 10.505337, 11.9712142, 13.132498, 16.385237379999985, 38.813544
8.72960775, 9.079756, 10.522811, 12.015427200000001, 13.112746699999999, 16.62074429999996, 38.813544
8.725592, 9.075566, 10.493644499999998, 11.9644915, 13.097258, 16.615755, 38.813544
8.73114, 9.077807, 10.523425, 11.984775, 13.02806534999999, 16.385151, 38.813544
8.727006, 9.076734, 10.5156605, 12.033296800000004, 13.268407, 16.593917, 38.813544
8.724888, 9.0678235, 10.5198775, 11.9781782, 12.982661, 16.385151, 38.813544
8.781956, 9.048128, 10.202244, 11.640647, 12.451222, 14.932628, 26.889073
8.785522, 9.0497585, 10.21853, 11.642121800000002, 12.449812199999998, 14.96523062999995, 26.889073
8.78856, 9.050426, 10.199499, 11.636587100000005, 12.449978949999997, 14.996234439999961, 26.889073
8.791836, 9.059038000000001, 10.250831, 11.674203, 12.449738, 14.96523062999995, 26.889073
8.783518, 9.047965, 10.226932, 11.663695600000002, 12.469801, 14.75751443999993, 26.889073
8.7892095, 9.05317, 10.214038, 11.653620400000003, 12.449738, 14.815179, 26.889073
8.786217, 9.047122, 10.17774175, 11.615418, 12.424741, 14.901789, 26.889073
8.782061, 9.043728, 10.221427, 11.633141, 12.421048, 14.831535, 26.889073
8.784492, 9.057478, 10.220908, 11.6429662, 12.503913749999993, 15.240095439999946, 26.889073
8.78437, 9.050433, 10.209485, 11.633141, 12.388676199999995, 14.938511, 26.889073
8.78707, 9.050637, 10.220617, 11.659932, 12.490727, 14.953882, 26.889073
8.784399, 9.048251, 10.186646249999999, 11.606706, 12.413306599999995, 14.953882, 26.889073
8.78937475, 9.054177, 10.223743, 11.662042, 12.439778, 14.996234439999961, 26.889073
8.785802, 9.0503055, 10.214815, 11.668427, 12.496195, 14.96492, 26.889073
8.786741, 9.053201, 10.233637, 11.6609012, 12.462855, 14.94417, 26.889073
8.784007, 9.046956, 10.223942, 11.633763, 12.413306599999995, 15.027702, 26.889073
8.78937475, 9.051, 10.248715, 11.650619200000003, 12.462983899999998, 14.901789, 26.889073
8.78468, 9.050492, 10.2128345, 11.609365, 12.440484699999997, 14.953992379999983, 26.889073
8.784391750000001, 9.052887, 10.2580705, 11.6599818, 12.440311, 14.932628, 26.889073
8.83528875, 9.0204015, 9.376036, 10.8934768, 11.799938, 14.061619, 37.448702
8.78473325, 9.055830499999999, 10.258038, 11.636392, 12.424808499999997, 14.96492, 26.889073
8.790431, 9.0584835, 10.205375, 11.649208500000002, 12.457105, 14.938567589999991, 26.889073
8.785754, 9.047141, 10.182616, 11.632023, 12.465433, 14.901789, 26.889073
8.784563, 9.055901, 10.23312, 11.67544, 12.524979, 14.96492, 26.889073
8.784563, 9.044144, 10.214986249999999, 11.643211, 12.451222, 14.831956519999933, 26.889073
8.784652, 9.0531285, 10.226674, 11.648901, 12.490727, 14.96492, 26.889073
8.78464, 9.051623, 10.2155, 11.6286736, 12.451222, 14.94417, 26.889073
8.789424, 9.067917, 10.2580705, 11.649909100000004, 12.469801, 14.93274341999998, 26.889073
8.78937475, 9.048960000000001, 10.215759, 11.6475, 12.492187, 15.093761, 26.889073
8.7843245, 9.050234, 10.19702925, 11.6173565, 12.457105, 14.831535, 26.889073
8.783742, 9.0531, 10.245774, 11.6429662, 12.451222, 15.02119274999999, 26.889073
8.78453175, 9.049898, 10.260437249999999, 11.669898, 12.502753, 14.873687, 26.889073
8.783974500000001, 9.047122, 10.194815, 11.607446800000002, 12.38512925, 14.822824, 26.889073
8.78237525, 9.0458565, 10.19239, 11.622074, 12.436289599999999, 14.822911109999987, 26.889073
8.788015, 9.047103, 10.258203, 11.659932, 12.465651399999997, 14.815255449999988, 26.889073
8.7835005, 9.048185, 10.23364975, 11.633141, 12.426091, 14.822824, 26.889073
8.780063, 9.049619, 10.22052, 11.597828100000008, 12.413339699999995, 14.815255449999988, 26.889073
8.78691, 9.067239, 10.24051975, 11.670335, 12.533566, 15.273403, 26.889073
8.786217, 9.053087, 10.218304, 11.619468, 12.397371, 14.82504950999999, 26.889073
8.787975, 9.053013, 10.215979, 11.638546, 12.444344, 15.027702, 26.889073
8.78186075, 9.046094, 10.210096, 11.652362, 12.502753, 15.093761, 26.889073
8.727789, 9.0764225, 10.549713500000001, 12.009694800000004, 13.163167499999995, 16.711789, 38.404747
8.729497499999999, 9.0861865, 10.551850250000001, 12.040725, 13.150815, 16.325909, 34.462112
8.73059375, 9.0827195, 10.5087945, 11.992895500000001, 13.122523, 16.593917, 38.813544
8.728103, 9.0741715, 10.51160075, 12.007434, 13.087696, 16.570951, 38.813544
8.649243250000001, 9.140528, 10.80024925, 12.442949700000003, 13.990885, 17.793896, 38.813544
8.648617, 9.134162, 10.802272, 12.426093, 13.991081399999997, 17.786071, 38.813544
8.648492, 9.143499, 10.77868775, 12.389567, 13.964127, 17.547577, 38.813544
8.646338, 9.129338, 10.792782, 12.408544000000012, 14.039873, 17.786971, 38.813544
8.645996, 9.118227, 10.813506499999999, 12.458521600000003, 14.021462, 17.786971, 38.813544
8.647925, 9.127207, 10.803248, 12.408001, 13.974307, 17.703598, 38.813544
8.652431, 9.135331, 10.814858, 12.430775, 13.991081399999997, 17.844506, 38.813544
8.645282, 9.136702, 10.8306125, 12.444263, 14.034630899999996, 17.930662, 38.813544
8.64909, 9.1275925, 10.799901, 12.394576, 14.009391, 17.699605, 38.813544
8.64735, 9.141965, 10.814858, 12.418864, 14.039873, 17.802213, 38.813544
8.64909, 9.142811, 10.795695, 12.474779400000008, 14.034355, 17.663793, 38.813544
8.646909, 9.133789, 10.809144, 12.447581, 14.0784085, 17.844506, 38.813544
8.64713, 9.137233, 10.801294, 12.456485, 14.062389, 17.699605, 38.813544
8.647882, 9.149584, 10.8128985, 12.426232, 14.009391, 17.703598, 38.813544
8.648044, 9.142811, 10.792807, 12.423710600000001, 13.94032, 17.786971, 38.813544
8.64911925, 9.136702, 10.797017, 12.444252, 14.013154, 17.663793, 38.813544
8.6430295, 9.134162, 10.792584, 12.429064, 14.057811, 17.872018, 38.813544
8.652538, 9.1496, 10.83873, 12.45322, 14.059407, 17.793896, 38.813544
8.649533, 9.14261, 10.81732525, 12.436701700000008, 14.059407, 17.78608, 38.813544
8.644131, 9.1446595, 10.802425, 12.481334, 14.062613, 17.786971, 38.813544
8.643625, 9.128324, 10.824965, 12.429641, 13.961266, 17.699605, 38.813544
8.64738, 9.140164, 10.835209, 12.431099400000008, 14.07062675, 17.802213, 38.813544
8.649633, 9.14294, 10.823185, 12.426273, 14.059407, 17.802213, 38.813544
8.6479985, 9.135331, 10.796022, 12.423639, 13.96309, 17.709146019999878, 38.813544
8.72828025, 9.0765805, 10.489588, 12.019512, 13.13855685, 16.645092369999944, 38.813544
8.72684225, 9.077219, 10.530125, 12.0147414, 13.204716, 16.7835, 38.813544
8.730393249999999, 9.08539, 10.52586, 12.0147414, 13.104457, 16.80240376999997, 38.813544
8.726084, 9.070371999999999, 10.525873, 11.974972000000003, 13.112201, 16.60924507999999, 38.813544
8.729127, 9.078523, 10.516849, 11.98441, 13.132752699999996, 16.60924507999999, 38.813544
8.726978, 9.073138, 10.53911075, 11.97164, 13.120273399999999, 16.594025899999984, 38.813544
8.726974, 9.078557, 10.5500495, 12.0407452, 13.206432, 16.609178, 38.404747
8.727985, 9.069178, 10.510521749999999, 11.997607500000003, 13.157196249999998, 16.615886, 38.813544
8.72746725, 9.088349, 10.532537, 12.051952, 13.151297349999997, 16.645092369999944, 38.813544
8.731154499999999, 9.078226, 10.52949925, 12.015373, 13.17626575, 16.304457, 38.404747
8.725592, 9.065575, 10.50173275, 11.976188900000004, 13.027315, 16.468585, 38.404747
8.729527, 9.0759675, 10.50073325, 12.014736, 13.068909799999995, 16.378229, 38.813544
8.7327015, 9.0790355, 10.517428, 12.01479, 13.169687, 16.468585, 38.404747
8.725472499999999, 9.0653875, 10.51147475, 11.993566, 13.081052, 16.5764478, 38.813544
8.728171, 9.067575, 10.50404, 11.9723777, 13.135516249999998, 16.703767, 38.813544
8.7300895, 9.0808955, 10.548053, 12.041858, 13.139181, 16.468887259999953, 38.813544
8.722446, 9.0712795, 10.530565, 11.988210300000011, 13.1605324, 16.384458249999987, 38.813544
8.7269685, 9.079886, 10.5198775, 11.973963, 13.15082835, 16.499532399999886, 38.404747
8.727994, 9.079934999999999, 10.50173275, 11.95326360000001, 13.162858, 16.393789, 38.813544
8.729935, 9.080666, 10.52049575, 12.015915, 13.171296, 16.615755, 38.813544
8.785227, 9.057744, 10.217937, 11.6545562, 12.490727, 14.944267119999985, 19.563106
8.785015, 9.047965, 10.196786, 11.638546, 12.454684399999998, 14.801217, 26.889073
8.790647750000002, 9.062767, 10.223651, 11.648901, 12.449738, 14.831535, 26.889073
8.784188, 9.0536925, 10.225062, 11.645967, 12.451388749999998, 14.996234439999961, 26.889073
8.78464, 9.049919, 10.213906000000001, 11.652362, 12.476371, 14.831535, 26.889073
8.785038, 9.053234, 10.212233, 11.649813900000002, 12.449738, 14.995983, 26.889073
8.78900425, 9.061941, 10.242552, 11.668427, 12.532010849999999, 14.831956519999933, 26.889073
8.78722075, 9.053013, 10.2007385, 11.609365, 12.421150299999999, 14.757073, 19.563106
8.781575, 9.042334499999999, 10.183236, 11.622074, 12.388296, 14.94417, 26.889073
8.784751, 9.050433, 10.2179475, 11.659932, 12.412934, 14.96523062999995, 26.889073
8.83544375, 9.0154505, 9.382693, 10.874871, 11.824461, 13.89274387999992, 37.448702
8.82693575, 9.012178, 9.358695749999999, 10.872134, 11.774039, 13.979219, 37.448702
8.831326, 9.0155175, 9.375152, 10.866645, 11.768581, 13.806771, 37.448702
8.832752, 9.019076, 9.374436750000001, 10.881, 11.787223, 13.806771, 37.448702
8.833326750000001, 9.0167285, 9.359972, 10.819325500000001, 11.71848485, 13.770052, 37.448702
8.83408, 9.0139525, 9.360349, 10.838169500000001, 11.762856, 13.97922318, 35.734803
8.831201, 9.017329, 9.370226, 10.897675, 11.770826, 13.86263, 37.448702
8.8314615, 9.017007, 9.381302, 10.896614, 11.804311, 13.920245, 37.448702
8.83428125, 9.0148775, 9.37221125, 10.877024, 11.818499749999996, 14.022860849999995, 37.448702
8.834888, 9.021015, 9.36329075, 10.866539, 11.775076899999998, 13.942673719999961, 37.448702
8.830116, 9.016208, 9.37240625, 10.8586089, 11.774039, 13.72568, 37.448702
8.836461, 9.0178785, 9.3802, 10.872316600000001, 11.76124, 13.652919, 37.448702
8.8309245, 9.012923, 9.378625249999999, 10.8748845, 11.77998, 13.85159, 35.734803
8.83438325, 9.019314, 9.387525499999999, 10.9080414, 11.826812599999997, 13.97922318, 37.448702
8.8385, 9.022229, 9.377894999999999, 10.894716, 11.815598, 13.770154139999983, 35.734803
8.835352, 9.0239345, 9.376449, 10.896614, 11.7800107, 14.056165579999972, 37.448702
8.83718925, 9.0196085, 9.37895825, 10.865084, 11.755004349999998, 14.042294, 37.448702
8.83377075, 9.0159725, 9.37331125, 10.891831, 11.738595, 13.720886419999992, 35.330604
8.831856, 9.01723, 9.382814, 10.8784905, 11.7867176, 14.040101, 37.448702
8.835067, 9.0172815, 9.367696, 10.877024, 11.781980749999999, 13.707942819999966, 37.448702
8.831326, 9.0137015, 9.358619, 10.8230025, 11.711099099999998, 13.788040429999878, 37.448702
8.831620749999999, 9.01723, 9.390868, 10.8811844, 11.7848811, 13.942673719999961, 37.448702
8.83536025, 9.021241499999999, 9.376311, 10.870688900000001, 11.751520099999997, 13.86263, 37.448702
8.828808, 9.017684, 9.37767975, 10.8938288, 11.7750972, 13.77010525999999, 35.734803
8.82981625, 9.014054, 9.375418999999999, 10.919722100000001, 11.838105, 14.025519, 35.734803
8.836282500000001, 9.021486, 9.369764, 10.856013, 11.751342, 13.770052, 35.734803
8.833482, 9.015896999999999, 9.376107, 10.862100700000001, 11.761705249999999, 13.70786107999998, 37.448702
8.833716, 9.018426999999999, 9.382384, 10.891991800000001, 11.771622849999998, 13.920466849999965, 37.448702
8.83008525, 9.010387999999999, 9.367611, 10.830093, 11.787182, 13.74960866999998, 35.734803
8.86651425, 9.003714500000001, 9.18492375, 9.453075, 9.9518057, 11.961075, 37.448702
8.863657, 9.000936, 9.179358, 9.4559177, 10.023539, 11.999339, 37.448702
8.863657, 9.001126500000002, 9.175059, 9.4486272, 9.931451749999994, 11.961075, 37.448702
8.878003, 9.0214945, 9.21045475, 9.4868337, 9.799278, 11.958562, 36.893046
8.871758, 9.018132, 9.208603499999999, 9.490293, 9.831357549999998, 12.33088224000001, 52.853195
8.877103, 9.0224285, 9.21189275, 9.469295599999999, 9.844719, 12.345519130000007, 37.448702
8.87091075, 9.021198, 9.20896025, 9.495362400000001, 9.840425, 12.424182300000016, 36.893046
8.87233775, 9.018950499999999, 9.209055750000001, 9.478931600000001, 9.810233, 11.938814470000004, 37.448702
8.872465, 9.021015, 9.21272725, 9.490445900000001, 9.847497399999998, 12.382309470000001, 52.853195
8.880832, 9.024029500000001, 9.22200325, 9.500745, 9.831191, 12.37250889, 52.853195
8.886197, 9.044183499999999, 9.237845, 9.5023594, 9.733164, 14.416516840000003, 52.853195
8.888578500000001, 9.045599, 9.24223275, 9.5318397, 9.767297399999999, 14.105136, 52.853195
8.872884, 9.019431, 9.2138525, 9.497813, 9.84987185, 12.054451, 52.853195
8.876864, 9.025636500000001, 9.213213, 9.488179, 9.818597, 12.34525584, 37.448702
8.876355, 9.019299, 9.21028475, 9.4968198, 9.829361549999996, 12.476572110000003, 52.853195
8.8754235, 9.020518, 9.21045475, 9.473432700000002, 9.8420198, 12.407358670000004, 37.448702
8.873943, 9.0204155, 9.20980325, 9.488462, 9.83569, 12.07348752000002, 52.853195
8.873709999999999, 9.019182, 9.213239999999999, 9.4672176, 9.82576, 12.38223143, 52.853195
8.877366, 9.022371, 9.21569375, 9.4935087, 9.82308875, 12.348550130000007, 52.853195
8.88001025, 9.026534000000002, 9.21446675, 9.483975, 9.80188175, 12.278240760000006, 37.448702
8.8692945, 9.0170455, 9.2096825, 9.4778859, 9.810391, 11.903331730000001, 35.734803
8.792857999999999, 9.053435, 10.2581355, 11.651476, 12.476042499999998, 15.463954, 102.0909942687008
8.78417975, 9.0653875, 10.220941, 11.6609012, 12.462855, 14.944267120000001, 26.889073
8.79258825, 9.069666999999999, 10.287415750000001, 11.7218478, 12.491305900000002, 15.273403, 26.889073
8.78958475, 9.05885, 10.223743, 11.638829800000002, 12.383450600000002, 15.0498376, 18.474331
8.78387225, 9.049597, 10.250831, 11.6136864, 12.368761250000002, 14.944267120000001, 19.393533
8.7908225, 9.049575, 10.309101, 11.6604761, 12.46987415, 14.944267120000001, 26.889073
8.80190625, 9.0827195, 10.2780475, 11.671818, 12.385906950000003, 14.757073, 26.889073
8.78982725, 9.051493, 10.19682025, 11.580670900000001, 12.436106, 14.953992380000003, 19.563106
8.77904, 9.048185, 10.17542925, 11.623748, 12.3807679, 14.824984, 26.889073
8.7864895, 9.053899000000001, 10.234414000000001, 11.615935400000001, 12.323424800000003, 14.591639, 26.889073
8.781711, 9.055901, 10.27841375, 11.6743611, 12.51207335, 14.874276410000013, 26.889073
8.790949, 9.0494175, 10.199632, 11.589782800000002, 12.38156, 14.736624, 19.563106
8.783974500000001, 9.0458565, 10.190381499999999, 11.5928044, 12.314144950000001, 15.021127, 26.889073
8.78401825, 9.039435, 10.11793625, 11.597505700000001, 12.362809, 14.721916450000005, 26.889073
8.78455625, 9.06378, 10.2210625, 11.6610621, 12.457105, 14.902097390000007, 19.563106
8.790672, 9.0578155, 10.241081, 11.6738002, 12.4049616, 14.663670790000014, 18.677002
8.785174000000001, 9.061833, 10.250147, 11.67544, 12.4549719, 14.804108820000003, 19.563106
8.79026175, 9.0704575, 10.282062, 11.6704058, 12.496522900000002, 15.0498376, 19.563106
8.784492, 9.06927, 10.294955, 11.699720800000001, 12.46987415, 14.938567590000002, 19.393533
8.78453175, 9.051, 10.1872995, 11.638573400000002, 12.279065800000001, 14.742167540000013, 19.393533
8.784522, 9.0478635, 10.155006, 11.6460504, 12.497019650000004, 14.995983, 26.889073
8.7812755, 9.045776, 10.212492, 11.6006854, 12.444854650000002, 14.938664710000003, 26.889073
8.78203575, 9.0449165, 10.224222, 11.5288277, 12.31350135, 14.825471030000012, 26.889073
8.789595, 9.0658905, 10.26601475, 11.6636956, 12.45138875, 14.996300190000008, 18.865024
8.783518, 9.0456285, 10.206313, 11.548330700000001, 12.36295385, 14.832237540000015, 19.393533
8.78063475, 9.0398525, 10.167797, 11.56761, 12.322817, 14.815277050000002, 19.393533
8.784949, 9.065779500000001, 10.2116735, 11.617003, 12.38366815, 14.8012448, 26.889073
8.7868285, 9.0527835, 10.196786, 11.624318500000003, 12.353515, 14.953882, 19.563106
8.78906025, 9.0459035, 10.23164875, 11.705151800000001, 12.47143845, 14.637993830000001, 26.889073
8.790314, 9.049919, 10.183236, 11.5785148, 12.3816609, 14.593138040000033, 19.563106
8.78169525, 9.046031, 10.23065225, 11.577963800000001, 12.4049616, 15.049793, 26.889073
8.786515, 9.0577405, 10.2144035, 11.633466100000001, 12.4248085, 15.0498376, 18.677002
8.779202, 9.03899, 10.1776635, 11.6242382, 12.425492850000001, 14.831535, 26.889073
8.78544825, 9.058963, 10.21712925, 11.643241800000002, 12.38156, 14.646166890000003, 19.393533
8.792237499999999, 9.059931500000001, 10.236745, 11.6489844, 12.375398, 14.491433710000011, 26.889073
8.778822, 9.04568, 10.220617, 11.6489259, 12.503249750000002, 14.996234440000006, 26.889073
8.778198249999999, 9.040685, 10.162661499999999, 11.601894000000003, 12.385906950000003, 14.996300190000008, 26.889073
8.7859005, 9.059082499999999, 10.258465, 11.6600279, 12.5402739, 14.932628, 18.677002
8.793776, 9.054419, 10.302895, 11.638343, 12.335358800000002, 14.663581240000012, 19.563106
8.783877, 9.0440595, 10.191764, 11.645967, 12.3808254, 14.901789, 19.563106
8.647641, 9.1478535, 10.802748, 12.403241400000002, 13.879635049999997, 17.43688716, 38.813544
8.637786, 9.0867755, 10.78858425, 12.45322, 14.076976, 17.47048991, 38.404747
8.643056, 9.074017, 10.77695925, 12.420221, 13.94272, 17.414351279999998, 38.404747
8.64355675, 9.144375, 10.792782, 12.420221, 14.062294, 17.793979170000004, 34.462112
8.64735, 9.1181595, 10.82165125, 12.390895900000002, 13.964287549999996, 17.786339290000004, 38.404747
8.643383, 9.1462405, 10.814858, 12.397515600000004, 14.062400199999999, 17.61197376, 38.813544
8.64908275, 9.13779, 10.8078255, 12.480622100000001, 14.0784085, 17.930662, 38.813544
8.64798775, 9.135123, 10.79147275, 12.458397, 14.062400199999999, 17.78608, 38.813544
8.6433755, 9.092162, 10.730098, 12.386549, 14.009579149999999, 17.793979170000004, 38.404747
8.649683, 9.141327, 10.779907, 12.4538246, 14.13822059999999, 18.746993, 38.813544
8.63692025, 9.0945045, 10.73023, 12.298376, 13.696206999999987, 17.629572, 38.404747
8.637744, 9.118738, 10.84198, 12.444252, 14.113996249999998, 17.922076720000003, 34.462112
8.64317525, 9.122739, 10.83844, 12.459643, 13.964287549999996, 18.052882, 38.404747
8.649245, 9.1181595, 10.807164, 12.434019, 13.994813, 17.786071, 38.404747
8.6473015, 9.127207, 10.807386, 12.459889800000001, 14.027404, 17.703598, 34.462112
8.64355675, 9.134141, 10.83300125, 12.459643, 14.113996249999998, 17.794086040000003, 38.813544
8.65276425, 9.112365, 10.792782, 12.4741425, 14.063013449999994, 17.436824, 38.813544
8.640719, 9.1341515, 10.78398825, 12.390644, 14.013569399999994, 17.700469660000017, 38.813544
8.64477, 9.118573000000001, 10.811768, 12.456485, 14.10506745, 17.92199, 38.813544
8.647832, 9.1482655, 10.836865, 12.474183, 14.079938, 17.793979170000004, 38.813544
8.643058, 9.1088585, 10.787559, 12.413974300000001, 13.91014165, 17.538538300000003, 38.813544
8.64688175, 9.08719, 10.74934025, 12.3658189, 13.952062749999996, 17.699644929999998, 38.813544
8.64627725, 9.1729245, 10.902549, 12.5410734, 14.099570599999996, 17.664151120000007, 38.404747
8.642266, 9.118738, 10.8128985, 12.4262361, 13.991810299999987, 17.960504, 38.813544
8.649588, 9.1630905, 10.920589, 12.496899, 14.09346615, 17.844506, 38.404747
8.652534, 9.094873, 10.842357, 12.525240100000001, 14.021759099999995, 17.401841160000007, 38.813544
8.64116175, 9.101495, 10.800288, 12.411578800000001, 14.13822059999999, 17.699605, 34.462112
8.647832, 9.126235, 10.833509, 12.429121700000001, 14.059407, 17.703598, 38.813544
8.655582, 9.149592, 10.78780575, 12.3896747, 13.854055399999993, 17.70442273000002, 38.813544
8.63920675, 9.129779500000001, 10.809276, 12.4189997, 14.059407, 17.793979170000004, 38.813544
8.651935, 9.1563785, 10.87345275, 12.566296100000002, 14.063921649999994, 17.458465180000005, 27.927733
8.647149500000001, 9.161703, 10.84632625, 12.481334, 14.156281449999996, 17.872018, 38.813544
8.64097325, 9.0954245, 10.84455, 12.4532509, 14.11706, 17.786971, 34.462112
8.649299749999999, 9.095423499999999, 10.78328925, 12.457047600000003, 14.06229875, 17.930662, 38.813544
8.6496615, 9.162228, 10.86154, 12.436356, 13.935113999999995, 17.629572, 38.813544
8.64927075, 9.0754995, 10.71636475, 12.397042200000003, 13.907798949999998, 17.663793, 34.408771
8.6437615, 9.108207, 10.78328925, 12.434224500000001, 14.009579149999999, 17.936827, 38.813544
8.659141, 9.169429000000001, 10.831342, 12.594063, 14.158645049999997, 17.644577100000006, 38.813544
8.647676, 9.141869, 10.82114, 12.378577600000002, 13.92961735, 17.663793, 38.404747
8.652616, 9.118092, 10.81732525, 12.4237106, 14.062807599999998, 17.443292050000004, 38.404747
8.868601, 9.00666, 9.17911175, 9.449913, 9.932884949999998, 11.897877, 84.7814331566237
8.8657435, 9.00449, 9.180702, 9.444844, 9.941171549999996, 11.922215, 37.448702
8.8672015, 9.0040565, 9.185064, 9.443095, 9.965514549999996, 11.999339, 37.448702
8.86566, 9.0029465, 9.17653875, 9.449547, 9.946236, 11.99360294, 37.448702
8.8765455, 9.021486, 9.214194, 9.4939947, 9.849747, 12.420338480000007, 52.853195
8.878872, 9.020643, 9.2142325, 9.4742674, 9.7940702, 12.39087, 52.853195
8.872476, 9.019099, 9.211949, 9.4716218, 9.784372, 12.419993, 52.853195
8.872539, 9.020514, 9.20980325, 9.479485, 9.813429199999996, 12.00823384000001, 36.893046
8.876812000000001, 9.023425, 9.216537, 9.5128451, 9.8740961, 12.348475650000006, 35.734803
8.87629925, 9.0192445, 9.206709, 9.4827545, 9.819685099999997, 12.074022230000033, 36.893046
8.87426675, 9.021134, 9.213554, 9.4867518, 9.844826949999998, 12.745408650000016, 52.853195
8.867031749999999, 9.004057, 9.187261, 9.449816, 9.9920452, 12.054631640000004, 37.448702
8.8652065, 9.00021, 9.176628000000001, 9.451816, 9.992345, 12.074013460000032, 37.448702
8.865974, 9.004557, 9.176884, 9.438644, 9.921269099999995, 11.89655337, 37.448702
8.8672, 9.0040565, 9.183131, 9.4545219, 9.998216599999996, 12.048048670000002, 37.448702
8.86309875, 9.00418, 9.176562, 9.460509, 9.985579, 11.970292, 37.448702
8.86920475, 9.0010035, 9.17267875, 9.431237, 9.918443799999999, 11.961399700000007, 35.734803
8.867824, 9.005358999999999, 9.179315, 9.458287, 9.994071, 11.993545, 37.448702
8.864671, 9.001638, 9.172877, 9.431237, 9.904549799999998, 11.903319540000002, 37.448702
8.870050249999998, 9.002301, 9.17919125, 9.462205, 9.95983, 11.958587130000002, 37.448702
8.8652065, 9.000371, 9.1738355, 9.4369814, 9.951734, 11.932546299999998, 37.448702
8.8688655, 9.00372, 9.180702, 9.451821700000002, 9.953168, 11.958562, 37.448702
8.87061, 9.0053975, 9.180891, 9.441303, 9.970956, 11.932675, 37.448702
8.870076, 9.0045995, 9.178865, 9.449913, 9.946236, 11.932545, 37.448702
8.862803, 9.000086, 9.173293, 9.4448559, 9.916090949999997, 11.90322, 37.448702
8.866547, 9.004387, 9.178997, 9.457346, 9.949886249999999, 11.961167170000001, 37.448702
8.868566, 9.004983, 9.181545, 9.4605303, 9.961836849999997, 11.958562, 37.448702
8.86794025, 9.0077585, 9.18139, 9.460722, 10.0134674, 12.07141248000002, 37.448702
8.863825, 9.000893, 9.176435, 9.438644, 9.908013249999998, 11.932734400000001, 37.448702
8.86394, 9.001638, 9.1788815, 9.4629838, 10.078466, 11.999376500000002, 37.448702
8.86883275, 9.002214, 9.184326, 9.449547, 9.933371699999993, 11.958587130000002, 37.448702
8.868428, 9.003025, 9.173834, 9.4448559, 9.981216599999998, 11.99360294, 37.448702
8.862478, 8.999129, 9.175975, 9.4574223, 9.953592299999993, 11.99360294, 37.448702
8.8624595, 9.00024, 9.174758, 9.437926599999999, 9.932986, 11.961167170000001, 35.734803
8.868625, 9.004057, 9.18142875, 9.4498257, 9.953080649999997, 11.87444791, 37.448702
8.8632905, 9.000144500000001, 9.168071000000001, 9.423044, 9.839021, 11.795411900000005, 37.448702
8.8643685, 9.001446, 9.184391, 9.480944, 10.065354249999999, 12.169767, 37.448702
8.8695935, 9.003607, 9.184887, 9.462921, 10.003491, 11.961075, 35.734803
8.868422, 9.004509500000001, 9.182977, 9.453315900000002, 9.965311, 12.007767, 37.448702
8.866547, 9.003401, 9.182778, 9.4665543, 9.981216599999998, 12.054610680000003, 37.448702
8.8706835, 9.004535, 9.178993, 9.4414199, 9.92934, 11.958562, 37.448702
8.865166, 9.005255, 9.185661, 9.463549, 10.005764699999993, 11.932546299999998, 37.448702
8.863645, 9.000538, 9.179745, 9.4596301, 9.953501099999995, 12.047984, 37.448702
8.868149, 9.003106, 9.178767, 9.438644, 9.916090949999997, 11.958562, 37.448702
8.872658, 9.021814, 9.204536000000001, 9.4843376, 9.829040199999998, 12.340616910000007, 52.853195
8.877399749999999, 9.024979, 9.217495, 9.488623100000002, 9.837053549999998, 12.34821, 52.853195
8.890011, 9.043535, 9.24208175, 9.530821, 9.734770499999996, 15.873591390000023, 36.893046
8.88337825, 9.040089, 9.222447, 9.461702, 9.70830885, 11.738098140000016, 52.853195
8.88712, 9.043477, 9.23663875, 9.484371, 9.733170799999998, 13.915245, 36.893046
8.88777425, 9.042919, 9.243015, 9.5017857, 9.756738, 14.670271, 52.853195
8.8875955, 9.0424215, 9.240444, 9.528366, 9.807416299999998, 14.605704190000015, 32.855096
8.885773, 9.0371595, 9.23691475, 9.5129628, 9.773925, 13.728038820000002, 36.893046
8.88236075, 9.04, 9.238278, 9.526053600000001, 9.763951549999998, 14.605052, 52.853195
8.88024575, 9.041407, 9.2344005, 9.5023594, 9.75677775, 15.723825250000033, 52.853195
8.89123625, 9.043419499999999, 9.242416500000001, 9.5109466, 9.726043149999999, 13.737205270000015, 52.853195
8.8900705, 9.0464225, 9.241434, 9.5172411, 9.728573, 14.391847, 52.853195
8.8886635, 9.04387, 9.24970325, 9.511582, 9.723655, 13.728709090000017, 52.853195
8.879831249999999, 9.039436, 9.244795, 9.524574, 9.7567628, 14.19507232000005, 52.853195
8.877133, 9.034188, 9.2356235, 9.5121627, 9.735357, 13.617861, 52.853195
8.885438, 9.041075, 9.231677000000001, 9.499227, 9.7399329, 14.605704190000015, 36.893046
8.862878, 9.003401, 9.16885, 9.438148, 10.003491, 12.315773, 108.17946124942813
8.862677, 8.9959125, 9.169932249999999, 9.439095799999999, 9.931451749999997, 11.92257846999999, 35.487972
8.8645, 8.9991345, 9.1887585, 9.5163944, 10.1736949, 12.070419, 37.448702
8.86079825, 9.0038655, 9.188717, 9.486820900000001, 10.0822756, 12.223238, 37.448702
8.855254, 9.0032625, 9.17466275, 9.4356675, 9.960465999999997, 11.713802429999994, 37.448702
8.872987, 9.0073675, 9.18293975, 9.4583493, 10.042222949999998, 11.922215, 35.487972
8.86651425, 9.00448, 9.17919125, 9.4657137, 10.092368199999997, 11.932734399999998, 37.448702
8.867969250000002, 9.0021175, 9.16619475, 9.4427456, 9.929366, 11.932830299999992, 35.330604
8.8682765, 9.000403500000001, 9.189396, 9.458287, 9.99826285, 11.961399699999992, 35.734803
8.852964, 8.996396, 9.18562125, 9.457004, 9.985900799999998, 11.816407419999981, 29.227148
8.8662105, 9.0069885, 9.193279, 9.4718092, 9.974660199999995, 11.971068919999983, 37.448702
8.865721, 9.0096515, 9.178988, 9.4382328, 9.831676449999998, 11.874662979999995, 33.51644
8.863941, 9.004354, 9.1787915, 9.439095799999999, 9.969598649999998, 11.932605699999998, 35.734803
8.86896325, 9.003573, 9.19024225, 9.4772135, 10.030887549999994, 11.92260359999999, 16.295498
8.86448725, 9.012382500000001, 9.191461, 9.452182800000001, 10.020130399999994, 11.95858713, 37.448702
8.863903, 9.003403, 9.190059999999999, 9.485316, 10.068054199999999, 11.999825449999989, 37.448702
8.871132, 9.0084595, 9.180489000000001, 9.4591562, 9.920890049999997, 11.913369009999995, 37.448702
8.861894, 8.99566, 9.16885, 9.4188973, 9.908276099999998, 11.851862049999994, 33.51644
8.8639235, 9.008475, 9.188013, 9.445208, 9.970956, 11.96145763999999, 35.734803
8.86369125, 8.9968705, 9.16847925, 9.422691, 9.929366, 11.913264409999998, 35.734803
8.8718465, 9.0046745, 9.177332499999999, 9.4445506, 9.974629999999996, 12.223784589999987, 35.734803
8.86325175, 9.0038935, 9.17880875, 9.4408997, 9.9812166, 11.958562, 37.448702
8.863883, 9.003025, 9.17651925, 9.4615552, 9.94988625, 11.725937239999991, 35.487972
8.86845275, 9.013717, 9.188889, 9.5085316, 10.0822756, 12.345498599999994, 37.448702
8.869473, 9.0127045, 9.18528075, 9.493952, 10.069542649999997, 12.000049799999983, 37.448702
8.867466, 9.002835000000001, 9.19009, 9.471173, 9.998298449999998, 12.277909739999998, 35.734803
8.8652335, 9.0067745, 9.183294, 9.4405118, 10.004442, 11.669147579999997, 29.227148
8.866465250000001, 9.000323999999999, 9.17466275, 9.4622847, 10.122516349999996, 12.222916359999987, 37.448702
8.865122, 9.000233, 9.174523, 9.4593215, 9.913345, 11.815835809999994, 37.448702
8.863354750000001, 8.999393999999999, 9.1735145, 9.4519932, 9.921032599999997, 11.851628, 37.448702
8.873035, 8.9999125, 9.171973, 9.4313164, 9.85944285, 11.839931019999986, 37.448702
8.868995, 9.0053975, 9.18704775, 9.462921, 10.08924405, 12.222369769999998, 37.448702
8.863845, 9.001231, 9.1754855, 9.4432373, 9.933371699999997, 11.961399699999992, 37.448702
8.86570575, 9.002635, 9.168787, 9.4110067, 9.860295, 11.993687219999996, 37.448702
8.86970075, 9.000633, 9.166741, 9.420102700000001, 9.920967, 11.993545, 37.448702
8.87311275, 9.013477, 9.196736, 9.4891224, 10.081999, 11.938814469999995, 37.448702
8.871758, 9.003557, 9.1924355, 9.4868994, 10.073832799999998, 12.279171, 37.448702
8.865643500000001, 9.003108, 9.1753345, 9.4498257, 10.103760949999998, 12.312454889999994, 29.227148
8.8638465, 9.002467, 9.185034, 9.453209, 9.9563359, 11.932933869999994, 35.487972
8.85993525, 8.99791, 9.182977, 9.4622847, 9.9812166, 11.970619969999992, 37.448702
8.862357000000001, 9.003639, 9.190369, 9.4632125, 10.014374349999997, 11.832284659999997, 37.448702
8.8711135, 9.006582, 9.187662, 9.4591532, 9.953501099999999, 12.003089, 37.448702
8.8638465, 8.994853, 9.173272749999999, 9.453075, 9.92934, 12.073487519999976, 37.448702
8.87235125, 9.007724, 9.19196525, 9.4862817, 10.068356949999997, 11.95858713, 33.51644
8.86502325, 9.0025845, 9.183196500000001, 9.4345512, 9.933648499999997, 12.222709469999991, 35.487972
8.860453, 9.00173, 9.19178275, 9.4498257, 9.97230775, 11.958679299999998, 35.330604
8.87515275, 9.013343500000001, 9.1826855, 9.4637394, 9.992345, 12.007767, 37.448702
8.870301, 9.002496, 9.18035575, 9.438644, 9.870722199999998, 11.993545, 35.487972
8.867734500000001, 9.0077035, 9.18506575, 9.462214, 10.057531549999998, 12.277897, 37.448702
8.86329, 9.0014755, 9.17411825, 9.4150904, 9.885225049999997, 11.913367709999996, 35.487972
8.8657435, 9.005317999999999, 9.19197, 9.4659455, 10.033527299999998, 12.374702309999996, 37.448702
8.8733025, 9.002863999999999, 9.17932575, 9.4676644, 10.031024999999996, 12.071938419999963, 35.330604
8.86510375, 9.0029465, 9.19370425, 9.4862908, 10.0333125, 12.054451, 37.448702
8.873994, 9.003299, 9.175590249999999, 9.44343, 9.880036499999996, 11.913174, 37.448702
8.872478749999999, 9.0038545, 9.18446625, 9.435801, 9.85944285, 11.839501489999996, 37.448702
8.8615215, 8.997891, 9.1737455, 9.4406649, 9.985900799999998, 11.89486393, 35.487972
8.85724875, 9.001581, 9.183196500000001, 9.471563699999999, 10.0137305, 12.00816916999999, 37.448702
8.863654, 8.999788500000001, 9.174825, 9.4167495, 9.777769, 11.555626869999996, 35.487972
8.863342, 8.994278, 9.175945, 9.4147142, 9.870344649999998, 11.852057529999989, 24.923449
8.858840500000001, 8.998340500000001, 9.1768405, 9.4569759, 9.961542049999991, 12.054631639999997, 35.330604
8.8739025, 9.014043999999998, 9.18332825, 9.440024000000001, 9.853784649999998, 11.913369009999995, 35.487972
8.864984250000001, 8.9997635, 9.17855675, 9.453075, 9.965514549999998, 12.047984, 37.448702
8.868350750000001, 9.003908, 9.17402675, 9.4307232, 9.998264149999999, 11.933379139999984, 24.923449
8.871588, 9.0016415, 9.1864325, 9.4569136, 9.999565299999992, 12.348475649999994, 35.734803
8.86390125, 9.006719, 9.18191225, 9.4467835, 9.929915249999999, 11.676076589999997, 37.448702
8.863600250000001, 8.99442, 9.171579999999999, 9.4406543, 10.037583799999998, 12.170301709999988, 35.734803
8.859765, 8.994499999999999, 9.17493225, 9.438148, 9.85942655, 11.89486393, 35.330604
8.86869325, 9.004037, 9.1750155, 9.4508679, 10.004416, 12.222709469999991, 37.448702
8.7782315, 9.050148, 10.21712925, 11.617009300000001, 12.461090100000003, 14.996234440000006, 19.393533
8.80304, 9.0703755, 10.278133, 11.7206889, 12.529539, 14.874391830000016, 19.563106
8.78248, 9.0499645, 10.216468500000001, 11.679502900000001, 12.490727, 15.46466297000001, 26.889073
8.785754, 9.048488500000001, 10.17574525, 11.578183600000001, 12.30909435, 14.64695147000002, 18.865024
8.79101575, 9.06785, 10.2580705, 11.651476, 12.523508, 14.825049510000001, 26.889073
8.7817005, 9.046632500000001, 10.25890325, 11.5966477, 12.46987415, 14.801217, 26.889073
8.78412175, 9.039217, 10.23445225, 11.646801, 12.42324385, 14.746909, 26.889073
8.786515, 9.0697935, 10.262115, 11.6492874, 12.480044200000005, 14.933261550000013, 19.563106
8.782399999999999, 9.0516295, 10.24093625, 11.6158816, 12.4446879, 14.996234440000006, 26.889073
8.78937475, 9.054306, 10.287082, 11.6704058, 12.3836549, 14.873968020000007, 19.393533
8.781005, 9.042297, 10.197856250000001, 11.609777900000001, 12.445398450000003, 14.825049510000001, 26.889073
8.781932999999999, 9.0393945, 10.209750750000001, 11.608409, 12.28655395, 15.021413660000006, 26.889073
8.79537, 9.069617, 10.2857665, 11.781199600000003, 12.548233, 14.944267120000001, 18.677002
8.78468, 9.05303, 10.1750965, 11.580493, 12.290118650000004, 14.826119270000026, 26.889073
8.782798, 9.050419, 10.2588195, 11.663583, 12.57421715, 14.996234440000006, 26.889073
8.78448175, 9.0670325, 10.227304749999998, 11.617009300000001, 12.420521400000002, 15.02119275, 18.865024
8.788432, 9.051636, 10.17574525, 11.558914, 12.322292, 14.873968020000007, 26.889073
8.781347, 9.032064, 10.155006, 11.5862431, 12.302823800000002, 14.488569, 26.889073
8.78020175, 9.031811, 10.19544825, 11.6136864, 12.4546844, 14.8012448, 19.393533
8.78722075, 9.0567575, 10.22029575, 11.578122, 12.3425289, 14.646166890000003, 26.889073
8.79488975, 9.064032, 10.262115, 11.643570000000002, 12.389933600000006, 14.902156220000009, 19.563106
8.7933805, 9.0508185, 10.175204, 11.607393, 12.383578, 14.932743420000001, 26.889073
8.7833815, 9.049619, 10.241274, 11.647802400000002, 12.405334200000002, 15.591218, 26.889073
8.79779525, 9.0770625, 10.25817675, 11.6460504, 12.472115, 14.815255450000002, 19.563106
8.7889045, 9.049597, 10.230986, 11.597894500000002, 12.490727, 15.049793, 19.563106
8.783204, 9.050528, 10.182713, 11.594028, 12.388749750000002, 14.803997, 19.563106
8.79491675, 9.0921005, 10.36644075, 11.6933527, 12.554767300000002, 15.030159010000053, 26.889073
8.7907635, 9.054177, 10.2056615, 11.6515646, 12.473319000000005, 15.0498376, 26.889073
8.77213775, 9.033558, 10.10993, 11.548235, 12.322292, 14.873968020000007, 19.393533
8.792168499999999, 9.058902, 10.246592, 11.6074468, 12.449738, 14.803997, 19.393533
8.7835005, 9.0533435, 10.269267, 11.695556, 12.472115, 14.825752050000018, 19.393533
8.78237375, 9.0507895, 10.195038, 11.624231900000002, 12.375807000000002, 14.648961910000013, 18.677002
8.791836, 9.05135, 10.24400925, 11.6626844, 12.4606241, 15.021127, 19.393533
8.7980275, 9.067948, 10.18284375, 11.6327253, 12.364643899999999, 14.746909, 26.889073
8.785174000000001, 9.053013, 10.210548, 11.6326631, 12.42324385, 14.825049510000001, 26.889073
8.786293, 9.026044500000001, 10.097463999999999, 11.57355, 12.271002, 14.488569, 18.474331
8.775885, 9.031913, 10.1731155, 11.5931526, 12.4211503, 14.944267120000001, 26.889073
8.7814115, 9.041857, 10.159431, 11.6068285, 12.375530000000001, 14.902156220000009, 19.393533
8.7779715, 9.0379205, 10.21561975, 11.6612728, 12.518624, 14.803997, 18.865024
8.785174000000001, 9.041857, 10.18284375, 11.5971292, 12.5023274, 15.021413660000006, 19.563106
8.79716975, 9.0725145, 10.26601475, 11.628587, 12.385655200000002, 14.944267120000001, 19.563106
8.7892095, 9.066912, 10.230541, 11.6468709, 12.4549719, 15.681055, 26.889073
8.785015, 9.055901, 10.29733125, 11.6736765, 12.53201085, 15.275163320000038, 26.889073
8.78900425, 9.054016, 10.2580705, 11.643486600000001, 12.472246900000002, 15.273403, 26.889073
8.781575, 9.050426, 10.278328250000001, 11.7036961, 12.532012550000001, 15.46395637, 19.393533
8.788431, 9.0717055, 10.225465, 11.6754744, 12.443785, 14.783345550000007, 26.889073
8.791162499999999, 9.067734000000002, 10.260437249999999, 11.699479600000002, 12.454557, 15.05610806000004, 19.393533
8.8674, 9.0009575, 9.18528075, 9.471559, 9.99826285, 11.938615, 35.734803
8.8993885, 9.043330000000001, 9.240177, 9.530596000000001, 9.7695662, 14.192837, 36.893046
8.88655875, 9.032497, 9.23886475, 9.5011498, 9.70839665, 13.741098019999995, 24.370709
8.877944750000001, 9.028846, 9.2288215, 9.506516300000001, 9.7687133, 14.60570419, 52.853195
8.882396, 9.038660499999999, 9.246933499999999, 9.534929, 9.757905749999999, 14.69174642, 24.370709
8.897549, 9.041405999999998, 9.2484945, 9.5170844, 9.757248950000001, 13.806577739999996, 52.853195
8.87947, 9.042252999999999, 9.223897000000001, 9.4858511, 9.726270750000001, 13.728709089999999, 32.855096
8.866724, 9.026899, 9.226073, 9.4843566, 9.821656950000001, 16.05195186, 24.370709
8.88105375, 9.0310785, 9.231718, 9.5055003, 9.772188400000001, 15.874808489999998, 52.853195
0, 0, 0, 0, 0, 0, 0
0, 0, 0, 0, 0, 0, 0
0, 0, 0, 0, 0, 0, 0
0, 0, 0, 0, 0, 0, 0
0, 0, 0, 0, 0, 0, 0
0, 0, 0, 0, 0, 0, 0
0, 0, 0, 0, 0, 0, 0
0, 0, 0, 0, 0, 0, 0
0, 0, 0, 0, 0, 0, 0
0, 0, 0, 0, 0, 0, 0
0, 0, 0, 0, 0, 0, 0
0, 0, 0, 0, 0, 0, 0
0, 0, 0, 0, 0, 0, 0
0, 0, 0, 0, 0, 0, 0
0, 0, 0, 0, 0, 0, 0
0, 0, 0, 0, 0, 0, 0
0, 0, 0, 0, 0, 0, 0
0, 0, 0, 0, 0, 0, 0
0, 0, 0, 0, 0, 0, 0
0, 0, 0, 0, 0, 0, 0
0, 0, 0, 0, 0, 0, 0
0, 0, 0, 0, 0, 0, 0
0, 0, 0, 0, 0, 0, 0
0, 0, 0, 0, 0, 0, 0
0, 0, 0, 0, 0, 0, 0
0, 0, 0, 0, 0, 0, 0
0, 0, 0, 0, 0, 0, 0
0, 0, 0, 0, 0, 0, 0
0, 0, 0, 0, 0, 0, 0
0, 0, 0, 0, 0, 0, 0
0, 0, 0, 0, 0, 0, 0
0, 0, 0, 0, 0, 0, 0
0, 0, 0, 0, 0, 0, 0
0, 0, 0, 0, 0, 0, 0
0, 0, 0, 0, 0, 0, 0
0, 0, 0, 0, 0, 0, 0
0, 0, 0, 0, 0, 0, 0
0, 0, 0, 0, 0, 0, 0
0, 0, 0, 0, 0, 0, 0
0, 0, 0, 0, 0, 0, 0
0, 0, 0, 0, 0, 0, 0
0, 0, 0, 0, 0, 0, 0
0, 0, 0, 0, 0, 0, 0
0, 0, 0, 0, 0, 0, 0
0, 0, 0, 0, 0, 0, 0
0, 0, 0, 0, 0, 0, 0
0, 0, 0, 0, 0, 0, 0
0, 0, 0, 0, 0, 0, 0
0, 0, 0, 0, 0, 0, 0
0, 0, 0, 0, 0, 0, 0
0, 0, 0, 0, 0, 0, 0
0, 0, 0, 0, 0, 0, 0
0, 0, 0, 0, 0, 0, 0
0, 0, 0, 0, 0, 0, 0
0, 0, 0, 0, 0, 0, 0
0, 0, 0, 0, 0, 0, 0
0, 0, 0, 0, 0, 0, 0
0, 0, 0, 0, 0, 0, 0
0, 0, 0, 0, 0, 0, 0
0, 0, 0, 0, 0, 0, 0
0, 0, 0, 0, 0, 0, 0
0, 0, 0, 0, 0, 0, 0
0, 0, 0, 0, 0, 0, 0
0, 0, 0, 0, 0, 0, 0
0, 0, 0, 0, 0, 0, 0
0, 0, 0, 0, 0, 0, 0
0, 0, 0, 0, 0, 0, 0
0, 0, 0, 0, 0, 0, 0
0, 0, 0, 0, 0, 0, 0
0, 0, 0, 0, 0, 0, 0
0, 0, 0, 0, 0, 0, 0
0, 0, 0, 0, 0, 0, 0
0, 0, 0, 0, 0, 0, 0
0, 0, 0, 0, 0, 0, 0
0, 0, 0, 0, 0, 0, 0
0, 0, 0, 0, 0, 0, 0
0, 0, 0, 0, 0, 0, 0
0, 0, 0, 0, 0, 0, 0
0, 0, 0, 0, 0, 0, 0
0, 0, 0, 0, 0, 0, 0
0, 0, 0, 0, 0, 0, 0
0, 0, 0, 0, 0, 0, 0
0, 0, 0, 0, 0, 0, 0
0, 0, 0, 0, 0, 0, 0
0, 0, 0, 0, 0, 0, 0
0, 0, 0, 0, 0, 0, 0
0, 0, 0, 0, 0, 0, 0
0, 0, 0, 0, 0, 0, 0
0, 0, 0, 0, 0, 0, 0
0, 0, 0, 0, 0, 0, 0
0, 0, 0, 0, 0, 0, 0
0, 0, 0, 0, 0, 0, 0
0, 0, 0, 0, 0, 0, 0
0, 0, 0, 0, 0, 0, 0
0, 0, 0, 0, 0, 0, 0
0, 0, 0, 0, 0, 0, 0
0, 0, 0, 0, 0, 0, 0
0, 0, 0, 0, 0, 0, 0
0, 0, 0, 0, 0, 0, 0
0, 0, 0, 0, 0, 0, 0
0, 0, 0, 0, 0, 0, 0
0, 0, 0, 0, 0, 0, 0
0, 0, 0, 0, 0, 0, 0
0, 0, 0, 0, 0, 0, 0
0, 0, 0, 0, 0, 0, 0
0, 0, 0, 0, 0, 0, 0
0, 0, 0, 0, 0, 0, 0
0, 0, 0, 0, 0, 0, 0
0, 0, 0, 0, 0, 0, 0
0, 0, 0, 0, 0, 0, 0
0, 0, 0, 0, 0, 0, 0
0, 0, 0, 0, 0, 0, 0
0, 0, 0, 0, 0, 0, 0
0, 0, 0, 0, 0, 0, 0
0, 0, 0, 0, 0, 0, 0
0, 0, 0, 0, 0, 0, 0
0, 0, 0, 0, 0, 0, 0
0, 0, 0, 0, 0, 0, 0
0, 0, 0, 0, 0, 0, 0
0, 0, 0, 0, 0, 0, 0
0, 0, 0, 0, 0, 0, 0
0, 0, 0, 0, 0, 0, 0
0, 0, 0, 0, 0, 0, 0
0, 0, 0, 0, 0, 0, 0
0, 0, 0, 0, 0, 0, 0
0, 0, 0, 0, 0, 0, 0
0, 0, 0, 0, 0, 0, 0
0, 0, 0, 0, 0, 0, 0
0, 0, 0, 0, 0, 0, 0
0, 0, 0, 0, 0, 0, 0
0, 0, 0, 0, 0, 0, 0
0, 0, 0, 0, 0, 0, 0
0, 0, 0, 0, 0, 0, 0
0, 0, 0, 0, 0, 0, 0
0, 0, 0, 0, 0, 0, 0
0, 0, 0, 0, 0, 0, 0
0, 0, 0, 0, 0, 0, 0
0, 0, 0, 0, 0, 0, 0
0, 0, 0, 0, 0, 0, 0
0, 0, 0, 0, 0, 0, 0
0, 0, 0, 0, 0, 0, 0
0, 0, 0, 0, 0, 0, 0
0, 0, 0, 0, 0, 0, 0
0, 0, 0, 0, 0, 0, 0
0, 0, 0, 0, 0, 0, 0
0, 0, 0, 0, 0, 0, 0
0, 0, 0, 0, 0, 0, 0
0, 0, 0, 0, 0, 0, 0
0, 0, 0, 0, 0, 0, 0
0, 0, 0, 0, 0, 0, 0
0, 0, 0, 0, 0, 0, 0
0, 0, 0, 0, 0, 0, 0
0, 0, 0, 0, 0, 0, 0
0, 0, 0, 0, 0, 0, 0
0, 0, 0, 0, 0, 0, 0
0, 0, 0, 0, 0, 0, 0
0, 0, 0, 0, 0, 0, 0
0, 0, 0, 0, 0, 0, 0
0, 0, 0, 0, 0, 0, 0
0, 0, 0, 0, 0, 0, 0
0, 0, 0, 0, 0, 0, 0
0, 0, 0, 0, 0, 0, 0
0, 0, 0, 0, 0, 0, 0
0, 0, 0, 0, 0, 0, 0
0, 0, 0, 0, 0, 0, 0
0, 0, 0, 0, 0, 0, 0
0, 0, 0, 0, 0, 0, 0
0, 0, 0, 0, 0, 0, 0
0, 0, 0, 0, 0, 0, 0
0, 0, 0, 0, 0, 0, 0
0, 0, 0, 0, 0, 0, 0
0, 0, 0, 0, 0, 0, 0
0, 0, 0, 0, 0, 0, 0
0, 0, 0, 0, 0, 0, 0
0, 0, 0, 0, 0, 0, 0
0, 0, 0, 0, 0, 0, 0
0, 0, 0, 0, 0, 0, 0
0, 0, 0, 0, 0, 0, 0
0, 0, 0, 0, 0, 0, 0
0, 0, 0, 0, 0, 0, 0
0, 0, 0, 0, 0, 0, 0
0, 0, 0, 0, 0, 0, 0
0, 0, 0, 0, 0, 0, 0
0, 0, 0, 0, 0, 0, 0
0, 0, 0, 0, 0, 0, 0
0, 0, 0, 0, 0, 0, 0
0, 0, 0, 0, 0, 0, 0
0, 0, 0, 0, 0, 0, 0
0, 0, 0, 0, 0, 0, 0
0, 0, 0, 0, 0, 0, 0
0, 0, 0, 0, 0, 0, 0
0, 0, 0, 0, 0, 0, 0
0, 0, 0, 0, 0, 0, 0
0, 0, 0, 0, 0, 0, 0
0, 0, 0, 0, 0, 0, 0
0, 0, 0, 0, 0, 0, 0
0, 0, 0, 0, 0, 0, 0
0, 0, 0, 0, 0, 0, 0
0, 0, 0, 0, 0, 0, 0
0, 0, 0, 0, 0, 0, 0
0, 0, 0, 0, 0, 0, 0
0, 0, 0, 0, 0, 0, 0
0, 0, 0, 0, 0, 0, 0
0, 0, 0, 0, 0, 0, 0
0, 0, 0, 0, 0, 0, 0
0, 0, 0, 0, 0, 0, 0
0, 0, 0, 0, 0, 0, 0
0, 0, 0, 0, 0, 0, 0
0, 0, 0, 0, 0, 0, 0
0, 0, 0, 0, 0, 0, 0
0, 0, 0, 0, 0, 0, 0
0, 0, 0, 0, 0, 0, 0
0, 0, 0, 0, 0, 0, 0
0, 0, 0, 0, 0, 0, 0
0, 0, 0, 0, 0, 0, 0
0, 0, 0, 0, 0, 0, 0
0, 0, 0, 0, 0, 0, 0
0, 0, 0, 0, 0, 0, 0
0, 0, 0, 0, 0, 0, 0
0, 0, 0, 0, 0, 0, 0
0, 0, 0, 0, 0, 0, 0
0, 0, 0, 0, 0, 0, 0
0, 0, 0, 0, 0, 0, 0
0, 0, 0, 0, 0, 0, 0
0, 0, 0, 0, 0, 0, 0
0, 0, 0, 0, 0, 0, 0
0, 0, 0, 0, 0, 0, 0
0, 0, 0, 0, 0, 0, 0
0, 0, 0, 0, 0, 0, 0
0, 0, 0, 0, 0, 0, 0
0, 0, 0, 0, 0, 0, 0
0, 0, 0, 0, 0, 0, 0
0, 0, 0, 0, 0, 0, 0
0, 0, 0, 0, 0, 0, 0
0, 0, 0, 0, 0, 0, 0
0, 0, 0, 0, 0, 0, 0
0, 0, 0, 0, 0, 0, 0
0, 0, 0, 0, 0, 0, 0
0, 0, 0, 0, 0, 0, 0
0, 0, 0, 0, 0, 0, 0
0, 0, 0, 0, 0, 0, 0
0, 0, 0, 0, 0, 0, 0
0, 0, 0, 0, 0, 0, 0
0, 0, 0, 0, 0, 0, 0
0, 0, 0, 0, 0, 0, 0
0, 0, 0, 0, 0, 0, 0
0, 0, 0, 0, 0, 0, 0
0, 0, 0, 0, 0, 0, 0
0, 0, 0, 0, 0, 0, 0
0, 0, 0, 0, 0, 0, 0
0, 0, 0, 0, 0, 0, 0
0, 0, 0, 0, 0, 0, 0
0, 0, 0, 0, 0, 0, 0
0, 0, 0, 0, 0, 0, 0
0, 0, 0, 0, 0, 0, 0
0, 0, 0, 0, 0, 0, 0
0, 0, 0, 0, 0, 0, 0
0, 0, 0, 0, 0, 0, 0
0, 0, 0, 0, 0, 0, 0
0, 0, 0, 0, 0, 0, 0
0, 0, 0, 0, 0, 0, 0
0, 0, 0, 0, 0, 0, 0
0, 0, 0, 0, 0, 0, 0
0, 0, 0, 0, 0, 0, 0
0, 0, 0, 0, 0, 0, 0
0, 0, 0, 0, 0, 0, 0
0, 0, 0, 0, 0, 0, 0
0, 0, 0, 0, 0, 0, 0
0, 0, 0, 0, 0, 0, 0
0, 0, 0, 0, 0, 0, 0
0, 0, 0, 0, 0, 0, 0
0, 0, 0, 0, 0, 0, 0
0, 0, 0, 0, 0, 0, 0
0, 0, 0, 0, 0, 0, 0
0, 0, 0, 0, 0, 0, 0
0, 0, 0, 0, 0, 0, 0
0, 0, 0, 0, 0, 0, 0
0, 0, 0, 0, 0, 0, 0
0, 0, 0, 0, 0, 0, 0
0, 0, 0, 0, 0, 0, 0
0, 0, 0, 0, 0, 0, 0
0, 0, 0, 0, 0, 0, 0
0, 0, 0, 0, 0, 0, 0
0, 0, 0, 0, 0, 0, 0
0, 0, 0, 0, 0, 0, 0
0, 0, 0, 0, 0, 0, 0
0, 0, 0, 0, 0, 0, 0
0, 0, 0, 0, 0, 0, 0
0, 0, 0, 0, 0, 0, 0
0, 0, 0, 0, 0, 0, 0
0, 0, 0, 0, 0, 0, 0
0, 0, 0, 0, 0, 0, 0
0, 0, 0, 0, 0, 0, 0
0, 0, 0, 0, 0, 0, 0
0, 0, 0, 0, 0, 0, 0
0, 0, 0, 0, 0, 0, 0
0, 0, 0, 0, 0, 0, 0
0, 0, 0, 0, 0, 0, 0
0, 0, 0, 0, 0, 0, 0
0, 0, 0, 0, 0, 0, 0
0, 0, 0, 0, 0, 0, 0
0, 0, 0, 0, 0, 0, 0
0, 0, 0, 0, 0, 0, 0
0, 0, 0, 0, 0, 0, 0
0, 0, 0, 0, 0, 0, 0
0, 0, 0, 0, 0, 0, 0
0, 0, 0, 0, 0, 0, 0
0, 0, 0, 0, 0, 0, 0
0, 0, 0, 0, 0, 0, 0
0, 0, 0, 0, 0, 0, 0
0, 0, 0, 0, 0, 0, 0
0, 0, 0, 0, 0, 0, 0
0, 0, 0, 0, 0, 0, 0
0, 0, 0, 0, 0, 0, 0
0, 0, 0, 0, 0, 0, 0
0, 0, 0, 0, 0, 0, 0
0, 0, 0, 0, 0, 0, 0
0, 0, 0, 0, 0, 0, 0
0, 0, 0, 0, 0, 0, 0
0, 0, 0, 0, 0, 0, 0
0, 0, 0, 0, 0, 0, 0
0, 0, 0, 0, 0, 0, 0
0, 0, 0, 0, 0, 0, 0
0, 0, 0, 0, 0, 0, 0
0, 0, 0, 0, 0, 0, 0
0, 0, 0, 0, 0, 0, 0
0, 0, 0, 0, 0, 0, 0
0, 0, 0, 0, 0, 0, 0
0, 0, 0, 0, 0, 0, 0
0, 0, 0, 0, 0, 0, 0
0, 0, 0, 0, 0, 0, 0
0, 0, 0, 0, 0, 0, 0
0, 0, 0, 0, 0, 0, 0
0, 0, 0, 0, 0, 0, 0
0, 0, 0, 0, 0, 0, 0
0, 0, 0, 0, 0, 0, 0
0, 0, 0, 0, 0, 0, 0
0, 0, 0, 0, 0, 0, 0
0, 0, 0, 0, 0, 0, 0
0, 0, 0, 0, 0, 0, 0
0, 0, 0, 0, 0, 0, 0
0, 0, 0, 0, 0, 0, 0
0, 0, 0, 0, 0, 0, 0
0, 0, 0, 0, 0, 0, 0
0, 0, 0, 0, 0, 0, 0
0, 0, 0, 0, 0, 0, 0
0, 0, 0, 0, 0, 0, 0
0, 0, 0, 0, 0, 0, 0
0, 0, 0, 0, 0, 0, 0
0, 0, 0, 0, 0, 0, 0
0, 0, 0, 0, 0, 0, 0
0, 0, 0, 0, 0, 0, 0
0, 0, 0, 0, 0, 0, 0
0, 0, 0, 0, 0, 0, 0
0, 0, 0, 0, 0, 0, 0
0, 0, 0, 0, 0, 0, 0
0, 0, 0, 0, 0, 0, 0
0, 0, 0, 0, 0, 0, 0
0, 0, 0, 0, 0, 0, 0
0, 0, 0, 0, 0, 0, 0
0, 0, 0, 0, 0, 0, 0
0, 0, 0, 0, 0, 0, 0
0, 0, 0, 0, 0, 0, 0
0, 0, 0, 0, 0, 0, 0
0, 0, 0, 0, 0, 0, 0
0, 0, 0, 0, 0, 0, 0
0, 0, 0, 0, 0, 0, 0
0, 0, 0, 0, 0, 0, 0
0, 0, 0, 0, 0, 0, 0
0, 0, 0, 0, 0, 0, 0
0, 0, 0, 0, 0, 0, 0
0, 0, 0, 0, 0, 0, 0
0, 0, 0, 0, 0, 0, 0
0, 0, 0, 0, 0, 0, 0
0, 0, 0, 0, 0, 0, 0
0, 0, 0, 0, 0, 0, 0
0, 0, 0, 0, 0, 0, 0
0, 0, 0, 0, 0, 0, 0
0, 0, 0, 0, 0, 0, 0
0, 0, 0, 0, 0, 0, 0
0, 0, 0, 0, 0, 0, 0
0, 0, 0, 0, 0, 0, 0
0, 0, 0, 0, 0, 0, 0
0, 0, 0, 0, 0, 0, 0
0, 0, 0, 0, 0, 0, 0
0, 0, 0, 0, 0, 0, 0
0, 0, 0, 0, 0, 0, 0
0, 0, 0, 0, 0, 0, 0
0, 0, 0, 0, 0, 0, 0
0, 0, 0, 0, 0, 0, 0
0, 0, 0, 0, 0, 0, 0
0, 0, 0, 0, 0, 0, 0
0, 0, 0, 0, 0, 0, 0
0, 0, 0, 0, 0, 0, 0
0, 0, 0, 0, 0, 0, 0
0, 0, 0, 0, 0, 0, 0
0, 0, 0, 0, 0, 0, 0
0, 0, 0, 0, 0, 0, 0
0, 0, 0, 0, 0, 0, 0
0, 0, 0, 0, 0, 0, 0
0, 0, 0, 0, 0, 0, 0
0, 0, 0, 0, 0, 0, 0
0, 0, 0, 0, 0, 0, 0
0, 0, 0, 0, 0, 0, 0
0, 0, 0, 0, 0, 0, 0
0, 0, 0, 0, 0, 0, 0
0, 0, 0, 0, 0, 0, 0
0, 0, 0, 0, 0, 0, 0
0, 0, 0, 0, 0, 0, 0
0, 0, 0, 0, 0, 0, 0
0, 0, 0, 0, 0, 0, 0
0, 0, 0, 0, 0, 0, 0
0, 0, 0, 0, 0, 0, 0
0, 0, 0, 0, 0, 0, 0
0, 0, 0, 0, 0, 0, 0
0, 0, 0, 0, 0, 0, 0
0, 0, 0, 0, 0, 0, 0
0, 0, 0, 0, 0, 0, 0
0, 0, 0, 0, 0, 0, 0
0, 0, 0, 0, 0, 0, 0
0, 0, 0, 0, 0, 0, 0
0, 0, 0, 0, 0, 0, 0
0, 0, 0, 0, 0, 0, 0
0, 0, 0, 0, 0, 0, 0
0, 0, 0, 0, 0, 0, 0
0, 0, 0, 0, 0, 0, 0
0, 0, 0, 0, 0, 0, 0
0, 0, 0, 0, 0, 0, 0
0, 0, 0, 0, 0, 0, 0
0, 0, 0, 0, 0, 0, 0
0, 0, 0, 0, 0, 0, 0
0, 0, 0, 0, 0, 0, 0
0, 0, 0, 0, 0, 0, 0
0, 0, 0, 0, 0, 0, 0
0, 0, 0, 0, 0, 0, 0
0, 0, 0, 0, 0, 0, 0
0, 0, 0, 0, 0, 0, 0
0, 0, 0, 0, 0, 0, 0
0, 0, 0, 0, 0, 0, 0
0, 0, 0, 0, 0, 0, 0
0, 0, 0, 0, 0, 0, 0
0, 0, 0, 0, 0, 0, 0
0, 0, 0, 0, 0, 0, 0
0, 0, 0, 0, 0, 0, 0
0, 0, 0, 0, 0, 0, 0
0, 0, 0, 0, 0, 0, 0
0, 0, 0, 0, 0, 0, 0
0, 0, 0, 0, 0, 0, 0
0, 0, 0, 0, 0, 0, 0
0, 0, 0, 0, 0, 0, 0
0, 0, 0, 0, 0, 0, 0
0, 0, 0, 0, 0, 0, 0
0, 0, 0, 0, 0, 0, 0
0, 0, 0, 0, 0, 0, 0
0, 0, 0, 0, 0, 0, 0
0, 0, 0, 0, 0, 0, 0
0, 0, 0, 0, 0, 0, 0
0, 0, 0, 0, 0, 0, 0
0, 0, 0, 0, 0, 0, 0
0, 0, 0, 0, 0, 0, 0
0, 0, 0, 0, 0, 0, 0
0, 0, 0, 0, 0, 0, 0
0, 0, 0, 0, 0, 0, 0
0, 0, 0, 0, 0, 0, 0
0, 0, 0, 0, 0, 0, 0
0, 0, 0, 0, 0, 0, 0
0, 0, 0, 0, 0, 0, 0
0, 0, 0, 0, 0, 0, 0
0, 0, 0, 0, 0, 0, 0
0, 0, 0, 0, 0, 0, 0
0, 0, 0, 0, 0, 0, 0
0, 0, 0, 0, 0, 0, 0
0, 0, 0, 0, 0, 0, 0
0, 0, 0, 0, 0, 0, 0
0, 0, 0, 0, 0, 0, 0
0, 0, 0, 0, 0, 0, 0
0, 0, 0, 0, 0, 0, 0
0, 0, 0, 0, 0, 0, 0
0, 0, 0, 0, 0, 0, 0
0, 0, 0, 0, 0, 0, 0
0, 0, 0, 0, 0, 0, 0
0, 0, 0, 0, 0, 0, 0
0, 0, 0, 0, 0, 0, 0
0, 0, 0, 0, 0, 0, 0
0, 0, 0, 0, 0, 0, 0
0, 0, 0, 0, 0, 0, 0
0, 0, 0, 0, 0, 0, 0
0, 0, 0, 0, 0, 0, 0
0, 0, 0, 0, 0, 0, 0
0, 0, 0, 0, 0, 0, 0
0, 0, 0, 0, 0, 0, 0
0, 0, 0, 0, 0, 0, 0
0, 0, 0, 0, 0, 0, 0
0, 0, 0, 0, 0, 0, 0
0, 0, 0, 0, 0, 0, 0
0, 0, 0, 0, 0, 0, 0
0, 0, 0, 0, 0, 0, 0
0, 0, 0, 0, 0, 0, 0
0, 0, 0, 0, 0, 0, 0
0, 0, 0, 0, 0, 0, 0
0, 0, 0, 0, 0, 0, 0
0, 0, 0, 0, 0, 0, 0
0, 0, 0, 0, 0, 0, 0
0, 0, 0, 0, 0, 0, 0
0, 0, 0, 0, 0, 0, 0
0, 0, 0, 0, 0, 0, 0
0, 0, 0, 0, 0, 0, 0
0, 0, 0, 0, 0, 0, 0
0, 0, 0, 0, 0, 0, 0
0, 0, 0, 0, 0, 0, 0
0, 0, 0, 0, 0, 0, 0
0, 0, 0, 0, 0, 0, 0
0, 0, 0, 0, 0, 0, 0
0, 0, 0, 0, 0, 0, 0
0, 0, 0, 0, 0, 0, 0
0, 0, 0, 0, 0, 0, 0
0, 0, 0, 0, 0, 0, 0
0, 0, 0, 0, 0, 0, 0
0, 0, 0, 0, 0, 0, 0
0, 0, 0, 0, 0, 0, 0
0, 0, 0, 0, 0, 0, 0
0, 0, 0, 0, 0, 0, 0
0, 0, 0, 0, 0, 0, 0
0, 0, 0, 0, 0, 0, 0
0, 0, 0, 0, 0, 0, 0
0, 0, 0, 0, 0, 0, 0
0, 0, 0, 0, 0, 0, 0
0, 0, 0, 0, 0, 0, 0
0, 0, 0, 0, 0, 0, 0
0, 0, 0, 0, 0, 0, 0
0, 0, 0, 0, 0, 0, 0
0, 0, 0, 0, 0, 0, 0
0, 0, 0, 0, 0, 0, 0
0, 0, 0, 0, 0, 0, 0
0, 0, 0, 0, 0, 0, 0
0, 0, 0, 0, 0, 0, 0
0, 0, 0, 0, 0, 0, 0
0, 0, 0, 0, 0, 0, 0
0, 0, 0, 0, 0, 0, 0
0, 0, 0, 0, 0, 0, 0
0, 0, 0, 0, 0, 0, 0
0, 0, 0, 0, 0, 0, 0
0, 0, 0, 0, 0, 0, 0
0, 0, 0, 0, 0, 0, 0
0, 0, 0, 0, 0, 0, 0
0, 0, 0, 0, 0, 0, 0
0, 0, 0, 0, 0, 0, 0
0, 0, 0, 0, 0, 0, 0
0, 0, 0, 0, 0, 0, 0
0, 0, 0, 0, 0, 0, 0
0, 0, 0, 0, 0, 0, 0
0, 0, 0, 0, 0, 0, 0
0, 0, 0, 0, 0, 0, 0
0, 0, 0, 0, 0, 0, 0
0, 0, 0, 0, 0, 0, 0
0, 0, 0, 0, 0, 0, 0
0, 0, 0, 0, 0, 0, 0
0, 0, 0, 0, 0, 0, 0
0, 0, 0, 0, 0, 0, 0
0, 0, 0, 0, 0, 0, 0
0, 0, 0, 0, 0, 0, 0
0, 0, 0, 0, 0, 0, 0
0, 0, 0, 0, 0, 0, 0
0, 0, 0, 0, 0, 0, 0
0, 0, 0, 0, 0, 0, 0
0, 0, 0, 0, 0, 0, 0
0, 0, 0, 0, 0, 0, 0
0, 0, 0, 0, 0, 0, 0
0, 0, 0, 0, 0, 0, 0
0, 0, 0, 0, 0, 0, 0
0, 0, 0, 0, 0, 0, 0
0, 0, 0, 0, 0, 0, 0
0, 0, 0, 0, 0, 0, 0
0, 0, 0, 0, 0, 0, 0
0, 0, 0, 0, 0, 0, 0
0, 0, 0, 0, 0, 0, 0
0, 0, 0, 0, 0, 0, 0
0, 0, 0, 0, 0, 0, 0
0, 0, 0, 0, 0, 0, 0
0, 0, 0, 0, 0, 0, 0
0, 0, 0, 0, 0, 0, 0
0, 0, 0, 0, 0, 0, 0
0, 0, 0, 0, 0, 0, 0
0, 0, 0, 0, 0, 0, 0
0, 0, 0, 0, 0, 0, 0
0, 0, 0, 0, 0, 0, 0
0, 0, 0, 0, 0, 0, 0
0, 0, 0, 0, 0, 0, 0
0, 0, 0, 0, 0, 0, 0
0, 0, 0, 0, 0, 0, 0
0, 0, 0, 0, 0, 0, 0
0, 0, 0, 0, 0, 0, 0
0, 0, 0, 0, 0, 0, 0
0, 0, 0, 0, 0, 0, 0
0, 0, 0, 0, 0, 0, 0
0, 0, 0, 0, 0, 0, 0
0, 0, 0, 0, 0, 0, 0
0, 0, 0, 0, 0, 0, 0
0, 0, 0, 0, 0, 0, 0
0, 0, 0, 0, 0, 0, 0
0, 0, 0, 0, 0, 0, 0
0, 0, 0, 0, 0, 0, 0
0, 0, 0, 0, 0, 0, 0
0, 0, 0, 0, 0, 0, 0
0, 0, 0, 0, 0, 0, 0
0, 0, 0, 0, 0, 0, 0
0, 0, 0, 0, 0, 0, 0
0, 0, 0, 0, 0, 0, 0
0, 0, 0, 0, 0, 0, 0
0, 0, 0, 0, 0, 0, 0
0, 0, 0, 0, 0, 0, 0
0, 0, 0, 0, 0, 0, 0
0, 0, 0, 0, 0, 0, 0
0, 0, 0, 0, 0, 0, 0
0, 0, 0, 0, 0, 0, 0
0, 0, 0, 0, 0, 0, 0
0, 0, 0, 0, 0, 0, 0
0, 0, 0, 0, 0, 0, 0
0, 0, 0, 0, 0, 0, 0
0, 0, 0, 0, 0, 0, 0
0, 0, 0, 0, 0, 0, 0
0, 0, 0, 0, 0, 0, 0
0, 0, 0, 0, 0, 0, 0
0, 0, 0, 0, 0, 0, 0
0, 0, 0, 0, 0, 0, 0
0, 0, 0, 0, 0, 0, 0
0, 0, 0, 0, 0, 0, 0
0, 0, 0, 0, 0, 0, 0
0, 0, 0, 0, 0, 0, 0
0, 0, 0, 0, 0, 0, 0
0, 0, 0, 0, 0, 0, 0
0, 0, 0, 0, 0, 0, 0
0, 0, 0, 0, 0, 0, 0
0, 0, 0, 0, 0, 0, 0
0, 0, 0, 0, 0, 0, 0
0, 0, 0, 0, 0, 0, 0
0, 0, 0, 0, 0, 0, 0
0, 0, 0, 0, 0, 0, 0
0, 0, 0, 0, 0, 0, 0
0, 0, 0, 0, 0, 0, 0
0, 0, 0, 0, 0, 0, 0
0, 0, 0, 0, 0, 0, 0
0, 0, 0, 0, 0, 0, 0
0, 0, 0, 0, 0, 0, 0
0, 0, 0, 0, 0, 0, 0
0, 0, 0, 0, 0, 0, 0
0, 0, 0, 0, 0, 0, 0
0, 0, 0, 0, 0, 0, 0
0, 0, 0, 0, 0, 0, 0
0, 0, 0, 0, 0, 0, 0
0, 0, 0, 0, 0, 0, 0
0, 0, 0, 0, 0, 0, 0
0, 0, 0, 0, 0, 0, 0
0, 0, 0, 0, 0, 0, 0
0, 0, 0, 0, 0, 0, 0
0, 0, 0, 0, 0, 0, 0
0, 0, 0, 0, 0, 0, 0
0, 0, 0, 0, 0, 0, 0
0, 0, 0, 0, 0, 0, 0
0, 0, 0, 0, 0, 0, 0
0, 0, 0, 0, 0, 0, 0
0, 0, 0, 0, 0, 0, 0
0, 0, 0, 0, 0, 0, 0
0, 0, 0, 0, 0, 0, 0
0, 0, 0, 0, 0, 0, 0
0, 0, 0, 0, 0, 0, 0
0, 0, 0, 0, 0, 0, 0
0, 0, 0, 0, 0, 0, 0
0, 0, 0, 0, 0, 0, 0
0, 0, 0, 0, 0, 0, 0
0, 0, 0, 0, 0, 0, 0
0, 0, 0, 0, 0, 0, 0
0, 0, 0, 0, 0, 0, 0
0, 0, 0, 0, 0, 0, 0
0, 0, 0, 0, 0, 0, 0
0, 0, 0, 0, 0, 0, 0
0, 0, 0, 0, 0, 0, 0
0, 0, 0, 0, 0, 0, 0
0, 0, 0, 0, 0, 0, 0
0, 0, 0, 0, 0, 0, 0
0, 0, 0, 0, 0, 0, 0
0, 0, 0, 0, 0, 0, 0
0, 0, 0, 0, 0, 0, 0
0, 0, 0, 0, 0, 0, 0
0, 0, 0, 0, 0, 0, 0
0, 0, 0, 0, 0, 0, 0
0, 0, 0, 0, 0, 0, 0
0, 0, 0, 0, 0, 0, 0
0, 0, 0, 0, 0, 0, 0
0, 0, 0, 0, 0, 0, 0
0, 0, 0, 0, 0, 0, 0
0, 0, 0, 0, 0, 0, 0
0, 0, 0, 0, 0, 0, 0
0, 0, 0, 0, 0, 0, 0
0, 0, 0, 0, 0, 0, 0
0, 0, 0, 0, 0, 0, 0
0, 0, 0, 0, 0, 0, 0
0, 0, 0, 0, 0, 0, 0
0, 0, 0, 0, 0, 0, 0
0, 0, 0, 0, 0, 0, 0
0, 0, 0, 0, 0, 0, 0
0, 0, 0, 0, 0, 0, 0
0, 0, 0, 0, 0, 0, 0
0, 0, 0, 0, 0, 0, 0
0, 0, 0, 0, 0, 0, 0
0, 0, 0, 0, 0, 0, 0
0, 0, 0, 0, 0, 0, 0
0, 0, 0, 0, 0, 0, 0
0, 0, 0, 0, 0, 0, 0
0, 0, 0, 0, 0, 0, 0
0, 0, 0, 0, 0, 0, 0
0, 0, 0, 0, 0, 0, 0
0, 0, 0, 0, 0, 0, 0
0, 0, 0, 0, 0, 0, 0
0, 0, 0, 0, 0, 0, 0
0, 0, 0, 0, 0, 0, 0
0, 0, 0, 0, 0, 0, 0
0, 0, 0, 0, 0, 0, 0
0, 0, 0, 0, 0, 0, 0
8.8751295, 9.027689500000001, 9.2307495, 9.5074691, 9.799459050000001, 16.47539771, 24.370709
8.889664250000001, 9.0488605, 9.243791250000001, 9.542005099999999, 9.834815899999999, 16.713529349999998, 52.853195
8.88721325, 9.032515, 9.23767725, 9.517778000000002, 9.7331708, 14.421194619999994, 22.552578
8.888997250000001, 9.050740999999999, 9.24940725, 9.530697, 9.8179181, 14.196959149999998, 36.893046
8.89348175, 9.0579635, 9.241076249999999, 9.5262978, 9.7869774, 14.400560809999993, 32.855096
8.89680475, 9.0516355, 9.24514425, 9.5203138, 9.7804272, 16.65946179, 36.893046
8.883292749999999, 9.045786, 9.257105, 9.5132051, 9.72591, 10.643118709999996, 19.587514
8.880313, 9.027431, 9.22345125, 9.525959700000001, 9.78666475, 15.267818949999995, 52.853195
8.86334175, 9.00418, 9.183177, 9.4960837, 10.004476299999999, 11.961541919999988, 35.734803
8.864496249999998, 9.0143955, 9.19224075, 9.509293, 10.087609, 11.903409949999995, 35.734803
8.864476, 8.999276, 9.18492375, 9.451816, 10.004905999999997, 11.832923069999982, 35.734803
8.86394, 9.003504, 9.17502875, 9.4217649, 10.077020099999999, 12.048048669999998, 35.734803
8.8674405, 9.005358999999999, 9.178988, 9.4313164, 9.9110968, 11.897930429999999, 35.734803
8.8643685, 8.997862999999999, 9.163389, 9.401521599999999, 9.929915249999999, 11.815958299999991, 37.448702
8.8727005, 9.004527, 9.183636, 9.461342, 9.998310049999999, 12.073487519999976, 37.448702
8.859887, 9.001022, 9.17089425, 9.4386792, 9.998298449999998, 11.932734399999998, 35.734803
8.86264975, 9.0046875, 9.18357125, 9.4810989, 10.032009799999992, 12.420338479999991, 35.487972
8.783461, 9.050884499999999, 10.268597, 11.642031, 12.45138875, 14.96492, 26.889073
8.794796, 9.069738999999998, 10.151943750000001, 11.587576900000002, 12.388676200000003, 14.874335240000015, 19.563106
8.792301, 9.0659235, 10.282529, 11.655081000000001, 12.513229000000003, 15.240095440000006, 19.563106
8.6474265, 9.129088, 10.8038755, 12.42623, 13.984007949999995, 17.699644929999998, 38.813544
8.652375249999999, 9.173124, 10.803248, 12.5576427, 14.09337, 17.547577, 38.813544
8.6497995, 9.152997, 10.83907575, 12.444253100000001, 14.059407, 17.844941360000007, 38.813544
8.646536, 9.1197145, 10.82114, 12.411578800000001, 13.93484, 17.70364571, 38.813544
8.64284925, 9.0900105, 10.783959, 12.3479153, 13.853538, 17.443292050000004, 38.813544
8.643614, 9.136702, 10.8128985, 12.420808200000002, 14.062613, 17.930662, 38.813544
8.64735, 9.1177425, 10.85423875, 12.543128, 14.09346615, 17.787040250000004, 38.813544
8.64116175, 9.106176999999999, 10.792807, 12.424355, 13.961266, 17.664238760000007, 38.813544
8.638877, 9.0732395, 10.813056, 12.423639, 14.124520799999999, 18.597355, 38.404747
8.641519500000001, 9.116301499999999, 10.810465500000001, 12.4196954, 14.013569399999994, 17.539180490000017, 38.813544
8.64633225, 9.134619, 10.84722275, 12.4566762, 14.06230995, 17.629572, 34.462112
8.664850249999999, 9.159366, 10.8818, 12.492840000000001, 14.174129649999998, 17.664151120000007, 38.813544
8.662397, 9.149667, 10.80275075, 12.4075519, 13.961409049999999, 17.547577, 38.404747
8.6459125, 9.110756, 10.8165175, 12.467011, 14.137495, 18.189378760000007, 38.813544
8.6560165, 9.118227, 10.803728, 12.4566762, 13.963302399999996, 17.611796, 34.462112
8.656072, 9.14324, 10.821458, 12.444253100000001, 14.070622, 17.936827, 38.813544
8.65312325, 9.167744, 10.891384, 12.434019, 14.015404799999995, 17.787230290000007, 38.813544
8.65667775, 9.1290965, 10.92100225, 12.543128, 14.214376999999986, 17.813216060000006, 38.404747
8.6476755, 9.11698, 10.788428249999999, 12.436447900000001, 14.070622, 17.630272330000015, 38.404747
8.648617, 9.142960500000001, 10.809672, 12.403106400000002, 13.92961735, 17.235884, 38.813544
8.646338, 9.1388105, 10.8373555, 12.414051600000002, 13.968153399999988, 17.612121870000006, 38.404747
8.65468175, 9.162216, 10.8411135, 12.61051, 14.175415, 17.70442273000002, 38.404747
8.64946, 9.1230105, 10.816327, 12.42623, 14.076976, 17.96142778000002, 38.813544
8.659141, 9.145354000000001, 10.783959, 12.408338200000001, 13.975135899999987, 17.699605, 38.813544
8.64702525, 9.140626000000001, 10.7886045, 12.349046900000001, 14.095492549999998, 17.92199, 38.813544
8.651264, 9.142239499999999, 10.80133275, 12.382462, 13.925927999999997, 17.629572, 34.462112
8.644443500000001, 9.123282, 10.7833185, 12.474779400000001, 14.071097549999994, 18.211952, 34.408771
8.65550775, 9.148198, 10.8237425, 12.493027700000003, 14.0619102, 17.813216060000006, 38.813544
8.646881, 9.1246505, 10.78398825, 12.5151543, 14.0626608, 17.786232420000005, 38.813544
8.65440575, 9.148613, 10.811768, 12.4310994, 14.08060959999999, 17.844941360000007, 38.813544
8.647925, 9.1278, 10.82188975, 12.4189413, 14.009994549999991, 17.96142778000002, 38.813544
8.641112, 9.118573000000001, 10.777336, 12.403628500000003, 14.105618199999991, 17.888381480000007, 38.404747
8.640719, 9.106176999999999, 10.74203975, 12.3443185, 13.885285399999995, 17.644577100000006, 27.927733
8.64798775, 9.120355, 10.788229000000001, 12.444253100000001, 14.095293, 17.664151120000007, 38.404747
8.786481250000001, 9.050419, 10.185552, 11.583236200000002, 12.385275, 14.73748600000002, 19.393533
8.783518, 9.044462, 10.2852, 11.6704833, 12.444344, 14.944377500000003, 26.889073
8.791006750000001, 9.050234, 10.200565, 11.6460504, 12.4629839, 14.823613650000018, 26.889073
8.860357, 8.995664000000001, 9.16789775, 9.4356989, 9.930965, 12.071947189999964, 37.448702
8.86415575, 8.997937499999999, 9.172004, 9.4445625, 10.023848699999999, 11.922695769999988, 35.330604
8.8644865, 9.000801, 9.186289, 9.4445506, 9.921188899999995, 11.938814469999995, 35.734803
8.868889750000001, 9.0075875, 9.17732475, 9.4505011, 9.994264399999999, 12.340374149999997, 37.448702
8.86263975, 9.000257, 9.18945425, 9.445592, 9.921269099999998, 11.932933869999994, 37.448702
8.86794375, 8.9983435, 9.17875675, 9.4446442, 9.908149449999998, 11.832407149999995, 35.330604
8.857823499999999, 9.001538, 9.16584825, 9.434658, 10.004487899999999, 12.00816916999999, 37.448702
8.86042925, 8.996087, 9.16847925, 9.4161862, 9.778812049999997, 11.913174, 35.734803
8.86855775, 8.996323, 9.16950975, 9.4303053, 9.9045498, 12.05613009999996, 37.448702
8.86794375, 9.0040295, 9.18840575, 9.4559762, 9.94988625, 11.896901349999991, 24.923449
8.872676, 9.014748999999998, 9.19043375, 9.4521272, 9.962186049999996, 11.749209169999997, 37.448702
8.88690675, 9.050512000000001, 9.243138, 9.5071139, 9.788198199999998, 14.432891989999998, 32.855096
8.8900605, 9.0371595, 9.2551175, 9.4964481, 9.764229899999998, 11.274920009999983, 32.855096
8.881942500000001, 9.035346, 9.243016, 9.5270339, 9.7996442, 16.363501279999998, 22.552578
8.8839185, 9.034789, 9.24219875, 9.5133501, 9.769657599999999, 16.65972384, 21.371576
8.88082925, 9.029539, 9.202307, 9.4426032, 9.704696649999999, 13.487890559999999, 22.552578
8.893911000000001, 9.033763, 9.222157750000001, 9.4924795, 9.682916, 14.39243249, 32.855096
8.859813, 9.000086, 9.16384025, 9.420315599999999, 9.897999649999996, 11.92257846999999, 37.448702
8.795732749999999, 9.0643675, 10.24051975, 11.5960128, 12.36295385, 14.721916450000005, 26.889073
8.795732749999999, 9.064055, 10.213862, 11.6610979, 12.554767300000002, 14.932686830000002, 19.563106
8.866735, 9.001616, 9.178965, 9.4634862, 9.997745599999996, 12.070419, 103.5100545419335
8.870337, 9.003301, 9.17893175, 9.4386792, 9.92934, 11.898029970000003, 35.734803
8.834622, 9.017262, 9.368721, 10.861953, 11.767109599999996, 13.775378, 35.487972
8.833928, 9.024591000000001, 9.378698, 10.876892, 11.775076899999998, 13.780979239999885, 35.487972
8.8357675, 9.023514, 9.381943249999999, 10.8811844, 11.771586, 13.76228128999998, 35.330604
8.72970475, 9.065829, 10.507705, 11.979424300000005, 13.176227, 16.712693199999855, 38.813544
8.726971500000001, 9.081693, 10.520389, 11.981077500000001, 13.163769, 16.385151, 34.462112
8.726138, 9.061763, 10.498604499999999, 11.927172, 13.089843, 16.576725, 38.404747
8.64477, 9.1183175, 10.780169, 12.426273, 13.967686449999995, 17.709146019999878, 38.813544
8.648051, 9.111909, 10.781199, 12.390487, 14.027404, 17.708369, 38.813544
8.643625, 9.111567, 10.794076, 12.394759000000004, 13.967338, 17.538447, 38.813544
8.64477, 9.129782, 10.812846, 12.426273, 14.070622, 17.92199, 38.813544
8.64345875, 9.111492, 10.787681, 12.378146, 13.974307, 17.708369, 38.813544
8.64702525, 9.141108, 10.79523075, 12.429121700000001, 14.059407, 17.888042, 38.813544
8.649534, 9.119783, 10.792518, 12.45322, 14.015086, 17.629572, 38.813544
8.776596, 9.954583, 12.298339, 15.474345, 17.70838935, 23.35500521999995, 44.22794
8.770653, 9.9079345, 12.262559, 15.533545, 17.74418384999999, 22.943716, 44.22794
8.773838, 9.938127, 12.276682, 15.434174200000005, 17.763728, 23.421254, 44.22794
8.770949, 9.9185345, 12.259859, 15.47149, 17.708369, 22.916588, 44.22794
8.777696, 9.940406, 12.222278, 15.473809, 17.844694, 23.757344, 38.813544
8.775454, 9.941029, 12.34191, 15.501056, 17.768922, 23.837696, 44.22794
8.770279, 9.89761, 12.264055, 15.440045, 17.758837, 23.328235, 44.22794
8.772451, 9.915037, 12.2468895, 15.422896100000003, 17.737444849999996, 23.421254, 44.22794
8.766161, 9.916538, 12.3332, 15.533741900000004, 17.843497, 23.75765695999995, 44.22794
8.781515500000001, 9.952201, 12.344737, 15.548184600000006, 17.763728, 23.507924, 44.22794
8.779941, 9.940207, 12.26563, 15.493468900000003, 17.859281, 23.386707, 44.22794
8.77722975, 9.9370805, 12.284758, 15.408306, 17.703598, 23.287969, 44.22794
9.095034, 11.207526, 14.058793, 17.379265, 19.89759, 25.616439, 44.22794
9.12291, 11.253083, 14.091211, 17.417718, 19.99271, 26.015162, 44.22794
9.103057, 11.2268785, 14.047847, 17.405764, 19.797086, 25.90813013000022, 44.22794
9.136254, 11.264072, 14.104936, 17.418904200000025, 19.87902209999994, 25.677274, 44.22794
9.114416, 11.261879, 14.1163645, 17.431298, 19.993191799999956, 25.87213881, 44.22794
9.09992825, 11.204613, 14.08345675, 17.405764, 19.874239, 25.791337, 44.22794
9.106745, 11.228731, 14.110726, 17.440367, 19.89221, 25.616439, 44.22794
9.115342, 11.249629500000001, 14.140549, 17.431298, 19.91524, 25.907049, 44.22794
9.102697, 11.214026, 14.047847, 17.412054, 19.862456, 25.607038, 44.22794
9.09837925, 11.219993, 14.048942, 17.412054, 19.937328999999863, 25.87256730000007, 44.22794
9.112501, 11.214239, 14.0803205, 17.351107, 19.89759, 25.791337, 44.22794
9.11223975, 11.236961, 14.116295, 17.439015, 19.927271, 25.907049, 44.22794
9.107936, 11.197627, 14.072194, 17.360226600000004, 19.87902209999994, 25.907049, 44.22794
9.110034, 11.203379, 14.033392, 17.360077, 19.86304514999995, 25.786771, 44.22794
9.113882499999999, 11.205214, 14.0649205, 17.358213, 19.916648, 25.872138, 44.22794
9.110913, 11.261554, 14.096689, 17.360077, 19.781006, 25.786771, 44.22794
9.110689, 11.226488, 14.04293, 17.405764, 19.862456, 25.791337, 44.22794
9.110913, 11.234332, 14.075138, 17.439015, 19.89221, 26.123703, 44.22794
9.119095, 11.246837, 14.093828, 17.512314, 19.905001, 25.791337, 44.22794
9.123961, 11.258859, 14.104582, 17.434288, 19.878328, 25.386005, 44.22794
9.105987, 11.205214, 14.06527, 17.387633, 19.966418, 25.87256730000007, 44.22794
9.09992825, 11.207573, 14.107129, 17.466592, 19.935798, 25.791337, 44.22794
9.114581, 11.2076135, 14.084987, 17.448593, 19.991815, 26.015162, 44.22794
9.116303, 11.2297175, 14.06527, 17.375265, 19.89759, 26.206109, 44.22794
9.106745, 11.239497, 14.08532025, 17.369627, 19.781006, 25.259308210000018, 44.22794
9.114581, 11.196169, 13.993414, 17.269753, 19.742827, 25.791337, 44.22794
9.115582499999999, 11.264158, 14.093828, 17.42958, 19.797917, 25.786771, 44.22794
9.10942875, 11.2339335, 14.104582, 17.448374, 20.004899, 25.872219, 44.22794
9.114504, 11.251128, 14.094421, 17.379265, 19.878328, 25.569751630000077, 44.22794
9.116615, 11.24558, 14.08632, 17.400589, 19.878328, 25.872138, 44.22794
9.113951, 11.227476, 14.094805000000001, 17.400589, 19.874239, 26.015162, 44.22794
9.111456, 11.247666, 14.094421, 17.417718, 19.878328, 25.872138, 44.22794
9.106745, 11.207573, 14.0594015, 17.364599, 19.905304549999972, 26.124527060000165, 44.22794
9.116615, 11.24558, 14.104708, 17.440367, 19.927271, 25.907049, 44.22794
9.120837, 11.249662, 14.055484, 17.33012980000005, 19.690333, 25.677274, 44.22794
9.118958, 11.243894, 14.08632, 17.321376, 19.874239, 25.677274, 44.22794
9.110313, 11.264655, 14.083382, 17.379265, 19.935798, 25.617047350000124, 44.22794
8.78088675, 9.94496, 12.266385750000001, 15.4711183, 17.761000899999996, 23.328325209999985, 44.22794
8.778754, 9.916367, 12.266811, 15.37871570000003, 17.768922, 23.55508004999999, 44.22794
8.7723, 9.928982999999999, 12.3302505, 15.468105, 17.863091, 23.581625, 44.22794
8.77582525, 9.940426500000001, 12.242366, 15.456396900000001, 17.716931, 23.33775050999992, 44.22794
8.772504, 9.940406, 12.326118999999998, 15.584591, 17.900589, 24.050111019999974, 44.22794
8.76277775, 9.9085135, 12.214792, 15.448173, 17.775321, 23.68457, 44.22794
8.775553, 9.91966, 12.292975, 15.51228350000001, 17.797553, 23.544528, 44.22794
8.778532, 9.94496, 12.242366, 15.463437, 17.822721, 23.474496649999946, 44.22794
8.646259, 9.126939, 10.7886045, 12.418864, 14.021462, 17.699605, 38.813544
8.647882, 9.12794, 10.812846, 12.448787, 14.039873, 17.644383, 38.813544
8.646338, 9.142960500000001, 10.805758, 12.458521600000003, 14.076976, 17.844506, 38.813544
8.649243250000001, 9.129560000000001, 10.805758, 12.436701700000008, 14.066505, 17.888042, 38.813544
8.64477, 9.12137, 10.809672, 12.426093, 14.009391, 17.872018, 38.813544
8.64921075, 9.1343905, 10.794076, 12.423710600000001, 14.034355, 17.786071, 38.813544
8.647674, 9.135479, 10.801736, 12.413431, 14.013154, 17.786071, 38.813544
8.652538, 9.142981, 10.83844, 12.478032, 14.078328, 17.888042, 38.813544
8.646909, 9.126562, 10.788585, 12.408001, 13.963141849999998, 17.872018, 38.813544
8.64698325, 9.112278, 10.805758, 12.439813, 13.96309, 17.888381479999943, 38.813544
8.64759125, 9.126235, 10.803728, 12.407502, 13.931125, 17.64457709999997, 38.813544
8.644217, 9.118738, 10.78426325, 12.3563758, 13.94272, 17.629572, 38.813544
8.644595500000001, 9.123282, 10.768044, 12.402768, 13.964127, 17.786971, 38.813544
8.646227, 9.129088, 10.802272, 12.426273, 14.013154, 17.793896, 38.813544
8.643484, 9.113885, 10.783959, 12.420221, 13.967686449999995, 17.793896, 38.813544
8.643319, 9.1181595, 10.799044, 12.447701600000002, 14.039873, 17.703645709999993, 38.813544
8.645282, 9.116567, 10.78818, 12.426232, 13.974307, 17.703598, 38.813544
8.647031, 9.126562, 10.823630000000001, 12.429641, 14.021759099999995, 17.703598, 38.813544
8.650421, 9.134619, 10.864846, 12.541176, 14.0626608, 17.844506, 38.813544
8.647008, 9.133437, 10.794662, 12.426230200000001, 14.06189, 17.547577, 38.813544
8.646259, 9.119585, 10.792782, 12.442805, 14.034355, 17.888042, 38.813544
8.775228, 9.939425, 12.282786, 15.445559, 17.666456, 23.174614, 44.22794
8.77202, 9.937809, 12.31705775, 15.550704200000013, 17.900945199999995, 23.555005, 40.625286
8.782022, 9.9885675, 12.291375, 15.488115, 17.716931, 23.223349, 44.22794
8.777717, 9.948001000000001, 12.309544, 15.532750900000023, 17.836524949999994, 23.582653619999835, 44.22794
8.781234, 9.961888, 12.29958575, 15.584591, 17.890157, 23.581625, 44.22794
8.774067500000001, 9.933004, 12.26733875, 15.422896100000003, 17.663926149999998, 23.166745, 40.625286
8.783156, 9.956398499999999, 12.32056225, 15.574491, 17.844694, 23.789130559999922, 44.22794
8.776687, 9.916399, 12.30174875, 15.449308, 17.7437363, 23.354685, 44.22794
8.767707, 9.922558, 12.3275875, 15.556387, 17.859471499999998, 23.54470781999997, 44.22794
8.78940325, 9.990304, 12.358032, 15.533545, 17.8129, 23.354685, 44.22794
8.7787505, 9.967507, 12.28003175, 15.410377400000003, 17.636415, 23.35500521999995, 44.22794
8.77936775, 9.957723, 12.280529, 15.460952, 17.709183749999994, 23.164686789999998, 44.22794
8.770425, 9.9251015, 12.246993499999999, 15.43666, 17.473063999999997, 23.223349, 44.22794
8.787186, 9.9661, 12.338752, 15.547275, 17.799246, 23.555005, 44.22794
8.77249075, 9.916554000000001, 12.226099, 15.463527600000003, 17.7437363, 23.421402409999978, 44.22794
8.779389, 9.956102, 12.349758, 15.511867, 17.849544, 23.43647563999994, 39.815707
8.78061275, 9.926991, 12.268334, 15.56426980000001, 17.857093649999992, 23.337256, 44.22794
8.779389, 9.940738, 12.306214, 15.425077, 17.72919675, 23.186330629999954, 44.22794
8.773446999999999, 9.929262999999999, 12.329923, 15.504055000000012, 17.844816849999997, 23.837696, 44.22794
8.775099, 9.95008, 12.330803, 15.589794, 17.802213, 23.83828265999991, 44.22794
8.783793, 9.9344285, 12.33559225, 15.583126500000011, 17.820762099999996, 23.386707, 44.22794
8.775454, 9.938127, 12.320116, 15.595868300000017, 17.930662, 23.941805, 44.22794
8.7771495, 9.95017, 12.286538, 15.415509400000005, 17.62759125, 23.23759482999992, 44.22794
8.784532, 9.951248499999998, 12.3318155, 15.493363, 17.810287499999998, 23.337256, 44.22794
8.783156, 9.982531, 12.3443275, 15.558682, 17.870616, 23.684487, 44.22794
8.647882, 9.140164, 10.792518, 12.424355, 14.027404, 17.80231986999998, 38.813544
8.649687, 9.142985, 10.814858, 12.444594800000006, 13.96309, 17.708369, 38.813544
8.73100625, 9.08539, 10.507705, 11.962376, 13.06856, 16.576445, 38.813544
8.731747, 9.081308499999999, 10.532912, 12.015373, 13.123731499999991, 16.378229, 34.462112
8.725494, 9.070043, 10.522811, 12.015915, 13.252007, 16.609178, 38.813544
8.786178, 9.05268, 10.218304, 11.617003, 12.385116, 14.783205929999971, 26.889073
8.78579, 9.047762, 10.226674, 11.648925900000002, 12.460371, 14.902097389999952, 26.889073
8.789554, 9.050492, 10.214038, 11.650619200000003, 12.472115, 14.938511, 26.889073
8.784022, 9.051, 10.221427, 11.649735, 12.472115, 15.054648079999936, 26.889073
8.7895155, 9.048317, 10.221427, 11.653620400000003, 12.420386, 14.932628, 26.889073
8.788515, 9.053049, 10.223743, 11.647640100000004, 12.42317635, 14.944267119999985, 26.889073
8.78408125, 9.049619, 10.223743, 11.660993, 12.502305, 15.049837599999993, 26.889073
8.726232, 9.0668065, 10.509230500000001, 11.970167100000003, 13.132498, 16.615755, 38.404747
8.726526, 9.064032, 10.50073325, 11.971238600000001, 13.126926, 16.60482089, 38.813544
8.731542, 9.089133499999999, 10.537121, 12.0148483, 13.219887850000001, 16.62074429999996, 38.813544
8.72594825, 9.052347, 10.489588, 11.983828, 13.122915599999999, 16.606292899999985, 38.813544
8.730198, 9.0755845, 10.530125, 12.05524, 13.212379549999994, 16.570951, 38.404747
8.6433755, 9.12137, 10.795076, 12.426273, 13.983646, 17.699605, 38.813544
8.649633, 9.140528, 10.803728, 12.402618, 13.974773949999992, 17.802213, 38.813544
8.72704125, 9.0709455, 10.50289, 11.979360900000003, 13.127204599999995, 16.306208, 38.813544
8.727006, 9.071135, 10.5287105, 11.987073400000012, 13.09725925, 16.319874, 38.813544
8.727053, 9.070416, 10.51303, 11.981252, 13.159804, 16.499587339999877, 38.404747
8.727958, 9.072659, 10.512209, 12.014736, 13.150815, 16.615886, 38.813544
8.730238, 9.073132, 10.57113725, 12.083024, 13.257823, 16.644732, 34.462112
8.724833, 9.06199, 10.493566, 11.963666200000002, 13.004805599999997, 16.44275985999996, 27.927733
8.646122, 9.134672, 10.807164, 12.442949700000003, 14.063569, 17.872018, 38.813544
8.649238, 9.1263985, 10.788229000000001, 12.378146, 13.94032, 17.629720109999976, 38.813544
8.649534, 9.128838, 10.815183, 12.456485, 14.09337, 17.80231986999998, 38.813544
8.648617, 9.134619, 10.807386, 12.456485, 14.066710849999996, 17.872178239999975, 38.813544
8.646251, 9.140528, 10.811768, 12.429754400000002, 13.960113, 17.64457709999997, 38.813544
8.646227, 9.129560000000001, 10.817596, 12.407502, 13.929538, 17.699605, 38.813544
8.64633225, 9.124901, 10.80231025, 12.453529, 14.057811, 17.703645709999993, 38.813544
8.649683, 9.141327, 10.807164, 12.515008, 14.11706, 17.80231986999998, 38.813544
8.647674, 9.122739, 10.80250575, 12.426273, 14.062294, 17.802213, 38.813544
8.644621, 9.1343905, 10.803367999999999, 12.413431, 13.974307, 17.844781119999954, 38.813544
8.643217, 9.114951, 10.788376, 12.342726, 13.925738, 17.611796, 38.813544
8.647882, 9.117393, 10.80133275, 12.447581, 14.062613, 17.703598, 38.813544
8.649245, 9.130221, 10.817596, 12.444252, 14.0619102, 17.786071, 38.813544
8.646259, 9.118573000000001, 10.788663, 12.456485, 14.034355, 17.703645709999993, 38.813544
8.647674, 9.13779, 10.788376, 12.384552, 13.931125, 17.78704024999999, 38.813544
8.782689, 9.954326, 12.317997250000001, 15.5562682, 17.847151, 23.789130559999922, 44.22794
8.77928425, 9.9318195, 12.264055, 15.460952, 17.75712, 23.941805, 44.22794
8.77249075, 9.950419, 12.3318, 15.6293342, 17.847341899999996, 23.555005, 44.22794
8.779304, 9.954449499999999, 12.27518, 15.49627, 17.822721, 23.544632769999982, 44.22794
8.776971, 9.93438, 12.246993499999999, 15.448173, 17.82154205, 23.421254, 44.22794
8.780058, 9.954817, 12.34455475, 15.568075, 17.8445154, 23.35500521999995, 44.22794
8.781042, 9.939114, 12.262701, 15.468958400000005, 17.82148, 23.355350689999895, 44.22794
8.77955, 9.9341905, 12.317997250000001, 15.49674860000001, 17.793896, 23.507924, 44.22794
8.780251, 9.93722, 12.268384999999999, 15.503710300000003, 17.82148, 23.354685, 44.22794
8.77782, 9.94425, 12.33045, 15.508888300000008, 17.909704, 23.789130559999922, 44.22794
8.778055, 9.960471, 12.325267, 15.445559, 17.72919675, 23.164666, 44.22794
8.776971, 9.94165, 12.29834825, 15.487156600000015, 17.786116, 23.354685, 44.22794
8.77258, 9.903365, 12.222134, 15.391002, 17.636415, 23.544528, 44.22794
8.786577, 9.967755, 12.291358, 15.505135, 17.79776685, 23.313008, 44.22794
8.774518, 9.947952, 12.272737, 15.494422, 17.908454749999997, 23.83828265999991, 44.22794
8.647156, 9.144944, 10.801294, 12.426552100000006, 14.063569, 17.786971, 38.813544
8.648051, 9.134141, 10.81620025, 12.429641, 13.964127, 17.92199, 38.813544
8.781455750000001, 9.941029, 12.339652749999999, 15.494606800000005, 17.7005618, 23.337430289999972, 44.22794
8.781234, 9.947821000000001, 12.3184435, 15.563847, 17.980981, 23.896816429999927, 44.22794
8.773838, 9.9189675, 12.326082, 15.568075, 17.900945199999995, 23.544528, 44.22794
8.770742, 9.937136, 12.31698, 15.513646100000006, 17.737444849999996, 23.421254, 44.22794
8.78374375, 9.961005, 12.317291, 15.493468900000003, 17.82070005, 23.56270114999997, 44.22794
8.775271, 9.928561, 12.297151, 15.521324300000025, 17.82070005, 23.387052469999947, 44.22794
8.777996250000001, 9.939777, 12.298339, 15.471721900000004, 17.795765, 23.896362, 44.22794
8.778625, 9.953849, 12.291375, 15.511867, 17.793896, 23.23759482999992, 44.22794
8.77183325, 9.9615075, 12.354152, 15.531701199999999, 17.786971, 23.18642793999994, 44.22794
8.788552750000001, 9.954326, 12.30958, 15.53738050000001, 17.870616, 23.56251, 44.22794
8.780289, 9.932933, 12.305466, 15.513646100000006, 17.863091, 23.31325047999996, 40.625286
8.7786135, 9.924691, 12.27426, 15.482149500000006, 17.8445154, 24.049948, 44.22794
8.778055, 9.9468055, 12.326312249999999, 15.580261900000005, 17.79776685, 23.337256, 44.22794
8.768588, 9.921224, 12.24678, 15.373173600000007, 17.737444849999996, 22.943890009999972, 44.22794
8.776018, 9.95484, 12.32056225, 15.511867, 17.849544, 23.186055, 44.22794
8.781392499999999, 9.935835, 12.325185999999999, 15.536901, 17.820659, 23.355350689999895, 44.22794
9.125335, 11.268315, 14.104936, 17.412054, 19.819811, 25.398768280000134, 44.22794
9.114035750000001, 11.249421, 14.016657, 17.440367, 19.972802, 25.607038, 44.22794
9.110852, 11.250684, 14.078297, 17.448593, 20.00850009999995, 26.312623880000302, 44.22794
9.115128, 11.2485435, 14.083382, 17.412054, 19.837517, 25.398104, 44.22794
9.093036999999999, 11.2398055, 14.071423, 17.379265, 19.966737199999972, 26.123703, 44.22794
9.107936, 11.24558, 14.09442, 17.434288, 19.862456, 26.015162, 44.22794
9.098896, 11.219885, 14.011948, 17.297558, 19.75842, 25.616439, 44.22794
9.100464, 11.207654, 14.03706, 17.369627, 19.89221, 25.607038, 44.22794
9.110913, 11.2686595, 14.1235, 17.299572300000012, 19.874239, 25.678368970000225, 44.22794
9.093074, 11.198598, 14.0561, 17.361573, 19.797917, 25.607038, 44.22794
9.100571, 11.207168, 14.083382, 17.400589, 19.820696299999923, 25.786771, 44.22794
9.114581, 11.23235, 14.038794, 17.361573, 19.781006, 25.386125990000025, 44.22794
9.098896, 11.233535, 14.071423, 17.360077, 19.797917, 25.872138, 44.22794
9.103855, 11.197101, 13.976241, 17.304255, 19.89221, 25.907049, 44.22794
9.12480175, 11.2485435, 14.07161575, 17.395163800000013, 19.819811, 25.678368970000225, 44.22794
9.109645, 11.253589, 14.038794, 17.369627, 19.937328999999863, 25.907049, 44.22794
9.1066925, 11.23235, 14.116573, 17.38113230000002, 19.89221, 25.616439, 44.22794
9.09220975, 11.244737, 14.064804, 17.400589, 19.991815, 26.015162, 44.22794
9.120837, 11.234425, 14.0840075, 17.375265, 19.91524, 25.786771, 44.22794
9.103057, 11.215572, 14.048942, 17.375265, 19.753229, 25.334118, 44.22794
9.101617, 11.240114, 14.092094, 17.448593, 19.819811, 25.616439, 44.22794
9.114416, 11.219885, 14.096689, 17.5123147, 19.975074, 25.464532, 44.22794
9.106535, 11.251128, 14.048942, 17.32174950000001, 19.89759, 25.677274, 44.22794
9.098528, 11.220182, 14.034091499999999, 17.351107, 19.905304549999972, 25.616439, 44.22794
9.110913, 11.26294, 14.093828, 17.325379800000004, 19.745184, 25.616439, 44.22794
9.114581, 11.2398055, 14.071423, 17.358213, 19.862456, 25.792145010000162, 44.22794
8.773913, 9.923907, 12.282594, 15.487360800000003, 17.758924349999997, 23.23759482999992, 44.22794
8.781472, 9.939314, 12.292857249999999, 15.481921, 17.717036, 23.28821938999996, 44.22794
8.765534, 9.914875, 12.24678, 15.49674860000001, 17.630696, 22.995265659999887, 39.815707
8.774582, 9.928561, 12.317997250000001, 15.505479700000008, 17.87218785, 23.54489896999994, 44.22794
8.781472, 9.955218, 12.28721825, 15.545028600000006, 17.88855245, 23.387052469999947, 44.22794
8.778249, 9.9387765, 12.3318, 15.521324300000025, 17.78309465, 23.555005, 44.22794
8.775905, 9.930706, 12.304235, 15.511867, 17.820659, 23.28821938999996, 40.625286
8.78321025, 9.974845, 12.305653, 15.481921, 17.820659, 23.55508004999999, 44.22794
8.779129, 9.929108, 12.262701, 15.442775300000006, 17.8129, 23.387052469999947, 44.22794
8.77666425, 9.952239500000001, 12.286091, 15.516032, 17.818695, 23.50829003999994, 44.22794
8.78294, 9.9542155, 12.262559, 15.493363, 17.786071, 23.337256, 44.22794
8.777054249999999, 9.930250000000001, 12.285568, 15.481594300000001, 17.759081549999998, 23.328325209999985, 44.22794
8.791392, 9.960564, 12.324961, 15.535652700000002, 17.88779975, 23.78864, 44.22794
8.770043, 9.9079345, 12.23406425, 15.477724100000005, 17.748169, 23.223349, 44.22794
8.773694, 9.939777, 12.28102025, 15.505135, 17.797559800000002, 23.421402409999978, 44.22794
8.7820085, 9.937491, 12.292975, 15.556387, 17.849544, 24.276037, 44.22794
8.776767, 9.940426500000001, 12.286538, 15.495085400000015, 17.748616549999994, 23.287969, 44.22794
8.775454, 9.95008, 12.321901, 15.486548, 17.799394349999996, 23.328235, 44.22794
8.776905, 9.963676, 12.238608, 15.391002, 17.700820699999994, 23.474496649999946, 44.22794
8.778055, 9.928468500000001, 12.326082, 15.531935800000005, 17.810287499999998, 23.685297739999886, 44.22794
8.780913, 9.927063, 12.269743, 15.456271, 17.656935, 23.43647563999994, 44.22794
8.773694, 9.9288195, 12.3250105, 15.494606800000005, 17.824858099999993, 23.474496649999946, 44.22794
8.646338, 9.128411, 10.809672, 12.474779400000008, 14.0626608, 17.708369, 38.813544
8.727166, 9.085366, 10.544803, 12.021891300000002, 13.132498, 16.615755, 38.813544
8.724218, 9.061421, 10.509657, 11.992927000000002, 13.234652099999996, 16.605728, 38.404747
8.726226749999999, 9.065984, 10.50142375, 11.978234, 13.08207465, 16.571005939999992, 38.813544
8.7255675, 9.082579, 10.532912, 12.009694800000004, 13.120155, 16.615755, 38.813544
8.732747, 9.091667, 10.526137, 11.971194, 13.09725925, 16.285443829999984, 38.404747
8.73045475, 9.0734955, 10.50838275, 11.993566, 13.209190649999998, 16.62074429999996, 38.813544
8.731171, 9.0901955, 10.544115, 11.992856, 13.10856765, 16.829082, 38.813544
8.725592, 9.0723425, 10.53100875, 12.011142, 13.222672, 16.468585, 38.813544
8.72912325, 9.074843000000001, 10.511765, 12.0148483, 13.155389, 16.78388185999994, 38.813544
8.721577, 9.066393, 10.5012765, 12.009576100000002, 13.185883849999989, 16.711789, 38.813544
8.72706275, 9.082595000000001, 10.523224, 11.971420400000001, 13.138524, 16.615886, 38.813544
8.7262105, 9.059367, 10.465788, 11.959306, 13.112746699999999, 16.593917, 38.813544
8.73099325, 9.073796000000002, 10.53097, 12.048261, 13.164032949999996, 16.468887259999953, 38.813544
8.72841525, 9.073513, 10.533097, 12.016211100000007, 13.132643449999998, 16.570951, 38.813544
8.72874675, 9.073132, 10.51686325, 12.008992200000002, 13.156387799999997, 16.498811, 38.813544
8.724531, 9.076353000000001, 10.530125, 12.0147414, 13.185359749999996, 16.378229, 38.813544
8.73109375, 9.076511, 10.523224, 12.087347700000002, 13.314725199999996, 16.680998979999966, 38.813544
8.724218, 9.070316, 10.52495175, 11.978234, 13.199865, 16.393789, 38.813544
8.72682725, 9.070010499999999, 10.512645, 12.025182700000002, 13.126926, 16.680998979999966, 38.404747
8.725273, 9.06785, 10.49817, 12.018876, 13.200107549999997, 16.604807, 38.813544
8.72719, 9.076533000000001, 10.50838275, 12.018939600000001, 13.220007249999998, 16.605728, 38.813544
8.730201749999999, 9.0810905, 10.50112925, 12.007947, 13.138524, 16.468887259999953, 38.813544
8.724888, 9.0699155, 10.494492, 12.021832, 13.219306, 16.60482089, 38.813544
8.726226749999999, 9.0619655, 10.520389, 11.9928245, 13.209190649999998, 16.711789, 38.813544
8.731054, 9.074693, 10.529989, 11.986512, 13.122905, 16.36108912999997, 38.813544
8.728517, 9.074225, 10.503684, 11.968516, 13.162858, 16.498811, 38.813544
8.731239, 9.076262, 10.51686325, 12.030500100000005, 13.16290355, 16.605728, 38.813544
8.726114, 9.070322, 10.494178, 11.977714800000001, 13.104457, 16.499532399999886, 38.813544
8.647674, 9.12794, 10.80152075, 12.439813, 14.027404, 17.802213, 38.813544
8.646301, 9.110686, 10.794076, 12.429064, 14.034355, 17.793979169999986, 38.813544
8.644519, 9.128324, 10.802873, 12.4075519, 13.967338, 17.48360792999991, 38.813544
8.647641, 9.117321, 10.82114, 12.462111, 14.062389, 17.872018, 38.813544
8.644131, 9.116036, 10.749449, 12.423710600000001, 14.057890799999997, 17.793896, 38.813544
8.642476, 9.112136, 10.765191, 12.394759000000004, 13.964127, 17.786071, 38.813544
8.652522, 9.128324, 10.796022, 12.4741425, 14.057811, 17.793896, 38.813544
8.646338, 9.118573000000001, 10.811768, 12.46260100000001, 14.06189, 17.8129, 38.813544
8.648044, 9.135669499999999, 10.834787, 12.459643, 14.070622, 17.888042, 38.813544
8.644621, 9.124091499999999, 10.794076, 12.384552, 13.99554189999999, 17.708369, 38.813544
8.64738, 9.141965, 10.811768, 12.436074, 14.062389, 17.81321605999995, 38.813544
8.64477, 9.112452, 10.779907, 12.402633, 13.983646, 17.699605, 38.813544
8.649238, 9.136206999999999, 10.821458, 12.434019, 14.057811, 17.786971, 38.813544
8.645662, 9.130221, 10.830678, 12.439813, 14.062389, 17.786971, 38.813544
8.643217, 9.110756, 10.799044, 12.402633, 13.94272, 17.611796, 38.813544
8.650166, 9.129782, 10.794076, 12.397027200000014, 13.983646, 17.786071, 38.813544
8.651493, 9.141108, 10.802272, 12.4075519, 14.013154, 17.81321605999995, 38.813544
8.6495745, 9.119646, 10.795076, 12.436074, 13.960113, 17.703645709999993, 38.813544
8.645662, 9.130221, 10.7942225, 12.439813, 14.076976, 17.844781119999954, 38.813544
8.646682, 9.114951, 10.78818, 12.4262361, 14.039873, 17.663793, 38.813544
8.644195499999999, 9.116036, 10.774918, 12.382671000000006, 14.009391, 17.708369, 38.813544
8.646682, 9.11539, 10.779551, 12.419637, 13.983646, 17.708369, 38.813544
8.6476755, 9.136206999999999, 10.807164, 12.426515200000006, 13.990885, 17.786071, 38.813544
8.647008, 9.120069, 10.783518, 12.418864, 14.062294, 17.793896, 38.813544
8.643484, 9.1196155, 10.805758, 12.436074, 14.062613, 17.8129, 38.813544
8.649238, 9.1343905, 10.813056, 12.510002500000006, 14.079938, 17.888042, 38.813544
8.64477, 9.116036, 10.801449, 12.402768, 13.994813, 17.66415111999994, 38.813544
8.646301, 9.140626000000001, 10.796022, 12.474138, 14.063715799999997, 17.703598, 38.813544
8.647925, 9.119783, 10.801449, 12.458397, 14.034630899999996, 17.663793, 38.813544
8.647156, 9.1278, 10.809144, 12.459643, 14.034355, 17.611796, 38.813544
8.641977, 9.1191615, 10.817596, 12.434019, 14.013154, 17.844781119999954, 38.813544
8.643933, 9.114455, 10.814858, 12.436356, 14.039873, 18.052882, 38.813544
8.64738, 9.145797, 10.814858, 12.480543, 14.079938, 17.793896, 38.813544
8.646227, 9.119585, 10.779907, 12.423639, 14.057890799999997, 17.644383, 38.813544
8.647442, 9.140164, 10.811768, 12.429064, 14.06189, 17.844506, 38.813544
8.64791425, 9.140724, 10.81732525, 12.440112200000005, 14.078328, 17.786971, 38.813544
8.77874, 9.948654999999999, 12.31622025, 15.590445, 17.849544, 23.213715309999984, 44.22794
8.77202, 9.928431, 12.264055, 15.448173, 17.786971, 23.896816429999927, 44.22794
8.778249, 9.953487, 12.297783, 15.559198500000011, 17.81015, 23.544528, 44.22794
8.781862, 9.93835, 12.3307875, 15.464507200000003, 17.775321, 23.507924, 44.22794
8.770030499999999, 9.915037, 12.264055, 15.473809, 17.786971, 23.941805, 44.22794
8.644519, 9.119646, 10.801449, 12.467011, 14.0619102, 17.629572, 38.813544
8.6473725, 9.142635, 10.809672, 12.453529, 14.062613, 17.786071, 38.813544
8.639742, 9.111417, 10.783371, 12.365659, 13.866715, 17.708369, 38.813544
8.6473725, 9.1278, 10.816158, 12.436356, 13.952062749999996, 17.802213, 38.813544
8.643383, 9.1069125, 10.76975, 12.356788, 13.961266, 17.802213, 38.813544
8.6474265, 9.1485455, 10.843635, 12.467011, 14.078328, 17.663793, 38.813544
8.654945, 9.1426225, 10.837196, 12.462111, 14.057811, 17.930662, 38.813544
8.646122, 9.140626000000001, 10.814858, 12.45322, 13.951795, 17.802213, 38.813544
8.64686075, 9.126939, 10.809672, 12.423639, 13.961357199999998, 17.663793, 38.813544
8.651264, 9.145338, 10.831342, 12.458397, 14.06189, 17.872018, 38.813544
8.649588, 9.148613, 10.830678, 12.444594800000006, 14.039873, 17.699605, 38.813544
8.646338, 9.140528, 10.84025375, 12.439813, 14.013569399999994, 17.644383, 38.813544
8.652431, 9.1426225, 10.802425, 12.4532509, 14.057811, 17.709146019999878, 38.813544
8.645567, 9.116036, 10.784076, 12.436356, 14.059407, 17.888042, 38.813544
8.64713, 9.1283675, 10.7914005, 12.402618, 13.961266, 17.547577, 38.813544
8.648051, 9.149461, 10.832974, 12.453529, 14.015086, 17.709146019999878, 38.813544
8.647682, 9.1446595, 10.81732525, 12.402768, 13.95715, 17.663793, 38.813544
8.644195499999999, 9.111417, 10.780169, 12.423639, 13.991081399999997, 17.793896, 38.813544
8.646164, 9.117975000000001, 10.791028, 12.384552, 13.994813, 17.699605, 38.813544
8.644621, 9.124091499999999, 10.792782, 12.426093, 14.02210664999999, 17.872018, 38.813544
8.643581, 9.1278, 10.792782, 12.429064, 14.057811, 17.78608, 38.813544
8.647641, 9.116301499999999, 10.78858425, 12.402768, 13.967338, 17.644383, 38.813544
8.647031, 9.129782, 10.824965, 12.4189413, 13.94272, 17.709146019999878, 38.813544
8.645996, 9.129338, 10.8297875, 12.456485, 14.105016, 17.786071, 38.813544
8.647674, 9.142981, 10.836591, 12.459643, 14.063569, 17.786071, 38.813544
8.645282, 9.126235, 10.7886045, 12.429064, 14.021759099999995, 17.69964492999999, 38.813544
8.6468, 9.109048, 10.774292, 12.394759000000004, 14.013154, 17.708369, 38.813544
8.647674, 9.127385, 10.815183, 12.45322, 14.063569, 17.930662, 38.813544
8.649534, 9.1300015, 10.795076, 12.426273, 14.059407, 17.793896, 38.813544
8.646909, 9.134162, 10.83277, 12.45322, 14.0132506, 17.611796, 38.813544
8.642829, 9.118738, 10.803248, 12.420221, 13.94272, 17.699605, 38.813544
8.644519, 9.106537, 10.788376, 12.402768, 13.951795, 17.872178239999975, 38.813544
8.646909, 9.128411, 10.807164, 12.429641, 13.960113, 17.699605, 38.813544
8.647674, 9.126235, 10.787681, 12.426232, 13.961266, 17.547577, 38.813544
8.646909, 9.135669499999999, 10.812846, 12.447701600000002, 13.96309, 17.538447, 38.813544
8.644519, 9.122739, 10.78398825, 12.429064, 13.964127, 17.66415111999994, 38.813544
8.64735, 9.119783, 10.795076, 12.423639, 13.994813, 17.708369, 38.813544
8.647008, 9.132194, 10.814858, 12.418864, 14.015404799999995, 17.64457709999997, 38.813544
8.64759125, 9.128411, 10.802748, 12.426232, 13.983646, 17.78704024999999, 38.813544
8.643807, 9.129560000000001, 10.803248, 12.462111, 14.066505, 17.92199, 38.813544
8.647832, 9.140528, 10.80250575, 12.419637, 13.984007949999995, 17.644383, 38.813544
8.647156, 9.134141, 10.802272, 12.429064, 13.951795, 17.699605, 38.813544
8.651493, 9.134141, 10.795695, 12.48373820000002, 14.066710849999996, 17.844506, 38.813544
8.647156, 9.1369675, 10.835209, 12.444263, 14.057811, 17.703598, 38.404747
8.778439, 9.936558, 12.223842, 15.39141190000001, 17.799394349999996, 23.544528, 44.22794
8.7680285, 9.923907, 12.321901, 15.520172, 17.797553, 23.684487, 44.22794
8.77666425, 9.907564, 12.301781, 15.44573, 17.799394349999996, 23.684487, 44.22794
8.7723, 9.9341905, 12.25788225, 15.411727800000007, 17.636415, 23.337430289999972, 44.22794
8.77871125, 9.9379205, 12.324961, 15.582106, 17.893937, 23.973925, 44.22794
8.781009000000001, 9.950845, 12.325470750000001, 15.458325, 17.708369, 23.386707, 44.22794
8.776945, 9.930250000000001, 12.280529, 15.5116672, 17.847341899999996, 23.581625, 44.22794
8.776971, 9.952278, 12.344494, 15.488115, 17.82280555, 23.237086, 44.22794
8.776845, 9.919118, 12.241719, 15.449308, 17.763987699999998, 23.186330629999954, 44.22794
8.772504, 9.935844, 12.305653, 15.494606800000005, 17.793896, 23.474496649999946, 44.22794
8.7754285, 9.927063, 12.34489, 15.644848, 17.893937, 23.56270114999997, 40.625286
8.78149925, 9.983701499999999, 12.3636655, 15.582807200000005, 17.870616, 23.789130559999922, 40.625286
8.788176, 9.952278, 12.297151, 15.448173, 17.81015, 23.354685, 40.625286
8.78374375, 9.941382999999998, 12.291358, 15.550152, 17.908454749999997, 23.684487830000002, 44.22794
8.775737, 9.915902, 12.266472, 15.544779, 17.847226, 23.78864, 44.22794
8.776687, 9.921224, 12.326838, 15.508888300000008, 17.758837, 23.436095, 44.22794
8.769505, 9.927777, 12.272841499999998, 15.445559, 17.760584, 23.78864, 44.22794
8.778267, 9.935101, 12.31677975, 15.555674, 17.88855245, 23.43647563999994, 44.22794
8.775099, 9.90917, 12.283928, 15.520172, 17.92199, 23.684487830000002, 44.22794
8.777696, 9.948654999999999, 12.352988, 15.556387, 17.8334752, 23.43647563999994, 44.22794
8.77440625, 9.934611499999999, 12.226519, 15.415273299999999, 17.748169, 23.354685, 44.22794
8.782243, 9.962445, 12.289259, 15.541800700000001, 17.907713, 23.972279, 44.22794
8.774502, 9.958227, 12.338752, 15.569308, 17.930970249999998, 23.337430289999972, 44.22794
8.77955, 9.948654999999999, 12.26689725, 15.471077, 17.81015, 23.56270114999997, 44.22794
8.771558, 9.925512, 12.283928, 15.513381, 17.760584, 23.387052469999947, 44.22794
8.780306, 9.95364, 12.298854, 15.584591, 17.799246, 23.237086, 44.22794
8.784735, 9.95588, 12.35571475, 15.505135, 17.763728, 23.421254, 44.22794
14.369267, 19.071753, 24.950902, 31.95023, 36.340294, 47.034426, 104.85955566242785
14.376309, 19.046669, 24.92982, 31.966386, 36.678152, 46.969521, 73.564487
14.425981, 19.032998, 24.829071749999997, 31.9035969, 36.441701, 46.969521, 73.564487
14.599639, 19.197129, 24.899209749999997, 31.905072, 36.427454, 46.976932, 73.564487
14.298118, 18.988174, 24.813864, 31.790765, 36.427454, 48.10944, 73.564487
14.418657, 19.036731, 24.99375, 32.228403, 36.98146844999999, 48.10944, 73.564487
14.3414555, 19.121042, 24.869248, 32.01555, 36.365682, 47.034426, 73.564487
14.362307, 19.00328, 24.757685, 32.069889, 36.680604, 47.034426, 73.564487
14.327805999999999, 18.981346, 24.782279, 31.816407500000004, 36.365682, 46.97750694000001, 73.564487
14.36351, 19.052939, 24.967991, 32.187811, 36.795214, 48.070909, 73.564487
14.307541, 19.071753, 24.7795085, 32.066633, 36.674856, 48.070909, 73.564487
14.363911, 19.045264000000003, 24.74613, 31.797581, 36.38367609999997, 47.720143, 73.564487
14.362307, 19.034861, 24.839567, 32.149169, 36.71080934999999, 48.070972160000004, 73.564487
14.296597, 18.981346, 24.784555, 32.0846311, 36.553819, 47.034426, 73.564487
11.03783775, 14.195813000000001, 18.574715, 23.63651, 26.965295, 34.67052264000001, 56.221419
10.120911, 12.750322, 16.480012, 20.736497700000005, 23.721439, 29.875681380000007, 43.791491
10.176276, 12.8365005, 16.531196, 21.1944372, 23.996224, 30.292728, 40.498626
10.19219875, 12.8203075, 16.607139500000002, 21.077183100000003, 23.77082, 29.508974, 43.791491
10.158891, 12.789646, 16.621845, 20.989339, 23.72926814999999, 30.19999, 43.791491
10.124172999999999, 12.810234, 16.501124, 21.1434898, 23.91559064999999, 29.613497900000024, 43.791491
10.1593905, 12.768387, 16.534053, 20.989339, 24.030696849999998, 29.875681380000007, 43.791491
10.157673749999999, 12.8173565, 16.539395, 21.117449500000003, 23.8564547, 29.652679130000013, 40.498626
10.1874845, 12.872767, 16.66591, 21.049024, 24.03388529999999, 29.482315, 43.791491
10.159557, 12.796867, 16.684472, 21.143774, 24.206244999999985, 30.71098672000003, 43.791491
10.225863499999999, 12.840143000000001, 16.612532, 21.075857500000012, 23.915041549999987, 29.904429, 40.498626
10.167639000000001, 12.7686075, 16.5757045, 20.808938, 23.927535, 30.299877, 43.791491
10.1783015, 12.820175500000001, 16.50967725, 21.238, 24.04497085, 30.426941970000033, 38.302754
10.192866, 12.868869, 16.707995, 21.29839, 24.060605, 30.689615, 40.498626
10.09080725, 12.8042675, 16.57396425, 20.919423, 23.744698049999997, 30.425338, 43.791491
9.113382999999999, 11.250684, 14.180906, 17.5878465, 20.12261989999999, 25.87248711000001, 44.22794
9.1013555, 11.164342000000001, 14.04415925, 17.388325800000004, 19.742827, 25.677274, 44.22794
9.085903, 11.121058999999999, 13.98807975, 17.439015, 19.91524, 25.334118, 40.625286
9.082215, 11.1450225, 14.094420249999999, 17.51518670000001, 19.905304549999993, 25.268505750000013, 44.22794
9.13522175, 11.3251295, 14.234119, 17.564213400000007, 20.157247, 25.87248711000001, 44.22794
9.11089775, 11.194037, 14.038794, 17.238541800000004, 19.74558624999999, 25.56984564000001, 39.815707
9.081843, 11.163953500000002, 14.036263, 17.4011065, 19.99271, 25.87213881, 44.22794
9.11837225, 11.221448, 13.9976635, 17.17388, 19.500973849999994, 25.56975163000001, 44.22794
9.13181575, 11.2800045, 14.094420249999999, 17.2995723, 20.058643, 26.206109, 44.22794
9.092556, 11.234332, 14.05677325, 17.400589, 19.760353299999974, 25.19979824000001, 44.22794
9.109936750000001, 11.249509, 14.178637, 17.689569, 20.155186349999997, 26.655765, 44.22794
9.137985, 11.298797, 14.1949985, 17.478150300000006, 19.937328999999977, 26.491486, 44.22794
9.103855, 11.1754395, 14.036482, 17.417718, 19.89759, 25.607740360000015, 44.22794
9.09740575, 11.220182, 14.1750555, 17.4347607, 19.878328, 26.508652, 44.22794
9.153584, 11.318226, 14.104613500000001, 17.320895, 19.742944849999997, 25.464532, 44.22794
9.14855875, 11.296549500000001, 14.14282775, 17.547211300000004, 19.975911049999986, 25.872138, 44.22794
9.1378715, 11.2268785, 14.12365425, 17.285888, 19.87902209999999, 25.677274, 44.22794
9.115128, 11.231748, 14.06808475, 17.321749500000003, 19.71552304999998, 25.398104, 40.625286
9.132405, 11.2704865, 14.167717, 17.318689, 19.706871, 26.016247410000023, 44.22794
9.0802725, 11.2343785, 14.14282775, 17.456985300000003, 19.837517, 25.464532, 44.22794
8.635166250000001, 9.091702999999999, 10.7303675, 12.4205628, 13.957298149999998, 17.78614925, 38.813544
8.656474, 9.15116, 10.840676, 12.403241400000002, 13.916690449999997, 17.872178240000004, 38.813544
8.655849, 9.12137, 10.83387825, 12.447581, 13.983646, 17.700478660000016, 38.813544
8.6414205, 9.0904195, 10.7348955, 12.42623, 14.015404799999995, 17.960504, 38.813544
8.653436, 9.1355215, 10.794076, 12.530849500000002, 14.11706, 17.872018, 38.813544
8.645567, 9.127385, 10.795250750000001, 12.457047600000003, 14.06229875, 17.888042, 38.813544
8.6440815, 9.146333, 10.842957, 12.478283100000002, 14.009579149999999, 17.547577, 34.462112
8.64267825, 9.117393, 10.78328925, 12.478235900000001, 14.0784085, 17.93096042000001, 38.813544
8.649243250000001, 9.119783, 10.7750085, 12.403291300000001, 13.921871499999995, 17.793979170000004, 38.813544
8.644217, 9.1230105, 10.797017, 12.4566762, 14.040973849999984, 17.79440210000001, 38.813544
8.64299475, 9.128175500000001, 10.8395425, 12.430775, 14.021759099999995, 17.872178240000004, 38.813544
8.64097325, 9.094461, 10.74217525, 12.301887700000002, 13.863886, 17.786232420000005, 38.813544
9.125082, 11.335586, 14.190642, 17.461269400000003, 20.002346, 25.398768280000013, 44.22794
9.14903275, 11.314336, 14.09442, 17.461269400000003, 19.892478999999994, 26.511208, 44.22794
9.095184499999998, 11.26294, 13.996733500000001, 17.2649514, 20.025163049999982, 26.227057190000018, 44.22794
9.11060525, 11.3151, 14.039828, 17.546056, 20.054081, 26.311127, 44.22794
9.119095, 11.324834, 14.19159, 17.405764, 19.911072, 25.678368970000026, 44.22794
9.103855, 11.1687885, 13.95886075, 17.269753, 19.783766099999973, 26.226208, 44.22794
9.1473485, 11.292216, 14.07956825, 17.443262, 20.082937, 26.508677560000002, 44.22794
9.114416, 11.279103, 14.060525, 17.267904400000003, 19.89847249999999, 25.907049, 44.22794
9.095034, 11.194037, 13.952657, 17.2312878, 19.742827, 25.33463687000001, 44.22794
9.136254, 11.2644495, 14.013010000000001, 17.274425, 19.79712755, 24.929448, 40.625286
9.13181575, 11.2749365, 14.17608125, 17.51469270000001, 19.911072, 25.874733840000054, 40.625286
10.1314605, 12.78629, 16.538177, 20.688751, 23.452766, 29.51000864000002, 40.498626
10.19219875, 12.7535345, 16.509684, 20.939579100000003, 23.927562, 30.87523, 43.791491
10.1314605, 12.788523, 16.64827725, 21.298954, 24.073788899999993, 30.29279949, 43.791491
10.185097, 12.888336, 16.604109, 21.2967974, 24.021318599999994, 30.41766055, 43.791491
10.179994, 12.776719, 16.65282625, 20.959845200000004, 23.914962, 30.20000452, 37.601966
10.1988445, 12.815374, 16.573888, 21.120661, 23.882069899999987, 30.024700120000002, 43.791491
10.181252500000001, 12.741277, 16.516000000000002, 21.010843300000015, 23.648787, 30.58660225000002, 43.791491
10.21651, 12.809954, 16.734261, 21.073148000000003, 24.031334099999988, 30.299968800000002, 43.791491
10.20445075, 12.7863455, 16.5908825, 20.993005, 23.771017699999998, 29.749014, 43.791491
10.179994, 12.873258, 16.6484875, 21.199682900000003, 24.060605, 30.426941970000033, 43.791491
10.1878625, 12.7749025, 16.524898, 20.975632, 23.776552849999973, 29.51000864000002, 43.791491
10.117678, 12.729724000000001, 16.509684, 20.987999, 23.726288, 30.20000452, 43.791491
10.222361, 12.883359500000001, 16.77528875, 21.236036, 23.937755, 29.613497900000024, 43.791491
10.216231, 12.78629, 16.58204325, 21.120661, 24.029582, 30.29279949, 43.791491
10.185461, 12.7309165, 16.53990725, 21.060766800000007, 23.92753635, 29.875681380000007, 43.791491
10.16907175, 12.7487175, 16.501124, 21.130619500000005, 24.022507, 30.19999, 43.791491
10.152969, 12.7502395, 16.573888, 21.076217, 23.805526, 29.719997630000034, 43.791491
10.141699, 12.859858500000001, 16.671397, 21.077183100000003, 24.030621, 29.75056815000003, 43.791491
10.19177425, 12.885301, 16.750696, 21.236047, 23.928071649999993, 30.024528, 43.791491
10.128791249999999, 12.712045, 16.530926, 21.139870600000002, 24.029582, 30.29279949, 43.791491
10.178841, 12.846074, 16.63857225, 20.923013900000008, 23.881282, 29.51465669000002, 43.791491
10.194027250000001, 12.822265, 16.676131, 21.070579800000008, 24.04497085, 30.201442, 40.498626
10.185383, 12.861851000000001, 16.605342, 20.9031094, 23.94933594999998, 30.201442, 43.791491
10.166881750000002, 12.822171, 16.654913, 21.049024, 23.786988, 30.04174, 43.791491
10.19587425, 12.794788, 16.60415175, 21.150714, 23.95026884999997, 29.876630260000027, 43.791491
10.169381, 12.801018, 16.721091, 21.120661, 23.95026884999997, 30.299877, 40.498626
10.20445075, 12.810234, 16.620482250000002, 20.976877, 23.996224, 30.417583, 40.498626
10.244543, 12.866757, 16.5655405, 21.272006, 24.091395, 30.425338, 43.791491
10.188148, 12.927984, 16.75784175, 21.26886, 24.082883499999987, 30.844229140000007, 40.498626
10.188447, 12.871189999999999, 16.67662225, 21.215225, 24.029582, 29.61283377000001, 43.791491
10.131066, 12.771096, 16.769381250000002, 21.343609, 24.2230391, 30.585735, 43.791491
10.176683, 12.885317, 16.685552, 21.144485, 23.937755, 30.043322500000034, 40.498626
10.20673525, 12.8634, 16.661795, 21.31211, 23.993754, 30.20235486000002, 40.498626
10.197772, 12.88661, 16.634294, 21.050064500000005, 23.810351, 29.61283377000001, 43.791491
10.16736, 12.788715, 16.65588775, 21.143774, 23.771017699999998, 29.500402010000002, 43.791491
10.1874845, 12.769573, 16.52781125, 21.060374100000004, 23.914384, 29.718428, 43.791491
10.058429, 12.724816, 16.549329999999998, 21.236036, 24.030696849999998, 30.309057, 38.887788
10.1547, 12.767045, 16.5636455, 21.2353151, 24.022860749999996, 30.417583, 43.791491
10.188148, 12.836558, 16.60441725, 21.069272700000003, 24.04497085, 29.513669, 43.791491
10.218131, 12.852226, 16.66188275, 20.994364600000004, 24.073788899999993, 30.844312110000008, 40.498626
10.176276, 12.682439, 16.550734, 20.975632, 23.745866349999982, 29.999569110000007, 40.498626
10.188447, 12.8782605, 16.752566, 21.198666, 24.074261749999987, 29.999317, 43.791491
10.19587425, 12.8730125, 16.71754875, 20.976862, 23.996224, 30.043322500000034, 40.498626
10.198027, 12.7863455, 16.7158175, 20.976862, 23.927535, 30.024528, 43.791491
10.198693, 12.868869, 16.6625635, 21.117449500000003, 23.928071649999993, 29.652015, 43.791491
10.1326945, 12.8614075, 16.716368, 21.152268100000008, 23.927535, 30.04174, 43.791491
10.131592, 12.766331, 16.649416000000002, 20.989339, 23.927562, 30.672631550000006, 43.791491
10.185461, 12.859858500000001, 16.570969, 21.299066, 24.030696849999998, 30.19999, 43.791491
10.179416, 12.7202695, 16.56378675, 21.143467, 24.020829, 29.500268, 40.498626
8.649318, 9.118573000000001, 10.79577675, 12.402618, 14.015701899999991, 17.644577100000006, 38.813544
8.65547025, 9.1275925, 10.803728, 12.4206344, 13.961266, 17.664238760000007, 38.813544
8.651264, 9.1552045, 10.81718375, 12.4237106, 14.027751549999996, 17.793979170000004, 38.813544
8.6474265, 9.137685, 10.773136, 12.366907700000006, 13.991081399999997, 17.548219190000015, 34.462112
8.655849, 9.1496, 10.83720825, 12.474418, 14.09346615, 17.888381480000007, 38.404747
8.64713, 9.116944, 10.7726765, 12.394759, 13.910396049999996, 17.813216060000006, 38.813544
8.649837, 9.135627, 10.76511225, 12.394576, 13.967338, 17.708369, 34.462112
8.656072, 9.165862, 10.82046725, 12.42623, 14.035527799999983, 18.188937, 38.813544
8.642130000000002, 9.1278, 10.806165, 12.5575565, 14.079938, 18.37132169000002, 38.813544
8.646251, 9.128132, 10.78398825, 12.390644, 13.995730049999986, 17.708369, 38.813544
8.65292725, 9.128639, 10.794662, 12.437145600000003, 13.985217999999977, 17.787040250000004, 38.813544
8.651935, 9.13779, 10.8066045, 12.457537600000004, 14.105016, 17.663793, 38.813544
8.6476175, 9.1364725, 10.846495749999999, 12.598444, 14.158531049999999, 18.233113, 38.813544
8.6430295, 9.086446500000001, 10.721070999999998, 12.308906400000003, 13.86466364999999, 17.699605, 38.404747
8.789817750000001, 9.053234, 10.258294, 11.64915, 12.4211503, 14.902097390000007, 26.889073
8.7904295, 9.05885, 10.269969, 11.659932, 12.548233, 14.938511, 26.889073
8.7763095, 9.0480465, 10.131442, 11.5929948, 12.343527650000002, 14.932628, 26.889073
8.778777999999999, 9.039289, 10.1617015, 11.650619200000001, 12.413306600000002, 15.054253, 26.889073
8.78849425, 9.054306, 10.23324925, 11.6604863, 12.4049616, 14.83195652000001, 26.889073
8.78381025, 9.047103, 10.17462425, 11.528656400000003, 12.27371265, 14.527426, 26.889073
8.775879, 9.03625, 10.152606, 11.600998100000002, 12.451679450000002, 14.944267120000001, 19.563106
8.78203575, 9.044837, 10.20798875, 11.658251300000002, 12.461294900000004, 14.938511, 19.563106
8.783742, 9.046104, 10.148943000000001, 11.625699, 12.43997835, 14.901789, 26.889073
8.7812195, 9.0436505, 10.203357500000001, 11.629453, 12.44408265, 14.815255450000002, 19.563106
8.7890565, 9.05576, 10.22091625, 11.679857700000003, 12.51207335, 14.815255450000002, 26.889073
8.78167175, 9.05342, 10.213906000000001, 11.597894500000002, 12.3226364, 14.832237540000015, 26.889073
8.788326999999999, 9.038048, 10.225062, 11.628673599999999, 12.375659100000002, 14.932840540000004, 19.563106
8.785622250000001, 9.046094, 10.17542925, 11.589782800000002, 12.4548477, 14.783345550000007, 19.563106
8.78878075, 9.040685, 10.17542925, 11.577927, 12.288681, 14.757073, 26.889073
8.7889365, 9.063528, 10.2035555, 11.658155400000002, 12.4699167, 14.783024, 19.563106
8.795743, 9.079065499999999, 10.214986249999999, 11.6635543, 12.518868200000002, 15.593569540000006, 26.889073
8.794904, 9.05295, 10.223743, 11.6383633, 12.38062, 14.721916450000005, 19.563106
8.784536, 9.066607, 10.21556475, 11.643211, 12.439778, 15.095220980000033, 26.889073
8.776979, 9.0455075, 10.184419250000001, 11.6640674, 12.53050415, 14.932743420000001, 18.474331
8.789133249999999, 9.065472, 10.21561975, 11.6933527, 12.525207000000002, 15.054253, 18.865024
8.781959, 9.048960000000001, 10.275099, 11.634025900000001, 12.309338900000002, 14.757073, 26.889073
8.78881275, 9.05576, 10.2113765, 11.629453, 12.439778, 14.93940291000002, 26.889073
8.78849425, 9.047973500000001, 10.2155, 11.6737426, 12.559456200000003, 15.593569540000006, 26.889073
8.788515, 9.0536925, 10.185552, 11.598281000000004, 12.420671250000002, 14.757332510000007, 19.563106
8.779619, 9.0441615, 10.1105535, 11.5286098, 12.271223650000001, 14.996234440000006, 26.889073
8.79005175, 9.056102, 10.214815, 11.613494, 12.457105, 15.449435, 26.889073
8.792301, 9.0703195, 10.23324925, 11.5829883, 12.3183342, 14.8228456, 26.889073
8.861067, 9.00143, 9.185064, 9.471606, 9.918765849999998, 11.932734399999998, 37.448702
8.872028, 9.015466, 9.19488875, 9.488363000000001, 10.078997249999997, 12.328293229999998, 37.448702
8.8638465, 9.000768, 9.1847085, 9.4726862, 10.087763549999998, 11.938839599999994, 37.448702
8.867734500000001, 8.99956, 9.168263, 9.45891, 10.033527299999998, 12.223238, 37.448702
8.86090025, 8.995427500000002, 9.1748105, 9.4406649, 9.857096649999999, 11.90322, 35.734803
8.86334175, 9.007771, 9.194471, 9.4716004, 10.004416, 11.894766929999996, 37.448702
8.8684635, 9.001827500000001, 9.172676, 9.4167936, 9.8292416, 12.008233839999988, 35.734803
8.865207, 9.002175000000001, 9.173520499999999, 9.4390328, 9.974308199999998, 12.476444149999997, 37.448702
8.865207, 9.007812999999999, 9.187609, 9.451873, 9.951954899999999, 12.222369769999998, 33.51644
8.871737, 9.0052, 9.187454, 9.4373524, 9.899901449999998, 11.93305116999999, 35.487972
8.86048975, 9.001623, 9.17990425, 9.460722, 9.907871, 12.048229309999995, 37.448702
8.867323500000001, 9.0088475, 9.17874125, 9.430857, 9.9053934, 11.795208, 16.295498
8.870590499999999, 9.010101, 9.179931, 9.469665599999999, 10.038141749999996, 12.312273, 35.330604
8.8587135, 9.0026635, 9.175151249999999, 9.445691799999999, 9.92986, 11.780132279999997, 37.448702
8.86869875, 9.000144500000001, 9.1654375, 9.4379762, 9.9044194, 11.932545, 35.734803
8.863354750000001, 8.995367000000002, 9.17301125, 9.419778500000001, 9.843571399999998, 11.683164, 35.330604
8.862803, 9.004046500000001, 9.1850805, 9.4313238, 9.960386299999998, 11.875314869999993, 37.448702
8.86332225, 8.9985845, 9.17267875, 9.4402446, 9.9923587, 11.913367709999996, 37.448702
8.86277475, 9.002863999999999, 9.172552, 9.4285385, 9.870948399999996, 12.048208349999994, 35.487972
8.8634315, 8.9991235, 9.18723825, 9.482493, 10.0710147, 11.9993765, 35.734803
8.863600250000001, 8.997183, 9.18581125, 9.469301499999998, 9.998736649999996, 11.95858713, 35.734803
8.86831575, 9.0086165, 9.17894875, 9.469301499999998, 10.004476299999999, 11.8948773, 37.448702
8.85929425, 8.997055, 9.17506075, 9.4613561, 9.9920315, 11.993602939999997, 33.51644
8.8707765, 9.006061500000001, 9.1727345, 9.4584177, 9.97260825, 12.279502019999992, 16.295498
8.860453, 8.995126, 9.17529125, 9.423044, 9.929915249999999, 12.3281949, 35.734803
8.86952175, 9.004951, 9.183724999999999, 9.5008927, 10.023848699999999, 12.008233839999988, 37.448702
8.86125575, 9.005281, 9.17175525, 9.4626924, 10.033527299999998, 11.83972962999999, 35.330604
8.86318225, 9.010194, 9.1925735, 9.486820900000001, 10.030465, 12.277909739999998, 35.487972
8.871119, 9.005322, 9.186184, 9.441303, 10.06491315, 11.95858713, 35.330604
8.868323, 9.0045185, 9.190369, 9.465907699999999, 10.033527299999998, 11.959680569999975, 35.487972
8.859967, 8.9982385, 9.175444500000001, 9.4347723, 9.897012249999996, 11.922215, 35.330604
8.863749, 9.007779, 9.18344075, 9.4192923, 9.843192850000001, 11.939222239999985, 16.295498
8.865601999999999, 8.99791, 9.16752125, 9.42271, 9.870484399999999, 11.795772199999988, 37.448702
8.86333275, 9.003982, 9.18357, 9.438839, 9.929421249999999, 11.913367709999996, 35.734803
8.8632905, 9.003982, 9.17090875, 9.419830500000002, 9.972008949999994, 12.047984, 35.734803
8.861444, 9.0034585, 9.170898, 9.4339795, 9.94641365, 11.958911829999993, 35.734803
8.863889, 9.002202, 9.188715, 9.438148, 9.8475521, 11.795578049999992, 37.448702
8.866556000000001, 9.006452, 9.16262525, 9.4138486, 9.985579, 11.87444791, 35.487972
8.86869325, 9.003245, 9.175155499999999, 9.4191824, 9.941349199999998, 11.89460059, 24.923449
8.863823499999999, 9.0039725, 9.173172, 9.4173137, 10.0137305, 11.939306519999985, 37.448702
8.863874, 8.996927, 9.171011499999999, 9.4414199, 9.94071025, 11.89655337, 33.51644
8.869538, 9.0000555, 9.172676, 9.4522681, 10.019224099999999, 12.048048669999998, 29.227148
8.863342, 9.0110215, 9.189092, 9.4426766, 9.90801325, 11.816186439999985, 37.448702
8.865751, 9.00024, 9.180444, 9.4435714, 10.071191749999997, 12.372486, 33.51644
8.869075500000001, 9.005205, 9.185161, 9.4675516, 10.089816749999995, 11.9993765, 37.448702
8.873173, 9.0134495, 9.19777125, 9.5086318, 10.152055099999998, 12.223238, 37.448702
8.870337750000001, 9.004557, 9.189092, 9.4736995, 10.023848699999999, 11.7617, 29.227148
8.86332225, 8.999018, 9.189190499999999, 9.4501033, 9.918463749999999, 12.222369769999998, 37.448702
8.860799, 9.004383, 9.1833575, 9.4594146, 10.004476299999999, 12.048208349999994, 29.227148
8.86684025, 9.007979, 9.1902945, 9.4467835, 9.994588249999998, 12.048048669999998, 35.330604
8.86835825, 8.9995585, 9.173414, 9.4602233, 10.061688199999997, 11.999423279999998, 29.227148
8.860786749999999, 8.993377, 9.16934625, 9.4211604, 9.92712555, 12.003602619999986, 35.487972
8.86669625, 9.004047, 9.178865, 9.4684183, 9.933995099999994, 11.993545, 35.487972
8.864048749999998, 9.003982, 9.191893499999999, 9.4534436, 9.956152, 11.903319539999996, 35.487972
8.8638465, 8.9965045, 9.1883, 9.4382696, 9.87038265, 11.66937058999999, 37.448702
8.86873375, 9.0039825, 9.1683535, 9.4028884, 9.83147895, 11.903319539999996, 37.448702
8.869183, 9.0072795, 9.173266, 9.459236800000001, 10.0333125, 11.938615, 35.487972
8.87409375, 9.014698, 9.17605975, 9.4339795, 9.870484399999999, 11.95858713, 35.330604
8.8704885, 9.0041185, 9.183142499999999, 9.4945812, 10.077020099999999, 12.372486, 37.448702
8.86965, 9.0149455, 9.19264475, 9.486738, 10.161229949999996, 12.315896989999997, 37.448702
8.86103375, 9.0010035, 9.1750155, 9.4344645, 9.814827699999991, 12.070419, 37.448702
8.871385, 8.9924855, 9.1629565, 9.4093036, 9.810502499999998, 11.897877, 35.734803
8.866938, 9.005368, 9.17954275, 9.460509, 9.916222699999999, 12.054610679999996, 35.734803
8.86263975, 8.999893, 9.178767, 9.4430626, 9.981538399999998, 12.008393519999984, 35.330604
8.86794025, 9.002317, 9.189410500000001, 9.4807738, 10.078466, 12.00816916999999, 35.330604
8.86716575, 9.003504, 9.182778, 9.4505011, 9.9563359, 11.9993765, 35.330604
8.866531250000001, 9.0097895, 9.1830465, 9.4631808, 10.156958399999999, 12.345226, 35.734803
8.86935675, 9.0049605, 9.16497775, 9.4415157, 10.074187399999996, 11.96145763999999, 35.330604
8.861874, 9.0011075, 9.178889999999999, 9.440324, 9.95179325, 12.048048669999998, 35.734803
8.871624749999999, 9.003301, 9.174638000000002, 9.4676644, 9.969527649999998, 11.999825449999989, 35.734803
8.86390125, 9.000217, 9.1901405, 9.4593215, 9.872729549999997, 11.89822367999999, 33.51644
8.86246925, 9.005264, 9.17605975, 9.440225, 9.965593249999998, 11.971068919999983, 35.734803
8.871752749999999, 9.0102555, 9.190112749999999, 9.466656, 10.0710147, 11.971068919999983, 35.330604
8.863623, 9.001446, 9.175995749999998, 9.423889299999999, 9.91334975, 12.257414889999996, 35.734803
8.869473, 9.002354, 9.175689, 9.445610799999999, 9.974629999999996, 12.003602619999986, 35.487972
8.8646635, 9.005781500000001, 9.183431, 9.44578, 9.94071025, 11.970524529999995, 35.487972
8.86993125, 9.013314000000001, 9.183206250000001, 9.4469665, 9.952919, 11.815598, 35.330604
8.86144825, 9.000135499999999, 9.176826, 9.4135301, 9.917209349999993, 11.839501489999996, 35.487972
8.866367, 9.0030655, 9.17870025, 9.4459915, 10.0822756, 12.257758649999987, 35.330604
8.868221, 9.005575, 9.189828, 9.466514700000001, 10.0051396, 11.932545, 35.734803
8.866602, 9.0009175, 9.169832, 9.461483, 9.99826285, 12.054610679999996, 35.734803
8.868858, 9.008104, 9.176846000000001, 9.4501419, 10.160215449999999, 12.054451, 33.51644
8.86439475, 8.994318499999999, 9.175689, 9.471791, 10.156958399999999, 11.993687219999996, 37.448702
8.8645, 9.00372, 9.17384, 9.4467835, 10.093658949999991, 12.072515, 37.448702
8.8594985, 9.0000555, 9.18142875, 9.4495739, 9.85999605, 11.810219539999993, 35.330604
8.872313, 9.0109675, 9.188403749999999, 9.4743177, 9.954195349999994, 11.810570169999984, 35.734803
8.8657435, 9.003318, 9.171610999999999, 9.4637776, 9.992345, 11.809981729999999, 37.448702
8.870433, 9.006932500000001, 9.182827750000001, 9.431496999999998, 9.956152, 12.223577699999993, 37.448702
8.868245, 9.0107415, 9.1781355, 9.4402446, 9.974660199999995, 12.007767, 35.734803
8.871385, 9.010032, 9.187559, 9.4500217, 9.985900799999998, 11.913367709999996, 37.448702
8.870590499999999, 9.00448, 9.176058, 9.4340058, 9.908505849999997, 12.00816916999999, 29.227148
8.869261, 9.0047225, 9.183724999999999, 9.4945812, 10.18743065, 12.072515, 37.448702
8.874377, 9.029364, 9.2255885, 9.534882, 9.739889, 13.805537069999998, 32.855096
8.884136, 9.041955999999999, 9.24086325, 9.511072, 9.813616499999998, 12.010963289999985, 36.893046
8.8884805, 9.0379925, 9.24411675, 9.509230800000001, 9.720071299999999, 13.167803759999995, 52.853195
8.8832185, 9.045414, 9.2588095, 9.5169005, 9.735357, 14.697063829999994, 52.853195
8.878754, 9.036433, 9.239815499999999, 9.5182805, 9.75302625, 15.723825249999997, 20.217992
8.88142075, 9.038469, 9.22933575, 9.493390900000001, 9.7342482, 14.779568679999999, 19.892145
8.8861085, 9.0503965, 9.2586525, 9.556602499999999, 9.8470946, 14.617726959999988, 21.371576
8.88737425, 9.0458275, 9.240301500000001, 9.550332500000001, 9.740332749999999, 16.10021293, 21.371576
8.887559, 9.043963, 9.24775775, 9.5388683, 9.778360999999999, 13.485379, 19.373624
0, 0, 0, 0, 0, 0, 0
0, 0, 0, 0, 0, 0, 0
0, 0, 0, 0, 0, 0, 0
0, 0, 0, 0, 0, 0, 0
0, 0, 0, 0, 0, 0, 0
0, 0, 0, 0, 0, 0, 0
0, 0, 0, 0, 0, 0, 0
0, 0, 0, 0, 0, 0, 0
0, 0, 0, 0, 0, 0, 0
0, 0, 0, 0, 0, 0, 0
0, 0, 0, 0, 0, 0, 0
0, 0, 0, 0, 0, 0, 0
0, 0, 0, 0, 0, 0, 0
0, 0, 0, 0, 0, 0, 0
0, 0, 0, 0, 0, 0, 0
0, 0, 0, 0, 0, 0, 0
0, 0, 0, 0, 0, 0, 0
0, 0, 0, 0, 0, 0, 0
0, 0, 0, 0, 0, 0, 0
0, 0, 0, 0, 0, 0, 0
0, 0, 0, 0, 0, 0, 0
0, 0, 0, 0, 0, 0, 0
0, 0, 0, 0, 0, 0, 0
0, 0, 0, 0, 0, 0, 0
0, 0, 0, 0, 0, 0, 0
0, 0, 0, 0, 0, 0, 0
0, 0, 0, 0, 0, 0, 0
0, 0, 0, 0, 0, 0, 0
0, 0, 0, 0, 0, 0, 0
0, 0, 0, 0, 0, 0, 0
0, 0, 0, 0, 0, 0, 0
0, 0, 0, 0, 0, 0, 0
0, 0, 0, 0, 0, 0, 0
0, 0, 0, 0, 0, 0, 0
0, 0, 0, 0, 0, 0, 0
0, 0, 0, 0, 0, 0, 0
0, 0, 0, 0, 0, 0, 0
0, 0, 0, 0, 0, 0, 0
0, 0, 0, 0, 0, 0, 0
0, 0, 0, 0, 0, 0, 0
0, 0, 0, 0, 0, 0, 0
0, 0, 0, 0, 0, 0, 0
0, 0, 0, 0, 0, 0, 0
0, 0, 0, 0, 0, 0, 0
0, 0, 0, 0, 0, 0, 0
0, 0, 0, 0, 0, 0, 0
0, 0, 0, 0, 0, 0, 0
0, 0, 0, 0, 0, 0, 0
0, 0, 0, 0, 0, 0, 0
0, 0, 0, 0, 0, 0, 0
0, 0, 0, 0, 0, 0, 0
0, 0, 0, 0, 0, 0, 0
0, 0, 0, 0, 0, 0, 0
0, 0, 0, 0, 0, 0, 0
0, 0, 0, 0, 0, 0, 0
0, 0, 0, 0, 0, 0, 0
0, 0, 0, 0, 0, 0, 0
0, 0, 0, 0, 0, 0, 0
0, 0, 0, 0, 0, 0, 0
0, 0, 0, 0, 0, 0, 0
0, 0, 0, 0, 0, 0, 0
0, 0, 0, 0, 0, 0, 0
0, 0, 0, 0, 0, 0, 0
0, 0, 0, 0, 0, 0, 0
0, 0, 0, 0, 0, 0, 0
0, 0, 0, 0, 0, 0, 0
0, 0, 0, 0, 0, 0, 0
0, 0, 0, 0, 0, 0, 0
0, 0, 0, 0, 0, 0, 0
0, 0, 0, 0, 0, 0, 0
0, 0, 0, 0, 0, 0, 0
0, 0, 0, 0, 0, 0, 0
0, 0, 0, 0, 0, 0, 0
0, 0, 0, 0, 0, 0, 0
0, 0, 0, 0, 0, 0, 0
0, 0, 0, 0, 0, 0, 0
0, 0, 0, 0, 0, 0, 0
0, 0, 0, 0, 0, 0, 0
0, 0, 0, 0, 0, 0, 0
0, 0, 0, 0, 0, 0, 0
0, 0, 0, 0, 0, 0, 0
0, 0, 0, 0, 0, 0, 0
0, 0, 0, 0, 0, 0, 0
0, 0, 0, 0, 0, 0, 0
0, 0, 0, 0, 0, 0, 0
0, 0, 0, 0, 0, 0, 0
0, 0, 0, 0, 0, 0, 0
0, 0, 0, 0, 0, 0, 0
0, 0, 0, 0, 0, 0, 0
0, 0, 0, 0, 0, 0, 0
0, 0, 0, 0, 0, 0, 0
0, 0, 0, 0, 0, 0, 0
0, 0, 0, 0, 0, 0, 0
0, 0, 0, 0, 0, 0, 0
0, 0, 0, 0, 0, 0, 0
0, 0, 0, 0, 0, 0, 0
0, 0, 0, 0, 0, 0, 0
0, 0, 0, 0, 0, 0, 0
0, 0, 0, 0, 0, 0, 0
0, 0, 0, 0, 0, 0, 0
0, 0, 0, 0, 0, 0, 0
0, 0, 0, 0, 0, 0, 0
0, 0, 0, 0, 0, 0, 0
0, 0, 0, 0, 0, 0, 0
0, 0, 0, 0, 0, 0, 0
0, 0, 0, 0, 0, 0, 0
0, 0, 0, 0, 0, 0, 0
0, 0, 0, 0, 0, 0, 0
0, 0, 0, 0, 0, 0, 0
0, 0, 0, 0, 0, 0, 0
0, 0, 0, 0, 0, 0, 0
0, 0, 0, 0, 0, 0, 0
0, 0, 0, 0, 0, 0, 0
0, 0, 0, 0, 0, 0, 0
0, 0, 0, 0, 0, 0, 0
0, 0, 0, 0, 0, 0, 0
0, 0, 0, 0, 0, 0, 0
0, 0, 0, 0, 0, 0, 0
0, 0, 0, 0, 0, 0, 0
0, 0, 0, 0, 0, 0, 0
0, 0, 0, 0, 0, 0, 0
0, 0, 0, 0, 0, 0, 0
0, 0, 0, 0, 0, 0, 0
0, 0, 0, 0, 0, 0, 0
0, 0, 0, 0, 0, 0, 0
0, 0, 0, 0, 0, 0, 0
0, 0, 0, 0, 0, 0, 0
0, 0, 0, 0, 0, 0, 0
0, 0, 0, 0, 0, 0, 0
0, 0, 0, 0, 0, 0, 0
0, 0, 0, 0, 0, 0, 0
0, 0, 0, 0, 0, 0, 0
0, 0, 0, 0, 0, 0, 0
0, 0, 0, 0, 0, 0, 0
0, 0, 0, 0, 0, 0, 0
0, 0, 0, 0, 0, 0, 0
0, 0, 0, 0, 0, 0, 0
0, 0, 0, 0, 0, 0, 0
0, 0, 0, 0, 0, 0, 0
0, 0, 0, 0, 0, 0, 0
0, 0, 0, 0, 0, 0, 0
0, 0, 0, 0, 0, 0, 0
0, 0, 0, 0, 0, 0, 0
0, 0, 0, 0, 0, 0, 0
0, 0, 0, 0, 0, 0, 0
0, 0, 0, 0, 0, 0, 0
0, 0, 0, 0, 0, 0, 0
0, 0, 0, 0, 0, 0, 0
0, 0, 0, 0, 0, 0, 0
0, 0, 0, 0, 0, 0, 0
0, 0, 0, 0, 0, 0, 0
0, 0, 0, 0, 0, 0, 0
0, 0, 0, 0, 0, 0, 0
0, 0, 0, 0, 0, 0, 0
0, 0, 0, 0, 0, 0, 0
0, 0, 0, 0, 0, 0, 0
0, 0, 0, 0, 0, 0, 0
0, 0, 0, 0, 0, 0, 0
0, 0, 0, 0, 0, 0, 0
0, 0, 0, 0, 0, 0, 0
0, 0, 0, 0, 0, 0, 0
0, 0, 0, 0, 0, 0, 0
0, 0, 0, 0, 0, 0, 0
0, 0, 0, 0, 0, 0, 0
0, 0, 0, 0, 0, 0, 0
0, 0, 0, 0, 0, 0, 0
0, 0, 0, 0, 0, 0, 0
0, 0, 0, 0, 0, 0, 0
0, 0, 0, 0, 0, 0, 0
0, 0, 0, 0, 0, 0, 0
0, 0, 0, 0, 0, 0, 0
0, 0, 0, 0, 0, 0, 0
0, 0, 0, 0, 0, 0, 0
0, 0, 0, 0, 0, 0, 0
0, 0, 0, 0, 0, 0, 0
0, 0, 0, 0, 0, 0, 0
0, 0, 0, 0, 0, 0, 0
0, 0, 0, 0, 0, 0, 0
0, 0, 0, 0, 0, 0, 0
0, 0, 0, 0, 0, 0, 0
0, 0, 0, 0, 0, 0, 0
0, 0, 0, 0, 0, 0, 0
0, 0, 0, 0, 0, 0, 0
0, 0, 0, 0, 0, 0, 0
0, 0, 0, 0, 0, 0, 0
0, 0, 0, 0, 0, 0, 0
0, 0, 0, 0, 0, 0, 0
0, 0, 0, 0, 0, 0, 0
0, 0, 0, 0, 0, 0, 0
0, 0, 0, 0, 0, 0, 0
0, 0, 0, 0, 0, 0, 0
0, 0, 0, 0, 0, 0, 0
0, 0, 0, 0, 0, 0, 0
0, 0, 0, 0, 0, 0, 0
0, 0, 0, 0, 0, 0, 0
0, 0, 0, 0, 0, 0, 0
0, 0, 0, 0, 0, 0, 0
0, 0, 0, 0, 0, 0, 0
0, 0, 0, 0, 0, 0, 0
0, 0, 0, 0, 0, 0, 0
0, 0, 0, 0, 0, 0, 0
0, 0, 0, 0, 0, 0, 0
0, 0, 0, 0, 0, 0, 0
0, 0, 0, 0, 0, 0, 0
0, 0, 0, 0, 0, 0, 0
0, 0, 0, 0, 0, 0, 0
0, 0, 0, 0, 0, 0, 0
0, 0, 0, 0, 0, 0, 0
0, 0, 0, 0, 0, 0, 0
0, 0, 0, 0, 0, 0, 0
0, 0, 0, 0, 0, 0, 0
0, 0, 0, 0, 0, 0, 0
0, 0, 0, 0, 0, 0, 0
0, 0, 0, 0, 0, 0, 0
0, 0, 0, 0, 0, 0, 0
0, 0, 0, 0, 0, 0, 0
0, 0, 0, 0, 0, 0, 0
0, 0, 0, 0, 0, 0, 0
0, 0, 0, 0, 0, 0, 0
0, 0, 0, 0, 0, 0, 0
0, 0, 0, 0, 0, 0, 0
0, 0, 0, 0, 0, 0, 0
0, 0, 0, 0, 0, 0, 0
0, 0, 0, 0, 0, 0, 0
0, 0, 0, 0, 0, 0, 0
0, 0, 0, 0, 0, 0, 0
0, 0, 0, 0, 0, 0, 0
0, 0, 0, 0, 0, 0, 0
0, 0, 0, 0, 0, 0, 0
0, 0, 0, 0, 0, 0, 0
0, 0, 0, 0, 0, 0, 0
0, 0, 0, 0, 0, 0, 0
0, 0, 0, 0, 0, 0, 0
0, 0, 0, 0, 0, 0, 0
0, 0, 0, 0, 0, 0, 0
0, 0, 0, 0, 0, 0, 0
0, 0, 0, 0, 0, 0, 0
0, 0, 0, 0, 0, 0, 0
0, 0, 0, 0, 0, 0, 0
0, 0, 0, 0, 0, 0, 0
0, 0, 0, 0, 0, 0, 0
0, 0, 0, 0, 0, 0, 0
0, 0, 0, 0, 0, 0, 0
0, 0, 0, 0, 0, 0, 0
0, 0, 0, 0, 0, 0, 0
0, 0, 0, 0, 0, 0, 0
0, 0, 0, 0, 0, 0, 0
0, 0, 0, 0, 0, 0, 0
0, 0, 0, 0, 0, 0, 0
0, 0, 0, 0, 0, 0, 0
0, 0, 0, 0, 0, 0, 0
0, 0, 0, 0, 0, 0, 0
0, 0, 0, 0, 0, 0, 0
0, 0, 0, 0, 0, 0, 0
0, 0, 0, 0, 0, 0, 0
0, 0, 0, 0, 0, 0, 0
0, 0, 0, 0, 0, 0, 0
0, 0, 0, 0, 0, 0, 0
0, 0, 0, 0, 0, 0, 0
0, 0, 0, 0, 0, 0, 0
0, 0, 0, 0, 0, 0, 0
0, 0, 0, 0, 0, 0, 0
0, 0, 0, 0, 0, 0, 0
0, 0, 0, 0, 0, 0, 0
0, 0, 0, 0, 0, 0, 0
0, 0, 0, 0, 0, 0, 0
0, 0, 0, 0, 0, 0, 0
0, 0, 0, 0, 0, 0, 0
0, 0, 0, 0, 0, 0, 0
0, 0, 0, 0, 0, 0, 0
0, 0, 0, 0, 0, 0, 0
0, 0, 0, 0, 0, 0, 0
0, 0, 0, 0, 0, 0, 0
0, 0, 0, 0, 0, 0, 0
0, 0, 0, 0, 0, 0, 0
0, 0, 0, 0, 0, 0, 0
0, 0, 0, 0, 0, 0, 0
0, 0, 0, 0, 0, 0, 0
0, 0, 0, 0, 0, 0, 0
0, 0, 0, 0, 0, 0, 0
0, 0, 0, 0, 0, 0, 0
0, 0, 0, 0, 0, 0, 0
0, 0, 0, 0, 0, 0, 0
0, 0, 0, 0, 0, 0, 0
0, 0, 0, 0, 0, 0, 0
0, 0, 0, 0, 0, 0, 0
0, 0, 0, 0, 0, 0, 0
0, 0, 0, 0, 0, 0, 0
0, 0, 0, 0, 0, 0, 0
0, 0, 0, 0, 0, 0, 0
0, 0, 0, 0, 0, 0, 0
0, 0, 0, 0, 0, 0, 0
0, 0, 0, 0, 0, 0, 0
0, 0, 0, 0, 0, 0, 0
0, 0, 0, 0, 0, 0, 0
0, 0, 0, 0, 0, 0, 0
0, 0, 0, 0, 0, 0, 0
0, 0, 0, 0, 0, 0, 0
0, 0, 0, 0, 0, 0, 0
0, 0, 0, 0, 0, 0, 0
0, 0, 0, 0, 0, 0, 0
0, 0, 0, 0, 0, 0, 0
0, 0, 0, 0, 0, 0, 0
0, 0, 0, 0, 0, 0, 0
0, 0, 0, 0, 0, 0, 0
0, 0, 0, 0, 0, 0, 0
0, 0, 0, 0, 0, 0, 0
0, 0, 0, 0, 0, 0, 0
0, 0, 0, 0, 0, 0, 0
0, 0, 0, 0, 0, 0, 0
0, 0, 0, 0, 0, 0, 0
0, 0, 0, 0, 0, 0, 0
0, 0, 0, 0, 0, 0, 0
0, 0, 0, 0, 0, 0, 0
0, 0, 0, 0, 0, 0, 0
0, 0, 0, 0, 0, 0, 0
0, 0, 0, 0, 0, 0, 0
0, 0, 0, 0, 0, 0, 0
0, 0, 0, 0, 0, 0, 0
0, 0, 0, 0, 0, 0, 0
0, 0, 0, 0, 0, 0, 0
0, 0, 0, 0, 0, 0, 0
0, 0, 0, 0, 0, 0, 0
0, 0, 0, 0, 0, 0, 0
0, 0, 0, 0, 0, 0, 0
0, 0, 0, 0, 0, 0, 0
0, 0, 0, 0, 0, 0, 0
0, 0, 0, 0, 0, 0, 0
0, 0, 0, 0, 0, 0, 0
0, 0, 0, 0, 0, 0, 0
0, 0, 0, 0, 0, 0, 0
0, 0, 0, 0, 0, 0, 0
0, 0, 0, 0, 0, 0, 0
0, 0, 0, 0, 0, 0, 0
0, 0, 0, 0, 0, 0, 0
0, 0, 0, 0, 0, 0, 0
0, 0, 0, 0, 0, 0, 0
0, 0, 0, 0, 0, 0, 0
0, 0, 0, 0, 0, 0, 0
0, 0, 0, 0, 0, 0, 0
0, 0, 0, 0, 0, 0, 0
0, 0, 0, 0, 0, 0, 0
0, 0, 0, 0, 0, 0, 0
0, 0, 0, 0, 0, 0, 0
0, 0, 0, 0, 0, 0, 0
0, 0, 0, 0, 0, 0, 0
0, 0, 0, 0, 0, 0, 0
0, 0, 0, 0, 0, 0, 0
0, 0, 0, 0, 0, 0, 0
0, 0, 0, 0, 0, 0, 0
0, 0, 0, 0, 0, 0, 0
0, 0, 0, 0, 0, 0, 0
0, 0, 0, 0, 0, 0, 0
0, 0, 0, 0, 0, 0, 0
0, 0, 0, 0, 0, 0, 0
0, 0, 0, 0, 0, 0, 0
0, 0, 0, 0, 0, 0, 0
0, 0, 0, 0, 0, 0, 0
0, 0, 0, 0, 0, 0, 0
0, 0, 0, 0, 0, 0, 0
0, 0, 0, 0, 0, 0, 0
0, 0, 0, 0, 0, 0, 0
0, 0, 0, 0, 0, 0, 0
0, 0, 0, 0, 0, 0, 0
0, 0, 0, 0, 0, 0, 0
0, 0, 0, 0, 0, 0, 0
0, 0, 0, 0, 0, 0, 0
0, 0, 0, 0, 0, 0, 0
0, 0, 0, 0, 0, 0, 0
0, 0, 0, 0, 0, 0, 0
0, 0, 0, 0, 0, 0, 0
0, 0, 0, 0, 0, 0, 0
0, 0, 0, 0, 0, 0, 0
0, 0, 0, 0, 0, 0, 0
0, 0, 0, 0, 0, 0, 0
0, 0, 0, 0, 0, 0, 0
0, 0, 0, 0, 0, 0, 0
0, 0, 0, 0, 0, 0, 0
0, 0, 0, 0, 0, 0, 0
0, 0, 0, 0, 0, 0, 0
0, 0, 0, 0, 0, 0, 0
0, 0, 0, 0, 0, 0, 0
0, 0, 0, 0, 0, 0, 0
0, 0, 0, 0, 0, 0, 0
0, 0, 0, 0, 0, 0, 0
0, 0, 0, 0, 0, 0, 0
0, 0, 0, 0, 0, 0, 0
0, 0, 0, 0, 0, 0, 0
0, 0, 0, 0, 0, 0, 0
0, 0, 0, 0, 0, 0, 0
0, 0, 0, 0, 0, 0, 0
0, 0, 0, 0, 0, 0, 0
0, 0, 0, 0, 0, 0, 0
0, 0, 0, 0, 0, 0, 0
0, 0, 0, 0, 0, 0, 0
0, 0, 0, 0, 0, 0, 0
0, 0, 0, 0, 0, 0, 0
0, 0, 0, 0, 0, 0, 0
0, 0, 0, 0, 0, 0, 0
0, 0, 0, 0, 0, 0, 0
0, 0, 0, 0, 0, 0, 0
0, 0, 0, 0, 0, 0, 0
0, 0, 0, 0, 0, 0, 0
0, 0, 0, 0, 0, 0, 0
0, 0, 0, 0, 0, 0, 0
0, 0, 0, 0, 0, 0, 0
0, 0, 0, 0, 0, 0, 0
0, 0, 0, 0, 0, 0, 0
0, 0, 0, 0, 0, 0, 0
0, 0, 0, 0, 0, 0, 0
0, 0, 0, 0, 0, 0, 0
0, 0, 0, 0, 0, 0, 0
0, 0, 0, 0, 0, 0, 0
0, 0, 0, 0, 0, 0, 0
0, 0, 0, 0, 0, 0, 0
0, 0, 0, 0, 0, 0, 0
0, 0, 0, 0, 0, 0, 0
0, 0, 0, 0, 0, 0, 0
0, 0, 0, 0, 0, 0, 0
0, 0, 0, 0, 0, 0, 0
0, 0, 0, 0, 0, 0, 0
0, 0, 0, 0, 0, 0, 0
0, 0, 0, 0, 0, 0, 0
0, 0, 0, 0, 0, 0, 0
0, 0, 0, 0, 0, 0, 0
0, 0, 0, 0, 0, 0, 0
0, 0, 0, 0, 0, 0, 0
0, 0, 0, 0, 0, 0, 0
0, 0, 0, 0, 0, 0, 0
0, 0, 0, 0, 0, 0, 0
0, 0, 0, 0, 0, 0, 0
0, 0, 0, 0, 0, 0, 0
0, 0, 0, 0, 0, 0, 0
0, 0, 0, 0, 0, 0, 0
0, 0, 0, 0, 0, 0, 0
0, 0, 0, 0, 0, 0, 0
0, 0, 0, 0, 0, 0, 0
0, 0, 0, 0, 0, 0, 0
0, 0, 0, 0, 0, 0, 0
0, 0, 0, 0, 0, 0, 0
0, 0, 0, 0, 0, 0, 0
0, 0, 0, 0, 0, 0, 0
0, 0, 0, 0, 0, 0, 0
0, 0, 0, 0, 0, 0, 0
0, 0, 0, 0, 0, 0, 0
0, 0, 0, 0, 0, 0, 0
0, 0, 0, 0, 0, 0, 0
0, 0, 0, 0, 0, 0, 0
0, 0, 0, 0, 0, 0, 0
0, 0, 0, 0, 0, 0, 0
0, 0, 0, 0, 0, 0, 0
0, 0, 0, 0, 0, 0, 0
0, 0, 0, 0, 0, 0, 0
0, 0, 0, 0, 0, 0, 0
0, 0, 0, 0, 0, 0, 0
0, 0, 0, 0, 0, 0, 0
0, 0, 0, 0, 0, 0, 0
0, 0, 0, 0, 0, 0, 0
0, 0, 0, 0, 0, 0, 0
0, 0, 0, 0, 0, 0, 0
0, 0, 0, 0, 0, 0, 0
0, 0, 0, 0, 0, 0, 0
0, 0, 0, 0, 0, 0, 0
0, 0, 0, 0, 0, 0, 0
0, 0, 0, 0, 0, 0, 0
0, 0, 0, 0, 0, 0, 0
0, 0, 0, 0, 0, 0, 0
0, 0, 0, 0, 0, 0, 0
0, 0, 0, 0, 0, 0, 0
0, 0, 0, 0, 0, 0, 0
0, 0, 0, 0, 0, 0, 0
0, 0, 0, 0, 0, 0, 0
0, 0, 0, 0, 0, 0, 0
0, 0, 0, 0, 0, 0, 0
0, 0, 0, 0, 0, 0, 0
0, 0, 0, 0, 0, 0, 0
0, 0, 0, 0, 0, 0, 0
0, 0, 0, 0, 0, 0, 0
0, 0, 0, 0, 0, 0, 0
0, 0, 0, 0, 0, 0, 0
0, 0, 0, 0, 0, 0, 0
0, 0, 0, 0, 0, 0, 0
0, 0, 0, 0, 0, 0, 0
0, 0, 0, 0, 0, 0, 0
0, 0, 0, 0, 0, 0, 0
0, 0, 0, 0, 0, 0, 0
0, 0, 0, 0, 0, 0, 0
0, 0, 0, 0, 0, 0, 0
0, 0, 0, 0, 0, 0, 0
0, 0, 0, 0, 0, 0, 0
0, 0, 0, 0, 0, 0, 0
0, 0, 0, 0, 0, 0, 0
0, 0, 0, 0, 0, 0, 0
0, 0, 0, 0, 0, 0, 0
0, 0, 0, 0, 0, 0, 0
0, 0, 0, 0, 0, 0, 0
0, 0, 0, 0, 0, 0, 0
0, 0, 0, 0, 0, 0, 0
0, 0, 0, 0, 0, 0, 0
0, 0, 0, 0, 0, 0, 0
0, 0, 0, 0, 0, 0, 0
0, 0, 0, 0, 0, 0, 0
0, 0, 0, 0, 0, 0, 0
0, 0, 0, 0, 0, 0, 0
0, 0, 0, 0, 0, 0, 0
0, 0, 0, 0, 0, 0, 0
0, 0, 0, 0, 0, 0, 0
0, 0, 0, 0, 0, 0, 0
0, 0, 0, 0, 0, 0, 0
0, 0, 0, 0, 0, 0, 0
0, 0, 0, 0, 0, 0, 0
0, 0, 0, 0, 0, 0, 0
0, 0, 0, 0, 0, 0, 0
0, 0, 0, 0, 0, 0, 0
0, 0, 0, 0, 0, 0, 0
0, 0, 0, 0, 0, 0, 0
0, 0, 0, 0, 0, 0, 0
0, 0, 0, 0, 0, 0, 0
0, 0, 0, 0, 0, 0, 0
0, 0, 0, 0, 0, 0, 0
0, 0, 0, 0, 0, 0, 0
0, 0, 0, 0, 0, 0, 0
0, 0, 0, 0, 0, 0, 0
0, 0, 0, 0, 0, 0, 0
0, 0, 0, 0, 0, 0, 0
0, 0, 0, 0, 0, 0, 0
0, 0, 0, 0, 0, 0, 0
0, 0, 0, 0, 0, 0, 0
0, 0, 0, 0, 0, 0, 0
0, 0, 0, 0, 0, 0, 0
0, 0, 0, 0, 0, 0, 0
0, 0, 0, 0, 0, 0, 0
0, 0, 0, 0, 0, 0, 0
0, 0, 0, 0, 0, 0, 0
0, 0, 0, 0, 0, 0, 0
0, 0, 0, 0, 0, 0, 0
0, 0, 0, 0, 0, 0, 0
0, 0, 0, 0, 0, 0, 0
0, 0, 0, 0, 0, 0, 0
0, 0, 0, 0, 0, 0, 0
0, 0, 0, 0, 0, 0, 0
0, 0, 0, 0, 0, 0, 0
0, 0, 0, 0, 0, 0, 0
0, 0, 0, 0, 0, 0, 0
0, 0, 0, 0, 0, 0, 0
0, 0, 0, 0, 0, 0, 0
0, 0, 0, 0, 0, 0, 0
0, 0, 0, 0, 0, 0, 0
0, 0, 0, 0, 0, 0, 0
0, 0, 0, 0, 0, 0, 0
0, 0, 0, 0, 0, 0, 0
0, 0, 0, 0, 0, 0, 0
0, 0, 0, 0, 0, 0, 0
0, 0, 0, 0, 0, 0, 0
0, 0, 0, 0, 0, 0, 0
0, 0, 0, 0, 0, 0, 0
0, 0, 0, 0, 0, 0, 0
0, 0, 0, 0, 0, 0, 0
0, 0, 0, 0, 0, 0, 0
0, 0, 0, 0, 0, 0, 0
0, 0, 0, 0, 0, 0, 0
0, 0, 0, 0, 0, 0, 0
0, 0, 0, 0, 0, 0, 0
0, 0, 0, 0, 0, 0, 0
0, 0, 0, 0, 0, 0, 0
0, 0, 0, 0, 0, 0, 0
0, 0, 0, 0, 0, 0, 0
0, 0, 0, 0, 0, 0, 0
0, 0, 0, 0, 0, 0, 0
0, 0, 0, 0, 0, 0, 0
0, 0, 0, 0, 0, 0, 0
0, 0, 0, 0, 0, 0, 0
0, 0, 0, 0, 0, 0, 0
0, 0, 0, 0, 0, 0, 0
0, 0, 0, 0, 0, 0, 0
0, 0, 0, 0, 0, 0, 0
0, 0, 0, 0, 0, 0, 0
0, 0, 0, 0, 0, 0, 0
0, 0, 0, 0, 0, 0, 0
0, 0, 0, 0, 0, 0, 0
0, 0, 0, 0, 0, 0, 0
0, 0, 0, 0, 0, 0, 0
0, 0, 0, 0, 0, 0, 0
0, 0, 0, 0, 0, 0, 0
0, 0, 0, 0, 0, 0, 0
0, 0, 0, 0, 0, 0, 0
0, 0, 0, 0, 0, 0, 0
0, 0, 0, 0, 0, 0, 0
0, 0, 0, 0, 0, 0, 0
0, 0, 0, 0, 0, 0, 0
0, 0, 0, 0, 0, 0, 0
0, 0, 0, 0, 0, 0, 0
0, 0, 0, 0, 0, 0, 0
0, 0, 0, 0, 0, 0, 0
0, 0, 0, 0, 0, 0, 0
0, 0, 0, 0, 0, 0, 0
0, 0, 0, 0, 0, 0, 0
0, 0, 0, 0, 0, 0, 0
0, 0, 0, 0, 0, 0, 0
0, 0, 0, 0, 0, 0, 0
0, 0, 0, 0, 0, 0, 0
0, 0, 0, 0, 0, 0, 0
0, 0, 0, 0, 0, 0, 0
0, 0, 0, 0, 0, 0, 0
0, 0, 0, 0, 0, 0, 0
0, 0, 0, 0, 0, 0, 0
0, 0, 0, 0, 0, 0, 0
0, 0, 0, 0, 0, 0, 0
0, 0, 0, 0, 0, 0, 0
0, 0, 0, 0, 0, 0, 0
0, 0, 0, 0, 0, 0, 0
0, 0, 0, 0, 0, 0, 0
0, 0, 0, 0, 0, 0, 0
0, 0, 0, 0, 0, 0, 0
0, 0, 0, 0, 0, 0, 0
0, 0, 0, 0, 0, 0, 0
0, 0, 0, 0, 0, 0, 0
0, 0, 0, 0, 0, 0, 0
0, 0, 0, 0, 0, 0, 0
0, 0, 0, 0, 0, 0, 0
0, 0, 0, 0, 0, 0, 0
0, 0, 0, 0, 0, 0, 0
0, 0, 0, 0, 0, 0, 0
0, 0, 0, 0, 0, 0, 0
0, 0, 0, 0, 0, 0, 0
0, 0, 0, 0, 0, 0, 0
0, 0, 0, 0, 0, 0, 0
0, 0, 0, 0, 0, 0, 0
0, 0, 0, 0, 0, 0, 0
0, 0, 0, 0, 0, 0, 0
0, 0, 0, 0, 0, 0, 0
0, 0, 0, 0, 0, 0, 0
0, 0, 0, 0, 0, 0, 0
0, 0, 0, 0, 0, 0, 0
0, 0, 0, 0, 0, 0, 0
0, 0, 0, 0, 0, 0, 0
0, 0, 0, 0, 0, 0, 0
0, 0, 0, 0, 0, 0, 0
0, 0, 0, 0, 0, 0, 0
0, 0, 0, 0, 0, 0, 0
0, 0, 0, 0, 0, 0, 0
0, 0, 0, 0, 0, 0, 0
0, 0, 0, 0, 0, 0, 0
0, 0, 0, 0, 0, 0, 0
0, 0, 0, 0, 0, 0, 0
0, 0, 0, 0, 0, 0, 0
0, 0, 0, 0, 0, 0, 0
0, 0, 0, 0, 0, 0, 0
0, 0, 0, 0, 0, 0, 0
0, 0, 0, 0, 0, 0, 0
0, 0, 0, 0, 0, 0, 0
8.88092225, 9.04391, 9.2570005, 9.498684299999999, 9.75788675, 16.605816349999998, 24.370709
8.8948915, 9.0464395, 9.265256, 9.546291300000002, 9.8470946, 13.920256239999995, 32.855096
8.888497749999999, 9.037766999999999, 9.2325895, 9.4801019, 9.70761005, 11.682962069999999, 36.893046
8.875259750000001, 9.0252375, 9.24459025, 9.5012317, 9.7669763, 14.1948271, 52.853195
8.88562, 9.0446635, 9.23585825, 9.494320600000002, 9.742672299999999, 14.002109669999998, 52.853195
8.876831500000002, 9.0336345, 9.208488, 9.488588, 9.7483978, 13.920596509999996, 24.370709
8.880573250000001, 9.0360345, 9.214061, 9.501982700000001, 9.8133923, 14.67048174, 52.853195
8.877191, 9.0404755, 9.230217, 9.4658856, 9.71951595, 14.39224006, 21.371576
8.883587499999999, 9.029447, 9.2311065, 9.5272135, 9.77454525, 16.39775888, 52.853195
8.887741250000001, 9.044572, 9.249992, 9.569055, 9.82537685, 16.1799103, 36.893046
8.8846265, 9.0337625, 9.2328265, 9.5171974, 9.799316549999999, 14.001069, 36.893046
8.8752595, 9.028057, 9.232827499999999, 9.5269098, 9.692289449999999, 11.68220693, 21.371576
8.89158275, 9.039735, 9.220053750000002, 9.470268400000002, 9.6799989, 13.61904774, 22.552578
8.8790785, 9.0388655, 9.24222425, 9.509230800000001, 9.779738449999998, 16.114578599999994, 52.853195
8.8748125, 9.030773499999999, 9.22207775, 9.4826204, 9.693913599999998, 16.26121194, 32.855096
8.89698125, 9.056719999999999, 9.25517125, 9.5267116, 9.7694701, 14.700135689999993, 21.371576
8.88955475, 9.051003, 9.238937499999999, 9.534561, 9.8407239, 16.70684715, 23.303856
8.888786249999999, 9.0389825, 9.220605500000001, 9.5038492, 9.77185685, 13.258511, 36.893046
8.88679025, 9.03897, 9.229706, 9.4849406, 9.733125, 16.21605821, 32.855096
8.884675, 9.033585, 9.23566475, 9.4975944, 9.73989055, 14.739876269999993, 24.370709
8.88395175, 9.042422, 9.238709499999999, 9.4995127, 9.70005955, 14.004976779999996, 52.853195
8.87724275, 9.036974, 9.2288215, 9.5013019, 9.772188400000001, 16.05074345, 32.855096
8.88191325, 9.049443499999999, 9.25362475, 9.530596000000001, 9.75724995, 14.005369839999995, 24.370709
8.87902725, 9.0422385, 9.248519250000001, 9.512551700000001, 9.765778, 16.91750738, 52.853195
8.883445, 9.0436895, 9.244977, 9.512120600000001, 9.75773205, 14.700135689999993, 36.893046
8.89853575, 9.053165, 9.26683675, 9.5540231, 9.81332825, 16.39775888, 24.370709
8.875274000000001, 9.026983, 9.215954, 9.503681400000001, 9.7804272, 10.825289729999978, 23.303856
8.883074, 9.0292565, 9.23772175, 9.5057286, 9.74052, 12.012820299999984, 22.552578
8.8890975, 9.029364, 9.215346, 9.4651665, 9.663452, 13.487890559999999, 36.893046
8.89065875, 9.042669499999999, 9.24726375, 9.495101000000002, 9.81431345, 15.571933089999998, 36.893046
8.880383, 9.03268, 9.2404285, 9.4904105, 9.7359979, 15.573435339999996, 36.893046
8.896925, 9.054013, 9.249711, 9.5128451, 9.741932, 15.977419659999999, 23.303856
8.880416, 9.030638499999998, 9.220303, 9.4889078, 9.713341, 13.804678829999999, 36.893046
8.895875, 9.043628, 9.2271255, 9.4809799, 9.68012425, 10.863008109999999, 19.071708
8.882396, 9.044557000000001, 9.23707825, 9.5057779, 9.767639849999998, 14.001069, 52.853195
8.88842875, 9.0347515, 9.233084, 9.5351789, 9.809294249999999, 13.920011019999997, 36.893046
8.87983025, 9.036926, 9.242162, 9.5506885, 9.859069, 14.910528769999988, 52.853195
8.889996, 9.0446775, 9.250562, 9.5176874, 9.69761945, 14.691345, 52.853195
8.891596, 9.046425, 9.24881575, 9.553921800000001, 9.834815899999999, 16.104678099999997, 20.217992
8.888271, 9.0427275, 9.25010325, 9.51868, 9.77675815, 12.00736978999999, 32.855096
8.885812, 9.042858500000001, 9.23841175, 9.512666, 9.7402657, 16.47643795, 24.370709
8.86979225, 9.036864, 9.2223705, 9.4651665, 9.66043995, 16.060277709999998, 52.853195
8.8890975, 9.037804, 9.24578725, 9.517607000000002, 9.851513149999999, 15.575011389999995, 21.371576
8.880807, 9.0429955, 9.241591, 9.5055714, 9.7672477, 14.736804409999994, 36.893046
8.892725, 9.0475975, 9.24760625, 9.5386253, 9.767522, 11.454111689999996, 21.371576
8.89370275, 9.043856, 9.23273875, 9.496900799999999, 9.73490655, 16.36254276, 24.370709
8.881677, 9.035638500000001, 9.240908, 9.4912507, 9.6980285, 10.653868169999992, 32.855096
8.889731, 9.051489499999999, 9.249415, 9.5256946, 9.7886794, 16.366677729999996, 36.893046
8.888282, 9.038127, 9.2447105, 9.542590800000001, 9.7695662, 16.902392469999995, 32.855096
8.89916175, 9.041308, 9.229706, 9.492110499999999, 9.71177835, 11.529391, 52.853195
8.892309749999999, 9.047719, 9.2478185, 9.5414241, 9.80239, 16.26121194, 52.853195
8.8771835, 9.0322705, 9.2299205, 9.4531654, 9.69381, 11.68165, 52.853195
8.889848749999999, 9.038547999999999, 9.22617725, 9.4850811, 9.70821235, 16.109982679999998, 23.303856
8.892302, 9.042676499999999, 9.233562000000001, 9.5262978, 9.808244499999999, 14.741395359999991, 36.893046
8.873395499999999, 9.035242, 9.2376225, 9.5007189, 9.72250425, 16.450650689999996, 32.855096
8.875383249999999, 9.0333755, 9.242768, 9.508177400000001, 9.719838, 16.058708, 52.853195
8.879383749999999, 9.039962500000001, 9.2437665, 9.5121627, 9.7618724, 16.39846709, 52.853195
8.883899750000001, 9.0377925, 9.25313725, 9.510636, 9.7422864, 11.684780819999997, 52.853195
8.893764, 9.048919, 9.23707825, 9.476967, 9.7191083, 13.556740149999998, 36.893046
8.888299250000001, 9.0490335, 9.243739, 9.541621000000001, 9.764063499999999, 15.97762476, 19.892145
8.888463999999999, 9.0517125, 9.26061575, 9.5336258, 9.8391935, 14.704938179999989, 21.371576
8.874094750000001, 9.0391615, 9.228799, 9.4999623, 9.68337215, 15.266299859999997, 52.853195
8.893988, 9.044395, 9.2257245, 9.507522, 9.7804272, 14.452805489999998, 52.853195
8.889848749999999, 9.0460745, 9.24746575, 9.5172905, 9.722936749999999, 14.108588599999997, 36.893046
8.8866905, 9.038981, 9.22225775, 9.4982019, 9.6926998, 16.110048579999997, 24.370709
8.87681875, 9.0448695, 9.2207845, 9.5102559, 9.7764415, 14.704938179999989, 52.853195
8.781517000000001, 9.03909, 10.14977425, 11.54213, 12.388296, 14.736673190000001, 26.889073
8.789554, 9.055464, 10.2128345, 11.671043, 12.491305900000002, 14.902730940000021, 26.889073
8.649479999999999, 9.092922, 10.761857, 12.403628500000003, 14.0626608, 17.443292050000004, 38.813544
8.650421, 9.163951, 10.89155275, 12.478506500000002, 14.062400199999999, 17.708369, 38.404747
8.643484, 9.088991, 10.769527, 12.442805, 14.070622, 17.872018, 34.462112
9.114394, 11.207526, 14.008262, 17.2643104, 19.673757, 25.569375, 44.22794
9.110151, 11.2297175, 13.993700749999999, 17.290085300000005, 19.89759, 25.872567300000007, 40.625286
9.13514, 11.2686595, 13.9708905, 17.224563, 19.673247, 25.018097, 44.22794
9.0745605, 11.223968, 14.13891, 17.304474, 19.691119299999986, 25.268505750000013, 44.22794
9.109936750000001, 11.215572, 14.061389, 17.431298, 19.819811, 24.987938630000006, 39.815707
9.082339, 11.207526, 14.19217325, 17.568287, 20.177921699999988, 26.312623880000032, 44.22794
9.14556575, 11.296223, 14.104708, 17.560357, 19.89847249999999, 25.791337, 40.625286
9.12360075, 11.181026, 14.075138, 17.358213, 19.78104915, 26.313102250000043, 40.625286
9.084681999999999, 11.1964775, 14.011081749999999, 17.379265, 19.690333, 25.60713201, 44.22794
9.119364, 11.258859, 14.09614, 17.536532000000005, 19.927697349999995, 25.185941900000003, 44.22794
9.131306, 11.296937, 14.150048250000001, 17.4672202, 19.927271, 25.607038, 39.815707
9.080422, 11.243894, 13.958451, 17.264926, 19.67337035, 25.678368970000026, 44.22794
9.123961, 11.226488, 14.0803205, 17.361573, 19.642618, 25.259308210000004, 44.22794
9.11813825, 11.200854, 14.016311250000001, 17.226536, 19.673757, 25.872219, 44.22794
9.12197825, 11.214026, 14.12640575, 17.49623, 19.9153104, 25.908130130000025, 44.22794
9.110689, 11.249629500000001, 14.0027695, 17.2746004, 19.742944849999997, 26.016247410000023, 44.22794
9.086578, 11.161644500000001, 14.01787375, 17.3189096, 19.611595749999992, 25.678368970000026, 44.22794
9.125082, 11.2523585, 14.14832475, 17.66876730000001, 20.085503799999998, 26.460815, 44.22794
9.14506175, 11.255021, 14.06645875, 17.379379500000002, 19.874239, 25.786816660000003, 40.625286
9.11060525, 11.285190499999999, 14.0085785, 17.292050000000003, 19.759549299999986, 25.872138, 39.815707
9.105079499999999, 11.279436, 14.167717, 17.491898, 19.9112804, 25.786816660000003, 44.22794
9.09467275, 11.198598, 14.09977675, 17.5123147, 19.83876394999998, 26.015162, 44.22794
9.086989, 11.09247, 13.94583575, 17.4011065, 19.82253239999996, 26.46131893000001, 44.22794
9.11081125, 11.289431, 14.275076, 17.4347607, 19.691159899999988, 25.46558043000002, 44.22794
9.109936750000001, 11.2276095, 13.960345, 17.1950997, 19.71937149999998, 25.677274, 40.625286
9.09013425, 11.228731, 14.059913, 17.4406565, 19.927271, 25.56975163000001, 44.22794
9.085407, 11.1662385, 14.150613, 17.563979900000007, 20.072426, 26.559581, 40.625286
9.082339, 11.1281645, 14.002255, 17.431597000000004, 19.972802, 25.398768280000013, 44.22794
9.13305525, 11.246837, 14.09143175, 17.547211300000004, 19.83876394999998, 25.792145010000016, 40.625286
9.116615, 11.2281035, 14.036263, 17.287059000000003, 19.58810784999999, 24.93033449000002, 44.22794
9.134431, 11.3661495, 14.293437, 17.7959574, 20.174052699999997, 26.015162, 40.625286
9.132374, 11.2644495, 14.11803425, 17.2793, 19.9112804, 25.87364843000003, 44.22794
9.09248725, 11.207549499999999, 14.088299, 17.4406565, 19.916648, 25.200547200000027, 44.22794
9.095218, 11.16628, 14.150613, 17.523028500000006, 19.89759, 26.226208, 44.22794
9.097933, 11.165062, 14.16771125, 17.417718, 19.89759, 25.617047350000014, 38.509309
9.110151, 11.227269, 14.0027695, 17.381825100000007, 20.019651849999995, 26.206309990000005, 44.22794
9.11060525, 11.240114, 14.128668, 17.547211300000004, 19.781869, 25.268505750000013, 44.22794
9.11437075, 11.22909, 14.19972825, 17.568287, 20.004899, 26.206309990000005, 44.22794
9.114482, 11.278555, 14.014375, 17.387633, 19.706460349999993, 25.617047350000014, 44.22794
9.112104, 11.253902499999999, 14.11803425, 17.440367, 20.072426, 26.016247410000023, 44.22794
9.116177, 11.2372695, 14.14111475, 17.476674, 20.019821699999994, 25.616439, 39.815707
9.138358, 11.335068, 14.05631125, 17.581035300000003, 19.937328999999977, 25.400193340000044, 44.22794
9.096879, 11.180544, 13.98352, 17.292741600000003, 19.820696299999987, 25.616439, 44.22794
9.069446, 11.153985, 13.978489, 17.51518670000001, 19.79712755, 25.677274, 44.22794
9.099244, 11.207346999999999, 14.033392, 17.2254857, 19.526355, 24.93033449000002, 44.22794
9.127095, 11.2803375, 14.113882499999999, 17.3578548, 20.019433, 26.531454880000002, 44.22794
9.095084, 11.207573, 13.98950725, 17.248926, 19.541624249999995, 25.400193340000044, 40.625286
9.12480175, 11.2536495, 14.096689, 17.316394, 19.89221, 25.907049, 44.22794
9.08471, 11.190782500000001, 14.03130625, 17.434288, 19.797917, 25.018097, 44.22794
10.147776, 12.852432, 16.815153, 21.272006, 23.897907199999988, 29.999317, 43.791491
10.120911, 12.822911, 16.658812, 20.994364600000004, 23.937755, 30.31182378000006, 43.791491
10.18671525, 12.859858500000001, 16.63857225, 21.050064500000005, 23.993754, 29.999741230000012, 43.791491
10.197007, 12.8640225, 16.771936500000002, 21.199994400000005, 23.805526, 29.75176914000006, 40.498626
10.206541, 12.918448, 16.7344245, 21.345537500000006, 24.204388, 30.585735, 40.498626
10.16416525, 12.832362, 16.654913, 21.103312, 24.04497085, 30.024700120000002, 43.791491
9.110852, 11.242978, 14.09480425, 17.5605375, 20.00505045, 26.016247410000023, 44.22794
9.150733, 11.296549500000001, 14.091211, 17.472874, 20.00562254999999, 25.46595706000003, 44.22794
8.6496735, 9.149959500000001, 10.787681, 12.395380200000004, 13.932574399999979, 17.80231987, 34.462112
8.634560500000001, 9.118227, 10.768044, 12.411578800000001, 13.943173749999993, 17.8129, 38.813544
8.64633225, 9.109119, 10.78501425, 12.424528800000001, 13.943173749999993, 17.786971, 38.813544
8.64409775, 9.107828, 10.802992999999999, 12.347833, 13.711996, 17.61197376, 38.404747
8.645800000000001, 9.132194, 10.8297875, 12.429641, 14.106434499999994, 18.234486980000028, 38.404747
8.64702525, 9.1411985, 10.817596, 12.467011, 13.968153399999988, 17.78608, 38.813544
8.6473015, 9.142985, 10.83907575, 12.5413712, 14.062807599999998, 17.96323009000006, 38.404747
8.646536, 9.144375, 10.830596, 12.498188100000005, 14.124037, 17.664238760000007, 34.462112
8.638938999999999, 9.097345, 10.76484525, 12.390644, 13.921950849999993, 17.786071, 34.462112
8.784949, 9.059054, 10.206555250000001, 11.583639, 12.308867, 14.804693900000016, 19.563106
8.78462075, 9.064582, 10.2155, 11.673554, 12.552446400000003, 15.591465790000004, 26.889073
8.777718, 9.0505645, 10.24421375, 11.5966045, 12.388749750000002, 15.054253, 19.563106
8.79005175, 9.050528, 10.198102500000001, 11.6636956, 12.518868200000002, 14.75751444000001, 19.563106
8.64248875, 9.135123, 10.79752375, 12.3847517, 13.751173349999997, 17.538447, 27.927733
8.638164, 9.0754995, 10.71574425, 12.4075519, 13.94032, 17.539700460000027, 38.813544
8.647674, 9.1151705, 10.736182, 12.4429497, 14.113835, 17.88846820000001, 38.813544
8.6414205, 9.111051499999999, 10.729018499999999, 12.449230300000002, 14.0626608, 17.69969264, 38.404747
8.6521965, 9.142723, 10.788585, 12.355993, 13.935113999999995, 17.802213, 38.813544
8.6459125, 9.124091499999999, 10.864846, 12.616911, 14.133980949999998, 18.211952, 38.404747
9.085790750000001, 11.16496, 13.936366750000001, 17.369627, 19.916648, 25.386125990000004, 44.22794
9.136254, 11.2281035, 14.104582, 17.443262, 19.917179149999992, 25.618142320000036, 44.22794
9.11572525, 11.319652, 14.092094, 17.4126204, 19.89759, 25.786816660000003, 44.22794
9.125335, 11.183756, 14.087763500000001, 17.6312679, 20.088730049999995, 26.015162, 44.22794
9.089281, 11.228, 14.036482, 17.264926, 19.679914349999994, 25.386005, 44.22794
9.09683975, 11.1903535, 14.042715, 17.31861, 19.707231749999995, 25.172031160000003, 39.815707
9.103057, 11.230704, 14.094988, 17.387633, 19.798222249999984, 24.929448, 39.815707
9.083255, 11.170162, 13.98806875, 17.224563, 19.706099599999998, 25.678368970000026, 39.815707
9.115799, 11.220666999999999, 13.92971425, 17.2649514, 19.714086, 25.33463687000001, 44.22794
9.099244, 11.136782, 13.916069, 17.144451200000002, 19.371557, 25.172031160000003, 39.815707
9.12046875, 11.224358500000001, 13.98593425, 17.249773400000002, 19.91913649999996, 26.206109, 44.22794
10.1409935, 12.770517, 16.51309225, 20.939069, 23.7278778, 29.398083, 43.791491
10.147776, 12.86203, 16.6552085, 21.121048900000005, 24.030696849999998, 29.50902095, 43.791491
10.191153, 12.788715, 16.493344, 20.919673, 23.787914899999986, 30.41766055, 43.791491
11.041186, 14.18839, 18.54710875, 23.510648, 26.769619649999985, 33.577213, 56.221419
11.03030325, 14.217417, 18.5321935, 23.52910270000001, 26.66801639999999, 33.07211913000001, 56.221419
10.971679, 14.2043315, 18.752824, 23.686781, 26.83251, 33.60507885000001, 56.221419
12.927106, 17.376693, 23.137059, 29.192727, 33.384316, 41.038859, 61.050041
8.649588, 9.137233, 10.803248, 12.42623, 14.070622, 17.802213, 105.84671066866225
8.775553, 9.89273, 12.214175, 15.421051, 17.75720585, 23.75765695999995, 44.22794
8.77955, 9.924399, 12.26523475, 15.493363, 17.793989449999998, 23.33775050999992, 44.22794
8.775905, 9.9185345, 12.316056, 15.442775300000006, 17.716931, 22.943890009999972, 40.625286
8.771558, 9.937491, 12.3332, 15.574491, 17.8334752, 23.75765695999995, 40.625286
8.77440625, 9.9400665, 12.33890225, 15.45753, 17.703811, 23.56270114999997, 44.22794
8.77936775, 9.91672, 12.26563, 15.505479700000008, 17.844506, 23.685297739999886, 44.22794
8.64424, 9.12137, 10.792782, 12.42623, 13.994813, 17.548219189999898, 38.404747
8.6459585, 9.1283675, 10.80133275, 12.429641, 13.974307, 17.644383, 38.813544
8.65146875, 9.137233, 10.816158, 12.46999800000001, 13.974307, 17.78608, 38.813544
8.727861, 9.070586, 10.503772999999999, 12.018876, 13.151082, 16.680769, 38.404747
8.72371, 9.076262, 10.519340249999999, 11.914312300000008, 13.022939599999999, 16.326007779999983, 38.404747
8.729935, 9.0830685, 10.547753, 11.984916400000003, 13.163769, 16.5764478, 38.813544
8.728501, 9.072363, 10.503772999999999, 11.978243, 13.096827, 16.712506109999886, 38.813544
8.730445, 9.085043, 10.54021025, 12.009694800000004, 13.113346349999995, 16.576725, 38.813544
8.72320925, 9.0665715, 10.497396499999999, 11.973621, 13.097258, 16.29923173, 38.813544
8.72580975, 9.070328, 10.507699, 11.974163, 13.108955849999997, 16.615886, 38.404747
8.721707, 9.065288, 10.50731575, 11.9644915, 13.097283, 16.604807, 38.813544
8.7269085, 9.074949, 10.545638, 12.006062, 13.159804, 16.620502, 38.813544
8.724558, 9.0678235, 10.500564, 11.9646148, 13.108734499999997, 16.60481621, 38.813544
8.72852375, 9.0810905, 10.5212005, 11.981717500000004, 13.21920625, 16.60573268, 34.462112
8.73234325, 9.076375, 10.522628000000001, 11.975135900000007, 13.137592, 16.468887259999953, 38.813544
8.726138, 9.071424, 10.508285, 11.978234, 13.108955849999997, 16.615755, 38.813544
8.729998, 9.07647, 10.526137, 12.025182700000002, 13.090214999999995, 16.360916, 38.813544
8.725592, 9.072315, 10.5212005, 11.992821, 13.163167499999995, 16.843217, 38.813544
8.731446250000001, 9.070051, 10.50731575, 12.006176200000002, 13.182134599999998, 16.604807, 38.813544
8.7229895, 9.070534, 10.499997, 11.9782349, 12.991876, 16.384364, 38.813544
8.7275205, 9.0762965, 10.526465, 12.019524, 13.150815, 16.593917, 34.462112
8.727861, 9.0730685, 10.499018, 11.978343400000004, 13.132643449999998, 16.604807, 38.813544
8.72694, 9.0709455, 10.532912, 12.02847960000001, 13.209042, 16.57689691999997, 38.813544
8.7269685, 9.070223, 10.500564, 11.984916400000003, 13.113346349999995, 16.571005939999992, 38.813544
8.726084, 9.075603, 10.5060475, 11.962881, 13.02176325, 16.33591493999998, 38.813544
8.732579, 9.079860499999999, 10.544115, 12.020637, 13.163199449999995, 16.605728, 38.404747
8.726232, 9.072390500000001, 10.504042, 12.034735, 13.206432, 16.712693199999855, 38.813544
8.726929, 9.071783, 10.519340249999999, 11.982979000000004, 13.138524, 16.33591493999998, 38.813544
8.72438825, 9.0678235, 10.4974415, 11.987698, 12.984686, 16.35044, 38.813544
8.72525, 9.074843000000001, 10.530356, 11.993566, 13.1507495, 16.468585, 34.462112
8.72706275, 9.075686999999999, 10.529989, 12.048465, 13.16907995, 16.704564329999872, 38.813544
8.726471, 9.075566, 10.52159975, 12.036972, 13.216741, 16.821759959999987, 38.813544
8.726943, 9.067009, 10.494492, 12.055365400000003, 13.163167499999995, 16.385151, 38.813544
8.646227, 9.1088585, 10.792807, 12.429641, 14.059407, 17.793896, 38.813544
8.64621125, 9.132194, 10.833083, 12.394759000000004, 13.92961735, 17.663793, 38.813544
8.64409775, 9.126562, 10.801449, 12.447581, 14.039873, 17.844506, 38.813544
8.643998, 9.127029, 10.83277, 12.501195900000022, 14.09337, 17.888042, 38.813544
8.655285, 9.142635, 10.816158, 12.434019, 13.964127, 17.937063769999963, 38.813544
8.648492, 9.1300015, 10.799044, 12.3610045, 13.931125, 17.793896, 38.813544
8.646338, 9.1399975, 10.787681, 12.444253100000001, 13.983646, 17.78704024999999, 38.813544
8.647641, 9.1341515, 10.816327, 12.45322, 14.015404799999995, 17.786971, 38.813544
8.647882, 9.128324, 10.791028, 12.426552100000006, 13.967338, 17.802213, 38.813544
8.648492, 9.134619, 10.829518, 12.442949700000003, 14.021462, 17.709146019999878, 38.813544
8.646227, 9.126562, 10.802748, 12.45322, 14.027404, 17.872018, 38.813544
8.652534, 9.1422875, 10.801294, 12.426093, 14.009391, 17.793979169999986, 38.813544
8.6495745, 9.13779, 10.807386, 12.442805, 14.040769899999987, 17.699605, 38.813544
8.643217, 9.1283675, 10.819754, 12.474138, 14.078328, 17.793896, 38.813544
8.73045875, 9.080981, 10.519539, 11.978172, 13.081100849999999, 16.606196, 38.404747
8.724531, 9.06636, 10.49229275, 11.951658000000004, 13.132752699999996, 16.393789, 38.813544
8.7282265, 9.0866235, 10.54724875, 12.052399800000002, 13.21920625, 16.39379692, 38.404747
8.723138, 9.053827, 10.49512875, 11.974855, 13.082942, 16.593917, 38.813544
8.726774, 9.0781195, 10.529058249999999, 12.04389, 13.157196249999998, 16.348599589999996, 38.813544
8.72461575, 9.06927, 10.508285, 11.973583, 13.042322, 16.306211700000002, 38.813544
8.723582, 9.062845, 10.52158, 12.040946100000001, 13.206562499999997, 16.499532399999886, 38.813544
8.727006, 9.0790355, 10.52592925, 12.011142, 13.126926, 16.62074429999996, 38.813544
8.7269085, 9.071783, 10.537502, 12.007583800000003, 13.139758549999993, 16.499532399999886, 38.813544
8.733692, 9.089432, 10.56361, 12.037206300000005, 13.221560499999999, 16.605728, 38.813544
8.72684225, 9.0827195, 10.529989, 12.051952, 13.151082, 16.62074429999996, 38.813544
8.729998, 9.082937, 10.539722, 12.063364, 13.221560499999999, 16.711789, 38.813544
8.726114, 9.080894, 10.50447975, 11.992895500000001, 13.171542549999996, 16.605728, 38.813544
8.73045475, 9.076353000000001, 10.541918, 12.019635300000003, 13.199865, 16.593917, 38.813544
8.726471, 9.081499, 10.553907, 12.053265400000004, 13.301209, 16.61575631, 38.813544
8.727184000000001, 9.073067, 10.495099, 11.970053, 13.087696, 16.384364, 38.813544
8.730459, 9.082643000000001, 10.555903, 12.05548, 13.16907995, 16.60481621, 38.813544
8.725294, 9.072685499999999, 10.519539, 11.9810432, 13.122743149999996, 16.645092369999944, 38.813544
8.728245, 9.070638, 10.52158, 11.987698, 13.171132, 16.35044, 38.813544
8.64735, 9.118227, 10.819754, 12.444263, 13.983646, 17.786071, 38.813544
8.647156, 9.136206999999999, 10.7886045, 12.394759000000004, 13.940439999999999, 17.844506, 38.813544
8.781042, 9.94496, 12.3021445, 15.501305600000006, 17.836524949999994, 23.684487, 44.22794
8.785965000000001, 9.9538725, 12.32608975, 15.516446000000009, 17.799394349999996, 22.914184279999994, 44.22794
8.785044, 9.9746325, 12.298376, 15.501056, 17.793896, 23.338095979999867, 44.22794
8.778439, 9.940738, 12.29104225, 15.456271, 17.81015, 23.223349, 44.22794
8.781407, 9.9372945, 12.245915, 15.428034, 17.782938, 23.328325209999985, 44.22794
8.777633, 9.940738, 12.283223, 15.464719200000008, 17.644174, 23.213618, 44.22794
8.775271, 9.953983000000001, 12.304235, 15.484206, 17.810287499999998, 23.56270114999997, 44.22794
8.769505, 9.935853, 12.291358, 15.481558, 17.708776, 23.436095, 44.22794
8.645282, 9.117625499999999, 10.79312425, 12.448787, 14.06189, 17.64457709999997, 38.813544
8.646909, 9.116036, 10.79577675, 12.418864, 13.991081399999997, 17.786971, 38.813544
8.649533, 9.128324, 10.802748, 12.444253100000001, 14.013154, 17.703598, 38.813544
8.651493, 9.1388105, 10.832974, 12.467011, 14.076976, 17.793896, 38.813544
8.64759125, 9.118092, 10.806109500000002, 12.444263, 14.063715799999997, 17.8129, 38.813544
8.651264, 9.141917, 10.802748, 12.458397, 14.095492549999998, 17.793896, 38.813544
8.644519, 9.122739, 10.792788250000001, 12.413431, 14.013154, 17.629572, 38.813544
8.647682, 9.1267505, 10.783959, 12.365818900000004, 13.94272, 17.708369, 38.813544
8.644519, 9.127385, 10.805758, 12.430775, 13.974773949999992, 17.699605, 38.813544
8.649588, 9.1399975, 10.803248, 12.478032, 14.057811, 17.703598, 38.813544
8.646338, 9.1312075, 10.8385125, 12.402768, 13.99554189999999, 17.786071, 38.813544
8.646164, 9.107828, 10.801449, 12.382462, 13.925738, 17.629572, 38.404747
8.648044, 9.12931, 10.805758, 12.411373, 13.974307, 17.703598, 38.813544
8.644621, 9.136206999999999, 10.84198, 12.46999800000001, 14.095293, 17.888042, 38.813544
8.644621, 9.127029, 10.799044, 12.42623, 14.009391, 17.786971, 38.813544
8.646259, 9.119783, 10.802272, 12.444263, 14.059407, 17.458345, 38.813544
8.643581, 9.126562, 10.816158, 12.430775, 14.070622, 17.629572, 38.813544
8.647442, 9.137685, 10.824965, 12.480071, 14.078328, 17.802213, 38.813544
8.727006, 9.07237, 10.515956, 11.988140800000009, 13.049543, 16.385151, 38.813544
8.727411, 9.067979, 10.4670475, 11.933057, 13.053398199999991, 16.57689691999997, 38.813544
8.728706, 9.065621, 10.50731575, 11.992126, 13.053095149999992, 16.60481621, 38.813544
8.7895155, 9.057737, 10.245774, 11.654684, 12.476371, 15.027702, 26.889073
8.784519, 9.050433, 10.202244, 11.609365, 12.412934, 15.049793, 26.889073
8.781669, 9.0388585, 10.199632, 11.617003, 12.4204191, 14.824984, 26.889073
8.7859005, 9.053899000000001, 10.243421, 11.70942, 12.502753, 14.824984, 26.889073
8.8358985, 9.026114, 9.38650475, 10.971142, 11.881476, 14.0253507, 35.734803
8.83196325, 9.01496, 9.381302, 10.8902803, 11.76124, 13.731506, 37.448702
8.831548, 9.0171895, 9.37227875, 10.8748845, 11.7944575, 13.780266, 37.448702
8.834526, 9.018588000000001, 9.383769, 10.928466, 11.865438499999998, 14.073548, 37.448702
8.837459, 9.022543, 9.384664, 10.8977666, 11.78665, 13.979637, 35.734803
8.834366249999999, 9.014717, 9.372371, 10.900596, 11.843634999999999, 13.652919, 35.734803
8.8319075, 9.0157615, 9.375258, 10.878782, 11.836901, 13.86548, 37.448702
8.8317735, 9.015155, 9.360982, 10.890877, 11.761757799999998, 13.86548, 37.448702
8.8341915, 9.015896999999999, 9.36916525, 10.870688900000001, 11.78665, 14.042414749999981, 37.448702
8.835486, 9.020617999999999, 9.384238, 10.940015, 11.788002, 13.596533, 37.448702
8.833693, 9.01462, 9.35412, 10.882844, 11.788322799999996, 14.037002299999994, 37.448702
8.833693, 9.02259, 9.3900875, 10.9080414, 11.809356499999994, 13.77010525999999, 37.448702
9.110230999999999, 11.2096555, 14.05849925, 17.4480599, 19.904630449999992, 25.267843, 109.06276218542007
9.155797, 11.259235499999999, 14.105268500000001, 17.40814560000001, 19.972802, 25.792145010000016, 44.22794
10.218131, 12.839638, 16.605949250000002, 20.989339, 23.975898899999986, 30.29279949, 43.791491
10.187644, 12.776514500000001, 16.61953, 21.362894, 24.030621, 30.19999, 43.791491
10.1874845, 12.8634, 16.740415249999998, 20.975755000000003, 23.938058799999993, 29.750277770000025, 43.791491
10.229035, 12.914081, 16.653488000000003, 21.194177, 23.974966, 29.718428, 43.791491
10.198895, 12.9150615, 16.846903, 21.272006, 24.135072, 30.843916, 43.791491
10.1344675, 12.7617625, 16.5372025, 21.089017900000012, 24.015998, 29.50902095, 43.791491
10.176276, 12.918448, 16.836941749999998, 21.196599, 23.937755, 30.04174, 43.791491
10.1525865, 12.721683500000001, 16.500544, 20.862169800000004, 23.726288, 29.652679130000013, 43.791491
10.194279000000002, 12.815374, 16.6142815, 21.129636, 23.881282, 29.500268, 43.791491
10.101153, 12.786401, 16.51273925, 20.975755000000003, 23.748622299999983, 29.999317, 43.791491
10.201797, 12.793580500000001, 16.732279, 21.235235, 24.02963395, 30.043322500000034, 43.791491
11.148017, 14.260675, 18.70898275, 23.583180300000006, 26.788998149999976, 33.47407047000001, 56.221419
10.95713175, 14.096516, 18.57591, 23.295668, 26.596682, 33.47382, 56.221419
10.971679, 14.1659735, 18.566273250000002, 23.41399850000001, 26.69588524999998, 33.649515, 56.221419
11.143155, 14.2339465, 18.75297575, 23.706682, 26.922353349999998, 33.60507885000001, 56.221419
11.0384465, 14.229063, 18.659453, 23.5109243, 26.597686249999988, 33.54381704000001, 56.221419
10.990518, 14.215892, 18.581384, 23.638282, 26.650927949999986, 33.47407047000001, 47.131774
11.093626500000001, 14.195920000000001, 18.58441375, 23.52077, 26.965900849999993, 33.543702, 56.221419
8.725806, 9.0699155, 10.517903, 12.021832, 13.258837049999999, 16.609178, 109.45082836330486
8.646682, 9.12137, 10.805758, 12.458521600000003, 14.057890799999997, 17.708369, 38.813544
8.645282, 9.113885, 10.794662, 12.434019, 14.040769899999987, 17.786971, 38.813544
8.647641, 9.1191615, 10.788584, 12.408001, 13.967338, 17.709146019999878, 38.813544
8.643807, 9.119585, 10.794076, 12.429641, 14.059407, 17.78704024999999, 38.813544
8.647008, 9.111086499999999, 10.773136, 12.420221, 14.021462, 17.872018, 38.813544
8.64305, 9.127385, 10.799901, 12.411578800000004, 14.0619102, 17.930662, 38.813544
8.649238, 9.117357, 10.821458, 12.419637, 14.015086, 17.703645709999993, 38.813544
8.6497995, 9.145338, 10.832974, 12.459889800000004, 14.070717, 17.8129, 38.813544
8.642476, 9.1069125, 10.78780575, 12.389659000000002, 13.92961735, 17.699605, 38.813544
8.652431, 9.140346000000001, 10.830844, 12.482777, 14.057811, 17.872018, 38.813544
8.643933, 9.112452, 10.817596, 12.429641, 14.013154, 17.699605, 38.813544
8.644131, 9.136702, 10.829518, 12.482439500000025, 14.113835, 17.936827, 38.813544
8.655955, 9.140724, 10.84562975, 12.474418, 14.066505, 17.92199, 38.813544
8.6414205, 9.117357, 10.802748, 12.436356, 14.034630899999996, 17.92199, 38.813544
8.649238, 9.1220545, 10.774292, 12.365659, 14.0619102, 17.937063769999963, 38.813544
8.642493, 9.135712, 10.8120375, 12.418864, 13.93484, 17.611796, 38.404747
8.646662, 9.129338, 10.812846, 12.436074, 14.013154, 17.548219189999898, 38.813544
8.6476805, 9.12794, 10.803728, 12.469538, 14.099284, 17.78608, 38.813544
8.649479249999999, 9.140916, 10.83300125, 12.444263, 14.066505, 17.844781119999954, 38.813544
8.642968, 9.1191615, 10.810196000000001, 12.367258, 13.961266, 17.786071, 38.813544
8.642476, 9.1300015, 10.797017, 12.402618, 13.967686449999995, 17.470363, 38.813544
8.640965, 9.088117, 10.742489, 12.361018, 13.94272, 17.708369, 38.813544
8.643217, 9.1300015, 10.809672, 12.447581, 13.994813, 17.786971, 38.813544
8.649683, 9.129782, 10.792782, 12.436701700000008, 14.057811, 17.80231986999998, 38.813544
8.646315, 9.119646, 10.792807, 12.444252, 14.066505, 17.786971, 38.813544
8.647925, 9.134141, 10.816327, 12.426552100000006, 14.039873, 17.709146019999878, 38.813544
8.72172575, 9.067466, 10.52679975, 12.018365700000002, 13.137638599999999, 16.60481621, 38.404747
8.728288, 9.0722735, 10.51514225, 11.986630600000002, 13.112746699999999, 16.393789, 38.813544
8.72793375, 9.071783, 10.509472, 12.007947, 13.159804, 16.62074429999996, 34.462112
8.732263, 9.068162000000001, 10.530125, 12.040927, 13.159834299999998, 16.576445, 38.813544
8.72876025, 9.074693, 10.538893999999999, 12.052328, 13.169759249999998, 16.680769, 38.404747
8.726995, 9.0760165, 10.523425, 12.041515, 13.219306, 16.605728, 38.813544
8.723019, 9.070136999999999, 10.5060475, 11.982920800000002, 13.112734, 16.604807, 38.813544
8.733372, 9.0847575, 10.5212005, 12.006062, 13.219201, 16.594025899999984, 38.813544
8.789062, 9.055168, 10.215979, 11.643211, 12.454684399999998, 14.831956519999933, 26.889073
8.786701749999999, 9.0534435, 10.215979, 11.638343, 12.462855, 14.932628, 26.889073
8.784536, 9.0499085, 10.2459785, 11.6604761, 12.479442899999992, 15.027702, 26.889073
8.788326999999999, 9.060496, 10.19702925, 11.607393, 12.385381, 14.822824, 26.889073
8.784188, 9.050433, 10.2128345, 11.652362, 12.444613699999996, 14.938511, 26.889073
8.785696000000002, 9.0462065, 10.220221, 11.668427, 12.523508, 14.822911109999987, 26.889073
8.788515, 9.048960000000001, 10.199499, 11.632023, 12.471264, 14.938511, 26.889073
8.789062, 9.066206, 10.2459785, 11.6173565, 12.423094, 14.938567589999991, 26.889073
8.788431, 9.0530215, 10.212492, 11.6286736, 12.378167099999999, 14.815255449999988, 26.889073
8.783448, 9.047141, 10.210096, 11.64915, 12.449812199999998, 14.953882, 26.889073
8.787855, 9.042789, 10.21229775, 11.645967, 12.436106, 14.803997, 26.889073
8.784563, 9.056303, 10.248229, 11.6599818, 12.469801, 15.054648079999936, 26.889073
8.784155, 9.05317, 10.245774, 11.664709, 12.472115, 14.932686829999989, 26.889073
8.78203575, 9.054426, 10.233637, 11.6933527, 12.551711, 14.932686829999989, 26.889073
8.643353, 9.129782, 10.816158, 12.458397, 13.974307, 17.708369, 38.813544
8.647682, 9.118738, 10.795695, 12.436074, 13.964287549999996, 17.703645709999993, 38.813544
8.64738, 9.12137, 10.820243, 12.434019, 14.015086, 17.872018, 38.813544
8.647442, 9.145338, 10.84207425, 12.52465, 14.062389, 17.81321605999995, 38.813544
8.645282, 9.117321, 10.784076, 12.367258, 13.911351, 17.629572, 38.813544
8.653175, 9.1300015, 10.82114, 12.533601, 14.156047, 17.793896, 38.813544
8.642493, 9.111738, 10.772138, 12.402768, 13.931310749999996, 17.78704024999999, 38.813544
8.72852375, 9.075933, 10.513517, 12.056833500000009, 13.280431, 16.78368708999997, 38.404747
8.72647775, 9.073067, 10.50838275, 11.972366, 13.126926, 16.442499, 38.813544
8.72594825, 9.073135, 10.54337475, 12.039315, 13.241438, 16.604807, 38.813544
8.725472499999999, 9.075275999999999, 10.528775, 12.0074853, 13.122915599999999, 16.680998979999966, 38.813544
8.727295, 9.0756035, 10.521886, 11.987698, 13.15082835, 16.593917, 38.813544
8.728526, 9.0808535, 10.520888750000001, 12.022596, 13.219306, 16.576445, 38.813544
8.72618675, 9.074843000000001, 10.519274, 11.974972000000003, 13.126926, 16.604807, 38.813544
8.72641125, 9.070316, 10.496456, 11.959306, 13.1711402, 16.498811, 38.813544
8.72181325, 9.072535, 10.465563, 11.950234, 13.022908, 16.394581, 38.813544
8.7311415, 9.079278, 10.524476499999999, 12.022555300000002, 13.150815, 16.60924376999999, 38.813544
8.731261, 9.0699155, 10.46022, 11.911686, 12.984686, 16.39532103999988, 38.813544
8.72938275, 9.066811, 10.50347925, 12.007227, 13.163769, 16.80240376999997, 38.813544
8.73099375, 9.0806515, 10.539089, 12.007204, 13.122905, 16.576445, 38.813544
8.723448, 9.070697, 10.52583475, 12.034735, 13.222672, 16.821686, 38.813544
8.72963725, 9.0790355, 10.508676, 12.0148483, 13.120273399999999, 16.605728, 38.813544
8.724401, 9.0678835, 10.528427, 11.98282, 13.063738, 16.385151, 38.813544
8.72619475, 9.072659, 10.503772999999999, 11.978172, 13.104457, 16.36115834999996, 34.462112
8.729982249999999, 9.082687499999999, 10.521074, 12.030261, 13.266517149999999, 16.7835, 38.813544
8.73060625, 9.0889295, 10.521659, 12.00186980000001, 13.083174049999997, 16.645092369999944, 38.813544
8.726931, 9.088055, 10.552124, 12.050895, 13.259844749999996, 16.845091229999944, 38.813544
8.725494, 9.080936, 10.50195025, 11.978243, 13.219887850000001, 16.844744, 38.813544
8.726232, 9.0674195, 10.53789875, 12.008045500000001, 13.07563525, 16.222820989999995, 38.813544
8.7243595, 9.072712, 10.529152, 12.022425, 13.1605324, 16.60924376999999, 38.813544
8.7254, 9.0696125, 10.49817, 11.981200000000003, 13.179254, 16.615755, 38.813544
11.091054, 14.222227499999999, 18.5772785, 23.638282, 26.724808, 34.37329092999994, 108.47192561935142
11.08528575, 14.172911, 18.528324249999997, 23.554524, 26.818992299999998, 33.916753, 56.221419
11.0207525, 14.19026, 18.602614, 23.7011551, 27.12724, 34.379085220000064, 47.131774
11.036565, 14.178916, 18.410323499999997, 23.280753, 26.7312, 33.690468, 56.221419
11.083803, 14.269237, 18.544808, 23.5109243, 26.977412, 34.28192869000002, 56.221419
11.038262, 14.284334, 18.76797, 23.977246, 27.201739699999976, 34.54850986000003, 47.131774
10.990412, 14.107025499999999, 18.6046285, 23.382801200000003, 26.616767, 34.67052264000001, 56.221419
11.00784075, 14.192924, 18.499173, 23.73359170000001, 26.750218, 34.7836883, 56.221419
11.004562, 14.184677, 18.659453, 23.491487, 26.526264, 33.916753, 56.221419
11.019513499999999, 14.195813000000001, 18.531199, 23.457003, 26.585857, 34.280977, 47.131774
11.041006249999999, 14.232771, 18.450745, 23.2985499, 26.383177, 33.39079148, 56.221419
11.07927275, 14.270747, 18.6299315, 23.496019999999998, 26.61929769999996, 34.280977, 56.221419
11.08141375, 14.195881, 18.590908, 23.5974453, 26.768682, 33.60463, 56.221419
10.942229, 14.0945265, 18.45734275, 23.228074200000005, 26.544751, 33.55542607, 56.221419
11.14780975, 14.222844, 18.567899750000002, 23.641244, 26.83762164999999, 34.77715628000001, 56.221419
11.032517, 14.197813, 18.668429, 23.597439, 27.09751, 33.649515, 56.221419
10.98811, 14.217417, 18.581384, 23.67984, 26.977685299999997, 33.577487170000005, 56.221419
11.069222, 14.304778, 18.74461925, 23.599799700000005, 26.787435, 33.60548838000002, 56.221419
11.021293, 14.18839, 18.565628, 23.545102900000003, 26.681947, 33.649515, 56.221419
11.085951, 14.278235, 18.75297575, 23.491487, 26.828846, 33.916753, 56.221419
11.09824275, 14.310655, 18.737410500000003, 23.668125, 26.824584, 34.547282, 56.221419
11.038508, 14.2226885, 18.507693, 23.44085, 26.546057799999982, 33.92024883000008, 56.221419
11.03030325, 14.16381, 18.531194499999998, 23.4108251, 26.8368, 34.280977, 56.221419
11.081455, 14.253877, 18.65651, 23.441796900000003, 26.58993319999994, 33.916753, 56.221419
11.00784075, 14.157357, 18.57591, 23.496014, 26.667381, 34.936969, 47.131774
11.050928, 14.214367, 18.69966025, 23.544314, 26.828846, 33.49931535, 47.131774
10.973176, 14.126425, 18.486422, 23.496074, 26.731383549999997, 33.49965046000001, 56.221419
11.081308, 14.21388, 18.641444, 23.513411, 26.66801639999999, 34.26648241000001, 56.221419
11.069222, 14.104346, 18.535541, 23.226817, 26.596682, 33.402223, 56.221419
11.025818, 14.223305, 18.568209, 23.597502, 26.734871, 34.280977, 56.221419
10.1409565, 12.795153, 16.6596455, 21.296749300000002, 24.065157, 30.201442, 43.791491
11.081504, 14.195881, 18.52781, 23.289904, 26.383177, 33.649515, 56.221419
11.06715925, 14.19026, 18.59640025, 23.4108251, 26.497992, 33.577487170000005, 56.221419
11.174702, 14.307204500000001, 18.581384, 23.491487, 26.818698, 33.649515, 56.221419
11.041006249999999, 14.184677, 18.49237275, 23.597502, 26.724808, 34.7836883, 47.131774
11.020773, 14.257698, 18.58354875, 23.7724947, 27.10068559999998, 34.379085220000064, 56.221419
11.001375, 14.1781765, 18.691262000000002, 23.663358600000002, 26.694363, 33.916753, 56.221419
11.09958, 14.273121, 18.710554, 23.5530624, 26.650062, 33.649515, 56.221419
11.13227725, 14.2087285, 18.535541, 23.410804, 26.680089, 33.577213, 56.221419
10.18671525, 12.870818, 16.586059249999998, 21.194177, 24.030621, 29.905629990000026, 40.498626
8.7895745, 9.050234, 10.242552, 11.643211, 12.424741, 15.021127, 112.44594816597512
8.785401, 9.053267, 10.236745, 11.6711205, 12.492187, 15.021127, 26.889073
8.786515, 9.059052, 10.238835, 11.646870900000001, 12.420386, 14.815179, 26.889073
8.78464, 9.0424155, 10.200565, 11.636392, 12.454557, 14.803997, 26.889073
8.788515, 9.046956, 10.2183605, 11.6599818, 12.478849, 14.803997, 26.889073
8.78691, 9.060868, 10.217937, 11.625699, 12.439778, 14.901789, 26.889073
8.786481250000001, 9.0536925, 10.209485, 11.642031, 12.454557, 14.831535, 26.889073
8.790397250000002, 9.05576, 10.200565, 11.607393, 12.440484699999997, 14.783024, 26.889073
8.7904295, 9.054016, 10.246912, 11.659932, 12.476371, 14.94417, 19.563106
8.784101, 9.049898, 10.223674, 11.646870900000001, 12.471264, 14.873968019999955, 26.889073
8.786566749999999, 9.059239, 10.240397, 11.655011400000006, 12.476494899999999, 14.96492, 26.889073
8.784408, 9.054016, 10.2183605, 11.633763, 12.395973549999999, 14.803997, 26.889073
8.785802, 9.0613335, 10.226674, 11.643486600000006, 12.496195, 14.831535, 19.563106
8.786029, 9.057744, 10.2307595, 11.617329, 12.413306599999995, 14.803997, 19.563106
8.7835005, 9.0455075, 10.17542925, 11.607931, 12.42317635, 14.824984, 26.889073
8.786029, 9.053087, 10.218304, 11.613494, 12.423094, 14.803997, 26.889073
8.78473325, 9.0505645, 10.230684, 11.608504600000002, 12.384728, 14.803997, 26.889073
8.790949, 9.059367, 10.20798875, 11.600619, 12.342689, 14.801217, 26.889073
8.78248, 9.051341, 10.210208999999999, 11.648901, 12.440311, 14.873687, 26.889073
8.786504, 9.056303, 10.22807875, 11.653518, 12.444344, 14.932686829999989, 26.889073
8.730107, 9.082908, 10.515562, 12.008992200000002, 13.117741999999998, 16.570951, 38.813544
8.722901, 9.063528, 10.499027, 12.0147414, 13.222672, 16.620502, 38.404747
8.726974, 9.0765805, 10.5040845, 11.971420400000001, 13.082942, 16.30457954999998, 38.813544
8.724888, 9.07048, 10.51731025, 11.940439, 13.097283, 16.44275985999996, 38.813544
8.725472499999999, 9.061871, 10.517271, 12.073652800000001, 13.259039900000001, 16.680769, 38.813544
8.780063, 9.05135, 10.21229775, 11.649813900000002, 12.502305, 14.944267119999985, 26.889073
8.79005175, 9.05342, 10.201259, 11.646870900000001, 12.426091, 14.96523062999995, 26.889073
8.83291325, 9.016039, 9.36679575, 10.8909724, 11.78065595, 14.025664819999976, 37.448702
8.791208, 9.058028, 10.258203, 11.64915, 12.454557, 14.822824, 26.889073
8.785038, 9.0534435, 10.242432, 11.668427, 12.460371, 14.996234439999961, 26.889073
8.785522, 9.053087, 10.2292355, 11.6634417, 12.478849, 14.953992379999983, 26.889073
8.7859005, 9.054177, 10.240397, 11.6634417, 12.469874149999999, 15.05023267999993, 26.889073
8.78462075, 9.054797, 10.233637, 11.619468, 12.436106, 14.803997, 26.889073
8.78686775, 9.0542415, 10.229351, 11.663583, 12.476494899999999, 14.953992379999983, 26.889073
8.784007, 9.050942, 10.227706, 11.636587100000005, 12.469801, 14.82504950999999, 26.889073
8.783877, 9.04832, 10.24141875, 11.659932, 12.462855, 14.815179, 19.563106
8.83162475, 9.0143295, 9.3746335, 10.898198599999999, 11.7750972, 13.979485219999958, 37.448702
8.83408, 9.01956, 9.365381, 10.8320094, 11.720606, 13.979637, 37.448702
8.834819, 9.01568, 9.378959, 10.874107799999999, 11.7494049, 13.85159, 37.448702
8.835092, 9.021158, 9.378153, 10.872316600000001, 11.80907285, 13.787759, 35.734803
8.833875, 9.016085499999999, 9.36692, 10.891991800000001, 11.77083315, 14.005841, 37.448702
8.8296975, 9.018198, 9.383807999999998, 10.8966831, 11.7668939, 13.89274387999992, 35.487972
8.83399275, 9.0196755, 9.374021500000001, 10.875123, 11.7740831, 13.806771, 37.448702
8.83342875, 9.015796, 9.362739, 10.886900500000001, 11.801317549999997, 13.787759, 37.448702
8.833413, 9.0182325, 9.37368775, 10.83186, 11.734442, 13.720838, 33.51644
8.830058, 9.015596500000001, 9.37976375, 10.870337000000001, 11.784788, 14.025519, 37.448702
8.82694, 9.011437, 9.379838, 10.8911332, 11.777362, 13.70773, 37.448702
8.833710250000001, 9.0186805, 9.37610625, 10.8890809, 11.794418, 13.920710569999924, 37.448702
8.865562, 9.003507, 9.17894175, 9.458109, 9.980987, 11.961075, 37.448702
8.866938, 9.0048915, 9.1857855, 9.4567853, 9.9920315, 11.970524530000006, 37.448702
8.864438, 9.0029145, 9.178288, 9.4596301, 9.969460699999999, 11.993545, 37.448702
8.8657435, 9.005355, 9.18332825, 9.451816, 9.994071, 11.999376500000002, 37.448702
8.86392, 9.00173, 9.179745, 9.440294, 9.95293145, 11.894581, 37.448702
8.8683035, 9.00341, 9.17945675, 9.460139999999999, 9.9923587, 12.054451, 37.448702
8.864491, 9.000979, 9.1814625, 9.4449875, 9.931066049999998, 11.898029970000003, 37.448702
8.865594, 9.004557, 9.176531, 9.445246399999998, 9.920568, 11.970524530000006, 37.448702
8.865122, 9.001231, 9.1737425, 9.450355, 9.956335899999997, 12.00823384000001, 35.734803
8.868137, 9.001231, 9.17894175, 9.4390328, 9.956335899999997, 11.961075, 37.448702
8.868146000000001, 8.999757, 9.170435, 9.439364, 9.920568, 11.913174, 37.448702
8.865721, 9.00428, 9.178931, 9.44578, 9.97255, 12.007767, 37.448702
8.828355, 9.015998, 9.3688045, 10.876892, 11.840519, 14.022859149999995, 35.734803
8.832450999999999, 9.018179, 9.3688045, 10.8750177, 11.718405, 13.72568, 37.448702
8.83674475, 9.0223265, 9.387922, 10.9286904, 11.845064499999998, 13.762228029999989, 37.448702
8.830095, 9.0130355, 9.36908275, 10.90115, 11.8255642, 13.80732958999991, 35.487972
8.83291325, 9.0176745, 9.3895715, 10.913844, 11.7848811, 13.720886419999992, 37.448702
8.835531, 9.024722, 9.390486749999999, 10.858485, 11.738595, 13.787949119999968, 37.448702
8.831904, 9.017007, 9.372308, 10.896614, 11.826827199999997, 13.96692616999998, 37.448702
8.83368575, 9.023131, 9.39031225, 10.893972, 11.809028, 14.05604628999999, 37.448702
8.835159749999999, 9.017285, 9.39062475, 10.894716, 11.8383449, 13.72568, 37.448702
8.8308335, 9.014558, 9.368945, 10.8460413, 11.761805, 13.920245, 35.734803
8.830743, 9.014181, 9.3543805, 10.870355, 11.80907285, 14.121396799999982, 37.448702
8.827565499999999, 9.0106395, 9.353675749999999, 10.839855, 11.738938049999994, 13.748585999999978, 37.448702
8.83377075, 9.016484, 9.378264999999999, 10.874871, 11.77739585, 13.807219189999929, 37.448702
8.830743, 9.013477, 9.369881, 10.872322900000002, 11.768963999999997, 13.807219189999929, 37.448702
8.827842749999999, 9.013157499999998, 9.35644675, 10.8391046, 11.778136049999999, 13.980478189999959, 37.448702
8.83098375, 9.014077, 9.362649000000001, 10.884418, 11.77408595, 13.979485219999958, 35.734803
8.834783, 9.020826, 9.384236, 10.8987915, 11.795444499999997, 13.787287, 35.734803
8.8309245, 9.014723499999999, 9.364004249999999, 10.870688900000001, 11.746551, 13.775378, 35.487972
8.827267, 9.013717, 9.365019, 10.9080414, 11.7800107, 14.022859149999995, 37.448702
8.8340925, 9.0189715, 9.3760535, 10.894063, 11.794418, 14.054369, 35.330604
9.11043775, 11.223968, 13.88543575, 17.2516287, 19.93537164999999, 27.132174779999897, 105.31311720616597
8.78900425, 9.0627345, 10.284044000000002, 11.658155400000002, 12.480021800000005, 14.804108820000003, 18.865024
8.785732, 9.0462445, 10.222006, 11.6736765, 12.398521750000004, 15.02119275, 18.677002
8.7779715, 9.0393945, 10.22968425, 11.6600279, 12.444344, 14.939337160000019, 26.889073
8.78460975, 9.064024499999999, 10.20963775, 11.6634417, 12.52384975, 15.464191, 19.563106
8.783598999999999, 9.048156500000001, 10.201259, 11.63261, 12.439778, 15.095220980000033, 26.889073
8.794357, 9.0585355, 10.258294, 11.6867389, 12.476371, 14.965230630000006, 18.865024
8.776459749999999, 9.044837, 10.16489, 11.6407854, 12.4749578, 14.96581333000002, 26.889073
8.78856, 9.058963, 10.2780475, 11.6475, 12.436106, 14.995983, 19.563106
8.789632, 9.0542415, 10.270495, 11.699161, 12.503486, 15.056444500000048, 26.889073
8.783767, 9.0528645, 10.22169125, 11.649158500000002, 12.45138875, 15.029822570000047, 18.677002
8.79273875, 9.058384, 10.230541, 11.6054741, 12.38476065, 14.932628, 26.889073
8.781959, 9.051, 10.19978775, 11.64915, 12.477161800000003, 14.902420310000014, 19.393533
8.785754, 9.046385, 10.216479, 11.652362, 12.425309250000002, 14.965230630000006, 18.474331
8.792152250000001, 9.0538865, 10.229197, 11.6387561, 12.444854650000002, 14.944267120000001, 18.66297
8.7812755, 9.044512, 10.191452, 11.617604, 12.465724550000003, 14.938511, 26.889073
8.79120075, 9.053107, 10.2496065, 11.7087603, 12.572654400000001, 15.239759, 26.889073
8.7859005, 9.0531285, 10.182713, 11.589791200000002, 12.412934, 14.757654060000013, 18.865024
8.791380499999999, 9.053294999999999, 10.20003875, 11.579707, 12.38062, 14.804108820000003, 19.563106
8.787180750000001, 9.047198999999999, 10.245774, 11.6498139, 12.3807679, 14.874276410000013, 26.889073
8.790431, 9.051175, 10.20749, 11.638573400000002, 12.52358155, 15.027702, 19.563106
8.799948, 9.058394499999999, 10.268445, 11.688576000000003, 12.504560650000004, 15.273403, 26.889073
8.788326999999999, 9.054177, 10.199632, 11.6259878, 12.38156, 14.822824, 18.677002
8.795732749999999, 9.0530215, 10.270339, 11.673618, 12.524979, 14.832237540000015, 19.563106
8.784007, 9.053158, 10.1998155, 11.665080800000002, 12.529539, 15.239759, 26.889073
8.78854875, 9.046871, 10.265049, 11.641332300000002, 12.452150950000004, 15.09555742000004, 26.889073
8.79087975, 9.055830499999999, 10.205052, 11.5928044, 12.375706100000002, 14.591639, 19.393533
8.788326999999999, 9.057887, 10.282606000000001, 11.6685741, 12.4910004, 14.944377500000003, 19.563106
8.790905, 9.0487225, 10.19068925, 11.592796, 12.492187, 14.901789, 19.563106
8.78237525, 9.058798, 10.14039, 11.6044838, 12.44051265, 15.02119275, 19.563106
8.7892095, 9.056822499999999, 10.271529000000001, 11.643639900000002, 12.450106350000002, 15.021127, 18.865024
8.784652, 9.048323, 10.2700615, 11.646120300000002, 12.329855450000002, 14.71362188000002, 26.889073
8.78110375, 9.039206, 10.224222, 11.550164200000003, 12.313926, 14.721813600000004, 26.889073
8.785174000000001, 9.065779500000001, 10.22968425, 11.7087603, 12.51207335, 14.901789, 26.889073
8.783877, 9.044837, 10.270495, 11.70942, 12.577777750000001, 15.511388, 26.889073
8.787855, 9.039978000000001, 10.18630425, 11.607978800000001, 12.3781671, 14.938567590000002, 19.563106
8.784282999999999, 9.039185, 10.154329749999999, 11.530138, 12.335349550000002, 15.093761, 19.563106
8.779063, 9.045002499999999, 10.2296485, 11.643639900000002, 12.384906400000002, 14.825049510000001, 19.563106
8.784101, 9.0570235, 10.277577, 11.654542, 12.55191, 14.944267120000001, 26.889073
8.870337, 9.0053975, 9.170997999999999, 9.473723, 10.014147249999999, 12.071412479999976, 35.487972
8.8639315, 9.000557, 9.168766, 9.4622059, 10.095964799999999, 12.169767, 35.734803
8.86033025, 8.995741500000001, 9.168299000000001, 9.4486272, 9.9518057, 11.874643389999996, 35.330604
8.87235975, 9.0027845, 9.18196275, 9.459293, 9.874926999999998, 11.999339, 35.330604
8.86144825, 9.001585500000001, 9.17372475, 9.4629838, 10.07358005, 12.279683909999989, 37.448702
8.87392825, 9.0077035, 9.175607, 9.4347723, 9.913345, 11.993602939999997, 35.330604
8.87278, 9.0104145, 9.1896635, 9.4654912, 10.078919249999998, 11.903573949999991, 37.448702
8.86123825, 9.0008745, 9.1755675, 9.4594146, 9.994071, 12.345226, 37.448702
8.86165675, 9.0055455, 9.17338, 9.460139999999999, 9.980987, 11.961541919999988, 35.734803
8.86972875, 9.014422, 9.194086500000001, 9.4355526, 9.932986, 11.89458366, 37.448702
8.86416, 9.005045, 9.179358, 9.4571399, 9.97230775, 11.961399699999992, 35.487972
8.863342, 9.000519, 9.17272625, 9.4448559, 9.981538399999998, 11.895030269999996, 29.227148
8.8586605, 8.995831, 9.17153525, 9.4486272, 9.985900799999998, 11.932546299999998, 37.448702
8.8717335, 9.01065, 9.191821, 9.4658409, 10.023848699999999, 11.809925, 37.448702
8.8691, 8.9991345, 9.178972, 9.438716, 9.851144799999998, 11.9993765, 35.487972
8.86570575, 9.001104999999999, 9.186289, 9.4615561, 10.005566199999997, 11.851628, 37.448702
8.86906175, 9.005268000000001, 9.18352125, 9.4622059, 10.003491, 11.903319539999996, 35.734803
8.85957825, 9.003350000000001, 9.189074, 9.447479399999999, 10.097408199999999, 11.913367709999996, 37.448702
8.85550925, 8.990005, 9.16826075, 9.430895, 9.972008949999994, 11.875261439999996, 33.51644
8.8629575, 8.9906205, 9.164548499999999, 9.440509200000001, 9.970956, 11.932734399999998, 35.734803
8.7763095, 9.045959, 10.199632, 11.59288, 12.343527650000002, 14.873968020000007, 26.889073
8.7817005, 9.049769, 10.240397, 11.609365, 12.398554850000004, 14.721664, 19.563106
8.7927305, 9.071872500000001, 10.19016225, 11.617329, 12.30909435, 14.815179, 19.563106
8.783182, 9.058028, 10.253915, 11.6326631, 12.3836549, 14.953882, 19.563106
8.7796965, 9.0504555, 10.21229775, 11.6154512, 12.314233450000001, 14.515105600000005, 19.563106
8.788494, 9.038297, 10.12876625, 11.619468, 12.383450600000002, 14.8228456, 26.889073
8.7835005, 9.024505, 10.1521455, 11.5971292, 12.503486, 14.49091, 19.563106
8.786570999999999, 9.056303, 10.24400925, 11.6499977, 12.473319000000005, 14.822824, 19.563106
8.869183, 8.9922885, 9.166066, 9.4360111, 9.951734, 12.223797329999988, 37.448702
8.870590499999999, 9.014, 9.18945425, 9.4449188, 9.981554899999997, 11.875033, 37.448702
8.8629505, 9.0010005, 9.18196275, 9.44659, 10.067905, 12.34821, 37.448702
8.867136, 9.0007825, 9.166873, 9.412034, 9.873630099999993, 11.932605699999998, 37.448702
8.8643545, 9.004272499999999, 9.187254, 9.4498699, 10.089490549999997, 12.277909739999998, 37.448702
8.868137, 8.997372, 9.17326675, 9.419768399999999, 9.974308199999998, 11.897930429999999, 24.923449
8.872758, 9.010629, 9.176961, 9.4590912, 9.929907999999998, 11.875231139999995, 35.734803
8.867144, 9.0030655, 9.173493749999999, 9.4219672, 9.92715155, 11.932734399999998, 35.330604
8.857702, 8.9982475, 9.173771, 9.4248741, 9.941349199999998, 11.961075, 37.448702
8.866531250000001, 8.9981025, 9.167764, 9.474042, 10.005778099999997, 11.993602939999997, 37.448702
8.8638065, 8.997625500000002, 9.1737875, 9.4316658, 9.850105499999998, 11.875314869999993, 33.51644
8.868067750000002, 9.0008745, 9.174579000000001, 9.433928, 10.019702099999996, 12.05613009999996, 37.448702
8.8674405, 9.008502, 9.19418475, 9.476799, 10.069289499999998, 11.958911829999993, 33.51644
8.881954, 9.0454275, 9.253217249999999, 9.518245, 9.7577796, 14.69174642, 23.303856
8.88833975, 9.0335415, 9.22038925, 9.4938367, 9.692996299999999, 13.554247, 36.893046
8.8799755, 9.043290500000001, 9.23811025, 9.5107546, 9.755951, 13.619718009999998, 52.853195
8.88613275, 9.0337735, 9.228608750000001, 9.5021085, 9.73989055, 15.978913619999998, 32.855096
8.88835225, 9.0389695, 9.225116, 9.478931600000001, 9.692852049999999, 13.556069879999999, 22.552578
8.885773, 9.047911, 9.24208175, 9.5336914, 9.717121, 10.871611529999992, 19.587514
8.88732975, 9.034223, 9.2199, 9.471728899999999, 9.6639891, 13.61904774, 19.645042
8.89071475, 9.046191499999999, 9.249878, 9.5380435, 9.739920549999999, 13.489677659999996, 52.853195
8.87573675, 9.029625, 9.227974, 9.4708944, 9.7573991, 15.263228, 23.303856
8.876652, 9.0347325, 9.21887725, 9.488779, 9.782297250000001, 15.266299859999997, 23.303856
8.878134750000001, 9.035802499999999, 9.236211999999998, 9.5380124, 9.835288149999998, 15.874808489999998, 23.303856
8.8817635, 9.038971, 9.222484999999999, 9.5121917, 9.740772199999999, 14.670271, 52.853195
8.8835955, 9.0386015, 9.2368835, 9.4761603, 9.6808719, 11.11953091, 19.656824
8.887847, 9.0324925, 9.244869999999999, 9.526314600000001, 9.73476515, 14.007108829999995, 19.892145
8.874054749999999, 9.032758000000001, 9.231006, 9.495196199999999, 9.713557699999999, 14.405151759999988, 19.892145
8.88164025, 9.041268500000001, 9.23468525, 9.506516300000001, 9.7347705, 16.37851031, 52.853195
8.90305725, 9.056310499999999, 9.257583499999999, 9.5476679, 9.80085855, 17.07583856, 20.217992
8.891397000000001, 9.0560865, 9.254706, 9.551779400000001, 9.796408900000001, 13.727953, 36.893046
8.877211, 9.0441255, 9.23112475, 9.491869300000001, 9.68827715, 13.61904774, 32.855096
8.898370499999999, 9.0498655, 9.2440485, 9.5269986, 9.7651917, 14.451942559999997, 24.370709
8.8849515, 9.0397935, 9.2478115, 9.523033, 9.7951645, 16.79299961, 52.853195
8.89076, 9.048055999999999, 9.23273875, 9.476549, 9.6929707, 11.752293209999985, 36.893046
8.88226075, 9.0397625, 9.22558, 9.465224000000001, 9.6942627, 14.196959149999998, 32.855096
0, 0, 0, 0, 0, 0, 0
0, 0, 0, 0, 0, 0, 0
0, 0, 0, 0, 0, 0, 0
0, 0, 0, 0, 0, 0, 0
0, 0, 0, 0, 0, 0, 0
0, 0, 0, 0, 0, 0, 0
0, 0, 0, 0, 0, 0, 0
0, 0, 0, 0, 0, 0, 0
0, 0, 0, 0, 0, 0, 0
0, 0, 0, 0, 0, 0, 0
0, 0, 0, 0, 0, 0, 0
0, 0, 0, 0, 0, 0, 0
0, 0, 0, 0, 0, 0, 0
0, 0, 0, 0, 0, 0, 0
0, 0, 0, 0, 0, 0, 0
0, 0, 0, 0, 0, 0, 0
0, 0, 0, 0, 0, 0, 0
0, 0, 0, 0, 0, 0, 0
0, 0, 0, 0, 0, 0, 0
0, 0, 0, 0, 0, 0, 0
0, 0, 0, 0, 0, 0, 0
0, 0, 0, 0, 0, 0, 0
0, 0, 0, 0, 0, 0, 0
0, 0, 0, 0, 0, 0, 0
0, 0, 0, 0, 0, 0, 0
0, 0, 0, 0, 0, 0, 0
0, 0, 0, 0, 0, 0, 0
0, 0, 0, 0, 0, 0, 0
0, 0, 0, 0, 0, 0, 0
0, 0, 0, 0, 0, 0, 0
0, 0, 0, 0, 0, 0, 0
0, 0, 0, 0, 0, 0, 0
0, 0, 0, 0, 0, 0, 0
0, 0, 0, 0, 0, 0, 0
0, 0, 0, 0, 0, 0, 0
0, 0, 0, 0, 0, 0, 0
0, 0, 0, 0, 0, 0, 0
0, 0, 0, 0, 0, 0, 0
0, 0, 0, 0, 0, 0, 0
0, 0, 0, 0, 0, 0, 0
0, 0, 0, 0, 0, 0, 0
0, 0, 0, 0, 0, 0, 0
0, 0, 0, 0, 0, 0, 0
0, 0, 0, 0, 0, 0, 0
0, 0, 0, 0, 0, 0, 0
0, 0, 0, 0, 0, 0, 0
0, 0, 0, 0, 0, 0, 0
0, 0, 0, 0, 0, 0, 0
0, 0, 0, 0, 0, 0, 0
0, 0, 0, 0, 0, 0, 0
0, 0, 0, 0, 0, 0, 0
0, 0, 0, 0, 0, 0, 0
0, 0, 0, 0, 0, 0, 0
0, 0, 0, 0, 0, 0, 0
0, 0, 0, 0, 0, 0, 0
0, 0, 0, 0, 0, 0, 0
0, 0, 0, 0, 0, 0, 0
8.889188, 9.04041, 9.24971875, 9.4694178, 9.723697450000001, 16.18153611, 24.370709
8.8790045, 9.038864, 9.24233575, 9.540023, 9.76401005, 13.61904774, 21.371576
8.879805, 9.028284, 9.255331250000001, 9.5355383, 9.728802550000001, 11.44299568, 19.645042
8.882542, 9.037285, 9.237401, 9.509855700000001, 9.71153165, 11.021455490000001, 19.587514
8.884818, 9.030287, 9.2377355, 9.5203138, 9.8134292, 15.269321199999995, 36.893046
8.890818, 9.038531500000001, 9.23092975, 9.5192975, 9.78236335, 14.697063829999994, 52.853195
8.88310375, 9.04194, 9.22459125, 9.5231601, 9.757553, 14.195220159999998, 32.855096
8.900465, 9.055511, 9.247177, 9.5011993, 9.717907499999999, 11.68165, 21.371576
8.87997875, 9.034100500000001, 9.235672749999999, 9.5169234, 9.767430599999999, 16.113473509999995, 21.371576
8.884481, 9.032684499999998, 9.231646, 9.5059872, 9.72498085, 13.806577739999996, 32.855096
8.8926155, 9.056526, 9.2563835, 9.5366084, 9.8583374, 17.06505808, 36.893046
8.89055, 9.0424215, 9.238315, 9.522814, 9.771888350000001, 16.110048579999997, 24.370709
8.8799145, 9.0283865, 9.2258345, 9.4771001, 9.7646665, 14.670271, 19.502914
8.887669500000001, 9.0480145, 9.232870499999999, 9.4920902, 9.7303684, 11.021455490000001, 21.371576
8.885513, 9.037536, 9.227126499999999, 9.4852507, 9.692080599999999, 13.554247, 36.893046
8.8848665, 9.036480000000001, 9.24259225, 9.5248243, 9.77246575, 16.05114234, 23.303856
8.8911365, 9.048953000000001, 9.2433925, 9.5470038, 9.82943715, 16.253665899999998, 32.855096
8.885013, 9.0313975, 9.22028575, 9.4902693, 9.7016465, 14.198692259999996, 19.645042
8.88721325, 9.0422805, 9.2314235, 9.5098108, 9.72332145, 11.914393, 36.893046
8.87801275, 9.022425, 9.21049825, 9.4891054, 9.71694715, 13.917143909999998, 19.656824
8.8937385, 9.0385005, 9.2328265, 9.474462, 9.740800649999999, 10.60655684, 36.893046
8.89002425, 9.049784500000001, 9.23622175, 9.532028799999999, 9.800376649999999, 14.739876269999993, 36.893046
8.88733125, 9.037386, 9.2408445, 9.5501921, 9.7669763, 16.40399921, 21.371576
8.89046925, 9.044185500000001, 9.230738, 9.503468, 9.73821425, 14.701654779999991, 52.853195
8.87854525, 9.037563500000001, 9.233142, 9.5182575, 9.8179181, 16.25468784, 21.371576
8.888076250000001, 9.0408095, 9.233001, 9.5021164, 9.74440445, 13.618961919999998, 21.371576
8.88539475, 9.050723, 9.23562425, 9.5091039, 9.7143503, 16.66017214, 52.853195
8.882273, 9.036181500000001, 9.243425, 9.5166381, 9.76741315, 14.739876269999993, 36.893046
8.895343500000001, 9.042524499999999, 9.243125249999999, 9.5109476, 9.7951294, 16.109242169999998, 32.855096
8.877614, 9.030287, 9.22416075, 9.495568, 9.7106051, 13.745872359999991, 52.853195
8.89784525, 9.055063, 9.2520915, 9.534338600000002, 9.7685258, 14.907164919999992, 21.371576
8.88154725, 9.033358499999999, 9.2291805, 9.4746679, 9.7027205, 11.374306019999999, 24.370709
8.87577675, 9.0352255, 9.232339, 9.5102287, 9.71366585, 11.738098139999998, 19.645042
8.889731, 9.0454055, 9.2600285, 9.5231601, 9.71419785, 14.434625099999996, 36.893046
8.896269, 9.040709, 9.25482, 9.5434495, 9.77246575, 16.030358099999997, 19.656824
8.885138249999999, 9.0397935, 9.23775925, 9.4950941, 9.69285755, 11.058452419999998, 52.853195
8.88703775, 9.0505725, 9.246879499999999, 9.5466088, 9.774137, 14.67048174, 19.656824
8.87462075, 9.027899999999999, 9.22268925, 9.4992931, 9.70068755, 10.89887151, 52.853195
8.881794, 9.0368005, 9.23802825, 9.529679400000001, 9.787652, 16.109982679999998, 20.217992
8.8909175, 9.0548275, 9.257613, 9.530821, 9.779460899999998, 15.725401299999996, 23.303856
8.888282, 9.0458745, 9.246532250000001, 9.5274514, 9.7668639, 16.25509691, 36.893046
8.877614, 9.043477, 9.243007, 9.526223100000001, 9.7290536, 11.984687639999988, 52.853195
8.880658, 9.029164, 9.21353225, 9.4746292, 9.708477, 13.17148976999999, 32.855096
8.88888375, 9.0398505, 9.235369, 9.520845699999999, 9.833694999999999, 16.05124169, 24.370709
8.8801805, 9.0324585, 9.22899975, 9.4812291, 9.687437950000001, 12.012150029999985, 20.217992
8.88782725, 9.033676, 9.23271625, 9.511583, 9.792107499999998, 14.434625099999996, 22.552578
8.877399749999999, 9.0330145, 9.222157750000001, 9.503821100000001, 9.7416653, 14.73195576, 52.853195
8.897006000000001, 9.045646, 9.23228675, 9.4937368, 9.728642200000001, 14.454881349999996, 32.855096
8.88809075, 9.0510765, 9.243009, 9.563115, 9.810944999999998, 16.7075575, 36.893046
8.895388, 9.045951, 9.23738425, 9.5070966, 9.6998753, 14.463115269999989, 36.893046
8.89048825, 9.0498335, 9.253791, 9.522814, 9.767430599999999, 15.724868639999997, 32.855096
8.889154750000001, 9.0518525, 9.25366425, 9.556496300000001, 9.812892, 15.270364589999993, 36.893046
8.880616, 9.044333, 9.24303825, 9.517703299999999, 9.813962599999998, 16.26121194, 52.853195
8.8809315, 9.049537, 9.25192, 9.517035, 9.739920549999999, 11.255858, 19.587514
8.88556625, 9.0392405, 9.2407925, 9.512044000000003, 9.809449, 16.39775888, 24.370709
8.880448, 9.035101000000001, 9.230932750000001, 9.505611, 9.70839665, 11.827313539999986, 52.853195
8.889219, 9.055761, 9.249138250000001, 9.5072243, 9.791958, 14.454881349999996, 52.853195
8.8823185, 9.05211, 9.25068, 9.5506433, 9.81341185, 16.03043855, 52.853195
8.877184, 9.0282295, 9.232466500000001, 9.497408100000001, 9.682333, 13.166617019999995, 19.645042
8.876935249999999, 9.0379925, 9.238356249999999, 9.485979000000002, 9.7444467, 15.876358519999997, 52.853195
8.87549775, 9.0285835, 9.233219, 9.5203138, 9.79201135, 13.736535, 23.303856
8.886501500000001, 9.042399, 9.24725525, 9.5001981, 9.7114687, 11.02207091, 24.370709
8.885802, 9.0536785, 9.242416500000001, 9.4841042, 9.72399615, 11.984687639999988, 19.502914
8.88967225, 9.037084, 9.24049125, 9.503744000000001, 9.81393625, 16.21730481, 52.853195
8.896047, 9.058614, 9.2705555, 9.540023, 9.77955705, 16.05074345, 36.893046
8.88185775, 9.0476975, 9.2574095, 9.547535, 9.744832599999999, 16.030358099999997, 19.645042
8.886881, 9.046056, 9.24991675, 9.5533031, 9.73989055, 16.18153611, 52.853195
8.880942, 9.0415715, 9.237870000000001, 9.4846491, 9.7403794, 14.697063829999994, 52.853195
8.878367, 9.034223, 9.22090275, 9.4775887, 9.712771, 11.202804379999995, 21.371576
8.87475375, 9.0393945, 9.230932750000001, 9.502198000000002, 9.66955665, 11.91497702, 19.892145
8.90085775, 9.048872, 9.25325275, 9.5540091, 9.8264215, 15.722323, 21.371576
8.886614999999999, 9.04328, 9.237199, 9.5106072, 9.7403794, 14.195412589999998, 24.370709
8.905366, 9.049497, 9.2423575, 9.535433300000001, 9.85156205, 14.007761019999993, 21.371576
8.88438675, 9.039547, 9.23623275, 9.4937864, 9.6984333, 11.814675749999997, 17.65558
8.878418, 9.0390485, 9.235971, 9.5322063, 9.7789139, 16.110048579999997, 36.893046
8.8909125, 9.0416565, 9.24934025, 9.5017268, 9.710388400000001, 16.09869635, 52.853195
8.899068, 9.027775, 9.225102, 9.5247151, 9.79979945, 16.401643539999995, 52.853195
8.88326575, 9.0272895, 9.23088325, 9.4914509, 9.73065615, 11.989245659999984, 36.893046
8.89980575, 9.056174500000001, 9.24822575, 9.533597799999999, 9.7992855, 15.981151039999995, 20.217992
8.89132925, 9.0506835, 9.253862999999999, 9.543772, 9.8107008, 14.393979049999999, 21.371576
8.87910525, 9.037017, 9.250044, 9.533878, 9.74057785, 14.902573969999995, 52.853195
8.88974225, 9.0389165, 9.24291175, 9.5520055, 9.806857, 14.617726959999988, 36.893046
8.89279175, 9.038917999999999, 9.24785125, 9.5336914, 9.813535649999999, 17.31621623, 36.893046
8.878197, 9.0454545, 9.236571, 9.4969557, 9.734935799999999, 16.05124169, 19.072953
8.878587, 9.0427685, 9.23569, 9.4722993, 9.7579987, 16.257652429999997, 24.370709
8.87971025, 9.033891, 9.21698925, 9.4764322, 9.717907499999999, 11.058452419999998, 22.552578
8.892532, 9.050842, 9.249489500000001, 9.5292011, 9.73476515, 16.10960347, 19.656824
8.881352, 9.032720000000001, 9.230590750000001, 9.5082372, 9.7089429, 11.450488, 32.855096
8.89200725, 9.0484875, 9.25103575, 9.5172905, 9.7355836, 14.434156339999998, 36.893046
8.887163000000001, 9.043199999999999, 9.248742, 9.505738299999999, 9.7046353, 16.65932164, 52.853195
8.87645225, 9.0454005, 9.2361055, 9.5339688, 9.771584950000001, 16.030358099999997, 32.855096
8.883394, 9.037177, 9.2142075, 9.468971, 9.71789715, 14.91024321999999, 23.303856
8.8823655, 9.038636, 9.230791499999999, 9.495459, 9.660499100000001, 14.69221518, 52.853195
8.878197, 9.033446999999999, 9.238287249999999, 9.5004817, 9.72247215, 15.977419659999999, 36.893046
8.88291425, 9.0456415, 9.226827, 9.4607296, 9.71648085, 11.990346579999983, 23.303856
8.887941, 9.048580999999999, 9.245392500000001, 9.5267664, 9.773925, 14.453206909999997, 19.373624
8.88105375, 9.025391500000001, 9.22371475, 9.5055003, 9.82943715, 11.752554679999985, 36.893046
8.882427, 9.0427275, 9.23089675, 9.4994553, 9.69739305, 10.90964172, 19.373624
8.880177999999999, 9.042981, 9.2334885, 9.5023807, 9.713050899999999, 14.39224006, 23.303856
8.8880835, 9.029203500000001, 9.22684275, 9.5073042, 9.717675, 15.725606399999997, 19.892145
8.8983975, 9.0486585, 9.244869999999999, 9.533595, 9.77604425, 14.451942559999997, 52.853195
8.883815250000001, 9.035782, 9.237145, 9.5232201, 9.7669266, 14.67048174, 32.855096
8.87363075, 9.049675, 9.247715, 9.5403301, 9.81293445, 14.744473659999988, 23.303856
8.894654749999999, 9.033261, 9.23809425, 9.512961700000002, 9.75621015, 13.736535, 22.552578
8.88863625, 9.056383, 9.265367, 9.566021600000001, 9.73877, 10.694427799999996, 24.370709
8.8854015, 9.035616000000001, 9.23975625, 9.5126569, 9.78219935, 13.166617019999995, 19.071708
8.902242000000001, 9.0517255, 9.261939, 9.5336258, 9.7956106, 13.915245, 21.371576
8.899478, 9.033763, 9.2430495, 9.529218, 9.7250068, 16.44976985, 19.656824
8.889426, 9.038864, 9.2207775, 9.491764, 9.74440445, 16.108532, 52.853195
8.88808525, 9.049115, 9.24973075, 9.525504, 9.7719747, 15.263228, 52.853195
8.891922749999999, 9.043093500000001, 9.2288145, 9.4917353, 9.74920055, 13.263961509999996, 52.853195
8.88741, 9.0416565, 9.238393, 9.5292011, 9.899247800000001, 16.791757, 52.853195
8.878407750000001, 9.032032000000001, 9.240039, 9.524617, 9.77230625, 11.814675749999997, 32.855096
8.88862575, 9.0371595, 9.2404215, 9.517978900000001, 9.767334499999999, 14.418908019999996, 36.893046
8.882863, 9.044057500000001, 9.2332425, 9.4777194, 9.6875438, 11.68220693, 36.893046
8.8765585, 9.0347515, 9.22264025, 9.4938885, 9.813529699999998, 16.47595931, 52.853195
8.8749115, 9.028077, 9.22181375, 9.5057779, 9.73563275, 13.809690069999993, 24.370709
8.8790445, 9.0303945, 9.224376, 9.488179, 9.7105219, 14.700135689999993, 19.373624
8.880043, 9.041504, 9.2474895, 9.526689300000001, 9.8026006, 16.05195186, 36.893046
8.87802875, 9.0518525, 9.24282975, 9.5365733, 9.81290615, 15.267818949999995, 52.853195
8.888513, 9.037036, 9.24638675, 9.51066, 9.748175, 10.91040683, 19.645042
8.881456250000001, 9.038826, 9.240434749999999, 9.5181868, 9.7683166, 16.030153, 32.855096
8.8948695, 9.047595000000001, 9.240148, 9.487195100000001, 9.70483795, 15.726185089999996, 52.853195
8.88638975, 9.0501565, 9.263064, 9.540626699999999, 9.821471, 10.863008109999999, 52.853195
8.892614, 9.051822000000001, 9.2499055, 9.5055629, 9.728802550000001, 14.670883159999999, 24.370709
0, 0, 0, 0, 0, 0, 0
0, 0, 0, 0, 0, 0, 0
0, 0, 0, 0, 0, 0, 0
0, 0, 0, 0, 0, 0, 0
0, 0, 0, 0, 0, 0, 0
0, 0, 0, 0, 0, 0, 0
0, 0, 0, 0, 0, 0, 0
0, 0, 0, 0, 0, 0, 0
0, 0, 0, 0, 0, 0, 0
0, 0, 0, 0, 0, 0, 0
0, 0, 0, 0, 0, 0, 0
0, 0, 0, 0, 0, 0, 0
0, 0, 0, 0, 0, 0, 0
0, 0, 0, 0, 0, 0, 0
0, 0, 0, 0, 0, 0, 0
0, 0, 0, 0, 0, 0, 0
0, 0, 0, 0, 0, 0, 0
0, 0, 0, 0, 0, 0, 0
0, 0, 0, 0, 0, 0, 0
0, 0, 0, 0, 0, 0, 0
0, 0, 0, 0, 0, 0, 0
0, 0, 0, 0, 0, 0, 0
0, 0, 0, 0, 0, 0, 0
0, 0, 0, 0, 0, 0, 0
0, 0, 0, 0, 0, 0, 0
0, 0, 0, 0, 0, 0, 0
0, 0, 0, 0, 0, 0, 0
0, 0, 0, 0, 0, 0, 0
0, 0, 0, 0, 0, 0, 0
0, 0, 0, 0, 0, 0, 0
0, 0, 0, 0, 0, 0, 0
0, 0, 0, 0, 0, 0, 0
0, 0, 0, 0, 0, 0, 0
0, 0, 0, 0, 0, 0, 0
0, 0, 0, 0, 0, 0, 0
0, 0, 0, 0, 0, 0, 0
0, 0, 0, 0, 0, 0, 0
0, 0, 0, 0, 0, 0, 0
0, 0, 0, 0, 0, 0, 0
0, 0, 0, 0, 0, 0, 0
0, 0, 0, 0, 0, 0, 0
0, 0, 0, 0, 0, 0, 0
0, 0, 0, 0, 0, 0, 0
0, 0, 0, 0, 0, 0, 0
0, 0, 0, 0, 0, 0, 0
0, 0, 0, 0, 0, 0, 0
0, 0, 0, 0, 0, 0, 0
0, 0, 0, 0, 0, 0, 0
0, 0, 0, 0, 0, 0, 0
0, 0, 0, 0, 0, 0, 0
0, 0, 0, 0, 0, 0, 0
0, 0, 0, 0, 0, 0, 0
0, 0, 0, 0, 0, 0, 0
0, 0, 0, 0, 0, 0, 0
0, 0, 0, 0, 0, 0, 0
0, 0, 0, 0, 0, 0, 0
0, 0, 0, 0, 0, 0, 0
0, 0, 0, 0, 0, 0, 0
0, 0, 0, 0, 0, 0, 0
0, 0, 0, 0, 0, 0, 0
0, 0, 0, 0, 0, 0, 0
0, 0, 0, 0, 0, 0, 0
0, 0, 0, 0, 0, 0, 0
0, 0, 0, 0, 0, 0, 0
0, 0, 0, 0, 0, 0, 0
0, 0, 0, 0, 0, 0, 0
0, 0, 0, 0, 0, 0, 0
0, 0, 0, 0, 0, 0, 0
0, 0, 0, 0, 0, 0, 0
0, 0, 0, 0, 0, 0, 0
0, 0, 0, 0, 0, 0, 0
0, 0, 0, 0, 0, 0, 0
0, 0, 0, 0, 0, 0, 0
0, 0, 0, 0, 0, 0, 0
0, 0, 0, 0, 0, 0, 0
0, 0, 0, 0, 0, 0, 0
0, 0, 0, 0, 0, 0, 0
0, 0, 0, 0, 0, 0, 0
0, 0, 0, 0, 0, 0, 0
0, 0, 0, 0, 0, 0, 0
0, 0, 0, 0, 0, 0, 0
0, 0, 0, 0, 0, 0, 0
0, 0, 0, 0, 0, 0, 0
0, 0, 0, 0, 0, 0, 0
0, 0, 0, 0, 0, 0, 0
0, 0, 0, 0, 0, 0, 0
0, 0, 0, 0, 0, 0, 0
0, 0, 0, 0, 0, 0, 0
0, 0, 0, 0, 0, 0, 0
0, 0, 0, 0, 0, 0, 0
0, 0, 0, 0, 0, 0, 0
0, 0, 0, 0, 0, 0, 0
0, 0, 0, 0, 0, 0, 0
0, 0, 0, 0, 0, 0, 0
0, 0, 0, 0, 0, 0, 0
0, 0, 0, 0, 0, 0, 0
0, 0, 0, 0, 0, 0, 0
0, 0, 0, 0, 0, 0, 0
0, 0, 0, 0, 0, 0, 0
0, 0, 0, 0, 0, 0, 0
0, 0, 0, 0, 0, 0, 0
0, 0, 0, 0, 0, 0, 0
0, 0, 0, 0, 0, 0, 0
0, 0, 0, 0, 0, 0, 0
0, 0, 0, 0, 0, 0, 0
0, 0, 0, 0, 0, 0, 0
0, 0, 0, 0, 0, 0, 0
0, 0, 0, 0, 0, 0, 0
0, 0, 0, 0, 0, 0, 0
0, 0, 0, 0, 0, 0, 0
0, 0, 0, 0, 0, 0, 0
0, 0, 0, 0, 0, 0, 0
0, 0, 0, 0, 0, 0, 0
0, 0, 0, 0, 0, 0, 0
0, 0, 0, 0, 0, 0, 0
0, 0, 0, 0, 0, 0, 0
0, 0, 0, 0, 0, 0, 0
0, 0, 0, 0, 0, 0, 0
0, 0, 0, 0, 0, 0, 0
0, 0, 0, 0, 0, 0, 0
0, 0, 0, 0, 0, 0, 0
0, 0, 0, 0, 0, 0, 0
0, 0, 0, 0, 0, 0, 0
0, 0, 0, 0, 0, 0, 0
0, 0, 0, 0, 0, 0, 0
0, 0, 0, 0, 0, 0, 0
0, 0, 0, 0, 0, 0, 0
0, 0, 0, 0, 0, 0, 0
0, 0, 0, 0, 0, 0, 0
0, 0, 0, 0, 0, 0, 0
0, 0, 0, 0, 0, 0, 0
0, 0, 0, 0, 0, 0, 0
0, 0, 0, 0, 0, 0, 0
0, 0, 0, 0, 0, 0, 0
0, 0, 0, 0, 0, 0, 0
0, 0, 0, 0, 0, 0, 0
0, 0, 0, 0, 0, 0, 0
0, 0, 0, 0, 0, 0, 0
0, 0, 0, 0, 0, 0, 0
0, 0, 0, 0, 0, 0, 0
0, 0, 0, 0, 0, 0, 0
0, 0, 0, 0, 0, 0, 0
0, 0, 0, 0, 0, 0, 0
0, 0, 0, 0, 0, 0, 0
0, 0, 0, 0, 0, 0, 0
0, 0, 0, 0, 0, 0, 0
0, 0, 0, 0, 0, 0, 0
0, 0, 0, 0, 0, 0, 0
0, 0, 0, 0, 0, 0, 0
0, 0, 0, 0, 0, 0, 0
0, 0, 0, 0, 0, 0, 0
0, 0, 0, 0, 0, 0, 0
0, 0, 0, 0, 0, 0, 0
0, 0, 0, 0, 0, 0, 0
0, 0, 0, 0, 0, 0, 0
0, 0, 0, 0, 0, 0, 0
0, 0, 0, 0, 0, 0, 0
0, 0, 0, 0, 0, 0, 0
0, 0, 0, 0, 0, 0, 0
0, 0, 0, 0, 0, 0, 0
0, 0, 0, 0, 0, 0, 0
0, 0, 0, 0, 0, 0, 0
0, 0, 0, 0, 0, 0, 0
0, 0, 0, 0, 0, 0, 0
0, 0, 0, 0, 0, 0, 0
0, 0, 0, 0, 0, 0, 0
0, 0, 0, 0, 0, 0, 0
0, 0, 0, 0, 0, 0, 0
0, 0, 0, 0, 0, 0, 0
0, 0, 0, 0, 0, 0, 0
0, 0, 0, 0, 0, 0, 0
0, 0, 0, 0, 0, 0, 0
0, 0, 0, 0, 0, 0, 0
0, 0, 0, 0, 0, 0, 0
0, 0, 0, 0, 0, 0, 0
0, 0, 0, 0, 0, 0, 0
0, 0, 0, 0, 0, 0, 0
0, 0, 0, 0, 0, 0, 0
0, 0, 0, 0, 0, 0, 0
0, 0, 0, 0, 0, 0, 0
0, 0, 0, 0, 0, 0, 0
0, 0, 0, 0, 0, 0, 0
0, 0, 0, 0, 0, 0, 0
0, 0, 0, 0, 0, 0, 0
0, 0, 0, 0, 0, 0, 0
0, 0, 0, 0, 0, 0, 0
0, 0, 0, 0, 0, 0, 0
0, 0, 0, 0, 0, 0, 0
0, 0, 0, 0, 0, 0, 0
0, 0, 0, 0, 0, 0, 0
0, 0, 0, 0, 0, 0, 0
0, 0, 0, 0, 0, 0, 0
0, 0, 0, 0, 0, 0, 0
0, 0, 0, 0, 0, 0, 0
0, 0, 0, 0, 0, 0, 0
0, 0, 0, 0, 0, 0, 0
0, 0, 0, 0, 0, 0, 0
0, 0, 0, 0, 0, 0, 0
0, 0, 0, 0, 0, 0, 0
0, 0, 0, 0, 0, 0, 0
0, 0, 0, 0, 0, 0, 0
0, 0, 0, 0, 0, 0, 0
0, 0, 0, 0, 0, 0, 0
0, 0, 0, 0, 0, 0, 0
0, 0, 0, 0, 0, 0, 0
0, 0, 0, 0, 0, 0, 0
0, 0, 0, 0, 0, 0, 0
0, 0, 0, 0, 0, 0, 0
0, 0, 0, 0, 0, 0, 0
0, 0, 0, 0, 0, 0, 0
0, 0, 0, 0, 0, 0, 0
0, 0, 0, 0, 0, 0, 0
0, 0, 0, 0, 0, 0, 0
0, 0, 0, 0, 0, 0, 0
0, 0, 0, 0, 0, 0, 0
0, 0, 0, 0, 0, 0, 0
0, 0, 0, 0, 0, 0, 0
0, 0, 0, 0, 0, 0, 0
0, 0, 0, 0, 0, 0, 0
0, 0, 0, 0, 0, 0, 0
0, 0, 0, 0, 0, 0, 0
0, 0, 0, 0, 0, 0, 0
0, 0, 0, 0, 0, 0, 0
0, 0, 0, 0, 0, 0, 0
0, 0, 0, 0, 0, 0, 0
0, 0, 0, 0, 0, 0, 0
0, 0, 0, 0, 0, 0, 0
0, 0, 0, 0, 0, 0, 0
0, 0, 0, 0, 0, 0, 0
0, 0, 0, 0, 0, 0, 0
0, 0, 0, 0, 0, 0, 0
0, 0, 0, 0, 0, 0, 0
0, 0, 0, 0, 0, 0, 0
0, 0, 0, 0, 0, 0, 0
0, 0, 0, 0, 0, 0, 0
0, 0, 0, 0, 0, 0, 0
0, 0, 0, 0, 0, 0, 0
0, 0, 0, 0, 0, 0, 0
0, 0, 0, 0, 0, 0, 0
0, 0, 0, 0, 0, 0, 0
0, 0, 0, 0, 0, 0, 0
0, 0, 0, 0, 0, 0, 0
0, 0, 0, 0, 0, 0, 0
0, 0, 0, 0, 0, 0, 0
0, 0, 0, 0, 0, 0, 0
0, 0, 0, 0, 0, 0, 0
0, 0, 0, 0, 0, 0, 0
0, 0, 0, 0, 0, 0, 0
0, 0, 0, 0, 0, 0, 0
0, 0, 0, 0, 0, 0, 0
0, 0, 0, 0, 0, 0, 0
0, 0, 0, 0, 0, 0, 0
0, 0, 0, 0, 0, 0, 0
0, 0, 0, 0, 0, 0, 0
0, 0, 0, 0, 0, 0, 0
0, 0, 0, 0, 0, 0, 0
0, 0, 0, 0, 0, 0, 0
0, 0, 0, 0, 0, 0, 0
0, 0, 0, 0, 0, 0, 0
0, 0, 0, 0, 0, 0, 0
0, 0, 0, 0, 0, 0, 0
0, 0, 0, 0, 0, 0, 0
0, 0, 0, 0, 0, 0, 0
0, 0, 0, 0, 0, 0, 0
0, 0, 0, 0, 0, 0, 0
0, 0, 0, 0, 0, 0, 0
0, 0, 0, 0, 0, 0, 0
0, 0, 0, 0, 0, 0, 0
0, 0, 0, 0, 0, 0, 0
0, 0, 0, 0, 0, 0, 0
0, 0, 0, 0, 0, 0, 0
0, 0, 0, 0, 0, 0, 0
0, 0, 0, 0, 0, 0, 0
0, 0, 0, 0, 0, 0, 0
0, 0, 0, 0, 0, 0, 0
0, 0, 0, 0, 0, 0, 0
0, 0, 0, 0, 0, 0, 0
0, 0, 0, 0, 0, 0, 0
0, 0, 0, 0, 0, 0, 0
0, 0, 0, 0, 0, 0, 0
0, 0, 0, 0, 0, 0, 0
0, 0, 0, 0, 0, 0, 0
0, 0, 0, 0, 0, 0, 0
0, 0, 0, 0, 0, 0, 0
0, 0, 0, 0, 0, 0, 0
0, 0, 0, 0, 0, 0, 0
0, 0, 0, 0, 0, 0, 0
0, 0, 0, 0, 0, 0, 0
0, 0, 0, 0, 0, 0, 0
0, 0, 0, 0, 0, 0, 0
0, 0, 0, 0, 0, 0, 0
0, 0, 0, 0, 0, 0, 0
0, 0, 0, 0, 0, 0, 0
0, 0, 0, 0, 0, 0, 0
0, 0, 0, 0, 0, 0, 0
0, 0, 0, 0, 0, 0, 0
0, 0, 0, 0, 0, 0, 0
0, 0, 0, 0, 0, 0, 0
0, 0, 0, 0, 0, 0, 0
0, 0, 0, 0, 0, 0, 0
0, 0, 0, 0, 0, 0, 0
0, 0, 0, 0, 0, 0, 0
0, 0, 0, 0, 0, 0, 0
0, 0, 0, 0, 0, 0, 0
0, 0, 0, 0, 0, 0, 0
0, 0, 0, 0, 0, 0, 0
0, 0, 0, 0, 0, 0, 0
0, 0, 0, 0, 0, 0, 0
0, 0, 0, 0, 0, 0, 0
0, 0, 0, 0, 0, 0, 0
0, 0, 0, 0, 0, 0, 0
0, 0, 0, 0, 0, 0, 0
0, 0, 0, 0, 0, 0, 0
0, 0, 0, 0, 0, 0, 0
0, 0, 0, 0, 0, 0, 0
0, 0, 0, 0, 0, 0, 0
0, 0, 0, 0, 0, 0, 0
0, 0, 0, 0, 0, 0, 0
0, 0, 0, 0, 0, 0, 0
0, 0, 0, 0, 0, 0, 0
0, 0, 0, 0, 0, 0, 0
0, 0, 0, 0, 0, 0, 0
0, 0, 0, 0, 0, 0, 0
0, 0, 0, 0, 0, 0, 0
0, 0, 0, 0, 0, 0, 0
0, 0, 0, 0, 0, 0, 0
0, 0, 0, 0, 0, 0, 0
0, 0, 0, 0, 0, 0, 0
0, 0, 0, 0, 0, 0, 0
0, 0, 0, 0, 0, 0, 0
0, 0, 0, 0, 0, 0, 0
0, 0, 0, 0, 0, 0, 0
0, 0, 0, 0, 0, 0, 0
0, 0, 0, 0, 0, 0, 0
0, 0, 0, 0, 0, 0, 0
0, 0, 0, 0, 0, 0, 0
0, 0, 0, 0, 0, 0, 0
0, 0, 0, 0, 0, 0, 0
0, 0, 0, 0, 0, 0, 0
0, 0, 0, 0, 0, 0, 0
0, 0, 0, 0, 0, 0, 0
0, 0, 0, 0, 0, 0, 0
0, 0, 0, 0, 0, 0, 0
0, 0, 0, 0, 0, 0, 0
0, 0, 0, 0, 0, 0, 0
0, 0, 0, 0, 0, 0, 0
0, 0, 0, 0, 0, 0, 0
0, 0, 0, 0, 0, 0, 0
0, 0, 0, 0, 0, 0, 0
0, 0, 0, 0, 0, 0, 0
0, 0, 0, 0, 0, 0, 0
0, 0, 0, 0, 0, 0, 0
0, 0, 0, 0, 0, 0, 0
0, 0, 0, 0, 0, 0, 0
0, 0, 0, 0, 0, 0, 0
0, 0, 0, 0, 0, 0, 0
0, 0, 0, 0, 0, 0, 0
0, 0, 0, 0, 0, 0, 0
0, 0, 0, 0, 0, 0, 0
0, 0, 0, 0, 0, 0, 0
0, 0, 0, 0, 0, 0, 0
0, 0, 0, 0, 0, 0, 0
0, 0, 0, 0, 0, 0, 0
0, 0, 0, 0, 0, 0, 0
0, 0, 0, 0, 0, 0, 0
0, 0, 0, 0, 0, 0, 0
0, 0, 0, 0, 0, 0, 0
0, 0, 0, 0, 0, 0, 0
0, 0, 0, 0, 0, 0, 0
0, 0, 0, 0, 0, 0, 0
0, 0, 0, 0, 0, 0, 0
0, 0, 0, 0, 0, 0, 0
0, 0, 0, 0, 0, 0, 0
0, 0, 0, 0, 0, 0, 0
0, 0, 0, 0, 0, 0, 0
0, 0, 0, 0, 0, 0, 0
0, 0, 0, 0, 0, 0, 0
0, 0, 0, 0, 0, 0, 0
0, 0, 0, 0, 0, 0, 0
0, 0, 0, 0, 0, 0, 0
0, 0, 0, 0, 0, 0, 0
0, 0, 0, 0, 0, 0, 0
0, 0, 0, 0, 0, 0, 0
0, 0, 0, 0, 0, 0, 0
0, 0, 0, 0, 0, 0, 0
0, 0, 0, 0, 0, 0, 0
0, 0, 0, 0, 0, 0, 0
0, 0, 0, 0, 0, 0, 0
0, 0, 0, 0, 0, 0, 0
0, 0, 0, 0, 0, 0, 0
0, 0, 0, 0, 0, 0, 0
0, 0, 0, 0, 0, 0, 0
0, 0, 0, 0, 0, 0, 0
0, 0, 0, 0, 0, 0, 0
0, 0, 0, 0, 0, 0, 0
0, 0, 0, 0, 0, 0, 0
0, 0, 0, 0, 0, 0, 0
0, 0, 0, 0, 0, 0, 0
0, 0, 0, 0, 0, 0, 0
0, 0, 0, 0, 0, 0, 0
0, 0, 0, 0, 0, 0, 0
0, 0, 0, 0, 0, 0, 0
0, 0, 0, 0, 0, 0, 0
0, 0, 0, 0, 0, 0, 0
0, 0, 0, 0, 0, 0, 0
0, 0, 0, 0, 0, 0, 0
0, 0, 0, 0, 0, 0, 0
0, 0, 0, 0, 0, 0, 0
0, 0, 0, 0, 0, 0, 0
0, 0, 0, 0, 0, 0, 0
0, 0, 0, 0, 0, 0, 0
0, 0, 0, 0, 0, 0, 0
0, 0, 0, 0, 0, 0, 0
0, 0, 0, 0, 0, 0, 0
0, 0, 0, 0, 0, 0, 0
0, 0, 0, 0, 0, 0, 0
0, 0, 0, 0, 0, 0, 0
0, 0, 0, 0, 0, 0, 0
0, 0, 0, 0, 0, 0, 0
0, 0, 0, 0, 0, 0, 0
0, 0, 0, 0, 0, 0, 0
0, 0, 0, 0, 0, 0, 0
0, 0, 0, 0, 0, 0, 0
0, 0, 0, 0, 0, 0, 0
0, 0, 0, 0, 0, 0, 0
0, 0, 0, 0, 0, 0, 0
0, 0, 0, 0, 0, 0, 0
0, 0, 0, 0, 0, 0, 0
0, 0, 0, 0, 0, 0, 0
0, 0, 0, 0, 0, 0, 0
0, 0, 0, 0, 0, 0, 0
0, 0, 0, 0, 0, 0, 0
0, 0, 0, 0, 0, 0, 0
0, 0, 0, 0, 0, 0, 0
0, 0, 0, 0, 0, 0, 0
0, 0, 0, 0, 0, 0, 0
0, 0, 0, 0, 0, 0, 0
0, 0, 0, 0, 0, 0, 0
0, 0, 0, 0, 0, 0, 0
0, 0, 0, 0, 0, 0, 0
0, 0, 0, 0, 0, 0, 0
0, 0, 0, 0, 0, 0, 0
0, 0, 0, 0, 0, 0, 0
0, 0, 0, 0, 0, 0, 0
0, 0, 0, 0, 0, 0, 0
0, 0, 0, 0, 0, 0, 0
0, 0, 0, 0, 0, 0, 0
0, 0, 0, 0, 0, 0, 0
0, 0, 0, 0, 0, 0, 0
0, 0, 0, 0, 0, 0, 0
0, 0, 0, 0, 0, 0, 0
0, 0, 0, 0, 0, 0, 0
0, 0, 0, 0, 0, 0, 0
0, 0, 0, 0, 0, 0, 0
0, 0, 0, 0, 0, 0, 0
0, 0, 0, 0, 0, 0, 0
0, 0, 0, 0, 0, 0, 0
0, 0, 0, 0, 0, 0, 0
0, 0, 0, 0, 0, 0, 0
0, 0, 0, 0, 0, 0, 0
0, 0, 0, 0, 0, 0, 0
0, 0, 0, 0, 0, 0, 0
0, 0, 0, 0, 0, 0, 0
0, 0, 0, 0, 0, 0, 0
0, 0, 0, 0, 0, 0, 0
0, 0, 0, 0, 0, 0, 0
0, 0, 0, 0, 0, 0, 0
0, 0, 0, 0, 0, 0, 0
0, 0, 0, 0, 0, 0, 0
0, 0, 0, 0, 0, 0, 0
0, 0, 0, 0, 0, 0, 0
0, 0, 0, 0, 0, 0, 0
0, 0, 0, 0, 0, 0, 0
0, 0, 0, 0, 0, 0, 0
0, 0, 0, 0, 0, 0, 0
0, 0, 0, 0, 0, 0, 0
0, 0, 0, 0, 0, 0, 0
0, 0, 0, 0, 0, 0, 0
0, 0, 0, 0, 0, 0, 0
0, 0, 0, 0, 0, 0, 0
0, 0, 0, 0, 0, 0, 0
0, 0, 0, 0, 0, 0, 0
0, 0, 0, 0, 0, 0, 0
0, 0, 0, 0, 0, 0, 0
0, 0, 0, 0, 0, 0, 0
0, 0, 0, 0, 0, 0, 0
0, 0, 0, 0, 0, 0, 0
0, 0, 0, 0, 0, 0, 0
0, 0, 0, 0, 0, 0, 0
0, 0, 0, 0, 0, 0, 0
0, 0, 0, 0, 0, 0, 0
0, 0, 0, 0, 0, 0, 0
0, 0, 0, 0, 0, 0, 0
0, 0, 0, 0, 0, 0, 0
0, 0, 0, 0, 0, 0, 0
0, 0, 0, 0, 0, 0, 0
0, 0, 0, 0, 0, 0, 0
0, 0, 0, 0, 0, 0, 0
0, 0, 0, 0, 0, 0, 0
0, 0, 0, 0, 0, 0, 0
0, 0, 0, 0, 0, 0, 0
0, 0, 0, 0, 0, 0, 0
0, 0, 0, 0, 0, 0, 0
0, 0, 0, 0, 0, 0, 0
0, 0, 0, 0, 0, 0, 0
0, 0, 0, 0, 0, 0, 0
0, 0, 0, 0, 0, 0, 0
0, 0, 0, 0, 0, 0, 0
0, 0, 0, 0, 0, 0, 0
0, 0, 0, 0, 0, 0, 0
0, 0, 0, 0, 0, 0, 0
0, 0, 0, 0, 0, 0, 0
0, 0, 0, 0, 0, 0, 0
0, 0, 0, 0, 0, 0, 0
0, 0, 0, 0, 0, 0, 0
0, 0, 0, 0, 0, 0, 0
0, 0, 0, 0, 0, 0, 0
0, 0, 0, 0, 0, 0, 0
0, 0, 0, 0, 0, 0, 0
0, 0, 0, 0, 0, 0, 0
0, 0, 0, 0, 0, 0, 0
0, 0, 0, 0, 0, 0, 0
0, 0, 0, 0, 0, 0, 0
0, 0, 0, 0, 0, 0, 0
0, 0, 0, 0, 0, 0, 0
0, 0, 0, 0, 0, 0, 0
0, 0, 0, 0, 0, 0, 0
0, 0, 0, 0, 0, 0, 0
0, 0, 0, 0, 0, 0, 0
0, 0, 0, 0, 0, 0, 0
0, 0, 0, 0, 0, 0, 0
0, 0, 0, 0, 0, 0, 0
0, 0, 0, 0, 0, 0, 0
0, 0, 0, 0, 0, 0, 0
0, 0, 0, 0, 0, 0, 0
0, 0, 0, 0, 0, 0, 0
0, 0, 0, 0, 0, 0, 0
0, 0, 0, 0, 0, 0, 0
0, 0, 0, 0, 0, 0, 0
0, 0, 0, 0, 0, 0, 0
0, 0, 0, 0, 0, 0, 0
0, 0, 0, 0, 0, 0, 0
0, 0, 0, 0, 0, 0, 0
0, 0, 0, 0, 0, 0, 0
0, 0, 0, 0, 0, 0, 0
0, 0, 0, 0, 0, 0, 0
0, 0, 0, 0, 0, 0, 0
0, 0, 0, 0, 0, 0, 0
0, 0, 0, 0, 0, 0, 0
0, 0, 0, 0, 0, 0, 0
0, 0, 0, 0, 0, 0, 0
0, 0, 0, 0, 0, 0, 0
0, 0, 0, 0, 0, 0, 0
0, 0, 0, 0, 0, 0, 0
0, 0, 0, 0, 0, 0, 0
0, 0, 0, 0, 0, 0, 0
0, 0, 0, 0, 0, 0, 0
0, 0, 0, 0, 0, 0, 0
0, 0, 0, 0, 0, 0, 0
0, 0, 0, 0, 0, 0, 0
0, 0, 0, 0, 0, 0, 0
0, 0, 0, 0, 0, 0, 0
0, 0, 0, 0, 0, 0, 0
0, 0, 0, 0, 0, 0, 0
0, 0, 0, 0, 0, 0, 0
0, 0, 0, 0, 0, 0, 0
0, 0, 0, 0, 0, 0, 0
0, 0, 0, 0, 0, 0, 0
0, 0, 0, 0, 0, 0, 0
0, 0, 0, 0, 0, 0, 0
0, 0, 0, 0, 0, 0, 0
0, 0, 0, 0, 0, 0, 0
0, 0, 0, 0, 0, 0, 0
0, 0, 0, 0, 0, 0, 0
0, 0, 0, 0, 0, 0, 0
0, 0, 0, 0, 0, 0, 0
0, 0, 0, 0, 0, 0, 0
0, 0, 0, 0, 0, 0, 0
0, 0, 0, 0, 0, 0, 0
0, 0, 0, 0, 0, 0, 0
0, 0, 0, 0, 0, 0, 0
0, 0, 0, 0, 0, 0, 0
0, 0, 0, 0, 0, 0, 0
0, 0, 0, 0, 0, 0, 0
0, 0, 0, 0, 0, 0, 0
0, 0, 0, 0, 0, 0, 0
0, 0, 0, 0, 0, 0, 0
0, 0, 0, 0, 0, 0, 0
0, 0, 0, 0, 0, 0, 0
0, 0, 0, 0, 0, 0, 0
0, 0, 0, 0, 0, 0, 0
0, 0, 0, 0, 0, 0, 0
0, 0, 0, 0, 0, 0, 0
0, 0, 0, 0, 0, 0, 0
0, 0, 0, 0, 0, 0, 0
0, 0, 0, 0, 0, 0, 0
0, 0, 0, 0, 0, 0, 0
0, 0, 0, 0, 0, 0, 0
0, 0, 0, 0, 0, 0, 0
0, 0, 0, 0, 0, 0, 0
0, 0, 0, 0, 0, 0, 0
0, 0, 0, 0, 0, 0, 0
0, 0, 0, 0, 0, 0, 0
0, 0, 0, 0, 0, 0, 0
0, 0, 0, 0, 0, 0, 0
0, 0, 0, 0, 0, 0, 0
0, 0, 0, 0, 0, 0, 0
0, 0, 0, 0, 0, 0, 0
0, 0, 0, 0, 0, 0, 0
0, 0, 0, 0, 0, 0, 0
0, 0, 0, 0, 0, 0, 0
0, 0, 0, 0, 0, 0, 0
0, 0, 0, 0, 0, 0, 0
0, 0, 0, 0, 0, 0, 0
0, 0, 0, 0, 0, 0, 0
0, 0, 0, 0, 0, 0, 0
0, 0, 0, 0, 0, 0, 0
0, 0, 0, 0, 0, 0, 0
0, 0, 0, 0, 0, 0, 0
0, 0, 0, 0, 0, 0, 0
0, 0, 0, 0, 0, 0, 0
0, 0, 0, 0, 0, 0, 0
0, 0, 0, 0, 0, 0, 0
0, 0, 0, 0, 0, 0, 0
0, 0, 0, 0, 0, 0, 0
0, 0, 0, 0, 0, 0, 0
0, 0, 0, 0, 0, 0, 0
0, 0, 0, 0, 0, 0, 0
0, 0, 0, 0, 0, 0, 0
0, 0, 0, 0, 0, 0, 0
0, 0, 0, 0, 0, 0, 0
0, 0, 0, 0, 0, 0, 0
0, 0, 0, 0, 0, 0, 0
0, 0, 0, 0, 0, 0, 0
0, 0, 0, 0, 0, 0, 0
0, 0, 0, 0, 0, 0, 0
0, 0, 0, 0, 0, 0, 0
0, 0, 0, 0, 0, 0, 0
0, 0, 0, 0, 0, 0, 0
0, 0, 0, 0, 0, 0, 0
0, 0, 0, 0, 0, 0, 0
0, 0, 0, 0, 0, 0, 0
0, 0, 0, 0, 0, 0, 0
0, 0, 0, 0, 0, 0, 0
0, 0, 0, 0, 0, 0, 0
0, 0, 0, 0, 0, 0, 0
0, 0, 0, 0, 0, 0, 0
0, 0, 0, 0, 0, 0, 0
0, 0, 0, 0, 0, 0, 0
0, 0, 0, 0, 0, 0, 0
0, 0, 0, 0, 0, 0, 0
0, 0, 0, 0, 0, 0, 0
0, 0, 0, 0, 0, 0, 0
0, 0, 0, 0, 0, 0, 0
0, 0, 0, 0, 0, 0, 0
0, 0, 0, 0, 0, 0, 0
0, 0, 0, 0, 0, 0, 0
0, 0, 0, 0, 0, 0, 0
0, 0, 0, 0, 0, 0, 0
0, 0, 0, 0, 0, 0, 0
0, 0, 0, 0, 0, 0, 0
0, 0, 0, 0, 0, 0, 0
0, 0, 0, 0, 0, 0, 0
0, 0, 0, 0, 0, 0, 0
0, 0, 0, 0, 0, 0, 0
0, 0, 0, 0, 0, 0, 0
0, 0, 0, 0, 0, 0, 0
0, 0, 0, 0, 0, 0, 0
0, 0, 0, 0, 0, 0, 0
0, 0, 0, 0, 0, 0, 0
0, 0, 0, 0, 0, 0, 0
0, 0, 0, 0, 0, 0, 0
0, 0, 0, 0, 0, 0, 0
0, 0, 0, 0, 0, 0, 0
0, 0, 0, 0, 0, 0, 0
0, 0, 0, 0, 0, 0, 0
0, 0, 0, 0, 0, 0, 0
0, 0, 0, 0, 0, 0, 0
0, 0, 0, 0, 0, 0, 0
0, 0, 0, 0, 0, 0, 0
0, 0, 0, 0, 0, 0, 0
0, 0, 0, 0, 0, 0, 0
0, 0, 0, 0, 0, 0, 0
0, 0, 0, 0, 0, 0, 0
0, 0, 0, 0, 0, 0, 0
0, 0, 0, 0, 0, 0, 0
0, 0, 0, 0, 0, 0, 0
0, 0, 0, 0, 0, 0, 0
0, 0, 0, 0, 0, 0, 0
0, 0, 0, 0, 0, 0, 0
0, 0, 0, 0, 0, 0, 0
0, 0, 0, 0, 0, 0, 0
0, 0, 0, 0, 0, 0, 0
0, 0, 0, 0, 0, 0, 0
0, 0, 0, 0, 0, 0, 0
0, 0, 0, 0, 0, 0, 0
0, 0, 0, 0, 0, 0, 0
0, 0, 0, 0, 0, 0, 0
0, 0, 0, 0, 0, 0, 0
0, 0, 0, 0, 0, 0, 0
0, 0, 0, 0, 0, 0, 0
0, 0, 0, 0, 0, 0, 0
0, 0, 0, 0, 0, 0, 0
0, 0, 0, 0, 0, 0, 0
0, 0, 0, 0, 0, 0, 0
0, 0, 0, 0, 0, 0, 0
0, 0, 0, 0, 0, 0, 0
0, 0, 0, 0, 0, 0, 0
0, 0, 0, 0, 0, 0, 0
0, 0, 0, 0, 0, 0, 0
0, 0, 0, 0, 0, 0, 0
0, 0, 0, 0, 0, 0, 0
0, 0, 0, 0, 0, 0, 0
0, 0, 0, 0, 0, 0, 0
0, 0, 0, 0, 0, 0, 0
0, 0, 0, 0, 0, 0, 0
0, 0, 0, 0, 0, 0, 0
0, 0, 0, 0, 0, 0, 0
0, 0, 0, 0, 0, 0, 0
0, 0, 0, 0, 0, 0, 0
8.8785855, 9.033851, 9.22244075, 9.5199911, 9.800049, 16.71505383, 36.893046
8.8896775, 9.049378, 9.25219125, 9.5244543, 9.7992855, 15.978104099999998, 36.893046
8.8882085, 9.049258, 9.24638675, 9.524666999999999, 9.7398583, 14.779568679999999, 24.370709
8.890817, 9.0427785, 9.2374285, 9.5041399, 9.71648685, 14.452594749999998, 20.217992
8.89900625, 9.050314499999999, 9.243125249999999, 9.5178004, 9.741901299999999, 16.109982679999998, 32.855096
8.871364750000001, 9.020455, 9.2224365, 9.4942215, 9.70483795, 11.532225659999998, 52.853195
8.884136, 9.0432375, 9.223897000000001, 9.4811031, 9.710294750000001, 15.979654129999997, 32.855096
8.893990500000001, 9.0498715, 9.260173250000001, 9.565728600000002, 9.8128825, 14.211993949999984, 52.853195
8.8891365, 9.034061, 9.24506075, 9.5635668, 9.8138833, 13.737205269999999, 52.853195
8.88236075, 9.040516499999999, 9.255543750000001, 9.5135588, 9.713557699999999, 15.874409599999998, 52.853195
8.89994, 9.049587, 9.2313795, 9.493502, 9.7008899, 13.620834839999997, 22.552578
8.881664, 9.0477835, 9.2368835, 9.5384827, 9.82521055, 17.2021188, 36.893046
8.883429249999999, 9.038595, 9.243644250000001, 9.511072, 9.7008718, 11.097599, 21.371576
8.897667, 9.047520500000001, 9.23313375, 9.5209476, 9.756738, 12.022099549999975, 52.853195
8.892844, 9.050722, 9.26578675, 9.565340500000001, 9.85460115, 16.713529349999998, 21.371576
8.891938, 9.043781, 9.2559905, 9.518291, 9.8080293, 17.081324549999998, 52.853195
8.889710749999999, 9.038827, 9.229717, 9.529218, 9.7923315, 14.691345, 36.893046
8.890065, 9.045033, 9.258221749999999, 9.544018300000001, 9.8021575, 14.706967549999986, 20.217992
8.8948915, 9.0402495, 9.248, 9.4915322, 9.7560301, 14.005562269999995, 32.855096
8.886895749999999, 9.052167, 9.25362475, 9.4915, 9.7345687, 14.733161439999998, 52.853195
8.87518075, 9.040187, 9.25192, 9.531806900000001, 9.802092349999999, 14.898931, 52.853195
8.883316749999999, 9.039059, 9.2445345, 9.4870307, 9.6923351, 14.450396, 52.853195
8.8770585, 9.035781499999999, 9.235593999999999, 9.4771414, 9.71620235, 11.09785739, 19.213916
8.87924675, 9.030773499999999, 9.2280885, 9.534028600000001, 9.760739599999999, 10.91062463, 23.303856
8.8896775, 9.033135, 9.235730499999999, 9.512927, 9.761436549999999, 15.726185089999996, 24.370709
8.8815585, 9.0385285, 9.24128975, 9.5567846, 9.78633, 11.453356549999997, 19.656824
8.865184249999999, 9.002993, 9.175287999999998, 9.4408633, 9.94641365, 12.008393519999984, 37.448702
8.867294000000001, 9.008261, 9.18515575, 9.4591847, 10.251328949999996, 12.372583369999997, 35.734803
8.789180250000001, 9.04866, 10.186627, 11.6429662, 12.4049616, 14.74159666, 26.889073
8.7973845, 9.054737, 10.26044775, 11.662602, 12.579648200000001, 15.05023268000001, 26.889073
8.78849425, 9.061941, 10.258465, 11.678967, 12.398521750000004, 14.815255450000002, 19.563106
8.789623500000001, 9.053718, 10.286235249999999, 11.6429662, 12.457521400000003, 14.938664710000003, 19.393533
8.781816, 9.063969, 10.23804825, 11.623943100000002, 12.450269650000003, 14.944267120000001, 26.889073
8.7763095, 9.0577405, 10.197856250000001, 11.6609012, 12.518624, 14.902097390000007, 18.865024
8.790539, 9.067699000000001, 10.245774, 11.658155400000002, 12.457521400000003, 14.902097390000007, 26.889073
8.7841415, 9.053889999999999, 10.331318, 11.694177, 12.523809550000001, 15.021853340000016, 26.889073
8.780258, 9.050435499999999, 10.285487999999999, 11.6685741, 12.529539, 14.815277050000002, 19.563106
8.79084675, 9.0643625, 10.21806025, 11.5942205, 12.454557, 14.932686830000002, 18.66297
8.78849425, 9.0567575, 10.299748750000001, 11.745456, 12.44997895, 14.944267120000001, 19.563106
8.77644175, 9.037436, 10.2263785, 11.6387561, 12.383360450000001, 14.74159666, 26.889073
8.785179750000001, 9.052887, 10.21895275, 11.613494, 12.38552675, 14.938775090000005, 19.393533
8.78765875, 9.067306, 10.187168250000001, 11.623949399999999, 12.322318249999999, 14.801454670000005, 19.563106
8.789826999999999, 9.054419, 10.295383, 11.71262, 12.55549, 14.902097390000007, 19.563106
8.792684, 9.077236, 10.280956999999999, 11.722105500000003, 12.5723495, 15.511388, 26.889073
8.789595, 9.056303, 10.1969265, 11.625699, 12.388296, 14.825049510000001, 19.563106
8.78461875, 9.0670325, 10.283174, 11.628587, 12.397371, 14.825752050000018, 26.889073
8.78904, 9.068578500000001, 10.3036445, 11.699161, 12.426591750000002, 14.712709, 19.563106
8.78201175, 9.046639, 10.1833205, 11.6642582, 12.4764949, 15.021127, 19.563106
8.78473325, 9.03104, 10.16298775, 11.693491100000001, 12.444854650000002, 15.027702, 19.563106
8.79343025, 9.0798515, 10.282837, 11.629710000000001, 12.366190600000001, 14.8012448, 26.889073
8.78698775, 9.05001, 10.282496, 11.688052, 12.512041, 14.721813600000004, 26.889073
8.784044999999999, 9.055086, 10.230541, 11.688576000000003, 12.549913400000001, 15.049793, 19.563106
8.79741525, 9.06378, 10.223743, 11.546627, 12.420386, 14.632375930000002, 26.889073
8.784649, 9.054177, 10.218304, 11.643804900000003, 12.4764949, 14.90221281000001, 26.889073
8.794337, 9.059024, 10.282606000000001, 11.674203, 12.525722800000002, 15.279396610000042, 19.563106
8.6468, 9.166265, 10.817596, 12.481727600000005, 14.039873, 17.872178240000004, 38.813544
8.784188, 9.0411185, 10.183236, 11.658251300000002, 12.5336, 15.051692660000041, 18.865024
8.7908735, 9.051170500000001, 10.1994105, 11.6320817, 12.378214100000001, 15.027702, 26.889073
8.7854785, 9.049747, 10.182713, 11.616382400000003, 12.380667, 14.965547820000014, 19.393533
8.7956305, 9.054797, 10.242462, 11.608074400000001, 12.341586, 14.423585600000003, 19.563106
8.784347, 9.044144, 10.229197, 11.6953103, 12.473118600000005, 15.021127, 26.889073
8.651363, 9.166441, 10.84562975, 12.480118200000001, 14.078328, 17.70442273000002, 38.404747
8.649479249999999, 9.1347465, 10.814858, 12.4265521, 13.96309, 17.458465180000005, 38.813544
8.644595500000001, 9.1422875, 10.7723875, 12.3527275, 13.7318, 17.458345, 34.408771
8.64633225, 9.1197145, 10.764399, 12.385145500000002, 14.08060959999999, 18.321207, 38.813544
8.649243250000001, 9.1159785, 10.753123500000001, 12.429121700000001, 13.957298149999998, 17.888381480000007, 34.462112
8.6476805, 9.133789, 10.81642725, 12.411373, 13.93484, 17.47177733000003, 38.813544
8.643058, 9.1267955, 10.7723875, 12.386942800000002, 13.961569599999995, 17.922076720000003, 34.408771
9.110034, 11.180828, 13.946363, 17.304474, 19.820696299999987, 25.269024620000025, 44.22794
10.16261025, 12.7892765, 16.6898515, 21.117449500000003, 23.858596, 30.024528, 40.498626
10.158891, 12.816356, 16.6625635, 21.139870600000002, 23.8564547, 30.292728, 40.498626
10.13384475, 12.786693, 16.6898515, 21.26886, 24.07336, 30.201442, 43.791491
10.123742499999999, 12.743573, 16.5081035, 21.104881000000006, 23.89704, 29.482581590000006, 43.791491
10.158891, 12.7318405, 16.413945000000002, 20.956166800000002, 23.58549099999999, 29.652679130000013, 43.791491
10.103084, 12.770937499999999, 16.769381250000002, 21.292225400000003, 24.049842999999985, 30.29279949, 43.791491
8.789062, 9.058798, 10.242432, 11.660993, 12.451222, 14.814955359999995, 113.1886573121638
8.78703, 9.050942, 10.22052, 11.63261, 12.436289599999999, 14.831956519999933, 26.889073
8.784022, 9.0503055, 10.212492, 11.613494, 12.385116, 14.783205929999971, 19.563106
8.7895155, 9.069317, 10.261095, 11.653518, 12.462983899999998, 15.021127, 26.889073
8.783182, 9.0462065, 10.209485, 11.601283, 12.421048, 14.938567589999991, 26.889073
8.7909, 9.059367, 10.21686, 11.648925900000002, 12.424741, 14.938567589999991, 26.889073
8.726977000000002, 9.073796000000002, 10.52158, 12.019635300000003, 13.122523, 16.499532399999886, 38.813544
8.72807575, 9.06927, 10.501646000000001, 11.964702, 13.02354, 16.576725, 38.813544
8.723019, 9.071950000000001, 10.52870575, 12.041118800000001, 13.252864749999995, 16.829223349999978, 38.813544
8.724767, 9.0858165, 10.51315175, 11.974232200000003, 13.117615, 16.35044, 38.813544
8.72320925, 9.070136999999999, 10.512645, 11.9862213, 13.199865, 16.894274109999984, 38.813544
8.729308, 9.06997, 10.517271, 12.023507500000001, 13.199865, 16.60573268, 38.813544
8.727985, 9.0709455, 10.5198775, 12.019512, 13.16907995, 16.843217, 38.813544
8.722127, 9.0666765, 10.4987135, 11.986630600000002, 13.13855685, 16.498811, 38.813544
8.732346249999999, 9.081155, 10.496184, 12.022425, 13.159804, 16.680769, 38.813544
8.72828025, 9.067684, 10.519223, 11.998687800000006, 13.159804, 16.571005939999992, 38.404747
8.727861, 9.080207, 10.508285, 12.023728, 13.204801799999998, 16.5764478, 38.404747
8.729409, 9.068099, 10.492019, 11.943743000000014, 13.02354, 16.39379692, 38.813544
8.72580975, 9.054412, 10.48423925, 11.908851800000003, 13.05255095, 16.5764478, 38.813544
8.652968, 9.142960500000001, 10.802272, 12.469538, 14.062389, 17.786071, 38.813544
8.646662, 9.1069125, 10.792782, 12.402618, 14.059531149999998, 17.844506, 38.813544
8.650438, 9.140724, 10.8120375, 12.456676200000004, 14.126659, 17.8129, 38.813544
8.647031, 9.142723, 10.830666, 12.426273, 14.021462, 17.786071, 38.813544
8.647156, 9.1278, 10.8120375, 12.431099400000008, 13.94272, 17.699605, 38.813544
8.64398175, 9.096137500000001, 10.779551, 12.361003, 13.974307, 17.629720109999976, 38.813544
8.6459585, 9.123282, 10.78398825, 12.426552100000006, 14.063569, 17.802213, 38.813544
8.647442, 9.137459, 10.792782, 12.419695400000002, 13.983646, 17.703598, 38.813544
8.647674, 9.134619, 10.802425, 12.390644, 13.99554189999999, 17.703645709999993, 38.813544
8.653892, 9.133437, 10.813056, 12.367258, 13.925738, 17.629720109999976, 38.404747
8.6452335, 9.133437, 10.821458, 12.439813, 14.039873, 17.844781119999954, 38.813544
8.647442, 9.128411, 10.755138, 12.420562800000008, 14.009391, 17.538447, 38.813544
8.72641125, 9.0764225, 10.498604499999999, 11.9782349, 13.185148, 16.645092369999944, 38.813544
8.732679, 9.070586, 10.50112925, 11.964702, 13.112201, 16.604807, 38.813544
8.730998, 9.080852, 10.545409, 12.046159, 13.219867, 16.844744, 38.813544
8.73060975, 9.072693999999998, 10.512209, 11.963681500000002, 13.151082, 16.395060179999923, 38.813544
8.72933925, 9.071783, 10.511546, 11.9862213, 13.169048, 16.469666399999827, 38.813544
8.649588, 9.128324, 10.814858, 12.442805, 14.057811, 17.78704024999999, 38.813544
8.642968, 9.124901, 10.788376, 12.430775, 13.96309, 17.611796, 38.813544
8.643056, 9.107288, 10.78166575, 12.389567, 14.013154, 17.802213, 38.813544
8.642763, 9.14261, 10.802748, 12.467011, 14.063569, 17.872018, 38.813544
8.64477, 9.111567, 10.784076, 12.352565, 13.916439, 17.66415111999994, 38.813544
8.646338, 9.135712, 10.833083, 12.420634400000008, 13.964287549999996, 17.629572, 38.813544
8.647031, 9.118738, 10.792518, 12.436074, 14.021462, 17.66415111999994, 38.813544
8.645846, 9.128411, 10.814858, 12.459643, 13.951795, 17.786071, 38.813544
8.646536, 9.142635, 10.830844, 12.442805, 14.062389, 17.8129, 38.813544
8.646909, 9.123282, 10.779551, 12.424355, 13.967338, 17.703598, 38.813544
8.64759125, 9.1286245, 10.7914005, 12.424528800000004, 13.951795, 17.66415111999994, 38.813544
8.64224475, 9.105817, 10.803248, 12.430775, 13.960170649999998, 17.644383, 38.813544
8.647442, 9.1388105, 10.801736, 12.434019, 14.015086, 17.708369, 38.813544
8.646315, 9.130221, 10.801449, 12.426093, 14.062389, 17.709146019999878, 38.813544
8.65008375, 9.142635, 10.826103250000001, 12.474183, 14.039873, 17.844781119999954, 38.813544
8.645846, 9.14294, 10.813056, 12.525240100000012, 14.105016, 17.930662, 38.813544
8.6559285, 9.1455675, 10.832974, 12.394576, 13.911351, 17.61197375999997, 38.813544
8.6473015, 9.118092, 10.79577675, 12.436074, 14.040769899999987, 17.699605, 38.404747
8.6473725, 9.122739, 10.80133275, 12.426273, 13.983646, 17.703598, 38.813544
8.64477, 9.133789, 10.802425, 12.402768, 13.96309, 17.611796, 38.813544
8.7769645, 9.955298500000001, 12.285568, 15.474345, 17.795765, 23.581625, 44.22794
8.774582, 9.950419, 12.289259, 15.535514, 17.90985645, 24.143239039999973, 44.22794
8.785151, 9.975395500000001, 12.297151, 15.463437, 17.758837, 23.68457, 44.22794
8.775586, 9.945921, 12.276249, 15.486467, 17.69964485, 22.943890009999972, 40.625286
8.79322, 9.960868999999999, 12.35512, 15.574491, 17.863467249999996, 23.75765695999995, 44.22794
8.772451, 9.949286, 12.29181325, 15.445820400000006, 17.732042, 23.337256, 44.22794
8.777615, 9.955218, 12.28721825, 15.445974300000005, 17.722196549999996, 23.237086, 44.22794
8.77955, 9.9069495, 12.222669, 15.307927700000006, 17.629572, 23.337256, 44.22794
8.771925, 9.922558, 12.2465835, 15.481558, 17.802213, 23.78864, 44.22794
8.77496975, 9.937136, 12.348931499999999, 15.5427436, 17.847151, 23.386707, 40.625286
8.770030499999999, 9.92144, 12.276682, 15.4738626, 17.810287499999998, 23.56270114999997, 44.22794
8.775737, 9.92144, 12.303235, 15.608507, 17.922403299999996, 23.78864, 44.22794
8.765114, 9.898102, 12.224836, 15.4455761, 17.782938, 23.175004039999937, 44.22794
8.77123175, 9.911563000000001, 12.238209, 15.425077, 17.732296199999997, 23.789130559999922, 44.22794
8.767394, 9.905184, 12.292975, 15.556387, 17.8756064, 23.581625, 40.625286
8.77385825, 9.963676, 12.290937, 15.481594300000001, 17.748616549999994, 23.474159, 44.22794
8.771925, 9.935853, 12.326312249999999, 15.5745003, 17.843497, 23.166745, 44.22794
8.77658675, 9.9141685, 12.2828365, 15.542952000000005, 17.965971, 23.973925, 44.22794
8.781455750000001, 9.952239500000001, 12.35512, 15.471077, 17.709183749999994, 23.186055, 44.22794
8.78867, 9.963837, 12.3443275, 15.544779, 17.810287499999998, 23.337256, 44.22794
8.769758, 9.926991, 12.278433249999999, 15.445974300000005, 17.722196549999996, 23.313008, 44.22794
8.783596, 9.963756499999999, 12.34191, 15.58219, 17.797689, 23.83828265999991, 44.22794
8.781234, 9.933252, 12.32379, 15.547344100000002, 17.9077468, 23.838737089999835, 44.22794
8.771371, 9.901513999999999, 12.250949, 15.4711183, 17.81015, 23.507924, 44.22794
8.77910725, 9.9669285, 12.355044, 15.516032, 17.786071, 22.943890009999972, 44.22794
8.785965000000001, 9.954058, 12.330184, 15.468105, 17.810287499999998, 23.684487830000002, 44.22794
8.76951175, 9.9391585, 12.267887, 15.474898100000011, 17.763728, 23.941805, 44.22794
8.774562, 9.934611499999999, 12.27518, 15.503710300000003, 17.737444849999996, 23.174614, 44.22794
8.78313975, 9.953048500000001, 12.338752, 15.513381, 17.81015, 23.386707, 44.22794
8.77689, 9.9285335, 12.32379, 15.633898, 17.975488, 23.78971721999983, 44.22794
8.7754285, 9.9410725, 12.301738, 15.488115, 17.810287499999998, 23.56251, 44.22794
8.655285, 9.144375, 10.823185, 12.511915, 14.0784085, 17.844506, 38.813544
8.649534, 9.142981, 10.83300125, 12.448787, 13.984007949999995, 17.793979169999986, 38.813544
8.646227, 9.128132, 10.796022, 12.426273, 13.994813, 17.547577, 38.813544
8.647641, 9.139831, 10.799044, 12.423639, 14.062389, 17.786971, 38.813544
8.647641, 9.146237, 10.824965, 12.458397, 14.06189, 17.708369, 38.813544
8.652522, 9.140346000000001, 10.802748, 12.352393, 13.94272, 17.629572, 38.813544
8.646251, 9.136702, 10.792788250000001, 12.423639, 13.983646, 17.78608, 38.813544
8.649533, 9.127385, 10.788584, 12.408338200000008, 14.070717, 17.708369, 38.813544
8.646881, 9.122739, 10.79752375, 12.467011, 14.079938, 17.930662, 38.813544
8.646881, 9.117858, 10.799901, 12.408001, 13.963141849999998, 17.786971, 38.813544
8.646602, 9.139831, 10.823185, 12.469538, 14.057811, 17.786071, 38.813544
8.6468, 9.135331, 10.811768, 12.431099400000008, 13.974307, 17.78704024999999, 38.813544
8.644131, 9.118092, 10.783959, 12.378146, 13.92961735, 17.644383, 38.813544
8.650166, 9.132194, 10.831699, 12.474138, 14.105016, 17.786971, 38.813544
8.64702525, 9.120862500000001, 10.830662, 12.467011, 14.062294, 17.663793, 38.813544
8.6439015, 9.1369675, 10.803367999999999, 12.42623, 13.960170649999998, 17.78704024999999, 38.813544
8.640719, 9.1278, 10.805758, 12.456676200000004, 14.0132506, 17.802213, 38.813544
8.652431, 9.1422875, 10.801449, 12.436356, 14.021462, 17.708369, 38.813544
8.646164, 9.1196155, 10.80250575, 12.394576, 14.057811, 17.802213, 38.813544
8.643581, 9.116567, 10.78426325, 12.431099400000008, 14.059407, 17.699605, 38.813544
8.642829, 9.128132, 10.813056, 12.429641, 13.967338, 17.699605, 38.813544
8.64702525, 9.120355, 10.783066, 12.424355, 14.015086, 17.709146019999878, 38.813544
8.647925, 9.141869, 10.803248, 12.426273, 14.057811, 17.611796, 38.813544
8.647442, 9.14261, 10.817596, 12.45322, 14.059407, 17.708369, 38.813544
8.645662, 9.133437, 10.783959, 12.408338200000008, 14.021462, 17.703598, 38.813544
8.64735, 9.12794, 10.8042355, 12.430775, 14.057811, 17.644383, 38.404747
8.643998, 9.086715, 10.760781, 12.419637, 13.991081399999997, 17.78704024999999, 38.813544
8.642181, 9.126235, 10.797017, 12.448787, 14.0619102, 17.703645709999993, 38.813544
8.647008, 9.1312075, 10.797017, 12.444263, 14.062294, 17.844506, 38.813544
8.723297, 9.0762965, 10.51998425, 11.940439, 13.123586049999993, 16.60924376999999, 38.404747
8.786061, 9.048317, 10.242432, 11.648984400000002, 12.457105, 14.932628, 26.889073
8.786584, 9.066931499999999, 10.2852, 11.673618, 12.457268299999997, 14.94417, 26.889073
8.786413, 9.050942, 10.21853, 11.617604, 12.44381295, 14.932686829999989, 26.889073
8.72874, 9.082138, 10.535099, 11.983886200000002, 13.098055549999987, 16.384364, 38.813544
8.730598, 9.082595000000001, 10.52685975, 12.033137, 13.177002, 16.60481621, 38.813544
8.728517, 9.0733585, 10.5087945, 12.022425, 13.169048, 16.606196, 38.813544
8.730459, 9.070316, 10.508676, 12.006176200000002, 13.155389, 16.393789, 38.813544
8.724567, 9.067466, 10.494544, 12.032652, 13.150815, 16.348581, 38.813544
8.727632499999999, 9.079835, 10.508676, 11.974972000000003, 13.108789, 16.468585, 38.813544
8.730508, 9.0769765, 10.522567, 11.957103, 13.082942, 16.594035109999982, 38.813544
8.731261, 9.075604, 10.540406, 12.041126, 13.238188049999996, 16.645092369999944, 38.813544
8.72726875, 9.089957, 10.522914250000001, 11.972593000000003, 13.123117, 16.576445, 38.813544
8.64355675, 9.1278, 10.799258250000001, 12.42623, 13.990885, 17.699605, 38.813544
8.64423425, 9.117393, 10.794662, 12.4261067, 14.057811, 17.793896, 38.813544
8.647674, 9.120355, 10.801736, 12.418864, 14.0132506, 17.872018, 38.813544
8.7271585, 9.075604, 10.499018, 11.981408800000002, 13.139181, 16.615886, 38.813544
8.731477250000001, 9.088787, 10.53421925, 12.018365700000002, 13.177002, 16.385237379999985, 38.813544
8.727141, 9.081327000000002, 10.50404, 12.006062, 13.135407, 16.60481621, 38.813544
8.728257, 9.07775, 10.522628000000001, 12.008932, 13.1605324, 16.615886, 38.813544
8.731477250000001, 9.095886, 10.542373, 12.022684700000003, 13.135407, 16.60482089, 38.813544
8.72647775, 9.069178, 10.510212, 12.050909200000001, 13.182870449999987, 16.703847219999986, 38.404747
8.72328825, 9.068976, 10.5170365, 12.034735, 13.169759249999998, 16.60481621, 38.813544
8.72694825, 9.073341, 10.530356, 12.007204, 13.11222765, 16.609178, 38.813544
8.723121500000001, 9.066282999999999, 10.530356, 12.033137, 13.221502, 16.843217, 38.813544
8.726232, 9.067734000000002, 10.493479749999999, 12.0074853, 13.177002, 16.605728, 38.404747
8.72719, 9.0744545, 10.526036000000001, 12.0327005, 13.112734, 16.395060179999923, 38.813544
8.72524525, 9.0687465, 10.507699, 11.978234, 13.117615, 16.442499, 38.813544
8.728171, 9.082478, 10.512863, 11.974972000000003, 13.169759249999998, 16.393789, 38.404747
8.73056275, 9.067211, 10.497307, 11.973963, 13.132498, 16.498811, 38.813544
8.7269685, 9.072232, 10.51504375, 11.959306, 13.022908, 16.571005939999992, 38.404747
8.724531, 9.0898075, 10.519223, 11.993566, 13.108556, 16.80240376999997, 38.813544
8.728171, 9.083211, 10.522567, 11.949253900000002, 13.081052, 16.571005939999992, 38.813544
8.723244999999999, 9.067466, 10.50142375, 11.984775, 13.151082, 16.468585, 34.462112
8.72319275, 9.06881, 10.517271, 11.973641, 13.157196249999998, 16.606196, 38.813544
8.72828025, 9.0728635, 10.5087945, 12.007204, 13.209042, 16.894187, 38.813544
8.733454, 9.0847575, 10.520827, 11.96501950000001, 13.063979099999997, 16.319874, 38.813544
8.72423075, 9.080981, 10.551850250000001, 11.984775, 13.096827, 16.385151, 38.813544
8.7285845, 9.0822135, 10.520816, 12.009534, 13.151297349999997, 16.594025899999984, 38.404747
8.733693, 9.089563, 10.555989, 12.044046, 13.272027, 16.932764099999932, 38.813544
8.6518245, 9.122739, 10.7886045, 12.444252, 14.071029949999996, 17.802213, 38.813544
8.642181, 9.110145, 10.77557975, 12.390644, 13.960113, 17.786071, 38.813544
8.649687, 9.123282, 10.779551, 12.396406, 13.95715, 17.793896, 38.813544
8.649588, 9.134162, 10.809144, 12.424528800000004, 13.964127, 17.81321605999995, 38.813544
8.779638, 9.947821000000001, 12.297783, 15.535514, 17.844694, 23.313008, 44.22794
8.777249, 9.930250000000001, 12.245714, 15.494606800000005, 17.79979119999999, 23.757344, 44.22794
8.773694, 9.935476999999999, 12.2699845, 15.436998500000007, 17.758837, 23.544632769999982, 44.22794
8.77666425, 9.938127, 12.268334, 15.533741900000004, 17.850030849999996, 23.544528, 44.22794
8.78030175, 9.941029, 12.34057475, 15.603006400000003, 17.92199, 23.757344, 44.22794
8.769746, 9.866911, 12.197687, 15.351980800000005, 17.681864499999993, 23.186055, 44.22794
8.781041, 9.961648, 12.301781, 15.516446000000009, 17.844816849999997, 23.556299819999793, 44.22794
8.641161, 9.106176999999999, 10.75909275, 12.382462, 13.925738, 17.44314, 38.813544
8.647442, 9.124901, 10.7804265, 12.424355, 13.935113999999995, 17.786971, 38.813544
8.646902, 9.127385, 10.792807, 12.361003, 13.960113, 17.61197375999997, 38.813544
8.647641, 9.101658, 10.7744485, 12.384552, 13.931125, 17.48360792999991, 38.813544
8.649633, 9.140724, 10.814858, 12.429754400000002, 14.059407, 17.66415111999994, 38.813544
8.655849, 9.149584, 10.823185, 12.478032, 13.99554189999999, 17.548219189999898, 38.813544
8.649687, 9.145797, 10.835209, 12.516471, 14.105016, 17.802213, 38.813544
8.645567, 9.1181595, 10.792807, 12.444252, 14.027404, 17.888042, 38.813544
8.6495745, 9.140626000000001, 10.806109500000002, 12.390487, 13.99554189999999, 17.793896, 38.813544
8.647641, 9.111567, 10.7723875, 12.389567, 13.93484, 17.629572, 38.813544
8.647641, 9.116036, 10.799044, 12.430775, 14.063715799999997, 17.699605, 38.813544
8.64713, 9.119646, 10.780169, 12.424355, 14.034355, 17.786071, 38.404747
8.64477, 9.122739, 10.831699, 12.456485, 14.06189, 17.644383, 38.813544
8.647676, 9.128324, 10.803248, 12.423639, 13.967338, 17.8129, 38.813544
8.656474, 9.144944, 10.802425, 12.4532509, 14.070717, 17.872018, 38.813544
8.647674, 9.135627, 10.802272, 12.424528800000004, 14.034355, 18.052882, 38.404747
8.646602, 9.137459, 10.829518, 12.436074, 14.062294, 17.699605, 38.813544
8.646909, 9.135331, 10.801449, 12.424355, 13.961357199999998, 17.786071, 38.813544
8.646682, 9.117321, 10.805758, 12.424528800000004, 14.06189, 17.629572, 38.813544
8.649837, 9.136702, 10.82114, 12.4532509, 14.062613, 17.786971, 38.813544
8.647008, 9.135627, 10.801294, 12.408338200000008, 13.964127, 17.611796, 38.813544
8.6474265, 9.140164, 10.796022, 12.378146, 13.929538, 17.629720109999976, 38.813544
8.653112, 9.136702, 10.819754, 12.436074, 14.09337, 17.888042, 38.813544
8.648585749999999, 9.146333, 10.801294, 12.448787, 14.059407, 17.844506, 38.813544
8.64477, 9.127385, 10.787559, 12.347833, 13.916439, 17.629572, 38.813544
8.649479249999999, 9.144375, 10.840676, 12.4741425, 14.062389, 17.8129, 38.813544
8.645800000000001, 9.128838, 10.79523075, 12.4261067, 14.057811, 17.786071, 38.813544
8.646122, 9.111492, 10.792807, 12.418864, 13.94032, 17.663793, 38.813544
8.647031, 9.124901, 10.796022, 12.426093, 13.951795, 17.793896, 38.813544
8.6473725, 9.124901, 10.82114, 12.439813, 14.009579149999999, 17.699605, 38.813544
8.647641, 9.140724, 10.82114, 12.462111, 14.034630899999996, 17.802213, 38.813544
8.647031, 9.12137, 10.8078255, 12.426232, 13.984007949999995, 17.936827, 38.813544
8.647674, 9.105817, 10.773425, 12.429064, 13.974307, 17.663793, 38.813544
8.651935, 9.134672, 10.811768, 12.423639, 14.021462, 17.786971, 38.813544
8.6460845, 9.119646, 10.792782, 12.447701600000002, 14.117408849999995, 17.936827, 38.813544
8.770030499999999, 9.909723, 12.262701, 15.474898100000011, 17.782938, 23.354685, 44.22794
8.779389, 9.955029, 12.33559225, 15.486548, 17.782938, 23.421402409999978, 44.22794
8.780032, 9.958885, 12.285568, 15.471077, 17.836158, 24.143075, 44.22794
8.779129, 9.937453, 12.27475725, 15.471077, 17.822721, 23.757344, 44.22794
8.773042, 9.945984, 12.342114, 15.574584, 17.847151, 23.56251, 44.22794
8.78294, 9.960827, 12.268538, 15.461200500000006, 17.843497, 23.757344, 44.22794
8.776423750000001, 9.939926, 12.339675499999998, 15.580261900000005, 17.922403299999996, 23.555005, 44.22794
8.783054, 9.964761, 12.36605875, 15.557827000000001, 17.849905699999997, 23.287969, 44.22794
8.771371, 9.934563, 12.277054999999999, 15.484513100000006, 17.763987699999998, 23.544528, 44.22794
8.783934, 9.976942999999999, 12.348415, 15.535514, 17.836158, 23.474159, 44.22794
8.781455750000001, 9.954794, 12.289678499999999, 15.49627, 17.8334752, 23.757344, 44.22794
8.781862, 9.940406, 12.262559, 15.531695, 17.84715475, 23.354685, 44.22794
8.76807975, 9.928506, 12.255675, 15.477485, 17.721836, 22.943716, 44.22794
8.649318, 9.148613, 10.809144, 12.474183, 14.059407, 17.786971, 38.813544
8.6468, 9.1181595, 10.788585, 12.426230200000001, 14.059407, 17.708369, 38.813544
8.649534, 9.137233, 10.803248, 12.356788, 13.951795, 17.786971, 38.813544
8.64423425, 9.1197145, 10.781199, 12.419695400000002, 14.013154, 17.802213, 38.813544
8.650166, 9.1495225, 10.831342, 12.408001, 13.964127, 17.629572, 38.813544
8.643581, 9.137233, 10.83720825, 12.46260100000001, 14.076976, 17.936827, 38.813544
8.648044, 9.133789, 10.817235, 12.492389, 14.105016, 17.802213, 38.813544
8.64911925, 9.134141, 10.795076, 12.413431, 13.974307, 17.703598, 38.813544
8.647674, 9.128132, 10.781199, 12.429064, 14.021462, 17.802213, 38.813544
8.646909, 9.141108, 10.837196, 12.434224500000004, 13.990885, 17.699605, 38.813544
8.649687, 9.142981, 10.829518, 12.448787, 14.015404799999995, 17.703598, 38.813544
8.647031, 9.140626000000001, 10.796270750000001, 12.424355, 14.009579149999999, 17.786071, 38.813544
8.643056, 9.107911, 10.788376, 12.426273, 14.057890799999997, 17.786071, 38.813544
8.646338, 9.1220545, 10.807386, 12.382462, 13.94272, 17.483054, 38.813544
8.647031, 9.137233, 10.8212195, 12.467263700000005, 14.062294, 17.703598, 38.813544
8.646909, 9.135627, 10.843635, 12.478235900000005, 14.0626608, 17.786971, 38.813544
8.647031, 9.127029, 10.783518, 12.420221, 14.062389, 17.786971, 38.813544
8.649318, 9.1263985, 10.819754, 12.439813, 14.0132506, 17.786971, 38.813544
8.6468, 9.125568, 10.78818, 12.384751700000004, 13.960113, 17.69964492999999, 38.813544
8.64713, 9.14294, 10.796022, 12.390644, 13.994813, 17.708369, 38.813544
8.648381749999999, 9.142635, 10.824965, 12.434019, 14.062389, 17.699605, 38.813544
8.647682, 9.14294, 10.802873, 12.434019, 14.015086, 17.663793, 38.813544
8.651493, 9.14294, 10.809144, 12.429064, 13.967338, 17.69964492999999, 38.813544
8.64909, 9.142635, 10.792807, 12.407502, 13.994813, 17.703645709999993, 38.404747
8.648617, 9.135331, 10.837245, 12.467011, 14.009391, 17.708369, 38.813544
8.646682, 9.127029, 10.788663, 12.426273, 13.974773949999992, 17.458465179999983, 38.813544
8.648051, 9.1369675, 10.8355545, 12.439813, 14.062389, 17.644383, 38.813544
8.646164, 9.135712, 10.803248, 12.444252, 13.963141849999998, 17.709146019999878, 38.813544
8.7703885, 9.894658, 12.2468895, 15.448173, 17.844816849999997, 23.213715309999984, 44.22794
8.778754, 9.930250000000001, 12.303485, 15.557827000000001, 17.82070005, 23.83828265999991, 44.22794
8.776845, 9.94769, 12.29846775, 15.4810513, 17.770393349999996, 23.387200879999924, 44.22794
8.773042, 9.926836, 12.304235, 15.493468900000003, 17.822721, 23.55508004999999, 44.22794
8.781392499999999, 9.961005, 12.3332, 15.471077, 17.799394349999996, 23.313008, 44.22794
8.7703885, 9.918105, 12.28102025, 15.471077, 17.802213, 23.56251, 44.22794
8.777691500000001, 9.9459525, 12.242366, 15.4082664, 17.849544, 23.896816429999927, 44.22794
8.77461, 9.916367, 12.28253, 15.458587700000006, 17.849544, 23.544632769999982, 44.22794
8.778055, 9.948125, 12.304235, 15.531935800000005, 17.844506, 23.164666, 40.625286
8.780715, 9.929108, 12.246518, 15.503710300000003, 17.856778, 23.31325047999996, 44.22794
8.78823575, 9.955218, 12.3275875, 15.556255, 17.843497, 23.78864, 44.22794
8.776905, 9.947821000000001, 12.3334865, 15.536901, 17.8334752, 23.386707, 44.22794
8.775553, 9.954105, 12.306214, 15.477485, 17.758837, 23.164686789999998, 44.22794
8.766435, 9.938127, 12.264354, 15.414423700000002, 17.708369, 23.288371659999935, 44.22794
8.776687, 9.934001, 12.245915, 15.422191, 17.732042, 23.436095, 44.22794
8.770769, 9.928781, 12.3275875, 15.550704200000013, 17.84715475, 24.00786825999994, 44.22794
8.781703, 9.933004, 12.30174875, 15.4738626, 17.743503, 23.22348636999998, 44.22794
8.775586, 9.913311, 12.298339, 15.547344100000002, 17.768922, 22.994566, 44.22794
8.776845, 9.94769, 12.268384999999999, 15.445974300000005, 17.703811, 23.23759482999992, 44.22794
8.769416, 9.918964, 12.259859, 15.423977, 17.768982599999998, 23.507924, 44.22794
8.77903525, 9.916367, 12.259859, 15.456271, 17.836158, 23.337430289999972, 40.625286
8.778754, 9.928671000000001, 12.298854, 15.471721900000004, 17.692836, 23.421402409999978, 44.22794
8.78519, 9.960963, 12.3467785, 15.535652700000002, 17.793896, 23.223349, 44.22794
8.768346, 9.929418, 12.257653, 15.456271, 17.737126, 23.213618, 44.22794
8.767563, 9.926991, 12.31698, 15.604531, 17.888042, 23.544528, 44.22794
8.775586, 9.91966, 12.26733875, 15.404851000000008, 17.666456, 23.56251, 44.22794
8.780289, 9.972707, 12.345194, 15.59090990000001, 17.847341899999996, 24.047098, 44.22794
8.778396, 9.957975000000001, 12.316056, 15.582206900000001, 17.859281, 23.896362, 44.22794
8.769859, 9.910525, 12.320116, 15.531935800000005, 17.797559800000002, 23.354685, 44.22794
8.785787, 9.9269135, 12.25788225, 15.503552, 17.793989449999998, 23.507924, 44.22794
9.11579025, 11.20522, 14.092094, 17.443262, 19.89759, 26.226208, 44.22794
9.133521, 11.256453, 14.128668, 17.360077, 19.862456, 26.016247410000222, 44.22794
8.77689, 9.947952, 12.326118999999998, 15.516032, 17.856778, 23.474159, 44.22794
8.77183325, 9.9281415, 12.22511675, 15.354175, 17.558528, 23.166745, 40.625286
8.770279, 9.9154885, 12.30174875, 15.5116672, 17.787317249999997, 23.223349, 44.22794
8.771558, 9.9183855, 12.244735, 15.425077, 17.802213, 23.436095, 44.22794
8.77874, 9.955218, 12.30454275, 15.533545, 17.763728, 23.213715309999984, 44.22794
8.78153, 9.977122, 12.339652749999999, 15.505135, 17.818695, 23.354685, 44.22794
8.772451, 9.927777, 12.266811, 15.516446000000009, 17.708369, 23.213618, 44.22794
8.770747, 9.954794, 12.355993, 15.555674, 17.863091, 23.684487, 44.22794
8.770704, 9.939425, 12.269743, 15.516032, 17.82154205, 23.581625, 44.22794
8.77258, 9.950419, 12.26794, 15.488639800000012, 17.782938, 23.582653619999835, 40.625286
8.768442, 9.939891, 12.317997250000001, 15.542952000000005, 17.849544, 23.544632769999982, 44.22794
8.778055, 9.951248499999998, 12.270709, 15.414329, 17.708776, 23.421254, 44.22794
8.76780775, 9.916019, 12.344494, 15.516032, 17.890345999999997, 23.982799, 44.22794
8.77689, 9.927420000000001, 12.263359000000001, 15.482456600000011, 17.802213, 23.387052469999947, 40.625286
8.790213, 9.975395500000001, 12.334346, 15.501056, 17.82148, 23.313160269999976, 44.22794
8.779902, 9.949286, 12.3275875, 15.535514, 17.802213, 23.35500521999995, 44.22794
8.77069125, 9.915075, 12.2554785, 15.428588300000012, 17.787317249999997, 23.507924, 44.22794
8.792506, 9.962677, 12.352435999999999, 15.6201991, 17.975762649999993, 23.896816429999927, 44.22794
8.783934, 9.967405, 12.317997250000001, 15.542743, 17.8334752, 23.237086, 44.22794
8.777523500000001, 9.892744, 12.2828365, 15.481921, 17.732042, 23.507924, 44.22794
8.773042, 9.948125, 12.297922, 15.487360800000003, 17.732296199999997, 23.328235, 44.22794
8.779348, 9.955526, 12.321901, 15.468958400000005, 17.793896, 23.28821938999996, 44.22794
9.116615, 11.2200875, 14.0071025, 17.327799, 19.706059, 25.78681666000001, 44.22794
9.11060525, 11.239497, 14.059709, 17.38041, 19.87902209999994, 25.791337, 44.22794
9.110852, 11.251128, 14.104582, 17.434288, 19.991815, 26.123703, 44.22794
9.119364, 11.234425, 14.078297, 17.379379500000002, 19.862456, 25.677274, 44.22794
9.113951, 11.240114, 14.060741, 17.318689, 19.89759, 25.465580430000212, 44.22794
9.106745, 11.219885, 13.998535, 17.316615600000002, 19.991815, 25.872219, 44.22794
9.114064, 11.253589, 14.071423, 17.417718, 19.91524, 25.607038, 44.22794
9.115764, 11.227269, 14.038794, 17.379265, 19.975074, 25.78681666000001, 44.22794
9.109645, 11.2076135, 14.059299, 17.434288, 19.892478999999977, 25.792145010000162, 44.22794
9.111456, 11.24558, 14.098249, 17.472874, 20.004899, 25.617047350000124, 44.22794
9.095084, 11.2177285, 13.995511, 17.289473300000004, 19.67375699999999, 25.398104, 44.22794
9.106397999999999, 11.249662, 14.097078999999999, 17.434288, 19.797086, 25.465580430000212, 44.22794
9.10878, 11.204613, 14.071423, 17.460678, 19.892478999999977, 25.791337, 44.22794
9.135904, 11.2644495, 14.078297, 17.454936, 19.966418, 25.907049, 44.22794
9.130316, 11.253589, 14.123352, 17.440367, 19.905001, 25.464532, 44.22794
9.095218, 11.207654, 14.060525, 17.358399400000003, 19.91524, 25.791337, 44.22794
9.115503, 11.227476, 14.08632, 17.454936, 19.972802, 25.398104, 44.22794
8.774514, 9.952405500000001, 12.326118999999998, 15.542743, 17.8129, 23.555005, 44.22794
8.76775, 9.917807, 12.241277, 15.486467, 17.8129, 23.174614, 44.22794
8.784377, 9.95588, 12.3318155, 15.481594300000001, 17.709183749999994, 23.555005, 44.22794
8.643217, 9.117357, 10.794662, 12.382462, 14.013154, 17.793979169999986, 38.813544
8.64713, 9.134672, 10.7942225, 12.4261067, 13.964127, 17.802213, 38.813544
8.72933925, 9.07312, 10.517428, 12.050909200000001, 13.259016, 16.7835, 38.813544
8.731162, 9.0850805, 10.542316, 12.0407452, 13.209190649999998, 16.6211046699999, 38.813544
8.72719, 9.07775, 10.5045875, 11.978234, 13.112988, 16.609178, 38.813544
8.72432125, 9.065998, 10.49144, 11.976188900000004, 13.122523, 16.89456859999994, 38.813544
8.727958, 9.078045, 10.520827, 12.033137, 13.189907099999992, 16.593917, 38.813544
8.72706275, 9.074949, 10.519274, 12.022709200000003, 13.209426949999994, 16.7835, 38.813544
8.728706, 9.087149, 10.56121925, 12.040725, 13.182134599999998, 16.57689691999997, 38.813544
8.73045475, 9.0806515, 10.523425, 12.019512, 13.122915599999999, 16.468585, 38.813544
8.727136, 9.0694905, 10.493119, 11.992895500000001, 13.07563525, 16.384364, 38.813544
8.7285845, 9.082289, 10.524028, 12.022442100000001, 13.159834299999998, 16.604807, 38.813544
8.72537875, 9.0720075, 10.508285, 11.978172, 13.123307449999997, 16.576445, 34.462112
8.729248, 9.077219, 10.496456, 11.964631, 13.077162249999999, 16.703767, 38.404747
8.727994, 9.0791395, 10.521074, 12.011142, 13.104661949999997, 16.39532103999988, 38.404747
8.723262, 9.070507, 10.49756775, 11.993566, 13.169687, 16.606196, 38.813544
8.7269085, 9.0808535, 10.519274, 12.019524, 13.104661949999997, 16.576725, 38.813544
8.72325875, 9.066845, 10.501383, 12.028240500000004, 13.221560499999999, 16.498811, 38.813544
8.726714, 9.077864, 10.549817000000001, 12.0195132, 13.120155, 16.316743619999993, 38.813544
8.72694825, 9.06608, 10.501646000000001, 11.981252, 13.120155, 16.325909, 38.813544
8.648023, 9.128838, 10.809672, 12.429064, 14.015086, 17.793896, 38.404747
8.649633, 9.14261, 10.803248, 12.429641, 14.0626608, 17.8129, 38.813544
8.648617, 9.134162, 10.799044, 12.4741425, 14.040769899999987, 17.709146019999878, 38.813544
8.64791425, 9.1312075, 10.783959, 12.4075519, 14.0132506, 17.703598, 38.813544
8.648617, 9.137459, 10.820243, 12.436074, 14.040769899999987, 17.64457709999997, 38.813544
8.648492, 9.135712, 10.803728, 12.4261067, 14.057890799999997, 17.802213, 38.813544
8.730458, 9.087876000000001, 10.551331, 12.0407452, 13.177002, 16.829082, 38.404747
8.73253, 9.082675, 10.530356, 12.034958700000004, 13.159804, 16.468887259999953, 38.813544
8.73209675, 9.074843000000001, 10.530023, 12.021884300000002, 13.169048, 16.78388185999994, 38.813544
8.73089925, 9.078226, 10.501637, 11.9712142, 13.042322, 16.499590139999874, 38.813544
8.728288, 9.0803435, 10.5314955, 12.006176200000002, 13.157059, 16.37829034999999, 38.813544
8.728171, 9.082836, 10.528557, 11.98282, 13.132752699999996, 17.000976, 38.813544
8.727184000000001, 9.073017, 10.535604500000002, 11.986189, 13.139181, 16.60573268, 38.813544
8.72580975, 9.071783, 10.501546, 11.913408100000002, 13.108556, 16.843217, 38.813544
8.72647775, 9.079826, 10.525939000000001, 12.0746091, 13.280506899999999, 17.057668, 38.813544
8.728453, 9.076722, 10.506886, 11.978457300000006, 13.104457, 16.393789, 38.813544
8.730458, 9.0915345, 10.551759, 12.032652, 13.182346349999996, 16.606225819999995, 38.813544
8.727758249999999, 9.0722735, 10.505768, 11.998687800000006, 13.169759249999998, 16.712506109999886, 38.813544
8.72794275, 9.0717055, 10.519707, 11.998386, 13.155429949999998, 16.468887259999953, 38.813544
8.72807575, 9.082917, 10.520827, 12.007204, 13.112746699999999, 16.78368708999997, 38.813544
8.785015, 9.051170500000001, 10.199595, 11.638756100000004, 12.383635499999999, 14.824984, 26.889073
8.78437, 9.065487, 10.242432, 11.659932, 12.512984799999996, 14.94417, 19.563106
8.782061, 9.053467, 10.214986249999999, 11.654684, 12.502305, 14.902097389999952, 19.563106
8.788515, 9.054177, 10.243421, 11.643211, 12.451388749999998, 14.831535, 26.889073
8.790794, 9.05576, 10.215814, 11.629453, 12.451388749999998, 14.815255449999988, 26.889073
8.78856, 9.063717, 10.21686, 11.668574100000003, 12.469801, 14.873968019999955, 26.889073
8.8340925, 9.018283499999999, 9.382831249999999, 10.893488600000001, 11.768566, 13.59746513999991, 35.487972
8.831698, 9.015266, 9.36414275, 10.894905800000002, 11.768963999999997, 13.85159, 35.734803
8.829834, 9.014857, 9.367601, 10.861953, 11.762899649999998, 13.851700399999983, 35.487972
8.834995, 9.0164075, 9.376835, 10.9057191, 11.840654349999992, 14.061738289999981, 37.448702
8.83438325, 9.01785, 9.378698, 10.923026000000002, 11.840432549999996, 13.920245, 35.734803
8.833276, 9.01244, 9.36509975, 10.858317600000001, 11.757127449999997, 13.780340929999987, 37.448702
8.83404575, 9.018226, 9.37371325, 10.8833929, 11.8258517, 14.042294, 37.448702
8.83478, 9.021923, 9.37159175, 10.878269, 11.761263, 13.780336209999987, 37.448702
8.827842749999999, 9.016708999999999, 9.371606, 10.8909724, 11.804311, 14.042294, 37.448702
8.8336685, 9.018508, 9.371587, 10.8790035, 11.7627885, 13.806771, 37.448702
8.83097375, 9.014857, 9.36442125, 10.8519777, 11.725576, 13.648302629999993, 37.448702
8.827842749999999, 9.015926499999999, 9.37331125, 10.8938325, 11.7673367, 13.787759, 37.448702
8.835123, 9.018316500000001, 9.380721750000001, 10.890214, 11.767272, 13.787287, 37.448702
8.83867475, 9.018456, 9.3760535, 10.90115, 11.845064499999998, 14.351984659999971, 37.448702
8.831891, 9.019999, 9.37526425, 10.882844, 11.7637551, 13.729036939999997, 35.734803
8.83497875, 9.023131, 9.385595, 10.9212347, 11.799938, 13.780336209999987, 35.487972
8.831741, 9.01942, 9.3715875, 10.872134, 11.801553399999994, 13.775426879999992, 35.487972
8.833171, 9.015466, 9.36428275, 10.875123, 11.774039, 13.920466849999965, 35.734803
8.8351155, 9.014009999999999, 9.36686225, 10.8868604, 11.774921, 13.979637, 37.448702
8.83417225, 9.0160075, 9.377624, 10.872134, 11.7740831, 14.040101, 35.487972
8.828682, 9.0081435, 9.345878, 10.8051975, 11.756911, 13.862926119999951, 37.448702
8.83255, 9.016145999999999, 9.36080275, 10.877081, 11.770900849999999, 13.920466849999965, 35.734803
8.835988, 9.0171895, 9.384562, 10.8790035, 11.781980749999999, 13.862926119999951, 35.487972
8.828122, 9.0126655, 9.370226, 10.893938700000001, 11.809028, 13.94243, 37.448702
8.83477625, 9.017799499999999, 9.367641, 10.8652401, 11.80907285, 14.025664819999976, 37.448702
8.830116, 9.014216, 9.35281, 10.848801, 11.757076499999998, 13.74974095999996, 35.734803
8.8351155, 9.018489500000001, 9.377847, 10.933433400000002, 11.815598, 14.05604628999999, 37.448702
8.8357675, 9.0162295, 9.3760535, 10.896614, 11.764251, 13.807358089999905, 33.51644
8.83599025, 9.017187, 9.375283, 10.870688900000001, 11.781980749999999, 14.054369, 35.734803
8.834756, 9.021482, 9.390179, 10.8686405, 11.721634199999997, 13.70786107999998, 35.487972
8.836095, 9.016218, 9.37002575, 10.884665300000002, 11.721657249999996, 13.748665029999966, 35.734803
8.83193775, 9.015759, 9.36724975, 10.850576, 11.7867176, 14.05599, 37.448702
8.828579000000001, 9.016039, 9.376107, 10.8811844, 11.774978, 14.025349, 37.448702
8.831877, 9.017668, 9.38302925, 10.9265184, 11.7944575, 13.862658499999995, 37.448702
8.831620749999999, 9.017196, 9.369055, 10.9080414, 11.81141, 13.788397309999898, 37.448702
8.835092750000001, 9.021415, 9.38148975, 10.8711873, 11.7668939, 13.749687699999967, 35.487972
8.8319805, 9.015114, 9.365498, 10.891991800000001, 11.771622849999998, 13.77010525999999, 37.448702
9.14524625, 11.3156705, 14.09114525, 17.433989, 19.714086, 25.790196369999975, 103.17352318369863
9.108569, 11.2268785, 14.08632, 17.452446, 19.99271, 25.60713201, 44.22794
9.106745, 11.253083, 14.06224275, 17.523028500000006, 19.972802, 25.87356824000003, 44.22794
9.087055000000001, 11.1668475, 14.030796, 17.3588516, 19.753488549999997, 25.185941900000003, 40.625286
9.12527175, 11.1964775, 13.9694845, 17.418904200000004, 19.991815, 25.87364843000003, 44.22794
9.099284, 11.194037, 13.995554499999999, 17.569725900000005, 20.069782, 25.786816660000003, 44.22794
9.125335, 11.284417, 14.098249, 17.537039800000006, 20.029985249999985, 25.792145010000016, 44.22794
9.11904875, 11.2372695, 13.970545, 17.322018300000003, 19.71428855, 25.907049, 40.625286
9.09837925, 11.287448, 14.150613, 17.419076000000004, 19.719891599999972, 25.100455, 44.22794
9.118958, 11.258235, 14.055484, 17.432069700000003, 19.862456, 25.46558043000002, 40.625286
8.651435750000001, 9.142989, 10.835718, 12.456485, 14.063013449999994, 17.92199, 38.404747
8.651435750000001, 9.137193499999999, 10.80133275, 12.492389, 14.134706549999986, 17.70364571, 38.813544
8.64345875, 9.143499, 10.84272825, 12.419637, 13.957298149999998, 17.401612950000004, 38.813544
8.642180250000001, 9.0945045, 10.761857, 12.3465676, 13.911605399999996, 17.630272330000015, 38.813544
8.64470725, 9.105206, 10.7833185, 12.594501100000002, 14.137495, 17.802213, 34.462112
8.64653025, 9.111086499999999, 10.73125425, 12.440256900000001, 14.0132506, 17.547577, 38.813544
8.64327725, 9.086952499999999, 10.801449, 12.4262343, 13.957446999999997, 17.43688716, 38.813544
8.652642, 9.143499, 10.7744485, 12.378146, 13.984204349999992, 17.793979170000004, 38.813544
8.6478305, 9.126984, 10.7833185, 12.4238981, 13.907735299999999, 17.538538300000003, 34.462112
8.649479999999999, 9.14294, 10.794076, 12.474138, 14.095779149999993, 17.699644929999998, 38.404747
8.642314, 9.128838, 10.801449, 12.467011, 13.964127, 18.37132169000002, 38.813544
8.646122, 9.111567, 10.81620025, 12.45322, 13.94272, 17.844506, 38.813544
8.642968, 9.110721, 10.718216, 12.269743, 13.84494765, 17.420547210000006, 38.813544
8.643807, 9.147061, 10.7914005, 12.4297544, 13.92961735, 17.377546190000004, 38.813544
8.64965025, 9.13779, 10.810196000000001, 12.423639, 14.040769899999987, 17.787040250000004, 38.813544
8.64372625, 9.142875499999999, 10.801870000000001, 12.591697, 14.117518349999994, 17.922076720000003, 38.813544
8.645567, 9.1312075, 10.86160225, 12.456485, 14.027751549999996, 17.936827, 38.813544
8.64738, 9.148613, 10.788663, 12.4237106, 13.952062749999996, 17.470363, 38.813544
8.649238, 9.1552045, 10.809276, 12.354404, 13.929538, 17.239323, 38.813544
8.6497995, 9.134672, 10.83674225, 12.4297544, 13.952210899999994, 17.786232420000005, 38.813544
8.65645325, 9.126562, 10.858656250000001, 12.397042200000003, 14.035751949999979, 17.78608, 38.813544
8.651396, 9.147081, 10.869478, 12.589203100000002, 14.133796, 17.548219190000015, 38.813544
8.645088, 9.125568, 10.82046725, 12.551460800000005, 14.095293, 17.793896, 38.404747
8.646164, 9.127385, 10.844306750000001, 12.361482100000002, 13.907735299999999, 17.888381480000007, 38.404747
8.649534, 9.124758499999999, 10.803728, 12.516471, 14.117428549999994, 17.708369, 38.813544
8.64477, 9.1263985, 10.80250575, 12.411373, 13.921681499999998, 17.458465180000005, 38.404747
8.644595500000001, 9.1267505, 10.804587, 12.397027200000004, 14.059531149999998, 17.699605, 38.813544
8.64477, 9.129338, 10.81987625, 12.4262361, 14.093665699999995, 17.93096042000001, 38.813544
8.64315475, 9.1399975, 10.830844, 12.4742065, 14.06189, 17.644383, 38.404747
8.64953375, 9.128838, 10.794662, 12.307435300000007, 13.931310749999996, 17.922076720000003, 38.404747
8.6479985, 9.126939, 10.804587, 12.557284, 14.058014949999997, 17.802213, 38.404747
8.647295, 9.1154935, 10.720701, 12.427281300000004, 13.994813, 17.699644929999998, 38.813544
8.784448999999999, 9.033199, 10.153039750000001, 11.575595100000001, 12.341656799999999, 14.783233730000005, 26.889073
8.783395, 9.049747, 10.2462985, 11.6604863, 12.476371, 14.996234440000006, 19.563106
8.79335675, 9.0640875, 10.24421375, 11.568405400000001, 12.42317635, 14.932686830000002, 19.563106
8.786701749999999, 9.053177, 10.243562, 11.609143100000002, 12.475624700000003, 14.996565700000014, 26.889073
8.780837, 9.046890000000001, 10.18292825, 11.5957005, 12.353515, 14.938511, 26.889073
8.790397250000002, 9.072117, 10.26655675, 11.6548836, 12.4498122, 14.825049510000001, 26.889073
8.789424, 9.072117, 10.271529000000001, 11.662042, 12.50278965, 14.804108820000003, 19.393533
8.79101575, 9.067575, 10.28536275, 11.6610979, 12.490727, 14.953882, 26.889073
8.78165325, 9.043851499999999, 10.24093625, 11.6621804, 12.38552675, 14.747010640000003, 19.563106
8.789521500000001, 9.050433, 10.22964425, 11.619468, 12.420521400000002, 15.027967510000005, 26.889073
8.790949, 9.044412, 10.251733999999999, 11.6635543, 12.4446879, 14.74727015000001, 19.563106
8.786504, 9.066797000000001, 10.278133, 11.71097, 12.5667559, 15.02119275, 26.889073
8.7840775, 9.0530215, 10.22039275, 11.629453, 12.47130655, 14.944267120000001, 18.865024
8.781709249999999, 9.0475285, 10.24267925, 11.6259878, 12.383360450000001, 14.783233730000005, 26.889073
8.79956125, 9.072659, 10.2459785, 11.587161300000005, 12.444323600000002, 14.712798550000002, 19.393533
8.786515, 9.044837, 10.26217675, 11.676290800000002, 12.5546217, 14.815255450000002, 26.889073
8.780967, 9.044512, 10.14278925, 11.553735000000003, 12.31341725, 15.049793, 26.889073
8.779706, 9.064097, 10.237786, 11.6197286, 12.465767100000003, 14.96492, 19.563106
8.786504, 9.052887, 10.23364975, 11.6074468, 12.424741, 14.873968020000007, 26.889073
8.78182575, 9.053467, 10.2213755, 11.609777900000001, 12.3808254, 14.712709, 26.889073
8.797678000000001, 9.046956, 10.21895275, 11.634221000000002, 12.36583435, 14.825752050000018, 19.563106
8.785015, 9.050148, 10.15138125, 11.5928044, 12.384728, 14.803997, 26.889073
8.785696000000002, 9.039289, 10.21173825, 11.663583, 12.529742050000001, 14.944267120000001, 18.677002
8.779686, 9.051341, 10.205375, 11.662098, 12.385116, 14.747689750000017, 19.563106
8.784408, 9.066462, 10.24144875, 11.6726621, 12.436489950000002, 14.825049510000001, 26.889073
8.789610499999998, 9.0705955, 10.26628875, 11.70942, 12.44381295, 14.873968020000007, 26.889073
8.7875765, 9.042297, 10.20281675, 11.623748, 12.343002, 14.94417, 26.889073
8.649633, 9.1537895, 10.77634775, 12.390895900000002, 13.99554189999999, 17.629720110000004, 38.813544
8.647149500000001, 9.146237, 10.8181355, 12.4801973, 14.06191495, 17.70442273000002, 38.813544
8.643484, 9.122326000000001, 10.80165475, 12.4672637, 13.929538, 17.43688716, 38.813544
8.64155275, 9.110721, 10.71730125, 12.3490297, 13.879635049999997, 17.414351279999998, 38.813544
8.653112, 9.1709465, 10.8612985, 12.478235900000001, 14.077891849999986, 17.8129, 38.813544
8.643058, 9.1462885, 10.84198, 12.361468600000002, 14.057811, 17.287988, 38.813544
8.64470725, 9.1180425, 10.821458, 12.382870700000002, 13.908053349999994, 17.922076720000003, 38.813544
8.64345875, 9.127385, 10.829518, 12.414051600000002, 13.991081399999997, 17.483699230000013, 34.462112
8.647676, 9.1267955, 10.73426, 12.301781, 13.940439999999999, 17.483607930000012, 38.813544
8.649588, 9.164226500000002, 10.86710275, 12.598444, 14.079938, 17.80231987, 38.813544
8.645996, 9.14324, 10.831699, 12.402768, 13.964127, 17.872517720000012, 38.813544
8.645154, 9.081572, 10.781199, 12.4741425, 14.160849999999998, 17.930723650000004, 38.404747
8.649318, 9.112293999999999, 10.7602125, 12.4367017, 14.06189, 17.644577100000006, 38.813544
8.64305, 9.1416795, 10.8601225, 12.442805, 13.957355799999997, 18.651415, 38.813544
8.647008, 9.160745, 10.8367545, 12.4481449, 13.922136599999991, 17.79483746000002, 38.813544
8.656440499999999, 9.198461, 10.921576, 12.6169117, 14.20053809999999, 18.59789560000001, 38.813544
8.662525, 9.157962000000001, 10.815183, 12.4801973, 14.0784085, 18.212163610000005, 38.404747
8.648940499999998, 9.126562, 10.732664250000001, 12.3057306, 13.94344149999999, 17.844941360000007, 27.927733
8.65273825, 9.111492, 10.78858425, 12.378577600000002, 13.99554189999999, 17.471043840000014, 38.404747
8.656677, 9.117975000000001, 10.769527, 12.3847517, 14.156522549999993, 17.644383, 38.813544
8.641203, 9.101658, 10.815183, 12.482777, 14.06229875, 17.703598, 27.927733
8.655723, 9.129560000000001, 10.78919575, 12.4445948, 13.961266, 17.663793, 34.462112
8.644195499999999, 9.1328155, 10.852333, 12.4265521, 13.983646, 17.88846820000001, 38.813544
8.6450085, 9.135479, 10.8120375, 12.384552, 13.960113, 17.548219190000015, 38.813544
8.642266, 9.145338, 10.802873, 12.34191, 13.810266, 17.458345, 38.404747
8.789595, 9.058028, 10.242552, 11.6085046, 12.3183342, 14.638949300000021, 19.393533
8.798141, 9.083074, 10.292146, 11.658155400000002, 12.423094, 14.815255450000002, 19.563106
8.78881275, 9.044277999999998, 10.189086, 11.583569200000003, 12.38062, 14.825049510000001, 26.889073
8.792152250000001, 9.068593499999999, 10.21895275, 11.615576500000001, 12.44381295, 14.833179480000036, 19.563106
8.783858, 9.046871, 10.23445225, 11.643211, 12.496987300000002, 14.874276410000013, 18.66297
8.78020925, 9.0317035, 10.154341, 11.5929948, 12.323424800000003, 14.73708800000001, 19.563106
8.78370475, 9.064312, 10.2144035, 11.589791200000002, 12.31892135, 14.712709, 19.393533
8.786029, 9.037571, 10.24141875, 11.6609012, 12.54977015, 15.449580190000002, 26.889073
8.79441225, 9.051482, 10.2099855, 11.640647, 12.3847474, 14.783024, 26.889073
8.78709925, 9.065380000000001, 10.188561, 11.705151800000001, 12.577777750000001, 14.902097390000007, 19.563106
8.64798775, 9.156649, 10.797017, 12.474183, 13.952268549999994, 17.80231987, 38.813544
8.78856, 9.05702, 10.24144875, 11.6260744, 12.344137200000004, 14.8228456, 26.889073
8.7859005, 9.0627345, 10.246912, 11.6867389, 12.470253400000002, 14.94417, 18.66297
8.778646, 9.058963, 10.268445, 11.665080800000002, 12.502305, 14.932686830000002, 26.889073
8.78437, 9.037189999999999, 10.16437, 11.5418, 12.3425289, 14.815277050000002, 19.563106
8.7889365, 9.051636, 10.1998155, 11.636587100000002, 12.3651285, 14.996300190000008, 19.563106
8.78681125, 9.053013, 10.240888, 11.6489844, 12.4632023, 14.996234440000006, 26.889073
8.78186075, 9.039139, 10.199632, 11.640647, 12.335349550000002, 14.632479980000003, 26.889073
8.785038, 9.053923, 10.18435, 11.583639, 12.54977015, 15.054648080000009, 19.393533
8.873973249999999, 9.010936000000001, 9.18737175, 9.4596301, 9.992345, 11.81034202999999, 37.448702
8.863883, 8.9975535, 9.176826, 9.435525, 10.079023899999997, 12.222369769999998, 37.448702
8.8710945, 9.00821, 9.18446625, 9.4341153, 9.969527649999998, 11.903409949999995, 35.734803
8.868397250000001, 9.003628, 9.1840755, 9.466554299999999, 9.969540399999998, 12.257414889999996, 29.227148
8.86881725, 9.00173, 9.173783, 9.4307232, 9.853768349999998, 11.961167169999998, 37.448702
8.855576, 8.997788, 9.17375975, 9.440324, 9.907871, 11.913367709999996, 35.330604
8.869183, 9.0041185, 9.18137275, 9.4449188, 9.8792836, 11.993602939999997, 33.51644
8.87113875, 9.0034055, 9.176826, 9.4605923, 10.019224099999999, 12.049727769999958, 35.487972
8.86913725, 8.999001, 9.173788250000001, 9.4590912, 9.970513649999994, 11.961167169999998, 24.923449
8.78935725, 9.071381500000001, 10.26601475, 11.7218478, 12.525410050000001, 15.464191, 26.889073
8.7823125, 9.049898, 10.2776875, 11.662098, 12.364588, 14.663085, 26.889073
8.789546, 9.046309, 10.202046000000001, 11.6610979, 12.441023300000001, 14.804185270000005, 26.889073
8.789157, 9.040636, 10.16489, 11.642424600000002, 12.385275, 14.832237540000015, 19.563106
8.784552, 9.053310499999998, 10.223743, 11.6686178, 12.4629839, 14.646166890000003, 26.889073
8.783767, 9.046956, 10.230684, 11.629367500000003, 12.4548477, 15.240095440000006, 26.889073
8.777045000000001, 9.054016, 10.29444725, 11.686593, 12.457392500000001, 15.095220980000033, 26.889073
8.792651, 9.079332, 10.30203225, 11.6754744, 12.479442900000002, 14.995983, 18.865024
8.781816, 9.0466035, 10.2580705, 11.705151800000001, 12.479442900000002, 14.83195652000001, 26.889073
8.78166975, 9.050419, 10.217221, 11.606876300000001, 12.366451700000002, 14.663085, 19.393533
8.65008375, 9.116355500000001, 10.763867999999999, 12.3332, 13.840915699999996, 17.437039210000005, 38.404747
8.645567, 9.120355, 10.721452, 12.3543703, 13.931125, 17.538538300000003, 38.813544
8.647031, 9.126632, 10.844311000000001, 12.45322, 14.066715599999997, 17.888042, 27.927733
8.648051, 9.146020499999999, 10.780169, 12.434019, 14.02802744999999, 17.802635930000008, 38.404747
8.653370749999999, 9.1312075, 10.78962675, 12.4429497, 13.94032, 17.793979170000004, 34.408771
8.64228, 9.145086, 10.82188975, 12.437000900000003, 14.013154, 17.709146020000016, 38.813544
8.648492, 9.145086, 10.799901, 12.402768, 13.974773949999992, 17.700631080000022, 38.813544
8.646682, 9.111738, 10.792584, 12.4189413, 14.039873, 17.699644929999998, 27.927733
8.6470995, 9.1269735, 10.7886045, 12.403156300000003, 14.059407, 17.664191050000007, 38.813544
8.641162, 9.123819999999998, 10.783547250000002, 12.412122100000001, 13.884972, 18.211952, 38.813544
8.65249925, 9.1023375, 10.731487999999999, 12.271064100000002, 13.744536299999991, 17.644577100000006, 38.813544
8.65249925, 9.1496, 10.833083, 12.4237106, 13.88336, 17.644935220000015, 38.813544
8.647832, 9.1180425, 10.820978499999999, 12.458521600000001, 13.931310749999996, 17.644383, 38.404747
8.641551250000001, 9.092127999999999, 10.7626905, 12.420221, 14.066505, 17.703598, 38.813544
8.64151125, 9.1196155, 10.77695925, 12.378146, 13.967686449999995, 17.69969264, 34.462112
8.654577, 9.127870000000001, 10.832974, 12.4189413, 13.91014165, 17.239323, 38.813544
8.643614, 9.147789, 10.81620025, 12.463313700000004, 13.991081399999997, 17.872178240000004, 34.462112
8.641401, 9.142900000000001, 10.891384, 12.497233200000002, 14.0784085, 17.888042, 38.813544
8.659683, 9.157954, 10.82476825, 12.413974300000001, 13.885000049999999, 17.644577100000006, 38.813544
8.647676, 9.112293999999999, 10.80035975, 12.413974300000001, 14.106944599999986, 17.787230290000007, 38.813544
8.6424235, 9.117321, 10.7804265, 12.361482100000002, 14.015404799999995, 17.888042, 38.404747
8.652534, 9.1412175, 10.818482, 12.474418, 14.063715799999997, 17.872018, 38.813544
8.644595500000001, 9.1470775, 10.779907, 12.4741425, 14.063715799999997, 18.189378760000007, 38.813544
8.65601625, 9.163084000000001, 10.84207425, 12.462601000000001, 14.137495, 17.793979170000004, 38.813544
8.6497995, 9.164144, 10.8472355, 12.4342527, 14.059531149999998, 17.92199, 38.813544
8.659869749999999, 9.1455675, 10.842357, 12.361482100000002, 14.009579149999999, 17.844506, 38.813544
8.641401, 9.114455, 10.75609125, 12.3388121, 13.964127, 17.664191050000007, 38.813544
8.64768, 9.118227, 10.8072195, 12.347833, 14.114345099999992, 17.88846820000001, 38.813544
8.643319, 9.145141, 10.88549375, 12.539837100000002, 14.160936749999998, 17.96278833000005, 38.813544
8.644069, 9.1096675, 10.8392165, 12.4367017, 14.063013449999994, 17.79467722000002, 38.813544
8.64953375, 9.140626000000001, 10.78962675, 12.426273, 13.866715, 17.663793, 38.813544
8.655849, 9.1649805, 10.91893125, 12.646144, 14.165983199999994, 17.786971, 34.408771
8.649683, 9.118996500000002, 10.806109500000002, 12.480118200000001, 14.06229875, 17.787123420000004, 38.813544
8.639164, 9.0660685, 10.787559, 12.361018, 13.86466364999999, 17.845280840000015, 34.408771
8.651363, 9.1151705, 10.7799725, 12.467011, 14.040769899999987, 17.699605, 38.813544
8.6459585, 9.127207, 10.729018499999999, 12.407502, 13.916690449999997, 18.23399394000002, 38.813544
8.655107999999998, 9.15817, 10.809276, 12.525240100000001, 14.13822059999999, 17.699605, 38.813544
8.642314, 9.09385, 10.733529, 12.3447827, 13.99614544999998, 17.708369, 38.404747
8.646881, 9.1312075, 10.803728, 12.4261067, 13.96309, 17.663793, 38.813544
8.656486750000001, 9.150252, 10.862347, 12.419637, 14.0626608, 17.664151120000007, 38.813544
8.642028, 9.1300015, 10.83300125, 12.512249, 14.099570599999996, 17.844781120000004, 34.462112
8.646251, 9.149584, 10.799258250000001, 12.467011, 13.967686449999995, 17.629914210000006, 38.813544
8.645088, 9.130221, 10.783959, 12.361018, 13.931125, 17.483607930000012, 38.404747
8.6563215, 9.173912999999999, 10.809144, 12.4310994, 14.079938, 17.78608, 38.813544
8.6413515, 9.117589500000001, 10.788376, 12.4075519, 13.994813, 17.88852985000001, 34.462112
8.641401, 9.117064, 10.783959, 12.4538246, 14.079938, 17.43688716, 38.404747
8.650369999999999, 9.1537895, 10.817596, 12.458521600000001, 14.08070574999999, 17.699605, 38.813544
8.6497995, 9.106537, 10.73023, 12.339353, 13.866715, 17.547577, 38.813544
8.655582, 9.1771935, 10.88774, 12.456485, 14.062400199999999, 17.888042, 38.813544
8.646536, 9.111909, 10.8078255, 12.385053500000001, 13.916439, 17.611796, 34.462112
8.6476805, 9.134141, 10.78398825, 12.4075519, 14.015404799999995, 17.414351279999998, 38.404747
8.65146875, 9.160745, 10.7960255, 12.402633, 14.066505, 17.939348100000057, 38.813544
8.653620250000001, 9.156157, 10.8306165, 12.436356, 14.059551349999998, 17.793896, 34.408771
8.65249925, 9.140164, 10.7947655, 12.411578800000001, 13.94272, 17.786971, 34.408771
8.649479999999999, 9.142985, 10.810518, 12.424528800000001, 14.034630899999996, 17.644975150000015, 38.813544
8.649687, 9.122326000000001, 10.842374249999999, 12.444263, 13.961357199999998, 17.611796, 34.462112
8.641578, 9.1017495, 10.745124, 12.4367017, 14.057890799999997, 17.793896, 34.462112
8.648585749999999, 9.117393, 10.7942225, 12.386549, 14.057890799999997, 17.787123420000004, 38.813544
8.648617, 9.118227, 10.82637275, 12.4361022, 14.057890799999997, 17.78608, 34.462112
8.65590825, 9.158868, 10.832821, 12.459643, 14.0626608, 17.888381480000007, 38.404747
8.644162249999999, 9.140164, 10.8818, 12.573097, 14.009579149999999, 17.664151120000007, 34.462112
9.122391749999998, 11.323249, 14.00337025, 17.3578548, 19.966418, 25.386790270000017, 44.22794
9.116303, 11.257548, 14.147813, 17.4126204, 19.99271, 26.460815, 44.22794
9.11437075, 11.236961, 13.974821250000002, 17.2977074, 19.71937149999998, 25.677274, 44.22794
9.09198175, 11.171653, 13.935541, 17.3186179, 19.74334709999999, 25.87213881, 40.625286
9.110151, 11.281358, 14.195702, 17.4550999, 19.91524, 25.259222, 44.22794
9.1468595, 11.322039, 14.1834345, 17.5935792, 19.915841549999993, 26.460815, 40.625286
9.119183, 11.250173, 14.032837, 17.318689, 19.89759, 25.19979824000001, 44.22794
9.13632475, 11.2049135, 14.09442, 17.396310300000007, 19.874239, 25.907049, 44.22794
9.11579025, 11.249629500000001, 14.1411, 17.4914831, 19.99185975, 26.312623880000032, 44.22794
9.1342035, 11.2865505, 14.09977675, 17.547211300000004, 20.08305755, 26.124527060000016, 44.22794
9.082339, 11.16004, 13.99186375, 17.31861, 19.707231749999995, 25.616439, 44.22794
9.130745, 11.207654, 14.05643775, 17.264926, 19.457517049999986, 24.930029860000012, 44.22794
9.1239285, 11.211657, 13.98807975, 17.448593, 19.897960549999997, 25.46558043000002, 44.22794
9.1097205, 11.296549500000001, 14.113253, 17.448781200000003, 19.927697349999995, 25.786816660000003, 44.22794
9.132374, 11.250173, 14.0505775, 17.244675000000004, 19.626560049999988, 25.786816660000003, 44.22794
9.115342, 11.260583, 14.157047, 17.456101600000004, 19.972802, 25.87364843000003, 44.22794
9.116303, 11.224314, 14.1949985, 17.448374, 19.78262984999999, 25.786771, 44.22794
9.114504, 11.2398055, 14.09977675, 17.3209431, 19.742827, 25.908130130000025, 44.22794
9.08180825, 11.0827715, 13.885582, 17.297558, 19.937328999999977, 25.100455, 40.625286
9.115342, 11.287448, 14.13163825, 17.351107, 19.718137, 25.791337, 44.22794
9.106745, 11.215825, 14.104708, 17.4347607, 19.991815, 25.907049, 44.22794
9.11060525, 11.206191, 14.06563125, 17.370590800000006, 19.690333, 25.101169370000015, 44.22794
9.114539749999999, 11.242847000000001, 14.078297, 17.277072500000003, 19.706059, 25.792145820000016, 40.625286
9.11546275, 11.24558, 14.14352775, 17.42958, 19.71428855, 25.607740360000015, 44.22794
9.103995, 11.240114, 14.16753475, 17.4914831, 19.916648, 25.60713201, 44.22794
9.11572525, 11.168989, 14.03706, 17.2378633, 19.654209, 26.491486, 44.22794
9.110034, 11.184095500000002, 14.14986, 17.51469270000001, 19.892478999999994, 25.398104, 44.22794
9.0939195, 11.227476, 13.9694845, 17.144549299999998, 19.473433, 25.172031160000003, 44.22794
9.096357, 11.181069, 13.969830000000002, 17.3517778, 19.78262984999999, 25.100455, 40.625286
9.1157515, 11.2644495, 14.02630075, 17.286132000000002, 19.798222249999984, 25.171892, 44.22794
9.11540925, 11.328714, 14.181481, 17.2995723, 19.706460349999993, 25.616439, 39.815707
9.119161, 11.240114, 13.978060750000001, 17.2614772, 19.966737199999997, 25.678414630000024, 44.22794
9.094884, 11.16496, 14.0071025, 17.418904200000004, 19.99331944999999, 25.267843, 40.625286
9.11540925, 11.321693, 14.0505775, 17.3651018, 19.691119299999986, 25.78762467000002, 44.22794
9.157452000000001, 11.2881515, 14.150613, 17.2443747, 19.57356809999998, 25.87248711000001, 44.22794
9.131255, 11.207549499999999, 14.075138, 17.33012980000001, 19.679366, 25.400193340000044, 40.625286
9.099244, 11.219885, 14.0840075, 17.3517778, 19.675714, 25.786771, 44.22794
9.105487, 11.2213, 14.060741, 17.401735500000004, 19.975074, 25.386790270000017, 44.22794
9.11132025, 11.181112, 13.988172, 17.261533, 19.99271, 26.124728050000023, 40.625286
9.1239285, 11.344909999999999, 14.10695, 17.406959400000005, 19.935798, 26.206109, 40.625286
9.114482, 11.278555, 14.011948, 17.358549, 19.742827, 25.259308210000004, 39.815707
9.114416, 11.26261, 14.076178500000001, 17.291438, 19.646988, 25.786816660000003, 44.22794
9.09683975, 11.2177285, 13.9947985, 17.304255, 19.83876394999998, 26.655765, 44.22794
9.125082, 11.2076135, 14.14282775, 17.588238200000003, 20.069782, 25.677274, 44.22794
8.64511675, 9.142985, 10.8038755, 12.478235900000001, 14.077124099999997, 18.492794, 38.813544
8.783858, 9.048323, 10.18473825, 11.650823400000002, 12.3959, 14.757073, 26.889073
8.87478, 9.03372, 9.223921, 9.4811473, 9.7018897, 13.263205419999997, 24.370709
8.88686, 9.04269, 9.24460275, 9.531195, 9.76816065, 11.533241019999997, 24.370709
8.8914015, 9.039923, 9.246933499999999, 9.490073, 9.73129605, 16.03043855, 32.855096
0, 0, 0, 0, 0, 0, 0
0, 0, 0, 0, 0, 0, 0
0, 0, 0, 0, 0, 0, 0
0, 0, 0, 0, 0, 0, 0
0, 0, 0, 0, 0, 0, 0
0, 0, 0, 0, 0, 0, 0
0, 0, 0, 0, 0, 0, 0
0, 0, 0, 0, 0, 0, 0
0, 0, 0, 0, 0, 0, 0
0, 0, 0, 0, 0, 0, 0
0, 0, 0, 0, 0, 0, 0
0, 0, 0, 0, 0, 0, 0
0, 0, 0, 0, 0, 0, 0
0, 0, 0, 0, 0, 0, 0
0, 0, 0, 0, 0, 0, 0
0, 0, 0, 0, 0, 0, 0
0, 0, 0, 0, 0, 0, 0
0, 0, 0, 0, 0, 0, 0
0, 0, 0, 0, 0, 0, 0
0, 0, 0, 0, 0, 0, 0
0, 0, 0, 0, 0, 0, 0
0, 0, 0, 0, 0, 0, 0
0, 0, 0, 0, 0, 0, 0
0, 0, 0, 0, 0, 0, 0
0, 0, 0, 0, 0, 0, 0
0, 0, 0, 0, 0, 0, 0
0, 0, 0, 0, 0, 0, 0
0, 0, 0, 0, 0, 0, 0
0, 0, 0, 0, 0, 0, 0
0, 0, 0, 0, 0, 0, 0
0, 0, 0, 0, 0, 0, 0
0, 0, 0, 0, 0, 0, 0
0, 0, 0, 0, 0, 0, 0
0, 0, 0, 0, 0, 0, 0
0, 0, 0, 0, 0, 0, 0
0, 0, 0, 0, 0, 0, 0
0, 0, 0, 0, 0, 0, 0
0, 0, 0, 0, 0, 0, 0
0, 0, 0, 0, 0, 0, 0
0, 0, 0, 0, 0, 0, 0
0, 0, 0, 0, 0, 0, 0
0, 0, 0, 0, 0, 0, 0
0, 0, 0, 0, 0, 0, 0
0, 0, 0, 0, 0, 0, 0
0, 0, 0, 0, 0, 0, 0
0, 0, 0, 0, 0, 0, 0
0, 0, 0, 0, 0, 0, 0
0, 0, 0, 0, 0, 0, 0
0, 0, 0, 0, 0, 0, 0
0, 0, 0, 0, 0, 0, 0
0, 0, 0, 0, 0, 0, 0
0, 0, 0, 0, 0, 0, 0
0, 0, 0, 0, 0, 0, 0
0, 0, 0, 0, 0, 0, 0
0, 0, 0, 0, 0, 0, 0
0, 0, 0, 0, 0, 0, 0
0, 0, 0, 0, 0, 0, 0
0, 0, 0, 0, 0, 0, 0
0, 0, 0, 0, 0, 0, 0
0, 0, 0, 0, 0, 0, 0
0, 0, 0, 0, 0, 0, 0
0, 0, 0, 0, 0, 0, 0
0, 0, 0, 0, 0, 0, 0
0, 0, 0, 0, 0, 0, 0
0, 0, 0, 0, 0, 0, 0
0, 0, 0, 0, 0, 0, 0
0, 0, 0, 0, 0, 0, 0
0, 0, 0, 0, 0, 0, 0
0, 0, 0, 0, 0, 0, 0
0, 0, 0, 0, 0, 0, 0
0, 0, 0, 0, 0, 0, 0
0, 0, 0, 0, 0, 0, 0
0, 0, 0, 0, 0, 0, 0
0, 0, 0, 0, 0, 0, 0
0, 0, 0, 0, 0, 0, 0
0, 0, 0, 0, 0, 0, 0
0, 0, 0, 0, 0, 0, 0
0, 0, 0, 0, 0, 0, 0
0, 0, 0, 0, 0, 0, 0
0, 0, 0, 0, 0, 0, 0
0, 0, 0, 0, 0, 0, 0
0, 0, 0, 0, 0, 0, 0
0, 0, 0, 0, 0, 0, 0
0, 0, 0, 0, 0, 0, 0
0, 0, 0, 0, 0, 0, 0
0, 0, 0, 0, 0, 0, 0
0, 0, 0, 0, 0, 0, 0
0, 0, 0, 0, 0, 0, 0
0, 0, 0, 0, 0, 0, 0
0, 0, 0, 0, 0, 0, 0
0, 0, 0, 0, 0, 0, 0
0, 0, 0, 0, 0, 0, 0
0, 0, 0, 0, 0, 0, 0
0, 0, 0, 0, 0, 0, 0
0, 0, 0, 0, 0, 0, 0
0, 0, 0, 0, 0, 0, 0
0, 0, 0, 0, 0, 0, 0
0, 0, 0, 0, 0, 0, 0
0, 0, 0, 0, 0, 0, 0
0, 0, 0, 0, 0, 0, 0
0, 0, 0, 0, 0, 0, 0
0, 0, 0, 0, 0, 0, 0
0, 0, 0, 0, 0, 0, 0
0, 0, 0, 0, 0, 0, 0
0, 0, 0, 0, 0, 0, 0
0, 0, 0, 0, 0, 0, 0
0, 0, 0, 0, 0, 0, 0
0, 0, 0, 0, 0, 0, 0
0, 0, 0, 0, 0, 0, 0
0, 0, 0, 0, 0, 0, 0
0, 0, 0, 0, 0, 0, 0
0, 0, 0, 0, 0, 0, 0
0, 0, 0, 0, 0, 0, 0
0, 0, 0, 0, 0, 0, 0
0, 0, 0, 0, 0, 0, 0
0, 0, 0, 0, 0, 0, 0
0, 0, 0, 0, 0, 0, 0
0, 0, 0, 0, 0, 0, 0
0, 0, 0, 0, 0, 0, 0
0, 0, 0, 0, 0, 0, 0
0, 0, 0, 0, 0, 0, 0
0, 0, 0, 0, 0, 0, 0
0, 0, 0, 0, 0, 0, 0
0, 0, 0, 0, 0, 0, 0
0, 0, 0, 0, 0, 0, 0
0, 0, 0, 0, 0, 0, 0
0, 0, 0, 0, 0, 0, 0
0, 0, 0, 0, 0, 0, 0
0, 0, 0, 0, 0, 0, 0
0, 0, 0, 0, 0, 0, 0
0, 0, 0, 0, 0, 0, 0
0, 0, 0, 0, 0, 0, 0
0, 0, 0, 0, 0, 0, 0
0, 0, 0, 0, 0, 0, 0
0, 0, 0, 0, 0, 0, 0
0, 0, 0, 0, 0, 0, 0
0, 0, 0, 0, 0, 0, 0
0, 0, 0, 0, 0, 0, 0
0, 0, 0, 0, 0, 0, 0
0, 0, 0, 0, 0, 0, 0
0, 0, 0, 0, 0, 0, 0
0, 0, 0, 0, 0, 0, 0
0, 0, 0, 0, 0, 0, 0
0, 0, 0, 0, 0, 0, 0
0, 0, 0, 0, 0, 0, 0
0, 0, 0, 0, 0, 0, 0
0, 0, 0, 0, 0, 0, 0
0, 0, 0, 0, 0, 0, 0
0, 0, 0, 0, 0, 0, 0
0, 0, 0, 0, 0, 0, 0
0, 0, 0, 0, 0, 0, 0
0, 0, 0, 0, 0, 0, 0
0, 0, 0, 0, 0, 0, 0
0, 0, 0, 0, 0, 0, 0
0, 0, 0, 0, 0, 0, 0
0, 0, 0, 0, 0, 0, 0
0, 0, 0, 0, 0, 0, 0
0, 0, 0, 0, 0, 0, 0
0, 0, 0, 0, 0, 0, 0
0, 0, 0, 0, 0, 0, 0
0, 0, 0, 0, 0, 0, 0
0, 0, 0, 0, 0, 0, 0
0, 0, 0, 0, 0, 0, 0
0, 0, 0, 0, 0, 0, 0
0, 0, 0, 0, 0, 0, 0
0, 0, 0, 0, 0, 0, 0
0, 0, 0, 0, 0, 0, 0
0, 0, 0, 0, 0, 0, 0
0, 0, 0, 0, 0, 0, 0
0, 0, 0, 0, 0, 0, 0
0, 0, 0, 0, 0, 0, 0
0, 0, 0, 0, 0, 0, 0
0, 0, 0, 0, 0, 0, 0
0, 0, 0, 0, 0, 0, 0
0, 0, 0, 0, 0, 0, 0
0, 0, 0, 0, 0, 0, 0
0, 0, 0, 0, 0, 0, 0
0, 0, 0, 0, 0, 0, 0
0, 0, 0, 0, 0, 0, 0
0, 0, 0, 0, 0, 0, 0
0, 0, 0, 0, 0, 0, 0
0, 0, 0, 0, 0, 0, 0
0, 0, 0, 0, 0, 0, 0
0, 0, 0, 0, 0, 0, 0
0, 0, 0, 0, 0, 0, 0
0, 0, 0, 0, 0, 0, 0
0, 0, 0, 0, 0, 0, 0
0, 0, 0, 0, 0, 0, 0
0, 0, 0, 0, 0, 0, 0
0, 0, 0, 0, 0, 0, 0
0, 0, 0, 0, 0, 0, 0
0, 0, 0, 0, 0, 0, 0
0, 0, 0, 0, 0, 0, 0
0, 0, 0, 0, 0, 0, 0
0, 0, 0, 0, 0, 0, 0
0, 0, 0, 0, 0, 0, 0
0, 0, 0, 0, 0, 0, 0
0, 0, 0, 0, 0, 0, 0
0, 0, 0, 0, 0, 0, 0
0, 0, 0, 0, 0, 0, 0
0, 0, 0, 0, 0, 0, 0
0, 0, 0, 0, 0, 0, 0
0, 0, 0, 0, 0, 0, 0
0, 0, 0, 0, 0, 0, 0
0, 0, 0, 0, 0, 0, 0
0, 0, 0, 0, 0, 0, 0
0, 0, 0, 0, 0, 0, 0
0, 0, 0, 0, 0, 0, 0
0, 0, 0, 0, 0, 0, 0
0, 0, 0, 0, 0, 0, 0
0, 0, 0, 0, 0, 0, 0
0, 0, 0, 0, 0, 0, 0
0, 0, 0, 0, 0, 0, 0
0, 0, 0, 0, 0, 0, 0
0, 0, 0, 0, 0, 0, 0
0, 0, 0, 0, 0, 0, 0
0, 0, 0, 0, 0, 0, 0
0, 0, 0, 0, 0, 0, 0
0, 0, 0, 0, 0, 0, 0
0, 0, 0, 0, 0, 0, 0
0, 0, 0, 0, 0, 0, 0
0, 0, 0, 0, 0, 0, 0
0, 0, 0, 0, 0, 0, 0
0, 0, 0, 0, 0, 0, 0
0, 0, 0, 0, 0, 0, 0
0, 0, 0, 0, 0, 0, 0
0, 0, 0, 0, 0, 0, 0
0, 0, 0, 0, 0, 0, 0
0, 0, 0, 0, 0, 0, 0
0, 0, 0, 0, 0, 0, 0
0, 0, 0, 0, 0, 0, 0
0, 0, 0, 0, 0, 0, 0
0, 0, 0, 0, 0, 0, 0
0, 0, 0, 0, 0, 0, 0
0, 0, 0, 0, 0, 0, 0
0, 0, 0, 0, 0, 0, 0
0, 0, 0, 0, 0, 0, 0
0, 0, 0, 0, 0, 0, 0
0, 0, 0, 0, 0, 0, 0
0, 0, 0, 0, 0, 0, 0
0, 0, 0, 0, 0, 0, 0
0, 0, 0, 0, 0, 0, 0
0, 0, 0, 0, 0, 0, 0
0, 0, 0, 0, 0, 0, 0
0, 0, 0, 0, 0, 0, 0
0, 0, 0, 0, 0, 0, 0
0, 0, 0, 0, 0, 0, 0
0, 0, 0, 0, 0, 0, 0
0, 0, 0, 0, 0, 0, 0
0, 0, 0, 0, 0, 0, 0
0, 0, 0, 0, 0, 0, 0
0, 0, 0, 0, 0, 0, 0
0, 0, 0, 0, 0, 0, 0
0, 0, 0, 0, 0, 0, 0
0, 0, 0, 0, 0, 0, 0
0, 0, 0, 0, 0, 0, 0
0, 0, 0, 0, 0, 0, 0
0, 0, 0, 0, 0, 0, 0
0, 0, 0, 0, 0, 0, 0
0, 0, 0, 0, 0, 0, 0
0, 0, 0, 0, 0, 0, 0
0, 0, 0, 0, 0, 0, 0
0, 0, 0, 0, 0, 0, 0
0, 0, 0, 0, 0, 0, 0
0, 0, 0, 0, 0, 0, 0
0, 0, 0, 0, 0, 0, 0
0, 0, 0, 0, 0, 0, 0
0, 0, 0, 0, 0, 0, 0
0, 0, 0, 0, 0, 0, 0
0, 0, 0, 0, 0, 0, 0
0, 0, 0, 0, 0, 0, 0
0, 0, 0, 0, 0, 0, 0
0, 0, 0, 0, 0, 0, 0
0, 0, 0, 0, 0, 0, 0
0, 0, 0, 0, 0, 0, 0
0, 0, 0, 0, 0, 0, 0
0, 0, 0, 0, 0, 0, 0
0, 0, 0, 0, 0, 0, 0
0, 0, 0, 0, 0, 0, 0
0, 0, 0, 0, 0, 0, 0
0, 0, 0, 0, 0, 0, 0
0, 0, 0, 0, 0, 0, 0
0, 0, 0, 0, 0, 0, 0
0, 0, 0, 0, 0, 0, 0
0, 0, 0, 0, 0, 0, 0
0, 0, 0, 0, 0, 0, 0
0, 0, 0, 0, 0, 0, 0
0, 0, 0, 0, 0, 0, 0
0, 0, 0, 0, 0, 0, 0
0, 0, 0, 0, 0, 0, 0
0, 0, 0, 0, 0, 0, 0
0, 0, 0, 0, 0, 0, 0
0, 0, 0, 0, 0, 0, 0
0, 0, 0, 0, 0, 0, 0
0, 0, 0, 0, 0, 0, 0
0, 0, 0, 0, 0, 0, 0
0, 0, 0, 0, 0, 0, 0
0, 0, 0, 0, 0, 0, 0
0, 0, 0, 0, 0, 0, 0
0, 0, 0, 0, 0, 0, 0
0, 0, 0, 0, 0, 0, 0
0, 0, 0, 0, 0, 0, 0
0, 0, 0, 0, 0, 0, 0
0, 0, 0, 0, 0, 0, 0
0, 0, 0, 0, 0, 0, 0
0, 0, 0, 0, 0, 0, 0
0, 0, 0, 0, 0, 0, 0
0, 0, 0, 0, 0, 0, 0
0, 0, 0, 0, 0, 0, 0
0, 0, 0, 0, 0, 0, 0
0, 0, 0, 0, 0, 0, 0
0, 0, 0, 0, 0, 0, 0
0, 0, 0, 0, 0, 0, 0
0, 0, 0, 0, 0, 0, 0
0, 0, 0, 0, 0, 0, 0
0, 0, 0, 0, 0, 0, 0
0, 0, 0, 0, 0, 0, 0
0, 0, 0, 0, 0, 0, 0
0, 0, 0, 0, 0, 0, 0
0, 0, 0, 0, 0, 0, 0
0, 0, 0, 0, 0, 0, 0
0, 0, 0, 0, 0, 0, 0
0, 0, 0, 0, 0, 0, 0
0, 0, 0, 0, 0, 0, 0
0, 0, 0, 0, 0, 0, 0
0, 0, 0, 0, 0, 0, 0
0, 0, 0, 0, 0, 0, 0
0, 0, 0, 0, 0, 0, 0
0, 0, 0, 0, 0, 0, 0
0, 0, 0, 0, 0, 0, 0
0, 0, 0, 0, 0, 0, 0
0, 0, 0, 0, 0, 0, 0
0, 0, 0, 0, 0, 0, 0
0, 0, 0, 0, 0, 0, 0
0, 0, 0, 0, 0, 0, 0
0, 0, 0, 0, 0, 0, 0
0, 0, 0, 0, 0, 0, 0
0, 0, 0, 0, 0, 0, 0
0, 0, 0, 0, 0, 0, 0
0, 0, 0, 0, 0, 0, 0
0, 0, 0, 0, 0, 0, 0
0, 0, 0, 0, 0, 0, 0
0, 0, 0, 0, 0, 0, 0
0, 0, 0, 0, 0, 0, 0
0, 0, 0, 0, 0, 0, 0
0, 0, 0, 0, 0, 0, 0
0, 0, 0, 0, 0, 0, 0
0, 0, 0, 0, 0, 0, 0
0, 0, 0, 0, 0, 0, 0
0, 0, 0, 0, 0, 0, 0
0, 0, 0, 0, 0, 0, 0
0, 0, 0, 0, 0, 0, 0
0, 0, 0, 0, 0, 0, 0
0, 0, 0, 0, 0, 0, 0
0, 0, 0, 0, 0, 0, 0
0, 0, 0, 0, 0, 0, 0
0, 0, 0, 0, 0, 0, 0
0, 0, 0, 0, 0, 0, 0
0, 0, 0, 0, 0, 0, 0
0, 0, 0, 0, 0, 0, 0
0, 0, 0, 0, 0, 0, 0
0, 0, 0, 0, 0, 0, 0
0, 0, 0, 0, 0, 0, 0
0, 0, 0, 0, 0, 0, 0
0, 0, 0, 0, 0, 0, 0
0, 0, 0, 0, 0, 0, 0
0, 0, 0, 0, 0, 0, 0
0, 0, 0, 0, 0, 0, 0
0, 0, 0, 0, 0, 0, 0
0, 0, 0, 0, 0, 0, 0
0, 0, 0, 0, 0, 0, 0
0, 0, 0, 0, 0, 0, 0
0, 0, 0, 0, 0, 0, 0
0, 0, 0, 0, 0, 0, 0
0, 0, 0, 0, 0, 0, 0
0, 0, 0, 0, 0, 0, 0
0, 0, 0, 0, 0, 0, 0
0, 0, 0, 0, 0, 0, 0
0, 0, 0, 0, 0, 0, 0
0, 0, 0, 0, 0, 0, 0
0, 0, 0, 0, 0, 0, 0
0, 0, 0, 0, 0, 0, 0
0, 0, 0, 0, 0, 0, 0
0, 0, 0, 0, 0, 0, 0
0, 0, 0, 0, 0, 0, 0
0, 0, 0, 0, 0, 0, 0
0, 0, 0, 0, 0, 0, 0
0, 0, 0, 0, 0, 0, 0
0, 0, 0, 0, 0, 0, 0
0, 0, 0, 0, 0, 0, 0
0, 0, 0, 0, 0, 0, 0
0, 0, 0, 0, 0, 0, 0
0, 0, 0, 0, 0, 0, 0
0, 0, 0, 0, 0, 0, 0
0, 0, 0, 0, 0, 0, 0
0, 0, 0, 0, 0, 0, 0
0, 0, 0, 0, 0, 0, 0
0, 0, 0, 0, 0, 0, 0
0, 0, 0, 0, 0, 0, 0
0, 0, 0, 0, 0, 0, 0
0, 0, 0, 0, 0, 0, 0
0, 0, 0, 0, 0, 0, 0
0, 0, 0, 0, 0, 0, 0
0, 0, 0, 0, 0, 0, 0
0, 0, 0, 0, 0, 0, 0
0, 0, 0, 0, 0, 0, 0
0, 0, 0, 0, 0, 0, 0
0, 0, 0, 0, 0, 0, 0
0, 0, 0, 0, 0, 0, 0
0, 0, 0, 0, 0, 0, 0
0, 0, 0, 0, 0, 0, 0
0, 0, 0, 0, 0, 0, 0
0, 0, 0, 0, 0, 0, 0
0, 0, 0, 0, 0, 0, 0
0, 0, 0, 0, 0, 0, 0
0, 0, 0, 0, 0, 0, 0
0, 0, 0, 0, 0, 0, 0
0, 0, 0, 0, 0, 0, 0
0, 0, 0, 0, 0, 0, 0
0, 0, 0, 0, 0, 0, 0
0, 0, 0, 0, 0, 0, 0
0, 0, 0, 0, 0, 0, 0
0, 0, 0, 0, 0, 0, 0
0, 0, 0, 0, 0, 0, 0
0, 0, 0, 0, 0, 0, 0
0, 0, 0, 0, 0, 0, 0
0, 0, 0, 0, 0, 0, 0
0, 0, 0, 0, 0, 0, 0
0, 0, 0, 0, 0, 0, 0
0, 0, 0, 0, 0, 0, 0
0, 0, 0, 0, 0, 0, 0
0, 0, 0, 0, 0, 0, 0
0, 0, 0, 0, 0, 0, 0
0, 0, 0, 0, 0, 0, 0
0, 0, 0, 0, 0, 0, 0
0, 0, 0, 0, 0, 0, 0
0, 0, 0, 0, 0, 0, 0
0, 0, 0, 0, 0, 0, 0
0, 0, 0, 0, 0, 0, 0
0, 0, 0, 0, 0, 0, 0
0, 0, 0, 0, 0, 0, 0
0, 0, 0, 0, 0, 0, 0
0, 0, 0, 0, 0, 0, 0
0, 0, 0, 0, 0, 0, 0
0, 0, 0, 0, 0, 0, 0
0, 0, 0, 0, 0, 0, 0
0, 0, 0, 0, 0, 0, 0
0, 0, 0, 0, 0, 0, 0
0, 0, 0, 0, 0, 0, 0
0, 0, 0, 0, 0, 0, 0
0, 0, 0, 0, 0, 0, 0
0, 0, 0, 0, 0, 0, 0
0, 0, 0, 0, 0, 0, 0
0, 0, 0, 0, 0, 0, 0
0, 0, 0, 0, 0, 0, 0
0, 0, 0, 0, 0, 0, 0
0, 0, 0, 0, 0, 0, 0
0, 0, 0, 0, 0, 0, 0
0, 0, 0, 0, 0, 0, 0
0, 0, 0, 0, 0, 0, 0
0, 0, 0, 0, 0, 0, 0
0, 0, 0, 0, 0, 0, 0
0, 0, 0, 0, 0, 0, 0
0, 0, 0, 0, 0, 0, 0
0, 0, 0, 0, 0, 0, 0
0, 0, 0, 0, 0, 0, 0
0, 0, 0, 0, 0, 0, 0
0, 0, 0, 0, 0, 0, 0
0, 0, 0, 0, 0, 0, 0
0, 0, 0, 0, 0, 0, 0
0, 0, 0, 0, 0, 0, 0
0, 0, 0, 0, 0, 0, 0
0, 0, 0, 0, 0, 0, 0
0, 0, 0, 0, 0, 0, 0
0, 0, 0, 0, 0, 0, 0
0, 0, 0, 0, 0, 0, 0
0, 0, 0, 0, 0, 0, 0
0, 0, 0, 0, 0, 0, 0
0, 0, 0, 0, 0, 0, 0
0, 0, 0, 0, 0, 0, 0
0, 0, 0, 0, 0, 0, 0
0, 0, 0, 0, 0, 0, 0
0, 0, 0, 0, 0, 0, 0
0, 0, 0, 0, 0, 0, 0
0, 0, 0, 0, 0, 0, 0
0, 0, 0, 0, 0, 0, 0
0, 0, 0, 0, 0, 0, 0
0, 0, 0, 0, 0, 0, 0
0, 0, 0, 0, 0, 0, 0
0, 0, 0, 0, 0, 0, 0
0, 0, 0, 0, 0, 0, 0
0, 0, 0, 0, 0, 0, 0
0, 0, 0, 0, 0, 0, 0
0, 0, 0, 0, 0, 0, 0
0, 0, 0, 0, 0, 0, 0
0, 0, 0, 0, 0, 0, 0
0, 0, 0, 0, 0, 0, 0
0, 0, 0, 0, 0, 0, 0
0, 0, 0, 0, 0, 0, 0
0, 0, 0, 0, 0, 0, 0
0, 0, 0, 0, 0, 0, 0
0, 0, 0, 0, 0, 0, 0
0, 0, 0, 0, 0, 0, 0
0, 0, 0, 0, 0, 0, 0
0, 0, 0, 0, 0, 0, 0
0, 0, 0, 0, 0, 0, 0
0, 0, 0, 0, 0, 0, 0
0, 0, 0, 0, 0, 0, 0
0, 0, 0, 0, 0, 0, 0
0, 0, 0, 0, 0, 0, 0
0, 0, 0, 0, 0, 0, 0
0, 0, 0, 0, 0, 0, 0
0, 0, 0, 0, 0, 0, 0
0, 0, 0, 0, 0, 0, 0
0, 0, 0, 0, 0, 0, 0
0, 0, 0, 0, 0, 0, 0
0, 0, 0, 0, 0, 0, 0
0, 0, 0, 0, 0, 0, 0
0, 0, 0, 0, 0, 0, 0
0, 0, 0, 0, 0, 0, 0
0, 0, 0, 0, 0, 0, 0
0, 0, 0, 0, 0, 0, 0
0, 0, 0, 0, 0, 0, 0
0, 0, 0, 0, 0, 0, 0
0, 0, 0, 0, 0, 0, 0
0, 0, 0, 0, 0, 0, 0
0, 0, 0, 0, 0, 0, 0
0, 0, 0, 0, 0, 0, 0
0, 0, 0, 0, 0, 0, 0
0, 0, 0, 0, 0, 0, 0
0, 0, 0, 0, 0, 0, 0
0, 0, 0, 0, 0, 0, 0
0, 0, 0, 0, 0, 0, 0
0, 0, 0, 0, 0, 0, 0
0, 0, 0, 0, 0, 0, 0
0, 0, 0, 0, 0, 0, 0
0, 0, 0, 0, 0, 0, 0
0, 0, 0, 0, 0, 0, 0
0, 0, 0, 0, 0, 0, 0
0, 0, 0, 0, 0, 0, 0
0, 0, 0, 0, 0, 0, 0
0, 0, 0, 0, 0, 0, 0
0, 0, 0, 0, 0, 0, 0
0, 0, 0, 0, 0, 0, 0
0, 0, 0, 0, 0, 0, 0
0, 0, 0, 0, 0, 0, 0
0, 0, 0, 0, 0, 0, 0
0, 0, 0, 0, 0, 0, 0
0, 0, 0, 0, 0, 0, 0
0, 0, 0, 0, 0, 0, 0
0, 0, 0, 0, 0, 0, 0
0, 0, 0, 0, 0, 0, 0
0, 0, 0, 0, 0, 0, 0
0, 0, 0, 0, 0, 0, 0
0, 0, 0, 0, 0, 0, 0
0, 0, 0, 0, 0, 0, 0
0, 0, 0, 0, 0, 0, 0
0, 0, 0, 0, 0, 0, 0
0, 0, 0, 0, 0, 0, 0
0, 0, 0, 0, 0, 0, 0
0, 0, 0, 0, 0, 0, 0
0, 0, 0, 0, 0, 0, 0
0, 0, 0, 0, 0, 0, 0
0, 0, 0, 0, 0, 0, 0
0, 0, 0, 0, 0, 0, 0
0, 0, 0, 0, 0, 0, 0
0, 0, 0, 0, 0, 0, 0
0, 0, 0, 0, 0, 0, 0
0, 0, 0, 0, 0, 0, 0
0, 0, 0, 0, 0, 0, 0
0, 0, 0, 0, 0, 0, 0
0, 0, 0, 0, 0, 0, 0
0, 0, 0, 0, 0, 0, 0
0, 0, 0, 0, 0, 0, 0
0, 0, 0, 0, 0, 0, 0
0, 0, 0, 0, 0, 0, 0
0, 0, 0, 0, 0, 0, 0
0, 0, 0, 0, 0, 0, 0
0, 0, 0, 0, 0, 0, 0
0, 0, 0, 0, 0, 0, 0
0, 0, 0, 0, 0, 0, 0
0, 0, 0, 0, 0, 0, 0
0, 0, 0, 0, 0, 0, 0
0, 0, 0, 0, 0, 0, 0
0, 0, 0, 0, 0, 0, 0
0, 0, 0, 0, 0, 0, 0
0, 0, 0, 0, 0, 0, 0
0, 0, 0, 0, 0, 0, 0
0, 0, 0, 0, 0, 0, 0
0, 0, 0, 0, 0, 0, 0
0, 0, 0, 0, 0, 0, 0
0, 0, 0, 0, 0, 0, 0
0, 0, 0, 0, 0, 0, 0
0, 0, 0, 0, 0, 0, 0
0, 0, 0, 0, 0, 0, 0
0, 0, 0, 0, 0, 0, 0
0, 0, 0, 0, 0, 0, 0
0, 0, 0, 0, 0, 0, 0
0, 0, 0, 0, 0, 0, 0
0, 0, 0, 0, 0, 0, 0
0, 0, 0, 0, 0, 0, 0
0, 0, 0, 0, 0, 0, 0
0, 0, 0, 0, 0, 0, 0
0, 0, 0, 0, 0, 0, 0
0, 0, 0, 0, 0, 0, 0
0, 0, 0, 0, 0, 0, 0
0, 0, 0, 0, 0, 0, 0
0, 0, 0, 0, 0, 0, 0
0, 0, 0, 0, 0, 0, 0
0, 0, 0, 0, 0, 0, 0
0, 0, 0, 0, 0, 0, 0
0, 0, 0, 0, 0, 0, 0
0, 0, 0, 0, 0, 0, 0
0, 0, 0, 0, 0, 0, 0
0, 0, 0, 0, 0, 0, 0
0, 0, 0, 0, 0, 0, 0
0, 0, 0, 0, 0, 0, 0
0, 0, 0, 0, 0, 0, 0
0, 0, 0, 0, 0, 0, 0
0, 0, 0, 0, 0, 0, 0
0, 0, 0, 0, 0, 0, 0
0, 0, 0, 0, 0, 0, 0
0, 0, 0, 0, 0, 0, 0
0, 0, 0, 0, 0, 0, 0
0, 0, 0, 0, 0, 0, 0
0, 0, 0, 0, 0, 0, 0
0, 0, 0, 0, 0, 0, 0
0, 0, 0, 0, 0, 0, 0
0, 0, 0, 0, 0, 0, 0
0, 0, 0, 0, 0, 0, 0
0, 0, 0, 0, 0, 0, 0
0, 0, 0, 0, 0, 0, 0
0, 0, 0, 0, 0, 0, 0
0, 0, 0, 0, 0, 0, 0
0, 0, 0, 0, 0, 0, 0
0, 0, 0, 0, 0, 0, 0
0, 0, 0, 0, 0, 0, 0
0, 0, 0, 0, 0, 0, 0
0, 0, 0, 0, 0, 0, 0
0, 0, 0, 0, 0, 0, 0
0, 0, 0, 0, 0, 0, 0
0, 0, 0, 0, 0, 0, 0
0, 0, 0, 0, 0, 0, 0
0, 0, 0, 0, 0, 0, 0
0, 0, 0, 0, 0, 0, 0
0, 0, 0, 0, 0, 0, 0
0, 0, 0, 0, 0, 0, 0
0, 0, 0, 0, 0, 0, 0
0, 0, 0, 0, 0, 0, 0
0, 0, 0, 0, 0, 0, 0
0, 0, 0, 0, 0, 0, 0
0, 0, 0, 0, 0, 0, 0
0, 0, 0, 0, 0, 0, 0
0, 0, 0, 0, 0, 0, 0
0, 0, 0, 0, 0, 0, 0
0, 0, 0, 0, 0, 0, 0
0, 0, 0, 0, 0, 0, 0
0, 0, 0, 0, 0, 0, 0
0, 0, 0, 0, 0, 0, 0
0, 0, 0, 0, 0, 0, 0
0, 0, 0, 0, 0, 0, 0
0, 0, 0, 0, 0, 0, 0
0, 0, 0, 0, 0, 0, 0
0, 0, 0, 0, 0, 0, 0
0, 0, 0, 0, 0, 0, 0
0, 0, 0, 0, 0, 0, 0
0, 0, 0, 0, 0, 0, 0
0, 0, 0, 0, 0, 0, 0
0, 0, 0, 0, 0, 0, 0
0, 0, 0, 0, 0, 0, 0
0, 0, 0, 0, 0, 0, 0
0, 0, 0, 0, 0, 0, 0
0, 0, 0, 0, 0, 0, 0
0, 0, 0, 0, 0, 0, 0
0, 0, 0, 0, 0, 0, 0
0, 0, 0, 0, 0, 0, 0
0, 0, 0, 0, 0, 0, 0
0, 0, 0, 0, 0, 0, 0
0, 0, 0, 0, 0, 0, 0
0, 0, 0, 0, 0, 0, 0
0, 0, 0, 0, 0, 0, 0
0, 0, 0, 0, 0, 0, 0
0, 0, 0, 0, 0, 0, 0
0, 0, 0, 0, 0, 0, 0
0, 0, 0, 0, 0, 0, 0
0, 0, 0, 0, 0, 0, 0
0, 0, 0, 0, 0, 0, 0
0, 0, 0, 0, 0, 0, 0
0, 0, 0, 0, 0, 0, 0
0, 0, 0, 0, 0, 0, 0
0, 0, 0, 0, 0, 0, 0
0, 0, 0, 0, 0, 0, 0
0, 0, 0, 0, 0, 0, 0
0, 0, 0, 0, 0, 0, 0
0, 0, 0, 0, 0, 0, 0
0, 0, 0, 0, 0, 0, 0
0, 0, 0, 0, 0, 0, 0
0, 0, 0, 0, 0, 0, 0
0, 0, 0, 0, 0, 0, 0
0, 0, 0, 0, 0, 0, 0
0, 0, 0, 0, 0, 0, 0
0, 0, 0, 0, 0, 0, 0
0, 0, 0, 0, 0, 0, 0
0, 0, 0, 0, 0, 0, 0
0, 0, 0, 0, 0, 0, 0
0, 0, 0, 0, 0, 0, 0
0, 0, 0, 0, 0, 0, 0
0, 0, 0, 0, 0, 0, 0
0, 0, 0, 0, 0, 0, 0
0, 0, 0, 0, 0, 0, 0
0, 0, 0, 0, 0, 0, 0
0, 0, 0, 0, 0, 0, 0
0, 0, 0, 0, 0, 0, 0
0, 0, 0, 0, 0, 0, 0
0, 0, 0, 0, 0, 0, 0
0, 0, 0, 0, 0, 0, 0
0, 0, 0, 0, 0, 0, 0
0, 0, 0, 0, 0, 0, 0
0, 0, 0, 0, 0, 0, 0
0, 0, 0, 0, 0, 0, 0
0, 0, 0, 0, 0, 0, 0
0, 0, 0, 0, 0, 0, 0
0, 0, 0, 0, 0, 0, 0
0, 0, 0, 0, 0, 0, 0
0, 0, 0, 0, 0, 0, 0
0, 0, 0, 0, 0, 0, 0
0, 0, 0, 0, 0, 0, 0
0, 0, 0, 0, 0, 0, 0
0, 0, 0, 0, 0, 0, 0
0, 0, 0, 0, 0, 0, 0
0, 0, 0, 0, 0, 0, 0
0, 0, 0, 0, 0, 0, 0
0, 0, 0, 0, 0, 0, 0
0, 0, 0, 0, 0, 0, 0
0, 0, 0, 0, 0, 0, 0
0, 0, 0, 0, 0, 0, 0
0, 0, 0, 0, 0, 0, 0
0, 0, 0, 0, 0, 0, 0
0, 0, 0, 0, 0, 0, 0
0, 0, 0, 0, 0, 0, 0
0, 0, 0, 0, 0, 0, 0
0, 0, 0, 0, 0, 0, 0
0, 0, 0, 0, 0, 0, 0
0, 0, 0, 0, 0, 0, 0
0, 0, 0, 0, 0, 0, 0
0, 0, 0, 0, 0, 0, 0
0, 0, 0, 0, 0, 0, 0
0, 0, 0, 0, 0, 0, 0
0, 0, 0, 0, 0, 0, 0
0, 0, 0, 0, 0, 0, 0
0, 0, 0, 0, 0, 0, 0
0, 0, 0, 0, 0, 0, 0
0, 0, 0, 0, 0, 0, 0
0, 0, 0, 0, 0, 0, 0
0, 0, 0, 0, 0, 0, 0
0, 0, 0, 0, 0, 0, 0
0, 0, 0, 0, 0, 0, 0
0, 0, 0, 0, 0, 0, 0
0, 0, 0, 0, 0, 0, 0
0, 0, 0, 0, 0, 0, 0
0, 0, 0, 0, 0, 0, 0
0, 0, 0, 0, 0, 0, 0
0, 0, 0, 0, 0, 0, 0
0, 0, 0, 0, 0, 0, 0
0, 0, 0, 0, 0, 0, 0
0, 0, 0, 0, 0, 0, 0
0, 0, 0, 0, 0, 0, 0
0, 0, 0, 0, 0, 0, 0
0, 0, 0, 0, 0, 0, 0
0, 0, 0, 0, 0, 0, 0
0, 0, 0, 0, 0, 0, 0
0, 0, 0, 0, 0, 0, 0
0, 0, 0, 0, 0, 0, 0
0, 0, 0, 0, 0, 0, 0
0, 0, 0, 0, 0, 0, 0
0, 0, 0, 0, 0, 0, 0
0, 0, 0, 0, 0, 0, 0
0, 0, 0, 0, 0, 0, 0
0, 0, 0, 0, 0, 0, 0
0, 0, 0, 0, 0, 0, 0
0, 0, 0, 0, 0, 0, 0
0, 0, 0, 0, 0, 0, 0
0, 0, 0, 0, 0, 0, 0
0, 0, 0, 0, 0, 0, 0
0, 0, 0, 0, 0, 0, 0
0, 0, 0, 0, 0, 0, 0
0, 0, 0, 0, 0, 0, 0
0, 0, 0, 0, 0, 0, 0
0, 0, 0, 0, 0, 0, 0
0, 0, 0, 0, 0, 0, 0
0, 0, 0, 0, 0, 0, 0
0, 0, 0, 0, 0, 0, 0
0, 0, 0, 0, 0, 0, 0
0, 0, 0, 0, 0, 0, 0
0, 0, 0, 0, 0, 0, 0
0, 0, 0, 0, 0, 0, 0
0, 0, 0, 0, 0, 0, 0
0, 0, 0, 0, 0, 0, 0
0, 0, 0, 0, 0, 0, 0
0, 0, 0, 0, 0, 0, 0
0, 0, 0, 0, 0, 0, 0
0, 0, 0, 0, 0, 0, 0
0, 0, 0, 0, 0, 0, 0
0, 0, 0, 0, 0, 0, 0
0, 0, 0, 0, 0, 0, 0
0, 0, 0, 0, 0, 0, 0
0, 0, 0, 0, 0, 0, 0
0, 0, 0, 0, 0, 0, 0
0, 0, 0, 0, 0, 0, 0
0, 0, 0, 0, 0, 0, 0
0, 0, 0, 0, 0, 0, 0
0, 0, 0, 0, 0, 0, 0
0, 0, 0, 0, 0, 0, 0
0, 0, 0, 0, 0, 0, 0
0, 0, 0, 0, 0, 0, 0
0, 0, 0, 0, 0, 0, 0
0, 0, 0, 0, 0, 0, 0
0, 0, 0, 0, 0, 0, 0
0, 0, 0, 0, 0, 0, 0
8.881456250000001, 9.0445995, 9.244572, 9.5264436, 9.77404285, 14.105136, 19.892145
8.881074, 9.0338065, 9.23085625, 9.5203138, 9.792107499999998, 14.731487, 17.479496
8.888005249999999, 9.031416499999999, 9.222484999999999, 9.510876, 9.8132033, 14.60570419, 23.303856
8.883253499999999, 9.033399, 9.225966750000001, 9.5161365, 9.73319675, 11.832093779999981, 52.853195
8.88741, 9.045124999999999, 9.228178, 9.492231199999999, 9.787867299999998, 16.181377349999998, 20.217992
8.893031, 9.0373105, 9.247616, 9.5006764, 9.73558515, 14.902573969999995, 32.855096
8.888425, 9.0511185, 9.2439015, 9.5079113, 9.80696865, 16.602683, 19.645042
8.8771325, 9.041222000000001, 9.2288615, 9.520099400000001, 9.72247215, 14.693420859999998, 52.853195
8.880810499999999, 9.04194, 9.242769, 9.5070352, 9.75302625, 16.2536, 19.645042
8.89222325, 9.0535855, 9.247008749999999, 9.5183299, 9.753056149999999, 15.872548, 32.855096
8.87871575, 9.038105, 9.238764, 9.5273471, 9.7951645, 16.36254276, 19.656824
8.890412249999999, 9.033925, 9.2424815, 9.5058566, 9.7105149, 14.418908019999996, 17.516372
8.8827675, 9.039664, 9.25181775, 9.5271382, 9.821656950000001, 17.14350605, 52.853195
8.8790445, 9.0367, 9.22954775, 9.464352100000001, 9.712812399999999, 16.10021293, 52.853195
8.86943, 9.03189, 9.237633, 9.4979399, 9.73831935, 14.786283509999993, 52.853195
8.891375, 9.038961, 9.2555365, 9.5319314, 9.769548749999998, 16.11107052, 52.853195
8.88091125, 9.032684499999998, 9.235018, 9.493565799999999, 9.82321365, 13.738322099999998, 21.371576
8.889772, 9.0446635, 9.257239, 9.5072243, 9.76127315, 11.68220693, 52.853195
8.88581475, 9.031787, 9.227989749999999, 9.464189, 9.7306821, 12.009638469999988, 17.997995
8.8844725, 9.04984, 9.243469000000001, 9.5390591, 9.7717942, 16.108532, 22.552578
8.880896499999999, 9.0389695, 9.237156, 9.501252, 9.70397925, 11.546682199999985, 19.645042
8.892458000000001, 9.0516355, 9.238287249999999, 9.5535254, 9.8490231, 14.790880899999989, 52.853195
8.886563, 9.05022, 9.246740500000001, 9.546340599999999, 9.813741, 16.10021293, 21.371576
8.877369, 9.035315, 9.2295575, 9.4644815, 9.67856135, 14.783211649999997, 36.893046
8.897574, 9.051762, 9.2373695, 9.5001981, 9.728802550000001, 14.453675669999997, 36.893046
8.8895165, 9.04568, 9.249489500000001, 9.5172554, 9.7420457, 13.731724829999996, 21.371576
8.895789, 9.0503965, 9.250334, 9.5267664, 9.74055555, 14.905645829999994, 52.853195
8.881074, 9.0388255, 9.235759999999999, 9.523199700000001, 9.7354984, 11.812857, 20.217992
8.88842875, 9.044543, 9.245476250000001, 9.478265, 9.757905749999999, 14.898931, 36.893046
8.89347075, 9.042999, 9.24792575, 9.5020773, 9.73827175, 11.55146243999998, 23.303856
8.86999275, 9.032395999999999, 9.23864125, 9.523152, 9.8084341, 16.362737189999997, 32.855096
8.89521, 9.0443185, 9.22902375, 9.51066, 9.734066949999999, 14.676200569999994, 52.853195
8.89922675, 9.048305, 9.2430955, 9.5331137, 9.77024415, 15.875618009999997, 36.893046
8.884248, 9.0403075, 9.224385250000001, 9.5244973, 9.752631, 14.619588559999988, 36.893046
8.898118, 9.060157, 9.253981249999999, 9.5193985, 9.724504, 11.023435699999999, 36.893046
8.896692, 9.050784, 9.22641225, 9.5055003, 9.74902, 16.10960347, 20.217992
8.880582, 9.044719, 9.249333, 9.546185900000001, 9.772097, 16.447658, 32.855096
8.871711, 9.037548999999999, 9.23713475, 9.4857998, 9.7415208, 13.491576569999994, 24.370709
8.88677375, 9.032055, 9.24459025, 9.512927, 9.7309501, 16.25509691, 32.855096
8.8958215, 9.0521495, 9.264104, 9.5255811, 9.718088, 14.197611339999996, 23.303856
8.880942, 9.049247000000001, 9.241223999999999, 9.498262200000001, 9.71519725, 16.050663, 36.893046
8.8974875, 9.0458395, 9.243039, 9.5098108, 9.711482, 14.619588559999988, 23.303856
8.88824725, 9.04269, 9.24992975, 9.550292, 9.8218438, 16.099406520000002, 52.853195
8.884858, 9.04251, 9.23256, 9.484073200000001, 9.73482645, 13.265078339999995, 36.893046
8.89044375, 9.045452999999998, 9.24751375, 9.5265604, 9.7646665, 11.68220693, 52.853195
8.88239575, 9.0383665, 9.233843499999999, 9.498354500000001, 9.693291799999999, 13.238075979999996, 36.893046
8.88810125, 9.0475525, 9.24503725, 9.5378198, 9.787867299999998, 14.004976779999996, 36.893046
8.87870275, 9.044718, 9.24747625, 9.5236725, 9.7683166, 14.783211649999997, 52.853195
8.90096625, 9.0481145, 9.25823775, 9.5423518, 9.744627249999999, 17.07642358, 24.370709
8.877201, 9.030075, 9.2355995, 9.4644171, 9.7008899, 15.877855429999995, 36.893046
8.89236575, 9.043698, 9.25192, 9.54314, 9.834896449999999, 15.977705209999998, 36.893046
8.87523, 9.024488999999999, 9.242225, 9.553486800000002, 9.77878325, 16.381946669999998, 23.303856
8.8835955, 9.037388, 9.23296925, 9.5131371, 9.765778, 14.676200569999994, 19.892145
8.89500675, 9.045168499999999, 9.24024375, 9.534561, 9.767620849999998, 14.395712159999997, 52.853195
8.886137, 9.047449, 9.242239249999999, 9.4954745, 9.7651727, 13.917143909999998, 32.855096
8.8829445, 9.039674, 9.22827525, 9.5265937, 9.712897499999999, 11.984687639999988, 52.853195
8.87548325, 9.038416, 9.23065575, 9.483299200000001, 9.71648685, 14.73195576, 19.072953
8.876529999999999, 9.030970499999999, 9.228608750000001, 9.4936261, 9.7399329, 15.725401299999996, 24.370709
8.874008250000001, 9.0319185, 9.221366, 9.491849, 9.72577245, 13.727953, 22.552578
8.88563025, 9.040187, 9.23504125, 9.4810401, 9.72243395, 16.18035541, 21.371576
8.88562, 9.031634, 9.242769, 9.502198100000001, 9.765778, 15.874808489999998, 36.893046
8.890470749999999, 9.0503485, 9.2444535, 9.4707359, 9.70830885, 16.253665899999998, 36.893046
8.88954275, 9.045255000000001, 9.246576, 9.530930699999999, 9.74920055, 13.807454749999996, 21.371576
8.88416925, 9.038828, 9.22753825, 9.49884, 9.739920549999999, 14.73195576, 19.645042
8.88244425, 9.047135, 9.2469805, 9.525004, 9.806857, 16.400933189999996, 32.855096
8.8822245, 9.041284, 9.23273875, 9.5013727, 9.7248027, 10.914724749999994, 52.853195
8.89132875, 9.0451835, 9.243039, 9.511485200000001, 9.796557, 14.902573969999995, 23.303856
8.87534375, 9.031157, 9.242308, 9.5107834, 9.741932, 15.977419659999999, 20.217992
8.888578500000001, 9.041485999999999, 9.241142, 9.5244543, 9.73476515, 14.614705619999992, 32.855096
8.8886065, 9.032392000000002, 9.218325499999999, 9.4742937, 9.6808529, 11.97301437, 32.855096
8.889598, 9.047719, 9.2503885, 9.5173684, 9.7706036, 14.39209222, 24.370709
8.894527499999999, 9.038963500000001, 9.22868875, 9.4851431, 9.6921523, 16.399752799999998, 32.855096
8.87509, 9.0335675, 9.22258175, 9.482848700000002, 9.75677875, 16.1799103, 21.371576
8.88685775, 9.034179, 9.225334499999999, 9.512666, 9.739920549999999, 10.29472975, 22.552578
8.8912415, 9.033532000000001, 9.226758, 9.4686825, 9.709213250000001, 11.534044409999996, 52.853195
8.876934, 9.031401, 9.2227655, 9.4740384, 9.726112350000001, 16.060656919999996, 52.853195
8.888625, 9.043285000000001, 9.234461750000001, 9.5476091, 9.8470946, 16.711952179999997, 36.893046
8.877879, 9.030750000000001, 9.2395675, 9.5076728, 9.70432565, 14.706588339999985, 52.853195
8.87672225, 9.030612, 9.2448325, 9.4939673, 9.730612299999999, 13.234894149999999, 32.855096
0, 0, 0, 0, 0, 0, 0
0, 0, 0, 0, 0, 0, 0
0, 0, 0, 0, 0, 0, 0
0, 0, 0, 0, 0, 0, 0
0, 0, 0, 0, 0, 0, 0
0, 0, 0, 0, 0, 0, 0
0, 0, 0, 0, 0, 0, 0
0, 0, 0, 0, 0, 0, 0
0, 0, 0, 0, 0, 0, 0
0, 0, 0, 0, 0, 0, 0
0, 0, 0, 0, 0, 0, 0
0, 0, 0, 0, 0, 0, 0
0, 0, 0, 0, 0, 0, 0
0, 0, 0, 0, 0, 0, 0
0, 0, 0, 0, 0, 0, 0
0, 0, 0, 0, 0, 0, 0
0, 0, 0, 0, 0, 0, 0
0, 0, 0, 0, 0, 0, 0
0, 0, 0, 0, 0, 0, 0
0, 0, 0, 0, 0, 0, 0
0, 0, 0, 0, 0, 0, 0
0, 0, 0, 0, 0, 0, 0
0, 0, 0, 0, 0, 0, 0
0, 0, 0, 0, 0, 0, 0
0, 0, 0, 0, 0, 0, 0
0, 0, 0, 0, 0, 0, 0
0, 0, 0, 0, 0, 0, 0
0, 0, 0, 0, 0, 0, 0
0, 0, 0, 0, 0, 0, 0
0, 0, 0, 0, 0, 0, 0
0, 0, 0, 0, 0, 0, 0
0, 0, 0, 0, 0, 0, 0
0, 0, 0, 0, 0, 0, 0
0, 0, 0, 0, 0, 0, 0
0, 0, 0, 0, 0, 0, 0
0, 0, 0, 0, 0, 0, 0
0, 0, 0, 0, 0, 0, 0
0, 0, 0, 0, 0, 0, 0
0, 0, 0, 0, 0, 0, 0
0, 0, 0, 0, 0, 0, 0
0, 0, 0, 0, 0, 0, 0
0, 0, 0, 0, 0, 0, 0
0, 0, 0, 0, 0, 0, 0
0, 0, 0, 0, 0, 0, 0
0, 0, 0, 0, 0, 0, 0
0, 0, 0, 0, 0, 0, 0
0, 0, 0, 0, 0, 0, 0
0, 0, 0, 0, 0, 0, 0
0, 0, 0, 0, 0, 0, 0
0, 0, 0, 0, 0, 0, 0
0, 0, 0, 0, 0, 0, 0
0, 0, 0, 0, 0, 0, 0
8.89417225, 9.0391615, 9.237010999999999, 9.5234796, 9.72543325, 13.234894149999999, 17.429541
8.87068625, 9.0268585, 9.21716125, 9.456405, 9.70855205, 14.793181269999987, 22.552578
8.876782, 9.030340500000001, 9.2258615, 9.5023119, 9.701337200000001, 15.874124049999999, 19.373624
8.8942105, 9.057120000000001, 9.25610575, 9.5136458, 9.73989055, 14.60570419, 52.853195
8.88298825, 9.044335, 9.24661625, 9.512291800000002, 9.7844699, 16.109242169999998, 24.370709
8.89076, 9.04328, 9.24369225, 9.5081633, 9.80239, 11.199935829999998, 32.855096
8.883899750000001, 9.0382265, 9.22838175, 9.5011498, 9.77878325, 16.033884379999996, 36.893046
8.88833975, 9.039612, 9.23077575, 9.5071139, 9.764955500000001, 13.163023519999998, 52.853195
8.873427, 9.038972, 9.249989, 9.5406672, 9.768990650000001, 16.253665899999998, 32.855096
8.88154725, 9.033218999999999, 9.21716125, 9.477195700000001, 9.7085648, 14.611633759999995, 52.853195
8.899179, 9.0389695, 9.25747075, 9.5726577, 9.825608950000001, 16.255041029999997, 21.371576
8.88768125, 9.035456, 9.2401605, 9.501127499999999, 9.75601515, 16.061744759999996, 52.853195
8.878448, 9.048782, 9.26177175, 9.5491017, 9.84991325, 14.419118759999996, 36.893046
8.87496925, 9.030316, 9.2217225, 9.483313599999999, 9.692068899999999, 14.693420859999998, 52.853195
8.890817, 9.039104, 9.227609999999999, 9.5098108, 9.81293445, 13.554247, 32.855096
8.88841925, 9.0368835, 9.241244250000001, 9.500007700000001, 9.71928755, 12.009638469999988, 19.502914
8.88984275, 9.044411, 9.245674000000001, 9.5191272, 9.7844699, 14.434625099999996, 52.853195
8.891114250000001, 9.038929, 9.24916575, 9.540634299999999, 9.878920299999999, 15.726895259999996, 20.217992
8.8833015, 9.0400935, 9.2367055, 9.5059872, 9.733126949999999, 15.725686849999997, 21.371576
8.90111675, 9.052331, 9.255839, 9.5363258, 9.82578205, 14.418908019999996, 19.892145
8.88217075, 9.0348325, 9.226233, 9.520845699999999, 9.777797999999999, 16.098597, 19.656824
8.8878925, 9.052458, 9.261939, 9.5267638, 9.8021575, 14.416709269999998, 36.893046
8.88642875, 9.0440725, 9.226096250000001, 9.4902157, 9.7180215, 11.275884529999981, 19.656824
8.88686, 9.042517, 9.24083025, 9.5275056, 9.792323999999999, 10.844389249999995, 23.303856
8.8868975, 9.044451500000001, 9.23344375, 9.4505149, 9.69269565, 11.529391, 52.853195
8.863162249999998, 9.021393, 9.21381625, 9.50903, 9.757533, 15.272752509999991, 22.552578
8.880770250000001, 9.0335675, 9.240451, 9.513285, 9.75756815, 12.00710831999999, 52.853195
8.883533499999999, 9.038354, 9.215709499999999, 9.4854533, 9.704554, 16.254846599999997, 52.853195
8.88820675, 9.048123499999999, 9.26103225, 9.5347142, 9.775921, 11.453371329999998, 20.217992
8.890802749999999, 9.0441195, 9.243531, 9.5132051, 9.715871, 16.060277709999998, 24.370709
8.88590075, 9.0560865, 9.257223999999999, 9.513285, 9.729957, 11.530913589999999, 24.370709
8.878986, 9.0393305, 9.240177, 9.5273686, 9.80764325, 16.37826, 19.587514
8.875077749999999, 9.03675, 9.24638675, 9.5490473, 9.8520984, 16.03093679, 52.853195
8.875676, 9.0430195, 9.22207775, 9.4989126, 9.77960265, 13.263205419999997, 52.853195
8.874659000000001, 9.0275095, 9.227974, 9.4994183, 9.7345687, 14.20354090999999, 23.303856
8.87706425, 9.026605499999999, 9.235672749999999, 9.4825399, 9.73319675, 13.728709089999999, 23.303856
8.88956875, 9.044444, 9.25194075, 9.516110000000001, 9.7798149, 15.876358519999997, 32.855096
8.88706025, 9.045393, 9.24732225, 9.5389104, 9.7863961, 14.69174642, 32.855096
8.876864, 9.032597, 9.242042, 9.4889078, 9.725268, 14.197611339999996, 36.893046
8.88384975, 9.0388375, 9.2376225, 9.5098108, 9.80014365, 16.05910689, 20.217992
8.892609499999999, 9.0413765, 9.23124, 9.4936058, 9.77046135, 15.726895259999996, 36.893046
8.88833975, 9.0488605, 9.24972775, 9.5234055, 9.739920549999999, 14.394631239999997, 52.853195
8.8926195, 9.0376215, 9.226393, 9.4700218, 9.739889, 14.733161439999998, 52.853195
8.898927, 9.062125, 9.259999, 9.5389509, 9.77185685, 15.723825249999997, 19.645042
8.88277275, 9.034604, 9.222208, 9.477643, 9.72027475, 11.934401519999982, 19.072953
8.88960125, 9.03298, 9.237217000000001, 9.4788128, 9.694017549999998, 10.8987708, 17.512353
8.879526, 9.0366715, 9.228037, 9.517274800000001, 9.77912615, 15.874329149999998, 19.892145
8.8881895, 9.0406025, 9.243694999999999, 9.4967745, 9.75773205, 14.108396169999997, 21.371576
8.890065, 9.043844, 9.243616750000001, 9.5058563, 9.7847513, 14.416709269999998, 32.855096
8.89036025, 9.0336455, 9.22206725, 9.4589026, 9.69269565, 11.700375969999982, 21.371576
8.88185775, 9.0442565, 9.2383285, 9.5091039, 9.757905749999999, 13.917143909999998, 23.303856
8.888282, 9.041996999999999, 9.246628000000001, 9.476469100000001, 9.73877, 16.1799103, 52.853195
8.88587475, 9.0396795, 9.24638675, 9.5076869, 9.75677775, 16.110048579999997, 36.893046
8.8924295, 9.0490465, 9.235856250000001, 9.490561200000002, 9.7613077, 16.474112, 36.893046
8.8797275, 9.031401, 9.22934975, 9.492135300000001, 9.78219935, 16.059206239999998, 52.853195
8.87421675, 9.030586, 9.22155425, 9.478929, 9.7223697, 10.652005519999994, 36.893046
8.884915, 9.0473595, 9.22954775, 9.5017057, 9.77017995, 14.779568679999999, 19.072953
8.8925765, 9.050581, 9.244186749999999, 9.5335322, 9.7723792, 14.429428539999988, 24.370709
8.88863725, 9.0388965, 9.236576249999999, 9.542246200000001, 9.76127315, 13.623610759999995, 21.371576
8.880367249999999, 9.042993, 9.228519, 9.477722, 9.733126949999999, 13.73798833999999, 52.853195
8.889981500000001, 9.0497275, 9.2476985, 9.511583, 9.719489900000001, 11.534044409999996, 32.855096
8.880462249999999, 9.0352625, 9.236342, 9.5179214, 9.767733999999999, 15.874329149999998, 52.853195
8.893516, 9.0394255, 9.224686250000001, 9.4883678, 9.733126949999999, 13.641451259999979, 52.853195
8.892844, 9.0467, 9.22696825, 9.482642, 9.7347705, 16.26156513, 24.370709
8.88539475, 9.046113, 9.2586525, 9.5339686, 9.82155185, 14.195412589999998, 19.587514
8.89133925, 9.0416275, 9.24991675, 9.548158, 9.84061595, 16.79283318, 52.853195
0, 0, 0, 0, 0, 0, 0
0, 0, 0, 0, 0, 0, 0
0, 0, 0, 0, 0, 0, 0
0, 0, 0, 0, 0, 0, 0
0, 0, 0, 0, 0, 0, 0
0, 0, 0, 0, 0, 0, 0
0, 0, 0, 0, 0, 0, 0
0, 0, 0, 0, 0, 0, 0
0, 0, 0, 0, 0, 0, 0
0, 0, 0, 0, 0, 0, 0
0, 0, 0, 0, 0, 0, 0
0, 0, 0, 0, 0, 0, 0
0, 0, 0, 0, 0, 0, 0
0, 0, 0, 0, 0, 0, 0
0, 0, 0, 0, 0, 0, 0
0, 0, 0, 0, 0, 0, 0
0, 0, 0, 0, 0, 0, 0
0, 0, 0, 0, 0, 0, 0
0, 0, 0, 0, 0, 0, 0
0, 0, 0, 0, 0, 0, 0
0, 0, 0, 0, 0, 0, 0
0, 0, 0, 0, 0, 0, 0
0, 0, 0, 0, 0, 0, 0
0, 0, 0, 0, 0, 0, 0
0, 0, 0, 0, 0, 0, 0
0, 0, 0, 0, 0, 0, 0
0, 0, 0, 0, 0, 0, 0
0, 0, 0, 0, 0, 0, 0
0, 0, 0, 0, 0, 0, 0
0, 0, 0, 0, 0, 0, 0
0, 0, 0, 0, 0, 0, 0
0, 0, 0, 0, 0, 0, 0
0, 0, 0, 0, 0, 0, 0
0, 0, 0, 0, 0, 0, 0
0, 0, 0, 0, 0, 0, 0
0, 0, 0, 0, 0, 0, 0
0, 0, 0, 0, 0, 0, 0
0, 0, 0, 0, 0, 0, 0
0, 0, 0, 0, 0, 0, 0
0, 0, 0, 0, 0, 0, 0
0, 0, 0, 0, 0, 0, 0
0, 0, 0, 0, 0, 0, 0
0, 0, 0, 0, 0, 0, 0
0, 0, 0, 0, 0, 0, 0
0, 0, 0, 0, 0, 0, 0
0, 0, 0, 0, 0, 0, 0
0, 0, 0, 0, 0, 0, 0
0, 0, 0, 0, 0, 0, 0
0, 0, 0, 0, 0, 0, 0
0, 0, 0, 0, 0, 0, 0
0, 0, 0, 0, 0, 0, 0
0, 0, 0, 0, 0, 0, 0
0, 0, 0, 0, 0, 0, 0
0, 0, 0, 0, 0, 0, 0
0, 0, 0, 0, 0, 0, 0
0, 0, 0, 0, 0, 0, 0
0, 0, 0, 0, 0, 0, 0
0, 0, 0, 0, 0, 0, 0
0, 0, 0, 0, 0, 0, 0
0, 0, 0, 0, 0, 0, 0
0, 0, 0, 0, 0, 0, 0
0, 0, 0, 0, 0, 0, 0
0, 0, 0, 0, 0, 0, 0
0, 0, 0, 0, 0, 0, 0
0, 0, 0, 0, 0, 0, 0
0, 0, 0, 0, 0, 0, 0
0, 0, 0, 0, 0, 0, 0
0, 0, 0, 0, 0, 0, 0
0, 0, 0, 0, 0, 0, 0
0, 0, 0, 0, 0, 0, 0
0, 0, 0, 0, 0, 0, 0
0, 0, 0, 0, 0, 0, 0
0, 0, 0, 0, 0, 0, 0
0, 0, 0, 0, 0, 0, 0
0, 0, 0, 0, 0, 0, 0
0, 0, 0, 0, 0, 0, 0
0, 0, 0, 0, 0, 0, 0
0, 0, 0, 0, 0, 0, 0
0, 0, 0, 0, 0, 0, 0
0, 0, 0, 0, 0, 0, 0
0, 0, 0, 0, 0, 0, 0
0, 0, 0, 0, 0, 0, 0
0, 0, 0, 0, 0, 0, 0
0, 0, 0, 0, 0, 0, 0
0, 0, 0, 0, 0, 0, 0
0, 0, 0, 0, 0, 0, 0
0, 0, 0, 0, 0, 0, 0
0, 0, 0, 0, 0, 0, 0
0, 0, 0, 0, 0, 0, 0
0, 0, 0, 0, 0, 0, 0
0, 0, 0, 0, 0, 0, 0
0, 0, 0, 0, 0, 0, 0
0, 0, 0, 0, 0, 0, 0
0, 0, 0, 0, 0, 0, 0
0, 0, 0, 0, 0, 0, 0
0, 0, 0, 0, 0, 0, 0
0, 0, 0, 0, 0, 0, 0
0, 0, 0, 0, 0, 0, 0
0, 0, 0, 0, 0, 0, 0
0, 0, 0, 0, 0, 0, 0
0, 0, 0, 0, 0, 0, 0
0, 0, 0, 0, 0, 0, 0
0, 0, 0, 0, 0, 0, 0
0, 0, 0, 0, 0, 0, 0
8.879411, 9.042451499999999, 9.2257235, 9.497048099999999, 9.681972, 15.271182799999993, 52.853195
8.88946825, 9.039436, 9.229436750000001, 9.495343499999999, 9.73320785, 14.195412589999998, 32.855096
8.881942500000001, 9.0338165, 9.228644500000001, 9.530930699999999, 9.76471995, 16.399752799999998, 21.371576
8.897482, 9.04318, 9.227455749999999, 9.4795583, 9.724504, 10.898185779999999, 52.853195
8.89775175, 9.0385725, 9.254476, 9.5093143, 9.72003565, 14.105136, 36.893046
8.87655075, 9.043046, 9.249992, 9.556849399999999, 9.799428, 16.474112, 19.892145
8.881664, 9.038043, 9.25706, 9.517206, 9.79556895, 17.079444, 52.853195
8.893519, 9.04848, 9.261625, 9.552782100000002, 9.82519, 14.433754919999998, 22.552578
8.91227775, 9.056842499999998, 9.25355775, 9.5169195, 9.778573249999999, 16.662904129999998, 36.893046
8.88552125, 9.0442675, 9.23089675, 9.501127499999999, 9.7016247, 11.19798953, 52.853195
8.8828005, 9.038328499999999, 9.2375985, 9.5244973, 9.755951, 11.989245659999984, 19.656824
8.886614999999999, 9.0385205, 9.233669, 9.512666, 9.74882295, 15.723825249999997, 36.893046
8.8771875, 9.0362915, 9.232537, 9.5011822, 9.73552765, 14.672557599999998, 20.217992
8.884217249999999, 9.038689999999999, 9.23250175, 9.4953569, 9.723655, 16.39775888, 52.853195
8.8873895, 9.038547999999999, 9.247545, 9.4978316, 9.708630849999999, 10.89887151, 24.370709
8.89436175, 9.0343265, 9.24208175, 9.5232942, 9.752797, 14.786283509999993, 36.893046
8.88706575, 9.042525000000001, 9.256744, 9.550489500000001, 9.8428513, 16.794488989999998, 32.855096
8.8771255, 9.0393105, 9.246229, 9.4766244, 9.6896241, 10.691866289999998, 23.303856
8.88862575, 9.046997999999999, 9.23691475, 9.540496, 9.84281105, 16.65938649, 19.892145
8.886517999999999, 9.0332325, 9.22941375, 9.501127499999999, 9.772097, 14.416369, 52.853195
8.87614625, 9.042473999999999, 9.24200675, 9.491869300000001, 9.704121899999999, 14.433544179999998, 22.552578
8.89326275, 9.05604, 9.243571750000001, 9.5015827, 9.792362549999998, 16.184341939999996, 36.893046
8.881677, 9.038094000000001, 9.240451, 9.4831182, 9.6717677, 11.139805799999982, 22.552578
8.87742625, 9.038755, 9.232791500000001, 9.4856104, 9.710294750000001, 14.421194619999994, 52.853195
8.87399, 9.032710000000002, 9.240301500000001, 9.479545400000001, 9.67226835, 16.059206239999998, 32.855096
8.897496499999999, 9.049044, 9.2481455, 9.535717400000001, 9.81292495, 16.10014703, 21.371576
8.887669500000001, 9.0389705, 9.23760525, 9.516893, 9.77955705, 16.70684715, 24.370709
8.88895425, 9.052291, 9.248305, 9.547311, 9.775623999999999, 14.005221999999996, 20.217992
8.8995, 9.0515, 9.24672475, 9.5132366, 9.80820765, 11.826349019999988, 52.853195
8.88926675, 9.0417195, 9.21783125, 9.4696283, 9.671587, 10.841355819999999, 19.656824
8.870606, 9.0326015, 9.25049675, 9.4994128, 9.76154895, 14.90866716999999, 52.853195
8.88703775, 9.045713500000002, 9.2540785, 9.538589, 9.75794525, 11.0978168, 36.893046
8.886225, 9.033507, 9.23089675, 9.525030300000001, 9.712812399999999, 11.477034479999976, 19.656824
8.89038375, 9.0452565, 9.23727, 9.498971, 9.739920549999999, 14.431153, 52.853195
8.898266, 9.0443095, 9.2582025, 9.5275056, 9.8096397, 16.403291, 19.892145
8.87569575, 9.033719000000001, 9.232854249999999, 9.5325521, 9.767403649999999, 13.920596509999996, 36.893046
8.88047825, 9.040913, 9.23421025, 9.5247441, 9.75302625, 11.739113499999998, 20.217992
8.89617175, 9.041142, 9.241962, 9.5363588, 9.777065799999999, 14.60631635, 32.855096
8.898370499999999, 9.051539, 9.240229, 9.516140400000001, 9.7420457, 16.216124110000003, 24.370709
8.885633, 9.036681999999999, 9.2238025, 9.5011822, 9.808309549999999, 16.2613707, 32.855096
8.889626, 9.0489155, 9.24822675, 9.5475973, 9.808477049999999, 16.101588059999997, 52.853195
8.8782, 9.0394915, 9.22630275, 9.4843566, 9.777199649999998, 14.10601301, 24.370709
8.882302750000001, 9.0346615, 9.2301495, 9.5017857, 9.80764275, 14.41651684, 24.370709
8.8892335, 9.0383645, 9.23564, 9.500125200000001, 9.7399329, 14.786283509999993, 36.893046
8.88293425, 9.0365085, 9.228954250000001, 9.4736999, 9.66035375, 11.379028719999996, 22.552578
8.881341, 9.035346, 9.2379555, 9.4947206, 9.6929032, 13.163023519999998, 19.892145
8.89231225, 9.041131, 9.246753, 9.5335005, 9.778747, 16.45024849, 52.853195
8.9044855, 9.052755999999999, 9.24911075, 9.5126569, 9.7668639, 13.486703819999999, 32.855096
8.889367, 9.052855, 9.23776975, 9.4939296, 9.7334443, 16.032453369999995, 21.371576
8.881884750000001, 9.04031, 9.24094425, 9.4921123, 9.7560301, 14.454881349999996, 24.370709
8.900728749999999, 9.0515045, 9.25691275, 9.544210600000001, 9.86642915, 16.052758269999998, 52.853195
8.89924825, 9.043631, 9.24759375, 9.555565300000001, 9.80240635, 15.877605119999995, 52.853195
8.8819535, 9.048778500000001, 9.2402145, 9.4950941, 9.719174800000001, 14.67135192, 20.217992
8.885009749999998, 9.032823, 9.230787, 9.5279716, 9.758128, 14.605052, 23.303856
8.889293, 9.042874, 9.23244275, 9.5023594, 9.77878325, 12.012150029999985, 19.892145
8.87453575, 9.03384, 9.246392, 9.5075765, 9.75740985, 14.779568679999999, 21.371576
8.8871685, 9.048534, 9.245392500000001, 9.5347456, 9.7803109, 13.166617019999995, 19.587514
8.86862675, 9.0280315, 9.2374155, 9.500249, 9.773925, 11.75912201999998, 21.371576
8.86862675, 9.032847, 9.223474, 9.4993193, 9.7011959, 11.19798953, 19.656824
8.87536325, 9.0353665, 9.24198225, 9.4986456, 9.714102599999999, 14.432891989999998, 52.853195
8.865422500000001, 9.019971, 9.220728750000001, 9.483330200000001, 9.63458235, 11.987920839999985, 36.893046
8.88776525, 9.0394255, 9.2423635, 9.5013019, 9.77176545, 14.61622470999999, 36.893046
8.88892375, 9.034957, 9.233122250000001, 9.5127018, 9.689665699999999, 11.454111689999996, 23.303856
8.891346500000001, 9.046506, 9.248186, 9.4883678, 9.709119600000001, 11.136960509999998, 23.303856
8.886660000000001, 9.038688, 9.2395825, 9.5042532, 9.79333765, 13.267854259999991, 20.217992
8.885482249999999, 9.0357485, 9.23482525, 9.520845699999999, 9.7798149, 15.726185089999996, 23.303856
8.89516575, 9.037847, 9.230531, 9.5169909, 9.793376199999999, 12.009638469999988, 32.855096
8.891352, 9.045311, 9.23951275, 9.516987, 9.73065615, 13.234894149999999, 23.303856
8.880612249999999, 9.045269999999999, 9.236068249999999, 9.4842586, 9.730963, 16.39820255, 24.370709
8.891535, 9.052416999999998, 9.245126, 9.544048100000001, 9.81650155, 16.79299961, 24.370709
8.895831000000001, 9.050784499999999, 9.2594005, 9.4952373, 9.7717752, 15.575795179999995, 19.892145
8.898487000000001, 9.048865, 9.261173249999999, 9.544210600000001, 9.808389850000001, 14.10601301, 24.370709
8.892615, 9.045987499999999, 9.2431865, 9.5116438, 9.7401951, 11.94788134999997, 52.853195
8.888578500000001, 9.032392000000002, 9.2406915, 9.531997, 9.81290105, 14.79034823999999, 24.370709
8.88605475, 9.0295235, 9.209796, 9.468413400000001, 9.687134350000001, 13.737205269999999, 17.424684
8.885862, 9.038344500000001, 9.235567, 9.5383283, 9.73999115, 14.198692259999996, 24.370709
8.87902175, 9.037604, 9.2320315, 9.5197932, 9.7444467, 14.41651684, 36.893046
8.8937385, 9.0519505, 9.242909, 9.5265198, 9.76977545, 13.267854259999991, 24.370709
8.88679025, 9.0414065, 9.249988, 9.509410599999999, 9.75724995, 14.61622470999999, 52.853195
8.88679025, 9.0445135, 9.25452575, 9.546340599999999, 9.81386595, 16.400793039999996, 21.371576
8.8836445, 9.042517, 9.24957625, 9.513463400000001, 9.799549350000001, 11.01188323, 52.853195
8.886776000000001, 9.03765, 9.23564825, 9.5276637, 9.8021306, 14.198692259999996, 36.893046
8.874379, 9.0384225, 9.22069575, 9.5094197, 9.7844699, 15.874808489999998, 23.303856
8.883763, 9.040310999999999, 9.226755, 9.4845106, 9.71156165, 14.910927659999988, 19.373624
8.892255500000001, 9.045304000000002, 9.242042, 9.503872500000002, 9.7161937, 11.53147052, 23.303856
8.8922385, 9.049244, 9.23474575, 9.4946107, 9.76709205, 13.743481179999993, 32.855096
8.88914025, 9.041008, 9.231546, 9.5300344, 9.7997867, 11.442206650000001, 52.853195
8.883417999999999, 9.0429605, 9.2344005, 9.4951444, 9.7186073, 11.377272999999997, 24.370709
8.87636025, 9.047668, 9.246281, 9.5490382, 9.770963799999999, 16.478364629999998, 32.855096
8.883645, 9.0266315, 9.23396825, 9.491990000000001, 9.710388400000001, 13.72803882, 52.853195
8.88862575, 9.048752499999999, 9.246229, 9.5293054, 9.80859125, 14.745257449999986, 32.855096
8.87073, 9.038416, 9.23107175, 9.5239071, 9.7685258, 14.395243399999996, 21.371576
8.8919705, 9.0342085, 9.242338499999999, 9.499914200000001, 9.742632949999999, 12.018703149999979, 19.373624
8.876396, 9.0402625, 9.24518175, 9.5241, 9.8266677, 14.431153, 19.656824
8.8898585, 9.044384, 9.261939, 9.550232600000001, 9.808172899999999, 14.605914929999999, 23.303856
8.88993125, 9.044333, 9.25525975, 9.5321821, 9.7880819, 14.791664689999989, 52.853195
8.88236075, 9.041320500000001, 9.24293575, 9.502176700000001, 9.71816865, 11.985652159999988, 17.65558
8.89098875, 9.0362485, 9.22976225, 9.4860326, 9.770175, 11.827052069999986, 20.217992
8.889197, 9.038633, 9.23088325, 9.474789800000002, 9.6972295, 11.829582219999985, 36.893046
8.88743275, 9.0463165, 9.25184725, 9.5161365, 9.7399676, 14.400560809999993, 24.370709
8.87980425, 9.035567499999999, 9.22740475, 9.503744900000001, 9.7142541, 14.419988939999996, 21.371576
8.875328499999998, 9.0328585, 9.23869575, 9.5042655, 9.765896399999999, 13.920011019999997, 23.303856
8.907761, 9.0578535, 9.243213749999999, 9.5270358, 9.73872675, 15.723825249999997, 23.303856
8.8861435, 9.046623, 9.244939500000001, 9.5552892, 9.806931800000001, 16.030358099999997, 36.893046
8.89756375, 9.0455945, 9.24182925, 9.5132417, 9.72888105, 14.787802599999992, 22.552578
8.887354, 9.0446395, 9.244131, 9.490479700000002, 9.73476515, 13.739662779999989, 21.371576
8.87638275, 9.044431, 9.260108, 9.540626699999999, 9.80791975, 14.192837, 19.892145
8.882826999999999, 9.046184, 9.22261325, 9.4809799, 9.765848349999999, 16.254846599999997, 52.853195
8.89130675, 9.038972, 9.2589775, 9.5270508, 9.739889, 14.108248329999997, 23.303856
8.892911, 9.042874, 9.245764, 9.5306713, 9.779717, 14.786283509999993, 19.645042
8.8757875, 9.02441, 9.2241755, 9.4853692, 9.73992, 14.670271, 32.855096
8.8841905, 9.039436, 9.24551125, 9.541553200000001, 9.7738605, 16.37826, 32.855096
8.87526875, 9.0389605, 9.23566475, 9.4913097, 9.79318625, 13.728709089999999, 32.855096
8.87874775, 9.029970500000001, 9.220224250000001, 9.5186546, 9.799459050000001, 15.874124049999999, 21.371576
8.895927, 9.043535, 9.23025225, 9.518147899999999, 9.724776649999999, 14.111399509999995, 32.855096
8.8948035, 9.04524, 9.253328999999999, 9.4981394, 9.7301154, 14.39209222, 52.853195
8.89224775, 9.05237, 9.2542775, 9.551241, 9.7405376, 16.031646959999996, 21.371576
8.89254225, 9.039047, 9.247445, 9.5433882, 9.785272899999999, 16.10123487, 24.370709
8.878665999999999, 9.042463999999999, 9.2243, 9.5055714, 9.730227000000001, 14.744759209999987, 23.303856
8.87256, 9.030248499999999, 9.2127675, 9.4557403, 9.7104298, 14.452805489999998, 24.370709
8.877682, 9.030143, 9.222484999999999, 9.488711300000002, 9.740924999999999, 11.258593329999998, 32.855096
8.8790445, 9.0310785, 9.222335750000001, 9.4885874, 9.757534, 14.105136, 36.893046
8.879831249999999, 9.036018, 9.24661225, 9.5193985, 9.757234, 14.39224006, 23.303856
8.8786655, 9.038463499999999, 9.240623249999999, 9.5208795, 9.77906925, 14.395243399999996, 36.893046
8.881537250000001, 9.0387405, 9.235466500000001, 9.483145600000002, 9.7444467, 13.803562, 19.645042
8.886823249999999, 9.0389815, 9.2285745, 9.497408100000001, 9.7084584, 15.578333699999993, 32.855096
8.8752055, 9.028057, 9.2328625, 9.487021, 9.7355836, 13.920256239999995, 24.370709
8.882553, 9.038971, 9.225338, 9.4915, 9.705014949999999, 14.733161439999998, 24.370709
8.882146500000001, 9.0327885, 9.228037, 9.4692188, 9.70850295, 13.263205419999997, 19.656824
8.877885, 9.048123499999999, 9.225946, 9.5023808, 9.720343949999998, 13.920404079999996, 22.552578
8.8790785, 9.046616499999999, 9.236211999999998, 9.468292, 9.7104298, 16.1799103, 36.893046
8.87871825, 9.0393375, 9.2234415, 9.4741045, 9.713557699999999, 13.620834839999997, 20.217992
8.8885155, 9.051902, 9.2490475, 9.5107546, 9.7847513, 15.87359139, 52.853195
8.89254225, 9.0391045, 9.2386945, 9.5075592, 9.7359979, 14.67135192, 19.645042
8.89338425, 9.044704, 9.2488705, 9.549238, 9.84987185, 16.406390009999996, 23.303856
8.880941499999999, 9.028398500000002, 9.22958625, 9.465181300000001, 9.740332749999999, 14.744473659999988, 23.303856
8.885138249999999, 9.047792000000001, 9.242141, 9.5365733, 9.752797, 14.005562269999995, 36.893046
8.88774025, 9.025686499999999, 9.24704675, 9.4786994, 9.6697344, 11.442123, 36.893046
8.8868975, 9.033675, 9.23738425, 9.4811426, 9.72550245, 15.725606399999997, 36.893046
8.8838, 9.037548999999999, 9.243847, 9.4857992, 9.7444467, 14.195412589999998, 24.370709
8.874879, 9.03038, 9.2290285, 9.49209, 9.752836349999999, 10.8987708, 36.893046
8.88926675, 9.05034, 9.24018125, 9.4973877, 9.767620849999998, 11.740576719999998, 22.552578
8.88238, 9.043061, 9.24462775, 9.483548, 9.80661475, 16.216124110000003, 24.370709
8.890751, 9.041207, 9.24396925, 9.555706500000001, 9.8069094, 16.36254276, 36.893046
8.88750775, 9.042858500000001, 9.235567, 9.4952373, 9.735858799999999, 14.69174642, 32.855096
8.8866905, 9.039317, 9.22988475, 9.5248243, 9.73993815, 14.405151759999988, 24.370709
8.880488, 9.044516999999999, 9.2411765, 9.5042611, 9.733126949999999, 15.725686849999997, 19.502914
8.88357175, 9.0352255, 9.226803499999999, 9.5171895, 9.76154895, 11.939412759999978, 19.587514
0, 0, 0, 0, 0, 0, 0
0, 0, 0, 0, 0, 0, 0
0, 0, 0, 0, 0, 0, 0
0, 0, 0, 0, 0, 0, 0
0, 0, 0, 0, 0, 0, 0
0, 0, 0, 0, 0, 0, 0
0, 0, 0, 0, 0, 0, 0
0, 0, 0, 0, 0, 0, 0
0, 0, 0, 0, 0, 0, 0
0, 0, 0, 0, 0, 0, 0
0, 0, 0, 0, 0, 0, 0
0, 0, 0, 0, 0, 0, 0
0, 0, 0, 0, 0, 0, 0
0, 0, 0, 0, 0, 0, 0
0, 0, 0, 0, 0, 0, 0
0, 0, 0, 0, 0, 0, 0
0, 0, 0, 0, 0, 0, 0
0, 0, 0, 0, 0, 0, 0
0, 0, 0, 0, 0, 0, 0
0, 0, 0, 0, 0, 0, 0
0, 0, 0, 0, 0, 0, 0
0, 0, 0, 0, 0, 0, 0
0, 0, 0, 0, 0, 0, 0
0, 0, 0, 0, 0, 0, 0
0, 0, 0, 0, 0, 0, 0
0, 0, 0, 0, 0, 0, 0
0, 0, 0, 0, 0, 0, 0
0, 0, 0, 0, 0, 0, 0
0, 0, 0, 0, 0, 0, 0
0, 0, 0, 0, 0, 0, 0
0, 0, 0, 0, 0, 0, 0
0, 0, 0, 0, 0, 0, 0
0, 0, 0, 0, 0, 0, 0
0, 0, 0, 0, 0, 0, 0
0, 0, 0, 0, 0, 0, 0
0, 0, 0, 0, 0, 0, 0
0, 0, 0, 0, 0, 0, 0
0, 0, 0, 0, 0, 0, 0
0, 0, 0, 0, 0, 0, 0
0, 0, 0, 0, 0, 0, 0
0, 0, 0, 0, 0, 0, 0
0, 0, 0, 0, 0, 0, 0
0, 0, 0, 0, 0, 0, 0
0, 0, 0, 0, 0, 0, 0
0, 0, 0, 0, 0, 0, 0
0, 0, 0, 0, 0, 0, 0
0, 0, 0, 0, 0, 0, 0
0, 0, 0, 0, 0, 0, 0
0, 0, 0, 0, 0, 0, 0
0, 0, 0, 0, 0, 0, 0
0, 0, 0, 0, 0, 0, 0
0, 0, 0, 0, 0, 0, 0
0, 0, 0, 0, 0, 0, 0
0, 0, 0, 0, 0, 0, 0
0, 0, 0, 0, 0, 0, 0
0, 0, 0, 0, 0, 0, 0
0, 0, 0, 0, 0, 0, 0
0, 0, 0, 0, 0, 0, 0
0, 0, 0, 0, 0, 0, 0
0, 0, 0, 0, 0, 0, 0
0, 0, 0, 0, 0, 0, 0
0, 0, 0, 0, 0, 0, 0
0, 0, 0, 0, 0, 0, 0
0, 0, 0, 0, 0, 0, 0
0, 0, 0, 0, 0, 0, 0
0, 0, 0, 0, 0, 0, 0
0, 0, 0, 0, 0, 0, 0
0, 0, 0, 0, 0, 0, 0
0, 0, 0, 0, 0, 0, 0
0, 0, 0, 0, 0, 0, 0
0, 0, 0, 0, 0, 0, 0
0, 0, 0, 0, 0, 0, 0
0, 0, 0, 0, 0, 0, 0
0, 0, 0, 0, 0, 0, 0
0, 0, 0, 0, 0, 0, 0
0, 0, 0, 0, 0, 0, 0
0, 0, 0, 0, 0, 0, 0
0, 0, 0, 0, 0, 0, 0
0, 0, 0, 0, 0, 0, 0
0, 0, 0, 0, 0, 0, 0
0, 0, 0, 0, 0, 0, 0
0, 0, 0, 0, 0, 0, 0
0, 0, 0, 0, 0, 0, 0
0, 0, 0, 0, 0, 0, 0
0, 0, 0, 0, 0, 0, 0
0, 0, 0, 0, 0, 0, 0
0, 0, 0, 0, 0, 0, 0
0, 0, 0, 0, 0, 0, 0
0, 0, 0, 0, 0, 0, 0
0, 0, 0, 0, 0, 0, 0
0, 0, 0, 0, 0, 0, 0
0, 0, 0, 0, 0, 0, 0
0, 0, 0, 0, 0, 0, 0
0, 0, 0, 0, 0, 0, 0
0, 0, 0, 0, 0, 0, 0
0, 0, 0, 0, 0, 0, 0
0, 0, 0, 0, 0, 0, 0
0, 0, 0, 0, 0, 0, 0
0, 0, 0, 0, 0, 0, 0
0, 0, 0, 0, 0, 0, 0
0, 0, 0, 0, 0, 0, 0
0, 0, 0, 0, 0, 0, 0
0, 0, 0, 0, 0, 0, 0
0, 0, 0, 0, 0, 0, 0
0, 0, 0, 0, 0, 0, 0
0, 0, 0, 0, 0, 0, 0
0, 0, 0, 0, 0, 0, 0
0, 0, 0, 0, 0, 0, 0
8.884928500000001, 9.043046, 9.2360315, 9.5339688, 9.7719557, 13.810030339999994, 20.217992
8.89149175, 9.0334185, 9.224686250000001, 9.49209, 9.756442349999999, 14.39209222, 22.552578
8.888786249999999, 9.055171999999999, 9.2527835, 9.5028407, 9.7332338, 16.26121194, 23.303856
8.88910575, 9.028616, 9.230625, 9.5059529, 9.733377999999998, 14.198692259999996, 32.855096
8.9004805, 9.0535465, 9.24051725, 9.528366, 9.73320785, 11.827313539999986, 23.303856
8.8905785, 9.051886, 9.260305, 9.498878699999999, 9.740966649999999, 15.725606399999997, 32.855096
8.87633, 9.0337735, 9.212655, 9.4497437, 9.650375149999999, 14.10601301, 36.893046
8.890952, 9.060827, 9.24992975, 9.5347474, 9.839267600000001, 14.912543589999986, 32.855096
8.88286875, 9.036574, 9.226539500000001, 9.5121627, 9.730478, 16.44976985, 32.855096
8.8947125, 9.042455, 9.2187835, 9.4901826, 9.738270199999999, 14.005562269999995, 23.303856
8.89117325, 9.040566, 9.239491, 9.551059, 9.8269174, 16.030358099999997, 23.303856
8.87711825, 9.0282385, 9.21442875, 9.4951444, 9.71921725, 14.79156533999999, 36.893046
8.892609499999999, 9.049647, 9.232577500000001, 9.4829009, 9.733242500000001, 14.78930484999999, 36.893046
8.872437000000001, 9.034273, 9.22941375, 9.5044052, 9.735615150000001, 14.108248329999997, 23.303856
8.8886145, 9.0493195, 9.22831, 9.5174458, 9.74271205, 15.874124049999999, 36.893046
8.88769375, 9.038102, 9.237770999999999, 9.491849, 9.70805395, 14.607990789999999, 52.853195
8.87314, 9.0238505, 9.228873, 9.4856348, 9.77046135, 14.108248329999997, 52.853195
8.884268, 9.039182, 9.24024375, 9.511232900000001, 9.8130594, 14.69221518, 21.371576
8.8975305, 9.040565, 9.23800375, 9.5112921, 9.799428, 15.979274919999998, 19.587514
8.88974225, 9.037073, 9.22637225, 9.4971791, 9.72420895, 16.058708, 36.893046
8.8958215, 9.0543915, 9.248441, 9.5362907, 9.7672477, 13.48606768, 36.893046
8.880395, 9.026440000000001, 9.21001225, 9.4782414, 9.72604315, 10.429512849999998, 23.303856
8.88983975, 9.042713, 9.22982775, 9.4902425, 9.7047413, 15.266299859999997, 24.370709
8.876085250000001, 9.0432325, 9.2450265, 9.512666, 9.768439, 14.672557599999998, 32.855096
8.8936545, 9.0436885, 9.233803250000001, 9.477808300000001, 9.6897168, 11.012521609999999, 32.855096
8.892270499999999, 9.045501999999999, 9.224366499999999, 9.4969557, 9.671587, 13.738322099999998, 19.587514
8.8881305, 9.040089, 9.24747625, 9.5486165, 9.793893299999999, 16.050663, 52.853195
8.897383999999999, 9.057847500000001, 9.246532250000001, 9.4851253, 9.7412794, 14.391847, 36.893046
8.8727455, 9.037499, 9.2355685, 9.5136723, 9.7607981, 13.727953, 52.853195
8.900578, 9.044572, 9.24050575, 9.5128451, 9.80016605, 16.060277709999998, 23.303856
8.883105, 9.042676499999999, 9.22988475, 9.4989126, 9.71603135, 11.738098139999998, 19.645042
8.887823749999999, 9.046068, 9.2482635, 9.524666999999999, 9.81393625, 16.262064679999998, 52.853195
8.893595000000001, 9.042097, 9.24638675, 9.5112921, 9.80239, 14.458524319999992, 24.370709
8.897612250000002, 9.0543865, 9.246740500000001, 9.489023399999999, 9.7010591, 13.234894149999999, 22.552578
8.882022, 9.041209, 9.2432655, 9.4844143, 9.7354984, 13.555984059999998, 24.370709
8.8782775, 9.044455500000002, 9.23300725, 9.4936261, 9.764886350000001, 14.70315702999999, 19.656824
8.892609499999999, 9.044531500000002, 9.253446, 9.5387324, 9.8339305, 16.10164394, 52.853195
8.89128675, 9.045307999999999, 9.24966275, 9.4994183, 9.738185, 14.391847, 19.892145
8.888786249999999, 9.053368, 9.251868, 9.4982019, 9.7694701, 11.68220693, 24.370709
8.884573249999999, 9.032937, 9.224829999999999, 9.4942215, 9.713341, 10.953965839999999, 22.552578
8.89044925, 9.057133, 9.252187750000001, 9.5178359, 9.769433, 15.977419659999999, 24.370709
8.88141225, 9.0494565, 9.248286499999999, 9.4994128, 9.7223697, 13.622733749999995, 24.370709
8.881456250000001, 9.035064, 9.22622025, 9.4852094, 9.77454525, 16.03083744, 24.370709
8.8889145, 9.0445755, 9.2506715, 9.5239071, 9.773925, 16.26121194, 23.303856
8.884151000000001, 9.036433, 9.237469749999999, 9.4884586, 9.72493505, 14.10601301, 52.853195
8.89076, 9.0432005, 9.229032499999999, 9.496489200000001, 9.777560649999998, 12.00640526999999, 22.552578
8.891264249999999, 9.045452999999998, 9.24094425, 9.5121435, 9.764849250000001, 11.09823779, 20.217992
8.879165, 9.0374305, 9.23468225, 9.526094200000001, 9.7341068, 16.37895398, 32.855096
8.886895749999999, 9.033602, 9.2488705, 9.488588, 9.718939, 10.89774579, 20.217992
8.877067, 9.0435695, 9.2357435, 9.5323627, 9.782297250000001, 16.181786419999998, 36.893046
8.88985925, 9.056052999999999, 9.23842075, 9.4989349, 9.720548149999999, 16.059206239999998, 24.370709
8.87971875, 9.0395795, 9.242308, 9.5535422, 9.79201135, 11.257035629999999, 22.552578
8.893397, 9.043909, 9.264031750000001, 9.510187, 9.72887235, 14.432891989999998, 36.893046
8.889664250000001, 9.0386725, 9.2314945, 9.4904172, 9.724240100000001, 15.575011389999995, 32.855096
8.890539, 9.045202, 9.250064, 9.536277, 9.7992855, 14.907164919999992, 19.645042
8.883958, 9.037639, 9.23094325, 9.480288600000002, 9.744206, 16.098597, 36.893046
8.88863725, 9.038789, 9.229637, 9.4939899, 9.73924025, 13.918020919999998, 24.370709
8.8835265, 9.032164, 9.22542475, 9.5003407, 9.75770215, 14.69174642, 23.303856
8.897449, 9.03387, 9.229637, 9.491559200000001, 9.708477, 11.829582219999985, 36.893046
8.8975925, 9.037151, 9.22255475, 9.511196300000002, 9.7420457, 10.882320689999998, 18.166172
8.8909185, 9.034911000000001, 9.227974, 9.494096100000002, 9.7074605, 14.1948271, 36.893046
8.89216175, 9.048989500000001, 9.242282, 9.550332500000001, 9.7719557, 17.066317659999996, 32.855096
8.8770585, 9.029947, 9.22686375, 9.4831198, 9.74440445, 14.421194619999994, 52.853195
0, 0, 0, 0, 0, 0, 0
0, 0, 0, 0, 0, 0, 0
0, 0, 0, 0, 0, 0, 0
0, 0, 0, 0, 0, 0, 0
0, 0, 0, 0, 0, 0, 0
0, 0, 0, 0, 0, 0, 0
0, 0, 0, 0, 0, 0, 0
0, 0, 0, 0, 0, 0, 0
0, 0, 0, 0, 0, 0, 0
0, 0, 0, 0, 0, 0, 0
0, 0, 0, 0, 0, 0, 0
0, 0, 0, 0, 0, 0, 0
0, 0, 0, 0, 0, 0, 0
0, 0, 0, 0, 0, 0, 0
0, 0, 0, 0, 0, 0, 0
0, 0, 0, 0, 0, 0, 0
0, 0, 0, 0, 0, 0, 0
0, 0, 0, 0, 0, 0, 0
0, 0, 0, 0, 0, 0, 0
0, 0, 0, 0, 0, 0, 0
0, 0, 0, 0, 0, 0, 0
0, 0, 0, 0, 0, 0, 0
0, 0, 0, 0, 0, 0, 0
0, 0, 0, 0, 0, 0, 0
0, 0, 0, 0, 0, 0, 0
0, 0, 0, 0, 0, 0, 0
0, 0, 0, 0, 0, 0, 0
0, 0, 0, 0, 0, 0, 0
0, 0, 0, 0, 0, 0, 0
0, 0, 0, 0, 0, 0, 0
0, 0, 0, 0, 0, 0, 0
0, 0, 0, 0, 0, 0, 0
0, 0, 0, 0, 0, 0, 0
0, 0, 0, 0, 0, 0, 0
0, 0, 0, 0, 0, 0, 0
0, 0, 0, 0, 0, 0, 0
0, 0, 0, 0, 0, 0, 0
0, 0, 0, 0, 0, 0, 0
0, 0, 0, 0, 0, 0, 0
0, 0, 0, 0, 0, 0, 0
0, 0, 0, 0, 0, 0, 0
0, 0, 0, 0, 0, 0, 0
0, 0, 0, 0, 0, 0, 0
0, 0, 0, 0, 0, 0, 0
0, 0, 0, 0, 0, 0, 0
0, 0, 0, 0, 0, 0, 0
0, 0, 0, 0, 0, 0, 0
0, 0, 0, 0, 0, 0, 0
0, 0, 0, 0, 0, 0, 0
0, 0, 0, 0, 0, 0, 0
0, 0, 0, 0, 0, 0, 0
0, 0, 0, 0, 0, 0, 0
0, 0, 0, 0, 0, 0, 0
0, 0, 0, 0, 0, 0, 0
0, 0, 0, 0, 0, 0, 0
0, 0, 0, 0, 0, 0, 0
0, 0, 0, 0, 0, 0, 0
0, 0, 0, 0, 0, 0, 0
0, 0, 0, 0, 0, 0, 0
0, 0, 0, 0, 0, 0, 0
0, 0, 0, 0, 0, 0, 0
0, 0, 0, 0, 0, 0, 0
0, 0, 0, 0, 0, 0, 0
0, 0, 0, 0, 0, 0, 0
0, 0, 0, 0, 0, 0, 0
0, 0, 0, 0, 0, 0, 0
0, 0, 0, 0, 0, 0, 0
0, 0, 0, 0, 0, 0, 0
0, 0, 0, 0, 0, 0, 0
0, 0, 0, 0, 0, 0, 0
0, 0, 0, 0, 0, 0, 0
0, 0, 0, 0, 0, 0, 0
0, 0, 0, 0, 0, 0, 0
0, 0, 0, 0, 0, 0, 0
0, 0, 0, 0, 0, 0, 0
0, 0, 0, 0, 0, 0, 0
0, 0, 0, 0, 0, 0, 0
0, 0, 0, 0, 0, 0, 0
0, 0, 0, 0, 0, 0, 0
0, 0, 0, 0, 0, 0, 0
0, 0, 0, 0, 0, 0, 0
0, 0, 0, 0, 0, 0, 0
0, 0, 0, 0, 0, 0, 0
0, 0, 0, 0, 0, 0, 0
0, 0, 0, 0, 0, 0, 0
0, 0, 0, 0, 0, 0, 0
0, 0, 0, 0, 0, 0, 0
0, 0, 0, 0, 0, 0, 0
0, 0, 0, 0, 0, 0, 0
0, 0, 0, 0, 0, 0, 0
0, 0, 0, 0, 0, 0, 0
0, 0, 0, 0, 0, 0, 0
0, 0, 0, 0, 0, 0, 0
0, 0, 0, 0, 0, 0, 0
0, 0, 0, 0, 0, 0, 0
0, 0, 0, 0, 0, 0, 0
0, 0, 0, 0, 0, 0, 0
0, 0, 0, 0, 0, 0, 0
0, 0, 0, 0, 0, 0, 0
0, 0, 0, 0, 0, 0, 0
0, 0, 0, 0, 0, 0, 0
0, 0, 0, 0, 0, 0, 0
0, 0, 0, 0, 0, 0, 0
0, 0, 0, 0, 0, 0, 0
0, 0, 0, 0, 0, 0, 0
0, 0, 0, 0, 0, 0, 0
0, 0, 0, 0, 0, 0, 0
0, 0, 0, 0, 0, 0, 0
0, 0, 0, 0, 0, 0, 0
0, 0, 0, 0, 0, 0, 0
0, 0, 0, 0, 0, 0, 0
0, 0, 0, 0, 0, 0, 0
0, 0, 0, 0, 0, 0, 0
0, 0, 0, 0, 0, 0, 0
0, 0, 0, 0, 0, 0, 0
0, 0, 0, 0, 0, 0, 0
0, 0, 0, 0, 0, 0, 0
0, 0, 0, 0, 0, 0, 0
0, 0, 0, 0, 0, 0, 0
0, 0, 0, 0, 0, 0, 0
0, 0, 0, 0, 0, 0, 0
0, 0, 0, 0, 0, 0, 0
0, 0, 0, 0, 0, 0, 0
0, 0, 0, 0, 0, 0, 0
0, 0, 0, 0, 0, 0, 0
0, 0, 0, 0, 0, 0, 0
0, 0, 0, 0, 0, 0, 0
0, 0, 0, 0, 0, 0, 0
0, 0, 0, 0, 0, 0, 0
0, 0, 0, 0, 0, 0, 0
0, 0, 0, 0, 0, 0, 0
0, 0, 0, 0, 0, 0, 0
0, 0, 0, 0, 0, 0, 0
0, 0, 0, 0, 0, 0, 0
0, 0, 0, 0, 0, 0, 0
0, 0, 0, 0, 0, 0, 0
0, 0, 0, 0, 0, 0, 0
0, 0, 0, 0, 0, 0, 0
0, 0, 0, 0, 0, 0, 0
0, 0, 0, 0, 0, 0, 0
0, 0, 0, 0, 0, 0, 0
0, 0, 0, 0, 0, 0, 0
0, 0, 0, 0, 0, 0, 0
0, 0, 0, 0, 0, 0, 0
0, 0, 0, 0, 0, 0, 0
0, 0, 0, 0, 0, 0, 0
0, 0, 0, 0, 0, 0, 0
0, 0, 0, 0, 0, 0, 0
0, 0, 0, 0, 0, 0, 0
0, 0, 0, 0, 0, 0, 0
0, 0, 0, 0, 0, 0, 0
0, 0, 0, 0, 0, 0, 0
0, 0, 0, 0, 0, 0, 0
0, 0, 0, 0, 0, 0, 0
0, 0, 0, 0, 0, 0, 0
0, 0, 0, 0, 0, 0, 0
0, 0, 0, 0, 0, 0, 0
0, 0, 0, 0, 0, 0, 0
0, 0, 0, 0, 0, 0, 0
0, 0, 0, 0, 0, 0, 0
0, 0, 0, 0, 0, 0, 0
0, 0, 0, 0, 0, 0, 0
0, 0, 0, 0, 0, 0, 0
0, 0, 0, 0, 0, 0, 0
0, 0, 0, 0, 0, 0, 0
0, 0, 0, 0, 0, 0, 0
0, 0, 0, 0, 0, 0, 0
0, 0, 0, 0, 0, 0, 0
0, 0, 0, 0, 0, 0, 0
0, 0, 0, 0, 0, 0, 0
0, 0, 0, 0, 0, 0, 0
0, 0, 0, 0, 0, 0, 0
0, 0, 0, 0, 0, 0, 0
0, 0, 0, 0, 0, 0, 0
0, 0, 0, 0, 0, 0, 0
0, 0, 0, 0, 0, 0, 0
0, 0, 0, 0, 0, 0, 0
0, 0, 0, 0, 0, 0, 0
0, 0, 0, 0, 0, 0, 0
0, 0, 0, 0, 0, 0, 0
0, 0, 0, 0, 0, 0, 0
0, 0, 0, 0, 0, 0, 0
0, 0, 0, 0, 0, 0, 0
0, 0, 0, 0, 0, 0, 0
0, 0, 0, 0, 0, 0, 0
0, 0, 0, 0, 0, 0, 0
0, 0, 0, 0, 0, 0, 0
0, 0, 0, 0, 0, 0, 0
0, 0, 0, 0, 0, 0, 0
0, 0, 0, 0, 0, 0, 0
0, 0, 0, 0, 0, 0, 0
0, 0, 0, 0, 0, 0, 0
0, 0, 0, 0, 0, 0, 0
0, 0, 0, 0, 0, 0, 0
0, 0, 0, 0, 0, 0, 0
0, 0, 0, 0, 0, 0, 0
0, 0, 0, 0, 0, 0, 0
0, 0, 0, 0, 0, 0, 0
0, 0, 0, 0, 0, 0, 0
0, 0, 0, 0, 0, 0, 0
0, 0, 0, 0, 0, 0, 0
0, 0, 0, 0, 0, 0, 0
0, 0, 0, 0, 0, 0, 0
0, 0, 0, 0, 0, 0, 0
0, 0, 0, 0, 0, 0, 0
0, 0, 0, 0, 0, 0, 0
0, 0, 0, 0, 0, 0, 0
0, 0, 0, 0, 0, 0, 0
0, 0, 0, 0, 0, 0, 0
0, 0, 0, 0, 0, 0, 0
0, 0, 0, 0, 0, 0, 0
0, 0, 0, 0, 0, 0, 0
0, 0, 0, 0, 0, 0, 0
0, 0, 0, 0, 0, 0, 0
0, 0, 0, 0, 0, 0, 0
0, 0, 0, 0, 0, 0, 0
0, 0, 0, 0, 0, 0, 0
0, 0, 0, 0, 0, 0, 0
0, 0, 0, 0, 0, 0, 0
0, 0, 0, 0, 0, 0, 0
0, 0, 0, 0, 0, 0, 0
0, 0, 0, 0, 0, 0, 0
0, 0, 0, 0, 0, 0, 0
0, 0, 0, 0, 0, 0, 0
0, 0, 0, 0, 0, 0, 0
0, 0, 0, 0, 0, 0, 0
0, 0, 0, 0, 0, 0, 0
0, 0, 0, 0, 0, 0, 0
0, 0, 0, 0, 0, 0, 0
0, 0, 0, 0, 0, 0, 0
0, 0, 0, 0, 0, 0, 0
0, 0, 0, 0, 0, 0, 0
0, 0, 0, 0, 0, 0, 0
0, 0, 0, 0, 0, 0, 0
0, 0, 0, 0, 0, 0, 0
0, 0, 0, 0, 0, 0, 0
0, 0, 0, 0, 0, 0, 0
0, 0, 0, 0, 0, 0, 0
0, 0, 0, 0, 0, 0, 0
0, 0, 0, 0, 0, 0, 0
0, 0, 0, 0, 0, 0, 0
0, 0, 0, 0, 0, 0, 0
0, 0, 0, 0, 0, 0, 0
0, 0, 0, 0, 0, 0, 0
0, 0, 0, 0, 0, 0, 0
0, 0, 0, 0, 0, 0, 0
0, 0, 0, 0, 0, 0, 0
0, 0, 0, 0, 0, 0, 0
0, 0, 0, 0, 0, 0, 0
0, 0, 0, 0, 0, 0, 0
0, 0, 0, 0, 0, 0, 0
0, 0, 0, 0, 0, 0, 0
0, 0, 0, 0, 0, 0, 0
0, 0, 0, 0, 0, 0, 0
0, 0, 0, 0, 0, 0, 0
0, 0, 0, 0, 0, 0, 0
0, 0, 0, 0, 0, 0, 0
0, 0, 0, 0, 0, 0, 0
0, 0, 0, 0, 0, 0, 0
0, 0, 0, 0, 0, 0, 0
0, 0, 0, 0, 0, 0, 0
0, 0, 0, 0, 0, 0, 0
0, 0, 0, 0, 0, 0, 0
0, 0, 0, 0, 0, 0, 0
0, 0, 0, 0, 0, 0, 0
0, 0, 0, 0, 0, 0, 0
0, 0, 0, 0, 0, 0, 0
0, 0, 0, 0, 0, 0, 0
0, 0, 0, 0, 0, 0, 0
0, 0, 0, 0, 0, 0, 0
0, 0, 0, 0, 0, 0, 0
0, 0, 0, 0, 0, 0, 0
0, 0, 0, 0, 0, 0, 0
0, 0, 0, 0, 0, 0, 0
0, 0, 0, 0, 0, 0, 0
0, 0, 0, 0, 0, 0, 0
0, 0, 0, 0, 0, 0, 0
0, 0, 0, 0, 0, 0, 0
0, 0, 0, 0, 0, 0, 0
0, 0, 0, 0, 0, 0, 0
0, 0, 0, 0, 0, 0, 0
0, 0, 0, 0, 0, 0, 0
0, 0, 0, 0, 0, 0, 0
0, 0, 0, 0, 0, 0, 0
0, 0, 0, 0, 0, 0, 0
0, 0, 0, 0, 0, 0, 0
0, 0, 0, 0, 0, 0, 0
0, 0, 0, 0, 0, 0, 0
0, 0, 0, 0, 0, 0, 0
0, 0, 0, 0, 0, 0, 0
0, 0, 0, 0, 0, 0, 0
0, 0, 0, 0, 0, 0, 0
0, 0, 0, 0, 0, 0, 0
0, 0, 0, 0, 0, 0, 0
0, 0, 0, 0, 0, 0, 0
0, 0, 0, 0, 0, 0, 0
0, 0, 0, 0, 0, 0, 0
0, 0, 0, 0, 0, 0, 0
0, 0, 0, 0, 0, 0, 0
0, 0, 0, 0, 0, 0, 0
0, 0, 0, 0, 0, 0, 0
0, 0, 0, 0, 0, 0, 0
0, 0, 0, 0, 0, 0, 0
0, 0, 0, 0, 0, 0, 0
0, 0, 0, 0, 0, 0, 0
0, 0, 0, 0, 0, 0, 0
0, 0, 0, 0, 0, 0, 0
0, 0, 0, 0, 0, 0, 0
0, 0, 0, 0, 0, 0, 0
0, 0, 0, 0, 0, 0, 0
0, 0, 0, 0, 0, 0, 0
0, 0, 0, 0, 0, 0, 0
0, 0, 0, 0, 0, 0, 0
0, 0, 0, 0, 0, 0, 0
0, 0, 0, 0, 0, 0, 0
0, 0, 0, 0, 0, 0, 0
0, 0, 0, 0, 0, 0, 0
0, 0, 0, 0, 0, 0, 0
0, 0, 0, 0, 0, 0, 0
0, 0, 0, 0, 0, 0, 0
0, 0, 0, 0, 0, 0, 0
0, 0, 0, 0, 0, 0, 0
0, 0, 0, 0, 0, 0, 0
0, 0, 0, 0, 0, 0, 0
0, 0, 0, 0, 0, 0, 0
0, 0, 0, 0, 0, 0, 0
0, 0, 0, 0, 0, 0, 0
0, 0, 0, 0, 0, 0, 0
0, 0, 0, 0, 0, 0, 0
0, 0, 0, 0, 0, 0, 0
0, 0, 0, 0, 0, 0, 0
0, 0, 0, 0, 0, 0, 0
0, 0, 0, 0, 0, 0, 0
0, 0, 0, 0, 0, 0, 0
0, 0, 0, 0, 0, 0, 0
0, 0, 0, 0, 0, 0, 0
0, 0, 0, 0, 0, 0, 0
0, 0, 0, 0, 0, 0, 0
0, 0, 0, 0, 0, 0, 0
0, 0, 0, 0, 0, 0, 0
0, 0, 0, 0, 0, 0, 0
0, 0, 0, 0, 0, 0, 0
0, 0, 0, 0, 0, 0, 0
0, 0, 0, 0, 0, 0, 0
0, 0, 0, 0, 0, 0, 0
0, 0, 0, 0, 0, 0, 0
0, 0, 0, 0, 0, 0, 0
0, 0, 0, 0, 0, 0, 0
0, 0, 0, 0, 0, 0, 0
0, 0, 0, 0, 0, 0, 0
0, 0, 0, 0, 0, 0, 0
0, 0, 0, 0, 0, 0, 0
0, 0, 0, 0, 0, 0, 0
0, 0, 0, 0, 0, 0, 0
0, 0, 0, 0, 0, 0, 0
0, 0, 0, 0, 0, 0, 0
0, 0, 0, 0, 0, 0, 0
0, 0, 0, 0, 0, 0, 0
0, 0, 0, 0, 0, 0, 0
0, 0, 0, 0, 0, 0, 0
0, 0, 0, 0, 0, 0, 0
0, 0, 0, 0, 0, 0, 0
0, 0, 0, 0, 0, 0, 0
0, 0, 0, 0, 0, 0, 0
0, 0, 0, 0, 0, 0, 0
0, 0, 0, 0, 0, 0, 0
0, 0, 0, 0, 0, 0, 0
0, 0, 0, 0, 0, 0, 0
0, 0, 0, 0, 0, 0, 0
0, 0, 0, 0, 0, 0, 0
0, 0, 0, 0, 0, 0, 0
0, 0, 0, 0, 0, 0, 0
0, 0, 0, 0, 0, 0, 0
0, 0, 0, 0, 0, 0, 0
0, 0, 0, 0, 0, 0, 0
0, 0, 0, 0, 0, 0, 0
0, 0, 0, 0, 0, 0, 0
0, 0, 0, 0, 0, 0, 0
0, 0, 0, 0, 0, 0, 0
0, 0, 0, 0, 0, 0, 0
0, 0, 0, 0, 0, 0, 0
0, 0, 0, 0, 0, 0, 0
0, 0, 0, 0, 0, 0, 0
0, 0, 0, 0, 0, 0, 0
0, 0, 0, 0, 0, 0, 0
0, 0, 0, 0, 0, 0, 0
0, 0, 0, 0, 0, 0, 0
0, 0, 0, 0, 0, 0, 0
0, 0, 0, 0, 0, 0, 0
0, 0, 0, 0, 0, 0, 0
0, 0, 0, 0, 0, 0, 0
0, 0, 0, 0, 0, 0, 0
0, 0, 0, 0, 0, 0, 0
0, 0, 0, 0, 0, 0, 0
0, 0, 0, 0, 0, 0, 0
0, 0, 0, 0, 0, 0, 0
0, 0, 0, 0, 0, 0, 0
0, 0, 0, 0, 0, 0, 0
0, 0, 0, 0, 0, 0, 0
0, 0, 0, 0, 0, 0, 0
0, 0, 0, 0, 0, 0, 0
0, 0, 0, 0, 0, 0, 0
0, 0, 0, 0, 0, 0, 0
0, 0, 0, 0, 0, 0, 0
0, 0, 0, 0, 0, 0, 0
0, 0, 0, 0, 0, 0, 0
0, 0, 0, 0, 0, 0, 0
0, 0, 0, 0, 0, 0, 0
0, 0, 0, 0, 0, 0, 0
0, 0, 0, 0, 0, 0, 0
0, 0, 0, 0, 0, 0, 0
0, 0, 0, 0, 0, 0, 0
0, 0, 0, 0, 0, 0, 0
0, 0, 0, 0, 0, 0, 0
0, 0, 0, 0, 0, 0, 0
0, 0, 0, 0, 0, 0, 0
0, 0, 0, 0, 0, 0, 0
0, 0, 0, 0, 0, 0, 0
0, 0, 0, 0, 0, 0, 0
0, 0, 0, 0, 0, 0, 0
0, 0, 0, 0, 0, 0, 0
0, 0, 0, 0, 0, 0, 0
0, 0, 0, 0, 0, 0, 0
0, 0, 0, 0, 0, 0, 0
0, 0, 0, 0, 0, 0, 0
0, 0, 0, 0, 0, 0, 0
0, 0, 0, 0, 0, 0, 0
0, 0, 0, 0, 0, 0, 0
0, 0, 0, 0, 0, 0, 0
0, 0, 0, 0, 0, 0, 0
0, 0, 0, 0, 0, 0, 0
0, 0, 0, 0, 0, 0, 0
0, 0, 0, 0, 0, 0, 0
0, 0, 0, 0, 0, 0, 0
0, 0, 0, 0, 0, 0, 0
0, 0, 0, 0, 0, 0, 0
0, 0, 0, 0, 0, 0, 0
0, 0, 0, 0, 0, 0, 0
0, 0, 0, 0, 0, 0, 0
0, 0, 0, 0, 0, 0, 0
0, 0, 0, 0, 0, 0, 0
0, 0, 0, 0, 0, 0, 0
0, 0, 0, 0, 0, 0, 0
0, 0, 0, 0, 0, 0, 0
0, 0, 0, 0, 0, 0, 0
0, 0, 0, 0, 0, 0, 0
0, 0, 0, 0, 0, 0, 0
0, 0, 0, 0, 0, 0, 0
0, 0, 0, 0, 0, 0, 0
0, 0, 0, 0, 0, 0, 0
0, 0, 0, 0, 0, 0, 0
0, 0, 0, 0, 0, 0, 0
0, 0, 0, 0, 0, 0, 0
0, 0, 0, 0, 0, 0, 0
0, 0, 0, 0, 0, 0, 0
0, 0, 0, 0, 0, 0, 0
0, 0, 0, 0, 0, 0, 0
0, 0, 0, 0, 0, 0, 0
0, 0, 0, 0, 0, 0, 0
0, 0, 0, 0, 0, 0, 0
0, 0, 0, 0, 0, 0, 0
0, 0, 0, 0, 0, 0, 0
0, 0, 0, 0, 0, 0, 0
0, 0, 0, 0, 0, 0, 0
0, 0, 0, 0, 0, 0, 0
0, 0, 0, 0, 0, 0, 0
0, 0, 0, 0, 0, 0, 0
0, 0, 0, 0, 0, 0, 0
0, 0, 0, 0, 0, 0, 0
0, 0, 0, 0, 0, 0, 0
0, 0, 0, 0, 0, 0, 0
0, 0, 0, 0, 0, 0, 0
0, 0, 0, 0, 0, 0, 0
0, 0, 0, 0, 0, 0, 0
0, 0, 0, 0, 0, 0, 0
0, 0, 0, 0, 0, 0, 0
0, 0, 0, 0, 0, 0, 0
0, 0, 0, 0, 0, 0, 0
0, 0, 0, 0, 0, 0, 0
0, 0, 0, 0, 0, 0, 0
0, 0, 0, 0, 0, 0, 0
0, 0, 0, 0, 0, 0, 0
0, 0, 0, 0, 0, 0, 0
0, 0, 0, 0, 0, 0, 0
0, 0, 0, 0, 0, 0, 0
0, 0, 0, 0, 0, 0, 0
0, 0, 0, 0, 0, 0, 0
0, 0, 0, 0, 0, 0, 0
0, 0, 0, 0, 0, 0, 0
0, 0, 0, 0, 0, 0, 0
0, 0, 0, 0, 0, 0, 0
0, 0, 0, 0, 0, 0, 0
0, 0, 0, 0, 0, 0, 0
0, 0, 0, 0, 0, 0, 0
0, 0, 0, 0, 0, 0, 0
0, 0, 0, 0, 0, 0, 0
0, 0, 0, 0, 0, 0, 0
0, 0, 0, 0, 0, 0, 0
0, 0, 0, 0, 0, 0, 0
0, 0, 0, 0, 0, 0, 0
0, 0, 0, 0, 0, 0, 0
0, 0, 0, 0, 0, 0, 0
0, 0, 0, 0, 0, 0, 0
0, 0, 0, 0, 0, 0, 0
0, 0, 0, 0, 0, 0, 0
0, 0, 0, 0, 0, 0, 0
0, 0, 0, 0, 0, 0, 0
0, 0, 0, 0, 0, 0, 0
0, 0, 0, 0, 0, 0, 0
0, 0, 0, 0, 0, 0, 0
0, 0, 0, 0, 0, 0, 0
0, 0, 0, 0, 0, 0, 0
0, 0, 0, 0, 0, 0, 0
0, 0, 0, 0, 0, 0, 0
0, 0, 0, 0, 0, 0, 0
0, 0, 0, 0, 0, 0, 0
0, 0, 0, 0, 0, 0, 0
0, 0, 0, 0, 0, 0, 0
0, 0, 0, 0, 0, 0, 0
0, 0, 0, 0, 0, 0, 0
0, 0, 0, 0, 0, 0, 0
0, 0, 0, 0, 0, 0, 0
0, 0, 0, 0, 0, 0, 0
0, 0, 0, 0, 0, 0, 0
0, 0, 0, 0, 0, 0, 0
0, 0, 0, 0, 0, 0, 0
0, 0, 0, 0, 0, 0, 0
0, 0, 0, 0, 0, 0, 0
0, 0, 0, 0, 0, 0, 0
0, 0, 0, 0, 0, 0, 0
0, 0, 0, 0, 0, 0, 0
0, 0, 0, 0, 0, 0, 0
0, 0, 0, 0, 0, 0, 0
0, 0, 0, 0, 0, 0, 0
0, 0, 0, 0, 0, 0, 0
0, 0, 0, 0, 0, 0, 0
0, 0, 0, 0, 0, 0, 0
0, 0, 0, 0, 0, 0, 0
0, 0, 0, 0, 0, 0, 0
0, 0, 0, 0, 0, 0, 0
0, 0, 0, 0, 0, 0, 0
0, 0, 0, 0, 0, 0, 0
0, 0, 0, 0, 0, 0, 0
0, 0, 0, 0, 0, 0, 0
0, 0, 0, 0, 0, 0, 0
0, 0, 0, 0, 0, 0, 0
0, 0, 0, 0, 0, 0, 0
0, 0, 0, 0, 0, 0, 0
0, 0, 0, 0, 0, 0, 0
0, 0, 0, 0, 0, 0, 0
0, 0, 0, 0, 0, 0, 0
0, 0, 0, 0, 0, 0, 0
0, 0, 0, 0, 0, 0, 0
0, 0, 0, 0, 0, 0, 0
0, 0, 0, 0, 0, 0, 0
0, 0, 0, 0, 0, 0, 0
0, 0, 0, 0, 0, 0, 0
0, 0, 0, 0, 0, 0, 0
0, 0, 0, 0, 0, 0, 0
0, 0, 0, 0, 0, 0, 0
0, 0, 0, 0, 0, 0, 0
0, 0, 0, 0, 0, 0, 0
0, 0, 0, 0, 0, 0, 0
0, 0, 0, 0, 0, 0, 0
0, 0, 0, 0, 0, 0, 0
0, 0, 0, 0, 0, 0, 0
0, 0, 0, 0, 0, 0, 0
0, 0, 0, 0, 0, 0, 0
0, 0, 0, 0, 0, 0, 0
0, 0, 0, 0, 0, 0, 0
0, 0, 0, 0, 0, 0, 0
0, 0, 0, 0, 0, 0, 0
0, 0, 0, 0, 0, 0, 0
0, 0, 0, 0, 0, 0, 0
0, 0, 0, 0, 0, 0, 0
0, 0, 0, 0, 0, 0, 0
0, 0, 0, 0, 0, 0, 0
0, 0, 0, 0, 0, 0, 0
0, 0, 0, 0, 0, 0, 0
0, 0, 0, 0, 0, 0, 0
0, 0, 0, 0, 0, 0, 0
0, 0, 0, 0, 0, 0, 0
0, 0, 0, 0, 0, 0, 0
0, 0, 0, 0, 0, 0, 0
0, 0, 0, 0, 0, 0, 0
0, 0, 0, 0, 0, 0, 0
0, 0, 0, 0, 0, 0, 0
0, 0, 0, 0, 0, 0, 0
0, 0, 0, 0, 0, 0, 0
0, 0, 0, 0, 0, 0, 0
0, 0, 0, 0, 0, 0, 0
0, 0, 0, 0, 0, 0, 0
0, 0, 0, 0, 0, 0, 0
0, 0, 0, 0, 0, 0, 0
0, 0, 0, 0, 0, 0, 0
0, 0, 0, 0, 0, 0, 0
0, 0, 0, 0, 0, 0, 0
0, 0, 0, 0, 0, 0, 0
0, 0, 0, 0, 0, 0, 0
0, 0, 0, 0, 0, 0, 0
0, 0, 0, 0, 0, 0, 0
0, 0, 0, 0, 0, 0, 0
0, 0, 0, 0, 0, 0, 0
0, 0, 0, 0, 0, 0, 0
0, 0, 0, 0, 0, 0, 0
0, 0, 0, 0, 0, 0, 0
0, 0, 0, 0, 0, 0, 0
0, 0, 0, 0, 0, 0, 0
0, 0, 0, 0, 0, 0, 0
0, 0, 0, 0, 0, 0, 0
0, 0, 0, 0, 0, 0, 0
0, 0, 0, 0, 0, 0, 0
0, 0, 0, 0, 0, 0, 0
0, 0, 0, 0, 0, 0, 0
0, 0, 0, 0, 0, 0, 0
0, 0, 0, 0, 0, 0, 0
0, 0, 0, 0, 0, 0, 0
0, 0, 0, 0, 0, 0, 0
0, 0, 0, 0, 0, 0, 0
0, 0, 0, 0, 0, 0, 0
0, 0, 0, 0, 0, 0, 0
0, 0, 0, 0, 0, 0, 0
0, 0, 0, 0, 0, 0, 0
0, 0, 0, 0, 0, 0, 0
0, 0, 0, 0, 0, 0, 0
0, 0, 0, 0, 0, 0, 0
0, 0, 0, 0, 0, 0, 0
0, 0, 0, 0, 0, 0, 0
0, 0, 0, 0, 0, 0, 0
0, 0, 0, 0, 0, 0, 0
0, 0, 0, 0, 0, 0, 0
0, 0, 0, 0, 0, 0, 0
0, 0, 0, 0, 0, 0, 0
0, 0, 0, 0, 0, 0, 0
0, 0, 0, 0, 0, 0, 0
0, 0, 0, 0, 0, 0, 0
0, 0, 0, 0, 0, 0, 0
0, 0, 0, 0, 0, 0, 0
0, 0, 0, 0, 0, 0, 0
0, 0, 0, 0, 0, 0, 0
0, 0, 0, 0, 0, 0, 0
0, 0, 0, 0, 0, 0, 0
0, 0, 0, 0, 0, 0, 0
0, 0, 0, 0, 0, 0, 0
0, 0, 0, 0, 0, 0, 0
0, 0, 0, 0, 0, 0, 0
0, 0, 0, 0, 0, 0, 0
0, 0, 0, 0, 0, 0, 0
0, 0, 0, 0, 0, 0, 0
0, 0, 0, 0, 0, 0, 0
0, 0, 0, 0, 0, 0, 0
0, 0, 0, 0, 0, 0, 0
0, 0, 0, 0, 0, 0, 0
0, 0, 0, 0, 0, 0, 0
0, 0, 0, 0, 0, 0, 0
0, 0, 0, 0, 0, 0, 0
0, 0, 0, 0, 0, 0, 0
0, 0, 0, 0, 0, 0, 0
0, 0, 0, 0, 0, 0, 0
0, 0, 0, 0, 0, 0, 0
0, 0, 0, 0, 0, 0, 0
0, 0, 0, 0, 0, 0, 0
0, 0, 0, 0, 0, 0, 0
0, 0, 0, 0, 0, 0, 0
0, 0, 0, 0, 0, 0, 0
0, 0, 0, 0, 0, 0, 0
0, 0, 0, 0, 0, 0, 0
0, 0, 0, 0, 0, 0, 0
0, 0, 0, 0, 0, 0, 0
0, 0, 0, 0, 0, 0, 0
0, 0, 0, 0, 0, 0, 0
0, 0, 0, 0, 0, 0, 0
0, 0, 0, 0, 0, 0, 0
0, 0, 0, 0, 0, 0, 0
0, 0, 0, 0, 0, 0, 0
0, 0, 0, 0, 0, 0, 0
0, 0, 0, 0, 0, 0, 0
0, 0, 0, 0, 0, 0, 0
0, 0, 0, 0, 0, 0, 0
0, 0, 0, 0, 0, 0, 0
0, 0, 0, 0, 0, 0, 0
0, 0, 0, 0, 0, 0, 0
0, 0, 0, 0, 0, 0, 0
0, 0, 0, 0, 0, 0, 0
0, 0, 0, 0, 0, 0, 0
0, 0, 0, 0, 0, 0, 0
0, 0, 0, 0, 0, 0, 0
0, 0, 0, 0, 0, 0, 0
0, 0, 0, 0, 0, 0, 0
0, 0, 0, 0, 0, 0, 0
0, 0, 0, 0, 0, 0, 0
0, 0, 0, 0, 0, 0, 0
0, 0, 0, 0, 0, 0, 0
0, 0, 0, 0, 0, 0, 0
0, 0, 0, 0, 0, 0, 0
0, 0, 0, 0, 0, 0, 0
0, 0, 0, 0, 0, 0, 0
0, 0, 0, 0, 0, 0, 0
0, 0, 0, 0, 0, 0, 0
0, 0, 0, 0, 0, 0, 0
0, 0, 0, 0, 0, 0, 0
0, 0, 0, 0, 0, 0, 0
0, 0, 0, 0, 0, 0, 0
0, 0, 0, 0, 0, 0, 0
0, 0, 0, 0, 0, 0, 0
0, 0, 0, 0, 0, 0, 0
0, 0, 0, 0, 0, 0, 0
0, 0, 0, 0, 0, 0, 0
0, 0, 0, 0, 0, 0, 0
0, 0, 0, 0, 0, 0, 0
0, 0, 0, 0, 0, 0, 0
0, 0, 0, 0, 0, 0, 0
0, 0, 0, 0, 0, 0, 0
0, 0, 0, 0, 0, 0, 0
0, 0, 0, 0, 0, 0, 0
0, 0, 0, 0, 0, 0, 0
0, 0, 0, 0, 0, 0, 0
0, 0, 0, 0, 0, 0, 0
0, 0, 0, 0, 0, 0, 0
0, 0, 0, 0, 0, 0, 0
0, 0, 0, 0, 0, 0, 0
0, 0, 0, 0, 0, 0, 0
0, 0, 0, 0, 0, 0, 0
0, 0, 0, 0, 0, 0, 0
0, 0, 0, 0, 0, 0, 0
0, 0, 0, 0, 0, 0, 0
0, 0, 0, 0, 0, 0, 0
0, 0, 0, 0, 0, 0, 0
0, 0, 0, 0, 0, 0, 0
0, 0, 0, 0, 0, 0, 0
0, 0, 0, 0, 0, 0, 0
0, 0, 0, 0, 0, 0, 0
0, 0, 0, 0, 0, 0, 0
0, 0, 0, 0, 0, 0, 0
0, 0, 0, 0, 0, 0, 0
0, 0, 0, 0, 0, 0, 0
0, 0, 0, 0, 0, 0, 0
0, 0, 0, 0, 0, 0, 0
0, 0, 0, 0, 0, 0, 0
0, 0, 0, 0, 0, 0, 0
0, 0, 0, 0, 0, 0, 0
0, 0, 0, 0, 0, 0, 0
0, 0, 0, 0, 0, 0, 0
0, 0, 0, 0, 0, 0, 0
0, 0, 0, 0, 0, 0, 0
0, 0, 0, 0, 0, 0, 0
0, 0, 0, 0, 0, 0, 0
0, 0, 0, 0, 0, 0, 0
0, 0, 0, 0, 0, 0, 0
0, 0, 0, 0, 0, 0, 0
0, 0, 0, 0, 0, 0, 0
0, 0, 0, 0, 0, 0, 0
0, 0, 0, 0, 0, 0, 0
0, 0, 0, 0, 0, 0, 0
0, 0, 0, 0, 0, 0, 0
0, 0, 0, 0, 0, 0, 0
0, 0, 0, 0, 0, 0, 0
0, 0, 0, 0, 0, 0, 0
0, 0, 0, 0, 0, 0, 0
0, 0, 0, 0, 0, 0, 0
0, 0, 0, 0, 0, 0, 0
0, 0, 0, 0, 0, 0, 0
0, 0, 0, 0, 0, 0, 0
0, 0, 0, 0, 0, 0, 0
0, 0, 0, 0, 0, 0, 0
0, 0, 0, 0, 0, 0, 0
0, 0, 0, 0, 0, 0, 0
0, 0, 0, 0, 0, 0, 0
0, 0, 0, 0, 0, 0, 0
0, 0, 0, 0, 0, 0, 0
0, 0, 0, 0, 0, 0, 0
0, 0, 0, 0, 0, 0, 0
0, 0, 0, 0, 0, 0, 0
0, 0, 0, 0, 0, 0, 0
0, 0, 0, 0, 0, 0, 0
0, 0, 0, 0, 0, 0, 0
0, 0, 0, 0, 0, 0, 0
0, 0, 0, 0, 0, 0, 0
0, 0, 0, 0, 0, 0, 0
0, 0, 0, 0, 0, 0, 0
0, 0, 0, 0, 0, 0, 0
0, 0, 0, 0, 0, 0, 0
0, 0, 0, 0, 0, 0, 0
0, 0, 0, 0, 0, 0, 0
0, 0, 0, 0, 0, 0, 0
0, 0, 0, 0, 0, 0, 0
0, 0, 0, 0, 0, 0, 0
0, 0, 0, 0, 0, 0, 0
0, 0, 0, 0, 0, 0, 0
0, 0, 0, 0, 0, 0, 0
0, 0, 0, 0, 0, 0, 0
0, 0, 0, 0, 0, 0, 0
0, 0, 0, 0, 0, 0, 0
0, 0, 0, 0, 0, 0, 0
0, 0, 0, 0, 0, 0, 0
0, 0, 0, 0, 0, 0, 0
0, 0, 0, 0, 0, 0, 0
0, 0, 0, 0, 0, 0, 0
8.88165, 9.0323815, 9.230738, 9.520845699999999, 9.756731349999999, 14.419118759999996, 19.645042
8.8789875, 9.0331485, 9.243542249999999, 9.508165, 9.717681, 14.447827439999985, 23.303856
8.878845, 9.045492, 9.224376, 9.4827545, 9.71177835, 10.692934589999998, 24.370709
8.8841905, 9.04285, 9.2377355, 9.504116, 9.7694701, 11.839039959999976, 36.893046
8.8753085, 9.028959, 9.23270825, 9.4843376, 9.678704, 14.391847, 19.656824
8.88839, 9.0399985, 9.2398135, 9.501929, 9.761134, 14.672557599999998, 36.893046
8.89446575, 9.027937999999999, 9.22486125, 9.4981142, 9.73456, 11.829582219999985, 32.855096
8.895194, 9.045269999999999, 9.23880325, 9.508177400000001, 9.753358699999998, 14.105136, 36.893046
8.885852499999999, 9.0542055, 9.26070775, 9.5263552, 9.7420457, 16.37845443, 36.893046
8.8968655, 9.039467, 9.255652, 9.525053999999999, 9.7741661, 17.066783119999997, 52.853195
8.883394, 9.0364875, 9.2430005, 9.582604, 9.9118604, 15.725686849999997, 36.893046
8.893819, 9.0482095, 9.259519, 9.531621800000002, 9.772188400000001, 14.002986679999998, 52.853195
8.890033, 9.045823, 9.250449, 9.522976700000001, 9.767522, 15.575216489999995, 36.893046
8.893315000000001, 9.0490835, 9.2423635, 9.5434081, 9.80740865, 15.722323, 32.855096
8.884618, 9.045993500000002, 9.247654, 9.5400703, 9.821566200000001, 16.66124832, 36.893046
8.893433000000002, 9.0454015, 9.22951675, 9.511504100000002, 9.7138567, 16.22058928, 24.370709
8.881508499999999, 9.041504, 9.2285745, 9.488570300000001, 9.757871199999999, 13.917143909999998, 32.855096
8.8786235, 9.0393945, 9.22952475, 9.4925902, 9.792107499999998, 16.747375299999998, 36.893046
8.880289999999999, 9.048055999999999, 9.243984, 9.5618317, 9.83015195, 14.60570419, 23.303856
8.893632, 9.0451645, 9.23377625, 9.5128809, 9.720504299999998, 13.491576569999994, 19.645042
8.874053, 9.0399985, 9.2374805, 9.479545400000001, 9.77604425, 15.978913619999998, 24.370709
8.889055, 9.033355499999999, 9.23841175, 9.511696500000001, 9.7486439, 15.269321199999995, 19.645042
8.88714425, 9.0382995, 9.226539500000001, 9.5132721, 9.7614846, 11.684780819999997, 21.371576
8.887261500000001, 9.0429605, 9.240497, 9.4978157, 9.7703625, 16.6032446, 36.893046
8.889664250000001, 9.038152499999999, 9.243125249999999, 9.510187, 9.757429, 14.39243249, 36.893046
8.88722275, 9.038321, 9.224529, 9.5062213, 9.77024415, 15.722323, 19.373624
8.872225, 9.032319, 9.23750925, 9.5121917, 9.799278, 14.672557599999998, 21.371576
8.897687, 9.045993500000002, 9.25044575, 9.5434495, 9.7719557, 11.813872359999998, 19.656824
8.886603999999998, 9.046056, 9.24271, 9.477015600000001, 9.6981273, 11.927834179999989, 19.645042
8.873505999999999, 9.0113205, 9.197237, 9.4769515, 10.077551349999997, 11.932675, 37.448702
8.868218, 9.0041655, 9.18776575, 9.4972017, 10.13297965, 12.222369769999998, 37.448702
8.86637275, 9.001630500000001, 9.17349475, 9.4190072, 9.733127, 11.795208, 37.448702
8.8705705, 9.012378, 9.18347, 9.4459915, 10.00357285, 11.9993765, 37.448702
8.8658375, 9.000985, 9.167861, 9.4450259, 9.904692049999998, 11.89655337, 37.448702
8.86238325, 9.002613499999999, 9.170885, 9.4388021, 9.9465109, 11.795411899999996, 35.330604
8.86896325, 8.9985645, 9.171059999999999, 9.437926599999999, 9.956152, 12.070439959999998, 35.487972
8.86896075, 9.0052885, 9.184591750000001, 9.465907699999999, 9.974629999999996, 12.278422649999987, 37.448702
8.865751, 9.004535, 9.192841249999999, 9.4945467, 9.992884999999998, 11.95896976999999, 37.448702
8.864668, 9.007407, 9.1673965, 9.440509200000001, 9.905667099999997, 11.95858713, 35.734803
8.868889750000001, 9.005575, 9.171387, 9.423044, 9.897551149999998, 11.87444791, 35.734803
8.8720325, 9.0048825, 9.183742500000001, 9.4558266, 10.004914499999996, 12.170301709999988, 33.51644
8.864083, 9.002112, 9.17261825, 9.4615627, 9.974308199999998, 11.932805169999993, 37.448702
8.865751, 9.000398, 9.173293, 9.462205, 9.9924313, 11.933283699999985, 35.734803
8.862533500000001, 9.005246, 9.18332825, 9.440324, 9.95179325, 12.007767, 37.448702
8.868995, 9.0077585, 9.18446625, 9.4521272, 9.9982166, 11.89486393, 35.487972
8.86837775, 9.006582, 9.182661, 9.465453, 9.960386299999998, 11.971314229999976, 35.487972
8.864362499999999, 9.0045545, 9.192852, 9.4614745, 10.065196599999998, 12.3281949, 35.487972
8.86406325, 9.0102555, 9.19090075, 9.456761, 9.985900799999998, 11.933379139999984, 37.448702
8.86071025, 8.9969225, 9.15844075, 9.422684, 9.879181, 11.993687219999996, 35.487972
8.8638835, 9.001824, 9.1856675, 9.4373368, 9.998991899999995, 11.913367709999996, 16.928153
8.868863750000001, 9.004046500000001, 9.1813675, 9.4570382, 9.972295, 12.00816916999999, 35.487972
8.86333275, 9.0047975, 9.174917749999999, 9.4613561, 9.971093949999998, 11.938931769999993, 37.448702
8.865039, 9.0102555, 9.1764525, 9.4658418, 9.965514549999998, 11.932545, 35.330604
8.863623, 8.99982, 9.1838085, 9.463549, 9.969540399999998, 11.961167169999998, 35.487972
8.860784500000001, 8.998431, 9.17668325, 9.4589768, 9.998736649999996, 12.3281949, 35.487972
8.873072500000001, 9.005355, 9.1756925, 9.4425307, 9.9465109, 11.832839339999985, 37.448702
8.86926975, 8.9996455, 9.170922, 9.4556702, 10.013985749999998, 12.054631639999997, 24.923449
8.869427, 9.0053975, 9.176884, 9.5031123, 10.0051396, 12.315896989999997, 37.448702
8.8679495, 9.005091499999999, 9.173490999999999, 9.4495739, 9.857085899999998, 11.961167169999998, 35.330604
8.867323, 9.0069885, 9.185218, 9.4435714, 10.033099, 12.222369769999998, 35.734803
8.863657, 8.9987155, 9.178767, 9.4414199, 9.9920452, 12.054610679999996, 35.734803
8.87359825, 9.0106395, 9.1813675, 9.461483, 10.004476299999999, 11.958911829999993, 37.448702
8.86343925, 9.003557, 9.19302725, 9.477174699999999, 10.160215449999999, 12.071947189999964, 37.448702
8.870433, 9.00173, 9.18101575, 9.4589483, 9.965311, 11.932805169999993, 33.51644
8.866242249999999, 9.00666, 9.1887285, 9.4456253, 9.998736649999996, 12.00816916999999, 37.448702
8.871360750000001, 9.0077585, 9.18990775, 9.4978913, 10.189417299999997, 12.009921709999949, 35.487972
8.868146000000001, 9.004046500000001, 9.187454, 9.4584845, 9.9812166, 11.83972962999999, 35.734803
8.8644865, 8.990359999999999, 9.151722, 9.4095263, 9.83147895, 11.896606799999999, 35.487972
8.869261, 9.010941, 9.1952815, 9.4807497, 10.160602099999998, 12.008233839999988, 35.487972
8.864466499999999, 9.000923499999999, 9.18286625, 9.460509, 10.020130399999994, 12.007767, 35.487972
8.85726, 8.9992485, 9.169539749999998, 9.437537, 9.916202749999998, 11.913367709999996, 35.734803
8.8632195, 9.004921, 9.17908725, 9.466656, 10.065196599999998, 12.348452759999994, 37.448702
8.861608, 8.998255, 9.17258575, 9.4347889, 9.8918188, 11.875314869999993, 37.448702
8.869214, 9.0030655, 9.195204, 9.4810989, 10.074340449999996, 11.932734399999998, 33.51644
8.8645, 9.003350000000001, 9.18719875, 9.4788792, 10.0044173, 11.903409949999995, 35.734803
8.86204775, 9.007574, 9.177127, 9.4810989, 10.07365615, 12.222369769999998, 35.734803
8.86165675, 9.000893, 9.179897500000001, 9.4408405, 9.969460699999999, 12.222709469999991, 35.734803
8.865466, 9.010952, 9.188849750000001, 9.4450592, 10.005544299999997, 12.223784589999987, 35.487972
8.874282, 9.0084165, 9.193279, 9.4432373, 9.973523249999994, 11.938931769999993, 35.734803
8.872269, 9.002539500000001, 9.169704, 9.4432373, 9.949789, 11.903409949999995, 33.51644
8.88954175, 9.0378765, 9.242088500000001, 9.548411900000001, 9.77919225, 15.87359139, 20.217992
8.88546525, 9.033635, 9.2375975, 9.4954072, 9.71996235, 13.492453579999994, 32.855096
8.878014, 9.0238025, 9.212832, 9.502408, 9.765896399999999, 11.813872359999998, 52.853195
8.88221575, 9.036835499999999, 9.24053975, 9.5392776, 9.81341185, 15.874329149999998, 19.645042
8.9004425, 9.0487, 9.240222, 9.496503, 9.7647849, 14.110135159999995, 52.853195
8.88839875, 9.0427515, 9.258778, 9.5191478, 9.799459050000001, 14.451942559999997, 19.656824
8.88321825, 9.044717, 9.2609855, 9.5473154, 9.80692415, 14.19507232, 22.552578
8.877049, 9.027111999999999, 9.2300095, 9.531853100000001, 9.761134, 14.002986679999998, 24.370709
8.88275575, 9.0456645, 9.24010125, 9.509855700000001, 9.77024415, 14.43134543, 52.853195
8.89781425, 9.0445135, 9.243631, 9.546185900000001, 9.82600045, 16.108532, 52.853195
8.885622, 9.038564000000001, 9.22581475, 9.501127499999999, 9.735357, 14.394841979999997, 23.303856
8.881884750000001, 9.0375415, 9.230745, 9.488239, 9.74440445, 16.109242169999998, 22.552578
8.88439725, 9.050289, 9.249118500000002, 9.5366084, 9.752876099999998, 14.450396, 52.853195
8.895048, 9.048039500000002, 9.23547025, 9.4870307, 9.717795, 10.713263, 36.893046
8.89623475, 9.049675, 9.25036275, 9.5007736, 9.73830175, 16.030153, 52.853195
0, 0, 0, 0, 0, 0, 0
0, 0, 0, 0, 0, 0, 0
0, 0, 0, 0, 0, 0, 0
0, 0, 0, 0, 0, 0, 0
0, 0, 0, 0, 0, 0, 0
0, 0, 0, 0, 0, 0, 0
0, 0, 0, 0, 0, 0, 0
0, 0, 0, 0, 0, 0, 0
0, 0, 0, 0, 0, 0, 0
0, 0, 0, 0, 0, 0, 0
0, 0, 0, 0, 0, 0, 0
0, 0, 0, 0, 0, 0, 0
0, 0, 0, 0, 0, 0, 0
0, 0, 0, 0, 0, 0, 0
0, 0, 0, 0, 0, 0, 0
0, 0, 0, 0, 0, 0, 0
0, 0, 0, 0, 0, 0, 0
0, 0, 0, 0, 0, 0, 0
0, 0, 0, 0, 0, 0, 0
0, 0, 0, 0, 0, 0, 0
0, 0, 0, 0, 0, 0, 0
0, 0, 0, 0, 0, 0, 0
0, 0, 0, 0, 0, 0, 0
0, 0, 0, 0, 0, 0, 0
0, 0, 0, 0, 0, 0, 0
0, 0, 0, 0, 0, 0, 0
0, 0, 0, 0, 0, 0, 0
0, 0, 0, 0, 0, 0, 0
0, 0, 0, 0, 0, 0, 0
0, 0, 0, 0, 0, 0, 0
0, 0, 0, 0, 0, 0, 0
0, 0, 0, 0, 0, 0, 0
0, 0, 0, 0, 0, 0, 0
0, 0, 0, 0, 0, 0, 0
8.873603249999999, 9.033352, 9.23043, 9.5110521, 9.769657599999999, 13.262104499999998, 32.855096
8.895927, 9.0339975, 9.242768, 9.5480298, 9.7717752, 16.098597, 52.853195
8.88357175, 9.042407, 9.2217475, 9.530697, 9.76141965, 16.053780209999996, 23.303856
8.8910795, 9.041308, 9.214440499999998, 9.5362907, 9.80791975, 15.874124049999999, 32.855096
8.891596, 9.050733, 9.254583, 9.512666, 9.787867299999998, 10.883085799999998, 19.892145
8.89128675, 9.045347, 9.25313725, 9.531776100000002, 9.76709205, 13.24435188999999, 36.893046
8.879333, 9.037151, 9.22472125, 9.4692464, 9.6570971, 11.257035629999999, 36.893046
8.901917749999999, 9.046799, 9.26299425, 9.560262100000001, 9.848908, 15.725401299999996, 24.370709
8.8694725, 9.030795, 9.23764175, 9.5347456, 9.799406849999999, 14.910448319999988, 36.893046
8.892631999999999, 9.054503, 9.25036275, 9.537771, 9.7715675, 16.18153611, 52.853195
8.874979, 9.031278, 9.232159, 9.5178359, 9.813125249999999, 16.10014703, 32.855096
8.888727, 9.0514965, 9.25311125, 9.541879, 9.771558, 12.009638469999988, 22.552578
8.8823185, 9.0314455, 9.249489500000001, 9.5098108, 9.75724995, 14.67135192, 52.853195
8.897827, 9.0407295, 9.23250175, 9.471013899999999, 9.76471995, 13.237319889999997, 21.371576
8.8984155, 9.0489505, 9.234327, 9.4832924, 9.694991799999999, 11.44299568, 18.344529
8.882427, 9.038595, 9.240229, 9.485325, 9.65650615, 11.739916889999996, 19.072953
8.898181750000001, 9.0458395, 9.22622025, 9.4840717, 9.668393, 14.606785109999999, 52.853195
8.8881305, 9.037766999999999, 9.22365075, 9.4844984, 9.71648085, 13.234894149999999, 36.893046
8.889219, 9.039887, 9.24992875, 9.543094, 9.7725432, 16.030358099999997, 32.855096
8.885482249999999, 9.043093500000001, 9.23975625, 9.5139601, 9.768044349999998, 14.778363, 32.855096
8.874879, 9.0308165, 9.24308875, 9.5054959, 9.795171999999999, 16.1799103, 52.853195
8.88895425, 9.040579000000001, 9.243742000000001, 9.5197932, 9.85156205, 16.37921852, 36.893046
8.8801045, 9.0391615, 9.2402145, 9.486890500000001, 9.712812399999999, 16.108532, 36.893046
8.88102, 9.039099499999999, 9.249989, 9.5307191, 9.7528771, 15.725686849999997, 22.552578
8.888997750000001, 9.047875999999999, 9.24720525, 9.4631519, 9.65251685, 11.021088, 23.303856
8.889659, 9.049602, 9.23795325, 9.5178359, 9.74055555, 16.18028951, 36.893046
8.885008500000001, 9.042517, 9.24294375, 9.5010905, 9.7241285, 11.01111771, 19.587514
8.895179500000001, 9.04074, 9.228762, 9.492093800000001, 9.704696649999999, 11.015328059999996, 22.552578
8.89781425, 9.047573499999999, 9.2297865, 9.516987, 9.745467349999998, 14.705018629999987, 36.893046
8.882283, 9.0383715, 9.2212965, 9.4367812, 9.645616, 10.590657199999994, 23.303856
8.8947155, 9.0501415, 9.243612, 9.5076728, 9.7184031, 14.611633759999995, 19.587514
8.88337825, 9.034967, 9.22981525, 9.482426, 9.6949601, 14.39224006, 24.370709
8.90111675, 9.0479385, 9.242162, 9.543998400000001, 9.73476515, 14.905645829999994, 23.303856
8.87593825, 9.0246055, 9.22631625, 9.487161200000001, 9.72332145, 13.915245, 21.371576
8.89427175, 9.048667, 9.2367115, 9.4718592, 9.77025365, 14.451942559999997, 21.371576
8.87869825, 9.029203500000001, 9.216461, 9.4683599, 9.6923351, 16.662904129999998, 52.853195
8.881618249999999, 9.037402499999999, 9.240094, 9.5338466, 9.813175, 14.394841979999997, 19.892145
8.886256, 9.050573499999999, 9.240236249999999, 9.5383283, 9.765896399999999, 16.061744759999996, 52.853195
8.87921, 9.0377765, 9.2360315, 9.4829489, 9.7106111, 15.270364589999993, 24.370709
8.89787175, 9.0566825, 9.254393499999999, 9.522976700000001, 9.809449, 16.264655169999997, 24.370709
8.87947, 9.0400755, 9.225232, 9.484307600000001, 9.70496335, 16.257652429999997, 24.370709
8.88546525, 9.049975, 9.24981425, 9.5339686, 9.7724004, 16.40373467, 24.370709
8.888997750000001, 9.039238000000001, 9.23322525, 9.50015, 9.71029545, 15.725686849999997, 22.552578
8.89596825, 9.039083999999999, 9.247769, 9.5268405, 9.76824745, 16.747375299999998, 24.370709
8.8915875, 9.0442015, 9.240168, 9.542005099999999, 9.7766865, 16.901030809999998, 23.303856
8.871753250000001, 9.008331, 9.1911185, 9.497865, 10.08924405, 11.970292, 16.295498
8.8747775, 9.01298, 9.187707249999999, 9.4655506, 9.965311, 12.055604159999973, 35.734803
8.86554675, 9.002735999999999, 9.18395125, 9.4601613, 9.992117799999999, 11.839379, 35.734803
8.8599565, 9.0016295, 9.17510425, 9.419089999999999, 9.837053549999998, 11.815598, 29.227148
8.871132, 9.005145, 9.184391, 9.4570382, 9.962119099999997, 11.999890119999987, 35.487972
8.86662425, 9.0044995, 9.18621175, 9.440306699999999, 9.88283859999999, 11.894847, 37.448702
8.86539475, 9.003453499999999, 9.18344075, 9.4498257, 9.882030949999995, 11.875261439999996, 24.923449
8.8614265, 9.003454000000001, 9.1705475, 9.423764, 9.92712555, 11.922319599999996, 37.448702
8.86183875, 9.001824, 9.19518975, 9.480944, 10.00353855, 11.932734399999998, 35.734803
8.872596, 9.006874, 9.17384075, 9.4521272, 9.969382, 11.932605699999998, 37.448702
8.8649125, 9.005314, 9.18775425, 9.462339400000001, 10.003989149999997, 11.89655337, 35.487972
8.87320875, 9.009001000000001, 9.176089999999999, 9.4383326, 9.972971849999999, 11.961167169999998, 37.448702
8.86510375, 9.008588, 9.187482, 9.458287, 9.969460699999999, 12.00353794999999, 35.330604
8.86883275, 9.003879, 9.174791, 9.4192294, 9.896739599999997, 12.008393519999984, 35.487972
8.862987, 8.9985645, 9.170740250000001, 9.4219672, 9.916202749999998, 11.895833979999978, 35.487972
8.86346325, 9.002735999999999, 9.171973, 9.4383326, 9.9920315, 11.718711779999994, 37.448702
8.862868, 9.000105000000001, 9.191837, 9.471791, 10.05733, 12.340344309999999, 37.448702
8.87206725, 9.002021500000001, 9.177047, 9.4394697, 9.913345, 11.932675, 37.448702
8.87395675, 9.009142, 9.17420575, 9.416788500000001, 9.853615749999998, 11.832641199999989, 35.487972
8.870911, 9.0101715, 9.183338, 9.4431285, 9.91609095, 11.616172179999987, 29.227148
8.86794375, 9.0002295, 9.170845250000001, 9.4403949, 9.941349199999998, 11.795772199999988, 35.734803
8.86883275, 9.002014500000001, 9.17894175, 9.465519, 10.00353725, 11.961399699999992, 35.734803
8.8566875, 8.99642, 9.16699, 9.4233101, 9.860794099999998, 11.897877, 37.448702
8.87244025, 9.006226, 9.191046, 9.440294, 10.030114799999998, 12.257758649999987, 35.734803
8.86686325, 8.993051, 9.17880875, 9.4430626, 9.96183685, 12.00353794999999, 37.448702
8.860651749999999, 8.995344, 9.16268175, 9.386049, 9.733620649999995, 11.582007049999993, 37.448702
8.866158500000001, 8.999347, 9.176648, 9.4805948, 10.0297696, 12.223577699999993, 37.448702
8.86938, 9.000365500000001, 9.171184499999999, 9.4339795, 9.913345, 11.832213, 35.734803
8.8723125, 9.004908, 9.17605975, 9.4457945, 10.0333125, 11.92260359999999, 37.448702
8.86640375, 9.009464, 9.176435, 9.4222889, 9.918443799999999, 11.932675, 35.734803
8.86263425, 9.00163, 9.17402225, 9.4214925, 9.881748149999996, 12.223577699999993, 35.734803
8.862361, 9.0016295, 9.1830465, 9.4716427, 10.092182, 11.970292, 37.448702
8.868584, 9.001446, 9.1915475, 9.4737549, 9.969540399999998, 12.00816916999999, 37.448702
8.870394000000001, 8.999507999999999, 9.17256375, 9.496333, 10.037583799999998, 11.89486393, 35.487972
8.8606595, 8.996729, 9.17089, 9.4457945, 10.0134674, 11.932675, 35.487972
8.868237, 9.002021500000001, 9.170497, 9.422097, 9.969962249999996, 11.999423279999998, 35.330604
8.8727455, 9.010351, 9.1762295, 9.4241373, 9.860387149999996, 11.958562, 35.734803
8.862868, 9.00143, 9.188403749999999, 9.4712163, 9.92058795, 11.903513249999992, 35.487972
8.862518000000001, 8.99834, 9.1790765, 9.4431285, 9.879181, 11.815835809999994, 37.448702
8.87410475, 9.009001000000001, 9.169832, 9.4305745, 10.06522, 11.9993765, 37.448702
8.8683035, 9.0038655, 9.18074925, 9.443939499999999, 9.962040399999998, 11.970524529999995, 35.330604
8.86716575, 9.011074, 9.179897500000001, 9.440594, 9.953264549999998, 12.312307999999998, 37.448702
8.87453425, 9.005409, 9.1840755, 9.443665, 9.97260825, 11.932545, 35.734803
8.88165, 9.024978, 9.238534, 9.485767, 9.75771465, 11.46498129999998, 19.502914
8.875333999999999, 9.034343, 9.23639775, 9.490247900000002, 9.69169725, 13.163023519999998, 23.303856
8.88142275, 9.041504, 9.2356235, 9.511505300000001, 9.7342482, 14.39209222, 23.303856
8.8895165, 9.03387, 9.22843125, 9.4853665, 9.72631655, 16.05124169, 36.893046
8.88317475, 9.044459, 9.231718, 9.5120351, 9.7411959, 16.21605821, 32.855096
8.89424625, 9.038917999999999, 9.22453325, 9.4655561, 9.71349485, 14.416709269999998, 52.853195
8.887173, 9.039085, 9.238493499999999, 9.5058021, 9.779717, 16.6032446, 23.303856
8.880322750000001, 9.0384905, 9.242416500000001, 9.4993674, 9.6980541, 13.922143069999994, 32.855096
8.876841, 9.0417195, 9.23270825, 9.5121826, 9.72000705, 11.012880879999999, 17.405292
8.8887955, 9.048632999999999, 9.25081675, 9.562819, 9.809280099999999, 13.562868219999991, 24.370709
8.882876, 9.033979500000001, 9.226233, 9.4557318, 9.718088, 11.257720649999998, 24.370709
8.88283725, 9.039458, 9.221157, 9.4811031, 9.704554, 13.729825919999998, 52.853195
8.885208500000001, 9.040847, 9.235730499999999, 9.4936661, 9.715871, 14.005562269999995, 36.893046
8.88984275, 9.0423465, 9.24226225, 9.5133501, 9.79333765, 14.670883159999999, 22.552578
8.900439, 9.059072, 9.2643, 9.5743481, 9.889702199999999, 17.447150609999998, 52.853195
8.8991145, 9.0513285, 9.242909, 9.4846933, 9.7049004, 13.163023519999998, 36.893046
8.899811249999999, 9.039339, 9.24757, 9.543998400000001, 9.7495958, 11.739916889999996, 19.645042
0, 0, 0, 0, 0, 0, 0
0, 0, 0, 0, 0, 0, 0
0, 0, 0, 0, 0, 0, 0
0, 0, 0, 0, 0, 0, 0
0, 0, 0, 0, 0, 0, 0
0, 0, 0, 0, 0, 0, 0
0, 0, 0, 0, 0, 0, 0
0, 0, 0, 0, 0, 0, 0
0, 0, 0, 0, 0, 0, 0
0, 0, 0, 0, 0, 0, 0
0, 0, 0, 0, 0, 0, 0
0, 0, 0, 0, 0, 0, 0
0, 0, 0, 0, 0, 0, 0
0, 0, 0, 0, 0, 0, 0
0, 0, 0, 0, 0, 0, 0
0, 0, 0, 0, 0, 0, 0
0, 0, 0, 0, 0, 0, 0
0, 0, 0, 0, 0, 0, 0
0, 0, 0, 0, 0, 0, 0
0, 0, 0, 0, 0, 0, 0
0, 0, 0, 0, 0, 0, 0
0, 0, 0, 0, 0, 0, 0
0, 0, 0, 0, 0, 0, 0
0, 0, 0, 0, 0, 0, 0
0, 0, 0, 0, 0, 0, 0
0, 0, 0, 0, 0, 0, 0
0, 0, 0, 0, 0, 0, 0
0, 0, 0, 0, 0, 0, 0
0, 0, 0, 0, 0, 0, 0
0, 0, 0, 0, 0, 0, 0
0, 0, 0, 0, 0, 0, 0
0, 0, 0, 0, 0, 0, 0
0, 0, 0, 0, 0, 0, 0
0, 0, 0, 0, 0, 0, 0
0, 0, 0, 0, 0, 0, 0
0, 0, 0, 0, 0, 0, 0
0, 0, 0, 0, 0, 0, 0
0, 0, 0, 0, 0, 0, 0
0, 0, 0, 0, 0, 0, 0
0, 0, 0, 0, 0, 0, 0
0, 0, 0, 0, 0, 0, 0
0, 0, 0, 0, 0, 0, 0
0, 0, 0, 0, 0, 0, 0
0, 0, 0, 0, 0, 0, 0
0, 0, 0, 0, 0, 0, 0
0, 0, 0, 0, 0, 0, 0
0, 0, 0, 0, 0, 0, 0
0, 0, 0, 0, 0, 0, 0
0, 0, 0, 0, 0, 0, 0
0, 0, 0, 0, 0, 0, 0
0, 0, 0, 0, 0, 0, 0
0, 0, 0, 0, 0, 0, 0
0, 0, 0, 0, 0, 0, 0
0, 0, 0, 0, 0, 0, 0
0, 0, 0, 0, 0, 0, 0
0, 0, 0, 0, 0, 0, 0
0, 0, 0, 0, 0, 0, 0
0, 0, 0, 0, 0, 0, 0
0, 0, 0, 0, 0, 0, 0
0, 0, 0, 0, 0, 0, 0
0, 0, 0, 0, 0, 0, 0
0, 0, 0, 0, 0, 0, 0
0, 0, 0, 0, 0, 0, 0
0, 0, 0, 0, 0, 0, 0
0, 0, 0, 0, 0, 0, 0
0, 0, 0, 0, 0, 0, 0
0, 0, 0, 0, 0, 0, 0
0, 0, 0, 0, 0, 0, 0
0, 0, 0, 0, 0, 0, 0
0, 0, 0, 0, 0, 0, 0
0, 0, 0, 0, 0, 0, 0
0, 0, 0, 0, 0, 0, 0
0, 0, 0, 0, 0, 0, 0
0, 0, 0, 0, 0, 0, 0
0, 0, 0, 0, 0, 0, 0
0, 0, 0, 0, 0, 0, 0
0, 0, 0, 0, 0, 0, 0
0, 0, 0, 0, 0, 0, 0
0, 0, 0, 0, 0, 0, 0
0, 0, 0, 0, 0, 0, 0
0, 0, 0, 0, 0, 0, 0
0, 0, 0, 0, 0, 0, 0
0, 0, 0, 0, 0, 0, 0
0, 0, 0, 0, 0, 0, 0
0, 0, 0, 0, 0, 0, 0
0, 0, 0, 0, 0, 0, 0
0, 0, 0, 0, 0, 0, 0
0, 0, 0, 0, 0, 0, 0
0, 0, 0, 0, 0, 0, 0
0, 0, 0, 0, 0, 0, 0
0, 0, 0, 0, 0, 0, 0
0, 0, 0, 0, 0, 0, 0
0, 0, 0, 0, 0, 0, 0
0, 0, 0, 0, 0, 0, 0
0, 0, 0, 0, 0, 0, 0
0, 0, 0, 0, 0, 0, 0
8.88070925, 9.0389815, 9.24701225, 9.560247, 9.812882, 11.935259759999981, 24.370709
8.875176, 9.028577, 9.25398725, 9.52299, 9.741932, 14.686104289999985, 19.892145
8.87849875, 9.0300455, 9.217636500000001, 9.4603455, 9.71996235, 14.672557599999998, 36.893046
8.886346, 9.024702999999999, 9.21270075, 9.4692503, 9.697961, 14.733161439999998, 36.893046
8.888282, 9.043782, 9.235747, 9.4860326, 9.7401951, 13.263291239999996, 21.371576
8.8843185, 9.041320500000001, 9.2324315, 9.4743343, 9.715878, 14.39243249, 24.370709
8.883453, 9.051009, 9.2299095, 9.5232201, 9.734858, 14.792374859999988, 19.656824
8.89038375, 9.048044, 9.240668, 9.5379431, 9.77823035, 16.37845443, 21.371576
8.88001625, 9.039033499999999, 9.219926000000001, 9.484179300000001, 9.708593449999999, 13.809444849999995, 52.853195
8.890748, 9.053336, 9.23623275, 9.480601400000001, 9.7161002, 15.980741969999997, 19.373624
8.890799750000001, 9.040499, 9.2402145, 9.4863725, 9.718939, 16.05991641, 36.893046
8.87910525, 9.0440725, 9.242047750000001, 9.5255811, 9.764325999999999, 13.563208489999992, 21.371576
8.889055, 9.047997, 9.24434475, 9.5275827, 9.73552765, 14.787802599999992, 36.893046
8.8832185, 9.0434775, 9.2583045, 9.5629008, 9.818740700000001, 15.978913619999998, 36.893046
8.889731, 9.056058, 9.246361, 9.531776100000002, 9.80188175, 16.362737189999997, 23.303856
8.890817, 9.04443, 9.252119, 9.522976700000001, 9.77167635, 13.922143069999994, 32.855096
8.888463999999999, 9.0490295, 9.2504585, 9.5183881, 9.7694701, 14.691345, 36.893046
8.882636250000001, 9.0372635, 9.243469000000001, 9.4988701, 9.694241799999999, 10.881194970000001, 36.893046
8.8887555, 9.0416425, 9.23384725, 9.493909200000001, 9.75677775, 15.875618009999997, 36.893046
8.86539475, 9.002961, 9.190318750000001, 9.4696223, 10.104829649999992, 12.312307999999998, 33.51644
8.870376, 9.006183, 9.1819415, 9.4522681, 10.005778099999997, 12.008393519999984, 35.487972
8.86651425, 8.998431, 9.17595775, 9.4505068, 10.041665, 11.993545, 35.734803
8.8629575, 9.0050265, 9.17373725, 9.4430961, 9.8475519, 12.007767, 29.227148
8.8611465, 9.005277, 9.17831025, 9.437926599999999, 10.004867899999999, 12.257427629999995, 35.734803
8.858771, 8.997966, 9.1765115, 9.4322116, 9.9110968, 11.896796749999995, 37.448702
8.872302, 9.00525, 9.178678, 9.457004, 9.94995795, 11.875228479999995, 35.330604
8.86972875, 9.0058085, 9.17481575, 9.4432375, 9.9812166, 12.070439959999998, 35.330604
8.86125575, 9.0073355, 9.176531, 9.439095799999999, 9.921006599999997, 11.810147879999995, 29.227148
8.869427, 9.008588, 9.197284, 9.463746, 10.006746949999991, 11.851628, 35.734803
8.85849, 8.995664000000001, 9.1737425, 9.423044, 9.969527649999998, 11.994089389999987, 35.734803
8.862099, 8.994972, 9.16551475, 9.413109, 9.784675399999992, 11.874442, 37.448702
8.87132175, 9.0056735, 9.18382475, 9.4381976, 9.92712555, 12.071938419999963, 37.448702
8.866158500000001, 9.001581, 9.17510775, 9.430895, 9.96183685, 12.315773, 37.448702
8.8681065, 9.000023500000001, 9.17903525, 9.4638494, 9.952919, 11.780336179999992, 35.734803
8.878672250000001, 9.015644, 9.1973305, 9.473363, 10.030114799999998, 11.75695889, 16.928153
8.872744749999999, 9.007477, 9.187066999999999, 9.457004, 9.941930549999993, 12.340639799999991, 35.487972
8.872936, 9.005273, 9.189754, 9.460784, 9.980987, 12.072286889999955, 35.487972
8.869212, 9.000880500000001, 9.16022375, 9.4048434, 9.795249349999994, 11.749209169999997, 37.448702
8.862677, 8.999012, 9.185218, 9.481237199999999, 9.985579, 11.970524529999995, 33.51644
8.868618999999999, 9.004122500000001, 9.176026, 9.4400171, 9.905667099999997, 11.932675, 35.734803
8.870530500000001, 9.008032, 9.187609, 9.4863646, 10.037369, 12.054631639999997, 16.928153
8.866394249999999, 9.000277, 9.171387, 9.4433063, 9.9518057, 11.75695889, 35.734803
8.86662425, 9.006364999999999, 9.19378275, 9.4684348, 9.927307849999998, 11.922318299999997, 35.734803
8.87061, 8.999652000000001, 9.179694000000001, 9.4394697, 10.019570399999997, 12.047984, 35.734803
8.862331000000001, 8.9983445, 9.171256, 9.403963300000001, 9.92712555, 11.897930429999999, 37.448702
8.865562, 9.000135499999999, 9.171686999999999, 9.4467835, 9.882390099999993, 11.932546299999998, 35.487972
8.86099925, 8.9978905, 9.17332325, 9.4249579, 9.897551149999998, 11.749391969999992, 35.734803
8.86390175, 8.998573, 9.164847, 9.423076100000001, 9.816060599999998, 11.938839599999994, 37.448702
8.870433, 9.0067695, 9.18434225, 9.4343529, 10.0134674, 12.073487519999976, 37.448702
8.863359, 9.00173, 9.173778500000001, 9.4622059, 10.018997, 12.003602619999986, 37.448702
8.863480500000001, 8.9981085, 9.183206250000001, 9.457004, 9.8747654, 11.761882799999995, 37.448702
8.867824, 9.004061, 9.183131, 9.4162944, 9.921032599999997, 12.073487519999976, 35.487972
8.86647275, 9.0032625, 9.182001750000001, 9.4743106, 10.013985749999998, 12.224287339999975, 35.487972
8.8644955, 9.007771, 9.187595250000001, 9.4676644, 10.08763565, 12.00353794999999, 37.448702
8.868461, 9.0034055, 9.176226, 9.449913, 9.853442, 11.851856139999995, 35.734803
8.86410525, 9.005575, 9.174758, 9.4380572, 9.8475521, 12.223797329999988, 35.734803
8.85950925, 9.001384, 9.189814, 9.451873, 9.9465826, 11.89458366, 33.51644
8.866778, 9.000454, 9.1750155, 9.4581891, 9.92712555, 12.312307999999998, 37.448702
8.864491, 8.999009000000001, 9.176884, 9.413269, 9.8474974, 11.851862049999994, 37.448702
8.86840175, 8.9957815, 9.176884, 9.4302755, 9.93106605, 11.993545, 37.448702
8.86971925, 9.002202, 9.1726685, 9.4546739, 10.023885299999998, 11.999423279999998, 16.112752
8.86439475, 9.0001465, 9.170997999999999, 9.4374372, 9.843192850000001, 11.75695889, 35.734803
8.863654, 8.9970625, 9.17295075, 9.435801, 9.953317199999999, 11.939708689999975, 35.487972
8.85557825, 8.9920805, 9.164418, 9.418868, 9.85704105, 11.999423279999998, 35.734803
8.8654565, 9.003605499999999, 9.195209250000001, 9.4684348, 10.00536, 11.932675, 35.487972
8.870526, 9.012035000000001, 9.182827750000001, 9.4344645, 9.952919, 12.048048669999998, 35.330604
8.8652725, 8.999, 9.171007, 9.444518, 10.005557699999997, 12.222929099999986, 37.448702
8.867979, 9.003454000000001, 9.181201000000001, 9.4486541, 9.9982166, 11.780279449999993, 33.51644
8.86873375, 9.0035675, 9.17015275, 9.4448559, 9.931451749999997, 11.815598, 35.487972
8.8710505, 9.010434499999999, 9.170497, 9.4192403, 9.905263, 11.83973553999999, 35.487972
8.857617999999999, 8.997195, 9.183264750000001, 9.4345512, 9.907871, 11.903409949999995, 37.448702
8.864496249999998, 9.0014275, 9.185212750000002, 9.469301499999998, 9.986196999999997, 11.932830299999992, 35.734803
8.86477425, 9.004373, 9.17831025, 9.4582122, 9.97230775, 11.993602939999997, 33.51644
8.869135, 9.002709, 9.190294249999999, 9.4584845, 10.052824, 12.222709469999991, 35.734803
8.860615249999999, 9.000226, 9.170997999999999, 9.422068, 9.930016299999998, 11.903319539999996, 37.448702
8.86622, 8.997788, 9.1629135, 9.430857, 9.881985899999997, 11.669620489999998, 13.525205
8.87283925, 9.008697999999999, 9.183338, 9.4637777, 10.004905999999997, 12.170301709999988, 35.734803
8.85541325, 9.004278, 9.178742, 9.4430961, 9.927206799999999, 12.054610679999996, 35.734803
8.872729, 9.005264, 9.17902925, 9.471624499999999, 9.94117155, 12.340616909999993, 35.734803
8.867979, 9.008034, 9.18777075, 9.4402319, 9.873753799999992, 11.938615, 33.51644
8.86448725, 9.0034055, 9.195214, 9.4719482, 10.089431749999997, 11.932545, 33.51644
8.869111499999999, 9.003947, 9.1737875, 9.455636, 10.156977849999999, 12.330462, 35.734803
8.872897, 9.009886, 9.1830155, 9.466514700000001, 10.005778099999997, 11.933250439999982, 37.448702
8.863329, 9.004752, 9.182661, 9.4402619, 9.953168, 11.993687219999996, 35.487972
8.862443, 8.999299, 9.17831025, 9.4448559, 9.960453249999997, 12.169767, 35.734803
8.866735, 9.00457, 9.187316249999999, 9.460139999999999, 10.00353855, 11.970619969999992, 37.448702
8.86662425, 9.003628, 9.165393, 9.444880399999999, 9.898248999999995, 12.222369769999998, 37.448702
8.869135, 9.009086499999999, 9.191161000000001, 9.4654596, 9.885101349999998, 11.897877, 16.295498
8.884454250000001, 9.0427875, 9.248973, 9.4902103, 9.767185, 14.691345, 36.893046
8.889885, 9.050806, 9.24050575, 9.517439, 9.708477, 14.39224006, 32.855096
8.8883115, 9.051033, 9.24229575, 9.5298823, 9.802914600000001, 16.713529349999998, 19.656824
8.8782105, 9.0356715, 9.23565625, 9.502176700000001, 9.76395155, 11.01188323, 21.371576
8.888282, 9.0450285, 9.2475575, 9.527195700000002, 9.7420457, 13.270429849999989, 52.853195
8.88989475, 9.031119499999999, 9.2119495, 9.4632, 9.67482605, 10.953100019999999, 21.371576
8.879111, 9.038251500000001, 9.23967275, 9.5610933, 9.8236526, 16.91750738, 52.853195
8.887834, 9.0388785, 9.2328625, 9.490067, 9.7201416, 13.487890559999999, 22.552578
8.88431075, 9.043842999999999, 9.2348575, 9.4989349, 9.74821725, 13.727953, 20.217992
8.89116, 9.0424875, 9.239521, 9.5126569, 9.71972005, 13.634314669999984, 19.587514
8.887559, 9.0383645, 9.23886475, 9.5106312, 9.7640804, 14.607990789999999, 36.893046
8.8846505, 9.035352, 9.2360315, 9.5265256, 9.81332095, 14.69221518, 22.552578
8.879893, 9.049449, 9.253810000000001, 9.5171619, 9.76070505, 11.445089979999997, 52.853195
8.882706, 9.0369505, 9.23713475, 9.492164500000001, 9.7672477, 16.030153, 23.303856
8.88817, 9.041075, 9.231289, 9.5055003, 9.7683166, 11.739113499999998, 19.213916
8.88782725, 9.038262, 9.2258345, 9.5239071, 9.76127315, 13.261468359999999, 24.370709
8.880313, 9.046508, 9.24970325, 9.5198862, 9.77230625, 16.402719719999997, 36.893046
8.894555, 9.058539, 9.24200675, 9.492233, 9.72332145, 14.902573969999995, 22.552578
8.887341, 9.044681, 9.24236075, 9.542208, 9.80217225, 13.737205269999999, 19.587514
8.8786655, 9.053569, 9.24792575, 9.533491, 9.76961495, 16.6032446, 36.893046
8.88440225, 9.0448825, 9.2285745, 9.491996700000001, 9.73456, 14.746708129999986, 20.217992
8.89149525, 9.0394915, 9.239452499999999, 9.5635497, 9.792323999999999, 14.676200569999994, 36.893046
8.8900705, 9.0394875, 9.242465249999999, 9.5210647, 9.71178435, 16.11107052, 36.893046
8.87016725, 9.034796, 9.2411765, 9.547333400000001, 9.785124799999998, 16.21749924, 36.893046
8.89111325, 9.035456, 9.23254225, 9.5064027, 9.73992, 16.604125439999997, 19.656824
8.89478725, 9.0489945, 9.2489265, 9.5038734, 9.7685258, 16.10021293, 36.893046
8.89923475, 9.048252999999999, 9.24303825, 9.5057507, 9.7577796, 14.79108599999999, 21.371576
8.88690675, 9.0476995, 9.253781, 9.5161175, 9.7133824, 13.812229089999992, 21.371576
8.89128675, 9.041155, 9.25192, 9.554087, 9.8132869, 14.60570419, 24.370709
8.876603750000001, 9.0299075, 9.230625, 9.4976082, 9.7163714, 13.743481179999993, 32.855096
8.8853625, 9.029937499999999, 9.23296925, 9.4842612, 9.69196075, 11.165157129999997, 21.371576
8.8872955, 9.0346685, 9.23085625, 9.5171974, 9.7646665, 14.451942559999997, 23.303856
8.8887955, 9.044409, 9.24756725, 9.498624, 9.7640804, 16.03043855, 52.853195
8.879383749999999, 9.0388785, 9.23764175, 9.5247837, 9.7416901, 15.725686849999997, 22.552578
8.892532, 9.047542499999999, 9.243571750000001, 9.5277511, 9.765831449999999, 16.39846709, 32.855096
8.87809575, 9.029050999999999, 9.2098505, 9.5106072, 9.76691195, 11.99307773999998, 21.371576
8.885597, 9.039023, 9.23833975, 9.4913097, 9.686738, 14.700135689999993, 21.371576
8.89530375, 9.0480145, 9.256981, 9.550811099999999, 9.84210615, 16.39820255, 36.893046
8.881376, 9.051941500000002, 9.249708, 9.4945815, 9.716393199999999, 14.450396, 36.893046
8.88525275, 9.0384595, 9.2317795, 9.512927, 9.768621900000001, 14.004976779999996, 32.855096
8.88843, 9.038826, 9.2286465, 9.516987, 9.71996235, 16.109982679999998, 24.370709
8.882427, 9.037548999999999, 9.25672675, 9.5013728, 9.7084584, 10.84080704, 19.656824
8.88968425, 9.0426615, 9.252956, 9.527077, 9.720504299999998, 12.00640526999999, 52.853195
8.8853545, 9.048252999999999, 9.23967625, 9.5474208, 9.79567305, 15.725401299999996, 20.217992
0, 0, 0, 0, 0, 0, 0
0, 0, 0, 0, 0, 0, 0
0, 0, 0, 0, 0, 0, 0
0, 0, 0, 0, 0, 0, 0
0, 0, 0, 0, 0, 0, 0
0, 0, 0, 0, 0, 0, 0
0, 0, 0, 0, 0, 0, 0
0, 0, 0, 0, 0, 0, 0
0, 0, 0, 0, 0, 0, 0
0, 0, 0, 0, 0, 0, 0
0, 0, 0, 0, 0, 0, 0
0, 0, 0, 0, 0, 0, 0
0, 0, 0, 0, 0, 0, 0
0, 0, 0, 0, 0, 0, 0
0, 0, 0, 0, 0, 0, 0
0, 0, 0, 0, 0, 0, 0
0, 0, 0, 0, 0, 0, 0
0, 0, 0, 0, 0, 0, 0
0, 0, 0, 0, 0, 0, 0
0, 0, 0, 0, 0, 0, 0
0, 0, 0, 0, 0, 0, 0
0, 0, 0, 0, 0, 0, 0
0, 0, 0, 0, 0, 0, 0
0, 0, 0, 0, 0, 0, 0
0, 0, 0, 0, 0, 0, 0
0, 0, 0, 0, 0, 0, 0
0, 0, 0, 0, 0, 0, 0
0, 0, 0, 0, 0, 0, 0
0, 0, 0, 0, 0, 0, 0
0, 0, 0, 0, 0, 0, 0
0, 0, 0, 0, 0, 0, 0
0, 0, 0, 0, 0, 0, 0
0, 0, 0, 0, 0, 0, 0
0, 0, 0, 0, 0, 0, 0
0, 0, 0, 0, 0, 0, 0
0, 0, 0, 0, 0, 0, 0
0, 0, 0, 0, 0, 0, 0
0, 0, 0, 0, 0, 0, 0
0, 0, 0, 0, 0, 0, 0
0, 0, 0, 0, 0, 0, 0
0, 0, 0, 0, 0, 0, 0
0, 0, 0, 0, 0, 0, 0
0, 0, 0, 0, 0, 0, 0
0, 0, 0, 0, 0, 0, 0
0, 0, 0, 0, 0, 0, 0
0, 0, 0, 0, 0, 0, 0
0, 0, 0, 0, 0, 0, 0
0, 0, 0, 0, 0, 0, 0
0, 0, 0, 0, 0, 0, 0
0, 0, 0, 0, 0, 0, 0
0, 0, 0, 0, 0, 0, 0
0, 0, 0, 0, 0, 0, 0
0, 0, 0, 0, 0, 0, 0
0, 0, 0, 0, 0, 0, 0
0, 0, 0, 0, 0, 0, 0
0, 0, 0, 0, 0, 0, 0
0, 0, 0, 0, 0, 0, 0
0, 0, 0, 0, 0, 0, 0
0, 0, 0, 0, 0, 0, 0
0, 0, 0, 0, 0, 0, 0
0, 0, 0, 0, 0, 0, 0
0, 0, 0, 0, 0, 0, 0
0, 0, 0, 0, 0, 0, 0
0, 0, 0, 0, 0, 0, 0
0, 0, 0, 0, 0, 0, 0
0, 0, 0, 0, 0, 0, 0
0, 0, 0, 0, 0, 0, 0
0, 0, 0, 0, 0, 0, 0
0, 0, 0, 0, 0, 0, 0
0, 0, 0, 0, 0, 0, 0
0, 0, 0, 0, 0, 0, 0
0, 0, 0, 0, 0, 0, 0
0, 0, 0, 0, 0, 0, 0
0, 0, 0, 0, 0, 0, 0
0, 0, 0, 0, 0, 0, 0
0, 0, 0, 0, 0, 0, 0
0, 0, 0, 0, 0, 0, 0
0, 0, 0, 0, 0, 0, 0
0, 0, 0, 0, 0, 0, 0
0, 0, 0, 0, 0, 0, 0
0, 0, 0, 0, 0, 0, 0
0, 0, 0, 0, 0, 0, 0
0, 0, 0, 0, 0, 0, 0
0, 0, 0, 0, 0, 0, 0
0, 0, 0, 0, 0, 0, 0
0, 0, 0, 0, 0, 0, 0
0, 0, 0, 0, 0, 0, 0
0, 0, 0, 0, 0, 0, 0
0, 0, 0, 0, 0, 0, 0
0, 0, 0, 0, 0, 0, 0
0, 0, 0, 0, 0, 0, 0
0, 0, 0, 0, 0, 0, 0
0, 0, 0, 0, 0, 0, 0
0, 0, 0, 0, 0, 0, 0
0, 0, 0, 0, 0, 0, 0
0, 0, 0, 0, 0, 0, 0
0, 0, 0, 0, 0, 0, 0
0, 0, 0, 0, 0, 0, 0
0, 0, 0, 0, 0, 0, 0
0, 0, 0, 0, 0, 0, 0
0, 0, 0, 0, 0, 0, 0
0, 0, 0, 0, 0, 0, 0
0, 0, 0, 0, 0, 0, 0
0, 0, 0, 0, 0, 0, 0
0, 0, 0, 0, 0, 0, 0
0, 0, 0, 0, 0, 0, 0
0, 0, 0, 0, 0, 0, 0
0, 0, 0, 0, 0, 0, 0
0, 0, 0, 0, 0, 0, 0
0, 0, 0, 0, 0, 0, 0
0, 0, 0, 0, 0, 0, 0
0, 0, 0, 0, 0, 0, 0
0, 0, 0, 0, 0, 0, 0
0, 0, 0, 0, 0, 0, 0
8.878629, 9.023513000000001, 9.21071825, 9.4633123, 9.66955665, 11.703985949999979, 36.893046
8.897804749999999, 9.051686499999999, 9.2474345, 9.5073414, 9.73924025, 16.09976782, 36.893046
8.885802, 9.0424495, 9.24460275, 9.5419321, 9.77402385, 11.01188282, 20.217992
8.886776000000001, 9.045718, 9.24126875, 9.5178131, 9.761436549999999, 11.373621, 32.855096
8.8797275, 9.036586, 9.23102775, 9.5034671, 9.741005999999999, 16.18035541, 52.853195
8.8841905, 9.043419499999999, 9.235466500000001, 9.4804677, 9.726270750000001, 12.013937129999983, 32.855096
8.88974, 9.038504499999998, 9.2313795, 9.498354500000001, 9.7398583, 14.108588599999997, 19.502914
8.882553, 9.055323, 9.243644250000001, 9.506590200000002, 9.802613350000001, 16.713192, 52.853195
8.881794, 9.044573, 9.24570575, 9.529415100000001, 9.81912825, 15.573435339999996, 19.373624
8.88514275, 9.045039500000001, 9.235618, 9.5016773, 9.6926487, 13.617861, 19.587514
8.88642875, 9.0441165, 9.219099, 9.4788128, 9.6824573, 11.202804379999995, 19.892145
8.86566, 9.0047975, 9.17326675, 9.4248741, 9.8794452, 11.993545, 35.487972
8.8688225, 9.00556, 9.178128, 9.4233101, 9.927009, 11.913264409999998, 35.487972
8.860140750000001, 9.0013085, 9.175975, 9.422644, 9.891942499999999, 11.714033479999989, 35.487972
8.86415575, 9.0079295, 9.189092, 9.4840041, 10.004487899999999, 12.003135779999997, 33.51644
8.86857575, 9.003958, 9.170832, 9.440508399999999, 9.973094299999987, 12.048208349999994, 35.734803
8.859879, 8.999703, 9.17175525, 9.420315599999999, 9.870484399999999, 11.89654, 37.448702
8.86658325, 8.995734500000001, 9.169545750000001, 9.449547, 9.994264399999999, 11.91362787999999, 33.51644
8.871737, 9.004629, 9.176906, 9.4435714, 9.953592299999997, 11.999825449999989, 29.227148
8.863903, 9.0081435, 9.175001, 9.4638494, 9.940976799999998, 11.74916128, 35.487972
8.86403975, 9.007074, 9.188074499999999, 9.463549, 9.9465109, 12.010468299999935, 35.487972
8.869176, 9.002692, 9.17144725, 9.4380572, 9.951954899999999, 11.795355169999997, 35.734803
8.86657175, 8.9987065, 9.1740265, 9.440225, 9.95983, 11.970524529999995, 35.734803
8.86502325, 9.000893, 9.17960725, 9.469301499999998, 10.203344049999995, 12.070439959999998, 35.487972
8.872705, 9.0125955, 9.181367, 9.488363000000001, 10.0822756, 11.922215, 35.734803
8.8706835, 9.013248, 9.196351, 9.4963398, 10.069163799999998, 11.999339, 35.487972
8.869135, 9.000277, 9.18719875, 9.4615561, 9.933371699999997, 11.970524529999995, 35.487972
8.858468, 8.9982445, 9.173272749999999, 9.4338976, 9.913816349999998, 11.71883794999999, 37.448702
8.8687625, 9.005363, 9.1834895, 9.4878396, 10.104829649999992, 12.222709469999991, 35.330604
8.86873375, 9.004397, 9.178882250000001, 9.440024000000001, 10.013454, 11.999339, 35.734803
8.86378, 9.008898, 9.18803825, 9.427065, 9.859398, 11.718606899999996, 35.734803
8.859588, 8.9999325, 9.174917749999999, 9.4192294, 9.813643549999998, 11.959680569999975, 37.448702
8.8682795, 9.001637500000001, 9.185457, 9.4457945, 9.992345, 11.932546299999998, 37.448702
8.868350750000001, 9.000365500000001, 9.17571175, 9.4450259, 10.005778099999997, 12.257427629999995, 35.487972
8.870047499999998, 9.0015745, 9.18558775, 9.4340058, 9.850841, 11.655907809999997, 35.734803
8.86406325, 9.001384, 9.167045, 9.414259, 9.778507099999995, 11.832407149999995, 35.734803
8.883587499999999, 9.033819999999999, 9.22173525, 9.506632000000002, 9.75724345, 14.778363, 52.853195
8.886837499999999, 9.031906500000002, 9.243616750000001, 9.5172905, 9.713557699999999, 16.099406520000002, 52.853195
8.89441925, 9.055035, 9.235759999999999, 9.5076869, 9.775921, 16.255540579999998, 24.370709
8.88878275, 9.0530255, 9.2500745, 9.5692989, 9.80188175, 16.215679, 21.371576
8.882259999999999, 9.023421500000001, 9.237180250000002, 9.487195700000001, 9.69937935, 14.004976779999996, 32.855096
8.87684875, 9.034061, 9.23690875, 9.491848800000001, 9.7347705, 11.994732, 36.893046
8.89537475, 9.046115, 9.24075, 9.492110499999999, 9.704696649999999, 11.545717679999985, 24.370709
8.88686, 9.038584, 9.2263845, 9.494901500000001, 9.689497, 11.738821, 22.552578
8.8817615, 9.028777, 9.257735499999999, 9.497679, 9.75601515, 15.725606399999997, 32.855096
8.879302, 9.034335500000001, 9.216648, 9.4846933, 9.73999115, 12.009638469999988, 18.344529
8.873803250000002, 9.030908499999999, 9.236144249999999, 9.5349308, 9.821656950000001, 17.081657579999998, 36.893046
8.881986, 9.044393, 9.2348575, 9.50015, 9.717783149999999, 15.977705209999998, 36.893046
8.89044925, 9.032985, 9.255067, 9.5423538, 9.847978549999999, 16.37826, 23.303856
8.888008750000001, 9.038647000000001, 9.24292, 9.5205328, 9.768621900000001, 14.605914929999999, 20.217992
8.893408749999999, 9.0379925, 9.230618, 9.5169005, 9.8139838, 14.73195576, 22.552578
0, 0, 0, 0, 0, 0, 0
0, 0, 0, 0, 0, 0, 0
0, 0, 0, 0, 0, 0, 0
0, 0, 0, 0, 0, 0, 0
0, 0, 0, 0, 0, 0, 0
0, 0, 0, 0, 0, 0, 0
0, 0, 0, 0, 0, 0, 0
0, 0, 0, 0, 0, 0, 0
0, 0, 0, 0, 0, 0, 0
0, 0, 0, 0, 0, 0, 0
0, 0, 0, 0, 0, 0, 0
0, 0, 0, 0, 0, 0, 0
0, 0, 0, 0, 0, 0, 0
0, 0, 0, 0, 0, 0, 0
0, 0, 0, 0, 0, 0, 0
0, 0, 0, 0, 0, 0, 0
0, 0, 0, 0, 0, 0, 0
0, 0, 0, 0, 0, 0, 0
0, 0, 0, 0, 0, 0, 0
0, 0, 0, 0, 0, 0, 0
0, 0, 0, 0, 0, 0, 0
0, 0, 0, 0, 0, 0, 0
0, 0, 0, 0, 0, 0, 0
0, 0, 0, 0, 0, 0, 0
0, 0, 0, 0, 0, 0, 0
0, 0, 0, 0, 0, 0, 0
0, 0, 0, 0, 0, 0, 0
0, 0, 0, 0, 0, 0, 0
0, 0, 0, 0, 0, 0, 0
0, 0, 0, 0, 0, 0, 0
0, 0, 0, 0, 0, 0, 0
0, 0, 0, 0, 0, 0, 0
0, 0, 0, 0, 0, 0, 0
0, 0, 0, 0, 0, 0, 0
0, 0, 0, 0, 0, 0, 0
0, 0, 0, 0, 0, 0, 0
0, 0, 0, 0, 0, 0, 0
0, 0, 0, 0, 0, 0, 0
0, 0, 0, 0, 0, 0, 0
0, 0, 0, 0, 0, 0, 0
0, 0, 0, 0, 0, 0, 0
0, 0, 0, 0, 0, 0, 0
0, 0, 0, 0, 0, 0, 0
0, 0, 0, 0, 0, 0, 0
0, 0, 0, 0, 0, 0, 0
0, 0, 0, 0, 0, 0, 0
0, 0, 0, 0, 0, 0, 0
0, 0, 0, 0, 0, 0, 0
0, 0, 0, 0, 0, 0, 0
0, 0, 0, 0, 0, 0, 0
0, 0, 0, 0, 0, 0, 0
0, 0, 0, 0, 0, 0, 0
0, 0, 0, 0, 0, 0, 0
0, 0, 0, 0, 0, 0, 0
0, 0, 0, 0, 0, 0, 0
0, 0, 0, 0, 0, 0, 0
0, 0, 0, 0, 0, 0, 0
0, 0, 0, 0, 0, 0, 0
0, 0, 0, 0, 0, 0, 0
0, 0, 0, 0, 0, 0, 0
0, 0, 0, 0, 0, 0, 0
0, 0, 0, 0, 0, 0, 0
0, 0, 0, 0, 0, 0, 0
0, 0, 0, 0, 0, 0, 0
0, 0, 0, 0, 0, 0, 0
0, 0, 0, 0, 0, 0, 0
0, 0, 0, 0, 0, 0, 0
0, 0, 0, 0, 0, 0, 0
0, 0, 0, 0, 0, 0, 0
0, 0, 0, 0, 0, 0, 0
0, 0, 0, 0, 0, 0, 0
0, 0, 0, 0, 0, 0, 0
0, 0, 0, 0, 0, 0, 0
0, 0, 0, 0, 0, 0, 0
0, 0, 0, 0, 0, 0, 0
0, 0, 0, 0, 0, 0, 0
0, 0, 0, 0, 0, 0, 0
0, 0, 0, 0, 0, 0, 0
0, 0, 0, 0, 0, 0, 0
0, 0, 0, 0, 0, 0, 0
0, 0, 0, 0, 0, 0, 0
0, 0, 0, 0, 0, 0, 0
0, 0, 0, 0, 0, 0, 0
0, 0, 0, 0, 0, 0, 0
0, 0, 0, 0, 0, 0, 0
0, 0, 0, 0, 0, 0, 0
0, 0, 0, 0, 0, 0, 0
0, 0, 0, 0, 0, 0, 0
0, 0, 0, 0, 0, 0, 0
0, 0, 0, 0, 0, 0, 0
0, 0, 0, 0, 0, 0, 0
0, 0, 0, 0, 0, 0, 0
0, 0, 0, 0, 0, 0, 0
0, 0, 0, 0, 0, 0, 0
0, 0, 0, 0, 0, 0, 0
0, 0, 0, 0, 0, 0, 0
0, 0, 0, 0, 0, 0, 0
0, 0, 0, 0, 0, 0, 0
0, 0, 0, 0, 0, 0, 0
0, 0, 0, 0, 0, 0, 0
0, 0, 0, 0, 0, 0, 0
0, 0, 0, 0, 0, 0, 0
0, 0, 0, 0, 0, 0, 0
0, 0, 0, 0, 0, 0, 0
0, 0, 0, 0, 0, 0, 0
0, 0, 0, 0, 0, 0, 0
0, 0, 0, 0, 0, 0, 0
0, 0, 0, 0, 0, 0, 0
0, 0, 0, 0, 0, 0, 0
0, 0, 0, 0, 0, 0, 0
0, 0, 0, 0, 0, 0, 0
0, 0, 0, 0, 0, 0, 0
0, 0, 0, 0, 0, 0, 0
0, 0, 0, 0, 0, 0, 0
0, 0, 0, 0, 0, 0, 0
0, 0, 0, 0, 0, 0, 0
0, 0, 0, 0, 0, 0, 0
0, 0, 0, 0, 0, 0, 0
0, 0, 0, 0, 0, 0, 0
0, 0, 0, 0, 0, 0, 0
0, 0, 0, 0, 0, 0, 0
0, 0, 0, 0, 0, 0, 0
0, 0, 0, 0, 0, 0, 0
0, 0, 0, 0, 0, 0, 0
0, 0, 0, 0, 0, 0, 0
0, 0, 0, 0, 0, 0, 0
0, 0, 0, 0, 0, 0, 0
0, 0, 0, 0, 0, 0, 0
0, 0, 0, 0, 0, 0, 0
0, 0, 0, 0, 0, 0, 0
0, 0, 0, 0, 0, 0, 0
0, 0, 0, 0, 0, 0, 0
0, 0, 0, 0, 0, 0, 0
0, 0, 0, 0, 0, 0, 0
0, 0, 0, 0, 0, 0, 0
0, 0, 0, 0, 0, 0, 0
0, 0, 0, 0, 0, 0, 0
0, 0, 0, 0, 0, 0, 0
0, 0, 0, 0, 0, 0, 0
0, 0, 0, 0, 0, 0, 0
0, 0, 0, 0, 0, 0, 0
0, 0, 0, 0, 0, 0, 0
0, 0, 0, 0, 0, 0, 0
0, 0, 0, 0, 0, 0, 0
0, 0, 0, 0, 0, 0, 0
0, 0, 0, 0, 0, 0, 0
0, 0, 0, 0, 0, 0, 0
0, 0, 0, 0, 0, 0, 0
0, 0, 0, 0, 0, 0, 0
0, 0, 0, 0, 0, 0, 0
0, 0, 0, 0, 0, 0, 0
0, 0, 0, 0, 0, 0, 0
0, 0, 0, 0, 0, 0, 0
0, 0, 0, 0, 0, 0, 0
0, 0, 0, 0, 0, 0, 0
0, 0, 0, 0, 0, 0, 0
0, 0, 0, 0, 0, 0, 0
0, 0, 0, 0, 0, 0, 0
0, 0, 0, 0, 0, 0, 0
0, 0, 0, 0, 0, 0, 0
0, 0, 0, 0, 0, 0, 0
0, 0, 0, 0, 0, 0, 0
0, 0, 0, 0, 0, 0, 0
0, 0, 0, 0, 0, 0, 0
0, 0, 0, 0, 0, 0, 0
0, 0, 0, 0, 0, 0, 0
0, 0, 0, 0, 0, 0, 0
0, 0, 0, 0, 0, 0, 0
0, 0, 0, 0, 0, 0, 0
0, 0, 0, 0, 0, 0, 0
0, 0, 0, 0, 0, 0, 0
0, 0, 0, 0, 0, 0, 0
0, 0, 0, 0, 0, 0, 0
0, 0, 0, 0, 0, 0, 0
0, 0, 0, 0, 0, 0, 0
0, 0, 0, 0, 0, 0, 0
0, 0, 0, 0, 0, 0, 0
0, 0, 0, 0, 0, 0, 0
0, 0, 0, 0, 0, 0, 0
0, 0, 0, 0, 0, 0, 0
0, 0, 0, 0, 0, 0, 0
0, 0, 0, 0, 0, 0, 0
0, 0, 0, 0, 0, 0, 0
0, 0, 0, 0, 0, 0, 0
0, 0, 0, 0, 0, 0, 0
0, 0, 0, 0, 0, 0, 0
0, 0, 0, 0, 0, 0, 0
0, 0, 0, 0, 0, 0, 0
0, 0, 0, 0, 0, 0, 0
0, 0, 0, 0, 0, 0, 0
0, 0, 0, 0, 0, 0, 0
0, 0, 0, 0, 0, 0, 0
0, 0, 0, 0, 0, 0, 0
0, 0, 0, 0, 0, 0, 0
0, 0, 0, 0, 0, 0, 0
0, 0, 0, 0, 0, 0, 0
0, 0, 0, 0, 0, 0, 0
0, 0, 0, 0, 0, 0, 0
0, 0, 0, 0, 0, 0, 0
0, 0, 0, 0, 0, 0, 0
0, 0, 0, 0, 0, 0, 0
0, 0, 0, 0, 0, 0, 0
0, 0, 0, 0, 0, 0, 0
0, 0, 0, 0, 0, 0, 0
0, 0, 0, 0, 0, 0, 0
0, 0, 0, 0, 0, 0, 0
0, 0, 0, 0, 0, 0, 0
0, 0, 0, 0, 0, 0, 0
0, 0, 0, 0, 0, 0, 0
0, 0, 0, 0, 0, 0, 0
0, 0, 0, 0, 0, 0, 0
0, 0, 0, 0, 0, 0, 0
0, 0, 0, 0, 0, 0, 0
0, 0, 0, 0, 0, 0, 0
0, 0, 0, 0, 0, 0, 0
0, 0, 0, 0, 0, 0, 0
0, 0, 0, 0, 0, 0, 0
0, 0, 0, 0, 0, 0, 0
0, 0, 0, 0, 0, 0, 0
0, 0, 0, 0, 0, 0, 0
0, 0, 0, 0, 0, 0, 0
0, 0, 0, 0, 0, 0, 0
0, 0, 0, 0, 0, 0, 0
0, 0, 0, 0, 0, 0, 0
0, 0, 0, 0, 0, 0, 0
0, 0, 0, 0, 0, 0, 0
0, 0, 0, 0, 0, 0, 0
0, 0, 0, 0, 0, 0, 0
0, 0, 0, 0, 0, 0, 0
0, 0, 0, 0, 0, 0, 0
0, 0, 0, 0, 0, 0, 0
0, 0, 0, 0, 0, 0, 0
0, 0, 0, 0, 0, 0, 0
0, 0, 0, 0, 0, 0, 0
0, 0, 0, 0, 0, 0, 0
0, 0, 0, 0, 0, 0, 0
0, 0, 0, 0, 0, 0, 0
0, 0, 0, 0, 0, 0, 0
0, 0, 0, 0, 0, 0, 0
0, 0, 0, 0, 0, 0, 0
0, 0, 0, 0, 0, 0, 0
0, 0, 0, 0, 0, 0, 0
0, 0, 0, 0, 0, 0, 0
0, 0, 0, 0, 0, 0, 0
0, 0, 0, 0, 0, 0, 0
0, 0, 0, 0, 0, 0, 0
0, 0, 0, 0, 0, 0, 0
0, 0, 0, 0, 0, 0, 0
0, 0, 0, 0, 0, 0, 0
0, 0, 0, 0, 0, 0, 0
0, 0, 0, 0, 0, 0, 0
0, 0, 0, 0, 0, 0, 0
0, 0, 0, 0, 0, 0, 0
0, 0, 0, 0, 0, 0, 0
0, 0, 0, 0, 0, 0, 0
