25th, 50th, 75th, 90th, 95th, 99th, max
0, 0, 0, 0, 0, 0, 0
0, 0, 0, 0, 0, 0, 0
0, 0, 0, 0, 0, 0, 0
0, 0, 0, 0, 0, 0, 0
0, 0, 0, 0, 0, 0, 0
0, 0, 0, 0, 0, 0, 0
0, 0, 0, 0, 0, 0, 0
0, 0, 0, 0, 0, 0, 0
0, 0, 0, 0, 0, 0, 0
0, 0, 0, 0, 0, 0, 0
0, 0, 0, 0, 0, 0, 0
0, 0, 0, 0, 0, 0, 0
0, 0, 0, 0, 0, 0, 0
0, 0, 0, 0, 0, 0, 0
0, 0, 0, 0, 0, 0, 0
0, 0, 0, 0, 0, 0, 0
0, 0, 0, 0, 0, 0, 0
0, 0, 0, 0, 0, 0, 0
0, 0, 0, 0, 0, 0, 0
0, 0, 0, 0, 0, 0, 0
0, 0, 0, 0, 0, 0, 0
0, 0, 0, 0, 0, 0, 0
0, 0, 0, 0, 0, 0, 0
0, 0, 0, 0, 0, 0, 0
0, 0, 0, 0, 0, 0, 0
0, 0, 0, 0, 0, 0, 0
0, 0, 0, 0, 0, 0, 0
0, 0, 0, 0, 0, 0, 0
0, 0, 0, 0, 0, 0, 0
0, 0, 0, 0, 0, 0, 0
0, 0, 0, 0, 0, 0, 0
0, 0, 0, 0, 0, 0, 0
0, 0, 0, 0, 0, 0, 0
0, 0, 0, 0, 0, 0, 0
0, 0, 0, 0, 0, 0, 0
0, 0, 0, 0, 0, 0, 0
0, 0, 0, 0, 0, 0, 0
0, 0, 0, 0, 0, 0, 0
0, 0, 0, 0, 0, 0, 0
0, 0, 0, 0, 0, 0, 0
0, 0, 0, 0, 0, 0, 0
0, 0, 0, 0, 0, 0, 0
0, 0, 0, 0, 0, 0, 0
0, 0, 0, 0, 0, 0, 0
0, 0, 0, 0, 0, 0, 0
0, 0, 0, 0, 0, 0, 0
0, 0, 0, 0, 0, 0, 0
0, 0, 0, 0, 0, 0, 0
0, 0, 0, 0, 0, 0, 0
0, 0, 0, 0, 0, 0, 0
0, 0, 0, 0, 0, 0, 0
0, 0, 0, 0, 0, 0, 0
0, 0, 0, 0, 0, 0, 0
0, 0, 0, 0, 0, 0, 0
0, 0, 0, 0, 0, 0, 0
0, 0, 0, 0, 0, 0, 0
0, 0, 0, 0, 0, 0, 0
0, 0, 0, 0, 0, 0, 0
0, 0, 0, 0, 0, 0, 0
0, 0, 0, 0, 0, 0, 0
0, 0, 0, 0, 0, 0, 0
0, 0, 0, 0, 0, 0, 0
0, 0, 0, 0, 0, 0, 0
0, 0, 0, 0, 0, 0, 0
0, 0, 0, 0, 0, 0, 0
0, 0, 0, 0, 0, 0, 0
0, 0, 0, 0, 0, 0, 0
0, 0, 0, 0, 0, 0, 0
0, 0, 0, 0, 0, 0, 0
0, 0, 0, 0, 0, 0, 0
0, 0, 0, 0, 0, 0, 0
0, 0, 0, 0, 0, 0, 0
0, 0, 0, 0, 0, 0, 0
0, 0, 0, 0, 0, 0, 0
0, 0, 0, 0, 0, 0, 0
0, 0, 0, 0, 0, 0, 0
0, 0, 0, 0, 0, 0, 0
0, 0, 0, 0, 0, 0, 0
0, 0, 0, 0, 0, 0, 0
0, 0, 0, 0, 0, 0, 0
0, 0, 0, 0, 0, 0, 0
0, 0, 0, 0, 0, 0, 0
0, 0, 0, 0, 0, 0, 0
0, 0, 0, 0, 0, 0, 0
0, 0, 0, 0, 0, 0, 0
0, 0, 0, 0, 0, 0, 0
0, 0, 0, 0, 0, 0, 0
0, 0, 0, 0, 0, 0, 0
0, 0, 0, 0, 0, 0, 0
0, 0, 0, 0, 0, 0, 0
0, 0, 0, 0, 0, 0, 0
0, 0, 0, 0, 0, 0, 0
0, 0, 0, 0, 0, 0, 0
0, 0, 0, 0, 0, 0, 0
0, 0, 0, 0, 0, 0, 0
0, 0, 0, 0, 0, 0, 0
0, 0, 0, 0, 0, 0, 0
0, 0, 0, 0, 0, 0, 0
0, 0, 0, 0, 0, 0, 0
0, 0, 0, 0, 0, 0, 0
0, 0, 0, 0, 0, 0, 0
0, 0, 0, 0, 0, 0, 0
0, 0, 0, 0, 0, 0, 0
0, 0, 0, 0, 0, 0, 0
0, 0, 0, 0, 0, 0, 0
0, 0, 0, 0, 0, 0, 0
0, 0, 0, 0, 0, 0, 0
0, 0, 0, 0, 0, 0, 0
0, 0, 0, 0, 0, 0, 0
0, 0, 0, 0, 0, 0, 0
0, 0, 0, 0, 0, 0, 0
0, 0, 0, 0, 0, 0, 0
0, 0, 0, 0, 0, 0, 0
0, 0, 0, 0, 0, 0, 0
0, 0, 0, 0, 0, 0, 0
0, 0, 0, 0, 0, 0, 0
0, 0, 0, 0, 0, 0, 0
0, 0, 0, 0, 0, 0, 0
0, 0, 0, 0, 0, 0, 0
0, 0, 0, 0, 0, 0, 0
0, 0, 0, 0, 0, 0, 0
0, 0, 0, 0, 0, 0, 0
0, 0, 0, 0, 0, 0, 0
0, 0, 0, 0, 0, 0, 0
0, 0, 0, 0, 0, 0, 0
0, 0, 0, 0, 0, 0, 0
0, 0, 0, 0, 0, 0, 0
0, 0, 0, 0, 0, 0, 0
0, 0, 0, 0, 0, 0, 0
0, 0, 0, 0, 0, 0, 0
0, 0, 0, 0, 0, 0, 0
0, 0, 0, 0, 0, 0, 0
0, 0, 0, 0, 0, 0, 0
0, 0, 0, 0, 0, 0, 0
0, 0, 0, 0, 0, 0, 0
0, 0, 0, 0, 0, 0, 0
0, 0, 0, 0, 0, 0, 0
0, 0, 0, 0, 0, 0, 0
0, 0, 0, 0, 0, 0, 0
0, 0, 0, 0, 0, 0, 0
0, 0, 0, 0, 0, 0, 0
0, 0, 0, 0, 0, 0, 0
0, 0, 0, 0, 0, 0, 0
0, 0, 0, 0, 0, 0, 0
0, 0, 0, 0, 0, 0, 0
0, 0, 0, 0, 0, 0, 0
0, 0, 0, 0, 0, 0, 0
0, 0, 0, 0, 0, 0, 0
0, 0, 0, 0, 0, 0, 0
0, 0, 0, 0, 0, 0, 0
0, 0, 0, 0, 0, 0, 0
0, 0, 0, 0, 0, 0, 0
0, 0, 0, 0, 0, 0, 0
0, 0, 0, 0, 0, 0, 0
0, 0, 0, 0, 0, 0, 0
0, 0, 0, 0, 0, 0, 0
0, 0, 0, 0, 0, 0, 0
0, 0, 0, 0, 0, 0, 0
0, 0, 0, 0, 0, 0, 0
0, 0, 0, 0, 0, 0, 0
0, 0, 0, 0, 0, 0, 0
0, 0, 0, 0, 0, 0, 0
0, 0, 0, 0, 0, 0, 0
0, 0, 0, 0, 0, 0, 0
0, 0, 0, 0, 0, 0, 0
0, 0, 0, 0, 0, 0, 0
0, 0, 0, 0, 0, 0, 0
0, 0, 0, 0, 0, 0, 0
0, 0, 0, 0, 0, 0, 0
0, 0, 0, 0, 0, 0, 0
0, 0, 0, 0, 0, 0, 0
0, 0, 0, 0, 0, 0, 0
0, 0, 0, 0, 0, 0, 0
0, 0, 0, 0, 0, 0, 0
0, 0, 0, 0, 0, 0, 0
0, 0, 0, 0, 0, 0, 0
0, 0, 0, 0, 0, 0, 0
0, 0, 0, 0, 0, 0, 0
0, 0, 0, 0, 0, 0, 0
0, 0, 0, 0, 0, 0, 0
0, 0, 0, 0, 0, 0, 0
0, 0, 0, 0, 0, 0, 0
0, 0, 0, 0, 0, 0, 0
0, 0, 0, 0, 0, 0, 0
0, 0, 0, 0, 0, 0, 0
0, 0, 0, 0, 0, 0, 0
0, 0, 0, 0, 0, 0, 0
0, 0, 0, 0, 0, 0, 0
0, 0, 0, 0, 0, 0, 0
0, 0, 0, 0, 0, 0, 0
0, 0, 0, 0, 0, 0, 0
0, 0, 0, 0, 0, 0, 0
0, 0, 0, 0, 0, 0, 0
0, 0, 0, 0, 0, 0, 0
0, 0, 0, 0, 0, 0, 0
0, 0, 0, 0, 0, 0, 0
0, 0, 0, 0, 0, 0, 0
0, 0, 0, 0, 0, 0, 0
0, 0, 0, 0, 0, 0, 0
0, 0, 0, 0, 0, 0, 0
0, 0, 0, 0, 0, 0, 0
0, 0, 0, 0, 0, 0, 0
0, 0, 0, 0, 0, 0, 0
0, 0, 0, 0, 0, 0, 0
0, 0, 0, 0, 0, 0, 0
0, 0, 0, 0, 0, 0, 0
0, 0, 0, 0, 0, 0, 0
0, 0, 0, 0, 0, 0, 0
0, 0, 0, 0, 0, 0, 0
0, 0, 0, 0, 0, 0, 0
0, 0, 0, 0, 0, 0, 0
0, 0, 0, 0, 0, 0, 0
0, 0, 0, 0, 0, 0, 0
0, 0, 0, 0, 0, 0, 0
0, 0, 0, 0, 0, 0, 0
0, 0, 0, 0, 0, 0, 0
0, 0, 0, 0, 0, 0, 0
0, 0, 0, 0, 0, 0, 0
0, 0, 0, 0, 0, 0, 0
0, 0, 0, 0, 0, 0, 0
0, 0, 0, 0, 0, 0, 0
0, 0, 0, 0, 0, 0, 0
0, 0, 0, 0, 0, 0, 0
0, 0, 0, 0, 0, 0, 0
0, 0, 0, 0, 0, 0, 0
0, 0, 0, 0, 0, 0, 0
0, 0, 0, 0, 0, 0, 0
0, 0, 0, 0, 0, 0, 0
0, 0, 0, 0, 0, 0, 0
0, 0, 0, 0, 0, 0, 0
0, 0, 0, 0, 0, 0, 0
0, 0, 0, 0, 0, 0, 0
0, 0, 0, 0, 0, 0, 0
0, 0, 0, 0, 0, 0, 0
0, 0, 0, 0, 0, 0, 0
0, 0, 0, 0, 0, 0, 0
0, 0, 0, 0, 0, 0, 0
0, 0, 0, 0, 0, 0, 0
0, 0, 0, 0, 0, 0, 0
0, 0, 0, 0, 0, 0, 0
0, 0, 0, 0, 0, 0, 0
0, 0, 0, 0, 0, 0, 0
0, 0, 0, 0, 0, 0, 0
0, 0, 0, 0, 0, 0, 0
0, 0, 0, 0, 0, 0, 0
0, 0, 0, 0, 0, 0, 0
0, 0, 0, 0, 0, 0, 0
0, 0, 0, 0, 0, 0, 0
0, 0, 0, 0, 0, 0, 0
0, 0, 0, 0, 0, 0, 0
0, 0, 0, 0, 0, 0, 0
0, 0, 0, 0, 0, 0, 0
0, 0, 0, 0, 0, 0, 0
0, 0, 0, 0, 0, 0, 0
0, 0, 0, 0, 0, 0, 0
0, 0, 0, 0, 0, 0, 0
0, 0, 0, 0, 0, 0, 0
0, 0, 0, 0, 0, 0, 0
0, 0, 0, 0, 0, 0, 0
0, 0, 0, 0, 0, 0, 0
0, 0, 0, 0, 0, 0, 0
0, 0, 0, 0, 0, 0, 0
0, 0, 0, 0, 0, 0, 0
0, 0, 0, 0, 0, 0, 0
0, 0, 0, 0, 0, 0, 0
0, 0, 0, 0, 0, 0, 0
0, 0, 0, 0, 0, 0, 0
0, 0, 0, 0, 0, 0, 0
0, 0, 0, 0, 0, 0, 0
0, 0, 0, 0, 0, 0, 0
0, 0, 0, 0, 0, 0, 0
0, 0, 0, 0, 0, 0, 0
0, 0, 0, 0, 0, 0, 0
0, 0, 0, 0, 0, 0, 0
0, 0, 0, 0, 0, 0, 0
0, 0, 0, 0, 0, 0, 0
0, 0, 0, 0, 0, 0, 0
0, 0, 0, 0, 0, 0, 0
0, 0, 0, 0, 0, 0, 0
0, 0, 0, 0, 0, 0, 0
0, 0, 0, 0, 0, 0, 0
0, 0, 0, 0, 0, 0, 0
0, 0, 0, 0, 0, 0, 0
0, 0, 0, 0, 0, 0, 0
0, 0, 0, 0, 0, 0, 0
0, 0, 0, 0, 0, 0, 0
0, 0, 0, 0, 0, 0, 0
0, 0, 0, 0, 0, 0, 0
0, 0, 0, 0, 0, 0, 0
0, 0, 0, 0, 0, 0, 0
0, 0, 0, 0, 0, 0, 0
0, 0, 0, 0, 0, 0, 0
0, 0, 0, 0, 0, 0, 0
0, 0, 0, 0, 0, 0, 0
0, 0, 0, 0, 0, 0, 0
0, 0, 0, 0, 0, 0, 0
0, 0, 0, 0, 0, 0, 0
0, 0, 0, 0, 0, 0, 0
0, 0, 0, 0, 0, 0, 0
0, 0, 0, 0, 0, 0, 0
0, 0, 0, 0, 0, 0, 0
0, 0, 0, 0, 0, 0, 0
0, 0, 0, 0, 0, 0, 0
0, 0, 0, 0, 0, 0, 0
0, 0, 0, 0, 0, 0, 0
0, 0, 0, 0, 0, 0, 0
0, 0, 0, 0, 0, 0, 0
0, 0, 0, 0, 0, 0, 0
0, 0, 0, 0, 0, 0, 0
0, 0, 0, 0, 0, 0, 0
0, 0, 0, 0, 0, 0, 0
0, 0, 0, 0, 0, 0, 0
0, 0, 0, 0, 0, 0, 0
0, 0, 0, 0, 0, 0, 0
0, 0, 0, 0, 0, 0, 0
0, 0, 0, 0, 0, 0, 0
0, 0, 0, 0, 0, 0, 0
0, 0, 0, 0, 0, 0, 0
0, 0, 0, 0, 0, 0, 0
0, 0, 0, 0, 0, 0, 0
0, 0, 0, 0, 0, 0, 0
0, 0, 0, 0, 0, 0, 0
0, 0, 0, 0, 0, 0, 0
0, 0, 0, 0, 0, 0, 0
0, 0, 0, 0, 0, 0, 0
0, 0, 0, 0, 0, 0, 0
0, 0, 0, 0, 0, 0, 0
0, 0, 0, 0, 0, 0, 0
0, 0, 0, 0, 0, 0, 0
0, 0, 0, 0, 0, 0, 0
0, 0, 0, 0, 0, 0, 0
0, 0, 0, 0, 0, 0, 0
0, 0, 0, 0, 0, 0, 0
0, 0, 0, 0, 0, 0, 0
0, 0, 0, 0, 0, 0, 0
0, 0, 0, 0, 0, 0, 0
0, 0, 0, 0, 0, 0, 0
0, 0, 0, 0, 0, 0, 0
0, 0, 0, 0, 0, 0, 0
0, 0, 0, 0, 0, 0, 0
0, 0, 0, 0, 0, 0, 0
0, 0, 0, 0, 0, 0, 0
0, 0, 0, 0, 0, 0, 0
0, 0, 0, 0, 0, 0, 0
0, 0, 0, 0, 0, 0, 0
0, 0, 0, 0, 0, 0, 0
0, 0, 0, 0, 0, 0, 0
0, 0, 0, 0, 0, 0, 0
0, 0, 0, 0, 0, 0, 0
0, 0, 0, 0, 0, 0, 0
0, 0, 0, 0, 0, 0, 0
0, 0, 0, 0, 0, 0, 0
0, 0, 0, 0, 0, 0, 0
0, 0, 0, 0, 0, 0, 0
0, 0, 0, 0, 0, 0, 0
0, 0, 0, 0, 0, 0, 0
0, 0, 0, 0, 0, 0, 0
0, 0, 0, 0, 0, 0, 0
0, 0, 0, 0, 0, 0, 0
0, 0, 0, 0, 0, 0, 0
0, 0, 0, 0, 0, 0, 0
0, 0, 0, 0, 0, 0, 0
0, 0, 0, 0, 0, 0, 0
0, 0, 0, 0, 0, 0, 0
0, 0, 0, 0, 0, 0, 0
0, 0, 0, 0, 0, 0, 0
0, 0, 0, 0, 0, 0, 0
0, 0, 0, 0, 0, 0, 0
0, 0, 0, 0, 0, 0, 0
0, 0, 0, 0, 0, 0, 0
0, 0, 0, 0, 0, 0, 0
0, 0, 0, 0, 0, 0, 0
0, 0, 0, 0, 0, 0, 0
0, 0, 0, 0, 0, 0, 0
0, 0, 0, 0, 0, 0, 0
0, 0, 0, 0, 0, 0, 0
0, 0, 0, 0, 0, 0, 0
0, 0, 0, 0, 0, 0, 0
0, 0, 0, 0, 0, 0, 0
0, 0, 0, 0, 0, 0, 0
0, 0, 0, 0, 0, 0, 0
0, 0, 0, 0, 0, 0, 0
0, 0, 0, 0, 0, 0, 0
0, 0, 0, 0, 0, 0, 0
0, 0, 0, 0, 0, 0, 0
0, 0, 0, 0, 0, 0, 0
0, 0, 0, 0, 0, 0, 0
0, 0, 0, 0, 0, 0, 0
0, 0, 0, 0, 0, 0, 0
0, 0, 0, 0, 0, 0, 0
0, 0, 0, 0, 0, 0, 0
0, 0, 0, 0, 0, 0, 0
0, 0, 0, 0, 0, 0, 0
0, 0, 0, 0, 0, 0, 0
0, 0, 0, 0, 0, 0, 0
0, 0, 0, 0, 0, 0, 0
0, 0, 0, 0, 0, 0, 0
0, 0, 0, 0, 0, 0, 0
0, 0, 0, 0, 0, 0, 0
0, 0, 0, 0, 0, 0, 0
0, 0, 0, 0, 0, 0, 0
0, 0, 0, 0, 0, 0, 0
0, 0, 0, 0, 0, 0, 0
0, 0, 0, 0, 0, 0, 0
0, 0, 0, 0, 0, 0, 0
0, 0, 0, 0, 0, 0, 0
0, 0, 0, 0, 0, 0, 0
0, 0, 0, 0, 0, 0, 0
0, 0, 0, 0, 0, 0, 0
0, 0, 0, 0, 0, 0, 0
0, 0, 0, 0, 0, 0, 0
0, 0, 0, 0, 0, 0, 0
0, 0, 0, 0, 0, 0, 0
0, 0, 0, 0, 0, 0, 0
0, 0, 0, 0, 0, 0, 0
0, 0, 0, 0, 0, 0, 0
0, 0, 0, 0, 0, 0, 0
0, 0, 0, 0, 0, 0, 0
0, 0, 0, 0, 0, 0, 0
0, 0, 0, 0, 0, 0, 0
0, 0, 0, 0, 0, 0, 0
0, 0, 0, 0, 0, 0, 0
0, 0, 0, 0, 0, 0, 0
0, 0, 0, 0, 0, 0, 0
0, 0, 0, 0, 0, 0, 0
0, 0, 0, 0, 0, 0, 0
0, 0, 0, 0, 0, 0, 0
0, 0, 0, 0, 0, 0, 0
0, 0, 0, 0, 0, 0, 0
0, 0, 0, 0, 0, 0, 0
0, 0, 0, 0, 0, 0, 0
0, 0, 0, 0, 0, 0, 0
0, 0, 0, 0, 0, 0, 0
0, 0, 0, 0, 0, 0, 0
0, 0, 0, 0, 0, 0, 0
0, 0, 0, 0, 0, 0, 0
0, 0, 0, 0, 0, 0, 0
0, 0, 0, 0, 0, 0, 0
0, 0, 0, 0, 0, 0, 0
0, 0, 0, 0, 0, 0, 0
0, 0, 0, 0, 0, 0, 0
0, 0, 0, 0, 0, 0, 0
0, 0, 0, 0, 0, 0, 0
0, 0, 0, 0, 0, 0, 0
0, 0, 0, 0, 0, 0, 0
0, 0, 0, 0, 0, 0, 0
0, 0, 0, 0, 0, 0, 0
0, 0, 0, 0, 0, 0, 0
0, 0, 0, 0, 0, 0, 0
0, 0, 0, 0, 0, 0, 0
0, 0, 0, 0, 0, 0, 0
0, 0, 0, 0, 0, 0, 0
0, 0, 0, 0, 0, 0, 0
0, 0, 0, 0, 0, 0, 0
0, 0, 0, 0, 0, 0, 0
0, 0, 0, 0, 0, 0, 0
0, 0, 0, 0, 0, 0, 0
0, 0, 0, 0, 0, 0, 0
0, 0, 0, 0, 0, 0, 0
0, 0, 0, 0, 0, 0, 0
0, 0, 0, 0, 0, 0, 0
0, 0, 0, 0, 0, 0, 0
8.8835955, 9.029644999999999, 9.226861750000001, 9.4723743, 9.65721, 10.247695440000001, 18.516134
8.87971775, 9.0413625, 9.235593999999999, 9.5099513, 9.744857399999999, 14.416369, 52.853195
8.888826, 9.0391175, 9.25468275, 9.535358, 9.80016605, 15.875618009999997, 52.853195
8.8884085, 9.0382295, 9.253446, 9.4827559, 9.73350025, 16.37845443, 19.587514
8.8770585, 9.042539999999999, 9.2328265, 9.478884, 9.7143503, 11.826349019999988, 36.893046
8.883815250000001, 9.0455925, 9.23995275, 9.5100558, 9.6929427, 13.922795259999994, 18.516134
8.8908635, 9.044676500000001, 9.2489265, 9.5351072, 9.808353, 16.10960347, 52.853195
8.8962795, 9.045765, 9.25758175, 9.531918, 9.8005661, 16.2536, 32.855096
8.89279175, 9.0427365, 9.25237925, 9.551471699999999, 9.8069165, 16.747375299999998, 22.552578
8.902743, 9.0490835, 9.24740475, 9.4823865, 9.67585405, 11.832764049999982, 24.370709
8.888727, 9.042858500000001, 9.23217775, 9.510636, 9.728642200000001, 14.693420859999998, 32.855096
8.903107250000001, 9.049244, 9.2224365, 9.480218, 9.7223915, 13.75789512999998, 24.370709
8.87577675, 9.046623, 9.23547025, 9.5019064, 9.7303684, 11.972795, 36.893046
8.8834155, 9.042075, 9.226489, 9.4735924, 9.689497, 14.605052, 22.552578
8.8656115, 9.005745000000001, 9.184533, 9.4571946, 10.065503449999998, 11.922318299999997, 35.734803
8.868838, 9.0045995, 9.18139, 9.4622593, 10.071191749999997, 12.277909739999998, 37.448702
8.86356575, 9.00372, 9.1840755, 9.4559177, 9.95179325, 11.932734399999998, 35.734803
8.862596250000001, 9.002384, 9.176628000000001, 9.4537253, 10.005128, 11.999339, 35.330604
8.86972875, 9.008089, 9.1985265, 9.4726081, 10.069073, 12.170301709999988, 37.448702
8.874375, 9.013410499999999, 9.1997705, 9.4655506, 10.019570399999997, 11.903514549999992, 37.448702
8.87542675, 9.0132075, 9.20435425, 9.503696399999999, 10.2677614, 12.223577699999993, 35.734803
8.866778, 9.000554000000001, 9.173304250000001, 9.44343, 9.971035699999998, 11.757141689999996, 29.227148
8.87542675, 9.013717, 9.19370425, 9.44659, 9.961654, 11.832284659999997, 24.923449
8.87161425, 9.005358999999999, 9.184326, 9.4499572, 9.946236, 11.993545, 37.448702
8.86910425, 9.004774999999999, 9.183255, 9.467014999999998, 9.992619, 11.898120379999993, 29.227148
8.86330125, 9.0031485, 9.174917749999999, 9.4405118, 9.941446449999997, 11.959054049999988, 37.448702
8.8775805, 9.019493, 9.19370425, 9.4596924, 9.9923587, 11.993602939999997, 35.734803
8.78440075, 9.054306, 10.2700615, 11.663426, 12.444323600000002, 14.757332510000007, 19.563106
8.786178, 9.045935, 10.21806025, 11.595754000000001, 12.436289600000002, 14.965230630000006, 26.889073
8.786515, 9.036811, 10.19790975, 11.661160200000001, 12.512041, 14.824984, 19.563106
8.7898055, 9.0372135, 10.1824325, 11.6460504, 12.503249750000002, 14.96492, 26.889073
8.64702525, 9.0918615, 10.823185, 12.534186, 14.062357749999999, 17.787040250000004, 38.813544
8.643625, 9.160873, 10.8818, 12.571728600000004, 14.199854, 17.70364571, 34.408771
8.649687, 9.106537, 10.77109825, 12.541062, 14.199854, 17.937063770000005, 38.813544
8.646227, 9.1276625, 10.7750085, 12.391220200000003, 13.983646, 17.786971, 38.813544
8.64623525, 9.140444, 10.85904825, 12.436074, 13.995730049999986, 17.40155267, 34.462112
8.65645325, 9.157301499999999, 10.830662, 12.566286400000001, 14.106045, 17.787040250000004, 38.404747
8.658088000000001, 9.171392999999998, 10.823185, 12.462601000000001, 13.963302399999996, 17.401424, 38.813544
8.64911925, 9.140724, 10.83674225, 12.568477, 14.160736, 17.629572, 38.813544
8.647156, 9.111492, 10.7303675, 12.4265521, 13.967338, 17.470363, 38.813544
8.639088, 9.127385, 10.743062, 12.437000900000003, 14.063715799999997, 17.78614925, 38.404747
8.642476, 9.109048, 10.779551, 12.397565500000004, 13.889443999999985, 17.470363, 38.813544
8.637738, 9.0825985, 10.760481500000001, 12.267887, 13.730198, 17.066148650000002, 38.813544
8.649534, 9.135669499999999, 10.830678, 12.480118200000001, 14.105016, 17.92199, 38.813544
8.641443, 9.088991, 10.7744485, 12.436747100000002, 13.975135899999987, 17.802635930000008, 38.404747
8.647674, 9.128324, 10.809276, 12.453529, 14.059551349999998, 17.802213, 38.404747
8.646602, 9.1286245, 10.772923500000001, 12.357209500000002, 14.021462, 17.70364571, 38.813544
8.645088, 9.088958000000002, 10.742512750000001, 12.418864, 13.94344149999999, 17.443292050000004, 34.462112
8.647882, 9.1607465, 10.81642725, 12.454140400000002, 14.126227, 17.793896, 38.404747
8.6369905, 9.126587, 10.838858250000001, 12.501195900000004, 14.063569, 17.793979170000004, 38.813544
8.64897175, 9.1328155, 10.83674225, 12.361003, 13.957298149999998, 17.629572, 38.813544
8.640605, 9.129338, 10.729018499999999, 12.291426, 13.846038449999998, 17.793979170000004, 38.404747
8.64091175, 9.070035, 10.733774, 12.474779400000001, 14.0619102, 17.629914210000006, 38.813544
8.65805125, 9.1691875, 10.837687, 12.444252, 14.106434499999994, 17.699644929999998, 38.813544
8.659845, 9.134162, 10.78780575, 12.55624, 14.06189, 17.629720110000004, 38.813544
8.64247575, 9.091334, 10.823630000000001, 12.346427, 13.994813, 17.644577100000006, 38.813544
8.647156, 9.111161500000001, 10.819754, 12.408094900000002, 14.062389, 18.233113, 34.408771
8.78503225, 9.0452385, 10.22029575, 11.6074946, 12.413339700000002, 14.932743420000001, 19.563106
8.799104750000001, 9.053899000000001, 10.2216185, 11.676102300000002, 12.629262, 15.27344427, 26.889073
8.78020925, 9.038776, 10.24144875, 11.647011000000001, 12.34270465, 14.491433710000011, 19.563106
8.792757, 9.050122, 10.20798875, 11.665080800000002, 12.4629839, 14.8228456, 26.889073
8.63776075, 9.148478, 10.83284825, 12.515972200000004, 14.0784085, 17.70450098000002, 38.813544
8.649479249999999, 9.112452, 10.78494675, 12.4538246, 14.0770436, 17.786071, 38.813544
8.642968, 9.128062, 10.7602125, 12.430775, 14.077124099999997, 17.845367560000017, 38.813544
9.110274, 11.246837, 14.157585000000001, 17.5578838, 19.86394369999998, 25.607740360000015, 44.22794
9.112104, 11.180544, 14.0071025, 17.4489783, 19.90551294999999, 25.398104, 44.22794
8.639118, 9.112365, 10.737396, 12.397027200000004, 14.124431, 17.8129, 34.462112
8.64965025, 9.1496255, 10.8079575, 12.429064, 13.964287549999996, 17.699644929999998, 38.813544
8.649243250000001, 9.157962000000001, 10.869478, 12.382671, 13.974773949999992, 17.664151120000007, 38.404747
8.639067749999999, 9.086196, 10.734365500000001, 12.424528800000001, 14.0619102, 17.703598, 38.813544
8.6377825, 9.109082, 10.7594085, 12.390487, 13.96309, 17.437039210000005, 27.927733
8.64896975, 9.144944, 10.78166575, 12.389659, 14.062294, 17.70364571, 38.404747
8.64409775, 9.137685, 10.8120375, 12.429559500000002, 13.92961735, 17.664191050000007, 38.813544
8.641439, 9.0900105, 10.7186275, 12.345046600000002, 13.93170474999999, 17.664151120000007, 38.813544
9.14532275, 11.289213499999999, 14.067892, 17.3583994, 19.753488549999997, 25.678368970000026, 40.625286
9.095218, 11.170319, 14.011948, 17.396310300000007, 20.054866049999987, 27.429179030000018, 44.22794
9.11443675, 11.182695500000001, 14.04276875, 17.2995723, 19.874443449999998, 24.920627, 44.22794
8.65043375, 9.159366, 10.8181355, 12.366907700000006, 14.0619102, 17.54839695000002, 38.404747
8.862988, 9.000233, 9.173733, 9.459141, 9.946236, 12.047984, 106.65728562049044
8.865466, 9.0032625, 9.176884, 9.4605923, 9.997939, 11.932675, 35.734803
8.866778, 9.005845, 9.17529125, 9.439427, 9.933371699999993, 11.993545, 37.448702
8.871141, 9.007787, 9.175689, 9.443095, 9.949789, 11.922215, 37.448702
8.86622, 9.003401, 9.181369, 9.455824, 9.994071, 12.047984, 35.734803
8.862988, 9.001533, 9.176026, 9.4449875, 9.952919, 11.932545, 37.448702
8.863657, 8.999347, 9.171114, 9.442472, 9.905263, 11.89654, 35.734803
8.863654, 9.004065, 9.174758, 9.440294, 9.913345, 11.87444791, 37.448702
8.868146000000001, 9.006877, 9.184391, 9.443095, 9.927151549999998, 11.999376500000002, 37.448702
8.86542325, 9.001815, 9.173258, 9.44578, 9.930965, 11.938814470000004, 37.448702
8.832856249999999, 9.019526500000001, 9.378039, 10.8987772, 11.838544149999999, 13.980222, 37.448702
8.83408, 9.017131, 9.36742, 10.857567, 11.738938049999994, 13.780336209999987, 37.448702
8.8330185, 9.018692000000001, 9.383925, 10.90115, 11.7673367, 13.920245, 35.734803
8.835176, 9.021363, 9.3650105, 10.900963, 11.804591699999996, 13.892242, 35.734803
8.83570975, 9.0182515, 9.387922, 10.932657500000003, 11.816593, 14.163179739999999, 37.448702
8.833141, 9.016438, 9.370365750000001, 10.897723, 11.761705249999999, 14.042294, 37.448702
8.835123, 9.019293000000001, 9.378039, 10.898591, 11.768581, 13.70773, 37.448702
8.832666, 9.018456, 9.37991725, 10.861619, 11.757076499999998, 13.807905739999818, 37.448702
8.838464, 9.0261645, 9.3941765, 10.878212, 11.787223, 14.132683299999998, 37.448702
8.834907, 9.013277, 9.354063499999999, 10.838169500000001, 11.728318299999994, 13.748449, 37.448702
8.833051, 9.016698, 9.371589, 10.8678974, 11.7740831, 13.86548, 35.487972
8.785522, 9.049597, 10.190106, 11.632023, 12.454557, 14.831535, 26.889073
8.785522, 9.053013, 10.212233, 11.638343, 12.4204191, 14.932686829999989, 26.889073
8.78707, 9.054177, 10.233688, 11.640647, 12.454684399999998, 14.93274341999998, 26.889073
8.789987, 9.054177, 10.248715, 11.657958, 12.502305, 14.96492, 26.889073
8.788432, 9.054177, 10.226674, 11.646870900000001, 12.454684399999998, 14.953882, 26.889073
8.784391750000001, 9.050942, 10.200366, 11.629453, 12.472115, 14.944267119999985, 26.889073
8.786701749999999, 9.048128, 10.21556475, 11.638756100000004, 12.412934, 15.027922909999964, 26.889073
8.786741, 9.050942, 10.211487, 11.638363300000002, 12.439778, 14.932628, 26.889073
8.788431, 9.063969, 10.210096, 11.640785400000002, 12.460371, 14.901789, 26.889073
8.788897, 9.060905, 10.24400925, 11.652580000000004, 12.465433, 14.932686829999989, 26.889073
8.78250475, 9.046094, 10.185072, 11.638546, 12.3959, 14.938511, 19.563106
8.78453175, 9.047141, 10.200565, 11.625699, 12.395973549999999, 14.96492, 26.889073
8.78453175, 9.05342, 10.217937, 11.6475, 12.465433, 15.027702, 26.889073
8.73189, 9.084567, 10.5170365, 11.964478, 13.156208, 16.385151, 38.813544
8.723019, 9.073132, 10.528037249999999, 12.011142, 13.13855685, 16.703847219999986, 38.813544
8.720605500000001, 9.066845, 10.488921000000001, 11.986512, 13.159834299999998, 16.80240376999997, 38.404747
8.726084, 9.073376, 10.52205025, 12.022596, 13.219867, 16.605728, 38.813544
8.728245, 9.073015, 10.503411, 11.962376, 13.16290355, 16.61575631, 38.813544
8.72151925, 9.0528405, 10.47526, 11.964613, 13.135516249999998, 16.605762499999994, 38.813544
8.72912325, 9.090065500000001, 10.54724875, 12.039456000000003, 13.122523, 16.605728, 38.813544
8.72706275, 9.073942, 10.519274, 12.0147414, 13.122552699999998, 16.60573268, 38.813544
8.726526, 9.072659, 10.525939000000001, 11.992195500000003, 13.120155, 16.571005939999992, 38.813544
8.727666, 9.075771, 10.52685975, 12.021832, 13.1605324, 16.394276099999924, 38.813544
8.647156, 9.1278, 10.807386, 12.429064, 14.062613, 17.786971, 38.813544
8.644621, 9.135331, 10.802425, 12.365818900000004, 13.94272, 17.663793, 38.813544
8.646881, 9.134141, 10.801294, 12.426273, 14.039873, 17.844506, 38.813544
8.649245, 9.119585, 10.795695, 12.436074, 13.974307, 17.708369, 38.813544
8.647682, 9.142875499999999, 10.806109500000002, 12.439813, 14.034355, 17.786971, 38.404747
8.647641, 9.119585, 10.799044, 12.430775, 14.009391, 17.81321605999995, 38.813544
8.653370749999999, 9.13779, 10.794662, 12.420221, 13.925738, 17.708369, 38.813544
8.643807, 9.105113, 10.752452, 12.347915300000002, 14.021462, 17.611796, 38.813544
8.6476755, 9.1300015, 10.819754, 12.4261067, 13.967686449999995, 17.80231986999998, 38.813544
8.649245, 9.122739, 10.8072195, 12.45322, 14.062613, 17.844506, 38.813544
8.647641, 9.1399975, 10.82114, 12.4361022, 14.070622, 17.8129, 38.813544
8.64713, 9.135001500000001, 10.832821, 12.444252, 14.034355, 17.786971, 38.813544
8.780913, 9.949683, 12.346427, 15.544779, 17.856903149999997, 23.973925, 40.625286
8.776971, 9.928781, 12.27449, 15.442466, 17.7005618, 23.064532, 44.22794
8.77404875, 9.9382385, 12.29181325, 15.508888300000008, 17.7958544, 23.421402409999978, 44.22794
8.77674775, 9.941029, 12.268538, 15.449308, 17.700402, 23.421402409999978, 44.22794
8.784735, 9.94496, 12.265103, 15.4336091, 17.703598, 23.164666, 44.22794
8.775352, 9.953048500000001, 12.331992, 15.608287400000002, 18.026558, 23.896362, 44.22794
8.777054249999999, 9.937491, 12.23406425, 15.418003, 17.793896, 23.386707, 44.22794
8.77441825, 9.911563000000001, 12.272841499999998, 15.494422, 17.8756064, 23.973925, 44.22794
8.770183, 9.934611499999999, 12.348415, 15.556255, 17.82148, 23.421254, 44.22794
8.781703, 9.925985, 12.248692, 15.531935800000005, 17.849544, 23.544528, 44.22794
8.772451, 9.9399085, 12.32237325, 15.460952, 17.72919675, 23.313008, 44.22794
8.781472, 9.9598245, 12.3431125, 15.51228350000001, 17.799246, 23.973925, 44.22794
8.787281, 9.964761, 12.278428250000001, 15.501305600000006, 17.78309465, 23.43647563999994, 44.22794
8.77903175, 9.905593, 12.265103, 15.486467, 17.859281, 23.31325047999996, 44.22794
8.781231, 9.920703, 12.267156, 15.533545, 17.909704, 23.685297739999886, 44.22794
8.776945, 9.9459525, 12.276682, 15.556387, 17.894269599999998, 23.896362, 44.22794
8.76807975, 9.916367, 12.278428250000001, 15.550152, 17.823251649999992, 23.544632769999982, 44.22794
8.779941, 9.933626499999999, 12.266244, 15.4810513, 17.795765, 23.75765695999995, 44.22794
8.77950975, 9.954326, 12.330184, 15.580261900000005, 17.763728, 23.507924, 40.625286
8.773666, 9.93722, 12.26794, 15.513646100000006, 17.69669, 23.1035265699999, 44.22794
8.77594775, 9.91672, 12.339353, 15.508910500000008, 17.88779975, 23.313160269999976, 44.22794
8.769416, 9.913624, 12.258971, 15.418307800000008, 17.69669, 23.22348636999998, 44.22794
8.775863, 9.934477, 12.298376, 15.474659000000006, 17.70838935, 23.56251, 44.22794
8.787281, 9.961005, 12.38126275, 15.53738050000001, 17.82499929999999, 23.972295459999998, 44.22794
8.77223, 9.95026, 12.30454275, 15.574584, 17.849544, 23.684487830000002, 44.22794
8.780913, 9.939425, 12.268538, 15.425307700000005, 17.8129, 23.68457, 44.22794
8.778055, 9.93835, 12.278428250000001, 15.50146390000001, 17.8334752, 23.35500521999995, 40.625286
8.780289, 9.950752, 12.297783, 15.442775300000006, 17.596826, 22.96145148999995, 44.22794
8.642424, 9.119783, 10.794662, 12.407502, 14.015086, 17.793896, 38.813544
8.647641, 9.133437, 10.81732525, 12.453529, 14.062389, 17.78704024999999, 38.813544
8.647882, 9.12794, 10.794662, 12.42623, 14.034355, 17.8129, 38.813544
8.647031, 9.114951, 10.783371, 12.355993, 13.94032, 17.644383, 38.813544
8.725315, 9.074949, 10.517428, 11.992126, 13.181976, 16.974057, 38.813544
8.723072, 9.0678235, 10.5012765, 11.9628315, 13.081052, 16.335787, 34.408771
8.72647775, 9.072390500000001, 10.519539, 12.010073700000003, 13.252541, 16.39532103999988, 38.813544
8.72648, 9.074843000000001, 10.547753, 12.009955, 13.16907995, 16.468887259999953, 38.813544
8.730658, 9.075566, 10.515956, 11.978343400000004, 13.163769, 16.57689691999997, 38.813544
8.730403, 9.0846825, 10.5208805, 11.98441, 13.077566, 16.615755, 38.404747
8.727532, 9.07775, 10.496456, 11.992821, 13.159834299999998, 16.468585, 38.813544
8.728154, 9.070586, 10.50915, 11.970167100000003, 13.16041, 16.393789, 38.404747
8.729935, 9.0744545, 10.5115295, 11.998687800000006, 13.07563525, 16.384458249999987, 34.462112
8.789424, 9.050234, 10.205052, 11.646050400000002, 12.460371, 15.093761, 26.889073
8.791208, 9.064143, 10.258038, 11.662602, 12.502753, 14.932628, 26.889073
8.78462075, 9.0484915, 10.209485, 11.646801, 12.449738, 14.873687, 26.889073
8.78691, 9.051623, 10.21556475, 11.636587100000005, 12.388296, 14.815179, 26.889073
8.784536, 9.060719, 10.245774, 11.632023, 12.492387399999997, 14.94417, 26.889073
8.783877, 9.050377, 10.213862, 11.660993, 12.502753, 14.902097389999952, 26.889073
8.728453, 9.069317, 10.488804, 12.014736, 13.132498, 16.576445, 38.404747
8.728517, 9.079544, 10.528833500000001, 12.052328, 13.169687, 16.845091229999944, 38.404747
8.727843, 9.08719, 10.517271, 11.98441, 13.204716, 16.620502, 38.813544
8.720605500000001, 9.055361000000001, 10.498602, 12.022425, 13.132498, 16.605728, 38.813544
8.7265845, 9.086715, 10.563982, 12.052399800000002, 13.219867, 16.802209, 38.813544
8.73061, 9.072676, 10.542391499999999, 12.022355, 13.13855685, 16.605728, 38.404747
8.726211, 9.06785, 10.509472, 11.9844465, 13.1507495, 16.61575631, 38.813544
8.72963725, 9.087876000000001, 10.533097, 12.015915, 13.112746699999999, 16.576445, 38.813544
8.72603825, 9.0611085, 10.48455225, 11.9781782, 13.063902149999999, 16.348581, 38.813544
8.72694, 9.069738999999998, 10.491247, 11.959306, 13.075556, 16.606196, 38.813544
8.725811, 9.073796000000002, 10.50731575, 11.982920800000002, 13.223044249999994, 16.604807, 38.813544
8.73149, 9.082917, 10.555986, 12.103647200000001, 13.288619, 16.879467, 38.813544
8.727985, 9.070435, 10.53887225, 12.021884300000002, 13.216741, 16.615755, 38.813544
8.72503775, 9.0728455, 10.516849, 11.987073400000012, 13.122542099999999, 16.615886, 38.813544
8.72435, 9.0760165, 10.511765, 11.984775, 13.159834299999998, 16.606225819999995, 38.813544
8.72503775, 9.0704575, 10.544115, 11.980449400000001, 13.1121564, 16.821686, 38.813544
8.651935, 9.134619, 10.816327, 12.459643, 14.027404, 17.786071, 38.813544
8.72289325, 9.0677555, 10.5087945, 12.064408, 13.268407, 16.894274109999984, 38.813544
8.731311, 9.078739, 10.543128, 11.979360900000003, 13.21920625, 16.576445, 38.813544
8.73066, 9.075603, 10.52586, 11.9812863, 13.135407, 16.468585, 38.813544
8.72874, 9.083649, 10.51315175, 12.040927, 13.219867, 16.468585, 34.462112
8.726114, 9.070697, 10.50173275, 11.978343400000004, 13.117741999999998, 16.615886, 38.813544
8.728302, 9.0699155, 10.48735975, 11.968516, 13.157196249999998, 16.615886, 38.404747
8.73142725, 9.082478, 10.520827, 12.018429300000003, 13.179254, 16.606196, 38.813544
8.731342, 9.092565, 10.5491515, 12.0519896, 13.259852899999995, 16.843217, 38.404747
8.73061, 9.082579, 10.533926, 12.010073700000003, 13.155472499999998, 16.60481621, 38.813544
8.729527, 9.069738999999998, 10.521659, 12.021884300000002, 13.16041, 16.844744, 38.813544
8.7321, 9.090355, 10.552202, 12.073652800000001, 13.276408, 16.645092369999944, 38.404747
8.73209675, 9.0862625, 10.530125, 12.01479, 13.169687, 16.703847219999986, 38.813544
8.72432125, 9.065553000000001, 10.465578, 11.973583, 13.127204599999995, 16.609178, 38.813544
8.733132, 9.089063500000002, 10.549063, 11.997607500000003, 13.151082, 16.571005939999992, 38.813544
8.785802, 9.0631475, 10.23312, 11.650524, 12.454557, 14.873687, 26.889073
8.78854875, 9.061725, 10.226674, 11.662602, 12.476494899999999, 15.240095439999946, 26.889073
8.784563, 9.04926, 10.223651, 11.619468, 12.385381, 14.822845599999997, 26.889073
8.786178, 9.0536925, 10.2210625, 11.6634417, 12.490727, 14.938567589999991, 19.563106
8.786029, 9.057212, 10.253915, 11.673676500000001, 12.525206999999996, 15.021127, 26.889073
8.781959, 9.045655, 10.205052, 11.633763, 12.462855, 14.932686829999989, 26.889073
8.7892095, 9.050419, 10.229197, 11.642031, 12.424741, 14.815179, 26.889073
8.790314, 9.062767, 10.215979, 11.608409, 12.420386, 14.831535, 26.889073
8.78455625, 9.050377, 10.229351, 11.66043, 12.440311, 14.783205929999971, 26.889073
8.7909, 9.046104, 10.220908, 11.623755, 12.443785, 14.938511, 26.889073
8.786061, 9.054016, 10.2307595, 11.662042, 12.424808499999997, 14.815255449999988, 26.889073
8.830093, 9.0154005, 9.371171, 10.893972, 11.770999849999999, 13.979899039999959, 35.734803
8.834147250000001, 9.019689, 9.384596250000001, 10.94002, 11.881476, 14.054385209999996, 37.448702
8.83086, 9.015266, 9.365381, 10.8611042, 11.7668939, 13.729036939999997, 37.448702
8.83168325, 9.017119, 9.381302, 10.914330600000001, 11.809925, 14.0253507, 37.448702
8.831325499999998, 9.013865, 9.3763455, 10.9194022, 11.775076899999998, 13.77010525999999, 37.448702
8.8330185, 9.013475, 9.36742, 10.850704400000001, 11.780594, 13.97922318, 37.448702
8.82597, 9.010629, 9.366843, 10.8902803, 11.780594, 14.037002299999994, 37.448702
8.830226750000001, 9.014422, 9.37869825, 10.856013, 11.736958, 13.762228029999989, 37.448702
8.831025, 9.0111295, 9.35883175, 10.858299, 11.770826, 13.77010525999999, 35.487972
8.832920000000001, 9.0209055, 9.391501000000002, 10.900453, 11.774039, 14.005841, 37.448702
8.83408, 9.020281, 9.375971499999999, 10.9004673, 11.767272, 13.762228029999989, 35.734803
8.83551975, 9.022316, 9.369636499999999, 10.8583527, 11.775131049999999, 13.892242, 35.734803
8.831859, 9.015061, 9.36795225, 10.86392, 11.712666599999999, 13.775378, 37.448702
8.783518, 9.040445, 10.175204, 11.617003, 12.440484699999997, 14.746909, 26.889073
8.789227, 9.054419, 10.223651, 11.6604761, 12.539855, 15.027922909999964, 26.889073
8.787855, 9.0578155, 10.221983, 11.643211, 12.449812199999998, 14.815255449999988, 26.889073
8.834588, 9.02102, 9.38467825, 10.91962, 11.768566, 13.86548, 35.734803
8.8330185, 9.014369, 9.364004249999999, 10.876892, 11.75006, 13.866027649999912, 35.487972
8.833789, 9.017007, 9.364253, 10.861619, 11.78065595, 13.770052, 37.448702
8.784563, 9.05268, 10.205903750000001, 11.653518, 12.503486, 14.938511, 26.889073
8.789595, 9.055168, 10.214038, 11.633763, 12.421048, 14.721664, 26.889073
8.785179750000001, 9.046104, 10.199595, 11.6326631, 12.479442899999992, 14.873687, 26.889073
8.784022, 9.05001, 10.21895275, 11.649813900000002, 12.397729549999994, 14.901789, 19.563106
8.78329, 9.042334499999999, 10.182713, 11.60441, 12.421048, 14.803997, 26.889073
8.78468, 9.048960000000001, 10.21895275, 11.646801, 12.454557, 14.901789, 26.889073
8.72641125, 9.059054, 10.494544, 11.963576, 13.135407, 16.606225819999995, 38.813544
8.7269685, 9.0668065, 10.499997, 11.978243, 13.077566, 16.39379692, 38.813544
8.7264525, 9.0765805, 10.548797500000001, 12.019524, 13.162858, 16.604807, 38.813544
8.734286, 9.089407000000001, 10.563982, 12.011142, 13.087583, 16.378229, 38.813544
8.729527, 9.073017, 10.5491515, 12.050788, 13.320111899999999, 16.620502, 38.813544
8.734292, 9.089158, 10.568297, 12.040725, 13.151082, 16.615755, 38.404747
8.726977000000002, 9.0806675, 10.5212005, 12.050895, 13.33335515, 16.60924376999999, 38.813544
8.649534, 9.1278, 10.796022, 12.436356, 14.0619102, 17.786971, 38.813544
8.64909, 9.136702, 10.816554, 12.439813, 14.013154, 17.802213, 38.813544
8.647031, 9.135712, 10.805758, 12.419637, 13.990885, 17.547577, 38.813544
8.6510575, 9.133437, 10.82114, 12.394576, 14.021759099999995, 17.844781119999954, 38.813544
8.649671, 9.135627, 10.801736, 12.4075519, 13.994813, 17.629572, 38.813544
8.644621, 9.135712, 10.824965, 12.456676200000004, 14.070622, 17.8129, 38.813544
8.647832, 9.134619, 10.8042355, 12.4075519, 13.910078, 17.786971, 38.813544
8.647674, 9.128411, 10.817596, 12.45322, 14.009391, 17.53853829999999, 38.813544
8.64738, 9.140724, 10.801736, 12.424355, 13.93484, 17.793979169999986, 38.813544
8.647149500000001, 9.124901, 10.7723875, 12.430775, 14.06189, 17.786971, 38.813544
8.647031, 9.118738, 10.78858425, 12.3610045, 13.907612, 17.709146019999878, 38.813544
8.64738, 9.133437, 10.80133275, 12.434224500000004, 14.039873, 17.629720109999976, 38.813544
8.778055, 9.929418, 12.286091, 15.473809, 17.786116, 23.337430289999972, 44.22794
8.783226500000001, 9.937025, 12.280529, 15.531701199999999, 17.863091, 23.837696, 44.22794
8.770527, 9.928781, 12.276682, 15.468723, 17.82154205, 23.436813289999886, 44.22794
8.782554, 9.923907, 12.268099, 15.448173, 17.797689, 23.56270114999997, 44.22794
8.779129, 9.952239500000001, 12.284758, 15.464343, 17.82070005, 23.17472840999998, 44.22794
8.7771495, 9.978235, 12.3318, 15.494422, 17.786971, 23.337256, 44.22794
8.776687, 9.940406, 12.321901, 15.520172, 17.760584, 23.43647563999994, 44.22794
8.76775, 9.934239, 12.3184435, 15.468723, 17.824858099999993, 23.544632769999982, 44.22794
8.779225, 9.955029, 12.34847525, 15.44573, 17.75720585, 23.474496649999946, 44.22794
8.777082, 9.935835, 12.267156, 15.481921, 17.763728, 23.544528, 44.22794
8.774582, 9.926836, 12.2699845, 15.410258, 17.708776, 22.994566, 44.22794
8.783793, 9.956033, 12.33890225, 15.535652700000002, 17.824412, 23.421254, 44.22794
8.783596, 9.924153, 12.259859, 15.442775300000006, 17.737126, 23.544528, 44.22794
8.775905, 9.958595, 12.340552, 15.511867, 17.84354745, 23.474159, 44.22794
8.77497675, 9.947821000000001, 12.26883925, 15.448982800000017, 17.83384214999999, 23.35500521999995, 44.22794
8.77658675, 9.922558, 12.301738, 15.440045, 17.813189749999996, 23.386707, 40.625286
8.775352, 9.954326, 12.329836, 15.508582, 17.797553, 23.436095, 44.22794
8.783793, 9.961367, 12.297783, 15.521324300000025, 17.770393349999996, 23.186055, 44.22794
8.781392499999999, 9.967841, 12.299949250000001, 15.474345, 17.856778, 23.386707, 39.815707
8.7769645, 9.950752, 12.316713, 15.550152, 17.813189749999996, 23.421254, 44.22794
8.77950975, 9.955298500000001, 12.294019, 15.465985, 17.770134, 23.684487, 44.22794
8.779304, 9.940738, 12.279191, 15.484206, 17.822721, 23.436813289999886, 44.22794
8.779129, 9.935844, 12.301738, 15.580261900000005, 17.965072, 23.896816429999927, 44.22794
8.780808, 9.9669285, 12.3318155, 15.512018400000004, 17.760584, 23.33775050999992, 44.22794
8.783520249999999, 9.9459525, 12.30847, 15.521330500000026, 17.847341899999996, 23.68457, 44.22794
8.779836, 9.94769, 12.3431125, 15.558682, 17.82280555, 23.474159, 44.22794
8.770279, 9.940426500000001, 12.292857249999999, 15.49627, 17.737126, 23.313008, 44.22794
8.77689, 9.936558, 12.27212, 15.486467, 17.820659, 23.237086, 44.22794
8.780808, 9.955727, 12.316056, 15.457609500000002, 17.717036, 23.337256, 44.22794
8.7861485, 9.9785275, 12.32237325, 15.604531, 17.960504, 23.982799, 44.22794
8.77202, 9.940327, 12.334539, 15.520172, 17.844506, 23.313008, 44.22794
8.7768255, 9.9362055, 12.301738, 15.5116672, 17.786116, 23.337430289999972, 44.22794
8.768206, 9.91966, 12.29104225, 15.484432100000005, 17.743503, 23.164686789999998, 44.22794
8.77955, 9.9382385, 12.326312249999999, 15.541696, 17.88855245, 23.313160269999976, 40.625286
8.78601175, 9.9661, 12.32237325, 15.484206, 17.836524949999994, 23.421402409999978, 44.22794
8.780289, 9.916709, 12.244735, 15.440045, 17.7437363, 23.56270114999997, 44.22794
8.776905, 9.929606, 12.361003, 15.556521500000004, 17.856778, 23.287969, 44.22794
8.78519, 9.993667, 12.367901, 15.629319, 17.909704, 23.941805, 44.22794
8.775271, 9.954105, 12.22217, 15.396661, 17.681459, 23.328325209999985, 44.22794
8.780715, 9.929262999999999, 12.380292, 15.5745003, 17.824412, 23.386707, 44.22794
8.775352, 9.941116, 12.26815775, 15.544779, 17.870616, 23.68457, 44.22794
8.778439, 9.93835, 12.285942, 15.466197000000005, 17.729047, 23.436095, 44.22794
8.649633, 9.135712, 10.819754, 12.429064, 13.967338, 17.61197375999997, 38.813544
8.64686075, 9.1283675, 10.830666, 12.436356, 13.983646, 17.786071, 38.813544
8.647008, 9.1278, 10.79523075, 12.430775, 14.062294, 17.703598, 38.813544
8.64305, 9.123282, 10.792807, 12.424355, 14.057811, 17.786971, 38.813544
8.6430295, 9.14261, 10.820243, 12.402768, 13.96309, 17.844781119999954, 38.813544
8.644449250000001, 9.117858, 10.80250575, 12.447701600000002, 14.079938, 17.844506, 38.813544
8.644131, 9.10919, 10.799901, 12.4261067, 13.984007949999995, 17.629572, 38.813544
8.64713, 9.128132, 10.836591, 12.46260100000001, 14.009391, 17.786071, 38.813544
8.644217, 9.1196155, 10.788584, 12.429064, 14.059407, 17.872018, 38.813544
8.64305, 9.149461, 10.840113, 12.430775, 14.057811, 17.699605, 38.813544
8.646682, 9.133437, 10.802272, 12.4261067, 14.015086, 17.703598, 38.813544
8.64713, 9.142981, 10.812846, 12.52465, 14.099284, 17.708369, 38.813544
8.778579, 9.950585499999999, 12.2828365, 15.43666, 17.721836, 23.507924, 44.22794
8.771371, 9.906782, 12.303235, 15.536901, 17.787317249999997, 23.436095, 44.22794
8.775454, 9.918105, 12.24188075, 15.481921, 17.8334752, 23.23784521999988, 44.22794
8.7787505, 9.928671000000001, 12.292975, 15.486467, 17.793989449999998, 23.55508004999999, 44.22794
8.777172, 9.941116, 12.267156, 15.503710300000003, 17.894269599999998, 23.75765695999995, 44.22794
8.779304, 9.955526, 12.292975, 15.479987900000003, 17.759081549999998, 23.174614, 44.22794
8.781009000000001, 9.920398, 12.263359000000001, 15.456396900000001, 17.70360865, 23.555005, 44.22794
9.119183, 11.261879, 14.135567, 17.521583, 20.027061, 25.872138, 44.22794
9.100464, 11.231636, 14.030796, 17.431298, 19.911072, 25.616439, 44.22794
9.113677, 11.202153, 14.022907, 17.42958, 19.99271, 25.791337, 44.22794
8.766435, 9.934611499999999, 12.291375, 15.4810513, 17.81015, 23.22348636999998, 44.22794
8.7794885, 9.937025, 12.277054999999999, 15.434174200000005, 17.708797099999995, 23.102909, 44.22794
8.77782, 9.971898, 12.3254785, 15.494422, 17.849905699999997, 23.685297739999886, 44.22794
8.775586, 9.939926, 12.275447250000001, 15.427384, 17.732296199999997, 23.421254, 40.625286
8.779304, 9.920398, 12.27635725, 15.49627, 17.758924349999997, 23.287969, 40.625286
8.775699249999999, 9.9154885, 12.2413875, 15.40336, 17.667206149999988, 22.961117, 44.22794
8.766247, 9.9154695, 12.19911875, 15.391524, 17.629572, 23.223349, 44.22794
8.77955, 9.917807, 12.297151, 15.580057, 17.844506, 23.544632769999982, 40.625286
8.77903525, 9.9492355, 12.35659925, 15.569308, 17.797553, 23.684487, 44.22794
8.643217, 9.118408, 10.8181355, 12.456485, 14.034630899999996, 17.8129, 38.813544
8.642493, 9.1151705, 10.801736, 12.467011, 14.059531149999998, 17.708369, 38.813544
8.64713, 9.127385, 10.831342, 12.426230200000001, 13.984204349999992, 17.888042, 38.813544
8.646909, 9.128411, 10.801294, 12.467011, 14.08060959999999, 17.872178239999975, 38.813544
8.646227, 9.12137, 10.788585, 12.390487, 14.013154, 17.786071, 38.813544
8.646338, 9.1181595, 10.792782, 12.430775, 13.961266, 17.78608, 38.813544
8.648492, 9.12137, 10.805758, 12.42623, 14.0132506, 17.703598, 38.404747
8.649837, 9.13779, 10.805758, 12.444594800000006, 14.057890799999997, 17.78608, 38.813544
8.65043375, 9.126235, 10.803728, 12.42623, 14.057890799999997, 17.888042, 38.813544
8.646881, 9.135712, 10.811768, 12.459643, 14.057811, 17.547577, 38.813544
8.64909, 9.118227, 10.787681, 12.444263, 14.062294, 17.699605, 38.813544
8.649633, 9.142811, 10.813506499999999, 12.40324140000001, 13.929538, 17.699605, 38.813544
8.645662, 9.115713, 10.801736, 12.436356, 14.057890799999997, 17.872018, 38.813544
8.646164, 9.127029, 10.791028, 12.447701600000002, 14.062389, 17.8129, 38.813544
8.646662, 9.130221, 10.805758, 12.434019, 14.040769899999987, 17.786071, 38.813544
8.644217, 9.126235, 10.795695, 12.411373, 13.967686449999995, 17.786071, 38.813544
8.6468, 9.129782, 10.788585, 12.411373, 14.034355, 17.802213, 38.813544
8.646251, 9.123282, 10.802425, 12.390487, 13.994813, 17.786971, 38.813544
8.6496615, 9.1328155, 10.801736, 12.420562800000008, 14.057811, 17.793896, 38.813544
8.64702525, 9.128411, 10.802425, 12.439813, 13.951795, 17.786971, 38.813544
8.640965, 9.0954245, 10.791028, 12.389567, 13.974307, 17.786071, 38.813544
8.6467705, 9.134162, 10.805758, 12.440112200000005, 14.015086, 17.802213, 38.813544
8.644621, 9.120069, 10.7947655, 12.442805, 14.027404, 17.629720109999976, 38.813544
8.649245, 9.129338, 10.83300125, 12.42623, 14.039873, 17.786971, 38.813544
8.64713, 9.128838, 10.806109500000002, 12.439813, 13.974307, 17.786071, 38.813544
8.648381749999999, 9.127870000000001, 10.788428, 12.418864, 13.983646, 17.703645709999993, 38.813544
8.649238, 9.140724, 10.789254249999999, 12.426552100000006, 14.059407, 17.793979169999986, 38.813544
8.647682, 9.135479, 10.788663, 12.423639, 14.039873, 17.703598, 38.813544
8.646259, 9.126939, 10.816158, 12.426232, 13.990885, 17.644383, 38.813544
8.647031, 9.117321, 10.788585, 12.386549, 13.921681499999998, 17.703645709999993, 38.813544
8.646122, 9.119783, 10.796022, 12.439813, 14.06189, 17.930662, 38.813544
8.648492, 9.126562, 10.805758, 12.424355, 14.027751549999996, 17.644383, 38.813544
8.780032, 9.952201, 12.25788225, 15.4336091, 17.7437363, 23.23759482999992, 44.22794
8.647641, 9.1286245, 10.813056, 12.429754400000002, 13.983646, 17.61197375999997, 38.813544
8.645800000000001, 9.126939, 10.817596, 12.456485, 13.99554189999999, 17.699605, 38.813544
8.645996, 9.136702, 10.817235, 12.430775, 14.062389, 17.802213, 38.813544
8.64111475, 9.113885, 10.794662, 12.436074, 14.06189, 17.92199, 38.813544
8.643353, 9.113959, 10.769527, 12.365659, 13.983646, 17.793896, 38.813544
8.648492, 9.140724, 10.792584, 12.46260100000001, 14.099570599999996, 17.888042, 38.813544
8.647676, 9.118738, 10.794076, 12.386850800000007, 13.99554189999999, 17.793896, 38.813544
8.646315, 9.1278, 10.802272, 12.478032, 14.06229875, 17.786071, 38.813544
8.643581, 9.135331, 10.812846, 12.42623, 14.013154, 17.8129, 38.404747
8.646338, 9.129782, 10.803248, 12.439813, 13.994813, 17.78608, 38.813544
8.647674, 9.135331, 10.794662, 12.367258, 13.957298149999998, 17.629572, 38.813544
8.644519, 9.134141, 10.784076, 12.408338200000008, 13.983646, 17.708369, 38.813544
8.645800000000001, 9.1399975, 10.801449, 12.447701600000002, 13.94272, 17.699605, 38.813544
8.775586, 9.926991, 12.297783, 15.512018400000004, 17.82148, 23.685610699999835, 44.22794
8.77950975, 9.9344285, 12.27518, 15.535514, 17.847226, 23.164686789999998, 44.22794
8.775699249999999, 9.939663, 12.29834825, 15.448286500000004, 17.786971, 23.474159, 44.22794
8.77955, 9.951248499999998, 12.282786, 15.542749, 17.847226, 23.972279, 44.22794
8.77069125, 9.9382385, 12.27106175, 15.482149500000006, 17.89462579999999, 23.507924, 44.22794
8.770425, 9.9222, 12.325267, 15.5745003, 17.890157, 23.78864, 44.22794
8.769859, 9.934477, 12.2579825, 15.569826300000011, 17.822721, 23.387052469999947, 44.22794
8.780289, 9.937025, 12.262933, 15.484206, 17.799246, 23.387052469999947, 44.22794
8.770030499999999, 9.915037, 12.27518, 15.436998500000007, 17.748169, 23.507924, 44.22794
8.7723, 9.913311, 12.217056249999999, 15.411452, 17.582676, 23.174614, 44.22794
8.783226500000001, 9.955727, 12.331847999999999, 15.531701199999999, 17.844694, 23.421254, 44.22794
8.778754, 9.955029, 12.246518, 15.414316300000003, 17.716931, 23.354685, 38.813544
8.773042, 9.948001000000001, 12.326137, 15.556255, 17.802609849999993, 23.897121169999878, 44.22794
8.779304, 9.959156, 12.31705775, 15.533741900000004, 17.8334752, 23.684487, 44.22794
8.781968, 9.9602835, 12.34095975, 15.542749, 17.888042, 23.474159, 44.22794
8.780913, 9.938732, 12.316056, 15.626017100000004, 17.893937, 23.972279, 44.22794
8.766262, 9.888178, 12.247218, 15.508888300000008, 17.793896, 23.972279, 44.22794
8.779129, 9.9554525, 12.329923, 15.501056, 17.893937, 23.507924, 44.22794
8.77856725, 9.960471, 12.325159, 15.5116672, 17.818695, 23.436095, 44.22794
8.779389, 9.927063, 12.291426, 15.481921, 17.70838935, 23.474159, 44.22794
8.773694, 9.9399085, 12.306214, 15.463437, 17.763987699999998, 23.17472840999998, 44.22794
8.783054, 9.946836999999999, 12.331992, 15.520172, 17.847151, 23.474159, 44.22794
8.779638, 9.945921, 12.32379, 15.481558, 17.8445154, 23.337256, 44.22794
8.773446999999999, 9.9171505, 12.279211, 15.486467, 17.761000899999996, 23.43647563999994, 44.22794
8.777696, 9.949286, 12.352435999999999, 15.606975100000003, 17.843497, 23.75765695999995, 44.22794
8.779616, 9.955029, 12.30472975, 15.4681668, 17.7437363, 23.174614, 44.22794
8.784278, 9.937809, 12.27426, 15.494606800000005, 17.786116, 23.896362, 44.22794
8.778396, 9.94805, 12.316713, 15.582206900000001, 17.799246, 23.421402409999978, 44.22794
8.774067500000001, 9.928858, 12.262559, 15.442466, 17.7005618, 23.328325209999985, 44.22794
8.774502, 9.937304, 12.297783, 15.488115, 17.760584, 23.421402409999978, 44.22794
8.7828885, 9.939314, 12.2657835, 15.531695, 17.797553, 23.387200879999924, 40.625286
8.781041, 9.9503395, 12.26412975, 15.391002, 17.59757449999999, 23.43647563999994, 40.625286
8.777996250000001, 9.948001000000001, 12.326137, 15.486548, 17.810287499999998, 23.896362, 44.22794
8.77779425, 9.940406, 12.3021445, 15.440287100000004, 17.72919675, 23.387052469999947, 39.815707
8.776687, 9.920703, 12.308112, 15.458587700000006, 17.70838935, 23.544632769999982, 44.22794
8.776423750000001, 9.944341, 12.32608975, 15.508582, 17.930662, 23.684487, 44.22794
8.7665805, 9.9480875, 12.3318, 15.574491, 17.847226, 23.337430289999972, 44.22794
8.77692, 9.91966, 12.264354, 15.471077, 17.699605, 23.421402409999978, 40.625286
8.785044, 9.939114, 12.331894499999999, 15.537485200000013, 17.956195749999996, 23.555271199999957, 44.22794
8.6468, 9.119783, 10.792807, 12.474183, 14.063715799999997, 17.92199, 38.813544
8.647008, 9.1275925, 10.805758, 12.434019, 13.967338, 17.629720109999976, 38.404747
8.648051, 9.134619, 10.813056, 12.420562800000008, 14.013154, 17.786071, 38.813544
8.645282, 9.119585, 10.801294, 12.430775, 13.974307, 17.786071, 38.813544
8.647832, 9.116301499999999, 10.811768, 12.4189413, 13.991081399999997, 17.793979169999986, 38.813544
8.64477, 9.13779, 10.79523075, 12.4189413, 13.943173749999993, 17.8129, 38.813544
8.64424, 9.107911, 10.792782, 12.442949700000003, 14.070622, 18.05424254999978, 38.813544
8.645662, 9.127029, 10.7942225, 12.420562800000008, 14.015086, 17.470363, 38.813544
8.649299749999999, 9.137685, 10.805758, 12.430775, 14.021462, 17.548219189999898, 38.813544
8.649318, 9.147918, 10.837196, 12.482777, 14.070622, 17.786971, 38.813544
8.648023, 9.127385, 10.802425, 12.458397, 13.990885, 17.872018, 38.813544
8.649687, 9.148478, 10.816554, 12.426515200000006, 13.994813, 17.708369, 38.813544
8.647156, 9.143244, 10.815183, 12.500241, 14.079938, 17.888042, 38.813544
8.641977, 9.119646, 10.83277, 12.436356, 13.974307, 17.663793, 38.813544
8.643217, 9.1263985, 10.802873, 12.430775, 14.034355, 17.786071, 38.813544
8.646227, 9.13779, 10.807386, 12.424528800000004, 14.009579149999999, 17.802213, 38.813544
8.650421, 9.130221, 10.787681, 12.424355, 14.076976, 17.786071, 38.813544
8.646315, 9.145141, 10.820243, 12.430775, 14.0626608, 17.703598, 38.813544
8.646909, 9.133437, 10.8128985, 12.418864, 14.009391, 17.786071, 38.813544
8.647682, 9.141869, 10.8355545, 12.429121700000001, 13.974773949999992, 17.483054, 38.404747
8.64962175, 9.142981, 10.807164, 12.462111, 13.994813, 17.664191049999936, 38.813544
8.643217, 9.124901, 10.80250575, 12.42623, 14.059407, 17.786971, 38.813544
8.642968, 9.124901, 10.815183, 12.442805, 14.034355, 17.629572, 38.813544
8.646227, 9.110145, 10.796270750000001, 12.436701700000008, 13.961266, 17.703598, 38.813544
8.643383, 9.1181595, 10.772138, 12.411373, 13.991081399999997, 17.709146019999878, 38.404747
8.7820085, 9.966276, 12.34550225, 15.521324300000025, 17.82070005, 23.237086, 44.22794
8.777082, 9.9154885, 12.285942, 15.520172, 17.824858099999993, 23.581625, 40.625286
8.77123175, 9.917956, 12.291358, 15.5116672, 17.872018, 23.474159, 44.22794
8.779129, 9.955949, 12.361003, 15.595094, 17.870616, 23.684487, 44.22794
8.779129, 9.91966, 12.264354, 15.427384, 17.689569, 23.237086, 44.22794
8.645996, 9.1300015, 10.805758, 12.4261067, 14.015086, 17.8129, 38.813544
8.646315, 9.111909, 10.788663, 12.434019, 14.009391, 17.699692639999984, 38.813544
8.726931, 9.064348, 10.519274, 11.98282, 13.122552699999998, 16.593917, 38.813544
8.727632499999999, 9.0717055, 10.489995, 11.9372446, 13.10856765, 16.5764478, 38.813544
8.729396, 9.089619500000001, 10.535604500000002, 11.984916400000003, 13.104457, 16.498811, 38.813544
8.730598, 9.082917, 10.515562, 12.0074853, 13.169048, 16.703847219999986, 38.813544
8.721707, 9.064582, 10.52586, 11.976025, 13.087583, 16.35044, 38.813544
8.724888, 9.078739, 10.554498, 12.04389, 13.16290355, 16.606225819999995, 38.813544
8.721768, 9.070002500000001, 10.501646000000001, 11.959608000000006, 13.077834799999994, 16.60481621, 38.813544
8.721048, 9.051428, 10.45521125, 11.925936, 13.089843, 16.468887259999953, 38.813544
8.729982249999999, 9.085456, 10.520816, 12.010073700000003, 13.199865, 16.593917, 38.813544
8.725994, 9.068193, 10.4866645, 11.964613, 13.122905, 16.385245299999987, 38.404747
8.72998975, 9.073093499999999, 10.52081875, 12.015427200000001, 13.169759249999998, 16.350717889999956, 38.813544
8.783395, 9.053087, 10.202244, 11.633203200000002, 12.490727, 14.873687, 26.889073
8.789633, 9.0542415, 10.242462, 11.670335, 12.469801, 14.96523062999995, 26.889073
8.786515, 9.050492, 10.218304, 11.651476, 12.512984799999996, 14.953882, 26.889073
8.794416, 9.057212, 10.21423225, 11.61575, 12.449812199999998, 14.831535, 26.889073
8.790938, 9.059024, 10.269969, 11.695650500000001, 12.523508, 14.831535, 26.889073
8.78691, 9.0504625, 10.230684, 11.659932, 12.457105, 14.822845599999997, 26.889073
8.786413, 9.059024, 10.230541, 11.649735, 12.443785, 14.901789, 26.889073
8.785174000000001, 9.0513455, 10.210208999999999, 11.642031, 12.44381295, 14.944267119999985, 26.889073
8.7902085, 9.054359, 10.248229, 11.675784, 12.474753, 14.901789, 26.889073
8.78417975, 9.045887, 10.223743, 11.653620400000003, 12.465433, 14.953882, 26.889073
8.790314, 9.057887, 10.247872, 11.66043, 12.496500499999996, 14.94417, 26.889073
8.785522, 9.048185, 10.221427, 11.64915, 12.44381295, 15.239759, 26.889073
8.7918555, 9.054016, 10.21712925, 11.663426, 12.502305, 15.054253, 26.889073
8.783395, 9.0475285, 10.214815, 11.638546, 12.404542, 14.757332509999959, 26.889073
8.783858, 9.0426355, 10.220941, 11.6475, 12.472246899999998, 14.996234439999961, 26.889073
8.790314, 9.061801, 10.230986, 11.660993, 12.518624, 14.932628, 26.889073
8.784649, 9.047141, 10.197348, 11.623748, 12.385381, 14.938567589999991, 26.889073
8.784188, 9.054306, 10.2296485, 11.6475, 12.524979, 14.822824, 26.889073
8.784101, 9.0499085, 10.197856250000001, 11.6429662, 12.472115, 14.873968019999955, 26.889073
8.788432, 9.059367, 10.242552, 11.673554, 12.539855, 15.027702, 26.889073
8.786061, 9.05317, 10.2155, 11.640647, 12.496195, 14.873687, 26.889073
8.78856, 9.0536925, 10.189086, 11.617604, 12.3847474, 14.757073, 26.889073
8.784751, 9.058028, 10.21078275, 11.646050400000002, 12.440311, 14.815179, 26.889073
8.784022, 9.045887, 10.221983, 11.6475, 12.457268299999997, 14.824984, 26.889073
8.786178, 9.049898, 10.214038, 11.643211, 12.412934, 14.932686829999989, 19.563106
8.78651225, 9.060682, 10.205375, 11.642121800000002, 12.443785, 15.021127, 26.889073
8.780033, 9.0424155, 10.17462425, 11.640647, 12.451222, 14.94417, 26.889073
8.8363645, 9.021339999999999, 9.378264999999999, 10.89739, 11.833089, 13.787291719999999, 35.487972
8.8626055, 9.00372, 9.174523, 9.445610799999999, 10.003537249999999, 11.894863930000001, 37.448702
8.868149, 9.003352, 9.178993, 9.451821700000002, 9.933371699999993, 11.938814470000004, 37.448702
8.86447525, 9.003106, 9.179931, 9.451873, 9.92986, 11.970524530000006, 37.448702
8.86938, 9.00666, 9.180037, 9.451816, 9.920568, 11.932734400000001, 35.734803
8.8633385, 9.00472, 9.17893175, 9.439994, 9.932986, 11.932675, 37.448702
8.866158500000001, 9.005363, 9.183636, 9.460509, 10.013722, 11.958562, 37.448702
8.8695935, 9.003191, 9.175445, 9.445610799999999, 9.961836849999997, 12.047984, 37.448702
8.86991025, 9.004629, 9.184887, 9.469660900000001, 10.030465, 12.070419, 37.448702
8.863623, 9.000979, 9.175445, 9.4394501, 9.949886249999999, 11.897877, 37.448702
8.865295, 9.004875, 9.1768405, 9.439364, 9.965311, 11.922318300000002, 37.448702
8.86716575, 9.002763, 9.176628000000001, 9.437902, 9.956152, 12.072515, 37.448702
8.863937, 9.0005965, 9.175945, 9.453209000000001, 9.959921199999998, 11.938615, 37.448702
8.868245, 9.004037, 9.178882250000001, 9.4457945, 10.003491, 12.008169170000007, 35.734803
8.86938, 9.0045175, 9.175987749999999, 9.449913, 9.940905, 12.07348752000002, 37.448702
8.868149, 9.003301, 9.180702, 9.440225, 9.905393399999998, 11.894581, 37.448702
8.863342, 9.000880500000001, 9.17372475, 9.4467835, 10.004416, 12.003089, 37.448702
8.86542325, 9.001022, 9.178965, 9.451816, 9.94071025, 11.932545, 37.448702
8.868245, 9.002561, 9.179358, 9.444963, 9.946236, 12.003089, 37.448702
8.867202, 9.003639, 9.17915, 9.4414786, 9.969382, 11.99360294, 35.734803
8.864496249999998, 9.000979, 9.17608375, 9.466553, 9.95983, 11.922215, 37.448702
8.86658, 9.005355, 9.176161, 9.44659, 9.972295, 11.932734400000001, 35.487972
8.87844375, 9.023285000000001, 9.217912, 9.498155, 9.85960375, 12.505363040000004, 52.853195
8.87302975, 9.017602499999999, 9.20945275, 9.488423, 9.769433, 11.914393, 35.487972
8.874572, 9.0261485, 9.21433725, 9.4989448, 9.848954849999998, 12.328194900000002, 52.853195
8.878003, 9.027134499999999, 9.213749, 9.4921123, 9.847497399999998, 12.374702310000004, 36.893046
8.872517, 9.025095, 9.217564, 9.498128, 9.83908995, 12.34525584, 36.893046
8.874023000000001, 9.020919, 9.213537500000001, 9.480801, 9.81625735, 12.39087, 29.227148
8.881952, 9.024946, 9.22182, 9.502057, 9.843189, 12.813472160000003, 52.853195
8.874023000000001, 9.02247, 9.20784675, 9.494691600000001, 9.856917, 12.745333820000013, 52.853195
8.871049750000001, 9.016788, 9.21049825, 9.4671216, 9.807067649999999, 12.315919890000004, 35.734803
8.876834500000001, 9.023395, 9.21761625, 9.478929, 9.777785049999999, 12.257414890000005, 52.853195
8.877133, 9.025136, 9.215281, 9.477353, 9.81769355, 12.348452760000006, 37.448702
8.87910525, 9.0385005, 9.2404215, 9.501085, 9.7253001, 11.45279962000005, 36.893046
8.88047375, 9.038018000000001, 9.233763, 9.5116438, 9.74052, 15.722323, 32.855096
8.886267, 9.038354, 9.237515, 9.519718000000001, 9.807367, 16.2536, 52.853195
8.88926675, 9.0476975, 9.242225, 9.5075765, 9.79201135, 16.09940652000002, 32.855096
8.888826, 9.043477, 9.239521, 9.526503, 9.80239, 16.109982680000034, 52.853195
8.88989475, 9.042999, 9.232711, 9.497574, 9.763951549999998, 14.670481740000005, 52.853195
8.883394, 9.0399985, 9.23566475, 9.509769, 9.7684887, 14.431345430000004, 52.853195
8.887257, 9.0469605, 9.25043925, 9.531599700000001, 9.769539249999998, 15.570414, 36.893046
8.890814, 9.0364275, 9.243177, 9.525985, 9.763951549999998, 14.691746420000008, 52.853195
8.882553, 9.0346615, 9.236002, 9.512836, 9.72998305, 14.898931, 52.853195
8.8898495, 9.0441255, 9.237574, 9.5034671, 9.7668639, 13.803562, 36.893046
8.888667, 9.041222000000001, 9.245126, 9.5098108, 9.74902, 13.258511, 52.853195
8.885597, 9.0424495, 9.237109, 9.5128809, 9.77176545, 15.722323, 52.853195
8.88539475, 9.039239, 9.231847250000001, 9.508320700000002, 9.728573, 14.452594750000047, 24.370709
8.887713999999999, 9.041170000000001, 9.23623275, 9.5231726, 9.771558, 16.26019, 52.853195
8.892698, 9.046979499999999, 9.252129, 9.526503, 9.775921, 15.873591390000023, 36.893046
8.88777425, 9.039547, 9.23723425, 9.5187737, 9.7388275, 14.002986680000042, 36.893046
8.878816, 9.0376215, 9.22827525, 9.51066, 9.738185, 12.00710832000027, 52.853195
8.88677375, 9.04615, 9.24410425, 9.524441, 9.774042849999999, 14.450396, 52.853195
8.886788, 9.0437555, 9.242909, 9.509852500000001, 9.756030099999998, 14.450396, 32.855096
8.885522, 9.036433, 9.236002, 9.505611, 9.7567628, 13.91610324000002, 52.853195
8.881764749999999, 9.034795500000001, 9.23322525, 9.5251021, 9.818740699999998, 16.050663, 52.853195
8.888578500000001, 9.043535, 9.242909, 9.5271103, 9.788081899999993, 14.783211650000107, 36.893046
8.890952, 9.044109, 9.244522, 9.528366, 9.757234, 14.431345430000004, 36.893046
8.88862575, 9.043477, 9.241565999999999, 9.526053600000001, 9.80239, 16.362542760000004, 52.853195
8.887834, 9.042474, 9.24024375, 9.5321494, 9.810391, 15.263228, 36.893046
8.88456825, 9.043419499999999, 9.25036275, 9.5518709, 9.795013099999998, 14.192837, 32.855096
8.880807, 9.035026, 9.226748, 9.4979399, 9.715871, 13.486067680000016, 52.853195
8.881673750000001, 9.035674, 9.23250175, 9.49884, 9.728800599999998, 14.392092220000006, 36.893046
8.888305, 9.044109, 9.240414, 9.4963963, 9.730115399999999, 14.392092220000006, 52.853195
8.882706, 9.047654999999999, 9.240076, 9.491822, 9.761307699999998, 16.05910689000001, 32.855096
8.888299250000001, 9.044109, 9.24010125, 9.504116, 9.72998305, 15.266299860000068, 36.893046
8.881954, 9.0416275, 9.243571750000001, 9.504116, 9.744446699999997, 14.452805490000053, 36.893046
8.884447, 9.04387, 9.23727, 9.49454, 9.723219, 13.232364, 36.893046
8.885862, 9.037386, 9.23468225, 9.4937368, 9.771558, 15.873591390000023, 36.893046
8.879352749999999, 9.0397935, 9.242308, 9.5106312, 9.75677775, 14.670481740000005, 52.853195
8.887807, 9.0454545, 9.240414, 9.526014, 9.7605659, 11.738821, 36.893046
8.893031, 9.051217, 9.246548, 9.4979868, 9.717795, 14.69221518000002, 52.853195
8.88102, 9.0424215, 9.234621, 9.491559, 9.72328325, 14.392092220000006, 24.370709
8.877931, 9.038969, 9.24300925, 9.5109476, 9.749366549999994, 14.691746420000008, 52.853195
8.8884805, 9.042399, 9.237469, 9.5102287, 9.757553, 16.254687840000024, 52.853195
8.88205, 9.0345345, 9.228933, 9.4924224, 9.719838, 14.002109670000022, 52.853195
8.887676, 9.039964000000001, 9.2374805, 9.528366, 9.79312115, 16.030153, 52.853195
8.88286875, 9.040077, 9.235552, 9.5116438, 9.740178, 15.570414, 36.893046
8.883139499999999, 9.036835499999999, 9.237845, 9.516073400000002, 9.7345687, 13.738322100000039, 36.893046
8.888299250000001, 9.044333, 9.242047750000001, 9.5298823, 9.779716999999996, 14.451942560000033, 52.853195
8.88599, 9.045541, 9.23848, 9.5231726, 9.7684887, 14.451942560000033, 36.893046
8.887261500000001, 9.038688, 9.235618, 9.503467, 9.72328325, 12.00710832000027, 36.893046
8.8878925, 9.0416275, 9.238287249999999, 9.5042532, 9.707438699999999, 13.731724830000081, 36.893046
8.894599, 9.042474, 9.23718, 9.50903, 9.74902, 13.620834840000065, 36.893046
8.88679025, 9.044411, 9.24280325, 9.5284431, 9.7669266, 14.907164920000179, 52.853195
8.886223, 9.044183499999999, 9.245764, 9.511583, 9.784751299999995, 14.670883160000013, 52.853195
8.894928, 9.0488605, 9.24634, 9.518147899999999, 9.761273149999997, 15.873591390000023, 36.893046
8.885186, 9.0404305, 9.231546, 9.488239, 9.7085648, 15.873591390000023, 36.893046
8.888169, 9.04, 9.23583425, 9.506237, 9.715871, 14.433544180000052, 52.853195
8.88679025, 9.040676999999999, 9.237197250000001, 9.496448100000002, 9.749200549999998, 15.722323, 52.853195
8.88782725, 9.042033, 9.242386, 9.5184655, 9.802600599999998, 14.392432490000013, 36.893046
8.8890405, 9.0353665, 9.233104, 9.526275, 9.782363349999997, 15.570414, 52.853195
8.884447, 9.0399985, 9.2336925, 9.503669100000002, 9.740924999999999, 14.69221518000002, 32.855096
8.886614999999999, 9.0385205, 9.243571750000001, 9.4936661, 9.723655, 13.915245, 23.303856
8.8836045, 9.038685000000001, 9.240155249999999, 9.507522, 9.734041, 14.39224006000001, 52.853195
8.88859, 9.041765999999999, 9.2407925, 9.5271103, 9.757905749999995, 14.002109670000022, 52.853195
8.88810475, 9.037981, 9.23052, 9.4936058, 9.725433249999998, 13.486703820000029, 52.853195
8.88788575, 9.0489395, 9.239521, 9.516987, 9.782199349999999, 14.39224006000001, 32.855096
8.889697250000001, 9.0510765, 9.248973, 9.525004, 9.733126949999999, 14.433544180000052, 52.853195
8.88994325, 9.043842, 9.22952475, 9.4953569, 9.722472149999998, 13.915245, 52.853195
8.8769295, 9.038416, 9.226803499999999, 9.484574, 9.7178522, 14.605914930000019, 52.853195
8.887485, 9.04294, 9.233669, 9.505611, 9.73320785, 14.416709270000007, 52.853195
8.887263, 9.0458865, 9.23841175, 9.5187382, 9.74052, 14.691746420000008, 52.853195
8.877498, 9.0389695, 9.242162, 9.5172411, 9.734734, 13.554247, 36.893046
8.886731, 9.038776, 9.240076, 9.5203138, 9.818740699999998, 15.874124050000034, 36.893046
8.8741345, 9.0202815, 9.21172, 9.480926, 9.8128825, 12.07043996, 35.330604
8.87459625, 9.0196755, 9.2010915, 9.484249, 9.818597, 11.994732, 37.448702
8.8733385, 9.021798, 9.202757, 9.483208, 9.843914, 12.34034431, 37.448702
8.87478, 9.026004499999999, 9.216633, 9.4823884, 9.813429199999996, 12.391033260000004, 37.448702
8.873140750000001, 9.020522, 9.213554, 9.488352, 9.8132033, 12.37454136, 52.853195
8.872599750000001, 9.019435000000001, 9.21316575, 9.4826025, 9.817646, 12.383066, 33.51644
8.876352, 9.019763, 9.2098385, 9.4831866, 9.825601, 12.391033260000004, 37.448702
8.872658, 9.0201595, 9.205467, 9.4838936, 9.85908545, 12.810878480000001, 36.893046
8.874985500000001, 9.025429500000001, 9.217375, 9.499308000000001, 9.844826949999998, 12.279502020000008, 52.853195
8.874884, 9.019713, 9.2070535, 9.4810666, 9.799332299999998, 12.072506520000045, 37.448702
8.873510750000001, 9.018426999999999, 9.211729250000001, 9.4867471, 9.807416299999998, 12.345226, 52.853195
8.873692, 9.0201595, 9.2127175, 9.4791539, 9.804850199999999, 11.914575820000005, 37.448702
8.873289, 9.0183245, 9.211621000000001, 9.492092, 9.83359, 11.97031703, 35.734803
8.876421749999999, 9.020604500000001, 9.20770075, 9.486630100000001, 9.843373449999998, 12.39087, 37.448702
8.87576875, 9.021384999999999, 9.212890250000001, 9.490073, 9.819685849999997, 12.312553220000005, 37.448702
8.873189, 9.02224, 9.204242, 9.46752, 9.799428, 11.913264410000002, 33.51644
8.8771965, 9.0222015, 9.204242, 9.483975, 9.8131794, 11.973002500000003, 52.853195
8.873365, 9.018065499999999, 9.208094, 9.4732893, 9.821551849999999, 12.4200277, 52.853195
8.87091025, 9.015933, 9.19913325, 9.4790684, 9.80910795, 12.22236977, 37.448702
8.791186249999999, 9.070425499999999, 10.285072, 11.645435000000003, 12.47119085, 14.59115541999999, 107.53108395707879
8.791208, 9.049736500000002, 10.161683, 11.577927, 12.27118945, 14.944377500000003, 26.889073
8.7919455, 9.0702695, 10.270963, 11.672180200000001, 12.5023274, 14.938664710000003, 26.889073
8.790846499999999, 9.0374695, 10.2292355, 11.696767000000001, 12.559179950000003, 14.96548207000001, 19.563106
8.778777999999999, 9.031641, 10.14652425, 11.5928044, 12.364588, 14.592045810000009, 26.889073
8.782653, 9.0452715, 10.269419, 11.68195, 12.439778, 14.741543, 19.563106
8.79203075, 9.0540965, 10.258294, 11.5956407, 12.38552675, 14.932686830000002, 26.889073
8.784536, 9.0494395, 10.24276925, 11.658155400000002, 12.413306600000002, 14.944377500000003, 26.889073
8.7892095, 9.050426, 10.245774, 11.657958, 12.50236405, 15.593343, 26.889073
8.791862, 9.066523499999999, 10.186704, 11.663426, 12.479442900000002, 14.954554450000014, 19.393533
8.784492, 9.050377, 10.1578065, 11.617734200000003, 12.398149150000002, 14.953882, 26.889073
8.78248, 9.040404, 10.184858250000001, 11.6498139, 12.383578, 14.815255450000002, 26.889073
8.79196975, 9.053511499999999, 10.241081, 11.594753500000003, 12.3808254, 14.646663130000015, 19.393533
8.7779715, 9.053225, 10.21808525, 11.638894500000001, 12.471519350000001, 14.901789, 19.393533
8.79171875, 9.063969, 10.2582115, 11.652477600000001, 12.518624, 15.449580190000002, 26.889073
8.796453, 9.0772205, 10.26248025, 11.6604761, 12.492187, 15.46466297000001, 26.889073
8.785038, 9.0390225, 10.19131525, 11.634241300000001, 12.457105, 14.901789, 26.889073
8.790647750000002, 9.0467975, 10.230684, 11.623748, 12.462855, 14.901789, 18.347922
8.796114, 9.066095, 10.261137, 11.633661200000002, 12.3959, 14.995983, 18.865024
8.77705775, 9.067211, 10.278019, 11.679502900000001, 12.465433, 14.822824, 26.889073
8.7890565, 9.054016, 10.210548, 11.6158816, 12.444982050000002, 14.815342560000005, 19.563106
8.784536, 9.040339, 10.165432, 11.643325200000001, 12.5296585, 15.240136710000007, 26.889073
8.80295325, 9.073015, 10.265829499999999, 11.633763, 12.388676200000003, 14.901789, 18.677002
8.779499, 9.038355, 10.21249025, 11.647640100000002, 12.496195, 14.944377500000003, 26.889073
8.786541249999999, 9.052158, 10.224072750000001, 11.6468709, 12.426975700000003, 14.824984, 26.889073
8.781347, 9.040685, 10.249971, 11.6610621, 12.472246900000002, 14.933512990000018, 19.563106
8.789552, 9.049769, 10.146972, 11.650823400000002, 12.451222, 15.021127, 26.889073
8.794359, 9.059646, 10.246592, 11.682195000000002, 12.465767100000003, 15.27344427, 19.563106
8.789817750000001, 9.045959, 10.165603, 11.6074468, 12.472115, 14.824984, 26.889073
8.7957015, 9.066165999999999, 10.269419, 11.676091000000003, 12.497316450000005, 14.721813600000004, 26.889073
8.783204, 9.0460675, 10.167371500000002, 11.5966045, 12.425309250000002, 14.783205930000003, 26.889073
8.78020925, 9.0458315, 10.218508, 11.6499091, 12.479442900000002, 14.873968020000007, 19.563106
8.791319, 9.0508185, 10.20798875, 11.615418, 12.385275, 14.783233730000005, 26.889073
8.775399, 9.0391565, 10.196786, 11.6604761, 12.4923874, 15.616593320000014, 26.889073
8.784623, 9.050535, 10.141395, 11.6320817, 12.52358155, 14.996234440000006, 26.889073
8.77636675, 9.042297, 10.21981025, 11.6387561, 12.52358155, 15.27753, 26.889073
8.784652, 9.0514865, 10.1731025, 11.578280500000002, 12.32946965, 14.648465670000004, 26.889073
8.784492, 9.0530395, 10.22039275, 11.659932, 12.443785, 14.646663130000015, 26.889073
8.7907635, 9.0567575, 10.251558, 11.648901, 12.385116, 14.646019220000001, 19.563106
8.786564, 9.044512, 10.18383725, 11.579785600000001, 12.4404847, 14.736624, 19.563106
8.7922875, 9.0667195, 10.23057675, 11.686593, 12.579084, 14.938664710000003, 26.889073
8.790938, 9.073253999999999, 10.28196875, 11.633763, 12.502305, 15.054253, 19.563106
8.786515, 9.07775, 10.270495, 11.6320817, 12.362809, 14.470914, 19.563106
8.786515, 9.053139999999999, 10.2757185, 11.659932, 12.573157, 14.965230630000006, 26.889073
8.789227, 9.05268, 10.223674, 11.670335, 12.4748339, 14.96492, 19.563106
8.786566749999999, 9.051, 10.289956, 11.6609012, 12.496500500000002, 14.902097390000007, 19.393533
8.78765875, 9.0391135, 10.138431749999999, 11.589782800000002, 12.31892135, 14.75751444000001, 26.889073
8.800486249999999, 9.07775, 10.28250425, 11.6047083, 12.319059150000001, 14.491149110000006, 19.393533
8.78828775, 9.050176, 10.127439, 11.607931, 12.4248085, 14.736673190000001, 19.563106
8.792168499999999, 9.0530215, 10.23454875, 11.615576500000001, 12.469801, 14.944688130000012, 19.563106
8.789157, 9.079886, 10.278133, 11.607393, 12.353979700000002, 14.815255450000002, 19.563106
8.79005175, 9.059111, 10.25528425, 11.703054300000002, 12.558802850000001, 14.902097390000007, 18.865024
8.794351, 9.0478635, 10.20220725, 11.6006854, 12.413306600000002, 15.05023268000001, 19.393533
8.797407, 9.087223000000002, 10.281860250000001, 11.629768700000001, 12.398554850000004, 14.663820390000017, 26.889073
8.775879, 9.048156500000001, 10.205375, 11.636955900000002, 12.457105, 15.021127, 18.677002
8.79343025, 9.078598, 10.30172675, 11.670335, 12.496500500000002, 14.83195652000001, 19.393533
8.782513, 9.0640645, 10.23324925, 11.64915, 12.44408265, 15.027702, 19.393533
8.77705775, 9.040309, 10.182640249999999, 11.6704058, 12.579819800000001, 15.240095440000006, 26.889073
8.784399, 9.0531095, 10.2142715, 11.6475, 12.36289795, 14.757073, 26.889073
8.7835005, 9.037053, 10.185839999999999, 11.715884, 12.54830475, 15.054253, 26.889073
8.785622250000001, 9.072315, 10.293807, 11.664709, 12.549959100000002, 14.932686830000002, 26.889073
8.793113, 9.060942, 10.200415750000001, 11.642939, 12.383437350000001, 14.825049510000001, 18.865024
8.78881275, 9.059239, 10.28279425, 11.6736189, 12.462855, 15.449580190000002, 26.889073
8.790582500000001, 9.052958499999999, 10.28536275, 11.63261, 12.389108300000004, 15.027702, 26.889073
8.79448125, 9.058976999999999, 10.2483505, 11.662680500000002, 12.465651400000002, 15.681055, 19.563106
8.785696000000002, 9.047218, 10.19702925, 11.671043, 12.497560650000006, 14.996300190000008, 26.889073
8.788515, 9.0613715, 10.2698985, 11.7218478, 12.553199950000003, 14.95430301000001, 26.889073
8.774291250000001, 9.0508185, 10.246592, 11.660993, 12.5296585, 14.902097390000007, 18.865024
8.783263, 9.0643675, 10.227304749999998, 11.675784, 12.577777750000001, 15.593569540000006, 19.393533
8.798141, 9.054672499999999, 10.262895499999999, 11.613494, 12.396751700000003, 14.747689750000017, 26.889073
8.7837555, 9.047663, 10.163891, 11.579731500000001, 12.322926050000001, 14.514947050000002, 18.677002
8.77265, 9.028732999999999, 10.164934, 11.6006854, 12.38512925, 14.632375930000002, 26.889073
8.780685, 9.0516295, 10.174392000000001, 11.668427, 12.45138875, 14.74727015000001, 26.889073
8.7895315, 9.070435, 10.29562925, 11.6610061, 12.4498122, 15.095220980000033, 26.889073
8.7911215, 9.072117, 10.2726165, 11.68195, 12.4498122, 14.996300190000008, 26.889073
8.79114075, 9.064119999999999, 10.25528425, 11.715561800000001, 12.579486, 14.944377500000003, 19.563106
8.776402000000001, 9.038727, 10.17542925, 11.6260744, 12.322318249999999, 14.822824, 26.889073
8.784391750000001, 9.047103, 10.18159525, 11.6791555, 12.608332, 15.02119275, 26.889073
8.786515, 9.0393945, 10.154793, 11.606876300000001, 12.32018585, 14.825049510000001, 26.889073
8.77902, 9.0497585, 10.161683, 11.609970300000002, 12.421800900000003, 14.592045810000009, 19.563106
8.794796, 9.079332, 10.29688975, 11.655011400000001, 12.503486, 15.449580190000002, 26.889073
8.792250249999999, 9.059024, 10.189086, 11.624231900000002, 12.388676200000003, 14.646663130000015, 26.889073
8.790397250000002, 9.042624, 10.20749, 11.618166000000002, 12.472246900000002, 15.46466297000001, 19.563106
8.78703, 9.061763, 10.215979, 11.6492085, 12.4204191, 14.783024, 26.889073
8.784563, 9.063969, 10.2128345, 11.6736189, 12.525207000000002, 14.815179, 26.889073
8.792197, 9.054161, 10.181255, 11.6046396, 12.512984800000002, 15.616593320000014, 19.563106
8.784525, 9.0462065, 10.257865500000001, 11.6387561, 12.388749750000002, 14.94417, 26.889073
8.78408125, 9.0623785, 10.2292355, 11.671043, 12.426091, 14.737297730000016, 19.563106
8.785622250000001, 9.0494395, 10.285533, 11.638573400000002, 12.451222, 14.815277050000002, 19.563106
8.791367, 9.065967, 10.262895499999999, 11.6956505, 12.525207000000002, 14.8228456, 26.889073
8.78580275, 9.05001, 10.191452, 11.658155400000002, 12.492692900000002, 14.938567590000002, 19.563106
8.79120075, 9.053467, 10.25528425, 11.673618, 12.513302550000002, 14.825752050000018, 18.865024
8.781956, 9.050377, 10.1975375, 11.6515646, 12.472115, 15.054648080000009, 26.889073
8.794988, 9.081961499999998, 10.25890325, 11.6736765, 12.53391275, 14.873968020000007, 26.889073
8.781897749999999, 9.047359, 10.19068925, 11.597410700000003, 12.44997895, 14.995983, 19.563106
8.78195325, 9.054306, 10.210172, 11.655081000000001, 12.34270465, 14.95430301000001, 19.563106
8.783742, 9.0484915, 10.19788575, 11.605148, 12.397729550000001, 14.824984, 19.393533
8.78856, 9.0470295, 10.18175025, 11.563864200000001, 12.252379, 14.637993830000001, 19.563106
8.788326999999999, 9.069364, 10.2582115, 11.715526, 12.624954, 15.537698600000011, 26.889073
8.789472250000001, 9.0703755, 10.20432, 11.5942205, 12.395973549999999, 14.902097390000007, 19.563106
8.78381025, 9.044923, 10.229197, 11.613494, 12.4572683, 15.02119275, 26.889073
8.78408125, 9.0497585, 10.287128749999999, 11.679353, 12.45138875, 15.46395637, 26.889073
8.788383750000001, 9.0578155, 10.230986, 11.623949399999999, 12.405551950000003, 14.713051000000007, 26.889073
8.784391750000001, 9.039647, 10.187168250000001, 11.582057, 12.36583435, 14.712798550000002, 26.889073
8.794357, 9.060905, 10.2190275, 11.5966477, 12.378391900000002, 14.741698300000003, 26.889073
8.792264, 9.05135, 10.2582685, 11.735543400000005, 12.5336, 14.822911110000003, 19.563106
8.78278975, 9.0470295, 10.167371500000002, 11.662602, 12.496195, 14.965230630000006, 26.889073
8.79515425, 9.056303, 10.188561, 11.579707, 12.463275450000001, 14.825049510000001, 26.889073
8.78408125, 9.050148, 10.161757, 11.583639, 12.3781671, 14.944688130000012, 26.889073
8.789632749999999, 9.053467, 10.248715, 11.605372500000001, 12.30340765, 14.822911110000003, 26.889073
8.782349, 9.054737, 10.21806025, 11.6489259, 12.44381295, 15.591218, 19.393533
8.78539525, 9.0594135, 10.21895275, 11.6173565, 12.3807679, 14.75751444000001, 26.889073
8.786741, 9.062354, 10.22807875, 11.675442000000006, 12.496500500000002, 14.944267120000001, 26.889073
8.783767, 9.054044000000001, 10.223651, 11.6498139, 12.449738, 14.815277050000002, 26.889073
8.78937475, 9.067835500000001, 10.242552, 11.645967, 12.4498122, 15.054253, 19.563106
8.7791615, 9.0372135, 10.181526, 11.59288, 12.4248085, 14.648318, 26.889073
8.796114, 9.05303, 10.230541, 11.6171198, 12.30909435, 15.27753, 18.66297
8.78503225, 9.0467975, 10.2462985, 11.650619200000001, 12.4572683, 15.02119275, 18.865024
8.78958475, 9.042624, 10.22130275, 11.6421218, 12.444344, 14.96492, 19.563106
8.78473325, 9.058902, 10.213906000000001, 11.6498139, 12.502753, 14.932686830000002, 26.889073
8.7898075, 9.060910499999999, 10.24144875, 11.617066, 12.364588, 14.757332510000007, 18.66297
8.8640915, 9.000095, 9.1599735, 9.419161, 9.81580245, 11.839501489999996, 35.487972
8.863874, 9.009424, 9.182977, 9.4574223, 9.969382, 11.994154059999985, 35.330604
8.8707215, 9.0311565, 9.237452, 9.4672997, 9.698290649999999, 11.011485200000001, 52.853195
8.8883455, 9.038644, 9.2408445, 9.497916, 9.687020200000001, 10.86245933, 36.893046
0, 0, 0, 0, 0, 0, 0
0, 0, 0, 0, 0, 0, 0
0, 0, 0, 0, 0, 0, 0
0, 0, 0, 0, 0, 0, 0
0, 0, 0, 0, 0, 0, 0
0, 0, 0, 0, 0, 0, 0
0, 0, 0, 0, 0, 0, 0
0, 0, 0, 0, 0, 0, 0
0, 0, 0, 0, 0, 0, 0
0, 0, 0, 0, 0, 0, 0
0, 0, 0, 0, 0, 0, 0
0, 0, 0, 0, 0, 0, 0
0, 0, 0, 0, 0, 0, 0
0, 0, 0, 0, 0, 0, 0
0, 0, 0, 0, 0, 0, 0
0, 0, 0, 0, 0, 0, 0
0, 0, 0, 0, 0, 0, 0
0, 0, 0, 0, 0, 0, 0
0, 0, 0, 0, 0, 0, 0
0, 0, 0, 0, 0, 0, 0
0, 0, 0, 0, 0, 0, 0
0, 0, 0, 0, 0, 0, 0
0, 0, 0, 0, 0, 0, 0
0, 0, 0, 0, 0, 0, 0
0, 0, 0, 0, 0, 0, 0
0, 0, 0, 0, 0, 0, 0
0, 0, 0, 0, 0, 0, 0
0, 0, 0, 0, 0, 0, 0
0, 0, 0, 0, 0, 0, 0
0, 0, 0, 0, 0, 0, 0
0, 0, 0, 0, 0, 0, 0
0, 0, 0, 0, 0, 0, 0
0, 0, 0, 0, 0, 0, 0
0, 0, 0, 0, 0, 0, 0
0, 0, 0, 0, 0, 0, 0
0, 0, 0, 0, 0, 0, 0
0, 0, 0, 0, 0, 0, 0
0, 0, 0, 0, 0, 0, 0
0, 0, 0, 0, 0, 0, 0
0, 0, 0, 0, 0, 0, 0
0, 0, 0, 0, 0, 0, 0
0, 0, 0, 0, 0, 0, 0
0, 0, 0, 0, 0, 0, 0
0, 0, 0, 0, 0, 0, 0
0, 0, 0, 0, 0, 0, 0
0, 0, 0, 0, 0, 0, 0
0, 0, 0, 0, 0, 0, 0
0, 0, 0, 0, 0, 0, 0
0, 0, 0, 0, 0, 0, 0
0, 0, 0, 0, 0, 0, 0
0, 0, 0, 0, 0, 0, 0
0, 0, 0, 0, 0, 0, 0
0, 0, 0, 0, 0, 0, 0
0, 0, 0, 0, 0, 0, 0
0, 0, 0, 0, 0, 0, 0
0, 0, 0, 0, 0, 0, 0
0, 0, 0, 0, 0, 0, 0
0, 0, 0, 0, 0, 0, 0
0, 0, 0, 0, 0, 0, 0
0, 0, 0, 0, 0, 0, 0
0, 0, 0, 0, 0, 0, 0
0, 0, 0, 0, 0, 0, 0
0, 0, 0, 0, 0, 0, 0
0, 0, 0, 0, 0, 0, 0
0, 0, 0, 0, 0, 0, 0
0, 0, 0, 0, 0, 0, 0
0, 0, 0, 0, 0, 0, 0
0, 0, 0, 0, 0, 0, 0
0, 0, 0, 0, 0, 0, 0
0, 0, 0, 0, 0, 0, 0
0, 0, 0, 0, 0, 0, 0
0, 0, 0, 0, 0, 0, 0
0, 0, 0, 0, 0, 0, 0
0, 0, 0, 0, 0, 0, 0
0, 0, 0, 0, 0, 0, 0
0, 0, 0, 0, 0, 0, 0
0, 0, 0, 0, 0, 0, 0
0, 0, 0, 0, 0, 0, 0
0, 0, 0, 0, 0, 0, 0
0, 0, 0, 0, 0, 0, 0
0, 0, 0, 0, 0, 0, 0
0, 0, 0, 0, 0, 0, 0
0, 0, 0, 0, 0, 0, 0
0, 0, 0, 0, 0, 0, 0
0, 0, 0, 0, 0, 0, 0
0, 0, 0, 0, 0, 0, 0
0, 0, 0, 0, 0, 0, 0
0, 0, 0, 0, 0, 0, 0
0, 0, 0, 0, 0, 0, 0
0, 0, 0, 0, 0, 0, 0
0, 0, 0, 0, 0, 0, 0
0, 0, 0, 0, 0, 0, 0
0, 0, 0, 0, 0, 0, 0
0, 0, 0, 0, 0, 0, 0
0, 0, 0, 0, 0, 0, 0
0, 0, 0, 0, 0, 0, 0
0, 0, 0, 0, 0, 0, 0
0, 0, 0, 0, 0, 0, 0
0, 0, 0, 0, 0, 0, 0
0, 0, 0, 0, 0, 0, 0
0, 0, 0, 0, 0, 0, 0
0, 0, 0, 0, 0, 0, 0
0, 0, 0, 0, 0, 0, 0
0, 0, 0, 0, 0, 0, 0
0, 0, 0, 0, 0, 0, 0
0, 0, 0, 0, 0, 0, 0
0, 0, 0, 0, 0, 0, 0
0, 0, 0, 0, 0, 0, 0
0, 0, 0, 0, 0, 0, 0
0, 0, 0, 0, 0, 0, 0
0, 0, 0, 0, 0, 0, 0
0, 0, 0, 0, 0, 0, 0
0, 0, 0, 0, 0, 0, 0
0, 0, 0, 0, 0, 0, 0
0, 0, 0, 0, 0, 0, 0
0, 0, 0, 0, 0, 0, 0
0, 0, 0, 0, 0, 0, 0
0, 0, 0, 0, 0, 0, 0
0, 0, 0, 0, 0, 0, 0
0, 0, 0, 0, 0, 0, 0
0, 0, 0, 0, 0, 0, 0
0, 0, 0, 0, 0, 0, 0
0, 0, 0, 0, 0, 0, 0
0, 0, 0, 0, 0, 0, 0
0, 0, 0, 0, 0, 0, 0
0, 0, 0, 0, 0, 0, 0
0, 0, 0, 0, 0, 0, 0
0, 0, 0, 0, 0, 0, 0
0, 0, 0, 0, 0, 0, 0
0, 0, 0, 0, 0, 0, 0
0, 0, 0, 0, 0, 0, 0
0, 0, 0, 0, 0, 0, 0
0, 0, 0, 0, 0, 0, 0
0, 0, 0, 0, 0, 0, 0
0, 0, 0, 0, 0, 0, 0
0, 0, 0, 0, 0, 0, 0
0, 0, 0, 0, 0, 0, 0
0, 0, 0, 0, 0, 0, 0
0, 0, 0, 0, 0, 0, 0
0, 0, 0, 0, 0, 0, 0
0, 0, 0, 0, 0, 0, 0
0, 0, 0, 0, 0, 0, 0
0, 0, 0, 0, 0, 0, 0
0, 0, 0, 0, 0, 0, 0
0, 0, 0, 0, 0, 0, 0
0, 0, 0, 0, 0, 0, 0
0, 0, 0, 0, 0, 0, 0
0, 0, 0, 0, 0, 0, 0
0, 0, 0, 0, 0, 0, 0
0, 0, 0, 0, 0, 0, 0
0, 0, 0, 0, 0, 0, 0
0, 0, 0, 0, 0, 0, 0
0, 0, 0, 0, 0, 0, 0
0, 0, 0, 0, 0, 0, 0
0, 0, 0, 0, 0, 0, 0
0, 0, 0, 0, 0, 0, 0
0, 0, 0, 0, 0, 0, 0
0, 0, 0, 0, 0, 0, 0
0, 0, 0, 0, 0, 0, 0
0, 0, 0, 0, 0, 0, 0
0, 0, 0, 0, 0, 0, 0
0, 0, 0, 0, 0, 0, 0
0, 0, 0, 0, 0, 0, 0
0, 0, 0, 0, 0, 0, 0
0, 0, 0, 0, 0, 0, 0
0, 0, 0, 0, 0, 0, 0
0, 0, 0, 0, 0, 0, 0
0, 0, 0, 0, 0, 0, 0
0, 0, 0, 0, 0, 0, 0
0, 0, 0, 0, 0, 0, 0
0, 0, 0, 0, 0, 0, 0
0, 0, 0, 0, 0, 0, 0
0, 0, 0, 0, 0, 0, 0
0, 0, 0, 0, 0, 0, 0
0, 0, 0, 0, 0, 0, 0
0, 0, 0, 0, 0, 0, 0
0, 0, 0, 0, 0, 0, 0
0, 0, 0, 0, 0, 0, 0
0, 0, 0, 0, 0, 0, 0
0, 0, 0, 0, 0, 0, 0
0, 0, 0, 0, 0, 0, 0
0, 0, 0, 0, 0, 0, 0
0, 0, 0, 0, 0, 0, 0
0, 0, 0, 0, 0, 0, 0
0, 0, 0, 0, 0, 0, 0
0, 0, 0, 0, 0, 0, 0
0, 0, 0, 0, 0, 0, 0
0, 0, 0, 0, 0, 0, 0
0, 0, 0, 0, 0, 0, 0
0, 0, 0, 0, 0, 0, 0
0, 0, 0, 0, 0, 0, 0
0, 0, 0, 0, 0, 0, 0
0, 0, 0, 0, 0, 0, 0
0, 0, 0, 0, 0, 0, 0
0, 0, 0, 0, 0, 0, 0
0, 0, 0, 0, 0, 0, 0
0, 0, 0, 0, 0, 0, 0
0, 0, 0, 0, 0, 0, 0
0, 0, 0, 0, 0, 0, 0
0, 0, 0, 0, 0, 0, 0
0, 0, 0, 0, 0, 0, 0
0, 0, 0, 0, 0, 0, 0
0, 0, 0, 0, 0, 0, 0
0, 0, 0, 0, 0, 0, 0
0, 0, 0, 0, 0, 0, 0
0, 0, 0, 0, 0, 0, 0
0, 0, 0, 0, 0, 0, 0
0, 0, 0, 0, 0, 0, 0
0, 0, 0, 0, 0, 0, 0
0, 0, 0, 0, 0, 0, 0
0, 0, 0, 0, 0, 0, 0
0, 0, 0, 0, 0, 0, 0
0, 0, 0, 0, 0, 0, 0
0, 0, 0, 0, 0, 0, 0
0, 0, 0, 0, 0, 0, 0
0, 0, 0, 0, 0, 0, 0
0, 0, 0, 0, 0, 0, 0
0, 0, 0, 0, 0, 0, 0
0, 0, 0, 0, 0, 0, 0
0, 0, 0, 0, 0, 0, 0
0, 0, 0, 0, 0, 0, 0
0, 0, 0, 0, 0, 0, 0
0, 0, 0, 0, 0, 0, 0
0, 0, 0, 0, 0, 0, 0
0, 0, 0, 0, 0, 0, 0
0, 0, 0, 0, 0, 0, 0
0, 0, 0, 0, 0, 0, 0
0, 0, 0, 0, 0, 0, 0
0, 0, 0, 0, 0, 0, 0
0, 0, 0, 0, 0, 0, 0
0, 0, 0, 0, 0, 0, 0
0, 0, 0, 0, 0, 0, 0
0, 0, 0, 0, 0, 0, 0
0, 0, 0, 0, 0, 0, 0
0, 0, 0, 0, 0, 0, 0
0, 0, 0, 0, 0, 0, 0
0, 0, 0, 0, 0, 0, 0
0, 0, 0, 0, 0, 0, 0
0, 0, 0, 0, 0, 0, 0
0, 0, 0, 0, 0, 0, 0
0, 0, 0, 0, 0, 0, 0
0, 0, 0, 0, 0, 0, 0
0, 0, 0, 0, 0, 0, 0
0, 0, 0, 0, 0, 0, 0
0, 0, 0, 0, 0, 0, 0
0, 0, 0, 0, 0, 0, 0
0, 0, 0, 0, 0, 0, 0
0, 0, 0, 0, 0, 0, 0
0, 0, 0, 0, 0, 0, 0
0, 0, 0, 0, 0, 0, 0
0, 0, 0, 0, 0, 0, 0
0, 0, 0, 0, 0, 0, 0
0, 0, 0, 0, 0, 0, 0
0, 0, 0, 0, 0, 0, 0
0, 0, 0, 0, 0, 0, 0
0, 0, 0, 0, 0, 0, 0
0, 0, 0, 0, 0, 0, 0
0, 0, 0, 0, 0, 0, 0
0, 0, 0, 0, 0, 0, 0
0, 0, 0, 0, 0, 0, 0
0, 0, 0, 0, 0, 0, 0
0, 0, 0, 0, 0, 0, 0
0, 0, 0, 0, 0, 0, 0
0, 0, 0, 0, 0, 0, 0
0, 0, 0, 0, 0, 0, 0
0, 0, 0, 0, 0, 0, 0
0, 0, 0, 0, 0, 0, 0
0, 0, 0, 0, 0, 0, 0
0, 0, 0, 0, 0, 0, 0
0, 0, 0, 0, 0, 0, 0
0, 0, 0, 0, 0, 0, 0
0, 0, 0, 0, 0, 0, 0
0, 0, 0, 0, 0, 0, 0
0, 0, 0, 0, 0, 0, 0
0, 0, 0, 0, 0, 0, 0
0, 0, 0, 0, 0, 0, 0
0, 0, 0, 0, 0, 0, 0
0, 0, 0, 0, 0, 0, 0
0, 0, 0, 0, 0, 0, 0
0, 0, 0, 0, 0, 0, 0
0, 0, 0, 0, 0, 0, 0
0, 0, 0, 0, 0, 0, 0
0, 0, 0, 0, 0, 0, 0
0, 0, 0, 0, 0, 0, 0
0, 0, 0, 0, 0, 0, 0
0, 0, 0, 0, 0, 0, 0
0, 0, 0, 0, 0, 0, 0
0, 0, 0, 0, 0, 0, 0
0, 0, 0, 0, 0, 0, 0
0, 0, 0, 0, 0, 0, 0
0, 0, 0, 0, 0, 0, 0
0, 0, 0, 0, 0, 0, 0
0, 0, 0, 0, 0, 0, 0
0, 0, 0, 0, 0, 0, 0
0, 0, 0, 0, 0, 0, 0
0, 0, 0, 0, 0, 0, 0
0, 0, 0, 0, 0, 0, 0
0, 0, 0, 0, 0, 0, 0
0, 0, 0, 0, 0, 0, 0
0, 0, 0, 0, 0, 0, 0
0, 0, 0, 0, 0, 0, 0
0, 0, 0, 0, 0, 0, 0
0, 0, 0, 0, 0, 0, 0
0, 0, 0, 0, 0, 0, 0
0, 0, 0, 0, 0, 0, 0
0, 0, 0, 0, 0, 0, 0
0, 0, 0, 0, 0, 0, 0
0, 0, 0, 0, 0, 0, 0
0, 0, 0, 0, 0, 0, 0
0, 0, 0, 0, 0, 0, 0
0, 0, 0, 0, 0, 0, 0
0, 0, 0, 0, 0, 0, 0
0, 0, 0, 0, 0, 0, 0
0, 0, 0, 0, 0, 0, 0
0, 0, 0, 0, 0, 0, 0
0, 0, 0, 0, 0, 0, 0
0, 0, 0, 0, 0, 0, 0
0, 0, 0, 0, 0, 0, 0
0, 0, 0, 0, 0, 0, 0
0, 0, 0, 0, 0, 0, 0
0, 0, 0, 0, 0, 0, 0
0, 0, 0, 0, 0, 0, 0
0, 0, 0, 0, 0, 0, 0
0, 0, 0, 0, 0, 0, 0
0, 0, 0, 0, 0, 0, 0
0, 0, 0, 0, 0, 0, 0
0, 0, 0, 0, 0, 0, 0
0, 0, 0, 0, 0, 0, 0
0, 0, 0, 0, 0, 0, 0
0, 0, 0, 0, 0, 0, 0
0, 0, 0, 0, 0, 0, 0
0, 0, 0, 0, 0, 0, 0
0, 0, 0, 0, 0, 0, 0
0, 0, 0, 0, 0, 0, 0
0, 0, 0, 0, 0, 0, 0
0, 0, 0, 0, 0, 0, 0
0, 0, 0, 0, 0, 0, 0
0, 0, 0, 0, 0, 0, 0
0, 0, 0, 0, 0, 0, 0
0, 0, 0, 0, 0, 0, 0
0, 0, 0, 0, 0, 0, 0
0, 0, 0, 0, 0, 0, 0
0, 0, 0, 0, 0, 0, 0
0, 0, 0, 0, 0, 0, 0
0, 0, 0, 0, 0, 0, 0
0, 0, 0, 0, 0, 0, 0
0, 0, 0, 0, 0, 0, 0
0, 0, 0, 0, 0, 0, 0
0, 0, 0, 0, 0, 0, 0
0, 0, 0, 0, 0, 0, 0
0, 0, 0, 0, 0, 0, 0
0, 0, 0, 0, 0, 0, 0
0, 0, 0, 0, 0, 0, 0
0, 0, 0, 0, 0, 0, 0
0, 0, 0, 0, 0, 0, 0
0, 0, 0, 0, 0, 0, 0
0, 0, 0, 0, 0, 0, 0
0, 0, 0, 0, 0, 0, 0
0, 0, 0, 0, 0, 0, 0
0, 0, 0, 0, 0, 0, 0
0, 0, 0, 0, 0, 0, 0
0, 0, 0, 0, 0, 0, 0
0, 0, 0, 0, 0, 0, 0
0, 0, 0, 0, 0, 0, 0
0, 0, 0, 0, 0, 0, 0
0, 0, 0, 0, 0, 0, 0
0, 0, 0, 0, 0, 0, 0
0, 0, 0, 0, 0, 0, 0
0, 0, 0, 0, 0, 0, 0
0, 0, 0, 0, 0, 0, 0
0, 0, 0, 0, 0, 0, 0
0, 0, 0, 0, 0, 0, 0
0, 0, 0, 0, 0, 0, 0
0, 0, 0, 0, 0, 0, 0
0, 0, 0, 0, 0, 0, 0
0, 0, 0, 0, 0, 0, 0
0, 0, 0, 0, 0, 0, 0
0, 0, 0, 0, 0, 0, 0
0, 0, 0, 0, 0, 0, 0
0, 0, 0, 0, 0, 0, 0
0, 0, 0, 0, 0, 0, 0
0, 0, 0, 0, 0, 0, 0
0, 0, 0, 0, 0, 0, 0
0, 0, 0, 0, 0, 0, 0
0, 0, 0, 0, 0, 0, 0
0, 0, 0, 0, 0, 0, 0
0, 0, 0, 0, 0, 0, 0
0, 0, 0, 0, 0, 0, 0
0, 0, 0, 0, 0, 0, 0
0, 0, 0, 0, 0, 0, 0
0, 0, 0, 0, 0, 0, 0
0, 0, 0, 0, 0, 0, 0
0, 0, 0, 0, 0, 0, 0
0, 0, 0, 0, 0, 0, 0
0, 0, 0, 0, 0, 0, 0
0, 0, 0, 0, 0, 0, 0
0, 0, 0, 0, 0, 0, 0
0, 0, 0, 0, 0, 0, 0
0, 0, 0, 0, 0, 0, 0
0, 0, 0, 0, 0, 0, 0
0, 0, 0, 0, 0, 0, 0
0, 0, 0, 0, 0, 0, 0
0, 0, 0, 0, 0, 0, 0
0, 0, 0, 0, 0, 0, 0
0, 0, 0, 0, 0, 0, 0
0, 0, 0, 0, 0, 0, 0
0, 0, 0, 0, 0, 0, 0
0, 0, 0, 0, 0, 0, 0
0, 0, 0, 0, 0, 0, 0
0, 0, 0, 0, 0, 0, 0
0, 0, 0, 0, 0, 0, 0
0, 0, 0, 0, 0, 0, 0
0, 0, 0, 0, 0, 0, 0
0, 0, 0, 0, 0, 0, 0
0, 0, 0, 0, 0, 0, 0
0, 0, 0, 0, 0, 0, 0
0, 0, 0, 0, 0, 0, 0
0, 0, 0, 0, 0, 0, 0
0, 0, 0, 0, 0, 0, 0
0, 0, 0, 0, 0, 0, 0
0, 0, 0, 0, 0, 0, 0
0, 0, 0, 0, 0, 0, 0
0, 0, 0, 0, 0, 0, 0
0, 0, 0, 0, 0, 0, 0
0, 0, 0, 0, 0, 0, 0
0, 0, 0, 0, 0, 0, 0
0, 0, 0, 0, 0, 0, 0
0, 0, 0, 0, 0, 0, 0
0, 0, 0, 0, 0, 0, 0
0, 0, 0, 0, 0, 0, 0
0, 0, 0, 0, 0, 0, 0
0, 0, 0, 0, 0, 0, 0
0, 0, 0, 0, 0, 0, 0
0, 0, 0, 0, 0, 0, 0
0, 0, 0, 0, 0, 0, 0
0, 0, 0, 0, 0, 0, 0
0, 0, 0, 0, 0, 0, 0
0, 0, 0, 0, 0, 0, 0
0, 0, 0, 0, 0, 0, 0
0, 0, 0, 0, 0, 0, 0
0, 0, 0, 0, 0, 0, 0
0, 0, 0, 0, 0, 0, 0
0, 0, 0, 0, 0, 0, 0
0, 0, 0, 0, 0, 0, 0
0, 0, 0, 0, 0, 0, 0
0, 0, 0, 0, 0, 0, 0
0, 0, 0, 0, 0, 0, 0
0, 0, 0, 0, 0, 0, 0
0, 0, 0, 0, 0, 0, 0
0, 0, 0, 0, 0, 0, 0
0, 0, 0, 0, 0, 0, 0
0, 0, 0, 0, 0, 0, 0
0, 0, 0, 0, 0, 0, 0
0, 0, 0, 0, 0, 0, 0
0, 0, 0, 0, 0, 0, 0
0, 0, 0, 0, 0, 0, 0
0, 0, 0, 0, 0, 0, 0
0, 0, 0, 0, 0, 0, 0
0, 0, 0, 0, 0, 0, 0
0, 0, 0, 0, 0, 0, 0
0, 0, 0, 0, 0, 0, 0
0, 0, 0, 0, 0, 0, 0
0, 0, 0, 0, 0, 0, 0
0, 0, 0, 0, 0, 0, 0
0, 0, 0, 0, 0, 0, 0
0, 0, 0, 0, 0, 0, 0
0, 0, 0, 0, 0, 0, 0
0, 0, 0, 0, 0, 0, 0
0, 0, 0, 0, 0, 0, 0
0, 0, 0, 0, 0, 0, 0
0, 0, 0, 0, 0, 0, 0
0, 0, 0, 0, 0, 0, 0
0, 0, 0, 0, 0, 0, 0
0, 0, 0, 0, 0, 0, 0
0, 0, 0, 0, 0, 0, 0
0, 0, 0, 0, 0, 0, 0
0, 0, 0, 0, 0, 0, 0
0, 0, 0, 0, 0, 0, 0
0, 0, 0, 0, 0, 0, 0
0, 0, 0, 0, 0, 0, 0
0, 0, 0, 0, 0, 0, 0
0, 0, 0, 0, 0, 0, 0
0, 0, 0, 0, 0, 0, 0
0, 0, 0, 0, 0, 0, 0
0, 0, 0, 0, 0, 0, 0
0, 0, 0, 0, 0, 0, 0
0, 0, 0, 0, 0, 0, 0
0, 0, 0, 0, 0, 0, 0
0, 0, 0, 0, 0, 0, 0
0, 0, 0, 0, 0, 0, 0
0, 0, 0, 0, 0, 0, 0
0, 0, 0, 0, 0, 0, 0
0, 0, 0, 0, 0, 0, 0
0, 0, 0, 0, 0, 0, 0
0, 0, 0, 0, 0, 0, 0
0, 0, 0, 0, 0, 0, 0
0, 0, 0, 0, 0, 0, 0
0, 0, 0, 0, 0, 0, 0
0, 0, 0, 0, 0, 0, 0
0, 0, 0, 0, 0, 0, 0
0, 0, 0, 0, 0, 0, 0
0, 0, 0, 0, 0, 0, 0
0, 0, 0, 0, 0, 0, 0
0, 0, 0, 0, 0, 0, 0
0, 0, 0, 0, 0, 0, 0
0, 0, 0, 0, 0, 0, 0
0, 0, 0, 0, 0, 0, 0
0, 0, 0, 0, 0, 0, 0
0, 0, 0, 0, 0, 0, 0
0, 0, 0, 0, 0, 0, 0
0, 0, 0, 0, 0, 0, 0
0, 0, 0, 0, 0, 0, 0
0, 0, 0, 0, 0, 0, 0
0, 0, 0, 0, 0, 0, 0
0, 0, 0, 0, 0, 0, 0
0, 0, 0, 0, 0, 0, 0
0, 0, 0, 0, 0, 0, 0
0, 0, 0, 0, 0, 0, 0
0, 0, 0, 0, 0, 0, 0
0, 0, 0, 0, 0, 0, 0
0, 0, 0, 0, 0, 0, 0
0, 0, 0, 0, 0, 0, 0
0, 0, 0, 0, 0, 0, 0
0, 0, 0, 0, 0, 0, 0
0, 0, 0, 0, 0, 0, 0
0, 0, 0, 0, 0, 0, 0
0, 0, 0, 0, 0, 0, 0
0, 0, 0, 0, 0, 0, 0
0, 0, 0, 0, 0, 0, 0
0, 0, 0, 0, 0, 0, 0
0, 0, 0, 0, 0, 0, 0
0, 0, 0, 0, 0, 0, 0
0, 0, 0, 0, 0, 0, 0
0, 0, 0, 0, 0, 0, 0
0, 0, 0, 0, 0, 0, 0
0, 0, 0, 0, 0, 0, 0
0, 0, 0, 0, 0, 0, 0
0, 0, 0, 0, 0, 0, 0
0, 0, 0, 0, 0, 0, 0
0, 0, 0, 0, 0, 0, 0
0, 0, 0, 0, 0, 0, 0
0, 0, 0, 0, 0, 0, 0
0, 0, 0, 0, 0, 0, 0
0, 0, 0, 0, 0, 0, 0
0, 0, 0, 0, 0, 0, 0
0, 0, 0, 0, 0, 0, 0
0, 0, 0, 0, 0, 0, 0
0, 0, 0, 0, 0, 0, 0
0, 0, 0, 0, 0, 0, 0
0, 0, 0, 0, 0, 0, 0
0, 0, 0, 0, 0, 0, 0
0, 0, 0, 0, 0, 0, 0
0, 0, 0, 0, 0, 0, 0
0, 0, 0, 0, 0, 0, 0
0, 0, 0, 0, 0, 0, 0
0, 0, 0, 0, 0, 0, 0
0, 0, 0, 0, 0, 0, 0
0, 0, 0, 0, 0, 0, 0
0, 0, 0, 0, 0, 0, 0
0, 0, 0, 0, 0, 0, 0
0, 0, 0, 0, 0, 0, 0
0, 0, 0, 0, 0, 0, 0
0, 0, 0, 0, 0, 0, 0
0, 0, 0, 0, 0, 0, 0
0, 0, 0, 0, 0, 0, 0
0, 0, 0, 0, 0, 0, 0
0, 0, 0, 0, 0, 0, 0
0, 0, 0, 0, 0, 0, 0
0, 0, 0, 0, 0, 0, 0
0, 0, 0, 0, 0, 0, 0
0, 0, 0, 0, 0, 0, 0
0, 0, 0, 0, 0, 0, 0
0, 0, 0, 0, 0, 0, 0
0, 0, 0, 0, 0, 0, 0
0, 0, 0, 0, 0, 0, 0
0, 0, 0, 0, 0, 0, 0
0, 0, 0, 0, 0, 0, 0
0, 0, 0, 0, 0, 0, 0
0, 0, 0, 0, 0, 0, 0
0, 0, 0, 0, 0, 0, 0
0, 0, 0, 0, 0, 0, 0
0, 0, 0, 0, 0, 0, 0
0, 0, 0, 0, 0, 0, 0
0, 0, 0, 0, 0, 0, 0
0, 0, 0, 0, 0, 0, 0
0, 0, 0, 0, 0, 0, 0
0, 0, 0, 0, 0, 0, 0
0, 0, 0, 0, 0, 0, 0
0, 0, 0, 0, 0, 0, 0
0, 0, 0, 0, 0, 0, 0
0, 0, 0, 0, 0, 0, 0
0, 0, 0, 0, 0, 0, 0
0, 0, 0, 0, 0, 0, 0
0, 0, 0, 0, 0, 0, 0
0, 0, 0, 0, 0, 0, 0
0, 0, 0, 0, 0, 0, 0
0, 0, 0, 0, 0, 0, 0
0, 0, 0, 0, 0, 0, 0
0, 0, 0, 0, 0, 0, 0
0, 0, 0, 0, 0, 0, 0
0, 0, 0, 0, 0, 0, 0
0, 0, 0, 0, 0, 0, 0
0, 0, 0, 0, 0, 0, 0
0, 0, 0, 0, 0, 0, 0
0, 0, 0, 0, 0, 0, 0
0, 0, 0, 0, 0, 0, 0
0, 0, 0, 0, 0, 0, 0
0, 0, 0, 0, 0, 0, 0
0, 0, 0, 0, 0, 0, 0
0, 0, 0, 0, 0, 0, 0
0, 0, 0, 0, 0, 0, 0
0, 0, 0, 0, 0, 0, 0
0, 0, 0, 0, 0, 0, 0
0, 0, 0, 0, 0, 0, 0
0, 0, 0, 0, 0, 0, 0
0, 0, 0, 0, 0, 0, 0
0, 0, 0, 0, 0, 0, 0
0, 0, 0, 0, 0, 0, 0
0, 0, 0, 0, 0, 0, 0
0, 0, 0, 0, 0, 0, 0
0, 0, 0, 0, 0, 0, 0
0, 0, 0, 0, 0, 0, 0
0, 0, 0, 0, 0, 0, 0
0, 0, 0, 0, 0, 0, 0
0, 0, 0, 0, 0, 0, 0
0, 0, 0, 0, 0, 0, 0
0, 0, 0, 0, 0, 0, 0
0, 0, 0, 0, 0, 0, 0
0, 0, 0, 0, 0, 0, 0
0, 0, 0, 0, 0, 0, 0
0, 0, 0, 0, 0, 0, 0
0, 0, 0, 0, 0, 0, 0
0, 0, 0, 0, 0, 0, 0
0, 0, 0, 0, 0, 0, 0
0, 0, 0, 0, 0, 0, 0
0, 0, 0, 0, 0, 0, 0
0, 0, 0, 0, 0, 0, 0
0, 0, 0, 0, 0, 0, 0
0, 0, 0, 0, 0, 0, 0
0, 0, 0, 0, 0, 0, 0
0, 0, 0, 0, 0, 0, 0
0, 0, 0, 0, 0, 0, 0
0, 0, 0, 0, 0, 0, 0
0, 0, 0, 0, 0, 0, 0
0, 0, 0, 0, 0, 0, 0
0, 0, 0, 0, 0, 0, 0
0, 0, 0, 0, 0, 0, 0
0, 0, 0, 0, 0, 0, 0
0, 0, 0, 0, 0, 0, 0
0, 0, 0, 0, 0, 0, 0
0, 0, 0, 0, 0, 0, 0
0, 0, 0, 0, 0, 0, 0
0, 0, 0, 0, 0, 0, 0
0, 0, 0, 0, 0, 0, 0
0, 0, 0, 0, 0, 0, 0
0, 0, 0, 0, 0, 0, 0
0, 0, 0, 0, 0, 0, 0
0, 0, 0, 0, 0, 0, 0
0, 0, 0, 0, 0, 0, 0
0, 0, 0, 0, 0, 0, 0
0, 0, 0, 0, 0, 0, 0
0, 0, 0, 0, 0, 0, 0
0, 0, 0, 0, 0, 0, 0
0, 0, 0, 0, 0, 0, 0
0, 0, 0, 0, 0, 0, 0
0, 0, 0, 0, 0, 0, 0
0, 0, 0, 0, 0, 0, 0
0, 0, 0, 0, 0, 0, 0
0, 0, 0, 0, 0, 0, 0
0, 0, 0, 0, 0, 0, 0
0, 0, 0, 0, 0, 0, 0
0, 0, 0, 0, 0, 0, 0
0, 0, 0, 0, 0, 0, 0
0, 0, 0, 0, 0, 0, 0
0, 0, 0, 0, 0, 0, 0
0, 0, 0, 0, 0, 0, 0
0, 0, 0, 0, 0, 0, 0
0, 0, 0, 0, 0, 0, 0
0, 0, 0, 0, 0, 0, 0
0, 0, 0, 0, 0, 0, 0
0, 0, 0, 0, 0, 0, 0
0, 0, 0, 0, 0, 0, 0
0, 0, 0, 0, 0, 0, 0
0, 0, 0, 0, 0, 0, 0
0, 0, 0, 0, 0, 0, 0
0, 0, 0, 0, 0, 0, 0
0, 0, 0, 0, 0, 0, 0
0, 0, 0, 0, 0, 0, 0
0, 0, 0, 0, 0, 0, 0
0, 0, 0, 0, 0, 0, 0
0, 0, 0, 0, 0, 0, 0
0, 0, 0, 0, 0, 0, 0
0, 0, 0, 0, 0, 0, 0
0, 0, 0, 0, 0, 0, 0
0, 0, 0, 0, 0, 0, 0
0, 0, 0, 0, 0, 0, 0
0, 0, 0, 0, 0, 0, 0
0, 0, 0, 0, 0, 0, 0
8.89111325, 9.046056, 9.23738425, 9.5067009, 9.7354984, 14.619508109999988, 36.893046
8.87465975, 9.031084499999999, 9.22588475, 9.4721659, 9.7331708, 13.72803882, 32.855096
8.874338000000002, 9.034796, 9.236345, 9.5117255, 9.71844945, 14.395712159999997, 36.893046
8.886230000000001, 9.0465005, 9.218200750000001, 9.4776763, 9.691693, 11.140040799999996, 24.370709
8.891303, 9.0334815, 9.235771, 9.501127499999999, 9.719838, 13.625846079999992, 24.370709
8.8709335, 9.0246305, 9.2182015, 9.503744900000001, 9.76149925, 16.059206239999998, 32.855096
8.888299250000001, 9.0336265, 9.236806999999999, 9.5109466, 9.810516049999999, 16.10960347, 36.893046
8.8720965, 9.0325515, 9.2367115, 9.512927, 9.764849250000001, 16.18028951, 32.855096
8.88192975, 9.027812, 9.22633225, 9.5165636, 9.73072195, 16.37851031, 36.893046
8.876831500000002, 9.030899999999999, 9.22136325, 9.465731300000002, 9.71029545, 11.260687629999996, 19.502914
8.88579175, 9.0365085, 9.215076750000001, 9.4772721, 9.770925249999998, 13.486703819999999, 32.855096
8.87822425, 9.025499, 9.22688575, 9.485767, 9.686798849999999, 10.27082926, 24.370709
8.90063425, 9.047135, 9.253474749999999, 9.5308165, 9.757964249999999, 13.487804739999998, 52.853195
8.87117225, 9.00428, 9.186992499999999, 9.465894, 10.095964799999999, 11.839379, 35.734803
8.863795, 8.9998875, 9.18142875, 9.4716642, 10.128280449999998, 12.071938419999963, 37.448702
8.8638885, 8.9994405, 9.181145, 9.4308111, 9.921385649999998, 12.010812059999928, 37.448702
8.86938, 9.0041325, 9.176643, 9.4450259, 9.90801325, 11.77998, 29.227148
8.867323, 9.0144795, 9.18723825, 9.471624499999999, 9.962040399999998, 12.074022229999963, 37.448702
8.8722345, 9.0084995, 9.195348, 9.4963398, 10.107975149999993, 12.00816916999999, 37.448702
8.859917249999999, 8.997254, 9.1685245, 9.4768961, 10.042448249999996, 12.070439959999998, 35.734803
8.861762500000001, 9.0031345, 9.173815999999999, 9.450355, 10.06522, 11.938931769999993, 37.448702
8.86436425, 9.003352, 9.182778, 9.451941900000001, 9.965672949999998, 11.958562, 29.227148
8.86479, 9.0046385, 9.1755775, 9.446912600000001, 9.9108522, 11.795355169999997, 35.330604
8.865643500000001, 8.998477999999999, 9.16609875, 9.435007, 9.843590049999998, 11.958562, 35.734803
8.86570575, 9.004122500000001, 9.17088625, 9.4390328, 9.971093949999998, 12.055604159999973, 35.487972
8.863874, 8.998715, 9.1734125, 9.4406649, 9.994071, 11.913174, 29.227148
8.86623675, 9.008738, 9.1896405, 9.4787409, 10.00358445, 12.223784589999987, 35.487972
8.87036, 8.9987265, 9.1873005, 9.465563, 9.940976799999998, 11.970582469999993, 35.734803
8.86309975, 9.000557, 9.184391, 9.437911, 9.929915249999999, 11.90322, 37.448702
8.872729, 9.007716, 9.183439250000001, 9.485407499999999, 10.019224099999999, 11.749391969999992, 33.51644
8.8617355, 9.003832500000001, 9.164125499999999, 9.4339191, 9.92986, 12.075071569999938, 35.330604
8.862357000000001, 8.995421, 9.17529125, 9.4402446, 9.985579, 11.96145763999999, 35.734803
8.866484, 8.998715, 9.170368999999999, 9.4132835, 9.870239, 11.678355569999999, 35.487972
8.8638465, 9.013475, 9.184887, 9.4602233, 9.953592299999997, 12.048048669999998, 35.734803
8.86075, 8.9982385, 9.187991499999999, 9.462921, 9.951954899999999, 11.999423279999998, 16.928153
8.863847, 9.00515, 9.1794245, 9.445610799999999, 10.004889799999999, 11.9993765, 37.448702
8.863898, 9.002021500000001, 9.17831025, 9.455636, 9.965660199999999, 12.008233839999988, 35.734803
8.863307749999999, 9.0002825, 9.173783, 9.4155652, 9.874425, 11.898029969999996, 24.923449
8.86276425, 9.000251500000001, 9.173258, 9.4874594, 10.105537499999988, 12.279782239999985, 35.734803
8.864383, 9.0105655, 9.187559, 9.454415, 9.993210149999996, 12.222369769999998, 37.448702
8.785015, 9.038076, 10.194815, 11.650619200000001, 12.45138875, 14.592045810000009, 26.889073
8.788920000000001, 9.049747, 10.199381, 11.618788900000004, 12.375530000000001, 14.825049510000001, 19.393533
8.786178, 9.0543015, 10.20963775, 11.673554, 12.58620985, 14.54422732000002, 19.563106
8.7849415, 9.052846500000001, 10.241081, 11.6489844, 12.425519500000002, 15.021127, 19.393533
8.791356, 9.067009, 10.28607025, 11.6743611, 12.4498122, 14.944688130000012, 18.66297
8.7925795, 9.053267, 10.25818525, 11.674203, 12.436289600000002, 14.825049510000001, 19.563106
8.777074, 9.0640645, 10.24051975, 11.647802400000002, 12.338351, 14.932840540000004, 19.393533
8.65550775, 9.116678499999999, 10.764132, 12.423639, 13.983646, 17.629572, 38.813544
8.652522, 9.1377375, 10.803248, 12.474779400000001, 14.02210664999999, 17.81349118000001, 38.813544
8.653112, 9.156649, 10.80133275, 12.35419, 14.099570599999996, 18.37277944000005, 34.408771
8.640719, 9.0900105, 10.734365500000001, 12.480118200000001, 14.175710949999996, 17.78608, 38.813544
9.1481265, 11.302678, 14.094420249999999, 17.33080060000001, 19.71937149999998, 25.199198, 44.22794
9.09013425, 11.266485, 14.0649205, 17.473254, 19.916648, 25.268505750000013, 40.625286
9.1065555, 11.2343785, 14.067892, 17.5123147, 19.935798, 26.206109, 44.22794
9.11132025, 11.2268785, 13.983948250000001, 17.2764911, 19.691119299999986, 25.46595706000003, 44.22794
9.119183, 11.285653, 14.107894, 17.472874, 19.927271, 25.199884450000013, 44.22794
9.133272, 11.249421, 14.06527, 17.461269400000003, 19.759549299999986, 25.46558043000002, 44.22794
9.131891, 11.215572, 14.123277000000002, 17.521583, 20.028886, 26.311127, 39.815707
9.11396725, 11.246008, 14.03706, 17.448593, 19.878328, 25.387838700000042, 39.815707
9.104823, 11.1713565, 14.06224275, 17.251929, 19.561492849999993, 24.575008, 44.22794
9.1013555, 11.2329425, 14.105268500000001, 17.2645877, 19.905001, 26.311127, 40.625286
9.10878, 11.24558, 14.09397625, 17.321376, 19.9729156, 26.207159180000023, 39.815707
9.15130375, 11.232049, 13.9694845, 17.292050000000003, 19.819811, 25.398768280000013, 35.918558
9.13014425, 11.296549500000001, 14.04293, 17.358213, 19.937328999999977, 25.33463687000001, 44.22794
9.116411, 11.254216, 14.0027695, 17.286815, 19.473433, 25.259222, 44.22794
9.092556, 11.2553345, 14.076178500000001, 17.286350300000002, 19.636108499999995, 25.678368970000026, 44.22794
9.131523249999999, 11.180785, 14.08754275, 17.3602266, 19.714086, 26.539462, 44.22794
9.14803925, 11.240114, 14.10548425, 17.3253798, 19.718137, 25.334118, 40.625286
9.11223975, 11.2485435, 14.188715, 17.523028500000006, 20.154969, 26.539462, 44.22794
9.100571, 11.165011, 13.959152, 17.2746004, 19.78262984999999, 25.791337, 44.22794
9.099274000000001, 11.1681305, 13.96009, 17.267904400000003, 19.658904099999994, 25.268505750000013, 44.22794
9.123831, 11.293658, 14.295172, 17.614005, 19.89847249999999, 25.39981671000004, 44.22794
9.105165, 11.203379, 14.104613500000001, 17.431298, 19.71937149999998, 25.464532, 44.22794
9.11081125, 11.20522, 14.04276875, 17.583699300000003, 20.076401949999994, 26.539663190000006, 44.22794
9.08610775, 11.20522, 14.088299, 17.49623, 19.9153104, 25.616439, 40.625286
9.103959999999999, 11.275044000000001, 14.141166, 17.285888, 19.753229, 25.87364843000003, 44.22794
9.1054065, 11.258859, 14.1368125, 17.4411677, 20.027207, 25.386790270000017, 44.22794
8.83475825, 9.016159, 9.38010575, 10.907788, 11.853519, 14.02532222000003, 98.39538312982363
8.828682, 9.015366, 9.361704, 10.85506, 11.774921, 13.787291719999999, 35.734803
8.835158, 9.01672, 9.390567, 10.893935, 11.7750972, 14.163173, 37.448702
8.835773, 9.017722, 9.379739, 10.890375700000002, 11.799996699999998, 13.787287, 35.734803
8.783974500000001, 9.046309, 10.197348, 11.651476, 12.42317635, 14.824984, 26.889073
8.7909, 9.060682, 10.237786, 11.64915, 12.460371, 14.902097389999952, 26.889073
8.785802, 9.056102, 10.200565, 11.580493, 12.38062, 14.757073, 26.889073
8.78643225, 9.050637, 10.230684, 11.696501, 12.465651399999997, 14.831535, 26.889073
8.78904, 9.048128, 10.21619925, 11.625699, 12.439778, 14.944267119999985, 26.889073
8.78191575, 9.046309, 10.196786, 11.623748, 12.404542, 14.804108819999982, 19.393533
8.783667, 9.0505645, 10.220941, 11.646801, 12.457105, 15.240095439999946, 26.889073
8.790575, 9.055464, 10.215759, 11.659932, 12.496500499999996, 14.901789, 26.889073
8.786741, 9.053087, 10.223743, 11.660993, 12.471264, 14.953882, 26.889073
8.784652, 9.05268, 10.205052, 11.617009300000001, 12.420386, 14.801217, 26.889073
8.731481, 9.082403, 10.52586, 12.048465, 13.206432, 16.606196, 38.813544
8.72435, 9.069224, 10.48223, 11.979424300000005, 13.112201, 16.604807, 38.813544
8.724405, 9.069317, 10.504042, 11.986630600000002, 13.151082, 16.609178, 38.813544
8.729379, 9.083649, 10.52949925, 11.992856, 13.137638599999999, 16.44275985999996, 38.813544
8.73045475, 9.078045, 10.525822, 11.974855, 13.138524, 16.300041599999993, 38.813544
8.731069, 9.079756, 10.522811, 11.9722319, 13.169759249999998, 16.393789, 38.813544
8.725231, 9.071783, 10.509230500000001, 12.015373, 13.135516249999998, 16.680769, 38.813544
8.646536, 9.129338, 10.812846, 12.448787, 14.06229875, 17.844506, 38.813544
8.64738, 9.140724, 10.787681, 12.4741425, 14.062389, 17.78608, 38.813544
8.646227, 9.119783, 10.792584, 12.396406, 13.96309, 17.872018, 38.813544
8.648044, 9.128838, 10.817596, 12.45322, 14.015086, 17.547577, 38.813544
8.7257525, 9.06386, 10.49902025, 11.979360900000003, 13.15073615, 16.348599589999996, 38.813544
8.72594825, 9.0744545, 10.507699, 11.927775300000006, 13.014609, 16.37829821999999, 38.404747
8.7265145, 9.066426, 10.52494225, 11.983828, 13.112746699999999, 16.829082, 38.813544
8.726923, 9.070002500000001, 10.5012765, 11.977664, 13.150815, 16.605728, 38.813544
8.7290675, 9.082478, 10.504048, 11.98441, 13.123307449999997, 16.571005939999992, 38.813544
8.72694, 9.0808955, 10.49317975, 12.006062, 13.182134599999998, 16.468585, 38.813544
8.72580975, 9.069861, 10.50347925, 12.021884300000002, 13.138524, 16.576445, 38.813544
8.72238075, 9.062144, 10.486332749999999, 11.95326360000001, 13.122552699999998, 16.576445, 38.813544
8.73049575, 9.079332, 10.513517, 11.99404800000001, 13.135516249999998, 16.348581, 38.813544
8.790314, 9.053267, 10.214038, 11.617003, 12.375398, 14.932686829999989, 26.889073
8.789552, 9.061763, 10.258294, 11.66043, 12.413306599999995, 15.021127, 26.889073
8.786584, 9.05342, 10.23364975, 11.638546, 12.460371, 14.995983, 26.889073
8.784751, 9.049898, 10.20143925, 11.655011400000006, 12.43980465, 14.932628, 26.889073
8.785803, 9.059039, 10.223942, 11.628587, 12.451222, 14.96492, 26.889073
8.781669, 9.0440595, 10.21423225, 11.668427, 12.451222, 15.049837599999993, 26.889073
8.789157, 9.059024, 10.2179475, 11.633763, 12.423094, 14.932628, 26.889073
8.785803, 9.050492, 10.212233, 11.636587100000005, 12.423094, 14.932686829999989, 26.889073
8.78691, 9.0619655, 10.230986, 11.663583, 12.465767099999995, 15.049793, 26.889073
8.790985, 9.054359, 10.242432, 11.669898, 12.490727, 15.027702, 26.889073
8.786217, 9.050971, 10.200366, 11.649208500000002, 12.476371, 14.938511, 26.889073
8.786481250000001, 9.0508185, 10.2155, 11.670335, 12.474753, 15.027702, 26.889073
8.726146, 9.07647, 10.52081875, 11.9646381, 13.081052, 16.615886, 38.813544
8.7253045, 9.06785, 10.51060025, 11.978457300000006, 13.112201, 16.593917, 38.404747
8.731435, 9.082332, 10.50805325, 11.977664, 13.155389, 16.44275985999996, 38.813544
8.790794, 9.053234, 10.233688, 11.642939, 12.426091, 14.902097389999952, 26.889073
8.83438325, 9.012178, 9.371872, 10.8748845, 11.833089, 14.094339, 37.448702
8.83646175, 9.01923, 9.369055, 10.861652399999999, 11.7547539, 13.807219189999929, 37.448702
8.787709, 9.0577405, 10.2296485, 11.61575, 12.3847474, 14.783024, 26.889073
8.790672, 9.0584835, 10.2307595, 11.640647, 12.472115, 14.96492, 26.889073
8.785227, 9.047141, 10.19702925, 11.6237487, 12.413306599999995, 14.831535, 26.889073
8.786413, 9.047295, 10.2116735, 11.673554, 12.524979, 15.27753, 26.889073
8.785754, 9.054426, 10.2081415, 11.642149000000002, 12.424741, 14.901789, 26.889073
8.779927, 9.050419, 10.20963775, 11.640647, 12.388296, 14.932628, 26.889073
8.786217, 9.050122, 10.20198, 11.654542, 12.474753, 14.944267119999985, 26.889073
8.786504, 9.054016, 10.217979, 11.638546, 12.460371, 14.801244799999996, 26.889073
8.785754, 9.0530395, 10.22029575, 11.6609012, 12.469874149999999, 14.822824, 26.889073
8.78437, 9.057212, 10.257808, 11.6699417, 12.474753, 15.027702, 26.889073
8.785227, 9.050419, 10.202244, 11.654542, 12.469801, 15.021127, 26.889073
8.78437, 9.046104, 10.23804825, 11.646870900000001, 12.412934, 14.953992379999983, 26.889073
8.790672, 9.059367, 10.24093625, 11.655011400000006, 12.469801, 15.279249049999725, 26.889073
8.78900425, 9.059024, 10.258038, 11.642031, 12.444344, 15.279249049999725, 26.889073
8.781603, 9.042459, 10.205052, 11.623748, 12.444344, 15.021127, 26.889073
8.789595, 9.057212, 10.209485, 11.645967, 12.388296, 14.96523062999995, 26.889073
8.784563, 9.043975, 10.190106, 11.619468, 12.426591749999993, 14.82504950999999, 26.889073
8.78248, 9.042192, 10.199499, 11.6475, 12.457105, 14.901789, 26.889073
8.78904, 9.053782, 10.218304, 11.600619, 12.440311, 14.831535, 26.889073
8.789826999999999, 9.059054, 10.217979, 11.636392, 12.474833899999998, 14.938511, 26.889073
8.788431, 9.049575, 10.229351, 11.658155400000005, 12.490727, 15.054648079999936, 26.889073
8.781596, 9.036714, 10.177093, 11.625699, 12.440484699999997, 14.815179, 26.889073
8.783877, 9.048128, 10.202244, 11.617066, 12.426091, 14.873968019999955, 26.889073
8.78387225, 9.046309, 10.188561, 11.605148, 12.383349, 14.901789, 26.889073
8.7908735, 9.066585, 10.229351, 11.643486600000006, 12.421048, 14.824984, 26.889073
8.785803, 9.053234, 10.220617, 11.633763, 12.42317635, 15.021127, 26.889073
8.789227, 9.0527835, 10.19702925, 11.608409, 12.460624099999997, 14.901789, 26.889073
8.780033, 9.0460625, 10.210096, 11.605303800000003, 12.395973549999999, 14.801217, 26.889073
8.78437, 9.044923, 10.200366, 11.643486600000006, 12.451222, 14.932686829999989, 26.889073
8.78958475, 9.05342, 10.23312, 11.652477600000003, 12.440311, 14.94417, 26.889073
8.7909, 9.052887, 10.2582115, 11.6545562, 12.43980465, 14.873968019999955, 26.889073
8.731171, 9.078375, 10.501912, 11.976188900000004, 13.117741999999998, 16.499532399999886, 38.813544
8.726974, 9.074600499999999, 10.53137925, 12.018876, 13.182134599999998, 16.594025899999984, 38.813544
8.727985, 9.074600499999999, 10.507705, 12.009955, 13.212015, 16.593917, 38.813544
8.7251575, 9.070416, 10.52583475, 12.033296800000004, 13.157059, 16.36108912999997, 38.813544
8.72876025, 9.080207, 10.5286745, 12.018309, 13.257882649999999, 16.821759959999987, 38.813544
8.72641125, 9.072659, 10.537121, 12.019635300000003, 13.150732, 16.37829034999999, 38.813544
8.728749, 9.082381, 10.496456, 11.922084400000006, 12.965422, 16.36115834999996, 38.813544
8.730198, 9.0723425, 10.51923575, 12.006062, 13.10856765, 16.615755, 38.404747
8.7841415, 9.044996, 10.2210625, 11.67544, 12.496500499999996, 14.953992379999983, 26.889073
8.786061, 9.061801, 10.248229, 11.663426, 12.492187, 14.995983, 26.889073
8.781933, 9.045245000000001, 10.210096, 11.629453, 12.444613699999996, 14.932628, 26.889073
8.78580275, 9.05001, 10.223942, 11.648984400000002, 12.449738, 14.901789, 26.889073
8.783858, 9.059024, 10.230986, 11.663426, 12.469801, 14.932686829999989, 26.889073
8.785802, 9.0521515, 10.23364975, 11.688052, 12.478849, 14.995983, 26.889073
8.785522, 9.048128, 10.223743, 11.662098, 12.476494899999999, 14.96492, 26.889073
8.786363999999999, 9.04926, 10.188561, 11.608504600000002, 12.38062, 14.822911109999987, 26.889073
8.785754, 9.050637, 10.211487, 11.662684400000002, 12.502305, 14.953882, 26.889073
8.78544825, 9.0531285, 10.220941, 11.648901, 12.474833899999998, 14.873687, 19.563106
8.786029, 9.053013, 10.210548, 11.646801, 12.449812199999998, 14.815179, 26.889073
8.784649, 9.060496, 10.25528425, 11.659932, 12.531929, 15.093761, 26.889073
8.787855, 9.058169, 10.225062, 11.655011400000006, 12.457268299999997, 14.938567589999991, 26.889073
8.786741, 9.053201, 10.21895275, 11.650524, 12.460371, 14.932628, 26.889073
8.73002975, 9.074508, 10.544236, 12.0519896, 13.1605324, 16.570951, 38.813544
8.72409225, 9.0687465, 10.544115, 12.048261, 13.1605324, 16.385237379999985, 38.813544
8.725472499999999, 9.0697935, 10.501546, 11.974972000000003, 13.151043699999997, 16.604807, 38.813544
8.72694, 9.072390500000001, 10.51686325, 11.973621, 13.077566, 16.606225819999995, 38.404747
8.730201749999999, 9.0909255, 10.54957125, 12.019524, 13.157196249999998, 16.468887259999953, 38.813544
8.72876025, 9.0728635, 10.501383, 11.973583, 13.162858, 16.620502, 38.813544
8.72699075, 9.086446500000001, 10.5198775, 12.025182700000002, 13.157059, 16.395060179999923, 38.404747
8.729527, 9.082836, 10.530705, 12.015373, 13.221502, 16.712506109999886, 38.404747
8.732679, 9.087406000000001, 10.5325545, 12.014736, 13.232685, 16.594025899999984, 38.404747
8.725811, 9.06916, 10.48945525, 11.925936, 12.965422, 16.319874, 38.404747
8.727958, 9.06881, 10.511778, 12.037206300000005, 13.259494, 16.60924507999999, 38.813544
8.7285845, 9.0744545, 10.511778, 11.962881, 13.104661949999997, 16.594035109999982, 38.813544
8.72354925, 9.060868, 10.50404, 12.027377000000001, 13.216741, 16.829082, 38.813544
8.727843, 9.076533000000001, 10.541918, 11.986512, 13.02176325, 16.60481621, 38.404747
8.730403, 9.092599, 10.555646, 12.067202900000002, 13.169048, 16.576725, 38.813544
8.72988, 9.069142, 10.505337, 12.023924500000005, 13.090192199999995, 16.5764478, 38.813544
8.726471, 9.074737, 10.50197725, 12.011501400000007, 13.09725925, 16.44275985999996, 38.813544
8.789633, 9.054419, 10.23445225, 11.662098, 12.451222, 14.995983, 26.889073
8.790794, 9.066410999999999, 10.2582115, 11.652362, 12.413306599999995, 14.831535, 26.889073
8.78856, 9.061801, 10.278019, 11.673554, 12.496195, 15.095220979999766, 26.889073
8.835710500000001, 9.02102, 9.373891, 10.861047, 11.771622849999998, 13.749482, 35.487972
8.829003499999999, 9.016441499999999, 9.368945, 10.875006, 11.761805, 13.862926119999951, 37.448702
8.832149, 9.015073, 9.36692425, 10.850576, 11.749987299999999, 13.980222, 37.448702
8.835314, 9.022345000000001, 9.382814, 10.870679, 11.77998, 14.121396799999982, 37.448702
8.829028000000001, 9.018358, 9.373789, 10.8709129, 11.755004349999998, 13.748449, 37.448702
8.8328945, 9.017828, 9.37272225, 10.839144, 11.7724088, 13.979219, 37.448702
8.83168325, 9.013309, 9.350562, 10.792187, 11.699320299999998, 13.731675429999973, 37.448702
8.8301155, 9.016559, 9.361231, 10.880997, 11.762744849999999, 13.97964285, 37.448702
8.828579000000001, 9.013191, 9.363052999999999, 10.8551553, 11.770969, 14.061738289999981, 37.448702
8.831774, 9.017007, 9.3758995, 10.9074343, 11.778039, 13.980478189999959, 37.448702
8.832101999999999, 9.015316, 9.378039, 10.908232, 11.849125, 14.189961, 37.448702
8.8312005, 9.016223, 9.3842365, 10.940416, 11.840671599999999, 14.037024229999991, 35.734803
8.829834, 9.015861, 9.38246125, 10.8748845, 11.751512199999997, 14.0253507, 35.734803
8.832856249999999, 9.01672, 9.372488, 10.8667645, 11.735091249999998, 13.862658499999995, 37.448702
8.836095, 9.018316500000001, 9.375418999999999, 10.945651, 11.818554249999995, 13.865747619999956, 35.734803
8.831373, 9.014073, 9.382924, 10.8833929, 11.749378, 13.920466849999965, 35.734803
8.835446, 9.017828, 9.383007749999999, 10.883033, 11.80116, 14.025349, 35.487972
8.828353, 9.0171965, 9.37040325, 10.8870733, 11.762739, 13.979899039999959, 35.487972
8.786217, 9.061763, 10.257865500000001, 11.695283, 12.454557, 14.902097389999952, 26.889073
8.783368750000001, 9.05295, 10.215759, 11.640785400000002, 12.384728, 14.804108819999982, 26.889073
8.786481250000001, 9.053068, 10.201259, 11.642121800000002, 12.462983899999998, 14.938511, 26.889073
8.786566749999999, 9.052158, 10.2155, 11.6173565, 12.42317635, 14.873687, 26.889073
8.786566749999999, 9.050971, 10.199499, 11.623943100000005, 12.420386, 14.902097389999952, 26.889073
8.783518, 9.046956, 10.220221, 11.642939, 12.47130655, 14.995983, 26.889073
8.782578, 9.050971, 10.205375, 11.6475, 12.451388749999998, 14.831535, 26.889073
8.789157, 9.053535, 10.229197, 11.643241800000007, 12.490799999999998, 14.932628, 26.889073
8.784519, 9.0534435, 10.202046000000001, 11.6429662, 12.469874149999999, 14.953882, 26.889073
8.784652, 9.052887, 10.2116735, 11.633203200000002, 12.439778, 14.932628, 26.889073
8.78329, 9.053603, 10.210096, 11.623755, 12.443785, 14.995983, 26.889073
8.78856, 9.059925, 10.270339, 11.652477600000003, 12.436106, 14.902097389999952, 26.889073
8.784949, 9.044996, 10.19239, 11.589448, 12.362897949999999, 14.746909, 26.889073
8.791179, 9.0623785, 10.251558, 11.653518, 12.454684399999998, 14.94417, 26.889073
8.78468, 9.050419, 10.223942, 11.659932, 12.502305, 14.953882, 26.889073
8.788015, 9.0508185, 10.23364975, 11.649813900000002, 12.460371, 15.027702, 26.889073
8.78843175, 9.053087, 10.217979, 11.634025900000006, 12.460495199999999, 14.873687, 26.889073
8.789157, 9.05885, 10.254443, 11.6429662, 12.465651399999997, 14.96492, 26.889073
8.726114, 9.068976, 10.51160075, 12.008932, 13.122915599999999, 16.80240376999997, 38.813544
8.73059375, 9.073042000000001, 10.491524250000001, 12.03734730000001, 13.150732, 16.395060179999923, 38.813544
8.728288, 9.0687465, 10.508676, 12.052328, 13.240556, 16.60573268, 38.404747
8.73156525, 9.084214, 10.552202, 12.067789300000014, 13.216864, 16.378229, 38.813544
8.72940575, 9.075604, 10.51938225, 12.018365700000002, 13.126926, 16.620502, 38.813544
8.727486, 9.070328, 10.507188, 12.0147414, 13.122523, 16.61575631, 38.813544
8.7254, 9.065829, 10.50731725, 11.992821, 13.083174049999997, 16.499532399999886, 38.813544
8.73002975, 9.071628, 10.521659, 11.981595, 13.10856765, 16.60924376999999, 38.813544
8.729328, 9.080666, 10.522567, 12.041118, 13.157059, 16.594025899999984, 38.404747
8.730609, 9.078375, 10.52800475, 12.025344000000004, 13.155472499999998, 16.348581, 38.813544
8.726211, 9.07237, 10.525873, 12.074808, 13.240556, 16.620502, 38.813544
8.7285845, 9.0806515, 10.53100875, 11.977714800000001, 13.132498, 16.680998979999966, 38.813544
8.78707, 9.053201, 10.21853, 11.642031, 12.436106, 14.944267119999985, 26.889073
8.784536, 9.05317, 10.210548, 11.6604761, 12.496500499999996, 14.831535, 26.889073
8.790975999999999, 9.065998, 10.240397, 11.662042, 12.47130655, 14.902097389999952, 26.889073
8.7831985, 9.0504555, 10.20198, 11.638363300000002, 12.492692899999993, 14.953882, 26.889073
8.784673, 9.050122, 10.221983, 11.643486600000006, 12.462855, 14.831535, 26.889073
8.77904, 9.046031, 10.165375, 11.6173565, 12.383349, 14.721664, 26.889073
8.790105, 9.0507895, 10.210548, 11.613494, 12.397371, 14.938511, 26.889073
8.78722075, 9.05576, 10.237786, 11.6429662, 12.47130655, 15.093761, 26.889073
8.784007, 9.054412, 10.21229775, 11.619468, 12.443785, 14.901789, 26.889073
8.78343475, 9.04926, 10.225062, 11.617009300000001, 12.395973549999999, 15.449435, 26.889073
8.786217, 9.053049, 10.212233, 11.642121800000002, 12.454557, 14.932686829999989, 26.889073
8.783368750000001, 9.051623, 10.213862, 11.6286736, 12.443785, 14.873687, 19.563106
8.788015, 9.050398, 10.212233, 11.633763, 12.449738, 15.02119274999999, 26.889073
8.781704, 9.0462065, 10.194815, 11.657958, 12.451388749999998, 15.049837599999993, 26.889073
8.78854875, 9.061941, 10.226932, 11.651476, 12.518624, 14.953992379999983, 26.889073
8.78468, 9.0574745, 10.23445225, 11.649813900000002, 12.50278965, 14.938511, 26.889073
8.78904, 9.059052999999999, 10.240888, 11.643211, 12.454557, 14.953882, 26.889073
8.781956, 9.045534, 10.21686, 11.642121800000002, 12.469874149999999, 14.932628, 26.889073
8.7835005, 9.046385, 10.221427, 11.6604761, 12.471264, 14.902097389999952, 26.889073
8.783268499999998, 9.0577405, 10.214986249999999, 11.640647, 12.365706, 14.902097389999952, 26.889073
8.78453175, 9.066585, 10.24051975, 11.657958, 12.476371, 14.995983, 26.889073
8.7911305, 9.069364, 10.279407, 11.6939268, 12.551711, 14.932628, 19.563106
8.8314615, 9.018456, 9.372371, 10.897675, 11.804311, 14.054385209999996, 35.734803
8.783667, 9.047141, 10.21619925, 11.665080800000009, 12.462855, 14.901789, 26.889073
8.785754, 9.0460625, 10.200366, 11.648925900000002, 12.44381295, 14.932686829999989, 26.889073
8.789133249999999, 9.057737, 10.212492, 11.660891, 12.451222, 14.996234439999961, 26.889073
8.78412175, 9.051341, 10.21853, 11.651476, 12.444613699999996, 14.96492, 26.889073
8.785227, 9.053013, 10.257808, 11.669898, 12.490799999999998, 14.82504950999999, 26.889073
8.789632, 9.057887, 10.242552, 11.652362, 12.469801, 15.027702, 26.889073
8.785227, 9.050637, 10.22091625, 11.633203200000002, 12.47130655, 14.873687, 26.889073
8.790539, 9.055901, 10.2307595, 11.6735604, 12.512041, 15.273403, 26.889073
8.787975, 9.0542415, 10.237786, 11.6604761, 12.503486, 14.932628, 26.889073
8.785802, 9.057212, 10.237786, 11.669898, 12.47130655, 14.932628, 26.889073
8.829836, 9.015814, 9.352633749999999, 10.8428234, 11.762856, 13.979637, 37.448702
8.83104375, 9.014187, 9.36494925, 10.842742, 11.705781, 13.596533, 35.734803
8.830983, 9.016228, 9.36658275, 10.860212, 11.7724088, 13.966802, 37.448702
8.834246, 9.0154005, 9.366143, 10.9194022, 11.836901, 14.037002299999994, 37.448702
8.831199, 9.014894, 9.381302, 10.945777399999999, 11.8381167, 13.980222, 37.448702
8.830326, 9.0144475, 9.37307725, 10.8519202, 11.768971149999997, 13.731675429999973, 35.330604
8.832856249999999, 9.018023, 9.378039, 10.9219121, 11.8255642, 13.85159, 37.448702
8.83534075, 9.018132, 9.377847, 10.897305, 11.78065595, 14.0253507, 37.448702
8.83148775, 9.014486, 9.36679575, 10.8709136, 11.747338, 13.775378, 37.448702
8.83279475, 9.014682, 9.375854, 10.8721277, 11.769001999999997, 14.0253507, 37.448702
8.832666, 9.015523, 9.367601, 10.8709136, 11.778166749999999, 13.85159, 37.448702
8.829852, 9.015513, 9.375045499999999, 10.9009817, 11.7944575, 13.980222, 35.487972
8.837090750000002, 9.0194525, 9.37501, 10.918776800000002, 11.816041149999993, 13.787759, 37.448702
8.83172075, 9.0124405, 9.36692, 10.857567, 11.737039849999999, 13.780336209999987, 37.448702
8.83424125, 9.017292999999999, 9.3708815, 10.8938288, 11.7637551, 13.980222, 37.448702
8.78962275, 9.064119999999999, 10.211487, 11.63261, 12.4204191, 14.757073, 19.563106
8.783395, 9.057744, 10.209485, 11.638343, 12.426091, 14.96492, 26.889073
8.790425, 9.0640875, 10.229351, 11.663426, 12.496195, 14.995983, 26.889073
8.7895155, 9.058798, 10.214815, 11.642031, 12.451222, 14.815179, 26.889073
8.781933, 9.0530215, 10.2459785, 11.657958, 12.460371, 14.873968019999955, 26.889073
8.784751, 9.055901, 10.242552, 11.659932, 12.478849, 14.953882, 26.889073
8.789424, 9.059925, 10.240397, 11.638756100000004, 12.449738, 15.049793, 26.889073
8.78417975, 9.054306, 10.230684, 11.642031, 12.440311, 14.94417, 26.889073
8.727295, 9.0764225, 10.532537, 11.984916400000003, 13.077162249999999, 16.681796309999836, 38.813544
8.72461575, 9.079332, 10.53136175, 12.027377000000001, 13.241438, 16.843232269999998, 38.813544
8.724109, 9.06608, 10.4913025, 11.981595, 13.189383, 16.609178, 38.813544
8.728288, 9.0744545, 10.529027, 11.987698, 13.177114599999998, 16.335933529999977, 38.813544
8.650438, 9.135331, 10.819754, 12.426273, 13.974773949999992, 17.629720109999976, 38.813544
8.64686075, 9.116036, 10.794076, 12.430775, 14.062613, 17.802213, 38.813544
8.652968, 9.1462405, 10.849925, 12.497086700000004, 14.095492549999998, 17.786971, 38.813544
8.644595500000001, 9.129338, 10.831342, 12.4361022, 14.027751549999996, 17.8129, 38.813544
8.646682, 9.14294, 10.831699, 12.467011, 14.027751549999996, 17.78608, 38.813544
8.651396, 9.156649, 10.857229, 12.480622100000003, 14.076976, 17.663793, 38.813544
8.646881, 9.118738, 10.792518, 12.426273, 14.015086, 17.66415111999994, 38.813544
8.644131, 9.116567, 10.78818, 12.352727500000004, 13.93484, 17.708369, 38.813544
8.644217, 9.119646, 10.803367999999999, 12.424528800000004, 14.057811, 17.888042, 38.813544
8.642812500000002, 9.141917, 10.803728, 12.411373, 13.94032, 17.69964492999999, 38.813544
8.645800000000001, 9.135627, 10.813056, 12.429064, 13.994813, 17.8129, 38.813544
8.643807, 9.107911, 10.79752375, 12.456485, 14.062613, 17.888042, 38.813544
8.72580975, 9.076511, 10.511915, 12.034735, 13.139181, 16.606196, 38.813544
8.7271585, 9.083861, 10.501164750000001, 11.9723777, 13.087696, 16.348581, 38.813544
8.723297, 9.059039, 10.49817, 11.979360900000003, 13.097641699999993, 16.394581, 38.813544
8.727053, 9.078448999999999, 10.545409, 12.095679, 13.266509, 16.60481621, 38.813544
8.7311725, 9.085414, 10.52586325, 12.015427200000001, 13.15073615, 16.394581, 38.813544
8.729343, 9.084567, 10.538125749999999, 11.992927000000002, 13.13767145, 16.306578, 38.813544
8.789595, 9.067575, 10.237786, 11.671043, 12.518624, 15.021127, 26.889073
8.78765875, 9.057744, 10.237786, 11.651476, 12.454684399999998, 14.995983, 26.889073
8.78437, 9.052887, 10.215814, 11.6429662, 12.397729549999994, 14.953992379999983, 26.889073
8.784536, 9.0530215, 10.223743, 11.678967, 12.530343, 15.449435, 26.889073
8.789595, 9.064097, 10.243421, 11.650619200000003, 12.397371, 14.721813599999976, 26.889073
8.78843175, 9.053013, 10.209485, 11.648925900000002, 12.423094, 14.873687, 26.889073
8.788897, 9.054797, 10.221983, 11.646801, 12.420386, 15.027922909999964, 19.563106
8.78417975, 9.052887, 10.215759, 11.625987800000006, 12.454684399999998, 14.902097389999952, 26.889073
8.784007, 9.047295, 10.20749, 11.597518, 12.42317635, 14.831535, 26.889073
8.78196, 9.0514865, 10.24276925, 11.651564600000002, 12.436106, 14.96492, 26.889073
8.78703, 9.050234, 10.19016225, 11.622074, 12.423094, 15.049793, 26.889073
8.783877, 9.0503265, 10.229351, 11.670335, 12.465433, 14.996234439999961, 26.889073
8.78250475, 9.054412, 10.224222, 11.64915, 12.404961599999993, 15.02119274999999, 26.889073
8.7890565, 9.065479499999999, 10.230684, 11.654542, 12.465433, 14.953992379999983, 26.889073
8.788897, 9.054306, 10.223792750000001, 11.6170923, 12.38062, 14.815179, 19.563106
8.78468, 9.059038000000001, 10.199595, 11.633141, 12.449738, 14.746909, 19.563106
8.789633, 9.060942, 10.223651, 11.668427, 12.465651399999997, 14.996234439999961, 26.889073
8.783448, 9.046309, 10.199381, 11.638343, 12.38062, 14.824984, 26.889073
8.78580275, 9.047103, 10.229197, 11.640647, 12.436289599999999, 14.873687, 26.889073
8.830135, 9.0162295, 9.36742, 10.9026869, 11.764251, 14.163179739999999, 37.448702
8.788015, 9.046512, 10.200565, 11.6170923, 12.420386, 15.02119274999999, 26.889073
8.784949, 9.045009, 10.214815, 11.642031, 12.4204191, 14.815179, 26.889073
8.785754, 9.048488500000001, 10.217979, 11.638756100000004, 12.3959, 14.873687, 26.889073
8.788515, 9.063528, 10.258294, 11.629453, 12.440311, 14.873968019999955, 26.889073
8.784673, 9.052158, 10.2296485, 11.640785400000002, 12.421048, 14.96523062999995, 26.889073
8.784949, 9.05303, 10.215979, 11.662042, 12.462855, 14.815255449999988, 26.889073
8.789632749999999, 9.059052, 10.246592, 11.662042, 12.472115, 14.953882, 26.889073
8.782578, 9.048323, 10.229197, 11.648901, 12.421048, 14.995983, 26.889073
8.791982, 9.053467, 10.236745, 11.664709, 12.496195, 14.96492, 26.889073
8.785038, 9.046309, 10.19068925, 11.622241400000004, 12.460371, 14.822824, 26.889073
8.788431, 9.046031, 10.21556475, 11.638363300000002, 12.444613699999996, 14.96492, 26.889073
8.784536, 9.05001, 10.202244, 11.646120300000003, 12.457105, 14.901789, 26.889073
8.790985, 9.063528, 10.253739, 11.653518, 12.472246899999998, 14.995983, 26.889073
8.79090375, 9.059054, 10.254443, 11.670405800000001, 12.474753, 14.96523062999995, 26.889073
8.783204, 9.045826, 10.205375, 11.642939, 12.424808499999997, 14.873687, 26.889073
8.786741, 9.064119999999999, 10.278019, 11.680852, 12.530343, 14.932628, 26.889073
8.785015, 9.048128, 10.199499, 11.617790400000004, 12.37553, 14.831535, 26.889073
8.788897, 9.057744, 10.233637, 11.678967, 12.529579199999999, 14.96492, 26.889073
8.78703, 9.052887, 10.2307595, 11.652362, 12.460495199999999, 14.831956519999933, 26.889073
8.789227, 9.053603, 10.21078275, 11.642939, 12.397371, 14.822824, 26.889073
8.78904, 9.05303, 10.211487, 11.661097900000001, 12.474753, 14.824984, 26.889073
8.72525, 9.076331, 10.542297, 11.998687800000006, 13.135562849999998, 16.571005939999992, 38.813544
8.729998, 9.082764, 10.543721, 12.048465, 13.252541, 16.499532399999886, 38.404747
8.730107, 9.078448999999999, 10.503684, 11.993566, 13.177250699999997, 16.821686, 38.404747
8.73133425, 9.077864, 10.51504375, 12.00186980000001, 13.042322, 16.442499, 38.813544
8.642314, 9.117858, 10.816158, 12.453529, 14.039873, 17.629572, 38.813544
8.649238, 9.145338, 10.830662, 12.474183, 14.078328, 17.80231986999998, 38.813544
8.649633, 9.134619, 10.801736, 12.413431, 13.964287549999996, 17.703598, 38.813544
8.646227, 9.127029, 10.80250575, 12.436074, 14.021462, 17.66415111999994, 38.813544
8.646902, 9.124901, 10.82114, 12.478235900000005, 14.039873, 17.922076719999986, 38.813544
8.649534, 9.1377375, 10.803248, 12.42623, 14.027751549999996, 17.92199, 38.813544
8.646227, 9.135627, 10.803248, 12.429064, 14.009391, 17.844506, 38.813544
8.644217, 9.126562, 10.814858, 12.442805, 14.015086, 17.793979169999986, 38.813544
8.648381749999999, 9.139831, 10.833083, 12.447581, 14.071029949999996, 17.793896, 38.813544
8.652538, 9.14294, 10.852333, 12.512249, 14.113835, 17.888042, 38.813544
8.646602, 9.1278, 10.801870000000001, 12.439813, 14.039873, 17.8129, 38.813544
8.642493, 9.117858, 10.784825, 12.434019, 14.09337, 17.844506, 38.813544
8.647676, 9.154926, 10.821458, 12.444263, 14.062294, 17.793896, 38.813544
8.64187725, 9.126562, 10.795076, 12.4741425, 14.062613, 17.699605, 38.813544
8.6474265, 9.140626000000001, 10.7942225, 12.408001, 14.039873, 17.703645709999993, 38.813544
8.6452335, 9.117393, 10.7886045, 12.390644, 13.960113, 17.69964492999999, 38.813544
8.64305, 9.10919, 10.792782, 12.4189413, 14.099284, 17.708369, 38.813544
8.644131, 9.116567, 10.796270750000001, 12.42623, 14.059407, 17.703598, 38.813544
8.649534, 9.127029, 10.7886045, 12.439813, 14.057811, 17.786971, 38.404747
8.646164, 9.110415499999998, 10.783066, 12.378146, 13.967338, 17.699605, 38.813544
8.64738, 9.127385, 10.79327075, 12.436074, 14.062389, 17.78704024999999, 38.813544
8.646902, 9.118738, 10.792518, 12.436074, 13.94032, 17.66415111999994, 38.813544
8.64633225, 9.111909, 10.788229000000001, 12.390644, 13.884972, 17.708369, 38.813544
8.64738, 9.119585, 10.7886045, 12.429641, 13.990885, 17.802213, 38.813544
8.728245, 9.084606, 10.541135, 12.023483, 13.189907099999992, 16.605728, 38.813544
8.726526, 9.06711, 10.52081875, 11.992856, 13.157059, 16.594025899999984, 38.813544
8.729308, 9.070435, 10.53268325, 11.9722319, 13.07563525, 16.316803969999985, 38.404747
8.733491, 9.0881875, 10.550321, 12.051000700000003, 13.220344899999999, 16.604807, 38.404747
8.728526, 9.076722, 10.52081875, 12.0148483, 13.230245399999998, 16.680769, 38.813544
8.7257525, 9.081641999999999, 10.550668, 12.022684700000003, 13.186126399999985, 16.711789, 38.813544
8.727958, 9.07109, 10.50356825, 11.962881, 13.042683049999996, 16.57661971999997, 38.404747
8.729527, 9.080837500000001, 10.523224, 12.048524400000005, 13.185148, 16.61575631, 38.404747
8.729998, 9.07109, 10.51274125, 12.028016, 13.185359749999996, 16.615755, 38.813544
8.72435, 9.070051, 10.48223, 12.006062, 13.117860399999998, 16.61575631, 38.813544
8.729328, 9.080837500000001, 10.542373, 12.018365700000002, 13.219887850000001, 16.78368708999997, 38.813544
8.728171, 9.074600499999999, 10.520816, 11.992856, 13.220344899999999, 16.498811, 38.813544
8.726952, 9.070136999999999, 10.46312625, 11.971194, 13.082942, 16.60573268, 38.813544
8.730459, 9.082764, 10.519274, 11.977664, 13.122915599999999, 16.39379692, 38.404747
8.727066, 9.082926, 10.52880625, 12.030261, 13.150732, 16.5764478, 38.813544
8.727486, 9.088057, 10.538198, 12.027377000000001, 13.232685, 16.594039789999982, 38.813544
8.726931, 9.073067, 10.520816, 12.011142, 13.112988, 16.5764478, 38.404747
8.72706275, 9.068683, 10.497367, 11.9928245, 13.216741, 16.570951, 38.813544
8.73061, 9.076722, 10.528691, 12.018309, 13.1605324, 16.35054475999998, 38.813544
8.72435, 9.0605945, 10.494682749999999, 11.964613, 13.11222765, 16.38437187, 38.813544
8.784673, 9.046309, 10.21806025, 11.638546, 12.42317635, 14.832237539999888, 26.889073
8.784411, 9.048323, 10.20749, 11.638756100000004, 12.413306599999995, 14.803997, 26.889073
8.785227, 9.0484915, 10.25817675, 11.617329, 12.457268299999997, 14.873687, 26.889073
8.78468, 9.054359, 10.229197, 11.650524, 12.476371, 14.94417, 26.889073
8.78468, 9.051636, 10.225062, 11.6711205, 12.469801, 15.273403, 26.889073
8.789424, 9.04926, 10.199499, 11.625987800000006, 12.413306599999995, 14.804108819999982, 26.889073
8.78904, 9.059052, 10.214038, 11.633141, 12.424808499999997, 14.801356619999977, 26.889073
8.77972, 9.039738499999999, 10.1649955, 11.592796, 12.375398, 14.831535, 19.563106
8.784022, 9.057744, 10.224222, 11.6326631, 12.404542, 14.831535, 26.889073
8.784536, 9.05295, 10.213906000000001, 11.64915, 12.502305, 15.054253, 26.889073
8.832920000000001, 9.02101, 9.380774, 10.887859, 11.784788, 13.862658499999995, 37.448702
8.834168, 9.018179, 9.362739, 10.883279, 11.774978, 13.72568, 35.734803
8.830292, 9.014253, 9.391304, 10.886857, 11.787543799999995, 13.94243, 37.448702
8.834774, 9.0172815, 9.3717415, 10.8576402, 11.688052, 13.865747619999956, 37.448702
8.830256, 9.014152, 9.3675315, 10.8616732, 11.7494049, 13.731506, 37.448702
8.8345055, 9.0161525, 9.365498, 10.837951, 11.7637551, 13.966930349999979, 37.448702
8.8347545, 9.021377999999999, 9.385595, 10.9060333, 11.855272, 13.892522029999954, 37.448702
8.83155925, 9.017119, 9.38942825, 10.898198599999999, 11.7866766, 14.025664819999976, 35.734803
8.83169, 9.0133755, 9.37240025, 10.875123, 11.749923200000001, 13.640810209999987, 37.448702
8.83455175, 9.017252500000001, 9.387922, 10.925744, 11.8011144, 14.022834, 37.448702
9.09862, 11.207168, 13.995511, 17.405246500000004, 19.796281999999984, 25.397983009999997, 101.54278803125236
9.149227, 11.289213499999999, 14.1522215, 17.562774500000003, 20.027207, 25.677274, 39.815707
9.078642499999999, 11.1633355, 13.95428675, 17.257813300000002, 19.878328, 25.56984564000001, 44.22794
9.11540925, 11.245794, 14.092094, 17.379265, 19.675714, 25.67922264000004, 38.509309
9.09992825, 11.135735, 14.07293, 17.457576700000004, 19.935798, 25.678368970000026, 44.22794
9.11579025, 11.207654, 14.08532025, 17.325111, 19.718137, 25.786771, 40.625286
9.11019, 11.261879, 14.09653, 17.364599, 19.879291099999985, 26.508652, 44.22794
9.111456, 11.197364, 14.089027, 17.241367, 19.819811, 25.386125990000004, 40.625286
9.084905749999999, 11.159738, 14.13640275, 17.412054, 19.87902209999999, 25.908130130000025, 44.22794
9.087308, 11.182695500000001, 14.036263, 17.379265, 19.935798, 26.559581, 44.22794
9.078642499999999, 11.1978495, 14.03297575, 17.365665600000003, 19.718137, 25.872219, 44.22794
9.106745, 11.243435999999999, 13.917878, 17.321316600000003, 19.781869, 25.018097, 44.22794
9.118879999999999, 11.259612, 14.0071025, 17.4489783, 20.007928, 25.87248711000001, 44.22794
9.097933, 11.347068, 14.09860675, 17.5878465, 19.897960549999997, 26.460815, 44.22794
9.111305, 11.213649499999999, 13.9426645, 17.2649514, 19.99185975, 25.335422140000027, 44.22794
9.131117, 11.254216, 14.08434075, 17.291438, 19.605813199999996, 25.464532, 40.625286
9.1107275, 11.245794, 14.11218775, 17.299052, 19.966418, 25.786771, 44.22794
9.116177, 11.197101, 13.971927, 17.3209431, 19.679914349999994, 25.607038, 44.22794
9.116303, 11.2205725, 14.06563125, 17.452695, 19.97643759999998, 25.87213881, 44.22794
8.650438, 9.134162, 10.801736, 12.434224500000001, 13.935113999999995, 17.28495662, 38.813544
8.646259, 9.12794, 10.83337975, 12.448787, 14.0770436, 18.052882, 38.813544
8.656440499999999, 9.129782, 10.77084875, 12.4445948, 14.105016, 18.23399394000002, 38.404747
8.7957015, 9.050426, 10.213072749999998, 11.658155400000002, 12.343230300000002, 14.527426, 19.563106
8.7802005, 9.0392025, 10.19962725, 11.583639, 12.38062, 14.757654060000013, 19.563106
8.78383525, 9.049954, 10.20513275, 11.649735, 12.443785, 14.747010640000003, 26.889073
8.79078275, 9.040512, 10.20302675, 11.63261, 12.32963855, 14.953882, 19.393533
8.781596, 9.055819, 10.201259, 11.6704058, 12.5484069, 15.027702, 26.889073
8.784552, 9.043728, 10.2296485, 11.640647, 12.4604952, 14.736624, 18.865024
8.78237525, 9.0542415, 10.2081415, 11.651680200000001, 12.440311, 14.803997, 18.66297
8.859321, 8.9913515, 9.1643025, 9.413414, 9.8435169, 11.74991429999998, 37.448702
8.863937, 9.001172, 9.171639249999998, 9.424178399999999, 9.91334975, 11.934917219999944, 37.448702
8.79304175, 9.0640645, 10.269875, 11.696501, 12.5402739, 15.0544089500001, 26.889073
8.7779715, 9.038269, 10.18240825, 11.654542, 12.44381295, 14.801217, 26.889073
8.775968, 9.0459035, 10.19960425, 11.5931526, 12.277578400000001, 14.996300190000008, 26.889073
8.791952, 9.067211, 10.220221, 11.5929948, 12.413306600000002, 14.74159666, 19.393533
8.78069225, 9.03675, 10.139058, 11.601227700000003, 12.38366815, 14.832237540000015, 26.889073
8.7799235, 9.049117500000001, 10.2307595, 11.642031, 12.4498122, 15.681055, 26.889073
8.784436249999999, 9.050363, 10.21556475, 11.662098, 12.460842500000002, 15.093761, 26.889073
8.773277, 9.045887, 10.20198, 11.615418, 12.38156, 14.932686830000002, 19.393533
8.78020175, 9.046474, 10.258087750000001, 11.6468709, 12.385381, 14.757332510000007, 19.563106
8.782893, 9.045928499999999, 10.1619975, 11.605675600000005, 12.38512925, 14.741543, 18.66297
8.791364249999999, 9.070316, 10.237786, 11.6686178, 12.5252472, 14.932628, 18.865024
8.784614, 9.0453925, 10.2035555, 11.608409, 12.32946965, 14.528068130000014, 19.563106
8.787855, 9.059210499999999, 10.19016225, 11.6492085, 12.491328300000001, 14.873968020000007, 19.563106
8.793776, 9.08343, 10.314725, 11.6222421, 12.424741, 14.95430301000001, 19.563106
8.78453175, 9.045245000000001, 10.282606000000001, 11.663426, 12.460842500000002, 14.83195652000001, 19.563106
8.78579, 9.045959, 10.23364975, 11.6634417, 12.477088800000002, 14.873687, 26.889073
8.785933, 9.0613715, 10.30446625, 11.6609012, 12.462855, 14.944267120000001, 19.563106
8.784022, 9.067734000000002, 10.21556475, 11.628673599999999, 12.398149150000002, 15.027967510000005, 26.889073
8.786701749999999, 9.047122, 10.200415750000001, 11.6636956, 12.54034565, 15.53859697000003, 19.563106
8.792757, 9.059052999999999, 10.176105, 11.6320817, 12.405334200000002, 14.633123890000018, 26.889073
8.782034750000001, 9.045826, 10.22029575, 11.629453, 12.470048600000002, 14.646752680000017, 26.889073
8.78005425, 9.039217, 10.154681499999999, 11.6699417, 12.444344, 14.822824, 26.889073
8.795490749999999, 9.0756875, 10.2698985, 11.654684, 12.439804650000001, 14.87459933000002, 18.865024
8.789987, 9.046347, 10.206903, 11.643241800000002, 12.343230300000002, 14.815255450000002, 26.889073
8.78493125, 9.028917499999999, 10.15508375, 11.601669500000002, 12.353979700000002, 14.514947050000002, 18.677002
8.786566749999999, 9.0627345, 10.240397, 11.6735604, 12.4632023, 14.803997, 26.889073
8.786515, 9.059367, 10.2580705, 11.642939, 12.385275, 15.056444500000048, 26.889073
8.784614, 9.0516295, 10.200565, 11.595606, 12.380667, 14.632375930000002, 19.563106
8.779996, 9.045801, 10.164901, 11.575614600000002, 12.314144950000001, 14.804206870000005, 19.563106
8.781936, 9.057811999999998, 10.21078275, 11.6492085, 12.4204191, 14.996234440000006, 18.865024
8.791319, 9.058028, 10.28726475, 11.688576000000003, 12.492187, 14.953882, 19.563106
8.781709249999999, 9.046524999999999, 10.221427, 11.6074946, 12.42324385, 14.94417, 26.889073
8.786564, 9.0578155, 10.20198, 11.5733974, 12.366190600000001, 14.995983, 26.889073
8.7944025, 9.07365, 10.28672425, 11.702981000000001, 12.53201085, 15.054253, 26.889073
8.79005175, 9.058028, 10.22029575, 11.6791555, 12.57421715, 14.901789, 19.563106
8.791952, 9.076602000000001, 10.2580705, 11.632023, 12.44051265, 14.825049510000001, 26.889073
8.7841415, 9.045534, 10.190331, 11.6489259, 12.4546844, 15.027922910000004, 19.563106
8.781850500000001, 9.054177, 10.221983, 11.670335, 12.451222, 14.747010640000003, 19.563106
8.778777999999999, 9.0461055, 10.25996675, 11.716342, 12.47130655, 14.803997, 18.865024
8.779035, 9.0533185, 10.211034, 11.597828100000003, 12.32963855, 14.592045810000009, 26.889073
8.78881275, 9.054016, 10.238835, 11.6489259, 12.397124300000003, 14.944267120000001, 19.393533
8.783854000000002, 9.0446745, 10.2210625, 11.653962000000002, 12.53201085, 14.801454670000005, 26.889073
8.779686, 9.042297, 10.237786, 11.6610621, 12.525408350000001, 14.901789, 26.889073
8.794445750000001, 9.067917, 10.25484625, 11.6259878, 12.366322600000002, 14.801356620000002, 18.677002
8.78003175, 9.042297, 10.15443625, 11.579785600000001, 12.36477225, 14.932628, 26.889073
8.7864015, 9.0584835, 10.243562, 11.6492874, 12.513229000000003, 14.965230630000006, 26.889073
8.7943995, 9.059803500000001, 10.2864925, 11.6809618, 12.4248085, 14.96492, 19.563106
8.782561750000001, 9.0457105, 10.202748, 11.646260400000001, 12.51207335, 14.996234440000006, 26.889073
8.798416, 9.062767, 10.2347125, 11.652477600000001, 12.38476065, 14.783345550000007, 26.889073
8.6430295, 9.0866235, 10.742703500000001, 12.4672637, 14.158645049999997, 18.37132169000002, 38.404747
8.6473725, 9.088541, 10.76975, 12.5100025, 14.06230995, 17.61197376, 34.462112
8.653112, 9.159366, 10.801294, 12.429121700000001, 14.066505, 17.88852985000001, 38.813544
8.645282, 9.120355, 10.80152075, 12.402618, 13.863886, 17.414291, 38.404747
8.6474265, 9.1709465, 10.8691675, 12.462853700000004, 14.059531149999998, 17.699644929999998, 34.408771
8.656486750000001, 9.134736, 10.829518, 12.394576, 14.022382549999985, 17.287988, 38.813544
8.64793775, 9.1196155, 10.784825, 12.459889800000001, 14.11706, 17.93096042000001, 38.404747
8.646259, 9.123282, 10.797738, 12.420037200000001, 14.02210664999999, 17.70364571, 26.925837
8.648374749999999, 9.149131, 10.807164, 12.426273, 14.062613, 17.888381480000007, 38.404747
8.6473725, 9.140164, 10.814858, 12.4265152, 14.063018199999995, 18.213537590000033, 38.813544
8.648940499999998, 9.088258, 10.75019975, 12.356788, 13.952062749999996, 17.78608, 38.813544
8.652642, 9.148872, 10.78858425, 12.4310994, 13.99554189999999, 17.699644929999998, 34.462112
8.656072, 9.157954, 10.7726765, 12.449556800000002, 14.095293, 17.872018, 34.408771
8.647616, 9.1426225, 10.805758, 12.345519800000003, 14.062389, 17.844941360000007, 38.404747
8.647031, 9.136206999999999, 10.86192225, 12.5874868, 14.156047, 17.92199, 38.404747
8.64793775, 9.132194, 10.78426325, 12.344364200000001, 13.885285399999995, 17.287988, 38.404747
8.646536, 9.1286245, 10.846322, 12.4401122, 14.066505, 17.92199, 38.813544
8.644498500000001, 9.116944, 10.805081999999999, 12.408338200000001, 14.063715799999997, 17.937987550000027, 38.813544
8.64698325, 9.1096675, 10.7841755, 12.434224500000001, 13.95715, 17.644935220000015, 27.927733
8.6616575, 9.15785, 10.857229, 12.511915, 14.021759099999995, 17.70364571, 38.813544
8.650369999999999, 9.1388105, 10.813056, 12.407502, 13.892181899999986, 17.663793, 38.404747
8.645656500000001, 9.096822, 10.753123500000001, 12.469538, 14.01386649999999, 17.664191050000007, 38.813544
8.66200475, 9.1630905, 10.84562975, 12.4367017, 14.009675749999996, 17.644975150000015, 34.408771
8.643217, 9.1196155, 10.777247, 12.394759, 13.931584749999994, 17.930723650000004, 38.404747
8.64798775, 9.1427105, 10.83787525, 12.453546500000002, 14.105016, 17.644975150000015, 26.469622
8.632861, 9.086532, 10.783371, 12.434019, 14.0770436, 17.845280840000015, 38.813544
8.647031, 9.1552045, 10.83674225, 12.4262361, 14.095293, 17.8129, 27.927733
8.65575675, 9.134975, 10.783547250000002, 12.424528800000001, 13.967338, 18.23399394000002, 38.404747
8.64633225, 9.082908, 10.742042, 12.389659, 13.995826649999985, 17.644383, 38.404747
8.646338, 9.116567, 10.7723875, 12.346427, 13.925738, 17.629914210000006, 34.462112
8.65008375, 9.140916, 10.83300125, 12.498776, 13.990885, 17.629720110000004, 38.813544
8.652538, 9.158868, 10.844076000000001, 12.480766400000002, 14.009994549999991, 17.629572, 34.462112
8.641534, 9.110721, 10.833083, 12.3443185, 13.879439, 17.786971, 38.813544
8.64766575, 9.1496335, 10.81786475, 12.453546500000002, 14.059567299999998, 17.699605, 38.404747
8.643383, 9.1300015, 10.81732525, 12.4477016, 14.156047, 17.802213, 38.813544
8.639088, 9.0728465, 10.743303000000001, 12.342192700000002, 13.935955499999983, 17.665024780000024, 38.813544
8.642266, 9.08719, 10.788663, 12.4205628, 13.983646, 17.699644929999998, 38.813544
8.646227, 9.142875499999999, 10.87267825, 12.4587684, 13.995730049999986, 17.663793, 38.813544
8.641440750000001, 9.117975000000001, 10.83787525, 12.4801973, 13.95715, 17.699644929999998, 38.404747
8.64119275, 9.089833500000001, 10.793105500000001, 12.408001, 13.82667409999996, 17.09756959000002, 38.813544
8.655723, 9.128324, 10.8035005, 12.434897600000003, 14.106434499999994, 18.189378760000007, 38.813544
8.655723, 9.114951, 10.835209, 12.4265152, 14.078328, 17.844506, 38.404747
8.65590825, 9.154926, 10.8382935, 12.533536, 14.158531049999999, 17.80231987, 38.404747
8.643856, 9.1286245, 10.795695, 12.408094900000002, 13.84993524999999, 17.235884, 38.813544
8.78057825, 9.0455075, 10.212233, 11.6289893, 12.502305, 14.938567590000002, 26.889073
8.788920000000001, 9.04832, 10.185192, 11.595606, 12.3808254, 15.093761, 19.563106
8.79120075, 9.0705955, 10.22052, 11.6475, 12.423094, 14.874335240000015, 26.889073
8.787271, 9.041857, 10.210208999999999, 11.650619200000001, 12.512984800000002, 15.511645700000006, 26.889073
8.78383525, 9.05303, 10.17574525, 11.6044838, 12.362809, 14.75751444000001, 26.889073
8.774982, 9.051170500000001, 10.248715, 11.665271600000002, 12.50236405, 14.822911110000003, 26.889073
8.78854875, 9.0514865, 10.2304225, 11.5971292, 12.4604952, 14.965768730000018, 26.889073
8.647031, 9.15817, 10.815183, 12.390250900000002, 14.06423934999999, 18.321207, 34.408771
8.6467505, 9.1275925, 10.788376, 12.344737, 13.907735299999999, 17.872018, 38.813544
8.6659825, 9.137459, 10.805081999999999, 12.442805, 14.062800649999994, 17.844781120000004, 38.404747
8.642314, 9.1191615, 10.79312425, 12.356788, 13.974773949999992, 17.458465180000005, 38.404747
8.656677, 9.118738, 10.764135, 12.3453173, 13.91014165, 17.377305, 34.462112
8.64248875, 9.118738, 10.78328925, 12.279211, 13.868162, 17.703598, 38.404747
8.65663125, 9.1561335, 10.84207425, 12.437000900000003, 13.994813, 17.664191050000007, 38.813544
8.653778, 9.1412175, 10.8014045, 12.394759, 13.916690449999997, 17.663793, 27.927733
8.649245, 9.164226500000002, 10.846322, 12.50979, 14.165558, 17.8129, 38.813544
8.6559285, 9.172169, 10.882892, 12.4297544, 14.039873, 17.699605, 34.462112
8.64882325, 9.142723, 10.774918, 12.45322, 13.961357199999998, 17.629572, 34.408771
8.647674, 9.1192605, 10.770419, 12.419637, 13.869002499999988, 17.538447, 38.813544
8.646122, 9.1399975, 10.801449, 12.391037200000001, 13.888502099999998, 17.538447, 38.404747
8.646682, 9.139159, 10.78969275, 12.429064, 13.960170649999998, 17.630272330000015, 38.813544
8.6563215, 9.1278, 10.797017, 12.394576, 13.963650849999992, 17.53935825000002, 38.813544
8.651435750000001, 9.1274145, 10.742703500000001, 12.3343653, 14.013154, 17.813651420000017, 38.813544
8.639164, 9.096137500000001, 10.788584, 12.4672637, 14.034355, 17.8129, 38.813544
8.639709, 9.1191615, 10.83284825, 12.517288900000002, 14.114364799999992, 17.80231987, 38.813544
8.642424, 9.107911, 10.83327425, 12.346427, 13.785328, 17.470363, 27.927733
8.654853, 9.119783, 10.7996065, 12.361628500000002, 14.013569399999994, 17.47177733000003, 38.404747
8.6473015, 9.0904195, 10.77557975, 12.361628500000002, 13.910396049999996, 17.844506, 34.462112
8.643058, 9.11698, 10.816327, 12.3543703, 13.964635999999992, 18.370511, 38.813544
8.649479249999999, 9.086860999999999, 10.783371, 12.4189413, 14.113835, 17.612674090000016, 38.813544
8.642812500000002, 9.087724, 10.802873, 12.449230300000002, 14.066505, 17.483054, 38.813544
8.647442, 9.162216, 10.84455, 12.6294785, 14.160849999999998, 18.212163610000005, 38.404747
8.646251, 9.126587, 10.79523075, 12.4477016, 13.994813, 17.547577, 38.404747
8.659351, 9.174702, 10.83787525, 12.511915, 14.070622, 17.703598, 38.813544
8.64116175, 9.1263985, 10.788376, 12.434019, 13.983646, 17.53935825000002, 38.813544
8.640530250000001, 9.086715, 10.728981, 12.3560267, 13.89124, 17.458592090000007, 38.813544
8.64116175, 9.096137500000001, 10.78962675, 12.480543, 14.057890799999997, 18.188937, 38.813544
8.645567, 9.140164, 10.8818, 12.5412686, 14.124056699999999, 17.888042, 38.404747
8.643625, 9.1220545, 10.842426, 12.426609800000001, 13.943173749999993, 17.644577100000006, 38.404747
8.640875, 9.0900105, 10.794076, 12.338752, 13.994813, 17.612121870000006, 38.404747
8.7791565, 9.046639, 10.230986, 11.6609012, 12.512984800000002, 15.093761, 19.563106
8.792264, 9.067714, 10.225465, 11.654542, 12.425309250000002, 14.938567590000002, 26.889073
8.860784500000001, 9.0045185, 9.185034, 9.471582199999999, 10.061537799999998, 12.38223143, 35.734803
8.866743249999999, 9.003628, 9.18610675, 9.438148, 9.87239, 11.894766929999996, 37.448702
8.86333275, 9.001446, 9.187348, 9.4615552, 9.974190499999992, 12.003089, 35.734803
8.86332225, 9.0045175, 9.181200500000001, 9.443538799999999, 9.85944285, 11.795411899999996, 35.734803
8.865222249999999, 9.0040565, 9.176628000000001, 9.4409381, 9.92934, 11.816420789999981, 37.448702
8.8723485, 9.0053975, 9.184284250000001, 9.4192923, 9.85096725, 11.810219539999993, 35.734803
8.859445000000001, 9.0036335, 9.18455175, 9.4571323, 9.931451749999997, 11.970524529999995, 37.448702
8.8718465, 9.003468999999999, 9.17731725, 9.4867353, 10.038141749999996, 12.312273, 35.487972
8.862545749999999, 9.002635, 9.17374175, 9.44578, 9.9110968, 11.89822367999999, 35.330604
8.86873375, 9.0078335, 9.18139, 9.4240844, 9.8498015, 11.961167169999998, 37.448702
8.857268, 8.996087, 9.164174749999999, 9.410672, 9.842237099999998, 11.89655337, 35.487972
8.861673, 8.99432, 9.17352425, 9.459293, 9.992015, 11.993687219999996, 24.923449
8.873248, 9.000725, 9.1809545, 9.440626100000001, 9.96183685, 12.316097369999992, 35.330604
8.855483750000001, 9.000226, 9.162221, 9.439427, 9.969540399999998, 12.224163349999978, 35.734803
8.8652065, 9.0087885, 9.1894855, 9.4425307, 10.005764699999997, 12.055604159999973, 35.330604
8.8688655, 9.007629999999999, 9.18817925, 9.4535784, 9.994264399999999, 11.895120679999994, 29.227148
8.86066675, 9.002259500000001, 9.19304275, 9.482517099999999, 10.122240349999998, 12.07249377999995, 16.928153
8.857268, 8.9978155, 9.17596575, 9.4545219, 9.953592299999997, 11.832284659999997, 37.448702
8.86716575, 9.007245000000001, 9.170832, 9.434001, 9.965593249999998, 12.054610679999996, 35.734803
8.8687625, 9.004371500000001, 9.179897500000001, 9.474042, 9.992636349999996, 11.87444791, 16.928153
8.86935725, 9.011964500000001, 9.192287, 9.4667416, 10.0297696, 11.75695889, 35.487972
8.8643685, 9.00021, 9.17617625, 9.422068, 9.884818549999999, 12.315773, 29.227148
8.874375, 9.010473000000001, 9.19031125, 9.453209, 10.038745399999993, 12.223784589999987, 37.448702
8.8667285, 9.006569500000001, 9.1797975, 9.4571145, 10.004416, 12.070439959999998, 35.487972
8.86415575, 9.0016415, 9.1768405, 9.430806, 9.93106605, 11.839379, 24.923449
8.86406325, 8.993105, 9.166974249999999, 9.4381976, 9.941349199999998, 11.903514549999992, 35.734803
8.868323, 8.999015, 9.165537, 9.4381976, 9.940905, 11.8948773, 35.487972
8.86471825, 9.0028115, 9.174791, 9.4463141, 9.973854799999993, 11.961167169999998, 37.448702
8.86572825, 8.9969225, 9.176247, 9.465835, 10.033099, 12.315773, 37.448702
8.8694265, 9.00384, 9.166897, 9.4233548, 9.819708349999997, 11.993545, 35.734803
8.86991025, 9.0061805, 9.187178, 9.4676479, 10.030465, 12.048048669999998, 35.734803
8.8608715, 9.002257499999999, 9.176906, 9.4231981, 9.921006599999997, 12.003089, 37.448702
8.863909, 8.9969225, 9.175689, 9.4726862, 10.069073, 12.071947189999964, 35.734803
8.861583750000001, 9.001824500000001, 9.187956, 9.4408441, 9.969460699999999, 12.257414889999996, 37.448702
8.87230425, 9.0030335, 9.18434225, 9.4658418, 9.94641365, 12.054631639999997, 37.448702
8.86912225, 9.001815, 9.173815999999999, 9.4654971, 10.030810199999998, 12.00816916999999, 37.448702
8.865273, 9.004745499999999, 9.191525500000001, 9.466924, 10.037583799999998, 12.374935949999996, 35.487972
8.863307749999999, 9.004122500000001, 9.18945425, 9.4519932, 9.913476399999999, 11.89655337, 16.112752
8.865466, 8.9981085, 9.18684275, 9.471563699999999, 10.132108, 11.932933869999994, 29.227148
8.86658325, 8.998477999999999, 9.17894175, 9.4211089, 9.881394599999998, 12.00816916999999, 37.448702
8.864711499999999, 9.002635, 9.187348, 9.4654596, 9.916202749999998, 12.049727769999958, 37.448702
8.86857575, 9.007883, 9.19529475, 9.490896999999999, 9.9599212, 11.875231139999995, 37.448702
8.86591075, 9.012518, 9.190376, 9.4737549, 10.079722999999994, 12.328172, 35.487972
8.864058, 9.003514500000001, 9.17256375, 9.428507, 9.89633605, 11.832213, 35.330604
8.872584750000001, 9.013946, 9.1988005, 9.506326, 10.128079, 11.90322, 35.330604
8.860799, 8.990459000000001, 9.17332325, 9.4503632, 9.896291, 11.875261439999996, 35.330604
8.86436425, 9.003908, 9.180151, 9.442784, 9.9727296, 11.961075, 16.295498
8.86332225, 8.99442, 9.1762295, 9.44343, 10.004905999999997, 11.970619969999992, 37.448702
8.870303, 9.002488, 9.177195, 9.4505011, 10.01583859999999, 11.938814469999995, 33.51644
8.85950925, 8.997535, 9.173258, 9.4431285, 10.037369, 11.932546299999998, 35.487972
8.8691, 9.005363, 9.19477775, 9.5065096, 10.269055, 12.070439959999998, 37.448702
8.872364, 9.007407, 9.176846000000001, 9.449913, 10.057917149999996, 12.00816916999999, 37.448702
8.869538, 8.9963475, 9.165839250000001, 9.4308457, 9.933648499999997, 11.739959379999968, 35.330604
8.86332225, 9.0032085, 9.1839495, 9.485157, 10.065806199999997, 11.971293269999977, 35.734803
8.86705975, 9.002202, 9.187316249999999, 9.4221917, 9.913706149999998, 12.073487519999976, 37.448702
8.86309875, 9.003879999999999, 9.170435, 9.440306699999999, 9.97260825, 11.8948773, 35.330604
8.8594985, 9.0064215, 9.17384075, 9.4307663, 9.985579, 12.007767, 35.487972
8.858653, 8.995728, 9.171474, 9.4271899, 9.885056299999997, 11.922318299999997, 37.448702
8.862677, 8.996579, 9.183255, 9.4598416, 9.992884999999998, 11.875033, 35.487972
8.8667285, 8.9975535, 9.1710475, 9.423889299999999, 9.853784649999998, 12.315896989999997, 37.448702
8.862505, 9.00286, 9.180702, 9.476728, 9.974078599999999, 11.939222239999985, 37.448702
8.858625, 8.9981025, 9.170497, 9.420006, 9.92715155, 12.257793649999986, 37.448702
8.86869325, 8.99789, 9.1715515, 9.4457945, 9.985917299999997, 11.815958299999991, 33.51644
8.86838225, 8.999628, 9.173722, 9.4452652, 10.004476299999999, 11.970524529999995, 37.448702
8.865122, 9.001423500000001, 9.16889025, 9.423086099999999, 9.9499455, 12.009912939999948, 37.448702
8.864984250000001, 9.002208, 9.1750155, 9.4338461, 9.92058795, 11.749209169999997, 35.734803
8.872527999999999, 9.006745, 9.19302575, 9.4313164, 9.932986, 12.008393519999984, 24.923449
8.86190025, 9.0021635, 9.174791, 9.4129702, 9.871339949999994, 11.678355569999999, 35.330604
8.86840175, 9.008903, 9.1834685, 9.4664652, 10.0333125, 12.257414889999996, 37.448702
8.864466499999999, 9.004629, 9.18492375, 9.438007599999999, 10.005128, 12.047984, 35.734803
8.869176, 9.0053935, 9.189613, 9.459141, 9.95293145, 11.913264409999998, 37.448702
8.86920475, 9.0027845, 9.16587975, 9.4172246, 9.800583699999999, 11.851628, 35.487972
8.8654565, 8.999000500000001, 9.18332825, 9.4668544, 10.071191749999997, 12.003135779999997, 35.734803
8.872413, 9.005277, 9.181737, 9.4574223, 9.953355749999997, 11.897877, 37.448702
8.866778, 9.0127115, 9.179422500000001, 9.440594, 9.952695099999994, 11.839963979999986, 35.734803
8.869075500000001, 9.0124995, 9.1910445, 9.4716004, 9.933826149999994, 11.809925, 37.448702
8.867031749999999, 9.007857, 9.1925165, 9.463549, 10.092152, 12.055604159999973, 37.448702
8.869183, 9.002894, 9.1727345, 9.41969, 9.911208599999998, 11.897930429999999, 33.51644
8.85973725, 9.005145, 9.1813675, 9.4617531, 10.089431749999997, 11.939259739999985, 35.487972
8.865333249999999, 9.0014275, 9.170997999999999, 9.4347723, 9.823507399999997, 11.739531179999977, 37.448702
8.870301, 9.012169, 9.187956, 9.460509, 9.985930999999997, 12.054631639999997, 37.448702
8.873520000000001, 9.004593, 9.17831225, 9.4637835, 9.949789, 12.075094469999938, 37.448702
8.7911215, 9.0578155, 10.26214525, 11.663926100000001, 12.525207000000002, 15.05610806000004, 18.865024
8.794416, 9.068545, 10.2700615, 11.7206203, 12.4498122, 14.938567590000002, 19.563106
8.790647750000002, 9.050637, 10.202288, 11.682195000000002, 12.5295792, 15.273403, 26.889073
8.78579075, 9.051623, 10.242462, 11.665080800000002, 12.531929, 15.27753, 19.563106
8.783974500000001, 9.053013, 10.251558, 11.6610621, 12.457105, 14.737269930000014, 26.889073
8.781959, 9.0502145, 10.209485, 11.6074468, 12.319536, 14.902156220000009, 26.889073
8.793161, 9.05885, 10.2307595, 11.6743267, 12.477362200000004, 14.747668150000017, 26.889073
8.776072, 9.036152000000001, 10.230684, 11.665080800000002, 12.52358155, 15.098194970000097, 26.889073
8.78281425, 9.050419, 10.251045750000001, 11.662602, 12.454557, 14.746909, 19.563106
8.779626, 9.067292, 10.2213755, 11.5703729, 12.28655395, 15.240095440000006, 19.563106
8.78462975, 9.059239, 10.28594725, 11.6634417, 12.388676200000003, 14.8228456, 26.889073
8.789521500000001, 9.05135, 10.223674, 11.597828100000003, 12.28655395, 14.8228456, 19.563106
8.77972, 9.0516295, 10.2155, 11.653620400000001, 12.465651400000002, 14.965230630000006, 26.889073
8.78450175, 9.045245000000001, 10.212878499999999, 11.583886900000001, 12.436289600000002, 14.96492, 26.889073
8.79422825, 9.065728, 10.220941, 11.6743267, 12.413306600000002, 15.615997, 19.563106
8.7791565, 9.0456285, 10.16221075, 11.607931, 12.440311, 14.953992380000003, 19.563106
8.78334175, 9.050419, 10.20848925, 11.615907900000002, 12.423094, 14.938567590000002, 19.563106
8.789180250000001, 9.0557355, 10.258294, 11.6718925, 12.50278965, 14.938567590000002, 26.889073
8.781959, 9.0462015, 10.172677, 11.569809600000003, 12.2989318, 14.71315264000001, 26.889073
8.787138500000001, 9.050122, 10.184530500000001, 11.607978800000001, 12.426591750000002, 14.44974481000001, 26.889073
8.783204, 9.03708, 10.183768, 11.574715800000002, 12.338567900000001, 14.64925025000002, 26.889073
8.78856, 9.065288, 10.20798875, 11.6006854, 12.383360450000001, 14.757332510000007, 26.889073
8.790938, 9.0687925, 10.249244000000001, 11.6468709, 12.5402739, 14.823332630000012, 18.677002
8.787855, 9.050637, 10.14652425, 11.6242382, 12.44408265, 15.054253, 19.563106
8.789133249999999, 9.050122, 10.1748495, 11.601283, 12.365706, 14.815255450000002, 26.889073
8.79273875, 9.088055, 10.257808, 11.6489259, 12.444854650000002, 15.056444500000048, 26.889073
8.78463975, 9.067948, 10.24650925, 11.607978800000001, 12.3781671, 15.021127, 19.563106
8.7998645, 9.06785, 10.19131525, 11.6704058, 12.4923874, 15.592062110000018, 26.889073
8.78881275, 9.0497585, 10.193053749999999, 11.606706, 12.47130655, 15.021413660000006, 26.889073
8.787180750000001, 9.040636, 10.186627, 11.597439300000001, 12.318305, 14.54376458000001, 26.889073
8.784652, 9.08048, 10.3356765, 11.709575000000001, 12.4699167, 14.953882, 26.889073
8.784579749999999, 9.065998, 10.25528425, 11.679502900000001, 12.518868200000002, 15.0498376, 26.889073
8.78691, 9.052158, 10.22103775, 11.6429662, 12.420521400000002, 14.815277050000002, 18.865024
8.779619, 9.046099, 10.221427, 11.6173062, 12.566419, 14.831535, 26.889073
8.794445750000001, 9.0673525, 10.220941, 11.617604, 12.3816609, 14.95430301000001, 19.563106
8.78462075, 9.0613335, 10.19016225, 11.6259878, 12.451222, 14.832237540000015, 18.677002
8.790672, 9.06199, 10.251558, 11.7201453, 12.6060653, 15.021127, 18.865024
8.78472625, 9.048222500000001, 10.211487, 11.636392, 12.534371100000003, 15.449435, 26.889073
8.780374, 9.0419095, 10.22074675, 11.6085046, 12.503217400000002, 14.75751444000001, 26.889073
8.780799, 9.042624, 10.2264675, 11.6460504, 12.4211503, 14.996234440000006, 19.563106
8.786061, 9.061941, 10.2385615, 11.584302, 12.3351419, 14.736828490000006, 18.865024
8.785503250000001, 9.0533435, 10.167625999999998, 11.559745600000001, 12.4211503, 14.938664710000003, 19.393533
8.78464, 9.0537985, 10.167797, 11.650707800000001, 12.38512925, 14.804185270000005, 18.66297
8.79084675, 9.054359, 10.2808485, 11.6719916, 12.378038, 14.944377500000003, 26.889073
8.794307, 9.071950000000001, 10.258465, 11.688052, 12.512688, 15.59422012000002, 18.677002
8.788326999999999, 9.030081, 10.185127000000001, 11.6332032, 12.4248085, 14.965230630000006, 26.889073
8.781851, 9.047570499999999, 10.164359000000001, 11.580162500000002, 12.323135150000002, 14.63232, 18.677002
8.87244025, 9.010425, 9.18840575, 9.4658418, 10.189153, 12.420338479999991, 35.734803
8.88581475, 9.043856, 9.246472, 9.5102287, 9.81625735, 16.450313339999997, 52.853195
8.87504475, 9.0396415, 9.24198225, 9.506879000000001, 9.80016605, 14.192837, 52.853195
8.881673750000001, 9.042759499999999, 9.242386, 9.5256039, 9.755951, 14.905645829999994, 52.853195
8.890802749999999, 9.040875, 9.233903999999999, 9.4989448, 9.7672477, 16.109982679999998, 24.370709
8.887261500000001, 9.041955999999999, 9.2431145, 9.550844, 9.771584950000001, 13.917143909999998, 19.656824
8.877143, 9.0272225, 9.24229775, 9.4902103, 9.80796425, 16.90117569, 36.893046
8.890751, 9.0450285, 9.24627575, 9.5032753, 9.76596075, 16.099406520000002, 24.370709
8.885138249999999, 9.0365825, 9.227126499999999, 9.4846555, 9.71156165, 13.806577739999996, 19.656824
0, 0, 0, 0, 0, 0, 0
0, 0, 0, 0, 0, 0, 0
0, 0, 0, 0, 0, 0, 0
0, 0, 0, 0, 0, 0, 0
0, 0, 0, 0, 0, 0, 0
0, 0, 0, 0, 0, 0, 0
0, 0, 0, 0, 0, 0, 0
0, 0, 0, 0, 0, 0, 0
0, 0, 0, 0, 0, 0, 0
0, 0, 0, 0, 0, 0, 0
0, 0, 0, 0, 0, 0, 0
0, 0, 0, 0, 0, 0, 0
0, 0, 0, 0, 0, 0, 0
0, 0, 0, 0, 0, 0, 0
0, 0, 0, 0, 0, 0, 0
0, 0, 0, 0, 0, 0, 0
0, 0, 0, 0, 0, 0, 0
0, 0, 0, 0, 0, 0, 0
0, 0, 0, 0, 0, 0, 0
0, 0, 0, 0, 0, 0, 0
0, 0, 0, 0, 0, 0, 0
0, 0, 0, 0, 0, 0, 0
0, 0, 0, 0, 0, 0, 0
0, 0, 0, 0, 0, 0, 0
0, 0, 0, 0, 0, 0, 0
0, 0, 0, 0, 0, 0, 0
0, 0, 0, 0, 0, 0, 0
0, 0, 0, 0, 0, 0, 0
0, 0, 0, 0, 0, 0, 0
0, 0, 0, 0, 0, 0, 0
0, 0, 0, 0, 0, 0, 0
0, 0, 0, 0, 0, 0, 0
0, 0, 0, 0, 0, 0, 0
0, 0, 0, 0, 0, 0, 0
0, 0, 0, 0, 0, 0, 0
0, 0, 0, 0, 0, 0, 0
0, 0, 0, 0, 0, 0, 0
0, 0, 0, 0, 0, 0, 0
0, 0, 0, 0, 0, 0, 0
0, 0, 0, 0, 0, 0, 0
0, 0, 0, 0, 0, 0, 0
0, 0, 0, 0, 0, 0, 0
0, 0, 0, 0, 0, 0, 0
0, 0, 0, 0, 0, 0, 0
0, 0, 0, 0, 0, 0, 0
0, 0, 0, 0, 0, 0, 0
0, 0, 0, 0, 0, 0, 0
0, 0, 0, 0, 0, 0, 0
0, 0, 0, 0, 0, 0, 0
0, 0, 0, 0, 0, 0, 0
0, 0, 0, 0, 0, 0, 0
0, 0, 0, 0, 0, 0, 0
0, 0, 0, 0, 0, 0, 0
0, 0, 0, 0, 0, 0, 0
0, 0, 0, 0, 0, 0, 0
0, 0, 0, 0, 0, 0, 0
0, 0, 0, 0, 0, 0, 0
0, 0, 0, 0, 0, 0, 0
0, 0, 0, 0, 0, 0, 0
0, 0, 0, 0, 0, 0, 0
0, 0, 0, 0, 0, 0, 0
0, 0, 0, 0, 0, 0, 0
0, 0, 0, 0, 0, 0, 0
0, 0, 0, 0, 0, 0, 0
0, 0, 0, 0, 0, 0, 0
0, 0, 0, 0, 0, 0, 0
0, 0, 0, 0, 0, 0, 0
0, 0, 0, 0, 0, 0, 0
0, 0, 0, 0, 0, 0, 0
0, 0, 0, 0, 0, 0, 0
0, 0, 0, 0, 0, 0, 0
0, 0, 0, 0, 0, 0, 0
0, 0, 0, 0, 0, 0, 0
0, 0, 0, 0, 0, 0, 0
0, 0, 0, 0, 0, 0, 0
0, 0, 0, 0, 0, 0, 0
0, 0, 0, 0, 0, 0, 0
0, 0, 0, 0, 0, 0, 0
0, 0, 0, 0, 0, 0, 0
0, 0, 0, 0, 0, 0, 0
0, 0, 0, 0, 0, 0, 0
0, 0, 0, 0, 0, 0, 0
0, 0, 0, 0, 0, 0, 0
0, 0, 0, 0, 0, 0, 0
0, 0, 0, 0, 0, 0, 0
0, 0, 0, 0, 0, 0, 0
0, 0, 0, 0, 0, 0, 0
0, 0, 0, 0, 0, 0, 0
0, 0, 0, 0, 0, 0, 0
0, 0, 0, 0, 0, 0, 0
0, 0, 0, 0, 0, 0, 0
0, 0, 0, 0, 0, 0, 0
0, 0, 0, 0, 0, 0, 0
0, 0, 0, 0, 0, 0, 0
0, 0, 0, 0, 0, 0, 0
0, 0, 0, 0, 0, 0, 0
0, 0, 0, 0, 0, 0, 0
0, 0, 0, 0, 0, 0, 0
0, 0, 0, 0, 0, 0, 0
0, 0, 0, 0, 0, 0, 0
0, 0, 0, 0, 0, 0, 0
0, 0, 0, 0, 0, 0, 0
0, 0, 0, 0, 0, 0, 0
0, 0, 0, 0, 0, 0, 0
0, 0, 0, 0, 0, 0, 0
0, 0, 0, 0, 0, 0, 0
0, 0, 0, 0, 0, 0, 0
0, 0, 0, 0, 0, 0, 0
0, 0, 0, 0, 0, 0, 0
0, 0, 0, 0, 0, 0, 0
0, 0, 0, 0, 0, 0, 0
0, 0, 0, 0, 0, 0, 0
0, 0, 0, 0, 0, 0, 0
0, 0, 0, 0, 0, 0, 0
0, 0, 0, 0, 0, 0, 0
0, 0, 0, 0, 0, 0, 0
0, 0, 0, 0, 0, 0, 0
0, 0, 0, 0, 0, 0, 0
0, 0, 0, 0, 0, 0, 0
0, 0, 0, 0, 0, 0, 0
0, 0, 0, 0, 0, 0, 0
0, 0, 0, 0, 0, 0, 0
0, 0, 0, 0, 0, 0, 0
0, 0, 0, 0, 0, 0, 0
0, 0, 0, 0, 0, 0, 0
0, 0, 0, 0, 0, 0, 0
0, 0, 0, 0, 0, 0, 0
0, 0, 0, 0, 0, 0, 0
0, 0, 0, 0, 0, 0, 0
0, 0, 0, 0, 0, 0, 0
0, 0, 0, 0, 0, 0, 0
0, 0, 0, 0, 0, 0, 0
0, 0, 0, 0, 0, 0, 0
0, 0, 0, 0, 0, 0, 0
0, 0, 0, 0, 0, 0, 0
0, 0, 0, 0, 0, 0, 0
0, 0, 0, 0, 0, 0, 0
0, 0, 0, 0, 0, 0, 0
0, 0, 0, 0, 0, 0, 0
0, 0, 0, 0, 0, 0, 0
0, 0, 0, 0, 0, 0, 0
0, 0, 0, 0, 0, 0, 0
0, 0, 0, 0, 0, 0, 0
0, 0, 0, 0, 0, 0, 0
0, 0, 0, 0, 0, 0, 0
0, 0, 0, 0, 0, 0, 0
0, 0, 0, 0, 0, 0, 0
0, 0, 0, 0, 0, 0, 0
0, 0, 0, 0, 0, 0, 0
0, 0, 0, 0, 0, 0, 0
0, 0, 0, 0, 0, 0, 0
0, 0, 0, 0, 0, 0, 0
0, 0, 0, 0, 0, 0, 0
0, 0, 0, 0, 0, 0, 0
0, 0, 0, 0, 0, 0, 0
0, 0, 0, 0, 0, 0, 0
0, 0, 0, 0, 0, 0, 0
0, 0, 0, 0, 0, 0, 0
0, 0, 0, 0, 0, 0, 0
0, 0, 0, 0, 0, 0, 0
0, 0, 0, 0, 0, 0, 0
0, 0, 0, 0, 0, 0, 0
0, 0, 0, 0, 0, 0, 0
0, 0, 0, 0, 0, 0, 0
0, 0, 0, 0, 0, 0, 0
0, 0, 0, 0, 0, 0, 0
0, 0, 0, 0, 0, 0, 0
0, 0, 0, 0, 0, 0, 0
0, 0, 0, 0, 0, 0, 0
0, 0, 0, 0, 0, 0, 0
0, 0, 0, 0, 0, 0, 0
0, 0, 0, 0, 0, 0, 0
0, 0, 0, 0, 0, 0, 0
0, 0, 0, 0, 0, 0, 0
0, 0, 0, 0, 0, 0, 0
0, 0, 0, 0, 0, 0, 0
0, 0, 0, 0, 0, 0, 0
0, 0, 0, 0, 0, 0, 0
0, 0, 0, 0, 0, 0, 0
0, 0, 0, 0, 0, 0, 0
0, 0, 0, 0, 0, 0, 0
0, 0, 0, 0, 0, 0, 0
0, 0, 0, 0, 0, 0, 0
0, 0, 0, 0, 0, 0, 0
0, 0, 0, 0, 0, 0, 0
0, 0, 0, 0, 0, 0, 0
0, 0, 0, 0, 0, 0, 0
0, 0, 0, 0, 0, 0, 0
0, 0, 0, 0, 0, 0, 0
0, 0, 0, 0, 0, 0, 0
0, 0, 0, 0, 0, 0, 0
0, 0, 0, 0, 0, 0, 0
0, 0, 0, 0, 0, 0, 0
0, 0, 0, 0, 0, 0, 0
0, 0, 0, 0, 0, 0, 0
0, 0, 0, 0, 0, 0, 0
0, 0, 0, 0, 0, 0, 0
0, 0, 0, 0, 0, 0, 0
0, 0, 0, 0, 0, 0, 0
0, 0, 0, 0, 0, 0, 0
0, 0, 0, 0, 0, 0, 0
0, 0, 0, 0, 0, 0, 0
0, 0, 0, 0, 0, 0, 0
0, 0, 0, 0, 0, 0, 0
0, 0, 0, 0, 0, 0, 0
0, 0, 0, 0, 0, 0, 0
0, 0, 0, 0, 0, 0, 0
0, 0, 0, 0, 0, 0, 0
0, 0, 0, 0, 0, 0, 0
0, 0, 0, 0, 0, 0, 0
0, 0, 0, 0, 0, 0, 0
0, 0, 0, 0, 0, 0, 0
0, 0, 0, 0, 0, 0, 0
0, 0, 0, 0, 0, 0, 0
0, 0, 0, 0, 0, 0, 0
0, 0, 0, 0, 0, 0, 0
0, 0, 0, 0, 0, 0, 0
0, 0, 0, 0, 0, 0, 0
0, 0, 0, 0, 0, 0, 0
0, 0, 0, 0, 0, 0, 0
0, 0, 0, 0, 0, 0, 0
0, 0, 0, 0, 0, 0, 0
0, 0, 0, 0, 0, 0, 0
0, 0, 0, 0, 0, 0, 0
0, 0, 0, 0, 0, 0, 0
0, 0, 0, 0, 0, 0, 0
0, 0, 0, 0, 0, 0, 0
0, 0, 0, 0, 0, 0, 0
0, 0, 0, 0, 0, 0, 0
0, 0, 0, 0, 0, 0, 0
0, 0, 0, 0, 0, 0, 0
0, 0, 0, 0, 0, 0, 0
0, 0, 0, 0, 0, 0, 0
0, 0, 0, 0, 0, 0, 0
0, 0, 0, 0, 0, 0, 0
0, 0, 0, 0, 0, 0, 0
0, 0, 0, 0, 0, 0, 0
0, 0, 0, 0, 0, 0, 0
0, 0, 0, 0, 0, 0, 0
0, 0, 0, 0, 0, 0, 0
0, 0, 0, 0, 0, 0, 0
0, 0, 0, 0, 0, 0, 0
0, 0, 0, 0, 0, 0, 0
0, 0, 0, 0, 0, 0, 0
0, 0, 0, 0, 0, 0, 0
0, 0, 0, 0, 0, 0, 0
0, 0, 0, 0, 0, 0, 0
0, 0, 0, 0, 0, 0, 0
0, 0, 0, 0, 0, 0, 0
0, 0, 0, 0, 0, 0, 0
0, 0, 0, 0, 0, 0, 0
0, 0, 0, 0, 0, 0, 0
0, 0, 0, 0, 0, 0, 0
0, 0, 0, 0, 0, 0, 0
0, 0, 0, 0, 0, 0, 0
0, 0, 0, 0, 0, 0, 0
0, 0, 0, 0, 0, 0, 0
0, 0, 0, 0, 0, 0, 0
0, 0, 0, 0, 0, 0, 0
0, 0, 0, 0, 0, 0, 0
0, 0, 0, 0, 0, 0, 0
0, 0, 0, 0, 0, 0, 0
0, 0, 0, 0, 0, 0, 0
0, 0, 0, 0, 0, 0, 0
0, 0, 0, 0, 0, 0, 0
0, 0, 0, 0, 0, 0, 0
0, 0, 0, 0, 0, 0, 0
0, 0, 0, 0, 0, 0, 0
0, 0, 0, 0, 0, 0, 0
0, 0, 0, 0, 0, 0, 0
0, 0, 0, 0, 0, 0, 0
0, 0, 0, 0, 0, 0, 0
0, 0, 0, 0, 0, 0, 0
0, 0, 0, 0, 0, 0, 0
0, 0, 0, 0, 0, 0, 0
0, 0, 0, 0, 0, 0, 0
0, 0, 0, 0, 0, 0, 0
0, 0, 0, 0, 0, 0, 0
0, 0, 0, 0, 0, 0, 0
0, 0, 0, 0, 0, 0, 0
0, 0, 0, 0, 0, 0, 0
0, 0, 0, 0, 0, 0, 0
0, 0, 0, 0, 0, 0, 0
0, 0, 0, 0, 0, 0, 0
0, 0, 0, 0, 0, 0, 0
0, 0, 0, 0, 0, 0, 0
0, 0, 0, 0, 0, 0, 0
0, 0, 0, 0, 0, 0, 0
0, 0, 0, 0, 0, 0, 0
0, 0, 0, 0, 0, 0, 0
0, 0, 0, 0, 0, 0, 0
0, 0, 0, 0, 0, 0, 0
0, 0, 0, 0, 0, 0, 0
0, 0, 0, 0, 0, 0, 0
0, 0, 0, 0, 0, 0, 0
0, 0, 0, 0, 0, 0, 0
0, 0, 0, 0, 0, 0, 0
0, 0, 0, 0, 0, 0, 0
0, 0, 0, 0, 0, 0, 0
0, 0, 0, 0, 0, 0, 0
0, 0, 0, 0, 0, 0, 0
0, 0, 0, 0, 0, 0, 0
0, 0, 0, 0, 0, 0, 0
0, 0, 0, 0, 0, 0, 0
0, 0, 0, 0, 0, 0, 0
0, 0, 0, 0, 0, 0, 0
0, 0, 0, 0, 0, 0, 0
0, 0, 0, 0, 0, 0, 0
0, 0, 0, 0, 0, 0, 0
0, 0, 0, 0, 0, 0, 0
0, 0, 0, 0, 0, 0, 0
0, 0, 0, 0, 0, 0, 0
0, 0, 0, 0, 0, 0, 0
0, 0, 0, 0, 0, 0, 0
0, 0, 0, 0, 0, 0, 0
0, 0, 0, 0, 0, 0, 0
0, 0, 0, 0, 0, 0, 0
0, 0, 0, 0, 0, 0, 0
0, 0, 0, 0, 0, 0, 0
0, 0, 0, 0, 0, 0, 0
0, 0, 0, 0, 0, 0, 0
0, 0, 0, 0, 0, 0, 0
0, 0, 0, 0, 0, 0, 0
0, 0, 0, 0, 0, 0, 0
0, 0, 0, 0, 0, 0, 0
0, 0, 0, 0, 0, 0, 0
0, 0, 0, 0, 0, 0, 0
0, 0, 0, 0, 0, 0, 0
0, 0, 0, 0, 0, 0, 0
0, 0, 0, 0, 0, 0, 0
0, 0, 0, 0, 0, 0, 0
0, 0, 0, 0, 0, 0, 0
0, 0, 0, 0, 0, 0, 0
0, 0, 0, 0, 0, 0, 0
0, 0, 0, 0, 0, 0, 0
0, 0, 0, 0, 0, 0, 0
0, 0, 0, 0, 0, 0, 0
0, 0, 0, 0, 0, 0, 0
0, 0, 0, 0, 0, 0, 0
0, 0, 0, 0, 0, 0, 0
0, 0, 0, 0, 0, 0, 0
0, 0, 0, 0, 0, 0, 0
0, 0, 0, 0, 0, 0, 0
0, 0, 0, 0, 0, 0, 0
0, 0, 0, 0, 0, 0, 0
0, 0, 0, 0, 0, 0, 0
0, 0, 0, 0, 0, 0, 0
0, 0, 0, 0, 0, 0, 0
0, 0, 0, 0, 0, 0, 0
0, 0, 0, 0, 0, 0, 0
0, 0, 0, 0, 0, 0, 0
0, 0, 0, 0, 0, 0, 0
0, 0, 0, 0, 0, 0, 0
0, 0, 0, 0, 0, 0, 0
0, 0, 0, 0, 0, 0, 0
0, 0, 0, 0, 0, 0, 0
0, 0, 0, 0, 0, 0, 0
0, 0, 0, 0, 0, 0, 0
0, 0, 0, 0, 0, 0, 0
0, 0, 0, 0, 0, 0, 0
0, 0, 0, 0, 0, 0, 0
0, 0, 0, 0, 0, 0, 0
0, 0, 0, 0, 0, 0, 0
0, 0, 0, 0, 0, 0, 0
0, 0, 0, 0, 0, 0, 0
0, 0, 0, 0, 0, 0, 0
0, 0, 0, 0, 0, 0, 0
0, 0, 0, 0, 0, 0, 0
0, 0, 0, 0, 0, 0, 0
0, 0, 0, 0, 0, 0, 0
0, 0, 0, 0, 0, 0, 0
0, 0, 0, 0, 0, 0, 0
0, 0, 0, 0, 0, 0, 0
0, 0, 0, 0, 0, 0, 0
0, 0, 0, 0, 0, 0, 0
0, 0, 0, 0, 0, 0, 0
0, 0, 0, 0, 0, 0, 0
0, 0, 0, 0, 0, 0, 0
0, 0, 0, 0, 0, 0, 0
0, 0, 0, 0, 0, 0, 0
0, 0, 0, 0, 0, 0, 0
0, 0, 0, 0, 0, 0, 0
0, 0, 0, 0, 0, 0, 0
0, 0, 0, 0, 0, 0, 0
0, 0, 0, 0, 0, 0, 0
0, 0, 0, 0, 0, 0, 0
0, 0, 0, 0, 0, 0, 0
0, 0, 0, 0, 0, 0, 0
0, 0, 0, 0, 0, 0, 0
0, 0, 0, 0, 0, 0, 0
0, 0, 0, 0, 0, 0, 0
0, 0, 0, 0, 0, 0, 0
0, 0, 0, 0, 0, 0, 0
0, 0, 0, 0, 0, 0, 0
0, 0, 0, 0, 0, 0, 0
0, 0, 0, 0, 0, 0, 0
0, 0, 0, 0, 0, 0, 0
0, 0, 0, 0, 0, 0, 0
0, 0, 0, 0, 0, 0, 0
0, 0, 0, 0, 0, 0, 0
0, 0, 0, 0, 0, 0, 0
0, 0, 0, 0, 0, 0, 0
0, 0, 0, 0, 0, 0, 0
0, 0, 0, 0, 0, 0, 0
0, 0, 0, 0, 0, 0, 0
0, 0, 0, 0, 0, 0, 0
0, 0, 0, 0, 0, 0, 0
0, 0, 0, 0, 0, 0, 0
0, 0, 0, 0, 0, 0, 0
0, 0, 0, 0, 0, 0, 0
0, 0, 0, 0, 0, 0, 0
0, 0, 0, 0, 0, 0, 0
0, 0, 0, 0, 0, 0, 0
0, 0, 0, 0, 0, 0, 0
0, 0, 0, 0, 0, 0, 0
0, 0, 0, 0, 0, 0, 0
0, 0, 0, 0, 0, 0, 0
0, 0, 0, 0, 0, 0, 0
0, 0, 0, 0, 0, 0, 0
0, 0, 0, 0, 0, 0, 0
0, 0, 0, 0, 0, 0, 0
0, 0, 0, 0, 0, 0, 0
0, 0, 0, 0, 0, 0, 0
0, 0, 0, 0, 0, 0, 0
0, 0, 0, 0, 0, 0, 0
0, 0, 0, 0, 0, 0, 0
0, 0, 0, 0, 0, 0, 0
0, 0, 0, 0, 0, 0, 0
0, 0, 0, 0, 0, 0, 0
0, 0, 0, 0, 0, 0, 0
0, 0, 0, 0, 0, 0, 0
0, 0, 0, 0, 0, 0, 0
0, 0, 0, 0, 0, 0, 0
0, 0, 0, 0, 0, 0, 0
0, 0, 0, 0, 0, 0, 0
0, 0, 0, 0, 0, 0, 0
0, 0, 0, 0, 0, 0, 0
0, 0, 0, 0, 0, 0, 0
0, 0, 0, 0, 0, 0, 0
0, 0, 0, 0, 0, 0, 0
0, 0, 0, 0, 0, 0, 0
0, 0, 0, 0, 0, 0, 0
0, 0, 0, 0, 0, 0, 0
0, 0, 0, 0, 0, 0, 0
0, 0, 0, 0, 0, 0, 0
0, 0, 0, 0, 0, 0, 0
0, 0, 0, 0, 0, 0, 0
0, 0, 0, 0, 0, 0, 0
0, 0, 0, 0, 0, 0, 0
0, 0, 0, 0, 0, 0, 0
0, 0, 0, 0, 0, 0, 0
0, 0, 0, 0, 0, 0, 0
0, 0, 0, 0, 0, 0, 0
0, 0, 0, 0, 0, 0, 0
0, 0, 0, 0, 0, 0, 0
0, 0, 0, 0, 0, 0, 0
0, 0, 0, 0, 0, 0, 0
0, 0, 0, 0, 0, 0, 0
0, 0, 0, 0, 0, 0, 0
0, 0, 0, 0, 0, 0, 0
0, 0, 0, 0, 0, 0, 0
0, 0, 0, 0, 0, 0, 0
0, 0, 0, 0, 0, 0, 0
0, 0, 0, 0, 0, 0, 0
0, 0, 0, 0, 0, 0, 0
0, 0, 0, 0, 0, 0, 0
0, 0, 0, 0, 0, 0, 0
0, 0, 0, 0, 0, 0, 0
0, 0, 0, 0, 0, 0, 0
0, 0, 0, 0, 0, 0, 0
0, 0, 0, 0, 0, 0, 0
0, 0, 0, 0, 0, 0, 0
0, 0, 0, 0, 0, 0, 0
0, 0, 0, 0, 0, 0, 0
0, 0, 0, 0, 0, 0, 0
0, 0, 0, 0, 0, 0, 0
0, 0, 0, 0, 0, 0, 0
0, 0, 0, 0, 0, 0, 0
0, 0, 0, 0, 0, 0, 0
0, 0, 0, 0, 0, 0, 0
0, 0, 0, 0, 0, 0, 0
0, 0, 0, 0, 0, 0, 0
0, 0, 0, 0, 0, 0, 0
0, 0, 0, 0, 0, 0, 0
0, 0, 0, 0, 0, 0, 0
0, 0, 0, 0, 0, 0, 0
0, 0, 0, 0, 0, 0, 0
0, 0, 0, 0, 0, 0, 0
0, 0, 0, 0, 0, 0, 0
0, 0, 0, 0, 0, 0, 0
0, 0, 0, 0, 0, 0, 0
0, 0, 0, 0, 0, 0, 0
0, 0, 0, 0, 0, 0, 0
0, 0, 0, 0, 0, 0, 0
0, 0, 0, 0, 0, 0, 0
0, 0, 0, 0, 0, 0, 0
0, 0, 0, 0, 0, 0, 0
0, 0, 0, 0, 0, 0, 0
0, 0, 0, 0, 0, 0, 0
0, 0, 0, 0, 0, 0, 0
0, 0, 0, 0, 0, 0, 0
0, 0, 0, 0, 0, 0, 0
0, 0, 0, 0, 0, 0, 0
0, 0, 0, 0, 0, 0, 0
0, 0, 0, 0, 0, 0, 0
0, 0, 0, 0, 0, 0, 0
0, 0, 0, 0, 0, 0, 0
0, 0, 0, 0, 0, 0, 0
0, 0, 0, 0, 0, 0, 0
0, 0, 0, 0, 0, 0, 0
0, 0, 0, 0, 0, 0, 0
0, 0, 0, 0, 0, 0, 0
0, 0, 0, 0, 0, 0, 0
0, 0, 0, 0, 0, 0, 0
0, 0, 0, 0, 0, 0, 0
0, 0, 0, 0, 0, 0, 0
0, 0, 0, 0, 0, 0, 0
0, 0, 0, 0, 0, 0, 0
0, 0, 0, 0, 0, 0, 0
0, 0, 0, 0, 0, 0, 0
0, 0, 0, 0, 0, 0, 0
0, 0, 0, 0, 0, 0, 0
0, 0, 0, 0, 0, 0, 0
0, 0, 0, 0, 0, 0, 0
0, 0, 0, 0, 0, 0, 0
0, 0, 0, 0, 0, 0, 0
0, 0, 0, 0, 0, 0, 0
0, 0, 0, 0, 0, 0, 0
0, 0, 0, 0, 0, 0, 0
0, 0, 0, 0, 0, 0, 0
0, 0, 0, 0, 0, 0, 0
0, 0, 0, 0, 0, 0, 0
0, 0, 0, 0, 0, 0, 0
0, 0, 0, 0, 0, 0, 0
0, 0, 0, 0, 0, 0, 0
0, 0, 0, 0, 0, 0, 0
0, 0, 0, 0, 0, 0, 0
0, 0, 0, 0, 0, 0, 0
0, 0, 0, 0, 0, 0, 0
0, 0, 0, 0, 0, 0, 0
0, 0, 0, 0, 0, 0, 0
0, 0, 0, 0, 0, 0, 0
0, 0, 0, 0, 0, 0, 0
0, 0, 0, 0, 0, 0, 0
0, 0, 0, 0, 0, 0, 0
0, 0, 0, 0, 0, 0, 0
0, 0, 0, 0, 0, 0, 0
0, 0, 0, 0, 0, 0, 0
0, 0, 0, 0, 0, 0, 0
0, 0, 0, 0, 0, 0, 0
0, 0, 0, 0, 0, 0, 0
0, 0, 0, 0, 0, 0, 0
0, 0, 0, 0, 0, 0, 0
0, 0, 0, 0, 0, 0, 0
0, 0, 0, 0, 0, 0, 0
0, 0, 0, 0, 0, 0, 0
0, 0, 0, 0, 0, 0, 0
0, 0, 0, 0, 0, 0, 0
0, 0, 0, 0, 0, 0, 0
0, 0, 0, 0, 0, 0, 0
0, 0, 0, 0, 0, 0, 0
0, 0, 0, 0, 0, 0, 0
0, 0, 0, 0, 0, 0, 0
0, 0, 0, 0, 0, 0, 0
0, 0, 0, 0, 0, 0, 0
0, 0, 0, 0, 0, 0, 0
0, 0, 0, 0, 0, 0, 0
0, 0, 0, 0, 0, 0, 0
0, 0, 0, 0, 0, 0, 0
0, 0, 0, 0, 0, 0, 0
0, 0, 0, 0, 0, 0, 0
0, 0, 0, 0, 0, 0, 0
0, 0, 0, 0, 0, 0, 0
0, 0, 0, 0, 0, 0, 0
0, 0, 0, 0, 0, 0, 0
0, 0, 0, 0, 0, 0, 0
0, 0, 0, 0, 0, 0, 0
0, 0, 0, 0, 0, 0, 0
0, 0, 0, 0, 0, 0, 0
0, 0, 0, 0, 0, 0, 0
0, 0, 0, 0, 0, 0, 0
0, 0, 0, 0, 0, 0, 0
0, 0, 0, 0, 0, 0, 0
0, 0, 0, 0, 0, 0, 0
0, 0, 0, 0, 0, 0, 0
0, 0, 0, 0, 0, 0, 0
0, 0, 0, 0, 0, 0, 0
0, 0, 0, 0, 0, 0, 0
0, 0, 0, 0, 0, 0, 0
0, 0, 0, 0, 0, 0, 0
0, 0, 0, 0, 0, 0, 0
0, 0, 0, 0, 0, 0, 0
0, 0, 0, 0, 0, 0, 0
0, 0, 0, 0, 0, 0, 0
0, 0, 0, 0, 0, 0, 0
0, 0, 0, 0, 0, 0, 0
0, 0, 0, 0, 0, 0, 0
0, 0, 0, 0, 0, 0, 0
0, 0, 0, 0, 0, 0, 0
0, 0, 0, 0, 0, 0, 0
0, 0, 0, 0, 0, 0, 0
0, 0, 0, 0, 0, 0, 0
0, 0, 0, 0, 0, 0, 0
0, 0, 0, 0, 0, 0, 0
0, 0, 0, 0, 0, 0, 0
0, 0, 0, 0, 0, 0, 0
0, 0, 0, 0, 0, 0, 0
0, 0, 0, 0, 0, 0, 0
0, 0, 0, 0, 0, 0, 0
0, 0, 0, 0, 0, 0, 0
0, 0, 0, 0, 0, 0, 0
0, 0, 0, 0, 0, 0, 0
0, 0, 0, 0, 0, 0, 0
0, 0, 0, 0, 0, 0, 0
0, 0, 0, 0, 0, 0, 0
0, 0, 0, 0, 0, 0, 0
0, 0, 0, 0, 0, 0, 0
0, 0, 0, 0, 0, 0, 0
0, 0, 0, 0, 0, 0, 0
0, 0, 0, 0, 0, 0, 0
0, 0, 0, 0, 0, 0, 0
0, 0, 0, 0, 0, 0, 0
0, 0, 0, 0, 0, 0, 0
0, 0, 0, 0, 0, 0, 0
0, 0, 0, 0, 0, 0, 0
0, 0, 0, 0, 0, 0, 0
0, 0, 0, 0, 0, 0, 0
0, 0, 0, 0, 0, 0, 0
0, 0, 0, 0, 0, 0, 0
0, 0, 0, 0, 0, 0, 0
0, 0, 0, 0, 0, 0, 0
0, 0, 0, 0, 0, 0, 0
0, 0, 0, 0, 0, 0, 0
0, 0, 0, 0, 0, 0, 0
0, 0, 0, 0, 0, 0, 0
0, 0, 0, 0, 0, 0, 0
0, 0, 0, 0, 0, 0, 0
0, 0, 0, 0, 0, 0, 0
0, 0, 0, 0, 0, 0, 0
0, 0, 0, 0, 0, 0, 0
0, 0, 0, 0, 0, 0, 0
0, 0, 0, 0, 0, 0, 0
0, 0, 0, 0, 0, 0, 0
0, 0, 0, 0, 0, 0, 0
0, 0, 0, 0, 0, 0, 0
0, 0, 0, 0, 0, 0, 0
0, 0, 0, 0, 0, 0, 0
0, 0, 0, 0, 0, 0, 0
0, 0, 0, 0, 0, 0, 0
0, 0, 0, 0, 0, 0, 0
0, 0, 0, 0, 0, 0, 0
0, 0, 0, 0, 0, 0, 0
0, 0, 0, 0, 0, 0, 0
0, 0, 0, 0, 0, 0, 0
0, 0, 0, 0, 0, 0, 0
0, 0, 0, 0, 0, 0, 0
0, 0, 0, 0, 0, 0, 0
0, 0, 0, 0, 0, 0, 0
0, 0, 0, 0, 0, 0, 0
0, 0, 0, 0, 0, 0, 0
0, 0, 0, 0, 0, 0, 0
0, 0, 0, 0, 0, 0, 0
0, 0, 0, 0, 0, 0, 0
0, 0, 0, 0, 0, 0, 0
0, 0, 0, 0, 0, 0, 0
0, 0, 0, 0, 0, 0, 0
0, 0, 0, 0, 0, 0, 0
0, 0, 0, 0, 0, 0, 0
0, 0, 0, 0, 0, 0, 0
0, 0, 0, 0, 0, 0, 0
0, 0, 0, 0, 0, 0, 0
0, 0, 0, 0, 0, 0, 0
0, 0, 0, 0, 0, 0, 0
0, 0, 0, 0, 0, 0, 0
0, 0, 0, 0, 0, 0, 0
0, 0, 0, 0, 0, 0, 0
0, 0, 0, 0, 0, 0, 0
0, 0, 0, 0, 0, 0, 0
0, 0, 0, 0, 0, 0, 0
0, 0, 0, 0, 0, 0, 0
0, 0, 0, 0, 0, 0, 0
0, 0, 0, 0, 0, 0, 0
0, 0, 0, 0, 0, 0, 0
0, 0, 0, 0, 0, 0, 0
0, 0, 0, 0, 0, 0, 0
0, 0, 0, 0, 0, 0, 0
0, 0, 0, 0, 0, 0, 0
0, 0, 0, 0, 0, 0, 0
0, 0, 0, 0, 0, 0, 0
0, 0, 0, 0, 0, 0, 0
0, 0, 0, 0, 0, 0, 0
0, 0, 0, 0, 0, 0, 0
0, 0, 0, 0, 0, 0, 0
0, 0, 0, 0, 0, 0, 0
0, 0, 0, 0, 0, 0, 0
0, 0, 0, 0, 0, 0, 0
0, 0, 0, 0, 0, 0, 0
0, 0, 0, 0, 0, 0, 0
0, 0, 0, 0, 0, 0, 0
0, 0, 0, 0, 0, 0, 0
0, 0, 0, 0, 0, 0, 0
0, 0, 0, 0, 0, 0, 0
0, 0, 0, 0, 0, 0, 0
0, 0, 0, 0, 0, 0, 0
0, 0, 0, 0, 0, 0, 0
0, 0, 0, 0, 0, 0, 0
0, 0, 0, 0, 0, 0, 0
0, 0, 0, 0, 0, 0, 0
0, 0, 0, 0, 0, 0, 0
0, 0, 0, 0, 0, 0, 0
0, 0, 0, 0, 0, 0, 0
0, 0, 0, 0, 0, 0, 0
0, 0, 0, 0, 0, 0, 0
0, 0, 0, 0, 0, 0, 0
0, 0, 0, 0, 0, 0, 0
0, 0, 0, 0, 0, 0, 0
0, 0, 0, 0, 0, 0, 0
0, 0, 0, 0, 0, 0, 0
0, 0, 0, 0, 0, 0, 0
8.870929, 9.0253285, 9.225684000000001, 9.5174039, 9.74440445, 15.977419659999999, 32.855096
8.88105375, 9.042105, 9.24805525, 9.525985, 9.744857399999999, 13.72803882, 52.853195
8.878249499999999, 9.0402495, 9.23981175, 9.5023594, 9.77420235, 16.262064679999998, 22.552578
8.889426, 9.043630499999999, 9.260182, 9.5255521, 9.77063985, 14.108396169999997, 19.892145
8.8828095, 9.045314999999999, 9.242768, 9.493565799999999, 9.72591, 14.73195576, 19.656824
8.87229625, 9.026211499999999, 9.23413975, 9.495275, 9.775902, 14.779568679999999, 52.853195
8.87619675, 9.052997999999999, 9.237086249999999, 9.510461000000001, 9.7685258, 11.530913589999999, 52.853195
8.88579175, 9.044335, 9.24772825, 9.5506141, 9.84210615, 16.111923259999998, 52.853195
8.87359675, 9.005176500000001, 9.18515575, 9.4495739, 9.973626049999995, 12.257427629999995, 35.734803
8.87061, 9.0019235, 9.166741, 9.4427211, 9.947189749999996, 11.922378999999996, 35.734803
8.8595255, 9.000194, 9.16497775, 9.4211364, 9.918765849999998, 11.89458366, 37.448702
8.866158500000001, 8.999677, 9.168299000000001, 9.4095463, 9.85999605, 11.875033, 35.330604
8.86669625, 8.997728500000001, 9.173959, 9.4338976, 9.941251699999997, 11.959520889999977, 37.448702
8.8625235, 8.994625, 9.169197, 9.443095, 9.918463749999999, 11.749083, 37.448702
8.864984250000001, 9.001157, 9.18515575, 9.439456999999999, 9.913476399999999, 11.89460059, 37.448702
8.8674405, 8.998858, 9.17380925, 9.5021238, 10.095906, 12.330560329999999, 37.448702
8.862803, 8.9964805, 9.17256375, 9.45891, 9.9465826, 11.922318299999997, 35.734803
8.7896125, 9.0484915, 10.195342, 11.6610061, 12.531929, 14.824984, 19.393533
8.7816525, 9.048422500000001, 10.184858250000001, 11.6429662, 12.420521400000002, 15.021127, 26.889073
8.78310975, 9.0388585, 10.14772, 11.5736309, 12.3134396, 14.528068130000014, 19.563106
8.6479485, 9.147789, 10.81664425, 12.4196954, 13.88567425, 17.794086040000003, 38.813544
8.650357249999999, 9.126984, 10.77084875, 12.449230300000002, 14.015086, 17.802213, 38.404747
8.6440815, 9.126562, 10.81522525, 12.444263, 14.021462, 17.844506, 34.462112
8.645567, 9.110721, 10.8072195, 12.4367017, 14.009994549999991, 17.538538300000003, 38.813544
8.64409775, 9.0908445, 10.793105500000001, 12.4401122, 14.114345099999992, 17.96278833000005, 38.404747
8.6450085, 9.1181595, 10.830678, 12.436356, 14.015086, 17.787040250000004, 34.462112
8.659914, 9.137459, 10.833083, 12.539837100000002, 14.124431, 17.549097280000034, 38.813544
8.643581, 9.1200005, 10.74287325, 12.408001, 13.879439, 17.288881170000018, 38.404747
8.655849, 9.168755, 10.86160225, 12.4532509, 14.105016, 18.052882, 38.813544
8.648044, 9.157842, 10.81620025, 12.588468, 14.158415, 17.786232420000005, 38.404747
8.638877, 9.102834, 10.70088275, 12.378577600000002, 13.892245549999986, 17.699605, 38.404747
8.64738, 9.0826445, 10.733549750000002, 12.4265521, 14.034355, 17.844506, 38.813544
8.659647249999999, 9.155912, 10.842374249999999, 12.3896747, 14.034630899999996, 17.436824, 38.404747
8.64119275, 9.133789, 10.807164, 12.408338200000001, 13.931125, 17.872018, 38.813544
8.65008375, 9.148872, 10.802425, 12.3658189, 13.93484, 17.708369, 38.813544
8.64151125, 9.0938935, 10.731179, 12.330585000000001, 13.93091859999998, 17.708369, 34.462112
8.656678, 9.12794, 10.773425, 12.348656, 13.983646, 17.786232420000005, 38.813544
8.643998, 9.1541975, 10.852333, 12.483738200000003, 13.940439999999999, 17.483054, 34.462112
8.6518245, 9.137193499999999, 10.874696, 12.501408400000004, 14.231390949999986, 18.233113, 38.404747
8.64061575, 9.1065525, 10.873141, 12.4429497, 14.027404, 17.709146020000016, 38.813544
8.640530250000001, 9.142635, 10.84025375, 12.449230300000002, 14.027404, 17.44353914000001, 38.813544
8.646227, 9.1343905, 10.796022, 12.50268190000001, 14.062613, 17.787040250000004, 38.404747
8.64681125, 9.0904195, 10.7623375, 12.442805, 14.009579149999999, 17.629572, 38.813544
8.651493, 9.1113325, 10.788229000000001, 12.309816700000006, 13.885000049999999, 17.629572, 38.813544
8.642763, 9.112452, 10.7857845, 12.430775, 14.063013449999994, 17.611796, 27.927733
8.639709, 9.128324, 10.812846, 12.386850800000001, 13.964287549999996, 17.709146020000016, 38.813544
8.64409775, 9.112136, 10.73023, 12.293515100000002, 13.96309, 17.547577, 34.462112
8.647008, 9.1181595, 10.812090000000001, 12.474138, 14.08060959999999, 17.922076720000003, 38.813544
8.64224475, 9.101549, 10.835209, 12.4401122, 14.07062675, 17.922138370000003, 38.813544
8.64667875, 9.15837, 10.861789, 12.512671200000002, 14.0784085, 17.888042, 27.927733
8.648051, 9.1154935, 10.809276, 12.50979, 14.013154, 17.54854506000002, 38.404747
8.6462945, 9.101549, 10.80152075, 12.444252, 13.888358, 17.47048991, 34.462112
8.6450085, 9.1205765, 10.8078255, 12.456485, 14.152007, 18.37173383000003, 38.813544
8.64759125, 9.160278, 10.912301, 12.589053, 14.106434499999994, 18.188937, 38.813544
8.7908735, 9.053013, 10.19702925, 11.6515646, 12.4204191, 14.592101740000011, 26.889073
8.790539, 9.053294999999999, 10.199595, 11.643325200000001, 12.551711, 14.832604760000024, 18.66297
8.783974500000001, 9.053334, 10.17774175, 11.5683518, 12.314688700000003, 14.826119270000026, 26.889073
8.88712, 9.038682, 9.240781, 9.512927, 9.768439, 14.431153, 96.00123920289282
8.888653, 9.044393, 9.244118499999999, 9.516987, 9.738825949999999, 14.007761020000146, 52.853195
8.886776000000001, 9.0400815, 9.2402145, 9.5042655, 9.795013099999998, 16.050663, 52.853195
8.894513, 9.049389999999999, 9.237358, 9.5017857, 9.740178, 11.68165, 52.853195
8.88764675, 9.042553, 9.23663875, 9.509044099999999, 9.710233, 14.10601301000002, 23.303856
8.88750775, 9.041406, 9.23468525, 9.508177400000001, 9.765848349999999, 14.39224006000001, 32.855096
8.886197, 9.0410095, 9.2374805, 9.507894, 9.738840399999999, 14.73195576000001, 36.893046
8.883933, 9.032613999999999, 9.230787, 9.485325, 9.723321449999998, 14.105136, 52.853195
8.88743275, 9.04372, 9.237010999999999, 9.509855700000001, 9.768525799999999, 14.19507232000005, 32.855096
8.886256, 9.046115, 9.243571750000001, 9.498878699999999, 9.723767749999999, 13.554247, 32.855096
8.885008500000001, 9.0388785, 9.238356249999999, 9.499888, 9.733170799999998, 16.030153, 52.853195
8.8871255, 9.056763499999999, 9.24856, 9.5203138, 9.8359255, 14.700135689999993, 32.855096
8.878624, 9.033104999999999, 9.22688575, 9.4806568, 9.73065615, 15.267818949999995, 52.853195
8.8753115, 9.033763, 9.249989, 9.5529217, 9.8085941, 16.70684715, 22.552578
8.88395175, 9.0335675, 9.2475, 9.5292011, 9.73476515, 16.09976782, 36.893046
8.8884805, 9.04391, 9.23876275, 9.507008, 9.779622149999998, 16.6032446, 52.853195
8.88755825, 9.049146499999999, 9.24283075, 9.5306713, 9.7605659, 13.260779679999999, 19.502914
8.89133975, 9.0397315, 9.23270825, 9.496346, 9.72369745, 13.803562, 32.855096
8.87642, 9.020176, 9.21522925, 9.497865, 9.842187, 12.383066, 52.853195
8.871997, 9.019480000000001, 9.210239, 9.4851621, 9.813335, 12.374775, 37.448702
8.864473, 9.004387, 9.18290125, 9.466566, 10.087608999999999, 12.054451, 37.448702
8.8682765, 9.0048915, 9.178965, 9.437902, 9.95293145, 11.89793043, 37.448702
8.834085, 9.0172955, 9.384238, 10.897305, 11.795208, 13.73181242999995, 37.448702
8.8325825, 9.0220105, 9.38537825, 10.897342, 11.762925749999999, 13.596989519999987, 37.448702
8.835314, 9.021084, 9.385595, 10.9017715, 11.801112, 13.94243, 37.448702
8.724567, 9.0732305, 10.513517, 11.9723777, 13.112988, 16.395060179999923, 38.813544
8.726977000000002, 9.078300500000001, 10.538125749999999, 12.051952, 13.259016, 16.62074429999996, 38.813544
8.724235, 9.06927, 10.521074, 11.981717500000004, 13.176227, 16.60924376999999, 38.813544
8.650166, 9.126939, 10.794076, 12.436356, 14.009391, 17.629572, 38.404747
8.649633, 9.141965, 10.801449, 12.411578800000004, 13.974307, 17.844506, 38.813544
8.64713, 9.119646, 10.78818, 12.4361022, 14.057811, 17.708369, 38.813544
8.650166, 9.143244, 10.806109500000002, 12.447581, 14.113835, 17.786971, 38.813544
8.64791425, 9.135001500000001, 10.82114, 12.418999700000002, 13.929538, 17.709146019999878, 38.813544
8.649683, 9.135712, 10.817235, 12.4532509, 14.079938, 17.78608, 38.813544
8.646251, 9.119585, 10.79312425, 12.426093, 13.960113, 17.644383, 38.813544
8.784377, 9.979523, 12.34191, 15.477485, 17.703598, 23.56270114999997, 44.22794
8.779389, 9.94496, 12.279254, 15.516446000000009, 17.822721, 23.421402409999978, 44.22794
8.7786135, 9.940207, 12.242894750000001, 15.434174200000005, 17.775321, 23.328235, 44.22794
8.779389, 9.945984, 12.2856615, 15.456271, 17.703836549999995, 23.22348636999998, 44.22794
8.77850875, 9.9537725, 12.282988, 15.410258, 17.786071, 23.22348636999998, 40.625286
8.7771495, 9.95008, 12.32056225, 15.556521500000004, 17.833334, 23.421402409999978, 44.22794
8.771371, 9.9382385, 12.227114, 15.36282, 17.644163, 23.421402409999978, 44.22794
8.783596, 9.950752, 12.305466, 15.556387, 17.909704, 23.94210973999995, 44.22794
8.770279, 9.928561, 12.2841355, 15.448173, 17.82070005, 23.186055, 44.22794
8.781349, 9.960564, 12.282494, 15.49627, 17.79407885, 23.421254, 44.22794
8.775553, 9.930250000000001, 12.26598075, 15.501056, 17.887787, 23.68457, 44.22794
8.780306, 9.927384, 12.247322, 15.415273299999999, 17.708776, 22.916859279999958, 44.22794
9.115342, 11.2749365, 14.110726, 17.318909600000005, 19.89221, 25.607038, 44.22794
9.109645, 11.247666, 14.091211, 17.412054, 19.915310399999996, 25.677274, 44.22794
9.106535, 11.215572, 14.06527, 17.289255, 19.71937149999989, 25.101169370000147, 44.22794
9.114504, 11.251128, 14.083681, 17.431597000000007, 19.991815, 25.616439, 44.22794
9.086989, 11.140034, 14.004313, 17.318689, 19.745184, 25.872219, 44.22794
9.103995, 11.2297175, 14.112239, 17.454936, 19.991815, 25.87213881, 44.22794
9.096722, 11.234332, 14.107129, 17.369627, 19.874239, 25.872138, 44.22794
9.104823, 11.202153, 14.006716, 17.42958, 19.89221, 25.677274, 44.22794
9.113677, 11.242978, 14.016196, 17.351107, 19.797917, 25.617047350000124, 44.22794
9.105487, 11.202153, 14.092094, 17.476674, 19.991859749999996, 25.78681666000001, 44.22794
9.118958, 11.264072, 14.112239, 17.379265, 19.89796054999997, 26.015162, 44.22794
9.110852, 11.198598, 14.059299, 17.379265, 19.714086, 25.268505750000134, 44.22794
9.115342, 11.228731, 14.0561, 17.412620400000012, 19.966418, 25.607038, 44.22794
9.100143, 11.2149055, 14.097078999999999, 17.431298, 19.753229, 25.678368970000225, 44.22794
9.100143, 11.231169999999999, 14.014375, 17.267904400000006, 19.745184, 25.786771, 44.22794
9.104823, 11.221448, 13.990648, 17.38113230000002, 19.916648, 25.677274, 44.22794
9.112501, 11.231636, 14.123252, 17.443262, 19.89759, 25.78681666000001, 44.22794
9.110913, 11.227476, 14.093976, 17.320895, 19.781049149999998, 25.616439, 44.22794
9.112501, 11.258266, 14.10695, 17.456575, 19.991815, 25.677274, 44.22794
9.103995, 11.2281035, 14.083681, 17.418904200000025, 19.874239, 26.015162, 44.22794
9.093561, 11.200454, 14.047847, 17.361875600000005, 19.781869, 25.60713201000002, 44.22794
9.115503, 11.242978, 14.13891, 17.582676, 20.007928, 25.786771, 44.22794
9.110354, 11.207526, 14.03619, 17.379265, 19.75348854999998, 25.872219, 44.22794
9.114416, 11.221152, 14.06527, 17.286815, 19.745586249999963, 25.677274, 44.22794
9.095184499999998, 11.20299, 14.033392, 17.375265, 19.819811, 26.015162, 44.22794
9.092556, 11.233535, 14.066715, 17.360226600000004, 19.797917, 25.60713201000002, 44.22794
9.110034, 11.228731, 14.107129, 17.358399400000003, 19.862456, 25.907049, 44.22794
9.130316, 11.24558, 14.095957, 17.443262, 19.89221, 25.907049, 44.22794
9.115503, 11.26228, 14.09442, 17.431298, 19.966418, 26.226208, 44.22794
9.11060525, 11.249597, 14.036482, 17.297558, 19.745586249999963, 25.87256730000007, 44.22794
9.113677, 11.214026, 14.088299, 17.325111, 19.878328, 25.786771, 44.22794
9.103057, 11.231691999999999, 14.088299, 17.472874, 19.972802, 25.872219, 44.22794
9.109936750000001, 11.254216, 14.094421, 17.429751800000005, 19.911072, 25.872138, 44.22794
9.123961, 11.253083, 14.067892, 17.491898, 19.966418, 25.872219, 44.22794
9.095084, 11.196786, 14.047847, 17.37566500000001, 19.87902209999994, 25.569751630000077, 44.22794
9.11499125, 11.230704, 14.059299, 17.358399400000003, 19.86304514999995, 25.907049, 44.22794
9.110913, 11.242978, 14.060525, 17.360077, 19.714086, 25.786771, 44.22794
8.769183, 9.911799, 12.279191, 15.4738626, 17.836158, 23.387052469999947, 44.22794
8.77689, 9.95026, 12.348656, 15.505135, 17.836158, 23.287969, 44.22794
8.7705015, 9.903049, 12.258971, 15.415273, 17.681459, 22.995649429999826, 44.22794
8.775586, 9.962561, 12.31677975, 15.542749, 17.795765, 23.78864, 44.22794
8.779616, 9.998763, 12.34585375, 15.629319, 17.965971, 23.757344, 44.22794
8.780058, 9.928431, 12.282786, 15.494606800000005, 17.890157, 24.007472, 44.22794
8.77680625, 9.934611499999999, 12.272841499999998, 15.477724100000005, 17.721836, 23.387052469999947, 40.625286
8.783934, 9.961099, 12.31677975, 15.606999500000004, 17.888468, 23.387052469999947, 44.22794
8.642181, 9.111909, 10.788585, 12.389567, 14.027404, 17.786971, 38.813544
8.647676, 9.146333, 10.83907575, 12.426093, 14.015404799999995, 17.699605, 38.813544
8.646259, 9.120862500000001, 10.792518, 12.423639, 13.983646, 17.644383, 38.813544
8.6437615, 9.11539, 10.787559, 12.365818900000004, 13.92961735, 17.644383, 38.813544
8.6450085, 9.107745, 10.799901, 12.426093, 14.0132506, 17.69964492999999, 38.813544
8.650357249999999, 9.126562, 10.801449, 12.423639, 14.039873, 17.699605, 38.813544
8.648023, 9.136702, 10.812846, 12.426093, 13.961357199999998, 17.786071, 38.813544
8.643807, 9.116301499999999, 10.784825, 12.426273, 13.967686449999995, 17.708369, 38.813544
8.642181, 9.110686, 10.799901, 12.426093, 14.06189, 17.703598, 38.813544
8.646164, 9.134672, 10.807164, 12.46260100000001, 14.063715799999997, 17.92199, 38.813544
8.644195499999999, 9.1181595, 10.79312425, 12.42623, 13.94032, 17.703598, 38.813544
8.649533, 9.135331, 10.797017, 12.444263, 14.021462, 17.78608, 38.813544
8.6430295, 9.127207, 10.83277, 12.453529, 14.059407, 17.786071, 38.813544
8.649299749999999, 9.134672, 10.794662, 12.420221, 13.983646, 17.703598, 38.813544
8.64766575, 9.118738, 10.824965, 12.444253100000001, 14.013154, 17.629572, 38.813544
8.647008, 9.140724, 10.816327, 12.426273, 14.062613, 17.844781119999954, 38.813544
8.64713, 9.105206, 10.779551, 12.390487, 13.974307, 17.699605, 38.813544
8.645996, 9.110756, 10.772138, 12.434019, 14.062613, 17.872018, 38.813544
8.647676, 9.129338, 10.820243, 12.419637, 14.039873, 17.708369, 38.813544
8.655723, 9.134672, 10.801449, 12.413431, 13.983646, 17.53853829999999, 38.813544
8.649837, 9.127029, 10.794076, 12.407502, 14.027404, 17.786971, 38.813544
8.775454, 9.929418, 12.240542, 15.480995, 17.786071, 23.387200879999924, 44.22794
8.773802, 9.9159605, 12.214890749999999, 15.415273, 17.793896, 23.685610699999835, 40.625286
8.7782625, 9.9620465, 12.3541615, 15.487277, 17.833334, 23.78864, 40.625286
8.783520249999999, 9.964761, 12.342726, 15.464507200000003, 17.81015, 23.583382189999718, 44.22794
8.77241325, 9.916193, 12.276682, 15.568198300000002, 17.836524949999994, 23.75765695999995, 40.625286
8.77955, 9.934001, 12.246518, 15.44573, 17.721836, 23.436095, 44.22794
8.77779425, 9.933252, 12.297151, 15.545028600000006, 17.888042, 23.507924, 44.22794
8.775271, 9.961099, 12.355993, 15.479987900000003, 17.748616549999994, 23.43647563999994, 44.22794
8.771996249999999, 9.949286, 12.32379, 15.5116672, 17.7437363, 23.386707, 44.22794
8.778396, 9.950419, 12.291426, 15.482149500000006, 17.770134, 23.56251, 44.22794
8.776935, 9.939663, 12.244795, 15.480995, 17.786971, 23.35500521999995, 44.22794
8.77928425, 9.925512, 12.27518, 15.468958400000005, 17.721836, 23.06491576999994, 39.815707
8.7828435, 9.953487, 12.326113, 15.547344100000002, 17.82280555, 23.94210973999995, 44.22794
8.787281, 9.95017, 12.276682, 15.448982800000017, 17.732296199999997, 23.474159, 44.22794
8.775228, 9.939114, 12.23830875, 15.428588300000012, 17.717176249999994, 24.133782, 44.22794
8.776971, 9.9686175, 12.326838, 15.535514, 17.909704, 23.474496649999946, 44.22794
8.776018, 9.956303, 12.31891575, 15.468105, 17.82148, 23.328325209999985, 44.22794
8.775737, 9.923907, 12.294019, 15.557732, 17.88779975, 24.276037, 44.22794
8.774582, 9.921224, 12.273155, 15.415273, 17.709183749999994, 23.223349, 44.22794
8.7776285, 9.948001000000001, 12.32609575, 15.511818600000003, 17.799394349999996, 23.213715309999984, 44.22794
8.77722975, 9.950752, 12.321901, 15.493468900000003, 17.786071, 23.55508004999999, 39.815707
8.77389425, 9.9397945, 12.3021445, 15.62104540000001, 17.844816849999997, 23.17472840999998, 40.625286
8.770030499999999, 9.926991, 12.275447250000001, 15.436998500000007, 17.763987699999998, 23.897121169999878, 44.22794
8.780289, 9.928671000000001, 12.21032, 15.414329, 17.667206149999988, 23.56270114999997, 44.22794
8.782554, 9.97882, 12.352856, 15.471721900000004, 17.644163, 23.328235, 44.22794
8.646301, 9.126939, 10.801449, 12.423639, 14.034355, 17.8129, 38.813544
8.6473725, 9.128324, 10.801294, 12.407502, 14.06189, 17.78704024999999, 38.813544
8.731466, 9.09376, 10.550012, 12.041157700000001, 13.281949, 16.606196, 38.813544
8.730979, 9.088057, 10.538125749999999, 12.008045500000001, 13.123307449999997, 16.60924376999999, 38.813544
8.73099375, 9.074715000000001, 10.515956, 12.028240500000004, 13.162858, 16.680998979999966, 38.404747
8.78881275, 9.050193499999999, 10.247872, 11.655011400000006, 12.472115, 14.932628, 26.889073
8.78383525, 9.049619, 10.2179475, 11.662042, 12.472115, 14.901789, 26.889073
8.784563, 9.050377, 10.229351, 11.659932, 12.462983899999998, 14.902097389999952, 26.889073
8.790425, 9.069178, 10.223743, 11.648901, 12.460371, 14.96492, 26.889073
8.792651, 9.0602105, 10.21686, 11.654684, 12.472115, 15.027702, 26.889073
8.785803, 9.059239, 10.248229, 11.652362, 12.502753, 14.938511, 26.889073
8.786217, 9.05135, 10.238835, 11.617790400000004, 12.383578, 14.873687, 26.889073
8.726923, 9.091729, 10.548709, 12.042906300000002, 13.112988, 16.60924376999999, 38.404747
8.728749, 9.0756875, 10.50156875, 11.979247, 13.139181, 16.468585, 34.462112
8.7265845, 9.083649, 10.52586, 11.977714800000001, 13.117741999999998, 16.335787, 38.813544
8.7282265, 9.073015, 10.525873, 11.992199000000003, 13.112126, 16.468585, 38.813544
8.7269515, 9.089676, 10.554498, 12.040946100000001, 13.096848549999999, 16.645092369999944, 38.404747
8.647031, 9.130221, 10.813056, 12.448787, 14.06189, 17.708369, 38.813544
8.650421, 9.1300015, 10.787559, 12.396406, 14.039873, 17.793896, 38.813544
8.730107, 9.063969, 10.507976, 12.0148483, 13.159834299999998, 16.468887259999953, 38.404747
8.7262105, 9.072837, 10.499997, 11.9371987, 13.126926, 16.468887259999953, 38.813544
8.724767, 9.070416, 10.522811, 11.986339900000003, 13.163769, 16.33591493999998, 38.813544
8.728604, 9.081026, 10.54465, 11.986512, 13.151338299999997, 16.294875919999992, 38.813544
8.725231, 9.063528, 10.496252, 11.968516, 13.097258, 16.5764478, 38.813544
8.728404, 9.070316, 10.509657, 12.027306, 13.156208, 16.468585, 38.813544
8.6452335, 9.119783, 10.7947655, 12.420221, 13.990885, 17.78608, 38.813544
8.647156, 9.142989, 10.802425, 12.45322, 13.974307, 17.708369, 38.813544
8.646909, 9.130221, 10.807164, 12.4261067, 13.957298149999998, 17.793979169999986, 38.813544
8.644217, 9.124091499999999, 10.80250575, 12.418864, 13.95715, 17.872018, 38.813544
8.649243250000001, 9.1478535, 10.802748, 12.418864, 13.96309, 17.703598, 38.813544
8.64897175, 9.126562, 10.784076, 12.411578800000004, 14.034630899999996, 17.786971, 38.813544
8.64909, 9.141598, 10.812846, 12.447701600000002, 14.066710849999996, 17.793896, 38.813544
8.644449250000001, 9.116301499999999, 10.784076, 12.402618, 13.92961735, 17.629720109999976, 38.813544
8.64962175, 9.148478, 10.826103250000001, 12.458521600000003, 14.062389, 17.844506, 38.813544
8.647031, 9.119585, 10.799258250000001, 12.45322, 13.99554189999999, 17.93072364999999, 38.813544
8.645846, 9.14261, 10.803728, 12.413431, 13.93484, 17.802213, 38.813544
8.64738, 9.134672, 10.817596, 12.436356, 14.009579149999999, 17.844506, 38.813544
8.647156, 9.118227, 10.795695, 12.424355, 13.95715, 17.78608, 38.813544
8.646682, 9.129782, 10.802425, 12.424355, 13.991081399999997, 17.802213, 38.813544
8.645996, 9.1278, 10.784076, 12.4262361, 14.034355, 17.844506, 38.813544
8.7828885, 9.961367, 12.35419, 15.580261900000005, 17.843497, 23.684487, 44.22794
8.77782, 9.939926, 12.2856615, 15.520172, 17.870686099999997, 23.421254, 44.22794
8.770949, 9.922558, 12.26868625, 15.445559, 17.893937, 23.213852679999963, 44.22794
8.767671, 9.907324, 12.272274249999999, 15.481921, 17.870686099999997, 23.757344, 44.22794
8.781041, 9.934001, 12.266244, 15.425077, 17.775321, 23.896362, 44.22794
8.779616, 9.945984, 12.31622025, 15.465985, 17.7958544, 23.982799, 44.22794
8.77074575, 9.927777, 12.257653, 15.375848600000003, 17.716931, 23.507924, 44.22794
8.778249, 9.9407815, 12.349758, 15.6022619, 17.856778, 23.508394809999924, 44.22794
8.785014499999999, 9.951926499999999, 12.330184, 15.440287100000004, 17.775701849999997, 23.684487, 44.22794
8.777523500000001, 9.927777, 12.266244, 15.445559, 17.856778, 23.474159, 40.625286
8.7782625, 9.9318195, 12.2413875, 15.43666, 17.699815299999994, 23.386707, 44.22794
8.77950975, 9.9480875, 12.311199, 15.463527600000003, 17.843497, 23.581625, 44.22794
8.77669, 9.955526, 12.331862, 15.625819, 18.01034905, 23.83828265999991, 44.22794
8.786744, 9.937304, 12.33262925, 15.59090990000001, 17.930256, 23.75765695999995, 44.22794
8.778439, 9.902141, 12.268384999999999, 15.544779, 17.856778, 23.896362, 44.22794
8.64791425, 9.134645500000001, 10.776479, 12.429754400000002, 14.0132506, 17.644383, 38.813544
8.653436, 9.126562, 10.813506499999999, 12.426232, 13.964127, 17.699605, 38.813544
8.775099, 9.956494, 12.298854, 15.468105, 17.732042, 23.31325047999996, 44.22794
8.783156, 9.927420000000001, 12.27426, 15.558682, 17.863091, 23.47486268999989, 44.22794
8.772504, 9.954105, 12.340643, 15.563847, 17.844816849999997, 23.684487, 44.22794
8.776905, 9.9382385, 12.308112, 15.513646100000006, 17.888042, 23.213618, 44.22794
8.783793, 9.9459525, 12.339652749999999, 15.569826300000011, 17.793896, 23.544528, 44.22794
8.770949, 9.934746, 12.329836, 15.5116672, 17.768922, 23.43647563999994, 40.625286
8.778396, 9.94805, 12.286538, 15.49627, 17.717276, 23.313008, 44.22794
8.77903525, 9.953048500000001, 12.306214, 15.558682, 17.799246, 23.684487, 44.22794
8.786117, 9.950845, 12.31677975, 15.484432100000005, 17.782938, 23.837696, 44.22794
8.779225, 9.952239500000001, 12.352856, 15.516032, 17.908389, 23.757344, 44.22794
8.780913, 9.940406, 12.272274249999999, 15.508582, 17.782938, 23.582653619999835, 44.22794
8.77223, 9.912433499999999, 12.282988, 15.471721900000004, 17.721836, 23.313008, 44.22794
8.779954, 9.951652, 12.352393, 15.580261900000005, 17.770134, 23.313008, 44.22794
8.777054249999999, 9.9367915, 12.292857249999999, 15.473809, 17.760584, 23.186330629999954, 44.22794
8.77782, 9.929794, 12.27106175, 15.468723, 17.870616, 23.508394809999924, 44.22794
8.776971, 9.955727, 12.27343125, 15.531701199999999, 17.824858099999993, 23.386707, 44.22794
9.115609, 11.249509, 14.092094, 17.406393000000016, 19.89221, 25.569375, 44.22794
9.118958, 11.249421, 14.140549, 17.491898, 20.004899, 25.78681666000001, 44.22794
9.103057, 11.226488, 14.123277000000002, 17.358213, 19.714086, 25.464532, 44.22794
9.114235, 11.249597, 14.09442, 17.40110650000001, 19.927271, 25.616439, 44.22794
9.11546275, 11.251128, 14.092094, 17.387633, 19.781049149999998, 25.259308210000018, 44.22794
9.118958, 11.2329425, 14.072194, 17.439015, 19.966418, 25.677274, 44.22794
9.11223975, 11.26228, 14.05677325, 17.360226600000004, 19.862456, 25.791337, 44.22794
9.130316, 11.250684, 14.08532025, 17.364599, 19.917179149999953, 25.872138, 44.22794
9.110852, 11.198598, 14.061389, 17.289255, 19.706871, 25.569375, 44.22794
9.087077, 11.240114, 14.104936, 17.440367, 19.935798, 25.907049, 44.22794
9.11579025, 11.24558, 14.07293, 17.3186179, 19.782629849999935, 25.569751630000077, 44.22794
9.118958, 11.243894, 14.083681, 17.325379800000004, 19.837517, 25.907049, 44.22794
9.106535, 11.219939, 14.078297, 17.276179, 19.75842, 25.464532, 44.22794
9.116615, 11.234332, 14.05677325, 17.443262, 19.915310399999996, 25.677274, 44.22794
9.112501, 11.240114, 14.083681, 17.361573, 19.91524, 25.872219, 44.22794
9.114416, 11.233535, 14.0803205, 17.351107, 19.781006, 25.607038, 44.22794
9.115342, 11.250684, 14.0840075, 17.394561, 19.878328, 25.90813013000022, 44.22794
9.120837, 11.246008, 14.016196, 17.318689, 19.718137, 25.607038, 44.22794
9.114235, 11.249421, 14.088299, 17.417718, 19.89221, 25.786771, 44.22794
9.116303, 11.259612, 14.016196, 17.357815, 19.89759, 25.791337, 44.22794
9.101617, 11.2049135, 14.07592775, 17.327799, 19.781006, 25.569375, 44.22794
9.105487, 11.20522, 14.059299, 17.3186179, 19.70723174999997, 25.569375, 44.22794
9.110852, 11.227269, 14.055484, 17.316394, 19.75842, 25.791337, 44.22794
9.101617, 11.2177285, 14.011948, 17.361875600000005, 19.837517, 25.677274, 44.22794
9.111456, 11.2268785, 13.994561, 17.361875600000005, 19.991815, 25.678368970000225, 44.22794
9.103655499999999, 11.221152, 14.009528, 17.31861, 19.753229, 25.464532, 44.22794
8.78556575, 9.956237, 12.242366, 15.422896100000003, 17.699605, 22.961117, 44.22794
8.775271, 9.952278, 12.346427, 15.569826300000011, 17.82499929999999, 23.313160269999976, 44.22794
8.780279499999999, 9.958227, 12.299575, 15.464507200000003, 17.644383, 23.421254, 40.625286
8.781862, 9.941116, 12.282786, 15.53738050000001, 17.930970249999998, 24.143075, 44.22794
8.778532, 9.95261, 12.346427, 15.608507, 17.8756064, 23.757344, 44.22794
8.77950975, 9.95588, 12.257653, 15.428588300000012, 17.760584, 23.166823689999987, 44.22794
8.773913, 9.934611499999999, 12.262701, 15.460952, 17.802213, 23.94210973999995, 44.22794
8.778754, 9.939777, 12.29181325, 15.482149500000006, 17.82154205, 23.973925, 44.22794
8.783520249999999, 9.960742, 12.346427, 15.508582, 17.87218785, 23.474159, 40.625286
8.7782005, 9.937491, 12.348656, 15.513381, 17.7958544, 23.581625, 44.22794
8.781234, 9.979511, 12.371778, 15.535514, 17.836158, 23.757344, 44.22794
8.77598975, 9.950752, 12.284758, 15.464343, 17.820659, 23.581625, 44.22794
8.76718675, 9.920398, 12.30174875, 15.466197000000005, 17.748616549999994, 23.474496649999946, 44.22794
8.779389, 9.94504, 12.329836, 15.550152, 17.78309465, 23.47486268999989, 44.22794
8.767492, 9.939777, 12.325159, 15.484206, 17.692836, 23.474159, 44.22794
8.770621499999999, 9.927420000000001, 12.283223, 15.5562682, 17.818695, 23.896816429999927, 44.22794
8.774514, 9.915075, 12.2071375, 15.336607, 17.627487, 23.164686789999998, 40.625286
8.784926, 9.950752, 12.25639875, 15.531695, 17.81015, 23.223349, 44.22794
8.786744, 9.9598245, 12.3332, 15.520172, 17.797553, 23.757344, 44.22794
8.78325, 9.954817, 12.298376, 15.440596400000011, 17.700402, 23.942126199999947, 44.22794
8.780808, 9.959018, 12.32379, 15.487277, 17.770134, 23.313160269999976, 44.22794
8.779902, 9.960827, 12.27343125, 15.481558, 17.717036, 22.916859279999958, 44.22794
8.643998, 9.116944, 10.788663, 12.3563758, 14.021759099999995, 17.69964492999999, 38.813544
8.730107, 9.071783, 10.50731725, 12.01479, 13.206562499999997, 16.394276099999924, 38.813544
8.729935, 9.074949, 10.504042, 11.987073400000012, 13.112978049999997, 16.306208, 38.813544
8.721775, 9.0674195, 10.532912, 12.023924500000005, 13.162858, 16.385151, 38.404747
8.726146, 9.07647, 10.530565, 12.034958700000004, 13.219306, 16.606225819999995, 38.404747
8.73045475, 9.072712, 10.49032825, 11.986512, 13.159804, 16.7835, 34.462112
8.734292, 9.09376, 10.54724875, 12.019635300000003, 13.179254, 16.829223349999978, 38.813544
8.727758249999999, 9.091565500000002, 10.543053, 12.028240500000004, 13.169759249999998, 16.615886, 38.813544
8.7265845, 9.082595000000001, 10.530356, 12.0195132, 13.155389, 16.802209, 38.813544
8.7254, 9.064587, 10.50289, 11.998687800000006, 13.204716, 16.576445, 38.813544
8.724899, 9.070416, 10.517428, 12.023704000000006, 13.151082, 16.609178, 38.813544
8.7254, 9.056102, 10.458587, 11.963576, 13.113219349999996, 16.37829034999999, 38.813544
8.73059375, 9.086715, 10.54021025, 12.041515, 13.222672, 16.604807, 38.813544
8.730998, 9.090352500000002, 10.530235, 12.009955, 13.219201, 16.680998979999966, 38.813544
8.726995, 9.0831195, 10.52586325, 11.971194, 13.090192199999995, 16.31993434999999, 38.404747
8.728706, 9.065575, 10.487328, 11.9723777, 13.151297349999997, 16.499532399999886, 38.813544
8.727006, 9.074401, 10.521886, 12.01479, 13.082029, 16.35054475999998, 38.813544
8.72874675, 9.076073000000001, 10.501912, 11.964631, 13.015672799999995, 16.499532399999886, 38.813544
8.723903, 9.066558, 10.498604499999999, 12.009955, 13.108955849999997, 16.306578, 38.813544
8.7306475, 9.088087999999999, 10.5425985, 12.048697300000006, 13.216864, 16.60481621, 38.813544
8.731162, 9.089957, 10.516906, 12.00186980000001, 13.179390099999999, 16.843217, 38.813544
8.7265845, 9.072301, 10.539176, 12.060236500000007, 13.2520337, 16.609178, 34.462112
8.72341025, 9.065031999999999, 10.50805325, 11.992195500000003, 13.163769, 16.5764478, 38.813544
8.731573, 9.073042000000001, 10.507699, 12.009955, 13.234475, 16.44275985999996, 38.404747
8.73427, 9.085805, 10.537901, 12.0327005, 13.135407, 16.571005939999992, 38.813544
8.7254, 9.0752575, 10.550089250000001, 12.050812900000002, 13.219334049999999, 16.609178, 38.813544
8.726865, 9.066845, 10.528691, 12.022596, 13.151082, 16.576445, 38.813544
8.7282985, 9.059038000000001, 10.494492, 11.973583, 13.221502, 16.703847219999986, 38.813544
8.727382, 9.0862625, 10.525873, 12.020756500000003, 13.216741, 16.468887259999953, 38.813544
8.646164, 9.126235, 10.8072195, 12.424355, 13.991081399999997, 17.699605, 38.813544
8.646338, 9.155742, 10.83873, 12.444263, 14.066505, 17.92199, 38.813544
8.645996, 9.116567, 10.81987625, 12.442949700000003, 13.967338, 17.699605, 38.813544
8.645846, 9.133437, 10.801294, 12.408338200000008, 13.99554189999999, 17.64457709999997, 38.813544
8.646338, 9.118738, 10.799901, 12.413431, 13.907612, 17.629720109999976, 38.813544
8.649245, 9.147918, 10.83674225, 12.426232, 14.013154, 17.960504, 38.813544
8.643807, 9.117357, 10.788663, 12.402768, 13.963141849999998, 17.786071, 38.813544
8.647882, 9.137685, 10.802425, 12.407502, 14.009391, 17.699605, 38.813544
8.646122, 9.127029, 10.801449, 12.448787, 14.06229875, 17.786071, 38.813544
8.64653025, 9.124901, 10.792518, 12.4261067, 14.063569, 17.8129, 38.813544
8.643353, 9.1267505, 10.807386, 12.426552100000006, 13.96309, 17.786071, 38.813544
8.649588, 9.1478535, 10.842357, 12.492389, 14.066505, 17.936827, 38.813544
8.650421, 9.135712, 10.846339, 12.434019, 14.076976, 17.703598, 38.813544
8.645996, 9.135712, 10.788428, 12.419695400000002, 14.009391, 17.793896, 38.813544
8.646122, 9.127385, 10.801736, 12.453529, 13.983646, 17.629572, 38.813544
8.646315, 9.1263985, 10.768044, 12.35633, 13.960113, 17.708369, 38.813544
8.645088, 9.141327, 10.830844, 12.436356, 14.06229875, 17.888042, 38.813544
8.640965, 9.129782, 10.840676, 12.510002500000006, 14.08060959999999, 17.844506, 38.813544
8.647676, 9.134619, 10.813056, 12.434019, 13.984007949999995, 17.548219189999898, 38.813544
8.647442, 9.130221, 10.801449, 12.448787, 14.079938, 17.8129, 38.813544
8.646301, 9.135331, 10.796022, 12.418864, 13.931125, 17.699605, 38.813544
8.650421, 9.148872, 10.82046725, 12.418864, 13.967338, 17.92199, 38.813544
8.646662, 9.129338, 10.789254249999999, 12.430775, 14.009391, 17.703645709999993, 38.813544
8.652642, 9.1478535, 10.817235, 12.467011, 14.070717, 17.844506, 38.813544
8.6452335, 9.135712, 10.815183, 12.418864, 14.027404, 17.629572, 38.813544
8.649534, 9.14294, 10.826103250000001, 12.426273, 13.96309, 17.80231986999998, 38.813544
8.643933, 9.112452, 10.801294, 12.439813, 14.021462, 17.8129, 38.813544
8.646227, 9.141869, 10.820243, 12.459889800000004, 14.076976, 17.844506, 38.813544
8.643998, 9.129782, 10.791028, 12.436356, 14.062389, 17.786071, 38.813544
8.64713, 9.13779, 10.811768, 12.444263, 14.021462, 17.547577, 38.813544
8.646227, 9.111567, 10.802748, 12.447581, 14.062294, 17.703598, 38.813544
8.655285, 9.141965, 10.816327, 12.458397, 14.06189, 17.888042, 38.813544
8.6439015, 9.104269500000001, 10.801294, 12.436074, 13.964127, 17.802213, 38.813544
8.649318, 9.142811, 10.80024925, 12.408001, 13.92961735, 17.786071, 38.813544
8.654945, 9.142635, 10.84455, 12.46260100000001, 14.070717, 17.793896, 38.813544
8.647031, 9.134141, 10.807164, 12.426232, 14.0132506, 17.629572, 38.813544
8.78020275, 9.9454405, 12.329836, 15.493363, 17.797689, 23.544528, 44.22794
8.775228, 9.917581, 12.32237325, 15.582384000000001, 17.998645299999996, 23.328235, 44.22794
8.777615, 9.918971, 12.262701, 15.4738626, 17.797559800000002, 23.35500521999995, 44.22794
8.770732500000001, 9.928506, 12.292975, 15.424087000000004, 17.709183749999994, 23.354685, 44.22794
8.783054, 9.954817, 12.306214, 15.6022619, 17.84354745, 23.337256, 44.22794
8.64791425, 9.137233, 10.794662, 12.418864, 13.974307, 17.699605, 38.813544
8.646227, 9.114951, 10.799901, 12.413431, 14.059407, 17.663793, 38.813544
8.646227, 9.126235, 10.79577675, 12.453529, 14.076976, 17.793896, 38.813544
8.645088, 9.135669499999999, 10.82114, 12.430775, 14.057811, 17.92199, 38.813544
8.652522, 9.137685, 10.830844, 12.478032, 14.070717, 17.92199, 38.813544
8.648051, 9.142811, 10.812846, 12.534186, 14.063715799999997, 17.78704024999999, 38.813544
8.646909, 9.1369675, 10.837245, 12.474183, 14.070717, 17.8129, 38.813544
8.655199999999999, 9.148872, 10.821458, 12.46999800000001, 14.039873, 17.802213, 38.813544
8.64621125, 9.129338, 10.83300125, 12.420221, 14.013154, 17.844506, 38.813544
8.647682, 9.126235, 10.816158, 12.430775, 14.062613, 17.644383, 38.813544
8.649671, 9.142875499999999, 10.835209, 12.447581, 14.062294, 17.888042, 38.813544
8.646881, 9.116301499999999, 10.792782, 12.35633, 13.929538, 17.547577, 38.813544
8.648617, 9.145338, 10.85023975, 12.515008, 14.062294, 17.793896, 38.813544
8.648023, 9.150252, 10.83873, 12.478032, 14.077124099999997, 17.786071, 38.813544
8.647676, 9.134141, 10.797017, 12.439813, 14.06229875, 17.709146019999878, 38.813544
8.646602, 9.126562, 10.802748, 12.440112200000005, 13.951795, 17.708369, 38.813544
8.646315, 9.1220545, 10.791028, 12.46999800000001, 14.027404, 17.793896, 38.813544
8.643058, 9.116036, 10.78780575, 12.436701700000008, 14.027751549999996, 17.786971, 38.813544
8.64921075, 9.135331, 10.8072195, 12.462111, 14.076976, 17.793896, 38.813544
8.653892, 9.152653, 10.8306125, 12.498776, 14.09337, 17.802213, 38.813544
8.645088, 9.118227, 10.783371, 12.426093, 14.057811, 17.703598, 38.813544
8.646227, 9.120862500000001, 10.803248, 12.382462, 13.916690449999997, 17.611796, 38.813544
8.646338, 9.118227, 10.770419, 12.4189413, 14.034355, 17.786071, 38.813544
8.649245, 9.124901, 10.785508499999999, 12.3563758, 13.879635049999997, 17.483054, 38.813544
8.647031, 9.134672, 10.833083, 12.429064, 14.013154, 17.64457709999997, 38.813544
8.646602, 9.112452, 10.774918, 12.439813, 14.034355, 17.703598, 38.813544
8.646259, 9.117321, 10.791028, 12.423639, 13.983646, 17.78608, 38.813544
8.646227, 9.124091499999999, 10.797017, 12.429754400000002, 14.059531149999998, 17.8129, 38.813544
8.6468, 9.141327, 10.788585, 12.402768, 13.961357199999998, 17.538447, 38.813544
8.645088, 9.12137, 10.82476825, 12.492389, 14.10506745, 17.92199, 38.813544
8.645996, 9.12137, 10.801449, 12.480543, 14.06191495, 17.703598, 38.813544
8.64698325, 9.132194, 10.797017, 12.4189413, 13.964127, 17.699605, 38.813544
8.649837, 9.132194, 10.803248, 12.429064, 14.039873, 17.80231986999998, 38.813544
8.643581, 9.117625499999999, 10.802748, 12.434019, 14.021462, 17.802213, 38.813544
8.64897175, 9.126235, 10.802425, 12.424355, 13.967338, 17.844506, 38.813544
8.646122, 9.117393, 10.7799725, 12.424528800000004, 13.964127, 17.699605, 38.813544
8.650166, 9.127385, 10.80133275, 12.448787, 14.062294, 17.786971, 38.813544
8.647008, 9.112278, 10.788376, 12.397027200000014, 14.009391, 17.793896, 38.813544
8.650357249999999, 9.140164, 10.826103250000001, 12.434019, 14.009391, 17.78704024999999, 38.813544
8.645846, 9.133437, 10.813056, 12.45322, 14.070622, 17.78608, 38.813544
8.647641, 9.127029, 10.7886045, 12.4189413, 14.015086, 17.709146019999878, 38.813544
8.649534, 9.141869, 10.82046725, 12.42623, 13.990885, 17.78608, 38.813544
8.647882, 9.116567, 10.792782, 12.434019, 13.961266, 17.629572, 38.404747
8.648051, 9.12794, 10.801736, 12.411373, 14.013154, 17.703598, 38.813544
8.77123175, 9.911799, 12.298854, 15.480995, 17.797559800000002, 23.213715309999984, 44.22794
8.780058, 9.954817, 12.308112, 15.513646100000006, 17.786971, 23.328325209999985, 44.22794
8.778249, 9.953048500000001, 12.317291, 15.613687, 17.960777349999997, 23.75765695999995, 44.22794
8.780032, 9.9554525, 12.284338, 15.589794, 17.981825, 23.684487830000002, 44.22794
8.772383, 9.9344285, 12.339652749999999, 15.531701199999999, 17.797689, 23.684487, 40.625286
8.777696, 9.933626499999999, 12.264354, 15.423977, 17.72919675, 23.186330629999954, 40.625286
8.77722975, 9.938127, 12.331894499999999, 15.584591, 17.890157, 23.23759482999992, 40.625286
8.77658675, 9.9249555, 12.271215999999999, 15.487277, 17.782938, 24.049948, 44.22794
8.77928425, 9.955006000000001, 12.301781, 15.427384, 17.799246, 23.421254, 44.22794
8.784532, 9.956494, 12.311199, 15.556521500000004, 17.844816849999997, 23.17472840999998, 40.625286
8.779836, 9.941116, 12.32056225, 15.513646100000006, 17.768922, 23.287969, 44.22794
8.778439, 9.953125, 12.285942, 15.508888300000008, 17.84354745, 23.896816429999927, 40.625286
8.7776285, 9.936558, 12.275447250000001, 15.440287100000004, 17.716931, 23.28821938999996, 44.22794
8.77782, 9.927777, 12.230413, 15.396501100000018, 17.54613205, 22.995265659999887, 44.22794
8.775352, 9.9669285, 12.292975, 15.58219, 17.960732399999998, 23.544632769999982, 44.22794
8.780808, 9.9492355, 12.3307875, 15.589794, 17.824412, 23.507924, 44.22794
8.783054, 9.967798, 12.332439, 15.4810513, 17.748616549999994, 23.174614, 44.22794
8.781177, 9.939544, 12.329923, 15.468723, 17.768982599999998, 23.28821938999996, 44.22794
8.773582, 9.91966, 12.298376, 15.457872200000008, 17.8129, 23.983441989999896, 44.22794
8.78165975, 9.956398499999999, 12.279196, 15.4738626, 17.69964485, 23.17472840999998, 44.22794
8.79322, 9.976287, 12.344272, 15.513381, 17.824412, 23.55508004999999, 44.22794
8.77777325, 9.9480385, 12.331992, 15.511645, 17.797689, 23.837696, 44.22794
8.781041, 9.945984, 12.308112, 15.505135, 17.863091, 23.337430289999972, 44.22794
8.7668115, 9.918971, 12.279191, 15.422896100000003, 17.656935, 23.35500521999995, 44.22794
8.770949, 9.928858, 12.267887, 15.422896100000003, 17.722196549999996, 23.164686789999998, 44.22794
8.786903500000001, 9.965698, 12.280529, 15.471077, 17.768922, 23.474159, 39.815707
8.77669, 9.939203, 12.303235, 15.464343, 17.856903149999997, 23.287969, 44.22794
8.779304, 9.946836999999999, 12.282786, 15.45753, 17.786116, 23.68457, 44.22794
8.778391500000001, 9.93835, 12.326312249999999, 15.574491, 17.930256, 23.337256, 44.22794
8.77668925, 9.9542155, 12.308479, 15.493363, 17.75720585, 23.684487830000002, 44.22794
8.78132025, 9.94805, 12.262701, 15.465985, 17.703598, 23.288371659999935, 44.22794
8.774562, 9.916399, 12.227114, 15.415509400000005, 17.775321, 23.387052469999947, 44.22794
8.77689, 9.940426500000001, 12.326082, 15.511867, 17.879243, 23.56251, 44.22794
8.777523500000001, 9.940426500000001, 12.276249, 15.468958400000005, 17.786971, 23.474159, 44.22794
8.768894, 9.934477, 12.2858105, 15.433898, 17.799246, 23.23759482999992, 44.22794
8.779129, 9.94165, 12.282786, 15.477485, 17.797553, 24.00786825999994, 44.22794
8.776559, 9.930706, 12.269743, 15.547966, 17.810287499999998, 23.421254, 44.22794
8.778267, 9.949286, 12.3250105, 15.508888300000008, 17.836158, 23.563729769999803, 44.22794
8.77874, 9.9573605, 12.301738, 15.422896100000003, 17.732042, 23.328499499999957, 44.22794
8.77977375, 9.937025, 12.282594, 15.563847, 17.888468, 23.684487, 44.22794
8.77065975, 9.919041, 12.2573395, 15.44573, 17.656935, 23.421402409999978, 44.22794
8.725231, 9.08343, 10.520389, 12.030261, 13.190149649999988, 16.60924507999999, 38.813544
8.78455625, 9.049619, 10.211487, 11.654684, 12.444082649999995, 14.757073, 26.889073
8.789595, 9.057887, 10.240397, 11.654684, 12.423094, 14.94417, 26.889073
8.787855, 9.052158, 10.240397, 11.653518, 12.444344, 15.054253, 26.889073
8.785933, 9.050492, 10.200415750000001, 11.651476, 12.472115, 14.94417, 26.889073
8.7890565, 9.050433, 10.217937, 11.628587, 12.440311, 14.995983, 26.889073
8.786504, 9.054306, 10.23324925, 11.648901, 12.476371, 15.021127, 26.889073
8.789632749999999, 9.060682, 10.258038, 11.648901, 12.404542, 15.027922909999964, 26.889073
8.785933, 9.048317, 10.211487, 11.649735, 12.421048, 14.873687, 26.889073
8.78707, 9.065288, 10.257865500000001, 11.654542, 12.436106, 14.932686829999989, 26.889073
8.781704, 9.05342, 10.220941, 11.662602, 12.465433, 14.953882, 26.889073
8.784408, 9.059367, 10.23312, 11.662684400000002, 12.474753, 15.093761, 26.889073
8.789633, 9.064097, 10.236745, 11.617329, 12.421048, 14.995983, 26.889073
8.779996, 9.048185, 10.202244, 11.63261, 12.436106, 14.938511, 26.889073
8.777923, 9.045009, 10.217979, 11.649208500000002, 12.457105, 14.944267119999985, 26.889073
8.830303, 9.017119, 9.3709855, 10.8379455, 11.721649399999997, 14.05599, 37.448702
8.829287, 9.017180499999998, 9.388761, 10.908232, 11.725576, 13.523188, 37.448702
8.830754, 9.014706, 9.37189225, 10.870517000000001, 11.751342, 13.892522029999954, 37.448702
8.83008525, 9.016922, 9.37869825, 10.882862900000001, 11.7848811, 13.806771, 35.330604
8.83674475, 9.016708999999999, 9.365498, 10.8525195, 11.768963999999997, 13.862926119999951, 35.487972
8.835995, 9.023363, 9.37002575, 10.8391046, 11.760221, 13.720886419999992, 35.734803
8.830016, 9.013102, 9.363056, 10.8525195, 11.77408595, 14.112367, 35.734803
8.83176325, 9.022292, 9.37501, 10.872127, 11.768866, 13.86548, 37.448702
8.834622, 9.0172365, 9.384664, 10.8870733, 11.756911, 13.787759, 35.487972
8.827246, 9.014146, 9.37272225, 10.838018700000001, 11.7465698, 13.787759, 37.448702
8.830983, 9.0167395, 9.359259999999999, 10.8448742, 11.749916, 14.05599, 37.448702
8.82755725, 9.012588000000001, 9.37674275, 10.893938700000001, 11.832118, 13.966802, 37.448702
8.83144975, 9.019366000000002, 9.39062475, 10.9421869, 11.855457049999996, 13.85159, 35.487972
8.83183825, 9.0157375, 9.387766000000001, 10.897342, 11.778166749999999, 13.96692616999998, 37.448702
8.829404, 9.016407000000001, 9.375152, 10.8870733, 11.721657249999996, 13.762149, 35.734803
8.832920000000001, 9.01473, 9.358327, 10.8527218, 11.766874, 13.942673719999961, 35.487972
8.831373, 9.0188825, 9.38114525, 10.883057599999999, 11.801112, 14.006010929999974, 35.734803
8.834227, 9.0192925, 9.375152, 10.875006, 11.770969, 13.729012, 29.227148
8.8302875, 9.015777499999999, 9.358649999999999, 10.907395, 11.832256799999998, 14.121708639999932, 37.448702
8.828576, 9.014931, 9.370365750000001, 10.9031394, 11.836972899999997, 13.979637, 35.330604
8.868863750000001, 9.001815, 9.180037, 9.457004, 9.9920452, 11.961075, 37.448702
8.86658, 9.001322, 9.1830155, 9.466566, 10.023848699999995, 11.913174, 37.448702
8.868146000000001, 9.00201, 9.181369, 9.4498257, 10.003491, 12.007767, 37.448702
8.865594, 9.002257499999999, 9.173861, 9.4445625, 9.95293145, 12.003089, 37.448702
8.868868, 9.005273, 9.18332825, 9.45891, 9.97255, 12.169767, 37.448702
8.864503, 9.003639, 9.18750125, 9.4654596, 9.973715, 11.894847, 35.734803
8.870082, 9.005561, 9.186184, 9.459184700000002, 9.929366, 11.970292, 37.448702
8.867323500000001, 9.005463, 9.18776575, 9.466553, 9.956335899999997, 12.047984, 37.448702
8.863941, 8.9990065, 9.175001, 9.4402319, 9.941171549999996, 11.897877, 37.448702
8.86997025, 9.005145, 9.177047, 9.434658, 9.92934, 11.993545, 37.448702
8.870526, 9.0081585, 9.19236775, 9.499161, 10.0921535, 12.054610680000003, 37.448702
8.870376, 9.005145, 9.178678, 9.445991500000002, 9.927125549999998, 11.993545, 37.448702
8.832172, 9.015486, 9.372248, 10.882844, 11.737039849999999, 13.579848, 35.734803
8.83105, 9.014113, 9.362649000000001, 10.8111618, 11.712666599999999, 13.731506, 37.448702
8.835067, 9.022543, 9.383219, 10.886986, 11.764438149999998, 13.979637, 35.330604
8.8334315, 9.018132, 9.369959, 10.860212, 11.7047943, 13.731506, 37.448702
8.833487250000001, 9.019114, 9.39046, 10.922077, 11.849121, 13.920245, 37.448702
8.831856, 9.017682, 9.36968525, 10.875006, 11.749378, 14.006010929999974, 37.448702
8.836282500000001, 9.021486, 9.3860505, 10.907788, 11.756911, 13.920245, 37.448702
8.833051, 9.014723499999999, 9.36441, 10.848978500000001, 11.764251, 14.056165579999972, 35.734803
8.834838, 9.015316, 9.366718, 10.862161, 11.7740831, 13.966930349999979, 37.448702
8.832752, 9.0182515, 9.37272225, 10.882862900000001, 11.762856, 14.07393618999994, 37.448702
8.83105, 9.0194565, 9.350899, 10.7749112, 11.6953439, 13.749482, 37.448702
8.785754, 9.060496, 10.240397, 11.672563, 12.492187, 15.021127, 26.889073
8.790647750000002, 9.06199, 10.242432, 11.649735, 12.451388749999998, 14.932628, 26.889073
8.783667, 9.046512, 10.19239, 11.643211, 12.471264, 14.932628, 26.889073
8.7841415, 9.044412, 10.2155, 11.64915, 12.462855, 14.932628, 26.889073
8.78464, 9.0516295, 10.199499, 11.6475, 12.469874149999999, 14.901789, 26.889073
8.786515, 9.053087, 10.245774, 11.662684400000002, 12.47708879999999, 15.054253, 26.889073
8.786363999999999, 9.047295, 10.225465, 11.6604761, 12.449812199999998, 14.822824, 26.889073
8.785933, 9.059052, 10.242432, 11.66043, 12.512370149999995, 14.932628, 26.889073
8.789424, 9.059038000000001, 10.233688, 11.638546, 12.469801, 14.901789, 26.889073
8.7907635, 9.057887, 10.223743, 11.6604761, 12.51207335, 14.96492, 26.889073
8.786515, 9.059239, 10.247872, 11.653620400000003, 12.423094, 14.932628, 26.889073
8.78387225, 9.047295, 10.218304, 11.66043, 12.444613699999996, 14.953882, 26.889073
8.791836, 9.053068, 10.229351, 11.663426, 12.457105, 14.932628, 26.889073
8.789633, 9.052158, 10.214038, 11.619728600000006, 12.404542, 14.822824, 26.889073
8.785015, 9.0577405, 10.2483505, 11.662602, 12.496195, 14.96492, 26.889073
8.78843175, 9.05295, 10.233637, 11.638546, 12.492187, 15.093761, 26.889073
8.784391750000001, 9.055830499999999, 10.224222, 11.673554, 12.490727, 14.873687, 26.889073
8.790985, 9.059239, 10.2483505, 11.659932, 12.449738, 14.874276409999906, 26.889073
8.786061, 9.050234, 10.214038, 11.646801, 12.443785, 14.96492, 26.889073
8.784411, 9.053267, 10.230986, 11.653620400000003, 12.471264, 14.94417, 26.889073
8.785522, 9.053087, 10.230684, 11.671043, 12.531929, 14.825471029999923, 26.889073
8.786413, 9.05303, 10.21556475, 11.648901, 12.454684399999998, 14.944267119999985, 19.563106
8.784652, 9.050234, 10.1569845, 11.608409, 12.412934, 14.94417, 26.889073
8.786413, 9.058902, 10.233637, 11.636587100000005, 12.444613699999996, 14.94417, 26.889073
8.789546, 9.054797, 10.21229775, 11.622074, 12.4204191, 14.831535, 26.889073
8.78473325, 9.0499645, 10.225465, 11.652362, 12.421048, 14.94417, 26.889073
8.789157, 9.0584835, 10.269875, 11.676102300000007, 12.469874149999999, 15.054253, 26.889073
8.784399, 9.050971, 10.223743, 11.649735, 12.454557, 14.96492, 26.889073
8.786363999999999, 9.051341, 10.21423225, 11.6170923, 12.388296, 14.815179, 26.889073
8.791319, 9.059082499999999, 10.21686, 11.63261, 12.454557, 14.932628, 26.889073
8.792209, 9.0643625, 10.248715, 11.664709, 12.462983899999998, 14.824984, 26.889073
8.79273875, 9.06636, 10.23057675, 11.650524, 12.426091, 14.953882, 26.889073
8.784519, 9.04866, 10.2307595, 11.653518, 12.476494899999999, 14.995983, 26.889073
8.786741, 9.050942, 10.2307595, 11.671818, 12.476371, 15.049837599999993, 26.889073
8.785227, 9.050398, 10.19530775, 11.622074, 12.451222, 14.938511, 26.889073
8.78462075, 9.054419, 10.23324925, 11.654542, 12.439778, 14.94417, 26.889073
8.7892095, 9.058028, 10.246592, 11.645967, 12.469874149999999, 14.953882, 26.889073
8.78854875, 9.053068, 10.225465, 11.633763, 12.449738, 14.96523062999995, 26.889073
8.783877, 9.050492, 10.246592, 11.651564600000002, 12.474753, 14.824984, 26.889073
8.785803, 9.061725, 10.25528425, 11.693292, 12.492387399999997, 15.02119274999999, 26.889073
8.7816955, 9.045801, 10.21229775, 11.636392, 12.385116, 14.822824, 26.889073
8.784007, 9.046956, 10.217979, 11.64915, 12.454684399999998, 14.953882, 26.889073
8.784101, 9.0467975, 10.221427, 11.632023, 12.385381, 14.804108819999982, 26.889073
8.786217, 9.048128, 10.22807875, 11.648901, 12.444613699999996, 15.021127, 26.889073
8.78691, 9.050426, 10.248229, 11.663426, 12.457105, 14.824984, 26.889073
8.78722075, 9.0530395, 10.213862, 11.625699, 12.353515, 14.747010639999985, 26.889073
8.78856, 9.0602105, 10.230541, 11.648925900000002, 12.42317635, 14.938511, 26.889073
8.785015, 9.05576, 10.242432, 11.651476, 12.426091, 14.953882, 26.889073
8.78722075, 9.0619655, 10.21229775, 11.638343, 12.388296, 14.803997, 26.889073
8.866897999999999, 9.004875, 9.179753, 9.451873, 9.992015, 11.913369010000004, 35.734803
8.868995, 9.0038655, 9.188074499999999, 9.466409, 9.997939, 12.003089, 37.448702
8.863883, 8.998429, 9.1740265, 9.440509200000001, 9.965311, 11.922379000000003, 37.448702
8.865295, 9.003025, 9.183255, 9.457004, 9.961836849999997, 11.89793043, 37.448702
8.8672, 9.004056, 9.173733, 9.445610799999999, 9.932986, 11.932734400000001, 37.448702
8.866639, 9.00457, 9.178972, 9.4457945, 9.905535649999996, 11.999339, 37.448702
8.872313, 9.008104, 9.1840755, 9.455518, 9.965514549999996, 12.007767, 37.448702
8.869473, 9.005273, 9.187261, 9.4452652, 9.92986, 11.970292, 37.448702
8.863845, 9.002208, 9.18035575, 9.4589331, 9.992691599999999, 12.222361, 37.448702
8.865205, 9.004065, 9.176058, 9.458363, 9.998216599999996, 12.054451, 37.448702
8.865562, 9.002618, 9.179931, 9.4567853, 10.014147249999997, 12.223577700000007, 37.448702
8.869538, 9.006014, 9.180444, 9.4584177, 9.961654, 11.832284660000001, 37.448702
8.865295, 9.002709, 9.176826, 9.451816, 10.0051396, 12.007767, 37.448702
8.86257075, 9.00163, 9.170986, 9.4574401, 9.959921199999998, 12.047984, 37.448702
8.872342249999999, 9.018802, 9.210253999999999, 9.485864099999999, 9.812882, 12.454759410000005, 52.853195
8.87426675, 9.022026, 9.214736, 9.482716900000002, 9.787059199999998, 11.89458366, 52.853195
8.880826, 9.0213065, 9.2080415, 9.4764301, 9.825218499999998, 12.419993, 36.893046
8.87506875, 9.020671, 9.209836, 9.480924, 9.825608950000001, 12.330609640000004, 52.853195
8.87681875, 9.023531, 9.215661, 9.4979372, 9.859114, 12.383144040000001, 52.853195
8.78856, 9.042427, 10.20529425, 11.617329, 12.328835599999998, 14.964655909999994, 107.51509064217163
8.78440075, 9.046031, 10.16518, 11.61575, 12.383360450000001, 14.90221281000001, 18.677002
8.783858, 9.057095, 10.2081415, 11.6754744, 12.573157, 15.240136710000007, 26.889073
8.792250249999999, 9.053899000000001, 10.22811725, 11.637046700000003, 12.413339700000002, 14.944267120000001, 19.563106
8.784489, 9.0527835, 10.2702175, 11.6197286, 12.3959, 14.965230630000006, 19.563106
8.78455625, 9.0560315, 10.229568749999999, 11.623949399999999, 12.443785, 14.54422732000002, 26.889073
8.776737, 9.030402500000001, 10.1262465, 11.514289600000001, 12.30340765, 14.712709, 26.889073
8.78462975, 9.053144, 10.14039, 11.6326631, 12.385381, 14.996234440000006, 18.865024
8.78828775, 9.05268, 10.253915, 11.718321000000001, 12.549668, 14.87459933000002, 26.889073
8.7895155, 9.0673615, 10.216468500000001, 11.6074468, 12.378038, 14.736828490000006, 18.474331
8.787975, 9.064592, 10.229568749999999, 11.6197286, 12.343527650000002, 14.71359408000002, 18.865024
8.785754, 9.0503265, 10.259132999999999, 11.6173565, 12.452398550000003, 15.27344427, 26.889073
8.77787175, 9.039844500000001, 10.223942, 11.6757927, 12.4764949, 15.027922910000004, 26.889073
8.788431, 9.070223, 10.25537425, 11.658155400000002, 12.42324385, 15.051692660000041, 26.889073
8.784949, 9.080837500000001, 10.253915, 11.629710000000001, 12.381649450000001, 14.54422732000002, 19.563106
8.78643225, 9.0640875, 10.2307595, 11.664709, 12.50278965, 14.783205930000003, 19.563106
8.780799, 9.0487915, 10.214986249999999, 11.6626844, 12.46987415, 14.832545930000023, 19.563106
8.79515425, 9.053031, 10.233637, 11.6085046, 12.34251325, 14.736828490000006, 26.889073
8.789632749999999, 9.060868, 10.25528425, 11.6332032, 12.444854650000002, 14.832545930000023, 19.563106
8.778822, 9.045887, 10.21229775, 11.634241300000001, 12.4546844, 15.027967510000005, 19.563106
8.788326999999999, 9.047141, 10.1578065, 11.6074468, 12.413339700000002, 14.721862790000005, 26.889073
8.780033, 9.046670500000001, 10.210208999999999, 11.601283, 12.420386, 14.8012448, 26.889073
8.789552, 9.05885, 10.23804825, 11.6429662, 12.36289795, 14.873687, 19.393533
8.8629575, 8.994499999999999, 9.170922, 9.461342, 9.918463749999999, 11.913264409999998, 35.487972
8.8688655, 9.008475, 9.1856675, 9.4404383, 9.914802999999992, 11.993640439999997, 37.448702
8.861243, 9.000365500000001, 9.1665325, 9.4390328, 9.83147895, 11.815764149999996, 37.448702
8.868718999999999, 8.998738, 9.174917749999999, 9.423304, 9.896869999999996, 12.257208, 35.734803
8.868863750000001, 9.001645, 9.163426, 9.438007599999999, 9.905263, 11.971068919999983, 37.448702
8.8688655, 9.001629, 9.1737455, 9.4197991, 9.92986, 11.95858713, 37.448702
8.872097499999999, 9.004051, 9.18610675, 9.4345788, 9.870239, 12.222369769999998, 37.448702
8.8633465, 9.000938999999999, 9.1740265, 9.4589768, 10.023848699999999, 12.495542549999996, 37.448702
8.86952175, 8.999918000000001, 9.169867499999999, 9.434001, 9.881748149999996, 11.913369009999995, 37.448702
8.868897, 9.006015000000001, 9.17341525, 9.461342, 10.071191749999997, 12.074013459999964, 37.448702
8.8644865, 9.010663000000001, 9.19260375, 9.4743106, 10.142236, 11.913174, 35.734803
8.869135, 9.0032625, 9.181374250000001, 9.465835, 9.956609949999997, 11.932545, 37.448702
8.86953325, 9.0021235, 9.175689, 9.4627552, 9.9920452, 11.961075, 35.487972
8.864438, 9.0051635, 9.18012375, 9.4678367, 9.965514549999998, 12.257758649999987, 37.448702
8.86263975, 8.9994405, 9.169932249999999, 9.422217700000001, 9.930678799999995, 12.345519129999992, 35.734803
8.8645, 8.999, 9.165981, 9.4403949, 9.8498015, 11.815764149999996, 35.330604
8.8656115, 9.001126500000002, 9.172958, 9.430244, 9.946236, 11.725889349999992, 37.448702
8.86539475, 9.0012765, 9.17872475, 9.465907699999999, 10.125995699999997, 11.89486393, 37.448702
8.864438, 9.0029145, 9.181413, 9.450355, 10.069289499999998, 12.047984, 29.227148
8.870384999999999, 9.00998, 9.18365475, 9.4625445, 10.053427649999996, 12.315773, 35.487972
8.86608, 9.004037, 9.16716775, 9.419768399999999, 9.9563359, 12.170848299999975, 35.734803
8.862099, 8.996406, 9.170734750000001, 9.4274144, 9.913796399999997, 12.073487519999976, 33.51644
8.8626685, 9.009424, 9.190301, 9.467466, 10.033527299999998, 12.049736539999959, 37.448702
8.858853, 9.003623000000001, 9.176089999999999, 9.471563699999999, 10.09883329999999, 12.277909739999998, 35.487972
8.85976025, 8.996043, 9.18346425, 9.455518, 9.965311, 11.903319539999996, 29.227148
8.859706500000001, 9.002106000000001, 9.1797915, 9.4655506, 10.041665, 12.277909739999998, 35.487972
8.864466499999999, 9.0071105, 9.176628000000001, 9.4307283, 9.932062699999994, 11.894581, 33.51644
8.86794025, 9.0036335, 9.17400625, 9.419954, 9.914144749999995, 11.851862049999994, 37.448702
8.8724035, 9.011227, 9.19247225, 9.465453, 9.92986, 11.615733159999998, 35.487972
8.8704885, 9.0038545, 9.18817925, 9.466553, 10.103606, 12.328172, 35.734803
8.870885999999999, 8.9994665, 9.1984355, 9.4654596, 10.042222949999998, 11.938615, 35.734803
8.86309975, 8.9978905, 9.181743, 9.4589331, 10.073403, 12.328172, 37.448702
8.864146, 9.005956999999999, 9.18293975, 9.4546496, 10.023848699999999, 11.999825449999989, 37.448702
8.87627875, 9.011026999999999, 9.179315, 9.4622593, 9.954057399999995, 11.922378999999996, 33.51644
8.869306, 9.004065, 9.173733, 9.4305888, 9.953168, 11.875033, 37.448702
8.8672015, 9.000945000000002, 9.17908425, 9.4626924, 10.019533799999998, 12.003135779999997, 37.448702
8.87022, 9.003453, 9.173734249999999, 9.4220817, 9.992995749999997, 12.328172, 35.487972
8.86580425, 9.0064475, 9.18182525, 9.4694738, 9.956427099999997, 11.89460059, 35.487972
8.8656115, 9.000938999999999, 9.179931, 9.474042, 10.121721, 12.38223143, 37.448702
8.861778750000001, 8.9983415, 9.174791, 9.431496999999998, 9.962257049999996, 11.898120379999993, 16.928153
8.859225499999999, 9.004057, 9.1781355, 9.455824, 9.92058795, 11.913367709999996, 35.487972
8.8586605, 8.997966, 9.173771, 9.4192139, 9.930965, 11.993545, 33.51644
8.862099, 8.995871000000001, 9.17097775, 9.460310499999999, 9.95293145, 11.851856139999995, 35.487972
8.865205, 9.0048915, 9.17737125, 9.450355, 9.91084745, 11.894930729999999, 37.448702
8.870532, 9.008518, 9.186119999999999, 9.4356989, 9.870484399999999, 11.70621401999999, 33.51644
8.860786749999999, 8.997788, 9.176906, 9.4684183, 10.014147249999999, 11.999339, 35.734803
8.8638885, 9.0007825, 9.178265499999998, 9.496333, 10.083234299999994, 11.932605699999998, 37.448702
8.87036, 9.0040565, 9.173834, 9.4108267, 9.80716165, 11.970524529999995, 29.227148
8.873091, 9.014198, 9.195879, 9.458456, 10.107975149999993, 12.048048669999998, 37.448702
8.8653515, 9.0016295, 9.165393, 9.4432739, 9.929366, 11.597210099999998, 29.227148
8.86165675, 8.993203, 9.168787, 9.414575, 9.77734805, 11.961541919999988, 24.923449
8.873019249999999, 9.0086785, 9.178931, 9.4313164, 9.896695199999998, 12.048208349999994, 35.330604
8.861865, 9.0015375, 9.1710735, 9.459578, 9.920967, 12.279171, 35.734803
8.867202, 9.008588, 9.184515, 9.440054, 9.807, 11.6690115, 33.51644
8.87166475, 9.0125215, 9.18817925, 9.4743106, 9.931461999999998, 12.00353794999999, 37.448702
8.852118, 8.994646500000002, 9.176846000000001, 9.4371546, 9.92058795, 12.054631639999997, 37.448702
8.871723, 9.002618, 9.175987749999999, 9.4500217, 10.06491315, 11.815835809999994, 37.448702
8.87036, 9.001533, 9.182001750000001, 9.450109, 10.004442, 11.894667389999999, 24.923449
8.86676725, 9.00515, 9.18667875, 9.448525, 9.965593249999998, 11.815835809999994, 35.734803
8.86538, 9.0082645, 9.195276250000001, 9.4868994, 10.268306599999995, 12.312307999999998, 37.448702
8.867136, 9.001126500000002, 9.1887645, 9.4882055, 10.018997, 12.048208349999994, 35.734803
8.8753005, 9.0117045, 9.188717, 9.482759399999999, 10.092182, 11.993687219999996, 35.330604
8.872062, 9.0068475, 9.190223, 9.4737549, 10.030114799999998, 11.913264409999998, 35.734803
8.868863750000001, 9.005659, 9.18973425, 9.4876565, 10.068054199999999, 11.96149513999999, 33.51644
8.866957, 8.999006000000001, 9.170088, 9.460722, 9.8474974, 11.898029969999996, 35.734803
8.859109, 8.991377, 9.173303, 9.4234461, 10.006746949999991, 12.003135779999997, 37.448702
8.8729545, 9.002309, 9.17159175, 9.422107800000001, 9.879181, 11.810219539999993, 24.923449
8.8656115, 9.0036335, 9.17332325, 9.432031, 10.0044173, 11.993640439999997, 35.734803
8.868221, 9.0027845, 9.18289725, 9.463269799999999, 10.0679634, 12.420746999999983, 35.734803
8.8687945, 9.000177, 9.173778500000001, 9.4372844, 10.09751464999999, 12.312273, 33.51644
8.86330125, 9.001634, 9.183196500000001, 9.5024181, 10.18769495, 12.223784589999987, 37.448702
8.86144825, 8.9983355, 9.180355, 9.458363, 10.013892, 12.345519129999992, 35.734803
8.8589445, 8.996537, 9.16889025, 9.423889299999999, 9.918443799999999, 12.003135779999997, 37.448702
8.859897, 9.002112, 9.17351, 9.4357627, 9.8792836, 12.257427629999995, 35.734803
8.863435, 9.0014895, 9.1771515, 9.4533499, 10.064897, 12.257427629999995, 35.734803
8.86165375, 8.991579, 9.171033, 9.4199547, 9.853739799999998, 11.839379, 35.487972
8.8638465, 9.004418, 9.180037, 9.4390328, 9.9053934, 11.961167169999998, 35.734803
8.86622, 9.000856, 9.196331749999999, 9.5029479, 10.284728099999999, 12.328372379999996, 35.734803
8.86327925, 9.0083465, 9.195514, 9.4778254, 10.005764699999997, 11.913367709999996, 37.448702
8.864143, 8.992501, 9.170088, 9.4426766, 9.946915699999996, 12.00353794999999, 33.51644
8.862677, 8.9997695, 9.17930075, 9.438148, 9.953168, 11.913264409999998, 35.734803
8.86665425, 9.009176, 9.192344, 9.4656224, 9.985579, 11.970666749999992, 37.448702
8.86926825, 9.0015375, 9.178288, 9.488352, 10.014212849999996, 12.39087, 37.448702
8.8682765, 9.00479, 9.179073500000001, 9.4668544, 10.066058949999995, 12.257414889999996, 35.734803
8.87036, 9.009142, 9.19185825, 9.4891501, 10.0051396, 11.832407149999995, 35.734803
8.868838, 9.004047, 9.1710895, 9.419220800000002, 9.904692049999998, 11.922318299999997, 29.227148
8.863318499999998, 9.005281, 9.19454725, 9.461342, 10.052824, 11.874442, 29.227148
8.862677, 8.994912500000002, 9.173266, 9.430559, 9.897012249999996, 11.683387009999995, 37.448702
8.868221, 8.995316, 9.170845250000001, 9.4450259, 10.029733, 11.970292, 35.330604
8.86258, 9.001728, 9.163219999999999, 9.421171600000001, 9.960386299999998, 11.89655337, 37.448702
8.855615, 9.001581, 9.184955500000001, 9.4657993, 9.94988625, 12.316067529999993, 35.330604
8.872347, 9.003908, 9.17999025, 9.4359473, 10.019224099999999, 12.049727769999958, 37.448702
8.8756785, 9.049675, 9.231658, 9.4936261, 9.715878, 14.706588339999985, 24.370709
8.875205000000001, 9.039905000000001, 9.231253, 9.5128809, 9.729957, 14.39209222, 36.893046
8.884998, 9.050376499999999, 9.25484275, 9.5340485, 9.813175, 16.706771850000003, 36.893046
8.869435, 9.033203, 9.237699, 9.4913099, 9.74535495, 15.571933089999998, 52.853195
8.87331875, 9.0384055, 9.24210275, 9.4978797, 9.7163267, 14.69174642, 52.853195
8.887853, 9.0517965, 9.258368, 9.564559800000001, 9.859979, 15.977705209999998, 52.853195
8.8986195, 9.043569999999999, 9.23752975, 9.5019065, 9.74920055, 11.09759941, 24.370709
8.876223750000001, 9.0431585, 9.260385750000001, 9.5575443, 9.809294249999999, 13.625600859999993, 20.217992
8.87524375, 9.0342085, 9.22899975, 9.468574, 9.79979945, 16.09869635, 19.645042
0, 0, 0, 0, 0, 0, 0
0, 0, 0, 0, 0, 0, 0
0, 0, 0, 0, 0, 0, 0
0, 0, 0, 0, 0, 0, 0
0, 0, 0, 0, 0, 0, 0
0, 0, 0, 0, 0, 0, 0
0, 0, 0, 0, 0, 0, 0
0, 0, 0, 0, 0, 0, 0
0, 0, 0, 0, 0, 0, 0
0, 0, 0, 0, 0, 0, 0
0, 0, 0, 0, 0, 0, 0
0, 0, 0, 0, 0, 0, 0
0, 0, 0, 0, 0, 0, 0
0, 0, 0, 0, 0, 0, 0
0, 0, 0, 0, 0, 0, 0
0, 0, 0, 0, 0, 0, 0
0, 0, 0, 0, 0, 0, 0
0, 0, 0, 0, 0, 0, 0
0, 0, 0, 0, 0, 0, 0
0, 0, 0, 0, 0, 0, 0
0, 0, 0, 0, 0, 0, 0
0, 0, 0, 0, 0, 0, 0
0, 0, 0, 0, 0, 0, 0
0, 0, 0, 0, 0, 0, 0
0, 0, 0, 0, 0, 0, 0
0, 0, 0, 0, 0, 0, 0
0, 0, 0, 0, 0, 0, 0
0, 0, 0, 0, 0, 0, 0
0, 0, 0, 0, 0, 0, 0
0, 0, 0, 0, 0, 0, 0
0, 0, 0, 0, 0, 0, 0
0, 0, 0, 0, 0, 0, 0
0, 0, 0, 0, 0, 0, 0
0, 0, 0, 0, 0, 0, 0
0, 0, 0, 0, 0, 0, 0
0, 0, 0, 0, 0, 0, 0
0, 0, 0, 0, 0, 0, 0
0, 0, 0, 0, 0, 0, 0
0, 0, 0, 0, 0, 0, 0
0, 0, 0, 0, 0, 0, 0
0, 0, 0, 0, 0, 0, 0
0, 0, 0, 0, 0, 0, 0
0, 0, 0, 0, 0, 0, 0
0, 0, 0, 0, 0, 0, 0
0, 0, 0, 0, 0, 0, 0
0, 0, 0, 0, 0, 0, 0
0, 0, 0, 0, 0, 0, 0
0, 0, 0, 0, 0, 0, 0
0, 0, 0, 0, 0, 0, 0
0, 0, 0, 0, 0, 0, 0
0, 0, 0, 0, 0, 0, 0
0, 0, 0, 0, 0, 0, 0
0, 0, 0, 0, 0, 0, 0
0, 0, 0, 0, 0, 0, 0
0, 0, 0, 0, 0, 0, 0
0, 0, 0, 0, 0, 0, 0
0, 0, 0, 0, 0, 0, 0
0, 0, 0, 0, 0, 0, 0
0, 0, 0, 0, 0, 0, 0
0, 0, 0, 0, 0, 0, 0
0, 0, 0, 0, 0, 0, 0
0, 0, 0, 0, 0, 0, 0
0, 0, 0, 0, 0, 0, 0
0, 0, 0, 0, 0, 0, 0
0, 0, 0, 0, 0, 0, 0
0, 0, 0, 0, 0, 0, 0
0, 0, 0, 0, 0, 0, 0
0, 0, 0, 0, 0, 0, 0
0, 0, 0, 0, 0, 0, 0
0, 0, 0, 0, 0, 0, 0
0, 0, 0, 0, 0, 0, 0
0, 0, 0, 0, 0, 0, 0
0, 0, 0, 0, 0, 0, 0
0, 0, 0, 0, 0, 0, 0
0, 0, 0, 0, 0, 0, 0
0, 0, 0, 0, 0, 0, 0
0, 0, 0, 0, 0, 0, 0
0, 0, 0, 0, 0, 0, 0
0, 0, 0, 0, 0, 0, 0
0, 0, 0, 0, 0, 0, 0
0, 0, 0, 0, 0, 0, 0
0, 0, 0, 0, 0, 0, 0
0, 0, 0, 0, 0, 0, 0
0, 0, 0, 0, 0, 0, 0
0, 0, 0, 0, 0, 0, 0
0, 0, 0, 0, 0, 0, 0
0, 0, 0, 0, 0, 0, 0
0, 0, 0, 0, 0, 0, 0
0, 0, 0, 0, 0, 0, 0
0, 0, 0, 0, 0, 0, 0
0, 0, 0, 0, 0, 0, 0
0, 0, 0, 0, 0, 0, 0
0, 0, 0, 0, 0, 0, 0
0, 0, 0, 0, 0, 0, 0
0, 0, 0, 0, 0, 0, 0
0, 0, 0, 0, 0, 0, 0
0, 0, 0, 0, 0, 0, 0
0, 0, 0, 0, 0, 0, 0
0, 0, 0, 0, 0, 0, 0
0, 0, 0, 0, 0, 0, 0
0, 0, 0, 0, 0, 0, 0
0, 0, 0, 0, 0, 0, 0
0, 0, 0, 0, 0, 0, 0
0, 0, 0, 0, 0, 0, 0
0, 0, 0, 0, 0, 0, 0
0, 0, 0, 0, 0, 0, 0
0, 0, 0, 0, 0, 0, 0
0, 0, 0, 0, 0, 0, 0
0, 0, 0, 0, 0, 0, 0
0, 0, 0, 0, 0, 0, 0
0, 0, 0, 0, 0, 0, 0
0, 0, 0, 0, 0, 0, 0
0, 0, 0, 0, 0, 0, 0
0, 0, 0, 0, 0, 0, 0
0, 0, 0, 0, 0, 0, 0
0, 0, 0, 0, 0, 0, 0
0, 0, 0, 0, 0, 0, 0
0, 0, 0, 0, 0, 0, 0
0, 0, 0, 0, 0, 0, 0
0, 0, 0, 0, 0, 0, 0
0, 0, 0, 0, 0, 0, 0
0, 0, 0, 0, 0, 0, 0
0, 0, 0, 0, 0, 0, 0
0, 0, 0, 0, 0, 0, 0
0, 0, 0, 0, 0, 0, 0
0, 0, 0, 0, 0, 0, 0
0, 0, 0, 0, 0, 0, 0
0, 0, 0, 0, 0, 0, 0
0, 0, 0, 0, 0, 0, 0
0, 0, 0, 0, 0, 0, 0
0, 0, 0, 0, 0, 0, 0
0, 0, 0, 0, 0, 0, 0
0, 0, 0, 0, 0, 0, 0
0, 0, 0, 0, 0, 0, 0
0, 0, 0, 0, 0, 0, 0
0, 0, 0, 0, 0, 0, 0
0, 0, 0, 0, 0, 0, 0
0, 0, 0, 0, 0, 0, 0
0, 0, 0, 0, 0, 0, 0
0, 0, 0, 0, 0, 0, 0
0, 0, 0, 0, 0, 0, 0
0, 0, 0, 0, 0, 0, 0
0, 0, 0, 0, 0, 0, 0
0, 0, 0, 0, 0, 0, 0
0, 0, 0, 0, 0, 0, 0
0, 0, 0, 0, 0, 0, 0
0, 0, 0, 0, 0, 0, 0
0, 0, 0, 0, 0, 0, 0
0, 0, 0, 0, 0, 0, 0
0, 0, 0, 0, 0, 0, 0
0, 0, 0, 0, 0, 0, 0
0, 0, 0, 0, 0, 0, 0
0, 0, 0, 0, 0, 0, 0
0, 0, 0, 0, 0, 0, 0
0, 0, 0, 0, 0, 0, 0
0, 0, 0, 0, 0, 0, 0
0, 0, 0, 0, 0, 0, 0
0, 0, 0, 0, 0, 0, 0
0, 0, 0, 0, 0, 0, 0
0, 0, 0, 0, 0, 0, 0
0, 0, 0, 0, 0, 0, 0
0, 0, 0, 0, 0, 0, 0
0, 0, 0, 0, 0, 0, 0
0, 0, 0, 0, 0, 0, 0
0, 0, 0, 0, 0, 0, 0
0, 0, 0, 0, 0, 0, 0
0, 0, 0, 0, 0, 0, 0
0, 0, 0, 0, 0, 0, 0
0, 0, 0, 0, 0, 0, 0
0, 0, 0, 0, 0, 0, 0
0, 0, 0, 0, 0, 0, 0
0, 0, 0, 0, 0, 0, 0
0, 0, 0, 0, 0, 0, 0
0, 0, 0, 0, 0, 0, 0
0, 0, 0, 0, 0, 0, 0
0, 0, 0, 0, 0, 0, 0
0, 0, 0, 0, 0, 0, 0
0, 0, 0, 0, 0, 0, 0
0, 0, 0, 0, 0, 0, 0
0, 0, 0, 0, 0, 0, 0
0, 0, 0, 0, 0, 0, 0
0, 0, 0, 0, 0, 0, 0
0, 0, 0, 0, 0, 0, 0
0, 0, 0, 0, 0, 0, 0
0, 0, 0, 0, 0, 0, 0
0, 0, 0, 0, 0, 0, 0
0, 0, 0, 0, 0, 0, 0
0, 0, 0, 0, 0, 0, 0
0, 0, 0, 0, 0, 0, 0
0, 0, 0, 0, 0, 0, 0
0, 0, 0, 0, 0, 0, 0
0, 0, 0, 0, 0, 0, 0
0, 0, 0, 0, 0, 0, 0
0, 0, 0, 0, 0, 0, 0
0, 0, 0, 0, 0, 0, 0
0, 0, 0, 0, 0, 0, 0
0, 0, 0, 0, 0, 0, 0
0, 0, 0, 0, 0, 0, 0
0, 0, 0, 0, 0, 0, 0
0, 0, 0, 0, 0, 0, 0
0, 0, 0, 0, 0, 0, 0
0, 0, 0, 0, 0, 0, 0
0, 0, 0, 0, 0, 0, 0
0, 0, 0, 0, 0, 0, 0
0, 0, 0, 0, 0, 0, 0
0, 0, 0, 0, 0, 0, 0
0, 0, 0, 0, 0, 0, 0
0, 0, 0, 0, 0, 0, 0
0, 0, 0, 0, 0, 0, 0
0, 0, 0, 0, 0, 0, 0
0, 0, 0, 0, 0, 0, 0
0, 0, 0, 0, 0, 0, 0
0, 0, 0, 0, 0, 0, 0
0, 0, 0, 0, 0, 0, 0
0, 0, 0, 0, 0, 0, 0
0, 0, 0, 0, 0, 0, 0
0, 0, 0, 0, 0, 0, 0
0, 0, 0, 0, 0, 0, 0
0, 0, 0, 0, 0, 0, 0
0, 0, 0, 0, 0, 0, 0
0, 0, 0, 0, 0, 0, 0
0, 0, 0, 0, 0, 0, 0
0, 0, 0, 0, 0, 0, 0
0, 0, 0, 0, 0, 0, 0
0, 0, 0, 0, 0, 0, 0
0, 0, 0, 0, 0, 0, 0
0, 0, 0, 0, 0, 0, 0
0, 0, 0, 0, 0, 0, 0
0, 0, 0, 0, 0, 0, 0
0, 0, 0, 0, 0, 0, 0
0, 0, 0, 0, 0, 0, 0
0, 0, 0, 0, 0, 0, 0
0, 0, 0, 0, 0, 0, 0
0, 0, 0, 0, 0, 0, 0
0, 0, 0, 0, 0, 0, 0
0, 0, 0, 0, 0, 0, 0
0, 0, 0, 0, 0, 0, 0
0, 0, 0, 0, 0, 0, 0
0, 0, 0, 0, 0, 0, 0
0, 0, 0, 0, 0, 0, 0
0, 0, 0, 0, 0, 0, 0
0, 0, 0, 0, 0, 0, 0
0, 0, 0, 0, 0, 0, 0
0, 0, 0, 0, 0, 0, 0
0, 0, 0, 0, 0, 0, 0
0, 0, 0, 0, 0, 0, 0
0, 0, 0, 0, 0, 0, 0
0, 0, 0, 0, 0, 0, 0
0, 0, 0, 0, 0, 0, 0
0, 0, 0, 0, 0, 0, 0
0, 0, 0, 0, 0, 0, 0
0, 0, 0, 0, 0, 0, 0
0, 0, 0, 0, 0, 0, 0
0, 0, 0, 0, 0, 0, 0
0, 0, 0, 0, 0, 0, 0
0, 0, 0, 0, 0, 0, 0
0, 0, 0, 0, 0, 0, 0
0, 0, 0, 0, 0, 0, 0
0, 0, 0, 0, 0, 0, 0
0, 0, 0, 0, 0, 0, 0
0, 0, 0, 0, 0, 0, 0
0, 0, 0, 0, 0, 0, 0
0, 0, 0, 0, 0, 0, 0
0, 0, 0, 0, 0, 0, 0
0, 0, 0, 0, 0, 0, 0
0, 0, 0, 0, 0, 0, 0
0, 0, 0, 0, 0, 0, 0
0, 0, 0, 0, 0, 0, 0
0, 0, 0, 0, 0, 0, 0
0, 0, 0, 0, 0, 0, 0
0, 0, 0, 0, 0, 0, 0
0, 0, 0, 0, 0, 0, 0
0, 0, 0, 0, 0, 0, 0
0, 0, 0, 0, 0, 0, 0
0, 0, 0, 0, 0, 0, 0
0, 0, 0, 0, 0, 0, 0
0, 0, 0, 0, 0, 0, 0
0, 0, 0, 0, 0, 0, 0
0, 0, 0, 0, 0, 0, 0
0, 0, 0, 0, 0, 0, 0
0, 0, 0, 0, 0, 0, 0
0, 0, 0, 0, 0, 0, 0
0, 0, 0, 0, 0, 0, 0
0, 0, 0, 0, 0, 0, 0
0, 0, 0, 0, 0, 0, 0
0, 0, 0, 0, 0, 0, 0
0, 0, 0, 0, 0, 0, 0
0, 0, 0, 0, 0, 0, 0
0, 0, 0, 0, 0, 0, 0
0, 0, 0, 0, 0, 0, 0
0, 0, 0, 0, 0, 0, 0
0, 0, 0, 0, 0, 0, 0
0, 0, 0, 0, 0, 0, 0
0, 0, 0, 0, 0, 0, 0
0, 0, 0, 0, 0, 0, 0
0, 0, 0, 0, 0, 0, 0
0, 0, 0, 0, 0, 0, 0
0, 0, 0, 0, 0, 0, 0
0, 0, 0, 0, 0, 0, 0
0, 0, 0, 0, 0, 0, 0
0, 0, 0, 0, 0, 0, 0
0, 0, 0, 0, 0, 0, 0
0, 0, 0, 0, 0, 0, 0
0, 0, 0, 0, 0, 0, 0
0, 0, 0, 0, 0, 0, 0
0, 0, 0, 0, 0, 0, 0
0, 0, 0, 0, 0, 0, 0
0, 0, 0, 0, 0, 0, 0
0, 0, 0, 0, 0, 0, 0
0, 0, 0, 0, 0, 0, 0
0, 0, 0, 0, 0, 0, 0
0, 0, 0, 0, 0, 0, 0
0, 0, 0, 0, 0, 0, 0
0, 0, 0, 0, 0, 0, 0
0, 0, 0, 0, 0, 0, 0
0, 0, 0, 0, 0, 0, 0
0, 0, 0, 0, 0, 0, 0
0, 0, 0, 0, 0, 0, 0
0, 0, 0, 0, 0, 0, 0
0, 0, 0, 0, 0, 0, 0
0, 0, 0, 0, 0, 0, 0
0, 0, 0, 0, 0, 0, 0
0, 0, 0, 0, 0, 0, 0
0, 0, 0, 0, 0, 0, 0
0, 0, 0, 0, 0, 0, 0
0, 0, 0, 0, 0, 0, 0
0, 0, 0, 0, 0, 0, 0
0, 0, 0, 0, 0, 0, 0
0, 0, 0, 0, 0, 0, 0
0, 0, 0, 0, 0, 0, 0
0, 0, 0, 0, 0, 0, 0
0, 0, 0, 0, 0, 0, 0
0, 0, 0, 0, 0, 0, 0
0, 0, 0, 0, 0, 0, 0
0, 0, 0, 0, 0, 0, 0
0, 0, 0, 0, 0, 0, 0
0, 0, 0, 0, 0, 0, 0
0, 0, 0, 0, 0, 0, 0
0, 0, 0, 0, 0, 0, 0
0, 0, 0, 0, 0, 0, 0
0, 0, 0, 0, 0, 0, 0
0, 0, 0, 0, 0, 0, 0
0, 0, 0, 0, 0, 0, 0
0, 0, 0, 0, 0, 0, 0
0, 0, 0, 0, 0, 0, 0
0, 0, 0, 0, 0, 0, 0
0, 0, 0, 0, 0, 0, 0
0, 0, 0, 0, 0, 0, 0
0, 0, 0, 0, 0, 0, 0
0, 0, 0, 0, 0, 0, 0
0, 0, 0, 0, 0, 0, 0
0, 0, 0, 0, 0, 0, 0
0, 0, 0, 0, 0, 0, 0
0, 0, 0, 0, 0, 0, 0
0, 0, 0, 0, 0, 0, 0
0, 0, 0, 0, 0, 0, 0
0, 0, 0, 0, 0, 0, 0
0, 0, 0, 0, 0, 0, 0
0, 0, 0, 0, 0, 0, 0
0, 0, 0, 0, 0, 0, 0
0, 0, 0, 0, 0, 0, 0
0, 0, 0, 0, 0, 0, 0
0, 0, 0, 0, 0, 0, 0
0, 0, 0, 0, 0, 0, 0
0, 0, 0, 0, 0, 0, 0
0, 0, 0, 0, 0, 0, 0
0, 0, 0, 0, 0, 0, 0
0, 0, 0, 0, 0, 0, 0
0, 0, 0, 0, 0, 0, 0
0, 0, 0, 0, 0, 0, 0
0, 0, 0, 0, 0, 0, 0
0, 0, 0, 0, 0, 0, 0
0, 0, 0, 0, 0, 0, 0
0, 0, 0, 0, 0, 0, 0
0, 0, 0, 0, 0, 0, 0
0, 0, 0, 0, 0, 0, 0
0, 0, 0, 0, 0, 0, 0
0, 0, 0, 0, 0, 0, 0
0, 0, 0, 0, 0, 0, 0
0, 0, 0, 0, 0, 0, 0
0, 0, 0, 0, 0, 0, 0
0, 0, 0, 0, 0, 0, 0
0, 0, 0, 0, 0, 0, 0
0, 0, 0, 0, 0, 0, 0
0, 0, 0, 0, 0, 0, 0
0, 0, 0, 0, 0, 0, 0
0, 0, 0, 0, 0, 0, 0
0, 0, 0, 0, 0, 0, 0
0, 0, 0, 0, 0, 0, 0
0, 0, 0, 0, 0, 0, 0
0, 0, 0, 0, 0, 0, 0
0, 0, 0, 0, 0, 0, 0
0, 0, 0, 0, 0, 0, 0
0, 0, 0, 0, 0, 0, 0
0, 0, 0, 0, 0, 0, 0
0, 0, 0, 0, 0, 0, 0
0, 0, 0, 0, 0, 0, 0
0, 0, 0, 0, 0, 0, 0
0, 0, 0, 0, 0, 0, 0
0, 0, 0, 0, 0, 0, 0
0, 0, 0, 0, 0, 0, 0
0, 0, 0, 0, 0, 0, 0
0, 0, 0, 0, 0, 0, 0
0, 0, 0, 0, 0, 0, 0
0, 0, 0, 0, 0, 0, 0
0, 0, 0, 0, 0, 0, 0
0, 0, 0, 0, 0, 0, 0
0, 0, 0, 0, 0, 0, 0
0, 0, 0, 0, 0, 0, 0
0, 0, 0, 0, 0, 0, 0
0, 0, 0, 0, 0, 0, 0
0, 0, 0, 0, 0, 0, 0
0, 0, 0, 0, 0, 0, 0
0, 0, 0, 0, 0, 0, 0
0, 0, 0, 0, 0, 0, 0
0, 0, 0, 0, 0, 0, 0
0, 0, 0, 0, 0, 0, 0
0, 0, 0, 0, 0, 0, 0
0, 0, 0, 0, 0, 0, 0
0, 0, 0, 0, 0, 0, 0
0, 0, 0, 0, 0, 0, 0
0, 0, 0, 0, 0, 0, 0
0, 0, 0, 0, 0, 0, 0
0, 0, 0, 0, 0, 0, 0
0, 0, 0, 0, 0, 0, 0
0, 0, 0, 0, 0, 0, 0
0, 0, 0, 0, 0, 0, 0
0, 0, 0, 0, 0, 0, 0
0, 0, 0, 0, 0, 0, 0
0, 0, 0, 0, 0, 0, 0
0, 0, 0, 0, 0, 0, 0
0, 0, 0, 0, 0, 0, 0
0, 0, 0, 0, 0, 0, 0
0, 0, 0, 0, 0, 0, 0
0, 0, 0, 0, 0, 0, 0
0, 0, 0, 0, 0, 0, 0
0, 0, 0, 0, 0, 0, 0
0, 0, 0, 0, 0, 0, 0
0, 0, 0, 0, 0, 0, 0
0, 0, 0, 0, 0, 0, 0
0, 0, 0, 0, 0, 0, 0
0, 0, 0, 0, 0, 0, 0
0, 0, 0, 0, 0, 0, 0
0, 0, 0, 0, 0, 0, 0
0, 0, 0, 0, 0, 0, 0
0, 0, 0, 0, 0, 0, 0
0, 0, 0, 0, 0, 0, 0
0, 0, 0, 0, 0, 0, 0
0, 0, 0, 0, 0, 0, 0
0, 0, 0, 0, 0, 0, 0
0, 0, 0, 0, 0, 0, 0
0, 0, 0, 0, 0, 0, 0
0, 0, 0, 0, 0, 0, 0
0, 0, 0, 0, 0, 0, 0
0, 0, 0, 0, 0, 0, 0
0, 0, 0, 0, 0, 0, 0
0, 0, 0, 0, 0, 0, 0
0, 0, 0, 0, 0, 0, 0
0, 0, 0, 0, 0, 0, 0
0, 0, 0, 0, 0, 0, 0
0, 0, 0, 0, 0, 0, 0
0, 0, 0, 0, 0, 0, 0
0, 0, 0, 0, 0, 0, 0
0, 0, 0, 0, 0, 0, 0
0, 0, 0, 0, 0, 0, 0
0, 0, 0, 0, 0, 0, 0
0, 0, 0, 0, 0, 0, 0
0, 0, 0, 0, 0, 0, 0
0, 0, 0, 0, 0, 0, 0
0, 0, 0, 0, 0, 0, 0
0, 0, 0, 0, 0, 0, 0
0, 0, 0, 0, 0, 0, 0
0, 0, 0, 0, 0, 0, 0
0, 0, 0, 0, 0, 0, 0
0, 0, 0, 0, 0, 0, 0
0, 0, 0, 0, 0, 0, 0
0, 0, 0, 0, 0, 0, 0
0, 0, 0, 0, 0, 0, 0
0, 0, 0, 0, 0, 0, 0
0, 0, 0, 0, 0, 0, 0
0, 0, 0, 0, 0, 0, 0
0, 0, 0, 0, 0, 0, 0
0, 0, 0, 0, 0, 0, 0
0, 0, 0, 0, 0, 0, 0
0, 0, 0, 0, 0, 0, 0
0, 0, 0, 0, 0, 0, 0
0, 0, 0, 0, 0, 0, 0
0, 0, 0, 0, 0, 0, 0
0, 0, 0, 0, 0, 0, 0
0, 0, 0, 0, 0, 0, 0
0, 0, 0, 0, 0, 0, 0
0, 0, 0, 0, 0, 0, 0
0, 0, 0, 0, 0, 0, 0
0, 0, 0, 0, 0, 0, 0
0, 0, 0, 0, 0, 0, 0
0, 0, 0, 0, 0, 0, 0
0, 0, 0, 0, 0, 0, 0
0, 0, 0, 0, 0, 0, 0
0, 0, 0, 0, 0, 0, 0
0, 0, 0, 0, 0, 0, 0
0, 0, 0, 0, 0, 0, 0
0, 0, 0, 0, 0, 0, 0
0, 0, 0, 0, 0, 0, 0
0, 0, 0, 0, 0, 0, 0
0, 0, 0, 0, 0, 0, 0
0, 0, 0, 0, 0, 0, 0
0, 0, 0, 0, 0, 0, 0
0, 0, 0, 0, 0, 0, 0
0, 0, 0, 0, 0, 0, 0
0, 0, 0, 0, 0, 0, 0
0, 0, 0, 0, 0, 0, 0
0, 0, 0, 0, 0, 0, 0
0, 0, 0, 0, 0, 0, 0
0, 0, 0, 0, 0, 0, 0
0, 0, 0, 0, 0, 0, 0
0, 0, 0, 0, 0, 0, 0
0, 0, 0, 0, 0, 0, 0
0, 0, 0, 0, 0, 0, 0
0, 0, 0, 0, 0, 0, 0
0, 0, 0, 0, 0, 0, 0
0, 0, 0, 0, 0, 0, 0
0, 0, 0, 0, 0, 0, 0
0, 0, 0, 0, 0, 0, 0
0, 0, 0, 0, 0, 0, 0
0, 0, 0, 0, 0, 0, 0
0, 0, 0, 0, 0, 0, 0
0, 0, 0, 0, 0, 0, 0
0, 0, 0, 0, 0, 0, 0
0, 0, 0, 0, 0, 0, 0
0, 0, 0, 0, 0, 0, 0
0, 0, 0, 0, 0, 0, 0
0, 0, 0, 0, 0, 0, 0
0, 0, 0, 0, 0, 0, 0
0, 0, 0, 0, 0, 0, 0
0, 0, 0, 0, 0, 0, 0
0, 0, 0, 0, 0, 0, 0
0, 0, 0, 0, 0, 0, 0
0, 0, 0, 0, 0, 0, 0
0, 0, 0, 0, 0, 0, 0
0, 0, 0, 0, 0, 0, 0
0, 0, 0, 0, 0, 0, 0
0, 0, 0, 0, 0, 0, 0
0, 0, 0, 0, 0, 0, 0
0, 0, 0, 0, 0, 0, 0
0, 0, 0, 0, 0, 0, 0
0, 0, 0, 0, 0, 0, 0
0, 0, 0, 0, 0, 0, 0
0, 0, 0, 0, 0, 0, 0
0, 0, 0, 0, 0, 0, 0
0, 0, 0, 0, 0, 0, 0
0, 0, 0, 0, 0, 0, 0
0, 0, 0, 0, 0, 0, 0
0, 0, 0, 0, 0, 0, 0
0, 0, 0, 0, 0, 0, 0
0, 0, 0, 0, 0, 0, 0
0, 0, 0, 0, 0, 0, 0
0, 0, 0, 0, 0, 0, 0
0, 0, 0, 0, 0, 0, 0
0, 0, 0, 0, 0, 0, 0
0, 0, 0, 0, 0, 0, 0
0, 0, 0, 0, 0, 0, 0
0, 0, 0, 0, 0, 0, 0
0, 0, 0, 0, 0, 0, 0
0, 0, 0, 0, 0, 0, 0
0, 0, 0, 0, 0, 0, 0
0, 0, 0, 0, 0, 0, 0
0, 0, 0, 0, 0, 0, 0
0, 0, 0, 0, 0, 0, 0
0, 0, 0, 0, 0, 0, 0
0, 0, 0, 0, 0, 0, 0
0, 0, 0, 0, 0, 0, 0
0, 0, 0, 0, 0, 0, 0
0, 0, 0, 0, 0, 0, 0
0, 0, 0, 0, 0, 0, 0
0, 0, 0, 0, 0, 0, 0
0, 0, 0, 0, 0, 0, 0
0, 0, 0, 0, 0, 0, 0
0, 0, 0, 0, 0, 0, 0
0, 0, 0, 0, 0, 0, 0
0, 0, 0, 0, 0, 0, 0
0, 0, 0, 0, 0, 0, 0
0, 0, 0, 0, 0, 0, 0
0, 0, 0, 0, 0, 0, 0
0, 0, 0, 0, 0, 0, 0
0, 0, 0, 0, 0, 0, 0
0, 0, 0, 0, 0, 0, 0
0, 0, 0, 0, 0, 0, 0
0, 0, 0, 0, 0, 0, 0
0, 0, 0, 0, 0, 0, 0
0, 0, 0, 0, 0, 0, 0
0, 0, 0, 0, 0, 0, 0
0, 0, 0, 0, 0, 0, 0
0, 0, 0, 0, 0, 0, 0
0, 0, 0, 0, 0, 0, 0
0, 0, 0, 0, 0, 0, 0
0, 0, 0, 0, 0, 0, 0
0, 0, 0, 0, 0, 0, 0
0, 0, 0, 0, 0, 0, 0
0, 0, 0, 0, 0, 0, 0
0, 0, 0, 0, 0, 0, 0
0, 0, 0, 0, 0, 0, 0
0, 0, 0, 0, 0, 0, 0
0, 0, 0, 0, 0, 0, 0
0, 0, 0, 0, 0, 0, 0
0, 0, 0, 0, 0, 0, 0
0, 0, 0, 0, 0, 0, 0
0, 0, 0, 0, 0, 0, 0
0, 0, 0, 0, 0, 0, 0
0, 0, 0, 0, 0, 0, 0
0, 0, 0, 0, 0, 0, 0
0, 0, 0, 0, 0, 0, 0
0, 0, 0, 0, 0, 0, 0
0, 0, 0, 0, 0, 0, 0
0, 0, 0, 0, 0, 0, 0
0, 0, 0, 0, 0, 0, 0
0, 0, 0, 0, 0, 0, 0
0, 0, 0, 0, 0, 0, 0
0, 0, 0, 0, 0, 0, 0
0, 0, 0, 0, 0, 0, 0
0, 0, 0, 0, 0, 0, 0
0, 0, 0, 0, 0, 0, 0
0, 0, 0, 0, 0, 0, 0
0, 0, 0, 0, 0, 0, 0
0, 0, 0, 0, 0, 0, 0
0, 0, 0, 0, 0, 0, 0
0, 0, 0, 0, 0, 0, 0
0, 0, 0, 0, 0, 0, 0
0, 0, 0, 0, 0, 0, 0
0, 0, 0, 0, 0, 0, 0
0, 0, 0, 0, 0, 0, 0
0, 0, 0, 0, 0, 0, 0
0, 0, 0, 0, 0, 0, 0
0, 0, 0, 0, 0, 0, 0
0, 0, 0, 0, 0, 0, 0
0, 0, 0, 0, 0, 0, 0
0, 0, 0, 0, 0, 0, 0
0, 0, 0, 0, 0, 0, 0
0, 0, 0, 0, 0, 0, 0
0, 0, 0, 0, 0, 0, 0
0, 0, 0, 0, 0, 0, 0
0, 0, 0, 0, 0, 0, 0
0, 0, 0, 0, 0, 0, 0
0, 0, 0, 0, 0, 0, 0
0, 0, 0, 0, 0, 0, 0
0, 0, 0, 0, 0, 0, 0
0, 0, 0, 0, 0, 0, 0
0, 0, 0, 0, 0, 0, 0
0, 0, 0, 0, 0, 0, 0
0, 0, 0, 0, 0, 0, 0
0, 0, 0, 0, 0, 0, 0
0, 0, 0, 0, 0, 0, 0
8.90440575, 9.0591565, 9.263069999999999, 9.558926800000002, 9.8509622, 14.745257449999986, 36.893046
8.883958, 9.0414625, 9.2328625, 9.5501921, 9.799682449999999, 16.901132889999996, 36.893046
8.8838815, 9.0426855, 9.24595475, 9.482426, 9.6921317, 13.740221009999997, 22.552578
8.887834, 9.044667, 9.2430445, 9.5271103, 9.73346475, 14.198692259999996, 19.656824
8.88703775, 9.031642000000002, 9.228037, 9.4964481, 9.7331708, 13.485379, 22.552578
8.88090825, 9.0407425, 9.229640250000001, 9.495275, 9.773925, 14.005369839999995, 21.371576
8.887533999999999, 9.0369975, 9.23767725, 9.516987, 9.73490655, 13.55488314, 19.502914
8.885962249999999, 9.050318, 9.2616945, 9.551241, 9.8419836, 15.872548, 19.645042
8.8807175, 9.039581, 9.22998975, 9.479855700000002, 9.6940964, 14.418908019999996, 23.303856
8.89117925, 9.050684, 9.2584225, 9.5331137, 9.782297250000001, 13.488560829999997, 19.656824
8.87688275, 9.034335500000001, 9.241672, 9.5204898, 9.784900799999999, 16.604573739999996, 52.853195
8.886119, 9.0400755, 9.25043925, 9.5419367, 9.75677875, 11.994732, 21.371576
8.87151, 9.027953, 9.21189325, 9.4993193, 9.76471995, 15.977419659999999, 22.552578
8.892615, 9.040264, 9.2359655, 9.4989448, 9.73065615, 11.826349019999988, 32.855096
8.874377, 9.033602, 9.22617725, 9.4668866, 9.687040099999999, 14.466977359999985, 52.853195
8.896889, 9.054445999999999, 9.2448075, 9.5032753, 9.70925465, 11.453371329999998, 36.893046
8.8890405, 9.0424215, 9.24263275, 9.4953569, 9.73436495, 14.73195576, 36.893046
8.88977075, 9.03386, 9.230590750000001, 9.5506695, 9.87414115, 14.73195576, 21.371576
8.87234175, 9.030508, 9.232699, 9.531831, 9.7180662, 15.575011389999995, 32.855096
8.88947175, 9.0379925, 9.241987, 9.5187433, 9.7350233, 11.061679859999996, 36.893046
8.8750885, 9.039659499999999, 9.2329775, 9.510701800000001, 9.812892, 14.10601301, 32.855096
8.895335, 9.042971999999999, 9.24972775, 9.5114411, 9.7647849, 11.814456379999998, 21.371576
8.8778925, 9.0327245, 9.228519, 9.478583500000001, 9.6808719, 11.985390689999988, 23.303856
8.87316325, 9.0540845, 9.25817625, 9.5321494, 9.757248950000001, 10.882688179999999, 21.371576
8.881673750000001, 9.042701, 9.25004075, 9.5184236, 9.758082649999999, 12.009638469999988, 36.893046
8.893662, 9.0544515, 9.249952, 9.4921123, 9.71898395, 14.391847, 52.853195
8.8800155, 9.0310135, 9.2214475, 9.4535737, 9.6433229, 10.63994178, 22.552578
8.87895225, 9.030362499999999, 9.224349, 9.518374600000001, 9.757534, 14.746708129999986, 36.893046
8.87878925, 9.0436275, 9.235054, 9.498155, 9.7255285, 13.738322099999998, 32.855096
8.89608975, 9.059606, 9.2521565, 9.5267971, 9.8132033, 14.898931, 20.217992
8.89360375, 9.0460365, 9.22952475, 9.495432800000001, 9.70905785, 11.19798953, 36.893046
8.876773, 9.029697, 9.230826, 9.483208900000001, 9.723240800000001, 15.270897249999992, 20.217992
8.89219475, 9.035566, 9.222956499999999, 9.5536467, 9.877390349999999, 15.723825249999997, 32.855096
8.88026225, 9.039238000000001, 9.25285225, 9.5233372, 9.8239536, 14.605914929999999, 52.853195
8.88955475, 9.050061, 9.248186, 9.5108721, 9.78836215, 15.97762476, 36.893046
8.9003225, 9.0477935, 9.2545105, 9.5193985, 9.757905749999999, 15.271102349999992, 23.303856
8.88789425, 9.04253, 9.22971575, 9.4832924, 9.7301612, 14.902573969999995, 22.552578
8.8951675, 9.04018, 9.244346499999999, 9.511582, 9.75601515, 14.198692259999996, 24.370709
8.88825375, 9.047645, 9.2281795, 9.4917069, 9.6858004, 14.394631239999997, 36.893046
8.90121875, 9.047803, 9.237981, 9.4854533, 9.66043995, 11.826349019999988, 21.371576
8.8873145, 9.0387565, 9.23258675, 9.4843566, 9.757871199999999, 13.554247, 36.893046
8.88982025, 9.04307, 9.234214, 9.5239071, 9.80910795, 16.658843, 52.853195
8.8905165, 9.0326015, 9.2309155, 9.495200000000002, 9.69381415, 13.165980879999996, 24.370709
8.87949725, 9.0253555, 9.21050225, 9.4653973, 9.67615315, 13.617861, 24.370709
8.888704, 9.047805499999999, 9.246192, 9.526689300000001, 9.764063499999999, 11.376701289999998, 24.370709
8.884263, 9.0266005, 9.224062, 9.4777527, 9.6669389, 11.16753582999997, 36.893046
8.88581475, 9.036480000000001, 9.23108475, 9.5234055, 9.7953201, 15.723825249999997, 24.370709
8.8820355, 9.0446395, 9.222326, 9.4540012, 9.6754062, 11.68165, 52.853195
8.887145, 9.051684999999999, 9.242308, 9.4859747, 9.733164, 11.445089979999997, 19.892145
8.9022465, 9.045958500000001, 9.26537425, 9.5390367, 9.808172899999999, 16.18153611, 24.370709
8.8799755, 9.042033, 9.252756, 9.503468, 9.7241743, 14.731487, 23.303856
8.88331475, 9.0472325, 9.23811025, 9.5507332, 9.7767844, 16.362384, 36.893046
8.87971775, 9.0334275, 9.2397525, 9.5300094, 9.765896399999999, 14.786283509999993, 36.893046
8.8841905, 9.0451795, 9.2295575, 9.5256207, 9.7413557, 13.234894149999999, 52.853195
8.891221250000001, 9.047579500000001, 9.260206, 9.5567154, 9.82943715, 16.110048579999997, 32.855096
8.885788999999999, 9.040662000000001, 9.248435, 9.511752300000001, 9.72000705, 13.730684159999997, 52.853195
8.88006025, 9.03, 9.25597, 9.5436435, 9.807367, 14.419520179999997, 19.502914
8.882492, 9.0459215, 9.235971, 9.5117613, 9.7196483, 14.693420859999998, 36.893046
8.876028, 9.038055, 9.227148999999999, 9.4947709, 9.69291795, 11.984687639999988, 19.892145
8.883462, 9.029447, 9.21714725, 9.5198362, 9.7392825, 15.725686849999997, 32.855096
8.901998, 9.0521575, 9.23942125, 9.5267971, 9.858428649999999, 15.976887, 24.370709
8.88706025, 9.037532500000001, 9.242416500000001, 9.5348939, 9.7950131, 14.434156339999998, 19.892145
8.9004615, 9.0605415, 9.2620905, 9.5352856, 9.7719557, 11.984687639999988, 22.552578
8.8854985, 9.031611999999999, 9.225957750000001, 9.4831965, 9.691798850000001, 10.548624679999998, 52.853195
8.89149525, 9.043637, 9.22614125, 9.4831936, 9.72631655, 11.260672849999995, 19.587514
8.878986, 9.0337335, 9.23582875, 9.5054959, 9.734277449999999, 15.271182799999993, 36.893046
8.78472625, 9.040628, 10.20302675, 11.6197286, 12.444344, 14.938511, 26.889073
8.792197, 9.059082499999999, 10.247872, 11.642508000000001, 12.539855, 15.027702, 18.66297
8.638838750000001, 9.0874435, 10.673642, 12.3318639, 13.94272, 17.629720110000004, 38.813544
8.637882, 9.116944, 10.772138, 12.474778500000003, 14.106434499999994, 17.813651420000017, 38.813544
8.640605, 9.128324, 10.749449, 12.414051600000002, 13.892058599999988, 17.629720110000004, 38.813544
9.11837225, 11.2391595, 14.0840075, 17.33080060000001, 19.83876394999998, 25.267843, 40.625286
9.09683975, 11.289213499999999, 14.11110425, 17.285888, 19.753229, 25.570453990000026, 40.625286
9.103855, 11.197364, 14.06109925, 17.4483959, 19.83876394999998, 26.016247410000023, 44.22794
9.10878, 11.305139, 14.048942, 17.379265, 20.088730049999995, 25.678368970000026, 40.625286
9.13014425, 11.281239, 14.11830475, 17.4391502, 19.71937149999998, 25.87213881, 40.625286
9.131891, 11.2200875, 14.1235, 17.3602266, 19.99185975, 25.678368970000026, 44.22794
9.099284, 11.251128, 14.179186, 17.443795100000003, 19.78104915, 25.786816660000003, 44.22794
9.114035750000001, 11.252105499999999, 14.078297, 17.2416172, 19.742827, 25.60713201, 44.22794
9.115582499999999, 11.230704, 14.12354325, 17.491898, 19.975074, 25.78762467000002, 44.22794
9.099244, 11.2297175, 14.0341645, 17.4493912, 19.966850799999996, 25.872138, 44.22794
9.114064, 11.205217000000001, 14.140952, 17.5935792, 20.082937, 26.511409660000005, 44.22794
9.115582499999999, 11.275044000000001, 14.280618500000001, 17.682270000000003, 20.122405499999992, 26.564250540000003, 44.22794
9.08964025, 11.20299, 14.060525, 17.3189577, 19.67644494999999, 24.987634, 44.22794
9.10827125, 11.199526, 14.0840075, 17.460678, 20.004899, 25.33463687000001, 44.22794
9.103959999999999, 11.165062, 14.071423, 17.265431900000003, 19.582581149999996, 24.82327832000002, 37.948082
9.13181575, 11.315802, 14.150048250000001, 17.645440200000003, 20.050871, 26.508677560000002, 44.22794
9.098896, 11.223968, 14.096689, 17.431597000000004, 19.690333, 25.464532, 40.625286
9.11437075, 11.226488, 14.010739749999999, 17.304474, 19.781869, 25.259308210000004, 44.22794
9.1312205, 11.342400999999999, 14.091211, 17.454936, 19.781006, 25.874733840000054, 44.22794
9.09865275, 11.2213, 14.060525, 17.42958, 19.966418, 26.016247410000023, 44.22794
9.110354, 11.220666999999999, 14.061389, 17.297558, 19.87902209999999, 25.617047350000014, 40.625286
9.116303, 11.264655, 14.08532025, 17.492331200000002, 20.076058, 26.016247410000023, 44.22794
9.12046875, 11.207549499999999, 14.088299, 17.369627, 19.78262984999999, 25.018097, 44.22794
9.09992825, 11.284728, 14.123314, 17.434288, 19.935798, 25.792145820000016, 40.625286
9.1191845, 11.288996, 14.031445, 17.361573, 19.753229, 25.678368970000026, 37.948082
9.119095, 11.228, 14.1133225, 17.4391502, 19.897960549999997, 24.987938630000006, 40.625286
9.12360075, 11.258859, 14.16959625, 17.3209431, 19.745184, 25.60713201, 44.22794
9.12318, 11.268985, 14.104613500000001, 17.419076000000004, 19.937328999999977, 25.616439, 39.815707
9.1249915, 11.294372, 14.034091499999999, 17.2894733, 19.67326735, 25.56984564000001, 44.22794
9.116537, 11.253994500000001, 14.107894, 17.717036, 20.076058, 26.206309990000005, 44.22794
9.084598, 11.199526, 13.974348, 17.23061, 19.679914349999994, 25.101169370000015, 40.625286
9.114416, 11.289213499999999, 14.181481, 17.226536, 19.679366, 25.678414630000024, 44.22794
9.078278, 11.1964775, 14.11824275, 17.32771060000001, 19.97427919999998, 25.46605107000003, 44.22794
9.103655499999999, 11.2485435, 14.128668, 17.56115, 19.966418, 25.607740360000015, 44.22794
9.079098, 11.070176, 13.96009, 17.274912500000003, 19.837517, 25.791337, 44.22794
9.133521, 11.23235, 14.036840999999999, 17.546056, 20.088464, 26.312623880000032, 40.625286
9.135427, 11.245794, 14.140549, 17.513247200000002, 19.975911049999986, 25.791337, 40.625286
9.101248499999999, 11.133226, 14.00984425, 17.364599, 19.863045149999994, 25.78762467000002, 40.625286
9.114581, 11.284728, 14.116295, 17.630696, 20.17710315, 26.016247410000023, 44.22794
9.1312205, 11.270161000000002, 14.1750555, 17.370190800000003, 19.874443449999998, 26.206309990000005, 44.22794
9.113677, 11.190782500000001, 13.999465, 17.19669, 19.690333, 25.171892, 44.22794
9.12046875, 11.289431, 14.1411, 17.429751800000002, 19.742827, 25.33463687000001, 44.22794
9.138358, 11.2865505, 14.10676175, 17.3602266, 19.819811, 25.678368970000026, 39.815707
9.12046875, 11.257656, 14.08754275, 17.358213, 19.83876394999998, 26.508652, 44.22794
9.131523249999999, 11.2555385, 14.036840999999999, 17.325111, 19.755463399999968, 25.464532, 40.625286
9.1013555, 11.261554, 14.088299, 17.419375000000006, 19.99185975, 26.124527060000016, 44.22794
9.122391749999998, 11.356788, 14.12365425, 17.472874, 19.991815, 26.015162, 44.22794
9.103995, 11.2686595, 13.98881575, 17.4406565, 19.99319179999999, 26.016247410000023, 44.22794
9.118879999999999, 11.279103, 14.17608125, 17.357815, 19.837517, 25.60713201, 44.22794
10.26499475, 12.859415, 16.74775975, 21.143695, 23.94933594999998, 30.417583, 43.791491
10.16261025, 12.8173565, 16.530818, 21.139893400000002, 24.100848, 30.310142260000024, 43.791491
10.199998, 12.811687, 16.552877, 20.975632, 23.810351, 30.024528, 40.498626
10.221005, 12.852266, 16.750946, 21.069272700000003, 24.073788899999993, 30.20235486000002, 43.791491
10.192312, 12.8203075, 16.662146, 21.074114100000006, 24.044883, 30.299877, 43.791491
8.788432, 9.054177, 10.216847999999999, 11.623748, 12.450534199999984, 14.932628, 96.23084306440475
8.830754, 9.015245, 9.3667335, 10.8670304, 11.762814599999999, 14.022859149999995, 37.448702
8.834255, 9.0150225, 9.35977875, 10.841444200000002, 11.768971149999997, 13.788397309999898, 37.448702
8.86394, 9.0029145, 9.185154, 9.454555899999999, 10.0051396, 12.008169170000007, 37.448702
8.86247475, 8.999001, 9.171114, 9.441303, 9.969382, 11.9326057, 37.448702
8.863328, 9.0010035, 9.174747, 9.44659, 9.956335899999997, 11.970292, 35.487972
8.864727, 9.002709, 9.18719875, 9.4615561, 9.969382, 11.958562, 37.448702
8.868422, 9.0056735, 9.18515575, 9.45891, 9.961836849999997, 11.958587130000002, 37.448702
8.864473, 9.000893, 9.17261825, 9.439427, 9.95983, 11.993545, 35.734803
8.86384, 9.0007825, 9.17653875, 9.4545219, 10.003491, 11.999376500000002, 37.448702
8.866778, 9.004557, 9.183196500000001, 9.439427, 9.946413649999998, 11.932734400000001, 35.734803
8.86394, 9.005688, 9.185034, 9.457346, 9.992015, 12.054451, 37.448702
8.87233775, 9.01925, 9.206437, 9.468322, 9.791958, 11.815835810000005, 37.448702
8.874903250000001, 9.019992, 9.21505075, 9.4852188, 9.829259449999999, 12.708149720000002, 52.853195
8.87416925, 9.020597500000001, 9.212811, 9.4842499, 9.81624, 12.328172, 52.853195
8.87736825, 9.023488, 9.215268, 9.497603100000001, 9.879181, 12.454759410000005, 36.893046
8.863645, 9.000277, 9.178934, 9.449816, 9.953317199999997, 11.938814470000004, 37.448702
8.868245, 9.005045, 9.1840755, 9.466409, 9.994071, 11.993545, 37.448702
8.86912225, 9.00286, 9.176026, 9.453075, 9.973715, 11.894863930000001, 37.448702
8.862677, 9.0029425, 9.17874125, 9.465835, 10.023539, 11.913174, 37.448702
8.869084, 9.0038935, 9.183177, 9.438996, 9.973715, 12.22236977, 37.448702
8.866416, 9.004056, 9.178993, 9.458109, 9.916202749999997, 11.958679300000004, 37.448702
8.83323325, 9.016439, 9.36800825, 10.894063, 11.7848811, 14.094519279999972, 35.734803
8.8291965, 9.014589, 9.35988775, 10.85506, 11.7848811, 13.640810209999987, 37.448702
8.832902, 9.016928, 9.3824915, 10.900596, 11.834971549999999, 13.731506, 35.734803
8.833051, 9.0182105, 9.369563, 10.8667645, 11.851628, 14.005841, 37.448702
8.832921, 9.013644, 9.360229, 10.856013, 11.771708649999997, 13.979899039999959, 37.448702
8.8331085, 9.015366, 9.37227875, 10.884418, 11.761705249999999, 13.942673719999961, 37.448702
8.83086, 9.013862, 9.3802995, 10.8948491, 11.774978, 13.775378, 37.448702
8.83071, 9.016759, 9.365380250000001, 10.8686045, 11.78065595, 13.787949119999968, 35.734803
8.834065, 9.016027999999999, 9.36765475, 10.870778, 11.749923200000001, 14.134977799999955, 37.448702
8.8351155, 9.018692000000001, 9.375854, 10.893938700000001, 11.777492899999999, 13.640810209999987, 29.227148
8.833710250000001, 9.025109, 9.384562, 10.900963, 11.784788, 14.036971, 37.448702
8.784949, 9.047965, 10.214038, 11.628587, 12.457105, 15.027702, 26.889073
8.78503225, 9.0578155, 10.214038, 11.632023, 12.451222, 14.901789, 26.889073
8.7890565, 9.059038000000001, 10.24796125, 11.633141, 12.384728, 14.831535, 26.889073
8.725592, 9.089109, 10.555646, 12.042061200000004, 13.204716, 16.60924507999999, 38.813544
8.72807575, 9.0759675, 10.52273125, 12.02847960000001, 13.126926, 16.316712, 38.813544
8.727411, 9.084214, 10.521074, 12.021884300000002, 13.15082835, 16.38437187, 38.404747
8.646164, 9.122739, 10.788376, 12.411373, 14.021759099999995, 17.872018, 38.404747
8.64688175, 9.137685, 10.795076, 12.453529, 13.964127, 17.61197375999997, 38.813544
8.78061275, 9.952278, 12.309544, 15.569826300000011, 17.900589, 23.354685, 40.625286
8.7782625, 9.934001, 12.339353, 15.508582, 17.844506, 23.581625, 44.22794
8.7830255, 9.937025, 12.291358, 15.501056, 17.79776685, 23.28821938999996, 40.625286
8.769416, 9.934746, 12.23830875, 15.440287100000004, 17.709183749999994, 23.313160269999976, 44.22794
8.778267, 9.9391585, 12.32608975, 15.558682, 17.863091, 23.544528, 44.22794
8.783226500000001, 9.939891, 12.340552, 15.557827000000001, 17.787317249999997, 23.23759482999992, 44.22794
8.649129, 9.134619, 10.801294, 12.424355, 13.991081399999997, 17.786971, 38.813544
8.646227, 9.1196155, 10.803248, 12.426093, 14.070717, 17.844506, 38.813544
8.64766575, 9.112365, 10.796022, 12.426093, 14.070622, 17.78608, 38.813544
8.726971500000001, 9.07048, 10.50838275, 11.993961500000008, 13.108955849999997, 16.605728, 38.813544
8.72931925, 9.087466500000001, 10.54133075, 12.018876, 13.181976, 16.5764478, 38.813544
8.727295, 9.079332, 10.527864, 11.977721000000003, 13.185883849999989, 16.606225819999995, 38.813544
8.72874675, 9.086196, 10.511451, 12.044046, 13.220284, 16.468585, 38.404747
8.728171, 9.077219, 10.52965925, 12.034735, 13.216869249999998, 16.879614199999978, 38.813544
8.7266865, 9.069364, 10.508676, 11.962826, 13.052535, 16.39379692, 38.404747
8.7282265, 9.070002500000001, 10.504042, 12.009534, 13.171296, 16.80240376999997, 38.813544
8.731155, 9.078375, 10.555903, 12.018309, 13.230117, 16.680769, 38.813544
8.72874675, 9.06608, 10.526214, 12.033296800000004, 13.189383, 16.60924376999999, 38.813544
8.733805, 9.0808535, 10.54021025, 11.984775, 13.123586049999993, 16.38437187, 38.813544
8.729248, 9.0726675, 10.496184, 11.964631, 13.120273399999999, 16.606196, 38.813544
8.731747, 9.079544, 10.51274125, 11.976025, 13.09725925, 16.300059109999992, 38.813544
8.729497499999999, 9.079886, 10.5337205, 12.074587, 13.2520337, 16.499532399999886, 38.404747
8.729935, 9.087283500000002, 10.542316, 12.041118800000001, 13.234475, 16.576445, 38.813544
8.723854750000001, 9.0790355, 10.50785, 12.001404, 13.181976, 16.7835, 38.813544
8.7266555, 9.072232, 10.522628000000001, 12.025925300000006, 13.177002, 16.843232269999998, 38.813544
8.725408, 9.062805999999998, 10.50112925, 12.006062, 13.206562499999997, 16.348599589999996, 38.404747
8.7254705, 9.0668495, 10.503292, 12.007227, 13.159834299999998, 16.385237379999985, 38.813544
8.730201749999999, 9.08472, 10.52949925, 12.0439056, 13.204801799999998, 16.703767, 38.813544
8.7311725, 9.088824, 10.529989, 11.978343400000004, 13.108734499999997, 16.615886, 38.813544
8.72807575, 9.06785, 10.482713500000001, 11.978449200000005, 13.096827, 16.385151, 38.813544
8.726971500000001, 9.073513, 10.51699725, 12.01043310000001, 13.151297349999997, 16.5764478, 38.813544
8.729527, 9.073132, 10.542373, 12.046159, 13.185359749999996, 16.350779239999945, 38.404747
8.727053, 9.07365, 10.511915, 12.009534, 13.127204599999995, 16.44275985999996, 38.813544
8.7305505, 9.078739, 10.519539, 11.970053, 13.022939599999999, 16.61575631, 38.813544
8.728749, 9.071950000000001, 10.49169, 11.983886200000002, 13.216864, 16.821686, 38.404747
8.730107, 9.0871115, 10.530565, 12.022684700000003, 13.234779049999995, 16.385151, 38.813544
8.726952, 9.0668495, 10.529876, 12.014736, 13.113219349999996, 16.606196, 38.813544
8.72289325, 9.067225, 10.496456, 11.9812863, 13.151043699999997, 16.644732, 38.813544
8.7271765, 9.082611, 10.525939000000001, 12.064408, 13.182134599999998, 16.35054475999998, 38.813544
8.64897175, 9.134141, 10.79312425, 12.402618, 13.91014165, 17.644383, 38.813544
8.639587, 9.119585, 10.795076, 12.413431, 14.059531149999998, 17.930662, 38.813544
8.646881, 9.112278, 10.773136, 12.402768, 13.964127, 17.708369, 38.813544
8.647031, 9.118227, 10.788584, 12.430775, 14.059531149999998, 17.793896, 38.813544
8.64735, 9.128838, 10.816158, 12.458397, 14.021462, 17.483054, 38.813544
8.646909, 9.117321, 10.803248, 12.447581, 14.062389, 17.703598, 38.813544
8.644217, 9.118738, 10.802748, 12.419695400000002, 14.034630899999996, 17.699605, 38.813544
8.64911925, 9.128324, 10.832974, 12.456485, 14.066505, 17.793896, 38.813544
8.646122, 9.137685, 10.833083, 12.458397, 14.076976, 17.793896, 38.813544
8.647008, 9.118738, 10.794662, 12.40324140000001, 13.89124, 17.708369, 38.813544
8.647156, 9.124091499999999, 10.805758, 12.481478300000003, 14.076976, 17.793979169999986, 38.813544
8.642476, 9.116036, 10.788584, 12.402768, 13.888358, 17.483054, 38.813544
8.6467705, 9.13779, 10.823185, 12.42623, 13.984007949999995, 17.802213, 38.813544
8.64698325, 9.129338, 10.79752375, 12.447581, 14.095492549999998, 17.930662, 38.813544
8.727632499999999, 9.070328, 10.521074, 11.9928245, 13.049543, 16.38437187, 38.813544
8.72852375, 9.078631000000001, 10.516906, 11.981252, 13.200107549999997, 16.843217, 38.404747
8.73017525, 9.089957, 10.53097, 12.039456000000003, 13.212251299999997, 16.680769, 38.813544
8.728724, 9.073796000000002, 10.51617925, 12.022442100000001, 13.220344899999999, 16.378229, 38.813544
8.729127, 9.074693, 10.516906, 12.033754800000013, 13.216864, 16.680769, 38.813544
8.73189, 9.0898075, 10.526445, 12.030261, 13.15073615, 16.571005939999992, 38.813544
8.73109375, 9.080207, 10.537901, 12.053265400000004, 13.241966449999993, 16.62074429999996, 38.813544
8.723854750000001, 9.0666765, 10.521659, 12.025854300000004, 13.157059, 16.468887259999953, 38.813544
8.729998, 9.081327000000002, 10.525939000000001, 12.001404, 13.206432, 16.712506109999886, 34.462112
8.725231, 9.069861, 10.537121, 12.008992200000002, 13.13767145, 16.61575631, 38.813544
8.72537875, 9.0699155, 10.493119, 12.0147414, 13.206432, 16.61580246999999, 38.813544
8.730201749999999, 9.0756035, 10.529027, 11.997521, 13.216741, 16.577005819999954, 38.813544
8.727166, 9.079835, 10.54261725, 12.018365700000002, 13.15073615, 16.360916, 38.813544
8.730458, 9.07237, 10.53760175, 12.041858, 13.257823, 16.384458249999987, 38.813544
8.730201749999999, 9.082386, 10.504042, 12.001984000000013, 13.089843, 16.39379692, 38.813544
8.72682725, 9.068545, 10.524028, 12.025182700000002, 13.1711402, 16.615886, 38.813544
8.732747, 9.078375, 10.530565, 12.015373, 13.139758549999993, 16.499532399999886, 38.813544
8.727789, 9.062767, 10.4987135, 12.027306, 13.150732, 16.294832, 38.813544
8.73253, 9.088911, 10.501637, 12.018365700000002, 13.230117, 16.609178, 38.813544
8.6467705, 9.154926, 10.82046725, 12.4361022, 13.94272, 17.708369, 38.813544
8.650438, 9.113959, 10.78780575, 12.429064, 14.013154, 17.793896, 38.813544
8.781222, 9.940738, 12.27212, 15.410258, 17.709183749999994, 23.166745, 44.22794
8.78374375, 9.929794, 12.242366, 15.463437, 17.721836, 22.995265659999887, 44.22794
8.771996249999999, 9.935853, 12.291762250000001, 15.595804400000015, 17.836524949999994, 23.544528, 44.22794
8.774566, 9.9061485, 12.247322, 15.4711183, 17.709183749999994, 23.166823689999987, 44.22794
8.768346, 9.901375, 12.24188075, 15.408262, 17.709183749999994, 23.896362, 44.22794
8.788583, 9.966452, 12.265893, 15.307595, 17.630981949999995, 23.223349, 44.22794
8.7820085, 9.937491, 12.324961, 15.484432100000005, 17.802609849999993, 23.436095, 44.22794
8.783981, 9.956171, 12.263127, 15.395634600000001, 17.647356149999993, 23.28821938999996, 44.22794
8.647149500000001, 9.113921999999999, 10.79312425, 12.420221, 13.994813, 17.78608, 38.813544
8.646682, 9.126235, 10.764399, 12.426232, 13.967338, 17.786071, 38.813544
8.647008, 9.1275925, 10.820243, 12.462111, 14.095293, 17.844506, 38.813544
8.646909, 9.128324, 10.801294, 12.413431, 13.95715, 17.663793, 38.813544
8.6476805, 9.123282, 10.802748, 12.419695400000002, 14.0132506, 17.793896, 38.813544
8.647882, 9.156572, 10.830596, 12.448787, 14.062294, 17.644383, 38.813544
8.64738, 9.118227, 10.787681, 12.382870700000009, 13.951795, 17.703598, 38.813544
8.64921075, 9.146237, 10.81620025, 12.434019, 14.009579149999999, 17.69964492999999, 38.813544
8.650166, 9.1343905, 10.8078255, 12.429064, 14.027751549999996, 17.703598, 38.813544
8.648374749999999, 9.135331, 10.820243, 12.474418, 14.062294, 17.629572, 38.813544
8.656678, 9.142811, 10.792518, 12.419637, 14.066505, 17.708369, 38.813544
8.647682, 9.135627, 10.82188975, 12.444252, 14.06189, 17.786971, 38.813544
8.646536, 9.136206999999999, 10.787559, 12.420562800000008, 14.013154, 17.888042, 38.813544
8.644195499999999, 9.127029, 10.792518, 12.429754400000002, 13.990885, 17.786971, 38.813544
8.646122, 9.12137, 10.817596, 12.474138, 14.057811, 17.703598, 38.813544
8.647682, 9.134141, 10.816327, 12.424355, 14.057811, 17.644383, 38.813544
8.649299749999999, 9.141327, 10.8120375, 12.442805, 14.062389, 17.786971, 38.813544
8.649687, 9.1276625, 10.801736, 12.390487, 13.960170649999998, 17.66415111999994, 38.813544
8.725247, 9.066845, 10.517271, 12.0808934, 13.268852, 16.802209, 38.813544
8.7262105, 9.0722735, 10.52586, 11.9722319, 13.122542099999999, 16.385151, 38.813544
8.73209175, 9.082764, 10.5676895, 12.009534, 13.159834299999998, 16.645092369999944, 38.813544
8.78580275, 9.04866, 10.184627, 11.640785400000002, 12.451388749999998, 14.815179, 26.889073
8.784391750000001, 9.046099, 10.215814, 11.619468, 12.397371, 14.938511, 26.889073
8.789424, 9.050419, 10.22052, 11.633141, 12.426591749999993, 14.901789, 26.889073
8.789632749999999, 9.054177, 10.259883, 11.675792700000008, 12.469801, 14.831956519999933, 26.889073
8.83471875, 9.0155545, 9.36765475, 10.894653, 11.7848811, 13.780266, 35.330604
8.83323325, 9.016017, 9.38393075, 10.894653, 11.8255642, 14.005841, 35.734803
8.82974025, 9.015486, 9.354063499999999, 10.831358700000001, 11.75006, 13.74960866999998, 37.448702
8.83460075, 9.013604, 9.366337249999999, 10.893938700000001, 11.771622849999998, 13.731685759999971, 37.448702
8.83403075, 9.019313499999999, 9.38042325, 10.9265184, 11.855272, 13.980222, 35.734803
8.8318875, 9.015316, 9.36408725, 10.8364688, 11.784788, 14.036971, 37.448702
8.83255, 9.017108499999999, 9.37189225, 10.922077, 11.84978595, 13.920466849999965, 35.734803
8.8352955, 9.020522, 9.385595, 10.881, 11.774921, 14.054385209999996, 37.448702
8.8306225, 9.011776, 9.3543805, 10.86784, 11.768566, 13.86263, 35.734803
8.8347725, 9.016039, 9.37240025, 10.8709136, 11.762925749999999, 14.054385209999996, 37.448702
8.83169, 9.014216, 9.36966575, 10.866549599999999, 11.760294949999999, 13.762228029999989, 35.734803
8.830016, 9.0144795, 9.3776835, 10.8619671, 11.77998, 13.807219189999929, 35.487972
8.831698, 9.017262, 9.373945, 10.897723, 11.7724088, 13.980478189999959, 35.734803
8.828966, 9.0101245, 9.3529635, 10.824727600000003, 11.747338, 13.807219189999929, 37.448702
8.789546, 9.0533435, 10.202946, 11.608504600000002, 12.385381, 14.815342559999975, 26.889073
8.783767, 9.0480465, 10.233688, 11.645967, 12.439778, 14.873687, 26.889073
8.784563, 9.050234, 10.21556475, 11.628930600000007, 12.353979699999993, 14.831535, 26.889073
8.786217, 9.052887, 10.245774, 11.628930600000007, 12.404961599999993, 14.873968019999955, 26.889073
8.785227, 9.047141, 10.21853, 11.638756100000004, 12.457105, 14.825471029999923, 26.889073
8.791208, 9.059052999999999, 10.21853, 11.651476, 12.423094, 14.901789, 26.889073
8.790938, 9.054177, 10.214815, 11.613494, 12.469801, 14.873687, 26.889073
8.784751, 9.058963, 10.23804825, 11.671818, 12.451222, 14.932628, 26.889073
8.785803, 9.059052, 10.221983, 11.654684, 12.496195, 14.953992379999983, 26.889073
8.78703, 9.0531855, 10.21229775, 11.638363300000002, 12.421048, 14.938567589999991, 26.889073
8.785802, 9.061763, 10.248715, 11.646801, 12.421150299999999, 14.815179, 26.889073
8.726714, 9.079826, 10.511778, 11.972487700000002, 13.135407, 16.615755, 38.813544
8.729497499999999, 9.0752575, 10.5040845, 11.997607500000003, 13.185148, 16.60924376999999, 38.813544
8.728501, 9.072676, 10.51315175, 11.976025, 13.112734, 16.604807, 38.813544
8.723576, 9.067857, 10.525873, 12.021832, 13.137638599999999, 16.605728, 34.462112
8.7271185, 9.087331, 10.53066625, 11.998687800000006, 13.150815, 16.468585, 38.813544
8.72172575, 9.05342, 10.497322, 11.9782349, 13.132643449999998, 16.576445, 38.813544
8.7271585, 9.083861, 10.53738425, 11.982920800000002, 13.082942, 16.393789, 38.813544
8.731435, 9.0902255, 10.548709, 12.041515, 13.221560499999999, 16.712693199999855, 38.813544
8.648023, 9.141108, 10.802748, 12.423639, 14.06189, 17.699605, 38.813544
8.647682, 9.113921999999999, 10.78398825, 12.426273, 13.994813, 17.786971, 38.813544
8.649318, 9.144944, 10.830666, 12.444263, 14.027404, 17.888381479999943, 38.813544
8.647832, 9.135627, 10.801870000000001, 12.411373, 14.015086, 17.629572, 38.813544
8.6426955, 9.126562, 10.8072195, 12.426273, 14.034630899999996, 17.69964492999999, 38.813544
8.650166, 9.145797, 10.858325, 12.492389, 14.079938, 17.703598, 38.813544
8.644443500000001, 9.133437, 10.80152075, 12.459643, 14.039873, 17.80231986999998, 38.813544
8.642476, 9.1263985, 10.797017, 12.456485, 14.105016, 17.78704024999999, 38.813544
8.6467705, 9.140346000000001, 10.802748, 12.469538, 14.08060959999999, 17.708369, 38.813544
8.647156, 9.134672, 10.81987625, 12.467011, 14.070622, 17.786971, 38.813544
8.644621, 9.127385, 10.797017, 12.429641, 14.062294, 17.786071, 38.813544
8.646122, 9.117357, 10.795695, 12.442805, 14.06189, 17.663793, 38.813544
8.6479985, 9.123282, 10.809672, 12.439813, 13.957298149999998, 17.793896, 38.813544
8.64909, 9.119646, 10.7947655, 12.444252, 14.039873, 17.786071, 38.404747
8.647149500000001, 9.12137, 10.802425, 12.444263, 14.021759099999995, 17.888381479999943, 38.813544
8.647008, 9.126984, 10.792584, 12.389567, 13.940439999999999, 17.44314, 38.813544
8.647832, 9.12794, 10.809144, 12.447701600000002, 14.078328, 17.872018, 38.813544
8.646259, 9.1286245, 10.765191, 12.447581, 14.039873, 17.703598, 38.813544
8.649533, 9.134162, 10.795076, 12.411373, 14.095293, 17.872178239999975, 38.813544
8.643319, 9.134619, 10.792807, 12.426552100000006, 13.925738, 17.458345, 38.813544
8.646164, 9.126562, 10.783066, 12.436074, 14.027404, 17.793979169999986, 38.813544
8.643058, 9.117357, 10.80133275, 12.4262361, 13.967338, 17.78704024999999, 38.813544
8.6476805, 9.111909, 10.79312425, 12.429064, 14.015086, 17.69964492999999, 38.813544
8.6497995, 9.118227, 10.788663, 12.344737, 13.931125, 17.786971, 38.813544
8.6518245, 9.139831, 10.796022, 12.434224500000004, 14.027404, 17.78704024999999, 38.813544
8.646259, 9.106537, 10.794076, 12.407502, 13.921468, 17.547577, 38.813544
8.726471, 9.07048, 10.519340249999999, 12.025693, 13.157059, 16.605728, 38.813544
8.730107, 9.080837500000001, 10.530408249999999, 12.065449, 13.185148, 16.680998979999966, 38.813544
8.729248, 9.066931499999999, 10.5040845, 11.9782349, 13.1507495, 16.378229, 38.813544
8.729527, 9.0806515, 10.5393125, 12.018309, 13.1605324, 16.802209, 38.813544
8.73133425, 9.0900105, 10.546325, 12.050895, 13.216864, 17.234018, 38.404747
8.73060975, 9.066057, 10.50112925, 11.98441, 13.137638599999999, 16.644732, 38.813544
8.726995, 9.079835, 10.53066625, 12.022442100000001, 13.272027, 16.39379692, 38.813544
8.728706, 9.069617, 10.4987135, 11.978243, 13.151043699999997, 16.442499, 38.813544
8.787975, 9.053899000000001, 10.22029575, 11.628587, 12.421048, 14.822824, 26.889073
8.786566749999999, 9.05317, 10.215814, 11.638363300000002, 12.490727, 14.831535, 26.889073
8.78849425, 9.061941, 10.223792750000001, 11.651476, 12.478849, 14.831535, 26.889073
8.789062, 9.063528, 10.221427, 11.63261, 12.47130655, 14.938511, 26.889073
8.783877, 9.052887, 10.226674, 11.650524, 12.426591749999993, 14.94417, 26.889073
8.78691, 9.050942, 10.223942, 11.628587, 12.449738, 14.944267119999985, 26.889073
8.784536, 9.061725, 10.237005250000001, 11.649735, 12.462983899999998, 14.94417, 26.889073
8.78856, 9.053467, 10.210208999999999, 11.632081700000002, 12.451222, 15.239759, 26.889073
8.78362975, 9.046639, 10.210096, 11.652362, 12.469801, 14.82504950999999, 26.889073
8.784399, 9.054177, 10.247872, 11.699161, 12.55549, 14.938567589999991, 26.889073
8.78196, 9.043728, 10.21078275, 11.636392, 12.465651399999997, 14.995983, 19.563106
8.789632749999999, 9.065479499999999, 10.221427, 11.662042, 12.465433, 14.94417, 26.889073
8.785227, 9.0531285, 10.223651, 11.617329, 12.397371, 14.932628, 26.889073
8.790425, 9.058028, 10.214815, 11.615875300000003, 12.451222, 14.953882, 26.889073
8.641534, 9.126939, 10.807164, 12.458521600000003, 14.057811, 17.8129, 38.813544
8.646259, 9.111909, 10.788229000000001, 12.411373, 13.974307, 17.703598, 38.404747
8.655723, 9.142989, 10.812846, 12.459643, 14.09337, 17.793896, 38.813544
8.656486750000001, 9.135331, 10.809672, 12.411578800000004, 13.974307, 17.458465179999983, 38.813544
8.654945, 9.149131, 10.833509, 12.444253100000001, 14.034355, 17.844506, 38.813544
8.64424, 9.107911, 10.783142250000001, 12.408338200000008, 13.994813, 17.786071, 38.813544
8.645282, 9.137459, 10.8181355, 12.474779400000008, 14.078328, 17.802213, 38.813544
8.732254, 9.073067, 10.5337455, 12.041164900000002, 13.150964849999996, 16.44275985999996, 38.813544
8.729527, 9.074949, 10.548053, 12.025126, 13.200193349999996, 16.615932159999993, 38.813544
8.731466, 9.0756875, 10.529027, 12.020808800000005, 13.151297349999997, 16.5764478, 38.404747
8.725247, 9.0755845, 10.535099, 12.006062, 13.171542549999996, 16.468585, 38.404747
8.726714, 9.069317, 10.508285, 11.987698, 13.206432, 16.844744, 38.404747
8.721707, 9.073042000000001, 10.519707, 12.021832, 13.177114599999998, 16.703847219999986, 38.404747
8.73209675, 9.0846825, 10.531478, 12.022596, 13.216864, 16.604850709999994, 38.813544
8.7269085, 9.073942, 10.520389, 11.997521, 13.206562499999997, 16.498811, 38.404747
8.72537875, 9.073042000000001, 10.504194, 11.962881, 13.052854, 16.385237379999985, 38.404747
8.725592, 9.073017, 10.51147475, 12.014736, 13.123586049999993, 16.335787, 34.462112
8.72940575, 9.081026, 10.50339, 11.98102, 13.151082, 16.576725, 38.813544
8.720871, 9.0726675, 10.5094155, 12.0148483, 13.156387799999997, 16.499532399999886, 38.813544
8.72341025, 9.067466, 10.520888750000001, 12.008932, 13.117615, 16.348581, 38.813544
8.728257, 9.080823, 10.525873, 12.022442100000001, 13.181976, 16.606225819999995, 38.813544
8.72938275, 9.082611, 10.52159975, 12.007227, 13.151297349999997, 16.60573268, 38.813544
8.728604, 9.0810905, 10.526214, 11.981717500000004, 13.151082, 16.44306211999991, 38.813544
8.72746725, 9.078739, 10.539722, 11.998386, 13.16041, 16.620502, 38.404747
8.7216625, 9.078226, 10.551478, 12.048465, 13.219201, 16.319874, 38.813544
8.726931, 9.082926, 10.519581, 11.983828, 13.151297349999997, 16.44275985999996, 38.813544
8.725406, 9.066931499999999, 10.501646000000001, 11.983828, 13.1711402, 16.615886, 38.813544
8.726974, 9.0725435, 10.519223, 11.976025, 13.077566, 16.384364, 38.813544
8.727411, 9.071424, 10.496456, 11.949145, 13.063902149999999, 16.570951, 38.404747
8.725994, 9.082310499999998, 10.53721625, 12.011142, 13.139758549999993, 16.38437187, 38.404747
8.727758249999999, 9.075566, 10.530356, 12.027306, 13.206562499999997, 16.606225819999995, 38.813544
8.72970475, 9.068313, 10.521015250000001, 12.001404, 13.067021, 16.498811, 38.404747
8.73045875, 9.072117, 10.520827, 12.048261, 13.21920625, 16.39379692, 38.813544
8.7266865, 9.088303499999999, 10.541135, 11.9928245, 13.112734, 16.395623299999833, 38.813544
8.725406, 9.070507, 10.50915, 12.008992200000002, 13.157196249999998, 16.576725, 38.404747
8.732590250000001, 9.094509, 10.555900000000001, 12.074587, 13.28941654999999, 16.703767, 38.813544
8.728254, 9.081545, 10.528427, 12.019512, 13.169759249999998, 16.703767, 38.404747
8.725247, 9.069317, 10.515562, 12.018309, 13.11222765, 16.468887259999953, 38.813544
8.727632499999999, 9.073042000000001, 10.531125, 12.008992200000002, 13.216741, 16.680998979999966, 38.404747
8.73045475, 9.0730685, 10.499018, 11.986512, 13.155389, 16.594025899999984, 38.813544
8.72940575, 9.0889295, 10.544236, 11.9812863, 13.112734, 16.680769, 38.813544
8.72647775, 9.0668495, 10.524028, 11.978172, 13.112201, 16.576725, 38.813544
8.729409, 9.0824325, 10.532607, 11.974232200000003, 13.139181, 16.316743619999993, 38.813544
8.72305875, 9.074401, 10.513517, 11.974855, 13.104457, 16.616044769999952, 38.404747
8.733505, 9.095, 10.5212005, 12.0147414, 13.209042, 16.802209, 38.813544
8.724567, 9.074949, 10.530356, 12.037206300000005, 13.206562499999997, 16.442499, 38.813544
8.7266865, 9.0699155, 10.497665, 11.984916400000003, 13.157196249999998, 16.57689691999997, 38.404747
8.727985, 9.070035, 10.530565, 12.019512, 13.177114599999998, 16.594025899999984, 38.404747
8.727958, 9.074508, 10.5478505, 12.051000700000003, 13.159804, 16.61580246999999, 38.813544
8.728288, 9.06881, 10.511817, 11.962326, 13.081052, 16.35044, 38.813544
8.731101, 9.081026, 10.522567, 12.025182700000002, 13.220344899999999, 16.570951, 38.813544
8.727789, 9.067009, 10.507699, 11.978243, 13.082029, 16.620502, 38.813544
8.726211, 9.074949, 10.510521749999999, 11.94361830000001, 13.181976, 16.498811, 38.813544
8.727051, 9.072659, 10.513517, 11.993566, 13.169687, 16.606196, 38.813544
8.725315, 9.071783, 10.49790175, 12.022362, 13.276609149999997, 16.821759959999987, 38.813544
8.733482, 9.092922, 10.537901, 12.018876, 13.200107549999997, 16.615886, 38.813544
8.724235, 9.081373, 10.537121, 12.044046, 13.241438, 16.821901309999966, 38.813544
8.73107125, 9.089158, 10.5212005, 11.986339900000003, 13.219887850000001, 16.60924376999999, 38.813544
8.730581, 9.072693999999998, 10.517903, 12.006062, 13.169048, 16.616174459999954, 38.813544
8.73100625, 9.086532, 10.523224, 12.008992200000002, 13.123307449999997, 16.5764478, 38.813544
8.7266865, 9.065998, 10.49169, 11.972483, 13.096848549999999, 16.609178, 38.813544
8.790105, 9.065998, 10.240888, 11.66043, 12.471264, 14.831956519999933, 26.889073
8.727006, 9.078853500000001, 10.5393125, 12.009576100000002, 13.063902149999999, 16.285349, 38.404747
8.725315, 9.073015, 10.528427, 12.01043310000001, 13.157196249999998, 16.499532399999886, 38.404747
8.728453, 9.078523, 10.503411, 11.986630600000002, 13.067021, 16.609178, 38.813544
8.724401, 9.073132, 10.538125749999999, 12.041643200000003, 13.223044249999994, 16.903192489999952, 38.404747
8.724899, 9.068545, 10.505768, 11.98282, 13.11212975, 16.615932159999993, 34.462112
8.726938, 9.067797, 10.505768, 11.963576, 13.162858, 16.245215, 38.813544
8.722807, 9.061117, 10.48735975, 11.976188900000004, 13.139758549999993, 16.681079199999953, 38.813544
8.730782, 9.08472, 10.526234, 12.040927, 13.204801799999998, 16.385151, 38.404747
8.78904, 9.051341, 10.214986249999999, 11.623748, 12.454557, 14.996234439999961, 19.563106
8.78849425, 9.057212, 10.230684, 11.6599818, 12.436106, 14.938511, 26.889073
8.789633, 9.053087, 10.226674, 11.628587, 12.380666999999999, 14.741596659999992, 26.889073
8.785522, 9.050398, 10.258168, 11.673618, 12.454557, 14.901789, 26.889073
8.778822, 9.048323, 10.215814, 11.615418, 12.449738, 14.822824, 26.889073
8.78691, 9.051341, 10.21619925, 11.613494, 12.375398, 14.932628, 26.889073
8.785754, 9.0505645, 10.220221, 11.652477600000003, 12.469874149999999, 14.815255449999988, 26.889073
8.784652, 9.052158, 10.2307595, 11.642121800000002, 12.412934, 14.938511, 26.889073
8.784649, 9.053087, 10.214038, 11.646801, 12.449738, 14.932686829999989, 26.889073
8.78843175, 9.046385, 10.200366, 11.646870900000001, 12.449738, 14.824984, 26.889073
8.790672, 9.060496, 10.2392255, 11.638343, 12.443785, 14.873687, 19.563106
8.785802, 9.05342, 10.258465, 11.6599818, 12.478849, 14.953882, 26.889073
8.78408125, 9.048251, 10.186704, 11.6170923, 12.421048, 14.873968019999955, 26.889073
8.786178, 9.06199, 10.242462, 11.646050400000002, 12.423243849999999, 15.027922909999964, 26.889073
8.788897, 9.053782, 10.23312, 11.648925900000002, 12.421150299999999, 14.873687, 26.889073
8.785933, 9.053049, 10.226674, 11.638343, 12.503486, 14.803997, 26.889073
8.784492, 9.050942, 10.21712925, 11.64915, 12.439778, 14.96523062999995, 26.889073
8.7890565, 9.050426, 10.22807875, 11.636392, 12.421150299999999, 14.901789, 26.889073
8.789227, 9.053013, 10.221427, 11.596604500000002, 12.424741, 14.82504950999999, 26.889073
8.788431, 9.0602105, 10.223743, 11.600685400000001, 12.426591749999993, 14.938567589999991, 26.889073
8.782893, 9.05268, 10.221427, 11.628587, 12.3959, 14.901789, 19.563106
8.723574, 9.068313, 10.484171, 11.97164, 13.117615, 16.593917, 38.404747
8.73274925, 9.091402, 10.511915, 12.030500100000005, 13.212015, 16.44275985999996, 38.404747
8.726146, 9.071950000000001, 10.526214, 12.044046, 13.123117, 16.395060179999923, 38.813544
8.73022925, 9.080823, 10.519340249999999, 11.992126, 13.150732, 16.442499, 38.813544
8.7254, 9.078523, 10.542391499999999, 12.039456000000003, 13.1711402, 16.57689691999997, 38.404747
8.78472625, 9.051341, 10.209485, 11.6475, 12.472246899999998, 15.021127, 26.889073
8.786061, 9.057887, 10.23057675, 11.650619200000003, 12.469874149999999, 15.021127, 26.889073
8.834973999999999, 9.017929, 9.377629, 10.8709129, 11.747425249999997, 13.96692616999998, 37.448702
8.784536, 9.053049, 10.223743, 11.640647, 12.426091, 14.873968019999955, 26.889073
8.782578, 9.050433, 10.201259, 11.638343, 12.460371, 14.803997, 26.889073
8.78002, 9.039435, 10.181255, 11.594028, 12.365834349999998, 14.824984, 26.889073
8.790975999999999, 9.054412, 10.227706, 11.648901, 12.44381295, 14.953992379999983, 26.889073
8.784399, 9.051636, 10.2128345, 11.617003, 12.426091, 14.901789, 26.889073
8.78468, 9.0462065, 10.21686, 11.6475, 12.436289599999999, 14.873968019999955, 19.563106
8.78703, 9.0504625, 10.202244, 11.638546, 12.472246899999998, 14.938511, 26.889073
8.78237525, 9.050419, 10.221983, 11.6475, 12.451222, 15.273403, 26.889073
8.829997500000001, 9.0155175, 9.381341, 10.878269, 11.794418, 14.022859149999995, 37.448702
8.834392, 9.021985, 9.3780675, 10.902018900000002, 11.795208, 14.005841, 37.448702
8.8309245, 9.017653, 9.394021500000001, 10.8934768, 11.834971549999999, 13.97964285, 33.51644
8.834095, 9.0182325, 9.378153, 10.894716, 11.7944575, 13.979219, 35.734803
8.83424125, 9.015759, 9.365264, 10.856168400000001, 11.778039, 13.770154139999983, 37.448702
8.832856249999999, 9.017683, 9.376449, 10.848801, 11.768963999999997, 13.775378, 35.734803
8.8352955, 9.017669, 9.37002575, 10.8652295, 11.745456, 13.780336209999987, 37.448702
8.835759750000001, 9.016223, 9.367495, 10.886986, 11.809999249999999, 13.86263, 35.734803
8.83534075, 9.02224, 9.375254, 10.883636800000001, 11.761263, 14.073755909999967, 37.448702
8.832291999999999, 9.0172365, 9.3712755, 10.898198599999999, 11.780594, 13.748449, 37.448702
8.8309245, 9.015668, 9.3667335, 10.872134, 11.761805, 13.80732958999991, 37.448702
8.826958000000001, 9.008587, 9.37193525, 10.894653, 11.826812599999997, 14.025519, 37.448702
8.869183, 9.004056, 9.1762295, 9.43695, 9.946413649999998, 12.07043996, 37.448702
8.86327925, 9.002561, 9.175689, 9.451821700000002, 10.005544299999993, 11.958562, 37.448702
8.86406325, 9.003607, 9.18540875, 9.462667, 10.030465, 12.048048670000002, 35.734803
8.86912225, 9.005137, 9.185034, 9.4607981, 10.0051396, 11.993545, 37.448702
8.8683035, 9.003507, 9.180702, 9.453075, 10.004476299999999, 12.223577700000007, 37.448702
8.868838, 9.007814, 9.180358, 9.445925, 9.95293145, 11.938615, 35.734803
8.866556000000001, 9.003299, 9.181743, 9.455484, 9.992015, 11.938814470000004, 37.448702
8.865466, 9.0029145, 9.17894175, 9.45891, 10.003537249999999, 12.003135780000001, 37.448702
8.864104, 9.002301, 9.1754855, 9.445208, 9.97230775, 11.999339, 37.448702
8.868778, 9.005277, 9.180355, 9.451816, 9.951734, 11.922318300000002, 35.330604
8.86794025, 9.000893, 9.179454750000001, 9.4567853, 9.985579, 11.958679300000004, 37.448702
8.868716, 9.003025, 9.176531, 9.469285, 10.069073, 11.999376500000002, 37.448702
8.834742, 9.0196705, 9.372199, 10.919774100000001, 11.8383449, 14.005841, 35.734803
8.831025, 9.014507, 9.360743, 10.876892, 11.747425249999997, 13.942673719999961, 37.448702
8.8310145, 9.0181635, 9.3662365, 10.86784, 11.764252899999999, 14.054369, 35.330604
8.833646, 9.015814, 9.373789, 10.888955, 11.74551075, 13.72568, 37.448702
8.830274, 9.014507, 9.365269, 10.8576441, 11.768866, 13.807219189999929, 37.448702
8.83509175, 9.018108999999999, 9.38148975, 10.875123, 11.795444499999997, 13.780340929999987, 37.448702
8.828284, 9.017653, 9.37774825, 10.896614, 11.809147099999999, 13.648256, 35.734803
8.8321355, 9.014692, 9.358227, 10.8946593, 11.788362299999996, 13.775426879999992, 35.734803
8.8301155, 9.014473, 9.368721, 10.890877, 11.762744849999999, 13.966802, 35.734803
8.833254, 9.0168025, 9.37615725, 10.893817, 11.774978, 14.022834, 35.487972
8.831739, 9.016636, 9.360259, 10.850576, 11.716077899999998, 13.851700399999983, 37.448702
8.83182725, 9.0164385, 9.367911000000001, 10.8938325, 11.749923200000001, 13.748585999999978, 35.734803
8.83279475, 9.020989499999999, 9.38148975, 10.9074343, 11.787223, 13.980222, 35.330604
8.834620000000001, 9.022027, 9.39062475, 10.922107500000001, 11.7944575, 13.787287, 37.448702
8.8306225, 9.014797999999999, 9.371589, 10.891171000000002, 11.782073849999998, 13.70786107999998, 37.448702
8.8321675, 9.013935499999999, 9.366843, 10.8616665, 11.799938, 13.979899039999959, 35.487972
8.83481, 9.018982000000001, 9.384939500000002, 10.902952, 11.8258517, 14.112456159999986, 37.448702
8.831517250000001, 9.0152, 9.3733705, 10.837659, 11.720606, 13.920710569999924, 35.734803
8.835092750000001, 9.021587499999999, 9.37828925, 10.8946593, 11.757127449999997, 13.731506, 37.448702
8.830093, 9.0155175, 9.37179, 10.858338, 11.766874, 13.966802, 37.448702
8.83154725, 9.014486, 9.35672725, 10.898198599999999, 11.7944575, 13.97922318, 37.448702
8.87634975, 9.018345, 9.2105885, 9.4733832, 9.8128825, 12.374624270000002, 52.853195
8.87736825, 9.02395, 9.2190975, 9.4854156, 9.813865949999999, 12.07348752000002, 37.448702
8.8703295, 9.015499, 9.20443225, 9.4810666, 9.8094882, 12.382600700000008, 35.487972
8.872923, 9.019079999999999, 9.204764, 9.4627326, 9.770686600000001, 12.345226, 52.853195
8.873047, 9.014748999999998, 9.204242, 9.4967991, 9.829320449999999, 12.407358670000004, 37.448702
8.87762575, 9.025139, 9.2137025, 9.486890500000001, 9.834643399999997, 12.348550130000007, 52.853195
8.87103025, 9.018888, 9.2075375, 9.496056, 9.829139, 12.222361, 52.853195
8.871491, 9.018171, 9.211621000000001, 9.477353, 9.7994748, 11.90322, 37.448702
8.879083249999999, 9.021685999999999, 9.216858, 9.497916, 9.86030575, 12.315919890000004, 52.853195
8.876428, 9.0168975, 9.208314, 9.488352, 9.804870099999999, 12.054631640000004, 52.853195
8.8780485, 9.0264575, 9.216428, 9.4941639, 9.853682449999996, 12.38223143, 37.448702
8.872994, 9.022036, 9.21569375, 9.4982235, 9.812892, 12.47644415, 52.853195
8.8729675, 9.020949, 9.208973, 9.487154100000001, 9.830423499999993, 12.643119080000005, 37.448702
8.873365, 9.020545, 9.208933, 9.494719300000002, 9.8289376, 12.00823384000001, 52.853195
8.876366, 9.0209975, 9.20912425, 9.4979868, 9.835856549999997, 12.391161230000005, 52.853195
8.87758975, 9.0231385, 9.215258250000002, 9.5015512, 9.842011, 12.382223, 35.734803
8.87426675, 9.023534000000001, 9.21811575, 9.4900676, 9.860574699999999, 12.482724960000002, 37.448702
8.8739855, 9.019295, 9.209796, 9.47406, 9.76117395, 12.312454890000003, 35.487972
8.873533, 9.01833, 9.21337375, 9.4935087, 9.8534882, 12.348452760000006, 37.448702
8.873928750000001, 9.0187955, 9.209661, 9.4771001, 9.819324949999999, 11.922379000000003, 52.853195
8.872269, 9.0195015, 9.21433725, 9.497603100000001, 9.8128825, 12.391033260000004, 52.853195
8.873395499999999, 9.018875, 9.210131, 9.46945, 9.80706, 11.97031703, 33.51644
8.86803775, 9.015479, 9.20746325, 9.496743200000001, 9.876416, 12.547205920000005, 52.853195
8.87370275, 9.02206, 9.21306275, 9.5055714, 9.8828348, 12.407887860000017, 37.448702
8.876959, 9.025196, 9.21637475, 9.4992931, 9.847455449999998, 13.728709090000017, 36.893046
8.874903250000001, 9.0269885, 9.21914125, 9.518132, 9.873974, 12.52851175000001, 52.853195
8.874028500000001, 9.019099, 9.213537500000001, 9.4960837, 9.81769025, 12.328172, 37.448702
8.875277, 9.023149, 9.216549, 9.496334300000001, 9.849751900000001, 12.383066, 52.853195
8.879773, 9.021662, 9.21538, 9.5032671, 9.82310235, 11.958587130000002, 35.734803
8.874985500000001, 9.019362000000001, 9.215297249999999, 9.4921123, 9.81856505, 12.003135780000001, 52.853195
8.870972, 9.022005, 9.21143775, 9.4782156, 9.819506, 12.391033260000004, 52.853195
8.87237225, 9.0214505, 9.2070945, 9.4889078, 9.8432655, 12.345521490000007, 52.853195
8.873181500000001, 9.020245500000001, 9.207084, 9.4666139, 9.786364899999999, 12.07348752000002, 52.853195
8.8753115, 9.0253605, 9.22086425, 9.5015406, 9.834580399999998, 12.424182300000016, 37.448702
8.88085225, 9.023836, 9.2057945, 9.468034600000001, 9.784454649999999, 12.008169170000007, 52.853195
8.874327000000001, 9.022222, 9.21889575, 9.486608, 9.825608950000001, 12.374539, 52.853195
8.8741355, 9.019079999999999, 9.21001225, 9.480924, 9.783309899999999, 12.315896990000002, 37.448702
8.877908, 9.025151, 9.215661, 9.498624, 9.80915505, 12.62649500000001, 52.853195
8.88712, 9.045646, 9.2474495, 9.5251021, 9.757534, 15.723825250000033, 52.853195
8.88439725, 9.036586, 9.236342, 9.5271103, 9.763951549999998, 15.976887, 52.853195
8.88764675, 9.044258500000002, 9.240781, 9.517158, 9.752796999999997, 13.485379, 52.853195
8.887834, 9.039674, 9.235466500000001, 9.503677900000001, 9.72591, 14.905645830000147, 36.893046
8.88227225, 9.0353665, 9.2318965, 9.501085, 9.739920549999999, 14.392092220000006, 36.893046
8.876683, 9.038235, 9.229706, 9.501127499999999, 9.776282, 15.722323, 52.853195
8.890757, 9.042455, 9.234869, 9.5127018, 9.793025, 15.872548, 52.853195
8.890818, 9.045541, 9.22988475, 9.482764300000001, 9.7008899, 11.914393, 52.853195
8.887140500000001, 9.043093500000001, 9.23802825, 9.4883678, 9.7286422, 15.873591390000023, 52.853195
8.882098500000001, 9.0390015, 9.242265249999999, 9.513653300000001, 9.752631, 13.618961920000023, 36.893046
8.88241525, 9.04041, 9.24292, 9.525004, 9.757248950000001, 14.450396, 36.893046
8.8800155, 9.03808, 9.237574, 9.5056736, 9.764010049999998, 13.619047740000026, 52.853195
8.88788575, 9.042258, 9.2356235, 9.491822, 9.735498399999999, 16.2536, 52.853195
8.883933, 9.0424495, 9.23663875, 9.4975944, 9.734734, 14.451942560000033, 36.893046
8.88440225, 9.038972, 9.24047825, 9.509314300000002, 9.72591, 13.91610324000002, 36.893046
8.89116, 9.049258, 9.24713, 9.5129628, 9.768146, 13.26210450000008, 36.893046
8.882302750000001, 9.043419, 9.241223999999999, 9.499914200000001, 9.741038699999997, 14.783211650000107, 52.853195
8.887533999999999, 9.039436, 9.24924, 9.531918, 9.80909, 16.050743450000002, 52.853195
8.884447, 9.04253, 9.240076, 9.522847800000001, 9.818821549999997, 16.37826, 52.853195
8.88764675, 9.045202, 9.246192, 9.525004, 9.752796999999997, 14.433544180000052, 52.853195
8.877025999999999, 9.0223265, 9.211137749999999, 9.482493, 9.8094882, 12.328372380000005, 52.853195
8.875927, 9.0231755, 9.209636249999999, 9.469285, 9.7940702, 12.372486, 37.448702
8.875008, 9.023186500000001, 9.210507, 9.4890833, 9.81862775, 12.383144040000001, 52.853195
8.87296175, 9.019076, 9.20714225, 9.497978, 9.84690305, 12.07043996, 35.734803
8.8764935, 9.0207525, 9.21337375, 9.4746707, 9.81769025, 11.903319540000002, 52.853195
8.879302, 9.028293, 9.219953, 9.499169, 9.8582919, 12.626083, 37.448702
8.8709095, 9.0189605, 9.19901175, 9.4622059, 9.77955585, 12.420619040000014, 52.853195
8.87254925, 9.0165285, 9.213532, 9.4871368, 9.847021449999998, 12.391033260000004, 52.853195
8.886727500000001, 9.0423845, 9.253853, 9.5319314, 9.765831449999999, 14.431153, 52.853195
8.880770250000001, 9.039674, 9.23945125, 9.5091039, 9.7646665, 14.391847, 36.893046
8.88286875, 9.044508, 9.2360315, 9.504116, 9.779472, 14.73195576000001, 52.853195
8.88506625, 9.039736, 9.240451, 9.5042611, 9.757428999999998, 14.10601301000002, 36.893046
8.886614999999999, 9.0402495, 9.235567, 9.4980471, 9.734041, 13.915245, 52.853195
8.88004375, 9.035205000000001, 9.235771, 9.510636, 9.735498399999999, 14.69221518000002, 52.853195
8.8844725, 9.030943, 9.226946250000001, 9.4986456, 9.7668639, 15.263228, 36.893046
8.882595, 9.039923, 9.242162, 9.509044099999999, 9.748175, 14.418908020000055, 36.893046
8.879111, 9.0334185, 9.228243, 9.4975944, 9.752836349999995, 11.972795, 52.853195
8.885013, 9.0391615, 9.242308, 9.511583, 9.774042849999999, 15.573435340000065, 36.893046
8.876923, 9.036677000000001, 9.23718, 9.5255811, 9.7567628, 14.70420042000028, 52.853195
8.889055, 9.043857, 9.2439015, 9.5414241, 9.799786699999995, 14.902573970000079, 52.853195
8.88205, 9.0385005, 9.23709525, 9.524617, 9.772097, 14.902573970000079, 52.853195
8.888826, 9.051902, 9.26192025, 9.5272059, 9.779717, 14.192837, 23.303856
8.87016725, 9.031419, 9.221847, 9.474729400000001, 9.71789715, 14.105136, 52.853195
8.885622, 9.0389705, 9.2404285, 9.5265604, 9.813673399999999, 14.910927659999988, 52.853195
8.887621750000001, 9.0339245, 9.24010125, 9.547291, 9.884517, 16.91750738, 36.893046
8.87626725, 9.030119, 9.23712075, 9.4766294, 9.68305765, 16.111923259999998, 21.371576
8.878178250000001, 9.038178, 9.233324, 9.507522, 9.724707449999999, 16.253665899999998, 36.893046
8.884642, 9.043093500000001, 9.232791500000001, 9.4832924, 9.652585550000001, 11.284350779999974, 19.587514
8.898995750000001, 9.0495155, 9.25755175, 9.564186300000001, 9.817204, 15.722323, 32.855096
8.882665, 9.0342275, 9.24295875, 9.5054959, 9.71589835, 11.91519639, 20.217992
8.88011525, 9.031192, 9.229898500000001, 9.49884, 9.6972295, 11.450488, 52.853195
8.87868, 9.0489545, 9.242967, 9.5183881, 9.752631, 16.38050423, 36.893046
8.902462250000001, 9.0427065, 9.256939, 9.5015323, 9.7672477, 11.128132529999993, 17.734753
8.8786235, 9.0384155, 9.231253, 9.4889084, 9.7388575, 14.60570419, 32.855096
8.88111125, 9.034375, 9.25684, 9.539244700000001, 9.8359255, 14.744678759999987, 36.893046
8.889067, 9.046103, 9.25351825, 9.5461615, 9.8421318, 16.109242169999998, 24.370709
8.8913975, 9.047647, 9.2624295, 9.5436849, 9.77637615, 14.913724289999985, 36.893046
8.875302999999999, 9.037566, 9.231392, 9.5102287, 9.8490231, 15.872548, 52.853195
8.8911485, 9.0449465, 9.24047825, 9.5256039, 9.745403, 10.444839039999998, 52.853195
8.881772999999999, 9.029887500000001, 9.2160125, 9.4786677, 9.673221250000001, 11.739697519999996, 36.893046
8.89158275, 9.0521585, 9.2532135, 9.5641756, 9.883978449999999, 16.216124110000003, 52.853195
8.895343500000001, 9.0405425, 9.242533000000002, 9.509044099999999, 9.77657215, 16.918284019999998, 22.552578
8.883316749999999, 9.042449999999999, 9.24346075, 9.4926402, 9.71428145, 16.21826333, 22.552578
8.883391, 9.040242, 9.24589975, 9.542740700000001, 9.80820765, 14.393979049999999, 19.213916
0, 0, 0, 0, 0, 0, 0
0, 0, 0, 0, 0, 0, 0
0, 0, 0, 0, 0, 0, 0
0, 0, 0, 0, 0, 0, 0
0, 0, 0, 0, 0, 0, 0
0, 0, 0, 0, 0, 0, 0
0, 0, 0, 0, 0, 0, 0
0, 0, 0, 0, 0, 0, 0
0, 0, 0, 0, 0, 0, 0
0, 0, 0, 0, 0, 0, 0
0, 0, 0, 0, 0, 0, 0
0, 0, 0, 0, 0, 0, 0
0, 0, 0, 0, 0, 0, 0
0, 0, 0, 0, 0, 0, 0
0, 0, 0, 0, 0, 0, 0
0, 0, 0, 0, 0, 0, 0
0, 0, 0, 0, 0, 0, 0
0, 0, 0, 0, 0, 0, 0
0, 0, 0, 0, 0, 0, 0
0, 0, 0, 0, 0, 0, 0
0, 0, 0, 0, 0, 0, 0
0, 0, 0, 0, 0, 0, 0
0, 0, 0, 0, 0, 0, 0
0, 0, 0, 0, 0, 0, 0
0, 0, 0, 0, 0, 0, 0
0, 0, 0, 0, 0, 0, 0
0, 0, 0, 0, 0, 0, 0
0, 0, 0, 0, 0, 0, 0
0, 0, 0, 0, 0, 0, 0
0, 0, 0, 0, 0, 0, 0
0, 0, 0, 0, 0, 0, 0
0, 0, 0, 0, 0, 0, 0
0, 0, 0, 0, 0, 0, 0
0, 0, 0, 0, 0, 0, 0
0, 0, 0, 0, 0, 0, 0
0, 0, 0, 0, 0, 0, 0
0, 0, 0, 0, 0, 0, 0
0, 0, 0, 0, 0, 0, 0
0, 0, 0, 0, 0, 0, 0
0, 0, 0, 0, 0, 0, 0
0, 0, 0, 0, 0, 0, 0
0, 0, 0, 0, 0, 0, 0
0, 0, 0, 0, 0, 0, 0
0, 0, 0, 0, 0, 0, 0
0, 0, 0, 0, 0, 0, 0
0, 0, 0, 0, 0, 0, 0
0, 0, 0, 0, 0, 0, 0
0, 0, 0, 0, 0, 0, 0
0, 0, 0, 0, 0, 0, 0
0, 0, 0, 0, 0, 0, 0
0, 0, 0, 0, 0, 0, 0
0, 0, 0, 0, 0, 0, 0
0, 0, 0, 0, 0, 0, 0
0, 0, 0, 0, 0, 0, 0
0, 0, 0, 0, 0, 0, 0
0, 0, 0, 0, 0, 0, 0
0, 0, 0, 0, 0, 0, 0
8.880372, 9.031394, 9.232843500000001, 9.5072243, 9.71898395, 16.37826, 24.370709
8.878816, 9.038018000000001, 9.232577500000001, 9.495216899999999, 9.66430705, 13.809444849999995, 36.893046
8.87797225, 9.0322795, 9.220573, 9.4668475, 9.741932, 16.262064679999998, 20.217992
8.88616575, 9.0449925, 9.24280325, 9.509852500000001, 9.78236335, 14.192837, 36.893046
8.87526875, 9.043445, 9.23612, 9.4922397, 9.7420457, 16.054133399999998, 20.217992
8.90109825, 9.0459465, 9.23877325, 9.5063413, 9.75709695, 11.015411709999997, 22.552578
8.888997, 9.056066, 9.248295500000001, 9.516527, 9.708439499999999, 13.558715219999996, 52.853195
8.8815305, 9.034006999999999, 9.20981, 9.477484800000001, 9.7245743, 14.419988939999996, 22.552578
8.904653, 9.051601000000002, 9.256363, 9.5442537, 9.8128825, 14.90971055999999, 36.893046
8.882089, 9.035082, 9.240451, 9.5169909, 9.7430658, 11.11953091, 32.855096
8.8814835, 9.025855, 9.2265765, 9.504456600000001, 9.7142611, 11.378013359999995, 19.645042
8.87920025, 9.034179, 9.23339625, 9.497408100000001, 9.704696649999999, 16.03043855, 32.855096
8.878249499999999, 9.04253, 9.238534, 9.50367, 9.71856345, 13.917143909999998, 19.656824
8.897107, 9.052463, 9.2628825, 9.5473777, 9.850581199999999, 16.65946179, 52.853195
8.889979499999999, 9.046068, 9.231991, 9.4915322, 9.74440445, 16.25468784, 21.371576
8.899491750000001, 9.058871499999999, 9.26514, 9.5170169, 9.7355836, 14.60570419, 20.217992
8.886733, 9.04747, 9.26078325, 9.5503234, 9.87513105, 16.449208249999998, 52.853195
8.9033745, 9.055712, 9.266589249999999, 9.5706047, 9.82943715, 17.0752068, 36.893046
8.878816, 9.0342275, 9.23555575, 9.47331, 9.70850295, 16.098597, 52.853195
8.89258625, 9.041571999999999, 9.24024375, 9.4832924, 9.657268649999999, 14.41651684, 19.892145
8.87924675, 9.031906500000002, 9.22316825, 9.446679900000001, 9.6717677, 10.295667219999999, 52.853195
8.896605749999999, 9.043477, 9.2355995, 9.5308734, 9.7261384, 13.917143909999998, 22.552578
8.888078499999999, 9.047542499999999, 9.261000249999999, 9.5636659, 9.828979200000001, 14.391847, 20.217992
8.8905955, 9.045837, 9.22418175, 9.4789846, 9.734935799999999, 13.617861, 21.371576
8.888653, 9.036208, 9.2388045, 9.524617, 9.778639349999999, 15.725606399999997, 52.853195
8.88976175, 9.036921, 9.237588, 9.492110499999999, 9.752797, 14.197822079999996, 24.370709
8.87247625, 9.032833, 9.225622, 9.4845947, 9.6652339, 10.609635089999998, 19.587514
8.89507425, 9.0501, 9.247545, 9.548158, 9.7263512, 14.913974599999985, 52.853195
8.878162, 9.0393945, 9.24583875, 9.534028600000001, 9.799459050000001, 16.262064679999998, 24.370709
8.889697250000001, 9.047338, 9.2361055, 9.5365596, 9.7781941, 13.72803882, 36.893046
8.890679, 9.034018, 9.2354885, 9.510900900000001, 9.712897499999999, 14.419520179999997, 52.853195
8.88283725, 9.0376365, 9.243039, 9.5391064, 9.7721342, 14.41651684, 20.217992
8.88951175, 9.043549, 9.2424415, 9.5019064, 9.742713049999999, 11.118987239999981, 22.552578
8.877061000000001, 9.033076, 9.23129, 9.529218, 9.73882595, 15.723825249999997, 19.892145
8.877635999999999, 9.035071, 9.2290285, 9.5109476, 9.74860315, 14.905645829999994, 36.893046
8.89427175, 9.0456415, 9.23805975, 9.498262200000001, 9.744857399999999, 14.67135192, 36.893046
8.8884505, 9.0386735, 9.233452, 9.477643, 9.68735, 13.617861, 32.855096
8.87538825, 9.038178, 9.243496500000001, 9.5107316, 9.833694999999999, 16.182230089999997, 32.855096
8.902264500000001, 9.05439, 9.26670025, 9.5306713, 9.771584950000001, 15.874124049999999, 52.853195
8.8771835, 9.039599500000001, 9.23805975, 9.4777527, 9.69214225, 13.751659439999978, 36.893046
8.88539475, 9.040976, 9.240257, 9.5183299, 9.769898699999999, 14.70315702999999, 52.853195
8.8786655, 9.0336975, 9.246472, 9.5241226, 9.742697099999999, 16.061903519999998, 36.893046
8.88825375, 9.0342715, 9.223481, 9.5165711, 9.77420235, 15.977419659999999, 52.853195
8.89011, 9.043857, 9.2500385, 9.5011993, 9.723655, 11.16183727, 52.853195
8.87673375, 9.033605999999999, 9.23812375, 9.5423644, 9.81769355, 16.059206239999998, 23.303856
8.89472675, 9.0445905, 9.2503595, 9.5209001, 9.79625, 16.706771850000003, 32.855096
8.890586, 9.038018000000001, 9.241244250000001, 9.4696244, 9.71153165, 16.40373467, 52.853195
8.897093, 9.051920500000001, 9.250471000000001, 9.4846933, 9.73552765, 15.980741969999997, 52.853195
8.883253499999999, 9.034788500000001, 9.23397125, 9.50367, 9.73989055, 16.18153611, 23.303856
8.9041695, 9.06789, 9.263088, 9.5340485, 9.8231931, 15.571933089999998, 52.853195
8.89582025, 9.045015, 9.24595475, 9.5013881, 9.74821725, 13.237319889999997, 52.853195
8.895206, 9.0416275, 9.24113575, 9.5063413, 9.752797, 15.269321199999995, 36.893046
8.87801275, 9.033663, 9.230358, 9.503744000000001, 9.7674129, 14.683337159999988, 19.892145
8.88607275, 9.045765, 9.255234, 9.517100300000001, 9.757964249999999, 13.490535899999996, 24.370709
8.894694, 9.038948999999999, 9.238389, 9.4852094, 9.7047413, 15.978203449999999, 32.855096
8.883429249999999, 9.042524499999999, 9.242338499999999, 9.536502200000001, 9.73456, 16.030153, 23.303856
8.878476, 9.030002499999998, 9.22627425, 9.4768436, 9.73490655, 13.730684159999997, 36.893046
8.88404325, 9.0338575, 9.2424815, 9.5423012, 9.79529335, 16.262064679999998, 24.370709
8.88842875, 9.049707, 9.24321625, 9.5109466, 9.8163103, 14.605914929999999, 52.853195
8.880177999999999, 9.04172, 9.2537745, 9.5234663, 9.731050699999999, 13.165292199999996, 18.516134
8.888359, 9.042736999999999, 9.247525750000001, 9.548266000000002, 9.811597549999998, 16.179549, 36.893046
8.89979075, 9.052411, 9.24369925, 9.5231726, 9.7694701, 16.399752799999998, 22.552578
8.89216175, 9.065617, 9.2524655, 9.5091906, 9.7444467, 14.91024321999999, 19.213916
8.88972425, 9.0425075, 9.232298, 9.4985128, 9.701067949999999, 13.737205269999999, 22.552578
8.87651825, 9.037669000000001, 9.22807225, 9.4683049, 9.71445245, 11.455711069999996, 21.371576
8.871801, 9.039116, 9.2313795, 9.50903, 9.7669266, 16.381544469999998, 36.893046
8.8826475, 9.041462, 9.236379, 9.516110000000001, 9.7129877, 11.752554679999985, 36.893046
8.892688249999999, 9.0442185, 9.237945, 9.516233900000001, 9.744627249999999, 13.809837909999993, 21.371576
8.87902725, 9.031278, 9.23073625, 9.489083299999999, 9.72273265, 15.978104099999998, 52.853195
8.890033500000001, 9.0440725, 9.24083025, 9.534303500000002, 9.767608899999999, 13.807454749999996, 21.371576
8.886137, 9.040151, 9.221808750000001, 9.485494599999999, 9.6945553, 13.49722791999999, 21.371576
8.89132875, 9.0424215, 9.2421235, 9.527283, 9.76154895, 12.00640526999999, 52.853195
8.89716325, 9.0504725, 9.23764175, 9.5056736, 9.80740865, 14.67048174, 52.853195
8.8877725, 9.0324785, 9.231392, 9.494200900000001, 9.713050899999999, 15.723825249999997, 24.370709
8.888513, 9.034072, 9.2316265, 9.4982329, 9.7719747, 14.391847, 36.893046
8.886569000000001, 9.049945000000001, 9.2417685, 9.541553200000001, 9.8132741, 14.783211649999997, 52.853195
8.88415525, 9.046378, 9.240094, 9.508177400000001, 9.76596075, 14.69221518, 23.303856
8.882303, 9.0443185, 9.23770575, 9.500893300000001, 9.802725, 15.723825249999997, 52.853195
8.87910525, 9.049817000000001, 9.2462155, 9.5178004, 9.74936655, 16.255540579999998, 23.303856
8.88805, 9.0442675, 9.23707825, 9.492110499999999, 9.71157495, 16.397703, 24.370709
8.8942825, 9.0526315, 9.2678335, 9.5487482, 9.7768505, 14.902573969999995, 23.303856
8.88608675, 9.0448685, 9.232791500000001, 9.517232900000002, 9.782632, 15.874329149999998, 22.552578
8.87265175, 9.04318, 9.2253095, 9.5033402, 9.75770215, 16.18153611, 52.853195
8.873988749999999, 9.032373499999999, 9.234098249999999, 9.563028, 9.80274295, 13.91610324, 22.552578
8.89044925, 9.042075, 9.2427895, 9.555096, 9.8004418, 11.737343, 32.855096
8.896731249999998, 9.0441325, 9.24377875, 9.527261300000001, 9.7963663, 16.09869635, 52.853195
8.88238, 9.049322499999999, 9.25011275, 9.5351789, 9.70839665, 10.88108618, 19.656824
8.87779375, 9.0413245, 9.248, 9.529957600000001, 9.748175, 11.3751787, 52.853195
8.88233275, 9.031633, 9.2123925, 9.4715855, 9.678893799999999, 11.740576719999998, 36.893046
8.8953395, 9.052534, 9.243461499999999, 9.5381668, 9.757248950000001, 16.1799103, 52.853195
8.89210175, 9.058698, 9.24600775, 9.50114, 9.733125, 16.26162101, 32.855096
8.883426, 9.0424885, 9.242806, 9.498015200000001, 9.75770215, 14.002109669999998, 19.645042
8.895011499999999, 9.056228, 9.262029, 9.4977006, 9.792702949999999, 16.44976985, 19.656824
8.88141225, 9.031850500000001, 9.222157750000001, 9.510461000000001, 9.782085, 16.39846709, 36.893046
8.878665999999999, 9.0441485, 9.229128750000001, 9.4925195, 9.7117288, 13.728709089999999, 23.303856
8.876132, 9.0429155, 9.22667025, 9.4775805, 9.73992, 13.489677659999996, 19.892145
8.882026, 9.04608, 9.249439, 9.533691600000001, 9.75302625, 11.696454089999985, 32.855096
8.870927, 9.030857, 9.214786, 9.447297, 9.617028249999999, 13.165292199999996, 19.213916
8.885962249999999, 9.0397935, 9.235593999999999, 9.5102287, 9.750383099999999, 16.05114234, 24.370709
8.8848665, 9.042459000000001, 9.24419925, 9.5434081, 9.767403649999999, 16.058708, 24.370709
8.883339999999999, 9.0397935, 9.237401, 9.51066, 9.771748, 16.474112, 52.853195
8.886881, 9.0560865, 9.2333835, 9.493943400000001, 9.73999115, 16.25468784, 36.893046
8.89841725, 9.049318, 9.238937499999999, 9.5515362, 9.802613350000001, 16.710289489999997, 52.853195
8.8750895, 9.03263, 9.243230500000001, 9.5208795, 9.768439, 14.108588599999997, 36.893046
8.882826999999999, 9.033446999999999, 9.23775925, 9.492233, 9.734734, 15.574478729999996, 22.552578
8.887367, 9.0389825, 9.23145425, 9.4842505, 9.74112555, 13.555984059999998, 21.371576
8.89766875, 9.048033499999999, 9.258419499999999, 9.5506513, 9.76691195, 14.108003109999997, 52.853195
8.88401875, 9.0490465, 9.243874, 9.501733, 9.80661475, 16.26121194, 20.217992
8.897108750000001, 9.03793, 9.23386, 9.469008299999999, 9.734277449999999, 14.60570419, 19.373624
8.883815250000001, 9.0400755, 9.238287249999999, 9.5298573, 9.8133456, 14.617726959999988, 36.893046
8.889367, 9.038416, 9.2371585, 9.510876, 9.7144075, 13.920404079999996, 36.893046
8.891922749999999, 9.048876, 9.246879499999999, 9.5102287, 9.7349933, 11.452799619999999, 32.855096
8.8879915, 9.033076, 9.23841175, 9.5039279, 9.7334632, 15.270364589999993, 24.370709
8.89078025, 9.049082, 9.233851999999999, 9.535781300000002, 9.8079274, 11.994732, 18.344529
8.882605, 9.0418175, 9.251823, 9.502408, 9.813685, 14.108396169999997, 21.371576
8.873736, 9.034028, 9.228037, 9.4788963, 9.69156665, 16.039011649999992, 32.855096
8.87969, 9.033763, 9.23082025, 9.510432, 9.71156165, 14.902573969999995, 22.552578
8.886649, 9.0351105, 9.22988475, 9.4888102, 9.749990949999999, 14.005369839999995, 52.853195
8.8832185, 9.0396795, 9.2520785, 9.5079113, 9.71475605, 14.446610339999985, 52.853195
8.895179500000001, 9.042981, 9.248740999999999, 9.526625300000001, 9.77404285, 13.23262547, 20.217992
8.88645375, 9.0424925, 9.23830825, 9.5363951, 9.80016605, 14.41651684, 32.855096
8.8864965, 9.044333, 9.26299425, 9.5568251, 9.8499209, 11.989245659999984, 19.587514
8.89132925, 9.046103, 9.242225, 9.5132682, 9.7560301, 13.23262547, 22.552578
8.881673750000001, 9.0298325, 9.209934, 9.4936058, 9.7004989, 12.00640526999999, 23.303856
8.896478, 9.0522, 9.24757, 9.5584965, 9.82349425, 16.70863368, 21.371576
0, 0, 0, 0, 0, 0, 0
0, 0, 0, 0, 0, 0, 0
0, 0, 0, 0, 0, 0, 0
0, 0, 0, 0, 0, 0, 0
0, 0, 0, 0, 0, 0, 0
0, 0, 0, 0, 0, 0, 0
0, 0, 0, 0, 0, 0, 0
0, 0, 0, 0, 0, 0, 0
0, 0, 0, 0, 0, 0, 0
0, 0, 0, 0, 0, 0, 0
0, 0, 0, 0, 0, 0, 0
0, 0, 0, 0, 0, 0, 0
0, 0, 0, 0, 0, 0, 0
0, 0, 0, 0, 0, 0, 0
0, 0, 0, 0, 0, 0, 0
0, 0, 0, 0, 0, 0, 0
0, 0, 0, 0, 0, 0, 0
0, 0, 0, 0, 0, 0, 0
0, 0, 0, 0, 0, 0, 0
0, 0, 0, 0, 0, 0, 0
0, 0, 0, 0, 0, 0, 0
0, 0, 0, 0, 0, 0, 0
0, 0, 0, 0, 0, 0, 0
0, 0, 0, 0, 0, 0, 0
0, 0, 0, 0, 0, 0, 0
0, 0, 0, 0, 0, 0, 0
0, 0, 0, 0, 0, 0, 0
0, 0, 0, 0, 0, 0, 0
0, 0, 0, 0, 0, 0, 0
0, 0, 0, 0, 0, 0, 0
0, 0, 0, 0, 0, 0, 0
0, 0, 0, 0, 0, 0, 0
0, 0, 0, 0, 0, 0, 0
0, 0, 0, 0, 0, 0, 0
0, 0, 0, 0, 0, 0, 0
0, 0, 0, 0, 0, 0, 0
0, 0, 0, 0, 0, 0, 0
0, 0, 0, 0, 0, 0, 0
0, 0, 0, 0, 0, 0, 0
0, 0, 0, 0, 0, 0, 0
0, 0, 0, 0, 0, 0, 0
0, 0, 0, 0, 0, 0, 0
0, 0, 0, 0, 0, 0, 0
0, 0, 0, 0, 0, 0, 0
0, 0, 0, 0, 0, 0, 0
0, 0, 0, 0, 0, 0, 0
0, 0, 0, 0, 0, 0, 0
0, 0, 0, 0, 0, 0, 0
0, 0, 0, 0, 0, 0, 0
0, 0, 0, 0, 0, 0, 0
0, 0, 0, 0, 0, 0, 0
0, 0, 0, 0, 0, 0, 0
0, 0, 0, 0, 0, 0, 0
0, 0, 0, 0, 0, 0, 0
0, 0, 0, 0, 0, 0, 0
0, 0, 0, 0, 0, 0, 0
0, 0, 0, 0, 0, 0, 0
0, 0, 0, 0, 0, 0, 0
0, 0, 0, 0, 0, 0, 0
0, 0, 0, 0, 0, 0, 0
0, 0, 0, 0, 0, 0, 0
0, 0, 0, 0, 0, 0, 0
0, 0, 0, 0, 0, 0, 0
0, 0, 0, 0, 0, 0, 0
0, 0, 0, 0, 0, 0, 0
0, 0, 0, 0, 0, 0, 0
0, 0, 0, 0, 0, 0, 0
0, 0, 0, 0, 0, 0, 0
0, 0, 0, 0, 0, 0, 0
0, 0, 0, 0, 0, 0, 0
0, 0, 0, 0, 0, 0, 0
0, 0, 0, 0, 0, 0, 0
0, 0, 0, 0, 0, 0, 0
0, 0, 0, 0, 0, 0, 0
0, 0, 0, 0, 0, 0, 0
0, 0, 0, 0, 0, 0, 0
0, 0, 0, 0, 0, 0, 0
0, 0, 0, 0, 0, 0, 0
0, 0, 0, 0, 0, 0, 0
0, 0, 0, 0, 0, 0, 0
0, 0, 0, 0, 0, 0, 0
0, 0, 0, 0, 0, 0, 0
0, 0, 0, 0, 0, 0, 0
0, 0, 0, 0, 0, 0, 0
0, 0, 0, 0, 0, 0, 0
0, 0, 0, 0, 0, 0, 0
0, 0, 0, 0, 0, 0, 0
0, 0, 0, 0, 0, 0, 0
0, 0, 0, 0, 0, 0, 0
0, 0, 0, 0, 0, 0, 0
0, 0, 0, 0, 0, 0, 0
0, 0, 0, 0, 0, 0, 0
0, 0, 0, 0, 0, 0, 0
0, 0, 0, 0, 0, 0, 0
0, 0, 0, 0, 0, 0, 0
0, 0, 0, 0, 0, 0, 0
0, 0, 0, 0, 0, 0, 0
0, 0, 0, 0, 0, 0, 0
0, 0, 0, 0, 0, 0, 0
0, 0, 0, 0, 0, 0, 0
0, 0, 0, 0, 0, 0, 0
0, 0, 0, 0, 0, 0, 0
0, 0, 0, 0, 0, 0, 0
0, 0, 0, 0, 0, 0, 0
0, 0, 0, 0, 0, 0, 0
0, 0, 0, 0, 0, 0, 0
0, 0, 0, 0, 0, 0, 0
0, 0, 0, 0, 0, 0, 0
0, 0, 0, 0, 0, 0, 0
0, 0, 0, 0, 0, 0, 0
0, 0, 0, 0, 0, 0, 0
0, 0, 0, 0, 0, 0, 0
0, 0, 0, 0, 0, 0, 0
0, 0, 0, 0, 0, 0, 0
0, 0, 0, 0, 0, 0, 0
0, 0, 0, 0, 0, 0, 0
0, 0, 0, 0, 0, 0, 0
0, 0, 0, 0, 0, 0, 0
0, 0, 0, 0, 0, 0, 0
0, 0, 0, 0, 0, 0, 0
0, 0, 0, 0, 0, 0, 0
0, 0, 0, 0, 0, 0, 0
0, 0, 0, 0, 0, 0, 0
0, 0, 0, 0, 0, 0, 0
0, 0, 0, 0, 0, 0, 0
0, 0, 0, 0, 0, 0, 0
0, 0, 0, 0, 0, 0, 0
0, 0, 0, 0, 0, 0, 0
0, 0, 0, 0, 0, 0, 0
0, 0, 0, 0, 0, 0, 0
0, 0, 0, 0, 0, 0, 0
0, 0, 0, 0, 0, 0, 0
0, 0, 0, 0, 0, 0, 0
0, 0, 0, 0, 0, 0, 0
0, 0, 0, 0, 0, 0, 0
0, 0, 0, 0, 0, 0, 0
0, 0, 0, 0, 0, 0, 0
0, 0, 0, 0, 0, 0, 0
0, 0, 0, 0, 0, 0, 0
0, 0, 0, 0, 0, 0, 0
0, 0, 0, 0, 0, 0, 0
0, 0, 0, 0, 0, 0, 0
0, 0, 0, 0, 0, 0, 0
0, 0, 0, 0, 0, 0, 0
0, 0, 0, 0, 0, 0, 0
0, 0, 0, 0, 0, 0, 0
0, 0, 0, 0, 0, 0, 0
0, 0, 0, 0, 0, 0, 0
0, 0, 0, 0, 0, 0, 0
0, 0, 0, 0, 0, 0, 0
0, 0, 0, 0, 0, 0, 0
0, 0, 0, 0, 0, 0, 0
0, 0, 0, 0, 0, 0, 0
0, 0, 0, 0, 0, 0, 0
0, 0, 0, 0, 0, 0, 0
0, 0, 0, 0, 0, 0, 0
0, 0, 0, 0, 0, 0, 0
0, 0, 0, 0, 0, 0, 0
0, 0, 0, 0, 0, 0, 0
0, 0, 0, 0, 0, 0, 0
0, 0, 0, 0, 0, 0, 0
0, 0, 0, 0, 0, 0, 0
0, 0, 0, 0, 0, 0, 0
0, 0, 0, 0, 0, 0, 0
0, 0, 0, 0, 0, 0, 0
0, 0, 0, 0, 0, 0, 0
0, 0, 0, 0, 0, 0, 0
0, 0, 0, 0, 0, 0, 0
0, 0, 0, 0, 0, 0, 0
0, 0, 0, 0, 0, 0, 0
0, 0, 0, 0, 0, 0, 0
0, 0, 0, 0, 0, 0, 0
0, 0, 0, 0, 0, 0, 0
0, 0, 0, 0, 0, 0, 0
0, 0, 0, 0, 0, 0, 0
0, 0, 0, 0, 0, 0, 0
0, 0, 0, 0, 0, 0, 0
0, 0, 0, 0, 0, 0, 0
0, 0, 0, 0, 0, 0, 0
0, 0, 0, 0, 0, 0, 0
0, 0, 0, 0, 0, 0, 0
0, 0, 0, 0, 0, 0, 0
0, 0, 0, 0, 0, 0, 0
0, 0, 0, 0, 0, 0, 0
0, 0, 0, 0, 0, 0, 0
0, 0, 0, 0, 0, 0, 0
0, 0, 0, 0, 0, 0, 0
0, 0, 0, 0, 0, 0, 0
0, 0, 0, 0, 0, 0, 0
0, 0, 0, 0, 0, 0, 0
0, 0, 0, 0, 0, 0, 0
0, 0, 0, 0, 0, 0, 0
0, 0, 0, 0, 0, 0, 0
0, 0, 0, 0, 0, 0, 0
0, 0, 0, 0, 0, 0, 0
0, 0, 0, 0, 0, 0, 0
0, 0, 0, 0, 0, 0, 0
0, 0, 0, 0, 0, 0, 0
0, 0, 0, 0, 0, 0, 0
0, 0, 0, 0, 0, 0, 0
0, 0, 0, 0, 0, 0, 0
0, 0, 0, 0, 0, 0, 0
0, 0, 0, 0, 0, 0, 0
0, 0, 0, 0, 0, 0, 0
0, 0, 0, 0, 0, 0, 0
0, 0, 0, 0, 0, 0, 0
0, 0, 0, 0, 0, 0, 0
0, 0, 0, 0, 0, 0, 0
0, 0, 0, 0, 0, 0, 0
0, 0, 0, 0, 0, 0, 0
0, 0, 0, 0, 0, 0, 0
0, 0, 0, 0, 0, 0, 0
0, 0, 0, 0, 0, 0, 0
0, 0, 0, 0, 0, 0, 0
0, 0, 0, 0, 0, 0, 0
0, 0, 0, 0, 0, 0, 0
0, 0, 0, 0, 0, 0, 0
0, 0, 0, 0, 0, 0, 0
0, 0, 0, 0, 0, 0, 0
0, 0, 0, 0, 0, 0, 0
0, 0, 0, 0, 0, 0, 0
0, 0, 0, 0, 0, 0, 0
0, 0, 0, 0, 0, 0, 0
0, 0, 0, 0, 0, 0, 0
0, 0, 0, 0, 0, 0, 0
0, 0, 0, 0, 0, 0, 0
0, 0, 0, 0, 0, 0, 0
0, 0, 0, 0, 0, 0, 0
0, 0, 0, 0, 0, 0, 0
0, 0, 0, 0, 0, 0, 0
0, 0, 0, 0, 0, 0, 0
0, 0, 0, 0, 0, 0, 0
0, 0, 0, 0, 0, 0, 0
0, 0, 0, 0, 0, 0, 0
0, 0, 0, 0, 0, 0, 0
0, 0, 0, 0, 0, 0, 0
0, 0, 0, 0, 0, 0, 0
0, 0, 0, 0, 0, 0, 0
0, 0, 0, 0, 0, 0, 0
0, 0, 0, 0, 0, 0, 0
0, 0, 0, 0, 0, 0, 0
0, 0, 0, 0, 0, 0, 0
0, 0, 0, 0, 0, 0, 0
0, 0, 0, 0, 0, 0, 0
0, 0, 0, 0, 0, 0, 0
0, 0, 0, 0, 0, 0, 0
0, 0, 0, 0, 0, 0, 0
0, 0, 0, 0, 0, 0, 0
0, 0, 0, 0, 0, 0, 0
0, 0, 0, 0, 0, 0, 0
0, 0, 0, 0, 0, 0, 0
0, 0, 0, 0, 0, 0, 0
0, 0, 0, 0, 0, 0, 0
0, 0, 0, 0, 0, 0, 0
0, 0, 0, 0, 0, 0, 0
0, 0, 0, 0, 0, 0, 0
0, 0, 0, 0, 0, 0, 0
0, 0, 0, 0, 0, 0, 0
0, 0, 0, 0, 0, 0, 0
0, 0, 0, 0, 0, 0, 0
0, 0, 0, 0, 0, 0, 0
0, 0, 0, 0, 0, 0, 0
0, 0, 0, 0, 0, 0, 0
0, 0, 0, 0, 0, 0, 0
0, 0, 0, 0, 0, 0, 0
0, 0, 0, 0, 0, 0, 0
0, 0, 0, 0, 0, 0, 0
0, 0, 0, 0, 0, 0, 0
0, 0, 0, 0, 0, 0, 0
0, 0, 0, 0, 0, 0, 0
0, 0, 0, 0, 0, 0, 0
0, 0, 0, 0, 0, 0, 0
0, 0, 0, 0, 0, 0, 0
0, 0, 0, 0, 0, 0, 0
0, 0, 0, 0, 0, 0, 0
0, 0, 0, 0, 0, 0, 0
0, 0, 0, 0, 0, 0, 0
0, 0, 0, 0, 0, 0, 0
0, 0, 0, 0, 0, 0, 0
0, 0, 0, 0, 0, 0, 0
0, 0, 0, 0, 0, 0, 0
0, 0, 0, 0, 0, 0, 0
0, 0, 0, 0, 0, 0, 0
0, 0, 0, 0, 0, 0, 0
0, 0, 0, 0, 0, 0, 0
0, 0, 0, 0, 0, 0, 0
0, 0, 0, 0, 0, 0, 0
0, 0, 0, 0, 0, 0, 0
0, 0, 0, 0, 0, 0, 0
0, 0, 0, 0, 0, 0, 0
0, 0, 0, 0, 0, 0, 0
0, 0, 0, 0, 0, 0, 0
0, 0, 0, 0, 0, 0, 0
0, 0, 0, 0, 0, 0, 0
0, 0, 0, 0, 0, 0, 0
0, 0, 0, 0, 0, 0, 0
0, 0, 0, 0, 0, 0, 0
0, 0, 0, 0, 0, 0, 0
0, 0, 0, 0, 0, 0, 0
0, 0, 0, 0, 0, 0, 0
0, 0, 0, 0, 0, 0, 0
0, 0, 0, 0, 0, 0, 0
0, 0, 0, 0, 0, 0, 0
0, 0, 0, 0, 0, 0, 0
0, 0, 0, 0, 0, 0, 0
0, 0, 0, 0, 0, 0, 0
0, 0, 0, 0, 0, 0, 0
0, 0, 0, 0, 0, 0, 0
0, 0, 0, 0, 0, 0, 0
0, 0, 0, 0, 0, 0, 0
0, 0, 0, 0, 0, 0, 0
0, 0, 0, 0, 0, 0, 0
0, 0, 0, 0, 0, 0, 0
0, 0, 0, 0, 0, 0, 0
0, 0, 0, 0, 0, 0, 0
0, 0, 0, 0, 0, 0, 0
0, 0, 0, 0, 0, 0, 0
0, 0, 0, 0, 0, 0, 0
0, 0, 0, 0, 0, 0, 0
0, 0, 0, 0, 0, 0, 0
0, 0, 0, 0, 0, 0, 0
0, 0, 0, 0, 0, 0, 0
0, 0, 0, 0, 0, 0, 0
0, 0, 0, 0, 0, 0, 0
0, 0, 0, 0, 0, 0, 0
0, 0, 0, 0, 0, 0, 0
0, 0, 0, 0, 0, 0, 0
0, 0, 0, 0, 0, 0, 0
0, 0, 0, 0, 0, 0, 0
0, 0, 0, 0, 0, 0, 0
0, 0, 0, 0, 0, 0, 0
0, 0, 0, 0, 0, 0, 0
0, 0, 0, 0, 0, 0, 0
0, 0, 0, 0, 0, 0, 0
0, 0, 0, 0, 0, 0, 0
0, 0, 0, 0, 0, 0, 0
0, 0, 0, 0, 0, 0, 0
0, 0, 0, 0, 0, 0, 0
0, 0, 0, 0, 0, 0, 0
0, 0, 0, 0, 0, 0, 0
0, 0, 0, 0, 0, 0, 0
0, 0, 0, 0, 0, 0, 0
0, 0, 0, 0, 0, 0, 0
0, 0, 0, 0, 0, 0, 0
0, 0, 0, 0, 0, 0, 0
0, 0, 0, 0, 0, 0, 0
0, 0, 0, 0, 0, 0, 0
0, 0, 0, 0, 0, 0, 0
0, 0, 0, 0, 0, 0, 0
0, 0, 0, 0, 0, 0, 0
0, 0, 0, 0, 0, 0, 0
0, 0, 0, 0, 0, 0, 0
0, 0, 0, 0, 0, 0, 0
0, 0, 0, 0, 0, 0, 0
0, 0, 0, 0, 0, 0, 0
0, 0, 0, 0, 0, 0, 0
0, 0, 0, 0, 0, 0, 0
0, 0, 0, 0, 0, 0, 0
0, 0, 0, 0, 0, 0, 0
0, 0, 0, 0, 0, 0, 0
0, 0, 0, 0, 0, 0, 0
0, 0, 0, 0, 0, 0, 0
0, 0, 0, 0, 0, 0, 0
0, 0, 0, 0, 0, 0, 0
0, 0, 0, 0, 0, 0, 0
0, 0, 0, 0, 0, 0, 0
0, 0, 0, 0, 0, 0, 0
0, 0, 0, 0, 0, 0, 0
0, 0, 0, 0, 0, 0, 0
0, 0, 0, 0, 0, 0, 0
0, 0, 0, 0, 0, 0, 0
0, 0, 0, 0, 0, 0, 0
0, 0, 0, 0, 0, 0, 0
0, 0, 0, 0, 0, 0, 0
0, 0, 0, 0, 0, 0, 0
0, 0, 0, 0, 0, 0, 0
0, 0, 0, 0, 0, 0, 0
0, 0, 0, 0, 0, 0, 0
0, 0, 0, 0, 0, 0, 0
0, 0, 0, 0, 0, 0, 0
0, 0, 0, 0, 0, 0, 0
0, 0, 0, 0, 0, 0, 0
0, 0, 0, 0, 0, 0, 0
0, 0, 0, 0, 0, 0, 0
0, 0, 0, 0, 0, 0, 0
0, 0, 0, 0, 0, 0, 0
0, 0, 0, 0, 0, 0, 0
0, 0, 0, 0, 0, 0, 0
0, 0, 0, 0, 0, 0, 0
0, 0, 0, 0, 0, 0, 0
0, 0, 0, 0, 0, 0, 0
0, 0, 0, 0, 0, 0, 0
0, 0, 0, 0, 0, 0, 0
0, 0, 0, 0, 0, 0, 0
0, 0, 0, 0, 0, 0, 0
0, 0, 0, 0, 0, 0, 0
0, 0, 0, 0, 0, 0, 0
0, 0, 0, 0, 0, 0, 0
0, 0, 0, 0, 0, 0, 0
0, 0, 0, 0, 0, 0, 0
0, 0, 0, 0, 0, 0, 0
0, 0, 0, 0, 0, 0, 0
0, 0, 0, 0, 0, 0, 0
0, 0, 0, 0, 0, 0, 0
0, 0, 0, 0, 0, 0, 0
0, 0, 0, 0, 0, 0, 0
0, 0, 0, 0, 0, 0, 0
0, 0, 0, 0, 0, 0, 0
0, 0, 0, 0, 0, 0, 0
0, 0, 0, 0, 0, 0, 0
0, 0, 0, 0, 0, 0, 0
0, 0, 0, 0, 0, 0, 0
0, 0, 0, 0, 0, 0, 0
0, 0, 0, 0, 0, 0, 0
0, 0, 0, 0, 0, 0, 0
0, 0, 0, 0, 0, 0, 0
0, 0, 0, 0, 0, 0, 0
0, 0, 0, 0, 0, 0, 0
0, 0, 0, 0, 0, 0, 0
0, 0, 0, 0, 0, 0, 0
0, 0, 0, 0, 0, 0, 0
0, 0, 0, 0, 0, 0, 0
0, 0, 0, 0, 0, 0, 0
0, 0, 0, 0, 0, 0, 0
0, 0, 0, 0, 0, 0, 0
0, 0, 0, 0, 0, 0, 0
0, 0, 0, 0, 0, 0, 0
0, 0, 0, 0, 0, 0, 0
0, 0, 0, 0, 0, 0, 0
0, 0, 0, 0, 0, 0, 0
0, 0, 0, 0, 0, 0, 0
0, 0, 0, 0, 0, 0, 0
0, 0, 0, 0, 0, 0, 0
0, 0, 0, 0, 0, 0, 0
0, 0, 0, 0, 0, 0, 0
0, 0, 0, 0, 0, 0, 0
0, 0, 0, 0, 0, 0, 0
0, 0, 0, 0, 0, 0, 0
0, 0, 0, 0, 0, 0, 0
0, 0, 0, 0, 0, 0, 0
0, 0, 0, 0, 0, 0, 0
0, 0, 0, 0, 0, 0, 0
0, 0, 0, 0, 0, 0, 0
0, 0, 0, 0, 0, 0, 0
0, 0, 0, 0, 0, 0, 0
0, 0, 0, 0, 0, 0, 0
0, 0, 0, 0, 0, 0, 0
0, 0, 0, 0, 0, 0, 0
0, 0, 0, 0, 0, 0, 0
0, 0, 0, 0, 0, 0, 0
0, 0, 0, 0, 0, 0, 0
0, 0, 0, 0, 0, 0, 0
0, 0, 0, 0, 0, 0, 0
0, 0, 0, 0, 0, 0, 0
0, 0, 0, 0, 0, 0, 0
0, 0, 0, 0, 0, 0, 0
0, 0, 0, 0, 0, 0, 0
0, 0, 0, 0, 0, 0, 0
0, 0, 0, 0, 0, 0, 0
0, 0, 0, 0, 0, 0, 0
0, 0, 0, 0, 0, 0, 0
0, 0, 0, 0, 0, 0, 0
0, 0, 0, 0, 0, 0, 0
0, 0, 0, 0, 0, 0, 0
0, 0, 0, 0, 0, 0, 0
0, 0, 0, 0, 0, 0, 0
0, 0, 0, 0, 0, 0, 0
0, 0, 0, 0, 0, 0, 0
0, 0, 0, 0, 0, 0, 0
0, 0, 0, 0, 0, 0, 0
0, 0, 0, 0, 0, 0, 0
0, 0, 0, 0, 0, 0, 0
0, 0, 0, 0, 0, 0, 0
0, 0, 0, 0, 0, 0, 0
0, 0, 0, 0, 0, 0, 0
0, 0, 0, 0, 0, 0, 0
0, 0, 0, 0, 0, 0, 0
0, 0, 0, 0, 0, 0, 0
0, 0, 0, 0, 0, 0, 0
0, 0, 0, 0, 0, 0, 0
0, 0, 0, 0, 0, 0, 0
0, 0, 0, 0, 0, 0, 0
0, 0, 0, 0, 0, 0, 0
0, 0, 0, 0, 0, 0, 0
0, 0, 0, 0, 0, 0, 0
0, 0, 0, 0, 0, 0, 0
0, 0, 0, 0, 0, 0, 0
0, 0, 0, 0, 0, 0, 0
0, 0, 0, 0, 0, 0, 0
0, 0, 0, 0, 0, 0, 0
0, 0, 0, 0, 0, 0, 0
0, 0, 0, 0, 0, 0, 0
0, 0, 0, 0, 0, 0, 0
0, 0, 0, 0, 0, 0, 0
0, 0, 0, 0, 0, 0, 0
0, 0, 0, 0, 0, 0, 0
0, 0, 0, 0, 0, 0, 0
0, 0, 0, 0, 0, 0, 0
0, 0, 0, 0, 0, 0, 0
0, 0, 0, 0, 0, 0, 0
0, 0, 0, 0, 0, 0, 0
0, 0, 0, 0, 0, 0, 0
0, 0, 0, 0, 0, 0, 0
0, 0, 0, 0, 0, 0, 0
0, 0, 0, 0, 0, 0, 0
0, 0, 0, 0, 0, 0, 0
0, 0, 0, 0, 0, 0, 0
0, 0, 0, 0, 0, 0, 0
0, 0, 0, 0, 0, 0, 0
0, 0, 0, 0, 0, 0, 0
0, 0, 0, 0, 0, 0, 0
0, 0, 0, 0, 0, 0, 0
0, 0, 0, 0, 0, 0, 0
0, 0, 0, 0, 0, 0, 0
0, 0, 0, 0, 0, 0, 0
0, 0, 0, 0, 0, 0, 0
0, 0, 0, 0, 0, 0, 0
0, 0, 0, 0, 0, 0, 0
0, 0, 0, 0, 0, 0, 0
0, 0, 0, 0, 0, 0, 0
0, 0, 0, 0, 0, 0, 0
0, 0, 0, 0, 0, 0, 0
0, 0, 0, 0, 0, 0, 0
0, 0, 0, 0, 0, 0, 0
0, 0, 0, 0, 0, 0, 0
0, 0, 0, 0, 0, 0, 0
0, 0, 0, 0, 0, 0, 0
0, 0, 0, 0, 0, 0, 0
0, 0, 0, 0, 0, 0, 0
0, 0, 0, 0, 0, 0, 0
0, 0, 0, 0, 0, 0, 0
0, 0, 0, 0, 0, 0, 0
0, 0, 0, 0, 0, 0, 0
0, 0, 0, 0, 0, 0, 0
0, 0, 0, 0, 0, 0, 0
0, 0, 0, 0, 0, 0, 0
0, 0, 0, 0, 0, 0, 0
0, 0, 0, 0, 0, 0, 0
0, 0, 0, 0, 0, 0, 0
0, 0, 0, 0, 0, 0, 0
0, 0, 0, 0, 0, 0, 0
0, 0, 0, 0, 0, 0, 0
0, 0, 0, 0, 0, 0, 0
0, 0, 0, 0, 0, 0, 0
0, 0, 0, 0, 0, 0, 0
0, 0, 0, 0, 0, 0, 0
0, 0, 0, 0, 0, 0, 0
0, 0, 0, 0, 0, 0, 0
0, 0, 0, 0, 0, 0, 0
0, 0, 0, 0, 0, 0, 0
0, 0, 0, 0, 0, 0, 0
0, 0, 0, 0, 0, 0, 0
0, 0, 0, 0, 0, 0, 0
0, 0, 0, 0, 0, 0, 0
0, 0, 0, 0, 0, 0, 0
0, 0, 0, 0, 0, 0, 0
0, 0, 0, 0, 0, 0, 0
0, 0, 0, 0, 0, 0, 0
0, 0, 0, 0, 0, 0, 0
0, 0, 0, 0, 0, 0, 0
0, 0, 0, 0, 0, 0, 0
0, 0, 0, 0, 0, 0, 0
0, 0, 0, 0, 0, 0, 0
0, 0, 0, 0, 0, 0, 0
0, 0, 0, 0, 0, 0, 0
0, 0, 0, 0, 0, 0, 0
0, 0, 0, 0, 0, 0, 0
0, 0, 0, 0, 0, 0, 0
0, 0, 0, 0, 0, 0, 0
0, 0, 0, 0, 0, 0, 0
0, 0, 0, 0, 0, 0, 0
0, 0, 0, 0, 0, 0, 0
0, 0, 0, 0, 0, 0, 0
0, 0, 0, 0, 0, 0, 0
0, 0, 0, 0, 0, 0, 0
0, 0, 0, 0, 0, 0, 0
0, 0, 0, 0, 0, 0, 0
0, 0, 0, 0, 0, 0, 0
0, 0, 0, 0, 0, 0, 0
0, 0, 0, 0, 0, 0, 0
0, 0, 0, 0, 0, 0, 0
0, 0, 0, 0, 0, 0, 0
0, 0, 0, 0, 0, 0, 0
0, 0, 0, 0, 0, 0, 0
0, 0, 0, 0, 0, 0, 0
0, 0, 0, 0, 0, 0, 0
0, 0, 0, 0, 0, 0, 0
0, 0, 0, 0, 0, 0, 0
0, 0, 0, 0, 0, 0, 0
0, 0, 0, 0, 0, 0, 0
0, 0, 0, 0, 0, 0, 0
0, 0, 0, 0, 0, 0, 0
0, 0, 0, 0, 0, 0, 0
0, 0, 0, 0, 0, 0, 0
0, 0, 0, 0, 0, 0, 0
0, 0, 0, 0, 0, 0, 0
0, 0, 0, 0, 0, 0, 0
0, 0, 0, 0, 0, 0, 0
0, 0, 0, 0, 0, 0, 0
0, 0, 0, 0, 0, 0, 0
0, 0, 0, 0, 0, 0, 0
0, 0, 0, 0, 0, 0, 0
0, 0, 0, 0, 0, 0, 0
0, 0, 0, 0, 0, 0, 0
0, 0, 0, 0, 0, 0, 0
0, 0, 0, 0, 0, 0, 0
0, 0, 0, 0, 0, 0, 0
0, 0, 0, 0, 0, 0, 0
0, 0, 0, 0, 0, 0, 0
0, 0, 0, 0, 0, 0, 0
0, 0, 0, 0, 0, 0, 0
0, 0, 0, 0, 0, 0, 0
0, 0, 0, 0, 0, 0, 0
0, 0, 0, 0, 0, 0, 0
0, 0, 0, 0, 0, 0, 0
0, 0, 0, 0, 0, 0, 0
0, 0, 0, 0, 0, 0, 0
0, 0, 0, 0, 0, 0, 0
0, 0, 0, 0, 0, 0, 0
0, 0, 0, 0, 0, 0, 0
0, 0, 0, 0, 0, 0, 0
0, 0, 0, 0, 0, 0, 0
0, 0, 0, 0, 0, 0, 0
0, 0, 0, 0, 0, 0, 0
0, 0, 0, 0, 0, 0, 0
0, 0, 0, 0, 0, 0, 0
0, 0, 0, 0, 0, 0, 0
0, 0, 0, 0, 0, 0, 0
0, 0, 0, 0, 0, 0, 0
0, 0, 0, 0, 0, 0, 0
0, 0, 0, 0, 0, 0, 0
0, 0, 0, 0, 0, 0, 0
0, 0, 0, 0, 0, 0, 0
0, 0, 0, 0, 0, 0, 0
0, 0, 0, 0, 0, 0, 0
0, 0, 0, 0, 0, 0, 0
0, 0, 0, 0, 0, 0, 0
0, 0, 0, 0, 0, 0, 0
0, 0, 0, 0, 0, 0, 0
0, 0, 0, 0, 0, 0, 0
0, 0, 0, 0, 0, 0, 0
0, 0, 0, 0, 0, 0, 0
0, 0, 0, 0, 0, 0, 0
0, 0, 0, 0, 0, 0, 0
0, 0, 0, 0, 0, 0, 0
0, 0, 0, 0, 0, 0, 0
0, 0, 0, 0, 0, 0, 0
0, 0, 0, 0, 0, 0, 0
0, 0, 0, 0, 0, 0, 0
0, 0, 0, 0, 0, 0, 0
0, 0, 0, 0, 0, 0, 0
0, 0, 0, 0, 0, 0, 0
0, 0, 0, 0, 0, 0, 0
0, 0, 0, 0, 0, 0, 0
0, 0, 0, 0, 0, 0, 0
0, 0, 0, 0, 0, 0, 0
0, 0, 0, 0, 0, 0, 0
0, 0, 0, 0, 0, 0, 0
0, 0, 0, 0, 0, 0, 0
0, 0, 0, 0, 0, 0, 0
0, 0, 0, 0, 0, 0, 0
0, 0, 0, 0, 0, 0, 0
0, 0, 0, 0, 0, 0, 0
0, 0, 0, 0, 0, 0, 0
0, 0, 0, 0, 0, 0, 0
0, 0, 0, 0, 0, 0, 0
0, 0, 0, 0, 0, 0, 0
0, 0, 0, 0, 0, 0, 0
0, 0, 0, 0, 0, 0, 0
0, 0, 0, 0, 0, 0, 0
0, 0, 0, 0, 0, 0, 0
0, 0, 0, 0, 0, 0, 0
0, 0, 0, 0, 0, 0, 0
0, 0, 0, 0, 0, 0, 0
0, 0, 0, 0, 0, 0, 0
0, 0, 0, 0, 0, 0, 0
0, 0, 0, 0, 0, 0, 0
0, 0, 0, 0, 0, 0, 0
0, 0, 0, 0, 0, 0, 0
0, 0, 0, 0, 0, 0, 0
0, 0, 0, 0, 0, 0, 0
0, 0, 0, 0, 0, 0, 0
0, 0, 0, 0, 0, 0, 0
0, 0, 0, 0, 0, 0, 0
0, 0, 0, 0, 0, 0, 0
0, 0, 0, 0, 0, 0, 0
0, 0, 0, 0, 0, 0, 0
0, 0, 0, 0, 0, 0, 0
0, 0, 0, 0, 0, 0, 0
0, 0, 0, 0, 0, 0, 0
0, 0, 0, 0, 0, 0, 0
0, 0, 0, 0, 0, 0, 0
0, 0, 0, 0, 0, 0, 0
0, 0, 0, 0, 0, 0, 0
0, 0, 0, 0, 0, 0, 0
0, 0, 0, 0, 0, 0, 0
0, 0, 0, 0, 0, 0, 0
0, 0, 0, 0, 0, 0, 0
0, 0, 0, 0, 0, 0, 0
0, 0, 0, 0, 0, 0, 0
0, 0, 0, 0, 0, 0, 0
0, 0, 0, 0, 0, 0, 0
0, 0, 0, 0, 0, 0, 0
0, 0, 0, 0, 0, 0, 0
0, 0, 0, 0, 0, 0, 0
0, 0, 0, 0, 0, 0, 0
0, 0, 0, 0, 0, 0, 0
0, 0, 0, 0, 0, 0, 0
0, 0, 0, 0, 0, 0, 0
0, 0, 0, 0, 0, 0, 0
0, 0, 0, 0, 0, 0, 0
0, 0, 0, 0, 0, 0, 0
0, 0, 0, 0, 0, 0, 0
0, 0, 0, 0, 0, 0, 0
0, 0, 0, 0, 0, 0, 0
0, 0, 0, 0, 0, 0, 0
0, 0, 0, 0, 0, 0, 0
0, 0, 0, 0, 0, 0, 0
0, 0, 0, 0, 0, 0, 0
0, 0, 0, 0, 0, 0, 0
8.877369, 9.0361075, 9.249001, 9.518291, 9.7403794, 11.099181589999999, 21.371576
8.8750435, 9.030408999999999, 9.229032499999999, 9.5476404, 9.817646, 15.981151039999995, 24.370709
8.8860955, 9.0498655, 9.2404285, 9.535717400000001, 9.7992855, 14.790880899999989, 19.587514
8.89256825, 9.0432005, 9.247619499999999, 9.5072243, 9.7646665, 16.052313159999997, 52.853195
8.87465025, 9.042075, 9.243039, 9.5284431, 9.782085, 14.744473659999988, 19.587514
8.8900975, 9.043477, 9.24661275, 9.536043000000001, 9.77919225, 13.488560829999997, 22.552578
8.891596, 9.047573, 9.247525750000001, 9.5379431, 9.79201135, 14.670883159999999, 19.645042
8.871364750000001, 9.033651500000001, 9.227126499999999, 9.5728694, 9.8163103, 14.424837589999992, 52.853195
8.873472, 9.036154, 9.2377355, 9.535681100000001, 9.834522, 14.905645829999994, 36.893046
8.8999095, 9.042464500000001, 9.24301525, 9.5240482, 9.81293445, 14.69221518, 21.371576
8.88102, 9.0429695, 9.235063, 9.5169195, 9.809620650000001, 16.400933189999996, 32.855096
8.88001625, 9.0408225, 9.228178, 9.492233, 9.75017385, 13.623610759999995, 36.893046
8.896351249999999, 9.058614, 9.24727625, 9.5321959, 9.770175, 14.605052, 36.893046
8.88943375, 9.045902, 9.2404285, 9.5057111, 9.76772325, 14.419118759999996, 36.893046
8.8826055, 9.0397675, 9.253249, 9.4827545, 9.716589, 15.724868639999997, 24.370709
8.875803, 9.027179, 9.219669, 9.482764300000001, 9.7159612, 13.737205269999999, 52.853195
8.8813, 9.033648, 9.241962, 9.5366777, 9.802179899999999, 16.26121194, 52.853195
8.89582025, 9.047623999999999, 9.246265, 9.4981394, 9.7405376, 16.05195186, 22.552578
8.896878000000001, 9.0459465, 9.245908, 9.5235445, 9.766847, 16.10021293, 52.853195
8.8826475, 9.0493195, 9.24339175, 9.500249, 9.7162384, 15.575695829999995, 23.303856
8.896368, 9.038504499999998, 9.2444875, 9.5465353, 9.8733231, 13.923876179999993, 52.853195
8.88082975, 9.033709, 9.237048249999999, 9.5165636, 9.740872, 14.451942559999997, 36.893046
8.885008500000001, 9.031778, 9.228259750000001, 9.4761603, 9.701014449999999, 16.25468784, 19.645042
8.889927499999999, 9.044393, 9.24294175, 9.542314600000001, 9.7306908, 13.625993919999992, 36.893046
8.893819, 9.033155, 9.2247565, 9.501982700000001, 9.8513678, 16.21605821, 52.853195
8.89026425, 9.0441255, 9.2489265, 9.511752300000001, 9.701014449999999, 13.73798833999999, 21.371576
8.86448725, 8.998429999999999, 9.176077500000002, 9.4502759, 9.998264149999999, 12.3281949, 35.330604
8.873184, 9.0037455, 9.19399975, 9.4659068, 10.087762049999998, 12.05613886999996, 35.734803
8.788141750000001, 9.058342499999998, 10.23324925, 11.6609012, 12.436106, 14.8228456, 26.889073
8.79173825, 9.068193, 10.292146, 11.6548836, 12.479442900000002, 14.8012448, 19.563106
8.787271, 9.0453925, 10.199523, 11.609365, 12.36289795, 14.823332630000012, 26.889073
8.785803, 9.03675, 10.20513275, 11.5846087, 12.43631625, 15.593569540000006, 18.865024
8.785900250000001, 9.051170500000001, 10.20749, 11.665080800000002, 12.518624, 15.765285, 19.563106
8.784949, 9.048251, 10.230541, 11.654684, 12.472115, 14.736673190000001, 26.889073
8.784391750000001, 9.042282, 10.18312225, 11.580162500000002, 12.341586, 14.741543, 18.865024
8.788090749999999, 9.047122, 10.15807525, 11.638343, 12.383813900000002, 14.831535, 19.563106
8.779619, 9.054366, 10.21619925, 11.659932, 12.413339700000002, 14.736828490000006, 19.393533
8.775795, 9.044179, 10.276417, 11.7129106, 12.6060653, 15.615997, 26.889073
8.781677, 9.035825500000001, 10.14726225, 11.5956407, 12.368629250000001, 14.822824, 19.563106
8.78281425, 9.032623000000001, 10.220908, 11.628673599999999, 12.32918, 14.938567590000002, 19.563106
8.7859005, 9.051493, 10.20963775, 11.68195, 12.573197200000001, 15.591465790000004, 26.889073
8.780063, 9.033470999999999, 10.21208075, 11.652362, 12.420521400000002, 14.64690228000002, 26.889073
8.7943835, 9.0653875, 10.254443, 11.688636700000004, 12.5304223, 15.095220980000033, 19.563106
8.7859005, 9.0530215, 10.154668, 11.6492085, 12.413442000000002, 14.592045810000009, 19.563106
8.78387225, 9.0457875, 10.16448025, 11.676091000000003, 12.5546217, 15.46466297000001, 26.889073
8.78854875, 9.055901, 10.258465, 11.650707800000001, 12.478849, 14.825471030000012, 26.889073
8.79026175, 9.0804035, 10.248715, 11.662098, 12.413339700000002, 14.996300190000008, 26.889073
8.79090375, 9.053467, 10.213072749999998, 11.716342, 12.524010900000002, 14.938567590000002, 26.889073
8.784399, 9.04568, 10.18240825, 11.579785600000001, 12.3425289, 14.527584550000004, 26.889073
8.79142025, 9.0585355, 10.19790975, 11.5824087, 12.323135150000002, 14.815255450000002, 19.563106
8.794988, 9.081545, 10.29000275, 11.643535200000002, 12.383578, 14.938567590000002, 19.393533
8.789623500000001, 9.068593499999999, 10.2144035, 11.682195000000002, 12.566419, 15.027967510000005, 19.563106
8.776863, 9.044996, 10.186646249999999, 11.6137196, 12.383349, 14.783024, 26.889073
8.788432, 9.0694905, 10.21229775, 11.642939, 12.4748339, 14.932840540000004, 19.563106
8.7796965, 9.059646, 10.284135000000001, 11.749378, 12.55191, 15.0498376, 26.889073
8.8652055, 9.004208, 9.182739000000002, 9.4658882, 10.00436975, 12.311941979999991, 115.6755289543085
8.873591750000001, 9.018285500000001, 9.21536025, 9.496905, 9.843189, 12.383144040000001, 52.853195
8.86803775, 9.019312, 9.21001225, 9.4992931, 9.8215662, 12.575413, 52.853195
8.873215, 9.018983, 9.20501075, 9.479008, 9.833636599999998, 12.222709470000007, 52.853195
8.878665999999999, 9.0218335, 9.209431250000002, 9.468971, 9.8131794, 12.07348752000002, 37.448702
8.873709999999999, 9.015053, 9.212094500000001, 9.4772466, 9.802613349999998, 12.34034431, 52.853195
8.868461, 9.00286, 9.1762295, 9.455518, 9.969460699999999, 11.897877, 37.448702
8.8652065, 9.004057, 9.17919125, 9.45891, 9.930965, 11.913367710000005, 37.448702
8.870303, 9.007779, 9.17692475, 9.4431285, 9.92986, 11.993545, 37.448702
8.862478, 9.002033, 9.175935, 9.43695, 9.905393399999998, 11.898029970000003, 37.448702
8.86657175, 9.00173, 9.173266, 9.445592, 9.965514549999996, 11.999376500000002, 37.448702
8.86390175, 9.005255, 9.181743, 9.453209000000001, 10.0137305, 12.054610680000003, 37.448702
8.86935725, 9.005264, 9.17870025, 9.4559177, 10.037369, 12.170292940000012, 37.448702
8.834246, 9.018245, 9.3763455, 10.8623369, 11.809925, 13.920245, 35.734803
8.790938, 9.0578155, 10.220941, 11.650524, 12.444344, 14.938511, 26.889073
8.789062, 9.054306, 10.225465, 11.643211, 12.436106, 14.822824, 26.889073
8.786584, 9.0668495, 10.2483505, 11.672563, 12.462855, 14.801244799999996, 26.889073
8.786741, 9.054306, 10.248715, 11.649735, 12.502305, 15.093761, 26.889073
8.784519, 9.050377, 10.2128345, 11.632081700000002, 12.397371, 14.938567589999991, 26.889073
8.784155, 9.042482, 10.200366, 11.594185800000004, 12.375398, 14.953992379999983, 26.889073
8.79196975, 9.059052, 10.2392255, 11.643486600000006, 12.436289599999999, 14.938511, 26.889073
8.788015, 9.05702, 10.226932, 11.623748, 12.404542, 15.021127, 26.889073
8.78691, 9.0497585, 10.22052, 11.645967, 12.443785, 14.938511, 26.889073
8.791026, 9.047141, 10.201259, 11.646050400000002, 12.444344, 14.824984, 26.889073
8.789546, 9.061725, 10.223942, 11.642939, 12.3959, 14.783024, 26.889073
8.78343475, 9.047103, 10.212492, 11.652477600000003, 12.471264, 14.801244799999996, 26.889073
8.726952, 9.070638, 10.511817, 12.008932, 13.159804, 16.606196, 38.813544
8.73049575, 9.077219, 10.51686325, 11.9644915, 13.049543, 16.348581, 34.462112
8.728749, 9.071950000000001, 10.49666875, 11.964702, 13.089843, 16.36108912999997, 34.462112
8.725182, 9.066845, 10.516849, 11.984916400000003, 13.16041, 16.62074429999996, 38.404747
8.726943, 9.071424, 10.5425985, 12.041118800000001, 13.163769, 16.60924376999999, 38.813544
8.7327015, 9.0756035, 10.503772999999999, 11.964702, 13.11212975, 16.35044, 38.813544
8.7235805, 9.06608, 10.500696000000001, 11.981717500000004, 13.185148, 16.44275985999996, 38.404747
8.73209675, 9.076051, 10.501092, 11.9928245, 13.02354, 16.35044, 34.462112
8.7254, 9.07237, 10.511915, 12.001984000000013, 13.122915599999999, 16.384364, 38.404747
8.7306595, 9.0769765, 10.52592925, 12.0746091, 13.219306, 16.620502, 38.813544
8.724767, 9.059111, 10.501383, 12.025854300000004, 13.206562499999997, 16.615755, 38.813544
8.7282265, 9.0704575, 10.501241, 11.974972000000003, 13.1605324, 16.385245299999987, 38.813544
8.728604, 9.073942, 10.533951, 12.053046, 13.219867, 16.680769, 38.404747
8.645567, 9.117321, 10.809276, 12.430775, 14.013154, 17.663793, 38.813544
8.64477, 9.113959, 10.787559, 12.420221, 14.066505, 17.78704024999999, 38.813544
8.645662, 9.12794, 10.843635, 12.474418, 14.021759099999995, 17.786971, 38.813544
8.64477, 9.118092, 10.807164, 12.448787, 13.963302399999996, 17.44314, 38.813544
8.647442, 9.118227, 10.774292, 12.429064, 14.078328, 17.699605, 38.813544
8.646602, 9.114951, 10.791028, 12.431099400000008, 13.990885, 17.81321605999995, 38.813544
8.648492, 9.133437, 10.824965, 12.447581, 14.034355, 17.793896, 38.813544
8.646164, 9.1278, 10.809672, 12.453529, 14.11706, 17.844506, 38.813544
8.6476755, 9.129560000000001, 10.809144, 12.434019, 14.027751549999996, 17.708369, 38.813544
8.647156, 9.140626000000001, 10.830596, 12.426232, 13.964127, 17.699605, 38.813544
8.64698325, 9.10982, 10.788584, 12.397027200000014, 13.916439, 17.644383, 38.813544
8.646122, 9.128411, 10.8042355, 12.419637, 13.93484, 17.786071, 38.813544
8.7275205, 9.072411, 10.523224, 11.983828, 13.204716, 16.680998979999966, 38.813544
8.726978, 9.069364, 10.50731725, 11.974855, 13.082029, 16.57689691999997, 38.813544
8.727666, 9.080207, 10.542447, 11.99329100000001, 13.113105049999994, 16.606196, 38.813544
8.730198, 9.073888499999999, 10.524028, 11.938586, 13.117741999999998, 16.442499, 38.813544
8.727053, 9.073042000000001, 10.51699725, 12.0195132, 13.112126, 16.468585, 38.813544
8.649633, 9.134619, 10.792807, 12.426273, 14.009579149999999, 17.69964492999999, 38.813544
8.647832, 9.1328155, 10.80133275, 12.456485, 14.062294, 17.786071, 38.813544
8.646902, 9.1286245, 10.814858, 12.458397, 14.062389, 17.708369, 38.813544
8.646338, 9.135627, 10.803367999999999, 12.439813, 14.062613, 17.786971, 38.813544
8.646536, 9.112136, 10.802873, 12.4361022, 14.06229875, 17.8129, 38.813544
8.645282, 9.128324, 10.805758, 12.449230300000009, 14.09337, 17.888042, 38.813544
8.646259, 9.110145, 10.816327, 12.444263, 14.015086, 17.69964492999999, 38.813544
8.644195499999999, 9.117357, 10.802748, 12.419637, 13.964127, 17.786971, 38.813544
8.641443, 9.1051595, 10.77528, 12.390644, 13.94032, 17.78608, 38.813544
8.647156, 9.128324, 10.809144, 12.426273, 14.0619102, 17.844506, 38.813544
8.6468, 9.126939, 10.792518, 12.4361022, 14.015086, 17.629720109999976, 38.813544
8.643998, 9.130221, 10.813506499999999, 12.45322, 14.015404799999995, 17.786971, 38.813544
8.64909, 9.147789, 10.826103250000001, 12.459643, 14.062389, 17.786971, 38.813544
8.646259, 9.135712, 10.795695, 12.390644, 13.983646, 17.644383, 38.813544
8.64151125, 9.097345, 10.760023, 12.347833, 13.990885, 17.793896, 38.813544
8.642763, 9.126235, 10.783066, 12.389567, 13.964127, 17.793896, 38.813544
8.64735, 9.128411, 10.784076, 12.449230300000009, 14.0784085, 17.78608, 38.813544
8.647882, 9.1151705, 10.79752375, 12.4532509, 13.99554189999999, 17.786971, 38.813544
8.650166, 9.124901, 10.802272, 12.436074, 14.059531149999998, 17.699605, 38.813544
8.647882, 9.133789, 10.823185, 12.447701600000002, 14.063715799999997, 17.709146019999878, 38.813544
8.773042, 9.959018, 12.338752, 15.604531, 17.955969, 24.133782, 44.22794
8.7787505, 9.924691, 12.305466, 15.556255, 17.84354745, 23.544528, 40.625286
8.786159, 9.950585499999999, 12.285568, 15.531757, 17.844694, 23.387052469999947, 44.22794
8.777054249999999, 9.942904500000001, 12.340643, 15.589794, 17.893937, 23.474159, 44.22794
8.773042, 9.901375, 12.244795, 15.354175, 17.627487, 23.166745, 44.22794
8.775737, 9.9349235, 12.280529, 15.487277, 17.797689, 23.896362, 44.22794
8.78294, 9.9571085, 12.278174, 15.471077, 17.721836, 23.354685, 44.22794
8.7776285, 9.934001, 12.34191, 15.542749, 17.770393349999996, 23.23759482999992, 44.22794
8.771326, 9.95026, 12.290937, 15.493468900000003, 17.802213, 23.982799, 44.22794
8.773694, 9.922916, 12.276249, 15.488115, 17.833334, 23.474496649999946, 44.22794
8.781231, 9.926836, 12.289259, 15.422191, 17.696835749999998, 23.175004039999937, 44.22794
8.78030175, 9.957975000000001, 12.339353, 15.613687, 17.965072, 23.789130559999922, 44.22794
8.7776285, 9.9251015, 12.28102025, 15.511645, 17.764048299999995, 23.43647563999994, 44.22794
8.769746, 9.906782, 12.25756875, 15.49533500000002, 17.786116, 23.685297739999886, 44.22794
8.782476249999998, 9.921008, 12.285568, 15.422776, 17.732042, 23.757344, 44.22794
8.78914175, 9.967798, 12.36842925, 15.647582, 17.980981, 24.06625, 44.22794
8.767707, 9.897769, 12.244795, 15.422235, 17.92199, 23.581625, 44.22794
8.778439, 9.948125, 12.352889, 15.58219, 17.94253694999999, 23.896362, 44.22794
8.780032, 9.9446505, 12.304235, 15.513646100000006, 17.863091, 23.213618, 44.22794
8.77856725, 9.955526, 12.330184, 15.513381, 17.82148, 23.507924, 44.22794
8.780019, 9.954794, 12.298376, 15.425307700000005, 17.737444849999996, 23.213618, 44.22794
8.779954, 9.940306499999998, 12.344737, 15.533545, 17.875415, 23.896362, 44.22794
8.776945, 9.933004, 12.334281, 15.563847, 17.956195749999996, 23.287969, 44.22794
8.780306, 9.954326, 12.31677975, 15.508582, 17.79776685, 23.337430289999972, 44.22794
8.781042, 9.929108, 12.282503, 15.471077, 17.760584, 23.237086, 44.22794
8.782689, 9.961367, 12.340643, 15.535514, 17.78309465, 23.166745, 44.22794
8.768894, 9.9053435, 12.246518, 15.414423400000002, 17.737444849999996, 23.237086, 44.22794
8.774518, 9.90917, 12.242366, 15.404472, 17.716931, 23.213618, 44.22794
8.768346, 9.9222, 12.305653, 15.494422, 17.844694, 23.186055, 44.22794
8.77871125, 9.945984, 12.264055, 15.516032, 17.770134, 23.757344, 44.22794
8.77658675, 9.924691, 12.309553000000001, 15.481921, 17.82148, 23.43647563999994, 44.22794
8.647676, 9.135712, 10.813056, 12.448787, 14.070717, 17.793979169999986, 38.404747
8.647882, 9.129782, 10.79312425, 12.444594800000006, 14.034630899999996, 17.8129, 38.813544
8.648044, 9.126235, 10.802873, 12.411373, 13.983646, 17.78608, 38.813544
8.644519, 9.112452, 10.779907, 12.394759000000004, 13.94032, 17.708369, 38.813544
8.646338, 9.135627, 10.795076, 12.429641, 14.062294, 17.786071, 38.813544
8.64424, 9.107288, 10.788584, 12.442949700000003, 14.070717, 17.547577, 38.813544
8.647156, 9.130221, 10.799258250000001, 12.444594800000006, 14.062613, 17.78704024999999, 38.813544
8.646315, 9.134141, 10.809672, 12.429064, 13.964127, 17.611796, 38.813544
8.646315, 9.133437, 10.805758, 12.448787, 14.062294, 17.844506, 38.813544
8.647442, 9.126235, 10.794076, 12.426273, 13.960113, 17.78608, 38.813544
8.64735, 9.126984, 10.809144, 12.396406, 13.994813, 17.703598, 38.813544
8.649245, 9.140724, 10.802425, 12.42623, 13.994813, 17.802213, 38.813544
8.64735, 9.12794, 10.792782, 12.402633, 14.015086, 17.663793, 38.813544
8.64423425, 9.112136, 10.787559, 12.407502, 13.974307, 17.66415111999994, 38.813544
8.6473725, 9.134619, 10.802425, 12.440112200000005, 14.057811, 17.786071, 38.813544
8.646881, 9.134162, 10.802425, 12.408001, 13.974773949999992, 17.699605, 38.813544
8.645088, 9.119783, 10.801870000000001, 12.426093, 14.009391, 17.786971, 38.813544
8.64424, 9.118573000000001, 10.797017, 12.420562800000008, 13.96309, 17.699605, 38.813544
8.6468, 9.134141, 10.8181355, 12.430775, 14.009391, 17.81321605999995, 38.813544
8.646602, 9.133789, 10.807164, 12.448787, 14.057811, 17.699605, 38.813544
8.646164, 9.110686, 10.784076, 12.4189413, 13.879439, 17.703598, 38.813544
8.649588, 9.135712, 10.783371, 12.469538, 14.062389, 17.709155019999876, 38.813544
8.649687, 9.140164, 10.802425, 12.426273, 14.062294, 17.844781119999954, 38.813544
8.649533, 9.146237, 10.799901, 12.426232, 14.015404799999995, 17.802213, 38.813544
8.64735, 9.1263985, 10.76975, 12.355993, 14.015086, 17.663793, 38.813544
8.64633225, 9.119585, 10.802425, 12.420221, 13.974307, 17.708369, 38.404747
8.647674, 9.149667, 10.792807, 12.426093, 14.034355, 17.703598, 38.813544
8.647008, 9.141869, 10.83873, 12.478032, 14.063569, 17.80231986999998, 38.813544
8.644195499999999, 9.114455, 10.783371, 12.42623, 14.015086, 17.703598, 38.813544
8.731162, 9.093605, 10.553907, 12.055581400000001, 13.206432, 16.604807, 38.813544
8.782061, 9.050433, 10.199632, 11.619728600000006, 12.404542, 14.831535, 26.889073
8.784536, 9.04832, 10.218304, 11.625699, 12.404542, 14.757073, 19.563106
8.784155, 9.054426, 10.223651, 11.629453, 12.44381295, 15.027702, 26.889073
8.72719, 9.077864, 10.533165499999999, 12.006176200000002, 13.16290355, 16.605728, 38.813544
8.725494, 9.069364, 10.50805325, 11.981252, 13.159804, 16.57689691999997, 38.404747
8.73066, 9.082836, 10.528833500000001, 12.050895, 13.223172649999992, 16.593917, 38.404747
8.725249250000001, 9.071526, 10.48857, 11.934316, 13.087696, 16.384364, 38.813544
8.7251575, 9.073017, 10.516849, 12.022684700000003, 13.185148, 16.64532234999991, 38.813544
8.723568, 9.0523235, 10.467675, 11.9644915, 13.112746699999999, 16.571005939999992, 38.813544
8.727994, 9.073093499999999, 10.525831499999999, 11.999153600000017, 13.169687, 16.680769, 38.813544
8.729497499999999, 9.078226, 10.522628000000001, 11.98102, 13.067021, 16.606196, 38.813544
8.726974, 9.08472, 10.50447975, 12.042797, 13.1711402, 16.712506109999886, 38.813544
8.647882, 9.120355, 10.802272, 12.4361022, 14.039873, 17.961427779999852, 38.813544
8.643625, 9.116567, 10.7784, 12.429641, 14.027404, 17.793896, 38.813544
8.647105250000001, 9.1263985, 10.799044, 12.480543, 14.0619102, 17.793896, 38.813544
8.728171, 9.082595000000001, 10.513517, 12.023728, 13.112988, 16.316712, 34.408771
8.731072, 9.092922, 10.543721, 12.034735, 13.182346349999996, 16.615755, 38.404747
8.7285845, 9.082579, 10.5650315, 12.09691, 13.252864749999995, 16.843232269999998, 38.813544
8.7306595, 9.089619500000001, 10.5521435, 12.056833500000009, 13.320111899999999, 16.7835, 38.813544
8.726774, 9.070507, 10.519340249999999, 11.971194, 13.104457, 16.680769, 38.813544
8.730782, 9.069271, 10.515562, 12.010073700000003, 13.169687, 16.78368708999997, 38.813544
8.725408, 9.069317, 10.512318, 12.0407452, 13.204801799999998, 16.378229, 38.813544
8.7300055, 9.0806515, 10.523425, 12.025182700000002, 13.169048, 16.5764478, 38.813544
8.7253045, 9.069738999999998, 10.50347925, 11.998687800000006, 13.16907995, 16.703767, 38.813544
8.7269685, 9.061763, 10.4508635, 11.938586, 13.132643449999998, 16.385237379999985, 38.404747
8.72521875, 9.077988000000001, 10.543721, 11.997909300000009, 13.16290355, 16.609178, 38.813544
8.728245, 9.078045, 10.52685975, 11.98102, 13.112988, 16.468887259999953, 38.404747
8.726759000000001, 9.082478, 10.551850250000001, 11.9844465, 13.122542099999999, 16.60924376999999, 38.813544
8.728404, 9.082138, 10.503292, 12.015373, 13.155389, 16.378384599999976, 38.404747
8.72432125, 9.062805999999998, 10.52583475, 11.977664, 13.216741, 16.60573268, 38.813544
8.723249, 9.07048, 10.532607, 12.067202900000002, 13.219867, 16.57661971999997, 38.813544
8.73089925, 9.0764225, 10.490022, 11.94361830000001, 13.052854, 16.31993434999999, 38.813544
8.724558, 9.072659, 10.498612, 11.986630600000002, 13.120155, 16.468585, 38.813544
8.72618675, 9.070223, 10.505768, 11.998687800000006, 13.123117, 16.394581, 38.404747
8.731101, 9.080981, 10.537345, 12.041126, 13.189383, 16.498811, 38.404747
8.730458, 9.072390500000001, 10.510521749999999, 12.01479, 13.151082, 16.348599589999996, 27.927733
8.729396, 9.0755845, 10.498604499999999, 11.9862213, 13.108789, 16.620502, 38.813544
8.732237, 9.085435, 10.542447, 12.063571900000001, 13.268852, 16.62074429999996, 38.813544
8.731542, 9.0904195, 10.525939000000001, 12.011142, 13.204716, 16.620502, 38.813544
8.645846, 9.116567, 10.806109500000002, 12.426273, 13.967686449999995, 17.80231986999998, 38.813544
8.649633, 9.128838, 10.809672, 12.424542500000005, 13.994813, 17.708369, 38.813544
8.644519, 9.118092, 10.792807, 12.408001, 13.964287549999996, 17.663793, 38.813544
8.64702525, 9.128411, 10.8212195, 12.436074, 14.009391, 17.802213, 38.813544
8.78153, 9.93722, 12.267156, 15.49627, 17.79776685, 23.436095, 44.22794
8.778214, 9.979905, 12.283223, 15.531695, 17.787317249999997, 23.555005, 44.22794
8.770747, 9.933004, 12.26563, 15.436998500000007, 17.69669, 23.507924, 44.22794
8.772561, 9.9139155, 12.241719, 15.468723, 17.786462249999992, 23.328325209999985, 44.22794
8.7828885, 9.944159, 12.304235, 15.486467, 17.844816849999997, 23.43647563999994, 44.22794
8.778754, 9.94805, 12.265103, 15.464343, 17.775321, 23.544632769999982, 44.22794
8.775454, 9.916367, 12.223842, 15.395623, 17.797553, 22.96145148999995, 44.22794
8.646251, 9.126939, 10.80133275, 12.436356, 13.983646, 17.786071, 38.813544
8.649479249999999, 9.149584, 10.857503000000001, 12.4532509, 14.059407, 17.802213, 38.813544
8.646259, 9.119783, 10.816158, 12.444252, 14.015086, 17.709146019999878, 38.813544
8.646881, 9.129088, 10.78818, 12.436701700000008, 14.027751549999996, 17.786971, 38.404747
8.647442, 9.134672, 10.8128985, 12.444253100000001, 14.039873, 17.786071, 38.813544
8.64953375, 9.146237, 10.809144, 12.424355, 13.994813, 17.708369, 38.813544
8.643383, 9.1051595, 10.783959, 12.384751700000004, 13.967338, 17.629572, 38.813544
8.6495745, 9.1300015, 10.795695, 12.420562800000008, 13.961266, 17.629572, 38.813544
8.643998, 9.113921999999999, 10.78858425, 12.346427, 13.974307, 17.709146019999878, 38.813544
8.649533, 9.142635, 10.802748, 12.42623, 13.994813, 17.872178239999975, 38.813544
8.646909, 9.113885, 10.788428, 12.394576, 14.034355, 17.80231986999998, 38.813544
8.648051, 9.130221, 10.799901, 12.423639, 14.034355, 17.709155019999876, 38.813544
8.646881, 9.141965, 10.783066, 12.447581, 13.990885, 17.80231986999998, 38.813544
8.646881, 9.128411, 10.801294, 12.442805, 14.06189, 17.786971, 38.813544
8.645846, 9.1275925, 10.788428, 12.419637, 13.96309, 17.611796, 38.813544
8.64909, 9.142811, 10.801736, 12.474418, 14.057811, 17.703598, 38.813544
8.649837, 9.141327, 10.830678, 12.467011, 14.070717, 17.786071, 38.813544
8.652538, 9.139831, 10.807386, 12.453529, 14.059407, 17.786071, 38.813544
8.645088, 9.111909, 10.784076, 12.396406, 13.967338, 17.786971, 38.813544
8.641551250000001, 9.09003, 10.783066, 12.384552, 13.974307, 17.786971, 38.813544
8.649129, 9.139831, 10.783518, 12.424355, 14.057890799999997, 17.80231986999998, 38.813544
8.641161, 9.1131685, 10.805758, 12.442949700000003, 14.013154, 17.703598, 38.813544
8.648044, 9.133437, 10.815183, 12.453824600000006, 14.066710849999996, 17.844506, 38.813544
8.6468, 9.128324, 10.805758, 12.424355, 13.974307, 17.644383, 38.813544
8.648023, 9.127029, 10.799901, 12.424528800000004, 13.95715, 17.699605, 38.813544
8.652642, 9.1478535, 10.8078255, 12.434224500000004, 14.009391, 17.699605, 38.813544
8.64702525, 9.129088, 10.801294, 12.462111, 14.062389, 17.793979169999986, 38.813544
8.647682, 9.134619, 10.812846, 12.478032, 14.062294, 17.793896, 38.813544
8.646227, 9.137233, 10.807164, 12.448787, 14.057811, 17.8129, 38.813544
8.64766575, 9.120355, 10.799258250000001, 12.439813, 14.06230995, 17.802213, 38.813544
8.644217, 9.126939, 10.807386, 12.434019, 14.021462, 17.786071, 38.813544
8.64423425, 9.107288, 10.749304, 12.420221, 14.009391, 17.793896, 38.813544
8.64477, 9.128411, 10.787559, 12.413431, 13.994813, 17.644383, 38.813544
8.64424, 9.126235, 10.823630000000001, 12.4532509, 14.063569, 17.872018, 38.813544
8.64953375, 9.1462885, 10.795695, 12.45322, 14.113835, 17.611796, 38.813544
8.776423750000001, 9.905094, 12.292975, 15.511645, 17.786971, 23.474159, 44.22794
8.7782625, 9.926724499999999, 12.245024749999999, 15.465985, 17.795765, 23.436095, 44.22794
8.779616, 9.945921, 12.303235, 15.574491, 17.824412, 23.213618, 44.22794
8.783934, 9.960657, 12.33429725, 15.521324300000025, 17.818695, 23.507924, 44.22794
8.778267, 9.954105, 12.297309, 15.445559, 17.708369, 23.421254, 44.22794
8.7771495, 9.949683, 12.339353, 15.488639800000012, 17.8129, 23.28821938999996, 44.22794
8.776905, 9.934477, 12.34191, 15.569308, 17.859281, 23.354685, 40.625286
8.77950975, 9.964299, 12.267156, 15.415273299999999, 17.743503, 23.337430289999972, 44.22794
8.78104175, 9.942904500000001, 12.289678499999999, 15.471077, 17.847151, 23.563729769999803, 44.22794
8.771925, 9.94805, 12.297922, 15.463437, 17.768982599999998, 23.555005, 44.22794
8.768588, 9.942904500000001, 12.326118999999998, 15.602837, 17.894269599999998, 23.757344, 44.22794
8.783520249999999, 9.959553, 12.3307875, 15.531757, 17.822721, 23.789130559999922, 44.22794
8.768894, 9.915056, 12.252065, 15.413626800000001, 17.721836, 23.337256, 44.22794
8.6518245, 9.142989, 10.824965, 12.458397, 14.009391, 17.703598, 38.813544
8.649671, 9.13779, 10.7942225, 12.420221, 13.940439999999999, 17.699605, 38.813544
8.64633225, 9.129782, 10.794076, 12.444253100000001, 14.079938, 17.844781119999954, 38.813544
8.646301, 9.1377375, 10.805758, 12.389567, 13.96309, 17.703645709999993, 38.813544
8.647832, 9.106537, 10.780169, 12.390644, 13.994813, 17.699605, 38.813544
8.65292725, 9.1496335, 10.8181355, 12.46999800000001, 14.09337, 17.793896, 38.813544
8.643933, 9.1278, 10.784076, 12.402618, 14.0132506, 17.8129, 38.813544
8.643625, 9.119585, 10.79312425, 12.411578800000004, 14.063569, 17.793979169999986, 38.813544
8.646602, 9.111567, 10.811768, 12.448787, 13.95715, 17.53853829999999, 38.813544
8.649533, 9.126562, 10.833509, 12.439813, 14.039873, 17.786971, 38.813544
8.647008, 9.127207, 10.809672, 12.45322, 14.062294, 17.708369, 38.813544
8.644131, 9.12137, 10.797017, 12.411373, 13.994813, 17.802213, 38.813544
8.644217, 9.118738, 10.796022, 12.429064, 13.925738, 17.61197375999997, 38.813544
8.647641, 9.141108, 10.837245, 12.458397, 14.0619102, 17.78704024999999, 38.813544
8.648492, 9.137459, 10.830596, 12.498776, 14.063715799999997, 17.844506, 38.813544
8.643217, 9.118092, 10.819754, 12.515008, 14.113835, 17.81321605999995, 38.813544
8.646164, 9.107911, 10.809276, 12.413431, 13.961266, 17.888042, 38.813544
8.644449250000001, 9.136702, 10.816327, 12.459643, 14.062294, 17.8129, 38.813544
8.65292725, 9.147918, 10.809672, 12.444253100000001, 14.06189, 17.663793, 38.813544
8.641427, 9.118738, 10.807386, 12.45322, 14.039873, 17.936827, 38.813544
8.64345875, 9.124901, 10.795695, 12.424528800000004, 13.964287549999996, 17.793896, 38.813544
8.648051, 9.135712, 10.809672, 12.418864, 13.990885, 17.708369, 38.813544
8.642302, 9.096137500000001, 10.788663, 12.426552100000006, 13.95715, 17.699605, 38.813544
8.648051, 9.136702, 10.830666, 12.430775, 14.06189, 17.786071, 38.813544
8.64686075, 9.141869, 10.801449, 12.434224500000004, 14.059407, 17.786071, 38.813544
8.649299749999999, 9.134162, 10.797017, 12.418864, 13.96309, 17.793979169999986, 38.813544
8.649479249999999, 9.129782, 10.813056, 12.436074, 14.039873, 17.936827, 38.813544
8.646909, 9.1312075, 10.811768, 12.447581, 14.06189, 17.703598, 38.813544
8.76804125, 9.916193, 12.297151, 15.486548, 17.818695, 23.313160269999976, 44.22794
8.780913, 9.939314, 12.33045, 15.582384000000001, 17.844694, 23.386707, 44.22794
8.7715715, 9.949185, 12.268384999999999, 15.4455761, 17.836158, 23.328325209999985, 44.22794
8.770255, 9.935468, 12.289259, 15.531701199999999, 17.857093649999992, 23.56251, 44.22794
8.770030499999999, 9.912377, 12.2984955, 15.574584, 17.84354745, 23.581625, 44.22794
8.768346, 9.925763499999999, 12.276249, 15.488115, 17.8187932, 23.43647563999994, 44.22794
8.780306, 9.953048500000001, 12.3254785, 15.493468900000003, 17.768922, 23.35500521999995, 44.22794
8.778754, 9.9288195, 12.34095975, 15.493363, 17.82148, 23.685610699999835, 40.625286
8.780032, 9.918971, 12.267156, 15.563847, 17.84715475, 23.78864, 44.22794
8.769322, 9.924399, 12.289259, 15.449308, 17.833334, 23.544528, 44.22794
8.781703, 9.928431, 12.24925625, 15.5745003, 17.820659, 23.56270114999997, 44.22794
8.7768255, 9.9362055, 12.27518, 15.488639800000012, 17.8187932, 23.789130559999922, 44.22794
8.782554, 9.937025, 12.292975, 15.545028600000006, 17.82280555, 23.55508004999999, 44.22794
8.780251, 9.947821000000001, 12.34455475, 15.591620300000026, 17.82070005, 23.354685, 40.625286
8.776845, 9.945921, 12.282786, 15.473809, 17.786071, 23.56270114999997, 44.22794
8.767394, 9.954105, 12.297151, 15.547966, 17.930256, 23.55508004999999, 44.22794
8.777054249999999, 9.94165, 12.301738, 15.488115, 17.836524949999994, 23.436095, 44.22794
8.771996249999999, 9.911799, 12.28253, 15.487277, 17.824858099999993, 23.421254, 44.22794
8.781392499999999, 9.952278, 12.320116, 15.458325, 17.732042, 23.508394809999924, 44.22794
8.777082, 9.9341905, 12.353179999999998, 15.642201, 17.875415, 23.685297739999886, 44.22794
8.78294, 9.958411000000002, 12.309553000000001, 15.533880600000007, 17.870686099999997, 23.18642793999994, 44.22794
8.7819415, 9.951652, 12.317764, 15.5427436, 17.81015, 23.982799, 44.22794
8.779638, 9.94769, 12.285942, 15.484432100000005, 17.768922, 23.213715309999984, 44.22794
8.7787505, 9.946836999999999, 12.3275875, 15.542952000000005, 17.82070005, 23.56251, 44.22794
8.781231, 9.962677, 12.32608975, 15.545028600000006, 17.836158, 23.83828265999991, 44.22794
8.767545250000001, 9.924399, 12.247322, 15.465985, 17.799394349999996, 23.328325209999985, 44.22794
8.774602999999999, 9.944159, 12.298854, 15.464507200000003, 17.644163, 23.43647563999994, 44.22794
8.78030175, 9.9370805, 12.278174, 15.520172, 17.82070005, 23.896362, 44.22794
8.781009000000001, 9.95026, 12.306214, 15.49627, 17.844694, 23.555005, 44.22794
8.76775, 9.930706, 12.262701, 15.458587700000006, 17.802609849999993, 23.328235, 44.22794
9.127095, 11.271318, 14.096689, 17.582676, 20.027061, 25.78681666000001, 44.22794
9.106745, 11.256453, 14.088299, 17.417718, 19.975074, 25.616439, 40.625286
8.783793, 9.952201, 12.297151, 15.357724, 17.732042, 23.68457, 44.22794
8.783981, 9.960742, 12.306214, 15.555674, 17.870616, 23.941805, 44.22794
8.776559, 9.939891, 12.282988, 15.487277, 17.795765, 23.436095, 40.625286
8.7771495, 9.914875, 12.259859, 15.501056, 17.732042, 23.78971721999983, 44.22794
8.779616, 9.929606, 12.267887, 15.413638700000002, 17.793896, 23.22348636999998, 44.22794
8.771558, 9.942904500000001, 12.297783, 15.465985, 17.656935, 23.102909, 44.22794
8.777523500000001, 9.955218, 12.346427, 15.449308, 17.758924349999997, 23.313160269999976, 44.22794
8.7828885, 9.970876, 12.3332, 15.563847, 17.98265064999999, 23.55508004999999, 44.22794
8.77689, 9.955727, 12.301781, 15.5562682, 17.743503, 23.237086, 44.22794
8.774502, 9.937453, 12.303235, 15.542749, 17.930256, 23.213715309999984, 44.22794
8.788937, 9.91966, 12.26563, 15.531757, 17.836158, 23.287969, 44.22794
8.77782, 9.932933, 12.305653, 15.505135, 17.844506, 23.544632769999982, 44.22794
8.781234, 9.924691, 12.285568, 15.484206, 17.732296199999997, 23.186055, 44.22794
8.789, 9.961233, 12.311199, 15.511867, 17.863091, 23.386707, 44.22794
8.7820085, 9.967405, 12.338752, 15.427384, 17.818695, 23.507924, 40.625286
8.771925, 9.933999, 12.285568, 15.408306, 17.748169, 23.337256, 44.22794
8.769993, 9.9503395, 12.273155, 15.484206, 17.81015, 23.213618, 44.22794
8.77497675, 9.935101, 12.285568, 15.511867, 17.833334, 23.56251, 40.625286
8.775737, 9.9367915, 12.250949, 15.448286500000004, 17.768922, 23.75765695999995, 44.22794
8.769993, 9.944341, 12.279196, 15.477724100000005, 17.87218785, 23.757344, 44.22794
8.77123175, 9.916399, 12.346427, 15.53738050000001, 17.813189749999996, 23.507924, 44.22794
8.776687, 9.905184, 12.242366, 15.457609500000002, 17.787317249999997, 23.421254, 44.22794
9.111456, 11.258235, 14.104582, 17.456575, 20.007928, 25.677274, 44.22794
9.115342, 11.249597, 14.107129, 17.412054, 19.797917, 25.464532, 44.22794
9.114416, 11.250173, 14.095957, 17.431298, 19.966418, 25.386005, 44.22794
9.12046875, 11.2617165, 14.064804, 17.431298, 19.927271, 26.311127, 44.22794
9.114416, 11.269655, 14.075138, 17.351107, 19.797917, 25.872138, 44.22794
9.119364, 11.287448, 14.19159, 17.476674, 19.993191799999956, 25.616439, 44.22794
9.130316, 11.2329425, 14.022907, 17.325379800000004, 19.89221, 25.78681666000001, 44.22794
9.105487, 11.213273, 14.096689, 17.405764, 19.89221, 25.678368970000225, 44.22794
9.110852, 11.212465, 14.071423, 17.400589, 19.991815, 26.015162, 44.22794
9.115342, 11.2553345, 14.058793, 17.369627, 19.89221, 25.786771, 44.22794
9.11906075, 11.207654, 14.047847, 17.299052, 19.742944849999986, 25.386125990000025, 44.22794
9.114416, 11.251128, 14.093828, 17.379265, 19.820696299999923, 25.569375, 44.22794
9.104823, 11.207526, 14.093976, 17.358213, 19.87444344999998, 25.791337, 44.22794
9.113677, 11.231748, 14.0594015, 17.361573, 19.781006, 25.791337, 44.22794
9.138358, 11.2975055, 14.104765, 17.452446, 19.966418, 26.123703, 44.22794
9.114235, 11.24558, 14.071423, 17.429751800000005, 19.916648, 25.677274, 44.22794
9.105987, 11.240114, 14.1044155, 17.394561, 19.797917, 25.907049, 44.22794
8.768310999999999, 9.908886, 12.290937, 15.508582, 17.863091, 23.685297739999886, 44.22794
8.774582, 9.935101, 12.28003175, 15.422631, 17.636415, 23.686101259999756, 44.22794
8.779941, 9.961099, 12.33210375, 15.555732100000002, 17.998549, 23.555005, 44.22794
8.647641, 9.130221, 10.796777500000001, 12.394576, 13.983646, 17.793979169999986, 38.813544
8.645846, 9.129560000000001, 10.816554, 12.434019, 14.06189, 17.8129, 38.813544
8.725273, 9.073093499999999, 10.50838275, 12.0195132, 13.122523, 16.361150479999964, 38.813544
8.728517, 9.072535, 10.526214, 11.984916400000003, 13.1507495, 16.605728, 38.813544
8.725592, 9.071628, 10.511915, 11.971238600000001, 13.120273399999999, 16.33591493999998, 38.813544
8.730581, 9.0764225, 10.528833500000001, 11.987073400000012, 13.112126, 16.39379692, 38.813544
8.7269685, 9.082764, 10.54654875, 12.067157, 13.259039900000001, 16.7835, 38.813544
8.727066, 9.071424, 10.526214, 11.992927000000002, 13.108959599999997, 16.37829034999999, 38.813544
8.725406, 9.073093499999999, 10.513517, 12.007434, 13.108955849999997, 16.60573268, 38.404747
8.72695, 9.0687465, 10.49311525, 11.986512, 13.171538099999994, 16.60924376999999, 38.404747
8.728288, 9.089554, 10.55570925, 12.105944200000007, 13.266517149999999, 16.615886, 38.813544
8.731171, 9.080207, 10.53100875, 12.009694800000004, 13.176227, 16.442499, 38.404747
8.727758249999999, 9.0767065, 10.506886, 12.041118, 13.221502, 16.57689691999997, 38.813544
8.730198, 9.074949, 10.530509499999999, 12.039456000000003, 13.176227, 16.5764478, 38.813544
8.73099375, 9.076375, 10.507976, 11.98102, 13.176227, 16.932347, 38.813544
8.730201749999999, 9.084567, 10.525822, 12.019635300000003, 13.177002, 16.606225819999995, 38.813544
8.730203, 9.081327000000002, 10.53911075, 11.993566, 13.169687, 16.306208, 38.813544
8.732138, 9.079934999999999, 10.539767, 12.022442100000001, 13.159804, 16.442499, 38.813544
8.726712000000001, 9.078448999999999, 10.515956, 11.978234, 13.089843, 16.395060179999923, 38.404747
8.723574, 9.0631865, 10.516906, 11.974855, 13.077162249999999, 16.306313039999985, 38.813544
8.646164, 9.1263985, 10.801736, 12.42623, 14.063569, 17.802213, 38.813544
8.651396, 9.140528, 10.795695, 12.368346800000023, 13.983646, 17.872018, 38.813544
8.646164, 9.1181595, 10.7784, 12.426552100000006, 13.994813, 17.793979169999986, 38.813544
8.6566305, 9.146237, 10.816554, 12.478235900000005, 14.105016, 17.703598, 38.813544
8.6474265, 9.127385, 10.788584, 12.396406, 13.983646, 17.53853829999999, 38.813544
8.647925, 9.141327, 10.817596, 12.462111, 14.0770436, 17.844506, 38.813544
8.732067, 9.091565500000002, 10.53421925, 12.0195132, 13.1507495, 16.378229, 38.404747
8.728257, 9.074508, 10.522567, 11.978449200000005, 13.067021, 16.37829034999999, 34.408771
8.72409225, 9.0767125, 10.530408249999999, 11.981717500000004, 13.122523, 16.306313039999985, 38.813544
8.730979, 9.073042000000001, 10.526137, 12.001404, 13.067097949999999, 16.57661971999997, 38.404747
8.7275205, 9.0797865, 10.54133075, 12.060236500000007, 13.16041, 16.378229, 38.813544
8.728288, 9.081155, 10.519539, 12.007947, 13.156208, 16.385237379999985, 38.813544
8.7254, 9.082381, 10.501673, 11.9628315, 13.077141, 16.645092369999944, 38.813544
8.7254705, 9.0733585, 10.5069615, 11.986189, 13.108789, 16.35044, 38.813544
8.72726875, 9.0728455, 10.530356, 12.0147414, 13.219306, 16.894187, 38.404747
8.725247, 9.0642225, 10.485609, 12.007204, 13.122915599999999, 16.615886, 34.462112
8.7269085, 9.065991, 10.481074750000001, 11.998687800000006, 13.206432, 16.680998979999966, 38.813544
8.729982249999999, 9.074401, 10.50332175, 11.986512, 13.135516249999998, 16.46960865999984, 38.813544
8.72704125, 9.073513, 10.5115295, 12.015427200000001, 13.163769, 16.385237379999985, 38.813544
8.730203, 9.0709455, 10.528691, 12.023867800000003, 13.122915599999999, 16.37829034999999, 38.404747
8.789546, 9.0536925, 10.237786, 11.640785400000002, 12.454557, 15.021127, 26.889073
8.784751, 9.04926, 10.19068925, 11.617329, 12.451222, 14.663581239999921, 26.889073
8.784411, 9.050398, 10.220941, 11.659932, 12.449812199999998, 14.938511, 26.889073
8.782578, 9.051341, 10.213906000000001, 11.622074, 12.3959, 14.801244799999996, 26.889073
8.78464, 9.0480465, 10.19682025, 11.607393, 12.383578, 14.824984, 26.889073
8.789133249999999, 9.070507, 10.23057675, 11.657958, 12.444344, 14.82504950999999, 26.889073
8.836177, 9.021574, 9.38351775, 10.894653, 11.78665, 13.787759, 37.448702
8.831335, 9.0205875, 9.375418999999999, 10.9194022, 11.849133100000001, 14.191161449999807, 37.448702
8.832058, 9.015245, 9.3738145, 10.8619671, 11.7724088, 13.749482, 37.448702
8.836177, 9.020167, 9.378153, 10.8974336, 11.809028, 13.780266, 37.448702
8.8363645, 9.022036, 9.387525499999999, 10.902352, 11.84930905, 14.042294, 37.448702
8.83320325, 9.016928, 9.378264999999999, 10.902352, 11.7618517, 13.892522029999954, 37.448702
8.83524, 9.017611, 9.372527, 10.893488600000001, 11.801112, 13.851700399999983, 35.734803
8.834198, 9.017929, 9.3832505, 10.904826, 11.772452899999998, 13.96692616999998, 35.734803
8.836462, 9.019076, 9.376572, 10.882844, 11.777362, 13.780336209999987, 35.487972
8.8324955, 9.014146, 9.375827, 10.848801, 11.749378, 13.86263, 37.448702
8.830256, 9.017086, 9.36679575, 10.893817, 11.849125, 13.748585999999978, 37.448702
8.8328945, 9.017759, 9.375254, 10.9400551, 11.843571, 13.920466849999965, 37.448702
8.8318875, 9.0180775, 9.379854250000001, 10.9489622, 11.818567449999994, 13.787949119999968, 35.487972
8.832872, 9.017653, 9.396003, 10.914108, 11.781980749999999, 14.094742539999935, 37.448702
8.83497875, 9.020653, 9.391304, 10.888334, 11.768866, 13.89274387999992, 35.330604
8.834085, 9.020167, 9.37272225, 10.848801, 11.778136049999999, 13.980478189999959, 37.448702
8.8321355, 9.014699499999999, 9.373197, 10.862100700000001, 11.761901199999999, 13.655520369999914, 35.734803
8.835995, 9.0194565, 9.37583375, 10.898155, 11.8402, 13.862926119999951, 37.448702
8.832920000000001, 9.018693, 9.369594, 10.883279, 11.749923200000001, 13.892522029999954, 37.448702
8.8315425, 9.0149145, 9.35306, 10.8790035, 11.7547539, 13.770052, 37.448702
8.838805, 9.018782, 9.38114525, 10.959499100000002, 11.8653611, 13.979899039999959, 37.448702
8.83036, 9.016928, 9.37292925, 10.900963, 11.7866766, 14.025349, 37.448702
8.831741, 9.0107245, 9.3865885, 10.898591, 11.775131049999999, 13.89274387999992, 37.448702
8.8327305, 9.015668, 9.36553275, 10.900453, 11.836901, 13.979637, 37.448702
8.83031575, 9.017131, 9.38640375, 10.9080414, 11.838390999999998, 14.025349, 37.448702
8.832291999999999, 9.019188, 9.3675215, 10.888955, 11.838105, 14.042294, 37.448702
8.834085, 9.017684, 9.371171, 10.872322900000002, 11.80116, 14.006010929999974, 37.448702
8.8309245, 9.018195, 9.380721750000001, 10.884665300000002, 11.781980749999999, 13.86263, 37.448702
8.830303, 9.014050000000001, 9.37040325, 10.8939811, 11.849125, 14.164108139999959, 35.734803
8.83328525, 9.015053, 9.38270575, 10.878212, 11.831821, 13.787287, 37.448702
8.833326750000001, 9.013935499999999, 9.359972, 10.878782, 11.835031749999999, 13.979219, 35.734803
8.836462, 9.023121499999998, 9.393381, 10.948811, 11.804665949999995, 13.775426879999992, 35.734803
8.831883000000001, 9.014050000000001, 9.371171, 10.870679, 11.7724088, 13.655520369999914, 35.734803
8.834539, 9.018935500000001, 9.378153, 10.905122200000001, 11.865782399999999, 14.025519, 35.734803
8.827558, 9.014113, 9.361424, 10.883033, 11.799999099999999, 14.054369, 37.448702
8.83493, 9.022337, 9.381302, 10.8869572, 11.760271949999998, 13.762149, 35.330604
8.832666, 9.018668, 9.38206975, 10.9051169, 11.833178049999997, 13.966802, 37.448702
8.827442, 9.013091, 9.35772625, 10.858338, 11.762927649999998, 13.865747619999956, 37.448702
8.831859, 9.0182515, 9.38270575, 10.9048486, 11.843634999999999, 13.979637, 37.448702
8.830303, 9.0127205, 9.358252, 10.853037, 11.747338, 13.851728899999978, 37.448702
8.831201, 9.022316, 9.381341, 10.8934768, 11.787223, 14.054385209999996, 35.734803
8.826959, 9.013526, 9.37368775, 10.9078123, 11.7740831, 13.863206149999908, 37.448702
8.83105, 9.014473, 9.384344500000001, 10.898591, 11.81141, 13.979637, 37.448702
8.830072, 9.015998, 9.384664, 10.9051169, 11.81141, 14.07393618999994, 37.448702
8.83425025, 9.0177935, 9.382693, 10.862161, 11.751520099999997, 14.02563351999998, 37.448702
8.83528875, 9.017096500000001, 9.375152, 10.888265, 11.757076499999998, 13.70786107999998, 37.448702
8.831326, 9.0194565, 9.384699, 10.93184, 11.843848499999996, 14.040122929999997, 37.448702
8.86479, 9.0063525, 9.1787915, 9.462214, 9.972295, 11.993545, 37.448702
8.865751, 9.0010035, 9.175059, 9.4654596, 10.019224099999997, 11.815764150000003, 37.448702
8.865428, 9.003226, 9.187261, 9.459321500000001, 10.033312499999997, 12.07348752000002, 37.448702
8.8624595, 9.000258500000001, 9.1750155, 9.451873, 9.970956, 11.958562, 37.448702
8.863883, 9.0024175, 9.182977, 9.448525, 9.969382, 12.008169170000007, 37.448702
8.863657, 8.998738, 9.1737875, 9.4450259, 9.981216599999998, 11.938839600000005, 37.448702
8.863883, 9.004983, 9.17894175, 9.440594, 9.908013249999998, 11.932675, 35.734803
8.86477425, 9.002309, 9.169457, 9.437902, 9.921269099999995, 11.938814470000004, 37.448702
8.865295, 9.003301, 9.184887, 9.449913, 9.953501099999995, 11.970292, 37.448702
8.866484, 9.000985, 9.17178, 9.449816, 9.965514549999996, 11.938615, 37.448702
8.868778, 9.002863999999999, 9.176505, 9.451816, 10.06491315, 12.008169170000007, 37.448702
8.86406325, 8.9994405, 9.171474, 9.440294, 9.905263, 11.938814470000004, 35.734803
8.868868, 9.00449, 9.186604, 9.465453, 10.041665, 12.328172, 37.448702
8.868897, 9.005772, 9.183294, 9.451873, 9.980987, 12.169767, 37.448702
8.86716575, 9.00341, 9.180702, 9.459671100000001, 10.0134674, 12.003089, 37.448702
8.8643685, 9.003628, 9.182622, 9.4449875, 10.0044173, 12.003089, 37.448702
8.86657175, 9.004057, 9.178889999999999, 9.4467835, 9.946236, 12.222361, 37.448702
8.86394, 9.0006725, 9.1731935, 9.445925, 9.969460699999999, 11.922318300000002, 37.448702
8.86327925, 9.003352, 9.178931, 9.445592, 9.9407, 11.961075, 37.448702
8.866416, 9.002993, 9.178288, 9.445860999999999, 9.971022949999998, 11.999339, 37.448702
8.863354750000001, 8.9991315, 9.173258, 9.445208, 9.927125549999998, 11.932734400000001, 37.448702
8.86416, 9.000005, 9.178158, 9.449816, 9.956152, 11.938615, 37.448702
8.867824, 9.000636, 9.17256375, 9.4344645, 9.910847449999999, 11.961075, 37.448702
8.866735, 9.008089, 9.18290125, 9.4584177, 9.95983, 11.903319540000002, 37.448702
8.865122, 9.000041, 9.175975, 9.456761, 10.003491, 11.913264410000002, 35.487972
8.8655525, 9.0000105, 9.1764525, 9.451873, 10.067905, 11.961167170000001, 37.448702
8.86570575, 9.003628, 9.174587, 9.4658351, 9.994264399999997, 12.054610680000003, 35.734803
8.863937, 9.002763, 9.17072025, 9.437264, 9.951734, 11.894847, 37.448702
8.868851, 9.003908, 9.183431, 9.4567853, 9.992619, 11.958562, 37.448702
8.868995, 9.001645, 9.173774, 9.440225, 9.952919, 11.961167170000001, 37.448702
8.86479, 9.000519, 9.1738355, 9.444550600000001, 9.932986, 11.999339, 37.448702
8.86075, 8.9968705, 9.1709365, 9.449869900000001, 9.949886249999999, 12.003089, 37.448702
8.8780485, 9.024115, 9.218934749999999, 9.506499, 9.843189, 12.4200277, 52.853195
8.876206, 9.01954, 9.2075375, 9.482779800000001, 9.831478949999996, 12.37250653, 36.893046
8.873212500000001, 9.019435000000001, 9.21070925, 9.4838859, 9.80664025, 12.495393, 52.853195
8.872257999999999, 9.017149, 9.203858, 9.459321500000001, 9.767185, 12.223797330000012, 52.853195
8.873215, 9.021384999999999, 9.203880999999999, 9.4776763, 9.825928949999998, 12.374539, 52.853195
8.87436975, 9.019114, 9.20341425, 9.4719944, 9.784372, 12.070419, 52.853195
8.87337475, 9.024574, 9.215896, 9.500779, 9.859969, 11.999339, 52.853195
8.87458375, 9.023788, 9.216368, 9.5073801, 9.829259449999999, 12.348475650000006, 52.853195
8.870433, 9.0166575, 9.2097225, 9.4831198, 9.810233, 12.407887860000017, 52.853195
8.8731065, 9.025124, 9.214597000000001, 9.50226, 9.844062199999998, 12.348473290000006, 37.448702
8.873081, 9.019715, 9.211067, 9.486634800000001, 9.823465749999999, 12.37250653, 37.448702
8.87237225, 9.018975000000001, 9.214658, 9.4842499, 9.85999605, 12.57590586000001, 37.448702
8.87683925, 9.022345000000001, 9.213947, 9.48235, 9.81565385, 12.27790974, 52.853195
8.873731, 9.0218335, 9.2152615, 9.4912507, 9.847075949999997, 11.994778070000002, 52.853195
8.874027, 9.017828, 9.21478925, 9.498536, 9.88131525, 12.505186140000001, 52.853195
8.877384, 9.020882499999999, 9.214177, 9.481084599999999, 9.809449, 11.913367710000005, 52.853195
8.87360575, 9.022337, 9.211663, 9.4881963, 9.842187, 12.476572110000003, 37.448702
8.878581, 9.020338500000001, 9.219949750000001, 9.494691600000001, 9.842240949999999, 12.047984, 52.853195
8.87612775, 9.019272, 9.215284, 9.477603499999999, 9.8166842, 12.407323970000004, 35.734803
8.8771435, 9.0234235, 9.213985, 9.4850643, 9.825601, 12.528226830000005, 37.448702
8.873549, 9.019133499999999, 9.20509325, 9.4740438, 9.782199349999999, 12.383307300000006, 52.853195
8.87451125, 9.0160245, 9.20893725, 9.485054, 9.834580399999998, 12.476382, 52.853195
8.877133, 9.021229, 9.208771, 9.4950651, 9.8391935, 12.223577700000007, 52.853195
8.875383249999999, 9.020924, 9.215268, 9.4986456, 9.870382649999998, 12.667283, 52.853195
8.875088, 9.021355, 9.203696, 9.46719, 9.79312115, 12.382472730000005, 52.853195
8.8752595, 9.020868, 9.212786000000001, 9.4977918, 9.87445455, 12.643119080000005, 52.853195
8.873692, 9.020852, 9.212801, 9.4883591, 9.80910795, 12.374775, 52.853195
8.86406325, 9.0005775, 9.174791, 9.4369814, 9.92058795, 11.958587130000002, 37.448702
8.867364, 9.0006725, 9.175445, 9.451816, 9.929366, 11.851856140000004, 35.330604
8.864476, 9.003301, 9.179931, 9.451816, 10.018997, 12.070419, 37.448702
8.863305, 9.003801, 9.17731725, 9.453075, 9.949886249999999, 11.999339, 37.448702
8.865751, 9.005145, 9.1788815, 9.4486638, 9.897192, 11.874442, 35.734803
8.865273, 9.003879, 9.185064, 9.461342, 9.985579, 12.007767, 37.448702
8.8671345, 9.002214, 9.181369, 9.4664234, 10.033527299999994, 11.922215, 37.448702
8.86570575, 9.002301, 9.18610675, 9.466566, 9.97230775, 11.958562, 37.448702
8.866735, 9.005045, 9.181369, 9.459293, 10.004442, 12.330462, 37.448702
8.867063, 9.005277, 9.179454750000001, 9.4495836, 9.980987, 12.07141248000002, 37.448702
8.869135, 9.000985, 9.174523, 9.453209000000001, 9.960307599999993, 11.958587130000002, 37.448702
8.861778750000001, 9.000486500000001, 9.176628000000001, 9.459293, 9.981216599999998, 11.958562, 37.448702
8.86477425, 9.0046745, 9.187559, 9.471559, 10.004476299999999, 12.279171, 37.448702
8.863137, 8.9991235, 9.17694125, 9.455824, 9.95179325, 11.913174, 35.330604
8.864727, 9.00448, 9.178993, 9.4582946, 9.981216599999998, 11.938814470000004, 37.448702
8.868221, 9.00418, 9.17349475, 9.457004, 10.037583799999997, 11.894863930000001, 37.448702
8.863657, 9.004527, 9.17919125, 9.445208, 9.891818799999996, 11.815598, 37.448702
8.866735, 9.003299, 9.18074925, 9.458109, 9.972608249999999, 12.008169170000007, 37.448702
8.867364, 9.004061, 9.1765115, 9.444518, 9.997939, 11.938615, 37.448702
8.868221, 9.007814, 9.186184, 9.460784, 10.004416, 12.054451, 37.448702
8.866416, 9.004237, 9.181369, 9.453075, 9.961836849999997, 12.007767, 37.448702
8.866416, 9.0025965, 9.180891, 9.4448559, 9.970956, 11.961075, 37.448702
8.863937, 9.004266, 9.188717, 9.459293, 10.003537249999999, 11.993545, 37.448702
8.86662425, 9.0045995, 9.176628000000001, 9.445610799999999, 9.960104049999996, 11.922215, 37.448702
8.866938, 9.007147, 9.183294, 9.459578, 10.013892, 11.938839600000005, 37.448702
8.87949425, 9.025355, 9.217472, 9.493502, 9.813883299999999, 12.505186140000001, 52.853195
8.877908, 9.0236655, 9.2183345, 9.5024529, 9.8489817, 12.22236977, 52.853195
8.873394, 9.017133, 9.215226, 9.502383, 9.82914315, 12.383144040000001, 35.734803
8.875797, 9.020152, 9.210758, 9.47157, 9.835752999999999, 12.407358670000004, 35.487972
8.874137, 9.027121, 9.217158999999999, 9.5079113, 9.8844676, 12.505551870000009, 37.448702
8.87367025, 9.016459999999999, 9.203433, 9.474694200000002, 9.817724299999998, 12.07043996, 52.853195
8.874027, 9.018385, 9.20786875, 9.5010905, 9.844928449999996, 12.37454136, 37.448702
8.87385625, 9.0256425, 9.2128685, 9.4719988, 9.802600599999998, 12.222709470000007, 52.853195
8.8730425, 9.0196945, 9.20995675, 9.486738, 9.812892, 11.91318619, 52.853195
8.875393, 9.0184625, 9.20843625, 9.4842747, 9.850837, 12.071938420000032, 52.853195
8.865974, 9.003801, 9.178808, 9.457004, 9.97230775, 11.938615, 37.448702
8.873940750000001, 9.0188285, 9.210758, 9.471791, 9.774117199999997, 12.17064141000002, 37.448702
8.878574, 9.024911, 9.21337375, 9.4884937, 9.80701835, 12.22236977, 52.853195
8.877892749999999, 9.023382999999999, 9.21763775, 9.4805805, 9.82576, 12.257427630000006, 36.893046
8.87758975, 9.021322, 9.20980475, 9.49365, 9.847552099999998, 12.4200277, 36.893046
8.876388500000001, 9.023223000000002, 9.209445, 9.477088, 9.850837, 12.279782240000014, 37.448702
8.878881, 9.02259, 9.214571, 9.4842612, 9.810233, 12.348452760000006, 52.853195
8.869788, 9.01624, 9.2097965, 9.4991748, 9.84395425, 12.278240760000006, 52.853195
8.879083249999999, 9.024514, 9.2092775, 9.474667900000002, 9.813291449999998, 12.257414890000005, 52.853195
8.890119, 9.044719, 9.242308, 9.5055003, 9.763951549999998, 14.691345, 52.853195
8.885605250000001, 9.045311, 9.24934025, 9.516073400000002, 9.80188175, 16.37826, 32.855096
8.883763, 9.031916, 9.230618, 9.495459000000002, 9.7345687, 15.874329150000039, 52.853195
8.887834, 9.0434775, 9.24301525, 9.525504, 9.778165, 15.571933090000032, 52.853195
8.878737000000001, 9.033675, 9.235009, 9.50114, 9.7401951, 14.431153, 32.855096
8.88825375, 9.038149, 9.237987, 9.528366, 9.778475349999995, 15.873591390000023, 52.853195
8.886903, 9.039125, 9.228597, 9.49414, 9.740704299999997, 14.605052, 52.853195
8.883292749999999, 9.04041, 9.25685075, 9.516023, 9.764608, 14.431345430000004, 32.855096
8.886256, 9.0476995, 9.245126, 9.510604, 9.765831449999999, 16.030153, 52.853195
8.87535125, 9.024514, 9.213725, 9.476803, 9.8094882, 11.95896977000001, 35.734803
8.874327000000001, 9.0191105, 9.208011, 9.480251800000001, 9.77734805, 12.744672, 52.853195
8.876314, 9.020852, 9.20893725, 9.4960837, 9.85908545, 12.257427630000006, 52.853195
8.8771965, 9.021372, 9.21357275, 9.501177, 9.860574699999999, 12.40766945000001, 52.853195
8.87269775, 9.01925, 9.204917, 9.4776368, 9.7986186, 12.257414890000005, 36.893046
8.8741355, 9.019317000000001, 9.20729725, 9.4941639, 9.868889, 12.423773780000007, 36.893046
8.874038, 9.023425, 9.210998, 9.4867471, 9.8185343, 11.999376500000002, 37.448702
8.87798525, 9.0256315, 9.214367000000001, 9.4866207, 9.813835099999999, 12.27790974, 52.853195
8.872465, 9.025151, 9.20855875, 9.480251800000001, 9.82894175, 13.060476, 37.448702
8.87538275, 9.025485, 9.215574, 9.482493, 9.8289792, 12.47644415, 36.893046
8.867979, 9.0038655, 9.180891, 9.466656, 10.00536, 12.007767, 37.448702
8.863137, 9.003639, 9.17529125, 9.4449875, 9.92934, 11.89654, 35.734803
8.86676725, 9.004921, 9.178997, 9.4596301, 10.042222949999992, 12.047984, 37.448702
8.864143, 9.002514, 9.176435, 9.434658, 9.941171549999996, 12.054610680000003, 37.448702
8.865643500000001, 9.002033, 9.1788815, 9.4584177, 10.019224099999997, 12.222361, 37.448702
8.870911, 9.00448, 9.186604, 9.461483, 10.00536, 12.003089, 35.487972
8.865428, 9.003801, 9.175975, 9.440225, 9.972608249999999, 12.07348752000002, 37.448702
8.864143, 9.004527, 9.19070575, 9.462214, 9.97255, 12.047984, 37.448702
8.86906175, 9.00472, 9.181545, 9.455518, 9.899901449999996, 11.938814470000004, 37.448702
8.868137, 9.0030655, 9.174523, 9.439364, 9.992345, 12.007767, 37.448702
8.86477425, 9.004294, 9.172599, 9.438148, 9.933371699999993, 11.99360294, 37.448702
8.868137, 9.005046, 9.17894175, 9.45891, 9.9920315, 11.999339, 35.734803
8.86309975, 9.004546000000001, 9.183294, 9.4570382, 9.956152, 11.913264410000002, 37.448702
8.866484, 9.004266, 9.18035575, 9.458363, 10.003537249999999, 11.999339, 37.448702
8.868868, 9.0047975, 9.182876, 9.4589331, 10.0044516, 11.938814470000004, 37.448702
8.870084, 9.005045, 9.176531, 9.4545219, 9.952919, 11.922215, 37.448702
8.865295, 9.002868, 9.170368999999999, 9.430714, 9.949789, 11.970292, 37.448702
8.86885625, 9.006226, 9.1797915, 9.4582946, 9.981216599999998, 11.938814470000004, 37.448702
8.868995, 9.004387, 9.183177, 9.454415, 10.0137305, 11.970292, 37.448702
8.868422, 9.004509500000001, 9.181145, 9.4425307, 9.974078599999995, 11.99360294, 37.448702
8.866547, 9.002863999999999, 9.180444, 9.4457945, 9.956335899999997, 11.89654, 37.448702
8.8657435, 9.000687500000002, 9.1768895, 9.451821700000002, 9.992619, 11.89654, 37.448702
8.865594, 9.002309, 9.18035575, 9.445208, 9.95179325, 11.913174, 37.448702
8.865562, 9.003226, 9.178158, 9.451821700000002, 9.918443799999999, 11.894847, 35.734803
8.86413325, 9.000277, 9.17694125, 9.451873, 9.884465, 11.961167170000001, 37.448702
8.865974, 9.00372, 9.185161, 9.456761, 9.9920315, 12.22236977, 37.448702
8.86448725, 9.001616, 9.181369, 9.4425307, 9.953317199999997, 11.970292, 37.448702
8.868397250000001, 9.001022, 9.169832, 9.44659, 9.92058795, 11.970524530000006, 37.448702
8.864727, 9.003303, 9.180891, 9.4505011, 9.992015, 12.07348752000002, 35.734803
8.86570575, 9.000709, 9.171256, 9.444963, 9.953317199999997, 11.99360294, 37.448702
8.866467, 9.004629, 9.178972, 9.458363, 9.980987, 12.070419, 37.448702
8.868851, 9.007147, 9.185468, 9.459578, 9.959921199999998, 11.99360294, 37.448702
8.86406325, 9.001322, 9.1762295, 9.445860999999999, 9.985579, 11.932675, 37.448702
8.863847, 9.0040565, 9.182977, 9.4567853, 9.9920315, 11.99360294, 37.448702
8.868149, 9.002618, 9.179753, 9.449913, 9.981216599999998, 12.169767, 37.448702
8.867202, 9.000982, 9.176026, 9.437911, 9.918332, 11.993545, 37.448702
8.866743249999999, 9.005845, 9.183131, 9.462921, 9.972366, 11.922215, 35.734803
8.863937, 9.001022, 9.173272749999999, 9.4584177, 9.97230775, 11.932545, 37.448702
8.863825, 9.003303, 9.180037, 9.435801, 9.927125549999998, 11.961075, 37.448702
8.863825, 9.0016415, 9.175445, 9.445592, 9.927125549999998, 11.932675, 37.448702
8.868058750000001, 9.0032645, 9.180358, 9.44343, 9.940905, 11.90322, 37.448702
8.868461, 9.002561, 9.180037, 9.449913, 9.994071, 11.851856140000004, 35.734803
8.86413325, 9.002392, 9.179358, 9.449816, 9.969460699999999, 11.970292, 37.448702
8.863883, 9.0040565, 9.1772115, 9.438996, 9.921269099999995, 11.89793043, 37.448702
8.869287, 9.004294, 9.183294, 9.4574223, 9.933371699999993, 11.894863930000001, 35.487972
8.866367, 9.005137, 9.17524, 9.4414199, 9.918332, 11.839379, 37.448702
8.866639, 9.002214, 9.173272749999999, 9.451873, 10.023885299999995, 12.07043996, 37.448702
8.860357, 8.999018, 9.175607, 9.445610799999999, 9.931066049999998, 11.89793043, 37.448702
8.863466, 9.002202, 9.177047, 9.445860999999999, 9.985579, 11.922215, 37.448702
8.86079825, 9.001022, 9.172676, 9.4322207, 9.969382, 11.913264410000002, 37.448702
8.869183, 9.008104, 9.178678, 9.4467835, 9.930965, 11.993545, 37.448702
8.862698, 9.002309, 9.175445, 9.4404383, 9.946236, 11.932546299999998, 37.448702
8.865751, 9.0016295, 9.183177, 9.4571145, 9.965311, 11.932734400000001, 37.448702
8.865466, 9.004629, 9.183131, 9.469285, 10.013892, 12.279171, 35.734803
8.8626685, 8.998255, 9.1765115, 9.4382696, 9.959921199999998, 11.922215, 37.448702
8.867323500000001, 9.0064915, 9.1813675, 9.463739400000001, 10.0297696, 12.07043996, 37.448702
8.86591825, 9.002301, 9.173783, 9.445592, 9.946236, 11.922215, 37.448702
8.865049, 9.005273, 9.178288, 9.4431285, 9.970956, 11.932675, 37.448702
8.868897, 9.0021235, 9.178993, 9.4616014, 9.980987, 11.913174, 37.448702
8.868889750000001, 9.003628, 9.181369, 9.465836, 10.004442, 11.922318300000002, 37.448702
8.86391575, 9.002202, 9.185161, 9.4505011, 10.003491, 12.170292940000012, 35.734803
8.831785, 9.016636, 9.36534125, 10.875299900000002, 11.764251, 13.787759, 35.487972
8.830292, 9.011258, 9.36692, 10.856241600000002, 11.746677599999998, 13.725738259999991, 37.448702
8.834605, 9.0178785, 9.378264999999999, 10.884661900000001, 11.788322799999996, 14.054385209999996, 37.448702
8.829296000000001, 9.010192, 9.3586425, 10.8369021, 11.756911, 14.042294, 37.448702
8.834624250000001, 9.017682, 9.38148975, 10.836818, 11.76124, 13.514173, 35.734803
8.83008, 9.018044499999998, 9.376192499999998, 10.9265184, 11.824565399999997, 14.025519, 35.487972
8.832902, 9.0161475, 9.375989, 10.911838, 11.794418, 13.85159, 35.487972
8.834819, 9.018316500000001, 9.3689725, 10.8741213, 11.818554249999995, 13.97922318, 37.448702
8.829755, 9.017007, 9.377894999999999, 10.874023, 11.772323, 14.056165579999972, 37.448702
8.834340000000001, 9.020583, 9.372565999999999, 10.878212, 11.768581, 13.851728899999978, 37.448702
8.831199, 9.01407, 9.360368999999999, 10.860295500000001, 11.7750972, 14.025349, 35.734803
8.83172875, 9.014702, 9.372199, 10.898591, 11.843634999999999, 13.97964285, 37.448702
8.83291625, 9.017653, 9.37610475, 10.894653, 11.768971149999997, 13.942797889999941, 37.448702
8.834833249999999, 9.023433, 9.372527, 10.888334, 11.832256799999998, 13.70786107999998, 35.487972
8.83348475, 9.016223, 9.36795225, 10.898198599999999, 11.838503099999999, 14.040122929999997, 37.448702
8.828975, 9.016582, 9.367624750000001, 10.862161, 11.772323, 13.920245, 35.487972
8.8315615, 9.015814, 9.377752000000001, 10.870679, 11.715893000000001, 13.788040429999878, 37.448702
8.830116, 9.016376, 9.360229, 10.872134, 11.843634999999999, 13.86548, 35.330604
8.83185825, 9.014097, 9.369055, 10.9212347, 11.850887, 14.00603607999997, 37.448702
8.8325825, 9.013878, 9.357126000000001, 10.8391046, 11.726019299999994, 13.731685759999971, 35.734803
8.833171, 9.016231, 9.375854, 10.8748845, 11.7637551, 14.037024229999991, 37.448702
8.835988, 9.021408, 9.374436750000001, 10.861047, 11.768963999999997, 13.85159, 37.448702
8.8303175, 9.010663000000001, 9.372494, 10.893972, 11.775228099999998, 14.040101, 35.734803
8.83104375, 9.012378, 9.36724975, 10.905135, 11.810208649999996, 13.979637, 37.448702
8.830139, 9.014081, 9.37331125, 10.8678974, 11.764382149999998, 14.025349, 37.448702
8.83377075, 9.01785, 9.380721750000001, 10.921898, 11.718405, 13.496939219999996, 37.448702
8.83424125, 9.0168945, 9.36329075, 10.858299, 11.771122499999997, 14.05604628999999, 35.734803
8.8321675, 9.018508, 9.378121, 10.878212, 11.774978, 13.921270889999835, 35.734803
8.829287, 9.015805, 9.36916525, 10.872322900000002, 11.772323, 13.748718289999958, 37.448702
8.833716, 9.017828, 9.37610475, 10.8946593, 11.799999099999999, 13.863427999999871, 37.448702
8.83747825, 9.015602000000001, 9.360349, 10.872127, 11.734993, 13.980222, 35.734803
8.8318725, 9.014682, 9.371275, 10.8868604, 11.770826, 13.980222, 35.734803
8.82786, 9.01672, 9.38131175, 10.900651400000001, 11.7617, 14.02563351999998, 37.448702
8.836378, 9.023403, 9.38549175, 10.952935, 11.799938, 13.920710569999924, 37.448702
8.831826750000001, 9.01747, 9.3841015, 10.875194600000002, 11.751520099999997, 13.70786107999998, 35.734803
8.83162475, 9.0138715, 9.371171, 10.9057191, 11.774921, 14.05599, 37.448702
8.8331085, 9.020826, 9.36918975, 10.9224095, 11.849209299999998, 13.980222, 35.734803
8.8350685, 9.019188, 9.3847045, 10.926302, 11.83942005, 14.025349, 37.448702
8.83095225, 9.0137015, 9.36981275, 10.875006, 11.778136049999999, 14.005841, 37.448702
8.83133275, 9.014077, 9.373654, 10.914330600000001, 11.77083315, 14.025519, 37.448702
8.835158, 9.015805, 9.381965, 10.8902803, 11.7848811, 13.966802, 37.448702
8.8308335, 9.014894, 9.36916525, 10.861953, 11.770999849999999, 13.762228029999989, 35.734803
8.831666, 9.0130355, 9.35547, 10.838018700000001, 11.7155529, 13.586471389999984, 35.734803
8.831526, 9.0153055, 9.36329075, 10.8413, 11.768866, 13.787930029999897, 37.448702
8.871097, 9.0083815, 9.18750125, 9.4589331, 9.952919, 11.961075, 37.448702
8.87532875, 9.019099, 9.2127565, 9.488352, 9.843189, 12.315773, 36.893046
8.88946825, 9.0342715, 9.237981, 9.513436, 9.740178, 13.166617019999995, 22.552578
8.875005999999999, 9.051524, 9.258454, 9.530596000000001, 9.724504, 14.779568679999999, 52.853195
8.882706, 9.0383645, 9.232159, 9.5169234, 9.7798149, 16.215679, 22.552578
0, 0, 0, 0, 0, 0, 0
0, 0, 0, 0, 0, 0, 0
0, 0, 0, 0, 0, 0, 0
0, 0, 0, 0, 0, 0, 0
0, 0, 0, 0, 0, 0, 0
0, 0, 0, 0, 0, 0, 0
0, 0, 0, 0, 0, 0, 0
0, 0, 0, 0, 0, 0, 0
0, 0, 0, 0, 0, 0, 0
0, 0, 0, 0, 0, 0, 0
0, 0, 0, 0, 0, 0, 0
0, 0, 0, 0, 0, 0, 0
0, 0, 0, 0, 0, 0, 0
0, 0, 0, 0, 0, 0, 0
0, 0, 0, 0, 0, 0, 0
0, 0, 0, 0, 0, 0, 0
0, 0, 0, 0, 0, 0, 0
0, 0, 0, 0, 0, 0, 0
0, 0, 0, 0, 0, 0, 0
0, 0, 0, 0, 0, 0, 0
0, 0, 0, 0, 0, 0, 0
0, 0, 0, 0, 0, 0, 0
0, 0, 0, 0, 0, 0, 0
0, 0, 0, 0, 0, 0, 0
0, 0, 0, 0, 0, 0, 0
0, 0, 0, 0, 0, 0, 0
0, 0, 0, 0, 0, 0, 0
0, 0, 0, 0, 0, 0, 0
0, 0, 0, 0, 0, 0, 0
0, 0, 0, 0, 0, 0, 0
0, 0, 0, 0, 0, 0, 0
0, 0, 0, 0, 0, 0, 0
0, 0, 0, 0, 0, 0, 0
0, 0, 0, 0, 0, 0, 0
0, 0, 0, 0, 0, 0, 0
0, 0, 0, 0, 0, 0, 0
0, 0, 0, 0, 0, 0, 0
0, 0, 0, 0, 0, 0, 0
0, 0, 0, 0, 0, 0, 0
0, 0, 0, 0, 0, 0, 0
0, 0, 0, 0, 0, 0, 0
0, 0, 0, 0, 0, 0, 0
0, 0, 0, 0, 0, 0, 0
0, 0, 0, 0, 0, 0, 0
0, 0, 0, 0, 0, 0, 0
0, 0, 0, 0, 0, 0, 0
0, 0, 0, 0, 0, 0, 0
0, 0, 0, 0, 0, 0, 0
0, 0, 0, 0, 0, 0, 0
0, 0, 0, 0, 0, 0, 0
0, 0, 0, 0, 0, 0, 0
0, 0, 0, 0, 0, 0, 0
0, 0, 0, 0, 0, 0, 0
0, 0, 0, 0, 0, 0, 0
0, 0, 0, 0, 0, 0, 0
0, 0, 0, 0, 0, 0, 0
0, 0, 0, 0, 0, 0, 0
0, 0, 0, 0, 0, 0, 0
0, 0, 0, 0, 0, 0, 0
0, 0, 0, 0, 0, 0, 0
0, 0, 0, 0, 0, 0, 0
0, 0, 0, 0, 0, 0, 0
0, 0, 0, 0, 0, 0, 0
0, 0, 0, 0, 0, 0, 0
0, 0, 0, 0, 0, 0, 0
0, 0, 0, 0, 0, 0, 0
0, 0, 0, 0, 0, 0, 0
0, 0, 0, 0, 0, 0, 0
0, 0, 0, 0, 0, 0, 0
0, 0, 0, 0, 0, 0, 0
0, 0, 0, 0, 0, 0, 0
0, 0, 0, 0, 0, 0, 0
0, 0, 0, 0, 0, 0, 0
0, 0, 0, 0, 0, 0, 0
0, 0, 0, 0, 0, 0, 0
0, 0, 0, 0, 0, 0, 0
0, 0, 0, 0, 0, 0, 0
0, 0, 0, 0, 0, 0, 0
0, 0, 0, 0, 0, 0, 0
0, 0, 0, 0, 0, 0, 0
0, 0, 0, 0, 0, 0, 0
0, 0, 0, 0, 0, 0, 0
0, 0, 0, 0, 0, 0, 0
0, 0, 0, 0, 0, 0, 0
0, 0, 0, 0, 0, 0, 0
0, 0, 0, 0, 0, 0, 0
0, 0, 0, 0, 0, 0, 0
0, 0, 0, 0, 0, 0, 0
0, 0, 0, 0, 0, 0, 0
0, 0, 0, 0, 0, 0, 0
0, 0, 0, 0, 0, 0, 0
0, 0, 0, 0, 0, 0, 0
0, 0, 0, 0, 0, 0, 0
0, 0, 0, 0, 0, 0, 0
0, 0, 0, 0, 0, 0, 0
0, 0, 0, 0, 0, 0, 0
0, 0, 0, 0, 0, 0, 0
0, 0, 0, 0, 0, 0, 0
0, 0, 0, 0, 0, 0, 0
0, 0, 0, 0, 0, 0, 0
0, 0, 0, 0, 0, 0, 0
0, 0, 0, 0, 0, 0, 0
0, 0, 0, 0, 0, 0, 0
0, 0, 0, 0, 0, 0, 0
0, 0, 0, 0, 0, 0, 0
0, 0, 0, 0, 0, 0, 0
0, 0, 0, 0, 0, 0, 0
0, 0, 0, 0, 0, 0, 0
0, 0, 0, 0, 0, 0, 0
0, 0, 0, 0, 0, 0, 0
0, 0, 0, 0, 0, 0, 0
0, 0, 0, 0, 0, 0, 0
0, 0, 0, 0, 0, 0, 0
0, 0, 0, 0, 0, 0, 0
0, 0, 0, 0, 0, 0, 0
0, 0, 0, 0, 0, 0, 0
0, 0, 0, 0, 0, 0, 0
0, 0, 0, 0, 0, 0, 0
0, 0, 0, 0, 0, 0, 0
0, 0, 0, 0, 0, 0, 0
0, 0, 0, 0, 0, 0, 0
0, 0, 0, 0, 0, 0, 0
0, 0, 0, 0, 0, 0, 0
0, 0, 0, 0, 0, 0, 0
0, 0, 0, 0, 0, 0, 0
0, 0, 0, 0, 0, 0, 0
0, 0, 0, 0, 0, 0, 0
0, 0, 0, 0, 0, 0, 0
0, 0, 0, 0, 0, 0, 0
0, 0, 0, 0, 0, 0, 0
0, 0, 0, 0, 0, 0, 0
0, 0, 0, 0, 0, 0, 0
0, 0, 0, 0, 0, 0, 0
0, 0, 0, 0, 0, 0, 0
0, 0, 0, 0, 0, 0, 0
0, 0, 0, 0, 0, 0, 0
0, 0, 0, 0, 0, 0, 0
0, 0, 0, 0, 0, 0, 0
0, 0, 0, 0, 0, 0, 0
0, 0, 0, 0, 0, 0, 0
0, 0, 0, 0, 0, 0, 0
0, 0, 0, 0, 0, 0, 0
0, 0, 0, 0, 0, 0, 0
0, 0, 0, 0, 0, 0, 0
0, 0, 0, 0, 0, 0, 0
0, 0, 0, 0, 0, 0, 0
0, 0, 0, 0, 0, 0, 0
0, 0, 0, 0, 0, 0, 0
0, 0, 0, 0, 0, 0, 0
0, 0, 0, 0, 0, 0, 0
0, 0, 0, 0, 0, 0, 0
0, 0, 0, 0, 0, 0, 0
0, 0, 0, 0, 0, 0, 0
0, 0, 0, 0, 0, 0, 0
0, 0, 0, 0, 0, 0, 0
0, 0, 0, 0, 0, 0, 0
0, 0, 0, 0, 0, 0, 0
0, 0, 0, 0, 0, 0, 0
0, 0, 0, 0, 0, 0, 0
0, 0, 0, 0, 0, 0, 0
0, 0, 0, 0, 0, 0, 0
0, 0, 0, 0, 0, 0, 0
0, 0, 0, 0, 0, 0, 0
0, 0, 0, 0, 0, 0, 0
0, 0, 0, 0, 0, 0, 0
0, 0, 0, 0, 0, 0, 0
0, 0, 0, 0, 0, 0, 0
0, 0, 0, 0, 0, 0, 0
0, 0, 0, 0, 0, 0, 0
0, 0, 0, 0, 0, 0, 0
0, 0, 0, 0, 0, 0, 0
0, 0, 0, 0, 0, 0, 0
0, 0, 0, 0, 0, 0, 0
0, 0, 0, 0, 0, 0, 0
0, 0, 0, 0, 0, 0, 0
0, 0, 0, 0, 0, 0, 0
0, 0, 0, 0, 0, 0, 0
0, 0, 0, 0, 0, 0, 0
0, 0, 0, 0, 0, 0, 0
0, 0, 0, 0, 0, 0, 0
0, 0, 0, 0, 0, 0, 0
0, 0, 0, 0, 0, 0, 0
0, 0, 0, 0, 0, 0, 0
0, 0, 0, 0, 0, 0, 0
0, 0, 0, 0, 0, 0, 0
0, 0, 0, 0, 0, 0, 0
0, 0, 0, 0, 0, 0, 0
0, 0, 0, 0, 0, 0, 0
0, 0, 0, 0, 0, 0, 0
0, 0, 0, 0, 0, 0, 0
0, 0, 0, 0, 0, 0, 0
0, 0, 0, 0, 0, 0, 0
0, 0, 0, 0, 0, 0, 0
0, 0, 0, 0, 0, 0, 0
0, 0, 0, 0, 0, 0, 0
0, 0, 0, 0, 0, 0, 0
0, 0, 0, 0, 0, 0, 0
0, 0, 0, 0, 0, 0, 0
0, 0, 0, 0, 0, 0, 0
0, 0, 0, 0, 0, 0, 0
0, 0, 0, 0, 0, 0, 0
0, 0, 0, 0, 0, 0, 0
0, 0, 0, 0, 0, 0, 0
0, 0, 0, 0, 0, 0, 0
0, 0, 0, 0, 0, 0, 0
0, 0, 0, 0, 0, 0, 0
0, 0, 0, 0, 0, 0, 0
0, 0, 0, 0, 0, 0, 0
0, 0, 0, 0, 0, 0, 0
0, 0, 0, 0, 0, 0, 0
0, 0, 0, 0, 0, 0, 0
0, 0, 0, 0, 0, 0, 0
0, 0, 0, 0, 0, 0, 0
0, 0, 0, 0, 0, 0, 0
0, 0, 0, 0, 0, 0, 0
0, 0, 0, 0, 0, 0, 0
0, 0, 0, 0, 0, 0, 0
0, 0, 0, 0, 0, 0, 0
0, 0, 0, 0, 0, 0, 0
0, 0, 0, 0, 0, 0, 0
0, 0, 0, 0, 0, 0, 0
0, 0, 0, 0, 0, 0, 0
0, 0, 0, 0, 0, 0, 0
0, 0, 0, 0, 0, 0, 0
0, 0, 0, 0, 0, 0, 0
0, 0, 0, 0, 0, 0, 0
0, 0, 0, 0, 0, 0, 0
0, 0, 0, 0, 0, 0, 0
0, 0, 0, 0, 0, 0, 0
0, 0, 0, 0, 0, 0, 0
0, 0, 0, 0, 0, 0, 0
0, 0, 0, 0, 0, 0, 0
0, 0, 0, 0, 0, 0, 0
0, 0, 0, 0, 0, 0, 0
0, 0, 0, 0, 0, 0, 0
0, 0, 0, 0, 0, 0, 0
0, 0, 0, 0, 0, 0, 0
0, 0, 0, 0, 0, 0, 0
0, 0, 0, 0, 0, 0, 0
0, 0, 0, 0, 0, 0, 0
0, 0, 0, 0, 0, 0, 0
0, 0, 0, 0, 0, 0, 0
0, 0, 0, 0, 0, 0, 0
0, 0, 0, 0, 0, 0, 0
0, 0, 0, 0, 0, 0, 0
0, 0, 0, 0, 0, 0, 0
0, 0, 0, 0, 0, 0, 0
0, 0, 0, 0, 0, 0, 0
0, 0, 0, 0, 0, 0, 0
0, 0, 0, 0, 0, 0, 0
0, 0, 0, 0, 0, 0, 0
0, 0, 0, 0, 0, 0, 0
0, 0, 0, 0, 0, 0, 0
0, 0, 0, 0, 0, 0, 0
0, 0, 0, 0, 0, 0, 0
0, 0, 0, 0, 0, 0, 0
0, 0, 0, 0, 0, 0, 0
0, 0, 0, 0, 0, 0, 0
0, 0, 0, 0, 0, 0, 0
0, 0, 0, 0, 0, 0, 0
0, 0, 0, 0, 0, 0, 0
0, 0, 0, 0, 0, 0, 0
0, 0, 0, 0, 0, 0, 0
0, 0, 0, 0, 0, 0, 0
0, 0, 0, 0, 0, 0, 0
0, 0, 0, 0, 0, 0, 0
0, 0, 0, 0, 0, 0, 0
0, 0, 0, 0, 0, 0, 0
0, 0, 0, 0, 0, 0, 0
0, 0, 0, 0, 0, 0, 0
0, 0, 0, 0, 0, 0, 0
0, 0, 0, 0, 0, 0, 0
0, 0, 0, 0, 0, 0, 0
0, 0, 0, 0, 0, 0, 0
0, 0, 0, 0, 0, 0, 0
0, 0, 0, 0, 0, 0, 0
0, 0, 0, 0, 0, 0, 0
0, 0, 0, 0, 0, 0, 0
0, 0, 0, 0, 0, 0, 0
0, 0, 0, 0, 0, 0, 0
0, 0, 0, 0, 0, 0, 0
0, 0, 0, 0, 0, 0, 0
0, 0, 0, 0, 0, 0, 0
0, 0, 0, 0, 0, 0, 0
0, 0, 0, 0, 0, 0, 0
0, 0, 0, 0, 0, 0, 0
0, 0, 0, 0, 0, 0, 0
0, 0, 0, 0, 0, 0, 0
0, 0, 0, 0, 0, 0, 0
0, 0, 0, 0, 0, 0, 0
0, 0, 0, 0, 0, 0, 0
0, 0, 0, 0, 0, 0, 0
0, 0, 0, 0, 0, 0, 0
0, 0, 0, 0, 0, 0, 0
0, 0, 0, 0, 0, 0, 0
0, 0, 0, 0, 0, 0, 0
0, 0, 0, 0, 0, 0, 0
0, 0, 0, 0, 0, 0, 0
0, 0, 0, 0, 0, 0, 0
0, 0, 0, 0, 0, 0, 0
0, 0, 0, 0, 0, 0, 0
0, 0, 0, 0, 0, 0, 0
0, 0, 0, 0, 0, 0, 0
0, 0, 0, 0, 0, 0, 0
0, 0, 0, 0, 0, 0, 0
0, 0, 0, 0, 0, 0, 0
0, 0, 0, 0, 0, 0, 0
0, 0, 0, 0, 0, 0, 0
0, 0, 0, 0, 0, 0, 0
0, 0, 0, 0, 0, 0, 0
0, 0, 0, 0, 0, 0, 0
0, 0, 0, 0, 0, 0, 0
0, 0, 0, 0, 0, 0, 0
0, 0, 0, 0, 0, 0, 0
0, 0, 0, 0, 0, 0, 0
0, 0, 0, 0, 0, 0, 0
0, 0, 0, 0, 0, 0, 0
0, 0, 0, 0, 0, 0, 0
0, 0, 0, 0, 0, 0, 0
0, 0, 0, 0, 0, 0, 0
0, 0, 0, 0, 0, 0, 0
0, 0, 0, 0, 0, 0, 0
0, 0, 0, 0, 0, 0, 0
0, 0, 0, 0, 0, 0, 0
0, 0, 0, 0, 0, 0, 0
0, 0, 0, 0, 0, 0, 0
0, 0, 0, 0, 0, 0, 0
0, 0, 0, 0, 0, 0, 0
0, 0, 0, 0, 0, 0, 0
0, 0, 0, 0, 0, 0, 0
0, 0, 0, 0, 0, 0, 0
0, 0, 0, 0, 0, 0, 0
0, 0, 0, 0, 0, 0, 0
0, 0, 0, 0, 0, 0, 0
0, 0, 0, 0, 0, 0, 0
0, 0, 0, 0, 0, 0, 0
0, 0, 0, 0, 0, 0, 0
0, 0, 0, 0, 0, 0, 0
0, 0, 0, 0, 0, 0, 0
0, 0, 0, 0, 0, 0, 0
0, 0, 0, 0, 0, 0, 0
0, 0, 0, 0, 0, 0, 0
0, 0, 0, 0, 0, 0, 0
0, 0, 0, 0, 0, 0, 0
0, 0, 0, 0, 0, 0, 0
0, 0, 0, 0, 0, 0, 0
0, 0, 0, 0, 0, 0, 0
0, 0, 0, 0, 0, 0, 0
0, 0, 0, 0, 0, 0, 0
0, 0, 0, 0, 0, 0, 0
0, 0, 0, 0, 0, 0, 0
0, 0, 0, 0, 0, 0, 0
0, 0, 0, 0, 0, 0, 0
0, 0, 0, 0, 0, 0, 0
0, 0, 0, 0, 0, 0, 0
0, 0, 0, 0, 0, 0, 0
0, 0, 0, 0, 0, 0, 0
0, 0, 0, 0, 0, 0, 0
0, 0, 0, 0, 0, 0, 0
0, 0, 0, 0, 0, 0, 0
0, 0, 0, 0, 0, 0, 0
0, 0, 0, 0, 0, 0, 0
0, 0, 0, 0, 0, 0, 0
0, 0, 0, 0, 0, 0, 0
0, 0, 0, 0, 0, 0, 0
0, 0, 0, 0, 0, 0, 0
0, 0, 0, 0, 0, 0, 0
0, 0, 0, 0, 0, 0, 0
0, 0, 0, 0, 0, 0, 0
0, 0, 0, 0, 0, 0, 0
0, 0, 0, 0, 0, 0, 0
0, 0, 0, 0, 0, 0, 0
0, 0, 0, 0, 0, 0, 0
0, 0, 0, 0, 0, 0, 0
0, 0, 0, 0, 0, 0, 0
0, 0, 0, 0, 0, 0, 0
0, 0, 0, 0, 0, 0, 0
0, 0, 0, 0, 0, 0, 0
0, 0, 0, 0, 0, 0, 0
0, 0, 0, 0, 0, 0, 0
0, 0, 0, 0, 0, 0, 0
0, 0, 0, 0, 0, 0, 0
0, 0, 0, 0, 0, 0, 0
0, 0, 0, 0, 0, 0, 0
0, 0, 0, 0, 0, 0, 0
0, 0, 0, 0, 0, 0, 0
0, 0, 0, 0, 0, 0, 0
0, 0, 0, 0, 0, 0, 0
0, 0, 0, 0, 0, 0, 0
0, 0, 0, 0, 0, 0, 0
0, 0, 0, 0, 0, 0, 0
0, 0, 0, 0, 0, 0, 0
0, 0, 0, 0, 0, 0, 0
0, 0, 0, 0, 0, 0, 0
0, 0, 0, 0, 0, 0, 0
0, 0, 0, 0, 0, 0, 0
0, 0, 0, 0, 0, 0, 0
0, 0, 0, 0, 0, 0, 0
0, 0, 0, 0, 0, 0, 0
0, 0, 0, 0, 0, 0, 0
0, 0, 0, 0, 0, 0, 0
0, 0, 0, 0, 0, 0, 0
0, 0, 0, 0, 0, 0, 0
0, 0, 0, 0, 0, 0, 0
0, 0, 0, 0, 0, 0, 0
0, 0, 0, 0, 0, 0, 0
0, 0, 0, 0, 0, 0, 0
0, 0, 0, 0, 0, 0, 0
0, 0, 0, 0, 0, 0, 0
0, 0, 0, 0, 0, 0, 0
0, 0, 0, 0, 0, 0, 0
0, 0, 0, 0, 0, 0, 0
0, 0, 0, 0, 0, 0, 0
0, 0, 0, 0, 0, 0, 0
0, 0, 0, 0, 0, 0, 0
0, 0, 0, 0, 0, 0, 0
0, 0, 0, 0, 0, 0, 0
0, 0, 0, 0, 0, 0, 0
0, 0, 0, 0, 0, 0, 0
0, 0, 0, 0, 0, 0, 0
0, 0, 0, 0, 0, 0, 0
0, 0, 0, 0, 0, 0, 0
0, 0, 0, 0, 0, 0, 0
0, 0, 0, 0, 0, 0, 0
0, 0, 0, 0, 0, 0, 0
0, 0, 0, 0, 0, 0, 0
0, 0, 0, 0, 0, 0, 0
0, 0, 0, 0, 0, 0, 0
0, 0, 0, 0, 0, 0, 0
0, 0, 0, 0, 0, 0, 0
0, 0, 0, 0, 0, 0, 0
0, 0, 0, 0, 0, 0, 0
0, 0, 0, 0, 0, 0, 0
0, 0, 0, 0, 0, 0, 0
0, 0, 0, 0, 0, 0, 0
0, 0, 0, 0, 0, 0, 0
0, 0, 0, 0, 0, 0, 0
0, 0, 0, 0, 0, 0, 0
0, 0, 0, 0, 0, 0, 0
0, 0, 0, 0, 0, 0, 0
0, 0, 0, 0, 0, 0, 0
0, 0, 0, 0, 0, 0, 0
0, 0, 0, 0, 0, 0, 0
0, 0, 0, 0, 0, 0, 0
0, 0, 0, 0, 0, 0, 0
0, 0, 0, 0, 0, 0, 0
0, 0, 0, 0, 0, 0, 0
0, 0, 0, 0, 0, 0, 0
0, 0, 0, 0, 0, 0, 0
0, 0, 0, 0, 0, 0, 0
0, 0, 0, 0, 0, 0, 0
0, 0, 0, 0, 0, 0, 0
0, 0, 0, 0, 0, 0, 0
0, 0, 0, 0, 0, 0, 0
0, 0, 0, 0, 0, 0, 0
0, 0, 0, 0, 0, 0, 0
0, 0, 0, 0, 0, 0, 0
0, 0, 0, 0, 0, 0, 0
0, 0, 0, 0, 0, 0, 0
0, 0, 0, 0, 0, 0, 0
0, 0, 0, 0, 0, 0, 0
0, 0, 0, 0, 0, 0, 0
0, 0, 0, 0, 0, 0, 0
0, 0, 0, 0, 0, 0, 0
0, 0, 0, 0, 0, 0, 0
0, 0, 0, 0, 0, 0, 0
0, 0, 0, 0, 0, 0, 0
0, 0, 0, 0, 0, 0, 0
0, 0, 0, 0, 0, 0, 0
0, 0, 0, 0, 0, 0, 0
0, 0, 0, 0, 0, 0, 0
0, 0, 0, 0, 0, 0, 0
0, 0, 0, 0, 0, 0, 0
0, 0, 0, 0, 0, 0, 0
0, 0, 0, 0, 0, 0, 0
0, 0, 0, 0, 0, 0, 0
0, 0, 0, 0, 0, 0, 0
0, 0, 0, 0, 0, 0, 0
0, 0, 0, 0, 0, 0, 0
0, 0, 0, 0, 0, 0, 0
0, 0, 0, 0, 0, 0, 0
0, 0, 0, 0, 0, 0, 0
0, 0, 0, 0, 0, 0, 0
0, 0, 0, 0, 0, 0, 0
0, 0, 0, 0, 0, 0, 0
0, 0, 0, 0, 0, 0, 0
0, 0, 0, 0, 0, 0, 0
0, 0, 0, 0, 0, 0, 0
0, 0, 0, 0, 0, 0, 0
0, 0, 0, 0, 0, 0, 0
0, 0, 0, 0, 0, 0, 0
0, 0, 0, 0, 0, 0, 0
0, 0, 0, 0, 0, 0, 0
0, 0, 0, 0, 0, 0, 0
0, 0, 0, 0, 0, 0, 0
0, 0, 0, 0, 0, 0, 0
0, 0, 0, 0, 0, 0, 0
0, 0, 0, 0, 0, 0, 0
0, 0, 0, 0, 0, 0, 0
0, 0, 0, 0, 0, 0, 0
0, 0, 0, 0, 0, 0, 0
0, 0, 0, 0, 0, 0, 0
0, 0, 0, 0, 0, 0, 0
0, 0, 0, 0, 0, 0, 0
0, 0, 0, 0, 0, 0, 0
0, 0, 0, 0, 0, 0, 0
0, 0, 0, 0, 0, 0, 0
0, 0, 0, 0, 0, 0, 0
0, 0, 0, 0, 0, 0, 0
0, 0, 0, 0, 0, 0, 0
0, 0, 0, 0, 0, 0, 0
0, 0, 0, 0, 0, 0, 0
0, 0, 0, 0, 0, 0, 0
0, 0, 0, 0, 0, 0, 0
0, 0, 0, 0, 0, 0, 0
0, 0, 0, 0, 0, 0, 0
0, 0, 0, 0, 0, 0, 0
0, 0, 0, 0, 0, 0, 0
0, 0, 0, 0, 0, 0, 0
0, 0, 0, 0, 0, 0, 0
0, 0, 0, 0, 0, 0, 0
0, 0, 0, 0, 0, 0, 0
0, 0, 0, 0, 0, 0, 0
0, 0, 0, 0, 0, 0, 0
0, 0, 0, 0, 0, 0, 0
0, 0, 0, 0, 0, 0, 0
0, 0, 0, 0, 0, 0, 0
0, 0, 0, 0, 0, 0, 0
0, 0, 0, 0, 0, 0, 0
0, 0, 0, 0, 0, 0, 0
0, 0, 0, 0, 0, 0, 0
0, 0, 0, 0, 0, 0, 0
0, 0, 0, 0, 0, 0, 0
0, 0, 0, 0, 0, 0, 0
0, 0, 0, 0, 0, 0, 0
0, 0, 0, 0, 0, 0, 0
0, 0, 0, 0, 0, 0, 0
0, 0, 0, 0, 0, 0, 0
0, 0, 0, 0, 0, 0, 0
0, 0, 0, 0, 0, 0, 0
0, 0, 0, 0, 0, 0, 0
0, 0, 0, 0, 0, 0, 0
0, 0, 0, 0, 0, 0, 0
0, 0, 0, 0, 0, 0, 0
0, 0, 0, 0, 0, 0, 0
0, 0, 0, 0, 0, 0, 0
0, 0, 0, 0, 0, 0, 0
0, 0, 0, 0, 0, 0, 0
0, 0, 0, 0, 0, 0, 0
0, 0, 0, 0, 0, 0, 0
0, 0, 0, 0, 0, 0, 0
0, 0, 0, 0, 0, 0, 0
0, 0, 0, 0, 0, 0, 0
0, 0, 0, 0, 0, 0, 0
0, 0, 0, 0, 0, 0, 0
0, 0, 0, 0, 0, 0, 0
0, 0, 0, 0, 0, 0, 0
0, 0, 0, 0, 0, 0, 0
0, 0, 0, 0, 0, 0, 0
0, 0, 0, 0, 0, 0, 0
0, 0, 0, 0, 0, 0, 0
0, 0, 0, 0, 0, 0, 0
0, 0, 0, 0, 0, 0, 0
0, 0, 0, 0, 0, 0, 0
0, 0, 0, 0, 0, 0, 0
0, 0, 0, 0, 0, 0, 0
0, 0, 0, 0, 0, 0, 0
0, 0, 0, 0, 0, 0, 0
0, 0, 0, 0, 0, 0, 0
0, 0, 0, 0, 0, 0, 0
0, 0, 0, 0, 0, 0, 0
0, 0, 0, 0, 0, 0, 0
0, 0, 0, 0, 0, 0, 0
0, 0, 0, 0, 0, 0, 0
0, 0, 0, 0, 0, 0, 0
0, 0, 0, 0, 0, 0, 0
0, 0, 0, 0, 0, 0, 0
0, 0, 0, 0, 0, 0, 0
0, 0, 0, 0, 0, 0, 0
0, 0, 0, 0, 0, 0, 0
0, 0, 0, 0, 0, 0, 0
0, 0, 0, 0, 0, 0, 0
0, 0, 0, 0, 0, 0, 0
0, 0, 0, 0, 0, 0, 0
0, 0, 0, 0, 0, 0, 0
0, 0, 0, 0, 0, 0, 0
0, 0, 0, 0, 0, 0, 0
0, 0, 0, 0, 0, 0, 0
0, 0, 0, 0, 0, 0, 0
0, 0, 0, 0, 0, 0, 0
0, 0, 0, 0, 0, 0, 0
0, 0, 0, 0, 0, 0, 0
0, 0, 0, 0, 0, 0, 0
0, 0, 0, 0, 0, 0, 0
0, 0, 0, 0, 0, 0, 0
0, 0, 0, 0, 0, 0, 0
0, 0, 0, 0, 0, 0, 0
0, 0, 0, 0, 0, 0, 0
0, 0, 0, 0, 0, 0, 0
0, 0, 0, 0, 0, 0, 0
0, 0, 0, 0, 0, 0, 0
0, 0, 0, 0, 0, 0, 0
0, 0, 0, 0, 0, 0, 0
0, 0, 0, 0, 0, 0, 0
0, 0, 0, 0, 0, 0, 0
0, 0, 0, 0, 0, 0, 0
0, 0, 0, 0, 0, 0, 0
0, 0, 0, 0, 0, 0, 0
0, 0, 0, 0, 0, 0, 0
0, 0, 0, 0, 0, 0, 0
0, 0, 0, 0, 0, 0, 0
0, 0, 0, 0, 0, 0, 0
0, 0, 0, 0, 0, 0, 0
0, 0, 0, 0, 0, 0, 0
0, 0, 0, 0, 0, 0, 0
0, 0, 0, 0, 0, 0, 0
0, 0, 0, 0, 0, 0, 0
0, 0, 0, 0, 0, 0, 0
0, 0, 0, 0, 0, 0, 0
0, 0, 0, 0, 0, 0, 0
0, 0, 0, 0, 0, 0, 0
0, 0, 0, 0, 0, 0, 0
0, 0, 0, 0, 0, 0, 0
0, 0, 0, 0, 0, 0, 0
0, 0, 0, 0, 0, 0, 0
0, 0, 0, 0, 0, 0, 0
0, 0, 0, 0, 0, 0, 0
0, 0, 0, 0, 0, 0, 0
0, 0, 0, 0, 0, 0, 0
0, 0, 0, 0, 0, 0, 0
0, 0, 0, 0, 0, 0, 0
0, 0, 0, 0, 0, 0, 0
0, 0, 0, 0, 0, 0, 0
0, 0, 0, 0, 0, 0, 0
0, 0, 0, 0, 0, 0, 0
0, 0, 0, 0, 0, 0, 0
0, 0, 0, 0, 0, 0, 0
0, 0, 0, 0, 0, 0, 0
0, 0, 0, 0, 0, 0, 0
0, 0, 0, 0, 0, 0, 0
0, 0, 0, 0, 0, 0, 0
0, 0, 0, 0, 0, 0, 0
0, 0, 0, 0, 0, 0, 0
0, 0, 0, 0, 0, 0, 0
0, 0, 0, 0, 0, 0, 0
0, 0, 0, 0, 0, 0, 0
0, 0, 0, 0, 0, 0, 0
0, 0, 0, 0, 0, 0, 0
0, 0, 0, 0, 0, 0, 0
0, 0, 0, 0, 0, 0, 0
0, 0, 0, 0, 0, 0, 0
0, 0, 0, 0, 0, 0, 0
0, 0, 0, 0, 0, 0, 0
0, 0, 0, 0, 0, 0, 0
0, 0, 0, 0, 0, 0, 0
0, 0, 0, 0, 0, 0, 0
0, 0, 0, 0, 0, 0, 0
0, 0, 0, 0, 0, 0, 0
0, 0, 0, 0, 0, 0, 0
0, 0, 0, 0, 0, 0, 0
0, 0, 0, 0, 0, 0, 0
0, 0, 0, 0, 0, 0, 0
0, 0, 0, 0, 0, 0, 0
0, 0, 0, 0, 0, 0, 0
0, 0, 0, 0, 0, 0, 0
0, 0, 0, 0, 0, 0, 0
0, 0, 0, 0, 0, 0, 0
0, 0, 0, 0, 0, 0, 0
0, 0, 0, 0, 0, 0, 0
0, 0, 0, 0, 0, 0, 0
0, 0, 0, 0, 0, 0, 0
0, 0, 0, 0, 0, 0, 0
0, 0, 0, 0, 0, 0, 0
0, 0, 0, 0, 0, 0, 0
0, 0, 0, 0, 0, 0, 0
0, 0, 0, 0, 0, 0, 0
0, 0, 0, 0, 0, 0, 0
0, 0, 0, 0, 0, 0, 0
0, 0, 0, 0, 0, 0, 0
0, 0, 0, 0, 0, 0, 0
0, 0, 0, 0, 0, 0, 0
0, 0, 0, 0, 0, 0, 0
0, 0, 0, 0, 0, 0, 0
0, 0, 0, 0, 0, 0, 0
0, 0, 0, 0, 0, 0, 0
0, 0, 0, 0, 0, 0, 0
0, 0, 0, 0, 0, 0, 0
0, 0, 0, 0, 0, 0, 0
0, 0, 0, 0, 0, 0, 0
0, 0, 0, 0, 0, 0, 0
0, 0, 0, 0, 0, 0, 0
0, 0, 0, 0, 0, 0, 0
0, 0, 0, 0, 0, 0, 0
0, 0, 0, 0, 0, 0, 0
0, 0, 0, 0, 0, 0, 0
0, 0, 0, 0, 0, 0, 0
0, 0, 0, 0, 0, 0, 0
0, 0, 0, 0, 0, 0, 0
0, 0, 0, 0, 0, 0, 0
0, 0, 0, 0, 0, 0, 0
0, 0, 0, 0, 0, 0, 0
0, 0, 0, 0, 0, 0, 0
0, 0, 0, 0, 0, 0, 0
0, 0, 0, 0, 0, 0, 0
0, 0, 0, 0, 0, 0, 0
0, 0, 0, 0, 0, 0, 0
0, 0, 0, 0, 0, 0, 0
0, 0, 0, 0, 0, 0, 0
0, 0, 0, 0, 0, 0, 0
0, 0, 0, 0, 0, 0, 0
0, 0, 0, 0, 0, 0, 0
0, 0, 0, 0, 0, 0, 0
0, 0, 0, 0, 0, 0, 0
0, 0, 0, 0, 0, 0, 0
0, 0, 0, 0, 0, 0, 0
0, 0, 0, 0, 0, 0, 0
0, 0, 0, 0, 0, 0, 0
0, 0, 0, 0, 0, 0, 0
0, 0, 0, 0, 0, 0, 0
0, 0, 0, 0, 0, 0, 0
0, 0, 0, 0, 0, 0, 0
0, 0, 0, 0, 0, 0, 0
0, 0, 0, 0, 0, 0, 0
0, 0, 0, 0, 0, 0, 0
0, 0, 0, 0, 0, 0, 0
0, 0, 0, 0, 0, 0, 0
0, 0, 0, 0, 0, 0, 0
0, 0, 0, 0, 0, 0, 0
0, 0, 0, 0, 0, 0, 0
0, 0, 0, 0, 0, 0, 0
0, 0, 0, 0, 0, 0, 0
0, 0, 0, 0, 0, 0, 0
0, 0, 0, 0, 0, 0, 0
0, 0, 0, 0, 0, 0, 0
0, 0, 0, 0, 0, 0, 0
0, 0, 0, 0, 0, 0, 0
0, 0, 0, 0, 0, 0, 0
0, 0, 0, 0, 0, 0, 0
0, 0, 0, 0, 0, 0, 0
0, 0, 0, 0, 0, 0, 0
0, 0, 0, 0, 0, 0, 0
0, 0, 0, 0, 0, 0, 0
0, 0, 0, 0, 0, 0, 0
0, 0, 0, 0, 0, 0, 0
0, 0, 0, 0, 0, 0, 0
0, 0, 0, 0, 0, 0, 0
0, 0, 0, 0, 0, 0, 0
0, 0, 0, 0, 0, 0, 0
0, 0, 0, 0, 0, 0, 0
0, 0, 0, 0, 0, 0, 0
0, 0, 0, 0, 0, 0, 0
0, 0, 0, 0, 0, 0, 0
0, 0, 0, 0, 0, 0, 0
0, 0, 0, 0, 0, 0, 0
0, 0, 0, 0, 0, 0, 0
0, 0, 0, 0, 0, 0, 0
0, 0, 0, 0, 0, 0, 0
0, 0, 0, 0, 0, 0, 0
0, 0, 0, 0, 0, 0, 0
0, 0, 0, 0, 0, 0, 0
0, 0, 0, 0, 0, 0, 0
0, 0, 0, 0, 0, 0, 0
0, 0, 0, 0, 0, 0, 0
0, 0, 0, 0, 0, 0, 0
0, 0, 0, 0, 0, 0, 0
0, 0, 0, 0, 0, 0, 0
0, 0, 0, 0, 0, 0, 0
0, 0, 0, 0, 0, 0, 0
0, 0, 0, 0, 0, 0, 0
0, 0, 0, 0, 0, 0, 0
0, 0, 0, 0, 0, 0, 0
0, 0, 0, 0, 0, 0, 0
0, 0, 0, 0, 0, 0, 0
0, 0, 0, 0, 0, 0, 0
0, 0, 0, 0, 0, 0, 0
0, 0, 0, 0, 0, 0, 0
0, 0, 0, 0, 0, 0, 0
0, 0, 0, 0, 0, 0, 0
0, 0, 0, 0, 0, 0, 0
0, 0, 0, 0, 0, 0, 0
0, 0, 0, 0, 0, 0, 0
0, 0, 0, 0, 0, 0, 0
0, 0, 0, 0, 0, 0, 0
0, 0, 0, 0, 0, 0, 0
0, 0, 0, 0, 0, 0, 0
0, 0, 0, 0, 0, 0, 0
0, 0, 0, 0, 0, 0, 0
0, 0, 0, 0, 0, 0, 0
0, 0, 0, 0, 0, 0, 0
0, 0, 0, 0, 0, 0, 0
0, 0, 0, 0, 0, 0, 0
0, 0, 0, 0, 0, 0, 0
0, 0, 0, 0, 0, 0, 0
0, 0, 0, 0, 0, 0, 0
0, 0, 0, 0, 0, 0, 0
0, 0, 0, 0, 0, 0, 0
0, 0, 0, 0, 0, 0, 0
0, 0, 0, 0, 0, 0, 0
0, 0, 0, 0, 0, 0, 0
0, 0, 0, 0, 0, 0, 0
0, 0, 0, 0, 0, 0, 0
0, 0, 0, 0, 0, 0, 0
0, 0, 0, 0, 0, 0, 0
0, 0, 0, 0, 0, 0, 0
0, 0, 0, 0, 0, 0, 0
0, 0, 0, 0, 0, 0, 0
0, 0, 0, 0, 0, 0, 0
0, 0, 0, 0, 0, 0, 0
0, 0, 0, 0, 0, 0, 0
0, 0, 0, 0, 0, 0, 0
0, 0, 0, 0, 0, 0, 0
0, 0, 0, 0, 0, 0, 0
0, 0, 0, 0, 0, 0, 0
0, 0, 0, 0, 0, 0, 0
0, 0, 0, 0, 0, 0, 0
0, 0, 0, 0, 0, 0, 0
0, 0, 0, 0, 0, 0, 0
0, 0, 0, 0, 0, 0, 0
0, 0, 0, 0, 0, 0, 0
8.87431175, 9.019732, 9.215443749999999, 9.5192975, 9.799768599999998, 16.65946179, 23.303856
8.89645425, 9.044919, 9.260450500000001, 9.5247151, 9.77955705, 13.623610759999995, 52.853195
8.890903250000001, 9.033683, 9.222428, 9.4847774, 9.7684887, 11.19798953, 19.072953
8.8750895, 9.031112499999999, 9.221952, 9.4980471, 9.73992, 11.455930439999996, 22.552578
8.88654575, 9.04615, 9.262203, 9.538292, 9.775921, 14.394841979999997, 24.370709
8.894782, 9.0503965, 9.244798750000001, 9.5239501, 9.766847, 16.108532, 52.853195
8.882832, 9.0392185, 9.234637, 9.5298823, 9.764229899999998, 15.977419659999999, 23.303856
8.8770535, 9.031049, 9.231525999999999, 9.497408100000001, 9.74821725, 16.37895398, 36.893046
8.883222, 9.034016999999999, 9.229786, 9.4974219, 9.7613662, 16.109242169999998, 32.855096
8.881040250000002, 9.036949499999999, 9.232699, 9.478671, 9.67644615, 13.734837159999993, 19.587514
8.880160499999999, 9.0339385, 9.228873, 9.4833121, 9.71801645, 13.260779679999999, 19.656824
8.894310749999999, 9.041927, 9.246623750000001, 9.4976321, 9.74821725, 14.199897939999994, 52.853195
8.876803, 9.030711499999999, 9.234866, 9.5320857, 9.82218195, 14.67135192, 52.853195
8.87009775, 9.043909, 9.246693500000001, 9.543998400000001, 9.8231931, 16.21730481, 52.853195
8.89685725, 9.0451795, 9.2368835, 9.492093800000001, 9.70420135, 11.533825039999996, 36.893046
8.8874085, 9.040516499999999, 9.227209, 9.4782414, 9.7444467, 14.902573969999995, 19.373624
8.88539475, 9.0422815, 9.236342, 9.5035328, 9.764192799999998, 14.416369, 52.853195
8.88164025, 9.043630499999999, 9.243531, 9.512927, 9.7967676, 16.181377349999998, 22.552578
8.87874775, 9.042474, 9.245908, 9.4842586, 9.72000705, 11.204574879999994, 32.855096
8.8890405, 9.0444665, 9.239611, 9.500914700000001, 9.7694701, 15.722323, 32.855096
8.89868, 9.044333, 9.232870499999999, 9.538292, 9.73407565, 11.926869659999989, 19.645042
8.880618250000001, 9.047702000000001, 9.25765425, 9.543203199999999, 9.74902, 14.195412589999998, 36.893046
8.888895250000001, 9.043795, 9.23083125, 9.5000725, 9.73995, 13.737205269999999, 32.855096
8.88917625, 9.0417035, 9.222232250000001, 9.485054, 9.7098096, 13.729825919999998, 36.893046
8.89586275, 9.040942000000001, 9.243929750000001, 9.5107834, 9.765831449999999, 14.707033449999987, 36.893046
8.875483, 9.0330465, 9.22146975, 9.4831936, 9.73552765, 14.452594749999998, 36.893046
8.874543, 9.033399, 9.2243455, 9.517210100000002, 9.757871199999999, 16.030358099999997, 52.853195
8.896715749999998, 9.045492, 9.258786, 9.501129, 9.77206885, 14.69221518, 36.893046
8.89334225, 9.056667, 9.231109, 9.4884586, 9.733164, 16.10960347, 19.656824
8.876388500000001, 9.0306615, 9.236144249999999, 9.5182805, 9.7239701, 14.416369, 52.853195
8.89900475, 9.044572, 9.225338, 9.495275, 9.77878325, 16.36279307, 19.656824
8.882522, 9.030749, 9.241110749999999, 9.5169195, 9.75599035, 14.108396169999997, 23.303856
8.882492, 9.031586, 9.22575075, 9.4841042, 9.7118998, 11.1624218, 52.853195
8.89065875, 9.044718, 9.238217500000001, 9.524617, 9.7644174, 13.488560829999997, 24.370709
8.884011749999999, 9.0445135, 9.240866749999999, 9.4947206, 9.740374999999998, 10.91040683, 19.502914
8.88231825, 9.03189, 9.249542250000001, 9.511592, 9.7694701, 11.163599429999998, 20.217992
8.886731, 9.044351, 9.230791499999999, 9.493502, 9.7727585, 16.111229279999996, 36.893046
8.875383249999999, 9.0201805, 9.222809, 9.488179, 9.6834738, 13.274915199999985, 36.893046
8.878421249999999, 9.0445155, 9.2406915, 9.5011993, 9.68687595, 13.625993919999992, 36.893046
8.8842505, 9.052107, 9.241092, 9.548266000000002, 9.813120849999999, 14.001069, 19.213916
8.876693750000001, 9.0333695, 9.22740475, 9.48311, 9.691834400000001, 16.060277709999998, 36.893046
8.882478, 9.039524, 9.24943925, 9.522847800000001, 9.7986111, 16.747375299999998, 32.855096
8.889981500000001, 9.0531635, 9.2545105, 9.5284431, 9.7766865, 14.733161439999998, 22.552578
8.877895, 9.0397935, 9.242909, 9.523358, 9.76821035, 16.605649919999998, 36.893046
8.8744865, 9.0391615, 9.229986, 9.5187433, 9.7256628, 13.556740149999998, 19.656824
8.88974675, 9.042662, 9.22436425, 9.476749, 9.740872, 11.827052069999986, 24.370709
8.880942, 9.032841, 9.23099525, 9.4650346, 9.729082850000001, 13.61904774, 52.853195
8.89431825, 9.0336985, 9.23191525, 9.4873256, 9.72376775, 15.97762476, 52.853195
8.888282, 9.041317, 9.24973075, 9.509272600000001, 9.758068549999999, 14.790880899999989, 52.853195
8.88239575, 9.036044, 9.22193525, 9.4606871, 9.66433465, 10.80247833, 21.371576
8.8815275, 9.0337125, 9.23992975, 9.5015323, 9.718939, 16.061744759999996, 36.893046
8.888826, 9.048327, 9.25044575, 9.5251021, 9.7245422, 15.977419659999999, 23.303856
8.8770585, 9.0436275, 9.24756725, 9.5120351, 9.791958, 16.402719719999997, 36.893046
8.897052500000001, 9.049542, 9.25044575, 9.526364300000001, 9.814325949999999, 17.30083304, 32.855096
8.875176, 9.047657000000001, 9.230932750000001, 9.487196800000001, 9.6825552, 11.75946840999998, 19.373624
8.891244, 9.058782, 9.247768, 9.487925100000002, 9.718559099999998, 16.602683, 32.855096
8.8961635, 9.037532500000001, 9.23972725, 9.5117165, 9.740756249999999, 12.012064209999986, 52.853195
8.8965405, 9.0399985, 9.24128975, 9.513154700000001, 9.7388751, 13.235582829999997, 24.370709
8.88236075, 9.039742, 9.230808, 9.488588, 9.67144375, 10.848647169999992, 19.213916
8.888997, 9.043061, 9.249427, 9.529778, 9.76471995, 13.258511, 52.853195
8.8784215, 9.035584499999999, 9.25219125, 9.5083207, 9.687069999999999, 14.452805489999998, 22.552578
8.8886635, 9.035082, 9.244795, 9.5174035, 9.71603135, 11.143171619999992, 19.213916
8.902527500000001, 9.0520665, 9.242623, 9.4840024, 9.69986575, 14.46159617999999, 22.552578
8.88220425, 9.044681, 9.244952999999999, 9.5249532, 9.7399329, 16.03043855, 32.855096
8.892304249999999, 9.049258, 9.23608325, 9.4981394, 9.70204355, 14.453206909999997, 36.893046
8.889219, 9.0414105, 9.24785125, 9.5336258, 9.7766865, 14.607990789999999, 52.853195
8.884928500000001, 9.042399, 9.245659, 9.525892100000002, 9.758082649999999, 16.220110639999998, 32.855096
8.8833845, 9.0491805, 9.234878, 9.508007600000001, 9.752797, 14.670883159999999, 24.370709
8.89226425, 9.035436, 9.238393, 9.5269698, 9.704121899999999, 13.23262547, 36.893046
8.892609499999999, 9.045541, 9.2383335, 9.5284431, 9.79987425, 15.977705209999998, 22.552578
8.87684875, 9.029447, 9.2144605, 9.483278, 9.697161150000001, 14.74289760999999, 22.552578
8.87918775, 9.0497135, 9.257306, 9.532075299999999, 9.7866114, 16.10021293, 36.893046
8.8928075, 9.0492705, 9.244055, 9.519093400000001, 9.823667350000001, 14.905645829999994, 21.371576
8.8837065, 9.030377000000001, 9.2374155, 9.512927, 9.7183339, 16.36279307, 32.855096
8.890083, 9.0480885, 9.2559905, 9.517032799999999, 9.806602, 14.001069, 23.303856
8.88999925, 9.050885, 9.25194075, 9.539164200000002, 9.77048035, 16.37845443, 36.893046
8.865734, 9.0234045, 9.222269, 9.467533600000001, 9.694017549999998, 11.737343, 20.217992
8.885879, 9.044959500000001, 9.2312635, 9.490188, 9.716713350000001, 11.97301437, 22.552578
8.893684499999999, 9.052124500000001, 9.258167749999998, 9.5502235, 9.7992855, 13.488560829999997, 24.370709
0, 0, 0, 0, 0, 0, 0
0, 0, 0, 0, 0, 0, 0
0, 0, 0, 0, 0, 0, 0
0, 0, 0, 0, 0, 0, 0
0, 0, 0, 0, 0, 0, 0
0, 0, 0, 0, 0, 0, 0
0, 0, 0, 0, 0, 0, 0
0, 0, 0, 0, 0, 0, 0
0, 0, 0, 0, 0, 0, 0
0, 0, 0, 0, 0, 0, 0
0, 0, 0, 0, 0, 0, 0
0, 0, 0, 0, 0, 0, 0
0, 0, 0, 0, 0, 0, 0
0, 0, 0, 0, 0, 0, 0
0, 0, 0, 0, 0, 0, 0
0, 0, 0, 0, 0, 0, 0
0, 0, 0, 0, 0, 0, 0
0, 0, 0, 0, 0, 0, 0
0, 0, 0, 0, 0, 0, 0
0, 0, 0, 0, 0, 0, 0
0, 0, 0, 0, 0, 0, 0
0, 0, 0, 0, 0, 0, 0
0, 0, 0, 0, 0, 0, 0
0, 0, 0, 0, 0, 0, 0
0, 0, 0, 0, 0, 0, 0
0, 0, 0, 0, 0, 0, 0
0, 0, 0, 0, 0, 0, 0
0, 0, 0, 0, 0, 0, 0
0, 0, 0, 0, 0, 0, 0
0, 0, 0, 0, 0, 0, 0
0, 0, 0, 0, 0, 0, 0
0, 0, 0, 0, 0, 0, 0
0, 0, 0, 0, 0, 0, 0
0, 0, 0, 0, 0, 0, 0
0, 0, 0, 0, 0, 0, 0
0, 0, 0, 0, 0, 0, 0
0, 0, 0, 0, 0, 0, 0
0, 0, 0, 0, 0, 0, 0
0, 0, 0, 0, 0, 0, 0
0, 0, 0, 0, 0, 0, 0
0, 0, 0, 0, 0, 0, 0
0, 0, 0, 0, 0, 0, 0
0, 0, 0, 0, 0, 0, 0
0, 0, 0, 0, 0, 0, 0
0, 0, 0, 0, 0, 0, 0
0, 0, 0, 0, 0, 0, 0
0, 0, 0, 0, 0, 0, 0
0, 0, 0, 0, 0, 0, 0
0, 0, 0, 0, 0, 0, 0
0, 0, 0, 0, 0, 0, 0
0, 0, 0, 0, 0, 0, 0
0, 0, 0, 0, 0, 0, 0
8.881040250000002, 9.038917000000001, 9.243694, 9.5298823, 9.728642200000001, 15.874124049999999, 24.370709
8.89065875, 9.036202, 9.230571000000001, 9.49884, 9.7161574, 14.105136, 52.853195
8.88810125, 9.030838, 9.2334885, 9.512836, 9.729957, 11.097599, 36.893046
8.88748275, 9.036586, 9.22193275, 9.5400703, 9.808244499999999, 16.179549, 24.370709
8.88450225, 9.038971, 9.245773250000001, 9.5234663, 9.82349425, 16.65932164, 32.855096
8.875230250000001, 9.031007500000001, 9.220224250000001, 9.476795, 9.7646665, 14.39243249, 23.303856
8.8996795, 9.0490465, 9.25080425, 9.509769, 9.752836349999999, 13.246953809999987, 20.217992
8.890517500000001, 9.0506405, 9.246879499999999, 9.541553200000001, 9.8163103, 15.981095159999995, 24.370709
8.88428525, 9.0303705, 9.238709499999999, 9.509769, 9.75601515, 11.199852179999997, 36.893046
8.87950125, 9.033576, 9.22614125, 9.5034853, 9.81314915, 15.97762476, 52.853195
8.88772, 9.034214, 9.2348575, 9.5039279, 9.7768505, 15.978913619999998, 36.893046
8.8887955, 9.041927, 9.24927125, 9.5129756, 9.79690995, 13.560632899999995, 32.855096
8.900529500000001, 9.0528005, 9.247381, 9.4992931, 9.716544050000001, 13.622733749999995, 23.303856
8.89279175, 9.034263, 9.23299275, 9.5075707, 9.764063499999999, 16.05910689, 24.370709
8.8819825, 9.031281, 9.225102, 9.4975944, 9.70001065, 13.556740149999998, 36.893046
8.8879085, 9.044043, 9.24970325, 9.541464600000001, 9.80221675, 14.902573969999995, 24.370709
8.884618, 9.042895, 9.246527, 9.5165636, 9.768621900000001, 16.449208249999998, 36.893046
8.8844725, 9.048108, 9.23738425, 9.516987, 9.744206, 14.90866716999999, 24.370709
8.88829675, 9.041407, 9.23809225, 9.5318397, 9.80045655, 14.110787349999995, 52.853195
8.87577675, 9.0282545, 9.25044575, 9.4842586, 9.72550245, 11.376701289999998, 22.552578
8.87526475, 9.040264, 9.228243, 9.502603500000001, 9.73490655, 13.72803882, 36.893046
8.879645, 9.026440000000001, 9.223154749999999, 9.4853692, 9.7234867, 11.01188323, 19.645042
8.8881895, 9.047865, 9.258533, 9.548402800000002, 9.784372, 14.90866716999999, 32.855096
8.882665, 9.054852, 9.2447705, 9.53097, 9.765778, 13.805537069999998, 24.370709
8.88782725, 9.0432245, 9.25310575, 9.5193135, 9.76816065, 14.39224006, 52.853195
8.887834, 9.0348095, 9.23566475, 9.4982329, 9.787106249999999, 15.977705209999998, 22.552578
8.8844725, 9.0399985, 9.233833500000001, 9.548228600000002, 9.808262449999999, 12.00640526999999, 18.516134
8.882019750000001, 9.034292, 9.241076249999999, 9.5102287, 9.7086902, 16.706707, 36.893046
8.878737000000001, 9.042422, 9.245655249999999, 9.546340599999999, 9.8404, 16.061744759999996, 36.893046
8.88647375, 9.038127, 9.242772, 9.527394200000002, 9.76395155, 14.46159617999999, 36.893046
8.88032975, 9.03808, 9.2373185, 9.508177400000001, 9.773925, 13.91610324, 32.855096
8.891165, 9.043405, 9.24082125, 9.482764300000001, 9.6940964, 16.37851031, 22.552578
8.8799145, 9.037894000000001, 9.228762, 9.482841, 9.70933975, 13.165980879999996, 36.893046
8.88047375, 9.038043, 9.2271055, 9.5236734, 9.7724295, 14.39209222, 36.893046
8.877682, 9.0230095, 9.2144075, 9.4667297, 9.7182891, 15.977419659999999, 21.371576
8.884055499999999, 9.038547999999999, 9.230834999999999, 9.5023807, 9.70905785, 14.898931, 36.893046
8.888578500000001, 9.041407, 9.2243455, 9.5137856, 9.70145035, 11.738098139999998, 22.552578
8.8884785, 9.0339885, 9.237845, 9.508067, 9.77345605, 17.321586449999998, 24.370709
8.878237250000002, 9.0339885, 9.23487025, 9.5211628, 9.77902825, 16.658843, 36.893046
8.87420825, 9.024267, 9.2224725, 9.477166500000001, 9.741591049999998, 13.62899725999999, 20.217992
8.880658, 9.045993500000002, 9.247318, 9.513478600000001, 9.765848349999999, 11.026171029999997, 32.855096
8.900465, 9.0415715, 9.24924, 9.519718000000001, 9.80661475, 14.90971055999999, 36.893046
8.88810475, 9.0487135, 9.24720875, 9.4993193, 9.78219935, 14.73195576, 19.892145
8.88713975, 9.041321, 9.23191525, 9.5321494, 9.71620235, 16.604573739999996, 19.656824
8.899915, 9.046547, 9.247127500000001, 9.511582, 9.769548749999998, 14.001069, 36.893046
8.88810475, 9.031708, 9.231348, 9.5246698, 9.80239, 11.1624218, 32.855096
8.895194, 9.05645, 9.24521875, 9.4924157, 9.703576, 13.736535, 23.303856
8.8828005, 9.041854, 9.244522, 9.5234663, 9.80915505, 16.39775888, 22.552578
8.89216175, 9.04468, 9.24734975, 9.516233900000001, 9.7194207, 16.030153, 23.303856
8.8840575, 9.0352625, 9.243543500000001, 9.5000132, 9.716589, 11.534044409999996, 32.855096
8.88401875, 9.027649499999999, 9.224482, 9.540584599999999, 9.8096397, 11.932614419999984, 21.371576
8.8790445, 9.028268, 9.22236, 9.4804677, 9.69291795, 11.914393, 17.997995
8.88164025, 9.033628, 9.2350465, 9.5169005, 9.75788675, 14.195220159999998, 19.587514
8.890065, 9.0431585, 9.23713475, 9.560262100000001, 9.8169264, 14.195220159999998, 19.072953
8.890739, 9.052107, 9.24785125, 9.5102287, 9.81314915, 11.199852179999997, 19.213916
8.901107, 9.042701, 9.22614125, 9.491609100000002, 9.764608, 16.032453369999995, 19.892145
8.894811, 9.034809500000001, 9.21280875, 9.4981875, 9.704696649999999, 11.257035629999999, 22.552578
8.88239575, 9.048272, 9.24301525, 9.5331137, 9.75621015, 13.61904774, 36.893046
8.876208, 9.03015, 9.222707, 9.488590600000002, 9.7165061, 13.166617019999995, 21.371576
8.898114249999999, 9.0520435, 9.2647325, 9.5331795, 9.748175, 10.54755649, 20.217992
8.8859975, 9.033576, 9.24210275, 9.5340126, 9.8132033, 13.728709089999999, 23.303856
8.891183250000001, 9.0399985, 9.23418175, 9.5402415, 9.77823035, 14.10601301, 22.552578
8.892563749999999, 9.049999, 9.2439015, 9.5199911, 9.776282, 14.605052, 52.853195
8.889219, 9.046616499999999, 9.260455, 9.5464704, 9.8132741, 14.007971759999993, 32.855096
8.886197, 9.0505815, 9.237010999999999, 9.518391000000001, 9.813529699999998, 16.109242169999998, 23.303856
8.88538375, 9.0437025, 9.2573335, 9.517206, 9.76729975, 14.779568679999999, 52.853195
0, 0, 0, 0, 0, 0, 0
0, 0, 0, 0, 0, 0, 0
0, 0, 0, 0, 0, 0, 0
0, 0, 0, 0, 0, 0, 0
0, 0, 0, 0, 0, 0, 0
0, 0, 0, 0, 0, 0, 0
0, 0, 0, 0, 0, 0, 0
0, 0, 0, 0, 0, 0, 0
0, 0, 0, 0, 0, 0, 0
0, 0, 0, 0, 0, 0, 0
0, 0, 0, 0, 0, 0, 0
0, 0, 0, 0, 0, 0, 0
0, 0, 0, 0, 0, 0, 0
0, 0, 0, 0, 0, 0, 0
0, 0, 0, 0, 0, 0, 0
0, 0, 0, 0, 0, 0, 0
0, 0, 0, 0, 0, 0, 0
0, 0, 0, 0, 0, 0, 0
0, 0, 0, 0, 0, 0, 0
0, 0, 0, 0, 0, 0, 0
0, 0, 0, 0, 0, 0, 0
0, 0, 0, 0, 0, 0, 0
0, 0, 0, 0, 0, 0, 0
0, 0, 0, 0, 0, 0, 0
0, 0, 0, 0, 0, 0, 0
0, 0, 0, 0, 0, 0, 0
0, 0, 0, 0, 0, 0, 0
0, 0, 0, 0, 0, 0, 0
0, 0, 0, 0, 0, 0, 0
0, 0, 0, 0, 0, 0, 0
0, 0, 0, 0, 0, 0, 0
0, 0, 0, 0, 0, 0, 0
0, 0, 0, 0, 0, 0, 0
0, 0, 0, 0, 0, 0, 0
0, 0, 0, 0, 0, 0, 0
0, 0, 0, 0, 0, 0, 0
0, 0, 0, 0, 0, 0, 0
0, 0, 0, 0, 0, 0, 0
0, 0, 0, 0, 0, 0, 0
0, 0, 0, 0, 0, 0, 0
0, 0, 0, 0, 0, 0, 0
0, 0, 0, 0, 0, 0, 0
0, 0, 0, 0, 0, 0, 0
0, 0, 0, 0, 0, 0, 0
0, 0, 0, 0, 0, 0, 0
0, 0, 0, 0, 0, 0, 0
0, 0, 0, 0, 0, 0, 0
0, 0, 0, 0, 0, 0, 0
0, 0, 0, 0, 0, 0, 0
0, 0, 0, 0, 0, 0, 0
0, 0, 0, 0, 0, 0, 0
0, 0, 0, 0, 0, 0, 0
0, 0, 0, 0, 0, 0, 0
0, 0, 0, 0, 0, 0, 0
0, 0, 0, 0, 0, 0, 0
0, 0, 0, 0, 0, 0, 0
0, 0, 0, 0, 0, 0, 0
0, 0, 0, 0, 0, 0, 0
0, 0, 0, 0, 0, 0, 0
0, 0, 0, 0, 0, 0, 0
0, 0, 0, 0, 0, 0, 0
0, 0, 0, 0, 0, 0, 0
0, 0, 0, 0, 0, 0, 0
0, 0, 0, 0, 0, 0, 0
0, 0, 0, 0, 0, 0, 0
0, 0, 0, 0, 0, 0, 0
0, 0, 0, 0, 0, 0, 0
0, 0, 0, 0, 0, 0, 0
0, 0, 0, 0, 0, 0, 0
0, 0, 0, 0, 0, 0, 0
0, 0, 0, 0, 0, 0, 0
0, 0, 0, 0, 0, 0, 0
0, 0, 0, 0, 0, 0, 0
0, 0, 0, 0, 0, 0, 0
0, 0, 0, 0, 0, 0, 0
0, 0, 0, 0, 0, 0, 0
0, 0, 0, 0, 0, 0, 0
0, 0, 0, 0, 0, 0, 0
0, 0, 0, 0, 0, 0, 0
0, 0, 0, 0, 0, 0, 0
0, 0, 0, 0, 0, 0, 0
0, 0, 0, 0, 0, 0, 0
0, 0, 0, 0, 0, 0, 0
0, 0, 0, 0, 0, 0, 0
0, 0, 0, 0, 0, 0, 0
0, 0, 0, 0, 0, 0, 0
0, 0, 0, 0, 0, 0, 0
0, 0, 0, 0, 0, 0, 0
0, 0, 0, 0, 0, 0, 0
0, 0, 0, 0, 0, 0, 0
0, 0, 0, 0, 0, 0, 0
0, 0, 0, 0, 0, 0, 0
0, 0, 0, 0, 0, 0, 0
0, 0, 0, 0, 0, 0, 0
0, 0, 0, 0, 0, 0, 0
0, 0, 0, 0, 0, 0, 0
0, 0, 0, 0, 0, 0, 0
0, 0, 0, 0, 0, 0, 0
0, 0, 0, 0, 0, 0, 0
0, 0, 0, 0, 0, 0, 0
0, 0, 0, 0, 0, 0, 0
0, 0, 0, 0, 0, 0, 0
0, 0, 0, 0, 0, 0, 0
0, 0, 0, 0, 0, 0, 0
8.8828005, 9.0397935, 9.25755175, 9.541382, 9.7968475, 15.872548, 36.893046
8.88721325, 9.0382295, 9.22295325, 9.4870663, 9.68582225, 16.05114234, 36.893046
8.89841725, 9.047326, 9.24966275, 9.528586500000001, 9.79201135, 13.261468359999999, 32.855096
8.897997499999999, 9.0530075, 9.25693975, 9.5171619, 9.8026006, 15.571933089999998, 36.893046
8.8786845, 9.0303945, 9.225719250000001, 9.5056736, 9.70001065, 11.0980093, 52.853195
8.897607, 9.052107, 9.242763750000002, 9.5255521, 9.7844699, 14.91024321999999, 19.587514
8.903675499999999, 9.0540545, 9.249641, 9.5486165, 9.7800963, 14.432891989999998, 22.552578
8.89070525, 9.044427, 9.2561, 9.543998400000001, 9.84281105, 17.20142303, 23.303856
8.893519, 9.04866, 9.25858225, 9.546766100000001, 9.85032845, 17.202648649999997, 32.855096
8.885962249999999, 9.0364275, 9.24502325, 9.535781300000002, 9.80963245, 13.934818029999983, 52.853195
8.87243475, 9.035997, 9.228884, 9.5064027, 9.76729975, 16.916018, 23.303856
8.88459725, 9.046773, 9.245871, 9.5032754, 9.7138567, 14.744473659999988, 22.552578
8.878531, 9.0451795, 9.24934025, 9.525053999999999, 9.89060565, 17.0752068, 24.370709
8.891226, 9.0422435, 9.23623275, 9.511696500000001, 9.70472835, 14.19507232, 36.893046
8.869490749999999, 9.02177, 9.227148999999999, 9.4833782, 9.67581215, 10.63905755, 23.303856
8.894537, 9.045823, 9.23468225, 9.5019065, 9.7341068, 14.39224006, 21.371576
8.881914, 9.042117, 9.257583499999999, 9.547810700000001, 9.77046135, 11.826349019999988, 18.166172
8.8879915, 9.032622, 9.231525999999999, 9.4723366, 9.68735415, 11.09827838, 21.371576
8.890748, 9.0448675, 9.250939500000001, 9.50114, 9.71603135, 11.990346579999983, 24.370709
8.8783105, 9.03386, 9.2248165, 9.4715855, 9.7159672, 13.237319889999997, 18.166172
8.8743395, 9.026688, 9.216629999999999, 9.4689395, 9.69156, 11.134839079999999, 17.734753
8.875603250000001, 9.026266, 9.23029675, 9.5196589, 9.77402385, 13.554247, 19.072953
8.895343500000001, 9.040976, 9.23564, 9.509410599999999, 9.771558, 14.73195576, 36.893046
8.89657, 9.035456, 9.233104, 9.5441239, 9.84048055, 13.920011019999997, 20.217992
8.889979499999999, 9.042898, 9.2444905, 9.531997, 9.785082199999998, 15.725606399999997, 19.656824
8.879893, 9.05048, 9.2312635, 9.5244973, 9.717783149999999, 15.978104099999998, 36.893046
8.871354, 9.041663, 9.24661625, 9.5255811, 9.813589799999999, 14.67135192, 19.656824
8.886256, 9.0418035, 9.25087725, 9.541382, 9.778639349999999, 13.618961919999998, 20.217992
8.892309749999999, 9.0397675, 9.2344005, 9.464595200000002, 9.716544050000001, 14.67135192, 32.855096
8.887395, 9.040074, 9.23830825, 9.5017857, 9.72373565, 14.731487, 19.071708
8.889959750000001, 9.046892, 9.2313795, 9.492295, 9.71603135, 16.03043855, 52.853195
8.8836045, 9.049199, 9.226201, 9.464199500000001, 9.72570665, 13.917143909999998, 23.303856
8.8808715, 9.044395, 9.243009, 9.5165711, 9.76824745, 11.09859706, 32.855096
8.87629025, 9.0352255, 9.23886475, 9.508067, 9.7201095, 14.197822079999996, 36.893046
8.89030625, 9.044335, 9.235982, 9.4771001, 9.704105649999999, 11.529391, 21.371576
8.883044, 9.0318525, 9.23562425, 9.525053999999999, 9.7399329, 15.978104099999998, 36.893046
8.88090825, 9.03793, 9.23273875, 9.5182805, 9.73341505, 16.216124110000003, 52.853195
8.89226425, 9.047273, 9.242239249999999, 9.4982019, 9.710294750000001, 13.48606768, 36.893046
8.89048825, 9.034685, 9.23235025, 9.4979899, 9.7403794, 11.753053379999987, 23.303856
8.873472, 9.038502, 9.243125249999999, 9.502176700000001, 9.75770215, 14.124671719999982, 52.853195
8.8984155, 9.0464225, 9.2508755, 9.5258673, 9.77228725, 14.432506839999984, 36.893046
8.87809575, 9.040315, 9.258393, 9.5173339, 9.792288899999999, 16.11107052, 52.853195
8.899356749999999, 9.054827, 9.23663875, 9.4791149, 9.7017343, 14.69221518, 24.370709
8.8904805, 9.0489155, 9.244572999999999, 9.5388683, 9.757534, 16.032453369999995, 32.855096
8.898349, 9.0554615, 9.258511, 9.5319505, 9.7422864, 15.724868639999997, 19.892145
8.894885, 9.052546, 9.25390925, 9.5362907, 9.771584950000001, 13.235582829999997, 22.552578
8.88419175, 9.047815, 9.23809225, 9.5026577, 9.692080599999999, 14.911027009999989, 19.645042
8.875536, 9.0308095, 9.2299605, 9.5263552, 9.76824745, 15.573435339999996, 19.645042
8.8898585, 9.0397315, 9.231159250000001, 9.483192, 9.6545591, 11.812857, 36.893046
8.896731249999998, 9.045599, 9.25325275, 9.522976700000001, 9.8134292, 16.031646959999996, 52.853195
8.882976000000001, 9.039843000000001, 9.2302005, 9.4969215, 9.69269565, 14.621537479999986, 36.893046
8.893331250000001, 9.045693, 9.2273545, 9.489023399999999, 9.7085648, 16.26156513, 21.371576
8.884923, 9.0396415, 9.249489500000001, 9.5255607, 9.79312115, 16.403291, 36.893046
8.88859725, 9.030248499999999, 9.21484275, 9.482992900000001, 9.7348756, 13.492453579999994, 19.892145
8.87684875, 9.033613500000001, 9.23116075, 9.467114, 9.7389073, 11.751590159999987, 18.344529
8.87604975, 9.037766999999999, 9.226137, 9.51868, 9.71179765, 13.163023519999998, 52.853195
8.876598, 9.047449, 9.259495, 9.508177400000001, 9.740178, 16.058708, 19.656824
8.883958, 9.050024, 9.24308875, 9.5520055, 9.83600605, 14.907164919999992, 32.855096
8.884350249999999, 9.0420905, 9.228324, 9.5247151, 9.77621115, 17.07583856, 52.853195
8.89216175, 9.037639, 9.257051749999999, 9.5132417, 9.7702711, 16.603723239999997, 32.855096
8.873679000000001, 9.0279115, 9.222303, 9.4803151, 9.760739599999999, 14.433754919999998, 24.370709
8.87797925, 9.037036, 9.24521875, 9.571174500000001, 9.81386595, 14.002986679999998, 24.370709
8.87310175, 9.025459999999999, 9.2328265, 9.5129756, 9.75286115, 14.43134543, 19.502914
8.890347499999999, 9.045202, 9.246628000000001, 9.520845699999999, 9.812892, 14.105136, 52.853195
8.88073325, 9.0462945, 9.252791, 9.480431200000002, 9.7245743, 14.108588599999997, 36.893046
8.894756999999998, 9.049214, 9.242975999999999, 9.5332592, 9.83049245, 16.7071092, 36.893046
8.883417999999999, 9.0316515, 9.23749525, 9.5403301, 9.799786549999999, 16.65938649, 52.853195
8.885318250000001, 9.046115, 9.2373695, 9.5277261, 9.767297399999999, 17.066317659999996, 36.893046
8.8771875, 9.032758000000001, 9.2407925, 9.507008, 9.7560311, 16.109982679999998, 36.893046
8.88370575, 9.034765499999999, 9.232437749999999, 9.523689300000001, 9.70420135, 14.432711939999985, 19.587514
8.89424625, 9.04391, 9.2495565, 9.546235, 9.845481999999999, 16.447658, 22.552578
8.88380125, 9.0388985, 9.227989749999999, 9.5240482, 9.741705049999998, 11.202804379999995, 20.217992
8.882605, 9.0354055, 9.244036, 9.5239501, 9.799549350000001, 15.570414, 36.893046
8.885001249999998, 9.032265500000001, 9.2344005, 9.483270300000001, 9.687455250000001, 14.405151759999988, 20.217992
8.897607, 9.0561845, 9.24932525, 9.5182805, 9.802638850000001, 11.739697519999996, 36.893046
8.886620749999999, 9.035071, 9.222248, 9.4648913, 9.730195850000001, 13.494443679999991, 18.166172
8.8939575, 9.050539, 9.23386, 9.503681400000001, 9.76691195, 15.976887, 52.853195
8.89835325, 9.0595335, 9.27012275, 9.5612243, 9.810753749999998, 16.44792254, 52.853195
8.88102, 9.038204499999999, 9.243694999999999, 9.492561, 9.69462365, 11.68220693, 22.552578
8.8880935, 9.048375499999999, 9.23331275, 9.5122275, 9.7118865, 14.779568679999999, 21.371576
8.87655975, 9.033479, 9.23272125, 9.522915900000001, 9.7951294, 14.605914929999999, 36.893046
8.88760125, 9.038235, 9.23974525, 9.5339686, 9.76085155, 15.267818949999995, 36.893046
8.885898, 9.0414485, 9.237260500000001, 9.501177, 9.765896399999999, 11.100359219999998, 24.370709
8.88863425, 9.0339885, 9.24222525, 9.5379761, 9.76473685, 16.26019, 36.893046
8.878311499999999, 9.0339685, 9.22845075, 9.4694049, 9.7341068, 14.007108829999995, 36.893046
8.887713999999999, 9.042788, 9.22745725, 9.5066737, 9.73989055, 11.058604329999998, 52.853195
8.88587475, 9.049805500000002, 9.2377605, 9.491848800000001, 9.73459985, 11.260115919999995, 24.370709
8.889981500000001, 9.03383, 9.23313375, 9.5251021, 9.744627249999999, 14.43134543, 36.893046
8.893764, 9.047019, 9.250440750000001, 9.5652895, 9.7564958, 16.39775888, 52.853195
8.89476, 9.049587, 9.243334, 9.488779, 9.7135637, 14.013690589999987, 24.370709
8.88983, 9.0441165, 9.2383335, 9.4873384, 9.6831207, 10.63905755, 52.853195
8.8874835, 9.042539999999999, 9.244119750000001, 9.5366414, 9.799459050000001, 17.0752068, 52.853195
8.8728645, 9.034514, 9.232854249999999, 9.4889084, 9.6800568, 13.23262547, 19.373624
8.9005825, 9.05618, 9.2529335, 9.5251539, 9.7143443, 16.480122519999995, 32.855096
8.88838925, 9.0391615, 9.24210275, 9.526314600000001, 9.823667350000001, 16.06072282, 52.853195
8.8915145, 9.042479499999999, 9.230590750000001, 9.50114, 9.77176545, 17.0752068, 52.853195
8.875383249999999, 9.029155, 9.22740475, 9.4671216, 9.68673995, 14.39243249, 20.217992
8.8970885, 9.0436895, 9.23564825, 9.5193394, 9.8131202, 16.47728845, 36.893046
8.8979865, 9.046115, 9.23642025, 9.516110000000001, 9.7161574, 14.433544179999998, 52.853195
8.8836045, 9.0362485, 9.23718075, 9.531932500000002, 9.7923315, 17.066317659999996, 21.371576
8.8864885, 9.035910000000001, 9.24747625, 9.5267116, 9.767430599999999, 13.23262547, 52.853195
8.8928075, 9.052162500000001, 9.23362325, 9.505611, 9.821566200000001, 15.97762476, 52.853195
8.8697665, 9.0422805, 9.23121825, 9.488423, 9.733242500000001, 13.91610324, 19.892145
8.88071725, 9.0390955, 9.2442145, 9.5078334, 9.730963, 14.434807209999983, 32.855096
8.896269, 9.052873, 9.2537645, 9.551471699999999, 9.7950131, 16.40399921, 36.893046
8.8733305, 9.038685000000001, 9.2265985, 9.5015323, 9.73995, 16.05124169, 23.303856
8.88977075, 9.047899, 9.23876275, 9.5063141, 9.7223697, 15.97762476, 32.855096
8.88613275, 9.034483000000002, 9.231022, 9.50015, 9.744832599999999, 12.00710831999999, 20.217992
8.8884805, 9.049521, 9.25831725, 9.5319314, 9.810516049999999, 16.37895398, 24.370709
8.873510750000001, 9.02812, 9.2237315, 9.484072600000001, 9.723204749999999, 11.741160739999998, 19.656824
8.8771665, 9.024885999999999, 9.21252075, 9.4976082, 9.7332338, 15.977419659999999, 32.855096
8.88777425, 9.031970000000001, 9.20788175, 9.4647182, 9.657244149999999, 11.391505379999984, 36.893046
8.89305525, 9.043093500000001, 9.24295875, 9.498346900000001, 9.738827500000001, 15.725606399999997, 36.893046
8.872473, 9.0453705, 9.24720875, 9.5285072, 9.734525449999998, 15.97762476, 19.587514
8.888395, 9.044636, 9.237163, 9.486890500000001, 9.733273650000001, 11.099222179999998, 19.656824
8.89140625, 9.041462, 9.23529225, 9.491869300000001, 9.730227000000001, 11.01111771, 22.552578
8.887823749999999, 9.0407745, 9.23712325, 9.551471699999999, 9.7989773, 14.913724289999985, 32.855096
8.89133925, 9.047962, 9.256705, 9.535599300000001, 9.794948, 16.03093679, 32.855096
8.890763, 9.033816, 9.2317645, 9.462849, 9.7399676, 14.697063829999994, 24.370709
8.88367, 9.0399435, 9.25763925, 9.5489957, 9.8236526, 13.740221009999997, 36.893046
8.896895749999999, 9.056383, 9.2368835, 9.4842612, 9.757534, 14.913724289999985, 24.370709
8.88227225, 9.0383195, 9.23077575, 9.5165901, 9.7997867, 14.419520179999997, 20.217992
8.8833835, 9.048159, 9.233956, 9.5016773, 9.71702575, 11.45127703, 19.645042
8.888497749999999, 9.0662965, 9.256921, 9.535433300000001, 9.77621115, 14.670271, 36.893046
8.893595000000001, 9.038948999999999, 9.220070250000001, 9.505488, 9.7074605, 11.989245659999984, 22.552578
8.89640925, 9.0394305, 9.246039999999999, 9.5278264, 9.742672299999999, 16.449208249999998, 52.853195
8.879773, 9.035353, 9.222634, 9.4828693, 9.7403794, 11.68220693, 52.853195
8.89472675, 9.0488295, 9.2379555, 9.4986456, 9.7077037, 11.257720649999998, 52.853195
8.890033500000001, 9.0407705, 9.2372105, 9.4979399, 9.6929427, 10.899854419999997, 36.893046
8.88655875, 9.036039, 9.233372750000001, 9.5249747, 9.809449, 16.099406520000002, 19.645042
8.87828975, 9.035802499999999, 9.24459025, 9.491559200000001, 9.8079274, 15.977419659999999, 20.217992
8.8976525, 9.050581, 9.244036, 9.517158, 9.766076499999999, 11.705884859999978, 32.855096
8.88892725, 9.0468995, 9.24059225, 9.5251311, 9.73490655, 14.433544179999998, 36.893046
8.879411, 9.038633, 9.2348575, 9.5341307, 9.7669266, 15.266299859999997, 19.656824
8.883763, 9.043359500000001, 9.2529335, 9.540023, 9.77637615, 16.05124169, 32.855096
8.88141225, 9.039022, 9.24507475, 9.542610700000001, 9.913096849999999, 17.066317659999996, 36.893046
8.86754275, 9.0334185, 9.21415725, 9.4981132, 9.808454900000001, 16.030358099999997, 19.373624
8.88035725, 9.0305875, 9.2286465, 9.484466399999999, 9.7405376, 16.102352149999998, 32.855096
8.88574575, 9.040264, 9.248279, 9.538292, 9.808389850000001, 14.434156339999998, 36.893046
8.880476999999999, 9.038204499999999, 9.216158, 9.461399300000002, 9.70972895, 11.741160739999998, 52.853195
8.89045675, 9.0424215, 9.2281795, 9.5075592, 9.7703625, 16.03093679, 24.370709
8.877327, 9.041761999999999, 9.2395825, 9.5324579, 9.772188400000001, 14.452805489999998, 23.303856
8.887277, 9.0415715, 9.2492155, 9.508067, 9.723204749999999, 16.7071092, 52.853195
8.900839999999999, 9.0543165, 9.246768750000001, 9.535648100000001, 9.8513678, 16.405284919999996, 23.303856
8.87226175, 9.038613, 9.242573, 9.5526081, 9.88358135, 16.216124110000003, 21.371576
8.88892725, 9.0348285, 9.23833975, 9.5171619, 9.71898395, 13.617861, 52.853195
8.888425, 9.049917, 9.238342, 9.507325900000001, 9.763170049999998, 13.72803882, 52.853195
8.89006375, 9.0416135, 9.218009499999999, 9.50728, 9.708996, 11.97301437, 32.855096
0, 0, 0, 0, 0, 0, 0
0, 0, 0, 0, 0, 0, 0
0, 0, 0, 0, 0, 0, 0
0, 0, 0, 0, 0, 0, 0
0, 0, 0, 0, 0, 0, 0
0, 0, 0, 0, 0, 0, 0
0, 0, 0, 0, 0, 0, 0
0, 0, 0, 0, 0, 0, 0
0, 0, 0, 0, 0, 0, 0
0, 0, 0, 0, 0, 0, 0
0, 0, 0, 0, 0, 0, 0
0, 0, 0, 0, 0, 0, 0
0, 0, 0, 0, 0, 0, 0
0, 0, 0, 0, 0, 0, 0
0, 0, 0, 0, 0, 0, 0
0, 0, 0, 0, 0, 0, 0
0, 0, 0, 0, 0, 0, 0
0, 0, 0, 0, 0, 0, 0
0, 0, 0, 0, 0, 0, 0
0, 0, 0, 0, 0, 0, 0
0, 0, 0, 0, 0, 0, 0
0, 0, 0, 0, 0, 0, 0
0, 0, 0, 0, 0, 0, 0
0, 0, 0, 0, 0, 0, 0
0, 0, 0, 0, 0, 0, 0
0, 0, 0, 0, 0, 0, 0
0, 0, 0, 0, 0, 0, 0
0, 0, 0, 0, 0, 0, 0
0, 0, 0, 0, 0, 0, 0
0, 0, 0, 0, 0, 0, 0
0, 0, 0, 0, 0, 0, 0
0, 0, 0, 0, 0, 0, 0
0, 0, 0, 0, 0, 0, 0
0, 0, 0, 0, 0, 0, 0
0, 0, 0, 0, 0, 0, 0
0, 0, 0, 0, 0, 0, 0
0, 0, 0, 0, 0, 0, 0
0, 0, 0, 0, 0, 0, 0
0, 0, 0, 0, 0, 0, 0
0, 0, 0, 0, 0, 0, 0
0, 0, 0, 0, 0, 0, 0
0, 0, 0, 0, 0, 0, 0
0, 0, 0, 0, 0, 0, 0
0, 0, 0, 0, 0, 0, 0
0, 0, 0, 0, 0, 0, 0
0, 0, 0, 0, 0, 0, 0
0, 0, 0, 0, 0, 0, 0
0, 0, 0, 0, 0, 0, 0
0, 0, 0, 0, 0, 0, 0
0, 0, 0, 0, 0, 0, 0
0, 0, 0, 0, 0, 0, 0
0, 0, 0, 0, 0, 0, 0
0, 0, 0, 0, 0, 0, 0
0, 0, 0, 0, 0, 0, 0
0, 0, 0, 0, 0, 0, 0
0, 0, 0, 0, 0, 0, 0
0, 0, 0, 0, 0, 0, 0
0, 0, 0, 0, 0, 0, 0
0, 0, 0, 0, 0, 0, 0
0, 0, 0, 0, 0, 0, 0
0, 0, 0, 0, 0, 0, 0
0, 0, 0, 0, 0, 0, 0
0, 0, 0, 0, 0, 0, 0
0, 0, 0, 0, 0, 0, 0
0, 0, 0, 0, 0, 0, 0
0, 0, 0, 0, 0, 0, 0
0, 0, 0, 0, 0, 0, 0
0, 0, 0, 0, 0, 0, 0
0, 0, 0, 0, 0, 0, 0
0, 0, 0, 0, 0, 0, 0
0, 0, 0, 0, 0, 0, 0
0, 0, 0, 0, 0, 0, 0
0, 0, 0, 0, 0, 0, 0
0, 0, 0, 0, 0, 0, 0
0, 0, 0, 0, 0, 0, 0
0, 0, 0, 0, 0, 0, 0
0, 0, 0, 0, 0, 0, 0
0, 0, 0, 0, 0, 0, 0
0, 0, 0, 0, 0, 0, 0
0, 0, 0, 0, 0, 0, 0
0, 0, 0, 0, 0, 0, 0
0, 0, 0, 0, 0, 0, 0
0, 0, 0, 0, 0, 0, 0
0, 0, 0, 0, 0, 0, 0
0, 0, 0, 0, 0, 0, 0
0, 0, 0, 0, 0, 0, 0
0, 0, 0, 0, 0, 0, 0
0, 0, 0, 0, 0, 0, 0
0, 0, 0, 0, 0, 0, 0
0, 0, 0, 0, 0, 0, 0
0, 0, 0, 0, 0, 0, 0
0, 0, 0, 0, 0, 0, 0
0, 0, 0, 0, 0, 0, 0
0, 0, 0, 0, 0, 0, 0
0, 0, 0, 0, 0, 0, 0
0, 0, 0, 0, 0, 0, 0
0, 0, 0, 0, 0, 0, 0
0, 0, 0, 0, 0, 0, 0
0, 0, 0, 0, 0, 0, 0
0, 0, 0, 0, 0, 0, 0
0, 0, 0, 0, 0, 0, 0
0, 0, 0, 0, 0, 0, 0
0, 0, 0, 0, 0, 0, 0
0, 0, 0, 0, 0, 0, 0
0, 0, 0, 0, 0, 0, 0
0, 0, 0, 0, 0, 0, 0
0, 0, 0, 0, 0, 0, 0
0, 0, 0, 0, 0, 0, 0
8.8896845, 9.043842999999999, 9.241304, 9.5309042, 9.8132869, 13.917143909999998, 32.855096
8.886137, 9.043782, 9.242282, 9.5390591, 9.808262449999999, 11.738821, 19.892145
8.87855375, 9.029652500000001, 9.2234415, 9.4936261, 9.6946541, 11.125558639999994, 23.303856
8.87623875, 9.032749500000001, 9.2378805, 9.5106312, 9.84895485, 16.604125439999997, 52.853195
8.897997499999999, 9.048752499999999, 9.240252250000001, 9.5431618, 9.782085, 14.670883159999999, 36.893046
8.883339999999999, 9.034273, 9.2503595, 9.564238000000001, 9.8233947, 15.977419659999999, 24.370709
8.875511249999999, 9.038636, 9.242768, 9.5075765, 9.723697450000001, 16.2536, 20.217992
8.8861105, 9.049401, 9.230369, 9.526014, 9.8339305, 16.918869039999997, 19.587514
8.879522, 9.037073, 9.254366, 9.5276468, 9.7719557, 16.397703, 36.893046
8.89476, 9.053128, 9.249489500000001, 9.542709200000001, 9.8129033, 16.216124110000003, 52.853195
8.8837065, 9.0473445, 9.25551625, 9.526275, 9.77025365, 11.741380109999998, 20.217992
8.87880375, 9.0285835, 9.215332, 9.524441, 9.7640804, 16.39846709, 52.853195
8.8881895, 9.042999, 9.23312025, 9.497778, 9.779004149999999, 16.254846599999997, 24.370709
8.8975305, 9.050986, 9.2546275, 9.519617, 9.75724345, 16.257652429999997, 52.853195
8.887676, 9.034375, 9.24330625, 9.527261300000001, 9.73989055, 14.79034823999999, 36.893046
8.897612250000002, 9.057826, 9.25452575, 9.525053999999999, 9.757553, 10.63838398, 20.217992
8.896296750000001, 9.036044, 9.2500775, 9.5165901, 9.765778, 16.37921852, 24.370709
8.893301750000001, 9.039390000000001, 9.231348, 9.5106072, 9.7303684, 16.37845443, 36.893046
8.8836045, 9.0452565, 9.237293000000001, 9.4863126, 9.739889, 16.09976782, 24.370709
8.88286875, 9.02768, 9.21494275, 9.498262200000001, 9.728573, 14.60570419, 36.893046
8.89924825, 9.049643, 9.25036925, 9.503872500000002, 9.70805395, 15.573435339999996, 52.853195
8.894369, 9.040499, 9.237010999999999, 9.5106312, 9.76741315, 16.108532, 36.893046
8.8945325, 9.0388085, 9.243769499999999, 9.5271103, 9.757533, 14.898931, 32.855096
8.89239325, 9.033525000000001, 9.2355605, 9.5254814, 9.729957, 14.110135159999995, 19.656824
8.901530000000001, 9.038636, 9.24303825, 9.5016844, 9.712771, 16.381065829999997, 36.893046
8.8895215, 9.038846, 9.235046, 9.5023808, 9.7405376, 15.976887, 36.893046
8.89277625, 9.0459555, 9.25300625, 9.4852094, 9.708678549999998, 16.362384, 52.853195
8.879165, 9.030638499999998, 9.23766675, 9.4950941, 9.7715675, 16.1799103, 36.893046
8.88310375, 9.045110000000001, 9.249992, 9.5493289, 9.813125249999999, 14.67135192, 36.893046
8.8810035, 9.0335745, 9.229347, 9.4764782, 9.78480465, 16.37895398, 52.853195
8.89348775, 9.043857, 9.2298555, 9.486890500000001, 9.70104615, 16.059206239999998, 52.853195
8.880087499999998, 9.0349885, 9.2298915, 9.490067, 9.728642200000001, 11.446845699999995, 19.213916
8.884923, 9.0290075, 9.23228675, 9.4742674, 9.73821425, 13.241968729999991, 52.853195
8.8886635, 9.039524, 9.232253499999999, 9.535159, 9.77823035, 11.827313539999986, 19.373624
8.87516025, 9.030535, 9.231357749999999, 9.4858924, 9.76101795, 13.739180339999997, 36.893046
8.8921755, 9.049554, 9.24283275, 9.503927000000001, 9.71816865, 16.030153, 32.855096
8.881587, 9.0331425, 9.223528, 9.5058393, 9.768439, 16.748451479999996, 36.893046
8.88094625, 9.035692000000001, 9.21915675, 9.4680329, 9.708996, 13.170449099999992, 19.502914
8.88863425, 9.03897, 9.2325515, 9.518147899999999, 9.778165, 16.713529349999998, 23.303856
8.884248, 9.0449605, 9.243108, 9.520036, 9.7668639, 15.977419659999999, 22.552578
8.894113749999999, 9.052375000000001, 9.258389999999999, 9.5267449, 9.769548749999998, 14.73195576, 19.645042
8.892329, 9.049273, 9.244939500000001, 9.5035319, 9.6926998, 11.11979999, 24.370709
8.88706575, 9.051051, 9.255599, 9.518132, 9.748175, 11.061679859999996, 22.552578
8.8900975, 9.042244, 9.226661499999999, 9.5121826, 9.73350025, 15.575216489999995, 24.370709
8.896282750000001, 9.0509755, 9.242573, 9.5191953, 9.888850549999999, 17.14320502, 52.853195
8.879773, 9.054200000000002, 9.260382, 9.556499, 9.82519, 15.571933089999998, 22.552578
8.8826575, 9.0513705, 9.24711425, 9.5509539, 9.833867, 13.803562, 52.853195
8.883139499999999, 9.030711499999999, 9.235730499999999, 9.4915, 9.71004405, 13.734984999999993, 23.303856
8.889038500000002, 9.024978, 9.2264535, 9.4772151, 9.7651727, 16.406390009999996, 52.853195
8.8785755, 9.042244, 9.242611, 9.5569642, 9.8472524, 15.97762476, 52.853195
8.88946425, 9.048529, 9.253981249999999, 9.5383283, 9.76816065, 16.179549, 32.855096
8.882201, 9.0438475, 9.2312635, 9.487441200000001, 9.75771465, 13.809444849999995, 52.853195
8.883894, 9.035584499999999, 9.238493499999999, 9.5103275, 9.716393199999999, 13.162059, 24.370709
8.890760499999999, 9.039636000000002, 9.236342, 9.5188747, 9.771630149999998, 15.575795179999995, 32.855096
8.887292, 9.038961, 9.227054500000001, 9.4964688, 9.73438255, 16.750209369999997, 52.853195
8.871117250000001, 9.027811, 9.2244955, 9.460905, 9.669426, 14.429428539999988, 52.853195
8.88605475, 9.043842, 9.233274, 9.4969215, 9.730612299999999, 13.618961919999998, 36.893046
8.8859975, 9.0427785, 9.23961225, 9.517306399999999, 9.767185, 13.621693079999996, 36.893046
8.88954175, 9.050957499999999, 9.252494, 9.5346389, 9.76473685, 15.976887, 23.303856
8.879254249999999, 9.038917000000001, 9.243694999999999, 9.497739300000001, 9.7334443, 10.89774579, 24.370709
8.880768250000001, 9.0399125, 9.2430555, 9.5403979, 9.7880168, 16.05269237, 32.855096
8.88736625, 9.040310999999999, 9.238583, 9.492295, 9.7348409, 16.05124169, 52.853195
8.8998455, 9.043477, 9.23876275, 9.4723389, 9.71185485, 14.731487, 36.893046
0, 0, 0, 0, 0, 0, 0
0, 0, 0, 0, 0, 0, 0
0, 0, 0, 0, 0, 0, 0
0, 0, 0, 0, 0, 0, 0
0, 0, 0, 0, 0, 0, 0
0, 0, 0, 0, 0, 0, 0
0, 0, 0, 0, 0, 0, 0
0, 0, 0, 0, 0, 0, 0
0, 0, 0, 0, 0, 0, 0
0, 0, 0, 0, 0, 0, 0
0, 0, 0, 0, 0, 0, 0
0, 0, 0, 0, 0, 0, 0
0, 0, 0, 0, 0, 0, 0
0, 0, 0, 0, 0, 0, 0
0, 0, 0, 0, 0, 0, 0
0, 0, 0, 0, 0, 0, 0
0, 0, 0, 0, 0, 0, 0
0, 0, 0, 0, 0, 0, 0
0, 0, 0, 0, 0, 0, 0
0, 0, 0, 0, 0, 0, 0
0, 0, 0, 0, 0, 0, 0
0, 0, 0, 0, 0, 0, 0
0, 0, 0, 0, 0, 0, 0
0, 0, 0, 0, 0, 0, 0
0, 0, 0, 0, 0, 0, 0
0, 0, 0, 0, 0, 0, 0
0, 0, 0, 0, 0, 0, 0
0, 0, 0, 0, 0, 0, 0
0, 0, 0, 0, 0, 0, 0
0, 0, 0, 0, 0, 0, 0
0, 0, 0, 0, 0, 0, 0
0, 0, 0, 0, 0, 0, 0
0, 0, 0, 0, 0, 0, 0
0, 0, 0, 0, 0, 0, 0
0, 0, 0, 0, 0, 0, 0
0, 0, 0, 0, 0, 0, 0
0, 0, 0, 0, 0, 0, 0
0, 0, 0, 0, 0, 0, 0
0, 0, 0, 0, 0, 0, 0
0, 0, 0, 0, 0, 0, 0
0, 0, 0, 0, 0, 0, 0
0, 0, 0, 0, 0, 0, 0
0, 0, 0, 0, 0, 0, 0
0, 0, 0, 0, 0, 0, 0
0, 0, 0, 0, 0, 0, 0
0, 0, 0, 0, 0, 0, 0
0, 0, 0, 0, 0, 0, 0
0, 0, 0, 0, 0, 0, 0
0, 0, 0, 0, 0, 0, 0
0, 0, 0, 0, 0, 0, 0
0, 0, 0, 0, 0, 0, 0
0, 0, 0, 0, 0, 0, 0
0, 0, 0, 0, 0, 0, 0
0, 0, 0, 0, 0, 0, 0
0, 0, 0, 0, 0, 0, 0
0, 0, 0, 0, 0, 0, 0
0, 0, 0, 0, 0, 0, 0
0, 0, 0, 0, 0, 0, 0
0, 0, 0, 0, 0, 0, 0
0, 0, 0, 0, 0, 0, 0
0, 0, 0, 0, 0, 0, 0
0, 0, 0, 0, 0, 0, 0
0, 0, 0, 0, 0, 0, 0
0, 0, 0, 0, 0, 0, 0
0, 0, 0, 0, 0, 0, 0
0, 0, 0, 0, 0, 0, 0
0, 0, 0, 0, 0, 0, 0
0, 0, 0, 0, 0, 0, 0
0, 0, 0, 0, 0, 0, 0
0, 0, 0, 0, 0, 0, 0
0, 0, 0, 0, 0, 0, 0
0, 0, 0, 0, 0, 0, 0
0, 0, 0, 0, 0, 0, 0
0, 0, 0, 0, 0, 0, 0
0, 0, 0, 0, 0, 0, 0
0, 0, 0, 0, 0, 0, 0
0, 0, 0, 0, 0, 0, 0
0, 0, 0, 0, 0, 0, 0
0, 0, 0, 0, 0, 0, 0
0, 0, 0, 0, 0, 0, 0
0, 0, 0, 0, 0, 0, 0
0, 0, 0, 0, 0, 0, 0
0, 0, 0, 0, 0, 0, 0
0, 0, 0, 0, 0, 0, 0
0, 0, 0, 0, 0, 0, 0
0, 0, 0, 0, 0, 0, 0
0, 0, 0, 0, 0, 0, 0
0, 0, 0, 0, 0, 0, 0
0, 0, 0, 0, 0, 0, 0
0, 0, 0, 0, 0, 0, 0
0, 0, 0, 0, 0, 0, 0
0, 0, 0, 0, 0, 0, 0
0, 0, 0, 0, 0, 0, 0
0, 0, 0, 0, 0, 0, 0
0, 0, 0, 0, 0, 0, 0
0, 0, 0, 0, 0, 0, 0
0, 0, 0, 0, 0, 0, 0
0, 0, 0, 0, 0, 0, 0
0, 0, 0, 0, 0, 0, 0
0, 0, 0, 0, 0, 0, 0
0, 0, 0, 0, 0, 0, 0
0, 0, 0, 0, 0, 0, 0
0, 0, 0, 0, 0, 0, 0
0, 0, 0, 0, 0, 0, 0
0, 0, 0, 0, 0, 0, 0
0, 0, 0, 0, 0, 0, 0
0, 0, 0, 0, 0, 0, 0
0, 0, 0, 0, 0, 0, 0
0, 0, 0, 0, 0, 0, 0
0, 0, 0, 0, 0, 0, 0
0, 0, 0, 0, 0, 0, 0
0, 0, 0, 0, 0, 0, 0
0, 0, 0, 0, 0, 0, 0
0, 0, 0, 0, 0, 0, 0
0, 0, 0, 0, 0, 0, 0
0, 0, 0, 0, 0, 0, 0
0, 0, 0, 0, 0, 0, 0
0, 0, 0, 0, 0, 0, 0
0, 0, 0, 0, 0, 0, 0
0, 0, 0, 0, 0, 0, 0
0, 0, 0, 0, 0, 0, 0
0, 0, 0, 0, 0, 0, 0
0, 0, 0, 0, 0, 0, 0
0, 0, 0, 0, 0, 0, 0
0, 0, 0, 0, 0, 0, 0
0, 0, 0, 0, 0, 0, 0
0, 0, 0, 0, 0, 0, 0
0, 0, 0, 0, 0, 0, 0
0, 0, 0, 0, 0, 0, 0
0, 0, 0, 0, 0, 0, 0
0, 0, 0, 0, 0, 0, 0
0, 0, 0, 0, 0, 0, 0
0, 0, 0, 0, 0, 0, 0
0, 0, 0, 0, 0, 0, 0
0, 0, 0, 0, 0, 0, 0
0, 0, 0, 0, 0, 0, 0
0, 0, 0, 0, 0, 0, 0
0, 0, 0, 0, 0, 0, 0
0, 0, 0, 0, 0, 0, 0
0, 0, 0, 0, 0, 0, 0
0, 0, 0, 0, 0, 0, 0
0, 0, 0, 0, 0, 0, 0
0, 0, 0, 0, 0, 0, 0
0, 0, 0, 0, 0, 0, 0
0, 0, 0, 0, 0, 0, 0
0, 0, 0, 0, 0, 0, 0
0, 0, 0, 0, 0, 0, 0
0, 0, 0, 0, 0, 0, 0
0, 0, 0, 0, 0, 0, 0
0, 0, 0, 0, 0, 0, 0
0, 0, 0, 0, 0, 0, 0
0, 0, 0, 0, 0, 0, 0
0, 0, 0, 0, 0, 0, 0
0, 0, 0, 0, 0, 0, 0
0, 0, 0, 0, 0, 0, 0
0, 0, 0, 0, 0, 0, 0
0, 0, 0, 0, 0, 0, 0
0, 0, 0, 0, 0, 0, 0
0, 0, 0, 0, 0, 0, 0
0, 0, 0, 0, 0, 0, 0
0, 0, 0, 0, 0, 0, 0
0, 0, 0, 0, 0, 0, 0
0, 0, 0, 0, 0, 0, 0
0, 0, 0, 0, 0, 0, 0
0, 0, 0, 0, 0, 0, 0
0, 0, 0, 0, 0, 0, 0
0, 0, 0, 0, 0, 0, 0
0, 0, 0, 0, 0, 0, 0
0, 0, 0, 0, 0, 0, 0
0, 0, 0, 0, 0, 0, 0
0, 0, 0, 0, 0, 0, 0
0, 0, 0, 0, 0, 0, 0
0, 0, 0, 0, 0, 0, 0
0, 0, 0, 0, 0, 0, 0
0, 0, 0, 0, 0, 0, 0
0, 0, 0, 0, 0, 0, 0
0, 0, 0, 0, 0, 0, 0
0, 0, 0, 0, 0, 0, 0
0, 0, 0, 0, 0, 0, 0
0, 0, 0, 0, 0, 0, 0
0, 0, 0, 0, 0, 0, 0
0, 0, 0, 0, 0, 0, 0
0, 0, 0, 0, 0, 0, 0
0, 0, 0, 0, 0, 0, 0
0, 0, 0, 0, 0, 0, 0
0, 0, 0, 0, 0, 0, 0
0, 0, 0, 0, 0, 0, 0
0, 0, 0, 0, 0, 0, 0
0, 0, 0, 0, 0, 0, 0
0, 0, 0, 0, 0, 0, 0
0, 0, 0, 0, 0, 0, 0
0, 0, 0, 0, 0, 0, 0
0, 0, 0, 0, 0, 0, 0
0, 0, 0, 0, 0, 0, 0
0, 0, 0, 0, 0, 0, 0
0, 0, 0, 0, 0, 0, 0
0, 0, 0, 0, 0, 0, 0
0, 0, 0, 0, 0, 0, 0
0, 0, 0, 0, 0, 0, 0
0, 0, 0, 0, 0, 0, 0
0, 0, 0, 0, 0, 0, 0
0, 0, 0, 0, 0, 0, 0
0, 0, 0, 0, 0, 0, 0
0, 0, 0, 0, 0, 0, 0
0, 0, 0, 0, 0, 0, 0
0, 0, 0, 0, 0, 0, 0
0, 0, 0, 0, 0, 0, 0
0, 0, 0, 0, 0, 0, 0
0, 0, 0, 0, 0, 0, 0
0, 0, 0, 0, 0, 0, 0
0, 0, 0, 0, 0, 0, 0
0, 0, 0, 0, 0, 0, 0
0, 0, 0, 0, 0, 0, 0
0, 0, 0, 0, 0, 0, 0
0, 0, 0, 0, 0, 0, 0
0, 0, 0, 0, 0, 0, 0
0, 0, 0, 0, 0, 0, 0
0, 0, 0, 0, 0, 0, 0
0, 0, 0, 0, 0, 0, 0
0, 0, 0, 0, 0, 0, 0
0, 0, 0, 0, 0, 0, 0
0, 0, 0, 0, 0, 0, 0
0, 0, 0, 0, 0, 0, 0
0, 0, 0, 0, 0, 0, 0
0, 0, 0, 0, 0, 0, 0
0, 0, 0, 0, 0, 0, 0
0, 0, 0, 0, 0, 0, 0
0, 0, 0, 0, 0, 0, 0
0, 0, 0, 0, 0, 0, 0
0, 0, 0, 0, 0, 0, 0
0, 0, 0, 0, 0, 0, 0
0, 0, 0, 0, 0, 0, 0
0, 0, 0, 0, 0, 0, 0
0, 0, 0, 0, 0, 0, 0
0, 0, 0, 0, 0, 0, 0
0, 0, 0, 0, 0, 0, 0
0, 0, 0, 0, 0, 0, 0
0, 0, 0, 0, 0, 0, 0
0, 0, 0, 0, 0, 0, 0
0, 0, 0, 0, 0, 0, 0
0, 0, 0, 0, 0, 0, 0
0, 0, 0, 0, 0, 0, 0
0, 0, 0, 0, 0, 0, 0
0, 0, 0, 0, 0, 0, 0
0, 0, 0, 0, 0, 0, 0
0, 0, 0, 0, 0, 0, 0
0, 0, 0, 0, 0, 0, 0
0, 0, 0, 0, 0, 0, 0
0, 0, 0, 0, 0, 0, 0
0, 0, 0, 0, 0, 0, 0
0, 0, 0, 0, 0, 0, 0
0, 0, 0, 0, 0, 0, 0
0, 0, 0, 0, 0, 0, 0
0, 0, 0, 0, 0, 0, 0
0, 0, 0, 0, 0, 0, 0
0, 0, 0, 0, 0, 0, 0
0, 0, 0, 0, 0, 0, 0
0, 0, 0, 0, 0, 0, 0
0, 0, 0, 0, 0, 0, 0
0, 0, 0, 0, 0, 0, 0
0, 0, 0, 0, 0, 0, 0
0, 0, 0, 0, 0, 0, 0
0, 0, 0, 0, 0, 0, 0
0, 0, 0, 0, 0, 0, 0
0, 0, 0, 0, 0, 0, 0
0, 0, 0, 0, 0, 0, 0
0, 0, 0, 0, 0, 0, 0
0, 0, 0, 0, 0, 0, 0
0, 0, 0, 0, 0, 0, 0
0, 0, 0, 0, 0, 0, 0
0, 0, 0, 0, 0, 0, 0
0, 0, 0, 0, 0, 0, 0
0, 0, 0, 0, 0, 0, 0
0, 0, 0, 0, 0, 0, 0
0, 0, 0, 0, 0, 0, 0
0, 0, 0, 0, 0, 0, 0
0, 0, 0, 0, 0, 0, 0
0, 0, 0, 0, 0, 0, 0
0, 0, 0, 0, 0, 0, 0
0, 0, 0, 0, 0, 0, 0
0, 0, 0, 0, 0, 0, 0
0, 0, 0, 0, 0, 0, 0
0, 0, 0, 0, 0, 0, 0
0, 0, 0, 0, 0, 0, 0
0, 0, 0, 0, 0, 0, 0
0, 0, 0, 0, 0, 0, 0
0, 0, 0, 0, 0, 0, 0
0, 0, 0, 0, 0, 0, 0
0, 0, 0, 0, 0, 0, 0
0, 0, 0, 0, 0, 0, 0
0, 0, 0, 0, 0, 0, 0
0, 0, 0, 0, 0, 0, 0
0, 0, 0, 0, 0, 0, 0
0, 0, 0, 0, 0, 0, 0
0, 0, 0, 0, 0, 0, 0
0, 0, 0, 0, 0, 0, 0
0, 0, 0, 0, 0, 0, 0
0, 0, 0, 0, 0, 0, 0
0, 0, 0, 0, 0, 0, 0
0, 0, 0, 0, 0, 0, 0
0, 0, 0, 0, 0, 0, 0
0, 0, 0, 0, 0, 0, 0
0, 0, 0, 0, 0, 0, 0
0, 0, 0, 0, 0, 0, 0
0, 0, 0, 0, 0, 0, 0
0, 0, 0, 0, 0, 0, 0
0, 0, 0, 0, 0, 0, 0
0, 0, 0, 0, 0, 0, 0
0, 0, 0, 0, 0, 0, 0
0, 0, 0, 0, 0, 0, 0
0, 0, 0, 0, 0, 0, 0
0, 0, 0, 0, 0, 0, 0
0, 0, 0, 0, 0, 0, 0
0, 0, 0, 0, 0, 0, 0
0, 0, 0, 0, 0, 0, 0
0, 0, 0, 0, 0, 0, 0
0, 0, 0, 0, 0, 0, 0
0, 0, 0, 0, 0, 0, 0
0, 0, 0, 0, 0, 0, 0
0, 0, 0, 0, 0, 0, 0
0, 0, 0, 0, 0, 0, 0
0, 0, 0, 0, 0, 0, 0
0, 0, 0, 0, 0, 0, 0
0, 0, 0, 0, 0, 0, 0
0, 0, 0, 0, 0, 0, 0
0, 0, 0, 0, 0, 0, 0
0, 0, 0, 0, 0, 0, 0
0, 0, 0, 0, 0, 0, 0
0, 0, 0, 0, 0, 0, 0
0, 0, 0, 0, 0, 0, 0
0, 0, 0, 0, 0, 0, 0
0, 0, 0, 0, 0, 0, 0
0, 0, 0, 0, 0, 0, 0
0, 0, 0, 0, 0, 0, 0
0, 0, 0, 0, 0, 0, 0
0, 0, 0, 0, 0, 0, 0
0, 0, 0, 0, 0, 0, 0
0, 0, 0, 0, 0, 0, 0
0, 0, 0, 0, 0, 0, 0
0, 0, 0, 0, 0, 0, 0
0, 0, 0, 0, 0, 0, 0
0, 0, 0, 0, 0, 0, 0
0, 0, 0, 0, 0, 0, 0
0, 0, 0, 0, 0, 0, 0
0, 0, 0, 0, 0, 0, 0
0, 0, 0, 0, 0, 0, 0
0, 0, 0, 0, 0, 0, 0
0, 0, 0, 0, 0, 0, 0
0, 0, 0, 0, 0, 0, 0
0, 0, 0, 0, 0, 0, 0
0, 0, 0, 0, 0, 0, 0
0, 0, 0, 0, 0, 0, 0
0, 0, 0, 0, 0, 0, 0
0, 0, 0, 0, 0, 0, 0
0, 0, 0, 0, 0, 0, 0
0, 0, 0, 0, 0, 0, 0
0, 0, 0, 0, 0, 0, 0
0, 0, 0, 0, 0, 0, 0
0, 0, 0, 0, 0, 0, 0
0, 0, 0, 0, 0, 0, 0
0, 0, 0, 0, 0, 0, 0
0, 0, 0, 0, 0, 0, 0
0, 0, 0, 0, 0, 0, 0
0, 0, 0, 0, 0, 0, 0
0, 0, 0, 0, 0, 0, 0
0, 0, 0, 0, 0, 0, 0
0, 0, 0, 0, 0, 0, 0
0, 0, 0, 0, 0, 0, 0
0, 0, 0, 0, 0, 0, 0
0, 0, 0, 0, 0, 0, 0
0, 0, 0, 0, 0, 0, 0
0, 0, 0, 0, 0, 0, 0
0, 0, 0, 0, 0, 0, 0
0, 0, 0, 0, 0, 0, 0
0, 0, 0, 0, 0, 0, 0
0, 0, 0, 0, 0, 0, 0
0, 0, 0, 0, 0, 0, 0
0, 0, 0, 0, 0, 0, 0
0, 0, 0, 0, 0, 0, 0
0, 0, 0, 0, 0, 0, 0
0, 0, 0, 0, 0, 0, 0
0, 0, 0, 0, 0, 0, 0
0, 0, 0, 0, 0, 0, 0
0, 0, 0, 0, 0, 0, 0
0, 0, 0, 0, 0, 0, 0
0, 0, 0, 0, 0, 0, 0
0, 0, 0, 0, 0, 0, 0
0, 0, 0, 0, 0, 0, 0
0, 0, 0, 0, 0, 0, 0
0, 0, 0, 0, 0, 0, 0
0, 0, 0, 0, 0, 0, 0
0, 0, 0, 0, 0, 0, 0
0, 0, 0, 0, 0, 0, 0
0, 0, 0, 0, 0, 0, 0
0, 0, 0, 0, 0, 0, 0
0, 0, 0, 0, 0, 0, 0
0, 0, 0, 0, 0, 0, 0
0, 0, 0, 0, 0, 0, 0
0, 0, 0, 0, 0, 0, 0
0, 0, 0, 0, 0, 0, 0
0, 0, 0, 0, 0, 0, 0
0, 0, 0, 0, 0, 0, 0
0, 0, 0, 0, 0, 0, 0
0, 0, 0, 0, 0, 0, 0
0, 0, 0, 0, 0, 0, 0
0, 0, 0, 0, 0, 0, 0
0, 0, 0, 0, 0, 0, 0
0, 0, 0, 0, 0, 0, 0
0, 0, 0, 0, 0, 0, 0
0, 0, 0, 0, 0, 0, 0
0, 0, 0, 0, 0, 0, 0
0, 0, 0, 0, 0, 0, 0
0, 0, 0, 0, 0, 0, 0
0, 0, 0, 0, 0, 0, 0
0, 0, 0, 0, 0, 0, 0
0, 0, 0, 0, 0, 0, 0
0, 0, 0, 0, 0, 0, 0
0, 0, 0, 0, 0, 0, 0
0, 0, 0, 0, 0, 0, 0
0, 0, 0, 0, 0, 0, 0
0, 0, 0, 0, 0, 0, 0
0, 0, 0, 0, 0, 0, 0
0, 0, 0, 0, 0, 0, 0
0, 0, 0, 0, 0, 0, 0
0, 0, 0, 0, 0, 0, 0
0, 0, 0, 0, 0, 0, 0
0, 0, 0, 0, 0, 0, 0
0, 0, 0, 0, 0, 0, 0
0, 0, 0, 0, 0, 0, 0
0, 0, 0, 0, 0, 0, 0
0, 0, 0, 0, 0, 0, 0
0, 0, 0, 0, 0, 0, 0
0, 0, 0, 0, 0, 0, 0
0, 0, 0, 0, 0, 0, 0
0, 0, 0, 0, 0, 0, 0
0, 0, 0, 0, 0, 0, 0
0, 0, 0, 0, 0, 0, 0
0, 0, 0, 0, 0, 0, 0
0, 0, 0, 0, 0, 0, 0
0, 0, 0, 0, 0, 0, 0
0, 0, 0, 0, 0, 0, 0
0, 0, 0, 0, 0, 0, 0
0, 0, 0, 0, 0, 0, 0
0, 0, 0, 0, 0, 0, 0
0, 0, 0, 0, 0, 0, 0
0, 0, 0, 0, 0, 0, 0
0, 0, 0, 0, 0, 0, 0
0, 0, 0, 0, 0, 0, 0
0, 0, 0, 0, 0, 0, 0
0, 0, 0, 0, 0, 0, 0
0, 0, 0, 0, 0, 0, 0
0, 0, 0, 0, 0, 0, 0
0, 0, 0, 0, 0, 0, 0
0, 0, 0, 0, 0, 0, 0
0, 0, 0, 0, 0, 0, 0
0, 0, 0, 0, 0, 0, 0
0, 0, 0, 0, 0, 0, 0
0, 0, 0, 0, 0, 0, 0
0, 0, 0, 0, 0, 0, 0
0, 0, 0, 0, 0, 0, 0
0, 0, 0, 0, 0, 0, 0
0, 0, 0, 0, 0, 0, 0
0, 0, 0, 0, 0, 0, 0
0, 0, 0, 0, 0, 0, 0
0, 0, 0, 0, 0, 0, 0
0, 0, 0, 0, 0, 0, 0
0, 0, 0, 0, 0, 0, 0
0, 0, 0, 0, 0, 0, 0
0, 0, 0, 0, 0, 0, 0
0, 0, 0, 0, 0, 0, 0
0, 0, 0, 0, 0, 0, 0
0, 0, 0, 0, 0, 0, 0
0, 0, 0, 0, 0, 0, 0
0, 0, 0, 0, 0, 0, 0
0, 0, 0, 0, 0, 0, 0
0, 0, 0, 0, 0, 0, 0
0, 0, 0, 0, 0, 0, 0
0, 0, 0, 0, 0, 0, 0
0, 0, 0, 0, 0, 0, 0
0, 0, 0, 0, 0, 0, 0
0, 0, 0, 0, 0, 0, 0
0, 0, 0, 0, 0, 0, 0
0, 0, 0, 0, 0, 0, 0
0, 0, 0, 0, 0, 0, 0
0, 0, 0, 0, 0, 0, 0
0, 0, 0, 0, 0, 0, 0
0, 0, 0, 0, 0, 0, 0
0, 0, 0, 0, 0, 0, 0
0, 0, 0, 0, 0, 0, 0
0, 0, 0, 0, 0, 0, 0
0, 0, 0, 0, 0, 0, 0
0, 0, 0, 0, 0, 0, 0
0, 0, 0, 0, 0, 0, 0
0, 0, 0, 0, 0, 0, 0
0, 0, 0, 0, 0, 0, 0
0, 0, 0, 0, 0, 0, 0
0, 0, 0, 0, 0, 0, 0
0, 0, 0, 0, 0, 0, 0
0, 0, 0, 0, 0, 0, 0
0, 0, 0, 0, 0, 0, 0
0, 0, 0, 0, 0, 0, 0
0, 0, 0, 0, 0, 0, 0
0, 0, 0, 0, 0, 0, 0
0, 0, 0, 0, 0, 0, 0
0, 0, 0, 0, 0, 0, 0
0, 0, 0, 0, 0, 0, 0
0, 0, 0, 0, 0, 0, 0
0, 0, 0, 0, 0, 0, 0
0, 0, 0, 0, 0, 0, 0
0, 0, 0, 0, 0, 0, 0
0, 0, 0, 0, 0, 0, 0
0, 0, 0, 0, 0, 0, 0
0, 0, 0, 0, 0, 0, 0
0, 0, 0, 0, 0, 0, 0
0, 0, 0, 0, 0, 0, 0
0, 0, 0, 0, 0, 0, 0
0, 0, 0, 0, 0, 0, 0
0, 0, 0, 0, 0, 0, 0
0, 0, 0, 0, 0, 0, 0
0, 0, 0, 0, 0, 0, 0
0, 0, 0, 0, 0, 0, 0
0, 0, 0, 0, 0, 0, 0
0, 0, 0, 0, 0, 0, 0
0, 0, 0, 0, 0, 0, 0
0, 0, 0, 0, 0, 0, 0
0, 0, 0, 0, 0, 0, 0
0, 0, 0, 0, 0, 0, 0
0, 0, 0, 0, 0, 0, 0
0, 0, 0, 0, 0, 0, 0
0, 0, 0, 0, 0, 0, 0
0, 0, 0, 0, 0, 0, 0
0, 0, 0, 0, 0, 0, 0
0, 0, 0, 0, 0, 0, 0
0, 0, 0, 0, 0, 0, 0
0, 0, 0, 0, 0, 0, 0
0, 0, 0, 0, 0, 0, 0
0, 0, 0, 0, 0, 0, 0
0, 0, 0, 0, 0, 0, 0
0, 0, 0, 0, 0, 0, 0
0, 0, 0, 0, 0, 0, 0
0, 0, 0, 0, 0, 0, 0
0, 0, 0, 0, 0, 0, 0
0, 0, 0, 0, 0, 0, 0
0, 0, 0, 0, 0, 0, 0
0, 0, 0, 0, 0, 0, 0
0, 0, 0, 0, 0, 0, 0
0, 0, 0, 0, 0, 0, 0
0, 0, 0, 0, 0, 0, 0
0, 0, 0, 0, 0, 0, 0
0, 0, 0, 0, 0, 0, 0
0, 0, 0, 0, 0, 0, 0
0, 0, 0, 0, 0, 0, 0
0, 0, 0, 0, 0, 0, 0
0, 0, 0, 0, 0, 0, 0
0, 0, 0, 0, 0, 0, 0
0, 0, 0, 0, 0, 0, 0
0, 0, 0, 0, 0, 0, 0
0, 0, 0, 0, 0, 0, 0
0, 0, 0, 0, 0, 0, 0
0, 0, 0, 0, 0, 0, 0
0, 0, 0, 0, 0, 0, 0
0, 0, 0, 0, 0, 0, 0
0, 0, 0, 0, 0, 0, 0
0, 0, 0, 0, 0, 0, 0
0, 0, 0, 0, 0, 0, 0
0, 0, 0, 0, 0, 0, 0
0, 0, 0, 0, 0, 0, 0
0, 0, 0, 0, 0, 0, 0
0, 0, 0, 0, 0, 0, 0
0, 0, 0, 0, 0, 0, 0
0, 0, 0, 0, 0, 0, 0
0, 0, 0, 0, 0, 0, 0
0, 0, 0, 0, 0, 0, 0
0, 0, 0, 0, 0, 0, 0
0, 0, 0, 0, 0, 0, 0
0, 0, 0, 0, 0, 0, 0
0, 0, 0, 0, 0, 0, 0
0, 0, 0, 0, 0, 0, 0
0, 0, 0, 0, 0, 0, 0
0, 0, 0, 0, 0, 0, 0
0, 0, 0, 0, 0, 0, 0
0, 0, 0, 0, 0, 0, 0
0, 0, 0, 0, 0, 0, 0
0, 0, 0, 0, 0, 0, 0
0, 0, 0, 0, 0, 0, 0
0, 0, 0, 0, 0, 0, 0
0, 0, 0, 0, 0, 0, 0
0, 0, 0, 0, 0, 0, 0
0, 0, 0, 0, 0, 0, 0
0, 0, 0, 0, 0, 0, 0
0, 0, 0, 0, 0, 0, 0
0, 0, 0, 0, 0, 0, 0
0, 0, 0, 0, 0, 0, 0
0, 0, 0, 0, 0, 0, 0
0, 0, 0, 0, 0, 0, 0
0, 0, 0, 0, 0, 0, 0
0, 0, 0, 0, 0, 0, 0
0, 0, 0, 0, 0, 0, 0
0, 0, 0, 0, 0, 0, 0
0, 0, 0, 0, 0, 0, 0
0, 0, 0, 0, 0, 0, 0
0, 0, 0, 0, 0, 0, 0
0, 0, 0, 0, 0, 0, 0
0, 0, 0, 0, 0, 0, 0
0, 0, 0, 0, 0, 0, 0
0, 0, 0, 0, 0, 0, 0
0, 0, 0, 0, 0, 0, 0
0, 0, 0, 0, 0, 0, 0
0, 0, 0, 0, 0, 0, 0
0, 0, 0, 0, 0, 0, 0
0, 0, 0, 0, 0, 0, 0
0, 0, 0, 0, 0, 0, 0
0, 0, 0, 0, 0, 0, 0
0, 0, 0, 0, 0, 0, 0
0, 0, 0, 0, 0, 0, 0
0, 0, 0, 0, 0, 0, 0
0, 0, 0, 0, 0, 0, 0
0, 0, 0, 0, 0, 0, 0
0, 0, 0, 0, 0, 0, 0
0, 0, 0, 0, 0, 0, 0
0, 0, 0, 0, 0, 0, 0
0, 0, 0, 0, 0, 0, 0
0, 0, 0, 0, 0, 0, 0
0, 0, 0, 0, 0, 0, 0
0, 0, 0, 0, 0, 0, 0
0, 0, 0, 0, 0, 0, 0
0, 0, 0, 0, 0, 0, 0
0, 0, 0, 0, 0, 0, 0
0, 0, 0, 0, 0, 0, 0
0, 0, 0, 0, 0, 0, 0
0, 0, 0, 0, 0, 0, 0
0, 0, 0, 0, 0, 0, 0
0, 0, 0, 0, 0, 0, 0
0, 0, 0, 0, 0, 0, 0
0, 0, 0, 0, 0, 0, 0
0, 0, 0, 0, 0, 0, 0
0, 0, 0, 0, 0, 0, 0
0, 0, 0, 0, 0, 0, 0
0, 0, 0, 0, 0, 0, 0
0, 0, 0, 0, 0, 0, 0
0, 0, 0, 0, 0, 0, 0
0, 0, 0, 0, 0, 0, 0
0, 0, 0, 0, 0, 0, 0
0, 0, 0, 0, 0, 0, 0
0, 0, 0, 0, 0, 0, 0
0, 0, 0, 0, 0, 0, 0
0, 0, 0, 0, 0, 0, 0
0, 0, 0, 0, 0, 0, 0
0, 0, 0, 0, 0, 0, 0
0, 0, 0, 0, 0, 0, 0
0, 0, 0, 0, 0, 0, 0
0, 0, 0, 0, 0, 0, 0
0, 0, 0, 0, 0, 0, 0
0, 0, 0, 0, 0, 0, 0
0, 0, 0, 0, 0, 0, 0
0, 0, 0, 0, 0, 0, 0
0, 0, 0, 0, 0, 0, 0
0, 0, 0, 0, 0, 0, 0
0, 0, 0, 0, 0, 0, 0
0, 0, 0, 0, 0, 0, 0
0, 0, 0, 0, 0, 0, 0
0, 0, 0, 0, 0, 0, 0
0, 0, 0, 0, 0, 0, 0
0, 0, 0, 0, 0, 0, 0
0, 0, 0, 0, 0, 0, 0
0, 0, 0, 0, 0, 0, 0
0, 0, 0, 0, 0, 0, 0
0, 0, 0, 0, 0, 0, 0
0, 0, 0, 0, 0, 0, 0
0, 0, 0, 0, 0, 0, 0
0, 0, 0, 0, 0, 0, 0
0, 0, 0, 0, 0, 0, 0
0, 0, 0, 0, 0, 0, 0
0, 0, 0, 0, 0, 0, 0
0, 0, 0, 0, 0, 0, 0
0, 0, 0, 0, 0, 0, 0
0, 0, 0, 0, 0, 0, 0
0, 0, 0, 0, 0, 0, 0
0, 0, 0, 0, 0, 0, 0
0, 0, 0, 0, 0, 0, 0
0, 0, 0, 0, 0, 0, 0
0, 0, 0, 0, 0, 0, 0
0, 0, 0, 0, 0, 0, 0
0, 0, 0, 0, 0, 0, 0
0, 0, 0, 0, 0, 0, 0
0, 0, 0, 0, 0, 0, 0
0, 0, 0, 0, 0, 0, 0
0, 0, 0, 0, 0, 0, 0
0, 0, 0, 0, 0, 0, 0
0, 0, 0, 0, 0, 0, 0
0, 0, 0, 0, 0, 0, 0
0, 0, 0, 0, 0, 0, 0
0, 0, 0, 0, 0, 0, 0
0, 0, 0, 0, 0, 0, 0
0, 0, 0, 0, 0, 0, 0
0, 0, 0, 0, 0, 0, 0
0, 0, 0, 0, 0, 0, 0
0, 0, 0, 0, 0, 0, 0
0, 0, 0, 0, 0, 0, 0
0, 0, 0, 0, 0, 0, 0
0, 0, 0, 0, 0, 0, 0
0, 0, 0, 0, 0, 0, 0
0, 0, 0, 0, 0, 0, 0
0, 0, 0, 0, 0, 0, 0
0, 0, 0, 0, 0, 0, 0
0, 0, 0, 0, 0, 0, 0
0, 0, 0, 0, 0, 0, 0
0, 0, 0, 0, 0, 0, 0
0, 0, 0, 0, 0, 0, 0
0, 0, 0, 0, 0, 0, 0
0, 0, 0, 0, 0, 0, 0
0, 0, 0, 0, 0, 0, 0
0, 0, 0, 0, 0, 0, 0
0, 0, 0, 0, 0, 0, 0
0, 0, 0, 0, 0, 0, 0
0, 0, 0, 0, 0, 0, 0
0, 0, 0, 0, 0, 0, 0
0, 0, 0, 0, 0, 0, 0
0, 0, 0, 0, 0, 0, 0
0, 0, 0, 0, 0, 0, 0
0, 0, 0, 0, 0, 0, 0
0, 0, 0, 0, 0, 0, 0
0, 0, 0, 0, 0, 0, 0
0, 0, 0, 0, 0, 0, 0
0, 0, 0, 0, 0, 0, 0
0, 0, 0, 0, 0, 0, 0
0, 0, 0, 0, 0, 0, 0
0, 0, 0, 0, 0, 0, 0
0, 0, 0, 0, 0, 0, 0
0, 0, 0, 0, 0, 0, 0
0, 0, 0, 0, 0, 0, 0
0, 0, 0, 0, 0, 0, 0
0, 0, 0, 0, 0, 0, 0
0, 0, 0, 0, 0, 0, 0
0, 0, 0, 0, 0, 0, 0
0, 0, 0, 0, 0, 0, 0
0, 0, 0, 0, 0, 0, 0
0, 0, 0, 0, 0, 0, 0
0, 0, 0, 0, 0, 0, 0
0, 0, 0, 0, 0, 0, 0
0, 0, 0, 0, 0, 0, 0
0, 0, 0, 0, 0, 0, 0
0, 0, 0, 0, 0, 0, 0
0, 0, 0, 0, 0, 0, 0
0, 0, 0, 0, 0, 0, 0
0, 0, 0, 0, 0, 0, 0
0, 0, 0, 0, 0, 0, 0
0, 0, 0, 0, 0, 0, 0
0, 0, 0, 0, 0, 0, 0
0, 0, 0, 0, 0, 0, 0
0, 0, 0, 0, 0, 0, 0
0, 0, 0, 0, 0, 0, 0
0, 0, 0, 0, 0, 0, 0
0, 0, 0, 0, 0, 0, 0
0, 0, 0, 0, 0, 0, 0
0, 0, 0, 0, 0, 0, 0
0, 0, 0, 0, 0, 0, 0
0, 0, 0, 0, 0, 0, 0
0, 0, 0, 0, 0, 0, 0
0, 0, 0, 0, 0, 0, 0
0, 0, 0, 0, 0, 0, 0
0, 0, 0, 0, 0, 0, 0
0, 0, 0, 0, 0, 0, 0
0, 0, 0, 0, 0, 0, 0
0, 0, 0, 0, 0, 0, 0
0, 0, 0, 0, 0, 0, 0
0, 0, 0, 0, 0, 0, 0
0, 0, 0, 0, 0, 0, 0
0, 0, 0, 0, 0, 0, 0
0, 0, 0, 0, 0, 0, 0
0, 0, 0, 0, 0, 0, 0
0, 0, 0, 0, 0, 0, 0
0, 0, 0, 0, 0, 0, 0
0, 0, 0, 0, 0, 0, 0
0, 0, 0, 0, 0, 0, 0
0, 0, 0, 0, 0, 0, 0
0, 0, 0, 0, 0, 0, 0
0, 0, 0, 0, 0, 0, 0
0, 0, 0, 0, 0, 0, 0
0, 0, 0, 0, 0, 0, 0
0, 0, 0, 0, 0, 0, 0
0, 0, 0, 0, 0, 0, 0
0, 0, 0, 0, 0, 0, 0
0, 0, 0, 0, 0, 0, 0
0, 0, 0, 0, 0, 0, 0
0, 0, 0, 0, 0, 0, 0
0, 0, 0, 0, 0, 0, 0
0, 0, 0, 0, 0, 0, 0
0, 0, 0, 0, 0, 0, 0
0, 0, 0, 0, 0, 0, 0
0, 0, 0, 0, 0, 0, 0
0, 0, 0, 0, 0, 0, 0
0, 0, 0, 0, 0, 0, 0
0, 0, 0, 0, 0, 0, 0
0, 0, 0, 0, 0, 0, 0
0, 0, 0, 0, 0, 0, 0
0, 0, 0, 0, 0, 0, 0
0, 0, 0, 0, 0, 0, 0
8.88537975, 9.038348, 9.24215925, 9.506590200000002, 9.7142541, 10.425806869999999, 32.855096
8.8912805, 9.043905, 9.23961225, 9.4969557, 9.720784599999998, 14.67135192, 52.853195
8.8837065, 9.042549, 9.233219, 9.5021208, 9.76471995, 16.18035541, 32.855096
8.8937385, 9.0547685, 9.264223249999999, 9.5002435, 9.6734913, 11.97301437, 36.893046
8.883292749999999, 9.0419865, 9.23975625, 9.517306399999999, 9.772097, 13.170449099999992, 36.893046
8.892844, 9.045993500000002, 9.24163175, 9.5347456, 9.778165, 14.111399509999995, 52.853195
8.878046000000001, 9.030795, 9.23344, 9.5055629, 9.73882595, 14.453206909999997, 19.502914
8.8755795, 9.023310500000001, 9.23505025, 9.5622889, 9.8591145, 16.03043855, 24.370709
8.88804575, 9.039810500000002, 9.23952225, 9.5075592, 9.6859364, 14.105136, 52.853195
8.89295125, 9.047678, 9.2350375, 9.4984026, 9.70070845, 11.459322359999986, 23.303856
8.8763685, 9.0332915, 9.25295725, 9.5347456, 9.816357850000001, 14.745257449999986, 23.303856
8.90179225, 9.050597, 9.2567845, 9.5322371, 9.76883115, 16.253665899999998, 52.853195
8.88217075, 9.044334500000001, 9.232711, 9.4947709, 9.7137902, 15.724868639999997, 32.855096
8.8744865, 9.0203225, 9.206381499999999, 9.451328400000001, 9.68700305, 11.545717679999985, 20.217992
8.88173075, 9.046313, 9.250435, 9.516527, 9.7964014, 16.2536, 36.893046
8.878400500000001, 9.046506, 9.2486905, 9.483975, 9.7180215, 11.73956136, 19.502914
8.889055, 9.045599, 9.242282, 9.5099513, 9.7609165, 14.731487, 52.853195
8.8868585, 9.03019, 9.23050525, 9.52741, 9.73476515, 10.90954101, 19.373624
8.893031, 9.056141, 9.26047675, 9.5024456, 9.733125, 14.741395359999991, 23.303856
8.900853999999999, 9.050331, 9.23547025, 9.5035319, 9.779881, 15.874808489999998, 23.303856
8.879757249999999, 9.033763, 9.22707025, 9.4652171, 9.7483978, 14.197611339999996, 24.370709
8.898856250000001, 9.0500235, 9.2532895, 9.535433900000001, 9.80764325, 16.713529349999998, 21.371576
8.87838775, 9.0281455, 9.231511, 9.4902693, 9.74271205, 16.050663, 19.213916
8.88192975, 9.0328685, 9.22669775, 9.510636, 9.77025365, 13.920011019999997, 20.217992
8.883453, 9.0451795, 9.225684000000001, 9.489223500000001, 9.73992, 14.905645829999994, 24.370709
8.865422500000001, 9.034150499999999, 9.230564, 9.5054959, 9.799549350000001, 16.91750738, 19.656824
8.88917625, 9.039547, 9.23777775, 9.543772, 9.807518199999999, 14.407697399999986, 52.853195
8.88459725, 9.036463999999999, 9.23752975, 9.5361424, 9.842355849999999, 15.87359139, 21.371576
8.87997875, 9.0376215, 9.22207775, 9.4773762, 9.71349485, 13.235582829999997, 20.217992
8.861865, 8.999006000000001, 9.16446175, 9.438007599999999, 9.953264549999998, 11.780930529999978, 35.487972
8.872503250000001, 9.005974, 9.17612175, 9.4571399, 9.9924313, 11.96145763999999, 35.487972
8.863883, 8.9918685, 9.17340025, 9.4405118, 10.137628, 11.999890119999987, 33.51644
8.86510375, 9.001637500000001, 9.182661, 9.445044699999999, 9.914327049999994, 11.852057529999989, 37.448702
8.8710505, 9.0095405, 9.176906, 9.450109, 10.003491, 12.055604159999973, 37.448702
8.871752749999999, 9.005561, 9.186081, 9.4518217, 9.8973157, 11.669915089999991, 35.487972
8.87562325, 9.007771, 9.189099500000001, 9.465836, 9.9982166, 12.279661009999987, 37.448702
8.8582835, 8.997284, 9.1707415, 9.4407818, 9.905916449999996, 11.993545, 33.51644
8.8674405, 9.008198, 9.18506575, 9.4583724, 10.004442, 11.970524529999995, 35.734803
8.86640375, 9.0007825, 9.16709, 9.4356989, 9.972295, 12.222369769999998, 37.448702
8.865643500000001, 9.005022499999999, 9.1721495, 9.466084599999999, 9.997939, 11.958679299999998, 35.734803
8.86263425, 9.008225, 9.17960725, 9.4678367, 10.052824, 11.932545, 35.734803
8.86276425, 9.005046, 9.176505, 9.4403328, 9.930965, 12.054451, 35.734803
8.86374775, 8.9946515, 9.169794, 9.431237, 9.831191, 11.725706189999997, 29.227148
8.87244025, 9.0059775, 9.17903525, 9.438839, 9.956609949999997, 11.932734399999998, 35.487972
8.859181249999999, 8.994430000000001, 9.1645515, 9.450355, 9.972959199999996, 12.223784589999987, 35.487972
8.866897999999999, 9.002112, 9.165434, 9.437992, 9.97230775, 11.874646049999996, 37.448702
8.86794025, 9.001638, 9.16487025, 9.4199921, 9.870684199999998, 12.257758649999987, 35.330604
8.85969225, 9.000277, 9.1754365, 9.4425343, 9.969382, 11.875228479999995, 37.448702
8.860429, 9.003982, 9.17096175, 9.4615561, 9.952919, 12.008414479999985, 37.448702
8.86880125, 9.004629, 9.188139, 9.4658351, 10.0710147, 12.170301709999988, 37.448702
8.868799749999999, 9.007402, 9.188074499999999, 9.4589483, 10.030596699999998, 12.222916359999987, 37.448702
8.8682795, 8.9965045, 9.17159175, 9.4129702, 9.897192, 11.718405, 35.734803
8.869176, 9.005363, 9.173293, 9.441303, 9.897725949999998, 12.054610679999996, 35.734803
8.869337999999999, 9.010501, 9.190223, 9.4616014, 10.005169749999995, 11.913174, 35.734803
8.86048975, 8.9963865, 9.18348225, 9.4719482, 10.097408199999999, 12.223577699999993, 37.448702
8.868221, 8.9985635, 9.180891, 9.4408405, 9.913594349999999, 11.913367709999996, 29.227148
8.8705075, 9.0083885, 9.176247, 9.444844, 9.8594536, 12.222369769999998, 35.734803
8.872347, 9.004983, 9.17384, 9.418994, 9.859969, 11.933212939999983, 35.734803
8.86794025, 9.0030295, 9.18101, 9.430806, 9.856917, 12.372486, 33.51644
8.860152249999999, 8.998075, 9.16735775, 9.4202512, 9.880036499999996, 12.223577699999993, 37.448702
8.8623895, 9.0030295, 9.174843500000001, 9.446368, 10.004487899999999, 11.9993765, 35.734803
8.86167125, 8.998869, 9.172599, 9.4129542, 9.85097105, 11.832641199999989, 37.448702
8.866539, 9.006015000000001, 9.178742, 9.4234097, 9.918765849999998, 11.713672239999998, 37.448702
8.86329, 8.9994185, 9.1750155, 9.5021238, 10.2677459, 11.938839599999994, 37.448702
8.859588, 8.991412, 9.168787, 9.44578, 10.023848699999999, 11.938839599999994, 35.487972
8.864671, 9.000086, 9.173801, 9.460722, 10.073403, 12.047984, 37.448702
8.858975, 9.0012155, 9.183431, 9.457346, 10.053443799999997, 12.223577699999993, 33.51644
8.86257075, 8.9985645, 9.17626125, 9.42271, 9.885056299999997, 12.003602619999986, 16.928153
8.862561249999999, 8.9978915, 9.1712625, 9.4373524, 9.875563349999995, 11.83263528999999, 37.448702
8.86471825, 9.0016415, 9.175987749999999, 9.4716427, 10.05733, 12.315773, 35.734803
8.86938, 8.999504, 9.182877750000001, 9.4191824, 9.794024, 11.756911, 35.487972
8.86347275, 9.0045995, 9.18344075, 9.4404497, 9.965311, 12.05007623999995, 35.734803
8.871577, 9.0125065, 9.198668, 9.486231, 9.951734, 11.832213, 35.734803
8.86987925, 9.004645, 9.18346025, 9.4622847, 9.992015, 11.922319599999996, 37.448702
8.8652725, 9.0038935, 9.18347, 9.4495836, 9.875563349999995, 11.938839599999994, 37.448702
8.8682795, 9.006507500000001, 9.188053, 9.4568958, 9.927009, 11.913367709999996, 35.487972
8.86025, 8.9910055, 9.175607, 9.4391385, 9.94641365, 11.970292, 35.734803
8.872642, 9.0109815, 9.178767, 9.4090439, 9.8498015, 11.875228479999995, 37.448702
8.866484, 9.002208, 9.17405975, 9.462214, 9.930401999999997, 11.903513249999992, 35.734803
8.86935725, 9.0016335, 9.178972, 9.4509019, 9.921953649999994, 12.312454889999994, 35.487972
8.879467, 9.029453, 9.22619325, 9.4788963, 9.6945809, 13.809690069999993, 22.552578
8.8886065, 9.0392595, 9.22941375, 9.4823865, 9.7486429, 16.099406520000002, 36.893046
8.879805, 9.032515, 9.2350465, 9.5169234, 9.76691195, 11.813872359999998, 19.587514
8.877465749999999, 9.0391565, 9.2374805, 9.5059529, 9.7201095, 16.10123487, 19.892145
8.883417999999999, 9.0474255, 9.2421735, 9.524574, 9.823102350000001, 16.44792254, 52.853195
8.90417225, 9.055792, 9.25375725, 9.5107316, 9.7083348, 11.761020929999978, 18.344529
8.89226425, 9.038772999999999, 9.21849, 9.4969419, 9.73992, 10.90895599, 20.217992
8.88817, 9.046979499999999, 9.25208375, 9.5171619, 9.810530199999999, 16.110048579999997, 36.893046
8.89189575, 9.057165000000001, 9.23812375, 9.5012317, 9.8001393, 11.532225659999998, 52.853195
8.87731, 9.0236165, 9.217912, 9.464864, 9.68709575, 11.91497702, 36.893046
8.888596, 9.041504, 9.25645825, 9.5285241, 9.76843495, 11.532225659999998, 52.853195
8.8978845, 9.052026000000001, 9.26027625, 9.553793400000002, 9.8597041, 16.40399921, 52.853195
8.88283725, 9.03221, 9.242533000000002, 9.4811031, 9.761134, 15.976887, 23.303856
8.881504750000001, 9.0420535, 9.234461750000001, 9.5067009, 9.764192799999998, 14.39209222, 32.855096
8.88546525, 9.045835, 9.230369, 9.5011822, 9.78290955, 13.61904774, 36.893046
0, 0, 0, 0, 0, 0, 0
0, 0, 0, 0, 0, 0, 0
0, 0, 0, 0, 0, 0, 0
0, 0, 0, 0, 0, 0, 0
0, 0, 0, 0, 0, 0, 0
0, 0, 0, 0, 0, 0, 0
0, 0, 0, 0, 0, 0, 0
0, 0, 0, 0, 0, 0, 0
0, 0, 0, 0, 0, 0, 0
0, 0, 0, 0, 0, 0, 0
0, 0, 0, 0, 0, 0, 0
0, 0, 0, 0, 0, 0, 0
0, 0, 0, 0, 0, 0, 0
0, 0, 0, 0, 0, 0, 0
0, 0, 0, 0, 0, 0, 0
0, 0, 0, 0, 0, 0, 0
0, 0, 0, 0, 0, 0, 0
0, 0, 0, 0, 0, 0, 0
0, 0, 0, 0, 0, 0, 0
0, 0, 0, 0, 0, 0, 0
0, 0, 0, 0, 0, 0, 0
0, 0, 0, 0, 0, 0, 0
0, 0, 0, 0, 0, 0, 0
0, 0, 0, 0, 0, 0, 0
0, 0, 0, 0, 0, 0, 0
0, 0, 0, 0, 0, 0, 0
0, 0, 0, 0, 0, 0, 0
0, 0, 0, 0, 0, 0, 0
0, 0, 0, 0, 0, 0, 0
0, 0, 0, 0, 0, 0, 0
0, 0, 0, 0, 0, 0, 0
0, 0, 0, 0, 0, 0, 0
0, 0, 0, 0, 0, 0, 0
0, 0, 0, 0, 0, 0, 0
8.899581999999999, 9.03883, 9.225116, 9.498354500000001, 9.708876899999998, 13.16276205, 20.217992
8.870099, 9.027812, 9.221174999999999, 9.5015376, 9.75724995, 11.91497702, 20.217992
8.87618625, 9.038801, 9.240414, 9.5161365, 9.73970815, 14.731487, 52.853195
8.87868, 9.0424645, 9.230026, 9.4847518, 9.75773205, 14.434156339999998, 19.656824
8.88488, 9.0385695, 9.228381, 9.5384827, 9.784536, 14.41651684, 22.552578
8.88286875, 9.039317, 9.238039, 9.5306713, 9.806857, 13.745220169999993, 19.656824
8.874067, 9.03, 9.240472, 9.5181868, 9.73490655, 11.994732, 52.853195
8.886944750000001, 9.044068, 9.245500499999999, 9.5363258, 9.77167635, 13.625846079999992, 19.645042
8.872859, 9.0362935, 9.24924, 9.559297500000001, 9.78257865, 16.060277709999998, 36.893046
8.897798, 9.049643, 9.238284, 9.5420683, 9.73995, 13.263961509999996, 52.853195
8.8783105, 9.0301435, 9.222527, 9.5034774, 9.764955500000001, 15.571933089999998, 19.071708
8.877061000000001, 9.030451, 9.214321, 9.4650704, 9.734828, 11.739697519999996, 52.853195
8.8825445, 9.041221499999999, 9.242909, 9.5292011, 9.828979200000001, 15.573435339999996, 32.855096
8.885008500000001, 9.0384595, 9.22379975, 9.4891306, 9.783073499999999, 13.804678829999999, 32.855096
8.89065125, 9.0384185, 9.232294, 9.4789846, 9.6998962, 11.135782879999999, 19.587514
8.887853, 9.0424215, 9.23706925, 9.516893, 9.7883889, 16.058708, 19.502914
8.883091499999999, 9.034788500000001, 9.228058, 9.478752400000001, 9.69824175, 11.199935829999998, 20.217992
8.88706575, 9.04, 9.242649, 9.5262978, 9.810534599999999, 16.901132889999996, 36.893046
8.8958755, 9.054827, 9.24460275, 9.524666999999999, 9.74271205, 16.03043855, 19.656824
8.8861085, 9.045264, 9.260679, 9.563683900000001, 9.79312115, 17.064956, 52.853195
8.872767, 9.0285835, 9.21262975, 9.4843489, 9.74145995, 14.004976779999996, 24.370709
8.881664, 9.042075, 9.23244275, 9.480924, 9.6714115, 10.25331171, 23.303856
8.883825, 9.0310785, 9.245922499999999, 9.49418, 9.76843495, 14.67048174, 23.303856
8.885439, 9.041217, 9.23848725, 9.5203138, 9.7341068, 14.783211649999997, 52.853195
8.870634, 9.032989, 9.2257245, 9.5199367, 9.73989055, 14.621158269999986, 23.303856
8.88275575, 9.033669, 9.236683249999999, 9.4902103, 9.709213250000001, 12.00710831999999, 32.855096
8.885082, 9.043419499999999, 9.243694, 9.495196199999999, 9.752797, 11.97301437, 17.75425
8.875277, 9.033772500000001, 9.24086325, 9.497278099999999, 9.6940964, 16.1799103, 52.853195
8.89521, 9.0493705, 9.246879499999999, 9.5092146, 9.742466949999999, 13.617861, 19.587514
8.87988575, 9.032475, 9.223185, 9.4683049, 9.70802855, 10.334949309999999, 17.997995
8.887713999999999, 9.047721500000002, 9.249641, 9.532052, 9.87513105, 16.030153, 24.370709
8.89860925, 9.046231, 9.25215125, 9.558528800000001, 9.821566200000001, 15.271581689999993, 23.303856
8.8884085, 9.045474, 9.23749525, 9.486634800000001, 9.717795, 16.059206239999998, 52.853195
8.88269575, 9.044449499999999, 9.242416500000001, 9.523152, 9.791958, 15.976887, 23.303856
8.8871255, 9.026521500000001, 9.22798725, 9.4781375, 9.719153, 13.920011019999997, 52.853195
8.88743275, 9.0371945, 9.22648875, 9.477928700000001, 9.704121899999999, 13.736535, 22.552578
8.876225999999999, 9.027488, 9.22073525, 9.4647182, 9.693893, 16.47643795, 20.217992
8.88147725, 9.0339995, 9.2429355, 9.5169195, 9.765831449999999, 13.915245, 19.656824
8.88273075, 9.042427, 9.230834999999999, 9.5192975, 9.7950131, 16.397703, 19.892145
8.883657750000001, 9.0342625, 9.232819249999999, 9.5019065, 9.8189472, 16.253665899999998, 24.370709
8.885611749999999, 9.0389165, 9.226245500000001, 9.4790579, 9.7142611, 13.236218969999998, 24.370709
8.88707125, 9.0502895, 9.2587945, 9.530922, 9.842355849999999, 16.052758269999998, 32.855096
8.87465975, 9.031372000000001, 9.22073525, 9.5203138, 9.778360999999999, 14.432891989999998, 21.371576
8.883652, 9.0446125, 9.24287325, 9.5275056, 9.77230625, 14.605914929999999, 52.853195
8.882175, 9.0336915, 9.233763, 9.5192975, 9.75828055, 13.486703819999999, 32.855096
8.87124575, 9.0083465, 9.17945675, 9.459293, 9.9563359, 11.999423279999998, 24.923449
8.8616755, 8.9982475, 9.176026, 9.4518217, 9.956152, 11.913174, 35.734803
8.867144, 9.005355, 9.18187775, 9.484020000000001, 10.18769495, 12.277909739999998, 35.734803
8.865122, 9.000936, 9.1709635, 9.4285385, 9.97255, 12.003762299999984, 35.487972
8.8608845, 9.005205, 9.182877750000001, 9.4583724, 10.030114799999998, 11.89486393, 24.923449
8.872234, 9.003639, 9.191835000000001, 9.4381976, 9.994541999999997, 12.223797329999988, 37.448702
8.86538, 9.002366, 9.1901175, 9.469285, 10.0333125, 11.993602939999997, 37.448702
8.866531250000001, 9.00971, 9.187513749999999, 9.4305837, 9.819212, 11.705781, 37.448702
8.86853, 9.0009175, 9.172830249999999, 9.4571323, 9.874425, 12.279502019999992, 35.734803
8.8617575, 9.002793, 9.18317175, 9.455484, 9.918332, 11.894857339999994, 35.330604
8.865207, 9.003226, 9.1764525, 9.446912600000001, 10.013892, 12.374849479999998, 37.448702
8.870590499999999, 9.00372, 9.179747, 9.465836, 10.0679634, 11.999825449999989, 16.295498
8.863654, 9.000105000000001, 9.16702925, 9.4312156, 9.870239, 11.89655337, 37.448702
8.86406325, 9.0000105, 9.17529125, 9.4120591, 9.813643549999998, 11.714368559999981, 35.330604
8.868397250000001, 9.001815, 9.1738025, 9.4322722, 9.84101445, 11.669556, 37.448702
8.863903, 9.0030655, 9.17506075, 9.44343, 9.97255, 11.780279449999993, 35.734803
8.862478, 8.993803499999999, 9.16197225, 9.42209, 9.881394599999998, 11.922215, 37.448702
8.8629505, 8.999116, 9.16408425, 9.4234097, 9.8599853, 11.795578049999992, 35.330604
8.861583750000001, 9.005091, 9.180608, 9.460722, 10.029733, 11.896900049999992, 35.487972
8.866547, 9.005745000000001, 9.191386000000001, 9.485264399999998, 10.097082, 11.895030269999996, 37.448702
8.863825, 9.0081435, 9.1984335, 9.4637835, 10.01583859999999, 11.993640439999997, 37.448702
8.86184875, 9.001973, 9.181145, 9.4191824, 9.915973, 11.961075, 35.734803
8.86835525, 9.005356500000001, 9.180355, 9.465894, 10.128079, 11.994089389999987, 37.448702
8.86246925, 8.999893, 9.178808, 9.459141, 9.969382, 11.995833159999945, 35.734803
8.868311250000001, 9.005131500000001, 9.183142499999999, 9.4659455, 10.077577999999995, 12.071412479999976, 33.51644
8.85611475, 8.992553, 9.18370025, 9.466842699999999, 10.061553949999999, 12.072515, 35.734803
8.856127749999999, 8.993078, 9.16690225, 9.4355526, 9.8747654, 11.815598, 35.487972
8.86915, 9.0140925, 9.19275225, 9.502308, 10.26755825, 12.372506529999999, 35.734803
8.863874, 8.9994665, 9.17258575, 9.4206363, 9.8292416, 11.705781, 37.448702
8.86662425, 9.0003985, 9.172552, 9.4486272, 9.97230775, 11.913367709999996, 37.448702
8.859507, 8.9991795, 9.174638000000002, 9.4533159, 9.9924313, 11.718606899999996, 35.487972
8.86549675, 9.0051505, 9.190059999999999, 9.4583876, 10.057531549999998, 12.070439959999998, 35.734803
8.865207, 9.0103775, 9.19009, 9.462667, 10.065412649999999, 11.923537359999969, 35.487972
8.8657435, 9.00163, 9.189410500000001, 9.4546496, 9.9982166, 12.070419, 37.448702
8.866467, 9.003826499999999, 9.16577725, 9.428554, 9.881394599999998, 11.894857339999994, 24.923449
8.86246925, 8.9970505, 9.17461475, 9.4498257, 9.9045498, 11.851862049999994, 33.51644
8.865207, 9.004535, 9.191386000000001, 9.486738, 10.250396, 12.278240759999992, 35.734803
8.86883, 9.004251, 9.18747075, 9.465519, 10.004476299999999, 12.223238, 35.734803
8.86785075, 8.992863499999999, 9.167825, 9.445860999999999, 9.8508372, 11.676028019999999, 16.295498
8.8684265, 9.008032, 9.17903525, 9.471973, 10.128280449999998, 12.374624269999998, 35.734803
8.87096425, 9.003605499999999, 9.1834895, 9.4605923, 10.005557699999997, 12.330560329999999, 35.734803
8.859602, 8.9916015, 9.17088625, 9.443059, 9.97230775, 12.048229309999995, 37.448702
8.86622, 9.0024825, 9.183255, 9.4338461, 9.90553565, 11.89486393, 24.923449
8.889581, 9.0479905, 9.258802, 9.5402415, 9.801855, 13.93707851999998, 22.552578
8.877131, 9.034913, 9.22449375, 9.4920538, 9.775921, 13.262104499999998, 19.587514
8.89046925, 9.0460125, 9.25444325, 9.535433300000001, 9.7863961, 14.108248329999997, 19.656824
8.89240925, 9.058629499999999, 9.2609785, 9.529778, 9.8070337, 13.621693079999996, 52.853195
8.88035725, 9.0384595, 9.237163, 9.485054, 9.726112350000001, 13.241091719999993, 18.516134
8.894924, 9.047721500000002, 9.242143, 9.4773046, 9.768146, 14.196959149999998, 21.371576
8.882146500000001, 9.0538035, 9.238810749999999, 9.5268049, 9.81341185, 17.07643596, 19.213916
8.887834, 9.0328685, 9.237469, 9.5239071, 9.7355836, 11.376701289999998, 23.303856
8.89158275, 9.048857, 9.23770575, 9.5271382, 9.7724004, 14.70315702999999, 36.893046
8.888997750000001, 9.0485025, 9.248146, 9.5165711, 9.724776649999999, 14.113073949999993, 19.071708
8.886256, 9.0352625, 9.24596, 9.501252, 9.792107499999998, 13.732601839999996, 22.552578
8.87971875, 9.044351, 9.22981525, 9.489258, 9.73072195, 11.202247449999996, 19.071708
8.8872125, 9.033135, 9.24056075, 9.538952, 9.8262565, 17.26802897, 52.853195
8.88952725, 9.039339, 9.23228675, 9.4949842, 9.723716249999999, 14.907164919999992, 52.853195
8.891279, 9.0487045, 9.233672, 9.5199367, 9.76881215, 16.40373467, 32.855096
8.8926335, 9.034188, 9.23095125, 9.4979229, 9.769336599999999, 15.574478729999996, 22.552578
8.876132, 9.0327325, 9.22124125, 9.4901826, 9.68748515, 11.447649089999995, 20.217992
0, 0, 0, 0, 0, 0, 0
0, 0, 0, 0, 0, 0, 0
0, 0, 0, 0, 0, 0, 0
0, 0, 0, 0, 0, 0, 0
0, 0, 0, 0, 0, 0, 0
0, 0, 0, 0, 0, 0, 0
0, 0, 0, 0, 0, 0, 0
0, 0, 0, 0, 0, 0, 0
0, 0, 0, 0, 0, 0, 0
0, 0, 0, 0, 0, 0, 0
0, 0, 0, 0, 0, 0, 0
0, 0, 0, 0, 0, 0, 0
0, 0, 0, 0, 0, 0, 0
0, 0, 0, 0, 0, 0, 0
0, 0, 0, 0, 0, 0, 0
0, 0, 0, 0, 0, 0, 0
0, 0, 0, 0, 0, 0, 0
0, 0, 0, 0, 0, 0, 0
0, 0, 0, 0, 0, 0, 0
0, 0, 0, 0, 0, 0, 0
0, 0, 0, 0, 0, 0, 0
0, 0, 0, 0, 0, 0, 0
0, 0, 0, 0, 0, 0, 0
0, 0, 0, 0, 0, 0, 0
0, 0, 0, 0, 0, 0, 0
0, 0, 0, 0, 0, 0, 0
0, 0, 0, 0, 0, 0, 0
0, 0, 0, 0, 0, 0, 0
0, 0, 0, 0, 0, 0, 0
0, 0, 0, 0, 0, 0, 0
0, 0, 0, 0, 0, 0, 0
0, 0, 0, 0, 0, 0, 0
0, 0, 0, 0, 0, 0, 0
0, 0, 0, 0, 0, 0, 0
0, 0, 0, 0, 0, 0, 0
0, 0, 0, 0, 0, 0, 0
0, 0, 0, 0, 0, 0, 0
0, 0, 0, 0, 0, 0, 0
0, 0, 0, 0, 0, 0, 0
0, 0, 0, 0, 0, 0, 0
0, 0, 0, 0, 0, 0, 0
0, 0, 0, 0, 0, 0, 0
0, 0, 0, 0, 0, 0, 0
0, 0, 0, 0, 0, 0, 0
0, 0, 0, 0, 0, 0, 0
0, 0, 0, 0, 0, 0, 0
0, 0, 0, 0, 0, 0, 0
0, 0, 0, 0, 0, 0, 0
0, 0, 0, 0, 0, 0, 0
0, 0, 0, 0, 0, 0, 0
0, 0, 0, 0, 0, 0, 0
0, 0, 0, 0, 0, 0, 0
0, 0, 0, 0, 0, 0, 0
0, 0, 0, 0, 0, 0, 0
0, 0, 0, 0, 0, 0, 0
0, 0, 0, 0, 0, 0, 0
0, 0, 0, 0, 0, 0, 0
0, 0, 0, 0, 0, 0, 0
0, 0, 0, 0, 0, 0, 0
0, 0, 0, 0, 0, 0, 0
0, 0, 0, 0, 0, 0, 0
0, 0, 0, 0, 0, 0, 0
0, 0, 0, 0, 0, 0, 0
0, 0, 0, 0, 0, 0, 0
0, 0, 0, 0, 0, 0, 0
0, 0, 0, 0, 0, 0, 0
0, 0, 0, 0, 0, 0, 0
0, 0, 0, 0, 0, 0, 0
0, 0, 0, 0, 0, 0, 0
0, 0, 0, 0, 0, 0, 0
0, 0, 0, 0, 0, 0, 0
0, 0, 0, 0, 0, 0, 0
0, 0, 0, 0, 0, 0, 0
0, 0, 0, 0, 0, 0, 0
0, 0, 0, 0, 0, 0, 0
0, 0, 0, 0, 0, 0, 0
0, 0, 0, 0, 0, 0, 0
0, 0, 0, 0, 0, 0, 0
0, 0, 0, 0, 0, 0, 0
0, 0, 0, 0, 0, 0, 0
0, 0, 0, 0, 0, 0, 0
0, 0, 0, 0, 0, 0, 0
0, 0, 0, 0, 0, 0, 0
0, 0, 0, 0, 0, 0, 0
0, 0, 0, 0, 0, 0, 0
0, 0, 0, 0, 0, 0, 0
0, 0, 0, 0, 0, 0, 0
0, 0, 0, 0, 0, 0, 0
0, 0, 0, 0, 0, 0, 0
0, 0, 0, 0, 0, 0, 0
0, 0, 0, 0, 0, 0, 0
0, 0, 0, 0, 0, 0, 0
0, 0, 0, 0, 0, 0, 0
0, 0, 0, 0, 0, 0, 0
0, 0, 0, 0, 0, 0, 0
0, 0, 0, 0, 0, 0, 0
8.893572500000001, 9.043923, 9.242386, 9.5019065, 9.734991749999999, 14.004976779999996, 36.893046
8.8763685, 9.0479695, 9.2350465, 9.5128809, 9.748962099999998, 15.874808489999998, 36.893046
8.89044225, 9.0490835, 9.248111250000001, 9.541803, 9.80791975, 14.60570419, 32.855096
8.888997750000001, 9.044409, 9.23803, 9.5239071, 9.71185485, 14.607990789999999, 32.855096
8.881764749999999, 9.0276505, 9.240155249999999, 9.508165, 9.817646, 16.706771850000003, 52.853195
8.88283725, 9.03793, 9.246039999999999, 9.510604, 9.760536, 14.210677499999985, 36.893046
8.8752685, 9.030456999999998, 9.23273875, 9.4856104, 9.7342482, 12.009638469999988, 32.855096
8.87801275, 9.036215, 9.23266975, 9.501252, 9.7105149, 14.744473659999988, 19.645042
8.884923, 9.0448675, 9.248279, 9.4989448, 9.708477, 10.640901289999999, 20.217992
8.889731, 9.049379, 9.22831725, 9.5300054, 9.7685258, 15.727256559999995, 24.370709
8.878476, 9.045452999999998, 9.23396825, 9.5023808, 9.65655085, 11.700375969999982, 36.893046
8.8890595, 9.038457, 9.22215075, 9.462709, 9.796408900000001, 14.605914929999999, 32.855096
8.8786235, 9.03754, 9.238425249999999, 9.5025521, 9.762675199999999, 14.108003109999997, 52.853195
8.880493, 9.0374735, 9.23080425, 9.501733, 9.778573249999999, 11.376701289999998, 36.893046
8.88722725, 9.0422805, 9.24991675, 9.5101206, 9.765831449999999, 11.813872359999998, 19.502914
8.892270499999999, 9.034150499999999, 9.21498025, 9.4992931, 9.740374999999998, 11.450488, 19.892145
8.8793005, 9.041131, 9.25102325, 9.517552600000002, 9.72000705, 16.059206239999998, 32.855096
8.877031, 9.030881, 9.23046075, 9.5057286, 9.70527325, 11.09785739, 20.217992
8.8908515, 9.0464395, 9.239749, 9.4891103, 9.6993366, 13.731724829999996, 32.855096
8.86510375, 9.0092845, 9.179747, 9.4622593, 9.985900799999998, 11.809925, 24.923449
8.8611465, 9.008898, 9.183636, 9.4425307, 9.904823499999997, 12.257758649999987, 35.734803
8.868221, 9.002639, 9.1772025, 9.4654913, 9.953264549999998, 11.993687219999996, 37.448702
8.869136, 9.0091115, 9.189754, 9.4463238, 9.930184799999996, 11.896706339999996, 24.923449
8.868511999999999, 9.0105655, 9.178128, 9.4518217, 9.9812166, 11.79564970999999, 37.448702
8.863422, 9.004060500000001, 9.1902, 9.4589483, 9.9812166, 12.073487519999976, 35.734803
8.87141575, 9.0072185, 9.179747, 9.462921, 10.005764699999997, 11.839501489999996, 35.330604
8.86736525, 9.0016295, 9.16699, 9.466644299999999, 10.029901299999999, 12.315919889999996, 33.51644
8.86835525, 9.007661, 9.176531, 9.415617600000001, 9.819212, 11.809981729999999, 37.448702
8.8639315, 8.99444, 9.165757, 9.451941900000001, 9.900354699999996, 12.003762299999984, 35.487972
8.859588, 9.0015745, 9.1731935, 9.413109, 9.91609095, 11.91362787999999, 35.734803
8.868218, 9.013118500000001, 9.192221, 9.4486541, 9.952138799999998, 11.961399699999992, 35.330604
8.872302, 8.999757, 9.171184499999999, 9.4459915, 9.9044194, 11.970524529999995, 37.448702
8.870047499999998, 9.0045175, 9.18357, 9.4402619, 9.899901449999998, 12.224163349999978, 35.487972
8.869183, 9.001630500000001, 9.1887285, 9.4869028, 10.0137305, 12.224163349999978, 37.448702
8.864464250000001, 9.0025965, 9.1835115, 9.462205, 10.06491315, 12.07458155999995, 35.330604
8.86204775, 8.990419, 9.166897, 9.4309744, 9.956971899999996, 11.932830299999992, 35.487972
8.873519250000001, 9.001538, 9.17013025, 9.430714, 9.860996349999997, 11.816407419999981, 35.330604
8.86410425, 8.996781, 9.16721, 9.4309744, 9.905263, 11.762476789999981, 24.923449
8.85317875, 9.001022, 9.171059999999999, 9.4203508, 9.891942499999999, 11.875228479999995, 37.448702
8.873039250000001, 9.0050955, 9.17375, 9.476728, 9.97260825, 11.896606799999999, 33.51644
8.861822499999999, 8.999347, 9.170497, 9.439427, 9.9081447, 11.757293969999992, 35.734803
8.868644, 9.007274500000001, 9.169455, 9.423764, 9.77824295, 11.932675, 35.487972
8.87184125, 9.004509500000001, 9.176846000000001, 9.428507, 9.848024799999997, 11.761882799999995, 35.330604
8.862582, 8.997372, 9.178973, 9.4453143, 9.941323399999996, 11.897930429999999, 16.112752
8.8670945, 9.000371, 9.17510425, 9.4535021, 9.95293145, 12.170292939999987, 35.330604
8.86332225, 8.999788500000001, 9.16413, 9.417042, 9.870277, 12.315896989999997, 37.448702
8.854058250000001, 8.9980065, 9.16421325, 9.438644, 9.899901449999998, 11.932675, 37.448702
8.863600250000001, 9.0020995, 9.1810545, 9.4285632, 9.9108522, 11.92307051999998, 35.487972
8.868644, 8.998715, 9.172676, 9.4457945, 9.881233, 11.615643, 33.51644
8.86869325, 9.005781500000001, 9.1797975, 9.457346, 9.920568, 11.780336179999992, 35.734803
8.86938, 9.0030655, 9.173788250000001, 9.4659455, 9.97260825, 12.00353794999999, 35.487972
8.86123825, 8.9978625, 9.1812945, 9.516186, 10.068179899999999, 12.003135779999997, 35.487972
8.86686325, 9.005355, 9.190628, 9.454415, 9.918765849999998, 11.725889349999992, 16.928153
8.86111325, 9.00461, 9.184591750000001, 9.4994148, 10.068609699999996, 11.994089389999987, 35.487972
8.86566, 9.007579, 9.174062249999999, 9.4425678, 9.9499455, 11.932734399999998, 37.448702
8.869183, 9.005659, 9.17267875, 9.4534679, 9.913684599999998, 12.008393519999984, 35.487972
8.8654565, 9.000985, 9.179422500000001, 9.4574223, 10.005557699999997, 12.048208349999994, 37.448702
8.8671345, 8.998476, 9.16847925, 9.449816, 9.950382249999997, 12.222369769999998, 35.734803
8.866465250000001, 9.007238000000001, 9.18824875, 9.482493, 9.971022949999998, 11.898029969999996, 37.448702
8.85888225, 8.997617, 9.18325025, 9.4632125, 9.892352749999995, 11.938931769999993, 35.734803
8.862027750000001, 9.0015815, 9.183255, 9.453209, 9.884818549999999, 11.99433469999998, 37.448702
8.874131, 9.001824, 9.18290125, 9.4675516, 10.078466, 11.913367709999996, 29.227148
8.865122, 9.00372, 9.19545625, 9.488912000000001, 10.097408199999999, 12.32863566999999, 37.448702
8.868397250000001, 9.004118, 9.183044, 9.4408776, 9.819506, 11.958911829999993, 35.734803
8.87426625, 9.011149, 9.180891, 9.4425307, 9.974629999999996, 11.795208, 35.734803
8.8694985, 9.0066895, 9.171144, 9.4241373, 9.851812799999996, 12.171351049999963, 37.448702
8.868566, 9.010716, 9.17617625, 9.4570382, 9.970191849999996, 12.054610679999996, 35.487972
8.86393575, 9.001585500000001, 9.1813675, 9.419954, 9.851297399999998, 11.894667389999999, 35.487972
8.864334750000001, 9.001231, 9.176247, 9.4467835, 9.94988625, 11.89461396, 29.227148
8.864104, 8.993247, 9.1755775, 9.4459915, 9.973819449999993, 12.257208, 37.448702
8.86390175, 9.0015745, 9.1838085, 9.472148, 9.92058795, 11.851628, 35.330604
8.86591825, 8.992673, 9.176459, 9.481237199999999, 10.0333125, 12.315896989999997, 37.448702
8.86309875, 9.000288, 9.173272749999999, 9.444880399999999, 10.0134674, 12.054610679999996, 37.448702
8.872062750000001, 9.0045635, 9.174917749999999, 9.4568195, 10.013454, 11.938814469999995, 35.734803
8.864466499999999, 8.999652000000001, 9.188013, 9.4591562, 9.95983, 11.839931019999986, 16.295498
8.868838, 9.003879, 9.185647, 9.4307232, 9.95179325, 12.00353794999999, 24.923449
8.8623145, 8.998429999999999, 9.1721515, 9.4390328, 9.985917299999997, 12.055604159999973, 37.448702
8.86657175, 9.003247, 9.1707415, 9.4219694, 9.870722199999998, 11.762035079999992, 35.487972
8.86327925, 9.004546000000001, 9.194878249999999, 9.493952, 10.13942079999999, 12.340344309999999, 35.487972
8.863435, 9.0021175, 9.175699, 9.4655507, 10.069163799999998, 12.003783259999983, 37.448702
8.86318125, 8.998246, 9.188200499999999, 9.455824, 9.905671849999997, 11.874676349999994, 37.448702
8.8671345, 9.0032625, 9.183338, 9.4737549, 10.097408199999999, 12.003762299999984, 37.448702
8.8599565, 9.003658999999999, 9.186903, 9.4461836, 9.930401999999997, 11.795578049999992, 35.330604
8.876319, 9.015245, 9.19358, 9.445246399999998, 9.933371699999997, 12.071938419999963, 35.734803
8.85175325, 8.9982385, 9.180702, 9.460784, 10.005764699999997, 11.83973553999999, 37.448702
8.867824, 9.002692, 9.18446625, 9.4655565, 10.068433049999998, 12.312273, 35.487972
8.86896075, 9.0092365, 9.188723, 9.445925, 9.881394599999998, 11.970524529999995, 37.448702
8.87396475, 9.0078685, 9.18181425, 9.449547, 9.997939, 12.071412479999976, 35.487972
8.88173825, 9.0283805, 9.22328075, 9.4977918, 9.713937349999998, 15.874409599999998, 19.656824
8.88320325, 9.043135, 9.237563000000002, 9.5023808, 9.787652, 16.47595931, 52.853195
8.880616250000001, 9.045821, 9.22380375, 9.523205500000001, 9.744832599999999, 13.619718009999998, 19.892145
8.886620749999999, 9.0367, 9.232870499999999, 9.5056672, 9.7607981, 15.724868639999997, 23.303856
8.873812000000001, 9.041142, 9.240236249999999, 9.5174039, 9.823375, 17.202648649999997, 24.370709
8.88519975, 9.036725, 9.245674000000001, 9.526300200000001, 9.866071, 16.36279307, 36.893046
8.8877945, 9.0436075, 9.22251425, 9.464821299999999, 9.678131, 11.199935829999998, 23.303856
8.88817, 9.046773, 9.235721250000001, 9.5063413, 9.7191083, 14.783211649999997, 22.552578
8.88588575, 9.049011499999999, 9.24573175, 9.5074691, 9.77228725, 14.105136, 20.217992
8.877118500000002, 9.037168000000001, 9.22882875, 9.4823865, 9.68701, 14.004976779999996, 19.656824
8.88608075, 9.038578999999999, 9.24045725, 9.552520300000001, 9.74440445, 16.09869635, 24.370709
8.888579499999999, 9.049379, 9.237561, 9.5300094, 9.745504449999999, 13.918020919999998, 52.853195
8.886164749999999, 9.0327385, 9.21974275, 9.4694049, 9.6870228, 14.67048174, 32.855096
8.8683205, 9.027831500000001, 9.2239185, 9.483975, 9.8188359, 16.06072282, 21.371576
8.87291525, 9.037689, 9.24210275, 9.5170717, 9.82321365, 16.181786419999998, 32.855096
8.89348775, 9.03997, 9.2290285, 9.5183881, 9.761436549999999, 13.915245, 19.645042
8.875392, 9.034678, 9.235739, 9.511634800000001, 9.73476515, 11.141352869999993, 23.303856
8.878596250000001, 9.0337635, 9.218079000000001, 9.5054959, 9.7104298, 13.258511, 32.855096
8.8752525, 9.032833, 9.23880325, 9.510189700000002, 9.73821425, 11.812857, 20.217992
8.8859975, 9.0484195, 9.25688875, 9.5271103, 9.73061035, 14.679272429999992, 24.370709
8.8881895, 9.043061, 9.24981725, 9.520845699999999, 9.877038699999998, 16.099406520000002, 36.893046
8.87469625, 9.0299175, 9.2267825, 9.492376499999999, 9.761134, 13.56475504999999, 52.853195
8.87673375, 9.042033, 9.250435750000001, 9.518245, 9.7345687, 11.197405, 22.552578
8.888271, 9.041885, 9.248423, 9.5165636, 9.79201135, 16.750252169999996, 52.853195
8.894915, 9.050517, 9.243254499999999, 9.526314600000001, 9.834815899999999, 14.739876269999993, 36.893046
8.87532875, 9.037955499999999, 9.242239249999999, 9.525504, 9.81769355, 16.1799103, 36.893046
8.880658, 9.039736, 9.242308, 9.4969419, 9.71648685, 13.920256239999995, 19.892145
8.89070525, 9.051925, 9.254583, 9.5362907, 9.7768505, 16.184820579999997, 52.853195
8.88861775, 9.039027, 9.24294375, 9.546036, 9.813741, 16.25468784, 19.502914
8.8843185, 9.0505225, 9.24746, 9.537908, 9.76793, 16.1799103, 52.853195
8.883139499999999, 9.040842999999999, 9.222269, 9.478244, 9.672654999999999, 16.18035541, 19.892145
8.88221575, 9.033776, 9.232348250000001, 9.529218, 9.839267600000001, 16.10960347, 19.892145
8.888463999999999, 9.049615, 9.244131, 9.525053999999999, 9.8021306, 15.723825249999997, 24.370709
8.89617175, 9.0472065, 9.23767725, 9.502057, 9.792323999999999, 15.571933089999998, 23.303856
8.8722765, 9.0280935, 9.231022, 9.5006819, 9.712741, 14.670883159999999, 19.502914
8.876841, 9.0441815, 9.2490475, 9.503848300000001, 9.73350025, 11.47216172999998, 19.502914
8.88226075, 9.040077, 9.25375725, 9.5354202, 9.8170377, 14.41651684, 52.853195
8.8772085, 9.0242405, 9.22212575, 9.4902103, 9.70496335, 17.20281308, 52.853195
8.8884085, 9.051784999999999, 9.2449905, 9.5336258, 9.80764275, 13.559755889999995, 23.303856
8.900519000000001, 9.03389, 9.235747, 9.50226, 9.7992855, 13.260779679999999, 52.853195
8.88279025, 9.033114999999999, 9.232843500000001, 9.5192975, 9.720582799999999, 16.794488989999998, 52.853195
8.896731249999998, 9.0542745, 9.248951250000001, 9.5208795, 9.7683261, 11.257720649999998, 32.855096
8.876088, 9.044643, 9.25666, 9.490073, 9.69986575, 14.783211649999997, 24.370709
8.8858175, 9.0424735, 9.237025, 9.5187629, 9.692289449999999, 14.418255829999998, 23.303856
0, 0, 0, 0, 0, 0, 0
0, 0, 0, 0, 0, 0, 0
0, 0, 0, 0, 0, 0, 0
0, 0, 0, 0, 0, 0, 0
0, 0, 0, 0, 0, 0, 0
0, 0, 0, 0, 0, 0, 0
0, 0, 0, 0, 0, 0, 0
0, 0, 0, 0, 0, 0, 0
0, 0, 0, 0, 0, 0, 0
0, 0, 0, 0, 0, 0, 0
0, 0, 0, 0, 0, 0, 0
0, 0, 0, 0, 0, 0, 0
0, 0, 0, 0, 0, 0, 0
0, 0, 0, 0, 0, 0, 0
0, 0, 0, 0, 0, 0, 0
0, 0, 0, 0, 0, 0, 0
0, 0, 0, 0, 0, 0, 0
0, 0, 0, 0, 0, 0, 0
0, 0, 0, 0, 0, 0, 0
0, 0, 0, 0, 0, 0, 0
0, 0, 0, 0, 0, 0, 0
0, 0, 0, 0, 0, 0, 0
0, 0, 0, 0, 0, 0, 0
0, 0, 0, 0, 0, 0, 0
0, 0, 0, 0, 0, 0, 0
0, 0, 0, 0, 0, 0, 0
0, 0, 0, 0, 0, 0, 0
0, 0, 0, 0, 0, 0, 0
0, 0, 0, 0, 0, 0, 0
0, 0, 0, 0, 0, 0, 0
0, 0, 0, 0, 0, 0, 0
0, 0, 0, 0, 0, 0, 0
0, 0, 0, 0, 0, 0, 0
0, 0, 0, 0, 0, 0, 0
0, 0, 0, 0, 0, 0, 0
0, 0, 0, 0, 0, 0, 0
0, 0, 0, 0, 0, 0, 0
0, 0, 0, 0, 0, 0, 0
0, 0, 0, 0, 0, 0, 0
0, 0, 0, 0, 0, 0, 0
0, 0, 0, 0, 0, 0, 0
0, 0, 0, 0, 0, 0, 0
0, 0, 0, 0, 0, 0, 0
0, 0, 0, 0, 0, 0, 0
0, 0, 0, 0, 0, 0, 0
0, 0, 0, 0, 0, 0, 0
0, 0, 0, 0, 0, 0, 0
0, 0, 0, 0, 0, 0, 0
0, 0, 0, 0, 0, 0, 0
0, 0, 0, 0, 0, 0, 0
0, 0, 0, 0, 0, 0, 0
0, 0, 0, 0, 0, 0, 0
0, 0, 0, 0, 0, 0, 0
0, 0, 0, 0, 0, 0, 0
0, 0, 0, 0, 0, 0, 0
0, 0, 0, 0, 0, 0, 0
0, 0, 0, 0, 0, 0, 0
0, 0, 0, 0, 0, 0, 0
0, 0, 0, 0, 0, 0, 0
0, 0, 0, 0, 0, 0, 0
0, 0, 0, 0, 0, 0, 0
0, 0, 0, 0, 0, 0, 0
0, 0, 0, 0, 0, 0, 0
0, 0, 0, 0, 0, 0, 0
0, 0, 0, 0, 0, 0, 0
0, 0, 0, 0, 0, 0, 0
0, 0, 0, 0, 0, 0, 0
0, 0, 0, 0, 0, 0, 0
0, 0, 0, 0, 0, 0, 0
0, 0, 0, 0, 0, 0, 0
0, 0, 0, 0, 0, 0, 0
0, 0, 0, 0, 0, 0, 0
0, 0, 0, 0, 0, 0, 0
0, 0, 0, 0, 0, 0, 0
0, 0, 0, 0, 0, 0, 0
0, 0, 0, 0, 0, 0, 0
0, 0, 0, 0, 0, 0, 0
0, 0, 0, 0, 0, 0, 0
0, 0, 0, 0, 0, 0, 0
0, 0, 0, 0, 0, 0, 0
0, 0, 0, 0, 0, 0, 0
0, 0, 0, 0, 0, 0, 0
0, 0, 0, 0, 0, 0, 0
0, 0, 0, 0, 0, 0, 0
0, 0, 0, 0, 0, 0, 0
0, 0, 0, 0, 0, 0, 0
0, 0, 0, 0, 0, 0, 0
0, 0, 0, 0, 0, 0, 0
0, 0, 0, 0, 0, 0, 0
0, 0, 0, 0, 0, 0, 0
0, 0, 0, 0, 0, 0, 0
0, 0, 0, 0, 0, 0, 0
0, 0, 0, 0, 0, 0, 0
0, 0, 0, 0, 0, 0, 0
0, 0, 0, 0, 0, 0, 0
0, 0, 0, 0, 0, 0, 0
0, 0, 0, 0, 0, 0, 0
0, 0, 0, 0, 0, 0, 0
0, 0, 0, 0, 0, 0, 0
0, 0, 0, 0, 0, 0, 0
0, 0, 0, 0, 0, 0, 0
0, 0, 0, 0, 0, 0, 0
0, 0, 0, 0, 0, 0, 0
0, 0, 0, 0, 0, 0, 0
0, 0, 0, 0, 0, 0, 0
0, 0, 0, 0, 0, 0, 0
0, 0, 0, 0, 0, 0, 0
0, 0, 0, 0, 0, 0, 0
0, 0, 0, 0, 0, 0, 0
0, 0, 0, 0, 0, 0, 0
0, 0, 0, 0, 0, 0, 0
0, 0, 0, 0, 0, 0, 0
0, 0, 0, 0, 0, 0, 0
0, 0, 0, 0, 0, 0, 0
8.8861435, 9.02802, 9.2271055, 9.523358, 9.74162595, 13.922143069999994, 52.853195
8.899882250000001, 9.055122, 9.25534925, 9.549332300000001, 9.782297250000001, 16.36254276, 32.855096
8.88763525, 9.0435695, 9.24583875, 9.530571, 9.80217225, 17.075164, 23.303856
8.882719, 9.031177, 9.221174999999999, 9.4840146, 9.6932186, 11.104037029999994, 20.217992
8.89096275, 9.044427, 9.2298555, 9.484838900000002, 9.739920549999999, 14.39224006, 20.217992
8.88310375, 9.03386, 9.2255815, 9.5025828, 9.76741315, 12.00640526999999, 52.853195
8.8742125, 9.0393375, 9.220900499999999, 9.496700200000001, 9.770932749999998, 14.433754919999998, 52.853195
8.897782, 9.0403025, 9.236961749999999, 9.4776763, 9.6882329, 14.005221999999996, 23.303856
8.881794, 9.038685000000001, 9.23191525, 9.50367, 9.6867618, 13.235582829999997, 32.855096
8.877039750000002, 9.031634, 9.22464925, 9.4915547, 9.742632949999999, 14.676200569999994, 24.370709
8.87685075, 9.027488, 9.22981525, 9.5122275, 9.671681549999999, 10.90964172, 17.201122
8.85679725, 8.9862465, 9.164432999999999, 9.428314, 9.9924313, 12.008233839999988, 35.487972
8.873648750000001, 9.013855, 9.190628, 9.4622847, 9.953742149999995, 11.832839339999985, 37.448702
8.858249, 9.000633, 9.1740425, 9.437926599999999, 9.927703799999996, 12.169767, 29.227148
8.87204625, 9.009424, 9.189092, 9.4622059, 10.0134674, 11.922318299999997, 35.330604
8.86676725, 9.00634, 9.18330875, 9.4472385, 9.9727296, 12.330639479999997, 37.448702
8.868221, 8.998869, 9.17506075, 9.4696223, 9.92712555, 11.875248069999994, 35.734803
8.8682765, 9.003758999999999, 9.2006685, 9.4852188, 10.057708349999999, 12.224163349999978, 33.51644
8.865184249999999, 9.0083815, 9.17632725, 9.4381976, 9.918332, 11.922319599999996, 37.448702
8.865594, 9.003299, 9.1915475, 9.483078899999999, 9.997939, 12.22412834999998, 37.448702
8.868863750000001, 9.003607, 9.187261, 9.4622059, 10.096445949999996, 12.074361929999956, 29.227148
8.861673, 9.0047975, 9.178287749999999, 9.4380572, 9.829841499999995, 11.705545869999998, 35.330604
8.864473, 9.0027715, 9.192187, 9.450355, 10.030465, 11.958562, 35.734803
8.869171, 9.004908, 9.18295125, 9.4345512, 9.870986399999996, 12.312454889999994, 35.487972
8.86257675, 8.998858, 9.175945, 9.4355526, 9.851806999999996, 11.839379, 35.487972
8.869183, 9.00752, 9.18523775, 9.469301499999998, 9.973902349999992, 11.922378999999996, 37.448702
8.876439999999999, 9.017329, 9.1944415, 9.472148, 10.08763565, 12.074013459999964, 33.51644
8.862698, 8.996927, 9.165885750000001, 9.4221015, 9.762375049999998, 11.816573759999976, 37.448702
8.86572825, 9.004223, 9.18185325, 9.4655506, 10.013454, 12.312307999999998, 35.487972
8.8736255, 9.002317, 9.1737425, 9.451941900000001, 9.973715, 12.330462, 37.448702
8.869183, 9.003757499999999, 9.177349, 9.459373600000001, 9.992884999999998, 11.958562, 37.448702
8.868058750000001, 9.009820999999999, 9.1879765, 9.485457899999998, 10.178274549999998, 11.999890119999987, 37.448702
8.86375175, 9.0021235, 9.17653875, 9.4231981, 9.960104049999998, 11.780279449999993, 35.487972
8.868995, 9.00683, 9.179709, 9.4465095, 9.872491749999998, 12.048208349999994, 16.295498
8.86040225, 9.001585500000001, 9.17608375, 9.4430626, 9.927009, 11.874676349999994, 35.330604
8.85868025, 8.991113, 9.163599, 9.4347251, 9.918332, 11.96149513999999, 35.487972
8.89844625, 9.0453625, 9.249439, 9.5077467, 9.729983050000001, 15.574478729999996, 52.853195
8.8928075, 9.0524445, 9.2404215, 9.5390591, 9.734066949999999, 10.958283759999995, 32.855096
8.877465749999999, 9.033576, 9.227471999999999, 9.4791519, 9.7080628, 13.262104499999998, 19.892145
8.8786335, 9.049602, 9.250812, 9.5331793, 9.771888350000001, 13.16276205, 19.645042
8.88862575, 9.0460055, 9.232705000000001, 9.5320857, 9.784372, 16.030358099999997, 21.371576
8.88269425, 9.045492, 9.23706925, 9.511583, 9.717681, 14.439473749999992, 23.303856
8.884808249999999, 9.044042000000001, 9.24785125, 9.5094121, 9.7668639, 14.105136, 21.371576
8.88580475, 9.039545, 9.247427, 9.4840033, 9.689600149999999, 16.365892079999995, 52.853195
8.87649125, 9.041447999999999, 9.24161075, 9.5012025, 9.7345687, 16.215679, 36.893046
8.88810475, 9.03884, 9.22678, 9.4993193, 9.800049, 16.65972384, 52.853195
8.88706025, 9.033901, 9.2263025, 9.5401589, 9.79312115, 16.032453369999995, 24.370709
8.89216175, 9.0562925, 9.25518, 9.492334999999999, 9.68673995, 13.258511, 52.853195
8.88825375, 9.0440595, 9.241092, 9.5133311, 9.7401951, 14.453206909999997, 36.893046
8.883445, 9.041518, 9.236211999999998, 9.5184236, 9.740966649999999, 14.192837, 23.303856
8.89770625, 9.040543, 9.241092, 9.498684299999999, 9.753508199999999, 14.010047619999991, 19.892145
0, 0, 0, 0, 0, 0, 0
0, 0, 0, 0, 0, 0, 0
0, 0, 0, 0, 0, 0, 0
0, 0, 0, 0, 0, 0, 0
0, 0, 0, 0, 0, 0, 0
0, 0, 0, 0, 0, 0, 0
0, 0, 0, 0, 0, 0, 0
0, 0, 0, 0, 0, 0, 0
0, 0, 0, 0, 0, 0, 0
0, 0, 0, 0, 0, 0, 0
0, 0, 0, 0, 0, 0, 0
0, 0, 0, 0, 0, 0, 0
0, 0, 0, 0, 0, 0, 0
0, 0, 0, 0, 0, 0, 0
0, 0, 0, 0, 0, 0, 0
0, 0, 0, 0, 0, 0, 0
0, 0, 0, 0, 0, 0, 0
0, 0, 0, 0, 0, 0, 0
0, 0, 0, 0, 0, 0, 0
0, 0, 0, 0, 0, 0, 0
0, 0, 0, 0, 0, 0, 0
0, 0, 0, 0, 0, 0, 0
0, 0, 0, 0, 0, 0, 0
0, 0, 0, 0, 0, 0, 0
0, 0, 0, 0, 0, 0, 0
0, 0, 0, 0, 0, 0, 0
0, 0, 0, 0, 0, 0, 0
0, 0, 0, 0, 0, 0, 0
0, 0, 0, 0, 0, 0, 0
0, 0, 0, 0, 0, 0, 0
0, 0, 0, 0, 0, 0, 0
0, 0, 0, 0, 0, 0, 0
0, 0, 0, 0, 0, 0, 0
0, 0, 0, 0, 0, 0, 0
0, 0, 0, 0, 0, 0, 0
0, 0, 0, 0, 0, 0, 0
0, 0, 0, 0, 0, 0, 0
0, 0, 0, 0, 0, 0, 0
0, 0, 0, 0, 0, 0, 0
0, 0, 0, 0, 0, 0, 0
0, 0, 0, 0, 0, 0, 0
0, 0, 0, 0, 0, 0, 0
0, 0, 0, 0, 0, 0, 0
0, 0, 0, 0, 0, 0, 0
0, 0, 0, 0, 0, 0, 0
0, 0, 0, 0, 0, 0, 0
0, 0, 0, 0, 0, 0, 0
0, 0, 0, 0, 0, 0, 0
0, 0, 0, 0, 0, 0, 0
0, 0, 0, 0, 0, 0, 0
0, 0, 0, 0, 0, 0, 0
0, 0, 0, 0, 0, 0, 0
0, 0, 0, 0, 0, 0, 0
0, 0, 0, 0, 0, 0, 0
0, 0, 0, 0, 0, 0, 0
0, 0, 0, 0, 0, 0, 0
0, 0, 0, 0, 0, 0, 0
0, 0, 0, 0, 0, 0, 0
0, 0, 0, 0, 0, 0, 0
0, 0, 0, 0, 0, 0, 0
0, 0, 0, 0, 0, 0, 0
0, 0, 0, 0, 0, 0, 0
0, 0, 0, 0, 0, 0, 0
0, 0, 0, 0, 0, 0, 0
0, 0, 0, 0, 0, 0, 0
0, 0, 0, 0, 0, 0, 0
0, 0, 0, 0, 0, 0, 0
0, 0, 0, 0, 0, 0, 0
0, 0, 0, 0, 0, 0, 0
0, 0, 0, 0, 0, 0, 0
0, 0, 0, 0, 0, 0, 0
0, 0, 0, 0, 0, 0, 0
0, 0, 0, 0, 0, 0, 0
0, 0, 0, 0, 0, 0, 0
0, 0, 0, 0, 0, 0, 0
0, 0, 0, 0, 0, 0, 0
0, 0, 0, 0, 0, 0, 0
0, 0, 0, 0, 0, 0, 0
0, 0, 0, 0, 0, 0, 0
0, 0, 0, 0, 0, 0, 0
0, 0, 0, 0, 0, 0, 0
0, 0, 0, 0, 0, 0, 0
0, 0, 0, 0, 0, 0, 0
0, 0, 0, 0, 0, 0, 0
0, 0, 0, 0, 0, 0, 0
0, 0, 0, 0, 0, 0, 0
0, 0, 0, 0, 0, 0, 0
0, 0, 0, 0, 0, 0, 0
0, 0, 0, 0, 0, 0, 0
0, 0, 0, 0, 0, 0, 0
0, 0, 0, 0, 0, 0, 0
0, 0, 0, 0, 0, 0, 0
0, 0, 0, 0, 0, 0, 0
0, 0, 0, 0, 0, 0, 0
0, 0, 0, 0, 0, 0, 0
0, 0, 0, 0, 0, 0, 0
0, 0, 0, 0, 0, 0, 0
0, 0, 0, 0, 0, 0, 0
0, 0, 0, 0, 0, 0, 0
0, 0, 0, 0, 0, 0, 0
0, 0, 0, 0, 0, 0, 0
0, 0, 0, 0, 0, 0, 0
0, 0, 0, 0, 0, 0, 0
0, 0, 0, 0, 0, 0, 0
0, 0, 0, 0, 0, 0, 0
0, 0, 0, 0, 0, 0, 0
0, 0, 0, 0, 0, 0, 0
0, 0, 0, 0, 0, 0, 0
0, 0, 0, 0, 0, 0, 0
0, 0, 0, 0, 0, 0, 0
0, 0, 0, 0, 0, 0, 0
0, 0, 0, 0, 0, 0, 0
0, 0, 0, 0, 0, 0, 0
0, 0, 0, 0, 0, 0, 0
0, 0, 0, 0, 0, 0, 0
0, 0, 0, 0, 0, 0, 0
0, 0, 0, 0, 0, 0, 0
0, 0, 0, 0, 0, 0, 0
0, 0, 0, 0, 0, 0, 0
0, 0, 0, 0, 0, 0, 0
0, 0, 0, 0, 0, 0, 0
0, 0, 0, 0, 0, 0, 0
0, 0, 0, 0, 0, 0, 0
0, 0, 0, 0, 0, 0, 0
0, 0, 0, 0, 0, 0, 0
0, 0, 0, 0, 0, 0, 0
0, 0, 0, 0, 0, 0, 0
0, 0, 0, 0, 0, 0, 0
0, 0, 0, 0, 0, 0, 0
0, 0, 0, 0, 0, 0, 0
0, 0, 0, 0, 0, 0, 0
0, 0, 0, 0, 0, 0, 0
0, 0, 0, 0, 0, 0, 0
0, 0, 0, 0, 0, 0, 0
0, 0, 0, 0, 0, 0, 0
0, 0, 0, 0, 0, 0, 0
0, 0, 0, 0, 0, 0, 0
0, 0, 0, 0, 0, 0, 0
0, 0, 0, 0, 0, 0, 0
0, 0, 0, 0, 0, 0, 0
0, 0, 0, 0, 0, 0, 0
0, 0, 0, 0, 0, 0, 0
0, 0, 0, 0, 0, 0, 0
0, 0, 0, 0, 0, 0, 0
0, 0, 0, 0, 0, 0, 0
0, 0, 0, 0, 0, 0, 0
0, 0, 0, 0, 0, 0, 0
0, 0, 0, 0, 0, 0, 0
0, 0, 0, 0, 0, 0, 0
0, 0, 0, 0, 0, 0, 0
0, 0, 0, 0, 0, 0, 0
0, 0, 0, 0, 0, 0, 0
0, 0, 0, 0, 0, 0, 0
0, 0, 0, 0, 0, 0, 0
0, 0, 0, 0, 0, 0, 0
0, 0, 0, 0, 0, 0, 0
0, 0, 0, 0, 0, 0, 0
0, 0, 0, 0, 0, 0, 0
0, 0, 0, 0, 0, 0, 0
0, 0, 0, 0, 0, 0, 0
0, 0, 0, 0, 0, 0, 0
0, 0, 0, 0, 0, 0, 0
0, 0, 0, 0, 0, 0, 0
0, 0, 0, 0, 0, 0, 0
0, 0, 0, 0, 0, 0, 0
0, 0, 0, 0, 0, 0, 0
0, 0, 0, 0, 0, 0, 0
0, 0, 0, 0, 0, 0, 0
0, 0, 0, 0, 0, 0, 0
0, 0, 0, 0, 0, 0, 0
0, 0, 0, 0, 0, 0, 0
0, 0, 0, 0, 0, 0, 0
0, 0, 0, 0, 0, 0, 0
0, 0, 0, 0, 0, 0, 0
0, 0, 0, 0, 0, 0, 0
0, 0, 0, 0, 0, 0, 0
0, 0, 0, 0, 0, 0, 0
0, 0, 0, 0, 0, 0, 0
0, 0, 0, 0, 0, 0, 0
0, 0, 0, 0, 0, 0, 0
0, 0, 0, 0, 0, 0, 0
0, 0, 0, 0, 0, 0, 0
0, 0, 0, 0, 0, 0, 0
0, 0, 0, 0, 0, 0, 0
0, 0, 0, 0, 0, 0, 0
0, 0, 0, 0, 0, 0, 0
0, 0, 0, 0, 0, 0, 0
0, 0, 0, 0, 0, 0, 0
0, 0, 0, 0, 0, 0, 0
0, 0, 0, 0, 0, 0, 0
0, 0, 0, 0, 0, 0, 0
0, 0, 0, 0, 0, 0, 0
0, 0, 0, 0, 0, 0, 0
0, 0, 0, 0, 0, 0, 0
0, 0, 0, 0, 0, 0, 0
0, 0, 0, 0, 0, 0, 0
0, 0, 0, 0, 0, 0, 0
0, 0, 0, 0, 0, 0, 0
0, 0, 0, 0, 0, 0, 0
0, 0, 0, 0, 0, 0, 0
0, 0, 0, 0, 0, 0, 0
0, 0, 0, 0, 0, 0, 0
0, 0, 0, 0, 0, 0, 0
0, 0, 0, 0, 0, 0, 0
0, 0, 0, 0, 0, 0, 0
0, 0, 0, 0, 0, 0, 0
0, 0, 0, 0, 0, 0, 0
0, 0, 0, 0, 0, 0, 0
0, 0, 0, 0, 0, 0, 0
0, 0, 0, 0, 0, 0, 0
0, 0, 0, 0, 0, 0, 0
0, 0, 0, 0, 0, 0, 0
0, 0, 0, 0, 0, 0, 0
0, 0, 0, 0, 0, 0, 0
0, 0, 0, 0, 0, 0, 0
0, 0, 0, 0, 0, 0, 0
0, 0, 0, 0, 0, 0, 0
0, 0, 0, 0, 0, 0, 0
0, 0, 0, 0, 0, 0, 0
0, 0, 0, 0, 0, 0, 0
0, 0, 0, 0, 0, 0, 0
0, 0, 0, 0, 0, 0, 0
0, 0, 0, 0, 0, 0, 0
0, 0, 0, 0, 0, 0, 0
0, 0, 0, 0, 0, 0, 0
0, 0, 0, 0, 0, 0, 0
0, 0, 0, 0, 0, 0, 0
0, 0, 0, 0, 0, 0, 0
0, 0, 0, 0, 0, 0, 0
0, 0, 0, 0, 0, 0, 0
0, 0, 0, 0, 0, 0, 0
0, 0, 0, 0, 0, 0, 0
0, 0, 0, 0, 0, 0, 0
0, 0, 0, 0, 0, 0, 0
0, 0, 0, 0, 0, 0, 0
0, 0, 0, 0, 0, 0, 0
0, 0, 0, 0, 0, 0, 0
0, 0, 0, 0, 0, 0, 0
0, 0, 0, 0, 0, 0, 0
0, 0, 0, 0, 0, 0, 0
0, 0, 0, 0, 0, 0, 0
0, 0, 0, 0, 0, 0, 0
0, 0, 0, 0, 0, 0, 0
0, 0, 0, 0, 0, 0, 0
0, 0, 0, 0, 0, 0, 0
0, 0, 0, 0, 0, 0, 0
0, 0, 0, 0, 0, 0, 0
0, 0, 0, 0, 0, 0, 0
0, 0, 0, 0, 0, 0, 0
0, 0, 0, 0, 0, 0, 0
0, 0, 0, 0, 0, 0, 0
0, 0, 0, 0, 0, 0, 0
0, 0, 0, 0, 0, 0, 0
0, 0, 0, 0, 0, 0, 0
0, 0, 0, 0, 0, 0, 0
