25th, 50th, 75th, 90th, 95th, 99th, max
0, 0, 0, 0, 0, 0, 0
0, 0, 0, 0, 0, 0, 0
0, 0, 0, 0, 0, 0, 0
0, 0, 0, 0, 0, 0, 0
0, 0, 0, 0, 0, 0, 0
0, 0, 0, 0, 0, 0, 0
0, 0, 0, 0, 0, 0, 0
0, 0, 0, 0, 0, 0, 0
0, 0, 0, 0, 0, 0, 0
0, 0, 0, 0, 0, 0, 0
0, 0, 0, 0, 0, 0, 0
0, 0, 0, 0, 0, 0, 0
0, 0, 0, 0, 0, 0, 0
0, 0, 0, 0, 0, 0, 0
0, 0, 0, 0, 0, 0, 0
0, 0, 0, 0, 0, 0, 0
0, 0, 0, 0, 0, 0, 0
0, 0, 0, 0, 0, 0, 0
0, 0, 0, 0, 0, 0, 0
0, 0, 0, 0, 0, 0, 0
0, 0, 0, 0, 0, 0, 0
0, 0, 0, 0, 0, 0, 0
0, 0, 0, 0, 0, 0, 0
0, 0, 0, 0, 0, 0, 0
0, 0, 0, 0, 0, 0, 0
0, 0, 0, 0, 0, 0, 0
0, 0, 0, 0, 0, 0, 0
0, 0, 0, 0, 0, 0, 0
0, 0, 0, 0, 0, 0, 0
0, 0, 0, 0, 0, 0, 0
0, 0, 0, 0, 0, 0, 0
0, 0, 0, 0, 0, 0, 0
0, 0, 0, 0, 0, 0, 0
0, 0, 0, 0, 0, 0, 0
0, 0, 0, 0, 0, 0, 0
0, 0, 0, 0, 0, 0, 0
0, 0, 0, 0, 0, 0, 0
0, 0, 0, 0, 0, 0, 0
0, 0, 0, 0, 0, 0, 0
0, 0, 0, 0, 0, 0, 0
0, 0, 0, 0, 0, 0, 0
0, 0, 0, 0, 0, 0, 0
0, 0, 0, 0, 0, 0, 0
0, 0, 0, 0, 0, 0, 0
0, 0, 0, 0, 0, 0, 0
0, 0, 0, 0, 0, 0, 0
0, 0, 0, 0, 0, 0, 0
0, 0, 0, 0, 0, 0, 0
0, 0, 0, 0, 0, 0, 0
0, 0, 0, 0, 0, 0, 0
0, 0, 0, 0, 0, 0, 0
0, 0, 0, 0, 0, 0, 0
0, 0, 0, 0, 0, 0, 0
0, 0, 0, 0, 0, 0, 0
0, 0, 0, 0, 0, 0, 0
0, 0, 0, 0, 0, 0, 0
0, 0, 0, 0, 0, 0, 0
0, 0, 0, 0, 0, 0, 0
0, 0, 0, 0, 0, 0, 0
0, 0, 0, 0, 0, 0, 0
0, 0, 0, 0, 0, 0, 0
0, 0, 0, 0, 0, 0, 0
0, 0, 0, 0, 0, 0, 0
0, 0, 0, 0, 0, 0, 0
0, 0, 0, 0, 0, 0, 0
0, 0, 0, 0, 0, 0, 0
0, 0, 0, 0, 0, 0, 0
0, 0, 0, 0, 0, 0, 0
0, 0, 0, 0, 0, 0, 0
0, 0, 0, 0, 0, 0, 0
0, 0, 0, 0, 0, 0, 0
0, 0, 0, 0, 0, 0, 0
0, 0, 0, 0, 0, 0, 0
0, 0, 0, 0, 0, 0, 0
0, 0, 0, 0, 0, 0, 0
0, 0, 0, 0, 0, 0, 0
0, 0, 0, 0, 0, 0, 0
0, 0, 0, 0, 0, 0, 0
0, 0, 0, 0, 0, 0, 0
0, 0, 0, 0, 0, 0, 0
0, 0, 0, 0, 0, 0, 0
0, 0, 0, 0, 0, 0, 0
0, 0, 0, 0, 0, 0, 0
0, 0, 0, 0, 0, 0, 0
0, 0, 0, 0, 0, 0, 0
0, 0, 0, 0, 0, 0, 0
0, 0, 0, 0, 0, 0, 0
0, 0, 0, 0, 0, 0, 0
0, 0, 0, 0, 0, 0, 0
0, 0, 0, 0, 0, 0, 0
0, 0, 0, 0, 0, 0, 0
0, 0, 0, 0, 0, 0, 0
0, 0, 0, 0, 0, 0, 0
0, 0, 0, 0, 0, 0, 0
0, 0, 0, 0, 0, 0, 0
0, 0, 0, 0, 0, 0, 0
0, 0, 0, 0, 0, 0, 0
0, 0, 0, 0, 0, 0, 0
0, 0, 0, 0, 0, 0, 0
0, 0, 0, 0, 0, 0, 0
0, 0, 0, 0, 0, 0, 0
0, 0, 0, 0, 0, 0, 0
0, 0, 0, 0, 0, 0, 0
0, 0, 0, 0, 0, 0, 0
0, 0, 0, 0, 0, 0, 0
0, 0, 0, 0, 0, 0, 0
0, 0, 0, 0, 0, 0, 0
0, 0, 0, 0, 0, 0, 0
0, 0, 0, 0, 0, 0, 0
0, 0, 0, 0, 0, 0, 0
0, 0, 0, 0, 0, 0, 0
0, 0, 0, 0, 0, 0, 0
0, 0, 0, 0, 0, 0, 0
0, 0, 0, 0, 0, 0, 0
0, 0, 0, 0, 0, 0, 0
0, 0, 0, 0, 0, 0, 0
0, 0, 0, 0, 0, 0, 0
0, 0, 0, 0, 0, 0, 0
0, 0, 0, 0, 0, 0, 0
0, 0, 0, 0, 0, 0, 0
0, 0, 0, 0, 0, 0, 0
0, 0, 0, 0, 0, 0, 0
0, 0, 0, 0, 0, 0, 0
0, 0, 0, 0, 0, 0, 0
0, 0, 0, 0, 0, 0, 0
0, 0, 0, 0, 0, 0, 0
0, 0, 0, 0, 0, 0, 0
0, 0, 0, 0, 0, 0, 0
0, 0, 0, 0, 0, 0, 0
0, 0, 0, 0, 0, 0, 0
0, 0, 0, 0, 0, 0, 0
0, 0, 0, 0, 0, 0, 0
0, 0, 0, 0, 0, 0, 0
0, 0, 0, 0, 0, 0, 0
0, 0, 0, 0, 0, 0, 0
0, 0, 0, 0, 0, 0, 0
0, 0, 0, 0, 0, 0, 0
0, 0, 0, 0, 0, 0, 0
0, 0, 0, 0, 0, 0, 0
0, 0, 0, 0, 0, 0, 0
0, 0, 0, 0, 0, 0, 0
0, 0, 0, 0, 0, 0, 0
0, 0, 0, 0, 0, 0, 0
0, 0, 0, 0, 0, 0, 0
0, 0, 0, 0, 0, 0, 0
0, 0, 0, 0, 0, 0, 0
0, 0, 0, 0, 0, 0, 0
0, 0, 0, 0, 0, 0, 0
0, 0, 0, 0, 0, 0, 0
0, 0, 0, 0, 0, 0, 0
0, 0, 0, 0, 0, 0, 0
0, 0, 0, 0, 0, 0, 0
0, 0, 0, 0, 0, 0, 0
0, 0, 0, 0, 0, 0, 0
0, 0, 0, 0, 0, 0, 0
0, 0, 0, 0, 0, 0, 0
0, 0, 0, 0, 0, 0, 0
0, 0, 0, 0, 0, 0, 0
0, 0, 0, 0, 0, 0, 0
0, 0, 0, 0, 0, 0, 0
0, 0, 0, 0, 0, 0, 0
0, 0, 0, 0, 0, 0, 0
0, 0, 0, 0, 0, 0, 0
0, 0, 0, 0, 0, 0, 0
0, 0, 0, 0, 0, 0, 0
0, 0, 0, 0, 0, 0, 0
0, 0, 0, 0, 0, 0, 0
0, 0, 0, 0, 0, 0, 0
0, 0, 0, 0, 0, 0, 0
0, 0, 0, 0, 0, 0, 0
0, 0, 0, 0, 0, 0, 0
0, 0, 0, 0, 0, 0, 0
0, 0, 0, 0, 0, 0, 0
0, 0, 0, 0, 0, 0, 0
0, 0, 0, 0, 0, 0, 0
0, 0, 0, 0, 0, 0, 0
0, 0, 0, 0, 0, 0, 0
0, 0, 0, 0, 0, 0, 0
0, 0, 0, 0, 0, 0, 0
0, 0, 0, 0, 0, 0, 0
0, 0, 0, 0, 0, 0, 0
0, 0, 0, 0, 0, 0, 0
0, 0, 0, 0, 0, 0, 0
0, 0, 0, 0, 0, 0, 0
0, 0, 0, 0, 0, 0, 0
0, 0, 0, 0, 0, 0, 0
0, 0, 0, 0, 0, 0, 0
0, 0, 0, 0, 0, 0, 0
0, 0, 0, 0, 0, 0, 0
0, 0, 0, 0, 0, 0, 0
0, 0, 0, 0, 0, 0, 0
0, 0, 0, 0, 0, 0, 0
0, 0, 0, 0, 0, 0, 0
0, 0, 0, 0, 0, 0, 0
0, 0, 0, 0, 0, 0, 0
0, 0, 0, 0, 0, 0, 0
0, 0, 0, 0, 0, 0, 0
0, 0, 0, 0, 0, 0, 0
0, 0, 0, 0, 0, 0, 0
0, 0, 0, 0, 0, 0, 0
0, 0, 0, 0, 0, 0, 0
0, 0, 0, 0, 0, 0, 0
0, 0, 0, 0, 0, 0, 0
0, 0, 0, 0, 0, 0, 0
0, 0, 0, 0, 0, 0, 0
0, 0, 0, 0, 0, 0, 0
0, 0, 0, 0, 0, 0, 0
0, 0, 0, 0, 0, 0, 0
0, 0, 0, 0, 0, 0, 0
0, 0, 0, 0, 0, 0, 0
0, 0, 0, 0, 0, 0, 0
0, 0, 0, 0, 0, 0, 0
0, 0, 0, 0, 0, 0, 0
0, 0, 0, 0, 0, 0, 0
0, 0, 0, 0, 0, 0, 0
0, 0, 0, 0, 0, 0, 0
0, 0, 0, 0, 0, 0, 0
0, 0, 0, 0, 0, 0, 0
0, 0, 0, 0, 0, 0, 0
0, 0, 0, 0, 0, 0, 0
0, 0, 0, 0, 0, 0, 0
0, 0, 0, 0, 0, 0, 0
0, 0, 0, 0, 0, 0, 0
0, 0, 0, 0, 0, 0, 0
0, 0, 0, 0, 0, 0, 0
0, 0, 0, 0, 0, 0, 0
0, 0, 0, 0, 0, 0, 0
0, 0, 0, 0, 0, 0, 0
0, 0, 0, 0, 0, 0, 0
0, 0, 0, 0, 0, 0, 0
0, 0, 0, 0, 0, 0, 0
0, 0, 0, 0, 0, 0, 0
0, 0, 0, 0, 0, 0, 0
0, 0, 0, 0, 0, 0, 0
0, 0, 0, 0, 0, 0, 0
0, 0, 0, 0, 0, 0, 0
0, 0, 0, 0, 0, 0, 0
0, 0, 0, 0, 0, 0, 0
0, 0, 0, 0, 0, 0, 0
0, 0, 0, 0, 0, 0, 0
0, 0, 0, 0, 0, 0, 0
0, 0, 0, 0, 0, 0, 0
0, 0, 0, 0, 0, 0, 0
0, 0, 0, 0, 0, 0, 0
0, 0, 0, 0, 0, 0, 0
0, 0, 0, 0, 0, 0, 0
0, 0, 0, 0, 0, 0, 0
0, 0, 0, 0, 0, 0, 0
0, 0, 0, 0, 0, 0, 0
0, 0, 0, 0, 0, 0, 0
0, 0, 0, 0, 0, 0, 0
0, 0, 0, 0, 0, 0, 0
0, 0, 0, 0, 0, 0, 0
0, 0, 0, 0, 0, 0, 0
0, 0, 0, 0, 0, 0, 0
0, 0, 0, 0, 0, 0, 0
0, 0, 0, 0, 0, 0, 0
0, 0, 0, 0, 0, 0, 0
0, 0, 0, 0, 0, 0, 0
0, 0, 0, 0, 0, 0, 0
0, 0, 0, 0, 0, 0, 0
0, 0, 0, 0, 0, 0, 0
0, 0, 0, 0, 0, 0, 0
0, 0, 0, 0, 0, 0, 0
0, 0, 0, 0, 0, 0, 0
0, 0, 0, 0, 0, 0, 0
0, 0, 0, 0, 0, 0, 0
0, 0, 0, 0, 0, 0, 0
0, 0, 0, 0, 0, 0, 0
0, 0, 0, 0, 0, 0, 0
0, 0, 0, 0, 0, 0, 0
0, 0, 0, 0, 0, 0, 0
0, 0, 0, 0, 0, 0, 0
0, 0, 0, 0, 0, 0, 0
0, 0, 0, 0, 0, 0, 0
0, 0, 0, 0, 0, 0, 0
0, 0, 0, 0, 0, 0, 0
0, 0, 0, 0, 0, 0, 0
0, 0, 0, 0, 0, 0, 0
0, 0, 0, 0, 0, 0, 0
0, 0, 0, 0, 0, 0, 0
0, 0, 0, 0, 0, 0, 0
0, 0, 0, 0, 0, 0, 0
0, 0, 0, 0, 0, 0, 0
0, 0, 0, 0, 0, 0, 0
0, 0, 0, 0, 0, 0, 0
0, 0, 0, 0, 0, 0, 0
0, 0, 0, 0, 0, 0, 0
0, 0, 0, 0, 0, 0, 0
0, 0, 0, 0, 0, 0, 0
0, 0, 0, 0, 0, 0, 0
0, 0, 0, 0, 0, 0, 0
0, 0, 0, 0, 0, 0, 0
0, 0, 0, 0, 0, 0, 0
0, 0, 0, 0, 0, 0, 0
0, 0, 0, 0, 0, 0, 0
0, 0, 0, 0, 0, 0, 0
0, 0, 0, 0, 0, 0, 0
0, 0, 0, 0, 0, 0, 0
0, 0, 0, 0, 0, 0, 0
0, 0, 0, 0, 0, 0, 0
0, 0, 0, 0, 0, 0, 0
0, 0, 0, 0, 0, 0, 0
0, 0, 0, 0, 0, 0, 0
0, 0, 0, 0, 0, 0, 0
0, 0, 0, 0, 0, 0, 0
0, 0, 0, 0, 0, 0, 0
0, 0, 0, 0, 0, 0, 0
0, 0, 0, 0, 0, 0, 0
0, 0, 0, 0, 0, 0, 0
0, 0, 0, 0, 0, 0, 0
0, 0, 0, 0, 0, 0, 0
0, 0, 0, 0, 0, 0, 0
0, 0, 0, 0, 0, 0, 0
0, 0, 0, 0, 0, 0, 0
0, 0, 0, 0, 0, 0, 0
0, 0, 0, 0, 0, 0, 0
0, 0, 0, 0, 0, 0, 0
0, 0, 0, 0, 0, 0, 0
0, 0, 0, 0, 0, 0, 0
0, 0, 0, 0, 0, 0, 0
0, 0, 0, 0, 0, 0, 0
0, 0, 0, 0, 0, 0, 0
0, 0, 0, 0, 0, 0, 0
0, 0, 0, 0, 0, 0, 0
0, 0, 0, 0, 0, 0, 0
0, 0, 0, 0, 0, 0, 0
0, 0, 0, 0, 0, 0, 0
0, 0, 0, 0, 0, 0, 0
0, 0, 0, 0, 0, 0, 0
0, 0, 0, 0, 0, 0, 0
0, 0, 0, 0, 0, 0, 0
0, 0, 0, 0, 0, 0, 0
0, 0, 0, 0, 0, 0, 0
0, 0, 0, 0, 0, 0, 0
0, 0, 0, 0, 0, 0, 0
0, 0, 0, 0, 0, 0, 0
0, 0, 0, 0, 0, 0, 0
0, 0, 0, 0, 0, 0, 0
0, 0, 0, 0, 0, 0, 0
0, 0, 0, 0, 0, 0, 0
0, 0, 0, 0, 0, 0, 0
0, 0, 0, 0, 0, 0, 0
0, 0, 0, 0, 0, 0, 0
0, 0, 0, 0, 0, 0, 0
0, 0, 0, 0, 0, 0, 0
0, 0, 0, 0, 0, 0, 0
0, 0, 0, 0, 0, 0, 0
0, 0, 0, 0, 0, 0, 0
0, 0, 0, 0, 0, 0, 0
0, 0, 0, 0, 0, 0, 0
0, 0, 0, 0, 0, 0, 0
0, 0, 0, 0, 0, 0, 0
0, 0, 0, 0, 0, 0, 0
0, 0, 0, 0, 0, 0, 0
0, 0, 0, 0, 0, 0, 0
0, 0, 0, 0, 0, 0, 0
0, 0, 0, 0, 0, 0, 0
0, 0, 0, 0, 0, 0, 0
0, 0, 0, 0, 0, 0, 0
0, 0, 0, 0, 0, 0, 0
0, 0, 0, 0, 0, 0, 0
0, 0, 0, 0, 0, 0, 0
0, 0, 0, 0, 0, 0, 0
0, 0, 0, 0, 0, 0, 0
0, 0, 0, 0, 0, 0, 0
0, 0, 0, 0, 0, 0, 0
0, 0, 0, 0, 0, 0, 0
0, 0, 0, 0, 0, 0, 0
0, 0, 0, 0, 0, 0, 0
0, 0, 0, 0, 0, 0, 0
0, 0, 0, 0, 0, 0, 0
0, 0, 0, 0, 0, 0, 0
0, 0, 0, 0, 0, 0, 0
0, 0, 0, 0, 0, 0, 0
0, 0, 0, 0, 0, 0, 0
0, 0, 0, 0, 0, 0, 0
0, 0, 0, 0, 0, 0, 0
0, 0, 0, 0, 0, 0, 0
0, 0, 0, 0, 0, 0, 0
0, 0, 0, 0, 0, 0, 0
0, 0, 0, 0, 0, 0, 0
0, 0, 0, 0, 0, 0, 0
0, 0, 0, 0, 0, 0, 0
0, 0, 0, 0, 0, 0, 0
0, 0, 0, 0, 0, 0, 0
0, 0, 0, 0, 0, 0, 0
0, 0, 0, 0, 0, 0, 0
0, 0, 0, 0, 0, 0, 0
0, 0, 0, 0, 0, 0, 0
0, 0, 0, 0, 0, 0, 0
0, 0, 0, 0, 0, 0, 0
0, 0, 0, 0, 0, 0, 0
0, 0, 0, 0, 0, 0, 0
0, 0, 0, 0, 0, 0, 0
0, 0, 0, 0, 0, 0, 0
0, 0, 0, 0, 0, 0, 0
0, 0, 0, 0, 0, 0, 0
0, 0, 0, 0, 0, 0, 0
0, 0, 0, 0, 0, 0, 0
0, 0, 0, 0, 0, 0, 0
0, 0, 0, 0, 0, 0, 0
0, 0, 0, 0, 0, 0, 0
0, 0, 0, 0, 0, 0, 0
0, 0, 0, 0, 0, 0, 0
0, 0, 0, 0, 0, 0, 0
0, 0, 0, 0, 0, 0, 0
0, 0, 0, 0, 0, 0, 0
0, 0, 0, 0, 0, 0, 0
0, 0, 0, 0, 0, 0, 0
0, 0, 0, 0, 0, 0, 0
0, 0, 0, 0, 0, 0, 0
0, 0, 0, 0, 0, 0, 0
0, 0, 0, 0, 0, 0, 0
0, 0, 0, 0, 0, 0, 0
0, 0, 0, 0, 0, 0, 0
0, 0, 0, 0, 0, 0, 0
0, 0, 0, 0, 0, 0, 0
0, 0, 0, 0, 0, 0, 0
0, 0, 0, 0, 0, 0, 0
0, 0, 0, 0, 0, 0, 0
0, 0, 0, 0, 0, 0, 0
0, 0, 0, 0, 0, 0, 0
0, 0, 0, 0, 0, 0, 0
0, 0, 0, 0, 0, 0, 0
0, 0, 0, 0, 0, 0, 0
0, 0, 0, 0, 0, 0, 0
0, 0, 0, 0, 0, 0, 0
0, 0, 0, 0, 0, 0, 0
0, 0, 0, 0, 0, 0, 0
0, 0, 0, 0, 0, 0, 0
0, 0, 0, 0, 0, 0, 0
0, 0, 0, 0, 0, 0, 0
0, 0, 0, 0, 0, 0, 0
0, 0, 0, 0, 0, 0, 0
0, 0, 0, 0, 0, 0, 0
0, 0, 0, 0, 0, 0, 0
0, 0, 0, 0, 0, 0, 0
0, 0, 0, 0, 0, 0, 0
0, 0, 0, 0, 0, 0, 0
0, 0, 0, 0, 0, 0, 0
0, 0, 0, 0, 0, 0, 0
0, 0, 0, 0, 0, 0, 0
0, 0, 0, 0, 0, 0, 0
0, 0, 0, 0, 0, 0, 0
0, 0, 0, 0, 0, 0, 0
0, 0, 0, 0, 0, 0, 0
0, 0, 0, 0, 0, 0, 0
0, 0, 0, 0, 0, 0, 0
0, 0, 0, 0, 0, 0, 0
0, 0, 0, 0, 0, 0, 0
0, 0, 0, 0, 0, 0, 0
0, 0, 0, 0, 0, 0, 0
0, 0, 0, 0, 0, 0, 0
0, 0, 0, 0, 0, 0, 0
0, 0, 0, 0, 0, 0, 0
0, 0, 0, 0, 0, 0, 0
0, 0, 0, 0, 0, 0, 0
0, 0, 0, 0, 0, 0, 0
0, 0, 0, 0, 0, 0, 0
0, 0, 0, 0, 0, 0, 0
0, 0, 0, 0, 0, 0, 0
8.899855500000001, 9.049545, 9.243542249999999, 9.512927, 9.761134, 11.377272999999997, 22.552578
8.87504475, 9.033759, 9.238895249999999, 9.5617751, 9.8345804, 15.87359139, 52.853195
8.878532, 9.043061, 9.247445, 9.520095099999999, 9.728800600000001, 13.74695327999999, 23.303856
8.883815250000001, 9.038685000000001, 9.24161075, 9.5345592, 9.73830175, 14.67135192, 24.370709
8.8838815, 9.0400755, 9.23284275, 9.4925195, 9.70855205, 12.00736978999999, 22.552578
8.886744, 9.047198999999999, 9.23351825, 9.505738299999999, 9.726270750000001, 14.002109669999998, 24.370709
8.89476, 9.044508, 9.244869999999999, 9.5268305, 9.7332366, 13.491576569999994, 36.893046
8.882427, 9.037919500000001, 9.223028249999999, 9.487501100000001, 9.734333399999999, 16.478364629999998, 32.855096
8.880289999999999, 9.034335500000001, 9.22199375, 9.4914509, 9.70839665, 11.376701289999998, 24.370709
8.883331, 9.041765999999999, 9.247522250000001, 9.512148600000002, 9.740721549999998, 14.39209222, 19.892145
8.88810475, 9.0451835, 9.241046, 9.511307400000002, 9.76860445, 11.985652159999988, 36.893046
8.9033665, 9.051577, 9.2602255, 9.5251707, 9.779717, 16.05114234, 19.892145
8.887807, 9.0416275, 9.2522995, 9.5263552, 9.8470946, 16.405846519999997, 22.552578
8.88164025, 9.04193, 9.24793625, 9.539545900000002, 9.809449, 15.723825249999997, 19.892145
8.866416, 9.0028155, 9.17372475, 9.449913, 9.95983, 12.222916359999987, 35.734803
8.872125, 9.013604, 9.178993, 9.4654912, 10.078997249999997, 11.839501489999996, 24.923449
8.85951, 8.996066500000001, 9.179181, 9.4498257, 9.973715, 11.89654, 35.734803
8.8705075, 9.009001000000001, 9.181413, 9.4622593, 9.941154449999997, 11.922215, 35.734803
8.858249, 8.995930000000001, 9.17013025, 9.4400171, 10.02522854999999, 11.938839599999994, 37.448702
8.863657, 8.998869, 9.1781355, 9.436981399999999, 9.860295, 11.67642899999999, 35.487972
8.86234075, 9.002993, 9.17341525, 9.4425343, 9.897504849999994, 11.932675, 35.487972
8.865974, 9.002692, 9.169003250000001, 9.42209, 9.8475519, 11.79564970999999, 35.734803
8.86938, 9.004194, 9.18061075, 9.4607981, 10.030465, 12.328293229999998, 35.330604
8.86048975, 9.000095, 9.17053425, 9.4524203, 9.972025449999993, 12.312431989999995, 37.448702
8.8663565, 9.013878, 9.182827750000001, 9.446015099999999, 9.953501099999999, 11.874442, 37.448702
8.865049, 9.000633, 9.1737455, 9.445592, 9.904375, 11.970619969999992, 35.734803
8.871141, 8.9980365, 9.170431, 9.438148, 9.853795399999997, 11.74916128, 35.734803
8.7937345, 9.073376, 10.279256, 11.695556, 12.4699167, 15.021127, 26.889073
8.77942475, 9.0381775, 10.182563250000001, 11.583886900000001, 12.3022939, 14.783024, 17.542149
8.782798, 9.0455075, 10.19682025, 11.592796, 12.365436600000002, 14.8228456, 19.563106
8.7864405, 9.060719, 10.24400925, 11.652477600000001, 12.609163100000004, 15.46466297000001, 26.889073
8.640690500000002, 9.1312075, 10.7875895, 12.4538246, 13.995730049999986, 17.663793, 38.813544
8.652968, 9.142985, 10.894245, 12.59502, 14.230356, 18.054472700000034, 34.462112
8.6476755, 9.135627, 10.777336, 12.395380200000004, 13.984933249999981, 17.458465180000005, 38.404747
8.629877, 9.089125, 10.752452, 12.386549, 13.962746949999978, 17.629572, 38.404747
8.641443, 9.112207, 10.89995025, 12.462111, 14.070717, 17.786971, 38.813544
8.652642, 9.147125500000001, 10.830678, 12.512224300000002, 14.099284, 17.709146020000016, 38.813544
8.643319, 9.114951, 10.802748, 12.4262361, 13.935113999999995, 17.538538300000003, 38.813544
8.655199999999999, 9.173015, 10.826103250000001, 12.478235900000001, 14.06189, 18.32251073000003, 38.813544
8.653661, 9.142960500000001, 10.82046725, 12.394759, 13.910860999999988, 17.644577100000006, 38.404747
8.647882, 9.1496335, 10.864768, 12.569739100000001, 14.152327399999995, 17.930723650000004, 38.404747
8.658196, 9.1470775, 10.858656250000001, 12.429121700000001, 13.884972, 17.61197376, 38.813544
8.659730249999999, 9.159366, 10.830596, 12.431304900000002, 14.027404, 17.664151120000007, 38.813544
8.6479985, 9.09942, 10.803728, 12.467011, 14.09346615, 18.213537590000033, 38.813544
8.652534, 9.10829, 10.813506499999999, 12.4481449, 13.99554189999999, 17.70364571, 38.404747
8.649687, 9.144375, 10.783066, 12.4196954, 13.96309, 17.44314, 38.813544
8.65667775, 9.1351655, 10.805758, 12.4429497, 14.02892434999998, 17.644383, 38.813544
8.646251, 9.1446595, 10.774918, 12.408338200000001, 14.059556099999998, 17.888381480000007, 38.404747
8.64702525, 9.149296, 10.807260500000002, 12.361482100000002, 13.964287549999996, 17.813216060000006, 38.813544
8.64712475, 9.117357, 10.764399, 12.3847517, 13.94344149999999, 17.699605, 38.404747
8.64398175, 9.088117, 10.748418, 12.4238844, 13.931584749999994, 17.813216060000006, 38.813544
8.654577, 9.1218185, 10.75983375, 12.366907700000006, 13.907798949999998, 17.844506, 38.813544
8.64355675, 9.1204775, 10.792584, 12.4742065, 14.034630899999996, 17.539506360000026, 38.404747
8.648044, 9.114418, 10.783066, 12.434224500000001, 14.0132506, 17.471043840000014, 38.813544
8.6480195, 9.13779, 10.8072195, 12.424528800000001, 14.063921649999994, 17.872517720000012, 38.404747
8.646259, 9.104269500000001, 10.78426325, 12.396406, 13.994813, 17.786071, 38.404747
8.643807, 9.1172125, 10.8072195, 12.413974300000001, 13.964287549999996, 17.629914210000006, 38.813544
8.786217, 9.0415125, 10.185552, 11.608409, 12.365389600000002, 14.736624, 19.393533
8.793264, 9.058963, 10.293396, 11.6626844, 12.490727, 15.275163320000038, 26.889073
8.787709, 9.04832, 10.21556475, 11.671043, 12.5546217, 15.02119275, 19.393533
8.78310975, 9.0458315, 10.1474875, 11.5964196, 12.421300150000002, 14.825049510000001, 26.889073
8.6479985, 9.10313, 10.749304, 12.3265069, 13.863886, 17.420484050000002, 38.813544
8.64698325, 9.122326000000001, 10.83300125, 12.356788, 14.015404799999995, 17.612315970000008, 38.404747
8.63714675, 9.0732395, 10.719565, 12.411578800000001, 13.967686449999995, 17.458592090000007, 38.813544
9.106397999999999, 11.253902499999999, 14.094420249999999, 17.351107, 20.01937, 25.87213881, 44.22794
9.12291, 11.258266, 14.10695, 17.375265, 19.707231749999995, 25.907049, 40.625286
8.641572750000002, 9.134417, 10.788428249999999, 12.469538, 14.059407, 17.802635930000008, 38.813544
8.6497995, 9.1351655, 10.82188975, 12.42623, 13.916690449999997, 17.794086040000003, 34.408771
8.654945, 9.1552045, 10.855134249999999, 12.459643, 14.156281449999996, 17.78608, 38.813544
8.65043375, 9.15837, 10.8628245, 12.456485, 14.062613, 18.052882, 38.813544
8.643056, 9.146017, 10.8078255, 12.361018, 13.935233999999994, 17.548219190000015, 38.404747
8.650438, 9.127029, 10.806165, 12.4361022, 14.063569, 17.936827, 38.813544
8.64713, 9.130766000000001, 10.830844, 12.539837100000002, 14.117408849999995, 17.922076720000003, 38.813544
8.64883025, 9.117321, 10.802272, 12.426571100000002, 14.021462, 17.813216060000006, 27.927733
9.09455325, 11.233535, 14.083681, 17.3757795, 20.01976184999999, 26.508652, 44.22794
9.11056425, 11.2250895, 14.05631125, 17.431298, 20.088730049999995, 25.87213881, 39.815707
9.109936750000001, 11.2704865, 14.094421, 17.3517778, 19.935798, 25.678368970000026, 44.22794
8.6580525, 9.156185, 10.774292, 12.436074, 14.066505, 17.80231987, 38.404747
8.86532825, 9.0038655, 9.176161, 9.448525, 9.915846349999997, 11.970292, 96.01882971553505
8.868097500000001, 9.004387, 9.173272749999999, 9.428314, 9.907871, 11.922318300000002, 37.448702
8.864104, 9.00457, 9.184391, 9.462214, 10.033099, 11.993640440000002, 37.448702
8.863521, 9.0006725, 9.1781355, 9.453209000000001, 9.974078599999995, 11.999339, 37.448702
8.869973, 9.005463, 9.178865, 9.451873, 9.960386299999993, 11.970524530000006, 37.448702
8.8638465, 9.002961, 9.178993, 9.450355, 9.940905, 11.89654, 37.448702
8.865562, 9.002618, 9.17893175, 9.4457945, 9.952919, 11.894847, 37.448702
8.86471525, 9.001231, 9.176161, 9.451821700000002, 9.970956, 11.999339, 37.448702
8.863645, 9.001815, 9.175935, 9.4519932, 9.97255, 12.003089, 37.448702
8.866711, 9.0056885, 9.183131, 9.466566, 10.076944, 12.048048670000002, 37.448702
8.835182, 9.017243, 9.372512, 10.9257998, 11.80116, 13.980222, 35.734803
8.831639, 9.0190485, 9.3842365, 10.883279, 11.85773135, 14.189961, 37.448702
8.83492525, 9.0157375, 9.36679575, 10.894653, 11.774039, 14.054369, 37.448702
8.831582, 9.014781, 9.359746, 10.8413, 11.67948285, 13.729012, 37.448702
8.834888, 9.017684, 9.365341, 10.8448742, 11.74694755, 14.02563351999998, 35.330604
8.83193775, 9.0155075, 9.37164525, 10.876892, 11.771586, 13.920245, 35.487972
8.837243, 9.020224, 9.375254, 10.8619671, 11.74659035, 13.70773, 35.734803
8.8328945, 9.017306999999999, 9.37501, 10.884661900000001, 11.795444499999997, 13.865747619999956, 35.487972
8.831698, 9.017004, 9.38349, 10.901707, 11.8402, 14.042814449999916, 35.734803
8.831666, 9.016087, 9.37456225, 10.861652399999999, 11.760271949999998, 13.86548, 37.448702
8.835091, 9.0203445, 9.377624, 10.9012057, 11.839379, 13.748585999999978, 37.448702
8.786146, 9.054412, 10.21619925, 11.646050400000002, 12.444613699999996, 14.995983, 26.889073
8.790985, 9.066931499999999, 10.242432, 11.662042, 12.465433, 15.049837599999993, 26.889073
8.786741, 9.050419, 10.2210625, 11.636392, 12.454684399999998, 14.96492, 26.889073
8.78982725, 9.065998, 10.2752855, 11.664709, 12.47130655, 14.953882, 26.889073
8.785522, 9.0480465, 10.21895275, 11.654684, 12.412934, 14.873687, 26.889073
8.784652, 9.050398, 10.225062, 11.645967, 12.460371, 14.831956519999933, 19.563106
8.790105, 9.054426, 10.215814, 11.638546, 12.424741, 14.96492, 26.889073
8.790431, 9.05295, 10.2210625, 11.653518, 12.465433, 14.932686829999989, 26.889073
8.784101, 9.050942, 10.21556475, 11.622074, 12.439778, 14.831535, 26.889073
8.7890565, 9.049575, 10.20963775, 11.622074, 12.421048, 14.831956519999933, 26.889073
8.785803, 9.0470295, 10.233637, 11.663583, 12.492187, 14.96492, 26.889073
8.788515, 9.0530395, 10.20198, 11.651476, 12.449812199999998, 14.995983, 26.889073
8.7895155, 9.057887, 10.261137, 11.6599818, 12.478849, 15.027702, 26.889073
8.725249250000001, 9.0774845, 10.50544475, 11.993566, 13.132643449999998, 16.39379692, 38.813544
8.727861, 9.079984, 10.521035000000001, 11.997521, 13.155429949999998, 16.378229, 38.813544
8.730198, 9.0756035, 10.534026, 12.019512, 13.137592, 16.594025899999984, 38.813544
8.7282265, 9.079860499999999, 10.5285905, 12.022709200000003, 13.212015, 16.615755, 38.813544
8.727184000000001, 9.074693, 10.517463, 11.9781782, 13.112201, 16.499532399999886, 38.404747
8.726759000000001, 9.080855, 10.52949925, 11.979360900000003, 13.077566, 16.570951, 38.813544
8.733191, 9.088303499999999, 10.5798045, 12.022684700000003, 13.169687, 16.316712, 38.813544
8.72421225, 9.0574745, 10.4668305, 11.964613, 13.104673599999996, 16.498811, 38.813544
8.731710249999999, 9.0808535, 10.539089, 12.006176200000002, 13.126926, 16.821759959999987, 38.813544
8.727411, 9.070322, 10.52919925, 12.025854300000004, 13.212251299999997, 16.802209, 38.813544
8.6474265, 9.135627, 10.788229000000001, 12.348656, 13.849201, 17.629572, 38.813544
8.64738, 9.119646, 10.807386, 12.408001, 13.991081399999997, 17.786971, 38.813544
8.646259, 9.124901, 10.788376, 12.434224500000004, 14.063569, 17.69964492999999, 38.813544
8.647442, 9.145141, 10.814858, 12.42623, 13.943173749999993, 17.66415111999994, 38.813544
8.646338, 9.127870000000001, 10.801294, 12.429121700000001, 14.062389, 17.888042, 38.813544
8.6496615, 9.128324, 10.84025375, 12.474183, 14.106045, 17.8129, 38.813544
8.6497995, 9.126235, 10.797017, 12.426230200000001, 14.034355, 17.611796, 38.813544
8.648381749999999, 9.148478, 10.806165, 12.434019, 14.062294, 17.793979169999986, 38.813544
8.646682, 9.111738, 10.792807, 12.4261067, 14.009391, 17.786971, 38.813544
8.647008, 9.116567, 10.810196000000001, 12.431099400000008, 13.96309, 17.708369, 38.813544
8.647008, 9.1278, 10.811768, 12.424355, 14.059407, 17.793979169999986, 38.813544
8.651493, 9.12137, 10.82046725, 12.447701600000002, 14.095293, 17.84494135999993, 38.813544
8.770778, 9.901653, 12.27426, 15.508582, 17.870616, 23.474159, 44.22794
8.776559, 9.940738, 12.325267, 15.547966, 17.802213, 23.581625, 44.22794
8.778532, 9.942904500000001, 12.2558685, 15.486467, 17.875415, 24.047098, 44.22794
8.77151125, 9.934611499999999, 12.329923, 15.521324300000025, 17.843497, 23.55508004999999, 44.22794
8.77779425, 9.937136, 12.284758, 15.468105, 17.721836, 23.436095, 44.22794
8.782734, 9.960868999999999, 12.352889, 15.536901, 17.818695, 23.582653619999835, 44.22794
8.784735, 9.9485685, 12.284758, 15.488639800000012, 17.793896, 23.421254, 44.22794
8.77777325, 9.9053885, 12.226519, 15.418003, 17.708776, 23.22348636999998, 44.22794
8.779954, 9.960471, 12.29834825, 15.531701199999999, 17.795765, 23.474159, 44.22794
8.776971, 9.939891, 12.279191, 15.481087600000002, 17.80274734999999, 23.474496649999946, 44.22794
8.779225, 9.936558, 12.298376, 15.521324300000025, 17.824858099999993, 23.337430289999972, 44.22794
8.7680285, 9.917807, 12.33262925, 15.513646100000006, 17.888468, 23.544632769999982, 44.22794
8.785899, 9.940618, 12.31705775, 15.542749, 17.863091, 23.896362, 44.22794
8.779616, 9.9190445, 12.234647, 15.449308, 17.722196549999996, 23.223349, 44.22794
8.78488775, 9.95484, 12.266385750000001, 15.580057, 17.88779975, 23.897137629999875, 44.22794
8.773042, 9.940426500000001, 12.2984955, 15.487277, 17.69964485, 23.186330629999954, 44.22794
8.780279499999999, 9.940406, 12.301781, 15.533741900000004, 17.863091, 23.838737089999835, 44.22794
8.78325, 9.940738, 12.36100675, 15.620164, 17.960504, 23.421254, 44.22794
8.776018, 9.92144, 12.282988, 15.486467, 17.8334752, 23.43647563999994, 44.22794
8.77497675, 9.935853, 12.279191, 15.47149, 17.704038899999997, 23.174614, 44.22794
8.776596, 9.945921, 12.257653, 15.513646100000006, 17.82148, 23.55508004999999, 44.22794
8.779225, 9.9251015, 12.291426, 15.501056, 17.770134, 23.56251, 44.22794
8.7872755, 9.9542155, 12.298339, 15.481921, 17.708369, 23.684487830000002, 44.22794
8.761464, 9.9085135, 12.216728, 15.486467, 17.795765, 23.421254, 44.22794
8.776687, 9.911897, 12.301781, 15.547344100000002, 17.770134, 23.582653619999835, 44.22794
8.7787505, 9.940306499999998, 12.279191, 15.428034, 17.700402, 23.421254, 44.22794
8.788552750000001, 9.940406, 12.29104225, 15.550704200000013, 17.859281, 23.474496649999946, 40.625286
8.77669, 9.916019, 12.223842, 15.463437, 17.770134, 23.684487, 44.22794
8.648492, 9.143499, 10.794076, 12.390644, 14.027751549999996, 17.66415111999994, 38.813544
8.651264, 9.123282, 10.801736, 12.4361022, 13.994813, 17.64457709999997, 38.813544
8.643383, 9.109119, 10.772138, 12.386549, 13.984007949999995, 17.708369, 38.813544
8.647105250000001, 9.120355, 10.801736, 12.442949700000003, 14.06189, 17.629572, 38.813544
8.73045875, 9.07312, 10.503411, 11.979247, 13.132498, 16.57689691999997, 38.813544
8.72594825, 9.075603, 10.526137, 11.98102, 13.112201, 16.395060179999923, 38.813544
8.730782, 9.070416, 10.515562, 11.987698, 13.137638599999999, 16.319874, 38.813544
8.725273, 9.074508, 10.5138555, 11.9628315, 13.138524, 16.62074429999996, 38.813544
8.724899, 9.065984, 10.50156875, 11.974169200000004, 13.15082835, 16.442499, 38.813544
8.7282265, 9.082675, 10.5285905, 12.041118800000001, 13.163769, 16.576445, 38.813544
8.73060625, 9.090484, 10.52685975, 12.051952, 13.238017, 16.615886, 38.404747
8.728103, 9.072390500000001, 10.521886, 11.974972000000003, 13.132643449999998, 16.604807, 38.813544
8.729343, 9.082595000000001, 10.535099, 12.044046, 13.16290355, 16.60573268, 38.813544
8.789424, 9.054177, 10.21686, 11.661097900000001, 12.460495199999999, 14.995983, 26.889073
8.788432, 9.0499085, 10.185072, 11.605148, 12.42677534999999, 14.873687, 26.889073
8.78329, 9.051341, 10.205375, 11.617329, 12.368273, 14.822824, 26.889073
8.78387225, 9.050419, 10.200366, 11.633763, 12.43980465, 14.902097389999952, 26.889073
8.786217, 9.052887, 10.218304, 11.653518, 12.436106, 14.824984, 26.889073
8.786741, 9.0536925, 10.217937, 11.64915, 12.457105, 14.902097389999952, 26.889073
8.73045875, 9.075686999999999, 10.522914250000001, 11.986189, 13.17626575, 16.36115834999996, 38.404747
8.728288, 9.0699155, 10.519581, 12.094472600000001, 13.3046174, 16.879467, 38.813544
8.72400725, 9.067917, 10.502156500000002, 12.0148483, 13.169048, 16.615886, 34.462112
8.731633, 9.082579, 10.517271, 12.015915, 13.156208, 16.680998979999966, 38.813544
8.73107125, 9.08048, 10.520827, 12.050812900000002, 13.219887850000001, 16.615755, 38.404747
8.725406, 9.073942, 10.523425, 12.019635300000003, 13.16290355, 16.609178, 38.813544
8.727136, 9.086538000000001, 10.527864, 11.974232200000003, 13.123117, 16.37829821999999, 38.813544
8.727166, 9.066931499999999, 10.501673, 11.972204, 13.06856, 16.829082, 38.813544
8.73152975, 9.086361, 10.55953075, 12.059889, 13.189907099999992, 16.576728619999955, 38.813544
8.726865, 9.0762965, 10.507772749999999, 12.008932, 13.135407, 16.360916, 38.813544
8.730998, 9.091334, 10.542297, 12.040725, 13.199865, 16.39379692, 38.813544
8.728604, 9.0810905, 10.53100875, 11.998687800000006, 13.10856765, 16.385237379999985, 38.813544
8.73100625, 9.084567, 10.539176, 12.041515, 13.182346349999996, 16.60482089, 38.404747
8.7327015, 9.087331, 10.549063, 12.034735, 13.171296, 16.442499, 38.404747
8.731009, 9.083028, 10.510212, 12.018309, 13.082029, 16.57689691999997, 38.813544
8.72963725, 9.073135, 10.526137, 12.009955, 13.163769, 16.645402569999895, 38.813544
8.64698325, 9.127385, 10.801294, 12.42623, 14.071029949999996, 17.793896, 38.813544
8.73056275, 9.06785, 10.50544475, 12.021832, 13.17626575, 16.615886, 34.462112
8.728171, 9.071526, 10.517463, 12.019512, 13.16290355, 16.609178, 38.404747
8.7229895, 9.07312, 10.511765, 12.007583800000003, 13.162858, 16.5764478, 38.813544
8.72726875, 9.068545, 10.52978425, 11.987073400000012, 13.089843, 16.385151, 38.813544
8.727382, 9.0702695, 10.519340249999999, 12.081314100000004, 13.220344899999999, 16.844744, 38.813544
8.72647775, 9.073376, 10.501673, 11.992927000000002, 13.122905, 16.571005939999992, 38.813544
8.731311, 9.0808955, 10.517318999999999, 11.9722202, 13.122542099999999, 16.615755, 38.813544
8.724855, 9.0702695, 10.531478, 12.034958700000004, 13.185883849999989, 16.606291589999984, 38.813544
8.726952, 9.072315, 10.51731025, 11.977664, 13.164032949999996, 16.606225819999995, 34.462112
8.727053, 9.086715, 10.528427, 12.021832, 13.137592, 16.615755, 38.813544
8.731160249999999, 9.073135, 10.519274, 12.020756500000003, 13.081052, 16.385151, 38.813544
8.726471, 9.06927, 10.501912, 11.974232200000003, 13.081100849999999, 16.306313039999985, 38.404747
8.73272, 9.090101, 10.552202, 12.040946100000001, 13.176227, 16.39379692, 38.813544
8.723903, 9.069861, 10.529152, 12.019512, 13.15625055, 16.5764478, 38.813544
8.786061, 9.054161, 10.210548, 11.619728600000006, 12.439778, 14.832237539999888, 26.889073
8.784155, 9.047295, 10.202244, 11.622241400000004, 12.388676199999995, 15.093761, 26.889073
8.785754, 9.0499085, 10.220908, 11.675784, 12.478849, 14.873687, 26.889073
8.784652, 9.047965, 10.2179475, 11.628587, 12.440484699999997, 15.095220979999766, 26.889073
8.783974500000001, 9.049619, 10.1998155, 11.633141, 12.42530924999999, 14.873968019999955, 26.889073
8.782893, 9.050234, 10.22029575, 11.654542, 12.492187, 14.953992379999983, 26.889073
8.786584, 9.044179, 10.174379, 11.608504600000002, 12.404542, 14.757073, 26.889073
8.784408, 9.054412, 10.2315195, 11.650619200000003, 12.454684399999998, 14.803997, 26.889073
8.790397250000002, 9.05342, 10.223674, 11.6604863, 12.449812199999998, 14.94417, 26.889073
8.784949, 9.049898, 10.2155, 11.615875300000003, 12.385116, 14.953882, 26.889073
8.786504, 9.0462065, 10.214815, 11.623748, 12.397729549999994, 14.873687, 26.889073
8.8277305, 9.017653, 9.376572, 10.884665300000002, 11.785269499999993, 14.112367, 35.734803
8.830743, 9.0167285, 9.374413, 10.867012400000002, 11.74551075, 13.731675429999973, 37.448702
8.834756, 9.014473, 9.3675315, 10.8652295, 11.767449699999997, 14.310006, 37.448702
8.831785, 9.017653, 9.37982675, 10.904826, 11.815647749999998, 14.074025349999925, 37.448702
8.83030025, 9.020826, 9.391088, 10.9194022, 11.833178049999997, 13.979637, 37.448702
8.829855, 9.015656, 9.361231, 10.858525400000001, 11.7617, 14.006010929999974, 35.734803
8.829997500000001, 9.014651, 9.3699005, 10.850576, 11.747338, 13.537814, 35.734803
8.8285745, 9.014486, 9.365269, 10.8833929, 11.778136049999999, 13.94243, 37.448702
8.83031575, 9.014589, 9.35765375, 10.850704400000001, 11.751512199999997, 13.787949119999968, 37.448702
8.831201, 9.015486, 9.362649000000001, 10.858485, 11.768581, 13.920466849999965, 37.448702
8.831582, 9.012923, 9.36329075, 10.8131306, 11.720783299999999, 13.787291719999999, 37.448702
8.831335, 9.016261, 9.357029, 10.861953, 11.756911, 13.80732958999991, 37.448702
8.828947, 9.012261, 9.359289, 10.86392, 11.7866766, 13.780266, 37.448702
8.78191575, 9.043851499999999, 10.20513275, 11.60977790000001, 12.42317635, 14.902097389999952, 26.889073
8.785754, 9.048185, 10.213906000000001, 11.664709, 12.512041, 14.932628, 26.889073
8.786061, 9.053013, 10.223651, 11.638756100000004, 12.462855, 14.932628, 26.889073
8.83577, 9.016017, 9.368945, 10.883279, 11.7547539, 13.729012, 35.734803
8.835902, 9.019552000000001, 9.366982, 10.8911332, 11.78665, 14.054369, 35.487972
8.833326750000001, 9.017128, 9.382814, 10.9009817, 11.809999249999999, 13.807358089999905, 37.448702
8.784751, 9.051623, 10.223674, 11.646801, 12.440311, 14.822824, 26.889073
8.786481250000001, 9.054426, 10.209485, 11.661097900000001, 12.472246899999998, 14.938567589999991, 26.889073
8.79142025, 9.061801, 10.225062, 11.64915, 12.444344, 14.82504950999999, 26.889073
8.784411, 9.058798, 10.240397, 11.650619200000003, 12.518868199999996, 15.054648079999936, 26.889073
8.783877, 9.055901, 10.233688, 11.643211, 12.439778, 14.953882, 26.889073
8.78437, 9.05342, 10.2459785, 11.663426, 12.385526749999999, 14.822845599999997, 26.889073
8.731072, 9.0808955, 10.5494405, 12.025693, 13.177002, 16.61575631, 38.813544
8.727958, 9.074600499999999, 10.51731025, 12.025693, 13.1691522, 16.609178, 34.462112
8.721732, 9.065472, 10.4992695, 12.039476200000003, 13.216741, 16.606225819999995, 38.813544
8.726714, 9.069738999999998, 10.537901, 12.067157, 13.216864, 16.703847219999986, 38.813544
8.726471, 9.067948, 10.515956, 12.014799700000001, 13.169048, 16.60573268, 38.813544
8.726774, 9.070425499999999, 10.517428, 11.973621, 13.090213749999995, 16.393789, 38.813544
8.721577, 9.066492, 10.483906, 11.964478, 13.112734, 16.33591493999998, 38.813544
8.646338, 9.120355, 10.809276, 12.423639, 14.06189, 17.92199, 38.813544
8.647925, 9.119585, 10.792807, 12.413431, 13.960113, 17.548219189999898, 38.404747
8.645567, 9.137685, 10.824965, 12.429121700000001, 14.015086, 17.8129, 38.813544
8.648617, 9.1369675, 10.8078255, 12.426230200000001, 14.034355, 17.786071, 38.813544
8.64921075, 9.134619, 10.80152075, 12.418864, 14.009391, 17.66415111999994, 38.813544
8.646881, 9.127029, 10.784825, 12.426273, 14.013154, 17.69964492999999, 38.813544
8.645800000000001, 9.115713, 10.799901, 12.413431, 14.013154, 17.66415111999994, 38.813544
8.646164, 9.116301499999999, 10.794662, 12.467263700000005, 14.057811, 17.663793, 38.813544
8.649533, 9.144375, 10.819754, 12.496899, 14.09337, 17.78704024999999, 38.813544
8.64621125, 9.127029, 10.773136, 12.357209500000009, 13.925738, 17.548219189999898, 38.813544
8.643614, 9.110415499999998, 10.787559, 12.426230200000001, 14.057811, 17.786971, 38.813544
8.650421, 9.117858, 10.7799725, 12.386549, 13.911351, 17.470363, 38.813544
8.770732500000001, 9.905593, 12.21032, 15.422631, 17.7607412, 23.421402409999978, 44.22794
8.775454, 9.929794, 12.305653, 15.53738050000001, 17.847151, 23.337256, 44.22794
8.77674775, 9.916399, 12.316056, 15.481558, 17.758837, 23.337430289999972, 44.22794
8.783934, 9.941382999999998, 12.238209, 15.4711183, 17.763987699999998, 23.582653619999835, 44.22794
8.767707, 9.927026999999999, 12.272737, 15.43666, 17.82154205, 23.328325209999985, 44.22794
8.777717, 9.958411000000002, 12.345194, 15.513381, 17.799246, 23.313160269999976, 44.22794
8.77440625, 9.928104000000001, 12.276249, 15.45753, 17.824858099999993, 23.354685, 44.22794
8.775586, 9.928671000000001, 12.316857500000001, 15.6201991, 17.956195749999996, 23.685297739999886, 40.625286
8.768084, 9.959156, 12.3467785, 15.558682, 17.856903149999997, 23.507924, 44.22794
8.777249, 9.945984, 12.326312249999999, 15.556497700000005, 17.799246, 23.421402409999978, 40.625286
8.786117, 9.939926, 12.279211, 15.547275, 17.92199, 23.55508004999999, 44.22794
8.774518, 9.9341905, 12.334346, 15.59090990000001, 17.88779975, 23.421402409999978, 44.22794
8.77846575, 9.926458, 12.280529, 15.422191, 17.775321, 23.474159, 44.22794
8.779638, 9.927777, 12.263127, 15.463527600000003, 17.797559800000002, 23.544528, 44.22794
8.785044, 9.9799355, 12.365659, 15.559198500000011, 17.824412, 23.174614, 44.22794
8.786755, 9.939425, 12.286538, 15.427384, 17.84715475, 23.789130559999922, 40.625286
8.7685515, 9.915075, 12.2355375, 15.421051, 17.580457749999997, 23.544632769999982, 44.22794
8.77669, 9.977122, 12.33559225, 15.5427436, 17.890345999999997, 23.474159, 44.22794
8.787259, 9.975183000000001, 12.350416749999999, 15.563847, 17.9077468, 23.83828265999991, 44.22794
8.775863, 9.9318195, 12.27106175, 15.606999500000004, 17.84354745, 23.387052469999947, 44.22794
8.783981, 9.948001000000001, 12.326137, 15.44573, 17.799246, 23.685528529999836, 44.22794
8.7828885, 9.956033, 12.3210345, 15.582609, 17.824412, 23.56251, 44.22794
8.776845, 9.924399, 12.2856615, 15.5745003, 17.8334752, 23.68457, 44.22794
8.78512425, 9.966048, 12.306214, 15.456271, 17.793989449999998, 23.186055, 44.22794
8.78488775, 9.951248499999998, 12.34455475, 15.555674, 17.768922, 23.507924, 44.22794
8.7819415, 9.937025, 12.2795405, 15.351737, 17.708369, 23.313008, 44.22794
8.777633, 9.933252, 12.268334, 15.468723, 17.797689, 23.337256, 44.22794
8.776767, 9.961099, 12.30958, 15.494422, 17.786971, 23.287969, 44.22794
8.78153, 9.944159, 12.317997250000001, 15.481921, 17.836158, 23.68457, 44.22794
8.775737, 9.957723, 12.303235, 15.56426980000001, 17.908389, 24.276037, 39.815707
8.776423750000001, 9.9382385, 12.334281, 15.580057, 17.908454749999997, 23.581625, 44.22794
8.783934, 9.952444, 12.390487, 15.558682, 17.847151, 23.982799, 44.22794
8.777082, 9.926646999999999, 12.31677975, 15.557732, 17.955969, 23.43647563999994, 44.22794
8.783282250000001, 9.937472, 12.24925625, 15.440045, 17.793896, 23.386707, 44.22794
8.776559, 9.919388999999999, 12.26815775, 15.487360800000003, 17.844694, 23.68457, 44.22794
8.771925, 9.939891, 12.279196, 15.4336091, 17.820659, 23.75765695999995, 44.22794
8.77779425, 9.939425, 12.282503, 15.531701199999999, 17.793989449999998, 23.223349, 44.22794
8.78149925, 9.947952, 12.3066885, 15.508582, 17.836158, 23.685297739999886, 44.22794
8.770949, 9.9269135, 12.340643, 15.516032, 17.9302763, 23.941805, 44.22794
8.779902, 9.960564, 12.33429725, 15.558682, 17.8187932, 23.56251, 44.22794
8.777249, 9.940760999999998, 12.325185999999999, 15.422235, 17.799394349999996, 23.43647563999994, 44.22794
8.777172, 9.957723, 12.2992165, 15.468105, 17.797689, 23.544528, 44.22794
8.650166, 9.137685, 10.802748, 12.439813, 14.059531149999998, 17.844506, 38.813544
8.64423425, 9.1197145, 10.779551, 12.426093, 14.009391, 17.611796, 38.813544
8.644131, 9.114951, 10.7886045, 12.396406, 13.911351, 17.483054, 38.404747
8.646315, 9.142635, 10.802272, 12.426232, 13.983646, 17.61197375999997, 38.813544
8.649318, 9.1426225, 10.820243, 12.430775, 13.964127, 17.66415111999994, 38.813544
8.645662, 9.12794, 10.7623375, 12.357209500000009, 13.960113, 17.629572, 38.813544
8.649243250000001, 9.1286245, 10.8078255, 12.444263, 13.95715, 17.699605, 38.813544
8.64909, 9.141327, 10.7942225, 12.396406, 13.975135899999987, 17.43688715999999, 38.813544
8.642493, 9.117625499999999, 10.801449, 12.429064, 13.974773949999992, 17.78704024999999, 38.813544
8.6439015, 9.112136, 10.743303000000001, 12.35419, 13.935113999999995, 17.548219189999898, 38.404747
8.650438, 9.134619, 10.8297875, 12.4361022, 14.009391, 17.8129, 38.813544
8.64713, 9.130221, 10.801449, 12.4361022, 14.021462, 17.81321605999995, 38.813544
8.781177, 9.954326, 12.306214, 15.516032, 17.888042, 23.43647563999994, 44.22794
8.781234, 9.958227, 12.33262925, 15.494606800000005, 17.763728, 23.328235, 44.22794
8.77666425, 9.9285335, 12.277054999999999, 15.531757, 17.84354745, 23.186055, 44.22794
8.768894, 9.909248, 12.278174, 15.440045, 17.729047, 23.544528, 44.22794
8.7715715, 9.9399085, 12.332439, 15.520172, 17.844506, 23.555005, 44.22794
8.771576, 9.952882500000001, 12.267887, 15.481558, 17.703811, 23.50829003999994, 44.22794
8.770704, 9.92182, 12.294019, 15.531701199999999, 17.7607412, 23.474159, 44.22794
9.123961, 11.261554, 14.016657, 17.405764, 19.878328, 25.791337, 44.22794
9.123961, 11.264244, 14.104582, 17.375265, 19.911072, 26.016247410000222, 44.22794
9.114064, 11.253589, 14.083382, 17.476674, 20.019433, 25.792145010000162, 44.22794
8.779201, 9.956033, 12.2699845, 15.425077, 17.770134, 23.474159, 44.22794
8.775586, 9.915075, 12.27106175, 15.415506700000003, 17.541231899999996, 22.916588, 44.22794
8.783981, 9.950506, 12.29104225, 15.505135, 17.8334752, 23.507924, 44.22794
8.771371, 9.92144, 12.239275249999999, 15.40352, 17.693028699999996, 23.544632769999982, 44.22794
8.77782, 9.948654999999999, 12.2856615, 15.433577, 17.667206149999988, 23.174614, 44.22794
8.769416, 9.950845, 12.304235, 15.618331, 17.8187932, 23.35500521999995, 44.22794
8.774582, 9.930706, 12.282494, 15.512018400000004, 17.824412, 23.56270114999997, 44.22794
8.780306, 9.94805, 12.284758, 15.541800700000001, 17.912753, 23.555005, 44.22794
8.776559, 9.9459525, 12.272737, 15.47149, 17.700402, 23.313160269999976, 44.22794
8.644449250000001, 9.118227, 10.7886045, 12.419695400000002, 13.964127, 17.786071, 38.813544
8.649687, 9.140346000000001, 10.795695, 12.396406, 14.015404799999995, 17.699605, 38.813544
8.642181, 9.112207, 10.795076, 12.420221, 13.99554189999999, 17.644383, 38.404747
8.64702525, 9.129088, 10.803728, 12.434019, 14.009391, 17.69964492999999, 38.813544
8.649837, 9.135627, 10.813056, 12.426232, 14.015086, 17.786971, 38.813544
8.646536, 9.118227, 10.7886045, 12.426273, 14.062389, 17.793896, 38.813544
8.646881, 9.1220545, 10.816327, 12.474138, 14.062294, 17.69964492999999, 38.813544
8.6479985, 9.129338, 10.788663, 12.397027200000014, 13.925738, 17.629572, 38.813544
8.646315, 9.118092, 10.807164, 12.453529, 14.062613, 17.78608, 38.813544
8.643217, 9.123282, 10.830678, 12.462111, 14.09337, 17.872178239999975, 38.813544
8.642302, 9.118408, 10.792518, 12.42623, 13.974773949999992, 17.786071, 38.813544
8.644621, 9.111909, 10.749449, 12.367258, 13.990885, 17.708369, 38.813544
8.647105250000001, 9.12137, 10.758951, 12.426232, 13.943173749999993, 17.44314, 38.813544
8.6473015, 9.149131, 10.829518, 12.439813, 14.062294, 17.844506, 38.813544
8.646902, 9.120355, 10.78818, 12.442805, 14.06189, 17.844506, 38.813544
8.648051, 9.141965, 10.805758, 12.402618, 13.963141849999998, 17.483054, 38.813544
8.647156, 9.1278, 10.79523075, 12.402768, 13.967686449999995, 17.703598, 38.813544
8.647674, 9.127029, 10.80250575, 12.420634400000008, 14.034355, 17.8129, 38.813544
8.654945, 9.141598, 10.814858, 12.442949700000003, 14.066505, 17.872018, 38.813544
8.647156, 9.128411, 10.792782, 12.419695400000002, 14.057811, 17.802213, 38.813544
8.652805, 9.142985, 10.797017, 12.434019, 13.964127, 17.8129, 38.813544
8.649129, 9.113921999999999, 10.788584, 12.420221, 13.931125, 17.786971, 38.813544
8.644449250000001, 9.119585, 10.802272, 12.420221, 14.057811, 17.786971, 38.813544
8.6474265, 9.135627, 10.7914005, 12.436701700000008, 14.066505, 17.888042, 38.813544
8.647674, 9.119585, 10.78858425, 12.430775, 13.990885, 17.663793, 38.813544
8.643625, 9.1275925, 10.807164, 12.434019, 13.967686449999995, 17.793896, 38.813544
8.643933, 9.126562, 10.819754, 12.4741425, 14.076976, 17.786071, 38.813544
8.646682, 9.117321, 10.780169, 12.3905027, 13.95715, 17.793896, 38.813544
8.647031, 9.137233, 10.799044, 12.478032, 14.066710849999996, 17.844506, 38.813544
8.643353, 9.126939, 10.788376, 12.382671000000006, 13.916439, 17.629720109999976, 38.813544
8.639007, 9.106537, 10.799901, 12.420221, 13.96309, 17.699605, 38.813544
8.64735, 9.126562, 10.797017, 12.430775, 14.057890799999997, 17.888042, 38.813544
8.77722975, 9.954326, 12.340552, 15.556387, 17.87218785, 23.684487, 44.22794
8.645088, 9.118227, 10.774918, 12.426273, 13.983646, 17.709146019999878, 38.813544
8.648023, 9.128324, 10.794662, 12.402618, 13.964127, 17.663793, 38.813544
8.647832, 9.147918, 10.833083, 12.474779400000008, 14.106045, 17.930662, 38.813544
8.645567, 9.1267505, 10.799901, 12.42623, 13.990885, 17.78704024999999, 38.404747
8.64423425, 9.1055115, 10.77695925, 12.413431, 13.967338, 17.786971, 38.813544
8.64957425, 9.129088, 10.797017, 12.439813, 14.015404799999995, 17.81321605999995, 38.813544
8.649588, 9.14294, 10.805758, 12.467263700000005, 14.027751549999996, 17.663793, 38.813544
8.642181, 9.111417, 10.788585, 12.389567, 13.960170649999998, 17.663793, 38.813544
8.643484, 9.117321, 10.805758, 12.436074, 13.974773949999992, 17.663793, 38.813544
8.650421, 9.140626000000001, 10.788585, 12.396406, 13.95715, 17.629572, 38.813544
8.647442, 9.134619, 10.83873, 12.426552100000006, 14.027404, 17.708369, 38.404747
8.645846, 9.119585, 10.801294, 12.419695400000002, 14.015086, 17.8129, 38.813544
8.642763, 9.109495, 10.735536, 12.35419, 13.916690449999997, 17.663793, 38.813544
8.77936775, 9.955526, 12.338752, 15.547275, 17.84354745, 23.337430289999972, 44.22794
8.776687, 9.95484, 12.28102925, 15.466197000000005, 17.786971, 23.508394809999924, 44.22794
8.776971, 9.909326, 12.218041, 15.428034, 17.822721, 23.337430289999972, 44.22794
8.77658675, 9.937304, 12.34489, 15.535514, 17.768982599999998, 23.507924, 44.22794
8.781042, 9.9341905, 12.291375, 15.465985, 17.797559800000002, 23.43647563999994, 44.22794
8.777249, 9.907804, 12.265695749999999, 15.434174200000005, 17.732296199999997, 23.684487, 40.625286
8.776845, 9.95261, 12.330184, 15.535652700000002, 17.82154205, 23.983470489999892, 44.22794
8.780251, 9.956494, 12.33559225, 15.555674, 17.859281, 23.581625, 44.22794
8.786953, 9.9593545, 12.325159, 15.479987900000003, 17.760584, 23.223349, 40.625286
8.7776285, 9.955626500000001, 12.31705775, 15.481594300000001, 17.77077419999999, 23.582654449999833, 44.22794
8.781009000000001, 9.949683, 12.308479, 15.535652700000002, 17.824858099999993, 23.164666, 44.22794
8.775863, 9.9370805, 12.311199, 15.513381, 17.797553, 23.386707, 44.22794
8.769746, 9.937472, 12.289259, 15.541696, 17.818695, 23.55508004999999, 40.625286
8.780913, 9.938732, 12.316056, 15.582384000000001, 17.849544, 23.56251, 40.625286
8.776905, 9.93835, 12.276249, 15.458325, 17.843497, 23.35500521999995, 44.22794
8.77461, 9.935853, 12.279196, 15.427384, 17.770134, 23.223349, 44.22794
8.780279499999999, 9.952278, 12.306214, 15.574491, 17.870686099999997, 23.544528, 44.22794
8.781042, 9.9761165, 12.29181325, 15.531701199999999, 17.75720585, 23.757344, 44.22794
8.775099, 9.952201, 12.27343125, 15.482149500000006, 17.83384214999999, 23.544528, 44.22794
8.773913, 9.9459525, 12.326113, 15.415273299999999, 17.748169, 23.313008, 44.22794
8.784926, 9.945921, 12.265893, 15.49674860000001, 17.793989449999998, 23.328235, 44.22794
8.776935, 9.933626499999999, 12.270709, 15.375848600000003, 17.614005, 23.223995199999894, 44.22794
8.777172, 9.908774000000001, 12.270709, 15.474345, 17.810287499999998, 23.55508004999999, 44.22794
8.776687, 9.939203, 12.264055, 15.513646100000006, 17.82070005, 23.28821938999996, 44.22794
8.783054, 9.9335025, 12.298854, 15.563847, 17.94183, 23.941805, 44.22794
8.767492, 9.914207, 12.27106175, 15.5116672, 17.836158, 23.35500521999995, 44.22794
8.7786135, 9.9288195, 12.29104225, 15.494422, 17.775321, 23.507924, 44.22794
8.777696, 9.962445, 12.267156, 15.442466, 17.847226, 23.354685, 44.22794
8.774514, 9.924544999999998, 12.250949, 15.486548, 17.797553, 23.186055, 44.22794
8.779902, 9.939114, 12.290937, 15.425307700000005, 17.822721, 23.436095, 44.22794
8.780808, 9.94769, 12.30958, 15.473809, 17.894269599999998, 23.78864, 44.22794
8.782734, 9.963837, 12.301738, 15.49627, 17.82154205, 23.436095, 40.625286
8.772451, 9.95261, 12.329836, 15.4681668, 17.760584, 23.387200879999924, 39.815707
8.779638, 9.958595, 12.311199, 15.53738050000001, 17.775321, 23.387052469999947, 44.22794
8.780289, 9.944341, 12.345194, 15.556255, 17.863091, 23.56251, 44.22794
8.776945, 9.958227, 12.34477525, 15.4738626, 17.775701849999997, 23.507924, 44.22794
8.779941, 9.948001000000001, 12.282988, 15.5427436, 17.818695, 23.421254, 44.22794
8.784773, 9.956303, 12.273155, 15.4738626, 17.729047, 23.186330629999954, 44.22794
8.781349, 9.94769, 12.2830715, 15.494422, 17.7437363, 23.43647563999994, 44.22794
8.650166, 9.142723, 10.809672, 12.434019, 14.06189, 17.793979169999986, 38.813544
8.643383, 9.119646, 10.788376, 12.40324140000001, 14.021462, 17.663793, 38.813544
8.650166, 9.135331, 10.82054675, 12.426232, 14.013154, 17.793896, 38.813544
8.649479249999999, 9.136702, 10.807164, 12.411373, 14.040769899999987, 17.708369, 38.813544
8.64477, 9.1183175, 10.79312425, 12.384751700000004, 13.931125, 17.663793, 38.813544
8.642829, 9.110145, 10.789254249999999, 12.447701600000002, 14.039873, 17.802213, 38.813544
8.647882, 9.124091499999999, 10.830666, 12.434019, 14.009391, 17.708369, 38.813544
8.647682, 9.122739, 10.807164, 12.424355, 14.062613, 17.663793, 38.813544
8.64909, 9.116036, 10.816327, 12.447581, 14.057811, 17.81321605999995, 38.813544
8.64911925, 9.142875499999999, 10.8355545, 12.469538, 14.071029949999996, 17.703645709999993, 38.813544
8.645662, 9.110686, 10.79523075, 12.439813, 14.027404, 17.844506, 38.813544
8.64713, 9.118573000000001, 10.819754, 12.456676200000004, 14.062294, 17.93072364999999, 38.813544
8.64759125, 9.135331, 10.799044, 12.467263700000005, 14.124431, 17.844781119999954, 38.813544
8.64909, 9.140626000000001, 10.807164, 12.423710600000001, 13.974307, 17.786971, 38.813544
8.646881, 9.1343905, 10.788376, 12.434019, 14.027404, 17.699605, 38.813544
8.64953375, 9.141869, 10.820243, 12.444594800000006, 14.040769899999987, 17.793896, 38.813544
8.649534, 9.119646, 10.809672, 12.420562800000008, 14.059531149999998, 17.793896, 38.813544
8.648023, 9.132194, 10.84455, 12.444252, 13.967338, 17.793896, 38.813544
8.64911925, 9.135627, 10.799901, 12.456485, 14.066505, 17.922076719999986, 38.813544
8.652538, 9.129782, 10.817596, 12.436356, 14.040769899999987, 17.844506, 38.813544
8.648023, 9.136702, 10.809144, 12.447581, 13.984007949999995, 17.611796, 38.404747
8.648617, 9.146333, 10.82188975, 12.533601, 14.062613, 18.188937, 38.813544
8.64477, 9.119783, 10.784825, 12.396406, 13.907612, 17.470363, 38.813544
8.647641, 9.139831, 10.785508499999999, 12.378146, 13.93484, 17.64457709999997, 38.813544
8.64738, 9.1191615, 10.801870000000001, 12.444594800000006, 14.034355, 17.644383, 38.813544
8.781177, 9.954058, 12.30454275, 15.445559, 17.760584, 23.474159, 44.22794
8.776018, 9.956303, 12.27518, 15.427384, 17.748169, 23.328325209999985, 44.22794
8.777615, 9.930706, 12.282503, 15.463527600000003, 17.689732349999996, 23.328235, 44.22794
8.7665805, 9.917581, 12.258670250000002, 15.460952, 17.748616549999994, 23.421402409999978, 44.22794
8.776905, 9.928858, 12.226099, 15.411663000000004, 17.763987699999998, 23.421254, 44.22794
8.646902, 9.142989, 10.788663, 12.418864, 13.95715, 17.786071, 38.813544
8.643807, 9.123282, 10.811768, 12.431099400000008, 13.931125, 17.786971, 38.813544
8.73056275, 9.092281, 10.53097, 12.008932, 13.280431, 16.829223349999978, 38.813544
8.723233, 9.068407, 10.534026, 12.067202900000002, 13.220344899999999, 16.615886, 38.813544
8.7253045, 9.073017, 10.50544475, 11.978457300000006, 13.087583, 16.703847219999986, 38.404747
8.73107125, 9.088824, 10.528769, 12.018939600000001, 13.219201, 16.468887259999953, 38.813544
8.72699075, 9.080207, 10.503684, 11.98441, 13.137592, 16.609178, 38.813544
8.731069, 9.076262, 10.544803, 12.041118, 13.155429949999998, 16.60924507999999, 38.813544
8.72812675, 9.0827195, 10.497322, 11.9722202, 13.120155, 16.5764478, 38.813544
8.729715, 9.0808955, 10.520888750000001, 12.015915, 13.139181, 16.394581, 38.813544
8.730198, 9.083211, 10.5474395, 11.978172, 13.137592, 16.348599589999996, 38.813544
8.72695, 9.0823565, 10.529027, 12.046369200000004, 13.21920625, 16.615755, 38.404747
8.726923, 9.0871525, 10.531125, 12.064512100000002, 13.206562499999997, 16.7835, 38.813544
8.789157, 9.0533435, 10.251558, 11.663426, 12.492187, 14.873687, 26.889073
8.7890565, 9.053267, 10.21556475, 11.673676500000001, 12.492387399999997, 14.902097389999952, 26.889073
8.780063, 9.050492, 10.213862, 11.653518, 12.490727, 14.902156219999942, 26.889073
8.786413, 9.0536925, 10.2307595, 11.642939, 12.472246899999998, 14.96492, 26.889073
8.786029, 9.053535, 10.205375, 11.625699, 12.436289599999999, 15.027702, 26.889073
8.779927, 9.046104, 10.220617, 11.654684, 12.462855, 14.938511, 26.889073
8.794295, 9.0602105, 10.230684, 11.663426, 12.476371, 14.94417, 19.563106
8.784188, 9.050398, 10.23364975, 11.650619200000003, 12.444613699999996, 14.82504950999999, 26.889073
8.789633, 9.058798, 10.233688, 11.642149000000002, 12.436106, 15.021127, 26.889073
8.79191525, 9.0504625, 10.21556475, 11.622074, 12.383578, 14.803997, 26.889073
8.788432, 9.0534435, 10.2155, 11.646050400000002, 12.397371, 14.995983, 26.889073
8.78329, 9.040636, 10.19068925, 11.61575, 12.397371, 14.82504950999999, 26.889073
8.790794, 9.063528, 10.2296485, 11.672563, 12.518624, 15.049837599999993, 26.889073
8.786566749999999, 9.053201, 10.250831, 11.679353, 12.518624, 14.824984, 26.889073
8.785015, 9.050971, 10.24093625, 11.651476, 12.492387399999997, 14.944267119999985, 26.889073
8.784652, 9.051636, 10.2296485, 11.638363300000002, 12.436106, 14.944267119999985, 26.889073
8.785227, 9.056303, 10.223743, 11.650619200000003, 12.404542, 14.783024, 26.889073
8.78900425, 9.058169, 10.258203, 11.653620400000003, 12.449812199999998, 14.824984, 26.889073
8.783182, 9.047965, 10.19068925, 11.640647, 12.476371, 14.901789, 19.563106
8.784399, 9.045534, 10.210548, 11.6154512, 12.404542, 14.822824, 26.889073
8.78310975, 9.053087, 10.254443, 11.633763, 12.465651399999997, 14.938511, 26.889073
8.790647750000002, 9.061801, 10.247872, 11.662042, 12.471264, 14.953882, 26.889073
8.789546, 9.057212, 10.242432, 11.646050400000002, 12.465433, 14.938511, 26.889073
8.785803, 9.048323, 10.205052, 11.6237487, 12.43980465, 14.831535, 26.889073
8.789595, 9.057744, 10.2307595, 11.625987800000006, 12.444344, 15.027967509999957, 26.889073
8.793161, 9.065998, 10.28217875, 11.643211, 12.457268299999997, 14.953882, 19.563106
8.78707, 9.061801, 10.199595, 11.613686400000004, 12.383349, 14.736624, 26.889073
8.83421975, 9.019317000000001, 9.37585775, 10.90115, 11.826549, 13.942673719999961, 37.448702
8.864491, 8.998738, 9.176826, 9.4425307, 10.004416, 12.003089, 35.734803
8.869084, 9.005045500000001, 9.183294, 9.4605303, 9.985579, 11.961167170000001, 35.734803
8.86394, 9.003025, 9.18346025, 9.457346, 9.933371699999993, 11.922318300000002, 37.448702
8.8683035, 9.005703, 9.18344075, 9.445991500000002, 9.881394599999998, 11.90322, 37.448702
8.865751, 9.002735999999999, 9.177195, 9.4386792, 9.972295, 12.070419, 37.448702
8.86622, 9.001645, 9.170088, 9.440225, 9.949789, 11.89655337, 35.487972
8.86716575, 9.004060500000001, 9.175935, 9.444518, 9.973715, 12.048048670000002, 37.448702
8.86676725, 9.004387, 9.17481575, 9.4498257, 9.95293145, 11.89655337, 37.448702
8.863898, 8.9988695, 9.17874125, 9.4452652, 9.959921199999998, 11.839379, 37.448702
8.8645, 8.998869, 9.178865, 9.44659, 9.969460699999999, 12.072515, 37.448702
8.86622, 9.002208, 9.172676, 9.437992, 9.910847449999999, 11.970292, 37.448702
8.865643500000001, 9.002868, 9.1764525, 9.455484, 10.05733, 11.970292, 37.448702
8.870433, 9.0075875, 9.188074499999999, 9.458287, 10.005764699999993, 12.257208, 37.448702
8.865594, 9.0038935, 9.181145, 9.460509, 10.004442, 12.047984, 37.448702
8.866484, 9.000288, 9.17870025, 9.460139999999999, 10.013454, 11.932734400000001, 35.734803
8.8672, 9.004546000000001, 9.183131, 9.459578, 9.972608249999999, 11.970292, 37.448702
8.863941, 9.002718999999999, 9.1789395, 9.4567853, 9.953317199999997, 11.970292, 35.734803
8.865974, 9.004552499999999, 9.182876, 9.460722, 10.003491, 12.277897, 35.734803
8.865273, 9.004294, 9.179358, 9.4430626, 9.953317199999997, 11.851628, 35.487972
8.8652065, 9.002392, 9.180037, 9.471624499999999, 9.998216599999996, 11.932546299999998, 37.448702
8.867364, 9.0049145, 9.173801, 9.443059, 9.992691599999999, 11.993545, 37.448702
8.87683925, 9.019076, 9.20793525, 9.4881963, 9.821552599999999, 12.348452760000006, 37.448702
8.881196, 9.026618, 9.216684749999999, 9.495247, 9.829320449999999, 12.407323970000004, 52.853195
8.875387250000001, 9.022181, 9.215359750000001, 9.4884937, 9.8128825, 12.40766945000001, 52.853195
8.877604, 9.024963, 9.214472, 9.4840024, 9.823425, 12.315896990000002, 35.487972
8.8771255, 9.021228, 9.2011755, 9.460833, 9.739920549999999, 11.994778070000002, 36.893046
8.874028500000001, 9.020307500000001, 9.21478375, 9.498536, 9.8972944, 12.330462, 35.734803
8.876206, 9.020633, 9.212111, 9.4767355, 9.7777888, 11.993545, 52.853195
8.87430325, 9.019842, 9.2137265, 9.4852188, 9.8166842, 12.374849480000002, 35.734803
8.87764, 9.024772500000001, 9.201213, 9.4839255, 9.825777899999999, 12.505186140000001, 52.853195
8.877498, 9.027424, 9.21687225, 9.491848800000001, 9.8131794, 12.330609640000004, 52.853195
8.873062000000001, 9.019145, 9.20791, 9.477394700000001, 9.80909, 12.476572110000003, 37.448702
8.88599, 9.041008, 9.238534, 9.511634800000001, 9.778165, 15.573435340000065, 52.853195
8.883024, 9.0383375, 9.235618, 9.50015, 9.710233, 13.618961920000023, 32.855096
8.88539475, 9.035724, 9.231809, 9.4936661, 9.730478, 14.418908020000055, 52.853195
8.888299250000001, 9.042539999999999, 9.235771, 9.5055714, 9.798576, 16.21605821000001, 24.370709
8.886267, 9.0376215, 9.240076, 9.503467, 9.7567628, 14.194827100000044, 36.893046
8.888282, 9.044636, 9.242141, 9.508177400000001, 9.74902, 16.030358100000004, 52.853195
8.883933, 9.037947500000001, 9.239611, 9.526671, 9.775921, 14.786283510000173, 52.853195
8.88842875, 9.035997, 9.236571, 9.5079113, 9.7091196, 14.105136, 52.853195
8.8844725, 9.0391615, 9.2301605, 9.5171619, 9.763917, 15.2678189500001, 36.893046
8.8928075, 9.0455945, 9.23841175, 9.523152, 9.7721884, 14.731487, 52.853195
8.881914, 9.042444, 9.24462775, 9.517035, 9.799278, 16.21605821000001, 52.853195
8.885738, 9.04307, 9.24459025, 9.511582, 9.76723305, 15.874124050000034, 21.371576
8.88563025, 9.042444, 9.240177, 9.50728, 9.7567628, 14.192837, 52.853195
8.885522, 9.041235, 9.232747, 9.512927, 9.763951549999998, 16.050743450000002, 36.893046
8.889755, 9.039099499999999, 9.242062, 9.51868, 9.767334499999997, 16.058708, 52.853195
8.880807, 9.040243499999999, 9.242648, 9.5165636, 9.764608, 15.872548, 36.893046
8.8814495, 9.038969, 9.24634, 9.5172554, 9.760705049999997, 14.778363, 23.303856
8.88556625, 9.039125, 9.242308, 9.5102319, 9.7605659, 14.73195576000001, 52.853195
8.886791, 9.0451795, 9.2485445, 9.530922, 9.80791975, 16.098696350000004, 52.853195
8.88298825, 9.034144, 9.235438, 9.517197, 9.757732049999998, 15.977419660000011, 36.893046
8.883715500000001, 9.0414065, 9.23580475, 9.5020773, 9.733125, 14.391847, 52.853195
8.885962249999999, 9.0399985, 9.24210275, 9.510876, 9.757399099999997, 14.194827100000044, 36.893046
8.888578500000001, 9.038595, 9.235947, 9.509171, 9.77601515, 14.451942560000033, 36.893046
8.883139499999999, 9.039085, 9.2318965, 9.512927, 9.75599035, 11.740576720000037, 52.853195
8.890598, 9.050965, 9.24294175, 9.5192975, 9.761273149999997, 14.392092220000006, 52.853195
8.882113, 9.041955999999999, 9.242239249999999, 9.5388683, 9.792107499999997, 14.002109670000022, 32.855096
8.88236075, 9.044636, 9.245427, 9.529218, 9.792107499999997, 14.451942560000033, 52.853195
8.88677375, 9.043844, 9.236683249999999, 9.5075592, 9.768525799999999, 16.05910689000001, 32.855096
8.881764749999999, 9.032613999999999, 9.235552, 9.4983283, 9.730610349999997, 14.452594750000047, 52.853195
8.88679025, 9.04269, 9.239857, 9.531719200000001, 9.774042849999999, 14.605704190000015, 36.893046
8.883453, 9.042455, 9.253862999999999, 9.528366, 9.782363349999997, 16.050663, 52.853195
8.88733125, 9.048108, 9.24746, 9.516968, 9.757248950000001, 14.605914930000019, 32.855096
8.891352, 9.044109, 9.24280325, 9.5073042, 9.757683149999998, 14.194827100000044, 52.853195
8.879526, 9.0354765, 9.23270825, 9.4827545, 9.713474499999998, 16.26137070000003, 52.853195
8.88573525, 9.039923, 9.232699, 9.516073400000002, 9.74902, 14.778363, 52.853195
8.880623, 9.0389825, 9.236002, 9.4915, 9.730612299999997, 15.872548, 52.853195
8.882427, 9.044395, 9.23080875, 9.505611, 9.738825949999999, 14.450396, 36.893046
8.88788575, 9.04387, 9.234327, 9.505567, 9.75599035, 16.050663, 36.893046
8.890011, 9.042216, 9.237163, 9.480288600000002, 9.71603135, 14.778363, 52.853195
8.885622, 9.0414485, 9.23760525, 9.5007189, 9.725433249999998, 14.691746420000008, 36.893046
8.8819825, 9.0358895, 9.235586, 9.5015647, 9.757533, 13.232625470000006, 36.893046
8.885738, 9.044667, 9.23704225, 9.4902747, 9.711544949999999, 14.392432490000013, 36.893046
8.8896845, 9.045033, 9.242416500000001, 9.531918, 9.771748, 14.416516840000003, 24.370709
8.877133, 9.038416, 9.232537, 9.4921123, 9.7388575, 13.26077968000005, 52.853195
8.887257, 9.0376215, 9.22449375, 9.511582, 9.74052, 13.554883140000014, 36.893046
8.888997, 9.0434775, 9.24338325, 9.5056736, 9.757553, 16.37826, 52.853195
8.8895165, 9.0451795, 9.25313725, 9.5187382, 9.761134, 16.26019, 52.853195
8.889704, 9.043419, 9.2407925, 9.516987, 9.733233799999999, 14.905645830000147, 52.853195
8.887559, 9.044719, 9.243009, 9.525985, 9.80239, 15.977419660000011, 36.893046
8.886614999999999, 9.0326925, 9.240434749999999, 9.502057, 9.768146, 16.030153, 52.853195
8.880942, 9.038235, 9.23273875, 9.486876, 9.733164, 14.450396, 24.370709
8.8883455, 9.0414065, 9.24291175, 9.519718000000001, 9.767334499999997, 16.098597, 36.893046
8.878262, 9.041222000000001, 9.239616, 9.505567, 9.77024415, 16.030358100000004, 52.853195
8.887676, 9.040451, 9.235018, 9.511583, 9.738185, 13.234894150000056, 52.853195
8.88269575, 9.042713, 9.242806250000001, 9.520095099999999, 9.7388275, 14.605704190000015, 32.855096
8.88587475, 9.038547999999999, 9.231809, 9.519617, 9.782085, 16.09940652000002, 52.853195
8.87910525, 9.0326925, 9.22641225, 9.507894, 9.766847, 16.25504103000003, 52.853195
8.88416925, 9.038644, 9.23250175, 9.508007600000001, 9.776405249999998, 14.392092220000006, 52.853195
8.881118, 9.032803, 9.23564825, 9.4889078, 9.715871, 13.617861, 32.855096
8.8819825, 9.035138, 9.23258675, 9.511583, 9.757534, 14.787802600000207, 24.370709
8.8841755, 9.037847, 9.227215, 9.49414, 9.70850295, 13.485379, 52.853195
8.891338, 9.0413635, 9.234327, 9.4889078, 9.733126949999999, 13.728038820000002, 32.855096
8.885862, 9.0395795, 9.24301525, 9.511583, 9.782199349999999, 14.002109670000022, 52.853195
8.89076, 9.041235, 9.23124, 9.501906400000001, 9.757702149999998, 15.574478730000088, 24.370709
8.88843, 9.04, 9.240781, 9.529137, 9.794948, 14.431345430000004, 52.853195
8.887533999999999, 9.0422435, 9.234621, 9.5020773, 9.7401951, 13.73068416000006, 52.853195
8.88859, 9.038972, 9.24086475, 9.5165636, 9.760536, 13.617861, 20.217992
8.88004375, 9.030543999999999, 9.2234415, 9.5165636, 9.755951, 14.392092220000006, 36.893046
8.884136, 9.0448685, 9.246192, 9.5023594, 9.744206, 15.263228, 32.855096
8.884268, 9.036433, 9.2312635, 9.512927, 9.779880999999994, 16.050663, 52.853195
8.88164025, 9.038149, 9.240236249999999, 9.524574, 9.735498399999999, 14.392092220000006, 52.853195
8.8756215, 9.02206, 9.21471125, 9.476749, 9.818531, 12.27790974, 52.853195
8.87478025, 9.0236605, 9.2203685, 9.4915, 9.835861999999997, 12.495542550000003, 37.448702
8.878097499999999, 9.024861, 9.2104365, 9.4870756, 9.810233, 12.374775, 35.734803
8.875434, 9.0210705, 9.21656, 9.4944366, 9.847026349999998, 12.222361, 52.853195
8.873047, 9.019515, 9.214126749999998, 9.4935087, 9.8409491, 12.170301710000011, 35.487972
8.8776745, 9.025049, 9.20896025, 9.4842747, 9.8102409, 11.938814470000004, 35.330604
8.8750335, 9.023769, 9.212000999999999, 9.4950651, 9.854560249999997, 12.345226, 52.853195
8.873549, 9.0215955, 9.213365, 9.49884, 9.831310949999999, 12.744672, 52.853195
8.8758015, 9.018881499999999, 9.2096075, 9.474505, 9.807, 11.815764150000003, 35.734803
8.872375, 9.0216395, 9.215661, 9.496434500000001, 9.8420198, 12.382309470000001, 37.448702
8.877101249999999, 9.0210985, 9.20801625, 9.4902157, 9.843189, 12.328293230000003, 52.853195
8.8785405, 9.022362000000001, 9.2163255, 9.4900676, 9.81960425, 12.383435270000007, 52.853195
8.878476, 9.0206225, 9.2143085, 9.490385999999999, 9.829222, 12.328293230000003, 36.893046
8.875716, 9.022316, 9.211428249999999, 9.478165, 9.831357549999998, 11.958562, 52.853195
8.870982, 9.020852, 9.209798, 9.484371, 9.8102409, 11.994732, 36.893046
8.873648750000001, 9.023234, 9.21357275, 9.482493, 9.81625735, 12.37454136, 52.853195
8.87619125, 9.016958, 9.21612125, 9.49209, 9.812882, 12.27839975000001, 37.448702
8.87898225, 9.022379, 9.21280175, 9.4723366, 9.802600599999998, 12.054610680000003, 35.487972
8.87435175, 9.0196465, 9.208334500000001, 9.482716900000002, 9.81856505, 12.57591970000001, 37.448702
8.786435749999999, 9.061334500000001, 10.2200225, 11.70942, 12.443611299999999, 15.273066559999993, 104.37810088530257
8.78455625, 9.040377, 10.154668, 11.622074, 12.420386, 15.273403, 26.889073
8.77768875, 9.041503, 10.176352, 11.649735, 12.421232650000002, 15.71259521000001, 19.563106
8.7918555, 9.0473835, 10.286467, 11.676140900000002, 12.554576, 14.996234440000006, 26.889073
8.791026, 9.051488500000001, 10.200565, 11.6154512, 12.4248085, 14.645996, 18.865024
8.78396975, 9.040685, 10.189086, 11.6515646, 12.4446879, 14.757073, 18.865024
8.78343475, 9.0504625, 10.220625250000001, 11.6327253, 12.413339700000002, 15.021127, 18.865024
8.772026, 9.0462015, 10.18473825, 11.633141, 12.31892135, 14.74727015000001, 19.563106
8.7832695, 9.0404245, 10.18007975, 11.6489844, 12.554576, 14.944267120000001, 26.889073
8.79137325, 9.0755845, 10.257898, 11.6610621, 12.398521750000004, 14.83195652000001, 26.889073
8.7866845, 9.079820999999999, 10.356471, 11.76124, 12.4908, 14.938567590000002, 19.563106
8.7837555, 9.067028, 10.236745, 11.654684, 12.451516150000002, 14.996234440000006, 18.677002
8.78186075, 9.047122, 10.18853725, 11.622074, 12.3816609, 14.825752050000018, 19.393533
8.79494, 9.065288, 10.220617, 11.589791200000002, 12.313720100000001, 14.663581240000012, 26.889073
8.781956, 9.045959, 10.20405425, 11.638343, 12.497316450000005, 15.275163320000038, 26.889073
8.785015, 9.0464395, 10.22233575, 11.6611539, 12.4632023, 14.873968020000007, 19.563106
8.80038975, 9.076734, 10.294094, 11.649586800000002, 12.4049616, 15.095220980000033, 19.563106
8.787271, 9.067225, 10.333257750000001, 11.696501, 12.502305, 14.902156220000009, 19.393533
8.788287, 9.048960000000001, 10.210096, 11.6548836, 12.451679450000002, 14.721862790000005, 26.889073
8.78248, 9.0436005, 10.199632, 11.675784, 12.460371, 14.96492, 26.889073
8.781864, 9.069012, 10.279407, 11.637502800000005, 12.4572683, 14.515589180000017, 26.889073
8.7911215, 9.065487, 10.2924585, 11.636587100000002, 12.45138875, 15.095220980000033, 18.865024
8.786325, 9.0678005, 10.25817675, 11.609777900000001, 12.388676200000003, 14.901789, 19.563106
8.79443, 9.0764225, 10.35018, 11.6704058, 12.383349, 14.825752050000018, 19.563106
8.79258825, 9.069317, 10.246912, 11.657958, 12.4748339, 14.932686830000002, 26.889073
8.784519, 9.0575505, 10.230684, 11.6609012, 12.496195, 15.021458260000006, 19.563106
8.7932375, 9.064032, 10.233688, 11.6545562, 12.4446137, 15.09746293000008, 26.889073
8.778646, 9.040734, 10.1872995, 11.633141, 12.460371, 15.46395637, 19.563106
8.782399999999999, 9.065991, 10.229351, 11.703578, 12.595234, 15.449435, 26.889073
8.7816955, 9.050942, 10.237005250000001, 11.5736309, 12.323135150000002, 14.736726850000004, 26.889073
8.784492, 9.048042500000001, 10.23164875, 11.6743611, 12.496522900000002, 14.932686830000002, 18.677002
8.783448, 9.046031, 10.221983, 11.6736189, 12.54977015, 15.279249050000038, 19.563106
8.788494, 9.049597, 10.19978775, 11.577946500000001, 12.323135150000002, 15.021127, 18.865024
8.790647750000002, 9.070316, 10.262115, 11.662098, 12.440782350000001, 14.646166890000003, 26.889073
8.789180250000001, 9.078375, 10.268445, 11.722016400000001, 12.54977015, 15.239759, 26.889073
8.7797165, 9.0392855, 10.185839999999999, 11.642718000000002, 12.472451700000002, 14.901789, 26.889073
8.78900425, 9.036499, 10.257898, 11.645967, 12.36295385, 14.902097390000007, 26.889073
8.79648175, 9.069224, 10.279553, 11.632023, 12.523508, 14.874276410000013, 19.563106
8.784519, 9.032397, 10.126406, 11.537008, 12.292161100000001, 14.832237540000015, 19.563106
8.789425, 9.050426, 10.2614875, 11.716708, 12.533880450000002, 14.965230630000006, 26.889073
8.790975999999999, 9.044462, 10.118613250000001, 11.63261, 12.383417950000002, 14.932686830000002, 26.889073
8.784644, 9.058028, 10.14767175, 11.619468, 12.378315, 14.783024, 26.889073
8.79180925, 9.044512, 10.21423225, 11.676290800000002, 12.573961, 15.466070750000046, 19.393533
8.794417, 9.078375, 10.27871075, 11.7505286, 12.609140550000003, 14.901789, 18.66297
8.79191525, 9.066523499999999, 10.354399, 11.729069700000007, 12.579437900000002, 15.46395637, 19.393533
8.7930335, 9.047103, 10.199523, 11.6044838, 12.388676200000003, 14.757332510000007, 26.889073
8.78496625, 9.030081, 10.1748495, 11.632134800000001, 12.381649450000001, 14.801520180000006, 26.889073
8.79306, 9.050122, 10.214815, 11.696767000000001, 12.413306600000002, 14.638949300000021, 19.563106
8.785179750000001, 9.065998, 10.243421, 11.695916500000001, 12.42324385, 14.94417, 26.889073
8.781932999999999, 9.040499, 10.190106, 11.653518, 12.385655200000002, 14.873687, 26.889073
8.786481250000001, 9.049579000000001, 10.182770999999999, 11.609365, 12.421800900000003, 14.815179, 19.563106
8.785754, 9.047965, 10.24276925, 11.6177904, 12.4211503, 14.8012448, 19.563106
8.780374, 9.0423255, 10.220941, 11.636587100000002, 12.457105, 15.279249050000038, 26.889073
8.794417, 9.063528, 10.286251, 11.6867389, 12.525410050000001, 15.239759, 26.889073
8.784007, 9.067754, 10.2216665, 11.68195, 12.472451700000002, 14.954554450000014, 26.889073
8.78970825, 9.067714, 10.19790975, 11.638546, 12.4632023, 15.537698600000011, 19.563106
8.8018085, 9.068193, 10.241153, 11.693292, 12.4723278, 15.021127, 19.393533
8.785179750000001, 9.053013, 10.281977000000001, 11.67544, 12.55191, 14.932743420000001, 19.563106
8.79142025, 9.072665, 10.248229, 11.66043, 12.4908, 14.932950920000007, 18.865024
8.78900775, 9.0611105, 10.224625, 11.607931, 12.36289795, 14.873687, 19.393533
8.7825535, 9.0583805, 10.220522500000001, 11.675831300000002, 12.512041, 14.953992380000003, 19.563106
8.779947499999999, 9.042372, 10.225255749999999, 11.703578, 12.513302550000002, 14.902097390000007, 26.889073
8.774956249999999, 9.040223000000001, 10.1866905, 11.56761, 12.31836655, 14.444773320000001, 19.563106
8.7888015, 9.050433, 10.20198, 11.617009300000001, 12.384194100000002, 14.965230630000006, 26.889073
8.79073925, 9.0494175, 10.18546075, 11.632023, 12.474753, 15.27344427, 26.889073
8.786061, 9.048128, 10.25996675, 11.6237487, 12.385116, 14.996300190000008, 19.393533
8.7896125, 9.0530395, 10.139058, 11.579731500000001, 12.31350135, 14.632375930000002, 19.563106
8.785108000000001, 9.046956, 10.2852, 11.708687, 12.479515900000003, 14.815255450000002, 26.889073
8.78580275, 9.065288, 10.215979, 11.628587, 12.362809, 14.645996, 18.865024
8.7896125, 9.045481, 10.18724175, 11.617249500000002, 12.518868200000002, 14.939337160000019, 18.865024
8.781933, 9.055039, 10.30336425, 11.684765200000001, 12.4923874, 15.021413660000006, 26.889073
8.782561750000001, 9.037827, 10.1731025, 11.618218400000002, 12.388676200000003, 14.712948150000006, 18.66297
8.785575000000001, 9.063717, 10.196923, 11.6177904, 12.421048, 14.932686830000002, 26.889073
8.7895155, 9.074401, 10.260437249999999, 11.6468709, 12.440350200000003, 15.029822570000047, 26.889073
8.78503225, 9.053899000000001, 10.229533, 11.654542, 12.548233, 14.902156220000009, 19.393533
8.784751, 9.051636, 10.243562, 11.650619200000001, 12.3836355, 14.822911110000003, 19.393533
8.78167175, 9.03088, 10.103026750000001, 11.638343, 12.426802000000002, 14.712798550000002, 26.889073
8.791438, 9.0702025, 10.258038, 11.6154512, 12.398149150000002, 14.747010640000003, 19.393533
8.784649, 9.051341, 10.183768, 11.642031, 12.496500500000002, 14.83195652000001, 19.563106
8.785038, 9.067124, 10.31046725, 11.720606, 12.57926655, 15.093761, 26.889073
8.791364249999999, 9.0516295, 10.154705, 11.6326631, 12.420521400000002, 15.027922910000004, 26.889073
8.789610499999998, 9.0664725, 10.269875, 11.671043, 12.420671250000002, 14.403852, 19.563106
8.78250475, 9.0446245, 10.149162, 11.530395200000001, 12.284994050000002, 14.801520180000006, 26.889073
8.80364925, 9.079934999999999, 10.2316615, 11.6536346, 12.397157400000005, 14.721664, 26.889073
8.78237525, 9.053258, 10.185072, 11.597828100000003, 12.31956295, 14.74159666, 26.889073
8.79306, 9.0678005, 10.24051975, 11.6604761, 12.451679450000002, 15.27344427, 26.889073
8.7895155, 9.066395499999999, 10.21806025, 11.617329, 12.413339700000002, 14.873687, 19.563106
8.780374, 9.039224, 10.167371500000002, 11.6610979, 12.4923874, 14.815255450000002, 19.563106
8.789383749999999, 9.059082499999999, 10.247122749999999, 11.662602, 12.4498122, 14.965230630000006, 26.889073
8.78440075, 9.058963, 10.21806025, 11.617035600000001, 12.365706, 14.965768730000018, 19.563106
8.78849425, 9.05303, 10.2580705, 11.663926100000001, 12.53050415, 14.822824, 26.889073
8.789127749999999, 9.064143, 10.183236, 11.636817500000003, 12.4404847, 15.449580190000002, 19.563106
8.781005, 9.039055, 10.202946, 11.642939, 12.492715300000002, 14.747689750000017, 18.677002
8.789530749999999, 9.059239, 10.227706, 11.71097, 12.534331650000002, 14.815179, 19.563106
8.786701749999999, 9.052968, 10.229197, 11.6074468, 12.384906400000002, 14.646019220000001, 19.393533
8.789987, 9.068545, 10.220221, 11.6460504, 12.539855, 15.027967510000005, 19.563106
8.7840775, 9.0484915, 10.212492, 11.6712941, 12.43631625, 14.965230630000006, 26.889073
8.786481250000001, 9.0810455, 10.27841375, 11.7162551, 12.472246900000002, 15.449435, 26.889073
8.7837555, 9.066653500000001, 10.29688625, 11.693899, 12.457392500000001, 14.996300190000008, 19.393533
8.792181249999999, 9.04866, 10.2686205, 11.727323700000001, 12.604330050000002, 15.0498376, 26.889073
8.782578, 9.045655, 10.182640249999999, 11.626390100000002, 12.472115, 14.938567590000002, 26.889073
8.785622250000001, 9.048225500000001, 10.210208999999999, 11.6489259, 12.386339050000004, 14.944377500000003, 19.563106
8.786363999999999, 9.050433, 10.2007385, 11.642031, 12.572577100000002, 15.021127, 19.563106
8.7812755, 9.0500765, 10.26601475, 11.641472400000003, 12.4446137, 14.712709, 19.563106
8.78329, 9.0426355, 10.126406, 11.6136864, 12.43631625, 15.05610806000004, 18.865024
8.791319999999999, 9.059006499999999, 10.240397, 11.652477600000001, 12.476371, 14.96548207000001, 26.889073
8.784552, 9.0521515, 10.2099855, 11.655208800000002, 12.4923874, 14.736673190000001, 26.889073
8.784614, 9.034682, 10.188692249999999, 11.640647, 12.490727, 15.049793, 19.393533
8.783031000000001, 9.045959, 10.23364975, 11.662098, 12.451516150000002, 14.902156220000009, 19.563106
8.78904, 9.0531, 10.21853, 11.6222414, 12.436289600000002, 14.783345550000007, 26.889073
8.7914175, 9.057737, 10.254443, 11.649735, 12.512984800000002, 14.824984, 18.677002
8.78165325, 9.048222500000001, 10.199499, 11.657958, 12.457739800000002, 14.953992380000003, 18.677002
8.798691250000001, 9.065531, 10.202046000000001, 11.634025900000001, 12.492692900000002, 14.965230630000006, 18.677002
8.78462075, 9.061857499999999, 10.221983, 11.6604863, 12.469801, 15.093761, 26.889073
8.779951, 9.066854, 10.2392255, 11.662602, 12.492187, 15.511645700000006, 26.889073
8.78462075, 9.048971, 10.20058925, 11.6237487, 12.388749750000002, 14.75888738000004, 18.865024
8.791438, 9.077807, 10.253739, 11.671043, 12.460371, 14.8228456, 26.889073
8.78961325, 9.0419, 10.154341, 11.657958, 12.52358155, 15.049793, 26.889073
8.790674, 9.036847, 10.1448915, 11.5676726, 12.31341725, 14.712997340000006, 26.889073
8.78284925, 9.039329500000001, 10.23324925, 11.703578, 12.503249750000002, 15.537698600000011, 19.563106
8.783974500000001, 9.051482, 10.25817675, 11.61575, 12.3836355, 14.747010640000003, 26.889073
8.868058750000001, 9.005561, 9.17384525, 9.439095799999999, 9.9599212, 11.85207711999999, 35.734803
8.86510275, 9.003403, 9.194471, 9.481122999999998, 9.9920452, 12.054631639999997, 35.330604
8.8803805, 9.034002000000001, 9.228762, 9.5106072, 9.7727585, 15.874409599999998, 22.552578
8.88445625, 9.0463165, 9.249952, 9.5184655, 9.7986111, 11.257035629999999, 36.893046
0, 0, 0, 0, 0, 0, 0
0, 0, 0, 0, 0, 0, 0
0, 0, 0, 0, 0, 0, 0
0, 0, 0, 0, 0, 0, 0
0, 0, 0, 0, 0, 0, 0
0, 0, 0, 0, 0, 0, 0
0, 0, 0, 0, 0, 0, 0
0, 0, 0, 0, 0, 0, 0
0, 0, 0, 0, 0, 0, 0
0, 0, 0, 0, 0, 0, 0
0, 0, 0, 0, 0, 0, 0
0, 0, 0, 0, 0, 0, 0
0, 0, 0, 0, 0, 0, 0
0, 0, 0, 0, 0, 0, 0
0, 0, 0, 0, 0, 0, 0
0, 0, 0, 0, 0, 0, 0
0, 0, 0, 0, 0, 0, 0
0, 0, 0, 0, 0, 0, 0
0, 0, 0, 0, 0, 0, 0
0, 0, 0, 0, 0, 0, 0
0, 0, 0, 0, 0, 0, 0
0, 0, 0, 0, 0, 0, 0
0, 0, 0, 0, 0, 0, 0
0, 0, 0, 0, 0, 0, 0
0, 0, 0, 0, 0, 0, 0
0, 0, 0, 0, 0, 0, 0
0, 0, 0, 0, 0, 0, 0
0, 0, 0, 0, 0, 0, 0
0, 0, 0, 0, 0, 0, 0
0, 0, 0, 0, 0, 0, 0
0, 0, 0, 0, 0, 0, 0
0, 0, 0, 0, 0, 0, 0
0, 0, 0, 0, 0, 0, 0
0, 0, 0, 0, 0, 0, 0
0, 0, 0, 0, 0, 0, 0
0, 0, 0, 0, 0, 0, 0
0, 0, 0, 0, 0, 0, 0
0, 0, 0, 0, 0, 0, 0
0, 0, 0, 0, 0, 0, 0
0, 0, 0, 0, 0, 0, 0
0, 0, 0, 0, 0, 0, 0
0, 0, 0, 0, 0, 0, 0
0, 0, 0, 0, 0, 0, 0
0, 0, 0, 0, 0, 0, 0
0, 0, 0, 0, 0, 0, 0
0, 0, 0, 0, 0, 0, 0
0, 0, 0, 0, 0, 0, 0
0, 0, 0, 0, 0, 0, 0
0, 0, 0, 0, 0, 0, 0
0, 0, 0, 0, 0, 0, 0
0, 0, 0, 0, 0, 0, 0
0, 0, 0, 0, 0, 0, 0
0, 0, 0, 0, 0, 0, 0
0, 0, 0, 0, 0, 0, 0
0, 0, 0, 0, 0, 0, 0
0, 0, 0, 0, 0, 0, 0
0, 0, 0, 0, 0, 0, 0
0, 0, 0, 0, 0, 0, 0
0, 0, 0, 0, 0, 0, 0
0, 0, 0, 0, 0, 0, 0
0, 0, 0, 0, 0, 0, 0
0, 0, 0, 0, 0, 0, 0
0, 0, 0, 0, 0, 0, 0
0, 0, 0, 0, 0, 0, 0
0, 0, 0, 0, 0, 0, 0
0, 0, 0, 0, 0, 0, 0
0, 0, 0, 0, 0, 0, 0
0, 0, 0, 0, 0, 0, 0
0, 0, 0, 0, 0, 0, 0
0, 0, 0, 0, 0, 0, 0
0, 0, 0, 0, 0, 0, 0
0, 0, 0, 0, 0, 0, 0
0, 0, 0, 0, 0, 0, 0
0, 0, 0, 0, 0, 0, 0
0, 0, 0, 0, 0, 0, 0
0, 0, 0, 0, 0, 0, 0
0, 0, 0, 0, 0, 0, 0
0, 0, 0, 0, 0, 0, 0
0, 0, 0, 0, 0, 0, 0
0, 0, 0, 0, 0, 0, 0
0, 0, 0, 0, 0, 0, 0
0, 0, 0, 0, 0, 0, 0
0, 0, 0, 0, 0, 0, 0
0, 0, 0, 0, 0, 0, 0
0, 0, 0, 0, 0, 0, 0
0, 0, 0, 0, 0, 0, 0
0, 0, 0, 0, 0, 0, 0
0, 0, 0, 0, 0, 0, 0
0, 0, 0, 0, 0, 0, 0
0, 0, 0, 0, 0, 0, 0
0, 0, 0, 0, 0, 0, 0
0, 0, 0, 0, 0, 0, 0
0, 0, 0, 0, 0, 0, 0
0, 0, 0, 0, 0, 0, 0
0, 0, 0, 0, 0, 0, 0
0, 0, 0, 0, 0, 0, 0
0, 0, 0, 0, 0, 0, 0
0, 0, 0, 0, 0, 0, 0
0, 0, 0, 0, 0, 0, 0
0, 0, 0, 0, 0, 0, 0
0, 0, 0, 0, 0, 0, 0
0, 0, 0, 0, 0, 0, 0
0, 0, 0, 0, 0, 0, 0
0, 0, 0, 0, 0, 0, 0
0, 0, 0, 0, 0, 0, 0
0, 0, 0, 0, 0, 0, 0
0, 0, 0, 0, 0, 0, 0
0, 0, 0, 0, 0, 0, 0
0, 0, 0, 0, 0, 0, 0
0, 0, 0, 0, 0, 0, 0
0, 0, 0, 0, 0, 0, 0
0, 0, 0, 0, 0, 0, 0
0, 0, 0, 0, 0, 0, 0
0, 0, 0, 0, 0, 0, 0
0, 0, 0, 0, 0, 0, 0
0, 0, 0, 0, 0, 0, 0
0, 0, 0, 0, 0, 0, 0
0, 0, 0, 0, 0, 0, 0
0, 0, 0, 0, 0, 0, 0
0, 0, 0, 0, 0, 0, 0
0, 0, 0, 0, 0, 0, 0
0, 0, 0, 0, 0, 0, 0
0, 0, 0, 0, 0, 0, 0
0, 0, 0, 0, 0, 0, 0
0, 0, 0, 0, 0, 0, 0
0, 0, 0, 0, 0, 0, 0
0, 0, 0, 0, 0, 0, 0
0, 0, 0, 0, 0, 0, 0
0, 0, 0, 0, 0, 0, 0
0, 0, 0, 0, 0, 0, 0
0, 0, 0, 0, 0, 0, 0
0, 0, 0, 0, 0, 0, 0
0, 0, 0, 0, 0, 0, 0
0, 0, 0, 0, 0, 0, 0
0, 0, 0, 0, 0, 0, 0
0, 0, 0, 0, 0, 0, 0
0, 0, 0, 0, 0, 0, 0
0, 0, 0, 0, 0, 0, 0
0, 0, 0, 0, 0, 0, 0
0, 0, 0, 0, 0, 0, 0
0, 0, 0, 0, 0, 0, 0
0, 0, 0, 0, 0, 0, 0
0, 0, 0, 0, 0, 0, 0
0, 0, 0, 0, 0, 0, 0
0, 0, 0, 0, 0, 0, 0
0, 0, 0, 0, 0, 0, 0
0, 0, 0, 0, 0, 0, 0
0, 0, 0, 0, 0, 0, 0
0, 0, 0, 0, 0, 0, 0
0, 0, 0, 0, 0, 0, 0
0, 0, 0, 0, 0, 0, 0
0, 0, 0, 0, 0, 0, 0
0, 0, 0, 0, 0, 0, 0
0, 0, 0, 0, 0, 0, 0
0, 0, 0, 0, 0, 0, 0
0, 0, 0, 0, 0, 0, 0
0, 0, 0, 0, 0, 0, 0
0, 0, 0, 0, 0, 0, 0
0, 0, 0, 0, 0, 0, 0
0, 0, 0, 0, 0, 0, 0
0, 0, 0, 0, 0, 0, 0
0, 0, 0, 0, 0, 0, 0
0, 0, 0, 0, 0, 0, 0
0, 0, 0, 0, 0, 0, 0
0, 0, 0, 0, 0, 0, 0
0, 0, 0, 0, 0, 0, 0
0, 0, 0, 0, 0, 0, 0
0, 0, 0, 0, 0, 0, 0
0, 0, 0, 0, 0, 0, 0
0, 0, 0, 0, 0, 0, 0
0, 0, 0, 0, 0, 0, 0
0, 0, 0, 0, 0, 0, 0
0, 0, 0, 0, 0, 0, 0
0, 0, 0, 0, 0, 0, 0
0, 0, 0, 0, 0, 0, 0
0, 0, 0, 0, 0, 0, 0
0, 0, 0, 0, 0, 0, 0
0, 0, 0, 0, 0, 0, 0
0, 0, 0, 0, 0, 0, 0
0, 0, 0, 0, 0, 0, 0
0, 0, 0, 0, 0, 0, 0
0, 0, 0, 0, 0, 0, 0
0, 0, 0, 0, 0, 0, 0
0, 0, 0, 0, 0, 0, 0
0, 0, 0, 0, 0, 0, 0
0, 0, 0, 0, 0, 0, 0
0, 0, 0, 0, 0, 0, 0
0, 0, 0, 0, 0, 0, 0
0, 0, 0, 0, 0, 0, 0
0, 0, 0, 0, 0, 0, 0
0, 0, 0, 0, 0, 0, 0
0, 0, 0, 0, 0, 0, 0
0, 0, 0, 0, 0, 0, 0
0, 0, 0, 0, 0, 0, 0
0, 0, 0, 0, 0, 0, 0
0, 0, 0, 0, 0, 0, 0
0, 0, 0, 0, 0, 0, 0
0, 0, 0, 0, 0, 0, 0
0, 0, 0, 0, 0, 0, 0
0, 0, 0, 0, 0, 0, 0
0, 0, 0, 0, 0, 0, 0
0, 0, 0, 0, 0, 0, 0
0, 0, 0, 0, 0, 0, 0
0, 0, 0, 0, 0, 0, 0
0, 0, 0, 0, 0, 0, 0
0, 0, 0, 0, 0, 0, 0
0, 0, 0, 0, 0, 0, 0
0, 0, 0, 0, 0, 0, 0
0, 0, 0, 0, 0, 0, 0
0, 0, 0, 0, 0, 0, 0
0, 0, 0, 0, 0, 0, 0
0, 0, 0, 0, 0, 0, 0
0, 0, 0, 0, 0, 0, 0
0, 0, 0, 0, 0, 0, 0
0, 0, 0, 0, 0, 0, 0
0, 0, 0, 0, 0, 0, 0
0, 0, 0, 0, 0, 0, 0
0, 0, 0, 0, 0, 0, 0
0, 0, 0, 0, 0, 0, 0
0, 0, 0, 0, 0, 0, 0
0, 0, 0, 0, 0, 0, 0
0, 0, 0, 0, 0, 0, 0
0, 0, 0, 0, 0, 0, 0
0, 0, 0, 0, 0, 0, 0
0, 0, 0, 0, 0, 0, 0
0, 0, 0, 0, 0, 0, 0
0, 0, 0, 0, 0, 0, 0
0, 0, 0, 0, 0, 0, 0
0, 0, 0, 0, 0, 0, 0
0, 0, 0, 0, 0, 0, 0
0, 0, 0, 0, 0, 0, 0
0, 0, 0, 0, 0, 0, 0
0, 0, 0, 0, 0, 0, 0
0, 0, 0, 0, 0, 0, 0
0, 0, 0, 0, 0, 0, 0
0, 0, 0, 0, 0, 0, 0
0, 0, 0, 0, 0, 0, 0
0, 0, 0, 0, 0, 0, 0
0, 0, 0, 0, 0, 0, 0
0, 0, 0, 0, 0, 0, 0
0, 0, 0, 0, 0, 0, 0
0, 0, 0, 0, 0, 0, 0
0, 0, 0, 0, 0, 0, 0
0, 0, 0, 0, 0, 0, 0
0, 0, 0, 0, 0, 0, 0
0, 0, 0, 0, 0, 0, 0
0, 0, 0, 0, 0, 0, 0
0, 0, 0, 0, 0, 0, 0
0, 0, 0, 0, 0, 0, 0
0, 0, 0, 0, 0, 0, 0
0, 0, 0, 0, 0, 0, 0
0, 0, 0, 0, 0, 0, 0
0, 0, 0, 0, 0, 0, 0
0, 0, 0, 0, 0, 0, 0
0, 0, 0, 0, 0, 0, 0
0, 0, 0, 0, 0, 0, 0
0, 0, 0, 0, 0, 0, 0
0, 0, 0, 0, 0, 0, 0
0, 0, 0, 0, 0, 0, 0
0, 0, 0, 0, 0, 0, 0
0, 0, 0, 0, 0, 0, 0
0, 0, 0, 0, 0, 0, 0
0, 0, 0, 0, 0, 0, 0
0, 0, 0, 0, 0, 0, 0
0, 0, 0, 0, 0, 0, 0
0, 0, 0, 0, 0, 0, 0
0, 0, 0, 0, 0, 0, 0
0, 0, 0, 0, 0, 0, 0
0, 0, 0, 0, 0, 0, 0
0, 0, 0, 0, 0, 0, 0
0, 0, 0, 0, 0, 0, 0
0, 0, 0, 0, 0, 0, 0
0, 0, 0, 0, 0, 0, 0
0, 0, 0, 0, 0, 0, 0
0, 0, 0, 0, 0, 0, 0
0, 0, 0, 0, 0, 0, 0
0, 0, 0, 0, 0, 0, 0
0, 0, 0, 0, 0, 0, 0
0, 0, 0, 0, 0, 0, 0
0, 0, 0, 0, 0, 0, 0
0, 0, 0, 0, 0, 0, 0
0, 0, 0, 0, 0, 0, 0
0, 0, 0, 0, 0, 0, 0
0, 0, 0, 0, 0, 0, 0
0, 0, 0, 0, 0, 0, 0
0, 0, 0, 0, 0, 0, 0
0, 0, 0, 0, 0, 0, 0
0, 0, 0, 0, 0, 0, 0
0, 0, 0, 0, 0, 0, 0
0, 0, 0, 0, 0, 0, 0
0, 0, 0, 0, 0, 0, 0
0, 0, 0, 0, 0, 0, 0
0, 0, 0, 0, 0, 0, 0
0, 0, 0, 0, 0, 0, 0
0, 0, 0, 0, 0, 0, 0
0, 0, 0, 0, 0, 0, 0
0, 0, 0, 0, 0, 0, 0
0, 0, 0, 0, 0, 0, 0
0, 0, 0, 0, 0, 0, 0
0, 0, 0, 0, 0, 0, 0
0, 0, 0, 0, 0, 0, 0
0, 0, 0, 0, 0, 0, 0
0, 0, 0, 0, 0, 0, 0
0, 0, 0, 0, 0, 0, 0
0, 0, 0, 0, 0, 0, 0
0, 0, 0, 0, 0, 0, 0
0, 0, 0, 0, 0, 0, 0
0, 0, 0, 0, 0, 0, 0
0, 0, 0, 0, 0, 0, 0
0, 0, 0, 0, 0, 0, 0
0, 0, 0, 0, 0, 0, 0
0, 0, 0, 0, 0, 0, 0
0, 0, 0, 0, 0, 0, 0
0, 0, 0, 0, 0, 0, 0
0, 0, 0, 0, 0, 0, 0
0, 0, 0, 0, 0, 0, 0
0, 0, 0, 0, 0, 0, 0
0, 0, 0, 0, 0, 0, 0
0, 0, 0, 0, 0, 0, 0
0, 0, 0, 0, 0, 0, 0
0, 0, 0, 0, 0, 0, 0
0, 0, 0, 0, 0, 0, 0
0, 0, 0, 0, 0, 0, 0
0, 0, 0, 0, 0, 0, 0
0, 0, 0, 0, 0, 0, 0
0, 0, 0, 0, 0, 0, 0
0, 0, 0, 0, 0, 0, 0
0, 0, 0, 0, 0, 0, 0
0, 0, 0, 0, 0, 0, 0
0, 0, 0, 0, 0, 0, 0
0, 0, 0, 0, 0, 0, 0
0, 0, 0, 0, 0, 0, 0
0, 0, 0, 0, 0, 0, 0
0, 0, 0, 0, 0, 0, 0
0, 0, 0, 0, 0, 0, 0
0, 0, 0, 0, 0, 0, 0
0, 0, 0, 0, 0, 0, 0
0, 0, 0, 0, 0, 0, 0
0, 0, 0, 0, 0, 0, 0
0, 0, 0, 0, 0, 0, 0
0, 0, 0, 0, 0, 0, 0
0, 0, 0, 0, 0, 0, 0
0, 0, 0, 0, 0, 0, 0
0, 0, 0, 0, 0, 0, 0
0, 0, 0, 0, 0, 0, 0
0, 0, 0, 0, 0, 0, 0
0, 0, 0, 0, 0, 0, 0
0, 0, 0, 0, 0, 0, 0
0, 0, 0, 0, 0, 0, 0
0, 0, 0, 0, 0, 0, 0
0, 0, 0, 0, 0, 0, 0
0, 0, 0, 0, 0, 0, 0
0, 0, 0, 0, 0, 0, 0
0, 0, 0, 0, 0, 0, 0
0, 0, 0, 0, 0, 0, 0
0, 0, 0, 0, 0, 0, 0
0, 0, 0, 0, 0, 0, 0
0, 0, 0, 0, 0, 0, 0
0, 0, 0, 0, 0, 0, 0
0, 0, 0, 0, 0, 0, 0
0, 0, 0, 0, 0, 0, 0
0, 0, 0, 0, 0, 0, 0
0, 0, 0, 0, 0, 0, 0
0, 0, 0, 0, 0, 0, 0
0, 0, 0, 0, 0, 0, 0
0, 0, 0, 0, 0, 0, 0
0, 0, 0, 0, 0, 0, 0
0, 0, 0, 0, 0, 0, 0
0, 0, 0, 0, 0, 0, 0
0, 0, 0, 0, 0, 0, 0
0, 0, 0, 0, 0, 0, 0
0, 0, 0, 0, 0, 0, 0
0, 0, 0, 0, 0, 0, 0
0, 0, 0, 0, 0, 0, 0
0, 0, 0, 0, 0, 0, 0
0, 0, 0, 0, 0, 0, 0
0, 0, 0, 0, 0, 0, 0
0, 0, 0, 0, 0, 0, 0
0, 0, 0, 0, 0, 0, 0
0, 0, 0, 0, 0, 0, 0
0, 0, 0, 0, 0, 0, 0
0, 0, 0, 0, 0, 0, 0
0, 0, 0, 0, 0, 0, 0
0, 0, 0, 0, 0, 0, 0
0, 0, 0, 0, 0, 0, 0
0, 0, 0, 0, 0, 0, 0
0, 0, 0, 0, 0, 0, 0
0, 0, 0, 0, 0, 0, 0
0, 0, 0, 0, 0, 0, 0
0, 0, 0, 0, 0, 0, 0
0, 0, 0, 0, 0, 0, 0
0, 0, 0, 0, 0, 0, 0
0, 0, 0, 0, 0, 0, 0
0, 0, 0, 0, 0, 0, 0
0, 0, 0, 0, 0, 0, 0
0, 0, 0, 0, 0, 0, 0
0, 0, 0, 0, 0, 0, 0
0, 0, 0, 0, 0, 0, 0
0, 0, 0, 0, 0, 0, 0
0, 0, 0, 0, 0, 0, 0
0, 0, 0, 0, 0, 0, 0
0, 0, 0, 0, 0, 0, 0
0, 0, 0, 0, 0, 0, 0
0, 0, 0, 0, 0, 0, 0
0, 0, 0, 0, 0, 0, 0
0, 0, 0, 0, 0, 0, 0
0, 0, 0, 0, 0, 0, 0
0, 0, 0, 0, 0, 0, 0
0, 0, 0, 0, 0, 0, 0
0, 0, 0, 0, 0, 0, 0
0, 0, 0, 0, 0, 0, 0
0, 0, 0, 0, 0, 0, 0
0, 0, 0, 0, 0, 0, 0
0, 0, 0, 0, 0, 0, 0
0, 0, 0, 0, 0, 0, 0
0, 0, 0, 0, 0, 0, 0
0, 0, 0, 0, 0, 0, 0
0, 0, 0, 0, 0, 0, 0
0, 0, 0, 0, 0, 0, 0
0, 0, 0, 0, 0, 0, 0
0, 0, 0, 0, 0, 0, 0
0, 0, 0, 0, 0, 0, 0
0, 0, 0, 0, 0, 0, 0
0, 0, 0, 0, 0, 0, 0
0, 0, 0, 0, 0, 0, 0
0, 0, 0, 0, 0, 0, 0
0, 0, 0, 0, 0, 0, 0
0, 0, 0, 0, 0, 0, 0
0, 0, 0, 0, 0, 0, 0
0, 0, 0, 0, 0, 0, 0
0, 0, 0, 0, 0, 0, 0
0, 0, 0, 0, 0, 0, 0
0, 0, 0, 0, 0, 0, 0
0, 0, 0, 0, 0, 0, 0
0, 0, 0, 0, 0, 0, 0
0, 0, 0, 0, 0, 0, 0
0, 0, 0, 0, 0, 0, 0
0, 0, 0, 0, 0, 0, 0
0, 0, 0, 0, 0, 0, 0
0, 0, 0, 0, 0, 0, 0
0, 0, 0, 0, 0, 0, 0
0, 0, 0, 0, 0, 0, 0
0, 0, 0, 0, 0, 0, 0
0, 0, 0, 0, 0, 0, 0
0, 0, 0, 0, 0, 0, 0
0, 0, 0, 0, 0, 0, 0
0, 0, 0, 0, 0, 0, 0
0, 0, 0, 0, 0, 0, 0
0, 0, 0, 0, 0, 0, 0
0, 0, 0, 0, 0, 0, 0
0, 0, 0, 0, 0, 0, 0
0, 0, 0, 0, 0, 0, 0
0, 0, 0, 0, 0, 0, 0
0, 0, 0, 0, 0, 0, 0
0, 0, 0, 0, 0, 0, 0
0, 0, 0, 0, 0, 0, 0
0, 0, 0, 0, 0, 0, 0
0, 0, 0, 0, 0, 0, 0
0, 0, 0, 0, 0, 0, 0
0, 0, 0, 0, 0, 0, 0
0, 0, 0, 0, 0, 0, 0
0, 0, 0, 0, 0, 0, 0
0, 0, 0, 0, 0, 0, 0
0, 0, 0, 0, 0, 0, 0
0, 0, 0, 0, 0, 0, 0
0, 0, 0, 0, 0, 0, 0
0, 0, 0, 0, 0, 0, 0
0, 0, 0, 0, 0, 0, 0
0, 0, 0, 0, 0, 0, 0
0, 0, 0, 0, 0, 0, 0
0, 0, 0, 0, 0, 0, 0
0, 0, 0, 0, 0, 0, 0
0, 0, 0, 0, 0, 0, 0
0, 0, 0, 0, 0, 0, 0
0, 0, 0, 0, 0, 0, 0
0, 0, 0, 0, 0, 0, 0
0, 0, 0, 0, 0, 0, 0
0, 0, 0, 0, 0, 0, 0
0, 0, 0, 0, 0, 0, 0
0, 0, 0, 0, 0, 0, 0
0, 0, 0, 0, 0, 0, 0
0, 0, 0, 0, 0, 0, 0
0, 0, 0, 0, 0, 0, 0
0, 0, 0, 0, 0, 0, 0
0, 0, 0, 0, 0, 0, 0
0, 0, 0, 0, 0, 0, 0
0, 0, 0, 0, 0, 0, 0
0, 0, 0, 0, 0, 0, 0
0, 0, 0, 0, 0, 0, 0
0, 0, 0, 0, 0, 0, 0
0, 0, 0, 0, 0, 0, 0
0, 0, 0, 0, 0, 0, 0
0, 0, 0, 0, 0, 0, 0
0, 0, 0, 0, 0, 0, 0
0, 0, 0, 0, 0, 0, 0
0, 0, 0, 0, 0, 0, 0
0, 0, 0, 0, 0, 0, 0
0, 0, 0, 0, 0, 0, 0
0, 0, 0, 0, 0, 0, 0
0, 0, 0, 0, 0, 0, 0
0, 0, 0, 0, 0, 0, 0
0, 0, 0, 0, 0, 0, 0
0, 0, 0, 0, 0, 0, 0
0, 0, 0, 0, 0, 0, 0
0, 0, 0, 0, 0, 0, 0
0, 0, 0, 0, 0, 0, 0
0, 0, 0, 0, 0, 0, 0
0, 0, 0, 0, 0, 0, 0
0, 0, 0, 0, 0, 0, 0
0, 0, 0, 0, 0, 0, 0
0, 0, 0, 0, 0, 0, 0
0, 0, 0, 0, 0, 0, 0
0, 0, 0, 0, 0, 0, 0
0, 0, 0, 0, 0, 0, 0
0, 0, 0, 0, 0, 0, 0
0, 0, 0, 0, 0, 0, 0
0, 0, 0, 0, 0, 0, 0
0, 0, 0, 0, 0, 0, 0
0, 0, 0, 0, 0, 0, 0
0, 0, 0, 0, 0, 0, 0
0, 0, 0, 0, 0, 0, 0
0, 0, 0, 0, 0, 0, 0
0, 0, 0, 0, 0, 0, 0
0, 0, 0, 0, 0, 0, 0
0, 0, 0, 0, 0, 0, 0
0, 0, 0, 0, 0, 0, 0
0, 0, 0, 0, 0, 0, 0
0, 0, 0, 0, 0, 0, 0
0, 0, 0, 0, 0, 0, 0
0, 0, 0, 0, 0, 0, 0
0, 0, 0, 0, 0, 0, 0
0, 0, 0, 0, 0, 0, 0
0, 0, 0, 0, 0, 0, 0
0, 0, 0, 0, 0, 0, 0
0, 0, 0, 0, 0, 0, 0
0, 0, 0, 0, 0, 0, 0
0, 0, 0, 0, 0, 0, 0
0, 0, 0, 0, 0, 0, 0
0, 0, 0, 0, 0, 0, 0
0, 0, 0, 0, 0, 0, 0
0, 0, 0, 0, 0, 0, 0
0, 0, 0, 0, 0, 0, 0
0, 0, 0, 0, 0, 0, 0
0, 0, 0, 0, 0, 0, 0
0, 0, 0, 0, 0, 0, 0
0, 0, 0, 0, 0, 0, 0
0, 0, 0, 0, 0, 0, 0
0, 0, 0, 0, 0, 0, 0
0, 0, 0, 0, 0, 0, 0
0, 0, 0, 0, 0, 0, 0
0, 0, 0, 0, 0, 0, 0
0, 0, 0, 0, 0, 0, 0
0, 0, 0, 0, 0, 0, 0
0, 0, 0, 0, 0, 0, 0
0, 0, 0, 0, 0, 0, 0
0, 0, 0, 0, 0, 0, 0
0, 0, 0, 0, 0, 0, 0
0, 0, 0, 0, 0, 0, 0
0, 0, 0, 0, 0, 0, 0
0, 0, 0, 0, 0, 0, 0
0, 0, 0, 0, 0, 0, 0
0, 0, 0, 0, 0, 0, 0
0, 0, 0, 0, 0, 0, 0
0, 0, 0, 0, 0, 0, 0
0, 0, 0, 0, 0, 0, 0
0, 0, 0, 0, 0, 0, 0
0, 0, 0, 0, 0, 0, 0
0, 0, 0, 0, 0, 0, 0
0, 0, 0, 0, 0, 0, 0
0, 0, 0, 0, 0, 0, 0
0, 0, 0, 0, 0, 0, 0
0, 0, 0, 0, 0, 0, 0
0, 0, 0, 0, 0, 0, 0
0, 0, 0, 0, 0, 0, 0
0, 0, 0, 0, 0, 0, 0
0, 0, 0, 0, 0, 0, 0
0, 0, 0, 0, 0, 0, 0
0, 0, 0, 0, 0, 0, 0
0, 0, 0, 0, 0, 0, 0
0, 0, 0, 0, 0, 0, 0
0, 0, 0, 0, 0, 0, 0
0, 0, 0, 0, 0, 0, 0
0, 0, 0, 0, 0, 0, 0
0, 0, 0, 0, 0, 0, 0
0, 0, 0, 0, 0, 0, 0
0, 0, 0, 0, 0, 0, 0
0, 0, 0, 0, 0, 0, 0
0, 0, 0, 0, 0, 0, 0
0, 0, 0, 0, 0, 0, 0
0, 0, 0, 0, 0, 0, 0
0, 0, 0, 0, 0, 0, 0
0, 0, 0, 0, 0, 0, 0
0, 0, 0, 0, 0, 0, 0
0, 0, 0, 0, 0, 0, 0
0, 0, 0, 0, 0, 0, 0
0, 0, 0, 0, 0, 0, 0
0, 0, 0, 0, 0, 0, 0
0, 0, 0, 0, 0, 0, 0
0, 0, 0, 0, 0, 0, 0
0, 0, 0, 0, 0, 0, 0
0, 0, 0, 0, 0, 0, 0
0, 0, 0, 0, 0, 0, 0
0, 0, 0, 0, 0, 0, 0
0, 0, 0, 0, 0, 0, 0
0, 0, 0, 0, 0, 0, 0
0, 0, 0, 0, 0, 0, 0
0, 0, 0, 0, 0, 0, 0
0, 0, 0, 0, 0, 0, 0
0, 0, 0, 0, 0, 0, 0
0, 0, 0, 0, 0, 0, 0
0, 0, 0, 0, 0, 0, 0
0, 0, 0, 0, 0, 0, 0
0, 0, 0, 0, 0, 0, 0
0, 0, 0, 0, 0, 0, 0
0, 0, 0, 0, 0, 0, 0
0, 0, 0, 0, 0, 0, 0
0, 0, 0, 0, 0, 0, 0
0, 0, 0, 0, 0, 0, 0
0, 0, 0, 0, 0, 0, 0
0, 0, 0, 0, 0, 0, 0
0, 0, 0, 0, 0, 0, 0
0, 0, 0, 0, 0, 0, 0
0, 0, 0, 0, 0, 0, 0
0, 0, 0, 0, 0, 0, 0
0, 0, 0, 0, 0, 0, 0
0, 0, 0, 0, 0, 0, 0
0, 0, 0, 0, 0, 0, 0
0, 0, 0, 0, 0, 0, 0
0, 0, 0, 0, 0, 0, 0
0, 0, 0, 0, 0, 0, 0
0, 0, 0, 0, 0, 0, 0
0, 0, 0, 0, 0, 0, 0
0, 0, 0, 0, 0, 0, 0
0, 0, 0, 0, 0, 0, 0
0, 0, 0, 0, 0, 0, 0
0, 0, 0, 0, 0, 0, 0
0, 0, 0, 0, 0, 0, 0
0, 0, 0, 0, 0, 0, 0
0, 0, 0, 0, 0, 0, 0
0, 0, 0, 0, 0, 0, 0
0, 0, 0, 0, 0, 0, 0
0, 0, 0, 0, 0, 0, 0
0, 0, 0, 0, 0, 0, 0
0, 0, 0, 0, 0, 0, 0
0, 0, 0, 0, 0, 0, 0
0, 0, 0, 0, 0, 0, 0
0, 0, 0, 0, 0, 0, 0
0, 0, 0, 0, 0, 0, 0
0, 0, 0, 0, 0, 0, 0
0, 0, 0, 0, 0, 0, 0
0, 0, 0, 0, 0, 0, 0
0, 0, 0, 0, 0, 0, 0
0, 0, 0, 0, 0, 0, 0
0, 0, 0, 0, 0, 0, 0
0, 0, 0, 0, 0, 0, 0
0, 0, 0, 0, 0, 0, 0
0, 0, 0, 0, 0, 0, 0
0, 0, 0, 0, 0, 0, 0
0, 0, 0, 0, 0, 0, 0
0, 0, 0, 0, 0, 0, 0
0, 0, 0, 0, 0, 0, 0
0, 0, 0, 0, 0, 0, 0
0, 0, 0, 0, 0, 0, 0
0, 0, 0, 0, 0, 0, 0
0, 0, 0, 0, 0, 0, 0
0, 0, 0, 0, 0, 0, 0
0, 0, 0, 0, 0, 0, 0
0, 0, 0, 0, 0, 0, 0
0, 0, 0, 0, 0, 0, 0
0, 0, 0, 0, 0, 0, 0
0, 0, 0, 0, 0, 0, 0
0, 0, 0, 0, 0, 0, 0
0, 0, 0, 0, 0, 0, 0
0, 0, 0, 0, 0, 0, 0
0, 0, 0, 0, 0, 0, 0
0, 0, 0, 0, 0, 0, 0
0, 0, 0, 0, 0, 0, 0
0, 0, 0, 0, 0, 0, 0
0, 0, 0, 0, 0, 0, 0
0, 0, 0, 0, 0, 0, 0
0, 0, 0, 0, 0, 0, 0
0, 0, 0, 0, 0, 0, 0
0, 0, 0, 0, 0, 0, 0
0, 0, 0, 0, 0, 0, 0
0, 0, 0, 0, 0, 0, 0
0, 0, 0, 0, 0, 0, 0
0, 0, 0, 0, 0, 0, 0
0, 0, 0, 0, 0, 0, 0
0, 0, 0, 0, 0, 0, 0
0, 0, 0, 0, 0, 0, 0
0, 0, 0, 0, 0, 0, 0
0, 0, 0, 0, 0, 0, 0
0, 0, 0, 0, 0, 0, 0
0, 0, 0, 0, 0, 0, 0
0, 0, 0, 0, 0, 0, 0
0, 0, 0, 0, 0, 0, 0
0, 0, 0, 0, 0, 0, 0
0, 0, 0, 0, 0, 0, 0
8.897804749999999, 9.055233000000001, 9.246693500000001, 9.4826502, 9.774137, 14.60631635, 24.370709
8.8753635, 9.030992, 9.21541075, 9.4805065, 9.807367, 16.478364629999998, 52.853195
8.8800155, 9.0413635, 9.228037, 9.497408100000001, 9.672934699999999, 13.915245, 23.303856
8.90102525, 9.043444000000001, 9.2430005, 9.5378891, 9.738486049999999, 14.779568679999999, 21.371576
8.88855, 9.0458275, 9.237870000000001, 9.550811099999999, 9.79520305, 16.099406520000002, 32.855096
8.8746595, 9.0295985, 9.22905825, 9.4976321, 9.7403794, 11.104751579999995, 52.853195
8.88248725, 9.0398505, 9.253069, 9.513154700000001, 9.74224415, 14.195220159999998, 19.072953
8.905366, 9.0424645, 9.230932750000001, 9.534882, 9.7764415, 16.10960347, 52.853195
8.875383249999999, 9.027916000000001, 9.23981925, 9.5300344, 9.76141965, 15.271581689999993, 20.217992
8.90023775, 9.060781500000001, 9.254814750000001, 9.5418106, 9.818857799999998, 16.10960347, 24.370709
8.88993425, 9.0488745, 9.254366, 9.5293807, 9.7403794, 16.221439779999997, 23.303856
8.88213525, 9.042874, 9.235054, 9.5301354, 9.748175, 11.378013359999995, 23.303856
8.8838, 9.044519000000001, 9.238534, 9.5017654, 9.76401005, 13.562622999999993, 32.855096
8.863792499999999, 8.9962365, 9.177047, 9.4221854, 9.916667349999996, 11.780132279999997, 35.734803
8.862443, 9.00448, 9.16638, 9.4122283, 9.716083499999996, 11.815764149999996, 24.923449
8.869261, 9.004820500000001, 9.1771515, 9.4720368, 10.092152, 12.372591799999999, 35.330604
8.858853, 8.9967855, 9.179747, 9.4571323, 9.929915249999999, 12.047984, 33.51644
8.862596250000001, 9.001581, 9.166037, 9.4236801, 9.8192267, 11.896706339999996, 37.448702
8.860784500000001, 9.000945000000002, 9.16383, 9.459141, 9.994264399999999, 11.91362787999999, 35.487972
8.86378, 9.0063445, 9.17886275, 9.4222489, 9.913476399999999, 11.749748149999984, 35.734803
8.8740185, 9.008315, 9.179298750000001, 9.4456253, 9.9499455, 12.003135779999997, 37.448702
8.860885249999999, 9.006569500000001, 9.17741225, 9.4593215, 9.896459749999998, 11.81034202999999, 35.734803
8.86518575, 8.993110999999999, 9.16288325, 9.442472, 9.929522299999999, 11.815764149999996, 35.734803
8.869855999999999, 9.0038935, 9.192294749999999, 9.5008236, 10.042222949999998, 12.054631639999997, 37.448702
8.854882, 8.9928195, 9.176253500000001, 9.4589331, 9.952919, 12.070419, 37.448702
8.86116075, 9.007979, 9.181374250000001, 9.458287, 9.860794099999998, 11.87444791, 35.487972
8.86662425, 9.004908, 9.18552275, 9.465519, 9.974308199999998, 11.932546299999998, 35.487972
8.868137, 9.006185, 9.183206250000001, 9.433837, 9.994264399999999, 11.903319539999996, 35.330604
8.863937, 9.002863999999999, 9.174627000000001, 9.445860999999999, 10.024445299999995, 11.999825449999989, 35.487972
8.86794375, 8.9997695, 9.1839495, 9.4414199, 9.860899749999998, 11.718711779999994, 35.734803
8.86708375, 9.0015815, 9.17932575, 9.4559762, 9.853784649999998, 11.897930429999999, 16.928153
8.86329, 9.002208, 9.175151249999999, 9.4659455, 9.879181, 11.875033, 16.928153
8.870053500000001, 9.000544999999999, 9.17880875, 9.4574401, 9.985579, 11.999890119999987, 35.487972
8.86343925, 8.997788, 9.171532, 9.440024000000001, 9.929366, 11.714033479999989, 35.330604
8.8688655, 9.001815, 9.18274925, 9.4459875, 9.900354699999996, 12.223577699999993, 35.734803
8.8738595, 9.0077035, 9.17872475, 9.4615552, 9.9812166, 12.071412479999976, 37.448702
8.863898, 8.999246, 9.17068525, 9.430895, 9.898004399999996, 11.81034202999999, 35.734803
8.86252675, 9.000233, 9.17510425, 9.4505011, 9.908505849999997, 11.961075, 37.448702
8.862357000000001, 8.991951, 9.174758, 9.4277998, 9.921087849999997, 12.070419, 37.448702
8.862331999999999, 9.0016295, 9.192439, 9.466644299999999, 9.94988625, 11.738699879999997, 37.448702
8.791327249999998, 9.064587, 10.2808485, 11.680077000000002, 12.4923874, 14.954620200000017, 26.889073
8.792278, 9.047141, 10.278133, 11.651680200000001, 12.530054800000002, 14.815255450000002, 26.889073
8.785611, 9.051341, 10.217979, 11.6326631, 12.386087300000003, 14.74159666, 19.563106
8.789157, 9.073093499999999, 10.21078275, 11.6498139, 12.512688, 15.029822570000047, 26.889073
8.792301, 9.0756035, 10.24267925, 11.6177904, 12.42324385, 14.741698300000003, 26.889073
8.78362975, 9.053535, 10.1998155, 11.5823364, 12.383349, 14.932743420000001, 19.393533
8.78310975, 9.040628, 10.1994105, 11.6621804, 12.444854650000002, 14.721813600000004, 18.677002
8.6459585, 9.128175500000001, 10.820100499999999, 12.453546500000002, 13.93484, 18.052882, 34.462112
8.6414205, 9.1269735, 10.80190825, 12.500241, 14.095492549999998, 17.922138370000003, 38.813544
8.65146875, 9.139831, 10.831139499999999, 12.498776, 14.223304, 17.612121870000006, 34.462112
8.649837, 9.118408, 10.823185, 12.424355, 13.961357199999998, 17.70915502000002, 38.813544
9.126655, 11.213649499999999, 14.104936, 17.466592, 20.019591999999996, 25.46558043000002, 44.22794
9.11089775, 11.203379, 14.1750555, 17.558528, 20.05933214999999, 25.907049, 44.22794
9.13159, 11.250906, 14.10802825, 17.513247200000002, 20.07667829999999, 25.386005, 40.625286
9.07539, 11.178128, 14.016196, 17.3602266, 19.742944849999997, 25.186542140000018, 44.22794
9.11806025, 11.219885, 14.060525, 17.3186179, 19.707434299999992, 25.607038, 44.22794
9.12849225, 11.2686595, 14.08532025, 17.400589, 19.781006, 25.10130853000002, 40.625286
9.103655499999999, 11.197627, 14.016196, 17.2618039, 19.799011699999987, 25.786771, 40.625286
9.11495, 11.239497, 14.198669, 17.292050000000003, 19.753229, 25.786816660000003, 40.625286
9.1342035, 11.281358, 14.047847, 17.3651018, 19.89221, 26.227057190000018, 44.22794
9.102697, 11.244737, 14.130392749999999, 17.452695, 19.897960549999997, 26.511409660000005, 44.22794
9.131255, 11.261554, 14.059709, 17.448374, 20.019433, 25.792145820000016, 39.815707
9.115582499999999, 11.204613, 13.94165, 17.285785, 19.667043899999996, 25.386125990000004, 40.625286
9.102697, 11.229555999999999, 14.09653, 17.357815, 19.714086, 25.102042670000035, 44.22794
9.09837925, 11.2297175, 14.036482, 17.321749500000003, 19.667023549999996, 25.908130130000025, 44.22794
9.1204235, 11.16628, 14.060525, 17.2855281, 19.691723199999977, 25.259308210000004, 40.625286
9.114164, 11.246837, 14.02019175, 17.474730300000008, 19.706460349999993, 25.334118, 44.22794
9.136063, 11.254216, 14.072194, 17.3166156, 20.019651849999995, 25.792145820000016, 44.22794
9.09992825, 11.278555, 14.202024250000001, 17.708776, 20.159316, 25.786771, 40.625286
9.12402075, 11.183756, 13.971495749999999, 17.274912500000003, 19.745184, 25.46558043000002, 44.22794
9.098804, 11.179336, 13.92971425, 17.369627, 20.004899, 25.46595706000003, 44.22794
9.11132025, 11.181026, 14.0085785, 17.2894733, 19.667023549999996, 25.398104, 40.625286
9.11132025, 11.207654, 14.042715, 17.405764, 19.71428855, 24.987634, 44.22794
9.08976, 11.2205725, 14.00984425, 17.51518670000001, 19.975911049999986, 26.124527060000016, 44.22794
9.13496525, 11.2518835, 14.09614, 17.3602266, 19.820696299999987, 25.678368970000026, 40.625286
9.10827125, 11.200854, 13.98881575, 17.395163800000002, 19.874443449999998, 25.607038, 40.625286
9.09763025, 11.244493, 14.071423, 17.3602266, 20.00505045, 26.227057190000018, 44.22794
8.8315525, 9.015073, 9.370226, 10.8589278, 11.76268705, 14.005584810000041, 106.76161420590091
8.8309245, 9.0178785, 9.38270575, 10.9120386, 11.874442, 14.134693, 35.487972
8.829444500000001, 9.011335, 9.362739, 10.8448742, 11.751512199999997, 13.892522029999954, 33.51644
8.83478, 9.019114, 9.3675315, 10.875123, 11.836901, 13.862658499999995, 37.448702
8.7835005, 9.047762, 10.225062, 11.6599818, 12.462855, 14.831956519999933, 26.889073
8.793989, 9.068683, 10.257808, 11.694287600000003, 12.532010849999999, 15.021127, 26.889073
8.7895155, 9.055168, 10.21686, 11.646870900000001, 12.476494899999999, 14.873687, 26.889073
8.784007, 9.051, 10.2144035, 11.646801, 12.492387399999997, 14.901789, 26.889073
8.785802, 9.050377, 10.21556475, 11.636392, 12.444344, 15.02119274999999, 26.889073
8.784007, 9.044412, 10.179688, 11.633763, 12.444344, 14.831535, 26.889073
8.784155, 9.061763, 10.24400925, 11.662042, 12.462983899999998, 14.873968019999955, 26.889073
8.781864, 9.046031, 10.200565, 11.63261, 12.460495199999999, 14.938511, 26.889073
8.783877, 9.048128, 10.23312, 11.646870900000001, 12.496195, 14.901789, 26.889073
8.792047, 9.055464, 10.202046000000001, 11.643211, 12.413306599999995, 14.873687, 26.889073
8.728154, 9.069738999999998, 10.501673, 11.98102, 13.189383, 16.36108912999997, 38.404747
8.725408, 9.079984, 10.522914250000001, 12.014902500000002, 13.159834299999998, 16.35044, 38.813544
8.732155, 9.082310499999998, 10.512863, 11.982920800000002, 13.156208, 16.394581, 38.813544
8.726865, 9.084795, 10.54722, 12.018309, 13.157196249999998, 16.61575631, 38.813544
8.726943, 9.066931499999999, 10.50404, 12.025854300000004, 13.177002, 16.605728, 38.813544
8.727958, 9.078631000000001, 10.49666875, 11.981595, 13.15082835, 16.394276099999924, 38.404747
8.726929, 9.072117, 10.52590075, 12.0519896, 13.268873000000001, 16.821686, 38.813544
8.649318, 9.136702, 10.804587, 12.419637, 13.983646, 17.793896, 38.813544
8.643998, 9.119783, 10.807164, 12.442805, 14.057890799999997, 17.930662, 38.813544
8.64702525, 9.12794, 10.797017, 12.4189413, 13.967338, 17.786071, 38.813544
8.649588, 9.1537895, 10.832974, 12.510002500000006, 14.062294, 17.786071, 38.813544
8.730107, 9.085456, 10.52586325, 11.951658000000004, 13.07563525, 16.5764478, 38.813544
8.722901, 9.067466, 10.500138750000001, 11.952084600000013, 13.015672799999995, 16.577005819999954, 38.813544
8.72172575, 9.0704575, 10.497367, 11.9810432, 13.1507495, 16.44275985999996, 34.462112
8.726943, 9.0687925, 10.51315175, 11.962881, 13.137638599999999, 16.576725, 38.404747
8.726931, 9.073017, 10.507699, 11.943158, 13.190149649999988, 16.44306211999991, 38.813544
8.730037, 9.0752575, 10.5197515, 11.983828, 13.117741999999998, 16.36108912999997, 38.813544
8.723019, 9.06927, 10.491247, 11.971420400000001, 13.151082, 16.576725, 38.404747
8.730581, 9.082474, 10.533652, 12.053265400000004, 13.216741, 16.644732, 38.404747
8.731342, 9.092161, 10.5589245, 12.0482814, 13.276609149999997, 16.894274109999984, 38.813544
8.779996, 9.046347, 10.196786, 11.632023, 12.426591749999993, 14.873968019999955, 26.889073
8.784563, 9.048323, 10.189086, 11.646050400000002, 12.465433, 14.901789, 26.889073
8.786217, 9.053603, 10.215979, 11.645967, 12.413306599999995, 14.873687, 26.889073
8.784751, 9.050637, 10.233637, 11.636392, 12.385526749999999, 14.803997, 26.889073
8.789133249999999, 9.057887, 10.25817675, 11.679353, 12.496195, 15.054253, 26.889073
8.7908735, 9.050377, 10.257808, 11.645967, 12.424741, 14.944267119999985, 19.563106
8.786741, 9.054419, 10.242432, 11.675784, 12.476494899999999, 15.240095439999946, 26.889073
8.788897, 9.051, 10.233637, 11.642939, 12.423094, 14.815255449999988, 26.889073
8.785179750000001, 9.050637, 10.190331, 11.646050400000002, 12.462855, 14.938567589999991, 26.889073
8.7890565, 9.050637, 10.2128345, 11.622074, 12.44381295, 14.96492, 26.889073
8.787855, 9.060868, 10.270963, 11.703578, 12.530343, 15.049837599999993, 26.889073
8.78417975, 9.053201, 10.223743, 11.648925900000002, 12.490727, 14.901789, 26.889073
8.728302, 9.065531, 10.528833500000001, 12.015915, 13.268852, 16.7835, 38.813544
8.732932250000001, 9.079886, 10.5069615, 11.997607500000003, 13.16290355, 16.712506109999886, 38.813544
8.73060625, 9.0891005, 10.574029, 12.092580200000004, 13.305518, 16.57689691999997, 38.813544
8.785696000000002, 9.045826, 10.220617, 11.649735, 12.460371, 14.96492, 26.889073
8.8351155, 9.016218, 9.369496, 10.860352700000002, 11.762856, 13.966802, 35.734803
8.834255, 9.017728, 9.3776835, 10.891831, 11.801112, 13.731506, 35.734803
8.78900425, 9.057744, 10.202946, 11.632023, 12.449738, 14.902097389999952, 19.563106
8.783858, 9.0499645, 10.213862, 11.636392, 12.404542, 14.815255449999988, 26.889073
8.788431, 9.052158, 10.229197, 11.651564600000002, 12.465651399999997, 14.96492, 26.889073
8.789227, 9.05576, 10.223651, 11.645967, 12.469801, 14.757073, 19.563106
8.79273875, 9.058798, 10.2392255, 11.660993, 12.490727, 14.932628, 26.889073
8.777718, 9.042459, 10.210096, 11.613686400000004, 12.424741, 14.721664, 26.889073
8.78849425, 9.053049, 10.240397, 11.645967, 12.451222, 14.938567589999991, 26.889073
8.7892095, 9.059052, 10.258203, 11.649735, 12.449738, 14.873687, 26.889073
8.782893, 9.048323, 10.210208999999999, 11.640785400000002, 12.451222, 14.901789, 26.889073
8.783667, 9.04866, 10.224222, 11.650524, 12.423094, 15.021127, 26.889073
8.785038, 9.053234, 10.229351, 11.6711205, 12.472115, 15.021127, 19.563106
8.791933, 9.060682, 10.2780475, 11.674203, 12.472115, 14.757332509999959, 26.889073
8.79026175, 9.060682, 10.269875, 11.672662100000002, 12.533912749999995, 14.746909, 26.889073
8.78856, 9.0643625, 10.271997, 11.6711205, 12.471264, 14.995983, 26.889073
8.787271, 9.050942, 10.2307595, 11.671043, 12.462983899999998, 14.901789, 26.889073
8.78691, 9.054426, 10.205903750000001, 11.650524, 12.478849, 14.96492, 26.889073
8.791356, 9.054797, 10.233637, 11.649813900000002, 12.476494899999999, 14.801244799999996, 26.889073
8.78343475, 9.044512, 10.188561, 11.642121800000002, 12.383578, 14.873968019999955, 26.889073
8.78686775, 9.053234, 10.220221, 11.642031, 12.451222, 14.783024, 26.889073
8.78651225, 9.05479, 10.223942, 11.652477600000003, 12.404542, 14.96492, 26.889073
8.78167, 9.050122, 10.214815, 11.638363300000002, 12.38156, 14.824984, 26.889073
8.785038, 9.0505645, 10.21229775, 11.615418, 12.383635499999999, 14.815255449999988, 26.889073
8.785933, 9.0530215, 10.220908, 11.607393, 12.388296, 14.94417, 26.889073
8.784673, 9.05268, 10.211487, 11.643486600000006, 12.451222, 14.815179, 26.889073
8.784101, 9.045776, 10.214038, 11.617066, 12.375398, 14.804108819999982, 26.889073
8.792237499999999, 9.05576, 10.202244, 11.6154512, 12.385381, 14.944377499999966, 26.889073
8.785015, 9.047295, 10.224222, 11.642031, 12.457105, 14.94417, 26.889073
8.786584, 9.059052, 10.223651, 11.661097900000001, 12.496195, 14.94417, 26.889073
8.784411, 9.047103, 10.225062, 11.6599818, 12.457268299999997, 14.938511, 26.889073
8.786584, 9.0415125, 10.185072, 11.632023, 12.474753, 14.82504950999999, 26.889073
8.78854875, 9.050433, 10.21806025, 11.652477600000003, 12.404961599999993, 14.953882, 26.889073
8.729527, 9.074843000000001, 10.54654875, 12.016154400000005, 13.112201, 16.620502, 38.404747
8.72746725, 9.082579, 10.543053, 12.014902500000002, 13.169048, 16.44306211999991, 38.813544
8.726943, 9.082138, 10.512209, 11.973583, 13.120273399999999, 16.577005819999954, 38.813544
8.727486, 9.0728635, 10.52081875, 11.972483, 13.122905, 16.360916, 38.813544
8.731162, 9.081641999999999, 10.551367749999999, 12.041515, 13.132498, 16.593917, 38.813544
8.728517, 9.074821, 10.521007, 12.021884300000002, 13.151297349999997, 16.499532399999886, 38.813544
8.72852375, 9.071135, 10.503772999999999, 11.976188900000004, 13.164137149999995, 16.571005939999992, 38.813544
8.7305755, 9.070371999999999, 10.507705, 11.978172, 13.077789149999996, 16.711789, 38.404747
8.78468, 9.047122, 10.220221, 11.628587, 12.43980465, 14.953882, 26.889073
8.784411, 9.050122, 10.201259, 11.6237487, 12.4204191, 14.953882, 26.889073
8.783767, 9.05135, 10.187168250000001, 11.608409, 12.426591749999993, 14.804108819999982, 26.889073
8.78437, 9.0536925, 10.245774, 11.680852, 12.524979, 15.27753, 26.889073
8.78580275, 9.053267, 10.248229, 11.662602, 12.460371, 14.873687, 26.889073
8.785803, 9.047295, 10.2128345, 11.617604, 12.424741, 14.873687, 26.889073
8.78464, 9.050419, 10.22091625, 11.617066, 12.368629249999994, 14.801217, 26.889073
8.784563, 9.05303, 10.20143925, 11.659932, 12.465433, 15.054253, 26.889073
8.78843175, 9.053068, 10.215979, 11.649208500000002, 12.462855, 14.953992379999983, 26.889073
8.786584, 9.0527835, 10.2347125, 11.633141, 12.440311, 14.873687, 26.889073
8.791026, 9.059052999999999, 10.21173825, 11.6326631, 12.3959, 14.82504950999999, 26.889073
8.786584, 9.053535, 10.242552, 11.652477600000003, 12.492187, 14.94417, 26.889073
8.786741, 9.059052, 10.23804825, 11.650619200000003, 12.42317635, 14.995983, 26.889073
8.786029, 9.05342, 10.21229775, 11.638343, 12.44381295, 14.824984, 26.889073
8.730198, 9.087023, 10.563663, 12.056833500000009, 13.268450249999999, 16.843217, 38.813544
8.724235, 9.067857, 10.528037249999999, 12.039456000000003, 13.223044249999994, 16.609178, 38.813544
8.729308, 9.079860499999999, 10.502156500000002, 12.007227, 13.162858, 16.5764478, 38.813544
8.730008, 9.087213, 10.541918, 12.034958700000004, 13.159804, 16.468887259999953, 38.813544
8.730008, 9.0823565, 10.533097, 12.006199200000003, 13.00232485, 16.350717889999956, 38.404747
8.7208035, 9.065702000000002, 10.505768, 12.006062, 13.155389, 16.378229, 38.813544
8.726471, 9.072535, 10.49327, 12.022355, 13.123307449999997, 16.645092369999944, 38.813544
8.726714, 9.0824325, 10.50356825, 12.019754800000005, 13.137592, 16.615932159999993, 38.813544
8.725084, 9.069861, 10.533926, 12.044257300000003, 13.209042, 16.393789, 38.813544
8.732254, 9.082381, 10.525939000000001, 11.978243, 13.108789, 16.843217, 38.813544
8.724199500000001, 9.06711, 10.525831499999999, 12.030261, 13.159804, 16.7835, 38.813544
8.727621, 9.082310499999998, 10.547753, 12.053046, 13.252007, 16.61575631, 38.813544
8.727632499999999, 9.0767125, 10.5284595, 12.027840600000012, 13.1711402, 16.932448619999985, 38.813544
8.725806, 9.0611085, 10.507976, 12.019635300000003, 13.139181, 16.348581, 38.813544
8.73049575, 9.0717055, 10.5161935, 12.0074853, 13.15082835, 16.604807, 38.813544
8.73045875, 9.0810905, 10.532537, 12.018876, 13.138524, 16.5764478, 38.813544
8.728245, 9.077807, 10.50436425, 11.947761, 13.120155, 16.360916, 38.813544
8.788431, 9.053087, 10.225465, 11.638546, 12.460371, 14.901789, 26.889073
8.789633, 9.053603, 10.20513275, 11.638363300000002, 12.457105, 14.953882, 26.889073
8.789632749999999, 9.053782, 10.229351, 11.671818, 12.471264, 14.831956519999933, 26.889073
8.8278625, 9.0153055, 9.36656725, 10.8640364, 11.725576, 14.0253507, 37.448702
8.82984075, 9.01723, 9.365381, 10.883279, 11.784788, 13.652939739999997, 37.448702
8.83071, 9.0134995, 9.372494, 10.8640364, 11.77083315, 13.787291719999999, 35.734803
8.83509175, 9.0161475, 9.36402275, 10.8413, 11.7547539, 13.787481839999968, 35.330604
8.835314, 9.021662, 9.375258, 10.898591, 11.8258517, 14.061738289999981, 37.448702
8.82752675, 9.015716, 9.367395, 10.886986, 11.815598, 14.042294, 35.734803
8.834995, 9.015805, 9.381341, 10.9060333, 11.851810199999997, 14.036971, 37.448702
8.831913, 9.017771, 9.38270575, 10.878269, 11.764251, 13.865747619999956, 37.448702
8.832917, 9.013717, 9.35358125, 10.8106724, 11.721451, 13.770052, 35.734803
8.83497875, 9.0154505, 9.37526125, 10.888955, 11.777362, 13.77549708999998, 35.487972
8.83414225, 9.018983, 9.36996725, 10.893439, 11.751512199999997, 13.86263, 37.448702
8.83116175, 9.01932, 9.375879249999999, 10.9220428, 11.8256009, 13.892242, 37.448702
8.83509175, 9.018668, 9.37869825, 10.922039, 11.774921, 13.655520369999914, 35.734803
8.82981625, 9.01496, 9.37619175, 10.8750177, 11.77083315, 13.920466849999965, 37.448702
8.83032, 9.0164105, 9.381943249999999, 10.897342, 11.801317549999997, 13.787287, 37.448702
8.8322875, 9.017007, 9.376107, 10.888955, 11.799996699999998, 13.806771, 37.448702
8.835067, 9.018835, 9.387095, 10.905870400000001, 11.826549, 14.061619, 37.448702
8.833710250000001, 9.016698, 9.374436750000001, 10.89739, 11.801553399999994, 14.025519, 37.448702
8.790672, 9.0668495, 10.240568, 11.660993, 12.512984799999996, 14.938511, 26.889073
8.787709, 9.059052, 10.2155, 11.646050400000002, 12.449738, 14.873687, 26.889073
8.788015, 9.059367, 10.230986, 11.66043, 12.463202299999994, 14.938511, 26.889073
8.788432, 9.053467, 10.269419, 11.658155400000005, 12.471264, 14.938511, 26.889073
8.781933, 9.049575, 10.226674, 11.638546, 12.436289599999999, 14.822845599999997, 26.889073
8.782513, 9.042192, 10.205375, 11.658155400000005, 12.436289599999999, 14.96492, 26.889073
8.785179750000001, 9.055168, 10.24276925, 11.669898, 12.47708879999999, 14.901789, 26.889073
8.785803, 9.055168, 10.191764, 11.642939, 12.449738, 15.027702, 26.889073
8.790794, 9.065487, 10.23445225, 11.648901, 12.457105, 14.94417, 26.889073
8.79005175, 9.054797, 10.2698985, 11.650524, 12.457105, 14.94417, 26.889073
8.784101, 9.052887, 10.21686, 11.660891, 12.490727, 14.901789, 26.889073
8.78503225, 9.059024, 10.2210625, 11.640785400000002, 12.476371, 14.932628, 26.889073
8.78401825, 9.044412, 10.190331, 11.636392, 12.443785, 14.932628, 26.889073
8.787855, 9.048185, 10.205052, 11.628587, 12.426091, 14.902097389999952, 26.889073
8.78196, 9.0458565, 10.199632, 11.6044838, 12.385381, 14.932686829999989, 26.889073
8.786029, 9.054177, 10.217979, 11.673618, 12.476494899999999, 15.273403, 26.889073
8.785696000000002, 9.053013, 10.229197, 11.651564600000002, 12.420386, 15.049793, 26.889073
8.788431, 9.053782, 10.246912, 11.653620400000003, 12.465651399999997, 14.953882, 26.889073
8.7282985, 9.0728635, 10.550321, 12.05524, 13.269272, 16.615755, 38.813544
8.72706275, 9.070002500000001, 10.51241425, 11.979360900000003, 13.206432, 16.61575631, 38.813544
8.727632499999999, 9.0687465, 10.501241, 11.983886200000002, 13.120273399999999, 16.576725, 38.813544
8.726952, 9.0673525, 10.50156875, 12.015915, 13.212015, 16.615755, 38.404747
8.722901, 9.067466, 10.526465, 11.986189, 13.150732, 16.285443829999984, 38.813544
8.72876025, 9.0744545, 10.539902, 11.9844465, 13.157348949999996, 16.498811, 38.813544
8.72726875, 9.073017, 10.505337, 12.018876, 13.135407, 16.576725, 38.813544
8.73256675, 9.072117, 10.523224, 11.986512, 13.077566, 16.57689691999997, 38.813544
8.730508, 9.073125999999998, 10.5077005, 12.040927, 13.17626575, 16.680998979999966, 38.813544
8.726714, 9.075603, 10.514871, 12.023483, 13.182134599999998, 16.606225819999995, 38.813544
8.733034, 9.08472, 10.52158, 11.986189, 13.120273399999999, 16.316743619999993, 38.813544
8.730201749999999, 9.0756875, 10.51315175, 11.962326, 13.10856765, 16.385151, 38.813544
8.78579, 9.051636, 10.217979, 11.6545562, 12.478849, 14.824984, 26.889073
8.786584, 9.050971, 10.223743, 11.652362, 12.444344, 14.953992379999983, 26.889073
8.79114075, 9.059111, 10.253915, 11.646801, 12.426591749999993, 14.831535, 26.889073
8.78686775, 9.058028, 10.258203, 11.651476, 12.439778, 14.938511, 26.889073
8.786061, 9.054797, 10.20198, 11.645967, 12.444344, 14.901789, 26.889073
8.783448, 9.049898, 10.223743, 11.650524, 12.460371, 14.995983, 26.889073
8.782893, 9.046347, 10.21229775, 11.646120300000003, 12.451222, 14.873968019999955, 26.889073
8.78707, 9.059925, 10.237786, 11.640647, 12.440484699999997, 14.82504950999999, 26.889073
8.790314, 9.0578155, 10.24796125, 11.662602, 12.50278965, 15.054253, 26.889073
8.783448, 9.048128, 10.182713, 11.595953, 12.421048, 14.831535, 26.889073
8.785802, 9.057744, 10.21686, 11.619468, 12.426591749999993, 14.832237539999888, 26.889073
8.787855, 9.059111, 10.226674, 11.649208500000002, 12.492692899999993, 14.995983, 26.889073
8.792301, 9.067714, 10.241081, 11.643486600000006, 12.462855, 15.279249049999725, 26.889073
8.785933, 9.052846500000001, 10.21853, 11.654542, 12.51207335, 14.995983, 26.889073
8.790425, 9.0567575, 10.230684, 11.663426, 12.476371, 15.049793, 26.889073
8.790425, 9.059054, 10.258203, 11.660993, 12.502327399999999, 15.021127, 26.889073
8.78473325, 9.0497585, 10.19682025, 11.615418, 12.420386, 14.932628, 26.889073
8.786504, 9.053782, 10.233637, 11.657958, 12.492387399999997, 14.944267119999985, 26.889073
8.784751, 9.059239, 10.237786, 11.661097900000001, 12.496195, 14.995983, 26.889073
8.790539, 9.064143, 10.251558, 11.671043, 12.476371, 14.938511, 26.889073
8.783858, 9.045776, 10.205903750000001, 11.663583, 12.462983899999998, 14.873968019999955, 26.889073
8.789062, 9.059367, 10.226674, 11.648901, 12.457268299999997, 14.938511, 19.563106
8.834819, 9.018108999999999, 9.38299775, 10.908135, 11.799996699999998, 13.652939739999997, 37.448702
8.786217, 9.0514865, 10.23057675, 11.651476, 12.490799999999998, 14.96523062999995, 26.889073
8.783448, 9.0415125, 10.205903750000001, 11.659932, 12.460495199999999, 14.873687, 26.889073
8.785802, 9.053234, 10.240888, 11.67544, 12.503913749999993, 15.02119274999999, 19.563106
8.784007, 9.044837, 10.19440475, 11.642031, 12.4204191, 14.873687, 26.889073
8.784188, 9.0499645, 10.212492, 11.615875300000003, 12.383360450000001, 14.801244799999996, 26.889073
8.784188, 9.042372, 10.16489, 11.597828100000008, 12.383360450000001, 14.901789, 26.889073
8.783031000000001, 9.046094, 10.20798875, 11.654684, 12.457268299999997, 14.902097389999952, 26.889073
8.784399, 9.052158, 10.212878499999999, 11.638343, 12.397371, 14.721664, 26.889073
8.78248, 9.050492, 10.185072, 11.658155400000005, 12.436106, 14.932628, 26.889073
8.781603, 9.0470295, 10.253739, 11.653620400000003, 12.474753, 14.995983, 19.563106
8.830089749999999, 9.016213, 9.3751775, 10.905882, 11.77998, 13.979219, 37.448702
8.831741, 9.018588000000001, 9.379760000000001, 10.916706600000001, 11.836972899999997, 13.787759, 35.734803
8.83569075, 9.021486, 9.3941765, 10.921161, 11.747425249999997, 13.980478189999959, 37.448702
8.834289, 9.016529, 9.36679575, 10.866821900000001, 11.80907285, 13.787759, 35.734803
8.83438325, 9.017685, 9.36916525, 10.8934768, 11.8255642, 14.025465219999981, 37.448702
8.8340925, 9.0151655, 9.35754275, 10.8652295, 11.766874, 13.86548, 37.448702
8.830093, 9.019114, 9.3675215, 10.898155, 11.764418249999999, 14.056165579999972, 35.487972
8.834742, 9.016442, 9.367495, 10.8379572, 11.757076499999998, 13.862658499999995, 37.448702
8.8315425, 9.019842, 9.372565999999999, 10.870337000000001, 11.775131049999999, 13.775378, 37.448702
8.838241, 9.023882, 9.39369725, 10.9469525, 11.8383449, 13.97922318, 35.734803
8.833716, 9.0164385, 9.373654, 10.918776800000002, 11.840368549999997, 13.851728899999978, 37.448702
8.83509175, 9.020152, 9.3799285, 10.907788, 11.7848811, 14.054385209999996, 37.448702
8.831741, 9.018270999999999, 9.37221125, 10.8391046, 11.7637551, 13.863206149999908, 37.448702
8.835378, 9.01923, 9.382814, 10.8946593, 11.8011144, 13.979219, 37.448702
8.83092575, 9.013878, 9.37251575, 10.94002, 11.83487, 13.775378, 35.330604
8.78343475, 9.050492, 10.205375, 11.646050400000002, 12.423094, 14.831535, 26.889073
8.784007, 9.050433, 10.212233, 11.632023, 12.42317635, 14.873687, 26.889073
8.78462075, 9.053087, 10.189086, 11.636392, 12.436106, 15.021127, 26.889073
8.784563, 9.05317, 10.230541, 11.660993, 12.512688, 15.093761, 26.889073
8.784649, 9.04926, 10.197348, 11.66043, 12.460495199999999, 14.932628, 26.889073
8.790425, 9.0640645, 10.259883, 11.671043, 12.465433, 14.932628, 26.889073
8.788431, 9.058902, 10.23445225, 11.642031, 12.474753, 14.944267119999985, 19.563106
8.786178, 9.04866, 10.209485, 11.646870900000001, 12.465433, 14.831535, 26.889073
8.72988, 9.0767065, 10.51699725, 12.042921900000003, 13.171132, 16.394581, 38.404747
8.729127, 9.073132, 10.528833500000001, 12.01479, 13.155429949999998, 16.609178, 38.813544
8.7269685, 9.075566, 10.503775, 11.997521, 13.108556, 16.468887259999953, 38.813544
8.73107125, 9.0937635, 10.552202, 12.064408, 13.222672, 17.001119, 38.813544
8.647442, 9.129782, 10.801736, 12.434019, 14.013154, 17.644383, 38.813544
8.649633, 9.142985, 10.821458, 12.442949700000003, 14.09346615, 17.699605, 38.813544
8.6496615, 9.123282, 10.785508499999999, 12.402768, 13.960113, 17.699605, 38.813544
8.647442, 9.142989, 10.832821, 12.469538, 14.040769899999987, 17.793896, 38.813544
8.64224475, 9.118227, 10.792782, 12.413431, 14.009391, 17.8129, 38.813544
8.649129, 9.139831, 10.802748, 12.361018, 13.910078, 17.548219189999898, 38.813544
8.647882, 9.134619, 10.821458, 12.429641, 14.057890799999997, 17.78608, 38.813544
8.647882, 9.136702, 10.830596, 12.434224500000004, 14.034355, 17.699605, 38.813544
8.646662, 9.117393, 10.796022, 12.418864, 14.009579149999999, 17.844506, 38.813544
8.645282, 9.107911, 10.742042, 12.378146, 13.96309, 17.64457709999997, 38.813544
8.6473725, 9.109048, 10.789254249999999, 12.389659000000002, 13.964127, 17.708369, 38.813544
8.64791425, 9.141108, 10.80250575, 12.462111, 14.039873, 17.793896, 38.813544
8.731736, 9.09376, 10.52981825, 11.9782349, 13.122915599999999, 16.60481621, 38.813544
8.727861, 9.067719, 10.51303, 11.972204, 13.108789, 16.61580246999999, 38.813544
8.72537875, 9.0716035, 10.51699725, 12.018309, 13.177002, 16.60573268, 38.813544
8.724899, 9.077864, 10.521074, 12.019524, 13.169687, 16.60573268, 38.813544
8.729982249999999, 9.068683, 10.5060475, 12.015373, 13.122542099999999, 16.606196, 38.813544
8.731261, 9.089092, 10.55416275, 12.086367, 13.314725199999996, 16.879614199999978, 38.404747
8.784155, 9.04866, 10.213862, 11.642031, 12.426591749999993, 14.82504950999999, 26.889073
8.786061, 9.0530215, 10.226674, 11.642031, 12.472115, 14.996234439999961, 26.889073
8.789552, 9.064587, 10.246592, 11.622241400000004, 12.449812199999998, 14.938511, 26.889073
8.78455625, 9.058963, 10.248229, 11.643211, 12.449812199999998, 14.94417, 26.889073
8.782561750000001, 9.051, 10.197348, 11.638546, 12.436106, 14.822845599999997, 26.889073
8.78544825, 9.0504625, 10.19960425, 11.648901, 12.469874149999999, 15.049793, 26.889073
8.78881275, 9.05001, 10.20963775, 11.646801, 12.472115, 14.953882, 26.889073
8.78503225, 9.0530395, 10.22807875, 11.66043, 12.471438449999997, 14.996234439999961, 26.889073
8.784563, 9.050426, 10.205052, 11.650619200000003, 12.44381295, 14.822824, 26.889073
8.785754, 9.050433, 10.220941, 11.653518, 12.462855, 14.995983, 26.889073
8.784563, 9.0467975, 10.2116735, 11.660993, 12.457105, 14.901789, 26.889073
8.784022, 9.059052999999999, 10.269419, 11.643211, 12.457268299999997, 14.94417, 26.889073
8.78503225, 9.049898, 10.225062, 11.6609012, 12.462983899999998, 14.995983, 26.889073
8.784188, 9.057887, 10.243421, 11.674203, 12.479442899999992, 14.901789, 26.889073
8.78856, 9.054306, 10.23445225, 11.657958, 12.492387399999997, 14.953882, 26.889073
8.78544825, 9.05135, 10.2179475, 11.659932, 12.490727, 14.995983, 26.889073
8.784007, 9.050433, 10.2155, 11.638546, 12.471264, 14.96523062999995, 26.889073
8.785522, 9.052887, 10.223743, 11.663426, 12.496195, 14.822824, 26.889073
8.783858, 9.063906, 10.223792750000001, 11.652477600000003, 12.443785, 14.932628, 26.889073
8.8351155, 9.0181635, 9.37307725, 10.846242, 11.735173099999997, 13.966802, 37.448702
8.78250475, 9.050377, 10.2116735, 11.6429662, 12.462855, 14.822845599999997, 26.889073
8.788015, 9.0503055, 10.212492, 11.642939, 12.443785, 14.831535, 26.889073
8.785933, 9.0533435, 10.24051975, 11.606706, 12.353979699999993, 14.824984, 26.889073
8.784007, 9.05303, 10.220941, 11.646801, 12.469801, 14.712798549999986, 26.889073
8.78686775, 9.050419, 10.2179475, 11.623748, 12.444613699999996, 14.932686829999989, 26.889073
8.785802, 9.047122, 10.22052, 11.670335, 12.524979, 14.995983, 26.889073
8.784101, 9.051623, 10.191764, 11.617003, 12.440311, 14.82504950999999, 26.889073
8.786566749999999, 9.055464, 10.199523, 11.617329, 12.474833899999998, 14.815179, 26.889073
8.789632, 9.050433, 10.184419250000001, 11.634025900000006, 12.451388749999998, 14.783205929999971, 26.889073
8.79114075, 9.0567575, 10.240397, 11.63261, 12.474753, 15.027922909999964, 26.889073
8.7835005, 9.0480465, 10.2580705, 11.660993, 12.492187, 14.944267119999985, 26.889073
8.790314, 9.061763, 10.21556475, 11.660891, 12.490727, 15.273403, 26.889073
8.782893, 9.050971, 10.21895275, 11.600619, 12.368273, 14.94417, 26.889073
8.78904, 9.060682, 10.243421, 11.643211, 12.465433, 14.995983, 26.889073
8.789554, 9.057212, 10.217937, 11.638343, 12.420386, 14.801217, 26.889073
8.78703, 9.046094, 10.209485, 11.619468, 12.426091, 14.996234439999961, 26.889073
8.787975, 9.047762, 10.20963775, 11.615418, 12.439778, 14.815179, 26.889073
8.780374, 9.0531285, 10.215979, 11.622074, 12.4204191, 14.932628, 26.889073
8.789062, 9.054426, 10.23057675, 11.648901, 12.462855, 14.825471029999923, 26.889073
8.784188, 9.053267, 10.230684, 11.648901, 12.531929, 15.054253, 26.889073
8.78248, 9.05001, 10.20143925, 11.652362, 12.457105, 14.831535, 26.889073
8.733805, 9.09003, 10.556644250000002, 12.0327005, 13.160577949999999, 16.844744, 38.813544
8.730445, 9.0728635, 10.538125749999999, 12.021884300000002, 13.162858, 16.620502, 38.813544
8.730203, 9.079886, 10.519223, 12.023728, 13.230117, 16.394581, 38.404747
8.731054, 9.084567, 10.52949925, 12.015373, 13.185359749999996, 16.594025899999984, 38.813544
8.648585749999999, 9.128838, 10.802748, 12.434019, 13.967338, 17.786071, 38.813544
8.644621, 9.126562, 10.758951, 12.4075519, 13.951795, 17.69964492999999, 38.813544
8.651264, 9.141327, 10.816327, 12.426273, 14.063569, 17.703598, 38.813544
8.645846, 9.12794, 10.802425, 12.418864, 14.059407, 17.786971, 38.813544
8.6468, 9.116036, 10.796022, 12.426273, 14.06189, 17.786971, 38.813544
8.64473275, 9.117321, 10.791028, 12.402618, 14.027404, 17.703598, 38.813544
8.649238, 9.14261, 10.817235, 12.436074, 14.013154, 17.793896, 38.813544
8.646881, 9.134619, 10.795695, 12.426552100000006, 13.96309, 17.611796, 38.813544
8.64738, 9.126984, 10.792807, 12.439813, 14.062613, 17.81321605999995, 38.813544
8.64921075, 9.127870000000001, 10.768044, 12.367258, 13.961266, 17.64457709999997, 38.813544
8.647156, 9.1197145, 10.796022, 12.436074, 14.057811, 17.703598, 38.813544
8.646164, 9.122739, 10.816158, 12.453529, 14.059407, 17.629572, 38.813544
8.64713, 9.148478, 10.835209, 12.459889800000004, 14.076976, 17.888381479999943, 38.813544
8.647156, 9.129338, 10.802873, 12.4361022, 13.99554189999999, 17.793896, 38.813544
8.643933, 9.113885, 10.801294, 12.453529, 14.105016, 17.786971, 38.813544
8.646301, 9.107745, 10.792782, 12.394576, 13.921468, 17.644383, 38.813544
8.648023, 9.1462405, 10.819754, 12.444263, 14.057811, 17.708369, 38.813544
8.64473275, 9.124901, 10.823185, 12.467011, 14.015086, 17.629720109999976, 38.813544
8.64424, 9.134672, 10.81987625, 12.439813, 14.062389, 17.8129, 38.813544
8.640965, 9.117858, 10.801736, 12.4189413, 13.94032, 17.699605, 38.813544
8.647925, 9.134162, 10.829518, 12.444594800000006, 13.990885, 17.936827, 38.813544
8.64423425, 9.126939, 10.77528, 12.402768, 13.95715, 17.644383, 38.813544
8.64921075, 9.140164, 10.807386, 12.456485, 14.059407, 17.844506, 38.813544
8.64791425, 9.133789, 10.792782, 12.411373, 13.952062749999996, 17.786071, 38.813544
8.727843, 9.0674195, 10.497396499999999, 11.981717500000004, 13.159834299999998, 16.35054475999998, 38.404747
8.7254, 9.070756, 10.5284595, 12.014736, 13.182134599999998, 16.703767, 38.813544
8.72413525, 9.074693, 10.515956, 12.052328, 13.176227, 16.57689691999997, 38.813544
8.72580975, 9.078375, 10.51743675, 11.983886200000002, 13.112746699999999, 16.605762499999994, 38.813544
8.72704125, 9.066768, 10.51303, 12.021832, 13.189383, 16.615886, 38.813544
8.728501, 9.065380000000001, 10.481349250000001, 11.937553700000002, 13.00232485, 16.316803969999985, 38.813544
8.726084, 9.0687465, 10.526525, 11.992821, 13.1605324, 16.604807, 38.813544
8.727994, 9.0797865, 10.52586, 12.020756500000003, 13.199865, 16.615755, 38.813544
8.7220795, 9.0678235, 10.475904, 11.931367300000002, 13.063738, 16.32615430999996, 38.813544
8.730459, 9.079835, 10.530565, 12.009955, 13.113219349999996, 16.35044, 38.813544
8.72781225, 9.082474, 10.528427, 12.019524, 13.10856765, 16.57689691999997, 38.813544
8.72503775, 9.059925, 10.510521749999999, 11.973641, 13.132643449999998, 16.57661971999997, 38.404747
8.730981, 9.083649, 10.5156605, 11.993566, 13.185359749999996, 16.615886, 38.813544
8.72580975, 9.073017, 10.519340249999999, 12.028016, 13.135407, 16.38437187, 38.813544
8.7305505, 9.081591, 10.5077005, 12.00186980000001, 13.09725925, 16.326007779999983, 38.813544
8.723903, 9.065998, 10.512645, 11.973963, 13.082029, 16.571005939999992, 38.813544
8.730782, 9.077219, 10.520827, 11.963679700000002, 13.132643449999998, 16.393789, 38.813544
8.727486, 9.077864, 10.52049575, 11.979247, 13.151297349999997, 16.316803969999985, 38.813544
8.726931, 9.0755845, 10.506886, 12.0633755, 13.205080949999994, 16.712506109999886, 34.408771
8.727758249999999, 9.069224, 10.503411, 11.98441, 13.132643449999998, 16.394581, 38.813544
8.784652, 9.0478635, 10.20749, 11.654542, 12.460371, 14.757073, 26.889073
8.788432, 9.059367, 10.22052, 11.662684400000002, 12.462855, 14.902097389999952, 26.889073
8.7908735, 9.0643625, 10.246592, 11.643486600000006, 12.397729549999994, 14.938511, 26.889073
8.788015, 9.065575, 10.250831, 11.633141, 12.378038, 14.741543, 26.889073
8.78904, 9.059052, 10.248229, 11.668574100000003, 12.512688, 14.953882, 26.889073
8.785933, 9.054016, 10.230684, 11.638363300000002, 12.426591749999993, 14.736624, 26.889073
8.78437, 9.040636, 10.212233, 11.646801, 12.472115, 14.831535, 26.889073
8.779035, 9.039099499999999, 10.20198, 11.613494, 12.38512925, 14.824984, 26.889073
8.788015, 9.053603, 10.233637, 11.623748, 12.375398, 14.832237539999888, 26.889073
8.789227, 9.057887, 10.23445225, 11.662602, 12.439778, 14.938511, 26.889073
8.8321355, 9.015644, 9.36679575, 10.8748845, 11.768963999999997, 14.05604628999999, 37.448702
8.83193775, 9.013277, 9.364004249999999, 10.908031, 11.826812599999997, 14.042414749999981, 37.448702
8.831645, 9.016376, 9.373891, 10.916797600000002, 11.818499749999996, 14.073548, 35.487972
8.82786, 9.014092999999999, 9.36747025, 10.8039475, 11.749923200000001, 14.036971, 35.734803
8.83478225, 9.0183715, 9.378264999999999, 10.91871, 11.824515499999999, 14.02563351999998, 35.734803
8.834168, 9.0192925, 9.379823, 10.880997, 11.771036699999998, 14.0253507, 37.448702
8.835134, 9.017639500000001, 9.3678015, 10.9012702, 11.832213, 13.72568, 37.448702
8.830505, 9.018413, 9.37610625, 10.882862900000001, 11.762739, 13.979637, 35.734803
8.831946, 9.014187, 9.37240625, 10.9286904, 11.873310649999999, 14.370469769999952, 37.448702
8.829836, 9.018270999999999, 9.38650475, 10.897305, 11.766874, 13.862658499999995, 35.734803
8.83536025, 9.019999, 9.36508025, 10.841444200000002, 11.720606, 13.775378, 37.448702
8.831325499999998, 9.013272, 9.361752749999999, 10.8616732, 11.7618517, 13.655651449999894, 37.448702
8.833051, 9.017158, 9.38246125, 10.904826, 11.8383449, 13.89298759999988, 37.448702
8.825281, 9.0081495, 9.351381, 10.856168400000001, 11.74912465, 13.53769322, 37.448702
8.833141, 9.018239, 9.3802995, 10.8902803, 11.815647749999998, 14.022834, 37.448702
8.83649575, 9.023869, 9.393186499999999, 10.945662, 11.832213, 13.979219, 37.448702
8.83528875, 9.017655, 9.37189225, 10.8686045, 11.751512199999997, 13.862658499999995, 35.734803
8.835988, 9.019174, 9.38114525, 10.878212, 11.764252899999999, 13.94243, 37.448702
8.835562, 9.019313, 9.367641, 10.858299, 11.772323, 14.025465219999981, 35.734803
8.837096, 9.020782, 9.37982675, 10.875006, 11.767449699999997, 14.006010929999974, 37.448702
8.83540675, 9.017252500000001, 9.3847045, 10.888955, 11.809147099999999, 13.86548, 35.734803
8.8300745, 9.014929, 9.372242, 10.8584019, 11.77083315, 14.042430959999978, 35.734803
8.836178, 9.015716, 9.36686225, 10.858977, 11.716064, 13.787949119999968, 37.448702
8.83008775, 9.01578, 9.36656725, 10.896614, 11.855272, 14.134977799999955, 37.448702
8.8318645, 9.015245, 9.367601, 10.870517000000001, 11.764289, 14.040101, 35.734803
8.82626625, 9.01065, 9.36800825, 10.870778, 11.7740831, 13.97964285, 37.448702
8.82992025, 9.017149, 9.35883175, 10.85186, 11.749916, 13.729036939999997, 35.330604
8.829458, 9.016439, 9.372494, 10.902952, 11.799938, 14.061738289999981, 37.448702
8.828682, 9.015796, 9.388742, 10.900504000000002, 11.7800107, 13.74845933, 37.448702
8.866416, 9.0028115, 9.18142875, 9.4626924, 9.997939, 12.070419, 37.448702
8.86392, 9.000936, 9.1788815, 9.4457945, 9.952919, 11.958911830000009, 37.448702
8.86247475, 8.9992485, 9.172583, 9.439994, 9.92058795, 11.993545, 37.448702
8.875265, 9.01956, 9.21615875, 9.4912507, 9.818597, 12.315896990000002, 52.853195
8.876343, 9.020838, 9.212058500000001, 9.4924157, 9.829160149999996, 12.279171, 52.853195
8.87410475, 9.017132499999999, 9.209132, 9.469470900000001, 9.806857, 11.932959000000006, 37.448702
8.8767885, 9.021193499999999, 9.21187775, 9.468683, 9.82308875, 12.315896990000002, 37.448702
8.87601525, 9.0212135, 9.213239999999999, 9.5001981, 9.84192555, 12.34821, 37.448702
8.875377, 9.018888, 9.212792, 9.488363000000001, 9.834522, 12.257208, 52.853195
8.878309, 9.0201545, 9.214332, 9.4852639, 9.83902645, 12.419993, 52.853195
8.8868585, 9.0383375, 9.242047750000001, 9.5070352, 9.749200549999998, 15.722323, 36.893046
8.886727500000001, 9.046533, 9.246968, 9.517638, 9.75677875, 14.197611340000105, 36.893046
8.87811975, 9.021550999999999, 9.2127605, 9.500249, 9.8594073, 12.222361, 36.893046
8.87631, 9.0259825, 9.210075, 9.4944658, 9.770325999999997, 11.994862350000004, 37.448702
8.873259, 9.019281, 9.20910275, 9.476735099999999, 9.847455449999998, 12.07348752000002, 35.734803
8.875403500000001, 9.02177, 9.210025, 9.478955, 9.80791975, 12.330462, 52.853195
8.87485575, 9.017524, 9.2050865, 9.4853692, 9.88543, 12.510713730000008, 37.448702
8.873994, 9.0210025, 9.2060975, 9.4737969, 9.800284449999996, 11.961075, 37.448702
8.872, 9.01956, 9.211949, 9.4772234, 9.842187, 12.257758650000012, 37.448702
8.873881, 9.021355, 9.211621000000001, 9.478931600000001, 9.829222, 12.330462, 52.853195
8.873736, 9.0196755, 9.21657825, 9.507123400000001, 9.854366, 12.34821, 52.853195
8.8741595, 9.019117999999999, 9.2104635, 9.4765744, 9.8084078, 12.348452760000006, 52.853195
8.876352, 9.01945, 9.21378125, 9.486876, 9.84987185, 12.34034431, 52.853195
8.872517, 9.01791, 9.20793525, 9.4949842, 9.831357549999998, 12.510998650000015, 37.448702
8.87426675, 9.0192445, 9.2013365, 9.4900676, 9.825918349999998, 12.257427630000006, 52.853195
8.87773225, 9.021228, 9.2047565, 9.486738, 9.802112249999997, 12.27790974, 37.448702
8.873911, 9.019715, 9.2057175, 9.481084599999999, 9.7925557, 12.348452760000006, 36.893046
8.87467, 9.0155035, 9.203853500000001, 9.465519, 9.800438549999999, 12.048048670000002, 37.448702
8.8727745, 9.01945, 9.214703, 9.4842505, 9.78322725, 11.994815570000002, 35.734803
8.87431125, 9.0224035, 9.2090615, 9.4842505, 9.85085565, 12.34037415, 37.448702
8.87088875, 9.018943, 9.21117175, 9.496333, 9.8666147, 12.330560330000003, 37.448702
8.8727085, 9.0220425, 9.207499, 9.468295, 9.7821391, 12.257758650000012, 35.734803
8.874379, 9.020522, 9.207804, 9.487628200000001, 9.804862949999999, 12.223577700000007, 52.853195
8.874523, 9.0162495, 9.20980475, 9.4767301, 9.76816065, 11.932545, 37.448702
8.876557250000001, 9.0233365, 9.20855875, 9.478671, 9.823103, 12.34821, 37.448702
8.873088000000001, 9.01932, 9.20955125, 9.5054959, 9.859069, 12.222709470000007, 52.853195
8.8775775, 9.021355, 9.21474775, 9.477353, 9.798739949999998, 12.348452760000006, 37.448702
8.874878, 9.022828, 9.21049825, 9.4886225, 9.82521055, 12.312308, 37.448702
8.873663, 9.023363, 9.21032975, 9.486902800000001, 9.84192555, 12.407358670000004, 35.487972
8.8793015, 9.028057, 9.218788, 9.512672100000001, 9.897192, 12.712701930000007, 52.853195
8.8775025, 9.0234655, 9.221211499999999, 9.51187, 9.899736599999999, 12.510524900000004, 36.893046
8.880331, 9.023807, 9.207152, 9.478929, 9.8166842, 12.279502020000008, 52.853195
8.88045525, 9.0276715, 9.2183015, 9.4949842, 9.853442, 12.48305141000001, 37.448702
8.873885, 9.0208665, 9.213961, 9.4870756, 9.810516049999997, 11.995329190000014, 52.853195
8.87411825, 9.0212435, 9.21386975, 9.4886225, 9.834580399999998, 12.328172, 52.853195
8.87520475, 9.017672000000001, 9.2150735, 9.4889078, 9.829139, 12.454759410000005, 52.853195
8.87852225, 9.022124, 9.21536025, 9.4977867, 9.823207349999999, 12.054631640000004, 37.448702
8.874327000000001, 9.0247945, 9.215281, 9.492295, 9.813263, 12.34037415, 37.448702
8.877143, 9.019782, 9.20898675, 9.4854156, 9.842313599999997, 12.312308, 37.448702
8.870352, 9.015933, 9.212454, 9.4936661, 9.815623, 12.495719450000006, 37.448702
8.87199925, 9.0244325, 9.213947, 9.4935087, 9.85043105, 12.07043996, 37.448702
8.874909, 9.0261615, 9.216717, 9.495355600000002, 9.853723349999996, 12.316018220000005, 35.487972
8.874127, 9.021177999999999, 9.205136, 9.4842747, 9.823486299999999, 12.008169170000007, 52.853195
8.87711975, 9.023983000000001, 9.20671875, 9.465608000000001, 9.81960425, 12.419993, 36.893046
8.8743765, 9.018575, 9.2126985, 9.4831182, 9.813266599999999, 12.374935950000003, 37.448702
8.87475375, 9.023552, 9.213554, 9.471973, 9.784454649999999, 12.33088224000001, 52.853195
8.875708, 9.0208665, 9.2092775, 9.4881963, 9.81624, 12.003135780000001, 52.853195
8.8742205, 9.019591, 9.211865, 9.492295, 9.872469199999998, 12.27839975000001, 52.853195
8.872621500000001, 9.021156999999999, 9.209852, 9.486964, 9.849751900000001, 12.528226830000005, 52.853195
8.87410775, 9.020866, 9.21424775, 9.4723389, 9.7821391, 12.312273, 36.893046
8.873807, 9.017651, 9.206709, 9.4805928, 9.809620649999998, 12.454759410000005, 37.448702
8.86920475, 9.005688, 9.181367, 9.4584177, 9.95179325, 11.999376500000002, 37.448702
8.8655525, 9.003557, 9.185161, 9.4629838, 10.033312499999997, 12.312273, 37.448702
8.86510375, 9.0016225, 9.17529125, 9.44343, 9.92058795, 11.932545, 37.448702
8.866639, 9.000454, 9.17870025, 9.445208, 9.961654, 11.961167170000001, 37.448702
8.865428, 8.999586, 9.175699, 9.449913, 9.953168, 11.932734400000001, 37.448702
8.865466, 9.003303, 9.178972, 9.451821700000002, 9.992015, 11.961167170000001, 37.448702
8.8672, 9.0038655, 9.183548, 9.4605303, 9.953168, 11.913264410000002, 35.734803
8.867824, 9.0010035, 9.18142875, 9.441303, 9.881394599999998, 11.89793043, 37.448702
8.864476, 9.002763, 9.17295075, 9.4373368, 9.946413649999998, 11.89793043, 35.734803
8.870532, 9.005145, 9.182661, 9.457004, 10.0051396, 11.958562, 37.448702
8.868858, 9.005277, 9.17919125, 9.4559177, 9.929366, 11.922215, 37.448702
8.867202, 9.002561, 9.175059, 9.457004, 10.004476299999999, 11.970524530000006, 37.448702
8.86566, 9.005688, 9.18761325, 9.463739400000001, 10.0051396, 11.958587130000002, 37.448702
8.86447525, 9.0056735, 9.1901175, 9.45891, 9.972295, 11.961075, 35.734803
8.869176, 9.007147, 9.179315, 9.445925, 9.97230775, 11.993545, 37.448702
8.863359, 9.003226, 9.182778, 9.4519932, 9.97255, 12.072515, 37.448702
8.864476, 9.0036335, 9.178128, 9.453075, 9.97255, 11.932545, 35.734803
8.8629575, 9.002309, 9.173771, 9.4390328, 9.940905, 11.913174, 37.448702
8.86658, 9.002675, 9.1788815, 9.449547, 9.907871, 11.89655337, 37.448702
8.86915, 9.00448, 9.181374250000001, 9.4457945, 9.952919, 11.932805170000005, 37.448702
8.868851, 9.004057, 9.1840755, 9.465835, 9.971022949999998, 11.90322, 37.448702
8.8672, 9.00457, 9.179753, 9.4658418, 10.076944, 11.922215, 37.448702
8.862698, 9.002214, 9.18074925, 9.440594, 9.896336049999999, 11.938615, 37.448702
8.864984250000001, 9.002518, 9.179358, 9.4589483, 9.972295, 12.008169170000007, 37.448702
8.8638735, 8.9999125, 9.173861, 9.451873, 9.95293145, 12.003135780000001, 37.448702
8.863847, 9.00163, 9.178678, 9.4718092, 10.061361, 12.048208350000005, 37.448702
8.864727, 8.9999125, 9.17098, 9.4238893, 9.859398, 11.958679300000004, 37.448702
8.86258, 8.9987065, 9.172552, 9.4390958, 9.91344, 11.922319600000002, 37.448702
8.868137, 9.00683, 9.182977, 9.444518, 9.92986, 11.913174, 35.487972
8.867202, 9.004037, 9.1840755, 9.4584177, 9.972295, 11.999339, 37.448702
8.86699175, 9.004535, 9.176906, 9.4449875, 9.916090949999997, 11.832213, 37.448702
8.868601, 9.005273, 9.178158, 9.467466, 10.033099, 12.27790974, 37.448702
8.863521, 9.0056735, 9.184326, 9.4596301, 9.9923587, 11.938615, 37.448702
8.864476, 9.001446, 9.180891, 9.458363, 9.985579, 11.903319540000002, 35.734803
8.866639, 9.005045500000001, 9.175945, 9.445925, 10.0137305, 12.003135780000001, 37.448702
8.868838, 9.003226, 9.180355, 9.4684348, 9.959921199999998, 11.958587130000002, 37.448702
8.865974, 9.002863999999999, 9.1809545, 9.44343, 10.0051396, 11.932675, 35.734803
8.86591825, 9.003226, 9.174587, 9.4386792, 9.94071025, 12.054451, 37.448702
8.868625, 9.005772, 9.180812750000001, 9.44659, 9.91344, 11.958587130000002, 37.448702
8.863466, 9.001126500000002, 9.1764525, 9.462921, 10.004442, 11.932675, 37.448702
8.86658, 9.003826499999999, 9.18074925, 9.451873, 9.969460699999999, 12.048048670000002, 37.448702
8.86591075, 9.004122500000001, 9.18142875, 9.457346, 9.994264399999997, 12.257208, 37.448702
8.86885625, 9.005145, 9.179745, 9.4467835, 9.952919, 11.932545, 35.734803
8.867031749999999, 9.0038655, 9.183162, 9.44578, 9.981538399999993, 11.932545, 37.448702
8.87619125, 9.0249175, 9.213947, 9.484622, 9.842240949999999, 12.382472730000005, 52.853195
8.872225, 9.0237975, 9.212832, 9.48235, 9.793186249999998, 11.815598, 52.853195
8.875684, 9.0204155, 9.215255, 9.488352, 9.816687499999999, 12.328194900000002, 33.51644
8.8721295, 9.018086, 9.20571625, 9.485208, 9.8128825, 12.383144040000001, 52.853195
8.87819225, 9.0201545, 9.20671875, 9.484632300000001, 9.8082, 12.38223143, 52.853195
8.8793015, 9.0237595, 9.21527125, 9.493547, 9.835861999999997, 12.315896990000002, 52.853195
8.87247525, 9.017683, 9.210075, 9.4973877, 9.861986, 12.476572110000003, 37.448702
8.868461, 9.0056735, 9.179753, 9.4457945, 9.933371699999993, 12.003089, 37.448702
8.868245, 9.003908, 9.175445, 9.438644, 9.92934, 11.993640440000002, 37.448702
8.869212, 9.007054499999999, 9.182778, 9.4591562, 9.972295, 11.993545, 37.448702
8.8654565, 9.0016415, 9.173722, 9.442472, 9.927151549999998, 11.938814470000004, 37.448702
8.868566, 9.008198, 9.187609, 9.4519932, 9.965311, 11.961075, 37.448702
8.866897999999999, 9.002868, 9.176562, 9.44343, 9.899666, 11.913174, 37.448702
8.863359, 9.0010005, 9.179745, 9.445208, 9.940905, 11.958587130000002, 35.487972
8.8643685, 9.002317, 9.176906, 9.455824, 9.956152, 12.070419, 35.734803
8.86662425, 9.002518, 9.1731935, 9.430806, 9.881233, 11.832213, 37.448702
8.863898, 9.00286, 9.185154, 9.4622059, 10.003537249999999, 11.932734400000001, 37.448702
8.86920475, 9.004629, 9.179454750000001, 9.4430626, 9.946236, 11.89793043, 37.448702
8.86881725, 9.005845, 9.183724999999999, 9.47777, 10.029733, 11.970524530000006, 37.448702
8.86658, 9.0045635, 9.1840755, 9.4574223, 9.974078599999995, 11.932546299999998, 37.448702
8.865184249999999, 9.0040565, 9.18142875, 9.442472, 9.920568, 11.958562, 35.734803
8.865974, 9.00024, 9.17524, 9.4448559, 9.97255, 12.07348752000002, 37.448702
8.869962, 9.002675, 9.174758, 9.453075, 9.956335899999997, 11.922318300000002, 35.734803
8.8692885, 9.003852, 9.18894725, 9.465835, 10.0137305, 12.003089, 37.448702
8.863937, 9.003607, 9.178994, 9.445925, 9.959921199999998, 11.99360294, 37.448702
8.866778, 9.003106, 9.17510425, 9.4425307, 9.969382, 11.993545, 37.448702
8.864503, 9.000636, 9.17341525, 9.430714, 9.905263, 12.003089, 35.487972
8.866711, 8.998252, 9.1762295, 9.452075900000002, 9.969460699999999, 12.008169170000007, 37.448702
8.868778, 9.007208, 9.18139, 9.4626924, 9.959921199999998, 11.993545, 35.734803
8.863657, 8.9985645, 9.17261825, 9.434658, 9.951734, 11.932545, 35.330604
8.8657435, 9.000233, 9.170088, 9.430244, 9.908013249999998, 11.89458366, 37.448702
8.8706835, 9.005045, 9.183294, 9.449869900000001, 9.969382, 11.961075, 37.448702
8.868137, 9.006932500000001, 9.187707249999999, 9.4584177, 9.9920315, 11.932675, 35.734803
8.863247, 8.9994405, 9.174917749999999, 9.444550600000001, 9.930965, 11.894581, 35.734803
8.864503, 9.004908, 9.17932575, 9.433928, 9.891942499999994, 11.913174, 37.448702
8.866547, 9.0046745, 9.17870025, 9.444550600000001, 9.973715, 11.913264410000002, 37.448702
8.8711135, 9.006932500000001, 9.181145, 9.453075, 9.992345, 11.999339, 37.448702
8.866467, 9.002257499999999, 9.176034, 9.4450259, 9.97255, 11.961167170000001, 37.448702
8.868838, 9.00418, 9.175935, 9.439364, 9.930016299999997, 11.932959000000006, 37.448702
8.869183, 9.005141, 9.180358, 9.4486541, 9.952919, 11.897877, 37.448702
8.874903250000001, 9.022278, 9.209846, 9.4716179, 9.744206, 12.000049800000017, 52.853195
8.873215, 9.020435, 9.2097735, 9.478955, 9.812934449999998, 12.312308, 37.448702
8.884263, 9.042553, 9.238356249999999, 9.5032753, 9.768316599999997, 14.697063830000126, 52.853195
8.8844725, 9.0397935, 9.230787, 9.4924157, 9.701287, 11.453356550000063, 36.893046
8.88608675, 9.035616000000001, 9.223474, 9.4842586, 9.725268, 14.393979050000047, 52.853195
8.881664, 9.038595, 9.226154, 9.5023594, 9.740212699999999, 14.731487, 36.893046
8.8820355, 9.041041499999999, 9.229347, 9.50151, 9.72591, 14.670883160000013, 52.853195
8.886614999999999, 9.042981, 9.2373695, 9.530821, 9.79201135, 16.05920624000001, 52.853195
8.883364, 9.0383375, 9.237048249999999, 9.50728, 9.766911949999999, 15.266299860000068, 52.853195
8.8868975, 9.044391, 9.239616, 9.496346, 9.71648085, 13.917143910000043, 52.853195
8.89521, 9.049044, 9.237180250000002, 9.5171619, 9.760536, 13.554883140000014, 32.855096
8.882832, 9.0430225, 9.238278, 9.50903, 9.771748, 14.450396, 23.303856
8.88514275, 9.03808, 9.232827499999999, 9.498878699999999, 9.720007049999998, 14.192837, 36.893046
8.889704, 9.041041499999999, 9.247665, 9.5023807, 9.734066949999999, 15.573435340000065, 52.853195
8.88843, 9.044667, 9.243334, 9.5172411, 9.735498399999999, 14.902573970000079, 52.853195
8.8828005, 9.036677000000001, 9.235714, 9.516023, 9.744446699999997, 14.433544180000052, 36.893046
8.884248, 9.0430225, 9.243874, 9.519262, 9.740620099999994, 13.728709090000017, 36.893046
8.88843, 9.042444, 9.240236249999999, 9.5055714, 9.767297399999999, 15.571933090000032, 32.855096
8.882303, 9.03922, 9.248973, 9.5475973, 9.80664025, 16.17991030000001, 36.893046
8.885138249999999, 9.041075, 9.242308, 9.511582, 9.765778, 14.670481740000005, 52.853195
8.87902725, 9.0362305, 9.237145, 9.5102287, 9.763951549999998, 14.41825583000004, 32.855096
8.886731, 9.0459465, 9.237156, 9.50151, 9.710233, 14.39224006000001, 52.853195
8.88227225, 9.033861, 9.230604, 9.493502, 9.728573, 11.973014370000005, 52.853195
8.88750775, 9.040083, 9.238278, 9.5169909, 9.73990345, 16.058708, 52.853195
8.88926675, 9.0470375, 9.24086475, 9.5275827, 9.752631, 15.571933090000032, 36.893046
8.885962249999999, 9.045718, 9.24759375, 9.537771, 9.773925, 14.452594750000047, 52.853195
8.888282, 9.042033, 9.23841175, 9.505567, 9.733125, 14.452594750000047, 52.853195
8.891338, 9.044395, 9.235593999999999, 9.51868, 9.765831449999999, 16.050743450000002, 52.853195
8.8817615, 9.042407, 9.246868, 9.5234663, 9.786611399999995, 14.691746420000008, 36.893046
8.883364, 9.041142, 9.243015, 9.51211, 9.77024415, 16.2536659, 36.893046
8.88955475, 9.044691, 9.242772, 9.511592, 9.73989055, 13.91610324000002, 52.853195
8.886731, 9.037168, 9.24208175, 9.516968, 9.768247449999999, 16.050743450000002, 52.853195
8.88102, 9.035346, 9.23258675, 9.512666, 9.752631, 11.973014370000005, 52.853195
8.88047375, 9.033676, 9.23690875, 9.498624, 9.704696649999997, 13.162762050000014, 52.853195
8.888997, 9.039962500000001, 9.23975625, 9.50903, 9.749200549999998, 14.431345430000004, 36.893046
8.88679025, 9.0379925, 9.233209, 9.484249, 9.70850295, 13.61971801000004, 52.853195
8.885862, 9.036835499999999, 9.23222275, 9.497367, 9.742244149999996, 13.915245, 52.853195
8.883899750000001, 9.039339, 9.23942125, 9.508067, 9.73992, 14.731487, 32.855096
8.88706575, 9.043857, 9.240827, 9.5075765, 9.726043149999999, 11.994732, 52.853195
8.88608675, 9.045718, 9.244522, 9.516893, 9.7605659, 15.976887, 52.853195
8.89114775, 9.041795, 9.228933, 9.4975944, 9.73476515, 14.736804410000115, 52.853195
8.883178, 9.0402495, 9.23612, 9.50114, 9.757702149999998, 14.670481740000005, 52.853195
8.884447, 9.041737, 9.237870000000001, 9.524617, 9.786611399999995, 14.431153, 52.853195
8.882553, 9.037168, 9.235771, 9.5121627, 9.7605659, 14.433754920000057, 52.853195
8.8868975, 9.042473, 9.249711, 9.526729, 9.757248950000001, 14.779568680000027, 52.853195
8.878123, 9.034419, 9.23482525, 9.50151, 9.733126949999999, 15.722323, 52.853195
8.88954275, 9.046483, 9.245285500000001, 9.5266768, 9.765831449999999, 16.05910689000001, 52.853195
8.884098999999999, 9.041103, 9.239616, 9.5020773, 9.742286399999996, 14.002109670000022, 23.303856
8.879933, 9.03418, 9.230604, 9.5070352, 9.760536, 14.431345430000004, 52.853195
8.88863625, 9.04299, 9.238425249999999, 9.5183299, 9.7863961, 14.605704190000015, 52.853195
8.890763, 9.047654999999999, 9.24294175, 9.528366, 9.757553, 14.108003110000062, 36.893046
8.887834, 9.043844, 9.237358, 9.510876, 9.75599035, 14.670271, 36.893046
8.880507249999999, 9.041222000000001, 9.2437665, 9.503254, 9.717675, 13.485379, 36.893046
8.88679025, 9.0448685, 9.247445, 9.518291, 9.748175, 14.779568680000027, 52.853195
8.890802749999999, 9.0489945, 9.243016, 9.5275056, 9.778747, 16.217304810000037, 52.853195
8.87868, 9.032622, 9.232174, 9.4858511, 9.7223697, 14.419520180000069, 36.893046
8.88808525, 9.0448545, 9.237870000000001, 9.4947206, 9.742045699999998, 14.733161440000035, 36.893046
8.883292749999999, 9.045202, 9.240148, 9.503477400000001, 9.73456, 15.263228, 36.893046
8.8845135, 9.04294, 9.23841175, 9.5208795, 9.767247699999999, 15.573435340000065, 52.853195
8.885138249999999, 9.0385005, 9.23230975, 9.4922397, 9.72328325, 13.915245, 52.853195
8.88679025, 9.038613, 9.240148, 9.5091906, 9.757131499999995, 14.001069, 52.853195
8.88677375, 9.042758, 9.231546, 9.501085, 9.765778, 14.783211650000107, 36.893046
8.888282, 9.041075, 9.23727, 9.4979399, 9.7605659, 14.605704190000015, 36.893046
8.883417999999999, 9.038552, 9.233274, 9.5015323, 9.742045699999998, 16.17991030000001, 36.893046
8.884263, 9.047471, 9.24627575, 9.516893, 9.761307699999998, 14.105136, 36.893046
8.88722725, 9.043419, 9.233324, 9.484249, 9.719287549999995, 14.192837, 52.853195
8.889188, 9.042895, 9.241244250000001, 9.520095099999999, 9.795129399999997, 15.723825250000033, 32.855096
8.885138249999999, 9.038644, 9.2424415, 9.5136458, 9.757534, 15.570414, 52.853195
8.88810475, 9.0376215, 9.229384, 9.488179, 9.735498399999999, 13.486703820000029, 52.853195
8.889898, 9.044427, 9.24294175, 9.513609200000001, 9.7605659, 14.001069, 52.853195
8.885738, 9.0456415, 9.2439015, 9.5262978, 9.793186249999998, 16.030837440000013, 36.893046
8.88442775, 9.039923, 9.23482525, 9.500631, 9.718021499999997, 11.682221710000013, 23.303856
8.887533999999999, 9.038321, 9.2383335, 9.5063141, 9.73877, 13.554883140000014, 52.853195
8.88843, 9.042201500000001, 9.240579499999999, 9.517158, 9.75677775, 14.605052, 52.853195
8.88712, 9.042489, 9.240434749999999, 9.5231726, 9.768604449999998, 14.431153, 52.853195
8.8896845, 9.0517125, 9.2476775, 9.50728, 9.75599035, 16.050743450000002, 52.853195
8.883933, 9.0389815, 9.233324, 9.50728, 9.73476515, 14.431153, 52.853195
8.882678250000001, 9.041142, 9.249989, 9.5361424, 9.79201135, 14.905645830000147, 52.853195
8.89350075, 9.044109, 9.24338325, 9.509044099999999, 9.741038699999997, 14.671351920000022, 36.893046
8.887807, 9.046859999999999, 9.24208175, 9.5042611, 9.738214249999999, 15.873591390000023, 52.853195
8.8883455, 9.041069499999999, 9.23752975, 9.505611, 9.733126949999999, 15.874329150000039, 52.853195
8.888578500000001, 9.040944, 9.240414, 9.517197, 9.766911949999999, 15.723825250000033, 23.303856
8.888282, 9.041041499999999, 9.240568, 9.5070352, 9.767185, 14.739876270000183, 36.893046
8.894561, 9.048379, 9.24661225, 9.520627, 9.76723305, 15.270364590000156, 52.853195
8.874219, 9.020662, 9.2148925, 9.484072600000001, 9.85960325, 12.818337, 52.853195
8.87396, 9.017999, 9.20461525, 9.4768279, 9.82521055, 12.257414890000005, 52.853195
8.873113, 9.022783, 9.2082465, 9.485218, 9.842774799999999, 12.074022230000033, 29.227148
8.873525749999999, 9.02543, 9.216537, 9.502123800000001, 9.899396, 12.482597, 35.487972
8.87426675, 9.020518, 9.21183125, 9.499227, 9.87646105, 12.454759410000005, 37.448702
8.87478025, 9.020969, 9.211431999999999, 9.476754, 9.802000149999998, 12.223577700000007, 37.448702
8.877464999999999, 9.022833, 9.2105885, 9.4968198, 9.847529149999998, 12.383144040000001, 52.853195
8.87634975, 9.0204155, 9.21280875, 9.484264, 9.802600599999998, 12.054451, 52.853195
8.87302025, 9.019599, 9.207585250000001, 9.5015217, 9.857024599999997, 12.27966101000001, 37.448702
8.873106, 9.019493, 9.206748, 9.4941639, 9.8432984, 12.374624270000002, 52.853195
8.878754, 9.0230465, 9.2080415, 9.482771600000001, 9.829139, 12.34525584, 52.853195
8.872328, 9.019715, 9.2098385, 9.4976082, 9.870237, 12.22236977, 36.893046
8.872364, 9.019787, 9.20629175, 9.4776936, 9.8132869, 12.340295, 36.893046
8.875259750000001, 9.0204155, 9.20593625, 9.4715601, 9.806857, 11.958587130000002, 35.734803
8.869944, 9.0168975, 9.209836, 9.4767544, 9.818597, 12.008169170000007, 52.853195
8.87523225, 9.026004499999999, 9.21710875, 9.482715, 9.859979, 12.626945960000018, 52.853195
8.87651825, 9.019079999999999, 9.210299, 9.4801357, 9.8289376, 11.999339, 52.853195
8.8753115, 9.018413, 9.214227, 9.5020608, 9.876416, 12.420556890000013, 52.853195
8.87683925, 9.020869, 9.215076750000001, 9.4838936, 9.777769, 12.277897, 37.448702
8.876132, 9.019992, 9.20984, 9.5023074, 9.861813099999999, 12.374857910000001, 52.853195
8.87418275, 9.027203499999999, 9.21657825, 9.4924157, 9.84189725, 12.482597, 35.330604
8.876815, 9.021529999999998, 9.20912425, 9.4842499, 9.821551849999999, 12.374775, 52.853195
8.874354749999998, 9.017683, 9.2164175, 9.4985985, 9.8745696, 12.383144040000001, 52.853195
8.87076725, 9.018802, 9.21813025, 9.4850643, 9.82521055, 12.419993, 52.853195
8.87311775, 9.021015, 9.21002475, 9.483299200000001, 9.786040250000001, 12.003135780000001, 52.853195
8.874732250000001, 9.020896, 9.2098475, 9.4823643, 9.851321599999999, 12.330462, 35.734803
8.87250675, 9.020458999999999, 9.20817175, 9.484295, 9.795129399999997, 11.970582470000007, 37.448702
8.8739855, 9.022345000000001, 9.2154525, 9.4884937, 9.813182999999999, 11.958562, 52.853195
8.875233, 9.0253975, 9.21573325, 9.4949842, 9.810391, 12.27790974, 52.853195
8.87627875, 9.019579499999999, 9.214442, 9.485172899999998, 9.787028, 12.054451, 37.448702
8.877317, 9.022228, 9.21189275, 9.4881963, 9.813335, 12.00823384000001, 35.487972
8.8765455, 9.024576499999998, 9.21635975, 9.4868337, 9.809294249999997, 12.482597, 52.853195
8.8750335, 9.020896, 9.2097735, 9.4831182, 9.83359, 12.382309470000001, 52.853195
8.872470999999999, 9.0201885, 9.20691, 9.4742674, 9.7940702, 12.008169170000007, 37.448702
8.878258, 9.0209975, 9.21474775, 9.503670000000001, 9.833636599999998, 12.074022230000033, 37.448702
8.8744425, 9.020671, 9.212889500000001, 9.4805805, 9.793186249999998, 12.07043996, 52.853195
8.872449750000001, 9.0181925, 9.20742475, 9.4726809, 9.758309, 11.932922470000008, 52.853195
8.87220525, 9.015479, 9.2090615, 9.4761934, 9.79312115, 12.277897, 37.448702
8.87410825, 9.019079999999999, 9.209766, 9.4912507, 9.80838985, 12.222916360000012, 52.853195
8.876688, 9.026442, 9.21172, 9.4850802, 9.8073939, 11.932546299999998, 37.448702
8.87229625, 9.019133499999999, 9.214534, 9.4825152, 9.839021, 12.048048670000002, 37.448702
8.87599275, 9.0278615, 9.21554475, 9.4992409, 9.8596303, 12.170292940000012, 37.448702
8.874137, 9.022027, 9.212000999999999, 9.480089, 9.784469899999998, 12.495542550000003, 37.448702
8.876388500000001, 9.025109, 9.21269175, 9.4852188, 9.78767904999999, 12.278240760000006, 52.853195
8.875274000000001, 9.0192555, 9.212633, 9.4795583, 9.823207349999999, 12.222361, 52.853195
8.875008, 9.0240945, 9.21550425, 9.486738, 9.8163103, 12.27790974, 36.893046
8.868775750000001, 9.018265, 9.20521775, 9.4658418, 9.7707353, 11.995329190000014, 52.853195
8.88098325, 9.03922, 9.23623275, 9.5016844, 9.719962349999998, 14.902573970000079, 52.853195
8.8866305, 9.034796, 9.2377355, 9.5176874, 9.767185, 16.058708, 36.893046
8.8807615, 9.0318385, 9.22954775, 9.4723389, 9.6786042, 14.391847, 32.855096
8.8746955, 9.0303945, 9.23604325, 9.553535100000001, 9.79318625, 16.21605821, 22.552578
8.88328475, 9.031383, 9.2263095, 9.497553, 9.7262727, 13.48606768, 52.853195
8.89427175, 9.047075, 9.247978, 9.546036, 9.776282, 16.397703, 32.855096
8.878592, 9.043981, 9.23877325, 9.516184500000001, 9.8234863, 11.057837, 20.217992
8.888997750000001, 9.04468, 9.242141, 9.496489200000001, 9.764325999999999, 16.216124110000003, 52.853195
8.89655425, 9.046921, 9.235947, 9.5486165, 9.80820765, 16.795863029999996, 36.893046
0, 0, 0, 0, 0, 0, 0
0, 0, 0, 0, 0, 0, 0
0, 0, 0, 0, 0, 0, 0
0, 0, 0, 0, 0, 0, 0
0, 0, 0, 0, 0, 0, 0
0, 0, 0, 0, 0, 0, 0
0, 0, 0, 0, 0, 0, 0
0, 0, 0, 0, 0, 0, 0
0, 0, 0, 0, 0, 0, 0
0, 0, 0, 0, 0, 0, 0
0, 0, 0, 0, 0, 0, 0
0, 0, 0, 0, 0, 0, 0
0, 0, 0, 0, 0, 0, 0
0, 0, 0, 0, 0, 0, 0
0, 0, 0, 0, 0, 0, 0
0, 0, 0, 0, 0, 0, 0
0, 0, 0, 0, 0, 0, 0
0, 0, 0, 0, 0, 0, 0
0, 0, 0, 0, 0, 0, 0
0, 0, 0, 0, 0, 0, 0
0, 0, 0, 0, 0, 0, 0
0, 0, 0, 0, 0, 0, 0
0, 0, 0, 0, 0, 0, 0
0, 0, 0, 0, 0, 0, 0
0, 0, 0, 0, 0, 0, 0
0, 0, 0, 0, 0, 0, 0
0, 0, 0, 0, 0, 0, 0
0, 0, 0, 0, 0, 0, 0
0, 0, 0, 0, 0, 0, 0
0, 0, 0, 0, 0, 0, 0
0, 0, 0, 0, 0, 0, 0
0, 0, 0, 0, 0, 0, 0
0, 0, 0, 0, 0, 0, 0
0, 0, 0, 0, 0, 0, 0
0, 0, 0, 0, 0, 0, 0
0, 0, 0, 0, 0, 0, 0
0, 0, 0, 0, 0, 0, 0
0, 0, 0, 0, 0, 0, 0
0, 0, 0, 0, 0, 0, 0
0, 0, 0, 0, 0, 0, 0
0, 0, 0, 0, 0, 0, 0
0, 0, 0, 0, 0, 0, 0
0, 0, 0, 0, 0, 0, 0
0, 0, 0, 0, 0, 0, 0
0, 0, 0, 0, 0, 0, 0
0, 0, 0, 0, 0, 0, 0
0, 0, 0, 0, 0, 0, 0
0, 0, 0, 0, 0, 0, 0
0, 0, 0, 0, 0, 0, 0
0, 0, 0, 0, 0, 0, 0
0, 0, 0, 0, 0, 0, 0
0, 0, 0, 0, 0, 0, 0
0, 0, 0, 0, 0, 0, 0
0, 0, 0, 0, 0, 0, 0
0, 0, 0, 0, 0, 0, 0
0, 0, 0, 0, 0, 0, 0
0, 0, 0, 0, 0, 0, 0
0, 0, 0, 0, 0, 0, 0
0, 0, 0, 0, 0, 0, 0
0, 0, 0, 0, 0, 0, 0
0, 0, 0, 0, 0, 0, 0
0, 0, 0, 0, 0, 0, 0
0, 0, 0, 0, 0, 0, 0
0, 0, 0, 0, 0, 0, 0
0, 0, 0, 0, 0, 0, 0
0, 0, 0, 0, 0, 0, 0
0, 0, 0, 0, 0, 0, 0
0, 0, 0, 0, 0, 0, 0
0, 0, 0, 0, 0, 0, 0
0, 0, 0, 0, 0, 0, 0
0, 0, 0, 0, 0, 0, 0
0, 0, 0, 0, 0, 0, 0
0, 0, 0, 0, 0, 0, 0
0, 0, 0, 0, 0, 0, 0
0, 0, 0, 0, 0, 0, 0
0, 0, 0, 0, 0, 0, 0
0, 0, 0, 0, 0, 0, 0
0, 0, 0, 0, 0, 0, 0
0, 0, 0, 0, 0, 0, 0
0, 0, 0, 0, 0, 0, 0
0, 0, 0, 0, 0, 0, 0
0, 0, 0, 0, 0, 0, 0
0, 0, 0, 0, 0, 0, 0
0, 0, 0, 0, 0, 0, 0
0, 0, 0, 0, 0, 0, 0
0, 0, 0, 0, 0, 0, 0
0, 0, 0, 0, 0, 0, 0
0, 0, 0, 0, 0, 0, 0
0, 0, 0, 0, 0, 0, 0
0, 0, 0, 0, 0, 0, 0
0, 0, 0, 0, 0, 0, 0
0, 0, 0, 0, 0, 0, 0
0, 0, 0, 0, 0, 0, 0
0, 0, 0, 0, 0, 0, 0
0, 0, 0, 0, 0, 0, 0
0, 0, 0, 0, 0, 0, 0
0, 0, 0, 0, 0, 0, 0
0, 0, 0, 0, 0, 0, 0
0, 0, 0, 0, 0, 0, 0
0, 0, 0, 0, 0, 0, 0
0, 0, 0, 0, 0, 0, 0
0, 0, 0, 0, 0, 0, 0
0, 0, 0, 0, 0, 0, 0
0, 0, 0, 0, 0, 0, 0
0, 0, 0, 0, 0, 0, 0
0, 0, 0, 0, 0, 0, 0
0, 0, 0, 0, 0, 0, 0
0, 0, 0, 0, 0, 0, 0
0, 0, 0, 0, 0, 0, 0
0, 0, 0, 0, 0, 0, 0
0, 0, 0, 0, 0, 0, 0
0, 0, 0, 0, 0, 0, 0
0, 0, 0, 0, 0, 0, 0
0, 0, 0, 0, 0, 0, 0
0, 0, 0, 0, 0, 0, 0
0, 0, 0, 0, 0, 0, 0
0, 0, 0, 0, 0, 0, 0
0, 0, 0, 0, 0, 0, 0
0, 0, 0, 0, 0, 0, 0
0, 0, 0, 0, 0, 0, 0
0, 0, 0, 0, 0, 0, 0
0, 0, 0, 0, 0, 0, 0
0, 0, 0, 0, 0, 0, 0
0, 0, 0, 0, 0, 0, 0
0, 0, 0, 0, 0, 0, 0
0, 0, 0, 0, 0, 0, 0
0, 0, 0, 0, 0, 0, 0
0, 0, 0, 0, 0, 0, 0
0, 0, 0, 0, 0, 0, 0
0, 0, 0, 0, 0, 0, 0
0, 0, 0, 0, 0, 0, 0
0, 0, 0, 0, 0, 0, 0
0, 0, 0, 0, 0, 0, 0
0, 0, 0, 0, 0, 0, 0
0, 0, 0, 0, 0, 0, 0
0, 0, 0, 0, 0, 0, 0
0, 0, 0, 0, 0, 0, 0
0, 0, 0, 0, 0, 0, 0
0, 0, 0, 0, 0, 0, 0
0, 0, 0, 0, 0, 0, 0
0, 0, 0, 0, 0, 0, 0
0, 0, 0, 0, 0, 0, 0
0, 0, 0, 0, 0, 0, 0
0, 0, 0, 0, 0, 0, 0
0, 0, 0, 0, 0, 0, 0
0, 0, 0, 0, 0, 0, 0
0, 0, 0, 0, 0, 0, 0
0, 0, 0, 0, 0, 0, 0
0, 0, 0, 0, 0, 0, 0
0, 0, 0, 0, 0, 0, 0
0, 0, 0, 0, 0, 0, 0
0, 0, 0, 0, 0, 0, 0
0, 0, 0, 0, 0, 0, 0
0, 0, 0, 0, 0, 0, 0
0, 0, 0, 0, 0, 0, 0
0, 0, 0, 0, 0, 0, 0
0, 0, 0, 0, 0, 0, 0
0, 0, 0, 0, 0, 0, 0
0, 0, 0, 0, 0, 0, 0
0, 0, 0, 0, 0, 0, 0
0, 0, 0, 0, 0, 0, 0
0, 0, 0, 0, 0, 0, 0
0, 0, 0, 0, 0, 0, 0
0, 0, 0, 0, 0, 0, 0
0, 0, 0, 0, 0, 0, 0
0, 0, 0, 0, 0, 0, 0
0, 0, 0, 0, 0, 0, 0
0, 0, 0, 0, 0, 0, 0
0, 0, 0, 0, 0, 0, 0
0, 0, 0, 0, 0, 0, 0
0, 0, 0, 0, 0, 0, 0
0, 0, 0, 0, 0, 0, 0
0, 0, 0, 0, 0, 0, 0
0, 0, 0, 0, 0, 0, 0
0, 0, 0, 0, 0, 0, 0
0, 0, 0, 0, 0, 0, 0
0, 0, 0, 0, 0, 0, 0
0, 0, 0, 0, 0, 0, 0
0, 0, 0, 0, 0, 0, 0
0, 0, 0, 0, 0, 0, 0
0, 0, 0, 0, 0, 0, 0
0, 0, 0, 0, 0, 0, 0
0, 0, 0, 0, 0, 0, 0
0, 0, 0, 0, 0, 0, 0
0, 0, 0, 0, 0, 0, 0
0, 0, 0, 0, 0, 0, 0
0, 0, 0, 0, 0, 0, 0
0, 0, 0, 0, 0, 0, 0
0, 0, 0, 0, 0, 0, 0
0, 0, 0, 0, 0, 0, 0
0, 0, 0, 0, 0, 0, 0
0, 0, 0, 0, 0, 0, 0
0, 0, 0, 0, 0, 0, 0
0, 0, 0, 0, 0, 0, 0
0, 0, 0, 0, 0, 0, 0
0, 0, 0, 0, 0, 0, 0
0, 0, 0, 0, 0, 0, 0
0, 0, 0, 0, 0, 0, 0
0, 0, 0, 0, 0, 0, 0
0, 0, 0, 0, 0, 0, 0
0, 0, 0, 0, 0, 0, 0
0, 0, 0, 0, 0, 0, 0
0, 0, 0, 0, 0, 0, 0
0, 0, 0, 0, 0, 0, 0
0, 0, 0, 0, 0, 0, 0
0, 0, 0, 0, 0, 0, 0
0, 0, 0, 0, 0, 0, 0
0, 0, 0, 0, 0, 0, 0
0, 0, 0, 0, 0, 0, 0
0, 0, 0, 0, 0, 0, 0
0, 0, 0, 0, 0, 0, 0
0, 0, 0, 0, 0, 0, 0
0, 0, 0, 0, 0, 0, 0
0, 0, 0, 0, 0, 0, 0
0, 0, 0, 0, 0, 0, 0
0, 0, 0, 0, 0, 0, 0
0, 0, 0, 0, 0, 0, 0
0, 0, 0, 0, 0, 0, 0
0, 0, 0, 0, 0, 0, 0
0, 0, 0, 0, 0, 0, 0
0, 0, 0, 0, 0, 0, 0
0, 0, 0, 0, 0, 0, 0
0, 0, 0, 0, 0, 0, 0
0, 0, 0, 0, 0, 0, 0
0, 0, 0, 0, 0, 0, 0
0, 0, 0, 0, 0, 0, 0
0, 0, 0, 0, 0, 0, 0
0, 0, 0, 0, 0, 0, 0
0, 0, 0, 0, 0, 0, 0
0, 0, 0, 0, 0, 0, 0
0, 0, 0, 0, 0, 0, 0
0, 0, 0, 0, 0, 0, 0
0, 0, 0, 0, 0, 0, 0
0, 0, 0, 0, 0, 0, 0
0, 0, 0, 0, 0, 0, 0
0, 0, 0, 0, 0, 0, 0
0, 0, 0, 0, 0, 0, 0
0, 0, 0, 0, 0, 0, 0
0, 0, 0, 0, 0, 0, 0
0, 0, 0, 0, 0, 0, 0
0, 0, 0, 0, 0, 0, 0
0, 0, 0, 0, 0, 0, 0
0, 0, 0, 0, 0, 0, 0
0, 0, 0, 0, 0, 0, 0
0, 0, 0, 0, 0, 0, 0
0, 0, 0, 0, 0, 0, 0
0, 0, 0, 0, 0, 0, 0
0, 0, 0, 0, 0, 0, 0
0, 0, 0, 0, 0, 0, 0
0, 0, 0, 0, 0, 0, 0
0, 0, 0, 0, 0, 0, 0
0, 0, 0, 0, 0, 0, 0
0, 0, 0, 0, 0, 0, 0
0, 0, 0, 0, 0, 0, 0
0, 0, 0, 0, 0, 0, 0
0, 0, 0, 0, 0, 0, 0
0, 0, 0, 0, 0, 0, 0
0, 0, 0, 0, 0, 0, 0
0, 0, 0, 0, 0, 0, 0
0, 0, 0, 0, 0, 0, 0
0, 0, 0, 0, 0, 0, 0
0, 0, 0, 0, 0, 0, 0
0, 0, 0, 0, 0, 0, 0
0, 0, 0, 0, 0, 0, 0
0, 0, 0, 0, 0, 0, 0
0, 0, 0, 0, 0, 0, 0
0, 0, 0, 0, 0, 0, 0
0, 0, 0, 0, 0, 0, 0
0, 0, 0, 0, 0, 0, 0
0, 0, 0, 0, 0, 0, 0
0, 0, 0, 0, 0, 0, 0
0, 0, 0, 0, 0, 0, 0
0, 0, 0, 0, 0, 0, 0
0, 0, 0, 0, 0, 0, 0
0, 0, 0, 0, 0, 0, 0
0, 0, 0, 0, 0, 0, 0
0, 0, 0, 0, 0, 0, 0
0, 0, 0, 0, 0, 0, 0
0, 0, 0, 0, 0, 0, 0
0, 0, 0, 0, 0, 0, 0
0, 0, 0, 0, 0, 0, 0
0, 0, 0, 0, 0, 0, 0
0, 0, 0, 0, 0, 0, 0
0, 0, 0, 0, 0, 0, 0
0, 0, 0, 0, 0, 0, 0
0, 0, 0, 0, 0, 0, 0
0, 0, 0, 0, 0, 0, 0
0, 0, 0, 0, 0, 0, 0
0, 0, 0, 0, 0, 0, 0
0, 0, 0, 0, 0, 0, 0
0, 0, 0, 0, 0, 0, 0
0, 0, 0, 0, 0, 0, 0
0, 0, 0, 0, 0, 0, 0
0, 0, 0, 0, 0, 0, 0
0, 0, 0, 0, 0, 0, 0
0, 0, 0, 0, 0, 0, 0
0, 0, 0, 0, 0, 0, 0
0, 0, 0, 0, 0, 0, 0
0, 0, 0, 0, 0, 0, 0
0, 0, 0, 0, 0, 0, 0
0, 0, 0, 0, 0, 0, 0
0, 0, 0, 0, 0, 0, 0
0, 0, 0, 0, 0, 0, 0
0, 0, 0, 0, 0, 0, 0
0, 0, 0, 0, 0, 0, 0
0, 0, 0, 0, 0, 0, 0
0, 0, 0, 0, 0, 0, 0
0, 0, 0, 0, 0, 0, 0
0, 0, 0, 0, 0, 0, 0
0, 0, 0, 0, 0, 0, 0
0, 0, 0, 0, 0, 0, 0
0, 0, 0, 0, 0, 0, 0
0, 0, 0, 0, 0, 0, 0
0, 0, 0, 0, 0, 0, 0
0, 0, 0, 0, 0, 0, 0
0, 0, 0, 0, 0, 0, 0
0, 0, 0, 0, 0, 0, 0
0, 0, 0, 0, 0, 0, 0
0, 0, 0, 0, 0, 0, 0
0, 0, 0, 0, 0, 0, 0
0, 0, 0, 0, 0, 0, 0
0, 0, 0, 0, 0, 0, 0
0, 0, 0, 0, 0, 0, 0
0, 0, 0, 0, 0, 0, 0
0, 0, 0, 0, 0, 0, 0
0, 0, 0, 0, 0, 0, 0
0, 0, 0, 0, 0, 0, 0
0, 0, 0, 0, 0, 0, 0
0, 0, 0, 0, 0, 0, 0
0, 0, 0, 0, 0, 0, 0
0, 0, 0, 0, 0, 0, 0
0, 0, 0, 0, 0, 0, 0
0, 0, 0, 0, 0, 0, 0
0, 0, 0, 0, 0, 0, 0
0, 0, 0, 0, 0, 0, 0
0, 0, 0, 0, 0, 0, 0
0, 0, 0, 0, 0, 0, 0
0, 0, 0, 0, 0, 0, 0
0, 0, 0, 0, 0, 0, 0
0, 0, 0, 0, 0, 0, 0
0, 0, 0, 0, 0, 0, 0
0, 0, 0, 0, 0, 0, 0
0, 0, 0, 0, 0, 0, 0
0, 0, 0, 0, 0, 0, 0
0, 0, 0, 0, 0, 0, 0
0, 0, 0, 0, 0, 0, 0
0, 0, 0, 0, 0, 0, 0
0, 0, 0, 0, 0, 0, 0
0, 0, 0, 0, 0, 0, 0
0, 0, 0, 0, 0, 0, 0
0, 0, 0, 0, 0, 0, 0
0, 0, 0, 0, 0, 0, 0
0, 0, 0, 0, 0, 0, 0
0, 0, 0, 0, 0, 0, 0
0, 0, 0, 0, 0, 0, 0
0, 0, 0, 0, 0, 0, 0
0, 0, 0, 0, 0, 0, 0
0, 0, 0, 0, 0, 0, 0
0, 0, 0, 0, 0, 0, 0
0, 0, 0, 0, 0, 0, 0
0, 0, 0, 0, 0, 0, 0
0, 0, 0, 0, 0, 0, 0
0, 0, 0, 0, 0, 0, 0
0, 0, 0, 0, 0, 0, 0
0, 0, 0, 0, 0, 0, 0
0, 0, 0, 0, 0, 0, 0
0, 0, 0, 0, 0, 0, 0
0, 0, 0, 0, 0, 0, 0
0, 0, 0, 0, 0, 0, 0
0, 0, 0, 0, 0, 0, 0
0, 0, 0, 0, 0, 0, 0
0, 0, 0, 0, 0, 0, 0
0, 0, 0, 0, 0, 0, 0
0, 0, 0, 0, 0, 0, 0
0, 0, 0, 0, 0, 0, 0
0, 0, 0, 0, 0, 0, 0
0, 0, 0, 0, 0, 0, 0
0, 0, 0, 0, 0, 0, 0
0, 0, 0, 0, 0, 0, 0
0, 0, 0, 0, 0, 0, 0
0, 0, 0, 0, 0, 0, 0
0, 0, 0, 0, 0, 0, 0
0, 0, 0, 0, 0, 0, 0
0, 0, 0, 0, 0, 0, 0
0, 0, 0, 0, 0, 0, 0
0, 0, 0, 0, 0, 0, 0
0, 0, 0, 0, 0, 0, 0
0, 0, 0, 0, 0, 0, 0
0, 0, 0, 0, 0, 0, 0
0, 0, 0, 0, 0, 0, 0
0, 0, 0, 0, 0, 0, 0
0, 0, 0, 0, 0, 0, 0
0, 0, 0, 0, 0, 0, 0
0, 0, 0, 0, 0, 0, 0
0, 0, 0, 0, 0, 0, 0
0, 0, 0, 0, 0, 0, 0
0, 0, 0, 0, 0, 0, 0
0, 0, 0, 0, 0, 0, 0
0, 0, 0, 0, 0, 0, 0
0, 0, 0, 0, 0, 0, 0
0, 0, 0, 0, 0, 0, 0
0, 0, 0, 0, 0, 0, 0
0, 0, 0, 0, 0, 0, 0
0, 0, 0, 0, 0, 0, 0
0, 0, 0, 0, 0, 0, 0
0, 0, 0, 0, 0, 0, 0
0, 0, 0, 0, 0, 0, 0
0, 0, 0, 0, 0, 0, 0
0, 0, 0, 0, 0, 0, 0
0, 0, 0, 0, 0, 0, 0
0, 0, 0, 0, 0, 0, 0
0, 0, 0, 0, 0, 0, 0
0, 0, 0, 0, 0, 0, 0
0, 0, 0, 0, 0, 0, 0
0, 0, 0, 0, 0, 0, 0
0, 0, 0, 0, 0, 0, 0
0, 0, 0, 0, 0, 0, 0
0, 0, 0, 0, 0, 0, 0
0, 0, 0, 0, 0, 0, 0
0, 0, 0, 0, 0, 0, 0
0, 0, 0, 0, 0, 0, 0
0, 0, 0, 0, 0, 0, 0
0, 0, 0, 0, 0, 0, 0
0, 0, 0, 0, 0, 0, 0
0, 0, 0, 0, 0, 0, 0
0, 0, 0, 0, 0, 0, 0
0, 0, 0, 0, 0, 0, 0
0, 0, 0, 0, 0, 0, 0
0, 0, 0, 0, 0, 0, 0
0, 0, 0, 0, 0, 0, 0
0, 0, 0, 0, 0, 0, 0
0, 0, 0, 0, 0, 0, 0
0, 0, 0, 0, 0, 0, 0
0, 0, 0, 0, 0, 0, 0
0, 0, 0, 0, 0, 0, 0
0, 0, 0, 0, 0, 0, 0
0, 0, 0, 0, 0, 0, 0
0, 0, 0, 0, 0, 0, 0
0, 0, 0, 0, 0, 0, 0
0, 0, 0, 0, 0, 0, 0
0, 0, 0, 0, 0, 0, 0
0, 0, 0, 0, 0, 0, 0
0, 0, 0, 0, 0, 0, 0
0, 0, 0, 0, 0, 0, 0
0, 0, 0, 0, 0, 0, 0
0, 0, 0, 0, 0, 0, 0
0, 0, 0, 0, 0, 0, 0
0, 0, 0, 0, 0, 0, 0
0, 0, 0, 0, 0, 0, 0
0, 0, 0, 0, 0, 0, 0
0, 0, 0, 0, 0, 0, 0
0, 0, 0, 0, 0, 0, 0
0, 0, 0, 0, 0, 0, 0
0, 0, 0, 0, 0, 0, 0
0, 0, 0, 0, 0, 0, 0
0, 0, 0, 0, 0, 0, 0
0, 0, 0, 0, 0, 0, 0
0, 0, 0, 0, 0, 0, 0
0, 0, 0, 0, 0, 0, 0
0, 0, 0, 0, 0, 0, 0
0, 0, 0, 0, 0, 0, 0
0, 0, 0, 0, 0, 0, 0
0, 0, 0, 0, 0, 0, 0
0, 0, 0, 0, 0, 0, 0
0, 0, 0, 0, 0, 0, 0
0, 0, 0, 0, 0, 0, 0
0, 0, 0, 0, 0, 0, 0
0, 0, 0, 0, 0, 0, 0
0, 0, 0, 0, 0, 0, 0
0, 0, 0, 0, 0, 0, 0
0, 0, 0, 0, 0, 0, 0
0, 0, 0, 0, 0, 0, 0
0, 0, 0, 0, 0, 0, 0
0, 0, 0, 0, 0, 0, 0
0, 0, 0, 0, 0, 0, 0
0, 0, 0, 0, 0, 0, 0
0, 0, 0, 0, 0, 0, 0
0, 0, 0, 0, 0, 0, 0
0, 0, 0, 0, 0, 0, 0
0, 0, 0, 0, 0, 0, 0
0, 0, 0, 0, 0, 0, 0
0, 0, 0, 0, 0, 0, 0
0, 0, 0, 0, 0, 0, 0
0, 0, 0, 0, 0, 0, 0
0, 0, 0, 0, 0, 0, 0
0, 0, 0, 0, 0, 0, 0
0, 0, 0, 0, 0, 0, 0
0, 0, 0, 0, 0, 0, 0
0, 0, 0, 0, 0, 0, 0
0, 0, 0, 0, 0, 0, 0
0, 0, 0, 0, 0, 0, 0
0, 0, 0, 0, 0, 0, 0
0, 0, 0, 0, 0, 0, 0
0, 0, 0, 0, 0, 0, 0
0, 0, 0, 0, 0, 0, 0
0, 0, 0, 0, 0, 0, 0
0, 0, 0, 0, 0, 0, 0
0, 0, 0, 0, 0, 0, 0
0, 0, 0, 0, 0, 0, 0
0, 0, 0, 0, 0, 0, 0
0, 0, 0, 0, 0, 0, 0
0, 0, 0, 0, 0, 0, 0
0, 0, 0, 0, 0, 0, 0
0, 0, 0, 0, 0, 0, 0
0, 0, 0, 0, 0, 0, 0
0, 0, 0, 0, 0, 0, 0
0, 0, 0, 0, 0, 0, 0
0, 0, 0, 0, 0, 0, 0
0, 0, 0, 0, 0, 0, 0
0, 0, 0, 0, 0, 0, 0
0, 0, 0, 0, 0, 0, 0
0, 0, 0, 0, 0, 0, 0
0, 0, 0, 0, 0, 0, 0
0, 0, 0, 0, 0, 0, 0
0, 0, 0, 0, 0, 0, 0
0, 0, 0, 0, 0, 0, 0
0, 0, 0, 0, 0, 0, 0
0, 0, 0, 0, 0, 0, 0
0, 0, 0, 0, 0, 0, 0
0, 0, 0, 0, 0, 0, 0
0, 0, 0, 0, 0, 0, 0
0, 0, 0, 0, 0, 0, 0
0, 0, 0, 0, 0, 0, 0
0, 0, 0, 0, 0, 0, 0
0, 0, 0, 0, 0, 0, 0
0, 0, 0, 0, 0, 0, 0
0, 0, 0, 0, 0, 0, 0
0, 0, 0, 0, 0, 0, 0
0, 0, 0, 0, 0, 0, 0
0, 0, 0, 0, 0, 0, 0
0, 0, 0, 0, 0, 0, 0
0, 0, 0, 0, 0, 0, 0
0, 0, 0, 0, 0, 0, 0
0, 0, 0, 0, 0, 0, 0
0, 0, 0, 0, 0, 0, 0
0, 0, 0, 0, 0, 0, 0
0, 0, 0, 0, 0, 0, 0
0, 0, 0, 0, 0, 0, 0
0, 0, 0, 0, 0, 0, 0
0, 0, 0, 0, 0, 0, 0
0, 0, 0, 0, 0, 0, 0
0, 0, 0, 0, 0, 0, 0
0, 0, 0, 0, 0, 0, 0
0, 0, 0, 0, 0, 0, 0
0, 0, 0, 0, 0, 0, 0
0, 0, 0, 0, 0, 0, 0
0, 0, 0, 0, 0, 0, 0
0, 0, 0, 0, 0, 0, 0
0, 0, 0, 0, 0, 0, 0
0, 0, 0, 0, 0, 0, 0
0, 0, 0, 0, 0, 0, 0
0, 0, 0, 0, 0, 0, 0
0, 0, 0, 0, 0, 0, 0
0, 0, 0, 0, 0, 0, 0
0, 0, 0, 0, 0, 0, 0
0, 0, 0, 0, 0, 0, 0
0, 0, 0, 0, 0, 0, 0
0, 0, 0, 0, 0, 0, 0
0, 0, 0, 0, 0, 0, 0
0, 0, 0, 0, 0, 0, 0
0, 0, 0, 0, 0, 0, 0
0, 0, 0, 0, 0, 0, 0
0, 0, 0, 0, 0, 0, 0
0, 0, 0, 0, 0, 0, 0
0, 0, 0, 0, 0, 0, 0
0, 0, 0, 0, 0, 0, 0
0, 0, 0, 0, 0, 0, 0
0, 0, 0, 0, 0, 0, 0
0, 0, 0, 0, 0, 0, 0
0, 0, 0, 0, 0, 0, 0
0, 0, 0, 0, 0, 0, 0
0, 0, 0, 0, 0, 0, 0
0, 0, 0, 0, 0, 0, 0
0, 0, 0, 0, 0, 0, 0
0, 0, 0, 0, 0, 0, 0
0, 0, 0, 0, 0, 0, 0
0, 0, 0, 0, 0, 0, 0
0, 0, 0, 0, 0, 0, 0
0, 0, 0, 0, 0, 0, 0
0, 0, 0, 0, 0, 0, 0
0, 0, 0, 0, 0, 0, 0
0, 0, 0, 0, 0, 0, 0
0, 0, 0, 0, 0, 0, 0
0, 0, 0, 0, 0, 0, 0
0, 0, 0, 0, 0, 0, 0
0, 0, 0, 0, 0, 0, 0
0, 0, 0, 0, 0, 0, 0
0, 0, 0, 0, 0, 0, 0
0, 0, 0, 0, 0, 0, 0
0, 0, 0, 0, 0, 0, 0
0, 0, 0, 0, 0, 0, 0
0, 0, 0, 0, 0, 0, 0
0, 0, 0, 0, 0, 0, 0
0, 0, 0, 0, 0, 0, 0
0, 0, 0, 0, 0, 0, 0
0, 0, 0, 0, 0, 0, 0
0, 0, 0, 0, 0, 0, 0
0, 0, 0, 0, 0, 0, 0
0, 0, 0, 0, 0, 0, 0
0, 0, 0, 0, 0, 0, 0
0, 0, 0, 0, 0, 0, 0
0, 0, 0, 0, 0, 0, 0
0, 0, 0, 0, 0, 0, 0
0, 0, 0, 0, 0, 0, 0
0, 0, 0, 0, 0, 0, 0
0, 0, 0, 0, 0, 0, 0
0, 0, 0, 0, 0, 0, 0
0, 0, 0, 0, 0, 0, 0
0, 0, 0, 0, 0, 0, 0
0, 0, 0, 0, 0, 0, 0
0, 0, 0, 0, 0, 0, 0
0, 0, 0, 0, 0, 0, 0
0, 0, 0, 0, 0, 0, 0
0, 0, 0, 0, 0, 0, 0
0, 0, 0, 0, 0, 0, 0
0, 0, 0, 0, 0, 0, 0
0, 0, 0, 0, 0, 0, 0
0, 0, 0, 0, 0, 0, 0
0, 0, 0, 0, 0, 0, 0
0, 0, 0, 0, 0, 0, 0
0, 0, 0, 0, 0, 0, 0
0, 0, 0, 0, 0, 0, 0
0, 0, 0, 0, 0, 0, 0
0, 0, 0, 0, 0, 0, 0
0, 0, 0, 0, 0, 0, 0
0, 0, 0, 0, 0, 0, 0
0, 0, 0, 0, 0, 0, 0
0, 0, 0, 0, 0, 0, 0
0, 0, 0, 0, 0, 0, 0
0, 0, 0, 0, 0, 0, 0
0, 0, 0, 0, 0, 0, 0
0, 0, 0, 0, 0, 0, 0
0, 0, 0, 0, 0, 0, 0
0, 0, 0, 0, 0, 0, 0
0, 0, 0, 0, 0, 0, 0
0, 0, 0, 0, 0, 0, 0
0, 0, 0, 0, 0, 0, 0
0, 0, 0, 0, 0, 0, 0
0, 0, 0, 0, 0, 0, 0
0, 0, 0, 0, 0, 0, 0
0, 0, 0, 0, 0, 0, 0
0, 0, 0, 0, 0, 0, 0
0, 0, 0, 0, 0, 0, 0
0, 0, 0, 0, 0, 0, 0
0, 0, 0, 0, 0, 0, 0
0, 0, 0, 0, 0, 0, 0
0, 0, 0, 0, 0, 0, 0
0, 0, 0, 0, 0, 0, 0
0, 0, 0, 0, 0, 0, 0
0, 0, 0, 0, 0, 0, 0
0, 0, 0, 0, 0, 0, 0
0, 0, 0, 0, 0, 0, 0
0, 0, 0, 0, 0, 0, 0
0, 0, 0, 0, 0, 0, 0
0, 0, 0, 0, 0, 0, 0
0, 0, 0, 0, 0, 0, 0
0, 0, 0, 0, 0, 0, 0
0, 0, 0, 0, 0, 0, 0
0, 0, 0, 0, 0, 0, 0
0, 0, 0, 0, 0, 0, 0
0, 0, 0, 0, 0, 0, 0
0, 0, 0, 0, 0, 0, 0
0, 0, 0, 0, 0, 0, 0
0, 0, 0, 0, 0, 0, 0
0, 0, 0, 0, 0, 0, 0
0, 0, 0, 0, 0, 0, 0
0, 0, 0, 0, 0, 0, 0
0, 0, 0, 0, 0, 0, 0
0, 0, 0, 0, 0, 0, 0
0, 0, 0, 0, 0, 0, 0
0, 0, 0, 0, 0, 0, 0
0, 0, 0, 0, 0, 0, 0
0, 0, 0, 0, 0, 0, 0
0, 0, 0, 0, 0, 0, 0
0, 0, 0, 0, 0, 0, 0
0, 0, 0, 0, 0, 0, 0
0, 0, 0, 0, 0, 0, 0
0, 0, 0, 0, 0, 0, 0
0, 0, 0, 0, 0, 0, 0
0, 0, 0, 0, 0, 0, 0
0, 0, 0, 0, 0, 0, 0
0, 0, 0, 0, 0, 0, 0
0, 0, 0, 0, 0, 0, 0
0, 0, 0, 0, 0, 0, 0
0, 0, 0, 0, 0, 0, 0
0, 0, 0, 0, 0, 0, 0
0, 0, 0, 0, 0, 0, 0
0, 0, 0, 0, 0, 0, 0
0, 0, 0, 0, 0, 0, 0
0, 0, 0, 0, 0, 0, 0
0, 0, 0, 0, 0, 0, 0
0, 0, 0, 0, 0, 0, 0
0, 0, 0, 0, 0, 0, 0
0, 0, 0, 0, 0, 0, 0
0, 0, 0, 0, 0, 0, 0
0, 0, 0, 0, 0, 0, 0
0, 0, 0, 0, 0, 0, 0
0, 0, 0, 0, 0, 0, 0
0, 0, 0, 0, 0, 0, 0
0, 0, 0, 0, 0, 0, 0
0, 0, 0, 0, 0, 0, 0
0, 0, 0, 0, 0, 0, 0
0, 0, 0, 0, 0, 0, 0
0, 0, 0, 0, 0, 0, 0
0, 0, 0, 0, 0, 0, 0
0, 0, 0, 0, 0, 0, 0
0, 0, 0, 0, 0, 0, 0
0, 0, 0, 0, 0, 0, 0
0, 0, 0, 0, 0, 0, 0
0, 0, 0, 0, 0, 0, 0
0, 0, 0, 0, 0, 0, 0
0, 0, 0, 0, 0, 0, 0
0, 0, 0, 0, 0, 0, 0
0, 0, 0, 0, 0, 0, 0
0, 0, 0, 0, 0, 0, 0
0, 0, 0, 0, 0, 0, 0
0, 0, 0, 0, 0, 0, 0
0, 0, 0, 0, 0, 0, 0
0, 0, 0, 0, 0, 0, 0
8.8991145, 9.0395795, 9.220099, 9.4522375, 9.664688, 14.208131859999988, 36.893046
8.88859, 9.0477945, 9.2559905, 9.5336258, 9.749976299999998, 14.416369, 19.656824
8.886164749999999, 9.056719999999999, 9.259290250000001, 9.5241, 9.78666475, 14.670271, 52.853195
8.89348775, 9.0383505, 9.22954775, 9.4846491, 9.720784599999998, 15.726085739999997, 24.370709
8.87869825, 9.035584499999999, 9.230745, 9.517197, 9.787132999999999, 16.099406520000002, 22.552578
8.886578, 9.044042000000001, 9.2395675, 9.5132051, 9.7724295, 16.054189279999996, 20.217992
8.8884505, 9.045304000000002, 9.2312635, 9.4699162, 9.718315149999999, 13.736535, 52.853195
8.888997750000001, 9.0531635, 9.25518, 9.5234796, 9.743575799999997, 11.533241019999997, 21.371576
8.8633465, 8.996363, 9.16807175, 9.4355526, 10.005764699999997, 12.054610679999996, 37.448702
8.863883, 9.005469999999999, 9.19005, 9.4519932, 9.981554899999997, 11.896606799999999, 37.448702
8.86566, 8.997689000000001, 9.173783, 9.4382696, 9.969460699999999, 11.757141689999996, 37.448702
8.868428, 9.01462, 9.19236775, 9.4876565, 10.019570399999997, 11.993602939999997, 37.448702
8.86510375, 9.002384, 9.1797975, 9.4591847, 9.992015, 11.96149513999999, 24.923449
8.868838, 9.004745499999999, 9.17178, 9.4450259, 9.917209349999993, 12.05613009999996, 37.448702
8.868218, 9.004593, 9.18540875, 9.4622059, 9.994588249999998, 11.77998, 33.51644
8.864438, 9.0049145, 9.179422500000001, 9.4285385, 9.85096725, 11.971068919999983, 37.448702
8.863623, 8.9983435, 9.180444, 9.4712116, 9.986522149999994, 12.257208, 35.487972
8.78110375, 9.0536925, 10.188561, 11.640647, 12.469801, 14.757332510000007, 18.865024
8.79850875, 9.078924, 10.221427, 11.6015957, 12.362809, 14.491149110000006, 19.393533
8.78463975, 9.0401755, 10.14887, 11.608409, 12.3847474, 14.874335240000015, 18.865024
8.652534, 9.177104, 10.80152075, 12.426111, 13.994813, 17.793896, 38.813544
8.64395025, 9.141965, 10.788376, 12.346427, 14.02210664999999, 17.8129, 38.813544
8.649633, 9.1610315, 10.830844, 12.4078891, 13.961357199999998, 17.483699230000013, 38.813544
8.646682, 9.127385, 10.85147125, 12.496899, 14.009391, 17.930723650000004, 38.404747
8.65626425, 9.17613, 10.85256025, 12.453546500000002, 14.124520799999999, 17.78614925, 38.813544
8.64494575, 9.124091499999999, 10.794662, 12.462601000000001, 14.181809849999993, 18.746993, 38.813544
8.64965025, 9.145797, 10.8306125, 12.344272, 13.943173749999993, 17.786971, 38.813544
8.6439015, 9.1355215, 10.79259025, 12.448175800000001, 13.964127, 17.844506, 38.813544
8.647674, 9.155787499999999, 10.84455, 12.420221, 14.078328, 17.703598, 34.462112
8.6396785, 9.09942, 10.719862, 12.3262071, 14.063715799999997, 17.922076720000003, 38.813544
8.6415585, 9.09003, 10.744401, 12.3490297, 13.88567425, 17.47048991, 38.404747
8.6467505, 9.120069, 10.831699, 12.497233200000002, 14.013569399999994, 17.47048991, 38.813544
8.643807, 9.087697, 10.77884225, 12.474183, 14.027751549999996, 17.96142778000002, 38.813544
8.64623525, 9.128175500000001, 10.760481500000001, 12.3332, 13.846038449999998, 17.47048991, 38.813544
8.643353, 9.117858, 10.81732525, 12.439813, 14.040769899999987, 17.793896, 38.813544
8.647105250000001, 9.1412175, 10.8120375, 12.462111, 13.964127, 17.786971, 38.404747
8.6450085, 9.065725, 10.73245125, 12.345194, 13.885000049999999, 17.663793, 38.813544
8.649201, 9.145338, 10.820243, 12.4297544, 14.066505, 17.787123420000004, 38.813544
8.646315, 9.1085505, 10.816327, 12.448787, 14.027404, 17.78614925, 38.813544
8.653112, 9.134619, 10.802391, 12.419637, 13.932426249999981, 17.483607930000012, 38.404747
8.66195, 9.1537895, 10.824965, 12.378146, 14.063569, 17.802213, 38.404747
8.643856, 9.1561335, 10.851184, 12.459258400000003, 14.095293, 17.844781120000004, 38.813544
8.653436, 9.1446595, 10.796022, 12.429765000000003, 13.994813, 17.54839695000002, 38.813544
8.64791425, 9.124901, 10.817235, 12.512249, 14.099622049999995, 17.930662, 38.404747
8.65292725, 9.1263985, 10.809144, 12.456485, 14.11706, 18.189167150000003, 38.813544
8.6518245, 9.1415365, 10.802873, 12.378577600000002, 13.943173749999993, 18.716999, 38.813544
8.6558175, 9.127385, 10.819754, 12.469538, 14.027751549999996, 17.458345, 38.813544
8.639553, 9.1183175, 10.76010275, 12.348656, 14.06189, 17.888381480000007, 38.813544
8.643319, 9.1026335, 10.809144, 12.442805, 14.113996249999998, 18.233113, 38.813544
8.6437615, 9.133789, 10.79523075, 12.52465, 14.1909356, 18.493839610000023, 38.813544
8.6440815, 9.1120225, 10.799258250000001, 12.408338200000001, 13.940439999999999, 18.233113, 38.813544
8.6580525, 9.1343905, 10.7942225, 12.394576, 14.009579149999999, 17.703598, 38.813544
8.642314, 9.118227, 10.75983375, 12.418864, 13.974307, 18.189167150000003, 38.813544
8.641112, 9.0901925, 10.75983375, 12.367258, 13.940439999999999, 17.414516330000005, 38.813544
8.784751, 9.058963, 10.20405425, 11.608487300000002, 12.474753, 14.996300190000008, 26.889073
8.784563, 9.056102, 10.20798875, 11.6599818, 12.503913750000002, 15.021413660000006, 18.375861
8.787829, 9.050377, 10.220941, 11.6499977, 12.388676200000003, 14.90221281000001, 19.563106
8.891303, 9.040089, 9.243015, 9.510876, 9.760536, 15.263228, 97.00187471498194
8.886614999999999, 9.039339, 9.230095500000001, 9.494955, 9.728800599999998, 13.485379, 36.893046
8.88233075, 9.044643, 9.248855, 9.512666, 9.757533, 14.73195576000001, 36.893046
8.88188625, 9.0389165, 9.237770999999999, 9.517197, 9.769433, 14.391847, 32.855096
8.88580475, 9.041795, 9.242141, 9.517197, 9.8068825, 14.779568680000027, 52.853195
8.883139499999999, 9.039964000000001, 9.23805975, 9.526671, 9.768210349999999, 11.914393, 52.853195
8.887807, 9.04615, 9.24268325, 9.512666, 9.768439, 14.431345430000004, 32.855096
8.8837065, 9.038544, 9.2322985, 9.508007600000001, 9.740590599999999, 14.606316350000029, 52.853195
8.8909185, 9.042713, 9.240781, 9.5203138, 9.7986111, 15.874124050000034, 52.853195
8.888282, 9.0404755, 9.24321625, 9.5063413, 9.723353549999999, 13.617861, 32.855096
8.886788, 9.041075, 9.245764, 9.5074691, 9.76471995, 14.691345, 32.855096
8.8752685, 9.043981, 9.2576805, 9.538571300000001, 9.80820765, 16.4765781, 20.217992
8.87230225, 9.0198625, 9.226609, 9.511582, 9.72543325, 10.499089549999995, 19.645042
8.89045675, 9.0495395, 9.256907, 9.5183299, 9.757479, 13.730684159999997, 17.75425
8.881456250000001, 9.0493115, 9.242298250000001, 9.504456600000001, 9.71951595, 14.416709269999998, 36.893046
8.892525749999999, 9.039059, 9.23858575, 9.4946107, 9.73821425, 13.920404079999996, 24.370709
8.891409750000001, 9.056138, 9.25410825, 9.5121826, 9.76881215, 16.110048579999997, 36.893046
8.881914, 9.041518, 9.235593999999999, 9.50728, 9.786611399999995, 15.263228, 52.853195
8.87702575, 9.021882000000002, 9.210299, 9.4973877, 9.854366, 12.008414480000013, 37.448702
8.877288, 9.0273575, 9.215272, 9.503385, 9.859994799999999, 12.505186140000001, 52.853195
8.870076, 9.003607, 9.180355, 9.44578, 9.985900799999994, 12.07043996, 37.448702
8.866484, 9.0019125, 9.173733, 9.439994, 9.907871, 11.932545, 37.448702
8.836796, 9.019151, 9.379760000000001, 10.897342, 11.80907285, 13.851700399999983, 33.51644
8.833710250000001, 9.0150165, 9.372488, 10.888334, 11.815598, 14.025664819999976, 37.448702
8.832172, 9.017655, 9.38729125, 10.8934768, 11.756911, 13.920245, 37.448702
8.731009, 9.073015, 10.514871, 11.992927000000002, 13.13825314999999, 16.36108912999997, 34.462112
8.731542, 9.078739, 10.511546, 11.981252, 13.150732, 16.974326189999957, 38.813544
8.730602, 9.082474, 10.531125, 12.044046, 13.212251299999997, 16.57661971999997, 38.404747
8.647442, 9.128838, 10.806109500000002, 12.426093, 13.910078, 17.786071, 38.813544
8.645996, 9.135627, 10.801449, 12.442805, 14.034355, 17.844506, 38.813544
8.649533, 9.137685, 10.792782, 12.426232, 13.974773949999992, 17.611796, 38.813544
8.647442, 9.126562, 10.816158, 12.426232, 14.027404, 17.8129, 38.813544
8.643807, 9.116036, 10.774292, 12.346427, 13.921681499999998, 17.629720109999976, 38.813544
8.646164, 9.122739, 10.802748, 12.408001, 13.951795, 17.786071, 38.813544
8.6497995, 9.142981, 10.837245, 12.480543, 14.063715799999997, 17.786971, 38.813544
8.7776285, 9.95261, 12.320116, 15.480995, 17.847341899999996, 23.386707, 40.625286
8.769758, 9.928431, 12.279211, 15.460952, 17.717036, 23.555005, 44.22794
8.783293, 9.987562, 12.380386000000001, 15.6278, 17.966446849999993, 23.507924, 44.22794
8.7729265, 9.921224, 12.267156, 15.464507200000003, 17.75720585, 23.102909, 40.625286
8.785151, 9.937491, 12.3275875, 15.559198500000011, 17.847151, 23.337430289999972, 44.22794
8.7782625, 9.92144, 12.24188075, 15.458587700000006, 17.847226, 23.684487, 40.625286
8.776767, 9.949185, 12.325470750000001, 15.533741900000004, 17.847151, 23.56270114999997, 44.22794
8.768894, 9.942904500000001, 12.265893, 15.503710300000003, 17.84354745, 23.35500521999995, 44.22794
8.781407, 9.9446505, 12.266244, 15.458325, 17.775701849999997, 23.56251, 44.22794
8.77928425, 9.961648, 12.317291, 15.4738626, 17.847151, 23.474496649999946, 44.22794
8.781349, 9.928468500000001, 12.316713, 15.487885600000014, 17.8445154, 23.544632769999982, 44.22794
8.778267, 9.9234115, 12.325185999999999, 15.556521500000004, 17.82499929999999, 23.684487, 44.22794
9.105987, 11.239497, 14.094421, 17.439015, 20.004899, 26.015162, 44.22794
9.114416, 11.202153, 13.996133, 17.274425, 19.706099599999995, 25.677274, 44.22794
9.112501, 11.2268785, 14.059709, 17.51324720000002, 19.99271, 25.907049, 44.22794
9.110689, 11.249662, 14.112239, 17.325111, 19.878328, 25.607038, 44.22794
9.115503, 11.231636, 14.08632, 17.289255, 19.819811, 25.616439, 40.625286
9.118646, 11.250684, 14.091211, 17.454936, 19.927271, 25.616439, 44.22794
9.114504, 11.252105499999999, 14.084987, 17.434288, 19.837517, 25.677274, 44.22794
9.114235, 11.250906, 14.088299, 17.400589, 19.781006, 25.60713201000002, 44.22794
9.11089775, 11.258235, 14.059709, 17.400589, 19.905304549999972, 25.786771, 44.22794
9.131323, 11.249597, 14.10548425, 17.460678, 20.007928, 25.872219, 44.22794
9.110913, 11.2617165, 14.098249, 17.38041, 19.797917, 25.616439, 44.22794
9.114504, 11.219885, 14.124117, 17.364599, 19.75842, 25.792145010000162, 44.22794
9.119095, 11.228731, 14.0649205, 17.361875600000005, 19.673654, 25.464532, 44.22794
9.114064, 11.221152, 14.064804, 17.361573, 19.966737199999972, 25.569751630000077, 44.22794
9.109645, 11.231636, 14.059913, 17.417718, 19.911072, 25.791337, 44.22794
9.11081125, 11.256861, 14.078297, 17.431298, 19.911072, 25.569751630000077, 44.22794
9.115764, 11.263506, 14.094421, 17.42958, 19.89796054999997, 25.617047350000124, 44.22794
9.11060525, 11.249662, 14.055638, 17.274425, 19.706871, 25.398104, 44.22794
9.115342, 11.2686595, 14.14111475, 17.443773200000013, 19.905304549999972, 25.907049, 44.22794
9.118646, 11.271318, 14.016196, 17.325111, 19.83876394999989, 25.791337, 44.22794
9.110852, 11.239497, 14.071423, 17.304255, 19.718137, 25.791337, 44.22794
9.098896, 11.227476, 14.084987, 17.460678, 20.01937, 25.786771, 44.22794
9.119095, 11.258266, 14.104765, 17.369627, 19.781869, 25.786771, 44.22794
9.125082, 11.247666, 14.096689, 17.443262, 19.937328999999863, 25.907049, 44.22794
9.132374, 11.307845, 14.128668, 17.394561, 19.874239, 25.569751630000077, 44.22794
9.11223975, 11.250684, 14.107129, 17.49623, 20.082937, 25.678368970000225, 44.22794
9.110313, 11.207654, 14.055484, 17.387633, 19.878328, 25.872138, 44.22794
9.103057, 11.249597, 14.096689, 17.361875600000005, 19.89796054999997, 25.872219, 44.22794
9.113951, 11.258859, 14.098249, 17.357815, 19.89759, 25.677274, 44.22794
9.115128, 11.258235, 14.113253, 17.394561, 19.927271, 25.792145010000162, 44.22794
9.118958, 11.228731, 14.039774249999999, 17.364599, 19.714288549999985, 26.015162, 44.22794
9.119364, 11.264072, 14.093828, 17.412054, 19.966418, 25.617047350000124, 44.22794
9.113951, 11.246008, 14.06527, 17.360077, 19.911072, 26.015162, 44.22794
9.11437075, 11.233535, 14.058793, 17.316615600000002, 19.759549299999904, 26.206109, 44.22794
9.094884, 11.221152, 14.0505775, 17.320895, 19.718137, 25.791337, 44.22794
9.104823, 11.214026, 14.03706, 17.418904200000025, 19.915310399999996, 25.786771, 44.22794
9.099244, 11.181635, 14.011948, 17.351777800000015, 19.87444344999998, 25.616439, 44.22794
8.777523500000001, 9.94496, 12.262701, 15.503552, 17.88779975, 23.237086, 44.22794
8.777249, 9.940406, 12.3318, 15.448286500000004, 17.760584, 23.507924, 44.22794
8.777633, 9.958411000000002, 12.305653, 15.5745003, 17.879243, 23.78864, 44.22794
8.775228, 9.944341, 12.28102025, 15.433898, 17.775321, 23.287969, 40.625286
8.780279499999999, 9.9410725, 12.30454275, 15.558682, 17.847151, 23.28821938999996, 44.22794
8.780715, 9.983328499999999, 12.34455475, 15.584591, 17.833334, 23.757344, 44.22794
8.775271, 9.934477, 12.294019, 15.582106, 17.84354745, 23.436095, 44.22794
8.78762, 9.971898, 12.352988, 15.482149500000006, 17.844506, 23.684487, 44.22794
8.64766575, 9.116301499999999, 10.792807, 12.402768, 13.943173749999993, 17.663793, 38.813544
8.651493, 9.1422875, 10.796022, 12.46999800000001, 14.059531149999998, 17.960504, 38.813544
8.646301, 9.135627, 10.78818, 12.397027200000014, 13.983646, 17.786971, 38.404747
8.64738, 9.1230105, 10.78426325, 12.434019, 14.06229875, 17.78608, 38.813544
8.64738, 9.119646, 10.811768, 12.456676200000004, 14.062294, 17.8129, 38.813544
8.645282, 9.136206999999999, 10.802748, 12.386549, 13.911351, 17.458345, 38.813544
8.64698325, 9.136702, 10.809144, 12.45322, 14.062613, 17.78608, 38.813544
8.6476755, 9.137233, 10.830596, 12.458397, 14.0619102, 17.709146019999878, 38.813544
8.641161, 9.1196155, 10.781199, 12.390487, 13.964127, 17.547577, 38.813544
8.64735, 9.135331, 10.823630000000001, 12.462111, 14.0619102, 17.644383, 38.813544
8.647641, 9.1377375, 10.845399, 12.530551, 14.099284, 17.872178239999975, 38.813544
8.646164, 9.123282, 10.805758, 12.449230300000009, 14.0132506, 17.793979169999986, 38.813544
8.646315, 9.123819999999998, 10.799044, 12.35633, 13.94032, 17.793979169999986, 38.813544
8.64738, 9.141327, 10.803728, 12.444252, 14.062400199999999, 17.78704024999999, 38.813544
8.643998, 9.097345, 10.784825, 12.394576, 13.96309, 17.547577, 38.813544
8.64921075, 9.142981, 10.832974, 12.447581, 14.013154, 17.786971, 38.813544
8.6468, 9.129782, 10.832974, 12.480071, 14.066505, 17.888042, 38.813544
8.64713, 9.12137, 10.794662, 12.426093, 13.960170649999998, 17.703598, 38.813544
8.644217, 9.134162, 10.807386, 12.469538, 14.040769899999987, 17.78608, 38.813544
8.64953375, 9.140164, 10.814858, 12.367258, 13.916439, 17.548219189999898, 38.813544
8.647031, 9.137459, 10.83844, 12.448787, 14.070622, 17.80231986999998, 38.813544
8.782187749999999, 9.950845, 12.342726, 15.501056, 17.78309465, 23.54470781999997, 44.22794
8.77950975, 9.936558, 12.352856, 15.65203, 18.020407, 23.896362, 44.22794
8.782022, 9.9542155, 12.301781, 15.634339, 17.890345999999997, 23.581625, 44.22794
8.7776285, 9.950845, 12.316713, 15.468105, 17.716931, 23.337256, 44.22794
8.77856725, 9.935468, 12.282988, 15.503552, 17.909704, 23.337256, 40.625286
8.776687, 9.938732, 12.27343125, 15.49627, 17.786071, 23.213618, 44.22794
8.77928425, 9.9480875, 12.282503, 15.474345, 17.82070005, 23.581625, 44.22794
8.775586, 9.929794, 12.264354, 15.542749, 17.844694, 23.421254, 44.22794
8.779389, 9.9654, 12.32408275, 15.471721900000004, 17.737126, 23.174614, 44.22794
8.77680625, 9.941116, 12.26563, 15.466197000000005, 17.775321, 23.064532, 40.625286
8.775099, 9.937809, 12.30174875, 15.487360800000003, 17.818695, 23.328325209999985, 44.22794
8.77258, 9.917694000000001, 12.31698, 15.584591, 17.879670199999993, 23.838737089999835, 44.22794
8.770949, 9.9159605, 12.278428250000001, 15.4810513, 17.729047, 23.313160269999976, 44.22794
8.781231, 9.9620465, 12.3479785, 15.481558, 17.732042, 23.555005, 44.22794
8.777615, 9.9269135, 12.331894499999999, 15.487277, 17.775321, 23.50829003999994, 44.22794
8.773446999999999, 9.929108, 12.252065, 15.479987900000003, 17.770393349999996, 23.757344, 40.625286
8.784926, 9.948001000000001, 12.356788, 15.642290500000001, 17.922403299999996, 23.896816429999927, 44.22794
8.77598975, 9.939314, 12.34550225, 15.542743, 17.787317249999997, 23.474159, 44.22794
8.767827, 9.927777, 12.241277, 15.456271, 17.709183749999994, 22.893143319999975, 44.22794
8.7869635, 9.9602835, 12.317997250000001, 15.536901, 17.912753, 23.757344, 44.22794
8.779638, 9.913624, 12.282988, 15.448286500000004, 17.709183749999994, 23.23759482999992, 44.22794
8.788255, 9.954105, 12.32413225, 15.631187, 17.92199, 23.56251, 44.22794
8.7830255, 9.959156, 12.308479, 15.473809, 17.748169, 23.33775050999992, 44.22794
8.776971, 9.9373785, 12.35419, 15.484206, 17.797553, 23.43647563999994, 40.625286
8.773694, 9.91966, 12.250949, 15.513646100000006, 17.888468, 23.43647563999994, 44.22794
8.6473015, 9.1341515, 10.8078255, 12.426093, 13.960113, 17.844506, 38.813544
8.644217, 9.116036, 10.7602125, 12.386549, 13.907612, 17.53853829999999, 38.813544
8.7218965, 9.065531, 10.488815, 12.001404, 13.151297349999997, 16.60481621, 38.404747
8.732594, 9.0829315, 10.53066625, 12.022442100000001, 13.169767449999998, 16.571005939999992, 38.813544
8.73061, 9.076375, 10.532537, 12.011501400000007, 13.097283, 16.703847219999986, 38.813544
8.789632, 9.0640645, 10.242462, 11.6545562, 12.460371, 14.736673189999992, 26.889073
8.785227, 9.064032, 10.229197, 11.6545562, 12.490727, 14.995983, 26.889073
8.78707, 9.0534435, 10.23445225, 11.646870900000001, 12.424741, 14.822824, 26.889073
8.783268499999998, 9.043851499999999, 10.20798875, 11.619468, 12.38156, 14.803997, 26.889073
8.789892, 9.057737, 10.221427, 11.649813900000002, 12.476371, 14.953882, 26.889073
8.788515, 9.054359, 10.240888, 11.662098, 12.426091, 14.747010639999985, 26.889073
8.788432, 9.049919, 10.23324925, 11.633763, 12.440484699999997, 14.873968019999955, 26.889073
8.724042, 9.070697, 10.528427, 12.015373, 13.171542549999996, 16.680769, 38.813544
8.727295, 9.065553000000001, 10.498612, 11.974232200000003, 13.052535, 16.894274109999984, 38.813544
8.72874675, 9.080207, 10.51923575, 11.970167100000003, 13.090192199999995, 16.609178, 38.404747
8.7282985, 9.082332, 10.530408249999999, 11.959306, 13.123307449999997, 16.39379692, 38.404747
8.73059375, 9.090766, 10.53887225, 12.040927, 13.280840399999994, 16.60924376999999, 38.813544
8.646881, 9.12794, 10.814858, 12.4532509, 14.06189, 17.8129, 38.813544
8.647442, 9.140916, 10.824965, 12.474206500000001, 14.070717, 17.786071, 38.813544
8.72503775, 9.06785, 10.5087945, 11.942173000000002, 13.155429949999998, 16.499532399999886, 38.813544
8.724404, 9.071628, 10.522914250000001, 12.018876, 13.232685, 16.829082, 38.813544
8.725273, 9.076331, 10.512242, 11.9928245, 13.159804, 16.615932159999993, 38.813544
8.73432425, 9.089974, 10.52494225, 11.9782349, 13.156208, 16.149442189999878, 38.813544
8.723448, 9.068545, 10.53100875, 11.992195500000003, 13.113219349999996, 16.844744, 38.813544
8.7254, 9.064097, 10.51504375, 11.972366, 13.120273399999999, 16.316712, 38.813544
8.647674, 9.137459, 10.794662, 12.444252, 14.070622, 17.78704024999999, 38.813544
8.646909, 9.117858, 10.802748, 12.444715400000009, 14.066505, 17.922076719999986, 38.813544
8.645800000000001, 9.116036, 10.7804265, 12.420562800000008, 13.957298149999998, 17.538447, 38.813544
8.64355675, 9.116567, 10.788376, 12.426552100000006, 13.964127, 17.629720109999976, 38.813544
8.644195499999999, 9.1275925, 10.817596, 12.444263, 13.964127, 17.547577, 38.813544
8.647156, 9.143937000000001, 10.799901, 12.434224500000004, 14.015086, 17.844506, 38.813544
8.648617, 9.129088, 10.799044, 12.442805, 14.0619102, 17.844506, 38.813544
8.652642, 9.149592, 10.83300125, 12.512249, 14.078328, 17.699605, 38.813544
8.647674, 9.1278, 10.802748, 12.402633, 14.015404799999995, 17.699605, 38.813544
8.64791425, 9.134672, 10.8385125, 12.440112200000005, 14.057811, 17.930662, 38.813544
8.649534, 9.156802, 10.83674225, 12.434224500000004, 14.021759099999995, 17.708369, 38.813544
8.647674, 9.127385, 10.78818, 12.426273, 13.960170649999998, 17.663793, 38.813544
8.64759125, 9.1328155, 10.8120375, 12.442805, 14.015086, 17.8129, 38.813544
8.645088, 9.124901, 10.807164, 12.436356, 13.983646, 17.663793, 38.813544
8.64477, 9.128411, 10.809672, 12.35679880000001, 13.96309, 17.708369, 38.404747
8.765772, 9.89402, 12.258670250000002, 15.516032, 17.847341899999996, 23.507924, 44.22794
8.7786135, 9.959018, 12.306214, 15.487277, 17.75720585, 23.56251, 44.22794
8.785044, 9.950845, 12.31677975, 15.468723, 17.758924349999997, 23.507924, 44.22794
8.779902, 9.953563500000001, 12.282494, 15.425077, 17.79979119999999, 23.386707, 44.22794
8.785987, 9.962677, 12.342114, 15.618331, 17.84354745, 23.28821938999996, 44.22794
8.781009000000001, 9.962677, 12.34191, 15.58219, 17.8445154, 23.941805, 40.625286
8.775737, 9.942904500000001, 12.266811, 15.5116672, 17.7437363, 22.88065847999998, 44.22794
8.769322, 9.893665, 12.263127, 15.423977, 17.761000899999996, 23.581625, 44.22794
8.780058, 9.954326, 12.294019, 15.625819, 17.908607199999995, 23.474496649999946, 44.22794
8.77871125, 9.934477, 12.2856615, 15.536901, 17.908454749999997, 23.685297739999886, 44.22794
8.779129, 9.9362055, 12.276682, 15.468958400000005, 17.824412, 23.421402409999978, 44.22794
8.775454, 9.958411000000002, 12.3275875, 15.464507200000003, 17.693028699999996, 23.789130559999922, 44.22794
8.785787, 9.955029, 12.33429725, 15.501056, 17.8334752, 23.56251, 44.22794
8.77461, 9.926646999999999, 12.30958, 15.479876, 17.833334, 23.75765695999995, 44.22794
8.773042, 9.91966, 12.266472, 15.460952, 17.768922, 23.213618, 44.22794
8.6479985, 9.140346000000001, 10.816158, 12.436074, 14.013154, 17.81321605999995, 38.813544
8.650438, 9.135712, 10.803248, 12.4262361, 13.994813, 17.786071, 38.813544
8.770425, 9.934477, 12.325185999999999, 15.481558, 17.799246, 23.582653619999835, 44.22794
8.781703, 9.9367915, 12.298339, 15.508888300000008, 17.802213, 23.328325209999985, 44.22794
8.779389, 9.93438, 12.265103, 15.488115, 17.8445154, 23.421254, 44.22794
8.770747, 9.9269495, 12.303235, 15.557827000000001, 17.909704, 23.328235, 44.22794
8.77540825, 9.936558, 12.258971, 15.423977, 17.689569, 23.164666, 44.22794
8.767707, 9.902141, 12.222134, 15.512018400000004, 17.820659, 22.916859279999958, 44.22794
8.781041, 9.954058, 12.292975, 15.45753, 17.824858099999993, 23.896362, 44.22794
8.78078475, 9.950419, 12.255413, 15.4681668, 17.859281, 23.581625, 44.22794
8.786755, 9.956398499999999, 12.27343125, 15.511867, 17.797553, 23.213618, 44.22794
8.780251, 9.953048500000001, 12.280529, 15.569826300000011, 17.87218785, 23.68457, 44.22794
8.778625, 9.939203, 12.28253, 15.482149500000006, 17.797553, 23.436095, 44.22794
8.77533175, 9.935853, 12.260534, 15.488639800000012, 17.875415, 23.50829003999994, 44.22794
8.77955, 9.95017, 12.36572725, 15.557732, 17.893937, 23.972279, 44.22794
8.777696, 9.951652, 12.34057475, 15.501056, 17.72919675, 22.916859279999958, 44.22794
8.771996249999999, 9.929794, 12.272737, 15.474345, 17.849905699999997, 23.56251, 44.22794
8.767913, 9.907564, 12.24072575, 15.410258, 17.699605, 23.166745, 44.22794
9.107936, 11.221448, 14.083681, 17.448374, 19.935798, 26.227057190000174, 44.22794
9.105487, 11.221448, 13.96009, 17.304255, 19.874239, 25.791337, 44.22794
9.1152885, 11.2553345, 14.07161575, 17.448374, 19.878328, 25.607038, 44.22794
9.114504, 11.230704, 14.00984425, 17.318689, 19.819811, 25.569375, 44.22794
9.109645, 11.24558, 14.10436, 17.452446, 19.905001, 25.872219, 44.22794
9.111456, 11.226488, 14.047847, 17.400589, 19.905001, 25.607038, 44.22794
9.115799, 11.249597, 14.061389, 17.405764, 19.905001, 25.786771, 44.22794
9.115128, 11.214239, 14.061389, 17.439015, 19.89221, 25.569751630000077, 44.22794
9.114504, 11.227476, 14.033392, 17.37566500000001, 19.905001, 25.607038, 44.22794
9.110852, 11.202153, 14.004313, 17.289255, 19.70723174999997, 25.386005, 44.22794
9.132374, 11.289431, 14.167717, 17.562162, 19.862456, 25.60713201000002, 44.22794
9.110852, 11.221448, 14.059913, 17.285785, 19.905304549999972, 25.607038, 44.22794
9.11019, 11.196169, 14.07293, 17.434288, 19.927271, 25.464532, 44.22794
9.1013555, 11.213273, 14.088299, 17.417718, 19.797917, 26.123703, 44.22794
9.100571, 11.219885, 14.08345675, 17.448593, 19.966418, 26.206109, 44.22794
9.116537, 11.231169999999999, 14.022907, 17.320895, 19.878328, 25.678368970000225, 44.22794
9.105987, 11.221448, 14.088299, 17.42958, 19.905001, 25.78681666000001, 44.22794
9.115799, 11.234332, 14.084987, 17.448593, 19.927271, 25.677274, 44.22794
9.109645, 11.254216, 14.094421, 17.42958, 19.91524, 25.907049, 44.22794
9.110354, 11.234425, 14.0793, 17.318689, 19.874239, 25.907049, 44.22794
9.110913, 11.250684, 14.072194, 17.42958, 19.91128039999998, 25.791337, 40.625286
9.13528, 11.246008, 14.030796, 17.364599, 19.781006, 25.267843, 44.22794
9.103855, 11.207526, 14.09614, 17.32174950000001, 19.874239, 25.616439, 44.22794
9.106745, 11.249662, 14.075138, 17.431298, 19.91524, 25.786771, 44.22794
9.116537, 11.256861, 14.10436, 17.497838400000035, 19.911072, 26.015162, 44.22794
9.106535, 11.20522, 14.048942, 17.375265, 19.975074, 25.791337, 44.22794
8.778532, 9.95026, 12.28102925, 15.556255, 17.9810232, 24.074188, 44.22794
8.77689, 9.934477, 12.28978375, 15.511645, 17.820762099999996, 23.174614, 44.22794
8.786577, 9.957723, 12.326113, 15.584591, 17.875415, 23.313008, 44.22794
8.77689, 9.947952, 12.325185999999999, 15.481921, 17.844638249999996, 23.837696, 44.22794
8.7819415, 9.935853, 12.269743, 15.559198500000011, 17.820659, 23.507924, 44.22794
8.781862, 9.978083999999999, 12.325159, 15.477485, 17.7437363, 23.387052469999947, 40.625286
8.78862, 9.9593545, 12.352856, 15.555732100000002, 17.8129, 22.880534, 44.22794
8.783054, 9.955379, 12.31705775, 15.49674860000001, 17.810287499999998, 23.287969, 44.22794
8.775863, 9.928104000000001, 12.226519, 15.440045, 17.824412, 23.50829003999994, 44.22794
8.779225, 9.949185, 12.284758, 15.463527600000003, 17.822721, 23.313008, 44.22794
8.776559, 9.951248499999998, 12.276249, 15.40352, 17.716931, 23.355350689999895, 44.22794
8.77598975, 9.929108, 12.3636655, 15.547344100000002, 17.824858099999993, 23.56270114999997, 44.22794
8.777717, 9.945921, 12.303485, 15.521324300000025, 17.775321, 23.43647563999994, 44.22794
8.78294, 9.953563500000001, 12.325267, 15.442466, 17.70838935, 23.237086, 44.22794
8.776935, 9.945984, 12.26563, 15.473809, 17.786462249999992, 23.421254, 44.22794
8.77249075, 9.9190445, 12.272274249999999, 15.465985, 17.737444849999996, 23.789130559999922, 44.22794
8.780289, 9.934001, 12.2561695, 15.463527600000003, 17.763987699999998, 23.354685, 44.22794
8.786117, 9.953048500000001, 12.279211, 15.418003, 17.717036, 23.28821938999996, 40.625286
8.7776285, 9.9349235, 12.304235, 15.479876, 17.824858099999993, 23.387052469999947, 44.22794
8.773042, 9.928431, 12.27106175, 15.531695, 17.82154205, 23.55508004999999, 44.22794
8.77955, 9.935468, 12.2841355, 15.421051, 17.849544, 23.43647563999994, 44.22794
8.777523500000001, 9.95026, 12.31705775, 15.531935800000005, 17.844506, 23.23759482999992, 40.625286
8.645282, 9.128324, 10.829518, 12.429641, 14.040769899999987, 17.80231986999998, 38.813544
8.730459, 9.079247500000001, 10.532537, 12.041549300000002, 13.179390099999999, 16.385151, 34.462112
8.730658, 9.078631000000001, 10.541135, 11.981717500000004, 13.120155, 16.385237379999985, 38.813544
8.729935, 9.0797865, 10.507699, 11.9723777, 13.023128349999997, 16.468887259999953, 38.813544
8.727666, 9.06927, 10.50076875, 11.9477813, 13.123117, 16.304474509999995, 38.404747
8.72438825, 9.0605945, 10.50173275, 11.968516, 13.002720799999999, 16.36108912999997, 38.404747
8.727532, 9.0808535, 10.50112925, 11.971396, 13.10856765, 16.33591493999998, 38.813544
8.727136, 9.077219, 10.543128, 12.052399800000002, 13.318206, 16.645092369999944, 38.404747
8.729497499999999, 9.076375, 10.5094155, 12.018365700000002, 13.132498, 16.498811, 38.813544
8.727861, 9.081990999999999, 10.51274125, 11.951527, 13.025272, 16.680998979999966, 38.813544
8.726974, 9.070425499999999, 10.52800475, 12.001404, 13.122915599999999, 16.60481621, 38.813544
8.7311725, 9.074693, 10.5286745, 12.025693, 13.259494, 16.576445, 38.813544
8.7271585, 9.0686085, 10.50339, 11.986630600000002, 13.240556, 17.012254, 38.813544
8.7271185, 9.0704575, 10.50731725, 11.972483, 13.11222765, 16.31993434999999, 38.813544
8.730581, 9.0797865, 10.519707, 12.008932, 13.212015, 16.577005819999954, 38.404747
8.729127, 9.079544, 10.544287, 12.008045500000001, 13.16907995, 16.394581, 38.404747
8.72432125, 9.065231, 10.517428, 12.009955, 13.063902149999999, 16.385237379999985, 38.404747
8.72807575, 9.0810905, 10.53421925, 11.998386, 13.087583, 16.35044, 38.813544
8.72998975, 9.08343, 10.515956, 12.0439056, 13.13855685, 16.44275985999996, 38.813544
8.7269685, 9.073015999999999, 10.526525, 12.007227, 13.112201, 16.571005939999992, 38.813544
8.72594825, 9.068976, 10.525822, 12.019512, 13.200107549999997, 16.894187, 38.813544
8.728764, 9.070644999999999, 10.529058249999999, 11.99332250000001, 13.157196249999998, 16.577019709999952, 38.813544
8.73415025, 9.087283500000002, 10.532537, 12.022684700000003, 13.266672, 16.645092369999944, 38.813544
8.731153, 9.0730995, 10.50332175, 11.993566, 13.11222765, 16.294875919999992, 38.404747
8.730238, 9.0774845, 10.491524250000001, 11.959306, 13.108789, 16.60924376999999, 38.813544
8.731281249999999, 9.0730675, 10.509230500000001, 12.007204, 13.139758549999993, 16.680998979999966, 38.813544
8.73099375, 9.081026, 10.501546, 11.974163, 13.02176325, 16.468887259999953, 38.404747
8.72874, 9.068219, 10.50347925, 11.986189, 13.096827, 16.60482089, 38.813544
8.7269085, 9.076734, 10.53721625, 12.041126, 13.176227, 16.802209, 38.404747
8.64119275, 9.117625499999999, 10.788376, 12.411373, 13.983646, 17.64457709999997, 38.813544
8.64735, 9.1343905, 10.80152075, 12.462111, 14.059407, 17.703598, 38.813544
8.649588, 9.140164, 10.807164, 12.411373, 14.021462, 17.78704024999999, 38.813544
8.647031, 9.1181595, 10.794662, 12.426552100000006, 14.070622, 17.793979169999986, 38.813544
8.648044, 9.139831, 10.803367999999999, 12.413431, 13.961266, 17.644383, 38.813544
8.64759125, 9.137233, 10.788376, 12.474418, 14.039873, 17.709146019999878, 38.813544
8.644595500000001, 9.126587, 10.802748, 12.426273, 13.994813, 17.8129, 38.813544
8.644621, 9.12137, 10.794076, 12.394576, 13.95715, 17.699605, 38.813544
8.648023, 9.127385, 10.809276, 12.444263, 13.994813, 17.888381479999943, 38.813544
8.64766575, 9.132194, 10.803248, 12.469538, 14.021759099999995, 17.802213, 38.813544
8.64735, 9.119783, 10.795076, 12.424528800000004, 14.015086, 17.8129, 38.813544
8.644621, 9.139831, 10.820243, 12.456485, 14.070717, 17.786971, 38.813544
8.649243250000001, 9.127029, 10.805758, 12.420221, 14.078328, 17.844506, 38.813544
8.643807, 9.140164, 10.816327, 12.456485, 13.994813, 17.629720109999976, 38.813544
8.6473725, 9.141965, 10.869478, 12.474418, 14.062613, 17.844506, 38.813544
8.649129, 9.118408, 10.744026, 12.418864, 13.963302399999996, 17.793979169999986, 38.813544
8.652522, 9.129338, 10.80250575, 12.434019, 14.021462, 17.81321605999995, 38.813544
8.6497995, 9.14294, 10.79523075, 12.419637, 13.96309, 17.802213, 38.813544
8.645662, 9.132194, 10.783371, 12.402633, 14.066710849999996, 17.81321605999995, 38.813544
8.649683, 9.144944, 10.836591, 12.467011, 14.079938, 17.81321605999995, 38.813544
8.64713, 9.135331, 10.80231025, 12.426230200000001, 13.961266, 17.786071, 38.813544
8.647925, 9.122739, 10.796022, 12.426093, 14.0619102, 17.547577, 38.813544
8.651396, 9.141108, 10.807386, 12.444594800000006, 14.027751549999996, 17.663793, 38.813544
8.647008, 9.134672, 10.812846, 12.4741425, 14.027751549999996, 17.8129, 38.813544
8.647882, 9.1275925, 10.806109500000002, 12.436356, 14.062389, 17.708369, 38.813544
8.648492, 9.128411, 10.792782, 12.418864, 13.990885, 17.699605, 38.813544
8.644595500000001, 9.1181595, 10.788663, 12.4262361, 13.935113999999995, 17.703598, 38.813544
8.649687, 9.127385, 10.79312425, 12.42623, 13.994813, 17.888042, 38.813544
8.648023, 9.128411, 10.7947655, 12.413431, 13.960170649999998, 17.844506, 38.813544
8.647641, 9.142960500000001, 10.824965, 12.447581, 14.0619102, 17.786071, 38.813544
8.646338, 9.126984, 10.787559, 12.3905027, 14.027751549999996, 17.699605, 38.813544
8.647149500000001, 9.140724, 10.801294, 12.436074, 14.034355, 17.69964492999999, 38.813544
8.647105250000001, 9.1312075, 10.794076, 12.41397430000001, 14.021759099999995, 17.802213, 38.813544
8.647031, 9.128838, 10.806109500000002, 12.429064, 13.974307, 17.888381479999943, 38.813544
8.649588, 9.141108, 10.79752375, 12.444252, 14.062613, 17.786071, 38.813544
8.654577, 9.160745, 10.830596, 12.478032, 14.124056699999999, 18.052882, 38.813544
8.774067500000001, 9.954326, 12.299575, 15.456271, 17.7958544, 23.544528, 44.22794
8.776905, 9.958411000000002, 12.267887, 15.494422, 17.822721, 23.50829003999994, 40.625286
8.770030499999999, 9.933128, 12.326113, 15.582106, 17.887787, 23.75814751999987, 44.22794
8.775863, 9.928858, 12.26412975, 15.49627, 17.786971, 23.421254, 44.22794
8.781515500000001, 9.95261, 12.284758, 15.464343, 17.770134, 23.544528, 44.22794
8.646881, 9.126984, 10.805758, 12.4262361, 14.039873, 17.708369, 38.813544
8.64735, 9.116301499999999, 10.83277, 12.440112200000005, 13.96309, 17.802213, 38.813544
8.6495745, 9.124901, 10.810196000000001, 12.447581, 14.059531149999998, 17.793896, 38.813544
8.647674, 9.135331, 10.801736, 12.447701600000002, 14.013154, 17.69964492999999, 38.813544
8.647149500000001, 9.145338, 10.803728, 12.4361022, 14.027404, 17.786071, 38.813544
8.650421, 9.13779, 10.8078255, 12.429641, 14.066505, 17.611796, 38.813544
8.649837, 9.13779, 10.832974, 12.462111, 14.079938, 17.802213, 38.813544
8.646682, 9.142985, 10.819754, 12.453529, 14.059531149999998, 17.483054, 38.813544
8.642424, 9.111909, 10.7947655, 12.42623, 14.027404, 17.69964492999999, 38.404747
8.646227, 9.118092, 10.796022, 12.411373, 13.95715, 17.611796, 38.813544
8.64921075, 9.136206999999999, 10.807164, 12.419695400000002, 13.964127, 17.786071, 38.813544
8.646122, 9.129560000000001, 10.84025375, 12.458521600000003, 14.062400199999999, 17.872018, 38.813544
8.647031, 9.116567, 10.807164, 12.434224500000004, 14.015086, 17.844506, 38.404747
8.649129, 9.1552045, 10.857503000000001, 12.533536, 14.063569, 17.844506, 38.813544
8.643625, 9.117975000000001, 10.794076, 12.390644, 13.967338, 17.709146019999878, 38.813544
8.64713, 9.129782, 10.807386, 12.418864, 13.943173749999993, 17.629720109999976, 38.813544
8.648617, 9.129782, 10.788585, 12.434019, 14.06229875, 17.793896, 38.813544
8.651363, 9.133437, 10.792807, 12.389567, 13.990885, 17.699605, 38.813544
8.649238, 9.141869, 10.797017, 12.453529, 14.070717, 17.78704024999999, 38.813544
8.648023, 9.140724, 10.7914005, 12.429064, 14.062389, 17.92199, 38.813544
8.647682, 9.12794, 10.801294, 12.442949700000003, 14.039873, 17.644383, 38.813544
8.647031, 9.1341515, 10.788229000000001, 12.429064, 13.964127, 17.793896, 38.813544
8.649588, 9.134141, 10.794662, 12.424355, 13.974773949999992, 17.786071, 38.813544
8.647832, 9.1220545, 10.77868775, 12.382462, 13.952062749999996, 17.708369, 38.813544
8.645662, 9.1341515, 10.78818, 12.418864, 13.967338, 17.629572, 38.813544
8.6468, 9.118573000000001, 10.788663, 12.408001, 13.983646, 17.786971, 38.813544
8.6468, 9.129338, 10.806109500000002, 12.444252, 14.057811, 17.663793, 38.813544
8.643484, 9.1278, 10.829518, 12.413431, 14.015086, 17.960504, 38.813544
8.64305, 9.118227, 10.794076, 12.429641, 14.062294, 17.872018, 38.813544
8.6467705, 9.128324, 10.8128985, 12.42623, 14.015086, 17.709146019999878, 38.813544
8.647641, 9.111567, 10.763779, 12.35633, 13.952062749999996, 17.66415111999994, 38.813544
8.647925, 9.14261, 10.802748, 12.431099400000008, 14.06189, 17.699605, 38.813544
8.6468, 9.124901, 10.807386, 12.434019, 13.983646, 17.703645709999993, 38.813544
8.647925, 9.117321, 10.807386, 12.481334, 14.06189, 17.844781119999954, 38.813544
8.647882, 9.137685, 10.807386, 12.436701700000008, 14.057811, 17.92199, 38.813544
8.646338, 9.128324, 10.802425, 12.390644, 13.931125, 17.709146019999878, 38.813544
8.649633, 9.141108, 10.819754, 12.459643, 14.099284, 17.708369, 38.813544
8.654577, 9.1300015, 10.79752375, 12.367258, 13.92961735, 17.78704024999999, 38.813544
8.647676, 9.145797, 10.817235, 12.436074, 14.070622, 17.8129, 38.404747
8.648617, 9.129338, 10.78818, 12.426273, 13.964287549999996, 17.78608, 38.813544
8.652522, 9.149667, 10.833083, 12.474138, 14.062613, 17.802213, 38.813544
8.6473725, 9.128411, 10.797017, 12.444252, 14.040769899999987, 17.844781119999954, 38.813544
8.64653025, 9.14261, 10.823185, 12.480543, 14.062389, 17.786071, 38.813544
8.64897175, 9.142723, 10.830596, 12.456485, 14.027751549999996, 17.786071, 38.813544
8.778721749999999, 9.935853, 12.30958, 15.461200500000006, 17.708369, 23.581625, 44.22794
8.776687, 9.945921, 12.334346, 15.520172, 17.82070005, 23.55508004999999, 44.22794
8.787186, 9.940207, 12.325185999999999, 15.533545, 17.758924349999997, 23.837696, 40.625286
8.779129, 9.950419, 12.339675499999998, 15.595094, 17.872018, 23.68457, 44.22794
8.775271, 9.954326, 12.34191, 15.4810513, 17.708369, 23.166745, 44.22794
8.781822250000001, 9.938127, 12.3332, 15.557732, 17.879243, 23.896816429999927, 44.22794
8.783293, 9.949286, 12.316713, 15.511867, 17.813287949999992, 23.421402409999978, 44.22794
8.774582, 9.928671000000001, 12.278174, 15.493468900000003, 17.8129, 23.313008, 44.22794
8.777082, 9.949286, 12.27033725, 15.511645, 17.82154205, 23.22348636999998, 44.22794
8.774502, 9.948705499999999, 12.269743, 15.488639800000012, 17.768922, 23.75765695999995, 44.22794
8.79147875, 9.993667, 12.298376, 15.505135, 17.92199, 23.237086, 44.22794
8.780715, 9.956303, 12.316056, 15.520172, 17.82154205, 23.685297739999886, 40.625286
8.778249, 9.955379, 12.285942, 15.471350200000005, 17.799246, 23.23759482999992, 44.22794
8.76342675, 9.909723, 12.279211, 15.60948940000002, 17.908389, 23.544528, 44.22794
8.773666, 9.940207, 12.331992, 15.531695, 17.763728, 23.287969, 44.22794
8.770704, 9.921008, 12.285568, 15.4336091, 17.743503, 23.287969, 44.22794
8.77936775, 9.953487, 12.34057475, 15.516446000000009, 17.704038899999997, 23.837696, 44.22794
8.77856725, 9.955372, 12.258971, 15.482149500000006, 17.770393349999996, 23.386707, 40.625286
8.779638, 9.94805, 12.2054, 15.410258, 17.716931, 23.43647563999994, 44.22794
8.777717, 9.937453, 12.282988, 15.4455761, 17.763728, 23.685297739999886, 44.22794
8.783934, 9.952444, 12.31622025, 15.457609500000002, 17.768922, 23.23759482999992, 44.22794
8.779304, 9.921224, 12.24188075, 15.395739, 17.716931, 23.313160269999976, 44.22794
8.772504, 9.9189675, 12.282988, 15.503552, 17.836158, 23.582653619999835, 44.22794
8.787259, 9.955379, 12.32408275, 15.516032, 17.770134, 23.56251, 44.22794
8.78104175, 9.954105, 12.267156, 15.468958400000005, 17.72919675, 23.223349, 44.22794
8.777633, 9.937809, 12.297151, 15.4336091, 17.716931, 23.17472840999998, 44.22794
8.770030499999999, 9.947821000000001, 12.28253, 15.487277, 17.799246, 23.68457, 40.625286
8.77669, 9.911897, 12.241719, 15.464507200000003, 17.797689, 23.837696, 44.22794
8.780715, 9.940447, 12.28721825, 15.547344100000002, 17.770393349999996, 23.355350689999895, 44.22794
8.77903525, 9.937491, 12.308112, 15.587985000000003, 17.879243, 23.56251, 44.22794
8.770425, 9.934001, 12.28253, 15.465985, 17.844506, 23.386707, 44.22794
8.774502, 9.921224, 12.284758, 15.4738626, 17.797553, 23.474496649999946, 44.22794
8.786702250000001, 9.979905, 12.348656, 15.5116672, 17.824858099999993, 24.047126499999994, 44.22794
8.776935, 9.939544, 12.26815775, 15.479876, 17.81883425, 23.35500521999995, 44.22794
8.788708, 9.9620465, 12.306214, 15.481558, 17.770134, 23.213715309999984, 40.625286
8.78078475, 9.955526, 12.332439, 15.595094, 17.859281, 23.43647563999994, 44.22794
8.7733125, 9.95017, 12.308112, 15.4738626, 17.699605, 23.287969, 44.22794
8.778532, 9.93835, 12.2858105, 15.536901, 17.82280555, 23.474496649999946, 44.22794
8.78468425, 9.9661, 12.345194, 15.465985, 17.79776685, 23.474496649999946, 44.22794
8.78030175, 9.97972, 12.269743, 15.433898, 17.692836, 23.328235, 44.22794
8.780032, 9.960827, 12.308112, 15.471721900000004, 17.7005618, 23.186055, 44.22794
8.728103, 9.070507, 10.544115, 11.9781782, 13.16907995, 16.46960865999984, 38.813544
8.78691, 9.05885, 10.212233, 11.646801, 12.465433, 15.02119274999999, 26.889073
8.788432, 9.053013, 10.21686, 11.638363300000002, 12.449812199999998, 14.96492, 26.889073
8.781711, 9.045959, 10.20749, 11.6170923, 12.420386, 14.873968019999955, 26.889073
8.78057825, 9.043975, 10.165603, 11.617604, 12.444613699999996, 14.873968019999955, 26.889073
8.78237525, 9.0497585, 10.23312, 11.6429662, 12.492187, 14.996234439999961, 26.889073
8.79101575, 9.053267, 10.237267500000002, 11.623748, 12.424808499999997, 14.932628, 26.889073
8.78473325, 9.057744, 10.22372375, 11.6699417, 12.518624, 15.054253, 26.889073
8.784188, 9.05295, 10.23312, 11.650619200000003, 12.457105, 14.938567589999991, 26.889073
8.787855, 9.0478635, 10.209485, 11.625699, 12.426591749999993, 14.94417, 26.889073
8.78722075, 9.054412, 10.210548, 11.660993, 12.451222, 14.815255449999988, 26.889073
8.788015, 9.055830499999999, 10.220941, 11.642031, 12.43980465, 14.831956519999933, 26.889073
8.784411, 9.046956, 10.214815, 11.640647, 12.460371, 14.822824, 26.889073
8.789552, 9.049619, 10.199632, 11.648901, 12.460371, 14.831956519999933, 26.889073
8.790672, 9.057887, 10.209485, 11.6634417, 12.471264, 15.239759, 26.889073
8.8314615, 9.0147555, 9.383807999999998, 10.881, 11.764251, 13.74845933, 35.487972
8.834168, 9.022420499999999, 9.388761, 10.900963, 11.85455855, 13.979219, 37.448702
8.8321675, 9.01942, 9.373654, 10.893817, 11.763729, 13.865747619999956, 37.448702
8.828122, 9.0095405, 9.350384, 10.8039475, 11.74694755, 13.780336209999987, 37.448702
8.835756499999999, 9.017685, 9.36656725, 10.8902803, 11.833178049999997, 14.061619, 35.734803
8.834746500000001, 9.016639999999999, 9.3776835, 10.886986, 11.749916, 13.806771, 37.448702
8.83424125, 9.017655, 9.37583375, 10.8652295, 11.7724088, 14.037024229999991, 35.487972
8.834000249999999, 9.014113, 9.376036, 10.8934768, 11.7740831, 14.036971, 35.734803
8.833424, 9.0134145, 9.36908275, 10.8909724, 11.77083315, 14.037024229999991, 35.734803
8.83342125, 9.019293000000001, 9.384236, 10.888955, 11.761805, 13.731675429999973, 37.448702
8.834838, 9.014857, 9.373345, 10.880997, 11.825815, 13.729036939999997, 37.448702
8.831578, 9.017285, 9.37595, 10.898155, 11.832256799999998, 13.96692616999998, 37.448702
8.831992, 9.014589, 9.360743, 10.884418, 11.762899649999998, 13.731675429999973, 37.448702
8.831932250000001, 9.015366, 9.36966575, 10.874107799999999, 11.738938049999994, 13.537692, 37.448702
8.838805, 9.018588000000001, 9.383925, 10.904826, 11.78665, 14.022859149999995, 37.448702
8.831698, 9.016846, 9.358695749999999, 10.874871, 11.7617, 14.054369, 37.448702
8.834227, 9.017611, 9.3814605, 10.894653, 11.77083315, 13.920710569999924, 37.448702
8.835182, 9.0212565, 9.3695205, 10.8678974, 11.749923200000001, 13.892522029999954, 35.734803
8.8321355, 9.018471, 9.39062475, 10.926302, 11.777362, 13.726044689999942, 35.734803
8.83169, 9.016783, 9.3827615, 10.922724900000002, 11.801507799999994, 13.979229029999999, 37.448702
8.8643685, 9.003301, 9.183255, 9.449816, 10.005128, 12.07348752000002, 37.448702
8.865295, 9.0019125, 9.172583, 9.445592, 9.992345, 11.970292, 37.448702
8.868566, 9.0049145, 9.183264750000001, 9.458109, 9.930965, 12.07043996, 37.448702
8.862988, 9.003299, 9.179315, 9.453075, 9.985579, 12.048229310000005, 37.448702
8.869084, 9.001533, 9.1764525, 9.453209000000001, 9.992015, 12.257414890000005, 37.448702
8.862988, 9.001533, 9.1762295, 9.445592, 9.929915249999999, 11.993545, 37.448702
8.863941, 9.000264, 9.171208, 9.434658, 9.908013249999998, 11.913174, 37.448702
8.866531250000001, 9.001616, 9.1740265, 9.4347723, 9.920568, 11.932734400000001, 35.487972
8.866531250000001, 9.00457, 9.17653875, 9.4574223, 9.972608249999999, 11.958587130000002, 37.448702
8.867466, 9.004065, 9.173266, 9.445246399999998, 9.992691599999999, 11.993545, 37.448702
8.869212, 9.005363, 9.183294, 9.459578, 9.994264399999997, 11.894863930000001, 37.448702
8.866778, 9.000862000000001, 9.17372475, 9.430244, 9.915973, 11.932675, 37.448702
8.838408, 9.022337, 9.36494925, 10.878269, 11.778136049999999, 13.788040429999878, 35.734803
8.8357675, 9.017929, 9.3802, 10.894716, 11.831821, 14.022860849999995, 37.448702
8.836835, 9.019691, 9.375184749999999, 10.887113900000001, 11.7740831, 13.920245, 37.448702
8.829296000000001, 9.017668, 9.3802995, 10.880997, 11.770826, 13.851700399999983, 35.487972
8.83104375, 9.019868, 9.3715875, 10.898591, 11.768866, 13.70773, 35.734803
8.83542225, 9.020942, 9.3963435, 10.945662, 11.826832199999997, 13.851728899999978, 37.448702
8.831698, 9.018888, 9.375152, 10.8355208, 11.734993, 13.70773, 35.734803
8.83509175, 9.018441, 9.370785, 10.900596, 11.815598, 13.775426879999992, 35.734803
8.835976, 9.0216755, 9.3802, 10.9084471, 11.838457, 13.851700399999983, 35.734803
8.835864, 9.018888, 9.38246125, 10.893439, 11.80116, 13.920245, 37.448702
8.827267, 9.0149455, 9.359972, 10.883279, 11.73446955, 13.731506, 35.734803
8.783268499999998, 9.050234, 10.202046000000001, 11.617790400000004, 12.38512925, 15.027702, 26.889073
8.783395, 9.0533435, 10.24796125, 11.671892500000002, 12.478849, 15.054253, 26.889073
8.78343475, 9.044462, 10.213906000000001, 11.662042, 12.479442899999992, 14.94417, 26.889073
8.788897, 9.069178, 10.268171, 11.660993, 12.462855, 14.938511, 26.889073
8.784155, 9.054426, 10.224222, 11.63261, 12.424741, 14.82504950999999, 26.889073
8.787975, 9.052158, 10.237005250000001, 11.655011400000006, 12.462855, 15.027702, 26.889073
8.78195025, 9.0462015, 10.230986, 11.617009300000001, 12.444344, 14.996234439999961, 26.889073
8.78464, 9.0503055, 10.21556475, 11.615875300000003, 12.385116, 14.901789, 26.889073
8.785933, 9.060905, 10.240397, 11.633763, 12.440311, 14.801217, 26.889073
8.779499, 9.047762, 10.200565, 11.623949400000003, 12.385116, 14.801217, 26.889073
8.785522, 9.051341, 10.227706, 11.646801, 12.444082649999995, 14.938511, 26.889073
8.784519, 9.047965, 10.154341, 11.601595700000008, 12.426091, 14.801217, 26.889073
8.784751, 9.053049, 10.223792750000001, 11.623748, 12.451222, 15.273444269999993, 26.889073
8.78503225, 9.052887, 10.217979, 11.646801, 12.472246899999998, 14.932686829999989, 26.889073
8.787271, 9.0578155, 10.240888, 11.660891, 12.518624, 14.938511, 26.889073
8.783182, 9.042789, 10.196923, 11.648901, 12.478849, 14.901789, 26.889073
8.78464, 9.05135, 10.227706, 11.636587100000005, 12.397729549999994, 14.94417, 26.889073
8.785015, 9.059024, 10.238835, 11.674203, 12.474753, 14.995983, 26.889073
8.790105, 9.05295, 10.229351, 11.642031, 12.436106, 14.953992379999983, 26.889073
8.783974500000001, 9.045776, 10.2296485, 11.633763, 12.384728, 14.902097389999952, 26.889073
8.790905, 9.060496, 10.226674, 11.643486600000006, 12.472115, 15.054253, 26.889073
8.788515, 9.053467, 10.229197, 11.633763, 12.440512649999997, 14.96523062999995, 26.889073
8.78473325, 9.0533435, 10.202046000000001, 11.623748, 12.4204191, 14.757073, 26.889073
8.789157, 9.0619655, 10.249971, 11.664709, 12.465651399999997, 15.021127, 26.889073
8.784949, 9.054016, 10.215759, 11.636392, 12.404542, 14.953882, 26.889073
8.783767, 9.046094, 10.21078275, 11.622241400000004, 12.440311, 14.901789, 26.889073
8.7831985, 9.0470295, 10.23364975, 11.663583, 12.454684399999998, 14.815255449999988, 26.889073
8.784188, 9.044996, 10.22091625, 11.650524, 12.457105, 14.932686829999989, 26.889073
8.786061, 9.0536925, 10.2292355, 11.648901, 12.460371, 14.953882, 19.563106
8.785933, 9.056303, 10.229351, 11.652362, 12.47130655, 14.932628, 26.889073
8.7909, 9.055464, 10.227706, 11.633763, 12.444344, 15.027702, 26.889073
8.78843175, 9.0540965, 10.211487, 11.60441, 12.385526749999999, 14.804108819999982, 26.889073
8.7816955, 9.050234, 10.20798875, 11.622074, 12.426591749999993, 14.94417, 26.889073
8.790105, 9.053013, 10.19702925, 11.633763, 12.443785, 14.94417, 26.889073
8.789227, 9.0484915, 10.18582075, 11.649735, 12.474753, 14.96492, 26.889073
8.79120075, 9.057744, 10.258237, 11.663583, 12.502305, 14.94417, 26.889073
8.789157, 9.059024, 10.248715, 11.622074, 12.388296, 14.902097389999952, 26.889073
8.78686775, 9.059052, 10.223942, 11.660038100000001, 12.472115, 14.96523062999995, 26.889073
8.78962275, 9.053467, 10.220908, 11.6545562, 12.462983899999998, 15.021127, 26.889073
8.78383525, 9.0460625, 10.19016225, 11.6173565, 12.404542, 14.757332509999959, 26.889073
8.7859005, 9.055168, 10.229351, 11.6609012, 12.472115, 14.874335239999896, 19.563106
8.78417975, 9.054412, 10.221427, 11.654542, 12.440311, 14.831535, 26.889073
8.785038, 9.050433, 10.21712925, 11.6604761, 12.454684399999998, 14.757073, 26.889073
8.78191575, 9.050492, 10.226674, 11.642939, 12.451388749999998, 14.953882, 26.889073
8.789595, 9.053087, 10.223651, 11.613686400000004, 12.449812199999998, 14.932628, 26.889073
8.788515, 9.06927, 10.24093625, 11.619468, 12.404542, 14.953882, 26.889073
8.791356, 9.067575, 10.285473, 11.693899, 12.518624, 14.831956519999933, 26.889073
8.78329, 9.047762, 10.230541, 11.642939, 12.424741, 14.822824, 26.889073
8.783667, 9.04866, 10.223674, 11.638756100000004, 12.451222, 14.96492, 26.889073
8.869084, 9.0034585, 9.180812750000001, 9.443059, 9.904375, 11.815764150000003, 37.448702
8.8645, 9.0005055, 9.179315, 9.443059, 9.95983, 12.047984, 37.448702
8.868245, 9.005358999999999, 9.180702, 9.458287, 9.981216599999998, 11.958562, 37.448702
8.864143, 9.002709, 9.1764525, 9.454415, 9.992691599999999, 12.047984, 37.448702
8.863466, 9.000982, 9.180358, 9.441303, 9.952919, 12.257208, 37.448702
8.871132, 9.007054499999999, 9.18750125, 9.4584177, 9.992691599999999, 12.054610680000003, 37.448702
8.864104, 9.0014895, 9.173293, 9.435801, 9.91344, 11.932734400000001, 37.448702
8.864104, 9.001616, 9.173733, 9.427559800000001, 9.904375, 11.922215, 35.734803
8.863845, 8.999347, 9.178158, 9.4448559, 9.884465, 11.89793043, 35.487972
8.863247, 9.005091499999999, 9.174917749999999, 9.4425307, 9.992345, 12.007767, 37.448702
8.86658, 9.002033, 9.17384525, 9.421716, 9.860794099999993, 11.875228480000004, 37.448702
8.868146000000001, 9.00201, 9.179931, 9.4589331, 9.994264399999997, 12.048048670000002, 35.734803
8.869084, 9.0078685, 9.18540875, 9.456761, 9.969382, 12.003135780000001, 37.448702
8.869212, 9.004509500000001, 9.184515, 9.471559, 10.0134674, 12.007767, 37.448702
8.872364, 9.017275000000001, 9.20742475, 9.4767301, 9.808353, 12.330462, 37.448702
8.873394, 9.0189635, 9.20793525, 9.474462, 9.781195799999999, 12.348550130000007, 37.448702
8.879377250000001, 9.0240635, 9.21006575, 9.473399, 9.771748, 11.99360294, 35.487972
8.8733385, 9.016487, 9.207855, 9.50226, 9.830032, 12.257414890000005, 37.448702
8.8753635, 9.020969, 9.207191, 9.476397, 9.770175, 12.420338480000007, 37.448702
8.77435, 9.041069499999999, 10.19962275, 11.654669799999999, 12.412934, 15.049506339999994, 104.61538981898235
8.7956305, 9.081545, 10.294094, 11.673554, 12.518941750000002, 14.932743420000001, 19.563106
8.79073925, 9.048254, 10.201259, 11.699479600000002, 12.549668, 15.511388, 19.563106
8.782513, 9.045159, 10.23544975, 11.6612363, 12.381649450000001, 14.96492, 26.889073
8.793433, 9.073221499999999, 10.301855999999999, 11.6636956, 12.492751950000002, 14.815277050000002, 26.889073
8.78329, 9.045655, 10.268171, 11.672563, 12.472115, 14.902097390000007, 19.393533
8.784751, 9.04926, 10.186646249999999, 11.643570000000002, 12.426591750000002, 14.736624, 19.393533
8.78503225, 9.053535, 10.18007975, 11.5670432, 12.343783950000004, 14.637913, 19.563106
8.783767, 9.050122, 10.20798875, 11.587911700000003, 12.38062, 14.824984, 18.865024
8.783767, 9.0540965, 10.246592, 11.662098, 12.490727, 14.965230630000006, 26.889073
8.79422825, 9.063717, 10.249244000000001, 11.7495744, 12.5733846, 15.675629, 26.889073
8.78387225, 9.053087, 10.250831, 11.6719916, 12.420386, 14.932686830000002, 18.677002
8.79491675, 9.0708345, 10.22029575, 11.638343, 12.3137203, 14.783345550000007, 26.889073
8.789633, 9.066179, 10.237005250000001, 11.715929800000001, 12.552635450000002, 15.093761, 26.889073
8.790105, 9.050433, 10.24093625, 11.652594200000001, 12.4498122, 14.938511, 18.474331
8.7889755, 9.05135, 10.210208999999999, 11.6222414, 12.42317635, 14.95430301000001, 19.563106
8.785696000000002, 9.060905, 10.258294, 11.670557800000001, 12.512688, 14.944688130000012, 26.889073
8.78508325, 9.046632500000001, 10.23364975, 11.704088900000002, 12.529539, 14.996234440000006, 18.677002
8.783858, 9.049575, 10.18582075, 11.616121800000002, 12.343527650000002, 14.965230630000006, 19.563106
8.7812195, 9.0462445, 10.242462, 11.601283, 12.3807679, 14.648465670000004, 26.889073
8.78473325, 9.059646, 10.2007695, 11.638894500000001, 12.573157, 15.240136710000007, 26.889073
8.783877, 9.0386445, 10.1773925, 11.57355, 12.34251325, 14.632375930000002, 26.889073
8.786701749999999, 9.066658, 10.2611055, 11.7494462, 12.596999850000001, 15.450054530000013, 19.393533
8.866778, 9.007787, 9.176034, 9.4519932, 9.8747654, 11.6126334, 33.51644
8.8603705, 8.9996455, 9.1882965, 9.4499572, 9.9923587, 12.055604159999973, 35.330604
8.86325175, 8.998429999999999, 9.184503, 9.434744700000001, 10.019570399999997, 12.00475577999996, 35.734803
8.862677, 8.9941795, 9.1664665, 9.394071199999999, 9.840964349999998, 11.922319599999996, 37.448702
8.871324, 9.005372000000001, 9.17831025, 9.445691799999999, 9.91609095, 11.852057529999989, 37.448702
8.86794025, 9.009167, 9.18455175, 9.471173, 9.971093949999998, 12.328293229999998, 35.734803
8.870185, 9.0034655, 9.183142499999999, 9.460139999999999, 9.960104049999998, 11.832641199999989, 37.448702
8.8711755, 9.0057155, 9.17256375, 9.462536400000001, 9.956609949999997, 11.897930429999999, 16.928153
8.863868499999999, 9.00034, 9.178997, 9.446185, 9.985900799999998, 11.993602939999997, 29.227148
8.86819825, 9.0049835, 9.18940375, 9.445610799999999, 10.005128, 12.047984, 37.448702
8.86246925, 9.003076, 9.176058, 9.4234097, 9.994264399999999, 11.896606799999999, 35.330604
8.872462, 9.005703, 9.171208, 9.443059, 9.8746628, 11.922318299999997, 37.448702
8.869407749999999, 9.002106000000001, 9.19232175, 9.532901, 10.223991649999986, 12.277897, 35.734803
8.86136175, 9.0058075, 9.18344075, 9.4591562, 9.9924313, 12.05613886999996, 35.734803
8.861108250000001, 8.998718, 9.1790765, 9.4462872, 9.908149449999998, 11.816192349999985, 37.448702
8.864473, 8.998246, 9.1851425, 9.4307232, 9.897192, 11.913174, 16.928153
8.86795275, 9.0056735, 9.185218, 9.462214, 9.941349199999998, 11.90322, 35.487972
8.870056250000001, 9.006933, 9.18290125, 9.4448559, 9.94657015, 11.757141689999996, 35.734803
8.86247475, 9.0025965, 9.171532, 9.4219694, 9.929366, 11.913174, 37.448702
8.865974, 9.004593, 9.191741, 9.502222, 10.065806199999997, 11.999339, 35.734803
8.8739535, 9.004122500000001, 9.19216, 9.4581268, 9.971022949999998, 11.81638782999998, 35.734803
8.868778, 9.000347, 9.173507, 9.4572177, 9.91334975, 11.938615, 37.448702
8.8588325, 8.998698, 9.167226000000001, 9.4414786, 9.95010715, 11.810147879999995, 35.330604
8.85662475, 9.001438, 9.17626125, 9.440324, 9.95293145, 12.170301709999988, 35.734803
8.87276125, 9.0046195, 9.192344, 9.516220599999999, 9.969527649999998, 11.810147879999995, 35.734803
8.86471825, 9.0077035, 9.18181425, 9.452182800000001, 9.90801325, 12.222369769999998, 33.51644
8.868687249999999, 9.004509500000001, 9.1701675, 9.4583876, 9.974629999999996, 12.048208349999994, 33.51644
8.86881725, 9.000880500000001, 9.1788165, 9.450761, 9.992588799999996, 12.278240759999992, 35.734803
8.872292999999999, 9.005358999999999, 9.185292500000001, 9.4380572, 9.89633605, 12.277909739999998, 37.448702
8.866531250000001, 9.005322, 9.181737, 9.4277528, 9.94071025, 11.999423279999998, 35.734803
8.860152249999999, 9.007147, 9.193692, 9.471582199999999, 10.031024999999996, 12.222916359999987, 37.448702
8.867709000000001, 9.004237, 9.174747, 9.4379762, 9.823103, 11.932605699999998, 37.448702
8.863654, 8.998869, 9.17088625, 9.4091989, 9.921466899999997, 11.87491972999999, 35.734803
8.8649685, 9.004237, 9.166246000000001, 9.4251509, 9.897595549999998, 11.89460059, 37.448702
8.864143, 8.995427500000002, 9.168188, 9.414622099999999, 9.81521029999999, 11.93305116999999, 29.227148
8.867168, 8.99458, 9.16421325, 9.421441, 9.8475519, 12.070439959999998, 37.448702
8.86477425, 8.997965, 9.16716775, 9.439994, 9.981554899999997, 12.340295, 35.734803
8.864476, 9.007814, 9.1901405, 9.4495739, 9.929915249999999, 11.903513249999992, 37.448702
8.86660025, 9.0012775, 9.176459, 9.457346, 9.9081447, 11.89655337, 37.448702
8.86591825, 8.9989805, 9.180355, 9.4571145, 9.953775149999997, 12.048208349999994, 35.734803
8.86537225, 9.00254, 9.18101, 9.44343, 9.933371699999997, 11.809981729999999, 35.330604
8.869554, 9.000277, 9.183294, 9.4717817, 9.974629999999996, 11.83972962999999, 37.448702
8.866934, 9.001172, 9.1650105, 9.4602233, 10.033099, 12.345226, 37.448702
8.87454675, 9.015080999999999, 9.203611, 9.4889547, 10.0651058, 11.738595, 37.448702
8.86055425, 9.0007825, 9.174627000000001, 9.462921, 10.0679634, 12.328342539999996, 37.448702
8.863342, 8.9963475, 9.169867499999999, 9.430291, 9.985900799999998, 11.903514549999992, 15.286468
8.8724035, 9.005045500000001, 9.1834895, 9.462205, 9.97260825, 11.999825449999989, 35.330604
8.860929, 8.996645000000001, 9.181010500000001, 9.451816, 9.992902299999997, 11.875231139999995, 35.734803
8.8759095, 9.0109815, 9.17510425, 9.4233101, 9.965514549999998, 11.938814469999995, 35.734803
8.86997025, 9.003628, 9.17898575, 9.437402, 9.974646499999995, 11.933283699999985, 37.448702
8.863883, 8.9978625, 9.1727345, 9.4432049, 9.9599212, 12.054631639999997, 29.227148
8.8680295, 9.007404000000001, 9.183548, 9.439364, 9.941310949999997, 11.922318299999997, 35.734803
8.86347975, 9.000233, 9.180702, 9.43695, 9.940905, 11.913174, 37.448702
8.87256, 9.0034585, 9.170938, 9.4144754, 9.8192267, 11.851628, 35.487972
8.863657, 9.0022655, 9.181698, 9.4726862, 10.069289499999998, 12.330609639999997, 35.734803
8.868218, 9.003519, 9.17198475, 9.4869813, 10.0710147, 12.00353794999999, 35.734803
8.86883, 9.004047, 9.17870025, 9.4584845, 9.92058795, 12.07456881999995, 35.734803
8.87086025, 9.008189999999999, 9.17732475, 9.4631742, 10.014147249999999, 11.903319539999996, 37.448702
8.867969250000002, 9.002112, 9.168801, 9.4172504, 9.90801325, 11.922378999999996, 29.227148
8.868058750000001, 9.012047500000001, 9.187704, 9.4622593, 9.973626049999995, 12.374849479999998, 35.734803
8.875112999999999, 9.013526, 9.18492375, 9.4659455, 9.992015, 11.89655337, 35.487972
8.86736525, 9.0026675, 9.17870025, 9.45891, 10.08763565, 12.222369769999998, 35.330604
8.871324, 9.0123155, 9.1875715, 9.439427, 9.8792836, 11.58206240999999, 33.51644
8.865207, 9.000128, 9.173506249999999, 9.413803, 9.8475519, 11.932958999999993, 37.448702
8.87302975, 9.005317999999999, 9.185468, 9.463746, 10.078466, 11.913264409999998, 35.734803
8.86837775, 9.0032085, 9.1672445, 9.4518217, 10.004442, 11.999423279999998, 16.928153
8.8704885, 9.00341, 9.1809545, 9.465907699999999, 10.0923397, 12.054451, 35.487972
8.86125575, 8.998429999999999, 9.185292500000001, 9.449816, 10.004867899999999, 12.315896989999997, 37.448702
8.865372749999999, 9.008198, 9.19070625, 9.4886451, 9.94117155, 12.054610679999996, 37.448702
8.86591825, 9.0039865, 9.17731725, 9.4498257, 9.872832149999997, 11.875261439999996, 37.448702
8.869183, 9.003623000000001, 9.17989825, 9.4342302, 10.0923985, 11.95896976999999, 37.448702
8.86952175, 9.003801, 9.19070575, 9.4504701, 10.019533799999998, 11.913174, 37.448702
8.86971925, 9.007685500000001, 9.18551625, 9.4450259, 10.004476299999999, 11.932734399999998, 37.448702
8.868644750000001, 9.011074, 9.19455075, 9.4939947, 10.178292499999996, 12.312602529999992, 35.330604
8.861822499999999, 8.995729, 9.169159500000001, 9.4303002, 9.946236, 12.222369769999998, 35.487972
8.868137, 9.008229499999999, 9.16587125, 9.419768399999999, 9.91344, 12.316097369999992, 37.448702
8.859925, 9.0036175, 9.190591750000001, 9.4655565, 9.971022949999998, 12.008233839999988, 35.487972
8.87106825, 9.009008999999999, 9.192263, 9.444518, 9.92986, 11.970524529999995, 37.448702
8.87169125, 9.002561, 9.18142875, 9.420191399999998, 9.913345, 11.903319539999996, 37.448702
8.86657175, 9.004519, 9.179745, 9.4591562, 9.994071, 11.875608119999987, 35.487972
8.86935675, 9.0049145, 9.193741, 9.465835, 9.916202749999998, 11.932805169999993, 35.487972
8.868407, 9.0087885, 9.17295075, 9.4068205, 9.788026599999993, 11.795355169999997, 35.487972
8.86333275, 8.999012, 9.17493225, 9.4285683, 9.89633605, 11.904265469999974, 35.734803
8.86334175, 8.999012, 9.181201000000001, 9.4307232, 9.956609949999997, 12.003783259999983, 37.448702
8.85929425, 9.0034055, 9.18168225, 9.476728, 10.067905, 11.961944089999978, 37.448702
8.865295, 9.005355, 9.17999025, 9.4601613, 10.053049299999998, 11.761882799999995, 37.448702
8.871177750000001, 9.000801, 9.1875715, 9.4518217, 9.965593249999998, 12.00353794999999, 37.448702
8.87106825, 9.0074465, 9.17934525, 9.4718092, 9.9518057, 11.961075, 37.448702
8.86896075, 9.008962, 9.1819725, 9.4605923, 9.90553565, 12.27953701999999, 37.448702
8.863917, 9.0050375, 9.17341525, 9.440054, 9.940976799999998, 12.047984, 37.448702
8.874826, 9.0122325, 9.191046, 9.4590912, 9.956609949999997, 12.070439959999998, 29.227148
8.870590499999999, 9.0037455, 9.172004, 9.4623475, 10.030596699999998, 12.170292939999987, 29.227148
8.89006, 9.0399985, 9.24287325, 9.49884, 9.74936655, 16.103637859999996, 22.552578
8.87578125, 9.031243, 9.21591425, 9.5265604, 9.80016605, 11.830907039999984, 36.893046
8.885386, 9.0592555, 9.252593749999999, 9.5122275, 9.74944665, 11.258593329999998, 21.371576
8.8936715, 9.047216500000001, 9.2474305, 9.543203199999999, 9.83931115, 16.215679, 23.303856
8.896368249999998, 9.050443, 9.25684, 9.526729, 9.81306725, 16.179549, 36.893046
8.90246325, 9.0540935, 9.25328575, 9.5273587, 9.74090275, 15.97762476, 52.853195
8.886875, 9.040676999999999, 9.230564, 9.496503, 9.765896399999999, 15.267818949999995, 52.853195
8.88437875, 9.0399065, 9.23767725, 9.5251021, 9.75788675, 14.41651684, 18.516134
8.887538, 9.039084, 9.23811025, 9.482374, 9.739889, 15.978203449999999, 32.855096
0, 0, 0, 0, 0, 0, 0
0, 0, 0, 0, 0, 0, 0
0, 0, 0, 0, 0, 0, 0
0, 0, 0, 0, 0, 0, 0
0, 0, 0, 0, 0, 0, 0
0, 0, 0, 0, 0, 0, 0
0, 0, 0, 0, 0, 0, 0
0, 0, 0, 0, 0, 0, 0
0, 0, 0, 0, 0, 0, 0
0, 0, 0, 0, 0, 0, 0
0, 0, 0, 0, 0, 0, 0
0, 0, 0, 0, 0, 0, 0
0, 0, 0, 0, 0, 0, 0
0, 0, 0, 0, 0, 0, 0
0, 0, 0, 0, 0, 0, 0
0, 0, 0, 0, 0, 0, 0
0, 0, 0, 0, 0, 0, 0
0, 0, 0, 0, 0, 0, 0
0, 0, 0, 0, 0, 0, 0
0, 0, 0, 0, 0, 0, 0
0, 0, 0, 0, 0, 0, 0
0, 0, 0, 0, 0, 0, 0
0, 0, 0, 0, 0, 0, 0
0, 0, 0, 0, 0, 0, 0
0, 0, 0, 0, 0, 0, 0
0, 0, 0, 0, 0, 0, 0
0, 0, 0, 0, 0, 0, 0
0, 0, 0, 0, 0, 0, 0
0, 0, 0, 0, 0, 0, 0
0, 0, 0, 0, 0, 0, 0
0, 0, 0, 0, 0, 0, 0
0, 0, 0, 0, 0, 0, 0
0, 0, 0, 0, 0, 0, 0
0, 0, 0, 0, 0, 0, 0
0, 0, 0, 0, 0, 0, 0
0, 0, 0, 0, 0, 0, 0
0, 0, 0, 0, 0, 0, 0
0, 0, 0, 0, 0, 0, 0
0, 0, 0, 0, 0, 0, 0
0, 0, 0, 0, 0, 0, 0
0, 0, 0, 0, 0, 0, 0
0, 0, 0, 0, 0, 0, 0
0, 0, 0, 0, 0, 0, 0
0, 0, 0, 0, 0, 0, 0
0, 0, 0, 0, 0, 0, 0
0, 0, 0, 0, 0, 0, 0
0, 0, 0, 0, 0, 0, 0
0, 0, 0, 0, 0, 0, 0
0, 0, 0, 0, 0, 0, 0
0, 0, 0, 0, 0, 0, 0
0, 0, 0, 0, 0, 0, 0
0, 0, 0, 0, 0, 0, 0
0, 0, 0, 0, 0, 0, 0
0, 0, 0, 0, 0, 0, 0
0, 0, 0, 0, 0, 0, 0
0, 0, 0, 0, 0, 0, 0
0, 0, 0, 0, 0, 0, 0
0, 0, 0, 0, 0, 0, 0
0, 0, 0, 0, 0, 0, 0
0, 0, 0, 0, 0, 0, 0
0, 0, 0, 0, 0, 0, 0
0, 0, 0, 0, 0, 0, 0
0, 0, 0, 0, 0, 0, 0
0, 0, 0, 0, 0, 0, 0
0, 0, 0, 0, 0, 0, 0
0, 0, 0, 0, 0, 0, 0
0, 0, 0, 0, 0, 0, 0
0, 0, 0, 0, 0, 0, 0
0, 0, 0, 0, 0, 0, 0
0, 0, 0, 0, 0, 0, 0
0, 0, 0, 0, 0, 0, 0
0, 0, 0, 0, 0, 0, 0
0, 0, 0, 0, 0, 0, 0
0, 0, 0, 0, 0, 0, 0
0, 0, 0, 0, 0, 0, 0
0, 0, 0, 0, 0, 0, 0
0, 0, 0, 0, 0, 0, 0
0, 0, 0, 0, 0, 0, 0
0, 0, 0, 0, 0, 0, 0
0, 0, 0, 0, 0, 0, 0
0, 0, 0, 0, 0, 0, 0
0, 0, 0, 0, 0, 0, 0
0, 0, 0, 0, 0, 0, 0
0, 0, 0, 0, 0, 0, 0
0, 0, 0, 0, 0, 0, 0
0, 0, 0, 0, 0, 0, 0
0, 0, 0, 0, 0, 0, 0
0, 0, 0, 0, 0, 0, 0
0, 0, 0, 0, 0, 0, 0
0, 0, 0, 0, 0, 0, 0
0, 0, 0, 0, 0, 0, 0
0, 0, 0, 0, 0, 0, 0
0, 0, 0, 0, 0, 0, 0
0, 0, 0, 0, 0, 0, 0
0, 0, 0, 0, 0, 0, 0
0, 0, 0, 0, 0, 0, 0
0, 0, 0, 0, 0, 0, 0
0, 0, 0, 0, 0, 0, 0
0, 0, 0, 0, 0, 0, 0
0, 0, 0, 0, 0, 0, 0
0, 0, 0, 0, 0, 0, 0
0, 0, 0, 0, 0, 0, 0
0, 0, 0, 0, 0, 0, 0
0, 0, 0, 0, 0, 0, 0
0, 0, 0, 0, 0, 0, 0
0, 0, 0, 0, 0, 0, 0
0, 0, 0, 0, 0, 0, 0
0, 0, 0, 0, 0, 0, 0
0, 0, 0, 0, 0, 0, 0
0, 0, 0, 0, 0, 0, 0
0, 0, 0, 0, 0, 0, 0
0, 0, 0, 0, 0, 0, 0
0, 0, 0, 0, 0, 0, 0
0, 0, 0, 0, 0, 0, 0
0, 0, 0, 0, 0, 0, 0
0, 0, 0, 0, 0, 0, 0
0, 0, 0, 0, 0, 0, 0
0, 0, 0, 0, 0, 0, 0
0, 0, 0, 0, 0, 0, 0
0, 0, 0, 0, 0, 0, 0
0, 0, 0, 0, 0, 0, 0
0, 0, 0, 0, 0, 0, 0
0, 0, 0, 0, 0, 0, 0
0, 0, 0, 0, 0, 0, 0
0, 0, 0, 0, 0, 0, 0
0, 0, 0, 0, 0, 0, 0
0, 0, 0, 0, 0, 0, 0
0, 0, 0, 0, 0, 0, 0
0, 0, 0, 0, 0, 0, 0
0, 0, 0, 0, 0, 0, 0
0, 0, 0, 0, 0, 0, 0
0, 0, 0, 0, 0, 0, 0
0, 0, 0, 0, 0, 0, 0
0, 0, 0, 0, 0, 0, 0
0, 0, 0, 0, 0, 0, 0
0, 0, 0, 0, 0, 0, 0
0, 0, 0, 0, 0, 0, 0
0, 0, 0, 0, 0, 0, 0
0, 0, 0, 0, 0, 0, 0
0, 0, 0, 0, 0, 0, 0
0, 0, 0, 0, 0, 0, 0
0, 0, 0, 0, 0, 0, 0
0, 0, 0, 0, 0, 0, 0
0, 0, 0, 0, 0, 0, 0
0, 0, 0, 0, 0, 0, 0
0, 0, 0, 0, 0, 0, 0
0, 0, 0, 0, 0, 0, 0
0, 0, 0, 0, 0, 0, 0
0, 0, 0, 0, 0, 0, 0
0, 0, 0, 0, 0, 0, 0
0, 0, 0, 0, 0, 0, 0
0, 0, 0, 0, 0, 0, 0
0, 0, 0, 0, 0, 0, 0
0, 0, 0, 0, 0, 0, 0
0, 0, 0, 0, 0, 0, 0
0, 0, 0, 0, 0, 0, 0
0, 0, 0, 0, 0, 0, 0
0, 0, 0, 0, 0, 0, 0
0, 0, 0, 0, 0, 0, 0
0, 0, 0, 0, 0, 0, 0
0, 0, 0, 0, 0, 0, 0
0, 0, 0, 0, 0, 0, 0
0, 0, 0, 0, 0, 0, 0
0, 0, 0, 0, 0, 0, 0
0, 0, 0, 0, 0, 0, 0
0, 0, 0, 0, 0, 0, 0
0, 0, 0, 0, 0, 0, 0
0, 0, 0, 0, 0, 0, 0
0, 0, 0, 0, 0, 0, 0
0, 0, 0, 0, 0, 0, 0
0, 0, 0, 0, 0, 0, 0
0, 0, 0, 0, 0, 0, 0
0, 0, 0, 0, 0, 0, 0
0, 0, 0, 0, 0, 0, 0
0, 0, 0, 0, 0, 0, 0
0, 0, 0, 0, 0, 0, 0
0, 0, 0, 0, 0, 0, 0
0, 0, 0, 0, 0, 0, 0
0, 0, 0, 0, 0, 0, 0
0, 0, 0, 0, 0, 0, 0
0, 0, 0, 0, 0, 0, 0
0, 0, 0, 0, 0, 0, 0
0, 0, 0, 0, 0, 0, 0
0, 0, 0, 0, 0, 0, 0
0, 0, 0, 0, 0, 0, 0
0, 0, 0, 0, 0, 0, 0
0, 0, 0, 0, 0, 0, 0
0, 0, 0, 0, 0, 0, 0
0, 0, 0, 0, 0, 0, 0
0, 0, 0, 0, 0, 0, 0
0, 0, 0, 0, 0, 0, 0
0, 0, 0, 0, 0, 0, 0
0, 0, 0, 0, 0, 0, 0
0, 0, 0, 0, 0, 0, 0
0, 0, 0, 0, 0, 0, 0
0, 0, 0, 0, 0, 0, 0
0, 0, 0, 0, 0, 0, 0
0, 0, 0, 0, 0, 0, 0
0, 0, 0, 0, 0, 0, 0
0, 0, 0, 0, 0, 0, 0
0, 0, 0, 0, 0, 0, 0
0, 0, 0, 0, 0, 0, 0
0, 0, 0, 0, 0, 0, 0
0, 0, 0, 0, 0, 0, 0
0, 0, 0, 0, 0, 0, 0
0, 0, 0, 0, 0, 0, 0
0, 0, 0, 0, 0, 0, 0
0, 0, 0, 0, 0, 0, 0
0, 0, 0, 0, 0, 0, 0
0, 0, 0, 0, 0, 0, 0
0, 0, 0, 0, 0, 0, 0
0, 0, 0, 0, 0, 0, 0
0, 0, 0, 0, 0, 0, 0
0, 0, 0, 0, 0, 0, 0
0, 0, 0, 0, 0, 0, 0
0, 0, 0, 0, 0, 0, 0
0, 0, 0, 0, 0, 0, 0
0, 0, 0, 0, 0, 0, 0
0, 0, 0, 0, 0, 0, 0
0, 0, 0, 0, 0, 0, 0
0, 0, 0, 0, 0, 0, 0
0, 0, 0, 0, 0, 0, 0
0, 0, 0, 0, 0, 0, 0
0, 0, 0, 0, 0, 0, 0
0, 0, 0, 0, 0, 0, 0
0, 0, 0, 0, 0, 0, 0
0, 0, 0, 0, 0, 0, 0
0, 0, 0, 0, 0, 0, 0
0, 0, 0, 0, 0, 0, 0
0, 0, 0, 0, 0, 0, 0
0, 0, 0, 0, 0, 0, 0
0, 0, 0, 0, 0, 0, 0
0, 0, 0, 0, 0, 0, 0
0, 0, 0, 0, 0, 0, 0
0, 0, 0, 0, 0, 0, 0
0, 0, 0, 0, 0, 0, 0
0, 0, 0, 0, 0, 0, 0
0, 0, 0, 0, 0, 0, 0
0, 0, 0, 0, 0, 0, 0
0, 0, 0, 0, 0, 0, 0
0, 0, 0, 0, 0, 0, 0
0, 0, 0, 0, 0, 0, 0
0, 0, 0, 0, 0, 0, 0
0, 0, 0, 0, 0, 0, 0
0, 0, 0, 0, 0, 0, 0
0, 0, 0, 0, 0, 0, 0
0, 0, 0, 0, 0, 0, 0
0, 0, 0, 0, 0, 0, 0
0, 0, 0, 0, 0, 0, 0
0, 0, 0, 0, 0, 0, 0
0, 0, 0, 0, 0, 0, 0
0, 0, 0, 0, 0, 0, 0
0, 0, 0, 0, 0, 0, 0
0, 0, 0, 0, 0, 0, 0
0, 0, 0, 0, 0, 0, 0
0, 0, 0, 0, 0, 0, 0
0, 0, 0, 0, 0, 0, 0
0, 0, 0, 0, 0, 0, 0
0, 0, 0, 0, 0, 0, 0
0, 0, 0, 0, 0, 0, 0
0, 0, 0, 0, 0, 0, 0
0, 0, 0, 0, 0, 0, 0
0, 0, 0, 0, 0, 0, 0
0, 0, 0, 0, 0, 0, 0
0, 0, 0, 0, 0, 0, 0
0, 0, 0, 0, 0, 0, 0
0, 0, 0, 0, 0, 0, 0
0, 0, 0, 0, 0, 0, 0
0, 0, 0, 0, 0, 0, 0
0, 0, 0, 0, 0, 0, 0
0, 0, 0, 0, 0, 0, 0
0, 0, 0, 0, 0, 0, 0
0, 0, 0, 0, 0, 0, 0
0, 0, 0, 0, 0, 0, 0
0, 0, 0, 0, 0, 0, 0
0, 0, 0, 0, 0, 0, 0
0, 0, 0, 0, 0, 0, 0
0, 0, 0, 0, 0, 0, 0
0, 0, 0, 0, 0, 0, 0
0, 0, 0, 0, 0, 0, 0
0, 0, 0, 0, 0, 0, 0
0, 0, 0, 0, 0, 0, 0
0, 0, 0, 0, 0, 0, 0
0, 0, 0, 0, 0, 0, 0
0, 0, 0, 0, 0, 0, 0
0, 0, 0, 0, 0, 0, 0
0, 0, 0, 0, 0, 0, 0
0, 0, 0, 0, 0, 0, 0
0, 0, 0, 0, 0, 0, 0
0, 0, 0, 0, 0, 0, 0
0, 0, 0, 0, 0, 0, 0
0, 0, 0, 0, 0, 0, 0
0, 0, 0, 0, 0, 0, 0
0, 0, 0, 0, 0, 0, 0
0, 0, 0, 0, 0, 0, 0
0, 0, 0, 0, 0, 0, 0
0, 0, 0, 0, 0, 0, 0
0, 0, 0, 0, 0, 0, 0
0, 0, 0, 0, 0, 0, 0
0, 0, 0, 0, 0, 0, 0
0, 0, 0, 0, 0, 0, 0
0, 0, 0, 0, 0, 0, 0
0, 0, 0, 0, 0, 0, 0
0, 0, 0, 0, 0, 0, 0
0, 0, 0, 0, 0, 0, 0
0, 0, 0, 0, 0, 0, 0
0, 0, 0, 0, 0, 0, 0
0, 0, 0, 0, 0, 0, 0
0, 0, 0, 0, 0, 0, 0
0, 0, 0, 0, 0, 0, 0
0, 0, 0, 0, 0, 0, 0
0, 0, 0, 0, 0, 0, 0
0, 0, 0, 0, 0, 0, 0
0, 0, 0, 0, 0, 0, 0
0, 0, 0, 0, 0, 0, 0
0, 0, 0, 0, 0, 0, 0
0, 0, 0, 0, 0, 0, 0
0, 0, 0, 0, 0, 0, 0
0, 0, 0, 0, 0, 0, 0
0, 0, 0, 0, 0, 0, 0
0, 0, 0, 0, 0, 0, 0
0, 0, 0, 0, 0, 0, 0
0, 0, 0, 0, 0, 0, 0
0, 0, 0, 0, 0, 0, 0
0, 0, 0, 0, 0, 0, 0
0, 0, 0, 0, 0, 0, 0
0, 0, 0, 0, 0, 0, 0
0, 0, 0, 0, 0, 0, 0
0, 0, 0, 0, 0, 0, 0
0, 0, 0, 0, 0, 0, 0
0, 0, 0, 0, 0, 0, 0
0, 0, 0, 0, 0, 0, 0
0, 0, 0, 0, 0, 0, 0
0, 0, 0, 0, 0, 0, 0
0, 0, 0, 0, 0, 0, 0
0, 0, 0, 0, 0, 0, 0
0, 0, 0, 0, 0, 0, 0
0, 0, 0, 0, 0, 0, 0
0, 0, 0, 0, 0, 0, 0
0, 0, 0, 0, 0, 0, 0
0, 0, 0, 0, 0, 0, 0
0, 0, 0, 0, 0, 0, 0
0, 0, 0, 0, 0, 0, 0
0, 0, 0, 0, 0, 0, 0
0, 0, 0, 0, 0, 0, 0
0, 0, 0, 0, 0, 0, 0
0, 0, 0, 0, 0, 0, 0
0, 0, 0, 0, 0, 0, 0
0, 0, 0, 0, 0, 0, 0
0, 0, 0, 0, 0, 0, 0
0, 0, 0, 0, 0, 0, 0
0, 0, 0, 0, 0, 0, 0
0, 0, 0, 0, 0, 0, 0
0, 0, 0, 0, 0, 0, 0
0, 0, 0, 0, 0, 0, 0
0, 0, 0, 0, 0, 0, 0
0, 0, 0, 0, 0, 0, 0
0, 0, 0, 0, 0, 0, 0
0, 0, 0, 0, 0, 0, 0
0, 0, 0, 0, 0, 0, 0
0, 0, 0, 0, 0, 0, 0
0, 0, 0, 0, 0, 0, 0
0, 0, 0, 0, 0, 0, 0
0, 0, 0, 0, 0, 0, 0
0, 0, 0, 0, 0, 0, 0
0, 0, 0, 0, 0, 0, 0
0, 0, 0, 0, 0, 0, 0
0, 0, 0, 0, 0, 0, 0
0, 0, 0, 0, 0, 0, 0
0, 0, 0, 0, 0, 0, 0
0, 0, 0, 0, 0, 0, 0
0, 0, 0, 0, 0, 0, 0
0, 0, 0, 0, 0, 0, 0
0, 0, 0, 0, 0, 0, 0
0, 0, 0, 0, 0, 0, 0
0, 0, 0, 0, 0, 0, 0
0, 0, 0, 0, 0, 0, 0
0, 0, 0, 0, 0, 0, 0
0, 0, 0, 0, 0, 0, 0
0, 0, 0, 0, 0, 0, 0
0, 0, 0, 0, 0, 0, 0
0, 0, 0, 0, 0, 0, 0
0, 0, 0, 0, 0, 0, 0
0, 0, 0, 0, 0, 0, 0
0, 0, 0, 0, 0, 0, 0
0, 0, 0, 0, 0, 0, 0
0, 0, 0, 0, 0, 0, 0
0, 0, 0, 0, 0, 0, 0
0, 0, 0, 0, 0, 0, 0
0, 0, 0, 0, 0, 0, 0
0, 0, 0, 0, 0, 0, 0
0, 0, 0, 0, 0, 0, 0
0, 0, 0, 0, 0, 0, 0
0, 0, 0, 0, 0, 0, 0
0, 0, 0, 0, 0, 0, 0
0, 0, 0, 0, 0, 0, 0
0, 0, 0, 0, 0, 0, 0
0, 0, 0, 0, 0, 0, 0
0, 0, 0, 0, 0, 0, 0
0, 0, 0, 0, 0, 0, 0
0, 0, 0, 0, 0, 0, 0
0, 0, 0, 0, 0, 0, 0
0, 0, 0, 0, 0, 0, 0
0, 0, 0, 0, 0, 0, 0
0, 0, 0, 0, 0, 0, 0
0, 0, 0, 0, 0, 0, 0
0, 0, 0, 0, 0, 0, 0
0, 0, 0, 0, 0, 0, 0
0, 0, 0, 0, 0, 0, 0
0, 0, 0, 0, 0, 0, 0
0, 0, 0, 0, 0, 0, 0
0, 0, 0, 0, 0, 0, 0
0, 0, 0, 0, 0, 0, 0
0, 0, 0, 0, 0, 0, 0
0, 0, 0, 0, 0, 0, 0
0, 0, 0, 0, 0, 0, 0
0, 0, 0, 0, 0, 0, 0
0, 0, 0, 0, 0, 0, 0
0, 0, 0, 0, 0, 0, 0
0, 0, 0, 0, 0, 0, 0
0, 0, 0, 0, 0, 0, 0
0, 0, 0, 0, 0, 0, 0
0, 0, 0, 0, 0, 0, 0
0, 0, 0, 0, 0, 0, 0
0, 0, 0, 0, 0, 0, 0
0, 0, 0, 0, 0, 0, 0
0, 0, 0, 0, 0, 0, 0
0, 0, 0, 0, 0, 0, 0
0, 0, 0, 0, 0, 0, 0
0, 0, 0, 0, 0, 0, 0
0, 0, 0, 0, 0, 0, 0
0, 0, 0, 0, 0, 0, 0
0, 0, 0, 0, 0, 0, 0
0, 0, 0, 0, 0, 0, 0
0, 0, 0, 0, 0, 0, 0
0, 0, 0, 0, 0, 0, 0
0, 0, 0, 0, 0, 0, 0
0, 0, 0, 0, 0, 0, 0
0, 0, 0, 0, 0, 0, 0
0, 0, 0, 0, 0, 0, 0
0, 0, 0, 0, 0, 0, 0
0, 0, 0, 0, 0, 0, 0
0, 0, 0, 0, 0, 0, 0
0, 0, 0, 0, 0, 0, 0
0, 0, 0, 0, 0, 0, 0
0, 0, 0, 0, 0, 0, 0
0, 0, 0, 0, 0, 0, 0
0, 0, 0, 0, 0, 0, 0
0, 0, 0, 0, 0, 0, 0
0, 0, 0, 0, 0, 0, 0
0, 0, 0, 0, 0, 0, 0
0, 0, 0, 0, 0, 0, 0
0, 0, 0, 0, 0, 0, 0
0, 0, 0, 0, 0, 0, 0
0, 0, 0, 0, 0, 0, 0
0, 0, 0, 0, 0, 0, 0
0, 0, 0, 0, 0, 0, 0
0, 0, 0, 0, 0, 0, 0
0, 0, 0, 0, 0, 0, 0
0, 0, 0, 0, 0, 0, 0
0, 0, 0, 0, 0, 0, 0
0, 0, 0, 0, 0, 0, 0
0, 0, 0, 0, 0, 0, 0
0, 0, 0, 0, 0, 0, 0
0, 0, 0, 0, 0, 0, 0
0, 0, 0, 0, 0, 0, 0
0, 0, 0, 0, 0, 0, 0
0, 0, 0, 0, 0, 0, 0
0, 0, 0, 0, 0, 0, 0
0, 0, 0, 0, 0, 0, 0
0, 0, 0, 0, 0, 0, 0
0, 0, 0, 0, 0, 0, 0
0, 0, 0, 0, 0, 0, 0
0, 0, 0, 0, 0, 0, 0
0, 0, 0, 0, 0, 0, 0
0, 0, 0, 0, 0, 0, 0
0, 0, 0, 0, 0, 0, 0
0, 0, 0, 0, 0, 0, 0
0, 0, 0, 0, 0, 0, 0
0, 0, 0, 0, 0, 0, 0
0, 0, 0, 0, 0, 0, 0
0, 0, 0, 0, 0, 0, 0
0, 0, 0, 0, 0, 0, 0
0, 0, 0, 0, 0, 0, 0
0, 0, 0, 0, 0, 0, 0
0, 0, 0, 0, 0, 0, 0
0, 0, 0, 0, 0, 0, 0
0, 0, 0, 0, 0, 0, 0
0, 0, 0, 0, 0, 0, 0
0, 0, 0, 0, 0, 0, 0
0, 0, 0, 0, 0, 0, 0
0, 0, 0, 0, 0, 0, 0
0, 0, 0, 0, 0, 0, 0
0, 0, 0, 0, 0, 0, 0
0, 0, 0, 0, 0, 0, 0
0, 0, 0, 0, 0, 0, 0
0, 0, 0, 0, 0, 0, 0
0, 0, 0, 0, 0, 0, 0
0, 0, 0, 0, 0, 0, 0
0, 0, 0, 0, 0, 0, 0
0, 0, 0, 0, 0, 0, 0
0, 0, 0, 0, 0, 0, 0
0, 0, 0, 0, 0, 0, 0
0, 0, 0, 0, 0, 0, 0
0, 0, 0, 0, 0, 0, 0
0, 0, 0, 0, 0, 0, 0
0, 0, 0, 0, 0, 0, 0
0, 0, 0, 0, 0, 0, 0
0, 0, 0, 0, 0, 0, 0
0, 0, 0, 0, 0, 0, 0
0, 0, 0, 0, 0, 0, 0
0, 0, 0, 0, 0, 0, 0
0, 0, 0, 0, 0, 0, 0
0, 0, 0, 0, 0, 0, 0
0, 0, 0, 0, 0, 0, 0
0, 0, 0, 0, 0, 0, 0
0, 0, 0, 0, 0, 0, 0
0, 0, 0, 0, 0, 0, 0
0, 0, 0, 0, 0, 0, 0
0, 0, 0, 0, 0, 0, 0
0, 0, 0, 0, 0, 0, 0
0, 0, 0, 0, 0, 0, 0
0, 0, 0, 0, 0, 0, 0
0, 0, 0, 0, 0, 0, 0
0, 0, 0, 0, 0, 0, 0
0, 0, 0, 0, 0, 0, 0
0, 0, 0, 0, 0, 0, 0
0, 0, 0, 0, 0, 0, 0
0, 0, 0, 0, 0, 0, 0
0, 0, 0, 0, 0, 0, 0
0, 0, 0, 0, 0, 0, 0
0, 0, 0, 0, 0, 0, 0
0, 0, 0, 0, 0, 0, 0
0, 0, 0, 0, 0, 0, 0
0, 0, 0, 0, 0, 0, 0
0, 0, 0, 0, 0, 0, 0
0, 0, 0, 0, 0, 0, 0
0, 0, 0, 0, 0, 0, 0
0, 0, 0, 0, 0, 0, 0
0, 0, 0, 0, 0, 0, 0
0, 0, 0, 0, 0, 0, 0
0, 0, 0, 0, 0, 0, 0
0, 0, 0, 0, 0, 0, 0
0, 0, 0, 0, 0, 0, 0
0, 0, 0, 0, 0, 0, 0
0, 0, 0, 0, 0, 0, 0
0, 0, 0, 0, 0, 0, 0
0, 0, 0, 0, 0, 0, 0
0, 0, 0, 0, 0, 0, 0
0, 0, 0, 0, 0, 0, 0
0, 0, 0, 0, 0, 0, 0
0, 0, 0, 0, 0, 0, 0
0, 0, 0, 0, 0, 0, 0
0, 0, 0, 0, 0, 0, 0
0, 0, 0, 0, 0, 0, 0
0, 0, 0, 0, 0, 0, 0
0, 0, 0, 0, 0, 0, 0
0, 0, 0, 0, 0, 0, 0
0, 0, 0, 0, 0, 0, 0
0, 0, 0, 0, 0, 0, 0
0, 0, 0, 0, 0, 0, 0
0, 0, 0, 0, 0, 0, 0
0, 0, 0, 0, 0, 0, 0
0, 0, 0, 0, 0, 0, 0
0, 0, 0, 0, 0, 0, 0
0, 0, 0, 0, 0, 0, 0
0, 0, 0, 0, 0, 0, 0
0, 0, 0, 0, 0, 0, 0
0, 0, 0, 0, 0, 0, 0
0, 0, 0, 0, 0, 0, 0
0, 0, 0, 0, 0, 0, 0
0, 0, 0, 0, 0, 0, 0
0, 0, 0, 0, 0, 0, 0
0, 0, 0, 0, 0, 0, 0
0, 0, 0, 0, 0, 0, 0
0, 0, 0, 0, 0, 0, 0
0, 0, 0, 0, 0, 0, 0
0, 0, 0, 0, 0, 0, 0
0, 0, 0, 0, 0, 0, 0
0, 0, 0, 0, 0, 0, 0
0, 0, 0, 0, 0, 0, 0
0, 0, 0, 0, 0, 0, 0
0, 0, 0, 0, 0, 0, 0
0, 0, 0, 0, 0, 0, 0
0, 0, 0, 0, 0, 0, 0
0, 0, 0, 0, 0, 0, 0
0, 0, 0, 0, 0, 0, 0
0, 0, 0, 0, 0, 0, 0
0, 0, 0, 0, 0, 0, 0
0, 0, 0, 0, 0, 0, 0
0, 0, 0, 0, 0, 0, 0
0, 0, 0, 0, 0, 0, 0
0, 0, 0, 0, 0, 0, 0
0, 0, 0, 0, 0, 0, 0
0, 0, 0, 0, 0, 0, 0
0, 0, 0, 0, 0, 0, 0
0, 0, 0, 0, 0, 0, 0
0, 0, 0, 0, 0, 0, 0
0, 0, 0, 0, 0, 0, 0
0, 0, 0, 0, 0, 0, 0
0, 0, 0, 0, 0, 0, 0
0, 0, 0, 0, 0, 0, 0
0, 0, 0, 0, 0, 0, 0
0, 0, 0, 0, 0, 0, 0
0, 0, 0, 0, 0, 0, 0
0, 0, 0, 0, 0, 0, 0
0, 0, 0, 0, 0, 0, 0
0, 0, 0, 0, 0, 0, 0
0, 0, 0, 0, 0, 0, 0
0, 0, 0, 0, 0, 0, 0
0, 0, 0, 0, 0, 0, 0
0, 0, 0, 0, 0, 0, 0
0, 0, 0, 0, 0, 0, 0
0, 0, 0, 0, 0, 0, 0
0, 0, 0, 0, 0, 0, 0
0, 0, 0, 0, 0, 0, 0
0, 0, 0, 0, 0, 0, 0
0, 0, 0, 0, 0, 0, 0
0, 0, 0, 0, 0, 0, 0
0, 0, 0, 0, 0, 0, 0
0, 0, 0, 0, 0, 0, 0
0, 0, 0, 0, 0, 0, 0
0, 0, 0, 0, 0, 0, 0
0, 0, 0, 0, 0, 0, 0
0, 0, 0, 0, 0, 0, 0
0, 0, 0, 0, 0, 0, 0
0, 0, 0, 0, 0, 0, 0
0, 0, 0, 0, 0, 0, 0
0, 0, 0, 0, 0, 0, 0
0, 0, 0, 0, 0, 0, 0
0, 0, 0, 0, 0, 0, 0
0, 0, 0, 0, 0, 0, 0
0, 0, 0, 0, 0, 0, 0
0, 0, 0, 0, 0, 0, 0
0, 0, 0, 0, 0, 0, 0
0, 0, 0, 0, 0, 0, 0
0, 0, 0, 0, 0, 0, 0
0, 0, 0, 0, 0, 0, 0
0, 0, 0, 0, 0, 0, 0
0, 0, 0, 0, 0, 0, 0
0, 0, 0, 0, 0, 0, 0
0, 0, 0, 0, 0, 0, 0
0, 0, 0, 0, 0, 0, 0
0, 0, 0, 0, 0, 0, 0
0, 0, 0, 0, 0, 0, 0
0, 0, 0, 0, 0, 0, 0
0, 0, 0, 0, 0, 0, 0
0, 0, 0, 0, 0, 0, 0
0, 0, 0, 0, 0, 0, 0
0, 0, 0, 0, 0, 0, 0
0, 0, 0, 0, 0, 0, 0
8.88456825, 9.038575, 9.23547025, 9.5378198, 9.78219935, 14.786283509999993, 36.893046
8.87874775, 9.0304715, 9.2336925, 9.497445800000001, 9.7401951, 13.232364, 36.893046
8.885186, 9.0506405, 9.24725525, 9.5183881, 9.77637615, 16.05074345, 52.853195
8.885839749999999, 9.037894000000001, 9.237008, 9.5109476, 9.80820765, 13.804678829999999, 36.893046
8.874137, 9.029652500000001, 9.2377605, 9.5258673, 9.82561, 14.419118759999996, 24.370709
8.889848749999999, 9.0389815, 9.232747, 9.4843954, 9.683768749999999, 10.550526299999996, 22.552578
8.8951675, 9.0501, 9.2539375, 9.5247837, 9.813398549999999, 16.05114234, 24.370709
8.879978000000001, 9.050732499999999, 9.247502, 9.5307191, 9.86007025, 16.060277709999998, 36.893046
8.8790445, 9.028777999999999, 9.238278, 9.5172411, 9.76127315, 13.232364, 52.853195
8.877614, 9.044042000000001, 9.231385, 9.51821, 9.757248950000001, 14.451942559999997, 36.893046
8.88283725, 9.041967, 9.2299605, 9.5091874, 9.767620849999998, 14.910927659999988, 22.552578
8.898546, 9.058703, 9.2634905, 9.547293, 9.81701715, 16.450313339999997, 36.893046
8.88395175, 9.032392000000002, 9.23752975, 9.5025793, 9.73048515, 16.658843, 23.303856
8.886843500000001, 9.0339885, 9.228356250000001, 9.5033402, 9.757533, 14.451942559999997, 52.853195
8.88009525, 9.033114999999999, 9.239815499999999, 9.5110521, 9.8073939, 16.219549039999997, 32.855096
8.891099, 9.0305875, 9.2182015, 9.5059274, 9.740945, 13.920404079999996, 23.303856
8.870942, 9.035910000000001, 9.2220275, 9.4707204, 9.740704299999999, 14.905645829999994, 19.656824
8.89268225, 9.039658, 9.253740500000001, 9.5358245, 9.7768505, 13.740221009999997, 36.893046
8.88418425, 9.044042000000001, 9.2322985, 9.507522, 9.782297250000001, 14.779568679999999, 21.371576
8.882595, 9.044643, 9.23712075, 9.5109476, 9.7412794, 15.267818949999995, 36.893046
8.8861085, 9.047167, 9.244673, 9.538435400000001, 9.767297399999999, 16.05114234, 22.552578
8.90123, 9.051841, 9.24357275, 9.5247151, 9.73995, 15.726185089999996, 22.552578
8.87524375, 9.0402495, 9.23972925, 9.519718000000001, 9.7880168, 10.455816159999989, 52.853195
8.88743275, 9.050276499999999, 9.235771, 9.534028600000001, 9.8129033, 14.60631635, 22.552578
8.894924, 9.049379, 9.26040275, 9.5318397, 9.7723627, 14.41651684, 19.587514
8.88317475, 9.039027, 9.24768725, 9.5284431, 9.792172599999999, 15.576505349999994, 23.303856
8.88757125, 9.0389815, 9.245655249999999, 9.5351789, 9.771748, 13.165980879999996, 32.855096
8.878622, 9.0336485, 9.22241775, 9.4782156, 9.68581205, 10.694825419999995, 52.853195
8.8753085, 9.0513045, 9.237311, 9.5169005, 9.76723305, 16.918881419999998, 24.370709
8.8883005, 9.051482, 9.235739, 9.5073587, 9.734935799999999, 13.48606768, 52.853195
8.88998275, 9.049214, 9.242608, 9.50903, 9.7798149, 14.917008759999982, 32.855096
8.876831500000002, 9.039033499999999, 9.22086825, 9.5045111, 9.7401951, 16.031646959999996, 52.853195
8.89117325, 9.043923, 9.2374805, 9.5076869, 9.75601515, 16.2536, 52.853195
8.87731, 9.035907, 9.24667775, 9.5335005, 9.765037649999998, 15.582627429999988, 32.855096
8.883558, 9.050733000000001, 9.24736475, 9.525053999999999, 9.82168545, 15.266299859999997, 22.552578
8.88449575, 9.038911500000001, 9.243859500000001, 9.5381195, 9.740924999999999, 14.007971759999993, 32.855096
8.8995245, 9.049566, 9.2567845, 9.5211628, 9.757553, 16.222515959999996, 36.893046
8.881700499999999, 9.027177, 9.21268275, 9.497619100000001, 9.70179605, 12.010963289999985, 19.071708
8.883429249999999, 9.040662000000001, 9.23381125, 9.501127499999999, 9.723203199999999, 13.262104499999998, 18.516134
8.88954275, 9.033203, 9.2324215, 9.5010905, 9.68724415, 11.985390689999988, 21.371576
8.889944, 9.0477625, 9.249878, 9.49884, 9.767441999999999, 16.030153, 19.213916
8.890760499999999, 9.042489, 9.225590500000001, 9.5057111, 9.7143503, 13.809690069999993, 52.853195
8.89940875, 9.041991, 9.25043925, 9.482868400000001, 9.7134745, 10.89774579, 52.853195
8.87224, 9.038151, 9.223171749999999, 9.476831500000001, 9.71157495, 13.620834839999997, 20.217992
8.8803205, 9.039851, 9.23812375, 9.486246500000002, 9.798576, 16.89954143, 23.303856
8.887261500000001, 9.041222000000001, 9.23329075, 9.5035319, 9.7695662, 14.679272429999992, 36.893046
8.88386275, 9.038829, 9.23612, 9.5019201, 9.74319465, 16.109242169999998, 21.371576
8.880506, 9.038371000000001, 9.22975125, 9.5095176, 9.7789139, 16.10960347, 23.303856
8.87403175, 9.0354765, 9.22717375, 9.4810906, 9.771558, 14.605052, 22.552578
8.88835975, 9.0451055, 9.24073125, 9.533691600000001, 9.7719747, 14.39209222, 19.645042
8.8911455, 9.051902, 9.26667325, 9.538259, 9.8391935, 13.487804739999998, 32.855096
8.88722275, 9.048778500000001, 9.23690875, 9.5242863, 9.73579945, 11.260672849999995, 21.371576
8.896304, 9.0437025, 9.248997750000001, 9.472621300000002, 9.71054225, 10.454727949999999, 17.516372
8.89835825, 9.047381000000001, 9.25236375, 9.548589, 9.800049, 14.432891989999998, 36.893046
8.874651, 9.0350915, 9.243473250000001, 9.5322063, 9.8182248, 11.134839079999999, 36.893046
8.89088375, 9.043511, 9.246740500000001, 9.507894, 9.77482665, 14.79156533999999, 21.371576
8.893446, 9.040762999999998, 9.2534805, 9.552897, 9.80268815, 14.910927659999988, 23.303856
8.878622, 9.0253275, 9.2317645, 9.5176874, 9.817646, 15.573435339999996, 19.587514
8.8890945, 9.040527, 9.262429000000001, 9.5210084, 9.7580783, 14.004976779999996, 22.552578
8.8963645, 9.0452565, 9.26094, 9.531997, 9.7950131, 14.108248329999997, 24.370709
8.877064, 9.0493115, 9.24810075, 9.566491200000002, 9.807367, 17.06510088, 23.303856
8.885949, 9.049049, 9.2376805, 9.5076869, 9.718088, 13.743088119999994, 32.855096
8.880044, 9.030104999999999, 9.2316055, 9.4743628, 9.764308549999999, 13.234894149999999, 24.370709
8.881794, 9.0437555, 9.24410425, 9.4912507, 9.779460899999998, 16.030153, 36.893046
8.88874425, 9.0463165, 9.249953000000001, 9.56354, 9.8359255, 16.664278169999996, 52.853195
8.878311499999999, 9.0399065, 9.23353725, 9.4942507, 9.76591105, 13.165980879999996, 20.217992
8.78408125, 9.042459, 10.226674, 11.66043, 12.496195, 15.537158, 26.889073
8.7835005, 9.0391565, 10.18853725, 11.5957005, 12.439804650000001, 14.938567590000002, 26.889073
8.633556500000001, 9.091334, 10.7236305, 12.424528800000001, 13.916690449999997, 17.79440210000001, 38.404747
8.647295, 9.110686, 10.784825, 12.382462, 14.06423934999999, 18.59885138000003, 38.813544
8.6476755, 9.140916, 10.77557975, 12.413431, 14.009579149999999, 17.28912236000002, 34.462112
9.115609, 11.289213499999999, 14.1054395, 17.443262, 20.004899, 26.311127, 44.22794
9.137866, 11.2339335, 14.107129, 17.379265, 20.029985249999985, 25.259970960000018, 39.815707
9.09603875, 11.139126, 14.0027695, 17.321316600000003, 19.691119299999986, 25.791337, 44.22794
9.098528, 11.281358, 14.116573, 17.42958, 19.937328999999977, 25.187291100000035, 44.22794
9.129629, 11.232049, 14.036263, 17.523522500000006, 20.085503799999998, 26.508652, 44.22794
9.104581, 11.264158, 14.19012525, 17.3253798, 19.78262984999999, 25.872138, 40.625286
9.119095, 11.26294, 14.104936, 17.418904200000004, 19.991815, 25.398104, 44.22794
9.11931875, 11.231691999999999, 14.06563125, 17.466592, 19.75461784999998, 25.268505750000013, 40.625286
9.12360075, 11.257548, 14.123252, 17.49623, 20.088730049999995, 25.907049, 44.22794
9.092833500000001, 11.2038015, 14.02487925, 17.2894733, 19.9153104, 25.56984564000001, 44.22794
9.113951, 11.2704865, 14.157047, 17.361573, 20.028886, 27.176323, 44.22794
9.148971, 11.261879, 13.993700749999999, 17.2312964, 19.690333, 26.655765, 44.22794
9.11456175, 11.242004, 14.055484, 17.266104500000004, 19.612658799999974, 25.19979824000001, 40.625286
9.060858, 11.128159, 13.9426645, 17.366065600000002, 19.99185975, 25.786771, 44.22794
9.11499125, 11.2881515, 14.150048250000001, 17.5587109, 20.1550829, 26.124527060000016, 44.22794
9.122391749999998, 11.207573, 14.016311250000001, 17.321376, 19.797917, 26.312623880000032, 40.625286
9.119161, 11.264244, 14.036263, 17.276179, 19.905304549999993, 25.400193340000044, 44.22794
9.11813825, 11.2343785, 14.169536749999999, 17.5414858, 20.132466, 25.872567300000007, 44.22794
9.136063, 11.251128, 14.104765, 17.3253798, 19.9729156, 26.124527060000016, 44.22794
9.09992825, 11.207168, 14.14832475, 17.316394, 19.673939599999994, 25.386005, 44.22794
9.122391749999998, 11.226488, 13.962396, 17.111917, 19.529281, 25.269024620000025, 44.22794
9.141293, 11.207168, 13.953446, 17.2578071, 19.690333, 25.569375, 44.22794
9.118879999999999, 11.244737, 14.064804, 17.361573, 19.781006, 25.677274, 39.815707
9.069446, 11.1726905, 13.891495749999999, 17.197876800000003, 19.75461784999998, 25.100455, 37.948082
9.14903275, 11.289832, 14.0182195, 17.3166235, 19.797917, 25.569375, 44.22794
9.081234, 11.20522, 13.94980125, 17.249226300000004, 19.675714, 25.46558043000002, 44.22794
9.09220975, 11.199526, 14.095957, 17.360077, 19.878328, 26.124527060000016, 44.22794
9.12527175, 11.332106, 14.190642, 17.394561, 19.972802, 26.123703, 44.22794
9.107936, 11.310586, 14.235703, 17.625855800000004, 19.917179149999992, 25.01977411000004, 40.625286
9.1220235, 11.249509, 14.140989000000001, 17.69669, 20.059199949999993, 25.616439, 44.22794
9.115342, 11.249509, 14.043998, 17.379265, 19.897960549999997, 26.46131893000001, 40.625286
9.15604925, 11.285653, 14.181481, 17.32842120000001, 19.599669949999996, 25.616439, 44.22794
9.115799, 11.251939, 14.060741, 17.2746004, 19.89759, 25.33463687000001, 44.22794
9.13091675, 11.256453, 14.08681475, 17.491437, 20.072426, 25.908130130000025, 44.22794
9.077781250000001, 11.207549499999999, 14.022907, 17.304474, 19.79712755, 25.678368970000026, 44.22794
9.11546275, 11.260583, 14.104936, 17.2921994, 19.862456, 24.93033449000002, 40.625286
9.114482, 11.246008, 13.954868000000001, 17.2652033, 19.651339, 25.907049, 44.22794
9.106535, 11.257548, 14.0116885, 17.3518176, 19.966737199999997, 26.226208, 44.22794
9.0867175, 11.181635, 13.958719, 17.360529200000002, 19.975074, 25.46595706000003, 44.22794
9.097933, 11.16496, 13.998535, 17.381132300000004, 19.99331944999999, 25.616439, 44.22794
9.099187, 11.191905, 14.096689, 17.568287, 20.019651849999995, 26.461121710000008, 44.22794
9.099244, 11.2281035, 13.958719, 17.182458000000004, 19.666696, 25.398768280000013, 44.22794
9.11813825, 11.2865505, 14.078547749999998, 17.430050800000004, 20.004899, 26.508652, 44.22794
9.12907075, 11.266485, 13.98593425, 17.2921994, 19.541624249999995, 25.678368970000026, 44.22794
9.104823, 11.2523585, 14.113253, 17.439015, 19.99331944999999, 26.531374, 44.22794
9.117934250000001, 11.2486315, 14.096689, 17.434288, 19.927697349999995, 25.259222, 44.22794
9.105165, 11.24558, 14.010133, 17.2851811, 19.70666289999999, 25.334118, 44.22794
9.10763825, 11.207654, 14.084987, 17.405764, 19.89847249999999, 25.259222, 39.815707
9.122391749999998, 11.2889255, 14.247022, 17.5123147, 20.257451, 25.677274, 40.625286
10.167639000000001, 12.7720715, 16.703239500000002, 21.264352, 24.065157, 30.29279949, 43.791491
10.191428250000001, 12.825892, 16.721091, 21.238, 23.8564547, 29.904429, 40.498626
10.141699, 12.873311000000001, 16.58667, 21.059429, 24.081938, 30.585735, 43.791491
10.103084, 12.739962, 16.556195, 20.965500600000002, 23.86051819999997, 30.20235486000002, 40.498626
10.181252500000001, 12.805765999999998, 16.580239, 20.975632, 23.993624, 29.90537788000002, 40.498626
8.785015, 9.049898, 10.217979, 11.625699, 12.3850772, 14.96492, 120.56887833936835
8.833693, 9.020776, 9.38299775, 10.940015500000001, 11.849121, 14.134977799999955, 37.448702
8.83169, 9.015033, 9.365381, 10.8591005, 11.72061315, 13.97964285, 37.448702
8.862543, 8.99982, 9.175059, 9.458287, 10.013454, 12.048048670000002, 37.448702
8.869183, 9.00448, 9.176826, 9.437264, 9.916090949999997, 11.99360294, 37.448702
8.868323, 9.002317, 9.17694125, 9.431237, 9.86051, 11.913174, 37.448702
8.864476, 9.002021500000001, 9.185161, 9.4655506, 10.004442, 12.003135780000001, 37.448702
8.865207, 9.0029145, 9.18139, 9.4449875, 9.940905, 12.070419, 37.448702
8.864496249999998, 9.003303, 9.18344075, 9.460509, 10.061537799999996, 12.328172, 37.448702
8.864143, 9.002467, 9.173419, 9.4545219, 9.941171549999996, 11.99360294, 35.734803
8.868461, 9.003879, 9.178972, 9.4495739, 10.018997, 11.913264410000002, 37.448702
8.86622, 9.002618, 9.174539000000001, 9.465519, 10.00536, 12.277897, 37.448702
8.8785405, 9.0214505, 9.215226, 9.49414, 9.777817899999999, 12.258383670000025, 52.853195
8.871119, 9.023403, 9.22022675, 9.5062459, 9.84894995, 12.423773780000007, 52.853195
8.87811975, 9.0196775, 9.211822, 9.477622, 9.783309899999999, 12.330639480000004, 35.734803
8.87507625, 9.024978, 9.21315, 9.468006, 9.77823035, 11.939164300000012, 36.893046
8.869612, 9.0038935, 9.1768405, 9.434443, 9.879181, 11.839379, 37.448702
8.863874, 8.996363, 9.173733, 9.4545219, 9.956335899999997, 11.993545, 37.448702
8.868058750000001, 9.00448, 9.1768895, 9.4505011, 9.930965, 11.897877, 37.448702
8.868221, 9.002301, 9.175001, 9.440294, 9.929366, 11.87444791, 37.448702
8.86416, 9.003607, 9.176531, 9.455518, 9.97255, 12.007767, 37.448702
8.8695935, 9.005091499999999, 9.18074925, 9.45891, 10.013892, 12.007767, 37.448702
8.830983, 9.014043999999998, 9.358252, 10.8551553, 11.7617, 13.653467109999912, 37.448702
8.8312005, 9.013477, 9.358747, 10.8591005, 11.7800107, 13.76228128999998, 37.448702
8.833505, 9.014475000000001, 9.36281825, 10.871102500000001, 11.74659035, 13.807219189999929, 35.487972
8.83649575, 9.020980999999999, 9.36724975, 10.8379455, 11.75006, 13.942673719999961, 37.448702
8.829852, 9.01462, 9.35868, 10.8379455, 11.780220399999997, 14.054385209999996, 37.448702
8.836095, 9.02102, 9.3870185, 10.861652399999999, 11.767272, 13.96692616999998, 37.448702
8.830325499999999, 9.018471, 9.378959, 10.8616665, 11.8318406, 14.121396799999982, 37.448702
8.835158, 9.017765, 9.3799285, 10.891831, 11.7848811, 14.163440879999957, 37.448702
8.827558, 9.0076025, 9.361802749999999, 10.882844, 11.74909775, 13.74974095999996, 37.448702
8.834995, 9.018226, 9.378601, 10.898198599999999, 11.750124099999999, 13.762149, 37.448702
8.8306225, 9.016846, 9.388099, 10.872322900000002, 11.780594, 13.640877579999977, 37.448702
8.789892, 9.050433, 10.212492, 11.609365, 12.375398, 14.944267119999985, 26.889073
8.78703, 9.050419, 10.201259, 11.643211, 12.436106, 14.902097389999952, 26.889073
8.78982725, 9.053013, 10.217139750000001, 11.653620400000003, 12.421150299999999, 14.831956519999933, 26.889073
8.731009, 9.089676, 10.54654875, 12.067157, 13.216864, 16.844744, 34.408771
8.724042, 9.066462, 10.51315175, 12.022355, 13.266603899999998, 16.84357949999994, 38.813544
8.726865, 9.069224, 10.503479, 12.025693, 13.206432, 16.703847219999986, 38.813544
8.648023, 9.146244, 10.8181355, 12.480071, 14.040769899999987, 17.8129, 38.813544
8.647008, 9.147789, 10.831342, 12.482777, 14.078328, 17.844781119999954, 38.813544
8.783054, 9.954105, 12.30847, 15.503710300000003, 17.859471499999998, 23.328235, 44.22794
8.766435, 9.885016, 12.246518, 15.536901, 17.82154205, 23.544632769999982, 40.625286
8.781349, 9.9620465, 12.352008249999999, 15.493468900000003, 17.795765, 23.941805, 44.22794
8.774582, 9.9362055, 12.325185999999999, 15.602837, 17.908389, 23.896816429999927, 44.22794
8.78449325, 9.950845, 12.320116, 15.511645, 17.844506, 23.23759482999992, 44.22794
8.78884, 9.975946, 12.332439, 15.493363, 17.82154205, 23.837696, 44.22794
8.64477, 9.135712, 10.817235, 12.430775, 14.0132506, 17.8129, 38.813544
8.64409775, 9.119646, 10.816158, 12.436356, 13.974307, 17.644383, 38.813544
8.647682, 9.126235, 10.807386, 12.423710600000001, 14.015086, 17.844506, 38.813544
8.725249250000001, 9.0666765, 10.512318, 11.971396, 13.06856, 16.604807, 38.404747
8.73099375, 9.082478, 10.53429425, 12.02847960000001, 13.185148, 16.571005939999992, 38.813544
8.728245, 9.0732395, 10.5425985, 12.064682900000006, 13.223172649999992, 16.615755, 38.813544
8.7265845, 9.065472, 10.513517, 12.015427200000001, 13.087696, 16.44306211999991, 38.813544
8.726929, 9.07647, 10.539902, 12.050909200000001, 13.157196249999998, 16.468585, 38.813544
8.726995, 9.067714, 10.512645, 11.9781782, 13.11224035, 16.593917, 38.813544
8.7254, 9.072232, 10.54021025, 12.011501400000007, 13.189383, 16.395060179999923, 38.813544
8.728453, 9.091667, 10.53097, 11.974232200000003, 13.108789, 16.468585, 38.404747
8.72647775, 9.072685499999999, 10.509230500000001, 11.974972000000003, 13.157059, 16.711789, 38.404747
8.730581, 9.071424, 10.525822, 12.042906300000002, 13.185148, 16.60573268, 38.813544
8.726929, 9.0733585, 10.53136175, 12.008045500000001, 13.169687, 16.711789, 38.813544
8.73061, 9.081026, 10.5325545, 12.033137, 13.177002, 16.499532399999886, 38.404747
8.73309725, 9.082611, 10.526525, 11.931992300000003, 13.163769, 16.39532103999988, 38.813544
8.72793375, 9.065231, 10.503684, 11.973583, 13.122905, 16.385237379999985, 38.813544
8.7221705, 9.073132, 10.52081875, 12.025693, 13.112988, 16.393789, 38.404747
8.73066, 9.067575, 10.51938225, 12.0148483, 13.209042, 16.57689691999997, 38.813544
8.731171, 9.080095499999999, 10.5156605, 11.998386, 13.089843, 16.385151, 38.813544
8.724632, 9.075566, 10.51315175, 11.951527, 13.120273399999999, 16.594035109999982, 38.404747
8.730782, 9.080231999999999, 10.525822, 12.040927, 13.212015, 16.704564329999872, 38.404747
8.73406725, 9.082310499999998, 10.529058249999999, 12.023507500000001, 13.160002249999996, 16.644732, 38.813544
8.72423075, 9.0677755, 10.500696000000001, 12.001404, 13.156387799999997, 16.35054475999998, 38.813544
8.729715, 9.070425499999999, 10.50447975, 11.9812863, 13.108556, 16.60573268, 38.813544
8.72503775, 9.0678235, 10.526525, 12.015427200000001, 13.185883849999989, 16.570951, 38.813544
8.7312985, 9.0847575, 10.521886, 11.983886200000002, 13.117615, 16.384466169999985, 34.462112
8.727632499999999, 9.080855, 10.5012765, 12.006176200000002, 13.068909799999995, 16.605728, 38.813544
8.731009, 9.083755, 10.52922075, 12.008045500000001, 13.163769, 16.60573268, 38.404747
8.726977000000002, 9.072676, 10.508875, 12.037206300000005, 13.221560499999999, 16.821759959999987, 38.813544
8.732676999999999, 9.08048, 10.503292, 11.976025, 13.179254, 16.606225819999995, 38.813544
8.724899, 9.05268, 10.486332749999999, 11.978243, 13.169687, 16.712506109999886, 38.813544
8.731261, 9.084214, 10.537345, 12.042797, 13.212374299999993, 16.60924376999999, 38.404747
8.649245, 9.1191615, 10.812846, 12.45322, 14.076976, 17.937063769999963, 38.813544
8.644519, 9.1191615, 10.7744485, 12.429064, 13.967338, 17.644383, 38.813544
8.646315, 9.137233, 10.801736, 12.429754400000002, 14.0132506, 17.844506, 38.813544
8.65276425, 9.146333, 10.831342, 12.480071, 14.066505, 17.786971, 38.813544
8.646315, 9.129782, 10.802873, 12.426230200000001, 14.062294, 17.844506, 38.813544
8.64766575, 9.142989, 10.801449, 12.426230200000001, 14.059407, 17.793979169999986, 38.813544
8.6474265, 9.1341515, 10.794662, 12.429064, 13.96309, 17.786071, 38.404747
8.649837, 9.130221, 10.809144, 12.442949700000003, 14.099284, 17.793896, 38.813544
8.646338, 9.111086499999999, 10.802425, 12.420562800000008, 13.994813, 17.708369, 38.813544
8.64921075, 9.146017, 10.821458, 12.439813, 14.027404, 17.802213, 38.813544
8.652805, 9.160809, 10.824965, 12.447581, 14.06189, 17.888042, 38.813544
8.647149500000001, 9.120355, 10.803728, 12.418864, 13.994813, 17.793979169999986, 38.813544
8.64477, 9.1286245, 10.801449, 12.444252, 13.984007949999995, 17.629572, 38.813544
8.650421, 9.135331, 10.8355545, 12.498776, 14.059531149999998, 17.844506, 38.813544
8.7229895, 9.0702695, 10.528427, 12.016154400000005, 13.169048, 16.80240376999997, 38.813544
8.728764, 9.081499, 10.519340249999999, 11.992821, 13.206432, 16.620502, 38.404747
8.727994, 9.076734, 10.526465, 12.015915, 13.257823, 16.843217, 38.813544
8.7240575, 9.067575, 10.50112925, 12.030500100000005, 13.252541, 16.879467, 38.813544
8.72689175, 9.0702695, 10.50544475, 11.943064, 13.104661949999997, 16.570951, 38.813544
8.724144, 9.068683, 10.497791249999999, 11.976239700000004, 13.02354, 16.36108912999997, 38.813544
8.725728, 9.0694905, 10.508676, 11.964613, 13.068909799999995, 16.974326189999957, 38.813544
8.731435, 9.08048, 10.509657, 12.0147414, 13.117860399999998, 16.468585, 38.813544
8.73113275, 9.082917, 10.551850250000001, 12.033137, 13.252864749999995, 16.60573268, 38.813544
8.73133425, 9.071783, 10.53097, 12.04389, 13.212015, 16.902898, 38.404747
8.728526, 9.070136999999999, 10.515956, 11.974163, 13.077740299999997, 16.393789, 38.813544
8.730037, 9.070507, 10.4974415, 12.007434, 13.108959599999997, 16.593917, 38.813544
8.72970475, 9.078226, 10.550321, 12.027377000000001, 13.157059, 16.604807, 38.813544
8.72536825, 9.073125999999998, 10.526525, 11.986512, 13.139181, 16.606225819999995, 38.813544
8.728453, 9.067714, 10.530565, 12.001404, 13.185883849999989, 16.395060179999923, 38.813544
8.725315, 9.070328, 10.516906, 12.0074853, 13.259494, 16.829238619999973, 38.404747
8.73049575, 9.076596, 10.522628000000001, 11.98102, 13.132643449999998, 16.348599589999996, 38.813544
8.727994, 9.068407, 10.526137, 12.034735, 13.162858, 16.468887259999953, 38.404747
8.7254, 9.070447999999999, 10.5425985, 12.015915, 13.15082835, 16.844744, 38.813544
8.646338, 9.141965, 10.802425, 12.434019, 14.070717, 17.8129, 38.813544
8.64897175, 9.140916, 10.833083, 12.402768, 13.957298149999998, 17.844506, 38.813544
8.77936775, 9.950419, 12.34116375, 15.588050100000006, 17.863091, 23.83828265999991, 44.22794
8.774518, 9.914875, 12.255675, 15.425307700000005, 17.681459, 23.313008, 44.22794
8.77202, 9.9190445, 12.267156, 15.488115, 17.802213, 23.313008, 44.22794
8.77077025, 9.956398499999999, 12.373029, 15.464343, 17.743503, 23.684487830000002, 44.22794
8.778249, 9.955218, 12.28721825, 15.516032, 17.8445154, 23.328235, 44.22794
8.773042, 9.927063, 12.2573395, 15.486467, 17.810287499999998, 23.328235, 44.22794
8.780913, 9.949185, 12.30958, 15.468105, 17.75720585, 23.17472840999998, 44.22794
8.775352, 9.920703, 12.267156, 15.4082664, 17.663793, 23.164686789999998, 44.22794
8.644519, 9.118738, 10.80250575, 12.423710600000001, 14.027404, 17.703598, 38.813544
8.649238, 9.129338, 10.772138, 12.419637, 13.994813, 17.786071, 38.813544
8.64909, 9.112278, 10.783959, 12.367258, 13.931125, 17.708369, 38.813544
8.642829, 9.101549, 10.79523075, 12.394576, 13.957298149999998, 17.703645709999993, 38.813544
8.646682, 9.122739, 10.803248, 12.396406, 13.931310749999996, 17.872018, 38.813544
8.643933, 9.126939, 10.770419, 12.411373, 13.994813, 17.793896, 38.813544
8.6467705, 9.1131685, 10.807386, 12.453529, 13.994813, 17.793896, 38.813544
8.644217, 9.136702, 10.830662, 12.434019, 14.015086, 17.844506, 38.813544
8.649588, 9.134672, 10.784076, 12.420562800000008, 14.009391, 17.547577, 38.813544
8.646315, 9.128411, 10.802425, 12.419637, 13.964127, 17.699605, 38.813544
8.6459585, 9.119783, 10.803248, 12.402618, 13.960113, 17.888042, 38.813544
8.652534, 9.141108, 10.811768, 12.426273, 14.034355, 17.708369, 38.813544
8.647156, 9.127385, 10.813056, 12.462111, 14.09346615, 17.802213, 38.813544
8.645282, 9.12137, 10.792807, 12.42623, 13.983646, 17.708369, 38.813544
8.647008, 9.118092, 10.776479, 12.419637, 13.961266, 17.793979169999986, 38.813544
8.6468, 9.1283675, 10.826103250000001, 12.469538, 14.09337, 17.703598, 38.813544
8.647641, 9.1377375, 10.784076, 12.442805, 14.059407, 17.786971, 38.813544
8.643998, 9.134672, 10.810196000000001, 12.449230300000009, 14.062389, 17.8129, 38.813544
8.731173, 9.070010499999999, 10.494682749999999, 11.931992300000003, 13.097641699999993, 16.571005939999992, 38.813544
8.7265145, 9.067466, 10.528691, 11.98441, 13.138524, 16.594035109999982, 38.813544
8.727053, 9.066206, 10.511765, 12.007434, 13.170052749999995, 16.932764099999932, 38.813544
8.786566749999999, 9.064582, 10.225465, 11.650524, 12.465433, 15.239759, 26.889073
8.784007, 9.053013, 10.265049, 11.663426, 12.469874149999999, 14.953992379999983, 26.889073
8.78691, 9.055901, 10.24796125, 11.661097900000001, 12.474753, 14.96523062999995, 26.889073
8.787855, 9.053267, 10.22807875, 11.654684, 12.496195, 15.054648079999936, 26.889073
8.833710250000001, 9.016261, 9.365298500000002, 10.9078123, 11.80907285, 14.006010929999974, 37.448702
8.83097375, 9.016861, 9.38381375, 10.8905743, 11.809028, 13.892522029999954, 37.448702
8.832752, 9.014931, 9.366517, 10.8686225, 11.764418249999999, 13.86548, 37.448702
8.83555425, 9.017683, 9.370238500000001, 10.874107799999999, 11.760271949999998, 13.942673719999961, 37.448702
8.829852, 9.016223, 9.376106, 10.8790035, 11.772452899999998, 14.190856459999857, 37.448702
8.830946, 9.013791, 9.364311, 10.8585342, 11.745456, 14.006010929999974, 37.448702
8.83478, 9.019095, 9.38246125, 10.893938700000001, 11.831821, 13.865747619999956, 35.734803
8.832172, 9.015692, 9.37869825, 10.841444200000002, 11.761705249999999, 14.042294, 37.448702
8.83524, 9.017119, 9.36795225, 10.870355, 11.80116, 13.942673719999961, 37.448702
8.83898125, 9.020831999999999, 9.3998, 10.930094, 11.804875349999993, 14.006010929999974, 37.448702
8.831582, 9.016050499999999, 9.36541575, 10.861619, 11.794418, 14.022834, 35.330604
8.83493, 9.0193165, 9.3904935, 10.952935, 11.80116, 13.80732958999991, 35.734803
8.832809, 9.018195, 9.366718, 10.800854900000001, 11.688313999999997, 13.76228128999998, 37.448702
8.83193775, 9.0160615, 9.365269, 10.8460413, 11.738938049999994, 13.731675429999973, 37.448702
8.786217, 9.051341, 10.220941, 11.663583, 12.47708879999999, 14.932686829999989, 26.889073
8.790431, 9.057212, 10.2296485, 11.648901, 12.451222, 14.815179, 19.563106
8.784399, 9.0505645, 10.223942, 11.643211, 12.412934, 14.822824, 26.889073
8.7890565, 9.055464, 10.220221, 11.64915, 12.440311, 14.873968019999955, 26.889073
8.783204, 9.048185, 10.185552, 11.587576900000006, 12.3959, 14.757332509999959, 26.889073
8.78462075, 9.052158, 10.220941, 11.652477600000003, 12.449978949999997, 14.831956519999933, 26.889073
8.786515, 9.058963, 10.25528425, 11.671043, 12.496195, 14.938511, 26.889073
8.782578, 9.048317, 10.236745, 11.646801, 12.454847699999995, 14.831956519999933, 26.889073
8.788515, 9.069738999999998, 10.262115, 11.648901, 12.47130655, 14.824984, 26.889073
8.78473325, 9.056102, 10.248229, 11.653518, 12.454847699999995, 14.96492, 26.889073
8.78904, 9.058169, 10.248229, 11.673618, 12.496195, 15.049793, 26.889073
8.7285845, 9.072232, 10.51617925, 12.019512, 13.179548699999996, 16.606196, 38.813544
8.728526, 9.081327000000002, 10.5388, 12.055365400000003, 13.206432, 16.593917, 38.813544
8.73358825, 9.089109, 10.563982, 12.021891300000002, 13.212015, 16.604807, 38.813544
8.73109375, 9.075603, 10.52685975, 12.01479, 13.159804, 16.378229, 38.404747
8.730581, 9.078226, 10.5060475, 12.030261, 13.157196249999998, 16.680998979999966, 38.813544
8.727666, 9.078226, 10.53097, 12.0148483, 13.219255149999999, 16.680769, 38.813544
8.72240675, 9.0670465, 10.465558, 11.931367300000002, 12.9500678, 16.35044, 38.404747
8.724833, 9.072693999999998, 10.50339, 11.984916400000003, 13.096827, 16.499532399999886, 38.813544
8.644595500000001, 9.1328155, 10.802748, 12.396406, 13.95715, 17.699605, 38.813544
8.646909, 9.126562, 10.8042355, 12.458397, 14.070717, 17.538447, 38.813544
8.649533, 9.118227, 10.801736, 12.436074, 13.964287549999996, 17.793896, 38.813544
8.64713, 9.129782, 10.803248, 12.436356, 14.059407, 17.786071, 38.813544
8.647442, 9.133437, 10.802391, 12.429121700000001, 14.057811, 17.69964492999999, 38.813544
8.6476805, 9.140528, 10.84455, 12.469538, 14.079938, 17.78704024999999, 38.813544
8.64317725, 9.116567, 10.791028, 12.426232, 14.062294, 17.699605, 38.813544
8.643581, 9.124901, 10.783518, 12.430775, 13.963141849999998, 17.61197375999997, 38.813544
8.647925, 9.136702, 10.820243, 12.498776, 14.059407, 17.793896, 38.813544
8.643625, 9.1088585, 10.784825, 12.394576, 13.983646, 17.78704024999999, 38.813544
8.647442, 9.129782, 10.82114, 12.408338200000008, 14.07062675, 18.052882, 38.813544
8.6495745, 9.141965, 10.805758, 12.434019, 13.994813, 17.786971, 38.813544
8.647674, 9.133789, 10.809276, 12.456485, 14.027751549999996, 17.703598, 38.813544
8.649318, 9.142981, 10.816158, 12.474206500000001, 14.099570599999996, 17.8129, 38.813544
8.646259, 9.12794, 10.809672, 12.426230200000001, 14.013154, 17.8129, 38.813544
8.65550775, 9.150252, 10.82188975, 12.442805, 14.066505, 17.802213, 38.813544
8.64791425, 9.128411, 10.794662, 12.426232, 14.063569, 17.8129, 38.813544
8.651396, 9.12137, 10.796022, 12.426093, 13.967338, 17.78704024999999, 38.813544
8.64698325, 9.141965, 10.799901, 12.419637, 14.027404, 17.793979169999986, 38.813544
8.6468, 9.128132, 10.823630000000001, 12.423639, 13.99554189999999, 17.793896, 38.813544
8.647641, 9.117625499999999, 10.788376, 12.423639, 14.034355, 17.69964492999999, 38.813544
8.647149500000001, 9.129338, 10.820243, 12.481478300000003, 14.105016, 17.936827, 38.813544
8.645996, 9.1183175, 10.78818, 12.423710600000001, 13.991081399999997, 17.629572, 38.813544
8.647674, 9.127029, 10.787559, 12.407502, 14.059407, 17.802213, 38.813544
8.648023, 9.119783, 10.783371, 12.419637, 14.039873, 17.699605, 38.813544
8.648023, 9.134672, 10.803248, 12.442805, 13.967338, 17.703598, 38.813544
8.729494249999998, 9.082391, 10.4987135, 11.978243, 13.123117, 16.605762499999994, 38.813544
8.724235, 9.0668065, 10.50157775, 11.986512, 13.11222765, 16.38437187, 38.813544
8.72694, 9.076353000000001, 10.54133075, 12.04389, 13.120292499999998, 16.37829034999999, 38.813544
8.730203, 9.082926, 10.530356, 12.056833500000009, 13.266672, 16.576445, 38.813544
8.72963725, 9.074949, 10.4942695, 11.992927000000002, 13.185359749999996, 16.604807, 38.813544
8.73022925, 9.070371999999999, 10.514871, 11.962950500000002, 13.122915599999999, 16.393789, 38.813544
8.7262025, 9.0744545, 10.509230500000001, 11.974349200000004, 13.122905, 16.615886, 38.813544
8.724144, 9.064143, 10.498612, 11.9812863, 13.1121564, 16.46960865999984, 38.813544
8.790314, 9.053535, 10.190331, 11.64915, 12.44381295, 14.938511, 26.889073
8.78856, 9.053068, 10.212492, 11.646801, 12.472246899999998, 15.021127, 26.889073
8.785696000000002, 9.057212, 10.209485, 11.63261, 12.424741, 14.822845599999997, 26.889073
8.78472625, 9.054419, 10.2315195, 11.659932, 12.47951589999999, 15.093761, 26.889073
8.786217, 9.0499085, 10.225465, 11.643486600000006, 12.457105, 15.027702, 26.889073
8.781711, 9.044462, 10.212233, 11.63261, 12.444613699999996, 14.831535, 26.889073
8.786515, 9.065575, 10.24093625, 11.642031, 12.426091, 14.96548206999991, 26.889073
8.784022, 9.051, 10.212233, 11.628930600000007, 12.426091, 14.932628, 26.889073
8.790575, 9.050426, 10.210096, 11.628587, 12.426591749999993, 14.741543, 26.889073
8.783858, 9.058028, 10.233637, 11.655011400000006, 12.423094, 14.932628, 26.889073
8.785015, 9.0536925, 10.223743, 11.654684, 12.490799999999998, 14.953992379999983, 26.889073
8.786701749999999, 9.05885, 10.233637, 11.6173565, 12.3847474, 14.901789, 26.889073
8.784188, 9.048156500000001, 10.2183605, 11.671818, 12.478849, 15.054253, 26.889073
8.785227, 9.048960000000001, 10.190331, 11.625699, 12.397371, 14.801244799999996, 26.889073
8.647674, 9.129088, 10.83277, 12.4741425, 14.124520799999999, 18.188937, 38.813544
8.652642, 9.1446595, 10.797017, 12.424355, 13.994813, 17.547577, 38.813544
8.646164, 9.128411, 10.817235, 12.429064, 14.040769899999987, 17.802213, 38.813544
8.647676, 9.130221, 10.813056, 12.498776, 14.113835, 17.8129, 38.813544
8.64897175, 9.142989, 10.788229000000001, 12.418864, 14.009391, 17.844506, 38.813544
8.644449250000001, 9.113959, 10.78818, 12.426232, 13.994813, 17.786971, 38.813544
8.645996, 9.147789, 10.821458, 12.420221, 13.983646, 17.793896, 38.813544
8.730508, 9.078375, 10.511546, 11.974232200000003, 13.122542099999999, 16.385151, 38.813544
8.726526, 9.071424, 10.528557, 12.016211100000007, 13.169687, 16.571005939999992, 38.404747
8.727532, 9.074600499999999, 10.51743675, 11.9782349, 13.150815, 16.468887259999953, 38.813544
8.72719, 9.082611, 10.537502, 12.034958700000004, 13.212015, 16.606225819999995, 38.813544
8.73060975, 9.078853500000001, 10.50404, 11.964702, 13.159804, 16.30667933999998, 38.813544
8.72537875, 9.06997, 10.522628000000001, 11.962826, 13.090192199999995, 16.378229, 38.813544
8.725472499999999, 9.073796000000002, 10.530565, 12.022355, 13.216741, 16.703767, 38.813544
8.72461575, 9.068219, 10.510521749999999, 12.01479, 13.16907995, 16.62074429999996, 38.813544
8.7300895, 9.074600499999999, 10.523224, 12.001404, 13.13855685, 16.468887259999953, 38.813544
8.724888, 9.067917, 10.505337, 11.9723777, 13.06856, 16.712506109999886, 38.813544
8.73002975, 9.077236, 10.50131725, 11.980449400000001, 13.169759249999998, 16.712506109999886, 38.813544
8.724531, 9.0744545, 10.523224, 12.050788, 13.204716, 16.385237379999985, 38.813544
8.726931, 9.081262500000001, 10.520389, 12.041118, 13.171132, 16.44275985999996, 38.813544
8.730609, 9.080095499999999, 10.5198775, 11.971396, 13.052535, 16.604807, 38.813544
8.726211, 9.0732395, 10.511765, 11.982979000000004, 13.199865, 16.60573268, 38.813544
8.72719, 9.083861, 10.501673, 12.008045500000001, 13.151043699999997, 16.498811, 38.404747
8.7252665, 9.066931499999999, 10.520389, 12.025693, 13.13855685, 16.348599589999996, 38.813544
8.7254, 9.0774845, 10.528427, 12.034958700000004, 13.150732, 16.571005939999992, 38.813544
8.7306595, 9.082917, 10.524649, 12.027377000000001, 13.108789, 16.35044, 38.813544
8.72448575, 9.053535, 10.513517, 12.018940800000001, 13.156208, 16.802209, 38.813544
8.724558, 9.069364, 10.53097, 12.073549, 13.2520337, 16.64532234999991, 38.404747
8.728517, 9.074949, 10.493833, 11.978343400000004, 13.063738, 16.394581, 38.813544
8.732488, 9.089133499999999, 10.529152, 12.041515, 13.177114599999998, 16.604807, 38.813544
8.726931, 9.0752575, 10.519539, 12.0407452, 13.171542549999996, 16.468585, 38.404747
8.73060975, 9.0687465, 10.50805325, 12.019524, 13.156208, 16.319874, 38.813544
8.728749, 9.0769705, 10.511817, 11.972483, 13.025374149999998, 16.348581, 38.813544
8.725084, 9.053467, 10.493479749999999, 12.001404, 13.117741999999998, 16.394276099999924, 38.813544
8.72503775, 9.053267, 10.498602, 11.983828, 13.238017, 16.615755, 38.813544
8.72719, 9.065702000000002, 10.52081875, 11.997607500000003, 13.164064899999996, 16.39379692, 38.813544
8.7306595, 9.088086, 10.503411, 11.980386, 13.097258, 16.604807, 38.813544
8.72874, 9.0699155, 10.497322, 11.933182900000002, 12.980211999999996, 16.645092369999944, 38.813544
8.72684225, 9.074600499999999, 10.50625225, 11.970167100000003, 13.138524, 16.593917, 38.813544
8.732067, 9.07647, 10.5325545, 12.042076800000004, 13.276408, 16.576725, 38.813544
8.7304955, 9.073796000000002, 10.529027, 12.019512, 13.1605324, 16.395060179999923, 38.813544
8.730393249999999, 9.0810905, 10.52949925, 12.0407452, 13.179254, 16.385237379999985, 38.404747
8.7235805, 9.0767125, 10.526445, 12.009955, 13.156208, 16.821686, 38.813544
8.725994, 9.0717055, 10.512645, 11.978234, 13.104661949999997, 16.57689691999997, 38.813544
8.722446, 9.061117, 10.479333, 11.9404482, 13.097617949999995, 16.378229, 38.813544
8.7257525, 9.065575, 10.51147475, 11.986630600000002, 13.177114599999998, 16.605728, 38.404747
8.7304955, 9.0678835, 10.501092, 12.022355, 13.159834299999998, 16.468887259999953, 38.813544
8.7306475, 9.088824, 10.53924725, 12.030261, 13.157196249999998, 16.468887259999953, 38.813544
8.728526, 9.079817, 10.52182675, 12.014853900000002, 13.185148, 16.844744, 38.813544
8.729409, 9.0717055, 10.50731575, 11.9862213, 13.087696, 16.35054475999998, 38.813544
8.72435, 9.076728, 10.51923575, 11.9782349, 13.063738, 16.499532399999886, 38.404747
8.728288, 9.070697, 10.498604499999999, 11.973983, 13.122523, 16.395060179999923, 38.813544
8.729935, 9.0827195, 10.52922075, 12.007434, 13.200193349999996, 16.609178, 38.813544
8.731069, 9.081026, 10.52949925, 11.962326, 13.108959599999997, 16.326007779999983, 38.404747
8.728171, 9.074401, 10.503292, 12.00186980000001, 13.159804, 16.829223349999978, 38.813544
8.724701, 9.067699000000001, 10.503411, 11.965083400000008, 13.083174049999997, 16.57689691999997, 38.404747
8.730602750000001, 9.070534, 10.497307, 11.959306, 13.096827, 16.499532399999886, 38.404747
8.72684225, 9.067714, 10.514871, 11.978243, 13.16041, 16.645092369999944, 38.813544
8.728749, 9.075604, 10.52861, 12.00186980000001, 13.113219349999996, 16.316712, 38.813544
8.731618000000001, 9.087115, 10.520888750000001, 11.992895500000001, 13.1605324, 16.644732, 38.404747
8.728302, 9.0781195, 10.530356, 12.015373, 13.209190649999998, 16.57689691999997, 38.813544
8.788326999999999, 9.063906, 10.245774, 11.668427, 12.496500499999996, 15.027702, 19.563106
8.728453, 9.082476, 10.521074, 11.978243, 13.112201, 16.60481621, 38.813544
8.7307515, 9.073017, 10.511546, 12.001404, 13.139758549999993, 16.570951, 38.813544
8.727136, 9.0756875, 10.517428, 12.011142, 13.155389, 16.703767, 38.813544
8.728764, 9.0861865, 10.553368, 12.027306, 13.181976, 16.35054475999998, 38.813544
8.728257, 9.0741715, 10.517463, 11.974163, 13.159834299999998, 16.44275985999996, 38.813544
8.72694825, 9.066143, 10.52586, 11.993566, 13.159804, 16.570951, 38.813544
8.726146, 9.079817, 10.501912, 11.920301100000003, 13.027315, 16.571005939999992, 38.813544
8.727184000000001, 9.078523, 10.522811, 12.016154400000005, 13.162858, 16.845091229999944, 38.813544
8.78329, 9.0530395, 10.220908, 11.659932, 12.472115, 15.093761, 26.889073
8.787855, 9.0613715, 10.237267500000002, 11.6604761, 12.42317635, 14.873968019999955, 26.889073
8.78580275, 9.052887, 10.21686, 11.6604761, 12.479442899999992, 14.944267119999985, 26.889073
8.78982725, 9.060905, 10.21556475, 11.646870900000001, 12.462855, 14.96492, 26.889073
8.784519, 9.0516295, 10.1998155, 11.609365, 12.457268299999997, 14.901789, 26.889073
8.7904295, 9.049898, 10.209485, 11.6604863, 12.478849, 14.932628, 19.563106
8.784652, 9.051636, 10.242552, 11.660891, 12.518868199999996, 15.463954, 26.889073
8.788431, 9.053267, 10.217937, 11.6475, 12.426091, 15.027702, 26.889073
8.78437, 9.053049, 10.221983, 11.6154512, 12.404542, 14.663085, 19.563106
8.786178, 9.04832, 10.19239, 11.648901, 12.462983899999998, 14.932686829999989, 26.889073
8.785179750000001, 9.050637, 10.253739, 11.680852, 12.531929, 14.995983, 26.889073
8.785522, 9.051170500000001, 10.185072, 11.638756100000004, 12.383578, 14.94417, 26.889073
8.7895155, 9.054016, 10.2179475, 11.633763, 12.440311, 14.815255449999988, 26.889073
8.78473325, 9.047295, 10.230684, 11.640785400000002, 12.421048, 14.822824, 26.889073
8.785802, 9.053603, 10.237005250000001, 11.63261, 12.449738, 14.944267119999985, 26.889073
8.785227, 9.049619, 10.210548, 11.629453, 12.383578, 14.822824, 19.563106
8.784391750000001, 9.0494175, 10.220941, 11.625699, 12.362809, 14.801217, 19.563106
8.789554, 9.050971, 10.258038, 11.67544, 12.462983899999998, 14.901789, 26.889073
8.78691, 9.055901, 10.233688, 11.638343, 12.465433, 15.054253, 26.889073
8.784022, 9.05135, 10.220221, 11.623949400000003, 12.460371, 14.815179, 26.889073
8.788515, 9.059239, 10.217937, 11.628587, 12.439778, 14.932628, 26.889073
8.725494, 9.065288, 10.529027, 11.9810432, 13.120155, 16.606225819999995, 38.813544
8.725472499999999, 9.081641999999999, 10.522628000000001, 12.028240500000004, 13.181976, 16.844744, 38.813544
8.72525, 9.073942, 10.528833500000001, 11.992856, 13.151297349999997, 16.615932159999993, 38.813544
8.727532, 9.082643000000001, 10.548217, 11.992195500000003, 13.171542549999996, 16.7835, 38.813544
8.725994, 9.065288, 10.514871, 12.063571900000001, 13.181976, 16.680769, 38.813544
8.78643225, 9.05001, 10.186627, 11.629453, 12.462983899999998, 14.815179, 26.889073
8.78437, 9.05303, 10.21712925, 11.642031, 12.388676199999995, 14.94417, 26.889073
8.82930725, 9.01283, 9.36742, 10.875299900000002, 11.750294299999997, 13.787287, 35.734803
8.7816955, 9.0470295, 10.199381, 11.645967, 12.454557, 14.901789, 26.889073
8.783858, 9.045801, 10.225062, 11.642939, 12.451222, 14.938511, 26.889073
8.794351, 9.064097, 10.277577, 11.653620400000003, 12.460371, 14.995983, 26.889073
8.784101, 9.050433, 10.2007385, 11.649208500000002, 12.449738, 14.815255449999988, 26.889073
8.79090375, 9.059111, 10.223743, 11.633141, 12.424741, 14.873968019999955, 26.889073
8.785933, 9.053013, 10.2183605, 11.649813900000002, 12.469801, 14.96523062999995, 26.889073
8.788431, 9.0484915, 10.212492, 11.640876200000005, 12.449738, 14.938511, 26.889073
8.785696000000002, 9.0527835, 10.210548, 11.6545562, 12.460371, 14.901789, 26.889073
8.8335725, 9.017329, 9.37674275, 10.9009817, 11.8011144, 14.05599, 35.487972
8.83342875, 9.016846, 9.382474, 10.9120386, 11.788002, 13.966930349999979, 37.448702
8.82768675, 9.014605, 9.389236, 10.908031, 11.78665, 14.037002299999994, 37.448702
8.833875, 9.017682, 9.383478749999998, 10.8939811, 11.816593, 13.720919739999987, 37.448702
8.828966, 9.013091, 9.354149, 10.8652295, 11.728318299999994, 13.979899039999959, 37.448702
8.835437, 9.015759, 9.353885, 10.8527218, 11.749083, 13.787287, 37.448702
8.83323325, 9.017252500000001, 9.37331125, 10.8709129, 11.774039, 13.851728899999978, 37.448702
8.83536025, 9.0177135, 9.3860505, 10.9421869, 11.795444499999997, 14.054385209999996, 35.734803
8.836835, 9.024791, 9.395965, 10.9219121, 11.81141, 13.787291719999999, 37.448702
8.834973999999999, 9.0200755, 9.3692615, 10.898155, 11.804591699999996, 14.00603607999997, 37.448702
8.83162475, 9.013224, 9.367495, 10.850576, 11.7866766, 13.806771, 35.734803
8.83255, 9.015033, 9.369636499999999, 10.874023, 11.768963999999997, 13.851700399999983, 35.734803
8.866367, 9.003106, 9.178158, 9.445991500000002, 9.92986, 11.903514550000006, 37.448702
8.862878, 8.999015, 9.17605975, 9.444844, 9.949789, 11.8966068, 37.448702
8.862056500000001, 9.002033, 9.178993, 9.4498257, 9.985579, 12.277897, 37.448702
8.866158500000001, 9.002763, 9.182876, 9.4574223, 9.985917299999995, 11.970524530000006, 37.448702
8.8684265, 9.005137, 9.180037, 9.463739400000001, 10.004442, 11.999339, 35.734803
8.863466, 9.000226, 9.1765115, 9.458363, 10.0044173, 12.257208, 37.448702
8.8696405, 9.003226, 9.175975, 9.440421, 9.92058795, 11.970292, 35.734803
8.867734500000001, 9.000893, 9.178158, 9.460784, 10.053049299999996, 12.048048670000002, 37.448702
8.864143, 9.003639, 9.180702, 9.448525, 9.940905, 11.89793043, 37.448702
8.86662425, 9.00457, 9.17893175, 9.450355, 9.961654, 11.90322, 37.448702
8.864671, 8.999006000000001, 9.173293, 9.4404383, 9.980987, 12.048048670000002, 37.448702
8.86794025, 9.004629, 9.182802500000001, 9.4659455, 9.9920315, 12.007767, 37.448702
9.105487, 11.178128, 14.110726, 17.42958, 20.019429849999998, 26.014080869999976, 117.45914258253285
9.105079499999999, 11.314336, 14.1658915, 17.461269400000003, 19.89284954999999, 25.786771, 44.22794
9.092833500000001, 11.230704, 14.033392, 17.285785, 19.78104915, 25.678368970000026, 40.625286
9.12476925, 11.253902499999999, 14.123389, 17.439015, 20.019591999999996, 25.872567300000007, 40.625286
9.13091675, 11.297479500000001, 14.1791755, 17.667956300000007, 20.019754549999995, 26.311127, 44.22794
9.118958, 11.287448, 14.06563125, 17.401735500000004, 19.905304549999993, 26.49165766, 44.22794
9.1285555, 11.269655, 14.104708, 17.467600200000003, 19.691159899999988, 25.56975163000001, 44.22794
9.1034005, 11.2273725, 14.181125, 17.478196400000005, 20.051259599999995, 26.206109, 40.625286
9.119183, 11.242978, 14.167474, 17.2995723, 19.89284954999999, 25.269024620000025, 44.22794
9.114235, 11.288996, 14.010793, 17.5587109, 19.992469199999988, 25.259308210000004, 40.625286
9.086176, 11.168445, 13.94674625, 17.381825100000007, 19.897960549999997, 25.46558043000002, 40.625286
9.104823, 11.20522, 14.06527, 17.387633, 20.051031499999997, 26.312623880000032, 44.22794
9.085407, 11.2398055, 14.042715, 17.3602266, 19.991815, 25.678368970000026, 39.815707
9.060208, 11.246623, 13.9956665, 17.3189577, 19.862456, 25.101169370000015, 44.22794
9.152229, 11.314775000000001, 14.20586625, 17.569492400000005, 20.0270683, 26.206309990000005, 44.22794
9.148476500000001, 11.264158, 14.059299, 17.370705300000004, 19.863045149999994, 25.678368970000026, 44.22794
9.07230425, 11.186618500000002, 14.15165675, 17.456575, 19.875137549999987, 25.907049, 44.22794
9.111456, 11.260206499999999, 13.99409375, 17.4011065, 19.89221, 25.172165060000005, 39.815707
9.08180825, 11.17962, 13.906383, 17.264926, 19.679914349999994, 24.75223, 38.509309
9.133521, 11.24558, 14.104582, 17.443262, 20.072426, 25.60713201, 44.22794
9.13181575, 11.315539, 13.969131, 17.2798814, 19.840520649999956, 25.171892, 44.22794
8.785401, 9.056303, 10.25481375, 11.7218478, 12.55185425, 15.054253, 18.865024
8.786566749999999, 9.059111, 10.2210625, 11.6407854, 12.44051265, 14.54422732000002, 18.865024
8.784155, 9.038776, 10.185552, 11.649735, 12.444982050000002, 14.944688130000012, 19.563106
8.78881275, 9.063906, 10.201259, 11.6222414, 12.334973, 14.804108820000003, 18.865024
8.80038975, 9.069224, 10.29556875, 11.720606, 12.54830475, 14.944939570000017, 18.865024
8.779589, 9.049898, 10.214523250000001, 11.694409400000001, 12.503546550000003, 14.804206870000005, 19.563106
8.784391750000001, 9.042372, 10.19790975, 11.615418, 12.343002, 14.75754224000001, 26.889073
8.790794, 9.0530285, 10.212124750000001, 11.5846087, 12.318305, 14.645996, 19.563106
8.783974500000001, 9.045826, 10.240888, 11.6605912, 12.51237015, 14.873968020000007, 26.889073
8.784522, 9.051175, 10.2147435, 11.63261, 12.4548477, 14.801356620000002, 18.865024
8.78319075, 9.067466, 10.295408, 11.675784, 12.503249750000002, 14.902097390000007, 19.393533
8.781575, 9.047103, 10.227304749999998, 11.605148, 12.34164115, 14.8228456, 19.563106
8.786566749999999, 9.0667195, 10.268445, 11.640647, 12.425693200000003, 15.049793, 19.563106
8.7937345, 9.0704845, 10.269991000000001, 11.676102300000002, 12.413524350000001, 14.783205930000003, 26.889073
8.79734975, 9.0795745, 10.28078125, 11.660993, 12.50278965, 14.933261550000013, 26.889073
8.783767, 9.063969, 10.177093, 11.617329, 12.44381295, 14.803997, 26.889073
8.78281425, 9.05885, 10.23364975, 11.628587, 12.420603750000001, 14.75754224000001, 18.865024
8.790938, 9.0516295, 10.1569845, 11.579731500000001, 12.368629250000001, 14.824984, 26.889073
8.79070325, 9.044996, 10.254443, 11.7471721, 12.573157, 15.051692660000041, 26.889073
8.782893, 9.068545, 10.2700615, 11.6175429, 12.4248085, 14.804108820000003, 26.889073
8.7844145, 9.0415125, 10.196786, 11.615418, 12.383437350000001, 14.757332510000007, 26.889073
8.776213, 9.039188, 10.165044250000001, 11.6366074, 12.4572683, 14.74727015000001, 26.889073
8.779063, 9.029989, 10.20150525, 11.63261, 12.368629250000001, 14.746909, 18.677002
8.79443, 9.048128, 10.202946, 11.593077000000001, 12.383437350000001, 14.527584550000004, 19.563106
8.78937475, 9.059024, 10.19978775, 11.5846087, 12.334973, 14.8012448, 26.889073
8.7918555, 9.049919, 10.214986249999999, 11.629710000000001, 12.4049616, 15.051692660000041, 26.889073
8.788326999999999, 9.040356500000001, 10.186704, 11.574715800000002, 12.34270465, 14.995983, 26.889073
8.779539499999998, 9.059195500000001, 10.193053749999999, 11.624318500000003, 12.491305900000002, 14.874276410000013, 26.889073
8.7769345, 9.0398525, 10.182713, 11.5800061, 12.318305, 14.822911110000003, 19.393533
8.783268499999998, 9.071381500000001, 10.200415750000001, 11.6475, 12.496195, 15.051692660000041, 26.889073
8.784408, 9.048075, 10.212492, 11.592796, 12.44408265, 14.8228456, 26.889073
8.775789, 9.044512, 10.18548, 11.622725300000003, 12.426091, 14.514821, 19.393533
8.789633, 9.058926, 10.23065225, 11.634221000000002, 12.4498122, 15.049793, 19.563106
8.784391750000001, 9.054177, 10.226932, 11.6626844, 12.534331650000002, 15.054253, 26.889073
8.784399, 9.052158, 10.1521455, 11.617009300000001, 12.3189483, 14.645996, 19.563106
8.781864, 9.052846500000001, 10.214038, 11.597828100000003, 12.496987300000002, 14.96548207000001, 26.889073
8.78645325, 9.0499645, 10.234974750000001, 11.643241800000002, 12.397729550000001, 14.954620200000017, 19.563106
8.789062, 9.0470295, 10.202046000000001, 11.673554, 12.413306600000002, 14.832237540000015, 19.563106
8.873072500000001, 9.012518, 9.195333, 9.466553, 9.953264549999998, 11.89654, 37.448702
8.860357, 8.998258, 9.17372475, 9.420474, 9.908276099999998, 12.003602619999986, 37.448702
8.868788, 9.003958, 9.1809545, 9.4445625, 10.006041849999995, 12.054451, 35.487972
8.864668, 8.9991345, 9.17256375, 9.4432373, 9.953501099999999, 11.92260359999999, 37.448702
8.8688655, 9.003623000000001, 9.188717, 9.420352999999999, 9.921032599999997, 11.993545, 35.734803
8.868149, 9.004387, 9.179358, 9.440509200000001, 9.913345, 11.95858713, 35.487972
8.866158500000001, 8.998237, 9.178972, 9.4941624, 10.068054199999999, 12.054631639999997, 35.734803
8.872597, 9.010629, 9.185232500000001, 9.4612017, 10.00353725, 11.932734399999998, 37.448702
8.872368, 9.004527, 9.180156499999999, 9.463549, 10.014374349999997, 11.938814469999995, 35.734803
8.8670945, 9.0016335, 9.168206000000001, 9.4095263, 9.847855899999997, 11.725706189999997, 37.448702
8.873173, 9.007152000000001, 9.186903, 9.496401, 9.9982166, 11.96145763999999, 35.734803
8.86147275, 9.0041185, 9.18029, 9.4556702, 9.915973, 12.000049799999983, 35.330604
8.859602, 9.00448, 9.183142499999999, 9.46945, 9.985917299999997, 12.277897, 35.330604
8.86608, 9.003295999999999, 9.16799975, 9.4222489, 9.913566649999998, 11.938931769999993, 35.734803
8.86669625, 9.00788, 9.194196, 9.499169, 10.128079, 11.898120379999993, 35.330604
8.86903025, 9.0053935, 9.17351, 9.4664234, 9.985900799999998, 11.938839599999994, 35.734803
8.86933075, 9.003743, 9.17098, 9.44659, 10.019702099999996, 11.922318299999997, 35.734803
8.858924, 9.0008745, 9.17894875, 9.434658, 9.992311199999998, 11.938615, 37.448702
8.86406225, 9.000801, 9.166897, 9.4431285, 9.89633605, 11.961075, 37.448702
8.8611465, 8.996814, 9.171007, 9.4414199, 10.069719299999996, 12.054451, 37.448702
8.792264, 9.066715, 10.199595, 11.606706, 12.388296, 14.83195652000001, 26.889073
8.785227, 9.05295, 10.24796125, 11.662042, 12.53201085, 14.996960780000022, 26.889073
8.786504, 9.059239, 10.2459785, 11.6197286, 12.383417950000002, 14.815255450000002, 26.889073
8.781959, 9.0460625, 10.139058, 11.584302, 12.375883900000002, 14.94417, 19.563106
8.784723249999999, 9.053201, 10.197856250000001, 11.640876200000001, 12.4908, 14.953992380000003, 19.563106
8.775893, 9.0320885, 10.19440475, 11.6158753, 12.424741, 14.637913, 19.393533
8.78334725, 9.039500499999999, 10.21044375, 11.6545562, 12.38552675, 14.953882, 26.889073
8.78493125, 9.048128, 10.21686, 11.5784607, 12.38512925, 14.902097390000007, 26.889073
8.86944975, 9.003631, 9.18344075, 9.459293, 9.953317199999999, 11.705666109999996, 35.487972
8.858625, 8.999018, 9.174917749999999, 9.440594, 9.997939, 11.922318299999997, 35.487972
8.86802475, 9.002387500000001, 9.166066, 9.437926599999999, 9.994264399999999, 11.96145763999999, 37.448702
8.86333275, 9.001062000000001, 9.19043375, 9.4613561, 10.014212849999996, 12.38223143, 37.448702
8.85895425, 9.004983, 9.18841725, 9.476799, 10.031582949999994, 12.328172, 35.734803
8.870964, 9.005205, 9.1794245, 9.467053599999998, 9.93106605, 11.938615, 35.330604
8.8668245, 9.004509500000001, 9.173834, 9.455484, 9.94641365, 11.839931019999986, 37.448702
8.868422, 9.003826499999999, 9.17893175, 9.450355, 9.930362449999995, 11.810147879999995, 35.734803
8.8626055, 9.004037, 9.182802500000001, 9.4467835, 9.8973157, 11.961399699999992, 37.448702
8.868058750000001, 9.013073, 9.1988005, 9.461342, 10.042222949999998, 12.074013459999964, 37.448702
8.86448675, 9.0007825, 9.1631915, 9.460309599999999, 9.90801325, 12.074022229999963, 35.330604
8.862561249999999, 8.991218, 9.17090875, 9.421072, 9.81856505, 11.655912259999997, 35.330604
8.86258675, 8.99982, 9.17401075, 9.4558266, 9.882434499999993, 11.727070569999965, 37.448702
8.884114, 9.0390475, 9.2498935, 9.556598, 9.813125249999999, 11.530913589999999, 22.552578
8.88690675, 9.0505715, 9.240579499999999, 9.4996297, 9.720574099999999, 14.447926789999984, 22.552578
8.8771765, 9.032941999999998, 9.2281695, 9.512252900000002, 9.741030799999999, 14.739876269999993, 36.893046
8.885873, 9.0432325, 9.263088, 9.5509188, 9.748962099999998, 16.474112, 24.370709
8.88960125, 9.040485499999999, 9.227609999999999, 9.5002435, 9.7450225, 14.433754919999998, 23.303856
8.885852499999999, 9.0490505, 9.240076, 9.4902695, 9.70918325, 11.200724859999998, 22.552578
8.88665775, 9.0451165, 9.2424225, 9.5099513, 9.7309501, 14.465660909999986, 24.370709
8.876742, 9.033903500000001, 9.217312, 9.4741002, 9.7350409, 16.25468784, 52.853195
8.877201, 9.041888499999999, 9.23876275, 9.471883499999999, 9.7335318, 14.69221518, 24.370709
8.88914575, 9.041269, 9.239730999999999, 9.5025828, 9.69291795, 16.03083744, 36.893046
8.88226875, 9.043660500000001, 9.227989749999999, 9.4633619, 9.683068749999999, 15.874124049999999, 19.892145
8.890483750000001, 9.0399985, 9.23636875, 9.4667297, 9.7041536, 15.574478729999996, 52.853195
8.8814495, 9.050986, 9.24778775, 9.522976700000001, 9.75677775, 13.48606768, 32.855096
8.879780499999999, 9.046185000000001, 9.2500775, 9.507522, 9.717681, 17.24786631, 52.853195
8.87742625, 9.0276375, 9.246281, 9.532075299999999, 9.8179181, 15.571933089999998, 52.853195
8.880770250000001, 9.0220365, 9.222182, 9.479485, 9.74936655, 13.236218969999998, 52.853195
8.8838, 9.0425155, 9.2359415, 9.4764661, 9.714583199999998, 15.571933089999998, 52.853195
8.897343750000001, 9.043386, 9.256856500000001, 9.544048100000001, 9.8066819, 14.898931, 23.303856
8.88869475, 9.032342, 9.20927175, 9.460733500000002, 9.719489900000001, 16.26019, 19.656824
8.875988, 9.0388085, 9.242143, 9.5378891, 9.890597849999999, 17.07708735, 23.303856
8.886843500000001, 9.040157, 9.23296925, 9.4937076, 9.700678, 10.650422929999996, 18.516134
8.88557325, 9.034967, 9.23869575, 9.5267449, 9.8128825, 16.031646959999996, 32.855096
8.881118, 9.040676999999999, 9.22264025, 9.4767544, 9.70483795, 13.261468359999999, 19.645042
0, 0, 0, 0, 0, 0, 0
0, 0, 0, 0, 0, 0, 0
0, 0, 0, 0, 0, 0, 0
0, 0, 0, 0, 0, 0, 0
0, 0, 0, 0, 0, 0, 0
0, 0, 0, 0, 0, 0, 0
0, 0, 0, 0, 0, 0, 0
0, 0, 0, 0, 0, 0, 0
0, 0, 0, 0, 0, 0, 0
0, 0, 0, 0, 0, 0, 0
0, 0, 0, 0, 0, 0, 0
0, 0, 0, 0, 0, 0, 0
0, 0, 0, 0, 0, 0, 0
0, 0, 0, 0, 0, 0, 0
0, 0, 0, 0, 0, 0, 0
0, 0, 0, 0, 0, 0, 0
0, 0, 0, 0, 0, 0, 0
0, 0, 0, 0, 0, 0, 0
0, 0, 0, 0, 0, 0, 0
0, 0, 0, 0, 0, 0, 0
0, 0, 0, 0, 0, 0, 0
0, 0, 0, 0, 0, 0, 0
0, 0, 0, 0, 0, 0, 0
0, 0, 0, 0, 0, 0, 0
0, 0, 0, 0, 0, 0, 0
0, 0, 0, 0, 0, 0, 0
0, 0, 0, 0, 0, 0, 0
0, 0, 0, 0, 0, 0, 0
0, 0, 0, 0, 0, 0, 0
0, 0, 0, 0, 0, 0, 0
0, 0, 0, 0, 0, 0, 0
0, 0, 0, 0, 0, 0, 0
0, 0, 0, 0, 0, 0, 0
0, 0, 0, 0, 0, 0, 0
0, 0, 0, 0, 0, 0, 0
0, 0, 0, 0, 0, 0, 0
0, 0, 0, 0, 0, 0, 0
0, 0, 0, 0, 0, 0, 0
0, 0, 0, 0, 0, 0, 0
0, 0, 0, 0, 0, 0, 0
0, 0, 0, 0, 0, 0, 0
0, 0, 0, 0, 0, 0, 0
0, 0, 0, 0, 0, 0, 0
0, 0, 0, 0, 0, 0, 0
0, 0, 0, 0, 0, 0, 0
0, 0, 0, 0, 0, 0, 0
0, 0, 0, 0, 0, 0, 0
0, 0, 0, 0, 0, 0, 0
0, 0, 0, 0, 0, 0, 0
0, 0, 0, 0, 0, 0, 0
0, 0, 0, 0, 0, 0, 0
0, 0, 0, 0, 0, 0, 0
0, 0, 0, 0, 0, 0, 0
0, 0, 0, 0, 0, 0, 0
0, 0, 0, 0, 0, 0, 0
0, 0, 0, 0, 0, 0, 0
0, 0, 0, 0, 0, 0, 0
8.8912275, 9.0493705, 9.24507475, 9.5193394, 9.77404285, 13.619718009999998, 36.893046
8.890679, 9.049449, 9.243874, 9.5203138, 9.7405906, 11.984687639999988, 21.371576
8.900876499999999, 9.04237, 9.22778275, 9.4827545, 9.7494307, 14.41651684, 36.893046
8.88310375, 9.036528, 9.232791500000001, 9.490700300000002, 9.757533, 15.872548, 24.370709
8.894166499999999, 9.032597, 9.23343425, 9.4920902, 9.720613949999999, 16.18153611, 32.855096
8.89883175, 9.0495195, 9.2490515, 9.5038492, 9.7567628, 14.619303009999987, 23.303856
8.890952, 9.038547999999999, 9.24283075, 9.531853100000001, 9.8069165, 11.45127703, 22.552578
8.8841905, 9.038193499999998, 9.233274, 9.5306713, 9.8132033, 14.453206909999997, 24.370709
8.87681875, 9.042835499999999, 9.2424825, 9.5106072, 9.757429, 14.195412589999998, 52.853195
8.88777425, 9.03675, 9.2280885, 9.49418, 9.70390885, 14.463115269999989, 20.217992
8.8932965, 9.04917, 9.245146, 9.5130626, 9.744206, 16.721432349999997, 23.303856
8.87785275, 9.042075, 9.243425, 9.4840717, 9.7014201, 13.743481179999993, 21.371576
8.873181500000001, 9.024963, 9.219567, 9.4715855, 9.70472835, 11.73956136, 22.552578
8.8771975, 9.0320155, 9.22827525, 9.5024456, 9.725268, 14.73195576, 22.552578
8.87217375, 9.0313975, 9.23397125, 9.484371, 9.7108823, 11.914393, 32.855096
8.88539475, 9.042999, 9.2323595, 9.4747094, 9.7008229, 11.135782879999999, 21.371576
8.88722275, 9.0494945, 9.2486905, 9.495948300000002, 9.7245422, 14.691345, 32.855096
8.886197, 9.053679500000001, 9.266938, 9.549343400000001, 9.80188175, 14.67048174, 32.855096
8.879088, 9.0464745, 9.23723425, 9.4777194, 9.66433465, 13.234894149999999, 20.217992
8.89219875, 9.050573499999999, 9.262929, 9.5489957, 9.81659675, 14.778363, 32.855096
8.88038075, 9.041426999999999, 9.23178325, 9.5058021, 9.724707449999999, 13.62838509999999, 19.892145
8.87858, 9.028464, 9.230095500000001, 9.492110499999999, 9.7142541, 14.432891989999998, 32.855096
8.8929575, 9.043768, 9.230971499999999, 9.4778354, 9.757533, 11.199852179999997, 23.303856
8.883394, 9.024244, 9.21816675, 9.522976700000001, 9.7108823, 11.158078089999979, 19.645042
8.89065125, 9.04163, 9.24789125, 9.535159, 9.7571315, 14.433754919999998, 24.370709
8.89149525, 9.045823, 9.2430955, 9.5102287, 9.74936655, 10.911989419999998, 52.853195
8.87549775, 9.0311735, 9.221571, 9.4842747, 9.71170145, 14.464617519999987, 36.893046
8.8908635, 9.038688, 9.23351825, 9.5022877, 9.7798121, 16.03093679, 24.370709
8.8932955, 9.0666065, 9.25691275, 9.5188156, 9.73990345, 14.419988939999996, 52.853195
8.8841755, 9.039404999999999, 9.2395825, 9.5178778, 9.82591835, 15.271102349999992, 20.217992
8.882098500000001, 9.040944, 9.22577225, 9.5074691, 9.75677875, 14.212704119999982, 32.855096
8.8925375, 9.043093500000001, 9.23746425, 9.506237, 9.7261384, 15.874124049999999, 52.853195
8.885804499999999, 9.050183, 9.250494750000001, 9.5798906, 9.82926515, 16.262064679999998, 22.552578
8.89505725, 9.041406, 9.2258615, 9.497916, 9.7108376, 14.108248329999997, 20.217992
8.89739675, 9.042474, 9.23876275, 9.5099503, 9.81393625, 16.21605821, 36.893046
8.878624, 9.039099499999999, 9.230971499999999, 9.492231199999999, 9.689497, 10.460803589999996, 19.656824
8.880260999999999, 9.030510499999998, 9.238732749999999, 9.5414645, 9.80857945, 14.68079151999999, 24.370709
8.886059, 9.034370500000001, 9.22577825, 9.4671216, 9.713341, 14.108248329999997, 32.855096
8.904639, 9.054376000000001, 9.249439, 9.5006764, 9.76471995, 13.55488314, 19.213916
8.883429249999999, 9.0378295, 9.242416500000001, 9.5178359, 9.73320785, 13.920404079999996, 52.853195
8.891147, 9.0487045, 9.2624745, 9.5464505, 9.81769355, 16.18173054, 52.853195
8.898444249999999, 9.047273, 9.248973, 9.4974219, 9.701053250000001, 10.454727949999999, 24.370709
8.87461075, 9.034795500000001, 9.22954775, 9.5075765, 9.739920549999999, 13.918020919999998, 19.892145
8.89667625, 9.048954, 9.23396825, 9.496346, 9.7253001, 13.263205419999997, 52.853195
8.876834500000001, 9.030316, 9.231611749999999, 9.5091874, 9.70745165, 13.917143909999998, 52.853195
8.902469, 9.053200499999999, 9.24972775, 9.507612400000001, 9.73882595, 14.39224006, 20.217992
8.88587475, 9.030557, 9.23760525, 9.520845699999999, 9.82610545, 14.731487, 52.853195
8.896276, 9.054799500000001, 9.265016, 9.5555751, 9.76085155, 11.09764, 21.371576
8.878134750000001, 9.039547, 9.23795325, 9.484052, 9.687069999999999, 13.190207279999974, 20.217992
8.8741185, 9.03298, 9.235018, 9.5166381, 9.7580783, 13.807454749999996, 20.217992
8.884098999999999, 9.031899500000002, 9.23764175, 9.4980084, 9.7997867, 14.606785109999999, 19.656824
8.88608675, 9.05039, 9.25482, 9.5006819, 9.692470949999999, 13.619718009999998, 23.303856
8.87685825, 9.032319, 9.24047825, 9.5431618, 9.813398549999999, 16.36254276, 23.303856
8.8900275, 9.0429155, 9.23733325, 9.508279, 9.80661475, 13.167803759999995, 52.853195
8.89844625, 9.052592, 9.25692775, 9.5179369, 9.7684887, 16.38050423, 19.892145
8.89046175, 9.03824, 9.2338495, 9.531776100000002, 9.769657599999999, 16.21605821, 21.371576
8.888299250000001, 9.0369505, 9.243094750000001, 9.5103265, 9.80857945, 13.737205269999999, 36.893046
8.890799750000001, 9.0516115, 9.253740500000001, 9.5184236, 9.76772325, 16.362737189999997, 32.855096
8.89112225, 9.048946, 9.24746, 9.5362907, 9.825970550000001, 13.737205269999999, 21.371576
8.881986, 9.045537, 9.23270825, 9.49209, 9.729983050000001, 14.004976779999996, 36.893046
8.881664, 9.048989500000001, 9.24054925, 9.5300094, 9.69156, 11.3751787, 36.893046
8.89668925, 9.043267, 9.243473250000001, 9.4917002, 9.7105149, 13.55488314, 36.893046
8.8986195, 9.051784999999999, 9.26081, 9.5487998, 9.8069866, 16.216124110000003, 52.853195
8.898636250000001, 9.0436275, 9.22954775, 9.4840839, 9.6613487, 11.554107779999978, 52.853195
8.892615, 9.0369975, 9.24045725, 9.5537411, 9.799682449999999, 16.65938649, 36.893046
8.88514275, 9.0429485, 9.23259275, 9.5109476, 9.77885465, 16.05114234, 52.853195
8.889602, 9.041944, 9.2532915, 9.5575443, 9.82916015, 15.725401299999996, 21.371576
8.885186, 9.039239, 9.249184750000001, 9.519617, 9.82521055, 16.40399921, 23.303856
8.88896725, 9.037922, 9.22666325, 9.4964481, 9.694305, 15.575216489999995, 24.370709
8.900350249999999, 9.049009, 9.242608, 9.5077885, 9.6993889, 11.260115919999995, 19.072953
8.898147, 9.051925, 9.2529285, 9.4923368, 9.7081506, 11.696454089999985, 22.552578
8.883763, 9.0417195, 9.2449905, 9.5017654, 9.7399329, 13.923876179999993, 32.855096
8.89833125, 9.050384, 9.247177, 9.5042611, 9.720071299999999, 14.43134543, 52.853195
8.874094750000001, 9.023939500000001, 9.2086265, 9.4537672, 9.66422265, 11.73956136, 20.217992
8.891279, 9.041174999999999, 9.2414685, 9.5277261, 9.76953925, 11.53147052, 19.656824
8.884923, 9.037947500000001, 9.233119250000001, 9.5117613, 9.7142611, 11.445089979999997, 32.855096
8.88892725, 9.036433, 9.235018, 9.472770100000002, 9.672639499999999, 14.39224006, 23.303856
8.89222325, 9.0531655, 9.249953000000001, 9.5275827, 9.807518199999999, 11.752554679999985, 32.855096
8.889154750000001, 9.032901500000001, 9.236571, 9.4980633, 9.75677775, 14.192837, 32.855096
8.88217075, 9.043844, 9.2485445, 9.5109466, 9.7866114, 14.43134543, 52.853195
8.885013, 9.044705, 9.25100975, 9.5518709, 9.7717752, 13.72803882, 36.893046
8.884707, 9.0431345, 9.2318965, 9.484342999999999, 9.78294465, 14.418255829999998, 32.855096
8.90520625, 9.055937, 9.26057025, 9.568492500000001, 9.81625735, 15.570414, 18.344529
8.88096175, 9.042686, 9.221869, 9.483297700000001, 9.70830885, 11.53147052, 19.656824
8.885318250000001, 9.0527625, 9.2624295, 9.5117255, 9.7717942, 16.181377349999998, 32.855096
8.88836475, 9.040397500000001, 9.2442695, 9.5308734, 9.796557, 16.216124110000003, 32.855096
8.885738, 9.0485775, 9.256907, 9.5605311, 9.81625735, 16.102087609999998, 24.370709
8.88574575, 9.051556999999999, 9.24720525, 9.5354647, 9.73558515, 14.787802599999992, 19.072953
8.8929905, 9.052248500000001, 9.26287875, 9.549332300000001, 9.7986111, 16.21605821, 36.893046
8.88763525, 9.033871000000001, 9.226746, 9.494863800000001, 9.7349933, 14.111399509999995, 36.893046
8.880405, 9.045231, 9.2379625, 9.45457, 9.687134350000001, 11.91497702, 36.893046
8.88049975, 9.031774500000001, 9.24734975, 9.5255811, 9.7306908, 13.821230519999983, 36.893046
8.89856275, 9.041008, 9.23809225, 9.5075999, 9.7133824, 13.262104499999998, 22.552578
8.88599, 9.0483325, 9.2534815, 9.5265604, 9.75709695, 14.108003109999997, 36.893046
8.878123, 9.030004000000002, 9.23022025, 9.486634800000001, 9.708041, 11.927572709999989, 36.893046
8.8802655, 9.0573785, 9.240094, 9.5203138, 9.740924999999999, 16.26121194, 36.893046
8.8970165, 9.0397935, 9.2482895, 9.5256039, 9.800196399999999, 11.453371329999998, 24.370709
8.8926335, 9.042736999999999, 9.2318965, 9.4845947, 9.681216749999999, 10.5844817, 20.217992
8.88810125, 9.044333, 9.2475575, 9.5539299, 9.799549350000001, 13.809837909999993, 52.853195
8.8998455, 9.042524499999999, 9.235990750000001, 9.5166381, 9.771584950000001, 14.108003109999997, 52.853195
8.89417225, 9.041131, 9.246968, 9.522915900000001, 9.7569279, 13.267854259999991, 32.855096
8.88869475, 9.051059500000001, 9.253740500000001, 9.5435551, 9.808262449999999, 14.453675669999997, 20.217992
8.88853225, 9.0455945, 9.224686250000001, 9.500361, 9.710233, 16.11147959, 52.853195
8.88025125, 9.0277915, 9.22066375, 9.4773762, 9.66433465, 14.10601301, 22.552578
8.88034175, 9.030557, 9.2356645, 9.508007600000001, 9.8069165, 16.030358099999997, 52.853195
8.87936575, 9.034639, 9.228666, 9.4826025, 9.73061035, 14.004976779999996, 36.893046
8.8828005, 9.0403075, 9.248486, 9.4851253, 9.692637, 13.728709089999999, 36.893046
8.878400500000001, 9.0449605, 9.243015, 9.547799600000001, 9.7334632, 13.234894149999999, 22.552578
8.884447, 9.0308815, 9.237307000000001, 9.505567, 9.77024415, 16.05195186, 19.892145
8.88856025, 9.042676499999999, 9.2648115, 9.5346208, 9.799316549999999, 14.108396169999997, 19.587514
8.8957035, 9.048039500000002, 9.246152499999999, 9.5567846, 9.8166875, 13.809690069999993, 52.853195
8.88757275, 9.048463, 9.24024375, 9.5056736, 9.74821725, 10.84080704, 20.217992
8.8909185, 9.049966, 9.24551125, 9.5346208, 9.799682449999999, 16.10014703, 20.217992
8.885839749999999, 9.0374035, 9.231991, 9.502198000000002, 9.6920064, 11.558601049999973, 23.303856
8.87602975, 9.034016999999999, 9.2408485, 9.5058393, 9.70862655, 11.257720649999998, 21.371576
8.88386275, 9.042971999999999, 9.25389275, 9.5270339, 9.7863961, 16.1799103, 36.893046
8.884447, 9.033709, 9.24086825, 9.524574, 9.81939325, 15.271182799999993, 19.645042
8.8913485, 9.0429975, 9.235771, 9.5193985, 9.75770215, 11.48203363999997, 19.502914
8.892653, 9.045347, 9.23790775, 9.5212372, 9.7288464, 13.741098019999995, 19.892145
8.88277275, 9.038948999999999, 9.24083025, 9.525004, 9.75618025, 14.779568679999999, 36.893046
8.8895115, 9.041795, 9.24746, 9.5251707, 9.734041, 16.18035541, 23.303856
8.890922, 9.049115, 9.251823, 9.5064027, 9.71702575, 16.11147959, 32.855096
8.88379825, 9.038463499999999, 9.235618, 9.4913099, 9.7016247, 10.314763209999999, 19.373624
8.88141225, 9.0435585, 9.2500505, 9.5321494, 9.7085648, 13.803562, 23.303856
8.88685775, 9.0392185, 9.243984, 9.5103265, 9.71648085, 13.731724829999996, 36.893046
0, 0, 0, 0, 0, 0, 0
0, 0, 0, 0, 0, 0, 0
0, 0, 0, 0, 0, 0, 0
0, 0, 0, 0, 0, 0, 0
0, 0, 0, 0, 0, 0, 0
0, 0, 0, 0, 0, 0, 0
0, 0, 0, 0, 0, 0, 0
0, 0, 0, 0, 0, 0, 0
0, 0, 0, 0, 0, 0, 0
0, 0, 0, 0, 0, 0, 0
0, 0, 0, 0, 0, 0, 0
0, 0, 0, 0, 0, 0, 0
0, 0, 0, 0, 0, 0, 0
0, 0, 0, 0, 0, 0, 0
0, 0, 0, 0, 0, 0, 0
0, 0, 0, 0, 0, 0, 0
0, 0, 0, 0, 0, 0, 0
0, 0, 0, 0, 0, 0, 0
0, 0, 0, 0, 0, 0, 0
0, 0, 0, 0, 0, 0, 0
0, 0, 0, 0, 0, 0, 0
0, 0, 0, 0, 0, 0, 0
0, 0, 0, 0, 0, 0, 0
0, 0, 0, 0, 0, 0, 0
0, 0, 0, 0, 0, 0, 0
0, 0, 0, 0, 0, 0, 0
0, 0, 0, 0, 0, 0, 0
0, 0, 0, 0, 0, 0, 0
0, 0, 0, 0, 0, 0, 0
0, 0, 0, 0, 0, 0, 0
0, 0, 0, 0, 0, 0, 0
0, 0, 0, 0, 0, 0, 0
0, 0, 0, 0, 0, 0, 0
0, 0, 0, 0, 0, 0, 0
0, 0, 0, 0, 0, 0, 0
0, 0, 0, 0, 0, 0, 0
0, 0, 0, 0, 0, 0, 0
0, 0, 0, 0, 0, 0, 0
0, 0, 0, 0, 0, 0, 0
0, 0, 0, 0, 0, 0, 0
0, 0, 0, 0, 0, 0, 0
0, 0, 0, 0, 0, 0, 0
0, 0, 0, 0, 0, 0, 0
0, 0, 0, 0, 0, 0, 0
0, 0, 0, 0, 0, 0, 0
0, 0, 0, 0, 0, 0, 0
0, 0, 0, 0, 0, 0, 0
0, 0, 0, 0, 0, 0, 0
0, 0, 0, 0, 0, 0, 0
0, 0, 0, 0, 0, 0, 0
0, 0, 0, 0, 0, 0, 0
0, 0, 0, 0, 0, 0, 0
0, 0, 0, 0, 0, 0, 0
0, 0, 0, 0, 0, 0, 0
0, 0, 0, 0, 0, 0, 0
0, 0, 0, 0, 0, 0, 0
0, 0, 0, 0, 0, 0, 0
0, 0, 0, 0, 0, 0, 0
0, 0, 0, 0, 0, 0, 0
0, 0, 0, 0, 0, 0, 0
0, 0, 0, 0, 0, 0, 0
0, 0, 0, 0, 0, 0, 0
0, 0, 0, 0, 0, 0, 0
0, 0, 0, 0, 0, 0, 0
0, 0, 0, 0, 0, 0, 0
0, 0, 0, 0, 0, 0, 0
0, 0, 0, 0, 0, 0, 0
0, 0, 0, 0, 0, 0, 0
0, 0, 0, 0, 0, 0, 0
0, 0, 0, 0, 0, 0, 0
0, 0, 0, 0, 0, 0, 0
0, 0, 0, 0, 0, 0, 0
0, 0, 0, 0, 0, 0, 0
0, 0, 0, 0, 0, 0, 0
0, 0, 0, 0, 0, 0, 0
0, 0, 0, 0, 0, 0, 0
0, 0, 0, 0, 0, 0, 0
0, 0, 0, 0, 0, 0, 0
0, 0, 0, 0, 0, 0, 0
0, 0, 0, 0, 0, 0, 0
0, 0, 0, 0, 0, 0, 0
0, 0, 0, 0, 0, 0, 0
0, 0, 0, 0, 0, 0, 0
0, 0, 0, 0, 0, 0, 0
0, 0, 0, 0, 0, 0, 0
0, 0, 0, 0, 0, 0, 0
0, 0, 0, 0, 0, 0, 0
0, 0, 0, 0, 0, 0, 0
0, 0, 0, 0, 0, 0, 0
0, 0, 0, 0, 0, 0, 0
0, 0, 0, 0, 0, 0, 0
0, 0, 0, 0, 0, 0, 0
0, 0, 0, 0, 0, 0, 0
0, 0, 0, 0, 0, 0, 0
0, 0, 0, 0, 0, 0, 0
0, 0, 0, 0, 0, 0, 0
0, 0, 0, 0, 0, 0, 0
0, 0, 0, 0, 0, 0, 0
0, 0, 0, 0, 0, 0, 0
0, 0, 0, 0, 0, 0, 0
0, 0, 0, 0, 0, 0, 0
0, 0, 0, 0, 0, 0, 0
0, 0, 0, 0, 0, 0, 0
0, 0, 0, 0, 0, 0, 0
0, 0, 0, 0, 0, 0, 0
0, 0, 0, 0, 0, 0, 0
0, 0, 0, 0, 0, 0, 0
0, 0, 0, 0, 0, 0, 0
0, 0, 0, 0, 0, 0, 0
0, 0, 0, 0, 0, 0, 0
0, 0, 0, 0, 0, 0, 0
0, 0, 0, 0, 0, 0, 0
0, 0, 0, 0, 0, 0, 0
0, 0, 0, 0, 0, 0, 0
0, 0, 0, 0, 0, 0, 0
0, 0, 0, 0, 0, 0, 0
0, 0, 0, 0, 0, 0, 0
0, 0, 0, 0, 0, 0, 0
0, 0, 0, 0, 0, 0, 0
0, 0, 0, 0, 0, 0, 0
0, 0, 0, 0, 0, 0, 0
0, 0, 0, 0, 0, 0, 0
0, 0, 0, 0, 0, 0, 0
0, 0, 0, 0, 0, 0, 0
0, 0, 0, 0, 0, 0, 0
0, 0, 0, 0, 0, 0, 0
0, 0, 0, 0, 0, 0, 0
0, 0, 0, 0, 0, 0, 0
0, 0, 0, 0, 0, 0, 0
0, 0, 0, 0, 0, 0, 0
0, 0, 0, 0, 0, 0, 0
0, 0, 0, 0, 0, 0, 0
0, 0, 0, 0, 0, 0, 0
0, 0, 0, 0, 0, 0, 0
0, 0, 0, 0, 0, 0, 0
0, 0, 0, 0, 0, 0, 0
0, 0, 0, 0, 0, 0, 0
0, 0, 0, 0, 0, 0, 0
0, 0, 0, 0, 0, 0, 0
0, 0, 0, 0, 0, 0, 0
0, 0, 0, 0, 0, 0, 0
0, 0, 0, 0, 0, 0, 0
0, 0, 0, 0, 0, 0, 0
0, 0, 0, 0, 0, 0, 0
0, 0, 0, 0, 0, 0, 0
0, 0, 0, 0, 0, 0, 0
0, 0, 0, 0, 0, 0, 0
0, 0, 0, 0, 0, 0, 0
0, 0, 0, 0, 0, 0, 0
0, 0, 0, 0, 0, 0, 0
0, 0, 0, 0, 0, 0, 0
0, 0, 0, 0, 0, 0, 0
0, 0, 0, 0, 0, 0, 0
0, 0, 0, 0, 0, 0, 0
0, 0, 0, 0, 0, 0, 0
0, 0, 0, 0, 0, 0, 0
0, 0, 0, 0, 0, 0, 0
0, 0, 0, 0, 0, 0, 0
0, 0, 0, 0, 0, 0, 0
0, 0, 0, 0, 0, 0, 0
0, 0, 0, 0, 0, 0, 0
0, 0, 0, 0, 0, 0, 0
0, 0, 0, 0, 0, 0, 0
0, 0, 0, 0, 0, 0, 0
0, 0, 0, 0, 0, 0, 0
0, 0, 0, 0, 0, 0, 0
0, 0, 0, 0, 0, 0, 0
0, 0, 0, 0, 0, 0, 0
0, 0, 0, 0, 0, 0, 0
0, 0, 0, 0, 0, 0, 0
0, 0, 0, 0, 0, 0, 0
0, 0, 0, 0, 0, 0, 0
0, 0, 0, 0, 0, 0, 0
0, 0, 0, 0, 0, 0, 0
0, 0, 0, 0, 0, 0, 0
0, 0, 0, 0, 0, 0, 0
0, 0, 0, 0, 0, 0, 0
0, 0, 0, 0, 0, 0, 0
0, 0, 0, 0, 0, 0, 0
0, 0, 0, 0, 0, 0, 0
0, 0, 0, 0, 0, 0, 0
0, 0, 0, 0, 0, 0, 0
0, 0, 0, 0, 0, 0, 0
0, 0, 0, 0, 0, 0, 0
0, 0, 0, 0, 0, 0, 0
0, 0, 0, 0, 0, 0, 0
0, 0, 0, 0, 0, 0, 0
0, 0, 0, 0, 0, 0, 0
0, 0, 0, 0, 0, 0, 0
0, 0, 0, 0, 0, 0, 0
0, 0, 0, 0, 0, 0, 0
0, 0, 0, 0, 0, 0, 0
0, 0, 0, 0, 0, 0, 0
0, 0, 0, 0, 0, 0, 0
0, 0, 0, 0, 0, 0, 0
0, 0, 0, 0, 0, 0, 0
0, 0, 0, 0, 0, 0, 0
0, 0, 0, 0, 0, 0, 0
0, 0, 0, 0, 0, 0, 0
0, 0, 0, 0, 0, 0, 0
0, 0, 0, 0, 0, 0, 0
0, 0, 0, 0, 0, 0, 0
0, 0, 0, 0, 0, 0, 0
0, 0, 0, 0, 0, 0, 0
0, 0, 0, 0, 0, 0, 0
0, 0, 0, 0, 0, 0, 0
0, 0, 0, 0, 0, 0, 0
0, 0, 0, 0, 0, 0, 0
0, 0, 0, 0, 0, 0, 0
0, 0, 0, 0, 0, 0, 0
0, 0, 0, 0, 0, 0, 0
0, 0, 0, 0, 0, 0, 0
0, 0, 0, 0, 0, 0, 0
0, 0, 0, 0, 0, 0, 0
0, 0, 0, 0, 0, 0, 0
0, 0, 0, 0, 0, 0, 0
0, 0, 0, 0, 0, 0, 0
0, 0, 0, 0, 0, 0, 0
0, 0, 0, 0, 0, 0, 0
0, 0, 0, 0, 0, 0, 0
0, 0, 0, 0, 0, 0, 0
0, 0, 0, 0, 0, 0, 0
0, 0, 0, 0, 0, 0, 0
0, 0, 0, 0, 0, 0, 0
0, 0, 0, 0, 0, 0, 0
0, 0, 0, 0, 0, 0, 0
0, 0, 0, 0, 0, 0, 0
0, 0, 0, 0, 0, 0, 0
0, 0, 0, 0, 0, 0, 0
0, 0, 0, 0, 0, 0, 0
0, 0, 0, 0, 0, 0, 0
0, 0, 0, 0, 0, 0, 0
0, 0, 0, 0, 0, 0, 0
0, 0, 0, 0, 0, 0, 0
0, 0, 0, 0, 0, 0, 0
0, 0, 0, 0, 0, 0, 0
0, 0, 0, 0, 0, 0, 0
0, 0, 0, 0, 0, 0, 0
0, 0, 0, 0, 0, 0, 0
0, 0, 0, 0, 0, 0, 0
0, 0, 0, 0, 0, 0, 0
0, 0, 0, 0, 0, 0, 0
0, 0, 0, 0, 0, 0, 0
0, 0, 0, 0, 0, 0, 0
0, 0, 0, 0, 0, 0, 0
0, 0, 0, 0, 0, 0, 0
0, 0, 0, 0, 0, 0, 0
0, 0, 0, 0, 0, 0, 0
0, 0, 0, 0, 0, 0, 0
0, 0, 0, 0, 0, 0, 0
0, 0, 0, 0, 0, 0, 0
0, 0, 0, 0, 0, 0, 0
0, 0, 0, 0, 0, 0, 0
0, 0, 0, 0, 0, 0, 0
0, 0, 0, 0, 0, 0, 0
0, 0, 0, 0, 0, 0, 0
0, 0, 0, 0, 0, 0, 0
0, 0, 0, 0, 0, 0, 0
0, 0, 0, 0, 0, 0, 0
0, 0, 0, 0, 0, 0, 0
0, 0, 0, 0, 0, 0, 0
0, 0, 0, 0, 0, 0, 0
0, 0, 0, 0, 0, 0, 0
0, 0, 0, 0, 0, 0, 0
0, 0, 0, 0, 0, 0, 0
0, 0, 0, 0, 0, 0, 0
0, 0, 0, 0, 0, 0, 0
0, 0, 0, 0, 0, 0, 0
0, 0, 0, 0, 0, 0, 0
0, 0, 0, 0, 0, 0, 0
0, 0, 0, 0, 0, 0, 0
0, 0, 0, 0, 0, 0, 0
0, 0, 0, 0, 0, 0, 0
0, 0, 0, 0, 0, 0, 0
0, 0, 0, 0, 0, 0, 0
0, 0, 0, 0, 0, 0, 0
0, 0, 0, 0, 0, 0, 0
0, 0, 0, 0, 0, 0, 0
0, 0, 0, 0, 0, 0, 0
0, 0, 0, 0, 0, 0, 0
0, 0, 0, 0, 0, 0, 0
0, 0, 0, 0, 0, 0, 0
0, 0, 0, 0, 0, 0, 0
0, 0, 0, 0, 0, 0, 0
0, 0, 0, 0, 0, 0, 0
0, 0, 0, 0, 0, 0, 0
0, 0, 0, 0, 0, 0, 0
0, 0, 0, 0, 0, 0, 0
0, 0, 0, 0, 0, 0, 0
0, 0, 0, 0, 0, 0, 0
0, 0, 0, 0, 0, 0, 0
0, 0, 0, 0, 0, 0, 0
0, 0, 0, 0, 0, 0, 0
0, 0, 0, 0, 0, 0, 0
0, 0, 0, 0, 0, 0, 0
0, 0, 0, 0, 0, 0, 0
0, 0, 0, 0, 0, 0, 0
0, 0, 0, 0, 0, 0, 0
0, 0, 0, 0, 0, 0, 0
0, 0, 0, 0, 0, 0, 0
0, 0, 0, 0, 0, 0, 0
0, 0, 0, 0, 0, 0, 0
0, 0, 0, 0, 0, 0, 0
0, 0, 0, 0, 0, 0, 0
0, 0, 0, 0, 0, 0, 0
0, 0, 0, 0, 0, 0, 0
0, 0, 0, 0, 0, 0, 0
0, 0, 0, 0, 0, 0, 0
0, 0, 0, 0, 0, 0, 0
0, 0, 0, 0, 0, 0, 0
0, 0, 0, 0, 0, 0, 0
0, 0, 0, 0, 0, 0, 0
0, 0, 0, 0, 0, 0, 0
0, 0, 0, 0, 0, 0, 0
0, 0, 0, 0, 0, 0, 0
0, 0, 0, 0, 0, 0, 0
0, 0, 0, 0, 0, 0, 0
0, 0, 0, 0, 0, 0, 0
0, 0, 0, 0, 0, 0, 0
0, 0, 0, 0, 0, 0, 0
0, 0, 0, 0, 0, 0, 0
0, 0, 0, 0, 0, 0, 0
0, 0, 0, 0, 0, 0, 0
0, 0, 0, 0, 0, 0, 0
0, 0, 0, 0, 0, 0, 0
0, 0, 0, 0, 0, 0, 0
0, 0, 0, 0, 0, 0, 0
0, 0, 0, 0, 0, 0, 0
0, 0, 0, 0, 0, 0, 0
0, 0, 0, 0, 0, 0, 0
0, 0, 0, 0, 0, 0, 0
0, 0, 0, 0, 0, 0, 0
0, 0, 0, 0, 0, 0, 0
0, 0, 0, 0, 0, 0, 0
0, 0, 0, 0, 0, 0, 0
0, 0, 0, 0, 0, 0, 0
0, 0, 0, 0, 0, 0, 0
0, 0, 0, 0, 0, 0, 0
0, 0, 0, 0, 0, 0, 0
0, 0, 0, 0, 0, 0, 0
0, 0, 0, 0, 0, 0, 0
0, 0, 0, 0, 0, 0, 0
0, 0, 0, 0, 0, 0, 0
0, 0, 0, 0, 0, 0, 0
0, 0, 0, 0, 0, 0, 0
0, 0, 0, 0, 0, 0, 0
0, 0, 0, 0, 0, 0, 0
0, 0, 0, 0, 0, 0, 0
0, 0, 0, 0, 0, 0, 0
0, 0, 0, 0, 0, 0, 0
0, 0, 0, 0, 0, 0, 0
0, 0, 0, 0, 0, 0, 0
0, 0, 0, 0, 0, 0, 0
0, 0, 0, 0, 0, 0, 0
0, 0, 0, 0, 0, 0, 0
0, 0, 0, 0, 0, 0, 0
0, 0, 0, 0, 0, 0, 0
0, 0, 0, 0, 0, 0, 0
0, 0, 0, 0, 0, 0, 0
0, 0, 0, 0, 0, 0, 0
0, 0, 0, 0, 0, 0, 0
0, 0, 0, 0, 0, 0, 0
0, 0, 0, 0, 0, 0, 0
0, 0, 0, 0, 0, 0, 0
0, 0, 0, 0, 0, 0, 0
0, 0, 0, 0, 0, 0, 0
0, 0, 0, 0, 0, 0, 0
0, 0, 0, 0, 0, 0, 0
0, 0, 0, 0, 0, 0, 0
0, 0, 0, 0, 0, 0, 0
0, 0, 0, 0, 0, 0, 0
0, 0, 0, 0, 0, 0, 0
0, 0, 0, 0, 0, 0, 0
0, 0, 0, 0, 0, 0, 0
0, 0, 0, 0, 0, 0, 0
0, 0, 0, 0, 0, 0, 0
0, 0, 0, 0, 0, 0, 0
0, 0, 0, 0, 0, 0, 0
0, 0, 0, 0, 0, 0, 0
0, 0, 0, 0, 0, 0, 0
0, 0, 0, 0, 0, 0, 0
0, 0, 0, 0, 0, 0, 0
0, 0, 0, 0, 0, 0, 0
0, 0, 0, 0, 0, 0, 0
0, 0, 0, 0, 0, 0, 0
0, 0, 0, 0, 0, 0, 0
0, 0, 0, 0, 0, 0, 0
0, 0, 0, 0, 0, 0, 0
0, 0, 0, 0, 0, 0, 0
0, 0, 0, 0, 0, 0, 0
0, 0, 0, 0, 0, 0, 0
0, 0, 0, 0, 0, 0, 0
0, 0, 0, 0, 0, 0, 0
0, 0, 0, 0, 0, 0, 0
0, 0, 0, 0, 0, 0, 0
0, 0, 0, 0, 0, 0, 0
0, 0, 0, 0, 0, 0, 0
0, 0, 0, 0, 0, 0, 0
0, 0, 0, 0, 0, 0, 0
0, 0, 0, 0, 0, 0, 0
0, 0, 0, 0, 0, 0, 0
0, 0, 0, 0, 0, 0, 0
0, 0, 0, 0, 0, 0, 0
0, 0, 0, 0, 0, 0, 0
0, 0, 0, 0, 0, 0, 0
0, 0, 0, 0, 0, 0, 0
0, 0, 0, 0, 0, 0, 0
0, 0, 0, 0, 0, 0, 0
0, 0, 0, 0, 0, 0, 0
0, 0, 0, 0, 0, 0, 0
0, 0, 0, 0, 0, 0, 0
0, 0, 0, 0, 0, 0, 0
0, 0, 0, 0, 0, 0, 0
0, 0, 0, 0, 0, 0, 0
0, 0, 0, 0, 0, 0, 0
0, 0, 0, 0, 0, 0, 0
0, 0, 0, 0, 0, 0, 0
0, 0, 0, 0, 0, 0, 0
0, 0, 0, 0, 0, 0, 0
0, 0, 0, 0, 0, 0, 0
0, 0, 0, 0, 0, 0, 0
0, 0, 0, 0, 0, 0, 0
0, 0, 0, 0, 0, 0, 0
0, 0, 0, 0, 0, 0, 0
0, 0, 0, 0, 0, 0, 0
0, 0, 0, 0, 0, 0, 0
0, 0, 0, 0, 0, 0, 0
0, 0, 0, 0, 0, 0, 0
0, 0, 0, 0, 0, 0, 0
0, 0, 0, 0, 0, 0, 0
0, 0, 0, 0, 0, 0, 0
0, 0, 0, 0, 0, 0, 0
0, 0, 0, 0, 0, 0, 0
0, 0, 0, 0, 0, 0, 0
0, 0, 0, 0, 0, 0, 0
0, 0, 0, 0, 0, 0, 0
0, 0, 0, 0, 0, 0, 0
0, 0, 0, 0, 0, 0, 0
0, 0, 0, 0, 0, 0, 0
0, 0, 0, 0, 0, 0, 0
0, 0, 0, 0, 0, 0, 0
0, 0, 0, 0, 0, 0, 0
0, 0, 0, 0, 0, 0, 0
0, 0, 0, 0, 0, 0, 0
0, 0, 0, 0, 0, 0, 0
0, 0, 0, 0, 0, 0, 0
0, 0, 0, 0, 0, 0, 0
0, 0, 0, 0, 0, 0, 0
0, 0, 0, 0, 0, 0, 0
0, 0, 0, 0, 0, 0, 0
0, 0, 0, 0, 0, 0, 0
0, 0, 0, 0, 0, 0, 0
0, 0, 0, 0, 0, 0, 0
0, 0, 0, 0, 0, 0, 0
0, 0, 0, 0, 0, 0, 0
0, 0, 0, 0, 0, 0, 0
0, 0, 0, 0, 0, 0, 0
0, 0, 0, 0, 0, 0, 0
0, 0, 0, 0, 0, 0, 0
0, 0, 0, 0, 0, 0, 0
0, 0, 0, 0, 0, 0, 0
0, 0, 0, 0, 0, 0, 0
0, 0, 0, 0, 0, 0, 0
0, 0, 0, 0, 0, 0, 0
0, 0, 0, 0, 0, 0, 0
0, 0, 0, 0, 0, 0, 0
0, 0, 0, 0, 0, 0, 0
0, 0, 0, 0, 0, 0, 0
0, 0, 0, 0, 0, 0, 0
0, 0, 0, 0, 0, 0, 0
0, 0, 0, 0, 0, 0, 0
0, 0, 0, 0, 0, 0, 0
0, 0, 0, 0, 0, 0, 0
0, 0, 0, 0, 0, 0, 0
0, 0, 0, 0, 0, 0, 0
0, 0, 0, 0, 0, 0, 0
0, 0, 0, 0, 0, 0, 0
0, 0, 0, 0, 0, 0, 0
0, 0, 0, 0, 0, 0, 0
0, 0, 0, 0, 0, 0, 0
0, 0, 0, 0, 0, 0, 0
0, 0, 0, 0, 0, 0, 0
0, 0, 0, 0, 0, 0, 0
0, 0, 0, 0, 0, 0, 0
0, 0, 0, 0, 0, 0, 0
0, 0, 0, 0, 0, 0, 0
0, 0, 0, 0, 0, 0, 0
0, 0, 0, 0, 0, 0, 0
0, 0, 0, 0, 0, 0, 0
0, 0, 0, 0, 0, 0, 0
0, 0, 0, 0, 0, 0, 0
0, 0, 0, 0, 0, 0, 0
0, 0, 0, 0, 0, 0, 0
0, 0, 0, 0, 0, 0, 0
0, 0, 0, 0, 0, 0, 0
0, 0, 0, 0, 0, 0, 0
0, 0, 0, 0, 0, 0, 0
0, 0, 0, 0, 0, 0, 0
0, 0, 0, 0, 0, 0, 0
0, 0, 0, 0, 0, 0, 0
0, 0, 0, 0, 0, 0, 0
0, 0, 0, 0, 0, 0, 0
0, 0, 0, 0, 0, 0, 0
0, 0, 0, 0, 0, 0, 0
0, 0, 0, 0, 0, 0, 0
0, 0, 0, 0, 0, 0, 0
0, 0, 0, 0, 0, 0, 0
0, 0, 0, 0, 0, 0, 0
0, 0, 0, 0, 0, 0, 0
0, 0, 0, 0, 0, 0, 0
0, 0, 0, 0, 0, 0, 0
0, 0, 0, 0, 0, 0, 0
0, 0, 0, 0, 0, 0, 0
0, 0, 0, 0, 0, 0, 0
0, 0, 0, 0, 0, 0, 0
0, 0, 0, 0, 0, 0, 0
0, 0, 0, 0, 0, 0, 0
0, 0, 0, 0, 0, 0, 0
0, 0, 0, 0, 0, 0, 0
0, 0, 0, 0, 0, 0, 0
0, 0, 0, 0, 0, 0, 0
0, 0, 0, 0, 0, 0, 0
0, 0, 0, 0, 0, 0, 0
0, 0, 0, 0, 0, 0, 0
0, 0, 0, 0, 0, 0, 0
0, 0, 0, 0, 0, 0, 0
0, 0, 0, 0, 0, 0, 0
0, 0, 0, 0, 0, 0, 0
0, 0, 0, 0, 0, 0, 0
0, 0, 0, 0, 0, 0, 0
0, 0, 0, 0, 0, 0, 0
0, 0, 0, 0, 0, 0, 0
0, 0, 0, 0, 0, 0, 0
0, 0, 0, 0, 0, 0, 0
0, 0, 0, 0, 0, 0, 0
0, 0, 0, 0, 0, 0, 0
0, 0, 0, 0, 0, 0, 0
0, 0, 0, 0, 0, 0, 0
0, 0, 0, 0, 0, 0, 0
0, 0, 0, 0, 0, 0, 0
0, 0, 0, 0, 0, 0, 0
0, 0, 0, 0, 0, 0, 0
0, 0, 0, 0, 0, 0, 0
0, 0, 0, 0, 0, 0, 0
0, 0, 0, 0, 0, 0, 0
0, 0, 0, 0, 0, 0, 0
0, 0, 0, 0, 0, 0, 0
0, 0, 0, 0, 0, 0, 0
0, 0, 0, 0, 0, 0, 0
0, 0, 0, 0, 0, 0, 0
0, 0, 0, 0, 0, 0, 0
0, 0, 0, 0, 0, 0, 0
0, 0, 0, 0, 0, 0, 0
0, 0, 0, 0, 0, 0, 0
0, 0, 0, 0, 0, 0, 0
0, 0, 0, 0, 0, 0, 0
0, 0, 0, 0, 0, 0, 0
0, 0, 0, 0, 0, 0, 0
0, 0, 0, 0, 0, 0, 0
0, 0, 0, 0, 0, 0, 0
0, 0, 0, 0, 0, 0, 0
0, 0, 0, 0, 0, 0, 0
0, 0, 0, 0, 0, 0, 0
0, 0, 0, 0, 0, 0, 0
0, 0, 0, 0, 0, 0, 0
0, 0, 0, 0, 0, 0, 0
0, 0, 0, 0, 0, 0, 0
0, 0, 0, 0, 0, 0, 0
0, 0, 0, 0, 0, 0, 0
0, 0, 0, 0, 0, 0, 0
0, 0, 0, 0, 0, 0, 0
0, 0, 0, 0, 0, 0, 0
0, 0, 0, 0, 0, 0, 0
0, 0, 0, 0, 0, 0, 0
0, 0, 0, 0, 0, 0, 0
0, 0, 0, 0, 0, 0, 0
0, 0, 0, 0, 0, 0, 0
0, 0, 0, 0, 0, 0, 0
0, 0, 0, 0, 0, 0, 0
0, 0, 0, 0, 0, 0, 0
0, 0, 0, 0, 0, 0, 0
0, 0, 0, 0, 0, 0, 0
0, 0, 0, 0, 0, 0, 0
0, 0, 0, 0, 0, 0, 0
0, 0, 0, 0, 0, 0, 0
0, 0, 0, 0, 0, 0, 0
0, 0, 0, 0, 0, 0, 0
0, 0, 0, 0, 0, 0, 0
0, 0, 0, 0, 0, 0, 0
0, 0, 0, 0, 0, 0, 0
0, 0, 0, 0, 0, 0, 0
0, 0, 0, 0, 0, 0, 0
0, 0, 0, 0, 0, 0, 0
0, 0, 0, 0, 0, 0, 0
0, 0, 0, 0, 0, 0, 0
0, 0, 0, 0, 0, 0, 0
0, 0, 0, 0, 0, 0, 0
0, 0, 0, 0, 0, 0, 0
0, 0, 0, 0, 0, 0, 0
0, 0, 0, 0, 0, 0, 0
0, 0, 0, 0, 0, 0, 0
0, 0, 0, 0, 0, 0, 0
0, 0, 0, 0, 0, 0, 0
0, 0, 0, 0, 0, 0, 0
0, 0, 0, 0, 0, 0, 0
0, 0, 0, 0, 0, 0, 0
0, 0, 0, 0, 0, 0, 0
0, 0, 0, 0, 0, 0, 0
0, 0, 0, 0, 0, 0, 0
0, 0, 0, 0, 0, 0, 0
0, 0, 0, 0, 0, 0, 0
0, 0, 0, 0, 0, 0, 0
0, 0, 0, 0, 0, 0, 0
0, 0, 0, 0, 0, 0, 0
0, 0, 0, 0, 0, 0, 0
0, 0, 0, 0, 0, 0, 0
0, 0, 0, 0, 0, 0, 0
0, 0, 0, 0, 0, 0, 0
0, 0, 0, 0, 0, 0, 0
0, 0, 0, 0, 0, 0, 0
0, 0, 0, 0, 0, 0, 0
0, 0, 0, 0, 0, 0, 0
0, 0, 0, 0, 0, 0, 0
0, 0, 0, 0, 0, 0, 0
0, 0, 0, 0, 0, 0, 0
0, 0, 0, 0, 0, 0, 0
0, 0, 0, 0, 0, 0, 0
0, 0, 0, 0, 0, 0, 0
0, 0, 0, 0, 0, 0, 0
0, 0, 0, 0, 0, 0, 0
0, 0, 0, 0, 0, 0, 0
0, 0, 0, 0, 0, 0, 0
0, 0, 0, 0, 0, 0, 0
0, 0, 0, 0, 0, 0, 0
0, 0, 0, 0, 0, 0, 0
0, 0, 0, 0, 0, 0, 0
0, 0, 0, 0, 0, 0, 0
0, 0, 0, 0, 0, 0, 0
0, 0, 0, 0, 0, 0, 0
0, 0, 0, 0, 0, 0, 0
0, 0, 0, 0, 0, 0, 0
0, 0, 0, 0, 0, 0, 0
0, 0, 0, 0, 0, 0, 0
0, 0, 0, 0, 0, 0, 0
0, 0, 0, 0, 0, 0, 0
0, 0, 0, 0, 0, 0, 0
0, 0, 0, 0, 0, 0, 0
0, 0, 0, 0, 0, 0, 0
0, 0, 0, 0, 0, 0, 0
0, 0, 0, 0, 0, 0, 0
0, 0, 0, 0, 0, 0, 0
0, 0, 0, 0, 0, 0, 0
0, 0, 0, 0, 0, 0, 0
0, 0, 0, 0, 0, 0, 0
0, 0, 0, 0, 0, 0, 0
0, 0, 0, 0, 0, 0, 0
0, 0, 0, 0, 0, 0, 0
0, 0, 0, 0, 0, 0, 0
0, 0, 0, 0, 0, 0, 0
0, 0, 0, 0, 0, 0, 0
0, 0, 0, 0, 0, 0, 0
0, 0, 0, 0, 0, 0, 0
0, 0, 0, 0, 0, 0, 0
0, 0, 0, 0, 0, 0, 0
0, 0, 0, 0, 0, 0, 0
0, 0, 0, 0, 0, 0, 0
0, 0, 0, 0, 0, 0, 0
0, 0, 0, 0, 0, 0, 0
0, 0, 0, 0, 0, 0, 0
0, 0, 0, 0, 0, 0, 0
0, 0, 0, 0, 0, 0, 0
0, 0, 0, 0, 0, 0, 0
0, 0, 0, 0, 0, 0, 0
0, 0, 0, 0, 0, 0, 0
0, 0, 0, 0, 0, 0, 0
0, 0, 0, 0, 0, 0, 0
0, 0, 0, 0, 0, 0, 0
0, 0, 0, 0, 0, 0, 0
0, 0, 0, 0, 0, 0, 0
0, 0, 0, 0, 0, 0, 0
0, 0, 0, 0, 0, 0, 0
0, 0, 0, 0, 0, 0, 0
0, 0, 0, 0, 0, 0, 0
0, 0, 0, 0, 0, 0, 0
0, 0, 0, 0, 0, 0, 0
0, 0, 0, 0, 0, 0, 0
0, 0, 0, 0, 0, 0, 0
0, 0, 0, 0, 0, 0, 0
0, 0, 0, 0, 0, 0, 0
0, 0, 0, 0, 0, 0, 0
0, 0, 0, 0, 0, 0, 0
0, 0, 0, 0, 0, 0, 0
0, 0, 0, 0, 0, 0, 0
0, 0, 0, 0, 0, 0, 0
0, 0, 0, 0, 0, 0, 0
0, 0, 0, 0, 0, 0, 0
0, 0, 0, 0, 0, 0, 0
0, 0, 0, 0, 0, 0, 0
0, 0, 0, 0, 0, 0, 0
0, 0, 0, 0, 0, 0, 0
0, 0, 0, 0, 0, 0, 0
0, 0, 0, 0, 0, 0, 0
0, 0, 0, 0, 0, 0, 0
0, 0, 0, 0, 0, 0, 0
0, 0, 0, 0, 0, 0, 0
0, 0, 0, 0, 0, 0, 0
0, 0, 0, 0, 0, 0, 0
0, 0, 0, 0, 0, 0, 0
0, 0, 0, 0, 0, 0, 0
0, 0, 0, 0, 0, 0, 0
0, 0, 0, 0, 0, 0, 0
0, 0, 0, 0, 0, 0, 0
0, 0, 0, 0, 0, 0, 0
0, 0, 0, 0, 0, 0, 0
0, 0, 0, 0, 0, 0, 0
0, 0, 0, 0, 0, 0, 0
0, 0, 0, 0, 0, 0, 0
0, 0, 0, 0, 0, 0, 0
0, 0, 0, 0, 0, 0, 0
0, 0, 0, 0, 0, 0, 0
8.886119, 9.043338, 9.2356235, 9.502176700000001, 9.7083348, 11.0978168, 19.645042
8.886646749999999, 9.034042, 9.227158, 9.4990191, 9.828979200000001, 15.579450979999992, 52.853195
8.88265875, 9.0393945, 9.24865925, 9.510856, 9.7614846, 14.779568679999999, 22.552578
8.885597, 9.042075, 9.2373645, 9.517703299999999, 9.767403649999999, 11.985390689999988, 19.892145
8.880405, 9.036433, 9.230369, 9.4619932, 9.7239009, 14.67135192, 23.303856
8.89132925, 9.042474, 9.234878, 9.4885111, 9.7106051, 14.110998089999995, 32.855096
8.88563025, 9.0388085, 9.22573775, 9.494955, 9.71161635, 13.165980879999996, 52.853195
8.873736, 9.034252500000001, 9.232174, 9.531608400000001, 9.7401951, 16.060656919999996, 36.893046
8.896799999999999, 9.0474325, 9.2494905, 9.5208795, 9.7926902, 14.69174642, 32.855096
8.889859, 9.034188, 9.229706, 9.5013727, 9.717907499999999, 11.015411709999997, 32.855096
8.89132925, 9.050384, 9.24208175, 9.4854533, 9.730478, 14.433544179999998, 23.303856
8.897149, 9.0465555, 9.2476835, 9.5228684, 9.7963663, 15.266299859999997, 52.853195
8.8939575, 9.0376215, 9.243009, 9.507367600000002, 9.73061035, 14.786283509999993, 36.893046
8.891942, 9.0479695, 9.23764175, 9.490745200000001, 9.69381415, 14.452805489999998, 52.853195
8.882678250000001, 9.036475, 9.226609, 9.536425, 9.818740700000001, 16.7071092, 24.370709
8.885633, 9.041406, 9.2486905, 9.506516300000001, 9.799316549999999, 14.69221518, 52.853195
8.89479125, 9.056310499999999, 9.2505415, 9.533597799999999, 9.7963663, 13.486703819999999, 36.893046
8.881381, 9.032613999999999, 9.2350595, 9.5234796, 9.76596075, 16.447658, 32.855096
8.88092225, 9.04261, 9.219931, 9.476803, 9.6929221, 10.868009279999974, 36.893046
8.88506625, 9.044055499999999, 9.24760625, 9.535159, 9.779717, 16.65946179, 23.303856
8.88386275, 9.039436, 9.24578725, 9.532028799999999, 9.808454900000001, 14.452805489999998, 24.370709
8.890478250000001, 9.0539275, 9.2405775, 9.562947699999999, 9.84991325, 16.253665899999998, 36.893046
8.88599, 9.0436275, 9.220238, 9.5183299, 9.798618600000001, 16.40373467, 52.853195
8.874042, 9.028283, 9.22686475, 9.5135023, 9.7576612, 15.874409599999998, 23.303856
8.885969750000001, 9.050567999999998, 9.247015000000001, 9.519718000000001, 9.786760899999999, 11.530913589999999, 20.217992
8.88776525, 9.0432165, 9.258227, 9.539195000000001, 9.79333765, 16.916018, 36.893046
8.870076, 9.002993, 9.17668325, 9.439427, 9.8746628, 11.9993765, 35.734803
8.862099, 8.996611999999999, 9.17341525, 9.4403041, 9.93106605, 11.897930429999999, 37.448702
8.789472250000001, 9.072659, 10.29256125, 11.6844, 12.503946100000002, 15.054648080000009, 19.563106
8.784338, 9.048317, 10.20616025, 11.5957005, 12.3836355, 14.953882, 18.677002
8.78881275, 9.0613715, 10.18546075, 11.607978800000001, 12.383360450000001, 14.825049510000001, 19.393533
8.784673, 9.080852, 10.2698985, 11.664709, 12.47130655, 14.804108820000003, 19.563106
8.7904295, 9.0867185, 10.316543249999999, 11.736958, 12.5304223, 14.932743420000001, 26.889073
8.78029625, 9.053334, 10.2307595, 11.638829800000002, 12.474753, 14.815179, 19.393533
8.780028, 9.0504625, 10.118245, 11.5929948, 12.388749750000002, 14.75751444000001, 26.889073
8.78881275, 9.0666025, 10.270495, 11.65258, 12.595684550000001, 14.944267120000001, 26.889073
8.788015, 9.047122, 10.21078275, 11.65258, 12.4699167, 14.64695147000002, 19.563106
8.783974500000001, 9.040058, 10.25996675, 11.669898, 12.412934, 14.638750510000017, 19.393533
8.788326999999999, 9.0419905, 10.249244000000001, 11.617035600000001, 12.513302550000002, 14.901789, 26.889073
8.77768875, 9.0446745, 10.19016225, 11.6053038, 12.405334200000002, 15.02119275, 19.393533
8.78962275, 9.079065499999999, 10.27922375, 11.6686178, 12.4748339, 14.649201060000019, 18.677002
8.793776, 9.0528835, 10.2459785, 11.6489844, 12.412934, 15.051692660000041, 26.889073
8.78398575, 9.0459905, 10.18998775, 11.659932, 12.440276000000003, 15.240095440000006, 26.889073
8.77942475, 9.0456285, 10.2081415, 11.6545562, 12.451679450000002, 14.649051460000015, 26.889073
8.79203075, 9.0503335, 10.262115, 11.6259878, 12.320212099999999, 14.54417139000002, 26.889073
8.78900425, 9.048185, 10.25481375, 11.695283, 12.490727, 14.825049510000001, 19.563106
8.785900250000001, 9.051146, 10.246912, 11.696358200000002, 12.474753, 15.241855760000044, 26.889073
8.772958000000001, 9.046474, 10.295062, 11.613494, 12.4748339, 14.815277050000002, 26.889073
8.783858, 9.05702, 10.168003250000002, 11.5929948, 12.388676200000003, 14.945005320000018, 19.563106
8.7835005, 9.057744, 10.213862, 11.617066, 12.289714850000001, 14.454377040000004, 26.889073
8.78996725, 9.043105, 10.248715, 11.662602, 12.502753, 14.757332510000007, 18.677002
8.779624250000001, 9.0494175, 10.226932, 11.6626844, 12.4572683, 15.449580190000002, 26.889073
8.786217, 9.0442435, 10.241274, 11.600619, 12.439804650000001, 15.029822570000047, 18.865024
8.784649, 9.046099, 10.199381, 11.636392, 12.365436600000002, 15.0498376, 19.563106
8.788897, 9.046347, 10.21811675, 11.645967, 12.455434900000002, 15.511645700000006, 19.563106
8.8706345, 9.004535, 9.183636, 9.466566, 10.087531, 11.993545, 112.79495587015239
8.872269, 9.019133499999999, 9.2139505, 9.507522, 9.86037045, 12.454821560000006, 36.893046
8.874732999999999, 9.022181, 9.212792, 9.4904137, 9.818597, 12.423992190000012, 37.448702
8.870882, 9.0149455, 9.197635250000001, 9.460179700000001, 9.7463345, 11.832284660000001, 35.330604
8.87801125, 9.017846, 9.20817175, 9.476569, 9.787867299999997, 12.328194900000002, 37.448702
8.87478025, 9.020327000000002, 9.215393500000001, 9.4866207, 9.79625, 11.973060440000005, 52.853195
8.863507250000001, 9.002392, 9.182001750000001, 9.465835, 9.973715, 11.958587130000002, 37.448702
8.86845275, 9.00286, 9.175987749999999, 9.4457945, 9.949789, 12.008169170000007, 37.448702
8.868601, 9.000862000000001, 9.178931, 9.4369814, 9.915973, 11.938615, 37.448702
8.8611465, 9.000636, 9.17295075, 9.427559800000001, 9.910847449999999, 11.839729630000006, 37.448702
8.862878, 9.0007885, 9.17615225, 9.450355, 9.929366, 12.007767, 37.448702
8.8688655, 9.004037, 9.176906, 9.444844, 9.921269099999995, 11.897877, 37.448702
8.8689705, 9.003879, 9.179745, 9.451873, 9.965514549999996, 11.922215, 35.734803
8.83165925, 9.0124405, 9.3476455, 10.8591005, 11.762739, 13.780336209999987, 37.448702
8.788015, 9.05479, 10.257808, 11.67544, 12.502753, 15.239759, 26.889073
8.784519, 9.059038000000001, 10.2292355, 11.642939, 12.462855, 14.815255449999988, 19.563106
8.788431, 9.059111, 10.22052, 11.636607400000006, 12.490727, 14.94417, 26.889073
8.785179750000001, 9.05135, 10.229197, 11.645967, 12.444613699999996, 14.831535, 26.889073
8.782578, 9.0533435, 10.217937, 11.642939, 12.469801, 14.94417, 26.889073
8.78408125, 9.050637, 10.211487, 11.63261, 12.420386, 14.901789, 26.889073
8.789552, 9.057744, 10.229351, 11.617009300000001, 12.462983899999998, 14.932686829999989, 26.889073
8.78329, 9.050535, 10.202244, 11.638363300000002, 12.383635499999999, 14.824984, 26.889073
8.789546, 9.060942, 10.21712925, 11.633141, 12.490727, 15.027922909999964, 26.889073
8.783858, 9.04866, 10.238835, 11.687262900000015, 12.478849, 15.049793, 26.889073
8.78473325, 9.047103, 10.20513275, 11.668427, 12.554576, 15.049793, 26.889073
8.784649, 9.051623, 10.230684, 11.6173565, 12.426091, 14.901789, 26.889073
8.72619475, 9.071526, 10.52685975, 12.027306, 13.169687, 16.57689691999997, 38.813544
8.7257525, 9.0764005, 10.537345, 12.041118, 13.156208, 16.38437187, 38.813544
8.731633, 9.087514, 10.54957125, 12.034735, 13.209042, 16.606225819999995, 38.813544
8.7271765, 9.069142, 10.544236, 12.035334000000013, 13.169687, 16.468585, 38.813544
8.72694825, 9.0728635, 10.493362, 11.927172, 13.11212975, 16.39532103999988, 38.813544
8.730037, 9.076262, 10.498612, 11.998687800000006, 13.212015, 16.60481621, 38.813544
8.723249, 9.055168, 10.504194, 11.9646381, 13.132498, 16.605728, 38.813544
8.72988, 9.0850805, 10.528557, 12.019524, 13.241966449999993, 17.001119, 38.813544
8.724567, 9.088258, 10.528427, 11.962326, 13.10856765, 16.37829034999999, 38.813544
8.7285845, 9.082675, 10.52586325, 12.018939600000001, 13.112734, 16.576725, 38.813544
8.72503775, 9.082474, 10.52592925, 12.00186980000001, 13.159804, 16.385724479999908, 38.813544
8.729869749999999, 9.081026, 10.51303, 11.972366, 13.122915599999999, 16.680769, 38.813544
8.72524525, 9.06997, 10.492019, 12.022442100000001, 13.206432, 16.80240376999997, 38.404747
8.6467705, 9.1283675, 10.809672, 12.420562800000008, 14.0619102, 17.793896, 38.813544
8.642476, 9.090355, 10.759518, 12.378146, 13.925927999999997, 17.786071, 38.813544
8.645996, 9.128838, 10.82046725, 12.447701600000002, 14.0626608, 17.872018, 38.813544
8.647641, 9.137459, 10.792518, 12.3905027, 13.974307, 17.888042, 38.813544
8.647682, 9.134162, 10.83844, 12.458521600000003, 14.021759099999995, 17.708369, 38.813544
8.64477, 9.116301499999999, 10.781199, 12.389567, 13.964127, 17.644383, 38.813544
8.645996, 9.118092, 10.788585, 12.4075519, 14.021462, 17.709146019999878, 38.813544
8.649633, 9.136702, 10.811768, 12.423639, 13.974773949999992, 17.64457709999997, 38.813544
8.648051, 9.156185, 10.8212195, 12.444263, 14.057890799999997, 17.699605, 38.404747
8.6476805, 9.128838, 10.784076, 12.458397, 14.062389, 17.81321605999995, 38.813544
8.649238, 9.12794, 10.803248, 12.419637, 13.994813, 17.663793, 38.813544
8.643614, 9.094461, 10.774292, 12.408001, 14.027404, 17.802213, 38.813544
8.723576, 9.0678235, 10.511915, 11.964631, 13.113346349999995, 16.821686, 38.813544
8.73317625, 9.078523, 10.514871, 12.015427200000001, 13.169687, 16.300041599999993, 38.813544
8.724404, 9.068068, 10.494178, 11.980386, 13.081100849999999, 16.385237379999985, 38.404747
8.727411, 9.072232, 10.49512875, 12.023728, 13.182346349999996, 16.7835, 38.813544
8.729715, 9.08048, 10.52049575, 12.021891300000002, 13.206432, 16.620502, 38.404747
8.646682, 9.134672, 10.803248, 12.431099400000008, 14.06189, 17.703598, 38.813544
8.649687, 9.141108, 10.8297875, 12.492389, 14.066505, 17.793896, 38.404747
8.6496615, 9.14294, 10.805758, 12.46260100000001, 14.027404, 17.786071, 38.813544
8.648051, 9.124091499999999, 10.796022, 12.384552, 13.957298149999998, 17.663793, 38.813544
8.647676, 9.120355, 10.802272, 12.442805, 14.015404799999995, 17.80231986999998, 38.813544
8.64698325, 9.129560000000001, 10.811768, 12.426232, 14.021462, 17.802213, 38.813544
8.6479985, 9.128838, 10.809672, 12.45322, 14.027751549999996, 17.888042, 38.813544
8.649245, 9.1300015, 10.81987625, 12.426273, 14.021462, 17.786071, 38.813544
8.645662, 9.120862500000001, 10.795076, 12.389659000000002, 13.921468, 17.663793, 38.813544
8.650421, 9.140626000000001, 10.80250575, 12.45322, 14.07062675, 17.699605, 38.813544
8.650421, 9.144375, 10.824965, 12.469538, 14.062294, 17.8129, 38.813544
8.64713, 9.112452, 10.79523075, 12.444252, 14.0132506, 17.644383, 38.813544
8.643581, 9.1093425, 10.791028, 12.40324140000001, 13.984204349999992, 17.80231986999998, 38.813544
8.645996, 9.126562, 10.792782, 12.386549, 13.888502099999998, 17.443292049999975, 38.813544
8.647676, 9.140346000000001, 10.801870000000001, 12.480071, 14.015086, 17.78608, 38.813544
8.647674, 9.1267505, 10.802873, 12.453824600000006, 14.078328, 17.936827, 38.813544
8.646338, 9.1267505, 10.799901, 12.426273, 13.983646, 17.703645709999993, 38.813544
8.643383, 9.102834, 10.801870000000001, 12.458521600000003, 14.079938, 17.844506, 38.813544
8.643625, 9.118092, 10.79523075, 12.444263, 14.079938, 17.802213, 38.813544
8.646315, 9.12137, 10.814858, 12.420221, 14.06191495, 17.793979169999986, 38.813544
8.777691500000001, 9.9190445, 12.30454275, 15.531935800000005, 17.775321, 23.896362, 44.22794
8.783081750000001, 9.9573605, 12.24497975, 15.425307700000005, 17.700402, 23.33775050999992, 44.22794
8.775737, 9.9459525, 12.297783, 15.49627, 17.802213, 23.474496649999946, 40.625286
8.78030175, 9.939314, 12.334281, 15.590445, 17.847226, 23.436813289999886, 40.625286
8.781703, 9.956237, 12.32379, 15.493363, 17.844816849999997, 23.837696, 44.22794
8.782476249999998, 9.976287, 12.297783, 15.494422, 17.824412, 23.43647563999994, 44.22794
8.772504, 9.927026999999999, 12.278174, 15.516032, 17.75712, 23.474496649999946, 44.22794
8.777615, 9.947952, 12.306214, 15.511645, 17.810287499999998, 23.544528, 44.22794
8.784926, 9.950585499999999, 12.28721825, 15.49627, 17.775321, 23.68457, 44.22794
8.77871125, 9.939891, 12.265893, 15.486467, 17.833334, 23.581625, 44.22794
8.780289, 9.95364, 12.3318155, 15.595094, 17.879682949999992, 23.544528, 44.22794
8.777996250000001, 9.907324, 12.26598075, 15.481921, 17.72919675, 23.555005, 44.22794
8.78165975, 9.958885, 12.31705775, 15.536901, 17.856903149999997, 24.049948, 44.22794
8.779941, 9.972707, 12.349758, 15.542743, 17.8187932, 23.421783049999917, 44.22794
8.784773, 9.955626500000001, 12.282494, 15.395739, 17.664676299999986, 22.892982, 44.22794
8.783054, 9.956303, 12.285942, 15.555732100000002, 17.859471499999998, 23.582653619999835, 44.22794
8.769762, 9.9251015, 12.244795, 15.501056, 17.930584549999995, 23.56270114999997, 44.22794
8.773913, 9.939425, 12.326137, 15.542749, 17.802609849999993, 23.421254, 44.22794
8.774502, 9.93722, 12.278428250000001, 15.544779, 17.802213, 23.436095, 44.22794
8.779225, 9.908886, 12.285942, 15.465985, 17.717036, 23.328235, 44.22794
8.771371, 9.967858, 12.26883925, 15.487360800000003, 17.833334, 23.555005, 44.22794
8.782611249999999, 9.962561, 12.282494, 15.487360800000003, 17.843497, 24.074188, 44.22794
8.782734, 9.939777, 12.3070465, 15.465985, 17.763728, 23.337430289999972, 44.22794
8.774502, 9.915056, 12.297151, 15.503710300000003, 17.859471499999998, 23.474496649999946, 44.22794
8.76773925, 9.907324, 12.238209, 15.479876, 17.82148, 22.96145148999995, 40.625286
8.77669, 9.922558, 12.27343125, 15.425307700000005, 17.667206149999988, 23.507924, 44.22794
8.774518, 9.954817, 12.34847525, 15.582807200000005, 17.890345999999997, 23.555005, 44.22794
8.779129, 9.95261, 12.36572725, 15.620515, 17.875415, 23.421783049999917, 44.22794
8.7820085, 9.9796275, 12.348931499999999, 15.531695, 17.863091, 24.007472, 44.22794
8.781472, 9.9234115, 12.266244, 15.471077, 17.732042, 23.313008, 44.22794
8.7754285, 9.918964, 12.268099, 15.482149500000006, 17.8187932, 23.474496649999946, 44.22794
8.64909, 9.113921999999999, 10.783371, 12.407502, 13.952062749999996, 17.786971, 38.813544
8.646602, 9.129338, 10.801870000000001, 12.426232, 14.009391, 17.786971, 38.813544
8.6426955, 9.118573000000001, 10.813506499999999, 12.459643, 14.027404, 17.703598, 38.813544
8.6452335, 9.141965, 10.809144, 12.478032, 13.994813, 17.786971, 38.813544
8.64735, 9.128411, 10.792807, 12.420221, 13.961266, 17.78608, 38.813544
8.647442, 9.129560000000001, 10.794662, 12.429641, 13.943173749999993, 17.53853829999999, 38.813544
8.646682, 9.136702, 10.819754, 12.426232, 14.070717, 17.888042, 38.813544
8.64409775, 9.112278, 10.80133275, 12.429064, 13.994813, 17.644383, 38.813544
8.646259, 9.107911, 10.763867999999999, 12.390487, 13.883440599999998, 17.699605, 38.813544
8.64477, 9.114951, 10.801294, 12.424355, 14.027404, 17.78608, 38.813544
8.647925, 9.141327, 10.803248, 12.453824600000006, 13.974307, 17.703645709999993, 38.813544
8.65634, 9.1377375, 10.803728, 12.439813, 13.94272, 17.703598, 38.813544
8.646602, 9.149131, 10.852333, 12.46999800000001, 14.0626608, 17.802213, 38.813544
8.647682, 9.1275925, 10.803728, 12.420221, 14.015404799999995, 17.709146019999878, 38.813544
8.647925, 9.122739, 10.802272, 12.407502, 13.93484, 17.709146019999878, 38.813544
8.6476755, 9.129338, 10.796022, 12.411373, 14.013154, 17.708369, 38.813544
8.647442, 9.134162, 10.787559, 12.3563758, 13.883440599999998, 17.703598, 38.813544
8.652431, 9.140916, 10.795076, 12.42623, 14.021759099999995, 17.793896, 38.813544
8.648492, 9.148872, 10.802425, 12.436701700000008, 14.021462, 17.802213, 38.813544
8.652616, 9.143499, 10.842357, 12.474138, 14.063715799999997, 17.703598, 38.404747
8.651396, 9.130221, 10.8181355, 12.444252, 14.057811, 17.844506, 38.813544
8.64305, 9.137685, 10.8306125, 12.426273, 14.063569, 17.92199, 38.813544
8.644131, 9.119783, 10.803728, 12.439813, 14.06229875, 17.703598, 38.813544
8.6495745, 9.140724, 10.802425, 12.474183, 14.063569, 17.793896, 38.813544
8.64409775, 9.128411, 10.783371, 12.397027200000014, 14.013154, 17.61197375999997, 38.813544
8.640965, 9.0900105, 10.749449, 12.378146, 13.967338, 17.644383, 38.813544
8.645800000000001, 9.123282, 10.823185, 12.459643, 14.066710849999996, 17.8129, 38.813544
8.647832, 9.146017, 10.83277, 12.459643, 14.076976, 17.888042, 38.813544
8.64477, 9.1093425, 10.792782, 12.444263, 14.034355, 17.793896, 38.813544
8.722263, 9.068313, 10.515956, 11.9810432, 13.156208, 16.57689691999997, 38.813544
8.78361225, 9.04866, 10.218304, 11.664709, 12.496195, 14.901789, 26.889073
8.78166975, 9.045776, 10.230684, 11.636392, 12.440484699999997, 14.902097389999952, 26.889073
8.784101, 9.046094, 10.21853, 11.660891, 12.5304223, 15.027922909999964, 26.889073
8.72648, 9.0891005, 10.5451835, 12.023647300000004, 13.182134599999998, 16.644732, 38.813544
8.731710249999999, 9.086538000000001, 10.514871, 12.01479, 13.120273399999999, 16.468887259999953, 38.813544
8.730107, 9.085826, 10.53100875, 12.023483, 13.132498, 16.576725, 38.813544
8.728517, 9.070035, 10.51315175, 11.98282, 13.16907995, 16.325909, 38.813544
8.7305505, 9.082675, 10.5270005, 12.006199200000003, 13.097283, 16.378229, 38.813544
8.729308, 9.082381, 10.52922075, 11.993961500000008, 13.177250699999997, 16.35044, 38.404747
8.724235, 9.07775, 10.501912, 11.951527, 13.024479099999986, 16.33591493999998, 38.404747
8.7300895, 9.089432, 10.539089, 12.018876, 13.26675875, 16.802619079999936, 38.813544
8.727994, 9.079817, 10.507705, 11.964702, 13.063902149999999, 16.570951, 38.813544
8.644519, 9.133437, 10.819754, 12.481334, 14.070622, 17.8129, 38.813544
8.645088, 9.1300015, 10.783959, 12.368346800000023, 13.931310749999996, 17.538447, 38.813544
8.649534, 9.146244, 10.805758, 12.430775, 13.991081399999997, 17.709146019999878, 38.813544
8.727295, 9.082478, 10.5138555, 11.9477813, 13.096848549999999, 16.571005939999992, 38.813544
8.728245, 9.067917, 10.501912, 11.97164, 13.127204599999995, 16.7835, 38.813544
8.73066, 9.080095499999999, 10.5060475, 11.973963, 13.2520337, 16.7835, 38.813544
8.72933925, 9.077864, 10.501092, 11.986630600000002, 13.13855685, 16.498811, 38.813544
8.726943, 9.073067, 10.527864, 12.009576100000002, 13.199865, 16.605728, 38.813544
8.722901, 9.064143, 10.490022, 11.973621, 13.151297349999997, 16.60481621, 38.813544
8.73059375, 9.079835, 10.526137, 12.041118, 13.176227, 16.594025899999984, 38.813544
8.7254, 9.070638, 10.511778, 11.971238600000001, 13.07563525, 16.393789, 38.813544
8.72694, 9.072535, 10.532607, 12.0147414, 13.15625055, 16.704564329999872, 38.813544
8.72423075, 9.0824325, 10.520888750000001, 12.039315, 13.171296, 16.60482089, 38.813544
8.726971, 9.070051, 10.495218, 12.041118800000001, 13.280506899999999, 16.620502, 38.813544
8.72933925, 9.078375, 10.529427, 12.051037, 13.216741, 16.593917, 38.813544
8.728706, 9.082474, 10.511451, 11.971194, 13.200107549999997, 16.645092369999944, 38.813544
8.73045475, 9.0803435, 10.537345, 12.01479, 13.204716, 16.594025899999984, 38.813544
8.729674, 9.073135, 10.539722, 12.019635300000003, 13.13855685, 16.468585, 38.813544
8.732676999999999, 9.0847575, 10.52978425, 12.019524, 13.181976, 16.615886, 38.813544
8.72960775, 9.0756875, 10.519223, 12.02847960000001, 13.219201, 16.644732, 38.813544
8.723493, 9.061871, 10.508285, 11.981717500000004, 13.16041, 16.606196, 38.813544
8.730107, 9.081499, 10.514871, 11.98102, 13.10856765, 16.615886, 38.813544
8.724701, 9.068976, 10.517428, 11.964478, 13.022939599999999, 16.348599589999996, 38.404747
8.727136, 9.07775, 10.529427, 11.986189, 13.157196249999998, 16.60573268, 38.404747
8.7236765, 9.0611085, 10.488815, 11.98282, 13.137592, 16.620502, 38.404747
8.730751, 9.0797865, 10.496184, 11.993566, 13.159956699999997, 16.571005939999992, 38.813544
8.730508, 9.0826715, 10.53033625, 12.023728, 13.113219349999996, 16.499532399999886, 38.813544
8.64345875, 9.1069125, 10.779907, 12.408338200000008, 13.967338, 17.699605, 38.813544
8.644595500000001, 9.1196155, 10.79752375, 12.408001, 13.95715, 17.547577, 38.813544
8.649687, 9.128838, 10.819754, 12.436074, 13.974773949999992, 17.793979169999986, 38.813544
8.647682, 9.132194, 10.795695, 12.498922500000003, 14.124037, 17.786071, 38.813544
8.784278, 9.967841, 12.3021445, 15.471350200000005, 17.72919675, 23.337430289999972, 44.22794
8.774502, 9.9446505, 12.305653, 15.477485, 17.863467249999996, 23.684487, 44.22794
8.778396, 9.932933, 12.26563, 15.542743, 17.863091, 23.684487830000002, 44.22794
8.7776285, 9.9391585, 12.272737, 15.481921, 17.799394349999996, 23.421254, 44.22794
8.778625, 9.9367915, 12.270709, 15.53738050000001, 17.900589, 23.436095, 40.625286
8.770742, 9.93438, 12.3021445, 15.541696, 17.795765, 23.354685, 44.22794
8.779616, 9.966276, 12.308112, 15.4681668, 17.758924349999997, 23.507924, 44.22794
8.649318, 9.1181595, 10.788428249999999, 12.442805, 14.070717, 17.8129, 38.813544
8.647674, 9.120862500000001, 10.79577675, 12.430775, 14.06189, 17.64457709999997, 38.813544
8.647105250000001, 9.119783, 10.79752375, 12.442949700000003, 14.079938, 17.844506, 38.813544
8.64686075, 9.139831, 10.824965, 12.429064, 14.009391, 17.844506, 38.813544
8.647925, 9.147789, 10.783959, 12.345194, 13.92961735, 17.69964492999999, 38.813544
8.647676, 9.124091499999999, 10.802272, 12.444263, 14.0132506, 17.872018, 38.813544
8.645996, 9.127029, 10.787559, 12.426273, 14.062294, 17.78608, 38.813544
8.649534, 9.140916, 10.797017, 12.449230300000009, 13.983646, 17.708369, 38.813544
8.65008375, 9.1478535, 10.803728, 12.444263, 13.99554189999999, 17.8129, 38.813544
8.6437615, 9.127385, 10.783959, 12.429064, 14.040769899999987, 17.793896, 38.813544
8.644621, 9.128324, 10.801294, 12.418864, 13.983646, 17.793979169999986, 38.813544
8.652616, 9.137459, 10.801449, 12.429064, 14.027751549999996, 17.78704024999999, 38.813544
8.64713, 9.1196155, 10.803728, 12.429064, 13.964287549999996, 17.699605, 38.813544
8.647641, 9.129338, 10.807164, 12.426552100000006, 14.062294, 17.92199, 38.813544
8.648051, 9.137685, 10.807164, 12.458397, 14.070717, 17.930662, 38.813544
8.6474265, 9.134672, 10.809672, 12.420221, 13.967338, 17.708369, 38.813544
8.64713, 9.1267505, 10.817235, 12.4361022, 14.066505, 17.786971, 38.813544
8.647882, 9.12137, 10.787681, 12.442805, 14.0619102, 17.793979169999986, 38.813544
8.64897175, 9.137233, 10.799901, 12.389567, 13.990885, 17.629572, 38.813544
8.64698325, 9.134672, 10.840676, 12.498776, 14.0770436, 17.699605, 38.813544
8.643484, 9.114455, 10.749304, 12.346427, 13.885533, 17.703598, 38.813544
8.649243250000001, 9.142635, 10.816327, 12.429641, 14.066710849999996, 17.8129, 38.813544
8.644519, 9.134162, 10.79752375, 12.456485, 14.057811, 17.844506, 38.813544
8.643625, 9.141108, 10.801294, 12.474138, 14.039873, 17.78608, 38.813544
8.6452335, 9.137233, 10.797017, 12.448787, 14.015086, 17.611796, 38.813544
8.64735, 9.133437, 10.809672, 12.426230200000001, 14.009579149999999, 17.78704024999999, 38.813544
8.645996, 9.12137, 10.801736, 12.426232, 13.974307, 17.703645709999993, 38.813544
8.651493, 9.139831, 10.82114, 12.434019, 14.034630899999996, 17.663793, 38.813544
8.643581, 9.118227, 10.792518, 12.4262361, 13.960113, 17.793896, 38.813544
8.648051, 9.1300015, 10.809144, 12.426552100000006, 14.015086, 17.703645709999993, 38.813544
8.643614, 9.10919, 10.774918, 12.384751700000004, 13.964127, 17.644383, 38.813544
8.645662, 9.109495, 10.7947655, 12.378146, 13.967338, 17.703598, 38.813544
8.647882, 9.12137, 10.813056, 12.423639, 14.057811, 17.802213, 38.813544
8.649687, 9.125568, 10.772138, 12.365659, 14.013154, 17.802213, 38.813544
8.642181, 9.105113, 10.784076, 12.426273, 14.021759099999995, 17.709146019999878, 38.813544
8.779638, 9.928671000000001, 12.33045, 15.618331, 17.844506, 23.421254, 44.22794
8.7768255, 9.955298500000001, 12.348931499999999, 15.450004300000016, 17.75720585, 23.06553333999984, 44.22794
8.780913, 9.960963, 12.27106175, 15.445820400000006, 17.75720585, 23.35500521999995, 44.22794
8.776767, 9.95456, 12.26665475, 15.493653700000007, 17.82499929999999, 23.544528, 44.22794
8.781703, 9.964299, 12.355245499999999, 15.481921, 17.689732349999996, 23.421402409999978, 40.625286
8.776018, 9.908774000000001, 12.282786, 15.480995, 17.833334, 23.387052469999947, 44.22794
8.780058, 9.963756499999999, 12.3302505, 15.569308, 17.79776685, 23.386707, 44.22794
8.7664265, 9.932933, 12.301781, 15.477724100000005, 17.717036, 23.354685, 44.22794
8.777615, 9.916019, 12.241719, 15.450130200000018, 17.833334, 23.33775050999992, 44.22794
8.77183775, 9.921008, 12.27106175, 15.486467, 17.69669, 23.474159, 44.22794
8.770043, 9.890004, 12.222134, 15.45753, 17.692836, 23.313008, 44.22794
8.77871125, 9.959156, 12.272841499999998, 15.442775300000006, 17.716931, 23.174614, 44.22794
8.779638, 9.961099, 12.354152, 15.582609, 17.8880633, 23.581625, 44.22794
8.646259, 9.1278, 10.792518, 12.430775, 14.009391, 17.81321605999995, 38.813544
8.646909, 9.142896, 10.830662, 12.459643, 14.0619102, 17.8129, 38.813544
8.648023, 9.140164, 10.829518, 12.453529, 14.0770436, 17.786971, 38.813544
8.648051, 9.1446595, 10.816158, 12.458397, 14.063569, 17.872178239999975, 38.813544
8.647925, 9.133437, 10.794662, 12.411578800000004, 13.963141849999998, 17.786971, 38.813544
8.646164, 9.134162, 10.797017, 12.429641, 14.062294, 17.844506, 38.813544
8.649534, 9.141965, 10.869478, 12.50979, 14.113996249999998, 17.844506, 38.813544
8.649245, 9.1275925, 10.779551, 12.426232, 14.039873, 17.703645709999993, 38.813544
8.64909, 9.1263985, 10.802425, 12.430775, 14.027751549999996, 17.786071, 38.813544
8.649243250000001, 9.140164, 10.807164, 12.394759000000004, 13.929538, 17.708369, 38.813544
8.64713, 9.124901, 10.79577675, 12.426232, 14.062294, 17.872178239999975, 38.813544
8.643581, 9.1267505, 10.823630000000001, 12.456485, 14.009579149999999, 17.802213, 38.813544
8.6476755, 9.126939, 10.8072195, 12.426093, 13.990885, 17.611796, 38.813544
8.643484, 9.114951, 10.801294, 12.4075519, 13.964127, 17.629572, 38.813544
8.647156, 9.125568, 10.823185, 12.424528800000004, 14.063569, 17.786971, 38.813544
8.647682, 9.128411, 10.802748, 12.4261067, 13.951795, 17.793896, 38.813544
8.647682, 9.142981, 10.82114, 12.434019, 14.06189, 17.69964492999999, 38.813544
8.644131, 9.114951, 10.788663, 12.424355, 13.99554189999999, 17.786071, 38.813544
8.647882, 9.128324, 10.815183, 12.481334, 14.099284, 17.8129, 38.813544
8.64953375, 9.143244, 10.840676, 12.474183, 14.063715799999997, 17.786071, 38.813544
8.6468, 9.1120225, 10.784076, 12.402768, 13.951795, 17.44314, 38.813544
8.649238, 9.152653, 10.817235, 12.418864, 13.994813, 17.611796, 38.813544
8.64735, 9.130221, 10.785508499999999, 12.436356, 13.983646, 17.708369, 38.404747
8.644217, 9.126235, 10.794076, 12.391037200000008, 14.015086, 17.644383, 38.813544
8.648381749999999, 9.120355, 10.791028, 12.426273, 14.009391, 17.699605, 38.813544
8.647925, 9.128411, 10.77695925, 12.420221, 13.960113, 17.699605, 38.813544
8.64424, 9.107911, 10.779907, 12.407502, 13.94272, 17.48360792999991, 38.813544
8.645846, 9.141965, 10.845399, 12.458521600000003, 14.070717, 17.802213, 38.813544
8.775863, 9.933252, 12.325159, 15.613687, 17.859471499999998, 23.474159, 44.22794
8.78165975, 9.955298500000001, 12.326113, 15.541696, 17.80274734999999, 23.421402409999978, 44.22794
8.77074575, 9.952444, 12.301781, 15.547275, 17.844816849999997, 23.50829003999994, 44.22794
8.78325, 9.95008, 12.30847, 15.580057, 17.799394349999996, 23.287969, 44.22794
8.781392499999999, 9.928858, 12.255675, 15.410377400000003, 17.737126, 23.337430289999972, 40.625286
8.779225, 9.937025, 12.322666, 15.481921, 17.82280555, 23.83828265999991, 44.22794
8.7771495, 9.929108, 12.266811, 15.569308, 17.7958544, 23.684487, 40.625286
8.769287250000001, 9.9222, 12.292975, 15.5116672, 17.847341899999996, 23.337430289999972, 44.22794
8.788037, 9.950845, 12.326838, 15.501056, 17.79776685, 23.544632769999982, 44.22794
8.776845, 9.933252, 12.267887, 15.501305600000006, 17.8129, 23.973925, 44.22794
8.780913, 9.937304, 12.217056249999999, 15.373173600000007, 17.630981949999995, 23.328235, 44.22794
8.773694, 9.914207, 12.244688, 15.464343, 17.849905699999997, 23.337430289999972, 44.22794
8.77594775, 9.959087, 12.282503, 15.471077, 17.782938, 23.55508004999999, 44.22794
8.770255, 9.9190445, 12.239275249999999, 15.351980800000005, 17.646852, 23.313160269999976, 44.22794
8.77666425, 9.935835, 12.309544, 15.505135, 17.813189749999996, 23.896362, 44.22794
8.780058, 9.9480875, 12.330184, 15.558682, 17.870686099999997, 23.421254, 39.815707
8.767827, 9.927026999999999, 12.316713, 15.511867, 17.760584, 23.421402409999978, 44.22794
8.774119, 9.8897225, 12.263127, 15.44573, 17.82070005, 23.23759482999992, 40.625286
8.774602999999999, 9.929418, 12.238608, 15.479876, 17.681864499999993, 23.387052469999947, 44.22794
8.77815525, 9.916019, 12.258971, 15.464343, 17.75720585, 23.164666, 44.22794
8.783293, 9.979543, 12.325159, 15.516032, 17.863537349999994, 23.581625, 44.22794
8.76485825, 9.926991, 12.2424095, 15.428003300000013, 17.8756064, 23.474159, 44.22794
8.78468425, 9.960471, 12.3431125, 15.558682, 17.8129, 23.237086, 44.22794
8.781968, 9.977933, 12.344272, 15.603006400000003, 17.930662, 23.555005, 44.22794
8.794592000000002, 10.010605, 12.375729, 15.608263, 17.84715475, 23.685297739999886, 44.22794
8.780058, 9.91446, 12.2465835, 15.464343, 17.82280555, 23.328235, 44.22794
8.775863, 9.924691, 12.26454125, 15.486467, 17.797559800000002, 23.474159, 44.22794
8.786702250000001, 9.959553, 12.28102025, 15.505479700000008, 17.8756064, 23.421254, 40.625286
8.775454, 9.929418, 12.273155, 15.4738626, 17.786071, 23.474159, 44.22794
8.778439, 9.939203, 12.27212, 15.44573, 17.758837, 23.544528, 44.22794
9.100571, 11.20299, 14.04812075, 17.3578548, 19.742827, 25.87213881, 44.22794
9.099244, 11.230704, 14.047847, 17.38113230000002, 19.905001, 25.677274, 44.22794
8.775454, 9.928671000000001, 12.297922, 15.464343, 17.775701849999997, 23.174614, 44.22794
8.776559, 9.939663, 12.276249, 15.513646100000006, 17.81015, 23.223349, 44.22794
8.779954, 9.950419, 12.27106175, 15.4336091, 17.797689, 23.972295459999998, 44.22794
8.78088675, 9.935844, 12.331992, 15.555674, 17.843497, 23.544528, 44.22794
8.783520249999999, 9.963837, 12.297309, 15.468723, 17.863091, 23.421254, 44.22794
8.776687, 9.939926, 12.299575, 15.513381, 17.716931, 23.582653619999835, 44.22794
8.7787505, 9.954058, 12.284758, 15.4681668, 17.822721, 23.56251, 44.22794
8.7763955, 9.934746, 12.309553000000001, 15.548184600000006, 17.7437363, 23.421402409999978, 44.22794
8.767913, 9.925512, 12.255675, 15.513381, 17.88779975, 23.421402409999978, 44.22794
8.782554, 9.956033, 12.27635725, 15.547344100000002, 17.81015, 23.474159, 44.22794
8.7763955, 9.885016, 12.24462575, 15.445933900000007, 17.737126, 23.56251, 44.22794
8.78927125, 9.967755, 12.30847, 15.582384000000001, 17.843497, 23.973925, 44.22794
8.779954, 9.956033, 12.291358, 15.544779, 17.870616, 23.789130559999922, 40.625286
8.786092750000002, 9.927777, 12.267887, 15.480995, 17.820659, 23.436095, 44.22794
8.7819415, 9.947821000000001, 12.29104225, 15.465985, 17.786116, 23.50829003999994, 44.22794
8.771576, 9.932933, 12.297922, 15.557732, 17.757710099999994, 23.474159, 44.22794
8.785044, 9.957723, 12.3443275, 15.505479700000008, 17.786071, 23.313008, 44.22794
8.7819415, 9.939425, 12.26598075, 15.373173600000007, 17.681459, 23.186330629999954, 44.22794
8.77533175, 9.933128, 12.3431125, 15.559198500000011, 17.737126, 23.313160269999976, 44.22794
8.77258, 9.9154695, 12.320116, 15.503710300000003, 17.82148, 23.896816429999927, 44.22794
8.774067500000001, 9.939926, 12.268384999999999, 15.487360800000003, 17.768982599999998, 22.994566, 44.22794
8.77497675, 9.91446, 12.27518, 15.481594300000001, 17.82148, 23.337256, 44.22794
9.10763825, 11.239497, 14.059299, 17.375265, 19.862456, 25.607038, 44.22794
9.105165, 11.245794, 14.092094, 17.443773200000013, 19.935798, 26.311127, 44.22794
9.098528, 11.214026, 14.055484, 17.2793, 19.690333, 25.569375, 44.22794
9.103057, 11.231748, 14.084987, 17.357815, 19.972802, 25.791337, 44.22794
9.10878, 11.231636, 14.059709, 17.364599, 19.916648, 25.907049, 44.22794
9.098896, 11.184435, 14.03297575, 17.285888000000003, 19.797086, 25.678368970000225, 44.22794
9.114416, 11.240114, 14.10695, 17.297558, 19.718137, 25.677274, 44.22794
9.099244, 11.258235, 14.08632, 17.361573, 19.781006, 25.872138, 44.22794
9.110913, 11.211657, 14.03706, 17.412054, 19.862456, 26.015162, 44.22794
9.1066925, 11.249662, 14.110726, 17.440367, 19.935798, 25.791337, 44.22794
9.115128, 11.2281035, 14.0594015, 17.417718, 19.916648, 25.907049, 44.22794
9.11223975, 11.256453, 14.078297, 17.448593, 19.917179149999953, 25.398104, 44.22794
9.115342, 11.2398055, 14.10436, 17.375265, 19.797917, 25.569375, 44.22794
9.11931875, 11.234425, 13.988161, 17.400589, 19.837517, 26.226208, 44.22794
9.114235, 11.231636, 14.098249, 17.369627, 19.972802, 25.786771, 44.22794
9.115342, 11.2485435, 14.08632, 17.440367, 20.01937, 25.872138, 44.22794
9.10878, 11.261879, 14.104582, 17.361573, 19.911072, 25.678368970000225, 44.22794
8.780289, 9.960471, 12.285568, 15.471077, 17.717276, 23.328325209999985, 44.22794
8.775586, 9.9370805, 12.234647, 15.481558, 17.768922, 23.287969, 44.22794
8.78153, 9.937809, 12.291375, 15.584591, 17.890157, 23.386707, 44.22794
8.642266, 9.112136, 10.80231025, 12.436701700000008, 14.057811, 17.699605, 38.813544
8.646315, 9.137233, 10.792584, 12.429754400000002, 14.057811, 17.92199, 38.813544
8.725592, 9.071872500000001, 10.49817, 11.974163, 13.108789, 16.712506109999886, 38.404747
8.722185, 9.071135, 10.516849, 11.9723777, 13.11222765, 16.60481621, 38.404747
8.7303845, 9.0829825, 10.52586325, 11.993566, 13.120155, 16.348599589999996, 38.813544
8.73109375, 9.0829825, 10.549063, 12.037206300000005, 13.219887850000001, 16.712506109999886, 38.813544
8.731069, 9.093795, 10.555986, 12.025126, 13.123117, 16.594025899999984, 38.813544
8.728604, 9.0762965, 10.537345, 12.05524, 13.112126, 16.620502, 38.813544
8.72772475, 9.073132, 10.52685975, 12.001984000000013, 13.139758549999993, 16.60573268, 38.813544
8.727994, 9.071783, 10.508151, 11.986512, 13.157196249999998, 16.468887259999953, 38.813544
8.72828025, 9.072232, 10.528769, 12.025854300000004, 13.171542549999996, 16.61575631, 38.813544
8.726526, 9.070329000000001, 10.53268325, 12.021832, 13.120273399999999, 16.393789, 38.404747
8.72521875, 9.083074, 10.52273125, 12.064512100000002, 13.259494, 16.902898, 38.813544
8.732067, 9.082386, 10.512209, 12.023728, 13.139762699999991, 16.60573268, 38.813544
8.72537875, 9.0652595, 10.501646000000001, 11.962326, 13.090192199999995, 16.31993434999999, 38.813544
8.72694, 9.067948, 10.501241, 11.992856, 13.156586049999994, 16.499532399999886, 38.404747
8.73107125, 9.0722735, 10.526465, 11.974163, 13.097283, 16.306211700000002, 38.813544
8.73045475, 9.08048, 10.498277999999999, 11.9812863, 13.126926, 16.576445, 38.813544
8.72988, 9.07775, 10.531125, 12.021832, 13.189383, 16.620502, 38.813544
8.724724, 9.078448999999999, 10.53097, 12.055264, 13.259494, 16.711789, 38.813544
8.646315, 9.124091499999999, 10.795695, 12.402768, 13.990885, 17.8129, 38.813544
8.64713, 9.141965, 10.842357, 12.458397, 14.079938, 18.052882, 38.813544
8.649588, 9.124901, 10.805758, 12.419637, 14.027404, 17.786971, 38.813544
8.649245, 9.135479, 10.803728, 12.436074, 14.057811, 17.793979169999986, 38.813544
8.649243250000001, 9.147789, 10.794076, 12.436074, 14.057811, 17.629572, 38.813544
8.64791425, 9.129338, 10.8042355, 12.420562800000008, 14.027404, 17.888042, 38.813544
8.727136, 9.0763185, 10.519707, 12.006062, 13.1711402, 16.468585, 34.462112
8.724199500000001, 9.079835, 10.50332175, 11.964631, 13.075556, 16.61575631, 38.813544
8.727184000000001, 9.078300500000001, 10.52586, 12.018876, 13.112988, 16.335787, 34.462112
8.727006, 9.088567999999999, 10.528557, 12.022425, 13.189907099999992, 16.615886, 38.813544
8.726974, 9.079817, 10.520888750000001, 12.022684700000003, 13.206562499999997, 16.78368708999997, 38.404747
8.72806675, 9.072712, 10.524649, 12.015373, 13.15625055, 16.644732, 38.813544
8.732299, 9.0909255, 10.537781, 11.998687800000006, 13.150815, 16.36108912999997, 38.813544
8.725231, 9.0728635, 10.494544, 11.992126, 13.219334049999999, 16.39532103999988, 38.404747
8.72791575, 9.081499, 10.510521749999999, 11.973963, 13.123117, 16.442499, 38.813544
8.7251575, 9.076262, 10.50404, 11.970187300000003, 13.135407, 16.605762499999994, 38.813544
8.728103, 9.072315, 10.507705, 11.978243, 13.137592, 16.570951, 38.813544
8.725408, 9.067684, 10.50805325, 11.974163, 13.16290355, 16.894187, 38.813544
8.725231, 9.065984, 10.497307, 11.963666200000002, 12.980095999999998, 16.335787, 38.813544
8.725494, 9.076375, 10.524028, 12.018876, 13.204716, 16.593917, 38.813544
8.78580275, 9.065998, 10.22052, 11.654542, 12.512041, 15.240095439999946, 26.889073
8.785803, 9.0534435, 10.220221, 11.629453, 12.385381, 14.932628, 26.889073
8.790314, 9.053603, 10.229197, 11.64915, 12.476371, 14.822824, 19.563106
8.783667, 9.048251, 10.227706, 11.645967, 12.420386, 14.932628, 26.889073
8.795333, 9.0619655, 10.20198, 11.584608700000006, 12.364588, 14.902097389999952, 26.889073
8.789633, 9.061763, 10.224222, 11.646870900000001, 12.490727, 14.944267119999985, 19.563106
8.8302875, 9.0162295, 9.369055, 10.852275300000002, 11.749923200000001, 13.787287, 37.448702
8.83456675, 9.018693, 9.382862750000001, 10.8938288, 11.832256799999998, 13.892522029999954, 37.448702
8.837090750000002, 9.0194565, 9.376572, 10.8069158, 11.72728635, 13.655520369999914, 35.734803
8.83136125, 9.014543, 9.386499, 10.920693, 11.817054099999993, 13.97922318, 37.448702
8.838105, 9.022229, 9.383769, 10.8909724, 11.794418, 13.780336209999987, 35.734803
8.834258, 9.016922, 9.3776835, 10.886900500000001, 11.764289, 13.851700399999983, 35.487972
8.831294750000001, 9.015231, 9.369636499999999, 10.9194022, 11.7668939, 13.780266, 37.448702
8.835176, 9.016636, 9.3802995, 10.904913500000001, 11.77998, 13.806771, 33.51644
8.836178, 9.0221325, 9.381936, 10.871102500000001, 11.824461, 13.640810209999987, 37.448702
8.83208, 9.018239, 9.3864095, 10.928466, 11.80116, 13.85159, 35.734803
8.8296215, 9.015596500000001, 9.364539, 10.883057599999999, 11.749923200000001, 13.787291719999999, 35.487972
8.8273275, 9.014781, 9.358162, 10.883279, 11.80907285, 13.89274387999992, 37.448702
8.83536025, 9.014253, 9.369959, 10.818503200000002, 11.716159549999999, 13.780266, 35.734803
8.827791, 9.015217, 9.35974725, 10.898591, 11.816593, 14.040243679999977, 37.448702
8.8318875, 9.018195, 9.382048, 10.8987772, 11.795208, 13.775426879999992, 37.448702
8.832172, 9.015668, 9.375854, 10.967191600000001, 11.834971549999999, 14.022834, 35.734803
8.830292, 9.0158375, 9.368721, 10.883001400000001, 11.799999099999999, 13.654993, 37.448702
8.83461775, 9.0196705, 9.380598, 10.932658000000002, 11.879539899999997, 14.121396799999982, 35.734803
8.8310145, 9.016608999999999, 9.372683, 10.8619671, 11.778039, 13.729036939999997, 37.448702
8.82672575, 9.013282, 9.36435925, 10.897342, 11.787182, 13.89274387999992, 37.448702
8.829467000000001, 9.014709499999999, 9.361175, 10.8743099, 11.735516149999992, 13.762149, 35.487972
8.832856249999999, 9.015602000000001, 9.367168, 10.878212, 11.75006, 13.86548, 35.734803
8.833051, 9.019313499999999, 9.365283250000001, 10.832355800000002, 11.7627885, 14.025519, 37.448702
8.83100525, 9.0181635, 9.3845875, 10.888334, 11.767272, 14.025519, 37.448702
8.834243, 9.0172365, 9.36908275, 10.893439, 11.833089, 14.025519, 37.448702
8.831739, 9.015073, 9.365342, 10.897723, 11.780594, 14.006010929999974, 35.734803
8.829003499999999, 9.014216, 9.36979325, 10.8940401, 11.8255642, 14.042294, 37.448702
8.829278, 9.011302, 9.35977875, 10.86392, 11.781980749999999, 14.025349, 37.448702
8.834742, 9.014253, 9.3758995, 10.891991800000001, 11.8491212, 13.979219, 37.448702
8.8303245, 9.015805, 9.361752749999999, 10.839461, 11.695556, 13.787291719999999, 35.487972
8.835749, 9.017942999999999, 9.372371, 10.875006, 11.836972899999997, 13.980478189999959, 37.448702
8.833141, 9.015998, 9.37331125, 10.8395004, 11.73446955, 13.731506, 37.448702
8.83169, 9.0129465, 9.367611, 10.897342, 11.784788, 13.96692616999998, 37.448702
8.831318750000001, 9.0194565, 9.3675215, 10.8460413, 11.762744849999999, 13.605710779999944, 35.487972
8.8300915, 9.012799, 9.360429, 10.8611376, 11.774039, 14.132683299999998, 37.448702
8.832637, 9.016846, 9.359746, 10.8667645, 11.762899649999998, 14.02563351999998, 35.734803
8.829033, 9.014819, 9.367495, 10.875326600000001, 11.832118, 13.966930349999979, 35.734803
8.834234, 9.015814, 9.358695749999999, 10.839855, 11.749916, 13.851700399999983, 37.448702
8.838226, 9.025458, 9.384319, 10.953587, 11.8369612, 13.920834739999906, 37.448702
8.834357, 9.016439, 9.366143, 10.886986, 11.770969, 14.022834, 37.448702
8.832921, 9.015716, 9.36529825, 10.848801, 11.771036699999998, 13.980222, 37.448702
8.831992, 9.0172815, 9.372248, 10.8748845, 11.778039, 14.061738289999981, 35.734803
8.830016, 9.016244499999999, 9.372494, 10.884661900000001, 11.799996699999998, 14.022859149999995, 37.448702
8.832332, 9.016925, 9.357470750000001, 10.8583029, 11.768566, 13.775426879999992, 37.448702
8.8324555, 9.0190485, 9.372248, 10.893935, 11.8258517, 14.134977799999955, 35.734803
8.82752675, 9.0109195, 9.34664, 10.83569, 11.715526, 13.980222, 35.734803
8.83169, 9.014702, 9.35765375, 10.8229978, 11.725419, 13.707942819999966, 37.448702
8.868566, 9.004629, 9.183131, 9.458363, 10.003537249999999, 11.90322, 37.448702
8.8684265, 9.005141, 9.181369, 9.459578, 9.973715, 11.90322, 37.448702
8.865974, 9.002392, 9.17380925, 9.442472, 9.933371699999993, 11.922215, 37.448702
8.870337, 9.004527, 9.1789395, 9.443095, 9.972295, 11.913174, 35.734803
8.868995, 9.000985, 9.171256, 9.4448559, 9.946236, 11.99360294, 35.734803
8.86566, 9.004921, 9.18344075, 9.455484, 9.962040399999994, 11.958562, 37.448702
8.867202, 9.003299, 9.174747, 9.4381976, 9.921269099999995, 11.913264410000002, 35.734803
8.866539, 9.003879, 9.179745, 9.450355, 9.9923587, 12.003089, 37.448702
8.86565725, 9.002868, 9.18743475, 9.471973, 10.067905, 12.048048670000002, 37.448702
8.869084, 9.0054475, 9.188889, 9.451873, 10.070889, 12.315773, 37.448702
8.868146000000001, 9.000486500000001, 9.17915, 9.4567853, 9.965514549999996, 11.90322, 37.448702
8.8638465, 9.004294, 9.17372475, 9.424137300000002, 9.946236, 11.958679300000004, 37.448702
8.8603205, 8.998738, 9.173258, 9.4308111, 9.885056299999992, 11.89793043, 35.734803
8.862465, 9.0016415, 9.179931, 9.44659, 9.95293145, 12.048048670000002, 35.734803
8.865974, 9.002961, 9.182001750000001, 9.451821700000002, 9.997939, 11.958562, 37.448702
8.867824, 9.0032085, 9.183177, 9.4658351, 10.05733, 11.922215, 37.448702
8.868566, 9.009162, 9.189122, 9.451816, 10.041665, 11.913264410000002, 35.734803
8.868397250000001, 9.0021175, 9.1764525, 9.4498257, 10.0137305, 11.999339, 37.448702
8.868097500000001, 9.002518, 9.175689, 9.457004, 10.005764699999993, 12.007767, 37.448702
8.864473, 8.999015, 9.17481575, 9.439364, 9.946236, 11.999339, 37.448702
8.86079825, 8.999251, 9.173303, 9.4519932, 9.95983, 11.932734400000001, 35.734803
8.866938, 9.00173, 9.17384, 9.438996, 9.946236, 11.913264410000002, 37.448702
8.8721295, 9.0052, 9.180037, 9.455824, 10.0051396, 12.072515, 37.448702
8.865721, 9.003303, 9.18293975, 9.459321500000001, 10.014147249999997, 11.938615, 37.448702
8.864146, 9.00024, 9.169946, 9.437264, 9.97255, 12.008169170000007, 37.448702
8.863247, 8.996332, 9.1690575, 9.431237, 9.91344, 11.922215, 37.448702
8.868601, 9.00341, 9.188139, 9.471791, 10.061361, 12.315896990000002, 37.448702
8.869135, 9.005745000000001, 9.18750125, 9.4583493, 9.962119099999992, 11.894863930000001, 37.448702
8.865273, 9.0061795, 9.176058, 9.4381976, 9.969382, 11.897877, 37.448702
8.866938, 9.002467, 9.170898, 9.435525, 9.910716, 11.961167170000001, 37.448702
8.863328, 9.000226, 9.174523, 9.4381976, 9.972295, 11.938615, 37.448702
8.869287, 9.005091, 9.187704, 9.478547200000001, 10.089117649999999, 12.223577700000007, 37.448702
8.87061, 9.020896, 9.211811, 9.478358700000001, 9.81960425, 12.278240760000006, 37.448702
8.874604, 9.025334, 9.21166075, 9.495355600000002, 9.83695, 12.383066, 36.893046
8.873106, 9.021198, 9.21166075, 9.482716900000002, 9.777785049999999, 11.914574520000004, 37.448702
8.87454775, 9.023769, 9.210588, 9.4884586, 9.813380999999998, 12.348475650000006, 52.853195
8.87352525, 9.019480000000001, 9.2097735, 9.473385, 9.804850199999999, 12.330639480000004, 52.853195
8.87810725, 9.027424, 9.21744875, 9.4870756, 9.831191, 12.34821, 37.448702
8.87602375, 9.01896, 9.212058500000001, 9.473287, 9.812896649999999, 12.47644415, 37.448702
8.87552725, 9.0190295, 9.213821, 9.4924607, 9.8404, 12.27790974, 52.853195
8.8723485, 9.020583, 9.213537500000001, 9.476831500000001, 9.8392676, 12.374935950000003, 37.448702
8.879055999999999, 9.028667500000001, 9.216633, 9.5091832, 9.85085945, 12.575413, 52.853195
8.874187, 9.020167, 9.2104365, 9.469285, 9.80791975, 12.27790974, 37.448702
8.875088, 9.019431, 9.2010915, 9.464392100000001, 9.758502349999995, 11.995329190000014, 52.853195
8.873928750000001, 9.01932, 9.2152875, 9.496385, 9.819685099999997, 11.999339, 35.734803
8.8776745, 9.027358, 9.215896, 9.486231, 9.810700799999994, 12.048048670000002, 37.448702
8.8722345, 9.019832, 9.2092775, 9.4950651, 9.829320449999999, 12.510713730000008, 52.853195
8.8723385, 9.016636, 9.206015, 9.4781809, 9.8156712, 12.312308, 52.853195
8.879919, 9.024963, 9.2127565, 9.4939708, 9.835925499999997, 11.961192200000001, 37.448702
8.87172, 9.021198, 9.209611, 9.4842505, 9.819506, 12.008169170000007, 37.448702
8.87706175, 9.018668, 9.21135125, 9.49414, 9.83908995, 12.34037415, 37.448702
8.87234025, 9.01925, 9.20567125, 9.476569, 9.813480249999998, 12.07348752000002, 52.853195
8.873913, 9.0185875, 9.210299, 9.4805805, 9.82441575, 12.279171, 52.853195
8.87410525, 9.020548999999999, 9.211067, 9.474727300000001, 9.842753, 11.932545, 52.853195
8.8728525, 9.022036, 9.213725, 9.4853692, 9.842753, 12.257917640000016, 37.448702
8.8764935, 9.0250445, 9.220209, 9.516670099999999, 9.8599695, 12.476382, 35.734803
8.87485575, 9.0226595, 9.21172, 9.496808, 9.8391935, 12.454759410000005, 52.853195
8.8717005, 9.0199565, 9.206852, 9.486829, 9.823652599999996, 12.34525584, 35.330604
8.87577675, 9.0236155, 9.21245525, 9.486281400000001, 9.81769355, 12.312308, 52.853195
8.865184249999999, 9.007779, 9.1788815, 9.439994, 9.927151549999998, 11.922215, 37.448702
8.8672, 9.003106, 9.18142875, 9.438148, 9.927125549999998, 11.970292, 37.448702
8.868584, 9.003352, 9.178882250000001, 9.445592, 9.961836849999997, 11.938814470000004, 37.448702
8.863847, 9.003801, 9.172676, 9.430244, 9.933371699999993, 11.913264410000002, 37.448702
8.864143, 9.000194, 9.17256375, 9.445991500000002, 9.961836849999997, 11.961167170000001, 37.448702
8.8689705, 9.000985, 9.172599, 9.437902, 9.918332, 11.875228480000004, 37.448702
8.868889750000001, 9.007035, 9.182977, 9.4581268, 9.985917299999995, 12.170301710000011, 37.448702
8.862614, 8.99824, 9.168263, 9.438716, 9.965311, 12.003135780000001, 37.448702
8.8689705, 9.0014895, 9.1772115, 9.440421, 9.92986, 11.932734400000001, 35.734803
8.868428, 9.00372, 9.1788815, 9.449913, 9.97255, 12.070419, 37.448702
8.867824, 9.001924, 9.179358, 9.457346, 9.969460699999999, 12.07043996, 37.448702
8.868428, 9.00472, 9.181743, 9.4519932, 9.9920315, 11.970524530000006, 37.448702
8.864104, 9.0012765, 9.1788815, 9.438007599999999, 9.961654, 12.054451, 37.448702
8.866711, 9.004519, 9.186604, 9.460099, 9.981216599999998, 11.999376500000002, 37.448702
8.864984250000001, 9.000709, 9.178265499999998, 9.445208, 9.980987, 12.003135780000001, 37.448702
8.864491, 9.003106, 9.188403749999999, 9.4430626, 9.949789, 12.048048670000002, 37.448702
8.865122, 9.0019125, 9.176531, 9.42174, 9.941171549999996, 11.90322, 37.448702
8.86591825, 9.001634, 9.175001, 9.460722, 9.9920315, 12.054451, 37.448702
8.868397250000001, 9.0029145, 9.17615225, 9.4505011, 9.970956, 11.970524530000006, 37.448702
8.86885625, 9.004194, 9.17894175, 9.458287, 10.004442, 12.048048670000002, 37.448702
8.86165675, 8.997207, 9.170088, 9.433837, 9.918765849999993, 11.809925, 37.448702
8.867031749999999, 9.001022, 9.178997, 9.460509, 9.972608249999999, 12.048048670000002, 37.448702
8.866639, 9.002868, 9.179931, 9.456761, 9.970956, 11.958587130000002, 35.734803
8.869212, 9.004557, 9.180358, 9.444518, 9.905393399999998, 11.894863930000001, 37.448702
8.869183, 9.0052, 9.1857855, 9.463549, 9.969382, 12.008169170000007, 37.448702
8.87199925, 9.017949999999999, 9.204672250000002, 9.4764301, 9.815768399999998, 12.072515, 37.448702
8.87535125, 9.019765, 9.215401, 9.490067, 9.860574699999999, 12.257414890000005, 52.853195
8.877147, 9.02504, 9.220691250000002, 9.4977867, 9.84194735, 12.224310240000024, 37.448702
8.875403500000001, 9.022314000000001, 9.20983025, 9.4793088, 9.77633335, 12.34821, 52.853195
8.8788145, 9.02511, 9.213537500000001, 9.478165, 9.80791975, 12.278240760000006, 37.448702
8.87244025, 9.020214500000002, 9.2040715, 9.4900896, 9.84395425, 12.348473290000006, 35.487972
8.876864, 9.023417, 9.214166, 9.484622, 9.842774799999999, 12.328194900000002, 52.853195
8.87708, 9.021134, 9.210658500000001, 9.506237, 9.829971, 12.81335235, 35.487972
8.87261075, 9.0162495, 9.204455750000001, 9.4825171, 9.80838985, 12.278240760000006, 52.853195
8.877639, 9.0219755, 9.21482675, 9.502057, 9.850841, 12.257427630000006, 37.448702
8.86330125, 9.000226, 9.172687, 9.433837, 9.920967, 11.832407150000003, 37.448702
8.874015750000002, 9.018945, 9.203498750000001, 9.476749, 9.8102409, 12.223784590000012, 37.448702
8.87359675, 9.020119000000001, 9.214472, 9.494955, 9.8432984, 12.423992190000012, 36.893046
8.878997, 9.0242925, 9.21654, 9.503467, 9.821552599999999, 12.34525584, 52.853195
8.872201, 9.021286499999999, 9.214736, 9.4939947, 9.856917, 12.312273, 37.448702
8.870882, 9.0184765, 9.209836, 9.4805948, 9.786364899999999, 12.575413, 37.448702
8.873189, 9.019317000000001, 9.20363225, 9.4773762, 9.810516049999997, 11.999376500000002, 37.448702
8.876366, 9.0206845, 9.21279125, 9.490188000000002, 9.8432984, 12.382309470000001, 36.893046
8.877534749999999, 9.027617, 9.219491999999999, 9.4922762, 9.8422153, 12.340616910000007, 36.893046
8.883652, 9.0422805, 9.243108, 9.508163300000001, 9.761134, 13.72982592000004, 52.853195
8.890065, 9.040541, 9.23972725, 9.5165636, 9.741932, 14.779568680000027, 52.853195
8.8890975, 9.046799, 9.242769, 9.511716400000001, 9.735357, 13.618961920000023, 36.893046
8.88841225, 9.038055, 9.240414, 9.5073414, 9.766911949999999, 15.266299860000068, 52.853195
8.886197, 9.0429605, 9.2377355, 9.510876, 9.761273149999997, 13.232364, 52.853195
8.885738, 9.0389705, 9.243742000000001, 9.5132366, 9.767297399999999, 13.803562, 52.853195
8.88998275, 9.046115, 9.235618, 9.501733, 9.72998305, 14.416516840000003, 52.853195
8.869612, 9.00683, 9.183294, 9.454415, 10.069073, 12.007767, 96.37768798619348
8.86235225, 9.00286, 9.1739815, 9.4613561, 9.897192, 12.070439959999998, 35.330604
8.784022, 9.0511365, 10.199632, 11.663426, 12.566796100000001, 14.873968020000007, 26.889073
8.7816525, 9.047973500000001, 10.199595, 11.594028, 12.38156, 14.783024, 19.563106
8.77902, 9.047295, 10.2315195, 11.6735604, 12.50278965, 14.965547820000014, 26.889073
8.78937475, 9.0574745, 10.214100250000001, 11.652477600000001, 12.5252472, 14.965547820000014, 19.563106
8.794445750000001, 9.0699155, 10.21913275, 11.662098, 12.492187, 14.83195652000001, 18.865024
8.79401825, 9.066845, 10.282529, 11.695916500000001, 12.4604952, 15.593343, 26.889073
8.78573275, 9.049769, 10.28810575, 11.693292, 12.4446137, 14.74727015000001, 26.889073
8.779686, 9.0530395, 10.1471085, 11.638343, 12.4546844, 14.721664, 19.563106
8.784519, 9.046512, 10.2190275, 11.6259878, 12.414092600000004, 14.632479980000003, 19.393533
8.780374, 9.039844500000001, 10.184419250000001, 11.6260744, 12.426091, 14.632456760000004, 19.563106
8.6467505, 9.1462885, 10.784076, 12.378577600000002, 13.943589649999987, 17.88846820000001, 38.813544
8.659911, 9.171114, 10.88670375, 12.570868, 14.174129649999998, 18.597355, 38.404747
8.64791425, 9.15797, 10.86018475, 12.4989225, 14.021462, 17.78608, 38.813544
8.63947, 9.102834, 10.765706, 12.347833, 14.062294, 17.538447, 38.813544
8.636048500000001, 9.079797, 10.7784, 12.386942800000002, 14.009579149999999, 17.483699230000013, 27.927733
8.644595500000001, 9.077871, 10.73426, 12.481334, 14.105456949999994, 17.936827, 38.404747
8.64798775, 9.10982, 10.77528, 12.418864, 13.846038449999998, 17.23640504000001, 38.404747
8.648381749999999, 9.1364725, 10.784825, 12.459643, 14.057811, 17.704691020000023, 38.813544
8.6473015, 9.155504, 10.806109500000002, 12.434224500000001, 13.975332299999986, 17.8129, 38.813544
8.639164, 9.1230105, 10.87562, 12.616911, 14.066505, 17.802213, 34.462112
8.651363, 9.137193499999999, 10.821458, 12.4429508, 13.994813, 17.611796, 38.813544
8.6450085, 9.117625499999999, 10.813506499999999, 12.444253100000001, 14.059407, 17.664151120000007, 34.462112
8.636974, 9.082037, 10.78858425, 12.4189413, 13.994813, 17.612674090000016, 38.813544
8.652522, 9.142900000000001, 10.871539, 12.4532509, 14.09346615, 17.699605, 38.813544
8.65180025, 9.142811, 10.802873, 12.348289000000001, 14.063569, 17.793896, 34.408771
8.643217, 9.1172125, 10.85023975, 12.395395200000003, 14.035527799999983, 17.80231987, 38.813544
8.643998, 9.071828, 10.730131, 12.418864, 13.964287549999996, 17.937987550000027, 38.813544
8.64962175, 9.157962000000001, 10.788229000000001, 12.3319197, 14.0770436, 17.92199, 38.404747
8.6604, 9.141025500000001, 10.805758, 12.436356, 13.925927999999997, 17.611796, 38.404747
8.645996, 9.144944, 10.83720825, 12.512249, 14.13822059999999, 18.188937, 38.813544
8.64965025, 9.1084795, 10.764135, 12.327199200000003, 13.868725849999992, 17.547577, 38.813544
8.6560165, 9.1364725, 10.865304, 12.517879000000004, 14.009391, 17.70364571, 38.813544
8.6467705, 9.1154935, 10.830678, 12.426572900000002, 14.0619102, 17.483607930000012, 38.813544
8.65217225, 9.140164, 10.797738, 12.389567, 13.990885, 17.538538300000003, 38.813544
8.65764525, 9.17181, 10.864846, 12.4492612, 13.975135899999987, 17.458345, 38.813544
8.647682, 9.142896, 10.802748, 12.436356, 14.021462, 17.70450098000002, 38.813544
8.6440815, 9.089676, 10.80035975, 12.474183, 14.066710849999996, 17.786071, 38.404747
8.646164, 9.117858, 10.8125405, 12.390487, 14.07062675, 17.813216060000006, 38.813544
8.653436, 9.157266, 10.84562975, 12.426273, 14.015404799999995, 17.612121870000006, 38.404747
8.6440815, 9.13643, 10.7886045, 12.478032, 14.0619102, 17.844781120000004, 27.927733
8.65590825, 9.128324, 10.7953125, 12.4429497, 14.08060959999999, 17.699605, 38.404747
8.643058, 9.089092, 10.784076, 12.4075519, 14.062807599999998, 17.872018, 38.813544
8.646338, 9.1275925, 10.803248, 12.356797300000002, 14.009579149999999, 18.211952, 34.462112
8.655897, 9.160797, 10.841002, 12.444252, 14.059531149999998, 17.844506, 38.813544
8.647667250000001, 9.137459, 10.794326, 12.462111, 14.0132506, 17.629720110000004, 34.462112
8.644131, 9.117975000000001, 10.801870000000001, 12.42623, 13.892181899999986, 17.78608, 38.813544
8.66663075, 9.164127, 10.882892, 12.601765, 14.126659, 17.629572, 38.813544
8.6518245, 9.161703, 10.835209, 12.390487, 13.907798949999998, 17.78608, 38.404747
8.650357249999999, 9.1552045, 10.840676, 12.420221, 13.926007349999997, 18.652070840000015, 38.813544
8.646902, 9.166083, 10.79752375, 12.478032, 14.124431, 17.786971, 38.404747
8.642968, 9.129782, 10.817596, 12.402633, 13.925738, 17.458345, 38.404747
8.646881, 9.106781, 10.7594085, 12.352565, 13.888502099999998, 17.644577100000006, 38.813544
8.66292475, 9.163957499999999, 10.869478, 12.481478300000001, 14.06230995, 17.709146020000016, 38.813544
8.645567, 9.124901, 10.840674, 12.426093, 14.039873, 17.53935825000002, 38.813544
8.646164, 9.1159785, 10.795250750000001, 12.348656, 13.961357199999998, 17.844781120000004, 38.813544
8.647676, 9.155742, 10.87345275, 12.500241, 14.165284199999993, 17.443292050000004, 38.813544
8.65582875, 9.1630905, 10.81732525, 12.424528800000001, 13.991081399999997, 17.443292050000004, 38.813544
8.641401, 9.085456, 10.769527, 12.4078891, 13.94032, 17.80231987, 34.408771
8.645567, 9.1375115, 10.837318750000001, 12.45322, 14.059531149999998, 17.629720110000004, 34.462112
8.643933, 9.1478535, 10.80231025, 12.430775, 13.968515349999983, 17.47048991, 38.404747
8.646227, 9.109495, 10.787681, 12.429121700000001, 14.071178049999993, 17.709146020000016, 38.404747
8.649243250000001, 9.143244, 10.78962675, 12.378577600000002, 13.88567425, 17.793979170000004, 38.813544
8.64345125, 9.111086499999999, 10.819754, 12.411578800000001, 14.08060959999999, 17.663793, 38.813544
8.649318, 9.1412175, 10.826103250000001, 12.386850800000001, 13.994813, 17.8129, 34.462112
8.6423965, 9.083814, 10.70529975, 12.3419916, 13.940893749999992, 17.420547210000006, 38.813544
8.639118, 9.115639, 10.807386, 12.467011, 14.126659, 18.05424255000003, 38.404747
8.64269125, 9.116944, 10.801294, 12.462853700000004, 14.070622, 17.708369, 34.408771
8.648044, 9.1455675, 10.837245, 12.474527400000001, 14.066715599999997, 17.960504, 38.813544
8.659730249999999, 9.141598, 10.834787, 12.512671200000002, 13.964287549999996, 17.483607930000012, 38.813544
8.64911925, 9.12137, 10.78398825, 12.402618, 13.804000749999995, 17.420319, 38.404747
8.6479985, 9.140444, 10.813506499999999, 12.411373, 14.015086, 17.872018, 38.404747
9.087308, 11.246008, 14.03130625, 17.3583994, 19.87902209999999, 25.386125990000004, 38.509309
9.115609, 11.253902499999999, 14.039774249999999, 17.33080060000001, 19.71937149999998, 25.56984564000001, 44.22794
9.105862, 11.1668475, 14.09860675, 17.478196400000005, 19.89847249999999, 26.206109, 44.22794
9.084681999999999, 11.252105499999999, 14.098249, 17.400589, 19.75842, 25.187291100000035, 44.22794
9.0951345, 11.097562, 13.948483249999999, 17.261471, 19.714086, 24.929448, 44.22794
9.134431, 11.243894, 14.124117, 17.456575, 20.01937, 26.227057190000018, 40.625286
9.114416, 11.231748, 14.011081749999999, 17.4011065, 20.02729095, 25.678414630000024, 44.22794
9.11089775, 11.302678, 14.19217325, 17.456575, 19.797917, 24.822295, 44.22794
9.1330475, 11.215572, 14.0182195, 17.536038, 19.917605499999986, 25.786816660000003, 40.625286
9.118958, 11.185218500000001, 14.107129, 17.476674, 19.972802, 25.56975163000001, 44.22794
9.133458749999999, 11.2786625, 14.055638, 17.322018300000003, 19.71937149999998, 25.607038, 44.22794
9.084681999999999, 11.2297175, 14.108406500000001, 17.406393000000005, 19.879291099999985, 25.607038, 40.625286
9.116168250000001, 11.2555385, 14.1163645, 17.717516000000003, 20.157247, 26.312623880000032, 44.22794
9.115542249999999, 11.26228, 14.030796, 17.454936, 20.02397255, 25.185808, 44.22794
9.13632475, 11.360015, 14.19162075, 17.536532000000005, 20.072607599999998, 25.786816660000003, 44.22794
9.130316, 11.289213499999999, 14.1163645, 17.693933500000004, 20.09593344999997, 25.678414630000024, 44.22794
9.10878, 11.231636, 14.130392749999999, 17.448593, 19.742827, 25.46558043000002, 44.22794
9.11572525, 11.279103, 14.181481, 17.513240900000003, 20.03037384999998, 25.872219, 40.625286
9.13159, 11.294372, 14.042715, 17.327799, 19.74558624999999, 25.386005, 44.22794
9.105862, 11.202153, 13.990648, 17.4348959, 19.905001, 26.461121710000008, 44.22794
9.107936, 11.2329425, 14.095957, 17.466592, 19.820696299999987, 25.46558043000002, 39.815707
9.114482, 11.230704, 14.11110425, 17.318689, 19.820696299999987, 24.987634, 44.22794
9.105165, 11.2029605, 14.08030275, 17.358213, 19.973797399999988, 26.460815, 44.22794
9.1054065, 11.261554, 14.084987, 17.406393000000005, 19.90551294999999, 25.786816660000003, 44.22794
9.084905749999999, 11.227476, 14.094988, 17.5605375, 19.99331944999999, 26.226208, 44.22794
9.092556, 11.096304, 13.99393825, 17.244675000000004, 19.75842, 25.569375, 39.815707
9.115128, 11.3122585, 14.08681475, 17.364599, 19.874239, 25.677274, 44.22794
9.129629, 11.2908235, 14.147813, 17.2443747, 19.605548, 25.910039600000065, 44.22794
9.091171, 11.206194, 13.993414, 17.38041, 20.0699142, 25.56975163000001, 44.22794
9.11132025, 11.298912000000001, 14.182549, 17.361573, 19.718137, 25.678368970000026, 40.625286
9.14151125, 11.3171345, 14.0793, 17.491898, 19.975955799999987, 25.269024620000025, 44.22794
9.081843, 11.249509, 14.093976, 17.49623, 20.083213349999998, 26.559581, 44.22794
9.1013555, 11.2149055, 14.097078999999999, 17.5587109, 20.03014574999998, 26.206109, 44.22794
9.08426225, 11.168989, 14.049756250000002, 17.325111, 19.74334709999999, 26.227057190000018, 44.22794
9.08678575, 11.264072, 14.217578, 17.562162, 20.05933214999999, 26.123703, 40.625286
9.12907075, 11.3260535, 14.141166, 17.431298, 19.973752649999987, 24.432998740000013, 44.22794
9.14532275, 11.250906, 13.985233, 17.305468900000005, 19.651482499999997, 25.786771, 40.625286
9.133521, 11.296549500000001, 14.16126775, 17.417718, 19.760353299999974, 24.920627, 40.625286
9.1289955, 11.256453, 14.067892, 17.42958, 19.917179149999992, 25.678368970000026, 44.22794
9.11579025, 11.221152, 14.002255, 17.351107, 19.675714, 25.267843, 40.625286
9.107936, 11.153985, 13.916069, 17.13203, 19.659537599999986, 25.262323530000067, 44.22794
9.13472, 11.302678, 14.099863749999999, 17.400589, 19.798222249999984, 25.616439, 44.22794
9.1468595, 11.236961, 14.1428225, 17.558528, 20.019591999999996, 26.49165766, 44.22794
9.110313, 11.302275999999999, 14.189012, 17.5123147, 19.781006, 25.678414630000024, 44.22794
8.641427, 9.091368, 10.7879265, 12.419637, 13.95715, 17.802635930000008, 34.462112
8.777074, 9.040058, 10.1198215, 11.535855, 12.34270465, 15.027702, 19.563106
8.8875955, 9.047101000000001, 9.24045725, 9.557406, 9.779472, 11.199167159999998, 19.587514
8.87573675, 9.047719, 9.24459025, 9.4969557, 9.7354984, 14.707033449999987, 32.855096
8.88205325, 9.042858500000001, 9.24321625, 9.536277, 9.76070505, 14.733161439999998, 52.853195
0, 0, 0, 0, 0, 0, 0
0, 0, 0, 0, 0, 0, 0
0, 0, 0, 0, 0, 0, 0
0, 0, 0, 0, 0, 0, 0
0, 0, 0, 0, 0, 0, 0
0, 0, 0, 0, 0, 0, 0
0, 0, 0, 0, 0, 0, 0
0, 0, 0, 0, 0, 0, 0
0, 0, 0, 0, 0, 0, 0
0, 0, 0, 0, 0, 0, 0
0, 0, 0, 0, 0, 0, 0
0, 0, 0, 0, 0, 0, 0
0, 0, 0, 0, 0, 0, 0
0, 0, 0, 0, 0, 0, 0
0, 0, 0, 0, 0, 0, 0
0, 0, 0, 0, 0, 0, 0
0, 0, 0, 0, 0, 0, 0
0, 0, 0, 0, 0, 0, 0
0, 0, 0, 0, 0, 0, 0
0, 0, 0, 0, 0, 0, 0
0, 0, 0, 0, 0, 0, 0
0, 0, 0, 0, 0, 0, 0
0, 0, 0, 0, 0, 0, 0
0, 0, 0, 0, 0, 0, 0
0, 0, 0, 0, 0, 0, 0
0, 0, 0, 0, 0, 0, 0
0, 0, 0, 0, 0, 0, 0
0, 0, 0, 0, 0, 0, 0
0, 0, 0, 0, 0, 0, 0
0, 0, 0, 0, 0, 0, 0
0, 0, 0, 0, 0, 0, 0
0, 0, 0, 0, 0, 0, 0
0, 0, 0, 0, 0, 0, 0
0, 0, 0, 0, 0, 0, 0
0, 0, 0, 0, 0, 0, 0
0, 0, 0, 0, 0, 0, 0
0, 0, 0, 0, 0, 0, 0
0, 0, 0, 0, 0, 0, 0
0, 0, 0, 0, 0, 0, 0
0, 0, 0, 0, 0, 0, 0
0, 0, 0, 0, 0, 0, 0
0, 0, 0, 0, 0, 0, 0
0, 0, 0, 0, 0, 0, 0
0, 0, 0, 0, 0, 0, 0
0, 0, 0, 0, 0, 0, 0
0, 0, 0, 0, 0, 0, 0
0, 0, 0, 0, 0, 0, 0
0, 0, 0, 0, 0, 0, 0
0, 0, 0, 0, 0, 0, 0
0, 0, 0, 0, 0, 0, 0
0, 0, 0, 0, 0, 0, 0
0, 0, 0, 0, 0, 0, 0
0, 0, 0, 0, 0, 0, 0
0, 0, 0, 0, 0, 0, 0
0, 0, 0, 0, 0, 0, 0
0, 0, 0, 0, 0, 0, 0
0, 0, 0, 0, 0, 0, 0
0, 0, 0, 0, 0, 0, 0
0, 0, 0, 0, 0, 0, 0
0, 0, 0, 0, 0, 0, 0
0, 0, 0, 0, 0, 0, 0
0, 0, 0, 0, 0, 0, 0
0, 0, 0, 0, 0, 0, 0
0, 0, 0, 0, 0, 0, 0
0, 0, 0, 0, 0, 0, 0
0, 0, 0, 0, 0, 0, 0
0, 0, 0, 0, 0, 0, 0
0, 0, 0, 0, 0, 0, 0
0, 0, 0, 0, 0, 0, 0
0, 0, 0, 0, 0, 0, 0
0, 0, 0, 0, 0, 0, 0
0, 0, 0, 0, 0, 0, 0
0, 0, 0, 0, 0, 0, 0
0, 0, 0, 0, 0, 0, 0
0, 0, 0, 0, 0, 0, 0
0, 0, 0, 0, 0, 0, 0
0, 0, 0, 0, 0, 0, 0
0, 0, 0, 0, 0, 0, 0
0, 0, 0, 0, 0, 0, 0
0, 0, 0, 0, 0, 0, 0
0, 0, 0, 0, 0, 0, 0
0, 0, 0, 0, 0, 0, 0
0, 0, 0, 0, 0, 0, 0
0, 0, 0, 0, 0, 0, 0
0, 0, 0, 0, 0, 0, 0
0, 0, 0, 0, 0, 0, 0
0, 0, 0, 0, 0, 0, 0
0, 0, 0, 0, 0, 0, 0
0, 0, 0, 0, 0, 0, 0
0, 0, 0, 0, 0, 0, 0
0, 0, 0, 0, 0, 0, 0
0, 0, 0, 0, 0, 0, 0
0, 0, 0, 0, 0, 0, 0
0, 0, 0, 0, 0, 0, 0
0, 0, 0, 0, 0, 0, 0
0, 0, 0, 0, 0, 0, 0
0, 0, 0, 0, 0, 0, 0
0, 0, 0, 0, 0, 0, 0
0, 0, 0, 0, 0, 0, 0
0, 0, 0, 0, 0, 0, 0
0, 0, 0, 0, 0, 0, 0
0, 0, 0, 0, 0, 0, 0
0, 0, 0, 0, 0, 0, 0
0, 0, 0, 0, 0, 0, 0
0, 0, 0, 0, 0, 0, 0
0, 0, 0, 0, 0, 0, 0
0, 0, 0, 0, 0, 0, 0
0, 0, 0, 0, 0, 0, 0
0, 0, 0, 0, 0, 0, 0
0, 0, 0, 0, 0, 0, 0
0, 0, 0, 0, 0, 0, 0
0, 0, 0, 0, 0, 0, 0
0, 0, 0, 0, 0, 0, 0
0, 0, 0, 0, 0, 0, 0
0, 0, 0, 0, 0, 0, 0
0, 0, 0, 0, 0, 0, 0
0, 0, 0, 0, 0, 0, 0
0, 0, 0, 0, 0, 0, 0
0, 0, 0, 0, 0, 0, 0
0, 0, 0, 0, 0, 0, 0
0, 0, 0, 0, 0, 0, 0
0, 0, 0, 0, 0, 0, 0
0, 0, 0, 0, 0, 0, 0
0, 0, 0, 0, 0, 0, 0
0, 0, 0, 0, 0, 0, 0
0, 0, 0, 0, 0, 0, 0
0, 0, 0, 0, 0, 0, 0
0, 0, 0, 0, 0, 0, 0
0, 0, 0, 0, 0, 0, 0
0, 0, 0, 0, 0, 0, 0
0, 0, 0, 0, 0, 0, 0
0, 0, 0, 0, 0, 0, 0
0, 0, 0, 0, 0, 0, 0
0, 0, 0, 0, 0, 0, 0
0, 0, 0, 0, 0, 0, 0
0, 0, 0, 0, 0, 0, 0
0, 0, 0, 0, 0, 0, 0
0, 0, 0, 0, 0, 0, 0
0, 0, 0, 0, 0, 0, 0
0, 0, 0, 0, 0, 0, 0
0, 0, 0, 0, 0, 0, 0
0, 0, 0, 0, 0, 0, 0
0, 0, 0, 0, 0, 0, 0
0, 0, 0, 0, 0, 0, 0
0, 0, 0, 0, 0, 0, 0
0, 0, 0, 0, 0, 0, 0
0, 0, 0, 0, 0, 0, 0
0, 0, 0, 0, 0, 0, 0
0, 0, 0, 0, 0, 0, 0
0, 0, 0, 0, 0, 0, 0
0, 0, 0, 0, 0, 0, 0
0, 0, 0, 0, 0, 0, 0
0, 0, 0, 0, 0, 0, 0
0, 0, 0, 0, 0, 0, 0
0, 0, 0, 0, 0, 0, 0
0, 0, 0, 0, 0, 0, 0
0, 0, 0, 0, 0, 0, 0
0, 0, 0, 0, 0, 0, 0
0, 0, 0, 0, 0, 0, 0
0, 0, 0, 0, 0, 0, 0
0, 0, 0, 0, 0, 0, 0
0, 0, 0, 0, 0, 0, 0
0, 0, 0, 0, 0, 0, 0
0, 0, 0, 0, 0, 0, 0
0, 0, 0, 0, 0, 0, 0
0, 0, 0, 0, 0, 0, 0
0, 0, 0, 0, 0, 0, 0
0, 0, 0, 0, 0, 0, 0
0, 0, 0, 0, 0, 0, 0
0, 0, 0, 0, 0, 0, 0
0, 0, 0, 0, 0, 0, 0
0, 0, 0, 0, 0, 0, 0
0, 0, 0, 0, 0, 0, 0
0, 0, 0, 0, 0, 0, 0
0, 0, 0, 0, 0, 0, 0
0, 0, 0, 0, 0, 0, 0
0, 0, 0, 0, 0, 0, 0
0, 0, 0, 0, 0, 0, 0
0, 0, 0, 0, 0, 0, 0
0, 0, 0, 0, 0, 0, 0
0, 0, 0, 0, 0, 0, 0
0, 0, 0, 0, 0, 0, 0
0, 0, 0, 0, 0, 0, 0
0, 0, 0, 0, 0, 0, 0
0, 0, 0, 0, 0, 0, 0
0, 0, 0, 0, 0, 0, 0
0, 0, 0, 0, 0, 0, 0
0, 0, 0, 0, 0, 0, 0
0, 0, 0, 0, 0, 0, 0
0, 0, 0, 0, 0, 0, 0
0, 0, 0, 0, 0, 0, 0
0, 0, 0, 0, 0, 0, 0
0, 0, 0, 0, 0, 0, 0
0, 0, 0, 0, 0, 0, 0
0, 0, 0, 0, 0, 0, 0
0, 0, 0, 0, 0, 0, 0
0, 0, 0, 0, 0, 0, 0
0, 0, 0, 0, 0, 0, 0
0, 0, 0, 0, 0, 0, 0
0, 0, 0, 0, 0, 0, 0
0, 0, 0, 0, 0, 0, 0
0, 0, 0, 0, 0, 0, 0
0, 0, 0, 0, 0, 0, 0
0, 0, 0, 0, 0, 0, 0
0, 0, 0, 0, 0, 0, 0
0, 0, 0, 0, 0, 0, 0
0, 0, 0, 0, 0, 0, 0
0, 0, 0, 0, 0, 0, 0
0, 0, 0, 0, 0, 0, 0
0, 0, 0, 0, 0, 0, 0
0, 0, 0, 0, 0, 0, 0
0, 0, 0, 0, 0, 0, 0
0, 0, 0, 0, 0, 0, 0
0, 0, 0, 0, 0, 0, 0
0, 0, 0, 0, 0, 0, 0
0, 0, 0, 0, 0, 0, 0
0, 0, 0, 0, 0, 0, 0
0, 0, 0, 0, 0, 0, 0
0, 0, 0, 0, 0, 0, 0
0, 0, 0, 0, 0, 0, 0
0, 0, 0, 0, 0, 0, 0
0, 0, 0, 0, 0, 0, 0
0, 0, 0, 0, 0, 0, 0
0, 0, 0, 0, 0, 0, 0
0, 0, 0, 0, 0, 0, 0
0, 0, 0, 0, 0, 0, 0
0, 0, 0, 0, 0, 0, 0
0, 0, 0, 0, 0, 0, 0
0, 0, 0, 0, 0, 0, 0
0, 0, 0, 0, 0, 0, 0
0, 0, 0, 0, 0, 0, 0
0, 0, 0, 0, 0, 0, 0
0, 0, 0, 0, 0, 0, 0
0, 0, 0, 0, 0, 0, 0
0, 0, 0, 0, 0, 0, 0
0, 0, 0, 0, 0, 0, 0
0, 0, 0, 0, 0, 0, 0
0, 0, 0, 0, 0, 0, 0
0, 0, 0, 0, 0, 0, 0
0, 0, 0, 0, 0, 0, 0
0, 0, 0, 0, 0, 0, 0
0, 0, 0, 0, 0, 0, 0
0, 0, 0, 0, 0, 0, 0
0, 0, 0, 0, 0, 0, 0
0, 0, 0, 0, 0, 0, 0
0, 0, 0, 0, 0, 0, 0
0, 0, 0, 0, 0, 0, 0
0, 0, 0, 0, 0, 0, 0
0, 0, 0, 0, 0, 0, 0
0, 0, 0, 0, 0, 0, 0
0, 0, 0, 0, 0, 0, 0
0, 0, 0, 0, 0, 0, 0
0, 0, 0, 0, 0, 0, 0
0, 0, 0, 0, 0, 0, 0
0, 0, 0, 0, 0, 0, 0
0, 0, 0, 0, 0, 0, 0
0, 0, 0, 0, 0, 0, 0
0, 0, 0, 0, 0, 0, 0
0, 0, 0, 0, 0, 0, 0
0, 0, 0, 0, 0, 0, 0
0, 0, 0, 0, 0, 0, 0
0, 0, 0, 0, 0, 0, 0
0, 0, 0, 0, 0, 0, 0
0, 0, 0, 0, 0, 0, 0
0, 0, 0, 0, 0, 0, 0
0, 0, 0, 0, 0, 0, 0
0, 0, 0, 0, 0, 0, 0
0, 0, 0, 0, 0, 0, 0
0, 0, 0, 0, 0, 0, 0
0, 0, 0, 0, 0, 0, 0
0, 0, 0, 0, 0, 0, 0
0, 0, 0, 0, 0, 0, 0
0, 0, 0, 0, 0, 0, 0
0, 0, 0, 0, 0, 0, 0
0, 0, 0, 0, 0, 0, 0
0, 0, 0, 0, 0, 0, 0
0, 0, 0, 0, 0, 0, 0
0, 0, 0, 0, 0, 0, 0
0, 0, 0, 0, 0, 0, 0
0, 0, 0, 0, 0, 0, 0
0, 0, 0, 0, 0, 0, 0
0, 0, 0, 0, 0, 0, 0
0, 0, 0, 0, 0, 0, 0
0, 0, 0, 0, 0, 0, 0
0, 0, 0, 0, 0, 0, 0
0, 0, 0, 0, 0, 0, 0
0, 0, 0, 0, 0, 0, 0
0, 0, 0, 0, 0, 0, 0
0, 0, 0, 0, 0, 0, 0
0, 0, 0, 0, 0, 0, 0
0, 0, 0, 0, 0, 0, 0
0, 0, 0, 0, 0, 0, 0
0, 0, 0, 0, 0, 0, 0
0, 0, 0, 0, 0, 0, 0
0, 0, 0, 0, 0, 0, 0
0, 0, 0, 0, 0, 0, 0
0, 0, 0, 0, 0, 0, 0
0, 0, 0, 0, 0, 0, 0
0, 0, 0, 0, 0, 0, 0
0, 0, 0, 0, 0, 0, 0
0, 0, 0, 0, 0, 0, 0
0, 0, 0, 0, 0, 0, 0
0, 0, 0, 0, 0, 0, 0
0, 0, 0, 0, 0, 0, 0
0, 0, 0, 0, 0, 0, 0
0, 0, 0, 0, 0, 0, 0
0, 0, 0, 0, 0, 0, 0
0, 0, 0, 0, 0, 0, 0
0, 0, 0, 0, 0, 0, 0
0, 0, 0, 0, 0, 0, 0
0, 0, 0, 0, 0, 0, 0
0, 0, 0, 0, 0, 0, 0
0, 0, 0, 0, 0, 0, 0
0, 0, 0, 0, 0, 0, 0
0, 0, 0, 0, 0, 0, 0
0, 0, 0, 0, 0, 0, 0
0, 0, 0, 0, 0, 0, 0
0, 0, 0, 0, 0, 0, 0
0, 0, 0, 0, 0, 0, 0
0, 0, 0, 0, 0, 0, 0
0, 0, 0, 0, 0, 0, 0
0, 0, 0, 0, 0, 0, 0
0, 0, 0, 0, 0, 0, 0
0, 0, 0, 0, 0, 0, 0
0, 0, 0, 0, 0, 0, 0
0, 0, 0, 0, 0, 0, 0
0, 0, 0, 0, 0, 0, 0
0, 0, 0, 0, 0, 0, 0
0, 0, 0, 0, 0, 0, 0
0, 0, 0, 0, 0, 0, 0
0, 0, 0, 0, 0, 0, 0
0, 0, 0, 0, 0, 0, 0
0, 0, 0, 0, 0, 0, 0
0, 0, 0, 0, 0, 0, 0
0, 0, 0, 0, 0, 0, 0
0, 0, 0, 0, 0, 0, 0
0, 0, 0, 0, 0, 0, 0
0, 0, 0, 0, 0, 0, 0
0, 0, 0, 0, 0, 0, 0
0, 0, 0, 0, 0, 0, 0
0, 0, 0, 0, 0, 0, 0
0, 0, 0, 0, 0, 0, 0
0, 0, 0, 0, 0, 0, 0
0, 0, 0, 0, 0, 0, 0
0, 0, 0, 0, 0, 0, 0
0, 0, 0, 0, 0, 0, 0
0, 0, 0, 0, 0, 0, 0
0, 0, 0, 0, 0, 0, 0
0, 0, 0, 0, 0, 0, 0
0, 0, 0, 0, 0, 0, 0
0, 0, 0, 0, 0, 0, 0
0, 0, 0, 0, 0, 0, 0
0, 0, 0, 0, 0, 0, 0
0, 0, 0, 0, 0, 0, 0
0, 0, 0, 0, 0, 0, 0
0, 0, 0, 0, 0, 0, 0
0, 0, 0, 0, 0, 0, 0
0, 0, 0, 0, 0, 0, 0
0, 0, 0, 0, 0, 0, 0
0, 0, 0, 0, 0, 0, 0
0, 0, 0, 0, 0, 0, 0
0, 0, 0, 0, 0, 0, 0
0, 0, 0, 0, 0, 0, 0
0, 0, 0, 0, 0, 0, 0
0, 0, 0, 0, 0, 0, 0
0, 0, 0, 0, 0, 0, 0
0, 0, 0, 0, 0, 0, 0
0, 0, 0, 0, 0, 0, 0
0, 0, 0, 0, 0, 0, 0
0, 0, 0, 0, 0, 0, 0
0, 0, 0, 0, 0, 0, 0
0, 0, 0, 0, 0, 0, 0
0, 0, 0, 0, 0, 0, 0
0, 0, 0, 0, 0, 0, 0
0, 0, 0, 0, 0, 0, 0
0, 0, 0, 0, 0, 0, 0
0, 0, 0, 0, 0, 0, 0
0, 0, 0, 0, 0, 0, 0
0, 0, 0, 0, 0, 0, 0
0, 0, 0, 0, 0, 0, 0
0, 0, 0, 0, 0, 0, 0
0, 0, 0, 0, 0, 0, 0
0, 0, 0, 0, 0, 0, 0
0, 0, 0, 0, 0, 0, 0
0, 0, 0, 0, 0, 0, 0
0, 0, 0, 0, 0, 0, 0
0, 0, 0, 0, 0, 0, 0
0, 0, 0, 0, 0, 0, 0
0, 0, 0, 0, 0, 0, 0
0, 0, 0, 0, 0, 0, 0
0, 0, 0, 0, 0, 0, 0
0, 0, 0, 0, 0, 0, 0
0, 0, 0, 0, 0, 0, 0
0, 0, 0, 0, 0, 0, 0
0, 0, 0, 0, 0, 0, 0
0, 0, 0, 0, 0, 0, 0
0, 0, 0, 0, 0, 0, 0
0, 0, 0, 0, 0, 0, 0
0, 0, 0, 0, 0, 0, 0
0, 0, 0, 0, 0, 0, 0
0, 0, 0, 0, 0, 0, 0
0, 0, 0, 0, 0, 0, 0
0, 0, 0, 0, 0, 0, 0
0, 0, 0, 0, 0, 0, 0
0, 0, 0, 0, 0, 0, 0
0, 0, 0, 0, 0, 0, 0
0, 0, 0, 0, 0, 0, 0
0, 0, 0, 0, 0, 0, 0
0, 0, 0, 0, 0, 0, 0
0, 0, 0, 0, 0, 0, 0
0, 0, 0, 0, 0, 0, 0
0, 0, 0, 0, 0, 0, 0
0, 0, 0, 0, 0, 0, 0
0, 0, 0, 0, 0, 0, 0
0, 0, 0, 0, 0, 0, 0
0, 0, 0, 0, 0, 0, 0
0, 0, 0, 0, 0, 0, 0
0, 0, 0, 0, 0, 0, 0
0, 0, 0, 0, 0, 0, 0
0, 0, 0, 0, 0, 0, 0
0, 0, 0, 0, 0, 0, 0
0, 0, 0, 0, 0, 0, 0
0, 0, 0, 0, 0, 0, 0
0, 0, 0, 0, 0, 0, 0
0, 0, 0, 0, 0, 0, 0
0, 0, 0, 0, 0, 0, 0
0, 0, 0, 0, 0, 0, 0
0, 0, 0, 0, 0, 0, 0
0, 0, 0, 0, 0, 0, 0
0, 0, 0, 0, 0, 0, 0
0, 0, 0, 0, 0, 0, 0
0, 0, 0, 0, 0, 0, 0
0, 0, 0, 0, 0, 0, 0
0, 0, 0, 0, 0, 0, 0
0, 0, 0, 0, 0, 0, 0
0, 0, 0, 0, 0, 0, 0
0, 0, 0, 0, 0, 0, 0
0, 0, 0, 0, 0, 0, 0
0, 0, 0, 0, 0, 0, 0
0, 0, 0, 0, 0, 0, 0
0, 0, 0, 0, 0, 0, 0
0, 0, 0, 0, 0, 0, 0
0, 0, 0, 0, 0, 0, 0
0, 0, 0, 0, 0, 0, 0
0, 0, 0, 0, 0, 0, 0
0, 0, 0, 0, 0, 0, 0
0, 0, 0, 0, 0, 0, 0
0, 0, 0, 0, 0, 0, 0
0, 0, 0, 0, 0, 0, 0
0, 0, 0, 0, 0, 0, 0
0, 0, 0, 0, 0, 0, 0
0, 0, 0, 0, 0, 0, 0
0, 0, 0, 0, 0, 0, 0
0, 0, 0, 0, 0, 0, 0
0, 0, 0, 0, 0, 0, 0
0, 0, 0, 0, 0, 0, 0
0, 0, 0, 0, 0, 0, 0
0, 0, 0, 0, 0, 0, 0
0, 0, 0, 0, 0, 0, 0
0, 0, 0, 0, 0, 0, 0
0, 0, 0, 0, 0, 0, 0
0, 0, 0, 0, 0, 0, 0
0, 0, 0, 0, 0, 0, 0
0, 0, 0, 0, 0, 0, 0
0, 0, 0, 0, 0, 0, 0
0, 0, 0, 0, 0, 0, 0
0, 0, 0, 0, 0, 0, 0
0, 0, 0, 0, 0, 0, 0
0, 0, 0, 0, 0, 0, 0
0, 0, 0, 0, 0, 0, 0
0, 0, 0, 0, 0, 0, 0
0, 0, 0, 0, 0, 0, 0
0, 0, 0, 0, 0, 0, 0
0, 0, 0, 0, 0, 0, 0
0, 0, 0, 0, 0, 0, 0
0, 0, 0, 0, 0, 0, 0
0, 0, 0, 0, 0, 0, 0
0, 0, 0, 0, 0, 0, 0
0, 0, 0, 0, 0, 0, 0
0, 0, 0, 0, 0, 0, 0
0, 0, 0, 0, 0, 0, 0
0, 0, 0, 0, 0, 0, 0
0, 0, 0, 0, 0, 0, 0
0, 0, 0, 0, 0, 0, 0
0, 0, 0, 0, 0, 0, 0
0, 0, 0, 0, 0, 0, 0
0, 0, 0, 0, 0, 0, 0
0, 0, 0, 0, 0, 0, 0
0, 0, 0, 0, 0, 0, 0
0, 0, 0, 0, 0, 0, 0
0, 0, 0, 0, 0, 0, 0
0, 0, 0, 0, 0, 0, 0
0, 0, 0, 0, 0, 0, 0
0, 0, 0, 0, 0, 0, 0
0, 0, 0, 0, 0, 0, 0
0, 0, 0, 0, 0, 0, 0
0, 0, 0, 0, 0, 0, 0
0, 0, 0, 0, 0, 0, 0
0, 0, 0, 0, 0, 0, 0
0, 0, 0, 0, 0, 0, 0
0, 0, 0, 0, 0, 0, 0
0, 0, 0, 0, 0, 0, 0
0, 0, 0, 0, 0, 0, 0
0, 0, 0, 0, 0, 0, 0
0, 0, 0, 0, 0, 0, 0
0, 0, 0, 0, 0, 0, 0
0, 0, 0, 0, 0, 0, 0
0, 0, 0, 0, 0, 0, 0
0, 0, 0, 0, 0, 0, 0
0, 0, 0, 0, 0, 0, 0
0, 0, 0, 0, 0, 0, 0
0, 0, 0, 0, 0, 0, 0
0, 0, 0, 0, 0, 0, 0
0, 0, 0, 0, 0, 0, 0
0, 0, 0, 0, 0, 0, 0
0, 0, 0, 0, 0, 0, 0
0, 0, 0, 0, 0, 0, 0
0, 0, 0, 0, 0, 0, 0
0, 0, 0, 0, 0, 0, 0
0, 0, 0, 0, 0, 0, 0
0, 0, 0, 0, 0, 0, 0
0, 0, 0, 0, 0, 0, 0
0, 0, 0, 0, 0, 0, 0
0, 0, 0, 0, 0, 0, 0
0, 0, 0, 0, 0, 0, 0
0, 0, 0, 0, 0, 0, 0
0, 0, 0, 0, 0, 0, 0
0, 0, 0, 0, 0, 0, 0
0, 0, 0, 0, 0, 0, 0
0, 0, 0, 0, 0, 0, 0
0, 0, 0, 0, 0, 0, 0
0, 0, 0, 0, 0, 0, 0
0, 0, 0, 0, 0, 0, 0
0, 0, 0, 0, 0, 0, 0
0, 0, 0, 0, 0, 0, 0
0, 0, 0, 0, 0, 0, 0
0, 0, 0, 0, 0, 0, 0
0, 0, 0, 0, 0, 0, 0
0, 0, 0, 0, 0, 0, 0
0, 0, 0, 0, 0, 0, 0
0, 0, 0, 0, 0, 0, 0
0, 0, 0, 0, 0, 0, 0
0, 0, 0, 0, 0, 0, 0
0, 0, 0, 0, 0, 0, 0
0, 0, 0, 0, 0, 0, 0
0, 0, 0, 0, 0, 0, 0
0, 0, 0, 0, 0, 0, 0
0, 0, 0, 0, 0, 0, 0
0, 0, 0, 0, 0, 0, 0
0, 0, 0, 0, 0, 0, 0
0, 0, 0, 0, 0, 0, 0
0, 0, 0, 0, 0, 0, 0
0, 0, 0, 0, 0, 0, 0
0, 0, 0, 0, 0, 0, 0
0, 0, 0, 0, 0, 0, 0
0, 0, 0, 0, 0, 0, 0
0, 0, 0, 0, 0, 0, 0
0, 0, 0, 0, 0, 0, 0
0, 0, 0, 0, 0, 0, 0
0, 0, 0, 0, 0, 0, 0
0, 0, 0, 0, 0, 0, 0
0, 0, 0, 0, 0, 0, 0
0, 0, 0, 0, 0, 0, 0
0, 0, 0, 0, 0, 0, 0
0, 0, 0, 0, 0, 0, 0
0, 0, 0, 0, 0, 0, 0
0, 0, 0, 0, 0, 0, 0
0, 0, 0, 0, 0, 0, 0
0, 0, 0, 0, 0, 0, 0
0, 0, 0, 0, 0, 0, 0
0, 0, 0, 0, 0, 0, 0
0, 0, 0, 0, 0, 0, 0
0, 0, 0, 0, 0, 0, 0
0, 0, 0, 0, 0, 0, 0
0, 0, 0, 0, 0, 0, 0
0, 0, 0, 0, 0, 0, 0
0, 0, 0, 0, 0, 0, 0
0, 0, 0, 0, 0, 0, 0
0, 0, 0, 0, 0, 0, 0
0, 0, 0, 0, 0, 0, 0
0, 0, 0, 0, 0, 0, 0
0, 0, 0, 0, 0, 0, 0
0, 0, 0, 0, 0, 0, 0
0, 0, 0, 0, 0, 0, 0
0, 0, 0, 0, 0, 0, 0
0, 0, 0, 0, 0, 0, 0
0, 0, 0, 0, 0, 0, 0
0, 0, 0, 0, 0, 0, 0
0, 0, 0, 0, 0, 0, 0
0, 0, 0, 0, 0, 0, 0
0, 0, 0, 0, 0, 0, 0
0, 0, 0, 0, 0, 0, 0
0, 0, 0, 0, 0, 0, 0
0, 0, 0, 0, 0, 0, 0
0, 0, 0, 0, 0, 0, 0
0, 0, 0, 0, 0, 0, 0
0, 0, 0, 0, 0, 0, 0
0, 0, 0, 0, 0, 0, 0
0, 0, 0, 0, 0, 0, 0
0, 0, 0, 0, 0, 0, 0
0, 0, 0, 0, 0, 0, 0
0, 0, 0, 0, 0, 0, 0
0, 0, 0, 0, 0, 0, 0
0, 0, 0, 0, 0, 0, 0
0, 0, 0, 0, 0, 0, 0
0, 0, 0, 0, 0, 0, 0
0, 0, 0, 0, 0, 0, 0
0, 0, 0, 0, 0, 0, 0
0, 0, 0, 0, 0, 0, 0
0, 0, 0, 0, 0, 0, 0
0, 0, 0, 0, 0, 0, 0
0, 0, 0, 0, 0, 0, 0
0, 0, 0, 0, 0, 0, 0
0, 0, 0, 0, 0, 0, 0
0, 0, 0, 0, 0, 0, 0
0, 0, 0, 0, 0, 0, 0
0, 0, 0, 0, 0, 0, 0
0, 0, 0, 0, 0, 0, 0
0, 0, 0, 0, 0, 0, 0
0, 0, 0, 0, 0, 0, 0
0, 0, 0, 0, 0, 0, 0
0, 0, 0, 0, 0, 0, 0
0, 0, 0, 0, 0, 0, 0
0, 0, 0, 0, 0, 0, 0
0, 0, 0, 0, 0, 0, 0
0, 0, 0, 0, 0, 0, 0
0, 0, 0, 0, 0, 0, 0
0, 0, 0, 0, 0, 0, 0
0, 0, 0, 0, 0, 0, 0
0, 0, 0, 0, 0, 0, 0
0, 0, 0, 0, 0, 0, 0
0, 0, 0, 0, 0, 0, 0
0, 0, 0, 0, 0, 0, 0
0, 0, 0, 0, 0, 0, 0
0, 0, 0, 0, 0, 0, 0
0, 0, 0, 0, 0, 0, 0
0, 0, 0, 0, 0, 0, 0
0, 0, 0, 0, 0, 0, 0
0, 0, 0, 0, 0, 0, 0
0, 0, 0, 0, 0, 0, 0
0, 0, 0, 0, 0, 0, 0
0, 0, 0, 0, 0, 0, 0
0, 0, 0, 0, 0, 0, 0
0, 0, 0, 0, 0, 0, 0
0, 0, 0, 0, 0, 0, 0
0, 0, 0, 0, 0, 0, 0
0, 0, 0, 0, 0, 0, 0
0, 0, 0, 0, 0, 0, 0
0, 0, 0, 0, 0, 0, 0
0, 0, 0, 0, 0, 0, 0
0, 0, 0, 0, 0, 0, 0
0, 0, 0, 0, 0, 0, 0
0, 0, 0, 0, 0, 0, 0
0, 0, 0, 0, 0, 0, 0
0, 0, 0, 0, 0, 0, 0
0, 0, 0, 0, 0, 0, 0
0, 0, 0, 0, 0, 0, 0
0, 0, 0, 0, 0, 0, 0
0, 0, 0, 0, 0, 0, 0
0, 0, 0, 0, 0, 0, 0
0, 0, 0, 0, 0, 0, 0
0, 0, 0, 0, 0, 0, 0
0, 0, 0, 0, 0, 0, 0
0, 0, 0, 0, 0, 0, 0
0, 0, 0, 0, 0, 0, 0
0, 0, 0, 0, 0, 0, 0
0, 0, 0, 0, 0, 0, 0
0, 0, 0, 0, 0, 0, 0
0, 0, 0, 0, 0, 0, 0
0, 0, 0, 0, 0, 0, 0
0, 0, 0, 0, 0, 0, 0
0, 0, 0, 0, 0, 0, 0
0, 0, 0, 0, 0, 0, 0
0, 0, 0, 0, 0, 0, 0
0, 0, 0, 0, 0, 0, 0
0, 0, 0, 0, 0, 0, 0
0, 0, 0, 0, 0, 0, 0
0, 0, 0, 0, 0, 0, 0
0, 0, 0, 0, 0, 0, 0
0, 0, 0, 0, 0, 0, 0
0, 0, 0, 0, 0, 0, 0
0, 0, 0, 0, 0, 0, 0
0, 0, 0, 0, 0, 0, 0
0, 0, 0, 0, 0, 0, 0
0, 0, 0, 0, 0, 0, 0
0, 0, 0, 0, 0, 0, 0
0, 0, 0, 0, 0, 0, 0
0, 0, 0, 0, 0, 0, 0
0, 0, 0, 0, 0, 0, 0
0, 0, 0, 0, 0, 0, 0
0, 0, 0, 0, 0, 0, 0
0, 0, 0, 0, 0, 0, 0
0, 0, 0, 0, 0, 0, 0
0, 0, 0, 0, 0, 0, 0
0, 0, 0, 0, 0, 0, 0
0, 0, 0, 0, 0, 0, 0
0, 0, 0, 0, 0, 0, 0
0, 0, 0, 0, 0, 0, 0
0, 0, 0, 0, 0, 0, 0
0, 0, 0, 0, 0, 0, 0
0, 0, 0, 0, 0, 0, 0
0, 0, 0, 0, 0, 0, 0
0, 0, 0, 0, 0, 0, 0
0, 0, 0, 0, 0, 0, 0
0, 0, 0, 0, 0, 0, 0
0, 0, 0, 0, 0, 0, 0
0, 0, 0, 0, 0, 0, 0
0, 0, 0, 0, 0, 0, 0
0, 0, 0, 0, 0, 0, 0
0, 0, 0, 0, 0, 0, 0
0, 0, 0, 0, 0, 0, 0
0, 0, 0, 0, 0, 0, 0
0, 0, 0, 0, 0, 0, 0
0, 0, 0, 0, 0, 0, 0
0, 0, 0, 0, 0, 0, 0
0, 0, 0, 0, 0, 0, 0
0, 0, 0, 0, 0, 0, 0
0, 0, 0, 0, 0, 0, 0
0, 0, 0, 0, 0, 0, 0
0, 0, 0, 0, 0, 0, 0
0, 0, 0, 0, 0, 0, 0
0, 0, 0, 0, 0, 0, 0
0, 0, 0, 0, 0, 0, 0
0, 0, 0, 0, 0, 0, 0
0, 0, 0, 0, 0, 0, 0
0, 0, 0, 0, 0, 0, 0
0, 0, 0, 0, 0, 0, 0
0, 0, 0, 0, 0, 0, 0
0, 0, 0, 0, 0, 0, 0
0, 0, 0, 0, 0, 0, 0
0, 0, 0, 0, 0, 0, 0
0, 0, 0, 0, 0, 0, 0
0, 0, 0, 0, 0, 0, 0
0, 0, 0, 0, 0, 0, 0
0, 0, 0, 0, 0, 0, 0
0, 0, 0, 0, 0, 0, 0
0, 0, 0, 0, 0, 0, 0
0, 0, 0, 0, 0, 0, 0
0, 0, 0, 0, 0, 0, 0
0, 0, 0, 0, 0, 0, 0
0, 0, 0, 0, 0, 0, 0
0, 0, 0, 0, 0, 0, 0
0, 0, 0, 0, 0, 0, 0
0, 0, 0, 0, 0, 0, 0
0, 0, 0, 0, 0, 0, 0
0, 0, 0, 0, 0, 0, 0
0, 0, 0, 0, 0, 0, 0
0, 0, 0, 0, 0, 0, 0
0, 0, 0, 0, 0, 0, 0
0, 0, 0, 0, 0, 0, 0
0, 0, 0, 0, 0, 0, 0
0, 0, 0, 0, 0, 0, 0
0, 0, 0, 0, 0, 0, 0
0, 0, 0, 0, 0, 0, 0
0, 0, 0, 0, 0, 0, 0
0, 0, 0, 0, 0, 0, 0
0, 0, 0, 0, 0, 0, 0
0, 0, 0, 0, 0, 0, 0
0, 0, 0, 0, 0, 0, 0
0, 0, 0, 0, 0, 0, 0
0, 0, 0, 0, 0, 0, 0
0, 0, 0, 0, 0, 0, 0
0, 0, 0, 0, 0, 0, 0
0, 0, 0, 0, 0, 0, 0
0, 0, 0, 0, 0, 0, 0
0, 0, 0, 0, 0, 0, 0
0, 0, 0, 0, 0, 0, 0
0, 0, 0, 0, 0, 0, 0
0, 0, 0, 0, 0, 0, 0
0, 0, 0, 0, 0, 0, 0
0, 0, 0, 0, 0, 0, 0
0, 0, 0, 0, 0, 0, 0
0, 0, 0, 0, 0, 0, 0
0, 0, 0, 0, 0, 0, 0
0, 0, 0, 0, 0, 0, 0
0, 0, 0, 0, 0, 0, 0
0, 0, 0, 0, 0, 0, 0
0, 0, 0, 0, 0, 0, 0
0, 0, 0, 0, 0, 0, 0
0, 0, 0, 0, 0, 0, 0
0, 0, 0, 0, 0, 0, 0
0, 0, 0, 0, 0, 0, 0
0, 0, 0, 0, 0, 0, 0
0, 0, 0, 0, 0, 0, 0
0, 0, 0, 0, 0, 0, 0
0, 0, 0, 0, 0, 0, 0
0, 0, 0, 0, 0, 0, 0
0, 0, 0, 0, 0, 0, 0
0, 0, 0, 0, 0, 0, 0
0, 0, 0, 0, 0, 0, 0
0, 0, 0, 0, 0, 0, 0
0, 0, 0, 0, 0, 0, 0
0, 0, 0, 0, 0, 0, 0
0, 0, 0, 0, 0, 0, 0
0, 0, 0, 0, 0, 0, 0
0, 0, 0, 0, 0, 0, 0
0, 0, 0, 0, 0, 0, 0
0, 0, 0, 0, 0, 0, 0
0, 0, 0, 0, 0, 0, 0
0, 0, 0, 0, 0, 0, 0
0, 0, 0, 0, 0, 0, 0
0, 0, 0, 0, 0, 0, 0
0, 0, 0, 0, 0, 0, 0
0, 0, 0, 0, 0, 0, 0
0, 0, 0, 0, 0, 0, 0
0, 0, 0, 0, 0, 0, 0
0, 0, 0, 0, 0, 0, 0
0, 0, 0, 0, 0, 0, 0
0, 0, 0, 0, 0, 0, 0
0, 0, 0, 0, 0, 0, 0
0, 0, 0, 0, 0, 0, 0
0, 0, 0, 0, 0, 0, 0
0, 0, 0, 0, 0, 0, 0
0, 0, 0, 0, 0, 0, 0
0, 0, 0, 0, 0, 0, 0
0, 0, 0, 0, 0, 0, 0
0, 0, 0, 0, 0, 0, 0
0, 0, 0, 0, 0, 0, 0
0, 0, 0, 0, 0, 0, 0
8.88841225, 9.0560145, 9.24734625, 9.5322063, 9.74090275, 14.419118759999996, 36.893046
8.8881305, 9.040649, 9.226635, 9.484269300000001, 9.648924, 14.110787349999995, 52.853195
8.882259999999999, 9.042201500000001, 9.2327745, 9.5529438, 9.77176545, 11.914393, 36.893046
8.88149325, 9.036048000000001, 9.249708, 9.500245900000001, 9.678264200000001, 13.236218969999998, 32.855096
8.883995500000001, 9.045958500000001, 9.2310105, 9.4840717, 9.678264200000001, 11.927572709999989, 18.516134
8.8897115, 9.053319, 9.256437250000001, 9.547293, 9.82346575, 14.905645829999994, 24.370709
8.874776, 9.0283865, 9.225338, 9.5080335, 9.70001065, 11.696454089999985, 52.853195
8.882259999999999, 9.0491295, 9.23764175, 9.511583, 9.7669763, 16.05991641, 23.303856
8.87526875, 9.0387565, 9.22667025, 9.491559200000001, 9.701053250000001, 13.918020919999998, 23.303856
8.8971385, 9.042713, 9.24088825, 9.5023594, 9.71898395, 14.394631239999997, 24.370709
8.8884805, 9.033953, 9.23393675, 9.474729400000001, 9.691693, 10.953965839999999, 22.552578
8.875230250000001, 9.0475535, 9.23724575, 9.5132417, 9.74821725, 14.67135192, 21.371576
8.887459, 9.034835999999999, 9.226283500000001, 9.5117165, 9.80668955, 15.874124049999999, 23.303856
8.892563749999999, 9.050435, 9.2500775, 9.5504466, 9.800464199999999, 16.18028951, 22.552578
8.8771325, 9.041996000000001, 9.2451085, 9.503489700000001, 9.7335147, 15.575695829999995, 52.853195
8.899379249999999, 9.043781, 9.23593025, 9.5177422, 9.80240635, 13.560632899999995, 19.502914
8.879568749999999, 9.0328585, 9.21550425, 9.45343, 9.692637, 11.752293209999985, 36.893046
8.88972425, 9.038453, 9.226635, 9.4718063, 9.6725525, 11.021455490000001, 32.855096
8.885839749999999, 9.0330145, 9.235721250000001, 9.5247441, 9.76127315, 13.554247, 22.552578
8.89095425, 9.0338165, 9.23179375, 9.4742674, 9.723219, 14.419118759999996, 32.855096
8.89236575, 9.038893, 9.24330625, 9.5300344, 9.772188400000001, 16.09976782, 36.893046
8.893684499999999, 9.049593999999999, 9.23959275, 9.4851253, 9.681216749999999, 16.030358099999997, 52.853195
8.88989475, 9.0350525, 9.224149, 9.484264, 9.67173545, 10.882320689999998, 19.072953
8.888855249999999, 9.0452565, 9.235924, 9.4764122, 9.6897168, 10.910009209999998, 19.373624
8.88999925, 9.033871000000001, 9.24220225, 9.5572606, 9.786760899999999, 11.126633699999974, 19.587514
8.890033, 9.056058, 9.266663750000001, 9.5418435, 9.80664025, 14.39209222, 36.893046
8.878587, 9.033755, 9.23894475, 9.5132492, 9.738270199999999, 13.244544319999989, 24.370709
8.895505, 9.0498715, 9.250334, 9.531831, 9.816587, 15.573435339999996, 19.892145
8.892172, 9.048182, 9.250449750000001, 9.519718000000001, 9.7863961, 15.87359139, 36.893046
8.8984405, 9.056164, 9.238287249999999, 9.495537800000001, 9.69756595, 11.91497702, 21.371576
8.894604000000001, 9.04836, 9.249878, 9.539039500000001, 9.76473685, 16.722508529999995, 52.853195
8.89095425, 9.050236, 9.2518295, 9.538292, 9.72543325, 11.93630042999998, 32.855096
8.877423749999998, 9.037894000000001, 9.231546, 9.492658800000001, 9.6825038, 14.736804409999994, 21.371576
8.88362625, 9.0455945, 9.250103000000001, 9.502198000000002, 9.73319675, 10.88163496, 24.370709
8.892504500000001, 9.039158, 9.24127225, 9.526127500000001, 9.79312115, 15.725606399999997, 52.853195
8.88035725, 9.042524499999999, 9.253995, 9.492092, 9.663399, 11.100359219999998, 19.645042
8.9054915, 9.050664, 9.25442975, 9.5555909, 9.78257865, 16.21730481, 32.855096
8.89245, 9.048936000000001, 9.25304025, 9.497989, 9.71972875, 11.058235029999999, 36.893046
8.877476, 9.0404305, 9.243916500000001, 9.4976321, 9.7403794, 15.726895259999996, 32.855096
8.8889545, 9.0360495, 9.227989749999999, 9.5007939, 9.7613662, 14.110787349999995, 52.853195
8.882089, 9.035387, 9.24254125, 9.531574, 9.73011735, 11.09759941, 36.893046
8.901868, 9.057591500000001, 9.25403875, 9.5310415, 9.81341185, 16.39846709, 52.853195
8.8858175, 9.05275, 9.24506075, 9.486890500000001, 9.74162595, 10.899238999999998, 22.552578
8.87949425, 9.0328685, 9.240148, 9.50151, 9.73989055, 14.39209222, 52.853195
8.886660000000001, 9.051764, 9.260386, 9.526127500000001, 9.73831935, 11.021088, 19.502914
8.898546, 9.0482095, 9.245427, 9.484574, 9.760536, 16.098597, 24.370709
8.8796825, 9.031343, 9.235009, 9.506516300000001, 9.7177382, 13.494836739999991, 52.853195
8.87997875, 9.0334815, 9.23086225, 9.4873256, 9.73413735, 14.910927659999988, 22.552578
8.8702365, 9.0340925, 9.237321, 9.531719200000001, 9.80016605, 15.875618009999997, 32.855096
8.87578125, 9.0294035, 9.222134, 9.4943606, 9.70852205, 11.19798953, 19.645042
8.881456250000001, 9.042258, 9.237054, 9.5209001, 9.765896399999999, 11.101084829999998, 52.853195
8.89791375, 9.054612, 9.259405749999999, 9.547291, 9.76708255, 16.79463387, 20.217992
8.8940855, 9.0469605, 9.233084, 9.5231726, 9.71603135, 13.736723989999991, 36.893046
8.88865275, 9.0412965, 9.2333475, 9.496346, 9.7014201, 10.497420909999997, 23.303856
8.8843185, 9.0389705, 9.235574, 9.518245, 9.752876099999998, 14.686104289999985, 19.645042
8.887485, 9.029569500000001, 9.2302005, 9.520095099999999, 9.8172125, 13.741098019999995, 24.370709
8.88004375, 9.048262999999999, 9.249099000000001, 9.5176874, 9.7640804, 14.670271, 36.893046
8.878162, 9.023533, 9.2219795, 9.4873256, 9.75724345, 16.18028951, 52.853195
8.89078175, 9.0441325, 9.24410425, 9.5196589, 9.76101795, 14.679272429999992, 36.893046
8.883498750000001, 9.038479500000001, 9.2405985, 9.5258062, 9.82321365, 15.267818949999995, 23.303856
8.8942825, 9.038972, 9.246853000000002, 9.5631619, 9.813120849999999, 16.37851031, 52.853195
8.8936545, 9.058689999999999, 9.250391, 9.4979251, 9.784900799999999, 16.058708, 36.893046
8.904615249999999, 9.054536500000001, 9.26483125, 9.5184236, 9.8085941, 15.270364589999993, 20.217992
8.882605250000001, 9.035404, 9.23967625, 9.5036823, 9.728642200000001, 13.809444849999995, 32.855096
8.89965675, 9.052709, 9.23841175, 9.5103793, 9.77402385, 16.26156513, 32.855096
8.88963275, 9.034223, 9.2127215, 9.478931600000001, 9.7085648, 14.002109669999998, 36.893046
8.8884085, 9.0336975, 9.230571000000001, 9.5013727, 9.753056149999999, 16.658843, 36.893046
8.8960905, 9.042576, 9.26037325, 9.544018300000001, 9.83042895, 16.053938969999997, 21.371576
8.89232875, 9.0355265, 9.2411555, 9.517703299999999, 9.713532599999999, 12.00710831999999, 36.893046
8.8870095, 9.05538, 9.237008, 9.5019713, 9.72888105, 16.399752799999998, 52.853195
8.888625, 9.034392, 9.2367055, 9.5301354, 9.8441637, 16.399752799999998, 32.855096
8.87664375, 9.039255, 9.227158, 9.466911900000001, 9.66011505, 10.49427884, 21.371576
8.88345925, 9.035365, 9.230086, 9.4979399, 9.7579987, 14.39209222, 19.587514
8.88892375, 9.045718, 9.237180250000002, 9.5057286, 9.698574599999999, 16.605649919999998, 24.370709
8.8828095, 9.03386, 9.24050575, 9.5113727, 9.799459050000001, 14.605914929999999, 24.370709
8.898147, 9.035997, 9.235009, 9.476881200000001, 9.72498085, 13.737205269999999, 23.303856
8.883462, 9.031233, 9.23287875, 9.4804853, 9.7702711, 15.575011389999995, 24.370709
8.88428525, 9.036835499999999, 9.23713875, 9.5066769, 9.802092349999999, 11.992219499999981, 24.370709
8.89802725, 9.042117, 9.237260500000001, 9.5349308, 9.75677875, 11.137645529999997, 22.552578
0, 0, 0, 0, 0, 0, 0
0, 0, 0, 0, 0, 0, 0
0, 0, 0, 0, 0, 0, 0
0, 0, 0, 0, 0, 0, 0
0, 0, 0, 0, 0, 0, 0
0, 0, 0, 0, 0, 0, 0
0, 0, 0, 0, 0, 0, 0
0, 0, 0, 0, 0, 0, 0
0, 0, 0, 0, 0, 0, 0
0, 0, 0, 0, 0, 0, 0
0, 0, 0, 0, 0, 0, 0
0, 0, 0, 0, 0, 0, 0
0, 0, 0, 0, 0, 0, 0
0, 0, 0, 0, 0, 0, 0
0, 0, 0, 0, 0, 0, 0
0, 0, 0, 0, 0, 0, 0
0, 0, 0, 0, 0, 0, 0
0, 0, 0, 0, 0, 0, 0
0, 0, 0, 0, 0, 0, 0
0, 0, 0, 0, 0, 0, 0
0, 0, 0, 0, 0, 0, 0
0, 0, 0, 0, 0, 0, 0
0, 0, 0, 0, 0, 0, 0
0, 0, 0, 0, 0, 0, 0
0, 0, 0, 0, 0, 0, 0
0, 0, 0, 0, 0, 0, 0
0, 0, 0, 0, 0, 0, 0
0, 0, 0, 0, 0, 0, 0
0, 0, 0, 0, 0, 0, 0
0, 0, 0, 0, 0, 0, 0
0, 0, 0, 0, 0, 0, 0
0, 0, 0, 0, 0, 0, 0
0, 0, 0, 0, 0, 0, 0
0, 0, 0, 0, 0, 0, 0
0, 0, 0, 0, 0, 0, 0
0, 0, 0, 0, 0, 0, 0
0, 0, 0, 0, 0, 0, 0
0, 0, 0, 0, 0, 0, 0
0, 0, 0, 0, 0, 0, 0
0, 0, 0, 0, 0, 0, 0
0, 0, 0, 0, 0, 0, 0
0, 0, 0, 0, 0, 0, 0
0, 0, 0, 0, 0, 0, 0
0, 0, 0, 0, 0, 0, 0
0, 0, 0, 0, 0, 0, 0
0, 0, 0, 0, 0, 0, 0
0, 0, 0, 0, 0, 0, 0
0, 0, 0, 0, 0, 0, 0
0, 0, 0, 0, 0, 0, 0
0, 0, 0, 0, 0, 0, 0
0, 0, 0, 0, 0, 0, 0
0, 0, 0, 0, 0, 0, 0
8.9015045, 9.04269, 9.232827499999999, 9.531853100000001, 9.79201135, 13.55488314, 23.303856
8.87044375, 9.0368835, 9.244795, 9.5337713, 9.78480465, 16.722674959999996, 22.552578
8.890685, 9.044883500000001, 9.22391225, 9.5001981, 9.7332338, 13.23262547, 19.213916
8.87286175, 9.0335035, 9.23983, 9.522847800000001, 9.75724345, 16.03083744, 24.370709
8.89055, 9.035064, 9.22828275, 9.5168779, 9.76395155, 16.05269237, 32.855096
8.897412500000002, 9.047657000000001, 9.22738975, 9.5330725, 9.80909, 15.263228, 52.853195
8.890238, 9.0450655, 9.224421, 9.509230800000001, 9.748996649999999, 14.195220159999998, 32.855096
8.891253749999999, 9.049011499999999, 9.253141, 9.530697, 9.8128938, 11.827313539999986, 20.217992
8.88165, 9.033112, 9.232870499999999, 9.5091457, 9.761134, 14.451942559999997, 52.853195
8.8892335, 9.0398295, 9.25079075, 9.5169675, 9.7578522, 15.727256559999995, 36.893046
8.86612025, 9.030342000000001, 9.2311555, 9.491559, 9.7345687, 14.902573969999995, 24.370709
8.89255075, 9.038151, 9.2383335, 9.552455700000001, 9.809449, 15.977419659999999, 52.853195
8.88605475, 9.0414065, 9.23823325, 9.5365733, 9.79567305, 13.743088119999994, 52.853195
8.9009935, 9.058500500000001, 9.252956, 9.552520300000001, 9.74882295, 14.005221999999996, 52.853195
8.88241525, 9.038504499999998, 9.25007225, 9.566491200000002, 9.861804, 16.603863389999997, 24.370709
8.88656075, 9.034899, 9.23800375, 9.4979399, 9.669881349999999, 11.021088, 19.587514
8.884642, 9.0445755, 9.2503595, 9.5128451, 9.73989055, 15.874409599999998, 19.645042
8.890802749999999, 9.0498335, 9.24318475, 9.536111, 9.768343549999999, 16.030153, 19.656824
8.880488, 9.0416275, 9.2445345, 9.5132366, 9.778165, 15.570414, 23.303856
8.883834, 9.038144500000001, 9.2314235, 9.487196800000001, 9.77206885, 16.18035541, 19.656824
8.886646749999999, 9.041209, 9.237321, 9.500893300000001, 9.79529335, 13.48606768, 32.855096
8.875077749999999, 9.034429, 9.217471750000001, 9.4947206, 9.77017995, 11.167236649999996, 23.303856
8.87913375, 9.028963, 9.237987, 9.4988701, 9.7494307, 13.555984059999998, 21.371576
8.877465749999999, 9.033925, 9.225696500000002, 9.501733, 9.75773205, 14.458524319999992, 32.855096
8.896354, 9.0410095, 9.2248655, 9.478753700000002, 9.7160942, 16.215679, 52.853195
8.875377, 9.030362499999999, 9.22887425, 9.5104968, 9.7179522, 11.75733491999998, 36.893046
8.88865275, 9.0337095, 9.232537, 9.5032753, 9.734330449999998, 14.195220159999998, 24.370709
8.872442, 9.025680999999999, 9.2227865, 9.5013881, 9.713329149999998, 14.007761019999993, 19.892145
8.877635999999999, 9.030908499999999, 9.22193375, 9.4889078, 9.7049343, 14.39224006, 20.217992
8.88090825, 9.038950499999999, 9.23983, 9.486634800000001, 9.69376655, 10.714532699999998, 24.370709
8.88514275, 9.040006, 9.2329775, 9.5107316, 9.7332338, 16.111229279999996, 21.371576
8.893632, 9.048182, 9.225102, 9.484524700000001, 9.7047761, 10.305838849999999, 24.370709
8.88857025, 9.0455945, 9.2476985, 9.538259, 9.813977349999998, 17.202648649999997, 36.893046
8.888625, 9.045168499999999, 9.226539500000001, 9.4975944, 9.765831449999999, 15.573435339999996, 52.853195
8.8742125, 9.030892999999999, 9.232711, 9.4902898, 9.76401005, 15.270364589999993, 22.552578
8.900634, 9.0407745, 9.2350465, 9.5003407, 9.7012494, 14.1948271, 22.552578
8.8928105, 9.028975500000001, 9.221999, 9.508418500000001, 9.73995, 16.26156513, 32.855096
8.8816305, 9.0495395, 9.2424815, 9.51066, 9.7564958, 11.927572709999989, 24.370709
8.892932, 9.041955999999999, 9.23582875, 9.5060268, 9.740872, 11.997571009999977, 52.853195
8.876923, 9.038564000000001, 9.237217000000001, 9.4827545, 9.71648685, 13.74648451999999, 52.853195
8.8900975, 9.039427, 9.22379975, 9.4788963, 9.71428145, 13.617861, 36.893046
8.88105375, 9.0374305, 9.248186, 9.5631619, 9.81306725, 16.099406520000002, 36.893046
8.889755, 9.0469605, 9.243698, 9.517703299999999, 9.72604315, 11.257804299999998, 36.893046
8.89334225, 9.044306, 9.2404215, 9.5255811, 9.7345687, 13.804678829999999, 23.303856
8.88217075, 9.0333275, 9.22033125, 9.5107028, 9.808353, 13.562622999999993, 32.855096
8.9048145, 9.0429605, 9.23557175, 9.4936661, 9.7191083, 13.23262547, 24.370709
8.880770250000001, 9.03385, 9.23089675, 9.4801725, 9.7105149, 14.108396169999997, 18.516134
8.875682999999999, 9.0332315, 9.237870000000001, 9.4723366, 9.68012425, 10.29288519, 36.893046
8.8790045, 9.0429695, 9.2244955, 9.5384827, 9.7401951, 14.691345, 19.502914
8.89521, 9.046979499999999, 9.23228675, 9.492431400000001, 9.700869, 10.714939559999998, 52.853195
8.8961635, 9.050481, 9.250064, 9.5251539, 9.72577245, 16.216124110000003, 36.893046
8.87918775, 9.038636, 9.237587999999999, 9.5131371, 9.772188400000001, 16.706707, 52.853195
8.86989, 9.027633999999999, 9.228519, 9.4684019, 9.71928755, 16.030358099999997, 23.303856
8.88869475, 9.026627, 9.22262375, 9.4946107, 9.7229108, 16.21714605, 21.371576
8.89245, 9.0407425, 9.216907749999999, 9.4632298, 9.708477, 15.87359139, 36.893046
8.87386375, 9.027821, 9.21703725, 9.460164800000001, 9.657244149999999, 10.190841, 23.303856
8.89150025, 9.04299, 9.243094750000001, 9.546533, 9.75724995, 10.899637029999997, 23.303856
8.9025835, 9.059702000000001, 9.25847175, 9.560027400000001, 9.812882, 16.36279307, 21.371576
8.876693750000001, 9.049817000000001, 9.24229575, 9.487441200000001, 9.68092035, 16.36279307, 36.893046
8.89114775, 9.0390955, 9.24025075, 9.5171619, 9.73011735, 11.16183727, 17.516372
8.892422499999999, 9.038948999999999, 9.232577500000001, 9.530571, 9.808353, 14.119788779999986, 52.853195
8.880768250000001, 9.0327325, 9.2386945, 9.5007736, 9.7160942, 14.684155369999987, 52.853195
8.88539025, 9.0454545, 9.237260500000001, 9.5232809, 9.716393199999999, 11.990346579999983, 52.853195
8.896637, 9.0468105, 9.235018, 9.507059400000001, 9.7694701, 15.879849349999994, 24.370709
8.877184, 9.033713, 9.2255815, 9.4786968, 9.7248027, 16.09869635, 36.893046
8.88599, 9.0386725, 9.23612, 9.5208795, 9.78219935, 14.195412589999998, 22.552578
0, 0, 0, 0, 0, 0, 0
0, 0, 0, 0, 0, 0, 0
0, 0, 0, 0, 0, 0, 0
0, 0, 0, 0, 0, 0, 0
0, 0, 0, 0, 0, 0, 0
0, 0, 0, 0, 0, 0, 0
0, 0, 0, 0, 0, 0, 0
0, 0, 0, 0, 0, 0, 0
0, 0, 0, 0, 0, 0, 0
0, 0, 0, 0, 0, 0, 0
0, 0, 0, 0, 0, 0, 0
0, 0, 0, 0, 0, 0, 0
0, 0, 0, 0, 0, 0, 0
0, 0, 0, 0, 0, 0, 0
0, 0, 0, 0, 0, 0, 0
0, 0, 0, 0, 0, 0, 0
0, 0, 0, 0, 0, 0, 0
0, 0, 0, 0, 0, 0, 0
0, 0, 0, 0, 0, 0, 0
0, 0, 0, 0, 0, 0, 0
0, 0, 0, 0, 0, 0, 0
0, 0, 0, 0, 0, 0, 0
0, 0, 0, 0, 0, 0, 0
0, 0, 0, 0, 0, 0, 0
0, 0, 0, 0, 0, 0, 0
0, 0, 0, 0, 0, 0, 0
0, 0, 0, 0, 0, 0, 0
0, 0, 0, 0, 0, 0, 0
0, 0, 0, 0, 0, 0, 0
0, 0, 0, 0, 0, 0, 0
0, 0, 0, 0, 0, 0, 0
0, 0, 0, 0, 0, 0, 0
0, 0, 0, 0, 0, 0, 0
0, 0, 0, 0, 0, 0, 0
0, 0, 0, 0, 0, 0, 0
0, 0, 0, 0, 0, 0, 0
0, 0, 0, 0, 0, 0, 0
0, 0, 0, 0, 0, 0, 0
0, 0, 0, 0, 0, 0, 0
0, 0, 0, 0, 0, 0, 0
0, 0, 0, 0, 0, 0, 0
0, 0, 0, 0, 0, 0, 0
0, 0, 0, 0, 0, 0, 0
0, 0, 0, 0, 0, 0, 0
0, 0, 0, 0, 0, 0, 0
0, 0, 0, 0, 0, 0, 0
0, 0, 0, 0, 0, 0, 0
0, 0, 0, 0, 0, 0, 0
0, 0, 0, 0, 0, 0, 0
0, 0, 0, 0, 0, 0, 0
0, 0, 0, 0, 0, 0, 0
0, 0, 0, 0, 0, 0, 0
0, 0, 0, 0, 0, 0, 0
0, 0, 0, 0, 0, 0, 0
0, 0, 0, 0, 0, 0, 0
0, 0, 0, 0, 0, 0, 0
0, 0, 0, 0, 0, 0, 0
0, 0, 0, 0, 0, 0, 0
0, 0, 0, 0, 0, 0, 0
0, 0, 0, 0, 0, 0, 0
0, 0, 0, 0, 0, 0, 0
0, 0, 0, 0, 0, 0, 0
0, 0, 0, 0, 0, 0, 0
0, 0, 0, 0, 0, 0, 0
0, 0, 0, 0, 0, 0, 0
0, 0, 0, 0, 0, 0, 0
0, 0, 0, 0, 0, 0, 0
0, 0, 0, 0, 0, 0, 0
0, 0, 0, 0, 0, 0, 0
0, 0, 0, 0, 0, 0, 0
0, 0, 0, 0, 0, 0, 0
0, 0, 0, 0, 0, 0, 0
0, 0, 0, 0, 0, 0, 0
0, 0, 0, 0, 0, 0, 0
0, 0, 0, 0, 0, 0, 0
0, 0, 0, 0, 0, 0, 0
0, 0, 0, 0, 0, 0, 0
0, 0, 0, 0, 0, 0, 0
0, 0, 0, 0, 0, 0, 0
0, 0, 0, 0, 0, 0, 0
0, 0, 0, 0, 0, 0, 0
0, 0, 0, 0, 0, 0, 0
0, 0, 0, 0, 0, 0, 0
0, 0, 0, 0, 0, 0, 0
0, 0, 0, 0, 0, 0, 0
0, 0, 0, 0, 0, 0, 0
0, 0, 0, 0, 0, 0, 0
0, 0, 0, 0, 0, 0, 0
0, 0, 0, 0, 0, 0, 0
0, 0, 0, 0, 0, 0, 0
0, 0, 0, 0, 0, 0, 0
0, 0, 0, 0, 0, 0, 0
0, 0, 0, 0, 0, 0, 0
0, 0, 0, 0, 0, 0, 0
0, 0, 0, 0, 0, 0, 0
0, 0, 0, 0, 0, 0, 0
0, 0, 0, 0, 0, 0, 0
0, 0, 0, 0, 0, 0, 0
0, 0, 0, 0, 0, 0, 0
0, 0, 0, 0, 0, 0, 0
0, 0, 0, 0, 0, 0, 0
0, 0, 0, 0, 0, 0, 0
0, 0, 0, 0, 0, 0, 0
0, 0, 0, 0, 0, 0, 0
8.886843500000001, 9.048876, 9.234869, 9.494200900000001, 9.700678, 11.751590159999987, 32.855096
8.883698500000001, 9.038684, 9.231357749999999, 9.517703299999999, 9.79370385, 11.68220693, 20.217992
8.88810475, 9.034223, 9.240826, 9.499914200000001, 9.711468, 11.450488, 32.855096
8.88825375, 9.045958500000001, 9.25060675, 9.5136092, 9.7706036, 15.725401299999996, 36.893046
8.884263, 9.041903, 9.22831725, 9.5126569, 9.7579987, 11.985652159999988, 52.853195
8.87724275, 9.031796, 9.241076249999999, 9.5687121, 9.799459050000001, 14.434625099999996, 52.853195
8.881449750000002, 9.038584, 9.23583425, 9.5075592, 9.71177835, 11.377258219999996, 52.853195
8.876603750000001, 9.039063500000001, 9.237307000000001, 9.5293807, 9.7672477, 16.05074345, 21.371576
8.885138249999999, 9.0410095, 9.25765425, 9.5338466, 9.8258195, 15.270897249999992, 24.370709
8.88999575, 9.037761, 9.232351000000001, 9.498878699999999, 9.7350233, 11.167251429999995, 18.166172
8.87882225, 9.033819999999999, 9.216149, 9.472413900000001, 9.64261445, 14.431153, 36.893046
8.88307375, 9.042517, 9.237853, 9.492110499999999, 9.7389281, 14.69221518, 22.552578
8.87507625, 9.034356, 9.23270825, 9.50367, 9.8069094, 15.724868639999997, 19.587514
8.8771, 9.0424215, 9.237056249999998, 9.5077467, 9.728642200000001, 13.821230519999983, 19.892145
8.876088, 9.0405745, 9.237587999999999, 9.5321823, 9.787867299999998, 16.918869039999997, 19.892145
8.87947, 9.038682, 9.2263025, 9.4991732, 9.694110649999999, 14.606785109999999, 32.855096
8.884923, 9.0413625, 9.236211999999998, 9.5187762, 9.77823035, 15.727256559999995, 20.217992
8.884151000000001, 9.028469, 9.22929575, 9.525504, 9.730478, 14.39224006, 22.552578
8.875077749999999, 9.039636000000002, 9.247008749999999, 9.5414317, 9.82916015, 16.050663, 32.855096
8.8884785, 9.047814, 9.245476250000001, 9.538292, 9.809280099999999, 16.89954143, 24.370709
8.8875955, 9.0511585, 9.22688575, 9.465084899999999, 9.674588250000001, 13.235582829999997, 19.645042
8.876510750000001, 9.026818500000001, 9.23836975, 9.5075707, 9.72918795, 14.19507232, 52.853195
8.887352, 9.0392145, 9.22617725, 9.4811426, 9.73821425, 14.434625099999996, 52.853195
8.892584249999999, 9.0391565, 9.2350685, 9.5070352, 9.73407565, 13.729825919999998, 24.370709
8.8909175, 9.035456, 9.224529, 9.4964481, 9.740872, 11.813872359999998, 21.371576
8.87243075, 9.0384595, 9.25694975, 9.534716, 9.768925300000001, 16.45109899, 52.853195
8.88552125, 9.0434775, 9.244346499999999, 9.496069100000001, 9.757964249999999, 16.18028951, 52.853195
8.871368, 9.034188, 9.2121855, 9.500631, 9.73999115, 16.25509691, 24.370709
8.89778475, 9.051524, 9.2489265, 9.5552129, 9.799406849999999, 13.922143069999994, 23.303856
8.90635175, 9.055035, 9.26151525, 9.525004, 9.7963663, 14.736804409999994, 36.893046
8.888076250000001, 9.046804, 9.25538525, 9.5568532, 9.813344399999998, 15.874329149999998, 36.893046
8.86473725, 9.031312499999999, 9.22621375, 9.5035319, 9.7953201, 14.431153, 24.370709
8.89903725, 9.047075, 9.263209, 9.5400703, 9.767185, 14.018281539999984, 23.303856
8.877875, 9.031843, 9.236925, 9.4766526, 9.76709205, 13.738322099999998, 19.656824
8.895388, 9.044275, 9.23564, 9.5301441, 9.73476515, 14.622784079999985, 32.855096
8.8820355, 9.045414, 9.252164, 9.5307057, 9.75601515, 14.69174642, 36.893046
8.883331, 9.034527, 9.24760625, 9.546533, 9.8066819, 14.606785109999999, 20.217992
8.87971025, 9.046231, 9.23446475, 9.4737955, 9.740872, 14.67048174, 52.853195
8.897337499999999, 9.039905000000001, 9.25839375, 9.532163800000001, 9.76975645, 13.923005999999994, 32.855096
8.87230225, 9.027811, 9.209653500000002, 9.4741002, 9.66688725, 11.992219499999981, 19.656824
8.8694725, 9.030104999999999, 9.23942125, 9.5209461, 9.7483978, 11.12015926, 18.166172
8.8779315, 9.039489, 9.2325515, 9.5169005, 9.7567628, 14.39224006, 19.892145
8.87524375, 9.0238875, 9.218727, 9.516184500000001, 9.72914035, 15.574478729999996, 32.855096
8.887677, 9.0536405, 9.261629249999999, 9.534619, 9.7081506, 13.163023519999998, 32.855096
8.881118, 9.029609, 9.21788425, 9.477381000000001, 9.68012425, 14.002109669999998, 19.892145
8.89716325, 9.055985499999998, 9.244418249999999, 9.5135588, 9.7494307, 11.697418609999986, 36.893046
8.88436275, 9.041263, 9.2424035, 9.4823865, 9.7106051, 14.197611339999996, 23.303856
8.88944475, 9.034685, 9.220070250000001, 9.490067, 9.78014965, 14.453206909999997, 36.893046
8.885478, 9.041601, 9.24746575, 9.5255811, 9.764799550000001, 15.874907839999999, 52.853195
8.886197750000001, 9.041266, 9.25604425, 9.506237, 9.7685338, 13.563208489999992, 36.893046
8.8869985, 9.046535500000001, 9.2373695, 9.5431618, 9.76127315, 14.195220159999998, 32.855096
8.8869985, 9.031013999999999, 9.23517625, 9.5260368, 9.75768315, 10.715655519999997, 52.853195
8.88354475, 9.0391055, 9.2649015, 9.518147899999999, 9.73990345, 11.450488, 20.217992
8.886674750000001, 9.0397935, 9.223287000000001, 9.4953569, 9.7485638, 16.37851031, 32.855096
8.89254225, 9.0661895, 9.26901275, 9.5387324, 9.787867299999998, 13.743088119999994, 19.072953
8.887292, 9.03808, 9.246472, 9.4985452, 9.72420025, 14.783211649999997, 21.371576
8.875352, 9.0407745, 9.224699999999999, 9.483330200000001, 9.7335494, 14.910927659999988, 19.892145
8.87950725, 9.030584999999999, 9.243454, 9.50728, 9.72550245, 13.91610324, 23.303856
8.8835955, 9.030160500000001, 9.21796675, 9.4689872, 9.648425499999998, 11.066402559999991, 19.656824
8.88292925, 9.0358525, 9.230590750000001, 9.4843647, 9.709119600000001, 14.786283509999993, 36.893046
8.89117475, 9.050781, 9.2474895, 9.553444800000001, 9.86221145, 15.723825249999997, 24.370709
8.883652, 9.037955499999999, 9.226511250000001, 9.4847774, 9.7043886, 15.874409599999998, 52.853195
8.887853, 9.0446635, 9.226137, 9.49951, 9.757871199999999, 13.177141119999986, 52.853195
8.8771, 9.033796, 9.23042875, 9.5173453, 9.782085, 16.114915949999993, 52.853195
8.88694025, 9.0424885, 9.24305625, 9.494948400000002, 9.77906925, 14.002109669999998, 24.370709
8.87729725, 9.0518525, 9.2585425, 9.5318397, 9.7798149, 13.803562, 24.370709
8.876782, 9.049817000000001, 9.2475575, 9.4974219, 9.7607981, 11.455127049999996, 36.893046
8.88563025, 9.049049, 9.24420075, 9.5075592, 9.76395155, 15.978203449999999, 19.892145
8.876553000000001, 9.031440499999999, 9.2255815, 9.51066, 9.76975645, 14.70315702999999, 23.303856
8.90925025, 9.0517965, 9.24314475, 9.5267638, 9.7494059, 13.806577739999996, 18.516134
8.885725, 9.034100500000001, 9.24419925, 9.494863800000001, 9.708477, 16.03043855, 32.855096
8.90101975, 9.04824, 9.238971, 9.5060739, 9.766847, 15.976887, 23.303856
8.87289075, 9.030309500000001, 9.23619975, 9.5116438, 9.733126949999999, 11.932528599999983, 32.855096
8.88679025, 9.037804, 9.2287285, 9.509272600000001, 9.71898395, 14.779568679999999, 36.893046
8.87406925, 9.0282135, 9.22617725, 9.508053400000001, 9.73999115, 14.691345, 19.213916
8.88815425, 9.049634000000001, 9.228519, 9.4786968, 9.7345687, 16.059206239999998, 23.303856
8.8936545, 9.0493155, 9.23224175, 9.546185900000001, 9.8297809, 15.97762476, 32.855096
8.886197750000001, 9.047357, 9.25418025, 9.519617, 9.71169515, 13.618961919999998, 19.892145
8.883364, 9.031548, 9.2154205, 9.5176545, 9.7951294, 14.452805489999998, 23.303856
8.8751215, 9.046068, 9.242713, 9.508067, 9.74440445, 16.099406520000002, 24.370709
8.88859, 9.0476995, 9.243742000000001, 9.547311, 9.82521055, 16.39820255, 32.855096
8.8827065, 9.043631, 9.2430645, 9.49884, 9.70001065, 14.69221518, 19.502914
8.896526999999999, 9.051003, 9.249846, 9.5132995, 9.741225799999999, 14.792736159999988, 22.552578
8.8845135, 9.052793999999999, 9.258167749999998, 9.4891103, 9.712897499999999, 13.72803882, 52.853195
8.888393, 9.036976500000002, 9.23608025, 9.511716400000001, 9.74170605, 14.108248329999997, 22.552578
8.897997499999999, 9.0510765, 9.25737325, 9.5131865, 9.8257673, 16.03083744, 32.855096
8.888282, 9.0397315, 9.24759375, 9.535433900000001, 9.825608950000001, 16.2536, 21.371576
8.882863, 9.0382295, 9.2586835, 9.564106, 9.861813099999999, 16.39775888, 32.855096
8.87983025, 9.045676, 9.225571, 9.5019064, 9.6831207, 13.261468359999999, 24.370709
8.889677, 9.037922, 9.23376625, 9.5628428, 9.823088, 16.09976782, 52.853195
8.880289999999999, 9.039085, 9.24293575, 9.534929, 9.775921, 16.400793039999996, 32.855096
8.886837499999999, 9.037455999999999, 9.23566475, 9.483278, 9.717795, 14.433754919999998, 21.371576
8.88456825, 9.0353665, 9.217495, 9.5019713, 9.687455250000001, 14.69221518, 19.587514
8.8755795, 9.0389695, 9.24301525, 9.5298573, 9.792323999999999, 16.791757, 21.371576
8.885581, 9.0390215, 9.22897, 9.505738299999999, 9.78257865, 13.240051049999993, 22.552578
8.882089, 9.043419, 9.2355995, 9.530596000000001, 9.81293445, 11.169007149999993, 36.893046
8.88164025, 9.0372015, 9.237358, 9.531918, 9.757871199999999, 13.562868219999991, 36.893046
8.8814835, 9.0281475, 9.22027, 9.497619100000001, 9.709213250000001, 15.87359139, 32.855096
8.90013825, 9.0525435, 9.2429095, 9.516968, 9.828979200000001, 16.44976985, 52.853195
8.895179500000001, 9.041885, 9.2368835, 9.500914700000001, 9.7133824, 16.39846709, 36.893046
8.878197, 9.038578999999999, 9.24596, 9.5165636, 9.77185685, 14.432891989999998, 19.656824
8.885962249999999, 9.050464, 9.24045725, 9.5210217, 9.800464199999999, 16.257090829999996, 20.217992
8.885358, 9.047792000000001, 9.237699, 9.4697557, 9.70745165, 15.266299859999997, 23.303856
8.87655075, 9.038463499999999, 9.22804125, 9.484650100000001, 9.7161937, 16.11107052, 19.892145
8.88187325, 9.0463165, 9.25699925, 9.5239501, 9.735709649999999, 16.111229279999996, 23.303856
8.89133925, 9.041320500000001, 9.23764175, 9.5128451, 9.76953925, 15.571933089999998, 19.373624
8.888579499999999, 9.044705, 9.24082125, 9.496726400000002, 9.799549350000001, 14.779568679999999, 52.853195
8.87278875, 9.025236, 9.23703325, 9.498448000000002, 9.82537685, 17.075164, 32.855096
8.8935855, 9.039154, 9.239815499999999, 9.5132366, 9.712924849999999, 14.002109669999998, 24.370709
8.890649, 9.044572, 9.225981749999999, 9.4985128, 9.72373565, 13.618961919999998, 19.892145
8.88024575, 9.0387875, 9.233104, 9.544412900000001, 9.808262449999999, 16.26162101, 19.892145
8.889996, 9.0481125, 9.237487, 9.49454, 9.78059115, 16.10960347, 36.893046
8.8895165, 9.0458745, 9.239730999999999, 9.5210084, 9.741853249999998, 16.09976782, 32.855096
8.88965575, 9.055187, 9.25790475, 9.5512387, 9.8021575, 15.271102349999992, 19.892145
8.896678249999999, 9.0582835, 9.24667775, 9.5034774, 9.792107499999998, 13.809690069999993, 36.893046
8.891535, 9.0472325, 9.242806, 9.5520347, 9.799682449999999, 16.722508529999995, 36.893046
8.88750775, 9.049146499999999, 9.245737, 9.5232201, 9.7560311, 16.052313159999997, 52.853195
8.891226, 9.0456645, 9.243571750000001, 9.556948, 9.82393235, 14.433544179999998, 36.893046
8.88546975, 9.033967, 9.231718, 9.4832042, 9.71349485, 15.722323, 32.855096
8.89133975, 9.051272, 9.26066225, 9.5708956, 9.86626815, 16.030358099999997, 24.370709
8.8835955, 9.029783, 9.225831, 9.4885874, 9.77919225, 13.743088119999994, 21.371576
8.88769375, 9.036586, 9.225981749999999, 9.4902425, 9.75771305, 11.841431139999973, 52.853195
8.89362625, 9.0540045, 9.242162, 9.5308963, 9.787867299999998, 16.21605821, 22.552578
8.87524375, 9.035387, 9.2298405, 9.500249, 9.795845199999999, 13.727953, 52.853195
8.8879425, 9.041927, 9.2564445, 9.533595, 9.7847513, 16.662904129999998, 22.552578
8.88238, 9.038449, 9.2325515, 9.4848187, 9.680561099999998, 11.814675749999997, 36.893046
8.890065, 9.049351000000001, 9.253217249999999, 9.510604, 9.8026006, 13.811576899999991, 52.853195
8.880313, 9.0389705, 9.25559775, 9.551241, 9.8021575, 15.977705209999998, 20.217992
8.890922, 9.042670999999999, 9.2582235, 9.5365733, 9.798618600000001, 16.179549, 36.893046
8.883933, 9.0448545, 9.24300925, 9.5367848, 9.7685258, 16.050663, 20.217992
8.882302750000001, 9.0448545, 9.2380875, 9.524617, 9.81659675, 14.693420859999998, 36.893046
8.889659, 9.043055500000001, 9.243185500000001, 9.517638, 9.76086845, 13.618961919999998, 52.853195
8.88955475, 9.0389105, 9.246548, 9.566021600000001, 9.850382, 16.91765226, 52.853195
8.875797, 9.0316215, 9.243694999999999, 9.4993193, 9.712812399999999, 10.54810019, 52.853195
8.87655075, 9.037766999999999, 9.233372750000001, 9.517331700000002, 9.802914600000001, 13.258511, 24.370709
8.89116, 9.0463165, 9.224672250000001, 9.468144500000001, 9.66704695, 14.907164919999992, 21.371576
8.88357175, 9.0431925, 9.254393499999999, 9.5078574, 9.774447349999999, 14.416709269999998, 32.855096
8.8789875, 9.0417615, 9.228058, 9.4866493, 9.752797, 14.433754919999998, 20.217992
8.8792695, 9.0454005, 9.25047725, 9.516987, 9.757234, 13.803562, 32.855096
8.89807125, 9.051897, 9.24030625, 9.5271103, 9.765896399999999, 16.098597, 52.853195
8.880448, 9.038828500000001, 9.2467565, 9.5070352, 9.7452261, 14.434625099999996, 24.370709
8.880405, 9.031172000000002, 9.23974525, 9.5171895, 9.79979945, 14.39243249, 52.853195
8.8897115, 9.034115499999999, 9.250391, 9.538292, 9.72959535, 14.432891989999998, 52.853195
8.89530375, 9.046301, 9.23815525, 9.5386253, 9.7159672, 13.915245, 52.853195
8.889235750000001, 9.038971, 9.22200875, 9.4978626, 9.7399329, 15.723825249999997, 19.502914
8.8986555, 9.038827, 9.2546475, 9.4981875, 9.78236335, 11.994732, 19.892145
8.883815250000001, 9.0453995, 9.22819875, 9.5160734, 9.77515755, 16.37921852, 52.853195
8.89770025, 9.048039500000002, 9.23088325, 9.5204765, 9.757248950000001, 14.779568679999999, 19.645042
0, 0, 0, 0, 0, 0, 0
0, 0, 0, 0, 0, 0, 0
0, 0, 0, 0, 0, 0, 0
0, 0, 0, 0, 0, 0, 0
0, 0, 0, 0, 0, 0, 0
0, 0, 0, 0, 0, 0, 0
0, 0, 0, 0, 0, 0, 0
0, 0, 0, 0, 0, 0, 0
0, 0, 0, 0, 0, 0, 0
0, 0, 0, 0, 0, 0, 0
0, 0, 0, 0, 0, 0, 0
0, 0, 0, 0, 0, 0, 0
0, 0, 0, 0, 0, 0, 0
0, 0, 0, 0, 0, 0, 0
0, 0, 0, 0, 0, 0, 0
0, 0, 0, 0, 0, 0, 0
0, 0, 0, 0, 0, 0, 0
0, 0, 0, 0, 0, 0, 0
0, 0, 0, 0, 0, 0, 0
0, 0, 0, 0, 0, 0, 0
0, 0, 0, 0, 0, 0, 0
0, 0, 0, 0, 0, 0, 0
0, 0, 0, 0, 0, 0, 0
0, 0, 0, 0, 0, 0, 0
0, 0, 0, 0, 0, 0, 0
0, 0, 0, 0, 0, 0, 0
0, 0, 0, 0, 0, 0, 0
0, 0, 0, 0, 0, 0, 0
0, 0, 0, 0, 0, 0, 0
0, 0, 0, 0, 0, 0, 0
0, 0, 0, 0, 0, 0, 0
0, 0, 0, 0, 0, 0, 0
0, 0, 0, 0, 0, 0, 0
0, 0, 0, 0, 0, 0, 0
0, 0, 0, 0, 0, 0, 0
0, 0, 0, 0, 0, 0, 0
0, 0, 0, 0, 0, 0, 0
0, 0, 0, 0, 0, 0, 0
0, 0, 0, 0, 0, 0, 0
0, 0, 0, 0, 0, 0, 0
0, 0, 0, 0, 0, 0, 0
0, 0, 0, 0, 0, 0, 0
0, 0, 0, 0, 0, 0, 0
0, 0, 0, 0, 0, 0, 0
0, 0, 0, 0, 0, 0, 0
0, 0, 0, 0, 0, 0, 0
0, 0, 0, 0, 0, 0, 0
0, 0, 0, 0, 0, 0, 0
0, 0, 0, 0, 0, 0, 0
0, 0, 0, 0, 0, 0, 0
0, 0, 0, 0, 0, 0, 0
0, 0, 0, 0, 0, 0, 0
0, 0, 0, 0, 0, 0, 0
0, 0, 0, 0, 0, 0, 0
0, 0, 0, 0, 0, 0, 0
0, 0, 0, 0, 0, 0, 0
0, 0, 0, 0, 0, 0, 0
0, 0, 0, 0, 0, 0, 0
0, 0, 0, 0, 0, 0, 0
0, 0, 0, 0, 0, 0, 0
0, 0, 0, 0, 0, 0, 0
0, 0, 0, 0, 0, 0, 0
0, 0, 0, 0, 0, 0, 0
0, 0, 0, 0, 0, 0, 0
0, 0, 0, 0, 0, 0, 0
0, 0, 0, 0, 0, 0, 0
0, 0, 0, 0, 0, 0, 0
0, 0, 0, 0, 0, 0, 0
0, 0, 0, 0, 0, 0, 0
0, 0, 0, 0, 0, 0, 0
0, 0, 0, 0, 0, 0, 0
0, 0, 0, 0, 0, 0, 0
0, 0, 0, 0, 0, 0, 0
0, 0, 0, 0, 0, 0, 0
0, 0, 0, 0, 0, 0, 0
0, 0, 0, 0, 0, 0, 0
0, 0, 0, 0, 0, 0, 0
0, 0, 0, 0, 0, 0, 0
0, 0, 0, 0, 0, 0, 0
0, 0, 0, 0, 0, 0, 0
0, 0, 0, 0, 0, 0, 0
0, 0, 0, 0, 0, 0, 0
0, 0, 0, 0, 0, 0, 0
0, 0, 0, 0, 0, 0, 0
0, 0, 0, 0, 0, 0, 0
0, 0, 0, 0, 0, 0, 0
0, 0, 0, 0, 0, 0, 0
0, 0, 0, 0, 0, 0, 0
0, 0, 0, 0, 0, 0, 0
0, 0, 0, 0, 0, 0, 0
0, 0, 0, 0, 0, 0, 0
0, 0, 0, 0, 0, 0, 0
0, 0, 0, 0, 0, 0, 0
0, 0, 0, 0, 0, 0, 0
0, 0, 0, 0, 0, 0, 0
0, 0, 0, 0, 0, 0, 0
0, 0, 0, 0, 0, 0, 0
0, 0, 0, 0, 0, 0, 0
0, 0, 0, 0, 0, 0, 0
0, 0, 0, 0, 0, 0, 0
0, 0, 0, 0, 0, 0, 0
0, 0, 0, 0, 0, 0, 0
0, 0, 0, 0, 0, 0, 0
0, 0, 0, 0, 0, 0, 0
0, 0, 0, 0, 0, 0, 0
0, 0, 0, 0, 0, 0, 0
0, 0, 0, 0, 0, 0, 0
0, 0, 0, 0, 0, 0, 0
8.880507249999999, 9.048954, 9.2378805, 9.52299, 9.8069094, 16.099406520000002, 20.217992
8.880612249999999, 9.040842999999999, 9.228644500000001, 9.542640500000001, 9.808309549999999, 14.733161439999998, 19.645042
8.89128825, 9.048615, 9.24954875, 9.5491943, 9.7725964, 16.406465309999998, 32.855096
8.8912275, 9.0404755, 9.229091, 9.500249, 9.75618025, 16.09976782, 52.853195
8.88713975, 9.044449499999999, 9.241121, 9.5540888, 9.79987425, 14.67135192, 32.855096
8.89198375, 9.045048, 9.257002, 9.503744900000001, 9.7146433, 11.444518269999998, 19.656824
8.88803, 9.0432165, 9.243694, 9.5232201, 9.7332366, 14.209634109999985, 24.370709
8.8832515, 9.037036, 9.23992975, 9.4773277, 9.7486439, 14.001069, 22.552578
8.877211, 9.041981, 9.24607325, 9.5380124, 9.79965695, 16.746927, 23.303856
8.88977075, 9.045693, 9.24303225, 9.5263552, 9.7937421, 14.43134543, 19.892145
8.892304249999999, 9.0502895, 9.2328265, 9.4636333, 9.69156665, 11.529391, 17.997995
8.8888675, 9.050024, 9.241244250000001, 9.4953569, 9.7201095, 11.45127703, 52.853195
8.8808715, 9.052167, 9.238425249999999, 9.5059274, 9.7248027, 15.270897249999992, 24.370709
8.8885155, 9.042895, 9.2435815, 9.509230800000001, 9.778747, 16.18028951, 22.552578
8.877131, 9.0248835, 9.22204325, 9.4790579, 9.686738, 10.585231249999998, 52.853195
8.88861775, 9.044391, 9.223692, 9.4767544, 9.734066949999999, 14.192837, 24.370709
8.89515375, 9.051923, 9.2583915, 9.553734, 9.7609165, 13.917143909999998, 36.893046
8.889626, 9.039116, 9.215498, 9.4782414, 9.7010939, 11.710884019999973, 36.893046
8.899612, 9.046508, 9.23727, 9.4981394, 9.7420457, 15.977419659999999, 22.552578
8.885008500000001, 9.0467495, 9.23421025, 9.5188747, 9.76821035, 16.408251839999995, 36.893046
8.88587475, 9.043233, 9.240236249999999, 9.5210084, 9.769657599999999, 13.555984059999998, 19.645042
8.878468999999999, 9.034469000000001, 9.237133, 9.4924224, 9.7223697, 14.195412589999998, 32.855096
8.879147999999999, 9.03221, 9.2262285, 9.5183299, 9.73086335, 14.790880899999989, 52.853195
8.87870225, 9.0349195, 9.25011275, 9.547395700000001, 9.7614846, 13.56475504999999, 52.853195
8.882238999999998, 9.0396915, 9.226137, 9.4761603, 9.6521343, 13.48606768, 21.371576
8.899915, 9.051657500000001, 9.2527835, 9.548085300000002, 9.823102350000001, 16.25468784, 19.656824
8.88588775, 9.0495695, 9.23802825, 9.512076500000001, 9.7613662, 16.26361493, 52.853195
8.8837065, 9.0465145, 9.249878, 9.5034671, 9.75724995, 11.260672849999995, 52.853195
8.88983, 9.030881, 9.2190735, 9.4827627, 9.69381415, 14.898931, 19.213916
8.880588, 9.045110000000001, 9.22994975, 9.5070352, 9.708685549999998, 11.44299568, 24.370709
8.884248, 9.0384525, 9.227054500000001, 9.5182805, 9.72638235, 13.915245, 52.853195
8.89245, 9.0515455, 9.260748249999999, 9.564921400000001, 9.8513678, 16.26156513, 52.853195
8.889154750000001, 9.040089, 9.2478115, 9.50642, 9.76127315, 16.254846599999997, 24.370709
8.90202125, 9.042435999999999, 9.231006, 9.4772503, 9.6929427, 14.619303009999987, 22.552578
8.88291675, 9.043842, 9.26070775, 9.513556000000001, 9.7668639, 15.726085739999997, 32.855096
8.885008500000001, 9.04908, 9.258802, 9.513769700000001, 9.757553, 13.920596509999996, 24.370709
8.877050500000001, 9.0317065, 9.21734425, 9.4827285, 9.73061035, 15.263228, 32.855096
8.88004375, 9.0367055, 9.2407125, 9.506365500000001, 9.75770215, 11.740576719999998, 52.853195
8.89344125, 9.047075, 9.2503595, 9.5297949, 9.742713049999999, 14.79108599999999, 22.552578
8.875929750000001, 9.0362095, 9.235714, 9.5091457, 9.769657599999999, 16.10021293, 52.853195
8.88745475, 9.047359, 9.243425, 9.516968, 9.75621015, 11.442123, 17.729277
8.883763, 9.0391565, 9.24340425, 9.5533031, 9.799316549999999, 14.111399509999995, 19.645042
8.87624775, 9.043631, 9.258166, 9.5079808, 9.757731549999999, 13.917143909999998, 22.552578
8.87985775, 9.034849000000001, 9.25686025, 9.5024627, 9.744206, 14.108003109999997, 52.853195
8.8822245, 9.0279115, 9.253735, 9.522814, 9.723716249999999, 16.750107289999995, 52.853195
8.875439499999999, 9.050392, 9.25671575, 9.544018300000001, 9.81293445, 11.255858, 20.217992
8.877028, 9.032482, 9.2180515, 9.5011993, 9.8084346, 15.877446359999995, 23.303856
8.890092, 9.042464500000001, 9.2449905, 9.5107834, 9.75601515, 15.575795179999995, 32.855096
8.888281, 9.049079500000001, 9.250781, 9.526671, 9.77185685, 14.676200569999994, 52.853195
8.88442775, 9.0327885, 9.23091925, 9.5414241, 9.76723305, 15.872548, 52.853195
8.882113, 9.052162, 9.23266975, 9.504038300000001, 9.715871, 15.979654129999997, 24.370709
8.8871675, 9.0423105, 9.24634, 9.5116438, 9.806744349999999, 14.110998089999995, 24.370709
8.881413, 9.04468, 9.24596, 9.5303014, 9.7347705, 14.396917839999995, 20.217992
8.8868975, 9.0525435, 9.24086475, 9.4672716, 9.716393199999999, 16.058708, 52.853195
8.8786845, 9.03326, 9.235739, 9.505633999999999, 9.73882595, 15.87359139, 52.853195
8.88744925, 9.047449, 9.2255205, 9.4979229, 9.76975645, 14.192837, 52.853195
8.873959000000001, 9.041321, 9.242239249999999, 9.547649600000002, 9.7986111, 16.03043855, 24.370709
8.88451975, 9.038948999999999, 9.217091250000001, 9.4842896, 9.725188049999998, 15.724868639999997, 52.853195
8.89110425, 9.0426755, 9.2375985, 9.4772234, 9.739920549999999, 14.43134543, 20.217992
8.88808525, 9.055181999999999, 9.224062, 9.493208200000002, 9.7866114, 14.682293769999989, 32.855096
8.88848175, 9.046641000000001, 9.24410425, 9.5275827, 9.791958, 10.650640729999996, 32.855096
8.89349325, 9.03862, 9.244118499999999, 9.526059400000001, 9.787867299999998, 14.005562269999995, 24.370709
8.888282, 9.03263, 9.233372750000001, 9.5017857, 9.7245743, 12.009638469999988, 19.645042
0, 0, 0, 0, 0, 0, 0
0, 0, 0, 0, 0, 0, 0
0, 0, 0, 0, 0, 0, 0
0, 0, 0, 0, 0, 0, 0
0, 0, 0, 0, 0, 0, 0
0, 0, 0, 0, 0, 0, 0
0, 0, 0, 0, 0, 0, 0
0, 0, 0, 0, 0, 0, 0
0, 0, 0, 0, 0, 0, 0
0, 0, 0, 0, 0, 0, 0
0, 0, 0, 0, 0, 0, 0
0, 0, 0, 0, 0, 0, 0
0, 0, 0, 0, 0, 0, 0
0, 0, 0, 0, 0, 0, 0
0, 0, 0, 0, 0, 0, 0
0, 0, 0, 0, 0, 0, 0
0, 0, 0, 0, 0, 0, 0
0, 0, 0, 0, 0, 0, 0
0, 0, 0, 0, 0, 0, 0
0, 0, 0, 0, 0, 0, 0
0, 0, 0, 0, 0, 0, 0
0, 0, 0, 0, 0, 0, 0
0, 0, 0, 0, 0, 0, 0
0, 0, 0, 0, 0, 0, 0
0, 0, 0, 0, 0, 0, 0
0, 0, 0, 0, 0, 0, 0
0, 0, 0, 0, 0, 0, 0
0, 0, 0, 0, 0, 0, 0
0, 0, 0, 0, 0, 0, 0
0, 0, 0, 0, 0, 0, 0
0, 0, 0, 0, 0, 0, 0
0, 0, 0, 0, 0, 0, 0
0, 0, 0, 0, 0, 0, 0
0, 0, 0, 0, 0, 0, 0
0, 0, 0, 0, 0, 0, 0
0, 0, 0, 0, 0, 0, 0
0, 0, 0, 0, 0, 0, 0
0, 0, 0, 0, 0, 0, 0
0, 0, 0, 0, 0, 0, 0
0, 0, 0, 0, 0, 0, 0
0, 0, 0, 0, 0, 0, 0
0, 0, 0, 0, 0, 0, 0
0, 0, 0, 0, 0, 0, 0
0, 0, 0, 0, 0, 0, 0
0, 0, 0, 0, 0, 0, 0
0, 0, 0, 0, 0, 0, 0
0, 0, 0, 0, 0, 0, 0
0, 0, 0, 0, 0, 0, 0
0, 0, 0, 0, 0, 0, 0
0, 0, 0, 0, 0, 0, 0
0, 0, 0, 0, 0, 0, 0
0, 0, 0, 0, 0, 0, 0
0, 0, 0, 0, 0, 0, 0
0, 0, 0, 0, 0, 0, 0
0, 0, 0, 0, 0, 0, 0
0, 0, 0, 0, 0, 0, 0
0, 0, 0, 0, 0, 0, 0
0, 0, 0, 0, 0, 0, 0
0, 0, 0, 0, 0, 0, 0
0, 0, 0, 0, 0, 0, 0
0, 0, 0, 0, 0, 0, 0
0, 0, 0, 0, 0, 0, 0
0, 0, 0, 0, 0, 0, 0
0, 0, 0, 0, 0, 0, 0
0, 0, 0, 0, 0, 0, 0
0, 0, 0, 0, 0, 0, 0
0, 0, 0, 0, 0, 0, 0
0, 0, 0, 0, 0, 0, 0
0, 0, 0, 0, 0, 0, 0
0, 0, 0, 0, 0, 0, 0
0, 0, 0, 0, 0, 0, 0
0, 0, 0, 0, 0, 0, 0
0, 0, 0, 0, 0, 0, 0
0, 0, 0, 0, 0, 0, 0
0, 0, 0, 0, 0, 0, 0
0, 0, 0, 0, 0, 0, 0
0, 0, 0, 0, 0, 0, 0
0, 0, 0, 0, 0, 0, 0
0, 0, 0, 0, 0, 0, 0
0, 0, 0, 0, 0, 0, 0
0, 0, 0, 0, 0, 0, 0
0, 0, 0, 0, 0, 0, 0
0, 0, 0, 0, 0, 0, 0
0, 0, 0, 0, 0, 0, 0
0, 0, 0, 0, 0, 0, 0
0, 0, 0, 0, 0, 0, 0
0, 0, 0, 0, 0, 0, 0
0, 0, 0, 0, 0, 0, 0
0, 0, 0, 0, 0, 0, 0
0, 0, 0, 0, 0, 0, 0
0, 0, 0, 0, 0, 0, 0
0, 0, 0, 0, 0, 0, 0
0, 0, 0, 0, 0, 0, 0
0, 0, 0, 0, 0, 0, 0
0, 0, 0, 0, 0, 0, 0
0, 0, 0, 0, 0, 0, 0
0, 0, 0, 0, 0, 0, 0
0, 0, 0, 0, 0, 0, 0
0, 0, 0, 0, 0, 0, 0
0, 0, 0, 0, 0, 0, 0
0, 0, 0, 0, 0, 0, 0
0, 0, 0, 0, 0, 0, 0
0, 0, 0, 0, 0, 0, 0
0, 0, 0, 0, 0, 0, 0
0, 0, 0, 0, 0, 0, 0
0, 0, 0, 0, 0, 0, 0
0, 0, 0, 0, 0, 0, 0
0, 0, 0, 0, 0, 0, 0
0, 0, 0, 0, 0, 0, 0
0, 0, 0, 0, 0, 0, 0
0, 0, 0, 0, 0, 0, 0
0, 0, 0, 0, 0, 0, 0
0, 0, 0, 0, 0, 0, 0
0, 0, 0, 0, 0, 0, 0
0, 0, 0, 0, 0, 0, 0
0, 0, 0, 0, 0, 0, 0
0, 0, 0, 0, 0, 0, 0
0, 0, 0, 0, 0, 0, 0
0, 0, 0, 0, 0, 0, 0
0, 0, 0, 0, 0, 0, 0
0, 0, 0, 0, 0, 0, 0
0, 0, 0, 0, 0, 0, 0
0, 0, 0, 0, 0, 0, 0
0, 0, 0, 0, 0, 0, 0
0, 0, 0, 0, 0, 0, 0
0, 0, 0, 0, 0, 0, 0
0, 0, 0, 0, 0, 0, 0
0, 0, 0, 0, 0, 0, 0
0, 0, 0, 0, 0, 0, 0
0, 0, 0, 0, 0, 0, 0
0, 0, 0, 0, 0, 0, 0
0, 0, 0, 0, 0, 0, 0
0, 0, 0, 0, 0, 0, 0
0, 0, 0, 0, 0, 0, 0
0, 0, 0, 0, 0, 0, 0
0, 0, 0, 0, 0, 0, 0
0, 0, 0, 0, 0, 0, 0
0, 0, 0, 0, 0, 0, 0
0, 0, 0, 0, 0, 0, 0
0, 0, 0, 0, 0, 0, 0
0, 0, 0, 0, 0, 0, 0
0, 0, 0, 0, 0, 0, 0
0, 0, 0, 0, 0, 0, 0
0, 0, 0, 0, 0, 0, 0
0, 0, 0, 0, 0, 0, 0
0, 0, 0, 0, 0, 0, 0
0, 0, 0, 0, 0, 0, 0
0, 0, 0, 0, 0, 0, 0
0, 0, 0, 0, 0, 0, 0
0, 0, 0, 0, 0, 0, 0
0, 0, 0, 0, 0, 0, 0
0, 0, 0, 0, 0, 0, 0
0, 0, 0, 0, 0, 0, 0
0, 0, 0, 0, 0, 0, 0
0, 0, 0, 0, 0, 0, 0
0, 0, 0, 0, 0, 0, 0
0, 0, 0, 0, 0, 0, 0
0, 0, 0, 0, 0, 0, 0
0, 0, 0, 0, 0, 0, 0
0, 0, 0, 0, 0, 0, 0
0, 0, 0, 0, 0, 0, 0
0, 0, 0, 0, 0, 0, 0
0, 0, 0, 0, 0, 0, 0
0, 0, 0, 0, 0, 0, 0
0, 0, 0, 0, 0, 0, 0
0, 0, 0, 0, 0, 0, 0
0, 0, 0, 0, 0, 0, 0
0, 0, 0, 0, 0, 0, 0
0, 0, 0, 0, 0, 0, 0
0, 0, 0, 0, 0, 0, 0
0, 0, 0, 0, 0, 0, 0
0, 0, 0, 0, 0, 0, 0
0, 0, 0, 0, 0, 0, 0
0, 0, 0, 0, 0, 0, 0
0, 0, 0, 0, 0, 0, 0
0, 0, 0, 0, 0, 0, 0
0, 0, 0, 0, 0, 0, 0
0, 0, 0, 0, 0, 0, 0
0, 0, 0, 0, 0, 0, 0
0, 0, 0, 0, 0, 0, 0
0, 0, 0, 0, 0, 0, 0
0, 0, 0, 0, 0, 0, 0
0, 0, 0, 0, 0, 0, 0
0, 0, 0, 0, 0, 0, 0
0, 0, 0, 0, 0, 0, 0
0, 0, 0, 0, 0, 0, 0
0, 0, 0, 0, 0, 0, 0
0, 0, 0, 0, 0, 0, 0
0, 0, 0, 0, 0, 0, 0
0, 0, 0, 0, 0, 0, 0
0, 0, 0, 0, 0, 0, 0
0, 0, 0, 0, 0, 0, 0
0, 0, 0, 0, 0, 0, 0
0, 0, 0, 0, 0, 0, 0
0, 0, 0, 0, 0, 0, 0
0, 0, 0, 0, 0, 0, 0
0, 0, 0, 0, 0, 0, 0
0, 0, 0, 0, 0, 0, 0
0, 0, 0, 0, 0, 0, 0
0, 0, 0, 0, 0, 0, 0
0, 0, 0, 0, 0, 0, 0
0, 0, 0, 0, 0, 0, 0
0, 0, 0, 0, 0, 0, 0
0, 0, 0, 0, 0, 0, 0
0, 0, 0, 0, 0, 0, 0
0, 0, 0, 0, 0, 0, 0
0, 0, 0, 0, 0, 0, 0
0, 0, 0, 0, 0, 0, 0
0, 0, 0, 0, 0, 0, 0
0, 0, 0, 0, 0, 0, 0
0, 0, 0, 0, 0, 0, 0
0, 0, 0, 0, 0, 0, 0
0, 0, 0, 0, 0, 0, 0
0, 0, 0, 0, 0, 0, 0
0, 0, 0, 0, 0, 0, 0
0, 0, 0, 0, 0, 0, 0
0, 0, 0, 0, 0, 0, 0
0, 0, 0, 0, 0, 0, 0
0, 0, 0, 0, 0, 0, 0
0, 0, 0, 0, 0, 0, 0
0, 0, 0, 0, 0, 0, 0
0, 0, 0, 0, 0, 0, 0
0, 0, 0, 0, 0, 0, 0
0, 0, 0, 0, 0, 0, 0
0, 0, 0, 0, 0, 0, 0
0, 0, 0, 0, 0, 0, 0
0, 0, 0, 0, 0, 0, 0
0, 0, 0, 0, 0, 0, 0
0, 0, 0, 0, 0, 0, 0
0, 0, 0, 0, 0, 0, 0
0, 0, 0, 0, 0, 0, 0
0, 0, 0, 0, 0, 0, 0
0, 0, 0, 0, 0, 0, 0
0, 0, 0, 0, 0, 0, 0
0, 0, 0, 0, 0, 0, 0
0, 0, 0, 0, 0, 0, 0
0, 0, 0, 0, 0, 0, 0
0, 0, 0, 0, 0, 0, 0
0, 0, 0, 0, 0, 0, 0
0, 0, 0, 0, 0, 0, 0
0, 0, 0, 0, 0, 0, 0
0, 0, 0, 0, 0, 0, 0
0, 0, 0, 0, 0, 0, 0
0, 0, 0, 0, 0, 0, 0
0, 0, 0, 0, 0, 0, 0
0, 0, 0, 0, 0, 0, 0
0, 0, 0, 0, 0, 0, 0
0, 0, 0, 0, 0, 0, 0
0, 0, 0, 0, 0, 0, 0
0, 0, 0, 0, 0, 0, 0
0, 0, 0, 0, 0, 0, 0
0, 0, 0, 0, 0, 0, 0
0, 0, 0, 0, 0, 0, 0
0, 0, 0, 0, 0, 0, 0
0, 0, 0, 0, 0, 0, 0
0, 0, 0, 0, 0, 0, 0
0, 0, 0, 0, 0, 0, 0
0, 0, 0, 0, 0, 0, 0
0, 0, 0, 0, 0, 0, 0
0, 0, 0, 0, 0, 0, 0
0, 0, 0, 0, 0, 0, 0
0, 0, 0, 0, 0, 0, 0
0, 0, 0, 0, 0, 0, 0
0, 0, 0, 0, 0, 0, 0
0, 0, 0, 0, 0, 0, 0
0, 0, 0, 0, 0, 0, 0
0, 0, 0, 0, 0, 0, 0
0, 0, 0, 0, 0, 0, 0
0, 0, 0, 0, 0, 0, 0
0, 0, 0, 0, 0, 0, 0
0, 0, 0, 0, 0, 0, 0
0, 0, 0, 0, 0, 0, 0
0, 0, 0, 0, 0, 0, 0
0, 0, 0, 0, 0, 0, 0
0, 0, 0, 0, 0, 0, 0
0, 0, 0, 0, 0, 0, 0
0, 0, 0, 0, 0, 0, 0
0, 0, 0, 0, 0, 0, 0
0, 0, 0, 0, 0, 0, 0
0, 0, 0, 0, 0, 0, 0
0, 0, 0, 0, 0, 0, 0
0, 0, 0, 0, 0, 0, 0
0, 0, 0, 0, 0, 0, 0
0, 0, 0, 0, 0, 0, 0
0, 0, 0, 0, 0, 0, 0
0, 0, 0, 0, 0, 0, 0
0, 0, 0, 0, 0, 0, 0
0, 0, 0, 0, 0, 0, 0
0, 0, 0, 0, 0, 0, 0
0, 0, 0, 0, 0, 0, 0
0, 0, 0, 0, 0, 0, 0
0, 0, 0, 0, 0, 0, 0
0, 0, 0, 0, 0, 0, 0
0, 0, 0, 0, 0, 0, 0
0, 0, 0, 0, 0, 0, 0
0, 0, 0, 0, 0, 0, 0
0, 0, 0, 0, 0, 0, 0
0, 0, 0, 0, 0, 0, 0
0, 0, 0, 0, 0, 0, 0
0, 0, 0, 0, 0, 0, 0
0, 0, 0, 0, 0, 0, 0
0, 0, 0, 0, 0, 0, 0
0, 0, 0, 0, 0, 0, 0
0, 0, 0, 0, 0, 0, 0
0, 0, 0, 0, 0, 0, 0
0, 0, 0, 0, 0, 0, 0
0, 0, 0, 0, 0, 0, 0
0, 0, 0, 0, 0, 0, 0
0, 0, 0, 0, 0, 0, 0
0, 0, 0, 0, 0, 0, 0
0, 0, 0, 0, 0, 0, 0
0, 0, 0, 0, 0, 0, 0
0, 0, 0, 0, 0, 0, 0
0, 0, 0, 0, 0, 0, 0
0, 0, 0, 0, 0, 0, 0
0, 0, 0, 0, 0, 0, 0
0, 0, 0, 0, 0, 0, 0
0, 0, 0, 0, 0, 0, 0
0, 0, 0, 0, 0, 0, 0
0, 0, 0, 0, 0, 0, 0
0, 0, 0, 0, 0, 0, 0
0, 0, 0, 0, 0, 0, 0
0, 0, 0, 0, 0, 0, 0
0, 0, 0, 0, 0, 0, 0
0, 0, 0, 0, 0, 0, 0
0, 0, 0, 0, 0, 0, 0
0, 0, 0, 0, 0, 0, 0
0, 0, 0, 0, 0, 0, 0
0, 0, 0, 0, 0, 0, 0
0, 0, 0, 0, 0, 0, 0
0, 0, 0, 0, 0, 0, 0
0, 0, 0, 0, 0, 0, 0
0, 0, 0, 0, 0, 0, 0
0, 0, 0, 0, 0, 0, 0
0, 0, 0, 0, 0, 0, 0
0, 0, 0, 0, 0, 0, 0
0, 0, 0, 0, 0, 0, 0
0, 0, 0, 0, 0, 0, 0
0, 0, 0, 0, 0, 0, 0
0, 0, 0, 0, 0, 0, 0
0, 0, 0, 0, 0, 0, 0
0, 0, 0, 0, 0, 0, 0
0, 0, 0, 0, 0, 0, 0
0, 0, 0, 0, 0, 0, 0
0, 0, 0, 0, 0, 0, 0
0, 0, 0, 0, 0, 0, 0
0, 0, 0, 0, 0, 0, 0
0, 0, 0, 0, 0, 0, 0
0, 0, 0, 0, 0, 0, 0
0, 0, 0, 0, 0, 0, 0
0, 0, 0, 0, 0, 0, 0
0, 0, 0, 0, 0, 0, 0
0, 0, 0, 0, 0, 0, 0
0, 0, 0, 0, 0, 0, 0
0, 0, 0, 0, 0, 0, 0
0, 0, 0, 0, 0, 0, 0
0, 0, 0, 0, 0, 0, 0
0, 0, 0, 0, 0, 0, 0
0, 0, 0, 0, 0, 0, 0
0, 0, 0, 0, 0, 0, 0
0, 0, 0, 0, 0, 0, 0
0, 0, 0, 0, 0, 0, 0
0, 0, 0, 0, 0, 0, 0
0, 0, 0, 0, 0, 0, 0
0, 0, 0, 0, 0, 0, 0
0, 0, 0, 0, 0, 0, 0
0, 0, 0, 0, 0, 0, 0
0, 0, 0, 0, 0, 0, 0
0, 0, 0, 0, 0, 0, 0
0, 0, 0, 0, 0, 0, 0
0, 0, 0, 0, 0, 0, 0
0, 0, 0, 0, 0, 0, 0
0, 0, 0, 0, 0, 0, 0
0, 0, 0, 0, 0, 0, 0
0, 0, 0, 0, 0, 0, 0
0, 0, 0, 0, 0, 0, 0
0, 0, 0, 0, 0, 0, 0
0, 0, 0, 0, 0, 0, 0
0, 0, 0, 0, 0, 0, 0
0, 0, 0, 0, 0, 0, 0
0, 0, 0, 0, 0, 0, 0
0, 0, 0, 0, 0, 0, 0
0, 0, 0, 0, 0, 0, 0
0, 0, 0, 0, 0, 0, 0
0, 0, 0, 0, 0, 0, 0
0, 0, 0, 0, 0, 0, 0
0, 0, 0, 0, 0, 0, 0
0, 0, 0, 0, 0, 0, 0
0, 0, 0, 0, 0, 0, 0
0, 0, 0, 0, 0, 0, 0
0, 0, 0, 0, 0, 0, 0
0, 0, 0, 0, 0, 0, 0
0, 0, 0, 0, 0, 0, 0
0, 0, 0, 0, 0, 0, 0
0, 0, 0, 0, 0, 0, 0
0, 0, 0, 0, 0, 0, 0
0, 0, 0, 0, 0, 0, 0
0, 0, 0, 0, 0, 0, 0
0, 0, 0, 0, 0, 0, 0
0, 0, 0, 0, 0, 0, 0
0, 0, 0, 0, 0, 0, 0
0, 0, 0, 0, 0, 0, 0
0, 0, 0, 0, 0, 0, 0
0, 0, 0, 0, 0, 0, 0
0, 0, 0, 0, 0, 0, 0
0, 0, 0, 0, 0, 0, 0
0, 0, 0, 0, 0, 0, 0
0, 0, 0, 0, 0, 0, 0
0, 0, 0, 0, 0, 0, 0
0, 0, 0, 0, 0, 0, 0
0, 0, 0, 0, 0, 0, 0
0, 0, 0, 0, 0, 0, 0
0, 0, 0, 0, 0, 0, 0
0, 0, 0, 0, 0, 0, 0
0, 0, 0, 0, 0, 0, 0
0, 0, 0, 0, 0, 0, 0
0, 0, 0, 0, 0, 0, 0
0, 0, 0, 0, 0, 0, 0
0, 0, 0, 0, 0, 0, 0
0, 0, 0, 0, 0, 0, 0
0, 0, 0, 0, 0, 0, 0
0, 0, 0, 0, 0, 0, 0
0, 0, 0, 0, 0, 0, 0
0, 0, 0, 0, 0, 0, 0
0, 0, 0, 0, 0, 0, 0
0, 0, 0, 0, 0, 0, 0
0, 0, 0, 0, 0, 0, 0
0, 0, 0, 0, 0, 0, 0
0, 0, 0, 0, 0, 0, 0
0, 0, 0, 0, 0, 0, 0
0, 0, 0, 0, 0, 0, 0
0, 0, 0, 0, 0, 0, 0
0, 0, 0, 0, 0, 0, 0
0, 0, 0, 0, 0, 0, 0
0, 0, 0, 0, 0, 0, 0
0, 0, 0, 0, 0, 0, 0
0, 0, 0, 0, 0, 0, 0
0, 0, 0, 0, 0, 0, 0
0, 0, 0, 0, 0, 0, 0
0, 0, 0, 0, 0, 0, 0
0, 0, 0, 0, 0, 0, 0
0, 0, 0, 0, 0, 0, 0
0, 0, 0, 0, 0, 0, 0
0, 0, 0, 0, 0, 0, 0
0, 0, 0, 0, 0, 0, 0
0, 0, 0, 0, 0, 0, 0
0, 0, 0, 0, 0, 0, 0
0, 0, 0, 0, 0, 0, 0
0, 0, 0, 0, 0, 0, 0
0, 0, 0, 0, 0, 0, 0
0, 0, 0, 0, 0, 0, 0
0, 0, 0, 0, 0, 0, 0
0, 0, 0, 0, 0, 0, 0
0, 0, 0, 0, 0, 0, 0
0, 0, 0, 0, 0, 0, 0
0, 0, 0, 0, 0, 0, 0
0, 0, 0, 0, 0, 0, 0
0, 0, 0, 0, 0, 0, 0
0, 0, 0, 0, 0, 0, 0
0, 0, 0, 0, 0, 0, 0
0, 0, 0, 0, 0, 0, 0
0, 0, 0, 0, 0, 0, 0
0, 0, 0, 0, 0, 0, 0
0, 0, 0, 0, 0, 0, 0
0, 0, 0, 0, 0, 0, 0
0, 0, 0, 0, 0, 0, 0
0, 0, 0, 0, 0, 0, 0
0, 0, 0, 0, 0, 0, 0
0, 0, 0, 0, 0, 0, 0
0, 0, 0, 0, 0, 0, 0
0, 0, 0, 0, 0, 0, 0
0, 0, 0, 0, 0, 0, 0
0, 0, 0, 0, 0, 0, 0
0, 0, 0, 0, 0, 0, 0
0, 0, 0, 0, 0, 0, 0
0, 0, 0, 0, 0, 0, 0
0, 0, 0, 0, 0, 0, 0
0, 0, 0, 0, 0, 0, 0
0, 0, 0, 0, 0, 0, 0
0, 0, 0, 0, 0, 0, 0
0, 0, 0, 0, 0, 0, 0
0, 0, 0, 0, 0, 0, 0
0, 0, 0, 0, 0, 0, 0
0, 0, 0, 0, 0, 0, 0
0, 0, 0, 0, 0, 0, 0
0, 0, 0, 0, 0, 0, 0
0, 0, 0, 0, 0, 0, 0
0, 0, 0, 0, 0, 0, 0
0, 0, 0, 0, 0, 0, 0
0, 0, 0, 0, 0, 0, 0
0, 0, 0, 0, 0, 0, 0
0, 0, 0, 0, 0, 0, 0
0, 0, 0, 0, 0, 0, 0
0, 0, 0, 0, 0, 0, 0
0, 0, 0, 0, 0, 0, 0
0, 0, 0, 0, 0, 0, 0
0, 0, 0, 0, 0, 0, 0
0, 0, 0, 0, 0, 0, 0
0, 0, 0, 0, 0, 0, 0
0, 0, 0, 0, 0, 0, 0
0, 0, 0, 0, 0, 0, 0
0, 0, 0, 0, 0, 0, 0
0, 0, 0, 0, 0, 0, 0
0, 0, 0, 0, 0, 0, 0
0, 0, 0, 0, 0, 0, 0
0, 0, 0, 0, 0, 0, 0
0, 0, 0, 0, 0, 0, 0
0, 0, 0, 0, 0, 0, 0
0, 0, 0, 0, 0, 0, 0
0, 0, 0, 0, 0, 0, 0
0, 0, 0, 0, 0, 0, 0
0, 0, 0, 0, 0, 0, 0
0, 0, 0, 0, 0, 0, 0
0, 0, 0, 0, 0, 0, 0
0, 0, 0, 0, 0, 0, 0
0, 0, 0, 0, 0, 0, 0
0, 0, 0, 0, 0, 0, 0
0, 0, 0, 0, 0, 0, 0
0, 0, 0, 0, 0, 0, 0
0, 0, 0, 0, 0, 0, 0
0, 0, 0, 0, 0, 0, 0
0, 0, 0, 0, 0, 0, 0
0, 0, 0, 0, 0, 0, 0
0, 0, 0, 0, 0, 0, 0
0, 0, 0, 0, 0, 0, 0
0, 0, 0, 0, 0, 0, 0
0, 0, 0, 0, 0, 0, 0
0, 0, 0, 0, 0, 0, 0
0, 0, 0, 0, 0, 0, 0
0, 0, 0, 0, 0, 0, 0
0, 0, 0, 0, 0, 0, 0
0, 0, 0, 0, 0, 0, 0
0, 0, 0, 0, 0, 0, 0
0, 0, 0, 0, 0, 0, 0
0, 0, 0, 0, 0, 0, 0
0, 0, 0, 0, 0, 0, 0
0, 0, 0, 0, 0, 0, 0
0, 0, 0, 0, 0, 0, 0
0, 0, 0, 0, 0, 0, 0
0, 0, 0, 0, 0, 0, 0
0, 0, 0, 0, 0, 0, 0
0, 0, 0, 0, 0, 0, 0
0, 0, 0, 0, 0, 0, 0
0, 0, 0, 0, 0, 0, 0
0, 0, 0, 0, 0, 0, 0
0, 0, 0, 0, 0, 0, 0
0, 0, 0, 0, 0, 0, 0
0, 0, 0, 0, 0, 0, 0
0, 0, 0, 0, 0, 0, 0
0, 0, 0, 0, 0, 0, 0
0, 0, 0, 0, 0, 0, 0
0, 0, 0, 0, 0, 0, 0
0, 0, 0, 0, 0, 0, 0
0, 0, 0, 0, 0, 0, 0
0, 0, 0, 0, 0, 0, 0
0, 0, 0, 0, 0, 0, 0
0, 0, 0, 0, 0, 0, 0
0, 0, 0, 0, 0, 0, 0
0, 0, 0, 0, 0, 0, 0
0, 0, 0, 0, 0, 0, 0
0, 0, 0, 0, 0, 0, 0
0, 0, 0, 0, 0, 0, 0
0, 0, 0, 0, 0, 0, 0
0, 0, 0, 0, 0, 0, 0
0, 0, 0, 0, 0, 0, 0
0, 0, 0, 0, 0, 0, 0
0, 0, 0, 0, 0, 0, 0
0, 0, 0, 0, 0, 0, 0
0, 0, 0, 0, 0, 0, 0
0, 0, 0, 0, 0, 0, 0
0, 0, 0, 0, 0, 0, 0
0, 0, 0, 0, 0, 0, 0
0, 0, 0, 0, 0, 0, 0
0, 0, 0, 0, 0, 0, 0
0, 0, 0, 0, 0, 0, 0
0, 0, 0, 0, 0, 0, 0
0, 0, 0, 0, 0, 0, 0
0, 0, 0, 0, 0, 0, 0
0, 0, 0, 0, 0, 0, 0
0, 0, 0, 0, 0, 0, 0
0, 0, 0, 0, 0, 0, 0
0, 0, 0, 0, 0, 0, 0
0, 0, 0, 0, 0, 0, 0
0, 0, 0, 0, 0, 0, 0
0, 0, 0, 0, 0, 0, 0
0, 0, 0, 0, 0, 0, 0
0, 0, 0, 0, 0, 0, 0
0, 0, 0, 0, 0, 0, 0
0, 0, 0, 0, 0, 0, 0
0, 0, 0, 0, 0, 0, 0
0, 0, 0, 0, 0, 0, 0
0, 0, 0, 0, 0, 0, 0
0, 0, 0, 0, 0, 0, 0
0, 0, 0, 0, 0, 0, 0
0, 0, 0, 0, 0, 0, 0
0, 0, 0, 0, 0, 0, 0
0, 0, 0, 0, 0, 0, 0
0, 0, 0, 0, 0, 0, 0
0, 0, 0, 0, 0, 0, 0
0, 0, 0, 0, 0, 0, 0
0, 0, 0, 0, 0, 0, 0
0, 0, 0, 0, 0, 0, 0
0, 0, 0, 0, 0, 0, 0
0, 0, 0, 0, 0, 0, 0
0, 0, 0, 0, 0, 0, 0
0, 0, 0, 0, 0, 0, 0
0, 0, 0, 0, 0, 0, 0
0, 0, 0, 0, 0, 0, 0
0, 0, 0, 0, 0, 0, 0
0, 0, 0, 0, 0, 0, 0
0, 0, 0, 0, 0, 0, 0
0, 0, 0, 0, 0, 0, 0
0, 0, 0, 0, 0, 0, 0
0, 0, 0, 0, 0, 0, 0
0, 0, 0, 0, 0, 0, 0
0, 0, 0, 0, 0, 0, 0
0, 0, 0, 0, 0, 0, 0
0, 0, 0, 0, 0, 0, 0
0, 0, 0, 0, 0, 0, 0
0, 0, 0, 0, 0, 0, 0
0, 0, 0, 0, 0, 0, 0
0, 0, 0, 0, 0, 0, 0
0, 0, 0, 0, 0, 0, 0
0, 0, 0, 0, 0, 0, 0
0, 0, 0, 0, 0, 0, 0
0, 0, 0, 0, 0, 0, 0
0, 0, 0, 0, 0, 0, 0
0, 0, 0, 0, 0, 0, 0
0, 0, 0, 0, 0, 0, 0
0, 0, 0, 0, 0, 0, 0
0, 0, 0, 0, 0, 0, 0
0, 0, 0, 0, 0, 0, 0
0, 0, 0, 0, 0, 0, 0
0, 0, 0, 0, 0, 0, 0
0, 0, 0, 0, 0, 0, 0
0, 0, 0, 0, 0, 0, 0
0, 0, 0, 0, 0, 0, 0
0, 0, 0, 0, 0, 0, 0
0, 0, 0, 0, 0, 0, 0
0, 0, 0, 0, 0, 0, 0
0, 0, 0, 0, 0, 0, 0
0, 0, 0, 0, 0, 0, 0
0, 0, 0, 0, 0, 0, 0
0, 0, 0, 0, 0, 0, 0
0, 0, 0, 0, 0, 0, 0
0, 0, 0, 0, 0, 0, 0
0, 0, 0, 0, 0, 0, 0
0, 0, 0, 0, 0, 0, 0
0, 0, 0, 0, 0, 0, 0
0, 0, 0, 0, 0, 0, 0
0, 0, 0, 0, 0, 0, 0
0, 0, 0, 0, 0, 0, 0
0, 0, 0, 0, 0, 0, 0
0, 0, 0, 0, 0, 0, 0
0, 0, 0, 0, 0, 0, 0
0, 0, 0, 0, 0, 0, 0
0, 0, 0, 0, 0, 0, 0
0, 0, 0, 0, 0, 0, 0
0, 0, 0, 0, 0, 0, 0
0, 0, 0, 0, 0, 0, 0
0, 0, 0, 0, 0, 0, 0
0, 0, 0, 0, 0, 0, 0
0, 0, 0, 0, 0, 0, 0
0, 0, 0, 0, 0, 0, 0
0, 0, 0, 0, 0, 0, 0
0, 0, 0, 0, 0, 0, 0
0, 0, 0, 0, 0, 0, 0
0, 0, 0, 0, 0, 0, 0
0, 0, 0, 0, 0, 0, 0
0, 0, 0, 0, 0, 0, 0
0, 0, 0, 0, 0, 0, 0
0, 0, 0, 0, 0, 0, 0
0, 0, 0, 0, 0, 0, 0
0, 0, 0, 0, 0, 0, 0
0, 0, 0, 0, 0, 0, 0
0, 0, 0, 0, 0, 0, 0
0, 0, 0, 0, 0, 0, 0
0, 0, 0, 0, 0, 0, 0
0, 0, 0, 0, 0, 0, 0
0, 0, 0, 0, 0, 0, 0
0, 0, 0, 0, 0, 0, 0
0, 0, 0, 0, 0, 0, 0
0, 0, 0, 0, 0, 0, 0
0, 0, 0, 0, 0, 0, 0
0, 0, 0, 0, 0, 0, 0
0, 0, 0, 0, 0, 0, 0
0, 0, 0, 0, 0, 0, 0
0, 0, 0, 0, 0, 0, 0
0, 0, 0, 0, 0, 0, 0
0, 0, 0, 0, 0, 0, 0
0, 0, 0, 0, 0, 0, 0
0, 0, 0, 0, 0, 0, 0
0, 0, 0, 0, 0, 0, 0
0, 0, 0, 0, 0, 0, 0
0, 0, 0, 0, 0, 0, 0
0, 0, 0, 0, 0, 0, 0
0, 0, 0, 0, 0, 0, 0
0, 0, 0, 0, 0, 0, 0
0, 0, 0, 0, 0, 0, 0
0, 0, 0, 0, 0, 0, 0
0, 0, 0, 0, 0, 0, 0
0, 0, 0, 0, 0, 0, 0
0, 0, 0, 0, 0, 0, 0
0, 0, 0, 0, 0, 0, 0
0, 0, 0, 0, 0, 0, 0
0, 0, 0, 0, 0, 0, 0
0, 0, 0, 0, 0, 0, 0
0, 0, 0, 0, 0, 0, 0
0, 0, 0, 0, 0, 0, 0
0, 0, 0, 0, 0, 0, 0
0, 0, 0, 0, 0, 0, 0
0, 0, 0, 0, 0, 0, 0
0, 0, 0, 0, 0, 0, 0
0, 0, 0, 0, 0, 0, 0
0, 0, 0, 0, 0, 0, 0
0, 0, 0, 0, 0, 0, 0
0, 0, 0, 0, 0, 0, 0
0, 0, 0, 0, 0, 0, 0
0, 0, 0, 0, 0, 0, 0
0, 0, 0, 0, 0, 0, 0
0, 0, 0, 0, 0, 0, 0
0, 0, 0, 0, 0, 0, 0
0, 0, 0, 0, 0, 0, 0
0, 0, 0, 0, 0, 0, 0
0, 0, 0, 0, 0, 0, 0
0, 0, 0, 0, 0, 0, 0
0, 0, 0, 0, 0, 0, 0
0, 0, 0, 0, 0, 0, 0
0, 0, 0, 0, 0, 0, 0
0, 0, 0, 0, 0, 0, 0
0, 0, 0, 0, 0, 0, 0
0, 0, 0, 0, 0, 0, 0
0, 0, 0, 0, 0, 0, 0
0, 0, 0, 0, 0, 0, 0
0, 0, 0, 0, 0, 0, 0
0, 0, 0, 0, 0, 0, 0
0, 0, 0, 0, 0, 0, 0
0, 0, 0, 0, 0, 0, 0
0, 0, 0, 0, 0, 0, 0
0, 0, 0, 0, 0, 0, 0
0, 0, 0, 0, 0, 0, 0
0, 0, 0, 0, 0, 0, 0
0, 0, 0, 0, 0, 0, 0
0, 0, 0, 0, 0, 0, 0
0, 0, 0, 0, 0, 0, 0
0, 0, 0, 0, 0, 0, 0
0, 0, 0, 0, 0, 0, 0
0, 0, 0, 0, 0, 0, 0
0, 0, 0, 0, 0, 0, 0
0, 0, 0, 0, 0, 0, 0
0, 0, 0, 0, 0, 0, 0
0, 0, 0, 0, 0, 0, 0
0, 0, 0, 0, 0, 0, 0
0, 0, 0, 0, 0, 0, 0
0, 0, 0, 0, 0, 0, 0
0, 0, 0, 0, 0, 0, 0
0, 0, 0, 0, 0, 0, 0
0, 0, 0, 0, 0, 0, 0
0, 0, 0, 0, 0, 0, 0
0, 0, 0, 0, 0, 0, 0
0, 0, 0, 0, 0, 0, 0
0, 0, 0, 0, 0, 0, 0
0, 0, 0, 0, 0, 0, 0
0, 0, 0, 0, 0, 0, 0
0, 0, 0, 0, 0, 0, 0
0, 0, 0, 0, 0, 0, 0
0, 0, 0, 0, 0, 0, 0
0, 0, 0, 0, 0, 0, 0
0, 0, 0, 0, 0, 0, 0
0, 0, 0, 0, 0, 0, 0
0, 0, 0, 0, 0, 0, 0
0, 0, 0, 0, 0, 0, 0
0, 0, 0, 0, 0, 0, 0
0, 0, 0, 0, 0, 0, 0
0, 0, 0, 0, 0, 0, 0
0, 0, 0, 0, 0, 0, 0
0, 0, 0, 0, 0, 0, 0
0, 0, 0, 0, 0, 0, 0
0, 0, 0, 0, 0, 0, 0
0, 0, 0, 0, 0, 0, 0
0, 0, 0, 0, 0, 0, 0
0, 0, 0, 0, 0, 0, 0
0, 0, 0, 0, 0, 0, 0
0, 0, 0, 0, 0, 0, 0
0, 0, 0, 0, 0, 0, 0
0, 0, 0, 0, 0, 0, 0
0, 0, 0, 0, 0, 0, 0
0, 0, 0, 0, 0, 0, 0
0, 0, 0, 0, 0, 0, 0
0, 0, 0, 0, 0, 0, 0
0, 0, 0, 0, 0, 0, 0
0, 0, 0, 0, 0, 0, 0
0, 0, 0, 0, 0, 0, 0
0, 0, 0, 0, 0, 0, 0
0, 0, 0, 0, 0, 0, 0
0, 0, 0, 0, 0, 0, 0
0, 0, 0, 0, 0, 0, 0
0, 0, 0, 0, 0, 0, 0
8.8786235, 9.0300755, 9.227001750000001, 9.4973877, 9.719838, 17.20142303, 52.853195
8.88888375, 9.052092, 9.256803249999999, 9.533932700000001, 9.8132033, 14.002986679999998, 19.071708
8.8837825, 9.050824500000001, 9.2604395, 9.535159, 9.798618600000001, 14.670883159999999, 22.552578
8.893519, 9.0432805, 9.23606875, 9.549332300000001, 9.787867299999998, 15.97762476, 22.552578
8.87154925, 9.038706000000001, 9.2325895, 9.4640165, 9.68673995, 10.608233399999998, 19.645042
8.880599, 9.040976, 9.221086, 9.516987, 9.778165, 14.419988939999996, 24.370709
8.875971750000001, 9.032793, 9.22258175, 9.4764376, 9.7036249, 14.697063829999994, 22.552578
8.88328975, 9.033628499999999, 9.23384725, 9.533597799999999, 9.7253001, 14.605914929999999, 36.893046
8.87102075, 9.0283485, 9.2355995, 9.5165636, 9.723219, 11.753053379999987, 52.853195
8.900458, 9.058827, 9.25688875, 9.5127018, 9.7420457, 11.455711069999996, 24.370709
8.881677, 9.02851, 9.220355999999999, 9.4986456, 9.7847513, 16.1799103, 52.853195
8.88403375, 9.0390955, 9.23808325, 9.4767544, 9.6684206, 10.42176156, 23.303856
8.897798, 9.0413625, 9.2333835, 9.5107306, 9.73882595, 13.56475504999999, 22.552578
8.89108, 9.038043, 9.21615875, 9.5059529, 9.722325, 11.377258219999996, 20.217992
8.879757249999999, 9.034346, 9.238056, 9.5003407, 9.731831749999998, 13.620834839999997, 32.855096
8.8991145, 9.0452565, 9.2430955, 9.5081682, 9.708459099999999, 14.453675669999997, 20.217992
8.87158425, 9.029783, 9.23805975, 9.512927, 9.730478, 14.786283509999993, 19.373624
8.87410575, 9.0404295, 9.24971575, 9.5204157, 9.8582919, 13.485379, 32.855096
8.883933, 9.0340725, 9.235705249999999, 9.5309042, 9.861804, 16.05074345, 24.370709
8.87486625, 9.0395795, 9.249099000000001, 9.5235726, 9.767522, 13.166617019999995, 24.370709
8.889602, 9.051539, 9.2521565, 9.5514903, 9.8252185, 14.779568679999999, 19.645042
8.893684499999999, 9.041209, 9.22819875, 9.483270300000001, 9.709000099999999, 15.97762476, 19.892145
8.8896845, 9.0470375, 9.25236375, 9.5261367, 9.771888350000001, 14.691345, 52.853195
8.88533675, 9.050024, 9.25379175, 9.4982019, 9.7306821, 14.79116644999999, 22.552578
8.88293425, 9.039964000000001, 9.240497, 9.5337514, 9.7613077, 14.450396, 22.552578
8.8796075, 9.030641, 9.224765, 9.5054959, 9.704696649999999, 11.103480099999995, 19.892145
8.887003, 9.040242, 9.236144249999999, 9.488590600000002, 9.744793249999999, 11.01111771, 36.893046
8.88226075, 9.049534, 9.240827, 9.507284100000001, 9.78014965, 14.19507232, 36.893046
8.887014, 9.042993, 9.22188725, 9.486953900000001, 9.802638850000001, 16.255805119999998, 21.371576
8.86257075, 9.005141, 9.173733, 9.455518, 9.920967, 11.896606799999999, 35.734803
8.875387250000001, 9.018352499999999, 9.195348, 9.4963398, 10.071267849999998, 11.96149513999999, 37.448702
8.8615215, 9.00341, 9.187626, 9.4725527, 10.0051396, 11.9993765, 35.487972
8.870978, 9.005824, 9.183724999999999, 9.445860999999999, 10.033099, 12.169767, 35.734803
8.87181, 9.008225, 9.186289, 9.430806, 9.94988625, 12.222709469999991, 37.448702
8.86568925, 9.002309, 9.17297225, 9.448525, 9.9563359, 11.970619969999992, 16.928153
8.86232225, 8.998573, 9.16740575, 9.427106100000001, 10.00353855, 11.999423279999998, 35.330604
8.869883999999999, 9.0072325, 9.19195175, 9.488912000000001, 10.014147249999999, 12.05702921999994, 37.448702
8.86227675, 8.996002, 9.173414, 9.4234872, 9.8192267, 11.738699879999997, 33.51644
8.85944275, 8.9970105, 9.169577749999998, 9.446912600000001, 9.899901449999998, 11.913367709999996, 35.330604
8.86302725, 9.003846500000002, 9.191906249999999, 9.4637776, 9.956892199999995, 11.961541919999988, 37.448702
8.868422, 9.008198, 9.18551625, 9.4546496, 9.992015, 12.00816916999999, 35.734803
8.867323500000001, 9.001469, 9.178934, 9.4533159, 10.006954849999989, 11.970582469999993, 35.734803
8.868221, 9.000557, 9.17380925, 9.4388021, 9.929915249999999, 11.932546299999998, 37.448702
8.866639, 9.0054475, 9.18531625, 9.4664234, 10.103760949999998, 12.170301709999988, 37.448702
8.868716, 9.006479, 9.1834895, 9.457004, 10.05733, 12.074013459999964, 35.330604
8.86874525, 8.9991345, 9.173266, 9.466424700000001, 9.96183685, 12.070439959999998, 37.448702
8.862443, 9.000217, 9.1707775, 9.4622593, 9.985900799999998, 11.875231139999995, 33.51644
8.860929, 8.9994405, 9.170938, 9.445246399999998, 9.879798749999997, 11.618174259999998, 24.923449
8.867323500000001, 9.007121000000001, 9.1826855, 9.4885461, 10.029733, 11.932545, 35.330604
8.87133625, 8.998255, 9.176620750000001, 9.450355, 10.005145049999998, 12.372506529999999, 37.448702
8.859507, 8.9945815, 9.170832, 9.445610799999999, 9.933381949999998, 11.958562, 16.295498
8.866897999999999, 9.000746, 9.181200500000001, 9.4432373, 9.992015, 11.897652269999973, 29.227148
8.8646635, 8.9969225, 9.174758, 9.4373368, 10.030596699999998, 11.993602939999997, 37.448702
8.87174925, 9.001095, 9.189082, 9.465835, 10.0044173, 12.070439959999998, 24.923449
8.8633385, 9.00143, 9.17113, 9.4302755, 9.946236, 12.003135779999997, 35.734803
8.868716, 9.0053435, 9.178931, 9.4559177, 9.97230775, 11.922319599999996, 33.51644
8.86192025, 9.0029425, 9.17653875, 9.4659455, 9.929366, 12.054631639999997, 37.448702
8.85643, 9.0000105, 9.17380925, 9.4219694, 9.9407, 11.749083, 35.734803
8.86935725, 9.004208, 9.18274925, 9.4622059, 9.931451749999997, 11.93292246999999, 37.448702
8.860152249999999, 9.00573, 9.1834895, 9.4522341, 10.064897, 12.055604159999973, 37.448702
8.868556250000001, 8.998429, 9.1760215, 9.466409, 10.097563149999997, 12.257427629999995, 37.448702
8.8638835, 9.004223, 9.1788815, 9.4190636, 9.951954899999999, 11.713600529999999, 35.734803
8.864464250000001, 8.997652500000001, 9.16618525, 9.4414822, 9.8599853, 11.89460059, 16.295498
8.8712635, 9.003083499999999, 9.1910445, 9.4805948, 10.069163799999998, 12.27953701999999, 35.734803
8.8687625, 9.000544999999999, 9.1686135, 9.451873, 9.897551149999998, 11.961167169999998, 37.448702
8.8606885, 8.996203000000001, 9.171034, 9.4123979, 9.74959975, 11.894930729999999, 37.448702
8.868959, 9.003295999999999, 9.176881250000001, 9.4322722, 9.92986, 12.055604159999973, 35.734803
8.86024025, 8.994357999999998, 9.16951575, 9.4222114, 9.823103, 11.971068919999983, 35.330604
8.86431375, 8.997067, 9.17023675, 9.4240295, 9.953080649999999, 11.894581, 35.734803
8.866556000000001, 9.004782500000001, 9.17595775, 9.4386792, 9.933371699999997, 11.851862049999994, 29.227148
8.864477749999999, 9.007269, 9.1797975, 9.4570382, 10.132108, 12.003762299999984, 35.330604
8.866531250000001, 9.005718, 9.183671, 9.4606786, 10.0297696, 11.938814469999995, 35.487972
8.8638465, 8.9977885, 9.174758, 9.444880399999999, 9.971457549999997, 11.875228479999995, 37.448702
8.8683035, 8.9978905, 9.17068525, 9.413023599999999, 9.8498015, 11.726120039999987, 37.448702
8.86448725, 9.004538, 9.17332325, 9.4583724, 10.004476299999999, 12.345498599999994, 35.734803
8.857958, 9.005703, 9.19346475, 9.4655507, 9.916222699999999, 11.725889349999992, 37.448702
8.871346, 9.004237, 9.191510000000001, 9.4591847, 9.985917299999997, 11.970582469999993, 37.448702
8.870076, 8.9981125, 9.175590249999999, 9.440306699999999, 10.004442, 11.913369009999995, 37.448702
8.87294575, 9.009035, 9.181200500000001, 9.4906589, 10.029733, 12.072872539999942, 35.734803
8.864438, 9.002214, 9.169981499999999, 9.4979321, 10.132457149999999, 12.070439959999998, 37.448702
8.89419025, 9.055503999999999, 9.25822275, 9.497989, 9.7569578, 16.098597, 23.303856
8.883178, 9.031831, 9.2182015, 9.5076869, 9.795171999999999, 16.181377349999998, 36.893046
8.88419175, 9.0331405, 9.229637, 9.511716400000001, 9.7405906, 13.804678829999999, 23.303856
8.88449575, 9.0319915, 9.237515, 9.4858779, 9.6896068, 15.978203449999999, 36.893046
8.89266675, 9.043419, 9.24396925, 9.5109466, 9.8132869, 16.450650689999996, 24.370709
8.876923, 9.04318, 9.21553175, 9.4992931, 9.7261384, 13.923876179999993, 52.853195
8.89922625, 9.050466, 9.24056075, 9.4924224, 9.7143503, 11.120743789999999, 32.855096
8.8911375, 9.0509355, 9.240781, 9.5176874, 9.72413045, 12.018703149999979, 36.893046
8.875511249999999, 9.0332005, 9.241962, 9.507008, 9.77604425, 11.532225659999998, 52.853195
8.87447775, 9.031013999999999, 9.23339625, 9.4744705, 9.70839665, 13.730684159999997, 23.303856
8.885008500000001, 9.038961, 9.24724, 9.5181894, 9.74936655, 13.260779679999999, 52.853195
8.878114, 9.032452, 9.2389195, 9.5133236, 9.75770215, 14.432891989999998, 23.303856
8.88351625, 9.0408095, 9.2496915, 9.5393662, 9.76085155, 15.872548, 52.853195
8.891181750000001, 9.037049499999998, 9.2493995, 9.512739000000002, 9.7245422, 13.917143909999998, 24.370709
8.898032, 9.051343, 9.23805975, 9.5076728, 9.71170145, 14.452805489999998, 21.371576
0, 0, 0, 0, 0, 0, 0
0, 0, 0, 0, 0, 0, 0
0, 0, 0, 0, 0, 0, 0
0, 0, 0, 0, 0, 0, 0
0, 0, 0, 0, 0, 0, 0
0, 0, 0, 0, 0, 0, 0
0, 0, 0, 0, 0, 0, 0
0, 0, 0, 0, 0, 0, 0
0, 0, 0, 0, 0, 0, 0
0, 0, 0, 0, 0, 0, 0
0, 0, 0, 0, 0, 0, 0
0, 0, 0, 0, 0, 0, 0
0, 0, 0, 0, 0, 0, 0
0, 0, 0, 0, 0, 0, 0
0, 0, 0, 0, 0, 0, 0
0, 0, 0, 0, 0, 0, 0
0, 0, 0, 0, 0, 0, 0
0, 0, 0, 0, 0, 0, 0
0, 0, 0, 0, 0, 0, 0
0, 0, 0, 0, 0, 0, 0
0, 0, 0, 0, 0, 0, 0
0, 0, 0, 0, 0, 0, 0
0, 0, 0, 0, 0, 0, 0
0, 0, 0, 0, 0, 0, 0
0, 0, 0, 0, 0, 0, 0
0, 0, 0, 0, 0, 0, 0
0, 0, 0, 0, 0, 0, 0
0, 0, 0, 0, 0, 0, 0
0, 0, 0, 0, 0, 0, 0
0, 0, 0, 0, 0, 0, 0
0, 0, 0, 0, 0, 0, 0
0, 0, 0, 0, 0, 0, 0
0, 0, 0, 0, 0, 0, 0
0, 0, 0, 0, 0, 0, 0
8.877835000000001, 9.029447, 9.23823325, 9.4976082, 9.74821725, 14.43134543, 36.893046
8.898453250000001, 9.055955, 9.26087525, 9.564357000000001, 9.85177405, 16.253665899999998, 36.893046
8.8936545, 9.051983, 9.2670545, 9.5551971, 9.80016605, 16.052758269999998, 32.855096
8.891352, 9.0454015, 9.243694, 9.4867895, 9.724504, 11.480294649999973, 36.893046
8.89158275, 9.047573499999999, 9.226950500000001, 9.4696089, 9.7953201, 16.114035109999996, 24.370709
8.89484575, 9.041263, 9.2354885, 9.548158, 9.858428649999999, 16.746927, 24.370709
8.8988215, 9.045958500000001, 9.250117, 9.4992931, 9.8004149, 15.267818949999995, 32.855096
8.88587475, 9.0451645, 9.23299275, 9.508067, 9.7494059, 14.004976779999996, 36.893046
8.89507425, 9.0475755, 9.2603755, 9.507455, 9.75286115, 11.830270899999983, 23.303856
8.88306, 9.0499035, 9.24434475, 9.516968, 9.76691195, 11.122690089999997, 36.893046
8.889468749999999, 9.039962500000001, 9.25688975, 9.4692309, 9.733126949999999, 13.247355229999986, 21.371576
8.87538825, 9.0397935, 9.22666325, 9.5098108, 9.81052735, 15.272752509999991, 36.893046
8.8785485, 9.0310135, 9.24426225, 9.549343400000001, 9.8128825, 16.09976782, 36.893046
8.885916, 9.0336955, 9.238534, 9.4980223, 9.768621900000001, 14.69174642, 19.892145
8.885513, 9.04608, 9.2470435, 9.5032753, 9.7083348, 11.255858, 22.552578
8.8769295, 9.016153, 9.2104495, 9.468006, 9.75709695, 11.378013359999995, 36.893046
8.8875955, 9.034527, 9.2224725, 9.4812368, 9.767334499999999, 14.73195576, 23.303856
8.880616999999999, 9.035101000000001, 9.24208175, 9.5018851, 9.7359979, 11.139805799999982, 23.303856
8.881745, 9.0387135, 9.235055, 9.49418, 9.707438699999999, 10.42823907, 21.371576
8.88173825, 9.0391175, 9.2291805, 9.5103275, 9.73989055, 16.71397765, 32.855096
8.88946425, 9.042539999999999, 9.232791500000001, 9.5240482, 9.82576, 13.738322099999998, 19.892145
8.89210125, 9.033342000000001, 9.22812225, 9.4811508, 9.70862725, 11.55027569999998, 19.892145
8.88678325, 9.04337, 9.24086475, 9.525176499999999, 9.76816065, 16.26019, 23.303856
8.88833975, 9.039467, 9.23329075, 9.5012317, 9.6980541, 14.416369, 23.303856
8.87918775, 9.0400815, 9.2252215, 9.5121627, 9.7560311, 13.236218969999998, 24.370709
8.874008250000001, 9.0302795, 9.2229225, 9.4843647, 9.704121899999999, 14.121307869999985, 22.552578
8.8886145, 9.0424735, 9.2268985, 9.4915, 9.7146433, 14.453675669999997, 52.853195
8.87634525, 9.0429245, 9.246281, 9.5161175, 9.7301154, 14.10601301, 24.370709
8.879655249999999, 9.03483, 9.22705175, 9.464159500000001, 9.70376755, 12.00710831999999, 23.303856
8.88226075, 9.045837, 9.23627875, 9.5189173, 9.86894525, 13.162059, 32.855096
8.87882225, 9.046397500000001, 9.238493499999999, 9.5091906, 9.757248950000001, 11.939753029999977, 36.893046
8.89711775, 9.0476975, 9.239857, 9.4977443, 9.76473685, 16.65938649, 52.853195
8.87855025, 9.033759, 9.21800325, 9.4635914, 9.7248027, 13.232364, 32.855096
8.884642, 9.0393105, 9.246623750000001, 9.5240793, 9.81663995, 15.272391209999991, 24.370709
8.88004375, 9.041209, 9.24161075, 9.5410997, 9.8419836, 14.70315702999999, 32.855096
8.8769295, 9.028655, 9.2282265, 9.4902952, 9.72250425, 10.691866289999998, 24.370709
8.883391, 9.046859999999999, 9.262424249999999, 9.564812700000001, 9.779407549999998, 11.530913589999999, 36.893046
8.879111, 9.052285999999999, 9.221975, 9.492135300000001, 9.71177835, 11.02207091, 36.893046
8.87801275, 9.035666, 9.21816675, 9.5033402, 9.73877, 14.43134543, 22.552578
8.88772, 9.031155, 9.2200945, 9.483284699999999, 9.72550245, 16.44792254, 32.855096
8.88817, 9.032758000000001, 9.238878999999999, 9.5267116, 9.74090275, 13.235582829999997, 23.303856
8.878592, 9.034789, 9.23555575, 9.5076728, 9.681042699999999, 14.910448319999988, 21.371576
8.8825745, 9.0437555, 9.24119075, 9.551471699999999, 9.850581199999999, 11.97301437, 22.552578
8.8790045, 9.048657500000001, 9.2445345, 9.5566788, 9.77271075, 16.033634069999994, 52.853195
8.89149525, 9.045307999999999, 9.260109250000001, 9.5267664, 9.71921725, 14.430930789999985, 36.893046
8.8575135, 8.9992965, 9.178973, 9.449779600000001, 9.9920452, 11.961075, 35.330604
8.868323, 9.0003985, 9.18723825, 9.4870935, 10.128311799999999, 11.852057529999989, 35.487972
8.86518575, 9.004151499999999, 9.191719, 9.4582946, 9.850841, 11.932605699999998, 35.487972
8.872744749999999, 9.010101, 9.19216, 9.4546496, 9.9465826, 11.932546299999998, 35.734803
8.870982, 9.006507500000001, 9.17089, 9.4449376, 9.992345, 11.676299599999993, 35.734803
8.87113875, 9.008232, 9.1794245, 9.445592, 9.965514549999998, 11.718405, 35.734803
8.8688655, 9.00457, 9.18101575, 9.4559762, 10.06522, 12.054451, 37.448702
8.867334, 9.0066615, 9.16820675, 9.4140407, 9.916524799999996, 12.37250889, 37.448702
8.865297, 9.000893, 9.17616975, 9.437054199999999, 9.881394599999998, 12.170292939999987, 35.487972
8.86549675, 9.0016335, 9.173293, 9.4120525, 9.8192267, 11.83263528999999, 37.448702
8.8652065, 8.999504, 9.18325025, 9.4594146, 10.00353725, 12.070439959999998, 35.487972
8.8696405, 9.00496, 9.178288, 9.4190072, 9.933371699999997, 11.79564970999999, 35.487972
8.87108475, 9.0045995, 9.186184, 9.423889299999999, 9.994264399999999, 11.993545, 37.448702
8.869176, 9.0034055, 9.166037, 9.416242, 9.918332, 12.312307999999998, 35.487972
8.8638465, 9.003191, 9.17375, 9.437911, 9.850841, 11.913264409999998, 37.448702
8.86785075, 9.000764499999999, 9.1789395, 9.4306033, 9.787377799999998, 11.683387009999995, 35.487972
8.87215425, 9.0088475, 9.17908425, 9.451941900000001, 9.953355749999997, 11.839501489999996, 35.487972
8.863435, 9.009894, 9.183742500000001, 9.471173, 9.9920452, 11.810804519999978, 33.51644
8.868237, 9.000982, 9.17605975, 9.4614745, 9.97260825, 11.913264409999998, 33.51644
8.86479, 9.0041655, 9.1840755, 9.4451257, 9.91097885, 12.055604159999973, 37.448702
8.8644865, 9.000251500000001, 9.17731725, 9.4240529, 9.91344, 11.938814469999995, 35.330604
8.86013075, 9.000277, 9.175607, 9.4357873, 9.885056299999997, 11.913367709999996, 35.734803
8.869612, 9.0054475, 9.169206749999999, 9.4202512, 9.992624699999999, 12.312431989999995, 35.487972
8.863654, 9.005703, 9.1809545, 9.4386792, 9.91344, 11.749544249999989, 35.487972
8.859976, 9.000086, 9.181461, 9.467014999999998, 10.133604999999992, 11.993640439999997, 37.448702
8.8625235, 8.997937499999999, 9.174758, 9.44343, 10.071191749999997, 12.071938419999963, 35.330604
8.863318499999998, 9.0022655, 9.173293, 9.4406848, 9.91334975, 11.932734399999998, 37.448702
8.86662425, 9.004908, 9.184326, 9.4390328, 9.921466899999997, 11.89458366, 35.487972
8.870512000000002, 9.006327500000001, 9.178808, 9.463746, 9.940976799999998, 12.278240759999992, 35.734803
8.866226999999999, 9.004535, 9.17089, 9.472754100000001, 10.08911765, 12.054631639999997, 16.295498
8.87112875, 9.005718, 9.186992499999999, 9.496124, 9.992624699999999, 11.810219539999993, 35.487972
8.85866775, 8.999392499999999, 9.185661, 9.4867353, 10.073403, 11.903409949999995, 35.734803
8.866556000000001, 8.997034, 9.17261825, 9.4386792, 9.831740799999997, 12.003135779999997, 35.734803
8.858541, 8.9938015, 9.166246000000001, 9.423076100000001, 9.992588799999996, 12.171192059999967, 37.448702
8.862357000000001, 9.003654000000001, 9.1916725, 9.4613561, 9.981641199999997, 11.894667389999999, 37.448702
8.86332225, 9.0075365, 9.18098525, 9.43695, 9.853739799999998, 12.001569219999949, 37.448702
8.871997, 9.0053975, 9.18181425, 9.4400171, 9.932986, 12.048048669999998, 35.330604
8.869287, 9.004557, 9.1835115, 9.4632125, 10.013722, 11.95896976999999, 35.487972
8.859507, 8.997625500000002, 9.18049125, 9.465453, 10.0333125, 12.070439959999998, 37.448702
8.86439475, 9.0014895, 9.17407775, 9.4425307, 9.980987, 11.970524529999995, 37.448702
8.8629575, 8.9992485, 9.176026, 9.463746, 10.0333125, 11.932933869999994, 37.448702
8.865751, 9.0007065, 9.177219000000001, 9.4594146, 10.025430099999989, 11.970292, 35.487972
8.866735, 8.9983445, 9.17529125, 9.4676479, 9.97260825, 11.833022609999981, 37.448702
8.88241525, 9.039085499999999, 9.2309755, 9.5079113, 9.6917519, 14.108003109999997, 52.853195
8.89529925, 9.0441305, 9.256689, 9.532163800000001, 9.78633, 14.005562269999995, 24.370709
8.877614, 9.0336525, 9.238305749999999, 9.4889078, 9.73320785, 14.786283509999993, 24.370709
8.8900275, 9.0458275, 9.2388045, 9.5075289, 9.756738, 15.726895259999996, 52.853195
8.8806835, 9.0442935, 9.221157, 9.4913302, 9.70070845, 14.434156339999998, 52.853195
8.900603, 9.038616000000001, 9.245922499999999, 9.488588, 9.7989773, 15.976887, 32.855096
8.87809575, 9.031906500000002, 9.225831, 9.487021, 9.67363925, 10.453821660000001, 19.072953
8.899478, 9.0462815, 9.2437395, 9.5129628, 9.78480465, 16.09869635, 52.853195
8.904653, 9.051661, 9.257705, 9.5075592, 9.779881, 11.757611399999982, 19.645042
8.892768499999999, 9.0484875, 9.25293475, 9.5042611, 9.75771305, 14.41651684, 52.853195
8.8785785, 9.04342, 9.246628000000001, 9.495194500000002, 9.73065615, 14.910448319999988, 24.370709
8.884248249999999, 9.0413625, 9.240328, 9.5017058, 9.77402385, 14.195220159999998, 19.502914
8.880462249999999, 9.0336915, 9.2368835, 9.501085, 9.68337215, 11.682962069999999, 20.217992
8.88810475, 9.0429695, 9.2301495, 9.4833926, 9.70821235, 14.898931, 19.656824
8.888393, 9.051684999999999, 9.26315275, 9.5386253, 9.776015150000001, 14.605914929999999, 36.893046
8.88939375, 9.050964, 9.247431, 9.5407498, 9.8165824, 16.25468784, 52.853195
8.88035725, 9.029447, 9.20500525, 9.5035319, 9.7494059, 15.876424419999996, 36.893046
0, 0, 0, 0, 0, 0, 0
0, 0, 0, 0, 0, 0, 0
0, 0, 0, 0, 0, 0, 0
0, 0, 0, 0, 0, 0, 0
0, 0, 0, 0, 0, 0, 0
0, 0, 0, 0, 0, 0, 0
0, 0, 0, 0, 0, 0, 0
0, 0, 0, 0, 0, 0, 0
0, 0, 0, 0, 0, 0, 0
0, 0, 0, 0, 0, 0, 0
0, 0, 0, 0, 0, 0, 0
0, 0, 0, 0, 0, 0, 0
0, 0, 0, 0, 0, 0, 0
0, 0, 0, 0, 0, 0, 0
0, 0, 0, 0, 0, 0, 0
0, 0, 0, 0, 0, 0, 0
0, 0, 0, 0, 0, 0, 0
0, 0, 0, 0, 0, 0, 0
0, 0, 0, 0, 0, 0, 0
0, 0, 0, 0, 0, 0, 0
0, 0, 0, 0, 0, 0, 0
0, 0, 0, 0, 0, 0, 0
0, 0, 0, 0, 0, 0, 0
0, 0, 0, 0, 0, 0, 0
0, 0, 0, 0, 0, 0, 0
0, 0, 0, 0, 0, 0, 0
0, 0, 0, 0, 0, 0, 0
0, 0, 0, 0, 0, 0, 0
0, 0, 0, 0, 0, 0, 0
0, 0, 0, 0, 0, 0, 0
0, 0, 0, 0, 0, 0, 0
0, 0, 0, 0, 0, 0, 0
0, 0, 0, 0, 0, 0, 0
0, 0, 0, 0, 0, 0, 0
0, 0, 0, 0, 0, 0, 0
0, 0, 0, 0, 0, 0, 0
0, 0, 0, 0, 0, 0, 0
0, 0, 0, 0, 0, 0, 0
0, 0, 0, 0, 0, 0, 0
0, 0, 0, 0, 0, 0, 0
0, 0, 0, 0, 0, 0, 0
0, 0, 0, 0, 0, 0, 0
0, 0, 0, 0, 0, 0, 0
0, 0, 0, 0, 0, 0, 0
0, 0, 0, 0, 0, 0, 0
0, 0, 0, 0, 0, 0, 0
0, 0, 0, 0, 0, 0, 0
0, 0, 0, 0, 0, 0, 0
0, 0, 0, 0, 0, 0, 0
0, 0, 0, 0, 0, 0, 0
0, 0, 0, 0, 0, 0, 0
0, 0, 0, 0, 0, 0, 0
0, 0, 0, 0, 0, 0, 0
0, 0, 0, 0, 0, 0, 0
0, 0, 0, 0, 0, 0, 0
0, 0, 0, 0, 0, 0, 0
0, 0, 0, 0, 0, 0, 0
0, 0, 0, 0, 0, 0, 0
0, 0, 0, 0, 0, 0, 0
0, 0, 0, 0, 0, 0, 0
0, 0, 0, 0, 0, 0, 0
0, 0, 0, 0, 0, 0, 0
0, 0, 0, 0, 0, 0, 0
0, 0, 0, 0, 0, 0, 0
0, 0, 0, 0, 0, 0, 0
0, 0, 0, 0, 0, 0, 0
0, 0, 0, 0, 0, 0, 0
0, 0, 0, 0, 0, 0, 0
0, 0, 0, 0, 0, 0, 0
0, 0, 0, 0, 0, 0, 0
0, 0, 0, 0, 0, 0, 0
0, 0, 0, 0, 0, 0, 0
0, 0, 0, 0, 0, 0, 0
0, 0, 0, 0, 0, 0, 0
0, 0, 0, 0, 0, 0, 0
0, 0, 0, 0, 0, 0, 0
0, 0, 0, 0, 0, 0, 0
0, 0, 0, 0, 0, 0, 0
0, 0, 0, 0, 0, 0, 0
0, 0, 0, 0, 0, 0, 0
0, 0, 0, 0, 0, 0, 0
0, 0, 0, 0, 0, 0, 0
0, 0, 0, 0, 0, 0, 0
0, 0, 0, 0, 0, 0, 0
0, 0, 0, 0, 0, 0, 0
0, 0, 0, 0, 0, 0, 0
0, 0, 0, 0, 0, 0, 0
0, 0, 0, 0, 0, 0, 0
0, 0, 0, 0, 0, 0, 0
0, 0, 0, 0, 0, 0, 0
0, 0, 0, 0, 0, 0, 0
0, 0, 0, 0, 0, 0, 0
0, 0, 0, 0, 0, 0, 0
0, 0, 0, 0, 0, 0, 0
0, 0, 0, 0, 0, 0, 0
0, 0, 0, 0, 0, 0, 0
8.88954225, 9.04149, 9.2478965, 9.4924795, 9.8130499, 16.253665899999998, 23.303856
8.87828975, 9.038344500000001, 9.251868, 9.514271700000002, 9.70001065, 13.234894149999999, 19.645042
8.89598275, 9.048212, 9.25354775, 9.492376499999999, 9.695004749999999, 14.431974179999985, 23.303856
8.8784225, 9.035978499999999, 9.22215075, 9.48311, 9.73319675, 11.740576719999998, 52.853195
8.88073325, 9.041320500000001, 9.237469, 9.501085, 9.774333, 14.672557599999998, 22.552578
8.89053, 9.041927, 9.23668025, 9.517306399999999, 9.73882595, 15.976887, 22.552578
8.88521425, 9.054375, 9.26598, 9.5728694, 9.84281105, 14.39243249, 36.893046
8.900392, 9.051875500000001, 9.272079999999999, 9.526053600000001, 9.764063499999999, 11.205158899999994, 23.303856
8.896453000000001, 9.0324995, 9.2430495, 9.5303014, 9.799406849999999, 16.1799103, 52.853195
8.883453, 9.050581, 9.26299425, 9.532793800000002, 9.82393235, 14.670883159999999, 23.303856
8.88173775, 9.0335415, 9.22207775, 9.492231199999999, 9.72570665, 13.734591939999993, 32.855096
8.889859, 9.037925, 9.24229575, 9.471819, 9.7245422, 13.805537069999998, 21.371576
8.8907375, 9.038479500000001, 9.235466500000001, 9.5017659, 9.8079274, 14.605914929999999, 19.502914
8.882302750000001, 9.032482, 9.235438, 9.491849, 9.694189499999998, 11.181483809999982, 36.893046
8.88525325, 9.039182, 9.24970325, 9.561703, 9.8428513, 14.43134543, 36.893046
8.88035725, 9.042517, 9.23590875, 9.5161365, 9.6800758, 10.692825799999998, 32.855096
8.88102, 9.046103, 9.26158775, 9.5466108, 9.8092796, 11.445830339999997, 24.370709
8.884858, 9.0506305, 9.242944, 9.5020773, 9.796557, 16.1799103, 23.303856
8.88283725, 9.028284, 9.214658, 9.4853665, 9.73962905, 14.46159617999999, 52.853195
8.8623735, 9.0025965, 9.176058, 9.4355526, 9.85999605, 11.815764149999996, 35.487972
8.863342, 9.002675, 9.17694125, 9.481237199999999, 10.07365615, 11.993687219999996, 37.448702
8.86415575, 9.004908, 9.188283, 9.469285, 10.082353599999998, 12.257414889999996, 35.330604
8.85969225, 8.995664000000001, 9.1629945, 9.412310699999999, 9.881394599999998, 11.993687219999996, 16.295498
8.861874, 9.000538, 9.17379575, 9.440225, 9.8973157, 11.922215, 37.448702
8.85334675, 8.995704, 9.16811, 9.4141079, 9.885056299999997, 12.003783259999983, 37.448702
8.863614, 8.9987065, 9.171377499999998, 9.431154999999999, 9.952229999999997, 12.071412479999976, 35.487972
8.85926375, 9.008467, 9.1797975, 9.4743106, 10.21424589999998, 12.382223, 35.734803
8.8564305, 8.9963865, 9.17154375, 9.433928, 9.8746628, 11.894847, 37.448702
8.861874, 9.001831500000002, 9.17228075, 9.4252071, 9.807, 11.993602939999997, 35.734803
8.865273, 9.002709, 9.170431, 9.4191824, 9.914144749999995, 11.894667389999999, 37.448702
8.8722345, 9.007759, 9.17400625, 9.4467835, 10.019224099999999, 11.832213, 33.51644
8.872375, 9.0088865, 9.18840575, 9.4495739, 9.860794099999998, 11.894581, 37.448702
8.872327499999999, 9.009078500000001, 9.188139, 9.510694, 10.202791399999997, 12.170292939999987, 37.448702
8.869755, 9.005006, 9.17400625, 9.4285683, 9.965672949999998, 12.374857909999998, 35.734803
8.87214225, 9.0090985, 9.198973, 9.508447, 10.078642649999999, 12.07249377999995, 33.51644
8.87244025, 9.008232, 9.1847085, 9.4627552, 10.004416, 11.938931769999993, 33.51644
8.870047499999998, 9.002021500000001, 9.170435, 9.4589331, 9.970956, 11.970292, 37.448702
8.8671345, 9.005432, 9.18290125, 9.482493, 9.994541999999997, 11.87444791, 33.51644
8.8689705, 9.005718, 9.185463500000001, 9.445592, 9.86051, 11.913369009999995, 37.448702
8.86888725, 9.007822, 9.195333, 9.4994052, 10.092368199999997, 12.00104327999996, 37.448702
8.86103375, 8.991921000000001, 9.1671835, 9.4450592, 9.956609949999997, 11.993687219999996, 33.51644
8.863521, 8.999273, 9.165055, 9.4161862, 9.724309099999997, 11.896606799999999, 35.734803
8.875011, 9.0107215, 9.19014275, 9.4768961, 10.0921535, 12.316363019999987, 35.734803
8.863466, 8.992159, 9.17529125, 9.4686071, 9.965514549999998, 11.994154059999985, 24.923449
8.862677, 9.00173, 9.170914, 9.4738037, 10.1521049, 11.999339, 35.487972
8.8601815, 8.999893, 9.176247, 9.4581344, 10.107773699999994, 12.070419, 35.330604
8.8633385, 8.997937499999999, 9.1710055, 9.4344645, 9.969382, 11.669075989999998, 35.734803
8.86662425, 9.000982, 9.183177, 9.4150904, 9.870824799999998, 12.279171, 29.227148
8.860453, 8.9931215, 9.177349, 9.4308111, 9.953080649999999, 11.903573949999991, 37.448702
8.86778425, 9.009959, 9.1740425, 9.47777, 10.0650474, 12.056685459999947, 37.448702
8.868829, 8.999018, 9.1750155, 9.450626999999999, 9.896291, 11.922319599999996, 37.448702
8.872368, 9.003879, 9.17017475, 9.4223149, 9.870484399999999, 11.815764149999996, 35.330604
8.87091075, 9.0006735, 9.1826855, 9.4221454, 9.819810949999997, 11.938814469999995, 35.487972
8.860873, 9.0003915, 9.17379725, 9.4547844, 9.91344, 11.993602939999997, 35.487972
8.86471525, 9.004057, 9.17159175, 9.4559177, 9.9081447, 11.895030269999996, 35.734803
8.86190025, 9.0032625, 9.17651925, 9.4559177, 9.962040399999998, 12.047984, 37.448702
8.87525325, 9.0039725, 9.177454749999999, 9.4457945, 10.0051396, 12.054610679999996, 37.448702
8.863645, 8.9994665, 9.1797975, 9.4658924, 10.160196, 12.278600129999983, 35.734803
8.872388, 9.012095, 9.192504, 9.4744702, 10.034512099999992, 11.95896976999999, 35.330604
8.863435, 9.001384, 9.17272625, 9.4277528, 9.960104049999998, 11.970524529999995, 33.51644
8.865153, 8.9978155, 9.1754855, 9.473723, 9.930678799999995, 12.223784589999987, 35.330604
8.870303, 9.007137499999999, 9.179747, 9.445885299999999, 9.941154449999997, 11.932605699999998, 37.448702
8.86393575, 8.9970105, 9.174801500000001, 9.451941900000001, 9.911228549999997, 12.008414479999985, 35.734803
8.862099, 9.004037, 9.185661, 9.4658933, 9.9518057, 11.903890719999984, 29.227148
8.86539475, 9.003401, 9.1752445, 9.4632125, 10.152055099999998, 12.315919889999996, 37.448702
8.86896325, 9.0010035, 9.179608, 9.4574477, 10.014522549999995, 12.27953701999999, 35.330604
8.86471525, 9.008198, 9.182977, 9.4360111, 9.965514549999998, 12.169767, 37.448702
8.87308975, 9.014857, 9.1934205, 9.449816, 9.90801325, 11.87541440999999, 37.448702
8.868149, 9.003226, 9.188074499999999, 9.459293, 9.9407, 11.89460059, 33.51644
8.8633385, 9.0013075, 9.18181425, 9.455636, 9.951734, 11.903409949999995, 37.448702
8.869183, 9.003714500000001, 9.1781355, 9.4584408, 9.91084745, 11.932734399999998, 37.448702
8.860149999999999, 9.0031485, 9.173783, 9.4584408, 9.930401999999997, 11.932933869999994, 37.448702
8.86307225, 9.0034585, 9.16845, 9.451816, 9.941310949999997, 11.932734399999998, 35.487972
8.86989225, 9.002735999999999, 9.16840975, 9.4190636, 9.952919, 11.958679299999998, 35.734803
8.87206725, 9.010185, 9.178889999999999, 9.476832199999999, 10.133688549999995, 12.070419, 24.923449
8.8599105, 9.001108, 9.17989825, 9.4382328, 9.97260825, 12.054451, 35.734803
8.86183875, 8.99451, 9.17493225, 9.4534436, 9.918882399999996, 12.330462, 35.734803
8.86944975, 9.007054499999999, 9.1873095, 9.4608703, 9.952919, 11.832213, 37.448702
8.86961925, 9.0075945, 9.181698, 9.404736399999999, 9.859969, 11.970524529999995, 35.487972
8.873943, 9.006162, 9.185661, 9.498128, 10.069289499999998, 12.223238, 33.51644
8.874197, 9.009172, 9.1920635, 9.4632124, 10.052824, 12.222916359999987, 35.734803
8.86657175, 9.001384, 9.170734750000001, 9.4108732, 9.831676449999998, 11.932734399999998, 35.734803
8.864491, 9.0001605, 9.179202, 9.424833, 9.92712555, 11.851628, 35.330604
8.868221, 9.005575499999999, 9.17481575, 9.4394501, 9.891536, 11.913264409999998, 35.734803
8.867364, 8.997653, 9.17326, 9.4486541, 9.9599212, 11.851862049999994, 37.448702
8.87112325, 9.000371, 9.173195499999999, 9.4486638, 9.95179325, 11.795578049999992, 37.448702
8.86658, 9.0045445, 9.188053, 9.4486541, 9.860996349999997, 11.958911829999993, 37.448702
8.858219, 8.999788500000001, 9.17372475, 9.448979999999999, 9.965672949999998, 11.993545, 35.487972
8.877184, 9.031895, 9.22411275, 9.4922379, 9.6831071, 11.09785739, 36.893046
8.888725749999999, 9.0362095, 9.241962, 9.504607400000001, 9.809280099999999, 16.406465309999998, 24.370709
8.896435, 9.054148999999999, 9.238709499999999, 9.5251707, 9.713969449999999, 11.118284189999981, 19.892145
8.883292749999999, 9.032684499999998, 9.22606875, 9.4969796, 9.7134745, 15.977419659999999, 19.502914
8.886223, 9.042427, 9.264037, 9.5575118, 9.80268815, 15.727635769999994, 52.853195
8.8837065, 9.045001, 9.232819249999999, 9.4990645, 9.71161635, 14.910528769999988, 36.893046
8.89140625, 9.0474625, 9.2314795, 9.4844089, 9.78219935, 13.738322099999998, 21.371576
8.87506375, 9.033602, 9.22958625, 9.4695145, 9.682691199999999, 15.575296939999996, 52.853195
8.889581, 9.0451795, 9.2503885, 9.5193985, 9.758147, 14.79034823999999, 36.893046
8.888532, 9.038929, 9.22739125, 9.5125883, 9.7866114, 16.098597, 23.303856
8.8986465, 9.048182, 9.24793625, 9.531621800000002, 9.74920055, 13.554247, 21.371576
8.8841755, 9.035506000000002, 9.24282775, 9.502262900000002, 9.807471099999999, 14.432891989999998, 23.303856
8.88345925, 9.0465395, 9.2430555, 9.5184236, 9.7741661, 13.743673609999993, 17.424684
8.897687, 9.046312, 9.250901500000001, 9.5382554, 9.8092796, 14.691345, 22.552578
8.886843500000001, 9.033881000000001, 9.232686000000001, 9.5205828, 9.811025849999998, 15.579450979999992, 52.853195
8.876801500000001, 9.0287325, 9.23078, 9.5330829, 9.7494059, 13.743481179999993, 52.853195
8.87517475, 9.03734, 9.23224175, 9.5081682, 9.757534, 16.109242169999998, 23.303856
8.8928075, 9.051556999999999, 9.23464175, 9.5042532, 9.73072195, 16.099406520000002, 36.893046
8.88764675, 9.0378765, 9.22617725, 9.512637, 9.78219935, 14.778363, 52.853195
8.88896725, 9.0605315, 9.24918575, 9.4922379, 9.782297250000001, 16.4765781, 36.893046
8.886881, 9.035231, 9.222873, 9.5032753, 9.7614846, 16.750107289999995, 52.853195
8.89043325, 9.044411, 9.2434665, 9.536111, 9.7646665, 13.807454749999996, 32.855096
8.878845, 9.055218, 9.242574000000001, 9.511583, 9.83404815, 15.577311759999994, 52.853195
8.8773295, 9.028041, 9.2319115, 9.5301097, 9.7760805, 14.704733079999988, 19.892145
8.88986875, 9.042727, 9.24294375, 9.5540091, 9.7703625, 14.002109669999998, 36.893046
8.886603999999998, 9.038348, 9.242574000000001, 9.540496, 9.717852200000001, 14.434156339999998, 21.371576
8.89645425, 9.038575, 9.230826, 9.495459, 9.691693, 11.832007959999983, 36.893046
8.87704325, 9.0298995, 9.2152095, 9.476831500000001, 9.722866949999998, 15.874124049999999, 36.893046
8.8905955, 9.040089, 9.2405475, 9.520627, 9.7399676, 13.562622999999993, 52.853195
8.89744175, 9.0465145, 9.252791, 9.5181894, 9.764608, 16.37845443, 52.853195
8.89608975, 9.054360500000001, 9.242649, 9.528878500000001, 9.765848349999999, 13.915245, 52.853195
8.88736625, 9.038236999999999, 9.25674325, 9.5267638, 9.7717752, 15.575216489999995, 32.855096
8.8883455, 9.042407, 9.22092925, 9.483982699999999, 9.7431243, 12.00710831999999, 22.552578
8.892809, 9.045506, 9.251276, 9.5247669, 9.7613077, 12.009638469999988, 36.893046
8.88130475, 9.031155, 9.2249, 9.4979868, 9.6994098, 15.575296939999996, 22.552578
8.88956875, 9.049510999999999, 9.250704500000001, 9.5172554, 9.752797, 13.490535899999996, 23.303856
8.880834499999999, 9.041207, 9.22286975, 9.476549, 9.7074605, 11.984687639999988, 24.370709
8.890338499999999, 9.04299, 9.23071375, 9.501129, 9.716011, 11.533241019999997, 52.853195
8.891596, 9.050384, 9.253319, 9.5502688, 9.861055549999998, 16.47595931, 52.853195
8.8939575, 9.047019, 9.23876275, 9.5466108, 9.835861999999999, 13.187661639999977, 32.855096
8.875357, 9.0328365, 9.22988475, 9.4922968, 9.687040099999999, 10.870856389999993, 24.370709
8.90111375, 9.0508345, 9.25011275, 9.5336914, 9.768439, 14.46159617999999, 52.853195
8.88026225, 9.030017, 9.22669775, 9.5117255, 9.7607981, 16.03083744, 20.217992
8.88998275, 9.04285, 9.23772175, 9.508123300000001, 9.80910795, 15.575011389999995, 23.303856
0, 0, 0, 0, 0, 0, 0
0, 0, 0, 0, 0, 0, 0
0, 0, 0, 0, 0, 0, 0
0, 0, 0, 0, 0, 0, 0
0, 0, 0, 0, 0, 0, 0
0, 0, 0, 0, 0, 0, 0
0, 0, 0, 0, 0, 0, 0
0, 0, 0, 0, 0, 0, 0
0, 0, 0, 0, 0, 0, 0
0, 0, 0, 0, 0, 0, 0
0, 0, 0, 0, 0, 0, 0
0, 0, 0, 0, 0, 0, 0
0, 0, 0, 0, 0, 0, 0
0, 0, 0, 0, 0, 0, 0
0, 0, 0, 0, 0, 0, 0
0, 0, 0, 0, 0, 0, 0
0, 0, 0, 0, 0, 0, 0
0, 0, 0, 0, 0, 0, 0
0, 0, 0, 0, 0, 0, 0
0, 0, 0, 0, 0, 0, 0
0, 0, 0, 0, 0, 0, 0
0, 0, 0, 0, 0, 0, 0
0, 0, 0, 0, 0, 0, 0
0, 0, 0, 0, 0, 0, 0
0, 0, 0, 0, 0, 0, 0
0, 0, 0, 0, 0, 0, 0
0, 0, 0, 0, 0, 0, 0
0, 0, 0, 0, 0, 0, 0
0, 0, 0, 0, 0, 0, 0
0, 0, 0, 0, 0, 0, 0
0, 0, 0, 0, 0, 0, 0
0, 0, 0, 0, 0, 0, 0
0, 0, 0, 0, 0, 0, 0
0, 0, 0, 0, 0, 0, 0
0, 0, 0, 0, 0, 0, 0
0, 0, 0, 0, 0, 0, 0
0, 0, 0, 0, 0, 0, 0
0, 0, 0, 0, 0, 0, 0
0, 0, 0, 0, 0, 0, 0
0, 0, 0, 0, 0, 0, 0
0, 0, 0, 0, 0, 0, 0
0, 0, 0, 0, 0, 0, 0
0, 0, 0, 0, 0, 0, 0
0, 0, 0, 0, 0, 0, 0
0, 0, 0, 0, 0, 0, 0
0, 0, 0, 0, 0, 0, 0
0, 0, 0, 0, 0, 0, 0
0, 0, 0, 0, 0, 0, 0
0, 0, 0, 0, 0, 0, 0
0, 0, 0, 0, 0, 0, 0
0, 0, 0, 0, 0, 0, 0
0, 0, 0, 0, 0, 0, 0
0, 0, 0, 0, 0, 0, 0
0, 0, 0, 0, 0, 0, 0
0, 0, 0, 0, 0, 0, 0
0, 0, 0, 0, 0, 0, 0
0, 0, 0, 0, 0, 0, 0
0, 0, 0, 0, 0, 0, 0
0, 0, 0, 0, 0, 0, 0
0, 0, 0, 0, 0, 0, 0
0, 0, 0, 0, 0, 0, 0
0, 0, 0, 0, 0, 0, 0
0, 0, 0, 0, 0, 0, 0
0, 0, 0, 0, 0, 0, 0
0, 0, 0, 0, 0, 0, 0
0, 0, 0, 0, 0, 0, 0
0, 0, 0, 0, 0, 0, 0
0, 0, 0, 0, 0, 0, 0
0, 0, 0, 0, 0, 0, 0
0, 0, 0, 0, 0, 0, 0
0, 0, 0, 0, 0, 0, 0
0, 0, 0, 0, 0, 0, 0
0, 0, 0, 0, 0, 0, 0
0, 0, 0, 0, 0, 0, 0
0, 0, 0, 0, 0, 0, 0
0, 0, 0, 0, 0, 0, 0
0, 0, 0, 0, 0, 0, 0
0, 0, 0, 0, 0, 0, 0
0, 0, 0, 0, 0, 0, 0
0, 0, 0, 0, 0, 0, 0
0, 0, 0, 0, 0, 0, 0
0, 0, 0, 0, 0, 0, 0
0, 0, 0, 0, 0, 0, 0
0, 0, 0, 0, 0, 0, 0
0, 0, 0, 0, 0, 0, 0
0, 0, 0, 0, 0, 0, 0
0, 0, 0, 0, 0, 0, 0
0, 0, 0, 0, 0, 0, 0
0, 0, 0, 0, 0, 0, 0
0, 0, 0, 0, 0, 0, 0
0, 0, 0, 0, 0, 0, 0
0, 0, 0, 0, 0, 0, 0
0, 0, 0, 0, 0, 0, 0
0, 0, 0, 0, 0, 0, 0
0, 0, 0, 0, 0, 0, 0
0, 0, 0, 0, 0, 0, 0
0, 0, 0, 0, 0, 0, 0
0, 0, 0, 0, 0, 0, 0
0, 0, 0, 0, 0, 0, 0
0, 0, 0, 0, 0, 0, 0
0, 0, 0, 0, 0, 0, 0
0, 0, 0, 0, 0, 0, 0
0, 0, 0, 0, 0, 0, 0
0, 0, 0, 0, 0, 0, 0
0, 0, 0, 0, 0, 0, 0
0, 0, 0, 0, 0, 0, 0
0, 0, 0, 0, 0, 0, 0
0, 0, 0, 0, 0, 0, 0
0, 0, 0, 0, 0, 0, 0
0, 0, 0, 0, 0, 0, 0
0, 0, 0, 0, 0, 0, 0
0, 0, 0, 0, 0, 0, 0
0, 0, 0, 0, 0, 0, 0
0, 0, 0, 0, 0, 0, 0
8.890903250000001, 9.058993999999998, 9.248616, 9.518147899999999, 9.809709049999999, 15.271681039999992, 32.855096
8.882098500000001, 9.040074, 9.2380875, 9.488483400000002, 9.73086335, 13.920596509999996, 24.370709
8.88279025, 9.0456645, 9.24282775, 9.527077, 9.776015150000001, 16.401195239999996, 24.370709
8.8786235, 9.022808000000001, 9.2288145, 9.5234643, 9.775921, 14.002986679999998, 36.893046
8.88634425, 9.045396, 9.2401605, 9.4936058, 9.70805395, 14.418255829999998, 23.303856
8.892119000000001, 9.044375, 9.243007, 9.5512387, 9.829971, 16.058708, 21.371576
8.8789875, 9.037386, 9.226803499999999, 9.482715, 9.7399329, 13.738322099999998, 24.370709
8.883178, 9.042517, 9.22738975, 9.5169234, 9.757248950000001, 13.61904774, 32.855096
8.89959775, 9.036949499999999, 9.237845, 9.5266768, 9.7399676, 10.803779309999998, 24.370709
8.8779735, 9.038018000000001, 9.23249, 9.4786968, 9.66310395, 13.488560829999997, 24.370709
8.8945595, 9.048658, 9.258197249999998, 9.544048100000001, 9.7768543, 16.26121194, 23.303856
8.865049, 8.997788, 9.169545750000001, 9.4432049, 9.941154449999997, 12.007767, 33.51644
8.8639315, 8.999251, 9.17653875, 9.419089999999999, 9.77809, 12.170292939999987, 37.448702
8.86332225, 9.0039445, 9.182802500000001, 9.465907699999999, 9.953592299999997, 11.92257846999999, 37.448702
8.8705075, 9.003628, 9.17272625, 9.446885700000001, 9.92715155, 12.257414889999996, 35.330604
8.85993525, 9.000636, 9.16838875, 9.4325543, 9.815996999999998, 12.222369769999998, 37.448702
8.872170749999999, 9.004752, 9.178994, 9.4596924, 9.953775149999997, 11.970666749999992, 35.330604
8.86378, 9.002257499999999, 9.16871425, 9.430895, 9.85704105, 11.932546299999998, 35.734803
8.85724875, 8.992776, 9.1728215, 9.438716, 9.993162599999996, 12.312431989999995, 35.330604
8.864146, 9.003046999999999, 9.188285, 9.465894, 10.128280449999998, 12.169767, 37.448702
8.857184, 9.0018355, 9.183742500000001, 9.4455397, 9.969540399999998, 12.074022229999963, 35.734803
8.86113125, 8.998629000000001, 9.18271075, 9.458363, 9.972959199999996, 11.903773419999986, 35.330604
8.87589325, 9.008628, 9.169794, 9.4407818, 9.8792836, 11.89461396, 24.923449
8.86906175, 9.002392, 9.1740825, 9.4373278, 9.921466899999997, 11.83972962999999, 37.448702
8.86888725, 9.0074465, 9.187609, 9.4625761, 10.004867899999999, 11.932830299999992, 35.487972
8.864403249999999, 8.998255, 9.169794, 9.445592, 9.962040399999998, 11.898224979999991, 37.448702
8.864984250000001, 8.999586, 9.165775, 9.4311641, 9.966094799999995, 11.932605699999998, 37.448702
8.86885625, 9.0035085, 9.19030275, 9.4498257, 9.91097885, 11.898120379999993, 33.51644
8.86496725, 8.9967485, 9.166246000000001, 9.421956, 9.913566649999998, 12.328293229999998, 33.51644
8.86338675, 9.008898, 9.19014275, 9.4969137, 10.092753199999995, 11.993602939999997, 37.448702
8.8710055, 9.003025, 9.183992, 9.4830004, 10.0822756, 12.05613886999996, 37.448702
8.854059, 9.0045635, 9.170088, 9.4356675, 9.910716, 11.90322, 37.448702
8.86657175, 9.0029465, 9.182101500000002, 9.4559177, 10.00358445, 11.809925, 37.448702
8.87164275, 9.000403500000001, 9.187704, 9.453209, 10.052824, 12.34525584, 35.734803
8.864571250000001, 8.997183, 9.173695, 9.4390328, 9.900076249999998, 11.970619969999992, 37.448702
8.864491, 8.996622, 9.177131000000001, 9.4471183, 9.930965, 11.810219539999993, 35.734803
8.88848475, 9.042624499999999, 9.253740500000001, 9.561703, 9.8261515, 16.39846709, 32.855096
8.87648025, 9.042701, 9.22390125, 9.5110521, 9.738486049999999, 15.570414, 52.853195
8.884573249999999, 9.034120000000001, 9.2368835, 9.4989448, 9.778165, 14.60631635, 24.370709
8.896383, 9.039818, 9.235947, 9.5482011, 9.81624, 14.110787349999995, 22.552578
8.8783735, 9.027513500000001, 9.22178175, 9.4803151, 9.788240799999999, 14.195412589999998, 52.853195
8.88599475, 9.0389695, 9.240177, 9.507894, 9.79985185, 14.907164919999992, 32.855096
8.87154525, 9.038717, 9.233833500000001, 9.4994553, 9.681593949999998, 13.728709089999999, 22.552578
8.876959, 9.033479, 9.23713875, 9.503504000000003, 9.7569279, 16.18028951, 36.893046
8.89055575, 9.0342915, 9.24226225, 9.5093415, 9.7309977, 16.052313159999997, 52.853195
8.88793725, 9.050539, 9.246392, 9.5433882, 9.734991749999999, 11.814456379999998, 36.893046
8.88608675, 9.0309025, 9.223481, 9.483297700000001, 9.66714945, 10.390366069999999, 17.516372
8.896916, 9.051349, 9.2701185, 9.540496, 9.876349, 16.747375299999998, 36.893046
8.883995500000001, 9.034789, 9.241142, 9.503669100000002, 9.71054225, 14.69221518, 23.303856
8.8846265, 9.039699, 9.24013725, 9.498565500000002, 9.80985885, 16.36279307, 32.855096
8.88998275, 9.048108, 9.250715750000001, 9.534822100000001, 9.7951294, 13.918020919999998, 32.855096
0, 0, 0, 0, 0, 0, 0
0, 0, 0, 0, 0, 0, 0
0, 0, 0, 0, 0, 0, 0
0, 0, 0, 0, 0, 0, 0
0, 0, 0, 0, 0, 0, 0
0, 0, 0, 0, 0, 0, 0
0, 0, 0, 0, 0, 0, 0
0, 0, 0, 0, 0, 0, 0
0, 0, 0, 0, 0, 0, 0
0, 0, 0, 0, 0, 0, 0
0, 0, 0, 0, 0, 0, 0
0, 0, 0, 0, 0, 0, 0
0, 0, 0, 0, 0, 0, 0
0, 0, 0, 0, 0, 0, 0
0, 0, 0, 0, 0, 0, 0
0, 0, 0, 0, 0, 0, 0
0, 0, 0, 0, 0, 0, 0
0, 0, 0, 0, 0, 0, 0
0, 0, 0, 0, 0, 0, 0
0, 0, 0, 0, 0, 0, 0
0, 0, 0, 0, 0, 0, 0
0, 0, 0, 0, 0, 0, 0
0, 0, 0, 0, 0, 0, 0
0, 0, 0, 0, 0, 0, 0
0, 0, 0, 0, 0, 0, 0
0, 0, 0, 0, 0, 0, 0
0, 0, 0, 0, 0, 0, 0
0, 0, 0, 0, 0, 0, 0
0, 0, 0, 0, 0, 0, 0
0, 0, 0, 0, 0, 0, 0
0, 0, 0, 0, 0, 0, 0
0, 0, 0, 0, 0, 0, 0
0, 0, 0, 0, 0, 0, 0
0, 0, 0, 0, 0, 0, 0
0, 0, 0, 0, 0, 0, 0
0, 0, 0, 0, 0, 0, 0
0, 0, 0, 0, 0, 0, 0
0, 0, 0, 0, 0, 0, 0
0, 0, 0, 0, 0, 0, 0
0, 0, 0, 0, 0, 0, 0
0, 0, 0, 0, 0, 0, 0
0, 0, 0, 0, 0, 0, 0
0, 0, 0, 0, 0, 0, 0
0, 0, 0, 0, 0, 0, 0
0, 0, 0, 0, 0, 0, 0
0, 0, 0, 0, 0, 0, 0
0, 0, 0, 0, 0, 0, 0
0, 0, 0, 0, 0, 0, 0
0, 0, 0, 0, 0, 0, 0
0, 0, 0, 0, 0, 0, 0
0, 0, 0, 0, 0, 0, 0
0, 0, 0, 0, 0, 0, 0
0, 0, 0, 0, 0, 0, 0
0, 0, 0, 0, 0, 0, 0
0, 0, 0, 0, 0, 0, 0
0, 0, 0, 0, 0, 0, 0
0, 0, 0, 0, 0, 0, 0
0, 0, 0, 0, 0, 0, 0
0, 0, 0, 0, 0, 0, 0
0, 0, 0, 0, 0, 0, 0
0, 0, 0, 0, 0, 0, 0
0, 0, 0, 0, 0, 0, 0
0, 0, 0, 0, 0, 0, 0
0, 0, 0, 0, 0, 0, 0
0, 0, 0, 0, 0, 0, 0
0, 0, 0, 0, 0, 0, 0
0, 0, 0, 0, 0, 0, 0
0, 0, 0, 0, 0, 0, 0
0, 0, 0, 0, 0, 0, 0
0, 0, 0, 0, 0, 0, 0
0, 0, 0, 0, 0, 0, 0
0, 0, 0, 0, 0, 0, 0
0, 0, 0, 0, 0, 0, 0
0, 0, 0, 0, 0, 0, 0
0, 0, 0, 0, 0, 0, 0
0, 0, 0, 0, 0, 0, 0
0, 0, 0, 0, 0, 0, 0
0, 0, 0, 0, 0, 0, 0
0, 0, 0, 0, 0, 0, 0
0, 0, 0, 0, 0, 0, 0
0, 0, 0, 0, 0, 0, 0
0, 0, 0, 0, 0, 0, 0
0, 0, 0, 0, 0, 0, 0
0, 0, 0, 0, 0, 0, 0
0, 0, 0, 0, 0, 0, 0
0, 0, 0, 0, 0, 0, 0
0, 0, 0, 0, 0, 0, 0
0, 0, 0, 0, 0, 0, 0
0, 0, 0, 0, 0, 0, 0
0, 0, 0, 0, 0, 0, 0
0, 0, 0, 0, 0, 0, 0
0, 0, 0, 0, 0, 0, 0
0, 0, 0, 0, 0, 0, 0
0, 0, 0, 0, 0, 0, 0
0, 0, 0, 0, 0, 0, 0
0, 0, 0, 0, 0, 0, 0
0, 0, 0, 0, 0, 0, 0
0, 0, 0, 0, 0, 0, 0
0, 0, 0, 0, 0, 0, 0
0, 0, 0, 0, 0, 0, 0
0, 0, 0, 0, 0, 0, 0
0, 0, 0, 0, 0, 0, 0
0, 0, 0, 0, 0, 0, 0
0, 0, 0, 0, 0, 0, 0
0, 0, 0, 0, 0, 0, 0
0, 0, 0, 0, 0, 0, 0
0, 0, 0, 0, 0, 0, 0
0, 0, 0, 0, 0, 0, 0
0, 0, 0, 0, 0, 0, 0
0, 0, 0, 0, 0, 0, 0
0, 0, 0, 0, 0, 0, 0
0, 0, 0, 0, 0, 0, 0
0, 0, 0, 0, 0, 0, 0
0, 0, 0, 0, 0, 0, 0
0, 0, 0, 0, 0, 0, 0
0, 0, 0, 0, 0, 0, 0
0, 0, 0, 0, 0, 0, 0
0, 0, 0, 0, 0, 0, 0
0, 0, 0, 0, 0, 0, 0
0, 0, 0, 0, 0, 0, 0
0, 0, 0, 0, 0, 0, 0
0, 0, 0, 0, 0, 0, 0
0, 0, 0, 0, 0, 0, 0
0, 0, 0, 0, 0, 0, 0
0, 0, 0, 0, 0, 0, 0
0, 0, 0, 0, 0, 0, 0
0, 0, 0, 0, 0, 0, 0
0, 0, 0, 0, 0, 0, 0
0, 0, 0, 0, 0, 0, 0
0, 0, 0, 0, 0, 0, 0
0, 0, 0, 0, 0, 0, 0
0, 0, 0, 0, 0, 0, 0
0, 0, 0, 0, 0, 0, 0
0, 0, 0, 0, 0, 0, 0
0, 0, 0, 0, 0, 0, 0
0, 0, 0, 0, 0, 0, 0
0, 0, 0, 0, 0, 0, 0
0, 0, 0, 0, 0, 0, 0
0, 0, 0, 0, 0, 0, 0
0, 0, 0, 0, 0, 0, 0
0, 0, 0, 0, 0, 0, 0
0, 0, 0, 0, 0, 0, 0
0, 0, 0, 0, 0, 0, 0
0, 0, 0, 0, 0, 0, 0
0, 0, 0, 0, 0, 0, 0
0, 0, 0, 0, 0, 0, 0
0, 0, 0, 0, 0, 0, 0
0, 0, 0, 0, 0, 0, 0
0, 0, 0, 0, 0, 0, 0
0, 0, 0, 0, 0, 0, 0
0, 0, 0, 0, 0, 0, 0
0, 0, 0, 0, 0, 0, 0
0, 0, 0, 0, 0, 0, 0
0, 0, 0, 0, 0, 0, 0
0, 0, 0, 0, 0, 0, 0
0, 0, 0, 0, 0, 0, 0
0, 0, 0, 0, 0, 0, 0
0, 0, 0, 0, 0, 0, 0
0, 0, 0, 0, 0, 0, 0
0, 0, 0, 0, 0, 0, 0
0, 0, 0, 0, 0, 0, 0
0, 0, 0, 0, 0, 0, 0
0, 0, 0, 0, 0, 0, 0
0, 0, 0, 0, 0, 0, 0
0, 0, 0, 0, 0, 0, 0
0, 0, 0, 0, 0, 0, 0
0, 0, 0, 0, 0, 0, 0
0, 0, 0, 0, 0, 0, 0
0, 0, 0, 0, 0, 0, 0
0, 0, 0, 0, 0, 0, 0
0, 0, 0, 0, 0, 0, 0
0, 0, 0, 0, 0, 0, 0
0, 0, 0, 0, 0, 0, 0
0, 0, 0, 0, 0, 0, 0
0, 0, 0, 0, 0, 0, 0
0, 0, 0, 0, 0, 0, 0
0, 0, 0, 0, 0, 0, 0
0, 0, 0, 0, 0, 0, 0
0, 0, 0, 0, 0, 0, 0
0, 0, 0, 0, 0, 0, 0
0, 0, 0, 0, 0, 0, 0
0, 0, 0, 0, 0, 0, 0
0, 0, 0, 0, 0, 0, 0
0, 0, 0, 0, 0, 0, 0
0, 0, 0, 0, 0, 0, 0
0, 0, 0, 0, 0, 0, 0
0, 0, 0, 0, 0, 0, 0
0, 0, 0, 0, 0, 0, 0
0, 0, 0, 0, 0, 0, 0
0, 0, 0, 0, 0, 0, 0
0, 0, 0, 0, 0, 0, 0
0, 0, 0, 0, 0, 0, 0
0, 0, 0, 0, 0, 0, 0
0, 0, 0, 0, 0, 0, 0
0, 0, 0, 0, 0, 0, 0
0, 0, 0, 0, 0, 0, 0
0, 0, 0, 0, 0, 0, 0
0, 0, 0, 0, 0, 0, 0
0, 0, 0, 0, 0, 0, 0
0, 0, 0, 0, 0, 0, 0
0, 0, 0, 0, 0, 0, 0
0, 0, 0, 0, 0, 0, 0
0, 0, 0, 0, 0, 0, 0
0, 0, 0, 0, 0, 0, 0
0, 0, 0, 0, 0, 0, 0
0, 0, 0, 0, 0, 0, 0
0, 0, 0, 0, 0, 0, 0
0, 0, 0, 0, 0, 0, 0
0, 0, 0, 0, 0, 0, 0
0, 0, 0, 0, 0, 0, 0
0, 0, 0, 0, 0, 0, 0
0, 0, 0, 0, 0, 0, 0
0, 0, 0, 0, 0, 0, 0
0, 0, 0, 0, 0, 0, 0
0, 0, 0, 0, 0, 0, 0
0, 0, 0, 0, 0, 0, 0
0, 0, 0, 0, 0, 0, 0
0, 0, 0, 0, 0, 0, 0
0, 0, 0, 0, 0, 0, 0
0, 0, 0, 0, 0, 0, 0
0, 0, 0, 0, 0, 0, 0
0, 0, 0, 0, 0, 0, 0
0, 0, 0, 0, 0, 0, 0
0, 0, 0, 0, 0, 0, 0
0, 0, 0, 0, 0, 0, 0
0, 0, 0, 0, 0, 0, 0
0, 0, 0, 0, 0, 0, 0
0, 0, 0, 0, 0, 0, 0
0, 0, 0, 0, 0, 0, 0
0, 0, 0, 0, 0, 0, 0
0, 0, 0, 0, 0, 0, 0
0, 0, 0, 0, 0, 0, 0
0, 0, 0, 0, 0, 0, 0
0, 0, 0, 0, 0, 0, 0
0, 0, 0, 0, 0, 0, 0
0, 0, 0, 0, 0, 0, 0
0, 0, 0, 0, 0, 0, 0
0, 0, 0, 0, 0, 0, 0
0, 0, 0, 0, 0, 0, 0
0, 0, 0, 0, 0, 0, 0
0, 0, 0, 0, 0, 0, 0
0, 0, 0, 0, 0, 0, 0
0, 0, 0, 0, 0, 0, 0
0, 0, 0, 0, 0, 0, 0
0, 0, 0, 0, 0, 0, 0
0, 0, 0, 0, 0, 0, 0
0, 0, 0, 0, 0, 0, 0
0, 0, 0, 0, 0, 0, 0
0, 0, 0, 0, 0, 0, 0
0, 0, 0, 0, 0, 0, 0
0, 0, 0, 0, 0, 0, 0
0, 0, 0, 0, 0, 0, 0
0, 0, 0, 0, 0, 0, 0
0, 0, 0, 0, 0, 0, 0
0, 0, 0, 0, 0, 0, 0
