25th, 50th, 75th, 90th, 95th, 99th, max
0, 0, 0, 0, 0, 0, 0
0, 0, 0, 0, 0, 0, 0
0, 0, 0, 0, 0, 0, 0
0, 0, 0, 0, 0, 0, 0
0, 0, 0, 0, 0, 0, 0
0, 0, 0, 0, 0, 0, 0
0, 0, 0, 0, 0, 0, 0
0, 0, 0, 0, 0, 0, 0
0, 0, 0, 0, 0, 0, 0
0, 0, 0, 0, 0, 0, 0
0, 0, 0, 0, 0, 0, 0
0, 0, 0, 0, 0, 0, 0
0, 0, 0, 0, 0, 0, 0
0, 0, 0, 0, 0, 0, 0
0, 0, 0, 0, 0, 0, 0
0, 0, 0, 0, 0, 0, 0
0, 0, 0, 0, 0, 0, 0
0, 0, 0, 0, 0, 0, 0
0, 0, 0, 0, 0, 0, 0
0, 0, 0, 0, 0, 0, 0
0, 0, 0, 0, 0, 0, 0
0, 0, 0, 0, 0, 0, 0
0, 0, 0, 0, 0, 0, 0
0, 0, 0, 0, 0, 0, 0
0, 0, 0, 0, 0, 0, 0
0, 0, 0, 0, 0, 0, 0
0, 0, 0, 0, 0, 0, 0
0, 0, 0, 0, 0, 0, 0
0, 0, 0, 0, 0, 0, 0
0, 0, 0, 0, 0, 0, 0
0, 0, 0, 0, 0, 0, 0
0, 0, 0, 0, 0, 0, 0
0, 0, 0, 0, 0, 0, 0
0, 0, 0, 0, 0, 0, 0
0, 0, 0, 0, 0, 0, 0
0, 0, 0, 0, 0, 0, 0
0, 0, 0, 0, 0, 0, 0
0, 0, 0, 0, 0, 0, 0
0, 0, 0, 0, 0, 0, 0
0, 0, 0, 0, 0, 0, 0
0, 0, 0, 0, 0, 0, 0
0, 0, 0, 0, 0, 0, 0
0, 0, 0, 0, 0, 0, 0
0, 0, 0, 0, 0, 0, 0
0, 0, 0, 0, 0, 0, 0
0, 0, 0, 0, 0, 0, 0
0, 0, 0, 0, 0, 0, 0
0, 0, 0, 0, 0, 0, 0
0, 0, 0, 0, 0, 0, 0
0, 0, 0, 0, 0, 0, 0
0, 0, 0, 0, 0, 0, 0
0, 0, 0, 0, 0, 0, 0
0, 0, 0, 0, 0, 0, 0
0, 0, 0, 0, 0, 0, 0
0, 0, 0, 0, 0, 0, 0
0, 0, 0, 0, 0, 0, 0
0, 0, 0, 0, 0, 0, 0
0, 0, 0, 0, 0, 0, 0
0, 0, 0, 0, 0, 0, 0
0, 0, 0, 0, 0, 0, 0
0, 0, 0, 0, 0, 0, 0
0, 0, 0, 0, 0, 0, 0
0, 0, 0, 0, 0, 0, 0
0, 0, 0, 0, 0, 0, 0
0, 0, 0, 0, 0, 0, 0
0, 0, 0, 0, 0, 0, 0
0, 0, 0, 0, 0, 0, 0
0, 0, 0, 0, 0, 0, 0
0, 0, 0, 0, 0, 0, 0
0, 0, 0, 0, 0, 0, 0
0, 0, 0, 0, 0, 0, 0
0, 0, 0, 0, 0, 0, 0
0, 0, 0, 0, 0, 0, 0
0, 0, 0, 0, 0, 0, 0
0, 0, 0, 0, 0, 0, 0
0, 0, 0, 0, 0, 0, 0
0, 0, 0, 0, 0, 0, 0
0, 0, 0, 0, 0, 0, 0
0, 0, 0, 0, 0, 0, 0
0, 0, 0, 0, 0, 0, 0
0, 0, 0, 0, 0, 0, 0
0, 0, 0, 0, 0, 0, 0
0, 0, 0, 0, 0, 0, 0
0, 0, 0, 0, 0, 0, 0
0, 0, 0, 0, 0, 0, 0
0, 0, 0, 0, 0, 0, 0
0, 0, 0, 0, 0, 0, 0
0, 0, 0, 0, 0, 0, 0
0, 0, 0, 0, 0, 0, 0
0, 0, 0, 0, 0, 0, 0
0, 0, 0, 0, 0, 0, 0
0, 0, 0, 0, 0, 0, 0
0, 0, 0, 0, 0, 0, 0
0, 0, 0, 0, 0, 0, 0
0, 0, 0, 0, 0, 0, 0
0, 0, 0, 0, 0, 0, 0
0, 0, 0, 0, 0, 0, 0
0, 0, 0, 0, 0, 0, 0
0, 0, 0, 0, 0, 0, 0
0, 0, 0, 0, 0, 0, 0
0, 0, 0, 0, 0, 0, 0
0, 0, 0, 0, 0, 0, 0
0, 0, 0, 0, 0, 0, 0
0, 0, 0, 0, 0, 0, 0
0, 0, 0, 0, 0, 0, 0
0, 0, 0, 0, 0, 0, 0
0, 0, 0, 0, 0, 0, 0
0, 0, 0, 0, 0, 0, 0
0, 0, 0, 0, 0, 0, 0
0, 0, 0, 0, 0, 0, 0
0, 0, 0, 0, 0, 0, 0
0, 0, 0, 0, 0, 0, 0
0, 0, 0, 0, 0, 0, 0
0, 0, 0, 0, 0, 0, 0
0, 0, 0, 0, 0, 0, 0
0, 0, 0, 0, 0, 0, 0
0, 0, 0, 0, 0, 0, 0
0, 0, 0, 0, 0, 0, 0
0, 0, 0, 0, 0, 0, 0
0, 0, 0, 0, 0, 0, 0
0, 0, 0, 0, 0, 0, 0
0, 0, 0, 0, 0, 0, 0
0, 0, 0, 0, 0, 0, 0
0, 0, 0, 0, 0, 0, 0
0, 0, 0, 0, 0, 0, 0
0, 0, 0, 0, 0, 0, 0
0, 0, 0, 0, 0, 0, 0
0, 0, 0, 0, 0, 0, 0
0, 0, 0, 0, 0, 0, 0
0, 0, 0, 0, 0, 0, 0
0, 0, 0, 0, 0, 0, 0
0, 0, 0, 0, 0, 0, 0
0, 0, 0, 0, 0, 0, 0
0, 0, 0, 0, 0, 0, 0
0, 0, 0, 0, 0, 0, 0
0, 0, 0, 0, 0, 0, 0
0, 0, 0, 0, 0, 0, 0
0, 0, 0, 0, 0, 0, 0
0, 0, 0, 0, 0, 0, 0
0, 0, 0, 0, 0, 0, 0
0, 0, 0, 0, 0, 0, 0
0, 0, 0, 0, 0, 0, 0
0, 0, 0, 0, 0, 0, 0
0, 0, 0, 0, 0, 0, 0
0, 0, 0, 0, 0, 0, 0
0, 0, 0, 0, 0, 0, 0
0, 0, 0, 0, 0, 0, 0
0, 0, 0, 0, 0, 0, 0
0, 0, 0, 0, 0, 0, 0
0, 0, 0, 0, 0, 0, 0
0, 0, 0, 0, 0, 0, 0
0, 0, 0, 0, 0, 0, 0
0, 0, 0, 0, 0, 0, 0
0, 0, 0, 0, 0, 0, 0
0, 0, 0, 0, 0, 0, 0
0, 0, 0, 0, 0, 0, 0
0, 0, 0, 0, 0, 0, 0
0, 0, 0, 0, 0, 0, 0
0, 0, 0, 0, 0, 0, 0
0, 0, 0, 0, 0, 0, 0
0, 0, 0, 0, 0, 0, 0
0, 0, 0, 0, 0, 0, 0
0, 0, 0, 0, 0, 0, 0
0, 0, 0, 0, 0, 0, 0
0, 0, 0, 0, 0, 0, 0
0, 0, 0, 0, 0, 0, 0
0, 0, 0, 0, 0, 0, 0
0, 0, 0, 0, 0, 0, 0
0, 0, 0, 0, 0, 0, 0
0, 0, 0, 0, 0, 0, 0
0, 0, 0, 0, 0, 0, 0
0, 0, 0, 0, 0, 0, 0
0, 0, 0, 0, 0, 0, 0
0, 0, 0, 0, 0, 0, 0
0, 0, 0, 0, 0, 0, 0
0, 0, 0, 0, 0, 0, 0
0, 0, 0, 0, 0, 0, 0
0, 0, 0, 0, 0, 0, 0
0, 0, 0, 0, 0, 0, 0
0, 0, 0, 0, 0, 0, 0
0, 0, 0, 0, 0, 0, 0
0, 0, 0, 0, 0, 0, 0
0, 0, 0, 0, 0, 0, 0
0, 0, 0, 0, 0, 0, 0
0, 0, 0, 0, 0, 0, 0
0, 0, 0, 0, 0, 0, 0
0, 0, 0, 0, 0, 0, 0
0, 0, 0, 0, 0, 0, 0
0, 0, 0, 0, 0, 0, 0
0, 0, 0, 0, 0, 0, 0
0, 0, 0, 0, 0, 0, 0
0, 0, 0, 0, 0, 0, 0
0, 0, 0, 0, 0, 0, 0
0, 0, 0, 0, 0, 0, 0
0, 0, 0, 0, 0, 0, 0
0, 0, 0, 0, 0, 0, 0
0, 0, 0, 0, 0, 0, 0
0, 0, 0, 0, 0, 0, 0
0, 0, 0, 0, 0, 0, 0
0, 0, 0, 0, 0, 0, 0
0, 0, 0, 0, 0, 0, 0
0, 0, 0, 0, 0, 0, 0
0, 0, 0, 0, 0, 0, 0
0, 0, 0, 0, 0, 0, 0
0, 0, 0, 0, 0, 0, 0
0, 0, 0, 0, 0, 0, 0
0, 0, 0, 0, 0, 0, 0
0, 0, 0, 0, 0, 0, 0
0, 0, 0, 0, 0, 0, 0
0, 0, 0, 0, 0, 0, 0
0, 0, 0, 0, 0, 0, 0
0, 0, 0, 0, 0, 0, 0
0, 0, 0, 0, 0, 0, 0
0, 0, 0, 0, 0, 0, 0
0, 0, 0, 0, 0, 0, 0
0, 0, 0, 0, 0, 0, 0
0, 0, 0, 0, 0, 0, 0
0, 0, 0, 0, 0, 0, 0
0, 0, 0, 0, 0, 0, 0
0, 0, 0, 0, 0, 0, 0
0, 0, 0, 0, 0, 0, 0
0, 0, 0, 0, 0, 0, 0
0, 0, 0, 0, 0, 0, 0
0, 0, 0, 0, 0, 0, 0
0, 0, 0, 0, 0, 0, 0
0, 0, 0, 0, 0, 0, 0
0, 0, 0, 0, 0, 0, 0
0, 0, 0, 0, 0, 0, 0
0, 0, 0, 0, 0, 0, 0
0, 0, 0, 0, 0, 0, 0
0, 0, 0, 0, 0, 0, 0
0, 0, 0, 0, 0, 0, 0
0, 0, 0, 0, 0, 0, 0
0, 0, 0, 0, 0, 0, 0
0, 0, 0, 0, 0, 0, 0
0, 0, 0, 0, 0, 0, 0
0, 0, 0, 0, 0, 0, 0
0, 0, 0, 0, 0, 0, 0
0, 0, 0, 0, 0, 0, 0
0, 0, 0, 0, 0, 0, 0
0, 0, 0, 0, 0, 0, 0
0, 0, 0, 0, 0, 0, 0
0, 0, 0, 0, 0, 0, 0
0, 0, 0, 0, 0, 0, 0
0, 0, 0, 0, 0, 0, 0
0, 0, 0, 0, 0, 0, 0
0, 0, 0, 0, 0, 0, 0
0, 0, 0, 0, 0, 0, 0
0, 0, 0, 0, 0, 0, 0
0, 0, 0, 0, 0, 0, 0
0, 0, 0, 0, 0, 0, 0
0, 0, 0, 0, 0, 0, 0
0, 0, 0, 0, 0, 0, 0
0, 0, 0, 0, 0, 0, 0
0, 0, 0, 0, 0, 0, 0
0, 0, 0, 0, 0, 0, 0
0, 0, 0, 0, 0, 0, 0
0, 0, 0, 0, 0, 0, 0
0, 0, 0, 0, 0, 0, 0
0, 0, 0, 0, 0, 0, 0
0, 0, 0, 0, 0, 0, 0
0, 0, 0, 0, 0, 0, 0
0, 0, 0, 0, 0, 0, 0
0, 0, 0, 0, 0, 0, 0
0, 0, 0, 0, 0, 0, 0
0, 0, 0, 0, 0, 0, 0
0, 0, 0, 0, 0, 0, 0
0, 0, 0, 0, 0, 0, 0
0, 0, 0, 0, 0, 0, 0
0, 0, 0, 0, 0, 0, 0
0, 0, 0, 0, 0, 0, 0
0, 0, 0, 0, 0, 0, 0
0, 0, 0, 0, 0, 0, 0
0, 0, 0, 0, 0, 0, 0
0, 0, 0, 0, 0, 0, 0
0, 0, 0, 0, 0, 0, 0
0, 0, 0, 0, 0, 0, 0
0, 0, 0, 0, 0, 0, 0
0, 0, 0, 0, 0, 0, 0
0, 0, 0, 0, 0, 0, 0
0, 0, 0, 0, 0, 0, 0
0, 0, 0, 0, 0, 0, 0
0, 0, 0, 0, 0, 0, 0
0, 0, 0, 0, 0, 0, 0
0, 0, 0, 0, 0, 0, 0
0, 0, 0, 0, 0, 0, 0
0, 0, 0, 0, 0, 0, 0
0, 0, 0, 0, 0, 0, 0
0, 0, 0, 0, 0, 0, 0
0, 0, 0, 0, 0, 0, 0
0, 0, 0, 0, 0, 0, 0
0, 0, 0, 0, 0, 0, 0
0, 0, 0, 0, 0, 0, 0
0, 0, 0, 0, 0, 0, 0
0, 0, 0, 0, 0, 0, 0
0, 0, 0, 0, 0, 0, 0
0, 0, 0, 0, 0, 0, 0
0, 0, 0, 0, 0, 0, 0
0, 0, 0, 0, 0, 0, 0
0, 0, 0, 0, 0, 0, 0
0, 0, 0, 0, 0, 0, 0
0, 0, 0, 0, 0, 0, 0
0, 0, 0, 0, 0, 0, 0
0, 0, 0, 0, 0, 0, 0
0, 0, 0, 0, 0, 0, 0
0, 0, 0, 0, 0, 0, 0
0, 0, 0, 0, 0, 0, 0
0, 0, 0, 0, 0, 0, 0
0, 0, 0, 0, 0, 0, 0
0, 0, 0, 0, 0, 0, 0
0, 0, 0, 0, 0, 0, 0
0, 0, 0, 0, 0, 0, 0
0, 0, 0, 0, 0, 0, 0
0, 0, 0, 0, 0, 0, 0
0, 0, 0, 0, 0, 0, 0
0, 0, 0, 0, 0, 0, 0
0, 0, 0, 0, 0, 0, 0
0, 0, 0, 0, 0, 0, 0
0, 0, 0, 0, 0, 0, 0
0, 0, 0, 0, 0, 0, 0
0, 0, 0, 0, 0, 0, 0
0, 0, 0, 0, 0, 0, 0
0, 0, 0, 0, 0, 0, 0
0, 0, 0, 0, 0, 0, 0
0, 0, 0, 0, 0, 0, 0
0, 0, 0, 0, 0, 0, 0
0, 0, 0, 0, 0, 0, 0
0, 0, 0, 0, 0, 0, 0
0, 0, 0, 0, 0, 0, 0
0, 0, 0, 0, 0, 0, 0
0, 0, 0, 0, 0, 0, 0
0, 0, 0, 0, 0, 0, 0
0, 0, 0, 0, 0, 0, 0
0, 0, 0, 0, 0, 0, 0
0, 0, 0, 0, 0, 0, 0
0, 0, 0, 0, 0, 0, 0
0, 0, 0, 0, 0, 0, 0
0, 0, 0, 0, 0, 0, 0
0, 0, 0, 0, 0, 0, 0
0, 0, 0, 0, 0, 0, 0
0, 0, 0, 0, 0, 0, 0
0, 0, 0, 0, 0, 0, 0
0, 0, 0, 0, 0, 0, 0
0, 0, 0, 0, 0, 0, 0
0, 0, 0, 0, 0, 0, 0
0, 0, 0, 0, 0, 0, 0
0, 0, 0, 0, 0, 0, 0
0, 0, 0, 0, 0, 0, 0
0, 0, 0, 0, 0, 0, 0
0, 0, 0, 0, 0, 0, 0
0, 0, 0, 0, 0, 0, 0
0, 0, 0, 0, 0, 0, 0
0, 0, 0, 0, 0, 0, 0
0, 0, 0, 0, 0, 0, 0
0, 0, 0, 0, 0, 0, 0
0, 0, 0, 0, 0, 0, 0
0, 0, 0, 0, 0, 0, 0
0, 0, 0, 0, 0, 0, 0
0, 0, 0, 0, 0, 0, 0
0, 0, 0, 0, 0, 0, 0
0, 0, 0, 0, 0, 0, 0
0, 0, 0, 0, 0, 0, 0
0, 0, 0, 0, 0, 0, 0
0, 0, 0, 0, 0, 0, 0
0, 0, 0, 0, 0, 0, 0
0, 0, 0, 0, 0, 0, 0
0, 0, 0, 0, 0, 0, 0
0, 0, 0, 0, 0, 0, 0
0, 0, 0, 0, 0, 0, 0
0, 0, 0, 0, 0, 0, 0
0, 0, 0, 0, 0, 0, 0
0, 0, 0, 0, 0, 0, 0
0, 0, 0, 0, 0, 0, 0
0, 0, 0, 0, 0, 0, 0
0, 0, 0, 0, 0, 0, 0
0, 0, 0, 0, 0, 0, 0
0, 0, 0, 0, 0, 0, 0
0, 0, 0, 0, 0, 0, 0
0, 0, 0, 0, 0, 0, 0
0, 0, 0, 0, 0, 0, 0
0, 0, 0, 0, 0, 0, 0
0, 0, 0, 0, 0, 0, 0
0, 0, 0, 0, 0, 0, 0
0, 0, 0, 0, 0, 0, 0
0, 0, 0, 0, 0, 0, 0
0, 0, 0, 0, 0, 0, 0
0, 0, 0, 0, 0, 0, 0
0, 0, 0, 0, 0, 0, 0
0, 0, 0, 0, 0, 0, 0
0, 0, 0, 0, 0, 0, 0
0, 0, 0, 0, 0, 0, 0
0, 0, 0, 0, 0, 0, 0
0, 0, 0, 0, 0, 0, 0
0, 0, 0, 0, 0, 0, 0
0, 0, 0, 0, 0, 0, 0
0, 0, 0, 0, 0, 0, 0
0, 0, 0, 0, 0, 0, 0
0, 0, 0, 0, 0, 0, 0
0, 0, 0, 0, 0, 0, 0
0, 0, 0, 0, 0, 0, 0
0, 0, 0, 0, 0, 0, 0
0, 0, 0, 0, 0, 0, 0
0, 0, 0, 0, 0, 0, 0
0, 0, 0, 0, 0, 0, 0
0, 0, 0, 0, 0, 0, 0
0, 0, 0, 0, 0, 0, 0
0, 0, 0, 0, 0, 0, 0
0, 0, 0, 0, 0, 0, 0
0, 0, 0, 0, 0, 0, 0
0, 0, 0, 0, 0, 0, 0
0, 0, 0, 0, 0, 0, 0
0, 0, 0, 0, 0, 0, 0
0, 0, 0, 0, 0, 0, 0
0, 0, 0, 0, 0, 0, 0
0, 0, 0, 0, 0, 0, 0
0, 0, 0, 0, 0, 0, 0
0, 0, 0, 0, 0, 0, 0
0, 0, 0, 0, 0, 0, 0
0, 0, 0, 0, 0, 0, 0
0, 0, 0, 0, 0, 0, 0
0, 0, 0, 0, 0, 0, 0
0, 0, 0, 0, 0, 0, 0
0, 0, 0, 0, 0, 0, 0
0, 0, 0, 0, 0, 0, 0
0, 0, 0, 0, 0, 0, 0
0, 0, 0, 0, 0, 0, 0
0, 0, 0, 0, 0, 0, 0
0, 0, 0, 0, 0, 0, 0
0, 0, 0, 0, 0, 0, 0
0, 0, 0, 0, 0, 0, 0
0, 0, 0, 0, 0, 0, 0
0, 0, 0, 0, 0, 0, 0
0, 0, 0, 0, 0, 0, 0
0, 0, 0, 0, 0, 0, 0
0, 0, 0, 0, 0, 0, 0
0, 0, 0, 0, 0, 0, 0
0, 0, 0, 0, 0, 0, 0
0, 0, 0, 0, 0, 0, 0
0, 0, 0, 0, 0, 0, 0
0, 0, 0, 0, 0, 0, 0
0, 0, 0, 0, 0, 0, 0
0, 0, 0, 0, 0, 0, 0
0, 0, 0, 0, 0, 0, 0
0, 0, 0, 0, 0, 0, 0
0, 0, 0, 0, 0, 0, 0
0, 0, 0, 0, 0, 0, 0
0, 0, 0, 0, 0, 0, 0
0, 0, 0, 0, 0, 0, 0
0, 0, 0, 0, 0, 0, 0
0, 0, 0, 0, 0, 0, 0
0, 0, 0, 0, 0, 0, 0
0, 0, 0, 0, 0, 0, 0
0, 0, 0, 0, 0, 0, 0
0, 0, 0, 0, 0, 0, 0
0, 0, 0, 0, 0, 0, 0
0, 0, 0, 0, 0, 0, 0
0, 0, 0, 0, 0, 0, 0
0, 0, 0, 0, 0, 0, 0
0, 0, 0, 0, 0, 0, 0
0, 0, 0, 0, 0, 0, 0
0, 0, 0, 0, 0, 0, 0
0, 0, 0, 0, 0, 0, 0
8.875603250000001, 9.0330575, 9.25817625, 9.565039, 9.79201135, 16.18035541, 22.552578
8.889154750000001, 9.047254500000001, 9.2489495, 9.5351789, 9.8234863, 17.06661869, 32.855096
8.892504500000001, 9.0501, 9.238664499999999, 9.5015323, 9.73558515, 14.684554259999986, 52.853195
8.877423749999998, 9.041076499999999, 9.23875, 9.5023807, 9.691693, 15.981594709999996, 22.552578
8.876486, 9.042286, 9.2425195, 9.5079113, 9.808389850000001, 15.725606399999997, 19.656824
8.87985775, 9.0358895, 9.214840500000001, 9.4606821, 9.68579845, 14.67135192, 21.371576
8.88069975, 9.032894, 9.22827975, 9.463498, 9.6945553, 13.48606768, 19.373624
8.8911455, 9.0494755, 9.23890275, 9.4854801, 9.7179522, 11.450488, 32.855096
8.9004425, 9.0535475, 9.253791, 9.529717300000002, 9.7345687, 11.531485299999998, 19.072953
8.8983005, 9.050664, 9.23790775, 9.4696283, 9.6734, 14.90971055999999, 36.893046
8.88960125, 9.03997, 9.23560675, 9.4857992, 9.710233, 11.374306019999999, 19.892145
8.88418425, 9.034072, 9.242239249999999, 9.4964481, 9.748175, 16.032008259999998, 32.855096
8.88977075, 9.042295, 9.248951250000001, 9.5191272, 9.729957, 11.255858, 19.502914
8.885208500000001, 9.033903500000001, 9.22094275, 9.4610441, 9.689874549999999, 11.376701289999998, 24.370709
8.86309875, 9.002539500000001, 9.16601425, 9.4547081, 9.9563359, 11.95896976999999, 35.330604
8.8644865, 9.0045, 9.18330875, 9.4810989, 10.057858749999998, 11.932605699999998, 37.448702
8.86883275, 9.000868, 9.189099500000001, 9.4785472, 10.023848699999999, 12.222929099999986, 35.487972
8.860796, 9.000144500000001, 9.17653275, 9.433928, 9.90553565, 11.993545, 35.487972
8.869755, 9.000519, 9.16934625, 9.428314, 9.8508372, 11.938814469999995, 35.330604
8.86502325, 9.000258500000001, 9.172004, 9.423812, 9.843192850000001, 11.932734399999998, 37.448702
8.863480500000001, 9.002961, 9.18817925, 9.4406649, 10.069073, 12.048048669999998, 35.734803
8.86635, 8.995823, 9.170922, 9.444587, 9.860482399999997, 11.757141689999996, 37.448702
8.861874, 9.0034055, 9.17694125, 9.420474, 9.77824295, 12.070419, 35.734803
8.86906175, 9.006183, 9.195530999999999, 9.468322, 9.932986, 11.762035079999992, 35.487972
8.8626685, 8.997689000000001, 9.178993, 9.4654596, 10.073403, 12.223577699999993, 35.734803
8.8645, 9.008115, 9.183206250000001, 9.434744700000001, 9.915973, 12.277897, 33.51644
8.870835, 9.005137, 9.18049125, 9.4658933, 9.93106605, 11.938615, 16.928153
8.789133249999999, 9.058902, 10.20143925, 11.6492085, 12.44408265, 14.873968020000007, 19.393533
8.79427025, 9.0507895, 10.164068, 11.5846087, 12.2848, 14.722459530000018, 26.889073
8.7799035, 9.044193499999999, 10.159431, 11.628673599999999, 12.4572683, 14.95430301000001, 26.889073
8.79203075, 9.0573495, 10.19962725, 11.6726685, 12.54830475, 14.96548207000001, 26.889073
8.6556135, 9.148872, 10.761857, 12.426230200000001, 13.88002904999999, 17.483054, 38.813544
8.649837, 9.135712, 10.783371, 12.444253100000001, 14.077124099999997, 17.844781120000004, 38.813544
8.6410505, 9.071424, 10.741038, 12.4238844, 13.935113999999995, 17.888042, 38.404747
8.6470005, 9.135479, 10.79653225, 12.4238844, 14.013154, 17.708369, 38.404747
8.652375249999999, 9.134645500000001, 10.773425, 12.444253100000001, 13.907735299999999, 17.664191050000007, 38.404747
8.6473015, 9.142723, 10.863069, 12.434224500000001, 13.990885, 17.69969264, 38.404747
8.649461, 9.157151, 10.831252000000001, 12.426609800000001, 14.059551349999998, 17.872018, 38.404747
8.649683, 9.155742, 10.871542, 12.4445948, 13.907735299999999, 17.420484050000002, 38.813544
8.656063249999999, 9.1470775, 10.8078255, 12.467011, 14.105016, 17.699605, 34.462112
8.647105250000001, 9.1552045, 10.810465500000001, 12.414051600000002, 13.89124, 17.414291, 38.404747
8.6433755, 9.1183175, 10.734682, 12.330585000000001, 13.935233999999994, 17.548219190000015, 38.813544
8.651264, 9.149926, 10.849925, 12.4566762, 14.124056699999999, 17.794086040000003, 38.813544
8.64305, 9.112452, 10.743062, 12.4238844, 14.099284, 17.787040250000004, 38.813544
8.642181, 9.1177425, 10.803728, 12.429641, 13.960170649999998, 17.70442273000002, 38.813544
8.658196, 9.143155, 10.801449, 12.368346800000003, 14.099284, 17.960504, 38.404747
8.6560165, 9.133167499999999, 10.79653225, 12.424528800000001, 13.96447974999998, 17.8129, 38.813544
8.641161, 9.0919635, 10.75609125, 12.419637, 13.911605399999996, 17.78608, 38.813544
8.65249925, 9.1295295, 10.861789, 12.525538600000003, 14.009579149999999, 17.54839695000002, 38.404747
8.649238, 9.135479, 10.785508499999999, 12.334846700000002, 13.88336, 17.787040250000004, 38.813544
8.64097325, 9.112278, 10.79259025, 12.403291300000001, 14.070717, 17.794086040000003, 38.813544
8.645846, 9.088173999999999, 10.7750085, 12.368778400000005, 14.013154, 17.802213, 38.813544
8.6473725, 9.111086499999999, 10.759518, 12.424355, 13.854055399999993, 17.644383, 34.462112
8.644595500000001, 9.140528, 10.802873, 12.397027200000004, 13.964635999999992, 17.813216060000006, 38.813544
8.64911925, 9.10919, 10.78426325, 12.474567900000002, 14.078328, 17.930662, 38.813544
8.642476, 9.155912, 10.81825775, 12.478032, 14.062400199999999, 18.189167150000003, 34.462112
8.647149500000001, 9.0930805, 10.72926025, 12.361642000000002, 14.015404799999995, 17.699605, 38.813544
8.787975, 9.0497585, 10.230986, 11.580493, 12.313414, 14.825752050000018, 19.393533
8.789133249999999, 9.0530395, 10.285533, 11.6718925, 12.5335677, 15.049793, 19.563106
8.7904295, 9.053013, 10.223792750000001, 11.643570000000002, 12.426591750000002, 14.995983, 26.889073
8.7800555, 9.046639, 10.230684, 11.647011000000001, 12.426591750000002, 14.831535, 19.393533
8.64080025, 9.141917, 10.891384, 12.5639102, 13.968515349999983, 17.629572, 38.813544
8.648023, 9.116944, 10.823185, 12.431333100000003, 14.071029949999996, 17.612315970000008, 38.813544
8.6473725, 9.101841, 10.742042, 12.342146200000002, 13.752113799999984, 17.69969264, 38.404747
9.115799, 11.268315, 14.109355749999999, 17.5577009, 20.121876, 26.016247410000023, 44.22794
9.110354, 11.2582505, 14.088299, 17.557609, 20.00247365, 25.334118, 44.22794
8.646909, 9.1419685, 10.79653225, 12.481334, 13.967338, 17.78608, 38.404747
8.638164, 9.0820835, 10.809276, 12.4075519, 14.02892434999998, 17.699644929999998, 34.462112
8.646662, 9.133789, 10.799258250000001, 12.386958500000002, 13.96871174999998, 17.79440210000001, 38.404747
8.655955, 9.142811, 10.81620025, 12.460379800000002, 14.062357749999999, 17.92199, 38.813544
8.6528605, 9.1313875, 10.794662, 12.3905027, 14.015086, 17.813651420000017, 38.404747
8.63842175, 9.078739, 10.735536, 12.459889800000001, 13.991081399999997, 17.61276173000002, 38.813544
8.643933, 9.142989, 10.852333, 12.482777, 14.021759099999995, 17.458465180000005, 38.813544
8.649588, 9.1276625, 10.789640499999999, 12.4361022, 14.133796, 17.844506, 34.462112
9.11223975, 11.194037, 14.03706, 17.461269400000003, 19.874239, 26.016247410000023, 40.625286
9.14556575, 11.247500500000001, 13.9591255, 17.2373966, 19.500973849999994, 25.607740360000015, 44.22794
9.11419225, 11.204494, 14.022907, 17.304255, 19.927271, 25.872567300000007, 44.22794
8.6450085, 9.0930805, 10.7744485, 12.344737, 13.786245149999987, 17.960504, 34.408771
8.65276425, 9.1416795, 10.78860375, 12.348468700000002, 14.06191495, 17.888042, 38.404747
8.6510575, 9.0900105, 10.745124, 12.378577600000002, 13.952268549999994, 17.78608, 38.404747
8.644195499999999, 9.1093425, 10.803248, 12.429235100000001, 13.963141849999998, 17.401778000000007, 34.462112
8.6473015, 9.096299, 10.830666, 12.480118200000001, 14.062807599999998, 17.81349118000001, 38.404747
8.650357249999999, 9.13779, 10.885602, 12.437145600000003, 14.034630899999996, 17.436824, 38.813544
8.6560165, 9.135669499999999, 10.86710275, 12.436447900000001, 14.066505, 17.80231987, 38.813544
8.644519, 9.1455675, 10.88294275, 12.429235100000001, 14.071029949999996, 17.629914210000006, 38.813544
8.641112, 9.1230105, 10.761857, 12.430078800000002, 14.01386649999999, 17.844781120000004, 38.404747
8.65601625, 9.142811, 10.810196000000001, 12.550511, 14.07062675, 17.787040250000004, 38.404747
8.653778, 9.158649, 10.85023975, 12.4538246, 13.99554189999999, 17.664238760000007, 38.813544
9.1346655, 11.243435999999999, 14.11824275, 17.304255, 19.74558624999999, 25.786816660000003, 40.625286
9.110274, 11.223968, 14.060129, 17.318689, 20.01937, 26.508677560000002, 44.22794
9.109645, 11.1726905, 13.98468025, 17.270220200000004, 19.658494, 25.910039600000065, 44.22794
9.118958, 11.266485, 14.13640275, 17.644163, 20.076522499999992, 26.508652, 44.22794
9.079824, 11.138944, 13.930687, 17.379265, 19.89759, 25.907049, 44.22794
9.089281, 11.1633355, 14.00491375, 17.299441600000005, 19.819811, 25.268505750000013, 40.625286
9.1057815, 11.256861, 14.222310499999999, 17.512321, 20.02397255, 26.531454880000002, 44.22794
9.144623, 11.319547, 14.104708, 17.304474, 19.89221, 25.875557900000075, 44.22794
9.090014499999999, 11.2128415, 14.147813, 17.583136800000002, 20.0270683, 25.87364843000003, 44.22794
9.15142075, 11.274105, 14.14282775, 17.560357, 19.78262984999999, 25.786771, 44.22794
9.11081125, 11.200454, 14.08532025, 17.2798814, 19.863045149999994, 25.792145010000016, 44.22794
10.138729, 12.7479265, 16.521239, 21.139471, 23.993624, 29.39813733, 38.887788
10.185136, 12.87267, 16.662146, 20.976862, 23.996224, 30.309057, 43.791491
8.784127999999999, 9.049919, 10.186627, 11.650524, 12.451073599999996, 14.96492, 112.32511938000627
8.7904295, 9.053068, 10.227706, 11.663695600000002, 12.439978349999997, 14.822824, 26.889073
8.786061, 9.058169, 10.2292355, 11.654684, 12.436106, 15.027702, 26.889073
10.200519, 12.815766, 16.508348, 20.968499, 23.996224, 30.68927189999999, 99.5372360152093
10.18808675, 12.789646, 16.614406000000002, 21.129636, 23.938058799999993, 29.718428, 43.791491
10.16416525, 12.816273, 16.51767075, 20.986567100000002, 23.634853849999992, 29.904429, 43.791491
10.1308795, 12.826753, 16.769381250000002, 21.220670300000005, 24.04961539999999, 30.024700120000002, 40.498626
8.787855, 9.050637, 10.199999, 11.642031, 12.454557, 15.021127, 110.18862947142881
8.864727, 9.001616, 9.173733, 9.445208, 9.969178449999987, 11.958562, 96.81372237667857
8.86662425, 9.004266, 9.17915, 9.450355, 9.949789, 11.99360293999999, 37.448702
8.78969775, 9.061725, 10.240765249999999, 11.654684, 12.496195, 14.932319610000048, 107.07249457240547
8.729674, 9.083211, 10.5500495, 12.050895, 13.169759249999998, 16.442499, 38.813544
8.731155, 9.0866235, 10.54654875, 12.04389, 13.238017, 16.60482089, 38.404747
8.727184000000001, 9.07048, 10.530125, 11.992126, 13.077141, 16.46960865999984, 38.813544
8.7235805, 9.061421, 10.508285, 12.050798700000001, 13.171132, 16.703847219999986, 38.813544
8.72812675, 9.077219, 10.532912, 12.053046, 13.219887850000001, 16.620502, 38.813544
8.730238, 9.074600499999999, 10.534026, 12.022684700000003, 13.16041, 16.576445, 38.813544
8.726714, 9.0674195, 10.501546, 11.9844465, 13.08207465, 16.304474509999995, 38.813544
8.730037, 9.086715, 10.52981825, 11.972366, 13.067097949999999, 16.44275985999996, 38.404747
8.726114, 9.074025500000001, 10.534799750000001, 12.019524, 13.266672, 16.498811, 38.813544
8.730198, 9.070316, 10.489995, 11.927524, 13.042683049999996, 16.468887259999953, 38.813544
8.649243250000001, 9.118227, 10.805758, 12.429121700000001, 13.961357199999998, 17.793896, 38.813544
8.64909, 9.126984, 10.788663, 12.408001, 14.027751549999996, 17.872178239999975, 38.813544
8.6433755, 9.124901, 10.791028, 12.420221, 14.062294, 17.547577, 38.813544
8.64423425, 9.111492, 10.802272, 12.453529, 14.034630899999996, 17.709146019999878, 38.404747
8.646662, 9.126562, 10.78780575, 12.444594800000006, 14.105016, 17.786971, 38.813544
8.652522, 9.1300015, 10.794076, 12.4189413, 14.06189, 17.936827, 38.813544
8.64293325, 9.1120935, 10.780169, 12.35419, 13.89124, 17.61197375999997, 38.813544
8.647676, 9.117975000000001, 10.785508499999999, 12.382462, 13.94272, 17.470363, 38.813544
8.642424, 9.11539, 10.788584, 12.436701700000008, 13.960113, 17.611796, 38.813544
8.6467705, 9.135712, 10.82046725, 12.434224500000004, 14.027404, 17.844506, 38.813544
8.645088, 9.129088, 10.812846, 12.402618, 13.964127, 17.872018, 38.813544
8.646315, 9.139831, 10.833509, 12.515008, 14.106434499999994, 17.872018, 38.813544
8.780715, 9.9480385, 12.316056, 15.547275, 17.820659, 23.507924, 44.22794
8.78602, 9.928561, 12.275447250000001, 15.449308, 17.824412, 24.06625, 40.625286
8.771925, 9.897695, 12.272274249999999, 15.47149, 17.795765, 23.68457, 44.22794
8.766401, 9.91966, 12.258670250000002, 15.486548, 17.85991784999999, 23.684487830000002, 44.22794
8.782243, 9.945984, 12.244605, 15.517598300000033, 17.870616, 23.354685, 44.22794
8.770742, 9.927777, 12.26563, 15.422235, 17.786071, 23.223349, 44.22794
8.779225, 9.918971, 12.247634, 15.494606800000005, 17.717276, 23.328235, 44.22794
8.776905, 9.938127, 12.34485125, 15.556521500000004, 17.87218785, 23.972279, 44.22794
8.773913, 9.941116, 12.317997250000001, 15.580261900000005, 17.936827, 23.55508004999999, 44.22794
8.776845, 9.948125, 12.277054999999999, 15.456396900000001, 17.636415, 23.386707, 44.22794
8.781231, 9.935835, 12.27212, 15.5427436, 17.833334, 23.982799, 40.625286
8.77871125, 9.9697055, 12.349758, 15.542952000000005, 17.81015, 23.544632769999982, 44.22794
8.777633, 9.929794, 12.26689725, 15.411663000000004, 17.758837, 23.237086, 44.22794
8.783054, 9.9370805, 12.267156, 15.466197000000005, 17.802609849999993, 23.544528, 44.22794
8.773042, 9.93779, 12.301781, 15.47149, 17.758924349999997, 23.386707, 40.625286
8.77658675, 9.928781, 12.226519, 15.460952, 17.732042, 23.337430289999972, 44.22794
8.775352, 9.892744, 12.234647, 15.445559, 17.843497, 23.354685, 44.22794
8.77151125, 9.87749, 12.214329249999999, 15.377357, 17.636802399999993, 23.064532, 44.22794
8.780058, 9.945984, 12.291358, 15.466197000000005, 17.786071, 23.474496649999946, 44.22794
8.77071975, 9.916019, 12.272737, 15.422896100000003, 17.748616549999994, 23.837696, 44.22794
8.7819415, 9.979905, 12.294019, 15.531935800000005, 17.797689, 23.386707, 44.22794
8.779902, 9.954817, 12.304235, 15.595804400000015, 17.859281, 23.328325209999985, 44.22794
8.77389425, 9.952201, 12.2828365, 15.541696, 17.700402, 23.28821938999996, 44.22794
8.777615, 9.955298500000001, 12.320116, 15.503710300000003, 17.900589, 23.474496649999946, 44.22794
8.77658675, 9.927777, 12.264354, 15.411452, 17.795765, 23.337256, 40.625286
8.76652725, 9.937491, 12.298339, 15.557732, 17.907713, 23.544528, 44.22794
8.766681, 9.916709, 12.26598075, 15.463527600000003, 17.758924349999997, 23.213618, 44.22794
8.780289, 9.942904500000001, 12.298854, 15.448173, 17.81015, 23.56251, 44.22794
8.644519, 9.112452, 10.785508499999999, 12.4075519, 13.964127, 17.663793, 38.813544
8.647882, 9.119783, 10.823630000000001, 12.462111, 13.984007949999995, 17.8129, 38.813544
8.648492, 9.123282, 10.803367999999999, 12.419637, 14.009391, 17.703598, 38.813544
8.646122, 9.126562, 10.801294, 12.419637, 13.925738, 17.611796, 38.813544
8.724531, 9.073042000000001, 10.513517, 11.992126, 13.171296, 16.703767, 38.813544
8.731069, 9.09029, 10.549817000000001, 12.0074853, 13.137638599999999, 16.829082, 38.813544
8.7300055, 9.079826, 10.51504375, 11.992195500000003, 13.139758549999993, 16.606225819999995, 38.404747
8.727994, 9.087115, 10.555899, 12.018365700000002, 13.219306, 16.680769, 38.404747
8.73060625, 9.071135, 10.522811, 12.025126, 13.164032949999996, 16.57661971999997, 38.813544
8.7331075, 9.079835, 10.52949925, 12.023507500000001, 13.259494, 16.594025899999984, 38.813544
8.72641125, 9.080936, 10.515562, 12.015373, 13.185148, 16.802209, 27.927733
8.731633, 9.07312, 10.512209, 11.924602600000005, 13.0236266, 16.615886, 38.813544
8.723138, 9.072659, 10.52685975, 11.973621, 13.05025274999999, 16.498811, 38.813544
8.78401825, 9.044179, 10.200366, 11.625699, 12.424741, 14.822824, 26.889073
8.785522, 9.05001, 10.2459785, 11.650619200000003, 12.43980465, 14.94417, 26.889073
8.784949, 9.050637, 10.197348, 11.66043, 12.451222, 14.746909, 26.889073
8.784007, 9.045655, 10.211487, 11.64915, 12.439778, 14.96492, 26.889073
8.787855, 9.063528, 10.2582115, 11.668427, 12.444344, 14.995983, 26.889073
8.788515, 9.053603, 10.233637, 11.643486600000006, 12.421048, 15.021127, 26.889073
8.730581, 9.076375, 10.541918, 12.037206300000005, 13.157059, 16.33591493999998, 38.813544
8.726232, 9.073042000000001, 10.54465, 12.023483, 13.112201, 16.604807, 38.813544
8.731493, 9.081499, 10.529152, 12.0419519, 13.200107549999997, 16.829082, 38.813544
8.725242999999999, 9.0818185, 10.530356, 11.986189, 13.150732, 16.44275985999996, 38.813544
8.72726875, 9.080823, 10.4992695, 11.972204, 13.049543, 16.316743619999993, 38.813544
8.727985, 9.067575, 10.520389, 12.015427200000001, 13.1605324, 16.395060179999923, 38.813544
8.7255675, 9.075771, 10.500696000000001, 12.018876, 13.171542549999996, 16.60924507999999, 38.813544
8.72938275, 9.087697, 10.53268325, 11.972593000000003, 13.122542099999999, 16.468585, 38.813544
8.731153, 9.073513, 10.530509499999999, 12.052328, 13.212015, 17.000976, 38.813544
8.73045475, 9.06608, 10.5337455, 12.063479, 13.216741, 16.44275985999996, 38.404747
8.7254, 9.067239, 10.4994045, 12.036972, 13.179254, 16.570951, 38.813544
8.72473325, 9.058798, 10.52159975, 12.023647300000004, 13.097258, 16.605728, 38.813544
8.725472499999999, 9.06608, 10.508285, 11.974232200000003, 13.112126, 16.703767, 38.813544
8.726774, 9.073135, 10.509657, 12.018309, 13.1605324, 16.593917, 38.813544
8.727958, 9.084795, 10.521074, 12.023483, 13.1711402, 16.80240376999997, 38.813544
8.730646, 9.070010499999999, 10.5045875, 11.977721900000002, 13.112746699999999, 16.570951, 38.813544
8.651264, 9.120862500000001, 10.8212195, 12.423639, 13.964127, 17.703598, 38.813544
8.723138, 9.0642455, 10.513517, 11.984916400000003, 13.171296, 16.60573268, 38.813544
8.72475625, 9.066931499999999, 10.53100875, 12.015915, 13.155429949999998, 16.5764478, 34.462112
8.721369, 9.066854, 10.519340249999999, 12.02847960000001, 13.126926, 16.498811, 38.813544
8.730581, 9.086177, 10.530125, 12.070902, 13.219334049999999, 16.7835, 38.813544
8.72594825, 9.073138, 10.496456, 12.015915, 13.127204599999995, 16.605728, 38.813544
8.730179, 9.0862625, 10.55154825, 12.095169, 13.212015, 16.593917, 38.813544
8.72537875, 9.074508, 10.521659, 11.997607500000003, 13.097283, 16.604807, 38.813544
8.728245, 9.073093499999999, 10.527864, 12.041118800000001, 13.212015, 16.60573268, 38.404747
8.728526, 9.078300500000001, 10.48920775, 11.9781782, 13.10856765, 16.44275985999996, 38.813544
8.724899, 9.0831195, 10.520827, 12.059889, 13.301209, 16.645092369999944, 38.813544
8.72648, 9.0704575, 10.508676, 11.972483, 13.181976, 16.571008739999993, 38.404747
8.728764, 9.089035, 10.539767, 12.025182700000002, 13.185148, 16.571008739999993, 38.813544
8.730201749999999, 9.088824, 10.53097, 12.041118, 13.150732, 16.703767, 38.404747
8.73133425, 9.082391, 10.51938225, 11.98102, 13.155472499999998, 16.384364, 38.813544
8.782578, 9.05001, 10.205052, 11.613494, 12.388296, 14.803997, 26.889073
8.789632, 9.053234, 10.21686, 11.613686400000004, 12.440484699999997, 14.96523062999995, 26.889073
8.786741, 9.057212, 10.230986, 11.638546, 12.397371, 14.902097389999952, 19.563106
8.784022, 9.057744, 10.217979, 11.652362, 12.454684399999998, 14.901789, 26.889073
8.786413, 9.048323, 10.200565, 11.623748, 12.454557, 14.932686829999989, 26.889073
8.789632, 9.064097, 10.250831, 11.64915, 12.472246899999998, 14.94417, 26.889073
8.789062, 9.059052, 10.25817675, 11.671043, 12.454557, 14.902097389999952, 26.889073
8.786515, 9.05295, 10.229197, 11.638546, 12.462855, 14.944267119999985, 26.889073
8.785038, 9.054306, 10.19440475, 11.6326631, 12.44381295, 14.783205929999971, 26.889073
8.787271, 9.054359, 10.210208999999999, 11.63261, 12.385381, 14.801217, 26.889073
8.784519, 9.046104, 10.200565, 11.642031, 12.388676199999995, 14.94417, 26.889073
8.8335725, 9.015167, 9.361175, 10.86784, 11.751342, 13.748665029999966, 37.448702
8.835759750000001, 9.023112, 9.385595, 10.8652295, 11.774921, 13.70773, 37.448702
8.835364, 9.01747, 9.386055, 10.9808181, 11.869764749999998, 13.920245, 37.448702
8.83417225, 9.011539, 9.360982, 10.894716, 11.751620449999995, 13.807219189999929, 37.448702
8.83555425, 9.0241835, 9.388287250000001, 10.8878996, 11.7618517, 13.770052, 37.448702
8.831297, 9.016062999999999, 9.367911000000001, 10.883279, 11.77083315, 13.94243, 37.448702
8.832856249999999, 9.013282, 9.36414275, 10.870319, 11.747338, 13.787291719999999, 37.448702
8.835543, 9.018692000000001, 9.383769, 10.916484, 11.77083315, 14.005841, 37.448702
8.834194, 9.018442, 9.386522, 10.928466, 11.8258517, 14.036971, 37.448702
8.833710250000001, 9.017631000000002, 9.3827615, 10.919774100000001, 11.8255642, 13.980478189999959, 37.448702
8.834065, 9.017631000000002, 9.38521, 10.882862900000001, 11.751512199999997, 13.729036939999997, 35.734803
8.831992, 9.017301, 9.364032, 10.919722100000001, 11.850887, 14.037002299999994, 37.448702
8.831698, 9.013665, 9.36795225, 10.848978500000001, 11.715884, 13.80732958999991, 37.448702
8.78237525, 9.0478635, 10.212492, 11.60977790000001, 12.424741, 14.873687, 26.889073
8.789632, 9.059925, 10.227706, 11.651476, 12.440311, 15.02119274999999, 26.889073
8.7831985, 9.051170500000001, 10.191764, 11.601595700000008, 12.380666999999999, 14.803997, 26.889073
8.8310145, 9.019770000000001, 9.367911000000001, 10.872322900000002, 11.770864, 13.966930349999979, 35.734803
8.83290575, 9.016085499999999, 9.361035, 10.822894, 11.72061315, 14.025349, 35.734803
8.831582, 9.0205525, 9.37585775, 10.9219159, 11.826549, 13.98064811999993, 35.734803
8.789133249999999, 9.057744, 10.226932, 11.6170923, 12.421048, 14.783024, 26.889073
8.78186075, 9.046309, 10.223792750000001, 11.6545562, 12.47951589999999, 15.054648079999936, 26.889073
8.785754, 9.058798, 10.20513275, 11.632023, 12.439778, 14.783205929999971, 26.889073
8.7907635, 9.059082499999999, 10.253739, 11.663583, 12.518624, 14.94417, 19.563106
8.79090375, 9.05295, 10.226674, 11.658155400000005, 12.492187, 14.932628, 26.889073
8.786515, 9.05317, 10.217937, 11.642939, 12.460371, 14.94417, 19.563106
8.731009, 9.073017, 10.528769, 12.016211100000007, 13.156208, 16.594025899999984, 38.813544
8.723297, 9.089109, 10.5494405, 12.040927, 13.219887850000001, 16.60573268, 38.813544
8.728257, 9.079332, 10.524476499999999, 12.039315, 13.164032949999996, 16.39379692, 38.813544
8.730008, 9.0808535, 10.5388, 12.033296800000004, 13.177002, 16.60573268, 38.404747
8.727006, 9.086345, 10.529427, 12.0439056, 13.219867, 16.609178, 38.813544
8.729328, 9.08048, 10.519223, 11.997521, 13.150815, 16.395060179999923, 38.813544
8.724899, 9.074949, 10.501092, 12.016154400000005, 13.15082835, 16.38437187, 38.813544
8.647882, 9.140528, 10.83277, 12.429641, 14.066505, 17.786971, 38.813544
8.644449250000001, 9.140528, 10.816327, 12.411373, 13.911605399999996, 17.629572, 38.813544
8.64698325, 9.127029, 10.809144, 12.45322, 14.027751549999996, 17.872178239999975, 38.813544
8.646662, 9.126939, 10.812846, 12.436356, 14.034355, 17.663793, 38.813544
8.648051, 9.114951, 10.817596, 12.430775, 14.035527799999983, 17.78704024999999, 38.813544
8.6473725, 9.142811, 10.8042355, 12.42623, 14.034355, 17.872018, 38.813544
8.650438, 9.143499, 10.814858, 12.447701600000002, 14.059407, 17.786071, 38.813544
8.645662, 9.1197145, 10.792782, 12.459643, 14.0619102, 17.644935219999912, 38.813544
8.647882, 9.119585, 10.814858, 12.41397430000001, 14.015086, 17.793979169999986, 38.813544
8.646315, 9.129338, 10.795695, 12.481334, 14.126659, 17.786971, 34.462112
8.646338, 9.117858, 10.788229000000001, 12.429641, 14.009579149999999, 17.786071, 38.813544
8.64633225, 9.1263985, 10.788376, 12.424355, 14.040769899999987, 17.786071, 38.813544
8.767394, 9.912088, 12.309544, 15.542749, 17.833334, 23.897137629999875, 44.22794
8.781234, 9.940447, 12.269743, 15.44573, 17.799394349999996, 23.328235, 44.22794
8.781041, 9.982766, 12.339353, 15.53738050000001, 17.913214849999992, 23.544632769999982, 44.22794
8.78153, 9.934001, 12.283928, 15.456396900000001, 17.7958544, 23.56251, 39.815707
8.78153, 9.93835, 12.352565, 15.602198, 17.975762649999993, 23.68457, 44.22794
8.77856725, 9.9480875, 12.291375, 15.531695, 17.88779975, 23.555005, 44.22794
8.7861485, 9.945921, 12.3687665, 15.595094, 17.9077468, 24.007472, 44.22794
8.78449325, 9.958227, 12.33045, 15.536901, 17.836158, 23.757344, 44.22794
8.779638, 9.939926, 12.27518, 15.541696, 17.84715475, 23.23759482999992, 44.22794
8.78088675, 9.928506, 12.242366, 15.427449000000001, 17.786971, 23.436095, 44.22794
8.777172, 9.9686175, 12.27635725, 15.468723, 17.737126, 23.83828265999991, 44.22794
8.78556575, 9.937025, 12.316056, 15.547275, 17.94253694999999, 23.684487, 44.22794
8.776845, 9.969377, 12.334539, 15.550152, 17.770134, 23.28821938999996, 44.22794
8.781041, 9.945921, 12.31705775, 15.501056, 17.820659, 23.223349, 44.22794
8.77669, 9.920703, 12.32237325, 15.582106, 17.888147749999998, 23.896362, 44.22794
8.769997, 9.914875, 12.26412975, 15.556521500000004, 17.810287499999998, 23.98304572999996, 44.22794
8.770778, 9.9053885, 12.27518, 15.547275, 17.833334, 23.164666, 44.22794
8.770030499999999, 9.87749, 12.2054, 15.516446000000009, 17.836524949999994, 23.94210973999995, 40.625286
8.76948275, 9.920398, 12.2828365, 15.486548, 17.708797099999995, 23.223349, 44.22794
8.774582, 9.952405500000001, 12.30958, 15.587784, 17.847226, 23.421402409999978, 44.22794
8.773042, 9.937136, 12.244688, 15.433577, 17.768922, 23.17472840999998, 44.22794
8.776971, 9.939777, 12.327061749999999, 15.548184600000006, 17.836158, 23.55508004999999, 44.22794
8.781968, 9.956494, 12.303235, 15.486548, 17.813189749999996, 23.386707, 40.625286
8.777249, 9.937453, 12.305466, 15.481921, 17.786971, 23.581625, 44.22794
8.775905, 9.908886, 12.264354, 15.471721900000004, 17.743503, 23.474159, 44.22794
8.78020275, 9.933252, 12.264354, 15.433898, 17.793896, 23.386707, 44.22794
8.775905, 9.938127, 12.264055, 15.488115, 17.893937, 23.337256, 44.22794
8.773446999999999, 9.9370805, 12.26689725, 15.460952, 17.875415, 23.287969, 44.22794
8.778625, 9.938127, 12.266244, 15.493468900000003, 17.8129, 23.507924, 44.22794
8.77509875, 9.948001000000001, 12.276249, 15.486548, 17.797553, 23.55508004999999, 44.22794
8.770043, 9.9349235, 12.32237325, 15.620515, 17.930256, 23.56251, 44.22794
8.775271, 9.916383, 12.28253, 15.458325, 17.737444849999996, 23.55508004999999, 44.22794
8.77689, 9.928104000000001, 12.279211, 15.440045, 17.636415, 23.387052469999947, 44.22794
8.78325, 9.990304, 12.334346, 15.505479700000008, 17.824858099999993, 23.582653619999835, 44.22794
8.786546, 9.9554525, 12.34438825, 15.486631800000003, 17.770134, 23.06491576999994, 44.22794
8.770704, 9.917694000000001, 12.279211, 15.633849, 17.875415, 23.337430289999972, 44.22794
8.77669, 9.94805, 12.290937, 15.505135, 17.770393349999996, 23.684487830000002, 44.22794
8.764757, 9.917581, 12.2121875, 15.433898, 17.797689, 23.213618, 44.22794
8.786117, 9.959156, 12.29104225, 15.428588300000012, 17.775321, 23.337256, 44.22794
8.78556575, 9.954794, 12.30847, 15.520172, 17.818695, 23.386707, 44.22794
8.776596, 9.935468, 12.26733875, 15.533545, 17.82154205, 23.387052469999947, 44.22794
8.776596, 9.925985, 12.247634, 15.4711183, 17.768982599999998, 23.50829003999994, 44.22794
8.64633225, 9.12794, 10.802272, 12.426232, 14.099284, 17.786071, 38.813544
8.64738, 9.142989, 10.802748, 12.480543, 14.124056699999999, 17.961427779999852, 38.813544
8.64909, 9.128324, 10.794662, 12.419637, 13.960113, 17.786971, 38.813544
8.647882, 9.14261, 10.82114, 12.429064, 14.021462, 17.802213, 38.813544
8.655723, 9.140724, 10.831342, 12.444252, 14.070622, 17.793896, 38.404747
8.6468, 9.134619, 10.774292, 12.382462, 13.994813, 17.786971, 38.813544
8.644162249999999, 9.1197145, 10.79523075, 12.436356, 14.066505, 17.786971, 38.813544
8.650166, 9.141917, 10.802272, 12.426093, 14.062389, 17.793896, 38.813544
8.646259, 9.1556125, 10.835209, 12.436356, 14.06189, 17.703598, 38.813544
8.643807, 9.112452, 10.792788250000001, 12.426273, 13.974307, 17.708369, 38.813544
8.6468, 9.12137, 10.8120375, 12.408001, 14.009391, 17.629720109999976, 38.813544
8.641559, 9.12137, 10.802425, 12.408001, 13.963141849999998, 17.8129, 38.813544
8.77497675, 9.935853, 12.342114, 15.511645, 17.936827, 23.896362, 44.22794
8.783054, 9.961005, 12.265103, 15.458325, 17.729047, 23.354685, 44.22794
8.77022, 9.910525, 12.277054999999999, 15.484432100000005, 17.663793, 23.223349, 40.625286
8.779304, 9.9399085, 12.268538, 15.513646100000006, 17.802213, 23.328235, 44.22794
8.776971, 9.963676, 12.3250105, 15.533741900000004, 17.8129, 23.582653619999835, 44.22794
8.7819415, 9.95261, 12.283223, 15.513646100000006, 17.84354745, 23.941805, 44.22794
8.78088675, 9.967405, 12.297783, 15.466197000000005, 17.732296199999997, 23.436095, 44.22794
9.098896, 11.215572, 14.072194, 17.448374, 19.837517, 25.792145010000162, 44.22794
9.115609, 11.269004, 14.083681, 17.42958, 19.878328, 26.015162, 44.22794
9.107936, 11.256861, 14.11824275, 17.476674, 19.905304549999972, 25.907049, 44.22794
8.770030499999999, 9.94496, 12.241719, 15.487277, 17.859281, 23.56270114999997, 44.22794
8.778116, 9.952278, 12.267156, 15.4711183, 17.818695, 23.544528, 44.22794
8.769762, 9.918964, 12.304235, 15.436998500000007, 17.799246, 23.223349, 44.22794
8.785014499999999, 9.974845, 12.326312249999999, 15.563847, 17.82280555, 23.55508004999999, 44.22794
8.778625, 9.94165, 12.3275875, 15.508582, 17.7607412, 23.421402409999978, 44.22794
8.7786135, 9.952278, 12.334281, 15.503710300000003, 17.879243, 23.974013739999986, 44.22794
8.77135975, 9.924153, 12.325267, 15.511645, 17.782938, 23.684487830000002, 44.22794
8.780306, 9.916383, 12.262559, 15.395831200000003, 17.7005618, 23.50829003999994, 44.22794
8.785987, 9.961648, 12.292975, 15.5745003, 17.844694, 23.941805, 44.22794
8.647882, 9.140528, 10.807164, 12.449230300000009, 14.066505, 17.930662, 38.813544
8.64953375, 9.128411, 10.80231025, 12.467263700000005, 14.057811, 17.81321605999995, 38.813544
8.645088, 9.132194, 10.801449, 12.436356, 13.991081399999997, 17.663793, 38.813544
8.643383, 9.111417, 10.792782, 12.434019, 14.062294, 17.8129, 38.813544
8.641203, 9.107745, 10.759518, 12.334539, 13.925738, 17.629572, 38.813544
8.646338, 9.134141, 10.831342, 12.426273, 14.06229875, 17.872018, 38.813544
8.645282, 9.129338, 10.807386, 12.444594800000006, 14.009391, 17.703645709999993, 38.813544
8.647682, 9.127385, 10.80231025, 12.462111, 14.039873, 17.708369, 38.813544
8.641557, 9.109048, 10.788663, 12.429064, 13.961266, 17.78704024999999, 38.813544
8.6473725, 9.134141, 10.797017, 12.365659, 13.910078, 17.61197375999997, 38.813544
8.6497995, 9.126562, 10.792807, 12.439813, 13.96309, 17.793896, 38.813544
8.649318, 9.14294, 10.802272, 12.480543, 14.076976, 17.8129, 38.813544
8.649238, 9.135669499999999, 10.816158, 12.444252, 14.021462, 17.793896, 38.813544
8.6460845, 9.136206999999999, 10.823185, 12.469538, 14.062389, 17.786971, 38.813544
8.646164, 9.118092, 10.760023, 12.426230200000001, 13.960113, 17.786971, 38.813544
8.6473015, 9.128411, 10.837196, 12.430775, 13.960113, 17.802213, 38.813544
8.645996, 9.119783, 10.803728, 12.453824600000006, 14.027404, 17.699605, 38.813544
8.649533, 9.1369675, 10.823630000000001, 12.448787, 14.027404, 17.786071, 38.813544
8.646227, 9.124901, 10.813506499999999, 12.390487, 13.916690449999997, 17.483054, 38.813544
8.64477, 9.10919, 10.805758, 12.447581, 14.013154, 17.793979169999986, 38.813544
8.65249925, 9.155742, 10.835209, 12.430775, 14.059531149999998, 17.708369, 38.813544
8.641443, 9.108669, 10.797017, 12.426232, 14.078328, 17.786071, 38.813544
8.646881, 9.126939, 10.830666, 12.429754400000002, 14.009391, 17.793896, 38.813544
8.646881, 9.112136, 10.752452, 12.419695400000002, 13.994813, 17.663793, 38.813544
8.646662, 9.128838, 10.813056, 12.447581, 14.009391, 17.708369, 38.813544
8.642476, 9.129782, 10.80231025, 12.453824600000006, 14.015086, 17.786071, 38.813544
8.6496615, 9.1300015, 10.807386, 12.402768, 13.974773949999992, 17.708369, 38.813544
8.649633, 9.148613, 10.84455, 12.426230200000001, 13.96309, 17.663793, 38.813544
8.646164, 9.117625499999999, 10.77964, 12.429121700000001, 13.994813, 17.92199, 38.813544
8.643933, 9.129338, 10.805758, 12.3563758, 13.931310749999996, 17.644383, 38.813544
8.64686075, 9.134162, 10.810196000000001, 12.436356, 13.990885, 17.703598, 38.813544
8.647674, 9.128411, 10.8078255, 12.436356, 14.021462, 17.786071, 38.813544
8.776018, 9.90686, 12.259868, 15.494606800000005, 17.8129, 23.313008, 44.22794
8.646536, 9.12794, 10.810196000000001, 12.448787, 14.062389, 17.81321605999995, 38.813544
8.651493, 9.145338, 10.783371, 12.382462, 13.974773949999992, 17.786971, 38.813544
8.649318, 9.142635, 10.8181355, 12.448787, 14.034355, 17.802213, 38.813544
8.644621, 9.117858, 10.783066, 12.413431, 14.027404, 17.709146019999878, 38.813544
8.65008375, 9.1388105, 10.7804265, 12.434019, 14.070622, 17.703598, 38.813544
8.645800000000001, 9.1278, 10.801449, 12.447581, 14.0132506, 17.786071, 38.813544
8.6510575, 9.155483, 10.832974, 12.478235900000005, 14.106045, 17.703645709999993, 38.813544
8.646909, 9.129338, 10.769527, 12.411373, 13.960170649999998, 17.708369, 38.813544
8.647676, 9.13779, 10.823185, 12.444263, 14.063569, 17.69964492999999, 38.813544
8.64735, 9.119585, 10.82046725, 12.426232, 13.991081399999997, 17.8129, 38.813544
8.64713, 9.116567, 10.807386, 12.411373, 13.94272, 17.709146019999878, 38.813544
8.644621, 9.135331, 10.813056, 12.439813, 14.063715799999997, 17.80231986999998, 38.813544
8.646164, 9.1131685, 10.820243, 12.442805, 14.070622, 17.703598, 38.813544
8.776596, 9.929606, 12.20722, 15.422235, 17.732296199999997, 23.354685, 39.815707
8.77668925, 9.948654999999999, 12.297309, 15.422645500000002, 17.732042, 23.186330629999954, 44.22794
8.778439, 9.993807, 12.349758, 15.556387, 17.822721, 23.544632769999982, 44.22794
8.77950975, 9.953048500000001, 12.33559225, 15.488115, 17.7607412, 23.421402409999978, 44.22794
8.777717, 9.917807, 12.225959, 15.449308, 17.703598, 23.287969, 40.625286
8.778267, 9.9285335, 12.2849605, 15.474345, 17.748169, 23.684487, 44.22794
8.776935, 9.942904500000001, 12.348415, 15.587985000000003, 17.937077149999997, 23.581625, 44.22794
8.778267, 9.944341, 12.27212, 15.49627, 17.843497, 23.582653619999835, 44.22794
8.781515500000001, 9.939203, 12.282786, 15.53738050000001, 17.82154205, 23.386707, 40.625286
8.778625, 9.937491, 12.24678, 15.457872200000008, 17.786071, 23.237086, 44.22794
8.78061275, 9.937025, 12.36100675, 15.684395, 17.965072, 24.06625, 44.22794
8.775271, 9.941029, 12.280529, 15.541800700000001, 17.833334, 23.386707, 44.22794
8.788546, 9.962445, 12.267156, 15.480995, 17.748169, 23.555005, 44.22794
8.77950975, 9.9571085, 12.309553000000001, 15.513381, 17.844816849999997, 23.757344, 44.22794
8.773042, 9.9285335, 12.317291, 15.4738626, 17.799246, 23.313008, 44.22794
8.78061275, 9.950845, 12.342114, 15.582359, 17.81015, 23.186330629999954, 44.22794
8.769322, 9.918971, 12.31698, 15.477485, 17.795765, 23.354685, 44.22794
8.785899, 9.97882, 12.339353, 15.486467, 17.74418384999999, 23.582653619999835, 44.22794
8.78294, 9.967682, 12.326312249999999, 15.486467, 17.818695, 23.237086, 44.22794
8.781472, 9.940426500000001, 12.3318, 15.609025000000011, 17.836575399999994, 23.544632769999982, 44.22794
8.77674775, 9.948125, 12.290937, 15.415276, 17.693028699999996, 23.474496649999946, 44.22794
8.77497675, 9.95364, 12.279211, 15.484432100000005, 17.802213, 23.213618, 44.22794
8.77955, 9.939663, 12.3318, 15.557827000000001, 17.797553, 23.474496649999946, 44.22794
8.77874, 9.95456, 12.297922, 15.482149500000006, 17.879243, 23.56270114999997, 44.22794
8.783054, 9.94496, 12.268334, 15.56426980000001, 17.75720585, 22.96145148999995, 44.22794
8.7771495, 9.956237, 12.324961, 15.531695, 17.775321, 23.328235, 44.22794
8.77722975, 9.965996, 12.303235, 15.511867, 17.859281, 23.56251, 44.22794
8.781042, 9.957723, 12.32379, 15.542743, 17.843497, 23.56251, 44.22794
8.77950975, 9.908774000000001, 12.268538, 15.422631, 17.614005, 22.944224499999915, 44.22794
8.770704, 9.911660999999999, 12.282494, 15.511867, 17.793989449999998, 23.581625, 44.22794
8.775271, 9.913311, 12.31677975, 15.503552, 17.802609849999993, 23.581625, 44.22794
8.779836, 9.933816, 12.297309, 15.501056, 17.770134, 23.23759482999992, 44.22794
8.7769645, 9.94805, 12.366585, 15.513381, 17.859281, 23.328235, 44.22794
8.773582, 9.928506, 12.334394249999999, 15.589794, 17.910318299999993, 23.474159, 44.22794
8.77779425, 9.9459525, 12.317764, 15.486467, 17.844816849999997, 23.31325047999996, 40.625286
8.780032, 9.937491, 12.2699845, 15.513381, 17.847341899999996, 23.386707, 44.22794
8.778754, 9.947821000000001, 12.348415, 15.59090990000001, 17.8445154, 24.047098, 44.22794
8.77251, 9.920398, 12.252065, 15.508888300000008, 17.824412, 23.544528, 44.22794
8.77955, 9.952239500000001, 12.2856615, 15.53738050000001, 17.797553, 23.23759482999992, 44.22794
8.64735, 9.141327, 10.803728, 12.436356, 14.027404, 17.708369, 38.813544
8.646315, 9.126562, 10.788584, 12.384552, 13.96309, 17.786071, 38.813544
8.643625, 9.117858, 10.761857, 12.420221, 13.984007949999995, 17.786071, 38.813544
8.642424, 9.107911, 10.779907, 12.420221, 14.009391, 17.629572, 38.404747
8.647008, 9.120862500000001, 10.783371, 12.436074, 14.057811, 17.922076719999986, 38.813544
8.649479249999999, 9.134619, 10.79312425, 12.442805, 14.013154, 17.92199, 38.813544
8.6468, 9.139831, 10.830844, 12.480071, 14.09337, 17.936827, 38.813544
8.647925, 9.137233, 10.80231025, 12.442805, 13.974773949999992, 17.708369, 38.813544
8.6495745, 9.127870000000001, 10.792807, 12.429641, 14.062389, 17.708369, 38.813544
8.644621, 9.134619, 10.801449, 12.4189413, 14.009391, 17.699605, 38.813544
8.648617, 9.1286245, 10.840676, 12.492389, 14.095293, 17.80263592999993, 38.813544
8.644621, 9.120862500000001, 10.809144, 12.429121700000001, 13.994813, 17.786071, 38.813544
8.649318, 9.134162, 10.81732525, 12.442805, 14.059407, 17.78704024999999, 38.813544
8.6468, 9.1278, 10.803248, 12.419695400000002, 14.076976, 17.872018, 38.813544
8.64409775, 9.124901, 10.802272, 12.434224500000004, 14.070717, 17.708369, 38.813544
8.645846, 9.089676, 10.77868775, 12.41397430000001, 14.009391, 17.703598, 38.813544
8.649129, 9.141965, 10.807386, 12.420562800000008, 14.040769899999987, 17.8129, 38.813544
8.6459585, 9.1151705, 10.792788250000001, 12.426273, 14.009391, 17.703598, 38.813544
8.645282, 9.119646, 10.7784, 12.426093, 14.039873, 17.872018, 38.813544
8.647008, 9.1343905, 10.8128985, 12.426093, 13.961266, 17.703598, 38.813544
8.646315, 9.111567, 10.759644250000001, 12.347915300000002, 13.94032, 17.548219189999898, 38.813544
8.644449250000001, 9.146333, 10.809144, 12.434019, 13.96309, 17.786071, 38.813544
8.645662, 9.124901, 10.768044, 12.389567, 13.957298149999998, 17.80231986999998, 38.813544
8.649533, 9.148478, 10.8373555, 12.478032, 14.078328, 17.793979169999986, 38.813544
8.647008, 9.135331, 10.765191, 12.4189413, 13.974307, 17.8129, 38.813544
8.773666, 9.909028, 12.2468895, 15.4681668, 17.820659, 23.337430289999972, 44.22794
8.769183, 9.938732, 12.31677975, 15.484432100000005, 17.8334752, 23.354685, 44.22794
8.781392499999999, 9.941382999999998, 12.27343125, 15.531695, 17.717276, 23.757344, 40.625286
8.788176, 9.9620465, 12.352889, 15.531757, 17.797559800000002, 23.354685, 44.22794
8.782734, 9.956033, 12.329836, 15.542743, 17.844506, 23.223349, 44.22794
8.650166, 9.135331, 10.805758, 12.449230300000009, 14.063715799999997, 17.92199, 38.813544
8.64713, 9.12137, 10.788585, 12.389567, 13.983646, 17.663793, 38.813544
8.73056275, 9.076331, 10.53263075, 12.018876, 13.27608405, 16.932347, 38.813544
8.728103, 9.0733585, 10.493119, 11.973583, 13.15625055, 16.499532399999886, 38.813544
8.726774, 9.0767065, 10.520888750000001, 12.007227, 13.199865, 16.879467, 38.404747
8.72858225, 9.078226, 10.512318, 11.983886200000002, 13.163769, 16.468887259999953, 34.408771
8.732932250000001, 9.088258, 10.53008075, 12.014736, 13.169687, 16.442499, 38.404747
8.72432125, 9.075566, 10.512318, 12.009955, 13.181976, 16.7835, 38.813544
8.73100625, 9.080207, 10.5156605, 11.9862213, 13.112988, 16.845091229999944, 38.813544
8.729409, 9.0809405, 10.527864, 12.018309, 13.137592, 16.57689691999997, 34.462112
8.726146, 9.080852, 10.5138555, 12.014902500000002, 13.049708549999998, 16.46960865999984, 34.462112
8.73002975, 9.089158, 10.521074, 12.023867800000003, 13.21920625, 16.61575631, 38.813544
8.73275, 9.0917645, 10.529989, 12.02847960000001, 13.177114599999998, 16.316743619999993, 34.408771
8.784649, 9.046309, 10.2179475, 11.625987800000006, 12.388296, 14.824984, 19.563106
8.785696000000002, 9.0631475, 10.241081, 11.649208500000002, 12.457105, 14.938567589999991, 26.889073
8.781933, 9.048185, 10.21853, 11.646801, 12.397729549999994, 14.96492, 19.563106
8.786061, 9.054419, 10.240397, 11.640785400000002, 12.465433, 14.995983, 19.563106
8.78503225, 9.053049, 10.196786, 11.623949400000003, 12.424741, 14.815255449999988, 26.889073
8.7816525, 9.053782, 10.230684, 11.623748, 12.439778, 14.873687, 26.889073
8.788897, 9.0533435, 10.220941, 11.633141, 12.420386, 14.901789, 26.889073
8.78881275, 9.063969, 10.23804825, 11.638343, 12.449738, 14.932628, 26.889073
8.7890565, 9.064587, 10.259883, 11.720002, 12.530343, 14.938511, 19.563106
8.78579, 9.0542415, 10.22052, 11.642031, 12.3959, 14.932628, 26.889073
8.784399, 9.050637, 10.226674, 11.658155400000005, 12.439778, 14.902097389999952, 26.889073
8.792301, 9.067373, 10.2698985, 11.669898, 12.449812199999998, 15.021127, 26.889073
8.790539, 9.058028, 10.254443, 11.646801, 12.472115, 14.944377499999966, 26.889073
8.784155, 9.049597, 10.21423225, 11.623748, 12.440311, 14.995983, 26.889073
8.78544825, 9.049117500000001, 10.225465, 11.617066, 12.420386, 14.938511, 26.889073
8.783858, 9.046956, 10.209485, 11.625699, 12.472115, 15.021127, 26.889073
8.785933, 9.048251, 10.21686, 11.642121800000002, 12.457105, 15.054648079999936, 26.889073
8.78904, 9.053467, 10.20798875, 11.615418, 12.439778, 14.822845599999997, 26.889073
8.781864, 9.065984, 10.230541, 11.668427, 12.492187, 14.94417, 26.889073
8.789424, 9.0577405, 10.23057675, 11.633141, 12.3959, 15.239759, 26.889073
8.783767, 9.048323, 10.210096, 11.6475, 12.423094, 14.746909, 26.889073
8.786504, 9.051, 10.181526, 11.642031, 12.465651399999997, 14.938511, 26.889073
8.784673, 9.04866, 10.223743, 11.648901, 12.492187, 15.027702, 26.889073
8.790431, 9.053049, 10.214815, 11.651564600000002, 12.454684399999998, 14.902097389999952, 19.563106
8.786413, 9.057212, 10.217937, 11.643486600000006, 12.412934, 14.94417, 26.889073
8.789595, 9.065575, 10.237786, 11.654542, 12.43980465, 14.824984, 26.889073
8.783395, 9.0426355, 10.202046000000001, 11.638343, 12.425492849999989, 14.815179, 26.889073
8.8342265, 9.018264, 9.388879750000001, 10.9026869, 11.838339, 14.163179739999999, 37.448702
8.870530500000001, 9.00457, 9.18495375, 9.460722, 9.951734, 12.007767, 37.448702
8.867063, 9.003908, 9.1790765, 9.4658409, 10.030465, 12.007767, 37.448702
8.866484, 9.00448, 9.1762295, 9.44343, 9.929915249999999, 11.903319540000002, 37.448702
8.867031749999999, 9.004875, 9.187178, 9.459293, 9.985917299999995, 11.90322, 37.448702
8.869135, 9.0029145, 9.174747, 9.433928, 9.91344, 12.070419, 37.448702
8.863328, 9.00457, 9.17932575, 9.449913, 9.946413649999998, 11.913264410000002, 37.448702
8.86479, 9.0006725, 9.176034, 9.444963, 9.961836849999997, 12.257414890000005, 35.734803
8.865974, 9.006183, 9.175001, 9.437911, 9.951734, 12.003089, 37.448702
8.863654, 9.003714500000001, 9.176884, 9.432031, 9.916090949999997, 11.932933870000005, 37.448702
8.86658, 9.004056, 9.178158, 9.4574223, 10.023539, 11.913369010000004, 37.448702
8.863903, 9.0021175, 9.175445, 9.445991500000002, 9.9407, 11.970524530000006, 37.448702
8.864143, 9.003106, 9.17915, 9.4570382, 9.9920315, 11.993545, 37.448702
8.86309975, 8.998429999999999, 9.17261825, 9.431237, 9.904375, 11.958562, 35.734803
8.863845, 9.00173, 9.178767, 9.4581268, 9.9407, 11.89458366, 37.448702
8.8674405, 9.005273, 9.17894175, 9.453209000000001, 9.956152, 11.839379, 37.448702
8.865594, 9.004208, 9.178882250000001, 9.451873, 9.992619, 11.999339, 37.448702
8.8670945, 9.002763, 9.18357, 9.4626924, 10.0137305, 12.070419, 37.448702
8.86906175, 9.006014, 9.188139, 9.466566, 10.0297696, 12.003089, 37.448702
8.865049, 9.000856, 9.173834, 9.4414786, 9.9407, 11.99360294, 37.448702
8.8689705, 9.005659, 9.182778, 9.4486272, 9.974078599999995, 11.970292, 37.448702
8.867734500000001, 9.005432, 9.179753, 9.455518, 9.972295, 11.932546299999998, 37.448702
8.87436675, 9.015245, 9.20786875, 9.483270300000001, 9.842069899999998, 12.383144040000001, 52.853195
8.78678325, 9.0460675, 10.20011975, 11.692402800000005, 12.585816649999998, 15.273403, 102.43222759051606
8.79529125, 9.073796000000002, 10.302485, 11.745565500000001, 12.555809950000006, 14.996521100000013, 26.889073
8.78334725, 9.059931500000001, 10.21619925, 11.676102300000002, 12.4572683, 15.512186300000018, 26.889073
8.7909945, 9.061725, 10.217139750000001, 11.6222414, 12.470048600000002, 15.021853340000016, 18.677002
8.789133249999999, 9.066179, 10.200565, 11.662098, 12.439804650000001, 15.765285, 19.563106
8.7892095, 9.0658465, 10.2821705, 11.6158753, 12.479515900000003, 15.463954, 26.889073
8.7981265, 9.0667195, 10.258237, 11.646260400000001, 12.474753, 15.46395637, 26.889073
8.78503225, 9.06992, 10.275099, 11.6499977, 12.471264, 14.94417, 26.889073
8.792684, 9.063528, 10.242432, 11.647011000000001, 12.4629839, 14.932628, 19.563106
8.78357275, 9.045887, 10.184530500000001, 11.632655000000003, 12.423094, 14.938664710000003, 19.393533
8.86883275, 9.009529, 9.183264750000001, 9.4720368, 9.970956, 11.995833159999945, 37.448702
8.864438, 9.004552499999999, 9.195599999999999, 9.4907016, 10.252090849999991, 12.372506529999999, 37.448702
8.863263, 9.00496, 9.188734499999999, 9.457346, 10.013985749999998, 12.00816916999999, 37.448702
8.86991025, 9.0035675, 9.1953895, 9.488363000000001, 10.034512099999992, 12.374615839999999, 37.448702
8.8658955, 9.003455, 9.189797, 9.445279699999999, 9.9108522, 11.922695769999988, 37.448702
8.857702, 9.0020085, 9.187595250000001, 9.4713168, 10.037369, 11.958911829999993, 33.51644
8.85970625, 9.000801, 9.16716775, 9.4622593, 9.980987, 11.993687219999996, 35.330604
8.869755, 9.00418, 9.17272625, 9.422205, 9.92934, 12.00816916999999, 35.487972
8.86448725, 9.004057, 9.176846000000001, 9.4498998, 9.973311199999996, 11.796006249999982, 14.370167
8.86896325, 9.004357500000001, 9.183548, 9.4486272, 9.986520849999994, 12.222369769999998, 37.448702
8.865643500000001, 9.009685999999999, 9.176562, 9.45891, 9.951734, 12.070419, 35.734803
8.871177750000001, 9.013477, 9.181374250000001, 9.455518, 9.986003599999997, 12.222361, 35.330604
8.8644955, 9.010854, 9.18137275, 9.471873, 9.998264149999999, 11.903513249999992, 35.734803
8.870530500000001, 9.0061795, 9.191361, 9.4596711, 9.929522299999999, 11.961399699999992, 35.487972
8.858123, 9.003628, 9.187956, 9.5008236, 10.023539, 11.999339, 35.734803
8.872503250000001, 9.0062055, 9.1817615, 9.450355, 9.965514549999998, 12.223577699999993, 35.330604
8.867004, 9.004311000000001, 9.169011, 9.3908486, 9.781249899999999, 11.895220809999985, 33.51644
8.8670945, 9.003076, 9.18492375, 9.4571145, 9.916722599999995, 11.9993765, 35.487972
8.86883275, 9.005045, 9.18347, 9.4633755, 10.067905, 11.903409949999995, 35.734803
8.8682765, 9.0013385, 9.163871, 9.4345512, 9.94071025, 11.89654, 37.448702
8.859507, 8.993522500000001, 9.1712625, 9.440225, 10.004914499999996, 12.348452759999994, 35.487972
8.870418, 9.006877, 9.178997, 9.432031, 9.933648499999997, 12.169767, 35.487972
8.860888, 9.002166500000001, 9.17380925, 9.4597544, 10.1568378, 11.970582469999993, 35.487972
8.87112325, 9.0016415, 9.179202, 9.4534436, 9.992624699999999, 11.922378999999996, 35.487972
8.865184249999999, 9.01041, 9.191719, 9.463746, 10.077892099999994, 12.170641409999979, 37.448702
8.866556000000001, 9.002977, 9.171144, 9.416766, 9.94071025, 11.9993765, 24.923449
8.860885249999999, 9.004921, 9.18101, 9.4571323, 9.9924313, 11.95858713, 35.487972
8.873259, 8.999917, 9.17510425, 9.4520759, 9.949789, 11.92260359999999, 37.448702
8.868097500000001, 9.0009575, 9.16692725, 9.430244, 9.819470149999999, 11.970666749999992, 35.734803
8.8654565, 9.0021555, 9.1764525, 9.4449188, 9.998298449999998, 11.958679299999998, 37.448702
8.864491, 9.0049875, 9.171387, 9.466553, 10.0679634, 11.851862049999994, 35.734803
8.852038, 8.998246, 9.182876, 9.4592778, 10.031808249999992, 12.27827575999999, 37.448702
8.865205, 9.005277, 9.1914725, 9.423812, 9.931451749999997, 11.725937239999991, 35.734803
8.862478, 9.000633, 9.187419, 9.4945467, 10.160602099999998, 12.278240759999992, 29.227148
8.867644, 8.9992485, 9.17903525, 9.4403041, 9.921032599999997, 11.999423279999998, 35.330604
8.870493, 9.001446, 9.167816, 9.423304, 9.851144799999998, 11.832284659999997, 35.330604
8.86393575, 9.008229499999999, 9.18155325, 9.469301499999998, 9.973201449999996, 11.913264409999998, 37.448702
8.868422, 9.005141, 9.183131, 9.4675516, 10.104511749999995, 12.074022229999963, 33.51644
8.8625235, 9.001827500000001, 9.187609, 9.422107800000001, 9.90951244999999, 12.170292939999987, 35.330604
8.862698, 9.003405, 9.16608075, 9.4405118, 9.972025449999993, 12.222361, 29.227148
8.86471525, 9.0016225, 9.1789475, 9.4191295, 9.946731799999998, 11.939164299999987, 35.734803
8.859225499999999, 9.000538, 9.1833575, 9.44578, 9.940905, 12.279171, 35.487972
8.865594, 9.010593499999999, 9.17831025, 9.4445506, 9.90553565, 11.970666749999992, 35.734803
8.870532, 9.011557, 9.176505, 9.4234097, 9.807316749999998, 11.89486393, 35.330604
8.866743249999999, 9.004509500000001, 9.170885, 9.4214685, 9.85999605, 11.851862049999994, 33.51644
8.867979, 9.000868, 9.17694125, 9.4629838, 9.93106605, 11.832284659999997, 33.51644
8.862357000000001, 8.9983435, 9.170914, 9.4596711, 9.969540399999998, 12.00816916999999, 35.734803
8.859928499999999, 8.9962315, 9.16712, 9.443095, 9.860996349999997, 11.70546816, 29.227148
8.870301, 9.0045175, 9.18893725, 9.4486272, 9.965311, 11.89822367999999, 35.734803
8.8629575, 8.999251, 9.1768405, 9.473399, 10.005778099999997, 12.047984, 24.923449
8.86686325, 9.002167, 9.19043375, 9.46788, 10.034085249999995, 11.938814469999995, 35.734803
8.870982, 9.005246, 9.178287749999999, 9.4853148, 10.097082, 12.222929099999986, 37.448702
8.8645, 8.999001, 9.17489, 9.458363, 9.881394599999998, 12.047984, 37.448702
8.868146000000001, 9.007274500000001, 9.1901405, 9.490293, 10.132457149999999, 12.279171, 37.448702
8.868858, 9.005745000000001, 9.1902945, 9.4985985, 10.070889, 11.913367709999996, 37.448702
8.863318249999999, 9.0036335, 9.188053, 9.4785472, 10.0051396, 12.374539, 37.448702
8.8711355, 9.0037455, 9.18134025, 9.459141, 10.082353599999998, 12.071412479999976, 37.448702
8.868618999999999, 9.010043, 9.18635525, 9.4654913, 10.003491, 12.312307999999998, 37.448702
8.8718465, 9.012511, 9.176253500000001, 9.4667416, 9.992902299999997, 12.279683909999989, 35.330604
8.863798, 9.008198, 9.192294749999999, 9.4684183, 9.9982166, 12.328172, 37.448702
8.860502, 9.00341, 9.174791, 9.416233700000001, 9.781792749999996, 11.89458366, 35.734803
8.8718465, 9.0106395, 9.18137275, 9.450761, 9.90801325, 11.809925, 35.487972
8.862677, 9.0048085, 9.178934, 9.421441, 9.9053934, 11.83972962999999, 35.330604
8.8643905, 8.9979385, 9.16709, 9.4425343, 9.953168, 11.971068919999983, 37.448702
8.870452, 8.9999575, 9.1707495, 9.462214, 9.933381949999998, 12.222369769999998, 37.448702
8.869183, 9.0058085, 9.186060999999999, 9.459236800000001, 9.8599853, 11.654797219999995, 37.448702
8.866897999999999, 9.009959, 9.183992, 9.449913, 10.052824, 12.223238, 33.51644
8.86705975, 9.005718, 9.181245, 9.4285385, 9.95983, 11.958679299999998, 37.448702
8.866158500000001, 9.003352, 9.18495375, 9.4359159, 9.91344, 11.81034202999999, 37.448702
8.86837775, 9.002561, 9.17401075, 9.4502292, 9.921006599999997, 12.257414889999996, 37.448702
8.86999575, 8.997652500000001, 9.1713105, 9.414199400000001, 9.881394599999998, 11.961075, 35.734803
8.786146, 9.0516295, 10.214815, 11.5823364, 12.3781671, 14.804108820000003, 19.563106
8.783461, 9.059024, 10.21208075, 11.654684, 12.51207335, 14.932628, 18.677002
8.79529125, 9.065779500000001, 10.283050000000001, 11.655419800000002, 12.52358155, 15.449580190000002, 19.563106
8.78638875, 9.054419, 10.211487, 11.5931526, 12.329800300000002, 14.815179, 19.563106
8.79061175, 9.0535245, 10.241274, 11.5931526, 12.385655200000002, 14.996960780000022, 18.865024
8.781596, 9.045185499999999, 10.2315195, 11.660993, 12.420603750000001, 14.8012448, 26.889073
8.784751, 9.045534, 10.21561975, 11.642424600000002, 12.4604952, 15.279249050000038, 26.889073
8.78854875, 9.0584835, 10.226932, 11.6074468, 12.451516150000002, 14.96492, 19.563106
8.783263, 9.056819, 10.16221075, 11.638546, 12.504242900000003, 14.953992380000003, 26.889073
8.787709, 9.044077, 10.2276765, 11.5931526, 12.29871475, 14.746909, 26.889073
8.785015, 9.042427, 10.212492, 11.6475, 12.472246900000002, 14.90221281000001, 19.563106
8.78643225, 9.0384435, 10.12481275, 11.595754000000001, 12.383360450000001, 14.721813600000004, 26.889073
8.772689, 9.031913, 10.225465, 11.6610061, 12.492187, 14.996300190000008, 18.865024
8.779202, 9.042378, 10.19239, 11.646801, 12.38366815, 14.804185270000005, 19.393533
8.78958475, 9.074675, 10.28078125, 11.61575, 12.496500500000002, 14.938511, 18.865024
8.791364249999999, 9.0578155, 10.172677, 11.6332032, 12.44408265, 14.592182570000013, 19.393533
8.78186075, 9.0513455, 10.188561, 11.6718925, 12.4404847, 14.592101740000011, 26.889073
8.785696000000002, 9.066523499999999, 10.24141875, 11.642031, 12.496195, 14.873968020000007, 19.563106
8.77995475, 9.063969, 10.20198, 11.636392, 12.503217400000002, 15.511645700000006, 26.889073
8.78278975, 9.049597, 10.2852, 11.680852, 12.465433, 14.945665910000033, 26.889073
8.78777875, 9.048422500000001, 10.215050999999999, 11.6046396, 12.274889250000001, 14.712709, 26.889073
8.791026, 9.065984, 10.229533, 11.6610979, 12.53201085, 14.822824, 18.865024
8.780837, 9.0449965, 10.163891, 11.6470944, 12.454557, 14.741543, 18.168908
8.783767, 9.046512, 10.226932, 11.6475, 12.426591750000002, 14.95430301000001, 19.393533
8.79396525, 9.062767, 10.19016225, 11.6605912, 12.512041, 15.537698600000011, 19.563106
8.783268499999998, 9.054412, 10.21584, 11.5929948, 12.44997895, 15.273403, 26.889073
8.7816525, 9.059039, 10.1776635, 11.7645475, 12.624503, 15.465482520000029, 26.889073
8.783268499999998, 9.026044500000001, 10.06405, 11.605148, 12.413306600000002, 14.932686830000002, 26.889073
8.794416, 9.075771, 10.25996675, 11.64915, 12.465767100000003, 14.902097390000007, 18.865024
8.78467, 9.052010500000002, 10.1833205, 11.586118, 12.404542, 15.593343, 26.889073
8.781816, 9.0393945, 10.1824325, 11.615907900000002, 12.398149150000002, 14.741543, 26.889073
8.798162, 9.0774225, 10.2315195, 11.593077000000001, 12.3196738, 14.747010640000003, 18.865024
8.7797165, 9.024374, 10.176369000000001, 11.606876300000001, 12.421800900000003, 15.02119275, 26.889073
8.776737, 9.038048, 10.17567625, 11.633763, 12.388749750000002, 14.815277050000002, 19.393533
8.783858, 9.045159, 10.18435, 11.578122, 12.354252900000002, 14.515105600000005, 26.889073
8.783031000000001, 9.0673615, 10.215979, 11.617009300000001, 12.32918, 14.902156220000009, 19.393533
8.79090375, 9.063812500000001, 10.228414749999999, 11.6686178, 12.50278965, 15.27753, 26.889073
8.78544825, 9.0374435, 10.18042, 11.636392, 12.473045600000004, 15.615997, 26.889073
8.781061, 9.036537, 10.182616, 11.642718000000002, 12.4446137, 14.803997, 19.393533
8.7895155, 9.053603, 10.240397, 11.643570000000002, 12.388676200000003, 14.902097390000007, 26.889073
8.785174000000001, 9.053741500000001, 10.199632, 11.675784, 12.5667559, 15.054253, 19.563106
8.79090375, 9.0527835, 10.281860250000001, 11.6636956, 12.457105, 14.815277050000002, 19.563106
8.7831985, 9.045245000000001, 10.189340999999999, 11.6260744, 12.38366815, 14.747010640000003, 19.393533
8.786584, 9.044462, 10.225465, 11.63261, 12.460371, 14.944267120000001, 18.865024
8.789595, 9.059239, 10.214815, 11.619896, 12.33851275, 14.783422000000009, 26.889073
8.784302749999998, 9.0542945, 10.199523, 11.633141, 12.378214100000001, 14.637913, 26.889073
8.79835425, 9.073125999999998, 10.231315, 11.658155400000002, 12.38512925, 14.939085720000012, 26.889073
8.78398575, 9.041947, 10.159431, 11.5736309, 12.368629250000001, 14.93940291000002, 26.889073
8.783769750000001, 9.0532185, 10.2763885, 11.6636956, 12.420386, 15.030200280000054, 26.889073
8.79196975, 9.073125999999998, 10.2776875, 11.655130800000002, 12.512984800000002, 14.757654060000013, 18.66297
8.789632, 9.045959, 10.183236, 11.607978800000001, 12.385116, 14.75751444000001, 18.865024
8.790477000000001, 9.050405, 10.2582115, 11.663426, 12.502753, 14.96492, 19.563106
8.781932999999999, 9.046871, 10.229533, 11.623943100000002, 12.465724550000003, 14.632456760000004, 26.889073
8.78334175, 9.054797, 10.253915, 11.6475, 12.4908, 14.944688130000012, 26.889073
8.79180925, 9.050433, 10.191764, 11.544442100000001, 12.277880200000002, 14.741698300000003, 19.563106
8.78310975, 9.0386445, 10.17458525, 11.632134800000001, 12.364588, 14.712798550000002, 18.865024
8.790843, 9.0504625, 10.200011, 11.720002, 12.57264585, 14.822911110000003, 26.889073
8.78461875, 9.0425805, 10.211034, 11.6047621, 12.465651400000002, 14.932628, 26.889073
8.784411, 9.0504555, 10.23065225, 11.623748, 12.426775350000002, 14.804108820000003, 18.865024
8.785803, 9.053049, 10.25996675, 11.647011000000001, 12.532325300000002, 14.944377500000003, 26.889073
8.79191525, 9.051623, 10.19131525, 11.6726621, 12.455319200000002, 15.027922910000004, 19.563106
8.776864, 9.047295, 10.1619975, 11.600619, 12.46987415, 14.646019220000001, 19.563106
8.790843, 9.0704845, 10.230684, 11.600619, 12.302881, 14.646019220000001, 26.889073
8.788494, 9.058911, 10.21264025, 11.67009, 12.531929, 14.944267120000001, 26.889073
8.78164625, 9.046474, 10.1448915, 11.558473000000001, 12.389527900000004, 14.747452080000013, 18.865024
8.78180575, 9.045009, 10.1994105, 11.5736565, 12.292564900000004, 15.279249050000038, 19.393533
8.7830475, 9.058323, 10.262115, 11.716295800000003, 12.4498122, 15.054253, 26.889073
8.78579, 9.080894, 10.26044775, 11.6460504, 12.4548477, 15.027967510000005, 26.889073
8.78686775, 9.0536925, 10.197348, 11.6726621, 12.55185425, 15.054648080000009, 19.563106
8.78401825, 9.0674615, 10.270495, 11.694287600000001, 12.462855, 14.736624, 26.889073
8.78472625, 9.065472, 10.258038, 11.6158753, 12.426775350000002, 14.953992380000003, 26.889073
8.784623, 9.0613335, 10.2315195, 11.5929192, 12.4248085, 14.8012448, 19.563106
8.78958475, 9.041504, 10.21423225, 11.673618, 12.53050415, 15.027922910000004, 19.563106
8.786701749999999, 9.064587, 10.21712925, 11.6177904, 12.405367300000002, 14.815255450000002, 26.889073
8.78937475, 9.059931500000001, 10.219397, 11.6460504, 12.531929, 15.054648080000009, 26.889073
8.788015, 9.047048499999999, 10.24421375, 11.6383633, 12.4248085, 14.804108820000003, 18.865024
8.79203075, 9.05479, 10.248715, 11.7129106, 12.5546217, 14.825752050000018, 19.563106
8.776025749999999, 9.0460805, 10.202946, 11.629768700000001, 12.4446137, 14.965547820000014, 19.393533
8.7887805, 9.047945, 10.18284375, 11.671120499999999, 12.460371, 14.932686830000002, 26.889073
8.783268499999998, 9.046104, 10.154217, 11.6545562, 12.425309250000002, 14.954620200000017, 26.889073
8.788326999999999, 9.059082499999999, 10.306538, 11.6600381, 12.532012550000001, 14.95430301000001, 19.563106
8.784022, 9.0594745, 10.174392000000001, 11.652477600000001, 12.4908, 14.965230630000006, 19.563106
8.778646, 9.0498145, 10.205903750000001, 11.6609012, 12.523508, 15.449582560000003, 19.563106
8.793256, 9.066523499999999, 10.226095749999999, 11.5928044, 12.36289795, 14.514947050000002, 26.889073
8.79142025, 9.0829315, 10.265829499999999, 11.659932, 12.436289600000002, 14.741543, 26.889073
8.774999999999999, 9.057953, 10.205375, 11.6475, 12.395973549999999, 14.815342560000005, 26.889073
8.79115225, 9.0744545, 10.24267925, 11.715526, 12.503120950000003, 15.027922910000004, 19.393533
8.78167, 9.040499, 10.176105, 11.6158753, 12.395973549999999, 14.648465670000004, 26.889073
8.781061, 9.039500499999999, 10.19068925, 11.625699, 12.3959, 14.449721400000008, 18.375861
8.779624250000001, 9.0459905, 10.227706, 11.6743611, 12.4446137, 14.938511, 19.563106
8.792278, 9.0542415, 10.21712925, 11.6933527, 12.5556356, 14.995983, 18.677002
8.783742, 9.050398, 10.14887, 11.583236200000002, 12.309338900000002, 14.736673190000001, 19.563106
8.779947499999999, 9.0487915, 10.205375, 11.607393, 12.420521400000002, 15.056485770000048, 19.393533
8.781864, 9.067239, 10.2292355, 11.6610979, 12.444344, 14.873968020000007, 26.889073
8.78451475, 9.0419375, 10.194268, 11.595606, 12.353515, 14.663670790000014, 18.474331
8.784525, 9.054306, 10.25791525, 11.676102300000002, 12.53201085, 14.965230630000006, 26.889073
8.789817750000001, 9.070435, 10.30058275, 11.6719916, 12.462855, 14.902097390000007, 26.889073
8.781005, 9.042789, 10.222006, 11.6610979, 12.534371100000003, 14.996234440000006, 26.889073
8.776465, 9.036151, 10.186646249999999, 11.597828100000003, 12.4049616, 15.095220980000033, 19.563106
8.79115225, 9.0594895, 10.199523, 11.575595100000001, 12.3808254, 14.736624, 26.889073
8.785038, 9.046956, 10.2347125, 11.633466100000001, 12.454557, 15.095220980000033, 26.889073
8.785696000000002, 9.058169, 10.243421, 11.613494, 12.354068650000002, 14.815255450000002, 26.889073
8.784492, 9.047295, 10.167371500000002, 11.6158816, 12.478849, 15.27344427, 26.889073
8.787975, 9.059024, 10.184103, 11.61575, 12.451222, 14.96492, 19.563106
8.782061, 9.050426, 10.199523, 11.628587, 12.380756450000002, 14.90221281000001, 26.889073
8.78496625, 9.0531285, 10.2686205, 11.6197286, 12.425309250000002, 14.712798550000002, 19.563106
8.784949, 9.05135, 10.188692249999999, 11.623949399999999, 12.44408265, 14.449721400000008, 18.865024
8.78417975, 9.06761, 10.285487999999999, 11.6492085, 12.471264, 15.239759, 26.889073
8.77928675, 9.053294999999999, 10.199523, 11.607978800000001, 12.472246900000002, 14.902156220000009, 26.889073
8.784492, 9.043975, 10.21063025, 11.587920100000003, 12.33851275, 14.825049510000001, 26.889073
8.781539, 9.059054, 10.194268, 11.6421218, 12.4748339, 14.832661350000025, 19.563106
8.784519, 9.0530215, 10.269991000000001, 11.702981000000001, 12.496195, 15.449582560000003, 26.889073
8.784007, 9.0631475, 10.24144875, 11.6536346, 12.42324385, 14.873968020000007, 19.393533
8.770669, 9.0499645, 10.17567625, 11.5844836, 12.388296, 14.96492, 18.865024
8.7816525, 9.036054, 10.11071175, 11.665080800000002, 12.4923874, 14.801454670000005, 26.889073
8.784101, 9.052987, 10.221427, 11.657958, 12.42317635, 15.053789420000086, 19.393533
8.783204, 9.0531285, 10.24400925, 11.5960128, 12.43631625, 14.8012448, 18.865024
8.787494500000001, 9.056303, 10.176352, 11.6332032, 12.388676200000003, 14.784520040000032, 26.889073
8.786146, 9.0530395, 10.199523, 11.5929192, 12.405469600000004, 14.932628, 19.393533
8.781933, 9.053822, 10.19440475, 11.60441, 12.436289600000002, 14.74159666, 26.889073
8.782561750000001, 9.045245000000001, 10.18007975, 11.594333800000001, 12.342182450000001, 14.646019220000001, 19.563106
8.7956305, 9.066715, 10.248715, 11.676140900000002, 12.58714855, 15.464686040000016, 18.865024
8.786481250000001, 9.0533435, 10.2780475, 11.654684, 12.397729550000001, 14.757073, 26.889073
8.78643225, 9.0629235, 10.214815, 11.6498139, 12.383578, 14.996234440000006, 19.563106
8.792209, 9.0411185, 10.1649955, 11.5956407, 12.492692900000002, 14.965547820000014, 18.865024
8.7763095, 9.0513455, 10.215979, 11.664709, 12.4629839, 14.822824, 26.889073
8.784723249999999, 9.06494, 10.2582115, 11.6735604, 12.44997895, 15.239759, 18.865024
8.79273875, 9.057887, 10.250147, 11.682195000000002, 12.572307, 15.0498376, 26.889073
8.785174000000001, 9.054359, 10.24051975, 11.6489844, 12.4604952, 14.874276410000013, 19.563106
8.793422, 9.0531095, 10.2462985, 11.679353, 12.5304223, 15.049793, 19.393533
8.7834395, 9.0494175, 10.220617, 11.643486600000001, 12.3836549, 15.054648080000009, 19.563106
8.781816, 9.054177, 10.229351, 11.6429662, 12.4049616, 14.96492, 26.889073
8.785179750000001, 9.0388585, 10.1644315, 11.601283, 12.38512925, 14.648961910000013, 26.889073
8.782061, 9.044923, 10.182640249999999, 11.6387561, 12.3959, 14.902156220000009, 18.865024
8.784408, 9.0423255, 10.183236, 11.580670900000001, 12.4604952, 14.83195652000001, 26.889073
8.779947499999999, 9.059925, 10.21806025, 11.6074468, 12.38156, 14.815255450000002, 26.889073
8.7868285, 9.06997, 10.25817675, 11.669898, 12.512041, 15.273403, 19.563106
8.7864895, 9.059803500000001, 10.2586485, 11.66043, 12.4723278, 14.996300190000008, 19.563106
8.775495, 9.044179, 10.14039, 11.5065573, 12.214829, 14.747010640000003, 26.889073
8.783182, 9.046347, 10.210096, 11.589782800000002, 12.440006300000002, 14.825049510000001, 19.563106
8.86333275, 9.0035085, 9.183027, 9.4359159, 9.95179325, 11.757497869999987, 33.51644
8.868959, 9.0016295, 9.170922, 9.438644, 9.9563359, 11.851628, 13.463832
8.885482249999999, 9.035456, 9.25379175, 9.5352542, 9.73476515, 12.00640526999999, 19.587514
8.88440225, 9.042714, 9.244795, 9.487196800000001, 9.733164, 16.400857889999997, 52.853195
0, 0, 0, 0, 0, 0, 0
0, 0, 0, 0, 0, 0, 0
0, 0, 0, 0, 0, 0, 0
0, 0, 0, 0, 0, 0, 0
0, 0, 0, 0, 0, 0, 0
0, 0, 0, 0, 0, 0, 0
0, 0, 0, 0, 0, 0, 0
0, 0, 0, 0, 0, 0, 0
0, 0, 0, 0, 0, 0, 0
0, 0, 0, 0, 0, 0, 0
0, 0, 0, 0, 0, 0, 0
0, 0, 0, 0, 0, 0, 0
0, 0, 0, 0, 0, 0, 0
0, 0, 0, 0, 0, 0, 0
0, 0, 0, 0, 0, 0, 0
0, 0, 0, 0, 0, 0, 0
0, 0, 0, 0, 0, 0, 0
0, 0, 0, 0, 0, 0, 0
0, 0, 0, 0, 0, 0, 0
0, 0, 0, 0, 0, 0, 0
0, 0, 0, 0, 0, 0, 0
0, 0, 0, 0, 0, 0, 0
0, 0, 0, 0, 0, 0, 0
0, 0, 0, 0, 0, 0, 0
0, 0, 0, 0, 0, 0, 0
0, 0, 0, 0, 0, 0, 0
0, 0, 0, 0, 0, 0, 0
0, 0, 0, 0, 0, 0, 0
0, 0, 0, 0, 0, 0, 0
0, 0, 0, 0, 0, 0, 0
0, 0, 0, 0, 0, 0, 0
0, 0, 0, 0, 0, 0, 0
0, 0, 0, 0, 0, 0, 0
0, 0, 0, 0, 0, 0, 0
0, 0, 0, 0, 0, 0, 0
0, 0, 0, 0, 0, 0, 0
0, 0, 0, 0, 0, 0, 0
0, 0, 0, 0, 0, 0, 0
0, 0, 0, 0, 0, 0, 0
0, 0, 0, 0, 0, 0, 0
0, 0, 0, 0, 0, 0, 0
0, 0, 0, 0, 0, 0, 0
0, 0, 0, 0, 0, 0, 0
0, 0, 0, 0, 0, 0, 0
0, 0, 0, 0, 0, 0, 0
0, 0, 0, 0, 0, 0, 0
0, 0, 0, 0, 0, 0, 0
0, 0, 0, 0, 0, 0, 0
0, 0, 0, 0, 0, 0, 0
0, 0, 0, 0, 0, 0, 0
0, 0, 0, 0, 0, 0, 0
0, 0, 0, 0, 0, 0, 0
0, 0, 0, 0, 0, 0, 0
0, 0, 0, 0, 0, 0, 0
0, 0, 0, 0, 0, 0, 0
0, 0, 0, 0, 0, 0, 0
0, 0, 0, 0, 0, 0, 0
0, 0, 0, 0, 0, 0, 0
0, 0, 0, 0, 0, 0, 0
0, 0, 0, 0, 0, 0, 0
0, 0, 0, 0, 0, 0, 0
0, 0, 0, 0, 0, 0, 0
0, 0, 0, 0, 0, 0, 0
0, 0, 0, 0, 0, 0, 0
0, 0, 0, 0, 0, 0, 0
0, 0, 0, 0, 0, 0, 0
0, 0, 0, 0, 0, 0, 0
0, 0, 0, 0, 0, 0, 0
0, 0, 0, 0, 0, 0, 0
0, 0, 0, 0, 0, 0, 0
0, 0, 0, 0, 0, 0, 0
0, 0, 0, 0, 0, 0, 0
0, 0, 0, 0, 0, 0, 0
0, 0, 0, 0, 0, 0, 0
0, 0, 0, 0, 0, 0, 0
0, 0, 0, 0, 0, 0, 0
0, 0, 0, 0, 0, 0, 0
0, 0, 0, 0, 0, 0, 0
0, 0, 0, 0, 0, 0, 0
0, 0, 0, 0, 0, 0, 0
0, 0, 0, 0, 0, 0, 0
0, 0, 0, 0, 0, 0, 0
0, 0, 0, 0, 0, 0, 0
0, 0, 0, 0, 0, 0, 0
0, 0, 0, 0, 0, 0, 0
0, 0, 0, 0, 0, 0, 0
0, 0, 0, 0, 0, 0, 0
0, 0, 0, 0, 0, 0, 0
0, 0, 0, 0, 0, 0, 0
0, 0, 0, 0, 0, 0, 0
0, 0, 0, 0, 0, 0, 0
0, 0, 0, 0, 0, 0, 0
0, 0, 0, 0, 0, 0, 0
0, 0, 0, 0, 0, 0, 0
0, 0, 0, 0, 0, 0, 0
0, 0, 0, 0, 0, 0, 0
0, 0, 0, 0, 0, 0, 0
0, 0, 0, 0, 0, 0, 0
0, 0, 0, 0, 0, 0, 0
0, 0, 0, 0, 0, 0, 0
0, 0, 0, 0, 0, 0, 0
0, 0, 0, 0, 0, 0, 0
0, 0, 0, 0, 0, 0, 0
0, 0, 0, 0, 0, 0, 0
0, 0, 0, 0, 0, 0, 0
0, 0, 0, 0, 0, 0, 0
0, 0, 0, 0, 0, 0, 0
0, 0, 0, 0, 0, 0, 0
0, 0, 0, 0, 0, 0, 0
0, 0, 0, 0, 0, 0, 0
0, 0, 0, 0, 0, 0, 0
0, 0, 0, 0, 0, 0, 0
0, 0, 0, 0, 0, 0, 0
0, 0, 0, 0, 0, 0, 0
0, 0, 0, 0, 0, 0, 0
0, 0, 0, 0, 0, 0, 0
0, 0, 0, 0, 0, 0, 0
0, 0, 0, 0, 0, 0, 0
0, 0, 0, 0, 0, 0, 0
0, 0, 0, 0, 0, 0, 0
0, 0, 0, 0, 0, 0, 0
0, 0, 0, 0, 0, 0, 0
0, 0, 0, 0, 0, 0, 0
0, 0, 0, 0, 0, 0, 0
0, 0, 0, 0, 0, 0, 0
0, 0, 0, 0, 0, 0, 0
0, 0, 0, 0, 0, 0, 0
0, 0, 0, 0, 0, 0, 0
0, 0, 0, 0, 0, 0, 0
0, 0, 0, 0, 0, 0, 0
0, 0, 0, 0, 0, 0, 0
0, 0, 0, 0, 0, 0, 0
0, 0, 0, 0, 0, 0, 0
0, 0, 0, 0, 0, 0, 0
0, 0, 0, 0, 0, 0, 0
0, 0, 0, 0, 0, 0, 0
0, 0, 0, 0, 0, 0, 0
0, 0, 0, 0, 0, 0, 0
0, 0, 0, 0, 0, 0, 0
0, 0, 0, 0, 0, 0, 0
0, 0, 0, 0, 0, 0, 0
0, 0, 0, 0, 0, 0, 0
0, 0, 0, 0, 0, 0, 0
0, 0, 0, 0, 0, 0, 0
0, 0, 0, 0, 0, 0, 0
0, 0, 0, 0, 0, 0, 0
0, 0, 0, 0, 0, 0, 0
0, 0, 0, 0, 0, 0, 0
0, 0, 0, 0, 0, 0, 0
0, 0, 0, 0, 0, 0, 0
0, 0, 0, 0, 0, 0, 0
0, 0, 0, 0, 0, 0, 0
0, 0, 0, 0, 0, 0, 0
0, 0, 0, 0, 0, 0, 0
0, 0, 0, 0, 0, 0, 0
0, 0, 0, 0, 0, 0, 0
0, 0, 0, 0, 0, 0, 0
0, 0, 0, 0, 0, 0, 0
0, 0, 0, 0, 0, 0, 0
0, 0, 0, 0, 0, 0, 0
0, 0, 0, 0, 0, 0, 0
0, 0, 0, 0, 0, 0, 0
0, 0, 0, 0, 0, 0, 0
0, 0, 0, 0, 0, 0, 0
0, 0, 0, 0, 0, 0, 0
0, 0, 0, 0, 0, 0, 0
0, 0, 0, 0, 0, 0, 0
0, 0, 0, 0, 0, 0, 0
0, 0, 0, 0, 0, 0, 0
0, 0, 0, 0, 0, 0, 0
0, 0, 0, 0, 0, 0, 0
0, 0, 0, 0, 0, 0, 0
0, 0, 0, 0, 0, 0, 0
0, 0, 0, 0, 0, 0, 0
0, 0, 0, 0, 0, 0, 0
0, 0, 0, 0, 0, 0, 0
0, 0, 0, 0, 0, 0, 0
0, 0, 0, 0, 0, 0, 0
0, 0, 0, 0, 0, 0, 0
0, 0, 0, 0, 0, 0, 0
0, 0, 0, 0, 0, 0, 0
0, 0, 0, 0, 0, 0, 0
0, 0, 0, 0, 0, 0, 0
0, 0, 0, 0, 0, 0, 0
0, 0, 0, 0, 0, 0, 0
0, 0, 0, 0, 0, 0, 0
0, 0, 0, 0, 0, 0, 0
0, 0, 0, 0, 0, 0, 0
0, 0, 0, 0, 0, 0, 0
0, 0, 0, 0, 0, 0, 0
0, 0, 0, 0, 0, 0, 0
0, 0, 0, 0, 0, 0, 0
0, 0, 0, 0, 0, 0, 0
0, 0, 0, 0, 0, 0, 0
0, 0, 0, 0, 0, 0, 0
0, 0, 0, 0, 0, 0, 0
0, 0, 0, 0, 0, 0, 0
0, 0, 0, 0, 0, 0, 0
0, 0, 0, 0, 0, 0, 0
0, 0, 0, 0, 0, 0, 0
0, 0, 0, 0, 0, 0, 0
0, 0, 0, 0, 0, 0, 0
0, 0, 0, 0, 0, 0, 0
0, 0, 0, 0, 0, 0, 0
0, 0, 0, 0, 0, 0, 0
0, 0, 0, 0, 0, 0, 0
0, 0, 0, 0, 0, 0, 0
0, 0, 0, 0, 0, 0, 0
0, 0, 0, 0, 0, 0, 0
0, 0, 0, 0, 0, 0, 0
0, 0, 0, 0, 0, 0, 0
0, 0, 0, 0, 0, 0, 0
0, 0, 0, 0, 0, 0, 0
0, 0, 0, 0, 0, 0, 0
0, 0, 0, 0, 0, 0, 0
0, 0, 0, 0, 0, 0, 0
0, 0, 0, 0, 0, 0, 0
0, 0, 0, 0, 0, 0, 0
0, 0, 0, 0, 0, 0, 0
0, 0, 0, 0, 0, 0, 0
0, 0, 0, 0, 0, 0, 0
0, 0, 0, 0, 0, 0, 0
0, 0, 0, 0, 0, 0, 0
0, 0, 0, 0, 0, 0, 0
0, 0, 0, 0, 0, 0, 0
0, 0, 0, 0, 0, 0, 0
0, 0, 0, 0, 0, 0, 0
0, 0, 0, 0, 0, 0, 0
0, 0, 0, 0, 0, 0, 0
0, 0, 0, 0, 0, 0, 0
0, 0, 0, 0, 0, 0, 0
0, 0, 0, 0, 0, 0, 0
0, 0, 0, 0, 0, 0, 0
0, 0, 0, 0, 0, 0, 0
0, 0, 0, 0, 0, 0, 0
0, 0, 0, 0, 0, 0, 0
0, 0, 0, 0, 0, 0, 0
0, 0, 0, 0, 0, 0, 0
0, 0, 0, 0, 0, 0, 0
0, 0, 0, 0, 0, 0, 0
0, 0, 0, 0, 0, 0, 0
0, 0, 0, 0, 0, 0, 0
0, 0, 0, 0, 0, 0, 0
0, 0, 0, 0, 0, 0, 0
0, 0, 0, 0, 0, 0, 0
0, 0, 0, 0, 0, 0, 0
0, 0, 0, 0, 0, 0, 0
0, 0, 0, 0, 0, 0, 0
0, 0, 0, 0, 0, 0, 0
0, 0, 0, 0, 0, 0, 0
0, 0, 0, 0, 0, 0, 0
0, 0, 0, 0, 0, 0, 0
0, 0, 0, 0, 0, 0, 0
0, 0, 0, 0, 0, 0, 0
0, 0, 0, 0, 0, 0, 0
0, 0, 0, 0, 0, 0, 0
0, 0, 0, 0, 0, 0, 0
0, 0, 0, 0, 0, 0, 0
0, 0, 0, 0, 0, 0, 0
0, 0, 0, 0, 0, 0, 0
0, 0, 0, 0, 0, 0, 0
0, 0, 0, 0, 0, 0, 0
0, 0, 0, 0, 0, 0, 0
0, 0, 0, 0, 0, 0, 0
0, 0, 0, 0, 0, 0, 0
0, 0, 0, 0, 0, 0, 0
0, 0, 0, 0, 0, 0, 0
0, 0, 0, 0, 0, 0, 0
0, 0, 0, 0, 0, 0, 0
0, 0, 0, 0, 0, 0, 0
0, 0, 0, 0, 0, 0, 0
0, 0, 0, 0, 0, 0, 0
0, 0, 0, 0, 0, 0, 0
0, 0, 0, 0, 0, 0, 0
0, 0, 0, 0, 0, 0, 0
0, 0, 0, 0, 0, 0, 0
0, 0, 0, 0, 0, 0, 0
0, 0, 0, 0, 0, 0, 0
0, 0, 0, 0, 0, 0, 0
0, 0, 0, 0, 0, 0, 0
0, 0, 0, 0, 0, 0, 0
0, 0, 0, 0, 0, 0, 0
0, 0, 0, 0, 0, 0, 0
0, 0, 0, 0, 0, 0, 0
0, 0, 0, 0, 0, 0, 0
0, 0, 0, 0, 0, 0, 0
0, 0, 0, 0, 0, 0, 0
0, 0, 0, 0, 0, 0, 0
0, 0, 0, 0, 0, 0, 0
0, 0, 0, 0, 0, 0, 0
0, 0, 0, 0, 0, 0, 0
0, 0, 0, 0, 0, 0, 0
0, 0, 0, 0, 0, 0, 0
0, 0, 0, 0, 0, 0, 0
0, 0, 0, 0, 0, 0, 0
0, 0, 0, 0, 0, 0, 0
0, 0, 0, 0, 0, 0, 0
0, 0, 0, 0, 0, 0, 0
0, 0, 0, 0, 0, 0, 0
0, 0, 0, 0, 0, 0, 0
0, 0, 0, 0, 0, 0, 0
0, 0, 0, 0, 0, 0, 0
0, 0, 0, 0, 0, 0, 0
0, 0, 0, 0, 0, 0, 0
0, 0, 0, 0, 0, 0, 0
0, 0, 0, 0, 0, 0, 0
0, 0, 0, 0, 0, 0, 0
0, 0, 0, 0, 0, 0, 0
0, 0, 0, 0, 0, 0, 0
0, 0, 0, 0, 0, 0, 0
0, 0, 0, 0, 0, 0, 0
0, 0, 0, 0, 0, 0, 0
0, 0, 0, 0, 0, 0, 0
0, 0, 0, 0, 0, 0, 0
0, 0, 0, 0, 0, 0, 0
0, 0, 0, 0, 0, 0, 0
0, 0, 0, 0, 0, 0, 0
0, 0, 0, 0, 0, 0, 0
0, 0, 0, 0, 0, 0, 0
0, 0, 0, 0, 0, 0, 0
0, 0, 0, 0, 0, 0, 0
0, 0, 0, 0, 0, 0, 0
0, 0, 0, 0, 0, 0, 0
0, 0, 0, 0, 0, 0, 0
0, 0, 0, 0, 0, 0, 0
0, 0, 0, 0, 0, 0, 0
0, 0, 0, 0, 0, 0, 0
0, 0, 0, 0, 0, 0, 0
0, 0, 0, 0, 0, 0, 0
0, 0, 0, 0, 0, 0, 0
0, 0, 0, 0, 0, 0, 0
0, 0, 0, 0, 0, 0, 0
0, 0, 0, 0, 0, 0, 0
0, 0, 0, 0, 0, 0, 0
0, 0, 0, 0, 0, 0, 0
0, 0, 0, 0, 0, 0, 0
0, 0, 0, 0, 0, 0, 0
0, 0, 0, 0, 0, 0, 0
0, 0, 0, 0, 0, 0, 0
0, 0, 0, 0, 0, 0, 0
0, 0, 0, 0, 0, 0, 0
0, 0, 0, 0, 0, 0, 0
0, 0, 0, 0, 0, 0, 0
0, 0, 0, 0, 0, 0, 0
0, 0, 0, 0, 0, 0, 0
0, 0, 0, 0, 0, 0, 0
0, 0, 0, 0, 0, 0, 0
0, 0, 0, 0, 0, 0, 0
0, 0, 0, 0, 0, 0, 0
0, 0, 0, 0, 0, 0, 0
0, 0, 0, 0, 0, 0, 0
0, 0, 0, 0, 0, 0, 0
0, 0, 0, 0, 0, 0, 0
0, 0, 0, 0, 0, 0, 0
0, 0, 0, 0, 0, 0, 0
0, 0, 0, 0, 0, 0, 0
0, 0, 0, 0, 0, 0, 0
0, 0, 0, 0, 0, 0, 0
0, 0, 0, 0, 0, 0, 0
0, 0, 0, 0, 0, 0, 0
0, 0, 0, 0, 0, 0, 0
0, 0, 0, 0, 0, 0, 0
0, 0, 0, 0, 0, 0, 0
0, 0, 0, 0, 0, 0, 0
0, 0, 0, 0, 0, 0, 0
0, 0, 0, 0, 0, 0, 0
0, 0, 0, 0, 0, 0, 0
0, 0, 0, 0, 0, 0, 0
0, 0, 0, 0, 0, 0, 0
0, 0, 0, 0, 0, 0, 0
0, 0, 0, 0, 0, 0, 0
0, 0, 0, 0, 0, 0, 0
0, 0, 0, 0, 0, 0, 0
0, 0, 0, 0, 0, 0, 0
0, 0, 0, 0, 0, 0, 0
0, 0, 0, 0, 0, 0, 0
0, 0, 0, 0, 0, 0, 0
0, 0, 0, 0, 0, 0, 0
0, 0, 0, 0, 0, 0, 0
0, 0, 0, 0, 0, 0, 0
0, 0, 0, 0, 0, 0, 0
0, 0, 0, 0, 0, 0, 0
0, 0, 0, 0, 0, 0, 0
0, 0, 0, 0, 0, 0, 0
0, 0, 0, 0, 0, 0, 0
0, 0, 0, 0, 0, 0, 0
0, 0, 0, 0, 0, 0, 0
0, 0, 0, 0, 0, 0, 0
0, 0, 0, 0, 0, 0, 0
0, 0, 0, 0, 0, 0, 0
0, 0, 0, 0, 0, 0, 0
0, 0, 0, 0, 0, 0, 0
0, 0, 0, 0, 0, 0, 0
0, 0, 0, 0, 0, 0, 0
0, 0, 0, 0, 0, 0, 0
0, 0, 0, 0, 0, 0, 0
0, 0, 0, 0, 0, 0, 0
0, 0, 0, 0, 0, 0, 0
0, 0, 0, 0, 0, 0, 0
0, 0, 0, 0, 0, 0, 0
0, 0, 0, 0, 0, 0, 0
0, 0, 0, 0, 0, 0, 0
0, 0, 0, 0, 0, 0, 0
0, 0, 0, 0, 0, 0, 0
0, 0, 0, 0, 0, 0, 0
0, 0, 0, 0, 0, 0, 0
0, 0, 0, 0, 0, 0, 0
0, 0, 0, 0, 0, 0, 0
0, 0, 0, 0, 0, 0, 0
0, 0, 0, 0, 0, 0, 0
0, 0, 0, 0, 0, 0, 0
0, 0, 0, 0, 0, 0, 0
0, 0, 0, 0, 0, 0, 0
0, 0, 0, 0, 0, 0, 0
0, 0, 0, 0, 0, 0, 0
0, 0, 0, 0, 0, 0, 0
0, 0, 0, 0, 0, 0, 0
0, 0, 0, 0, 0, 0, 0
0, 0, 0, 0, 0, 0, 0
0, 0, 0, 0, 0, 0, 0
0, 0, 0, 0, 0, 0, 0
0, 0, 0, 0, 0, 0, 0
0, 0, 0, 0, 0, 0, 0
0, 0, 0, 0, 0, 0, 0
0, 0, 0, 0, 0, 0, 0
0, 0, 0, 0, 0, 0, 0
0, 0, 0, 0, 0, 0, 0
0, 0, 0, 0, 0, 0, 0
0, 0, 0, 0, 0, 0, 0
0, 0, 0, 0, 0, 0, 0
0, 0, 0, 0, 0, 0, 0
0, 0, 0, 0, 0, 0, 0
0, 0, 0, 0, 0, 0, 0
0, 0, 0, 0, 0, 0, 0
0, 0, 0, 0, 0, 0, 0
0, 0, 0, 0, 0, 0, 0
0, 0, 0, 0, 0, 0, 0
0, 0, 0, 0, 0, 0, 0
0, 0, 0, 0, 0, 0, 0
0, 0, 0, 0, 0, 0, 0
0, 0, 0, 0, 0, 0, 0
0, 0, 0, 0, 0, 0, 0
0, 0, 0, 0, 0, 0, 0
0, 0, 0, 0, 0, 0, 0
0, 0, 0, 0, 0, 0, 0
0, 0, 0, 0, 0, 0, 0
0, 0, 0, 0, 0, 0, 0
0, 0, 0, 0, 0, 0, 0
0, 0, 0, 0, 0, 0, 0
0, 0, 0, 0, 0, 0, 0
0, 0, 0, 0, 0, 0, 0
0, 0, 0, 0, 0, 0, 0
0, 0, 0, 0, 0, 0, 0
0, 0, 0, 0, 0, 0, 0
0, 0, 0, 0, 0, 0, 0
0, 0, 0, 0, 0, 0, 0
0, 0, 0, 0, 0, 0, 0
0, 0, 0, 0, 0, 0, 0
0, 0, 0, 0, 0, 0, 0
0, 0, 0, 0, 0, 0, 0
0, 0, 0, 0, 0, 0, 0
0, 0, 0, 0, 0, 0, 0
0, 0, 0, 0, 0, 0, 0
0, 0, 0, 0, 0, 0, 0
0, 0, 0, 0, 0, 0, 0
0, 0, 0, 0, 0, 0, 0
0, 0, 0, 0, 0, 0, 0
0, 0, 0, 0, 0, 0, 0
0, 0, 0, 0, 0, 0, 0
0, 0, 0, 0, 0, 0, 0
0, 0, 0, 0, 0, 0, 0
0, 0, 0, 0, 0, 0, 0
0, 0, 0, 0, 0, 0, 0
0, 0, 0, 0, 0, 0, 0
0, 0, 0, 0, 0, 0, 0
0, 0, 0, 0, 0, 0, 0
0, 0, 0, 0, 0, 0, 0
0, 0, 0, 0, 0, 0, 0
0, 0, 0, 0, 0, 0, 0
0, 0, 0, 0, 0, 0, 0
0, 0, 0, 0, 0, 0, 0
0, 0, 0, 0, 0, 0, 0
0, 0, 0, 0, 0, 0, 0
0, 0, 0, 0, 0, 0, 0
0, 0, 0, 0, 0, 0, 0
0, 0, 0, 0, 0, 0, 0
0, 0, 0, 0, 0, 0, 0
0, 0, 0, 0, 0, 0, 0
0, 0, 0, 0, 0, 0, 0
0, 0, 0, 0, 0, 0, 0
0, 0, 0, 0, 0, 0, 0
0, 0, 0, 0, 0, 0, 0
0, 0, 0, 0, 0, 0, 0
0, 0, 0, 0, 0, 0, 0
0, 0, 0, 0, 0, 0, 0
0, 0, 0, 0, 0, 0, 0
0, 0, 0, 0, 0, 0, 0
0, 0, 0, 0, 0, 0, 0
0, 0, 0, 0, 0, 0, 0
0, 0, 0, 0, 0, 0, 0
0, 0, 0, 0, 0, 0, 0
0, 0, 0, 0, 0, 0, 0
0, 0, 0, 0, 0, 0, 0
0, 0, 0, 0, 0, 0, 0
0, 0, 0, 0, 0, 0, 0
0, 0, 0, 0, 0, 0, 0
0, 0, 0, 0, 0, 0, 0
0, 0, 0, 0, 0, 0, 0
0, 0, 0, 0, 0, 0, 0
0, 0, 0, 0, 0, 0, 0
0, 0, 0, 0, 0, 0, 0
0, 0, 0, 0, 0, 0, 0
0, 0, 0, 0, 0, 0, 0
0, 0, 0, 0, 0, 0, 0
0, 0, 0, 0, 0, 0, 0
0, 0, 0, 0, 0, 0, 0
0, 0, 0, 0, 0, 0, 0
0, 0, 0, 0, 0, 0, 0
0, 0, 0, 0, 0, 0, 0
0, 0, 0, 0, 0, 0, 0
0, 0, 0, 0, 0, 0, 0
0, 0, 0, 0, 0, 0, 0
0, 0, 0, 0, 0, 0, 0
0, 0, 0, 0, 0, 0, 0
0, 0, 0, 0, 0, 0, 0
0, 0, 0, 0, 0, 0, 0
0, 0, 0, 0, 0, 0, 0
0, 0, 0, 0, 0, 0, 0
0, 0, 0, 0, 0, 0, 0
0, 0, 0, 0, 0, 0, 0
0, 0, 0, 0, 0, 0, 0
0, 0, 0, 0, 0, 0, 0
0, 0, 0, 0, 0, 0, 0
0, 0, 0, 0, 0, 0, 0
0, 0, 0, 0, 0, 0, 0
0, 0, 0, 0, 0, 0, 0
0, 0, 0, 0, 0, 0, 0
0, 0, 0, 0, 0, 0, 0
0, 0, 0, 0, 0, 0, 0
0, 0, 0, 0, 0, 0, 0
0, 0, 0, 0, 0, 0, 0
0, 0, 0, 0, 0, 0, 0
0, 0, 0, 0, 0, 0, 0
0, 0, 0, 0, 0, 0, 0
0, 0, 0, 0, 0, 0, 0
0, 0, 0, 0, 0, 0, 0
0, 0, 0, 0, 0, 0, 0
0, 0, 0, 0, 0, 0, 0
0, 0, 0, 0, 0, 0, 0
0, 0, 0, 0, 0, 0, 0
0, 0, 0, 0, 0, 0, 0
0, 0, 0, 0, 0, 0, 0
0, 0, 0, 0, 0, 0, 0
0, 0, 0, 0, 0, 0, 0
0, 0, 0, 0, 0, 0, 0
0, 0, 0, 0, 0, 0, 0
0, 0, 0, 0, 0, 0, 0
0, 0, 0, 0, 0, 0, 0
0, 0, 0, 0, 0, 0, 0
0, 0, 0, 0, 0, 0, 0
0, 0, 0, 0, 0, 0, 0
0, 0, 0, 0, 0, 0, 0
0, 0, 0, 0, 0, 0, 0
0, 0, 0, 0, 0, 0, 0
0, 0, 0, 0, 0, 0, 0
0, 0, 0, 0, 0, 0, 0
0, 0, 0, 0, 0, 0, 0
0, 0, 0, 0, 0, 0, 0
0, 0, 0, 0, 0, 0, 0
0, 0, 0, 0, 0, 0, 0
0, 0, 0, 0, 0, 0, 0
0, 0, 0, 0, 0, 0, 0
0, 0, 0, 0, 0, 0, 0
0, 0, 0, 0, 0, 0, 0
0, 0, 0, 0, 0, 0, 0
0, 0, 0, 0, 0, 0, 0
0, 0, 0, 0, 0, 0, 0
0, 0, 0, 0, 0, 0, 0
0, 0, 0, 0, 0, 0, 0
0, 0, 0, 0, 0, 0, 0
0, 0, 0, 0, 0, 0, 0
0, 0, 0, 0, 0, 0, 0
0, 0, 0, 0, 0, 0, 0
0, 0, 0, 0, 0, 0, 0
0, 0, 0, 0, 0, 0, 0
0, 0, 0, 0, 0, 0, 0
0, 0, 0, 0, 0, 0, 0
0, 0, 0, 0, 0, 0, 0
0, 0, 0, 0, 0, 0, 0
0, 0, 0, 0, 0, 0, 0
0, 0, 0, 0, 0, 0, 0
0, 0, 0, 0, 0, 0, 0
0, 0, 0, 0, 0, 0, 0
0, 0, 0, 0, 0, 0, 0
0, 0, 0, 0, 0, 0, 0
0, 0, 0, 0, 0, 0, 0
0, 0, 0, 0, 0, 0, 0
0, 0, 0, 0, 0, 0, 0
0, 0, 0, 0, 0, 0, 0
0, 0, 0, 0, 0, 0, 0
0, 0, 0, 0, 0, 0, 0
0, 0, 0, 0, 0, 0, 0
0, 0, 0, 0, 0, 0, 0
0, 0, 0, 0, 0, 0, 0
0, 0, 0, 0, 0, 0, 0
0, 0, 0, 0, 0, 0, 0
0, 0, 0, 0, 0, 0, 0
0, 0, 0, 0, 0, 0, 0
0, 0, 0, 0, 0, 0, 0
0, 0, 0, 0, 0, 0, 0
0, 0, 0, 0, 0, 0, 0
0, 0, 0, 0, 0, 0, 0
0, 0, 0, 0, 0, 0, 0
0, 0, 0, 0, 0, 0, 0
0, 0, 0, 0, 0, 0, 0
0, 0, 0, 0, 0, 0, 0
0, 0, 0, 0, 0, 0, 0
0, 0, 0, 0, 0, 0, 0
0, 0, 0, 0, 0, 0, 0
0, 0, 0, 0, 0, 0, 0
0, 0, 0, 0, 0, 0, 0
0, 0, 0, 0, 0, 0, 0
0, 0, 0, 0, 0, 0, 0
0, 0, 0, 0, 0, 0, 0
0, 0, 0, 0, 0, 0, 0
0, 0, 0, 0, 0, 0, 0
0, 0, 0, 0, 0, 0, 0
0, 0, 0, 0, 0, 0, 0
0, 0, 0, 0, 0, 0, 0
0, 0, 0, 0, 0, 0, 0
0, 0, 0, 0, 0, 0, 0
0, 0, 0, 0, 0, 0, 0
0, 0, 0, 0, 0, 0, 0
0, 0, 0, 0, 0, 0, 0
0, 0, 0, 0, 0, 0, 0
0, 0, 0, 0, 0, 0, 0
0, 0, 0, 0, 0, 0, 0
0, 0, 0, 0, 0, 0, 0
0, 0, 0, 0, 0, 0, 0
0, 0, 0, 0, 0, 0, 0
0, 0, 0, 0, 0, 0, 0
0, 0, 0, 0, 0, 0, 0
0, 0, 0, 0, 0, 0, 0
0, 0, 0, 0, 0, 0, 0
0, 0, 0, 0, 0, 0, 0
0, 0, 0, 0, 0, 0, 0
0, 0, 0, 0, 0, 0, 0
0, 0, 0, 0, 0, 0, 0
0, 0, 0, 0, 0, 0, 0
0, 0, 0, 0, 0, 0, 0
0, 0, 0, 0, 0, 0, 0
0, 0, 0, 0, 0, 0, 0
0, 0, 0, 0, 0, 0, 0
0, 0, 0, 0, 0, 0, 0
0, 0, 0, 0, 0, 0, 0
0, 0, 0, 0, 0, 0, 0
0, 0, 0, 0, 0, 0, 0
0, 0, 0, 0, 0, 0, 0
0, 0, 0, 0, 0, 0, 0
0, 0, 0, 0, 0, 0, 0
0, 0, 0, 0, 0, 0, 0
0, 0, 0, 0, 0, 0, 0
0, 0, 0, 0, 0, 0, 0
0, 0, 0, 0, 0, 0, 0
0, 0, 0, 0, 0, 0, 0
0, 0, 0, 0, 0, 0, 0
0, 0, 0, 0, 0, 0, 0
0, 0, 0, 0, 0, 0, 0
0, 0, 0, 0, 0, 0, 0
0, 0, 0, 0, 0, 0, 0
0, 0, 0, 0, 0, 0, 0
0, 0, 0, 0, 0, 0, 0
0, 0, 0, 0, 0, 0, 0
0, 0, 0, 0, 0, 0, 0
0, 0, 0, 0, 0, 0, 0
0, 0, 0, 0, 0, 0, 0
0, 0, 0, 0, 0, 0, 0
0, 0, 0, 0, 0, 0, 0
0, 0, 0, 0, 0, 0, 0
0, 0, 0, 0, 0, 0, 0
0, 0, 0, 0, 0, 0, 0
0, 0, 0, 0, 0, 0, 0
0, 0, 0, 0, 0, 0, 0
0, 0, 0, 0, 0, 0, 0
0, 0, 0, 0, 0, 0, 0
0, 0, 0, 0, 0, 0, 0
0, 0, 0, 0, 0, 0, 0
0, 0, 0, 0, 0, 0, 0
0, 0, 0, 0, 0, 0, 0
0, 0, 0, 0, 0, 0, 0
0, 0, 0, 0, 0, 0, 0
0, 0, 0, 0, 0, 0, 0
0, 0, 0, 0, 0, 0, 0
0, 0, 0, 0, 0, 0, 0
0, 0, 0, 0, 0, 0, 0
0, 0, 0, 0, 0, 0, 0
0, 0, 0, 0, 0, 0, 0
0, 0, 0, 0, 0, 0, 0
8.89360375, 9.045455, 9.2464735, 9.547293, 9.73474125, 13.804678829999999, 20.217992
8.8895215, 9.044409, 9.240148, 9.506237, 9.708528699999999, 13.618961919999998, 36.893046
8.887713999999999, 9.040006, 9.253893, 9.5664525, 9.8362494, 16.18153611, 24.370709
8.88165, 9.0358585, 9.252187750000001, 9.503905500000002, 9.74944565, 16.05074345, 32.855096
8.893078, 9.045492, 9.25468275, 9.5251311, 9.7402127, 12.018703149999979, 19.656824
8.8907805, 9.0420355, 9.24064625, 9.5623127, 9.7989773, 14.682293769999989, 36.893046
8.88851425, 9.034553500000001, 9.243742000000001, 9.509272600000001, 9.6926998, 14.67048174, 22.552578
8.87384475, 9.030857, 9.22379975, 9.501177, 9.694772449999999, 16.26019, 19.656824
8.878629, 9.042458499999999, 9.242308, 9.553734, 9.842741349999999, 14.787802599999992, 22.552578
8.878592, 9.0392185, 9.237048249999999, 9.474729400000001, 9.71445245, 11.930791539999985, 36.893046
8.884625250000001, 9.042962, 9.26192025, 9.519970500000001, 9.7951645, 16.10014703, 24.370709
8.88532825, 9.043391, 9.242944, 9.510075700000002, 9.817932449999999, 16.03043855, 22.552578
8.889481, 9.044959500000001, 9.230738, 9.4870663, 9.7086902, 10.953966249999999, 23.303856
8.86965, 9.0050955, 9.179358, 9.4546496, 9.920890049999997, 11.749544249999989, 29.227148
8.8635825, 8.993110999999999, 9.17400625, 9.440054, 10.005764699999997, 11.970619969999992, 33.51644
8.8692625, 9.0032625, 9.16740575, 9.4338461, 9.880081549999996, 11.961167169999998, 33.51644
8.860885249999999, 8.9991825, 9.171387, 9.4567853, 10.065196599999998, 12.372486, 37.448702
8.8629575, 9.0125955, 9.19333, 9.4445625, 9.941349199999998, 11.780336179999992, 35.734803
8.862495000000001, 9.008628, 9.17998425, 9.4608703, 9.94995795, 11.932734399999998, 35.734803
8.865049, 9.003573, 9.193818, 9.4852188, 10.189512, 12.372583369999997, 37.448702
8.868149, 9.001630500000001, 9.183992, 9.438996, 9.9465109, 11.999825449999989, 33.51644
8.86926825, 9.009644999999999, 9.1839855, 9.4467835, 9.896459749999998, 11.897930429999999, 37.448702
8.8629475, 9.004898, 9.1815945, 9.445279699999999, 9.8794452, 11.89655337, 15.286468
8.8634315, 9.008962, 9.185218, 9.4589331, 9.9053934, 12.070419, 37.448702
8.866556000000001, 9.005432, 9.173272749999999, 9.445860999999999, 9.992949849999997, 12.070439959999998, 35.487972
8.860651749999999, 8.997967, 9.168669, 9.4340334, 9.952229999999997, 12.054451, 37.448702
8.864464250000001, 8.9968065, 9.16995425, 9.4445506, 9.953501099999999, 12.00816916999999, 35.330604
8.862812, 9.006582, 9.18774425, 9.463549, 9.930401999999997, 11.875228479999995, 33.51644
8.868146000000001, 9.005305, 9.18589675, 9.459141, 9.85704105, 11.894667389999999, 29.227148
8.85808175, 9.005264, 9.19432975, 9.4545219, 9.992117799999999, 12.222369769999998, 35.734803
8.872347, 9.001043500000002, 9.17159175, 9.4144336, 9.8792836, 11.77998, 37.448702
8.858771, 9.000257, 9.17402675, 9.454555899999999, 9.94988625, 11.83972962999999, 14.651023
8.8623735, 9.0021235, 9.1932555, 9.4622059, 10.053427649999996, 11.922378999999996, 37.448702
8.869962, 9.004629, 9.17541375, 9.4347723, 9.930965, 11.89486393, 33.51644
8.859181249999999, 8.9852685, 9.16348425, 9.4220907, 9.89633605, 11.874442, 35.330604
8.857832, 8.9945325, 9.171579999999999, 9.443059, 9.998264149999999, 12.00816916999999, 37.448702
8.866711, 9.0038475, 9.185562000000001, 9.4675516, 10.092368199999997, 12.257208, 37.448702
8.875744000000001, 9.013717, 9.191807, 9.478586, 10.0899381, 12.312602529999992, 16.295498
8.87235675, 9.015033, 9.190142999999999, 9.466553, 10.243175999999998, 12.312602529999992, 35.734803
8.862099, 9.005091, 9.17960725, 9.4591532, 9.985900799999998, 11.932734399999998, 37.448702
8.790965, 9.076728, 10.2620835, 11.6610979, 12.5295792, 15.27753, 26.889073
8.778147, 9.05295, 10.1492615, 11.5824087, 12.320075, 14.996234440000006, 26.889073
8.783974500000001, 9.0390225, 10.1448915, 11.582142900000001, 12.368273, 15.273403, 19.563106
8.786701749999999, 9.054426, 10.225465, 11.6492874, 12.342182450000001, 14.826060440000024, 26.889073
8.7835005, 9.043728, 10.121811, 11.617035600000001, 12.385728750000002, 14.757654060000013, 19.563106
8.7813905, 9.0480465, 10.127439, 11.559324, 12.261227550000001, 14.783345550000007, 19.563106
8.78237525, 9.040553, 10.15529675, 11.610128800000004, 12.4248085, 15.093761, 19.393533
8.64423425, 9.113885, 10.773581499999999, 12.480118200000001, 14.0784085, 17.813216060000006, 34.462112
8.64358975, 9.140528, 10.80152075, 12.378577600000002, 13.94344149999999, 17.483607930000012, 38.404747
8.656422, 9.1427105, 10.78776325, 12.389567, 14.029004149999977, 17.872018, 38.813544
8.655723, 9.149592, 10.76010275, 12.403241400000002, 13.984007949999995, 17.45923732000002, 38.404747
9.115609, 11.250906, 14.167474, 17.316394, 19.83955754999997, 25.87213881, 44.22794
9.1342035, 11.344909999999999, 14.275076, 17.587284, 20.072426, 25.677274, 44.22794
9.11931875, 11.314011, 14.04415925, 17.304474, 19.927271, 26.508652, 44.22794
9.13514, 11.253902499999999, 14.02487925, 17.360077, 19.83876394999998, 25.618142320000036, 44.22794
9.086477499999999, 11.139126, 13.9956665, 17.2851811, 19.820696299999987, 25.386005, 39.815707
9.0962625, 11.229555999999999, 14.141160750000001, 17.462277600000007, 19.87902209999999, 25.87213881, 44.22794
9.110852, 11.26261, 14.104936, 17.521583, 20.085348, 25.786816660000003, 44.22794
9.12291, 11.207526, 14.08632, 17.186841, 19.742944849999997, 25.607740360000015, 44.22794
9.077494, 11.213649499999999, 14.01255475, 17.2652033, 19.71428855, 25.677274, 44.22794
9.114235, 11.253336000000001, 14.093976, 17.5605375, 19.99319179999999, 25.872138, 44.22794
9.094923249999999, 11.203379, 14.08378325, 17.476674, 20.1550829, 26.491486, 40.625286
9.114064, 11.296549500000001, 14.104708, 17.478150300000006, 20.1550829, 25.872219, 40.625286
9.136254, 11.258859, 14.14832475, 17.3209431, 19.874443449999998, 25.792145010000016, 44.22794
9.08725025, 11.233979999999999, 14.10436, 17.582676, 20.019651849999995, 25.398768280000013, 44.22794
9.1312205, 11.2585625, 14.12354325, 17.4011065, 19.911350799999997, 25.569375, 44.22794
9.147268, 11.315539, 14.174996, 17.512314, 19.83876394999998, 25.617047350000014, 40.625286
9.099244, 11.2343785, 14.157585000000001, 17.708776, 20.090134599999974, 26.460815, 44.22794
9.127095, 11.287254, 14.193923, 17.491916300000003, 19.929228349999974, 25.259308210000004, 44.22794
9.1161295, 11.186618500000002, 14.094360250000001, 17.412054, 20.132680399999998, 26.66097058000011, 44.22794
9.110913, 11.240114, 14.050731500000001, 17.379265, 19.783766099999973, 26.015162, 40.625286
9.103959999999999, 11.261554, 14.07161575, 17.417718, 20.054081, 26.124527060000016, 44.22794
9.090259, 11.2749365, 13.960345, 17.365665600000003, 19.916648, 26.124527060000016, 44.22794
9.125082, 11.242847000000001, 14.06224275, 17.491437, 20.027207, 26.123703, 44.22794
9.096072249999999, 11.204491, 13.999272000000001, 17.2656373, 19.9112804, 25.872219, 44.22794
9.111264250000001, 11.281358, 14.047847, 17.318689, 19.706099599999998, 25.398104, 44.22794
9.09991825, 11.184095500000002, 14.1054395, 17.4011065, 20.059199949999993, 26.531374, 40.625286
9.1342035, 11.250684, 14.067892, 17.4126204, 19.863045149999994, 25.792145010000016, 44.22794
9.081843, 11.154673500000001, 13.962396, 17.2574, 19.89759, 25.67957175000005, 44.22794
9.13522175, 11.2477145, 13.994561, 17.23061, 19.582581149999996, 25.909215540000048, 40.625286
9.09081825, 11.1693035, 13.976241, 17.316394, 19.71428855, 24.756342, 40.625286
10.160772, 12.864645, 16.6898515, 21.2361995, 24.022860749999996, 30.024700120000002, 43.791491
10.154326, 12.773047, 16.534053, 20.862169800000004, 23.914384, 30.20091738000002, 40.498626
8.78468, 9.053603, 10.222539000000001, 11.659932, 12.5126233, 15.054253, 107.26316699451073
8.78722075, 9.059111, 10.225062, 11.649208500000002, 12.465433, 14.82504950999999, 26.889073
8.78691, 9.054016, 10.230541, 11.633141, 12.426091, 14.815179, 26.889073
10.161399, 12.823557, 16.530872000000002, 20.899391200000018, 23.914962, 30.709243419999993, 109.83201987978032
10.145979, 12.894892500000001, 16.56038375, 20.872157200000007, 23.634853849999992, 29.90580211000003, 43.791491
10.141699, 12.690254, 16.404105, 20.789949, 23.606317349999998, 29.875391, 43.791491
10.1344675, 12.707747999999999, 16.480203, 20.920112, 23.787914899999986, 29.90537788000002, 40.498626
8.785227, 9.05317, 10.189086, 11.643211, 12.449142699999987, 14.96492, 108.53987896127664
8.84272725, 9.012914, 9.271018, 10.395223, 11.482916, 13.400096, 105.94165137961183
8.84392275, 9.0123155, 9.271596, 10.3980373, 11.519887499999996, 13.314131840000012, 37.448702
8.730238, 9.0822135, 10.529152, 12.0330885, 13.21983895, 16.570951, 115.94059795872349
8.725182, 9.067239, 10.500564, 11.972487700000002, 13.022908, 16.385151, 38.813544
8.72320925, 9.063883, 10.48857, 11.986189, 13.132643449999998, 16.39379692, 38.813544
8.726604, 9.057773000000001, 10.5198775, 11.988140800000009, 13.156208, 16.385237379999985, 38.813544
8.73152975, 9.082836, 10.533652, 12.063364, 13.164064899999996, 16.712506109999886, 38.813544
8.649318, 9.132194, 10.799044, 12.440112200000005, 14.062613, 17.69964492999999, 38.813544
8.645996, 9.124901, 10.801449, 12.426273, 14.009391, 17.786971, 38.813544
8.643484, 9.110686, 10.792788250000001, 12.42623, 14.021462, 17.629572, 38.404747
8.6467705, 9.127385, 10.8072195, 12.408001, 14.057811, 17.663793, 38.813544
8.72432125, 9.066558, 10.4913025, 11.959608000000006, 13.139181, 16.7835, 38.813544
8.727382, 9.063694, 10.50785, 11.934604000000007, 13.132799299999995, 16.620502, 38.404747
8.727066, 9.086361, 10.542447, 12.042797, 13.259844749999996, 16.571008739999993, 38.404747
8.72970475, 9.089133499999999, 10.55811, 12.034958700000004, 13.137592, 16.571180659999964, 38.813544
8.73100625, 9.071628, 10.544599, 12.094373, 13.232774499999998, 16.703847219999986, 38.813544
8.725408, 9.066558, 10.487455, 11.9862213, 13.155389, 16.681079199999953, 38.404747
8.730609, 9.082391, 10.519539, 11.978343400000004, 13.122542099999999, 16.38437187, 38.813544
8.723854750000001, 9.0765805, 10.520816, 11.992856, 13.155429949999998, 16.594025899999984, 38.813544
8.721577, 9.069825999999999, 10.517271, 11.974163, 13.132643449999998, 16.319874, 38.813544
8.786584, 9.060868, 10.238835, 11.670335, 12.50278965, 15.239759, 26.889073
8.789546, 9.0602105, 10.230986, 11.645967, 12.444344, 14.953992379999983, 26.889073
8.78401825, 9.0505645, 10.22029575, 11.653518, 12.469874149999999, 14.902097389999952, 26.889073
8.788326999999999, 9.05317, 10.2459785, 11.657958, 12.457105, 15.027922909999964, 26.889073
8.7909, 9.051623, 10.200565, 11.649735, 12.492387399999997, 15.054253, 26.889073
8.787271, 9.053013, 10.229197, 11.671818, 12.518624, 15.027702, 26.889073
8.785933, 9.056303, 10.229351, 11.650619200000003, 12.474833899999998, 14.831956519999933, 26.889073
8.783182, 9.053267, 10.215759, 11.648901, 12.449812199999998, 14.815179, 26.889073
8.786217, 9.055901, 10.245774, 11.653620400000003, 12.439778, 14.873968019999955, 26.889073
8.78417975, 9.050234, 10.20749, 11.623755, 12.385116, 14.741543, 26.889073
8.782513, 9.047141, 10.205375, 11.636392, 12.426591749999993, 14.824984, 26.889073
8.78468, 9.050942, 10.202046000000001, 11.653518, 12.426091, 14.822824, 26.889073
8.72933925, 9.06916, 10.523224, 11.974232200000003, 13.15625055, 16.7835, 38.404747
8.72807575, 9.088057, 10.529152, 12.022530800000002, 13.157196249999998, 16.44275985999996, 38.813544
8.732488, 9.084108, 10.54957125, 12.051037, 13.240556, 16.942509, 38.404747
8.784007, 9.045776, 10.21173825, 11.646801, 12.426091, 14.902097389999952, 26.889073
8.833646, 9.01923, 9.37982675, 10.932514, 11.832256799999998, 13.980222, 37.448702
8.833326750000001, 9.018692000000001, 9.3829985, 10.8891472, 11.745456, 13.731891459999938, 24.923449
8.78464, 9.059646, 10.240397, 11.672662100000002, 12.472115, 14.901789, 19.563106
8.785933, 9.046956, 10.199523, 11.646050400000002, 12.465651399999997, 14.932628, 26.889073
8.783858, 9.046639, 10.183768, 11.657958, 12.451222, 14.831535, 26.889073
8.785522, 9.053049, 10.2128345, 11.645967, 12.457268299999997, 14.953992379999983, 26.889073
8.784022, 9.046385, 10.201259, 11.622074, 12.388296, 14.873687, 26.889073
8.784022, 9.046104, 10.214986249999999, 11.629453, 12.375398, 14.783024, 26.889073
8.786584, 9.051, 10.2128345, 11.640647, 12.424808499999997, 15.049793, 26.889073
8.7835005, 9.049619, 10.212492, 11.633141, 12.43980465, 14.803997, 26.889073
8.789424, 9.0584835, 10.21853, 11.636392, 12.38512925, 14.94417, 26.889073
8.786515, 9.0504625, 10.220908, 11.645967, 12.451222, 14.932628, 26.889073
8.787271, 9.055464, 10.278133, 11.693899, 12.474833899999998, 14.901789, 26.889073
8.781933, 9.0446745, 10.196923, 11.6609012, 12.457268299999997, 14.824984, 26.889073
8.7835005, 9.053013, 10.236745, 11.638546, 12.465433, 14.996234439999961, 26.889073
8.781956, 9.050377, 10.205052, 11.633141, 12.471264, 14.938511, 26.889073
8.7841415, 9.046512, 10.19068925, 11.609365, 12.421048, 14.803997, 26.889073
8.785696000000002, 9.048317, 10.185552, 11.619728600000006, 12.43980465, 14.932686829999989, 26.889073
8.784408, 9.050942, 10.282496, 11.696501, 12.523508, 14.932628, 26.889073
8.784536, 9.050637, 10.20749, 11.642939, 12.424741, 14.824984, 26.889073
8.784519, 9.053049, 10.223651, 11.649208500000002, 12.444344, 14.932628, 26.889073
8.79101575, 9.063906, 10.254443, 11.660993, 12.451222, 14.873687, 26.889073
8.786061, 9.055168, 10.2483505, 11.670335, 12.530343, 14.873687, 26.889073
8.786363999999999, 9.059367, 10.240888, 11.654542, 12.474753, 14.932686829999989, 19.563106
8.791364249999999, 9.067009, 10.2393965, 11.66043, 12.472246899999998, 14.757332509999959, 26.889073
8.7831985, 9.0577405, 10.220908, 11.664709, 12.444613699999996, 14.96492, 26.889073
8.786584, 9.050234, 10.230684, 11.662684400000002, 12.471264, 14.932628, 26.889073
8.786178, 9.05295, 10.221427, 11.634025900000006, 12.420386, 14.801217, 26.889073
8.782061, 9.044996, 10.21423225, 11.634025900000006, 12.388296, 14.815179, 26.889073
8.78468, 9.05342, 10.199499, 11.600619, 12.375398, 14.801244799999996, 26.889073
8.789227, 9.0578155, 10.194815, 11.606706, 12.424741, 14.932628, 26.889073
8.78854875, 9.061801, 10.223743, 11.6609012, 12.478849, 14.96492, 26.889073
8.789424, 9.052958499999999, 10.213906000000001, 11.574359, 12.44381295, 14.824984, 26.889073
8.72438825, 9.0726675, 10.499997, 11.977714800000001, 13.189907099999992, 16.644732, 38.813544
8.730458, 9.0774845, 10.51315175, 12.021884300000002, 13.177114599999998, 16.844744, 38.813544
8.728517, 9.0752575, 10.521074, 11.998687800000006, 13.120155, 16.468585, 38.813544
8.723493, 9.073376, 10.540406, 12.067157, 13.221502, 16.78368708999997, 38.404747
8.730198, 9.071950000000001, 10.52586325, 12.007947, 13.156208, 16.644732, 38.813544
8.72181325, 9.068313, 10.51938225, 12.044046, 13.132498, 16.605728, 38.404747
8.728604, 9.082381, 10.54327625, 12.089546, 13.241438, 16.903294109999937, 38.813544
8.724767, 9.0827195, 10.5287105, 12.0148483, 13.138524, 16.61575631, 38.404747
8.786504, 9.05342, 10.214815, 11.617604, 12.421150299999999, 14.901789, 26.889073
8.784007, 9.051341, 10.191764, 11.605303800000003, 12.420521399999998, 14.902097389999952, 26.889073
8.786481250000001, 9.0555345, 10.230986, 11.651564600000002, 12.440311, 14.804108819999982, 26.889073
8.78437, 9.051, 10.225465, 11.6429662, 12.421048, 14.736624, 26.889073
8.786061, 9.048323, 10.23312, 11.640647, 12.436106, 15.021127, 26.889073
8.78167, 9.0470295, 10.223743, 11.633141, 12.496195, 14.96492, 26.889073
8.789632749999999, 9.059239, 10.2007385, 11.633763, 12.436289599999999, 14.901789, 26.889073
8.786363999999999, 9.058924999999999, 10.223942, 11.6286736, 12.474753, 14.995983, 26.889073
8.784751, 9.061763, 10.242432, 11.640785400000002, 12.439778, 14.822845599999997, 26.889073
8.78849425, 9.053013, 10.18240825, 11.6154512, 12.439778, 15.049837599999993, 26.889073
8.788015, 9.049619, 10.21078275, 11.634025900000006, 12.443785, 14.831535, 26.889073
8.789546, 9.053049, 10.214815, 11.633141, 12.440311, 14.953992379999983, 26.889073
8.786741, 9.0536925, 10.2183605, 11.668574100000003, 12.523508, 15.093761, 26.889073
8.78186075, 9.0391705, 10.185072, 11.61575, 12.397371, 14.96492, 26.889073
8.72818225, 9.081262500000001, 10.538893999999999, 12.075191, 13.259016, 16.606225819999995, 38.404747
8.726774, 9.072232, 10.52978425, 12.023507500000001, 13.182134599999998, 16.593917, 38.813544
8.727053, 9.0732365, 10.500696000000001, 11.973621, 13.004805599999997, 16.38437187, 38.404747
8.73099375, 9.089939, 10.522628000000001, 12.018309, 13.135516249999998, 16.395060179999923, 38.813544
8.727758249999999, 9.075771, 10.544115, 12.01479, 13.1691522, 16.606196, 38.404747
8.725315, 9.0732395, 10.53066625, 12.014853900000002, 13.189907099999992, 16.61575631, 38.404747
8.7210225, 9.0694905, 10.52494225, 11.979360900000003, 13.13855685, 17.12742447999999, 38.813544
8.727355750000001, 9.088117, 10.528769, 12.04389, 13.252805099999996, 16.44275985999996, 38.813544
8.726923, 9.070223, 10.519707, 11.972483, 13.123117, 16.61575631, 38.813544
8.726978, 9.0741715, 10.488848, 11.970167100000003, 13.063738, 16.498811, 38.813544
8.7282985, 9.075771, 10.52159975, 12.007204, 13.159804, 16.385237379999985, 38.404747
8.725315, 9.077864, 10.529716, 12.009955, 13.151043699999997, 16.609291239999983, 38.813544
8.727053, 9.0640645, 10.48767375, 11.959658000000008, 13.02806534999999, 16.325909, 38.813544
8.727843, 9.0755845, 10.531125, 12.0074853, 13.127204599999995, 16.604807, 38.813544
8.72322125, 9.065621, 10.496252, 11.998687800000006, 13.112734, 16.378229, 38.813544
8.728103, 9.0790355, 10.521074, 12.0074853, 13.177002, 16.498811, 38.813544
8.727632499999999, 9.078523, 10.541135, 12.040927, 13.219887850000001, 16.30667933999998, 38.404747
8.790672, 9.0643625, 10.262115, 11.670335, 12.465433, 14.938567589999991, 26.889073
8.786584, 9.054306, 10.24141875, 11.662602, 12.474833899999998, 15.021127, 19.563106
8.784519, 9.052158, 10.227706, 11.66043, 12.471264, 14.94417, 26.889073
8.83577, 9.021089, 9.386531249999999, 10.908031, 11.871299, 14.112367, 37.448702
8.8301155, 9.013272, 9.365381, 10.870517000000001, 11.754746, 14.112367, 37.448702
8.834539, 9.017007, 9.382693, 10.866549599999999, 11.757076499999998, 13.762228029999989, 37.448702
8.834357, 9.0152555, 9.37164525, 10.870499, 11.755004349999998, 13.96692616999998, 37.448702
8.830326, 9.0149655, 9.372371, 10.8551553, 11.801317549999997, 14.054385209999996, 37.448702
8.8322875, 9.019575, 9.38537825, 10.9535321, 11.840671599999999, 14.054385209999996, 37.448702
8.835364, 9.021408, 9.387766000000001, 10.911256, 11.818554249999995, 14.025686749999972, 35.734803
8.830274, 9.017759, 9.372248, 10.8709129, 11.77083315, 13.94243, 35.734803
8.833505, 9.0112965, 9.362649000000001, 10.8754319, 11.7618517, 13.86263, 37.448702
8.832637, 9.021574, 9.378153, 10.8939811, 11.761705249999999, 14.005841, 35.487972
8.835476, 9.016708999999999, 9.377629, 10.897675, 11.801317549999997, 14.040122929999997, 37.448702
8.83169, 9.016145999999999, 9.364032, 10.809296, 11.721451, 13.605785989999932, 37.448702
8.831297, 9.017128, 9.384699, 10.894716, 11.7944575, 13.96692616999998, 35.487972
8.831913, 9.0176745, 9.397420499999999, 10.9754327, 11.865560049999996, 13.966802, 37.448702
8.831913, 9.014716, 9.363056, 10.925744, 11.869764749999998, 14.112456159999986, 37.448702
8.831491, 9.017285, 9.3763455, 10.886900500000001, 11.824515499999999, 14.022859149999995, 37.448702
8.83008525, 9.015366, 9.36534125, 10.8619671, 11.770826, 13.74960866999998, 35.734803
8.830292, 9.013791, 9.3605075, 10.852817100000001, 11.787182, 13.966936199999978, 35.734803
8.78691, 9.0531855, 10.223942, 11.648925900000002, 12.476371, 14.901789, 26.889073
8.781347, 9.050637, 10.241081, 11.646801, 12.440311, 14.932628, 26.889073
8.789424, 9.056102, 10.21806025, 11.646801, 12.436106, 14.932686829999989, 26.889073
8.784536, 9.048185, 10.236745, 11.654684, 12.469801, 14.932628, 26.889073
8.788431, 9.050377, 10.21853, 11.640647, 12.397729549999994, 14.801217, 19.393533
8.78167, 9.045826, 10.220221, 11.636587100000005, 12.476494899999999, 14.996234439999961, 26.889073
8.790431, 9.064582, 10.238835, 11.638343, 12.43980465, 14.902097389999952, 26.889073
8.786061, 9.059082499999999, 10.238835, 11.653620400000003, 12.465651399999997, 15.021127, 26.889073
8.784649, 9.054412, 10.246592, 11.653518, 12.490727, 14.938511, 26.889073
8.78248, 9.044144, 10.190331, 11.642031, 12.4204191, 15.049837599999993, 26.889073
8.78401825, 9.0470295, 10.220941, 11.625699, 12.395973549999999, 14.94417, 26.889073
8.78854875, 9.048128, 10.186704, 11.643211, 12.444082649999995, 14.944267119999985, 26.889073
8.789632, 9.05303, 10.211487, 11.634025900000006, 12.457105, 14.82504950999999, 26.889073
8.787975, 9.05317, 10.262115, 11.674203, 12.51207335, 15.027702, 26.889073
8.783448, 9.047103, 10.217937, 11.6475, 12.472115, 14.932686829999989, 26.889073
8.78935725, 9.053068, 10.2296485, 11.654542, 12.476371, 14.938511, 26.889073
8.78237525, 9.05295, 10.218304, 11.662042, 12.469801, 15.049793, 26.889073
8.784519, 9.053087, 10.226674, 11.650524, 12.436106, 14.824984, 26.889073
8.730201749999999, 9.082643000000001, 10.557977, 12.048465, 13.204716, 16.606225819999995, 38.813544
8.727532, 9.0703195, 10.502990500000001, 11.997521, 13.138524, 16.606196, 38.813544
8.726774, 9.067225, 10.5069615, 12.01479, 13.182134599999998, 16.821759959999987, 38.813544
8.73462825, 9.088258, 10.52494225, 11.962881, 13.108955849999997, 16.57689691999997, 38.813544
8.72695, 9.079835, 10.52049575, 11.973983, 13.067021, 16.498811, 38.813544
8.73022925, 9.089035, 10.552312, 12.089546, 13.240556, 16.844744, 38.813544
8.72938275, 9.088787, 10.532607, 12.025182700000002, 13.232951599999996, 16.571005939999992, 38.813544
8.73116875, 9.082391, 10.50544475, 11.981717500000004, 13.15082835, 16.593917, 38.813544
8.731288, 9.077864, 10.5425985, 12.034735, 13.177114599999998, 16.606225819999995, 38.813544
8.7271765, 9.081155, 10.52949925, 11.980386, 13.123117, 16.395060179999923, 38.813544
8.729396, 9.085435, 10.54133075, 12.0195132, 13.212251299999997, 16.609178, 38.813544
8.732740249999999, 9.082643000000001, 10.533097, 12.021884300000002, 13.182134599999998, 16.942509, 38.813544
8.786584, 9.048323, 10.21556475, 11.61575, 12.436106, 14.873968019999955, 26.889073
8.789062, 9.061801, 10.18435, 11.584302, 12.420386, 14.822824, 26.889073
8.784536, 9.048128, 10.196923, 11.623755, 12.472115, 14.96523062999995, 26.889073
8.78904, 9.0578155, 10.210208999999999, 11.642939, 12.460495199999999, 15.049793, 26.889073
8.784649, 9.059239, 10.285109, 11.678967, 12.512041, 14.995983, 26.889073
8.784519, 9.050637, 10.221427, 11.642121800000002, 12.457105, 14.938511, 26.889073
8.789546, 9.057212, 10.258038, 11.679502900000005, 12.457268299999997, 14.938511, 26.889073
8.785754, 9.055901, 10.2179475, 11.6154512, 12.397371, 14.746909, 26.889073
8.78579, 9.061763, 10.236745, 11.678967, 12.503913749999993, 14.938511, 26.889073
8.785803, 9.059038000000001, 10.212492, 11.671818, 12.479442899999992, 15.027702, 26.889073
8.786504, 9.057887, 10.220617, 11.649813900000002, 12.460371, 14.822824, 26.889073
8.784492, 9.048128, 10.217979, 11.660993, 12.469801, 15.02119274999999, 26.889073
8.78643225, 9.048323, 10.2116735, 11.607446800000002, 12.444344, 14.902097389999952, 26.889073
8.788432, 9.058028, 10.246912, 11.662098, 12.454557, 14.932628, 26.889073
8.783518, 9.046094, 10.205052, 11.6286736, 12.471264, 14.938511, 26.889073
8.788432, 9.060942, 10.220941, 11.647640100000004, 12.426091, 14.815179, 26.889073
8.786061, 9.044996, 10.176105, 11.613494, 12.439778, 14.873687, 26.889073
8.78383525, 9.053087, 10.227706, 11.6326631, 12.397371, 14.822824, 26.889073
8.785522, 9.058028, 10.224222, 11.638546, 12.421150299999999, 14.801244799999996, 26.889073
8.78900425, 9.053467, 10.21556475, 11.657958, 12.460371, 14.953882, 26.889073
8.784751, 9.053782, 10.227706, 11.660891, 12.397371, 14.932628, 26.889073
8.78450475, 9.050426, 10.2007385, 11.634025900000006, 12.424741, 14.831956519999933, 26.889073
8.831273, 9.0176745, 9.36979325, 10.897723, 11.770999849999999, 14.025496519999976, 35.734803
8.786481250000001, 9.045887, 10.202244, 11.650619200000003, 12.478849, 14.832237539999888, 19.563106
8.789632, 9.056303, 10.2144035, 11.617066, 12.462983899999998, 14.953992379999983, 26.889073
8.785933, 9.060682, 10.23312, 11.642031, 12.462855, 14.831535, 26.889073
8.786029, 9.053535, 10.205052, 11.633203200000002, 12.457268299999997, 14.824984, 26.889073
8.786178, 9.059367, 10.23324925, 11.657958, 12.490799999999998, 15.240095439999946, 26.889073
8.784652, 9.057744, 10.230684, 11.648901, 12.496195, 14.96492, 26.889073
8.784391750000001, 9.0613335, 10.251558, 11.629710000000005, 12.439778, 14.932628, 26.889073
8.78362975, 9.045826, 10.205375, 11.597828100000008, 12.397729549999994, 14.96492, 26.889073
8.78937475, 9.05576, 10.220221, 11.647640100000004, 12.421048, 14.94417, 26.889073
8.787855, 9.054016, 10.237786, 11.653518, 12.532010849999999, 14.944267119999985, 26.889073
8.834756, 9.016261, 9.370276, 10.8938288, 11.824461, 13.787291719999999, 37.448702
8.8358985, 9.017301, 9.3802995, 10.900963, 11.768581, 13.806771, 35.734803
8.8318725, 9.014146, 9.374436750000001, 10.875194600000002, 11.775228099999998, 13.787481839999968, 35.734803
8.8318295, 9.013935499999999, 9.36916525, 10.8584019, 11.747034799999998, 13.72568, 37.448702
8.829852, 9.017799499999999, 9.36172275, 10.835324, 11.725419, 13.720886419999992, 35.330604
8.834838, 9.015716, 9.352133, 10.8353418, 11.749378, 13.862658499999995, 35.734803
8.83497875, 9.0165375, 9.355275, 10.86392, 11.781833, 13.920710569999924, 35.734803
8.833487250000001, 9.022337, 9.384343, 10.874023, 11.761263, 13.788040429999878, 37.448702
8.835092, 9.01937, 9.367601, 10.894653, 11.7617, 14.022859149999995, 37.448702
8.8330185, 9.018413, 9.374021500000001, 10.9048486, 11.840519, 14.042414749999981, 37.448702
8.833326750000001, 9.0147555, 9.384562, 10.9265184, 11.778039, 14.05599, 37.448702
8.833306, 9.022027, 9.39287025, 10.945777399999999, 11.831821, 13.787949119999968, 37.448702
8.8334315, 9.01799, 9.372242, 10.887113900000001, 11.78007265, 13.892242, 35.734803
8.835437, 9.015435, 9.367168, 10.8448742, 11.7214358, 13.640735, 37.448702
8.83172875, 9.013224, 9.352575, 10.787471, 11.764251, 13.97922318, 37.448702
8.791862, 9.063969, 10.269875, 11.699479600000007, 12.531929, 14.995983, 26.889073
8.783767, 9.042789, 10.162719, 11.625699, 12.449738, 14.902097389999952, 26.889073
8.790938, 9.047141, 10.185552, 11.597828100000008, 12.413306599999995, 14.94417, 26.889073
8.790905, 9.05303, 10.2307595, 11.662602, 12.462855, 15.027922909999964, 19.563106
8.789062, 9.061801, 10.24796125, 11.64915, 12.460371, 14.824984, 26.889073
8.786217, 9.051623, 10.200565, 11.6754744, 12.512984799999996, 14.938567589999991, 26.889073
8.78167, 9.052887, 10.200366, 11.642031, 12.383635499999999, 14.873687, 26.889073
8.787855, 9.0527835, 10.2179475, 11.617329, 12.412934, 14.953882, 26.889073
8.725592, 9.066143, 10.52978425, 12.015373, 13.139758549999993, 16.615932159999993, 38.813544
8.727411, 9.073376, 10.516849, 11.938780500000005, 13.025272, 16.26913888999995, 38.404747
8.7267315, 9.0722735, 10.523224, 12.055264, 13.164032949999996, 16.498811, 34.462112
8.7311665, 9.089432, 10.542316, 12.008045500000001, 13.206562499999997, 16.57689691999997, 38.813544
8.64921075, 9.1343905, 10.8072195, 12.434019, 13.960113, 17.483054, 38.813544
8.647105250000001, 9.13779, 10.832974, 12.408001, 14.015086, 17.786071, 38.813544
8.642028, 9.1220545, 10.797017, 12.426232, 13.967338, 17.80231986999998, 38.813544
8.647442, 9.147061, 10.83674225, 12.469538, 14.027404, 17.793896, 38.813544
8.64633225, 9.141108, 10.819754, 12.426230200000001, 13.974773949999992, 17.629572, 38.813544
8.646902, 9.128324, 10.809144, 12.4361022, 13.994813, 17.709146019999878, 38.813544
8.645846, 9.119646, 10.837245, 12.439813, 14.034355, 17.8129, 38.813544
8.648617, 9.127207, 10.79577675, 12.394576, 13.93484, 17.61197375999997, 38.813544
8.649687, 9.142989, 10.8385125, 12.45322, 13.994813, 17.793979169999986, 38.813544
8.643807, 9.126235, 10.802272, 12.42623, 13.974773949999992, 17.922076719999986, 38.813544
8.648585749999999, 9.1341515, 10.801449, 12.481334, 14.039873, 17.936827, 38.813544
8.647442, 9.142981, 10.830596, 12.436356, 13.960113, 17.703598, 38.813544
8.73355525, 9.099441, 10.572489, 12.048261, 13.209190649999998, 16.644732, 38.813544
8.726952, 9.06927, 10.520816, 11.984775, 13.104661949999997, 16.39532103999988, 38.813544
8.724401, 9.058798, 10.502990500000001, 12.033296800000004, 13.252805099999996, 16.499532399999886, 34.462112
8.728103, 9.070035, 10.493362, 11.927524, 13.112734, 16.606196, 38.813544
8.7321, 9.082476, 10.54957125, 12.0482814, 13.179254, 16.60573268, 38.813544
8.728749, 9.070756, 10.51147475, 11.992927000000002, 13.015612549999997, 16.394581, 38.813544
8.78691, 9.053467, 10.251558, 11.665080800000009, 12.524979, 14.995983, 26.889073
8.789554, 9.059052999999999, 10.215759, 11.650524, 12.454684399999998, 14.901789, 26.889073
8.790794, 9.059038000000001, 10.258168, 11.653518, 12.451388749999998, 14.822824, 26.889073
8.788432, 9.053234, 10.240397, 11.651476, 12.449738, 14.953882, 26.889073
8.78544825, 9.054016, 10.24093625, 11.6609012, 12.490799999999998, 14.938511, 26.889073
8.79005175, 9.060868, 10.242552, 11.642939, 12.426091, 14.803997, 26.889073
8.784391750000001, 9.049575, 10.188692249999999, 11.648901, 12.476494899999999, 14.996234439999961, 19.563106
8.780063, 9.050637, 10.202046000000001, 11.646870900000001, 12.421150299999999, 14.932628, 26.889073
8.789157, 9.049575, 10.209485, 11.645967, 12.462855, 14.822824, 26.889073
8.78849425, 9.053467, 10.217979, 11.6237487, 12.465651399999997, 14.932628, 26.889073
8.785038, 9.050122, 10.205052, 11.632023, 12.462855, 14.932628, 26.889073
8.786481250000001, 9.050492, 10.220221, 11.645967, 12.465433, 14.824984, 19.563106
8.78904, 9.055901, 10.220941, 11.668574100000003, 12.503486, 14.953882, 26.889073
8.78387225, 9.059052999999999, 10.215759, 11.633141, 12.43980465, 14.96492, 26.889073
8.790672, 9.05576, 10.2210625, 11.648901, 12.449738, 15.027922909999964, 26.889073
8.783667, 9.053087, 10.217979, 11.617329, 12.388676199999995, 14.938511, 26.889073
8.781575, 9.046094, 10.183574, 11.617009300000001, 12.368629249999994, 14.94417, 26.889073
8.789157, 9.052158, 10.225465, 11.654542, 12.469801, 14.831956519999933, 26.889073
8.785803, 9.050637, 10.22052, 11.659932, 12.502753, 14.902097389999952, 26.889073
8.834838, 9.0171895, 9.390567, 10.9488957, 11.875033, 14.042414749999981, 35.734803
8.78387225, 9.052158, 10.225062, 11.663583, 12.465433, 14.932628, 26.889073
8.7859005, 9.0484915, 10.22052, 11.632023, 12.439778, 14.783205929999971, 26.889073
8.78468, 9.049619, 10.190331, 11.605303800000003, 12.404961599999993, 14.757332509999959, 26.889073
8.784673, 9.054412, 10.21619925, 11.6475, 12.426091, 14.94417, 26.889073
8.791367, 9.0578155, 10.2155, 11.648925900000002, 12.454557, 14.831535, 26.889073
8.78455625, 9.0478635, 10.205052, 11.609365, 12.385526749999999, 14.831535, 26.889073
8.786515, 9.060496, 10.227706, 11.652477600000003, 12.474833899999998, 14.901789, 26.889073
8.790672, 9.063528, 10.226674, 11.638343, 12.465433, 14.901789, 26.889073
8.785754, 9.04926, 10.21806025, 11.640647, 12.502305, 15.021127, 26.889073
8.788431, 9.065288, 10.269267, 11.660993, 12.444344, 14.938511, 26.889073
8.788015, 9.054016, 10.229197, 11.6475, 12.465433, 14.932628, 26.889073
8.784188, 9.046347, 10.199381, 11.658155400000005, 12.472115, 15.239759, 26.889073
8.790575, 9.05268, 10.174392000000001, 11.617009300000001, 12.412934, 14.822824, 26.889073
8.784949, 9.057744, 10.213906000000001, 11.6237487, 12.421048, 14.995983, 19.563106
8.789227, 9.060496, 10.240888, 11.662602, 12.454557, 14.902097389999952, 26.889073
8.785803, 9.0505645, 10.223743, 11.664709, 12.471264, 14.822824, 26.889073
8.789632, 9.0530395, 10.24400925, 11.662602, 12.476371, 15.027922909999964, 26.889073
8.783877, 9.05268, 10.24400925, 11.654542, 12.474753, 14.995983, 26.889073
8.782578, 9.045776, 10.200366, 11.638343, 12.469801, 14.96492, 26.889073
8.786061, 9.058902, 10.248715, 11.679005600000002, 12.512688, 15.027702, 26.889073
8.78691, 9.0503055, 10.185552, 11.617329, 12.378038, 14.831535, 26.889073
8.7342905, 9.0871115, 10.528691, 12.032652, 13.200107549999997, 16.593917, 38.813544
8.729328, 9.0808955, 10.537901, 12.023867800000003, 13.200107549999997, 16.593917, 38.813544
8.73002975, 9.083861, 10.5138555, 12.050895, 13.171542549999996, 16.605728, 38.404747
8.72938275, 9.078226, 10.52494225, 11.963576, 13.004805599999997, 16.604807, 38.813544
8.65043375, 9.1343905, 10.813056, 12.447701600000002, 14.057811, 17.703598, 38.813544
8.649837, 9.140724, 10.8138315, 12.426232, 13.990885, 17.548219189999898, 38.813544
8.647674, 9.116567, 10.758951, 12.389567, 14.059407, 17.703645709999993, 38.813544
8.642181, 9.116301499999999, 10.801294, 12.436074, 14.021462, 17.699605, 38.813544
8.649534, 9.140164, 10.79653225, 12.389567, 13.94032, 17.708369, 38.813544
8.646259, 9.149584, 10.849925, 12.512249, 14.066710849999996, 18.188937, 38.813544
8.646881, 9.122739, 10.801294, 12.361018, 13.931125, 17.888042, 38.813544
8.646315, 9.110145, 10.760023, 12.35633, 13.921468, 17.793896, 38.813544
8.649837, 9.1462405, 10.821458, 12.444253100000001, 14.034355, 17.703598, 38.813544
8.644449250000001, 9.114455, 10.811768, 12.449230300000009, 14.078328, 17.930662, 38.813544
8.6476755, 9.129088, 10.830662, 12.431099400000008, 14.021462, 17.786071, 38.813544
8.6497995, 9.146237, 10.817596, 12.447581, 13.994813, 17.793896, 38.813544
8.643998, 9.141965, 10.799901, 12.352393, 13.907612, 17.708369, 38.813544
8.645800000000001, 9.134672, 10.799258250000001, 12.420221, 13.94032, 17.547577, 38.813544
8.6430295, 9.115713, 10.79752375, 12.474138, 14.076976, 17.844506, 38.813544
8.64423425, 9.128411, 10.792518, 12.424355, 13.929538, 17.708369, 38.404747
8.643319, 9.116944, 10.77528, 12.4261067, 14.059407, 17.708369, 38.813544
8.647676, 9.117393, 10.787559, 12.444252, 14.034355, 17.699605, 38.813544
8.646227, 9.118227, 10.788584, 12.418864, 14.021462, 17.80231986999998, 38.813544
8.647641, 9.1412175, 10.817235, 12.418864, 13.951795, 17.64457709999997, 38.813544
8.641443, 9.107288, 10.759518, 12.384552, 14.009391, 17.802213, 38.813544
8.646227, 9.1341515, 10.802748, 12.436356, 14.079938, 17.709146019999878, 38.813544
8.646682, 9.126984, 10.8038755, 12.4262361, 13.921468, 17.78704024999999, 38.813544
8.649299749999999, 9.149131, 10.83674225, 12.45322, 14.062294, 17.786071, 38.813544
8.72811775, 9.0717055, 10.50544475, 11.934604000000007, 13.135407, 16.37829034999999, 38.813544
8.726989750000001, 9.0857955, 10.537121, 12.039456000000003, 13.223044249999994, 16.576445, 38.813544
8.7269515, 9.0702695, 10.498612, 11.950363300000003, 12.969649149999999, 16.35054475999998, 38.813544
8.727960750000001, 9.073796000000002, 10.554498, 12.048465, 13.230117, 16.468585, 38.813544
8.729998, 9.0704575, 10.534026, 12.063468400000001, 13.27608405, 16.62074429999996, 38.813544
8.725546000000001, 9.071424, 10.5040845, 12.008992200000002, 13.15625055, 16.30457954999998, 38.813544
8.73107125, 9.0789275, 10.533926, 11.978234, 13.151082, 16.498811, 38.404747
8.728706, 9.0803435, 10.526137, 12.021884300000002, 13.206562499999997, 16.57689691999997, 38.813544
8.723072, 9.073376, 10.52886475, 12.015373, 13.138524, 16.84523842999992, 38.813544
8.72874, 9.072685499999999, 10.524028, 11.981818300000006, 13.127204599999995, 16.593917, 38.813544
8.728749, 9.082937, 10.5491515, 12.039315, 13.221560499999999, 16.879467, 38.813544
8.726929, 9.071526, 10.529152, 12.011501400000007, 13.169687, 16.304474509999995, 38.404747
8.723244999999999, 9.065231, 10.503292, 12.020808800000005, 13.150732, 16.306208, 38.813544
8.725231, 9.067373, 10.515562, 11.998687800000006, 13.139758549999993, 16.60481621, 38.813544
8.724401, 9.075604, 10.496252, 12.050895, 13.241128549999992, 16.879467, 38.813544
8.73045475, 9.0741715, 10.501092, 11.992895500000001, 13.156208, 16.844744, 34.462112
8.72874675, 9.0862625, 10.525873, 11.992821, 13.177114599999998, 16.442499, 38.813544
8.729127, 9.081155, 10.515956, 12.039315, 13.13855685, 16.299997, 38.813544
8.725182, 9.072659, 10.523425, 12.044046, 13.209042, 16.326007779999983, 38.813544
8.730393249999999, 9.073042000000001, 10.489995, 11.925936, 13.042683049999996, 16.60924376999999, 38.813544
8.786413, 9.049919, 10.2155, 11.6545562, 12.472115, 15.027702, 26.889073
8.784492, 9.04568, 10.199499, 11.633763, 12.404542, 14.873687, 26.889073
8.78691, 9.0499645, 10.221427, 11.636392, 12.440311, 14.824984, 26.889073
8.790672, 9.048317, 10.220941, 11.655011400000006, 12.529539, 14.938567589999991, 26.889073
8.784155, 9.053049, 10.24141875, 11.674203, 12.51207335, 15.027922909999964, 26.889073
8.789633, 9.05342, 10.221427, 11.649735, 12.454557, 14.932628, 26.889073
8.787855, 9.05268, 10.199499, 11.625987800000006, 12.424741, 14.804108819999982, 19.393533
8.78904, 9.051341, 10.196786, 11.659932, 12.529539, 15.049837599999993, 26.889073
8.79026175, 9.064592, 10.258203, 11.653518, 12.476494899999999, 14.831956519999933, 26.889073
8.78651225, 9.058798, 10.230986, 11.659932, 12.469874149999999, 14.932686829999989, 26.889073
8.83602425, 9.015486, 9.37595, 10.8987772, 11.810208649999996, 13.720919739999987, 37.448702
8.830351, 9.0102555, 9.37002575, 10.85218, 11.774921, 13.920245, 35.487972
8.83492525, 9.015740000000001, 9.37982675, 10.894974900000001, 11.764251, 13.97964285, 35.330604
8.834588, 9.018226, 9.384699, 10.9083535, 11.849287, 14.025349, 35.734803
8.831582, 9.015861, 9.376036, 10.886869899999999, 11.764289, 13.979219, 37.448702
8.830313, 9.0179255, 9.371275, 10.8878996, 11.801553399999994, 14.037024229999991, 37.448702
8.8300745, 9.012495, 9.36692, 10.8619671, 11.749916, 13.86263, 37.448702
8.83208, 9.0124995, 9.362649000000001, 10.8585342, 11.7627885, 13.85159, 37.448702
8.830303, 9.012813000000001, 9.37240025, 10.893972, 11.7848811, 13.892522029999954, 35.734803
8.8347545, 9.0192505, 9.3751775, 10.870499, 11.826549, 13.979219, 37.448702
8.830078, 9.01496, 9.375418999999999, 10.870679, 11.771586, 14.025686749999972, 37.448702
8.832921, 9.0157615, 9.384699, 10.9113142, 11.834971549999999, 14.061738289999981, 37.448702
8.83183825, 9.015929499999999, 9.376311, 10.9009817, 11.8258517, 14.005841, 37.448702
8.83570225, 9.017681, 9.38521, 10.878212, 11.804546849999996, 13.851700399999983, 37.448702
8.832842, 9.02247, 9.384319, 10.8686045, 11.768581, 14.042487249999969, 37.448702
8.83481, 9.020653, 9.374021500000001, 10.898591, 11.799996699999998, 14.061619, 35.734803
8.832113499999998, 9.022036, 9.387711, 10.948811, 11.867253, 14.094519279999972, 35.487972
8.83544375, 9.0182325, 9.382744, 10.8640364, 11.780594, 13.851700399999983, 37.448702
8.828122, 9.013346, 9.37179, 10.9060333, 11.795444499999997, 13.920466849999965, 35.734803
8.83183825, 9.0132315, 9.361175, 10.8448742, 11.745529549999999, 13.652939739999997, 37.448702
8.830946, 9.014146, 9.3641265, 10.880997, 11.774039, 13.979637, 37.448702
8.831294750000001, 9.013855, 9.372488, 10.8525195, 11.761705249999999, 14.042414749999981, 35.734803
8.8334315, 9.018239, 9.381341, 10.8870284, 11.775228099999998, 14.037002299999994, 35.734803
8.836177750000001, 9.017655, 9.37227875, 10.891831, 11.8381167, 14.042430959999978, 37.448702
8.8358985, 9.018264, 9.375283, 10.880997, 11.760221, 14.094722239999939, 37.448702
8.836369, 9.0209055, 9.374021500000001, 10.8320094, 11.749083, 13.762149, 37.448702
8.83116175, 9.016759, 9.3847045, 10.91962, 11.851722549999998, 14.134977799999955, 37.448702
8.834838, 9.016213, 9.378625249999999, 10.9080414, 11.80116, 13.806771, 37.448702
8.83577225, 9.019317000000001, 9.3860505, 10.932514, 11.832447399999996, 13.862658499999995, 37.448702
8.86657175, 9.002993, 9.179931, 9.4486272, 9.920568, 11.913174, 35.734803
8.66227275, 9.181054, 10.890238499999999, 12.498137300000003, 14.1924584, 17.930662, 119.35270495080871
8.634026, 9.074017, 10.719964749999999, 12.3525727, 13.916690449999997, 17.699644929999998, 38.813544
8.79131175, 9.047122, 10.20003875, 11.6604863, 12.449738, 15.46466297000001, 26.889073
8.784649, 9.079096, 10.305871, 11.745565500000001, 12.6253037, 15.242000950000048, 26.889073
8.7907635, 9.053031, 10.221983, 11.679502900000001, 12.552089, 14.873968020000007, 18.865024
8.78544825, 9.047218, 10.185072, 11.559793000000003, 12.218799450000002, 14.528634920000027, 19.563106
8.781959, 9.0397465, 10.209750750000001, 11.650619200000001, 12.385980500000002, 14.471479120000012, 26.889073
8.791438, 9.054797, 10.17574525, 11.545341800000001, 12.343839850000004, 14.822824, 19.393533
8.79114075, 9.066715, 10.285487999999999, 11.658155400000002, 12.503546550000003, 14.825049510000001, 19.563106
8.857789, 9.005745000000001, 9.18065475, 9.4402619, 9.972039149999993, 11.938814469999995, 33.51644
8.870961249999999, 9.005137, 9.183724999999999, 9.4432373, 9.9599212, 12.054610679999996, 37.448702
8.788897, 9.0425805, 10.20302675, 11.617035600000001, 12.3137203, 14.736673190000001, 19.563106
8.79471225, 9.067211, 10.326158, 11.652477600000001, 12.50236405, 15.02119275, 26.889073
8.78579, 9.045245000000001, 10.221427, 11.655258600000002, 12.472246900000002, 15.46395637, 26.889073
8.781709249999999, 9.058926, 10.189086, 11.6047621, 12.368629250000001, 14.737297730000016, 26.889073
8.791006750000001, 9.059646, 10.278019, 11.652362, 12.55191, 15.275308510000041, 19.393533
8.786029, 9.039738499999999, 10.202046000000001, 11.6136864, 12.4498122, 14.938567590000002, 26.889073
8.7841415, 9.0455075, 10.24421375, 11.6327253, 12.4446137, 14.938775090000005, 26.889073
8.780685, 9.040499, 10.2393965, 11.663426, 12.479515900000003, 14.822911110000003, 26.889073
8.775966, 9.0307, 10.155006, 11.6489259, 12.523508, 14.902097390000007, 26.889073
8.789987, 9.071381500000001, 10.177093, 11.559700800000003, 12.368761250000002, 14.783024, 18.66297
8.78668175, 9.05295, 10.2580705, 11.6636956, 12.51237015, 15.279249050000038, 26.889073
8.777009, 9.058902, 10.247122749999999, 11.653518, 12.479442900000002, 14.648465670000004, 26.889073
8.78651225, 9.0418475, 10.21619925, 11.6387561, 12.388296, 14.747010640000003, 26.889073
8.786566749999999, 9.048156500000001, 10.27911525, 11.650619200000001, 12.384728, 15.59123925, 18.865024
8.78417975, 9.057811999999998, 10.248715, 11.7129106, 12.525207000000002, 15.021413660000006, 26.889073
8.786741, 9.0516295, 10.22400375, 11.607393, 12.420521400000002, 15.46395637, 19.563106
8.790575, 9.063969, 10.202946, 11.6053038, 12.3808254, 15.239759, 19.563106
8.79199575, 9.064592, 10.381472, 11.761805, 12.629662350000002, 15.02119275, 26.889073
8.78158925, 9.05303, 10.1948975, 11.657958, 12.397729550000001, 14.953882, 26.889073
8.78937475, 9.045481, 10.23804825, 11.651476, 12.4204191, 14.823980870000026, 19.563106
8.792168499999999, 9.07382, 10.248229, 11.695916500000001, 12.55172095, 15.279249050000038, 26.889073
8.78309575, 9.04866, 10.24796125, 11.638711800000001, 12.364643899999999, 14.8012448, 26.889073
8.7889965, 9.060682, 10.183236, 11.6429662, 12.4632023, 15.464686040000016, 26.889073
8.7841415, 9.046385, 10.225465, 11.642031, 12.4923874, 14.54376458000001, 19.393533
8.784492, 9.048323, 10.154329749999999, 11.5702552, 12.343527650000002, 15.052070370000049, 19.563106
8.7868285, 9.0455075, 10.18312225, 11.5966045, 12.313479, 14.757332510000007, 19.563106
8.791933, 9.05342, 10.18473825, 11.6074468, 12.398521750000004, 14.815255450000002, 19.393533
8.78722075, 9.0391705, 10.221427, 11.665342400000002, 12.5484069, 14.944267120000001, 19.393533
8.7933805, 9.065984, 10.257898, 11.6610061, 12.4910004, 14.932950920000007, 19.563106
8.77371275, 9.037025, 10.16298775, 11.582916, 12.33851275, 14.801356620000002, 26.889073
8.786217, 9.048323, 10.229197, 11.6468709, 12.38512925, 14.747591700000015, 19.563106
8.776027749999999, 9.050419, 10.16261275, 11.6421218, 12.4604952, 14.94417, 19.393533
8.79445325, 9.0567575, 10.22197125, 11.6197286, 12.444344, 14.932686830000002, 26.889073
8.78003175, 9.053234, 10.285487999999999, 11.6623087, 12.436106, 14.825049510000001, 26.889073
8.77951475, 9.021325, 10.189340999999999, 11.607978800000001, 12.463275450000001, 14.803997, 19.563106
8.78962275, 9.048156500000001, 10.23445225, 11.695916500000001, 12.5023274, 14.757332510000007, 26.889073
8.783667, 9.0533185, 10.22052, 11.647640100000002, 12.457392500000001, 14.815179, 26.889073
8.78580275, 9.051170500000001, 10.19068925, 11.583886900000001, 12.302480050000002, 14.637913, 19.563106
8.7918555, 9.05135, 10.26220625, 11.6259878, 12.42324385, 14.713051000000007, 18.677002
8.778926499999999, 9.031707, 10.172677, 11.70942, 12.533566, 14.932686830000002, 26.889073
8.79743775, 9.069617, 10.21853, 11.636817500000003, 12.492187, 15.279249050000038, 18.677002
8.77705775, 9.040404, 10.1731025, 11.5966477, 12.405367300000002, 14.938664710000003, 26.889073
8.7908735, 9.0633995, 10.20143925, 11.564014, 12.426091, 15.240095440000006, 26.889073
8.78381025, 9.0577405, 10.301506, 11.694197500000003, 12.469801, 15.021458260000006, 26.889073
8.791716000000001, 9.057212, 10.210695, 11.6429662, 12.4908, 14.456151080000042, 19.563106
8.786217, 9.066898, 10.21811675, 11.617066, 12.3959, 14.74159666, 26.889073
8.792675749999999, 9.0797865, 10.278019, 11.651476, 12.4248085, 14.874276410000013, 19.563106
8.78496625, 9.060496, 10.205903750000001, 11.583324400000004, 12.36289795, 14.712709, 19.393533
8.77442125, 9.041981, 10.165603, 11.6743267, 12.4699167, 14.801356620000002, 26.889073
8.65667775, 9.129560000000001, 10.80275075, 12.3428806, 13.908518299999987, 17.458465180000005, 38.404747
8.64405, 9.117393, 10.82046725, 12.4237106, 13.935113999999995, 17.703598, 38.813544
8.64293325, 9.0866235, 10.71730125, 12.339304000000002, 13.964127, 17.664191050000007, 38.813544
8.64303175, 9.113885, 10.715995, 12.335020400000001, 13.889443999999985, 17.793896, 38.813544
8.655582, 9.1496335, 10.78962675, 12.42623, 13.88336, 17.844781120000004, 38.404747
8.64757575, 9.105113, 10.73601775, 12.3465676, 14.059407, 17.888381480000007, 38.813544
8.653367, 9.117858, 10.763779, 12.426093, 14.021759099999995, 18.717500450000014, 38.813544
8.64966225, 9.17709, 10.847537500000001, 12.4538246, 14.015701899999991, 17.78608, 34.408771
8.649479249999999, 9.101495, 10.731179, 12.389567, 13.89124, 17.23591839, 38.404747
8.64735, 9.15797, 10.788376, 12.492840000000001, 14.117518349999994, 18.321207, 38.813544
8.64909, 9.1355215, 10.830382, 12.385145500000002, 13.96309, 18.052882, 38.404747
8.637882, 9.118482499999999, 10.801294, 12.467751700000003, 14.127926399999982, 17.844941360000007, 38.404747
8.639553, 9.1075165, 10.79312425, 12.418864, 13.95715, 17.8129, 38.813544
8.64345875, 9.1275925, 10.7947655, 12.426230200000001, 13.95715, 17.844506, 38.813544
8.643625, 9.1084795, 10.799258250000001, 12.533536, 13.960170649999998, 17.43688716, 38.404747
8.65667775, 9.146284999999999, 10.852333, 12.45322, 14.066710849999996, 17.872018, 38.813544
8.65258925, 9.136206999999999, 10.809672, 12.4262361, 14.094554499999983, 18.052882, 38.813544
8.647105250000001, 9.117393, 10.7132515, 12.270286700000002, 13.732407749999991, 17.644975150000015, 38.404747
8.65273825, 9.16394, 10.86572875, 12.568716100000001, 14.156047, 18.321207, 38.813544
8.64452575, 9.112452, 10.75909275, 12.474983300000002, 14.113835, 17.61197376, 26.469622
8.65004625, 9.120069, 10.720405, 12.274352, 13.716364, 17.844506, 38.813544
8.647419, 9.162228, 10.78426325, 12.346649900000001, 13.974307, 17.930662, 38.813544
8.642244, 9.1131685, 10.812846, 12.4196954, 14.0132506, 17.708369, 38.813544
8.652642, 9.142808, 10.791028, 12.361482100000002, 14.095293, 17.70458415000002, 38.813544
8.65316, 9.123819999999998, 10.792807, 12.394759, 14.034630899999996, 17.414351279999998, 34.462112
8.641439, 9.086446500000001, 10.742042, 12.470002500000001, 13.943173749999993, 17.443412230000007, 34.462112
8.643058, 9.085067, 10.7421775, 12.436074, 13.964287549999996, 17.61197376, 38.813544
8.6467705, 9.1154935, 10.81987625, 12.396406, 13.926007349999997, 17.44314, 38.404747
8.636853, 9.101603, 10.8042355, 12.453862300000003, 14.105456949999994, 17.936827, 38.813544
8.6575425, 9.133437, 10.80024925, 12.355993, 13.88567425, 17.483607930000012, 38.813544
8.632575, 9.085435, 10.73748275, 12.3262071, 13.89124, 17.844506, 38.813544
8.650421, 9.140528, 10.83674225, 12.4189413, 13.916690449999997, 17.888042, 38.813544
8.649671, 9.1495225, 10.8212195, 12.500241, 14.016049449999986, 17.414351279999998, 38.813544
8.635864, 9.050932, 10.75087125, 12.413974300000001, 14.066505, 17.70442273000002, 38.813544
8.647324000000001, 9.128838, 10.80231025, 12.5119484, 14.106045, 17.548219190000015, 34.462112
8.64284925, 9.133167499999999, 10.8181355, 12.4196954, 13.888502099999998, 17.096850480000008, 34.462112
8.649534, 9.133178000000001, 10.829518, 12.482439500000003, 14.12580979999998, 17.708369, 34.408771
8.646881, 9.147918, 10.850754250000001, 12.551072300000003, 14.160736, 17.92199, 38.813544
8.643319, 9.096822, 10.7953125, 12.492389, 14.095830599999992, 17.96142778000002, 38.813544
8.6377825, 9.1075165, 10.773136, 12.4265152, 13.99554189999999, 17.611796, 38.404747
8.647682, 9.134672, 10.8612985, 12.594501100000002, 14.071178049999993, 18.189167150000003, 38.813544
8.643319, 9.117858, 10.805758, 12.436356, 14.009675749999996, 17.88852985000001, 38.813544
8.64631825, 9.120862500000001, 10.830666, 12.426273, 13.952062749999996, 17.629572, 34.408771
8.644621, 9.156417000000001, 10.868575, 12.512224300000002, 14.063715799999997, 17.872018, 38.813544
8.787709, 9.047141, 10.1649955, 11.607931, 12.381649450000001, 14.938775090000005, 26.889073
8.79196975, 9.065380000000001, 10.20798875, 11.6609012, 12.445269550000003, 14.783345550000007, 19.393533
8.79561525, 9.073796000000002, 10.2776875, 11.688576000000003, 12.5304223, 15.0498376, 19.563106
8.786701749999999, 9.050687499999999, 10.202244, 11.613494, 12.426591750000002, 14.822824, 19.563106
8.785732, 9.047965, 10.2190275, 11.647011000000001, 12.4446137, 14.944267120000001, 19.563106
8.7944425, 9.0700965, 10.2462985, 11.643211, 12.413442000000002, 14.804185270000005, 19.563106
8.78167, 9.040734, 10.21446825, 11.6067747, 12.38156, 14.873968020000007, 26.889073
8.655582, 9.138758, 10.842374249999999, 12.481727600000005, 14.063715799999997, 17.930662, 38.813544
8.643614, 9.1151705, 10.7723875, 12.391037200000001, 14.057890799999997, 17.288881170000018, 38.404747
8.63909225, 9.141327, 10.83844, 12.544427600000004, 14.126659, 18.05424255000003, 38.813544
8.6423965, 9.129088, 10.788300750000001, 12.445179700000004, 14.057890799999997, 17.79440210000001, 38.404747
8.6480195, 9.146237, 10.8297875, 12.478235900000001, 14.070717, 17.644577100000006, 38.404747
8.648023, 9.1300015, 10.784825, 12.460379800000002, 14.095293, 17.92199, 38.813544
8.64473275, 9.109495, 10.75983375, 12.378577600000002, 13.940439999999999, 17.793979170000004, 38.813544
8.643319, 9.075978, 10.72386, 12.34191, 13.931584749999994, 17.61197376, 38.813544
8.6452335, 9.113959, 10.7841755, 12.469538, 14.08060959999999, 17.96142778000002, 38.813544
8.64738, 9.141598, 10.835238, 12.474183, 14.152327399999995, 17.644383, 38.813544
8.641203, 9.0882605, 10.77528, 12.3396087, 13.940439999999999, 17.377305, 38.404747
8.6566305, 9.1325565, 10.801294, 12.411578800000001, 13.921871499999995, 17.443412230000007, 38.813544
8.6437615, 9.115713, 10.792782, 12.474418, 14.057811, 18.59789560000001, 38.813544
8.64061575, 9.090355, 10.74229475, 12.368987400000005, 13.991081399999997, 17.92199, 38.404747
8.64317725, 9.102246000000001, 10.7542185, 12.302414100000002, 13.92961735, 17.872178240000004, 38.813544
8.642178, 9.112278, 10.796270750000001, 12.478235900000001, 13.974307, 17.096850480000008, 34.462112
8.64157325, 9.1246505, 10.7784, 12.462111, 14.034355, 17.888042, 38.404747
8.653367, 9.140346000000001, 10.793105500000001, 12.4429497, 14.08060959999999, 17.709146020000016, 38.404747
8.6518245, 9.158649, 10.840674, 12.4477016, 14.059551349999998, 17.644383, 38.813544
8.6495745, 9.1649805, 10.853242, 12.4265521, 13.991081399999997, 17.872018, 38.813544
8.64623525, 9.123819999999998, 10.79448075, 12.361482100000002, 13.757068349999978, 17.70364571, 38.813544
8.645846, 9.135192, 10.849925, 12.424542700000002, 13.99554189999999, 17.699644929999998, 38.813544
8.643217, 9.086446500000001, 10.698696, 12.407502, 13.879635049999997, 17.377305, 34.462112
8.641427, 9.1017495, 10.735963, 12.4477016, 14.066715599999997, 17.548219190000015, 34.462112
8.649245, 9.1341515, 10.8338765, 12.386850800000001, 13.952062749999996, 18.212163610000005, 38.404747
8.64224475, 9.114244, 10.779907, 12.4401122, 14.095293, 17.54839695000002, 38.813544
8.645088, 9.1552045, 10.837196, 12.481334, 14.124542399999997, 17.78614925, 38.813544
8.64759125, 9.1876495, 10.90234525, 12.534737500000002, 14.105016, 18.234486980000028, 38.813544
8.6437615, 9.109407000000001, 10.8078255, 12.320116, 13.785328, 17.235884, 34.462112
8.64759125, 9.128175500000001, 10.77084875, 12.459889800000001, 14.009675749999996, 17.699644929999998, 38.813544
8.642968, 9.1278, 10.8138315, 12.426513400000001, 14.027404, 17.644383, 38.813544
8.65601625, 9.127162, 10.815183, 12.453529, 14.158415, 18.717298940000006, 38.813544
8.64151125, 9.10982, 10.79312425, 12.427047600000003, 13.974773949999992, 17.664151120000007, 34.462112
8.791327249999998, 9.0527835, 10.19971575, 11.6387561, 12.397729550000001, 14.932950920000007, 18.66297
8.78580275, 9.06711, 10.220221, 11.609970300000002, 12.378038, 15.464191, 26.889073
8.863247, 9.0030335, 9.168008, 9.4215059, 9.851140999999998, 11.839379, 35.734803
8.869171, 9.000541, 9.17651925, 9.4292728, 9.953501099999999, 11.938615, 35.734803
8.8708665, 9.004057, 9.174747, 9.431237, 10.0137305, 12.054610679999996, 37.448702
8.863290749999999, 9.000417, 9.18667875, 9.4313164, 9.807431149999998, 11.810570169999984, 37.448702
8.862868, 9.0006935, 9.174093500000001, 9.441657099999999, 9.956813499999996, 12.340616909999993, 37.448702
8.85768525, 8.9987065, 9.181478250000001, 9.4716642, 10.125641, 11.903513249999992, 37.448702
8.872313, 9.002539500000001, 9.175935, 9.430244, 9.805031749999998, 11.74916128, 35.734803
8.863889, 9.0051635, 9.17893175, 9.4556117, 9.94995795, 11.874442, 35.487972
8.860688, 9.006331, 9.178972, 9.434658, 9.891536, 11.913428409999995, 35.487972
8.86657175, 9.004527, 9.178882250000001, 9.4400367, 10.031024999999996, 12.074022229999963, 33.51644
8.863359, 9.000403500000001, 9.175001, 9.4390268, 9.921006599999997, 11.90322, 37.448702
8.86447525, 8.999794999999999, 9.16391925, 9.423889299999999, 9.874425, 11.832407149999995, 35.330604
8.86436425, 9.002167, 9.17595775, 9.4242622, 9.941446449999997, 12.073487519999976, 35.487972
8.8639145, 9.0031485, 9.176114, 9.4347251, 9.992884999999998, 11.92298623999998, 35.330604
8.861608, 9.0041185, 9.17908725, 9.4574223, 9.92934, 11.8948773, 37.448702
8.8638415, 9.0021235, 9.172583, 9.4222489, 9.87239, 11.993545, 29.227148
8.860249, 8.996513, 9.169124, 9.4622847, 10.019702099999996, 11.970582469999993, 35.330604
8.868323, 9.004373, 9.180552500000001, 9.457004, 10.005544299999997, 11.87444791, 37.448702
8.873088500000001, 9.004175, 9.18667875, 9.448708, 9.965593249999998, 11.851856139999995, 35.734803
8.870082, 9.0080755, 9.17691825, 9.4322116, 9.859398, 11.738595, 33.51644
8.863307749999999, 9.004194, 9.17384525, 9.4574477, 9.872832149999997, 11.705545869999998, 35.487972
8.870376, 8.997863, 9.18086875, 9.439364, 9.913345, 11.96145763999999, 35.734803
8.872093, 9.015231, 9.183299000000002, 9.474042, 10.016442249999987, 12.072515, 35.734803
8.868566, 9.002392, 9.17615225, 9.4945467, 10.1322125, 11.851862049999994, 35.734803
8.8683035, 8.99956, 9.1740825, 9.445044699999999, 9.929366, 11.938839599999994, 35.734803
8.86510375, 9.001623, 9.17893175, 9.4467835, 9.951954899999999, 11.839501489999996, 37.448702
8.865166, 9.004716, 9.180355, 9.4574223, 9.921188899999995, 11.999890119999987, 35.734803
8.870420000000001, 9.004122500000001, 9.18049125, 9.4244867, 9.80716165, 12.277897, 37.448702
8.862478, 9.0038935, 9.17373725, 9.414155000000001, 9.823166599999999, 11.93389275999997, 37.448702
8.8738595, 9.00788, 9.185766, 9.4519932, 9.913566649999998, 11.932734399999998, 35.487972
8.859657, 9.0037455, 9.166873, 9.4400367, 9.860047599999996, 11.894766929999996, 35.734803
8.868838, 9.010075, 9.1916945, 9.4496278, 10.05733, 12.072515, 29.227148
8.863573500000001, 9.003826499999999, 9.191386000000001, 9.4655506, 10.013892, 12.071938419999963, 29.227148
8.86906575, 8.997862999999999, 9.16680775, 9.4140916, 9.824613199999998, 11.683387009999995, 35.487972
8.865643500000001, 9.008996, 9.183379500000001, 9.4309285, 9.872491749999998, 11.993545, 37.448702
8.879069, 9.005091, 9.17945675, 9.438996, 9.953168, 12.257758649999987, 35.487972
8.854645, 9.003557, 9.183206250000001, 9.472754100000001, 9.94657015, 11.839501489999996, 35.487972
8.869133249999999, 9.004519, 9.181413, 9.444963, 9.9563359, 11.761882799999995, 29.227148
8.872233, 9.004908, 9.173778500000001, 9.4567853, 9.9108522, 11.903409949999995, 37.448702
8.86400025, 9.004354, 9.189190499999999, 9.4810989, 9.985930999999997, 12.003602619999986, 35.734803
8.863937, 9.00449, 9.180891, 9.4720368, 10.122240349999998, 12.054631639999997, 37.448702
8.856467, 8.9940965, 9.1707495, 9.435525, 9.874425, 11.874643389999996, 35.330604
8.868397250000001, 9.0028545, 9.1767005, 9.469301499999998, 10.005786599999997, 11.875033, 37.448702
8.8594985, 8.9924595, 9.18181425, 9.4655507, 9.908149449999998, 11.993640439999997, 35.487972
8.86378, 9.003454000000001, 9.18841725, 9.443538799999999, 9.970956, 11.815958299999991, 35.487972
8.867399500000001, 8.9999125, 9.18881275, 9.4718092, 10.005764699999997, 11.898224979999991, 35.734803
8.871649, 9.008198, 9.18805325, 9.4615552, 9.92712555, 11.933154999999985, 35.487972
8.8643685, 8.997348500000001, 9.164952, 9.4486272, 9.850837, 12.008414479999985, 35.734803
8.862478, 8.9982475, 9.178742, 9.4430626, 9.992691599999999, 11.999423279999998, 35.734803
8.870056250000001, 9.000095, 9.17372475, 9.423487, 9.841853449999995, 11.89655337, 37.448702
8.8676685, 9.004046500000001, 9.169928500000001, 9.4356989, 9.857069599999999, 11.875608119999987, 33.51644
8.873181500000001, 9.0083465, 9.173783, 9.4622593, 9.97260825, 11.932605699999998, 29.227148
8.876444, 9.014097, 9.1911185, 9.4459915, 9.950382249999997, 11.898029969999996, 37.448702
8.870053500000001, 9.0038935, 9.171144, 9.4499572, 9.932986, 12.07250651999995, 37.448702
8.863653, 9.008996, 9.18817925, 9.44578, 9.91334975, 12.222709469999991, 35.330604
8.86906825, 9.01065, 9.19070575, 9.503252, 10.121721, 11.932933869999994, 35.734803
8.86327925, 9.003524500000001, 9.178934, 9.4431285, 9.972008949999994, 11.894581, 37.448702
8.86970075, 9.0077585, 9.19538725, 9.488912000000001, 10.160927, 11.89655337, 35.734803
8.866242249999999, 9.0048915, 9.1755675, 9.4546739, 10.004442, 12.003135779999997, 35.734803
8.87214225, 9.007407, 9.18347, 9.471253, 10.042222949999998, 11.89486393, 37.448702
8.87091075, 9.003245, 9.191697999999999, 9.4867353, 9.90801325, 11.913367709999996, 16.295498
8.86888725, 9.007407, 9.1857855, 9.472118199999999, 10.013985749999998, 11.933764059999971, 37.448702
8.869212, 9.0036265, 9.1887585, 9.476735099999999, 10.005544299999997, 12.070439959999998, 24.923449
8.862561249999999, 9.004716, 9.1762295, 9.440024000000001, 10.0650474, 12.170301709999988, 35.734803
8.85750225, 9.002983, 9.186081, 9.453075, 9.985900799999998, 11.970582469999993, 35.330604
8.872642, 9.005358999999999, 9.193542749999999, 9.485316, 10.061837399999996, 12.049727769999958, 35.487972
8.8652335, 9.006183, 9.187261, 9.4575692, 9.9982166, 11.961399699999992, 33.51644
8.85784975, 8.996087, 9.167801, 9.4248741, 9.851144799999998, 11.971068919999983, 37.448702
8.863137, 8.99316, 9.170764, 9.4220709, 9.953080649999999, 11.999339, 35.487972
8.86302725, 8.9996455, 9.1748105, 9.4167219, 9.842187, 11.669620489999998, 35.330604
8.866981, 9.001062000000001, 9.185647, 9.4676479, 9.9982166, 11.932734399999998, 35.330604
8.871797, 9.002392, 9.1862865, 9.4686071, 10.106705, 12.223784589999987, 37.448702
8.869037250000002, 9.007402, 9.17894175, 9.471563699999999, 10.074187399999996, 12.054451, 37.448702
8.872449750000001, 9.0135215, 9.200147999999999, 9.4741831, 10.041665, 12.38343526999999, 37.448702
8.86920475, 9.001581, 9.1708705, 9.4206363, 9.8599853, 11.922318299999997, 29.227148
8.863941, 9.005409, 9.16869325, 9.4090653, 9.74706555, 11.897930429999999, 35.487972
8.86912225, 9.0046385, 9.195333, 9.4716004, 10.156958399999999, 12.222361, 33.51644
8.8694985, 9.004745499999999, 9.17872475, 9.4585366, 10.00353725, 12.054631639999997, 35.487972
8.86896325, 9.0022655, 9.178972, 9.4309285, 9.860998349999997, 11.738595, 35.487972
8.858315000000001, 9.0035775, 9.172981, 9.451873, 9.900481349999996, 11.894961939999991, 37.448702
8.86466425, 9.0032085, 9.186604, 9.4498257, 10.0679634, 12.170641409999979, 35.487972
8.87124575, 9.0072455, 9.17375, 9.436981399999999, 9.956427099999997, 11.932675, 16.928153
8.780258, 9.040540499999999, 10.20798875, 11.653518, 12.558802850000001, 15.09559869000004, 18.677002
8.78493125, 9.044077, 10.19530775, 11.6326631, 12.31836655, 14.873968020000007, 18.865024
8.794904, 9.0767065, 10.2392255, 11.595606, 12.364643899999999, 14.8228456, 19.563106
8.781061, 9.053068, 10.240397, 11.642149, 12.476153000000005, 15.093761, 19.563106
8.7895155, 9.04005, 10.21639525, 11.649158500000002, 12.503946100000002, 14.996234440000006, 18.677002
8.78460975, 9.058902, 10.242552, 11.671120499999999, 12.5522346, 15.275163320000038, 26.889073
8.7892095, 9.057744, 10.22968425, 11.634025900000001, 12.3847474, 14.646019220000001, 26.889073
8.784751, 9.0446745, 10.265049, 11.660993, 12.4211503, 14.646166890000003, 18.66297
8.784563, 9.055093, 10.194268, 11.615907900000002, 12.420603750000001, 14.757654060000013, 19.563106
8.784652, 9.050426, 10.269875, 11.6704058, 12.4572683, 14.825471030000012, 19.563106
8.786504, 9.042002, 10.258038, 11.642939, 12.504242900000003, 14.64925025000002, 19.563106
8.791933, 9.0531285, 10.20098475, 11.584302, 12.3963321, 14.954554450000014, 19.563106
8.793232249999999, 9.0508185, 10.220617, 11.592796, 12.30306715, 14.938511, 19.393533
8.78508025, 9.055093, 10.21811675, 11.671818, 12.5520433, 14.822824, 26.889073
8.786741, 9.067917, 10.228525999999999, 11.6136864, 12.335349550000002, 14.803997, 26.889073
8.77578775, 9.052846500000001, 10.270147000000001, 11.649063300000002, 12.412934, 14.825049510000001, 26.889073
8.795232, 9.050942, 10.2292355, 11.652362, 12.475624700000003, 14.953882, 19.563106
8.7859005, 9.0719715, 10.302485, 11.6175668, 12.420386, 14.815255450000002, 26.889073
8.7894205, 9.056102, 10.248715, 11.647011000000001, 12.4923874, 14.944267120000001, 26.889073
8.779626, 9.050535, 10.240397, 11.6704833, 12.5546217, 14.965230630000006, 26.889073
8.780033, 9.070534, 10.242432, 11.662196100000001, 12.492692900000002, 14.874276410000013, 26.889073
8.78579, 9.06636, 10.210208999999999, 11.579707, 12.343527650000002, 14.8012448, 19.563106
8.787829, 9.045481, 10.21895275, 11.671043, 12.525410050000001, 15.591465790000004, 26.889073
8.786178, 9.057737, 10.250831, 11.632023, 12.556413550000004, 14.96492, 26.889073
8.783204, 9.057737, 10.189086, 11.643211, 12.57909255, 15.0498376, 26.889073
8.78473325, 9.048394, 10.24796125, 11.6712941, 12.4446137, 14.712948150000006, 26.889073
8.784118, 9.0531, 10.2179475, 11.623755, 12.395973549999999, 14.965230630000006, 19.563106
8.784436249999999, 9.039354, 10.147031, 11.608409, 12.375706100000002, 14.8228456, 19.393533
8.781575, 9.059111, 10.2307595, 11.633891600000004, 12.472115, 15.027922910000004, 19.563106
8.78703, 9.047973500000001, 10.22091625, 11.6743267, 12.50278965, 14.94417, 18.865024
8.778985500000001, 9.067948, 10.2698985, 11.674203, 12.578131650000001, 15.59123925, 19.563106
8.799532, 9.0673525, 10.152606, 11.553735000000003, 12.4548477, 14.825049510000001, 26.889073
8.785754, 9.060905, 10.258294, 11.681206800000002, 12.596529, 15.46466297000001, 26.889073
8.780033, 9.042244499999999, 10.21895275, 11.6387561, 12.53201085, 15.02119275, 19.563106
8.78186075, 9.049117500000001, 10.294094, 11.643804900000003, 12.4572683, 14.713412150000016, 26.889073
8.79029625, 9.0449165, 10.2292355, 11.658251300000002, 12.451679450000002, 14.902097390000007, 19.563106
8.78881275, 9.067699000000001, 10.2924585, 11.658155400000002, 12.449738, 14.815255450000002, 19.563106
8.785038, 9.064307, 10.33330425, 11.660993, 12.478849, 14.825049510000001, 19.393533
8.786564, 9.053310499999998, 10.215759, 11.663426, 12.525207000000002, 15.765285, 19.563106
8.803648500000001, 9.067225, 10.218304, 11.634241300000001, 12.366190600000001, 15.275163320000038, 19.393533
8.784022, 9.045776, 10.210096, 11.597505700000001, 12.420386, 14.996234440000006, 26.889073
8.7695425, 9.043851499999999, 10.202946, 11.657958, 12.471519350000001, 14.823613650000018, 19.563106
8.79220975, 9.073391, 10.279407, 11.694037400000001, 12.54830475, 14.825049510000001, 19.393533
8.798169, 9.059038000000001, 10.2392255, 11.652477600000001, 12.3836549, 14.996300190000008, 19.563106
8.789133249999999, 9.05135, 10.154722, 11.568167200000001, 12.3022939, 14.638017050000002, 19.563106
8.787138500000001, 9.070316, 10.233262, 11.607978800000001, 12.4604952, 14.995983, 19.393533
8.78431625, 9.050419, 10.2179475, 11.6006854, 12.31956295, 14.712798550000002, 19.563106
8.862099, 9.002513, 9.1764525, 9.446185, 9.91334975, 11.832213, 37.448702
8.87253625, 9.0294065, 9.235714, 9.5132721, 9.71643565, 15.573435339999996, 21.371576
8.87352125, 9.033628, 9.2399035, 9.502198100000001, 9.723219, 13.262104499999998, 52.853195
8.8896775, 9.04796, 9.257105, 9.5260368, 9.799459050000001, 16.36254276, 24.370709
8.88984275, 9.0389035, 9.23248275, 9.553444800000001, 9.799549350000001, 16.03043855, 52.853195
8.890338499999999, 9.0388785, 9.24287325, 9.5182805, 9.73407565, 11.933284689999983, 32.855096
8.88459725, 9.038685000000001, 9.246623750000001, 9.4914576, 9.7800963, 15.875979309999996, 32.855096
8.8756785, 9.027625, 9.22838175, 9.503669100000002, 9.73821425, 15.267818949999995, 52.853195
8.8967295, 9.050464, 9.237733500000001, 9.5256265, 9.7695662, 13.165980879999996, 19.071708
0, 0, 0, 0, 0, 0, 0
0, 0, 0, 0, 0, 0, 0
0, 0, 0, 0, 0, 0, 0
0, 0, 0, 0, 0, 0, 0
0, 0, 0, 0, 0, 0, 0
0, 0, 0, 0, 0, 0, 0
0, 0, 0, 0, 0, 0, 0
0, 0, 0, 0, 0, 0, 0
0, 0, 0, 0, 0, 0, 0
0, 0, 0, 0, 0, 0, 0
0, 0, 0, 0, 0, 0, 0
0, 0, 0, 0, 0, 0, 0
0, 0, 0, 0, 0, 0, 0
0, 0, 0, 0, 0, 0, 0
0, 0, 0, 0, 0, 0, 0
0, 0, 0, 0, 0, 0, 0
0, 0, 0, 0, 0, 0, 0
0, 0, 0, 0, 0, 0, 0
0, 0, 0, 0, 0, 0, 0
0, 0, 0, 0, 0, 0, 0
0, 0, 0, 0, 0, 0, 0
0, 0, 0, 0, 0, 0, 0
0, 0, 0, 0, 0, 0, 0
0, 0, 0, 0, 0, 0, 0
0, 0, 0, 0, 0, 0, 0
0, 0, 0, 0, 0, 0, 0
0, 0, 0, 0, 0, 0, 0
0, 0, 0, 0, 0, 0, 0
0, 0, 0, 0, 0, 0, 0
0, 0, 0, 0, 0, 0, 0
0, 0, 0, 0, 0, 0, 0
0, 0, 0, 0, 0, 0, 0
0, 0, 0, 0, 0, 0, 0
0, 0, 0, 0, 0, 0, 0
0, 0, 0, 0, 0, 0, 0
0, 0, 0, 0, 0, 0, 0
0, 0, 0, 0, 0, 0, 0
0, 0, 0, 0, 0, 0, 0
0, 0, 0, 0, 0, 0, 0
0, 0, 0, 0, 0, 0, 0
0, 0, 0, 0, 0, 0, 0
0, 0, 0, 0, 0, 0, 0
0, 0, 0, 0, 0, 0, 0
0, 0, 0, 0, 0, 0, 0
0, 0, 0, 0, 0, 0, 0
0, 0, 0, 0, 0, 0, 0
0, 0, 0, 0, 0, 0, 0
0, 0, 0, 0, 0, 0, 0
0, 0, 0, 0, 0, 0, 0
0, 0, 0, 0, 0, 0, 0
0, 0, 0, 0, 0, 0, 0
0, 0, 0, 0, 0, 0, 0
0, 0, 0, 0, 0, 0, 0
0, 0, 0, 0, 0, 0, 0
0, 0, 0, 0, 0, 0, 0
0, 0, 0, 0, 0, 0, 0
0, 0, 0, 0, 0, 0, 0
0, 0, 0, 0, 0, 0, 0
0, 0, 0, 0, 0, 0, 0
0, 0, 0, 0, 0, 0, 0
0, 0, 0, 0, 0, 0, 0
0, 0, 0, 0, 0, 0, 0
0, 0, 0, 0, 0, 0, 0
0, 0, 0, 0, 0, 0, 0
0, 0, 0, 0, 0, 0, 0
0, 0, 0, 0, 0, 0, 0
0, 0, 0, 0, 0, 0, 0
0, 0, 0, 0, 0, 0, 0
0, 0, 0, 0, 0, 0, 0
0, 0, 0, 0, 0, 0, 0
0, 0, 0, 0, 0, 0, 0
0, 0, 0, 0, 0, 0, 0
0, 0, 0, 0, 0, 0, 0
0, 0, 0, 0, 0, 0, 0
0, 0, 0, 0, 0, 0, 0
0, 0, 0, 0, 0, 0, 0
0, 0, 0, 0, 0, 0, 0
0, 0, 0, 0, 0, 0, 0
0, 0, 0, 0, 0, 0, 0
0, 0, 0, 0, 0, 0, 0
0, 0, 0, 0, 0, 0, 0
0, 0, 0, 0, 0, 0, 0
0, 0, 0, 0, 0, 0, 0
0, 0, 0, 0, 0, 0, 0
0, 0, 0, 0, 0, 0, 0
0, 0, 0, 0, 0, 0, 0
0, 0, 0, 0, 0, 0, 0
0, 0, 0, 0, 0, 0, 0
0, 0, 0, 0, 0, 0, 0
0, 0, 0, 0, 0, 0, 0
0, 0, 0, 0, 0, 0, 0
0, 0, 0, 0, 0, 0, 0
0, 0, 0, 0, 0, 0, 0
0, 0, 0, 0, 0, 0, 0
0, 0, 0, 0, 0, 0, 0
0, 0, 0, 0, 0, 0, 0
0, 0, 0, 0, 0, 0, 0
0, 0, 0, 0, 0, 0, 0
0, 0, 0, 0, 0, 0, 0
0, 0, 0, 0, 0, 0, 0
0, 0, 0, 0, 0, 0, 0
0, 0, 0, 0, 0, 0, 0
0, 0, 0, 0, 0, 0, 0
0, 0, 0, 0, 0, 0, 0
0, 0, 0, 0, 0, 0, 0
0, 0, 0, 0, 0, 0, 0
0, 0, 0, 0, 0, 0, 0
0, 0, 0, 0, 0, 0, 0
0, 0, 0, 0, 0, 0, 0
0, 0, 0, 0, 0, 0, 0
0, 0, 0, 0, 0, 0, 0
0, 0, 0, 0, 0, 0, 0
0, 0, 0, 0, 0, 0, 0
0, 0, 0, 0, 0, 0, 0
0, 0, 0, 0, 0, 0, 0
0, 0, 0, 0, 0, 0, 0
0, 0, 0, 0, 0, 0, 0
0, 0, 0, 0, 0, 0, 0
0, 0, 0, 0, 0, 0, 0
0, 0, 0, 0, 0, 0, 0
0, 0, 0, 0, 0, 0, 0
0, 0, 0, 0, 0, 0, 0
0, 0, 0, 0, 0, 0, 0
0, 0, 0, 0, 0, 0, 0
0, 0, 0, 0, 0, 0, 0
0, 0, 0, 0, 0, 0, 0
0, 0, 0, 0, 0, 0, 0
0, 0, 0, 0, 0, 0, 0
0, 0, 0, 0, 0, 0, 0
0, 0, 0, 0, 0, 0, 0
0, 0, 0, 0, 0, 0, 0
0, 0, 0, 0, 0, 0, 0
0, 0, 0, 0, 0, 0, 0
0, 0, 0, 0, 0, 0, 0
0, 0, 0, 0, 0, 0, 0
0, 0, 0, 0, 0, 0, 0
0, 0, 0, 0, 0, 0, 0
0, 0, 0, 0, 0, 0, 0
0, 0, 0, 0, 0, 0, 0
0, 0, 0, 0, 0, 0, 0
0, 0, 0, 0, 0, 0, 0
0, 0, 0, 0, 0, 0, 0
0, 0, 0, 0, 0, 0, 0
0, 0, 0, 0, 0, 0, 0
0, 0, 0, 0, 0, 0, 0
0, 0, 0, 0, 0, 0, 0
0, 0, 0, 0, 0, 0, 0
0, 0, 0, 0, 0, 0, 0
0, 0, 0, 0, 0, 0, 0
0, 0, 0, 0, 0, 0, 0
0, 0, 0, 0, 0, 0, 0
0, 0, 0, 0, 0, 0, 0
0, 0, 0, 0, 0, 0, 0
0, 0, 0, 0, 0, 0, 0
0, 0, 0, 0, 0, 0, 0
0, 0, 0, 0, 0, 0, 0
0, 0, 0, 0, 0, 0, 0
0, 0, 0, 0, 0, 0, 0
0, 0, 0, 0, 0, 0, 0
0, 0, 0, 0, 0, 0, 0
0, 0, 0, 0, 0, 0, 0
0, 0, 0, 0, 0, 0, 0
0, 0, 0, 0, 0, 0, 0
0, 0, 0, 0, 0, 0, 0
0, 0, 0, 0, 0, 0, 0
0, 0, 0, 0, 0, 0, 0
0, 0, 0, 0, 0, 0, 0
0, 0, 0, 0, 0, 0, 0
0, 0, 0, 0, 0, 0, 0
0, 0, 0, 0, 0, 0, 0
0, 0, 0, 0, 0, 0, 0
0, 0, 0, 0, 0, 0, 0
0, 0, 0, 0, 0, 0, 0
0, 0, 0, 0, 0, 0, 0
0, 0, 0, 0, 0, 0, 0
0, 0, 0, 0, 0, 0, 0
0, 0, 0, 0, 0, 0, 0
0, 0, 0, 0, 0, 0, 0
0, 0, 0, 0, 0, 0, 0
0, 0, 0, 0, 0, 0, 0
0, 0, 0, 0, 0, 0, 0
0, 0, 0, 0, 0, 0, 0
0, 0, 0, 0, 0, 0, 0
0, 0, 0, 0, 0, 0, 0
0, 0, 0, 0, 0, 0, 0
0, 0, 0, 0, 0, 0, 0
0, 0, 0, 0, 0, 0, 0
0, 0, 0, 0, 0, 0, 0
0, 0, 0, 0, 0, 0, 0
0, 0, 0, 0, 0, 0, 0
0, 0, 0, 0, 0, 0, 0
0, 0, 0, 0, 0, 0, 0
0, 0, 0, 0, 0, 0, 0
0, 0, 0, 0, 0, 0, 0
0, 0, 0, 0, 0, 0, 0
0, 0, 0, 0, 0, 0, 0
0, 0, 0, 0, 0, 0, 0
0, 0, 0, 0, 0, 0, 0
0, 0, 0, 0, 0, 0, 0
0, 0, 0, 0, 0, 0, 0
0, 0, 0, 0, 0, 0, 0
0, 0, 0, 0, 0, 0, 0
0, 0, 0, 0, 0, 0, 0
0, 0, 0, 0, 0, 0, 0
0, 0, 0, 0, 0, 0, 0
0, 0, 0, 0, 0, 0, 0
0, 0, 0, 0, 0, 0, 0
0, 0, 0, 0, 0, 0, 0
0, 0, 0, 0, 0, 0, 0
0, 0, 0, 0, 0, 0, 0
0, 0, 0, 0, 0, 0, 0
0, 0, 0, 0, 0, 0, 0
0, 0, 0, 0, 0, 0, 0
0, 0, 0, 0, 0, 0, 0
0, 0, 0, 0, 0, 0, 0
0, 0, 0, 0, 0, 0, 0
0, 0, 0, 0, 0, 0, 0
0, 0, 0, 0, 0, 0, 0
0, 0, 0, 0, 0, 0, 0
0, 0, 0, 0, 0, 0, 0
0, 0, 0, 0, 0, 0, 0
0, 0, 0, 0, 0, 0, 0
0, 0, 0, 0, 0, 0, 0
0, 0, 0, 0, 0, 0, 0
0, 0, 0, 0, 0, 0, 0
0, 0, 0, 0, 0, 0, 0
0, 0, 0, 0, 0, 0, 0
0, 0, 0, 0, 0, 0, 0
0, 0, 0, 0, 0, 0, 0
0, 0, 0, 0, 0, 0, 0
0, 0, 0, 0, 0, 0, 0
0, 0, 0, 0, 0, 0, 0
0, 0, 0, 0, 0, 0, 0
0, 0, 0, 0, 0, 0, 0
0, 0, 0, 0, 0, 0, 0
0, 0, 0, 0, 0, 0, 0
0, 0, 0, 0, 0, 0, 0
0, 0, 0, 0, 0, 0, 0
0, 0, 0, 0, 0, 0, 0
0, 0, 0, 0, 0, 0, 0
0, 0, 0, 0, 0, 0, 0
0, 0, 0, 0, 0, 0, 0
0, 0, 0, 0, 0, 0, 0
0, 0, 0, 0, 0, 0, 0
0, 0, 0, 0, 0, 0, 0
0, 0, 0, 0, 0, 0, 0
0, 0, 0, 0, 0, 0, 0
0, 0, 0, 0, 0, 0, 0
0, 0, 0, 0, 0, 0, 0
0, 0, 0, 0, 0, 0, 0
0, 0, 0, 0, 0, 0, 0
0, 0, 0, 0, 0, 0, 0
0, 0, 0, 0, 0, 0, 0
0, 0, 0, 0, 0, 0, 0
0, 0, 0, 0, 0, 0, 0
0, 0, 0, 0, 0, 0, 0
0, 0, 0, 0, 0, 0, 0
0, 0, 0, 0, 0, 0, 0
0, 0, 0, 0, 0, 0, 0
0, 0, 0, 0, 0, 0, 0
0, 0, 0, 0, 0, 0, 0
0, 0, 0, 0, 0, 0, 0
0, 0, 0, 0, 0, 0, 0
0, 0, 0, 0, 0, 0, 0
0, 0, 0, 0, 0, 0, 0
0, 0, 0, 0, 0, 0, 0
0, 0, 0, 0, 0, 0, 0
0, 0, 0, 0, 0, 0, 0
0, 0, 0, 0, 0, 0, 0
0, 0, 0, 0, 0, 0, 0
0, 0, 0, 0, 0, 0, 0
0, 0, 0, 0, 0, 0, 0
0, 0, 0, 0, 0, 0, 0
0, 0, 0, 0, 0, 0, 0
0, 0, 0, 0, 0, 0, 0
0, 0, 0, 0, 0, 0, 0
0, 0, 0, 0, 0, 0, 0
0, 0, 0, 0, 0, 0, 0
0, 0, 0, 0, 0, 0, 0
0, 0, 0, 0, 0, 0, 0
0, 0, 0, 0, 0, 0, 0
0, 0, 0, 0, 0, 0, 0
0, 0, 0, 0, 0, 0, 0
0, 0, 0, 0, 0, 0, 0
0, 0, 0, 0, 0, 0, 0
0, 0, 0, 0, 0, 0, 0
0, 0, 0, 0, 0, 0, 0
0, 0, 0, 0, 0, 0, 0
0, 0, 0, 0, 0, 0, 0
0, 0, 0, 0, 0, 0, 0
0, 0, 0, 0, 0, 0, 0
0, 0, 0, 0, 0, 0, 0
0, 0, 0, 0, 0, 0, 0
0, 0, 0, 0, 0, 0, 0
0, 0, 0, 0, 0, 0, 0
0, 0, 0, 0, 0, 0, 0
0, 0, 0, 0, 0, 0, 0
0, 0, 0, 0, 0, 0, 0
0, 0, 0, 0, 0, 0, 0
0, 0, 0, 0, 0, 0, 0
0, 0, 0, 0, 0, 0, 0
0, 0, 0, 0, 0, 0, 0
0, 0, 0, 0, 0, 0, 0
0, 0, 0, 0, 0, 0, 0
0, 0, 0, 0, 0, 0, 0
0, 0, 0, 0, 0, 0, 0
0, 0, 0, 0, 0, 0, 0
0, 0, 0, 0, 0, 0, 0
0, 0, 0, 0, 0, 0, 0
0, 0, 0, 0, 0, 0, 0
0, 0, 0, 0, 0, 0, 0
0, 0, 0, 0, 0, 0, 0
0, 0, 0, 0, 0, 0, 0
0, 0, 0, 0, 0, 0, 0
0, 0, 0, 0, 0, 0, 0
0, 0, 0, 0, 0, 0, 0
0, 0, 0, 0, 0, 0, 0
0, 0, 0, 0, 0, 0, 0
0, 0, 0, 0, 0, 0, 0
0, 0, 0, 0, 0, 0, 0
0, 0, 0, 0, 0, 0, 0
0, 0, 0, 0, 0, 0, 0
0, 0, 0, 0, 0, 0, 0
0, 0, 0, 0, 0, 0, 0
0, 0, 0, 0, 0, 0, 0
0, 0, 0, 0, 0, 0, 0
0, 0, 0, 0, 0, 0, 0
0, 0, 0, 0, 0, 0, 0
0, 0, 0, 0, 0, 0, 0
0, 0, 0, 0, 0, 0, 0
0, 0, 0, 0, 0, 0, 0
0, 0, 0, 0, 0, 0, 0
0, 0, 0, 0, 0, 0, 0
0, 0, 0, 0, 0, 0, 0
0, 0, 0, 0, 0, 0, 0
0, 0, 0, 0, 0, 0, 0
0, 0, 0, 0, 0, 0, 0
0, 0, 0, 0, 0, 0, 0
0, 0, 0, 0, 0, 0, 0
0, 0, 0, 0, 0, 0, 0
0, 0, 0, 0, 0, 0, 0
0, 0, 0, 0, 0, 0, 0
0, 0, 0, 0, 0, 0, 0
0, 0, 0, 0, 0, 0, 0
0, 0, 0, 0, 0, 0, 0
0, 0, 0, 0, 0, 0, 0
0, 0, 0, 0, 0, 0, 0
0, 0, 0, 0, 0, 0, 0
0, 0, 0, 0, 0, 0, 0
0, 0, 0, 0, 0, 0, 0
0, 0, 0, 0, 0, 0, 0
0, 0, 0, 0, 0, 0, 0
0, 0, 0, 0, 0, 0, 0
0, 0, 0, 0, 0, 0, 0
0, 0, 0, 0, 0, 0, 0
0, 0, 0, 0, 0, 0, 0
0, 0, 0, 0, 0, 0, 0
0, 0, 0, 0, 0, 0, 0
0, 0, 0, 0, 0, 0, 0
0, 0, 0, 0, 0, 0, 0
0, 0, 0, 0, 0, 0, 0
0, 0, 0, 0, 0, 0, 0
0, 0, 0, 0, 0, 0, 0
0, 0, 0, 0, 0, 0, 0
0, 0, 0, 0, 0, 0, 0
0, 0, 0, 0, 0, 0, 0
0, 0, 0, 0, 0, 0, 0
0, 0, 0, 0, 0, 0, 0
0, 0, 0, 0, 0, 0, 0
0, 0, 0, 0, 0, 0, 0
0, 0, 0, 0, 0, 0, 0
0, 0, 0, 0, 0, 0, 0
0, 0, 0, 0, 0, 0, 0
0, 0, 0, 0, 0, 0, 0
0, 0, 0, 0, 0, 0, 0
0, 0, 0, 0, 0, 0, 0
0, 0, 0, 0, 0, 0, 0
0, 0, 0, 0, 0, 0, 0
0, 0, 0, 0, 0, 0, 0
0, 0, 0, 0, 0, 0, 0
0, 0, 0, 0, 0, 0, 0
0, 0, 0, 0, 0, 0, 0
0, 0, 0, 0, 0, 0, 0
0, 0, 0, 0, 0, 0, 0
0, 0, 0, 0, 0, 0, 0
0, 0, 0, 0, 0, 0, 0
0, 0, 0, 0, 0, 0, 0
0, 0, 0, 0, 0, 0, 0
0, 0, 0, 0, 0, 0, 0
0, 0, 0, 0, 0, 0, 0
0, 0, 0, 0, 0, 0, 0
0, 0, 0, 0, 0, 0, 0
0, 0, 0, 0, 0, 0, 0
0, 0, 0, 0, 0, 0, 0
0, 0, 0, 0, 0, 0, 0
0, 0, 0, 0, 0, 0, 0
0, 0, 0, 0, 0, 0, 0
0, 0, 0, 0, 0, 0, 0
0, 0, 0, 0, 0, 0, 0
0, 0, 0, 0, 0, 0, 0
0, 0, 0, 0, 0, 0, 0
0, 0, 0, 0, 0, 0, 0
0, 0, 0, 0, 0, 0, 0
0, 0, 0, 0, 0, 0, 0
0, 0, 0, 0, 0, 0, 0
0, 0, 0, 0, 0, 0, 0
0, 0, 0, 0, 0, 0, 0
0, 0, 0, 0, 0, 0, 0
0, 0, 0, 0, 0, 0, 0
0, 0, 0, 0, 0, 0, 0
0, 0, 0, 0, 0, 0, 0
0, 0, 0, 0, 0, 0, 0
0, 0, 0, 0, 0, 0, 0
0, 0, 0, 0, 0, 0, 0
0, 0, 0, 0, 0, 0, 0
0, 0, 0, 0, 0, 0, 0
0, 0, 0, 0, 0, 0, 0
0, 0, 0, 0, 0, 0, 0
0, 0, 0, 0, 0, 0, 0
0, 0, 0, 0, 0, 0, 0
0, 0, 0, 0, 0, 0, 0
0, 0, 0, 0, 0, 0, 0
0, 0, 0, 0, 0, 0, 0
0, 0, 0, 0, 0, 0, 0
0, 0, 0, 0, 0, 0, 0
0, 0, 0, 0, 0, 0, 0
0, 0, 0, 0, 0, 0, 0
0, 0, 0, 0, 0, 0, 0
0, 0, 0, 0, 0, 0, 0
0, 0, 0, 0, 0, 0, 0
0, 0, 0, 0, 0, 0, 0
0, 0, 0, 0, 0, 0, 0
0, 0, 0, 0, 0, 0, 0
0, 0, 0, 0, 0, 0, 0
0, 0, 0, 0, 0, 0, 0
0, 0, 0, 0, 0, 0, 0
0, 0, 0, 0, 0, 0, 0
0, 0, 0, 0, 0, 0, 0
0, 0, 0, 0, 0, 0, 0
0, 0, 0, 0, 0, 0, 0
0, 0, 0, 0, 0, 0, 0
0, 0, 0, 0, 0, 0, 0
0, 0, 0, 0, 0, 0, 0
0, 0, 0, 0, 0, 0, 0
0, 0, 0, 0, 0, 0, 0
0, 0, 0, 0, 0, 0, 0
0, 0, 0, 0, 0, 0, 0
0, 0, 0, 0, 0, 0, 0
0, 0, 0, 0, 0, 0, 0
0, 0, 0, 0, 0, 0, 0
0, 0, 0, 0, 0, 0, 0
0, 0, 0, 0, 0, 0, 0
0, 0, 0, 0, 0, 0, 0
0, 0, 0, 0, 0, 0, 0
0, 0, 0, 0, 0, 0, 0
0, 0, 0, 0, 0, 0, 0
0, 0, 0, 0, 0, 0, 0
0, 0, 0, 0, 0, 0, 0
0, 0, 0, 0, 0, 0, 0
0, 0, 0, 0, 0, 0, 0
0, 0, 0, 0, 0, 0, 0
0, 0, 0, 0, 0, 0, 0
0, 0, 0, 0, 0, 0, 0
0, 0, 0, 0, 0, 0, 0
0, 0, 0, 0, 0, 0, 0
0, 0, 0, 0, 0, 0, 0
0, 0, 0, 0, 0, 0, 0
0, 0, 0, 0, 0, 0, 0
0, 0, 0, 0, 0, 0, 0
0, 0, 0, 0, 0, 0, 0
0, 0, 0, 0, 0, 0, 0
0, 0, 0, 0, 0, 0, 0
0, 0, 0, 0, 0, 0, 0
0, 0, 0, 0, 0, 0, 0
0, 0, 0, 0, 0, 0, 0
0, 0, 0, 0, 0, 0, 0
0, 0, 0, 0, 0, 0, 0
0, 0, 0, 0, 0, 0, 0
0, 0, 0, 0, 0, 0, 0
0, 0, 0, 0, 0, 0, 0
0, 0, 0, 0, 0, 0, 0
0, 0, 0, 0, 0, 0, 0
0, 0, 0, 0, 0, 0, 0
0, 0, 0, 0, 0, 0, 0
0, 0, 0, 0, 0, 0, 0
0, 0, 0, 0, 0, 0, 0
0, 0, 0, 0, 0, 0, 0
0, 0, 0, 0, 0, 0, 0
0, 0, 0, 0, 0, 0, 0
0, 0, 0, 0, 0, 0, 0
0, 0, 0, 0, 0, 0, 0
0, 0, 0, 0, 0, 0, 0
0, 0, 0, 0, 0, 0, 0
0, 0, 0, 0, 0, 0, 0
0, 0, 0, 0, 0, 0, 0
0, 0, 0, 0, 0, 0, 0
0, 0, 0, 0, 0, 0, 0
0, 0, 0, 0, 0, 0, 0
0, 0, 0, 0, 0, 0, 0
0, 0, 0, 0, 0, 0, 0
0, 0, 0, 0, 0, 0, 0
0, 0, 0, 0, 0, 0, 0
0, 0, 0, 0, 0, 0, 0
0, 0, 0, 0, 0, 0, 0
0, 0, 0, 0, 0, 0, 0
0, 0, 0, 0, 0, 0, 0
0, 0, 0, 0, 0, 0, 0
0, 0, 0, 0, 0, 0, 0
0, 0, 0, 0, 0, 0, 0
0, 0, 0, 0, 0, 0, 0
0, 0, 0, 0, 0, 0, 0
0, 0, 0, 0, 0, 0, 0
0, 0, 0, 0, 0, 0, 0
0, 0, 0, 0, 0, 0, 0
0, 0, 0, 0, 0, 0, 0
0, 0, 0, 0, 0, 0, 0
0, 0, 0, 0, 0, 0, 0
0, 0, 0, 0, 0, 0, 0
0, 0, 0, 0, 0, 0, 0
0, 0, 0, 0, 0, 0, 0
0, 0, 0, 0, 0, 0, 0
0, 0, 0, 0, 0, 0, 0
0, 0, 0, 0, 0, 0, 0
0, 0, 0, 0, 0, 0, 0
0, 0, 0, 0, 0, 0, 0
0, 0, 0, 0, 0, 0, 0
0, 0, 0, 0, 0, 0, 0
0, 0, 0, 0, 0, 0, 0
0, 0, 0, 0, 0, 0, 0
0, 0, 0, 0, 0, 0, 0
0, 0, 0, 0, 0, 0, 0
0, 0, 0, 0, 0, 0, 0
0, 0, 0, 0, 0, 0, 0
0, 0, 0, 0, 0, 0, 0
0, 0, 0, 0, 0, 0, 0
0, 0, 0, 0, 0, 0, 0
0, 0, 0, 0, 0, 0, 0
0, 0, 0, 0, 0, 0, 0
0, 0, 0, 0, 0, 0, 0
0, 0, 0, 0, 0, 0, 0
0, 0, 0, 0, 0, 0, 0
0, 0, 0, 0, 0, 0, 0
0, 0, 0, 0, 0, 0, 0
0, 0, 0, 0, 0, 0, 0
0, 0, 0, 0, 0, 0, 0
0, 0, 0, 0, 0, 0, 0
0, 0, 0, 0, 0, 0, 0
0, 0, 0, 0, 0, 0, 0
0, 0, 0, 0, 0, 0, 0
0, 0, 0, 0, 0, 0, 0
0, 0, 0, 0, 0, 0, 0
0, 0, 0, 0, 0, 0, 0
0, 0, 0, 0, 0, 0, 0
0, 0, 0, 0, 0, 0, 0
0, 0, 0, 0, 0, 0, 0
0, 0, 0, 0, 0, 0, 0
0, 0, 0, 0, 0, 0, 0
0, 0, 0, 0, 0, 0, 0
0, 0, 0, 0, 0, 0, 0
0, 0, 0, 0, 0, 0, 0
0, 0, 0, 0, 0, 0, 0
0, 0, 0, 0, 0, 0, 0
0, 0, 0, 0, 0, 0, 0
0, 0, 0, 0, 0, 0, 0
0, 0, 0, 0, 0, 0, 0
0, 0, 0, 0, 0, 0, 0
0, 0, 0, 0, 0, 0, 0
0, 0, 0, 0, 0, 0, 0
0, 0, 0, 0, 0, 0, 0
0, 0, 0, 0, 0, 0, 0
0, 0, 0, 0, 0, 0, 0
0, 0, 0, 0, 0, 0, 0
0, 0, 0, 0, 0, 0, 0
0, 0, 0, 0, 0, 0, 0
0, 0, 0, 0, 0, 0, 0
0, 0, 0, 0, 0, 0, 0
0, 0, 0, 0, 0, 0, 0
0, 0, 0, 0, 0, 0, 0
0, 0, 0, 0, 0, 0, 0
0, 0, 0, 0, 0, 0, 0
0, 0, 0, 0, 0, 0, 0
0, 0, 0, 0, 0, 0, 0
0, 0, 0, 0, 0, 0, 0
0, 0, 0, 0, 0, 0, 0
0, 0, 0, 0, 0, 0, 0
0, 0, 0, 0, 0, 0, 0
0, 0, 0, 0, 0, 0, 0
0, 0, 0, 0, 0, 0, 0
0, 0, 0, 0, 0, 0, 0
0, 0, 0, 0, 0, 0, 0
0, 0, 0, 0, 0, 0, 0
0, 0, 0, 0, 0, 0, 0
0, 0, 0, 0, 0, 0, 0
0, 0, 0, 0, 0, 0, 0
0, 0, 0, 0, 0, 0, 0
0, 0, 0, 0, 0, 0, 0
0, 0, 0, 0, 0, 0, 0
0, 0, 0, 0, 0, 0, 0
0, 0, 0, 0, 0, 0, 0
0, 0, 0, 0, 0, 0, 0
0, 0, 0, 0, 0, 0, 0
0, 0, 0, 0, 0, 0, 0
0, 0, 0, 0, 0, 0, 0
0, 0, 0, 0, 0, 0, 0
0, 0, 0, 0, 0, 0, 0
0, 0, 0, 0, 0, 0, 0
0, 0, 0, 0, 0, 0, 0
0, 0, 0, 0, 0, 0, 0
0, 0, 0, 0, 0, 0, 0
0, 0, 0, 0, 0, 0, 0
0, 0, 0, 0, 0, 0, 0
0, 0, 0, 0, 0, 0, 0
0, 0, 0, 0, 0, 0, 0
0, 0, 0, 0, 0, 0, 0
0, 0, 0, 0, 0, 0, 0
0, 0, 0, 0, 0, 0, 0
0, 0, 0, 0, 0, 0, 0
0, 0, 0, 0, 0, 0, 0
0, 0, 0, 0, 0, 0, 0
0, 0, 0, 0, 0, 0, 0
0, 0, 0, 0, 0, 0, 0
0, 0, 0, 0, 0, 0, 0
0, 0, 0, 0, 0, 0, 0
0, 0, 0, 0, 0, 0, 0
0, 0, 0, 0, 0, 0, 0
0, 0, 0, 0, 0, 0, 0
0, 0, 0, 0, 0, 0, 0
0, 0, 0, 0, 0, 0, 0
0, 0, 0, 0, 0, 0, 0
0, 0, 0, 0, 0, 0, 0
0, 0, 0, 0, 0, 0, 0
0, 0, 0, 0, 0, 0, 0
0, 0, 0, 0, 0, 0, 0
0, 0, 0, 0, 0, 0, 0
0, 0, 0, 0, 0, 0, 0
0, 0, 0, 0, 0, 0, 0
0, 0, 0, 0, 0, 0, 0
0, 0, 0, 0, 0, 0, 0
0, 0, 0, 0, 0, 0, 0
0, 0, 0, 0, 0, 0, 0
0, 0, 0, 0, 0, 0, 0
0, 0, 0, 0, 0, 0, 0
0, 0, 0, 0, 0, 0, 0
0, 0, 0, 0, 0, 0, 0
0, 0, 0, 0, 0, 0, 0
0, 0, 0, 0, 0, 0, 0
0, 0, 0, 0, 0, 0, 0
0, 0, 0, 0, 0, 0, 0
0, 0, 0, 0, 0, 0, 0
0, 0, 0, 0, 0, 0, 0
0, 0, 0, 0, 0, 0, 0
0, 0, 0, 0, 0, 0, 0
0, 0, 0, 0, 0, 0, 0
0, 0, 0, 0, 0, 0, 0
0, 0, 0, 0, 0, 0, 0
0, 0, 0, 0, 0, 0, 0
0, 0, 0, 0, 0, 0, 0
0, 0, 0, 0, 0, 0, 0
0, 0, 0, 0, 0, 0, 0
0, 0, 0, 0, 0, 0, 0
0, 0, 0, 0, 0, 0, 0
0, 0, 0, 0, 0, 0, 0
0, 0, 0, 0, 0, 0, 0
0, 0, 0, 0, 0, 0, 0
0, 0, 0, 0, 0, 0, 0
0, 0, 0, 0, 0, 0, 0
0, 0, 0, 0, 0, 0, 0
0, 0, 0, 0, 0, 0, 0
0, 0, 0, 0, 0, 0, 0
0, 0, 0, 0, 0, 0, 0
0, 0, 0, 0, 0, 0, 0
0, 0, 0, 0, 0, 0, 0
0, 0, 0, 0, 0, 0, 0
0, 0, 0, 0, 0, 0, 0
0, 0, 0, 0, 0, 0, 0
0, 0, 0, 0, 0, 0, 0
0, 0, 0, 0, 0, 0, 0
0, 0, 0, 0, 0, 0, 0
0, 0, 0, 0, 0, 0, 0
0, 0, 0, 0, 0, 0, 0
0, 0, 0, 0, 0, 0, 0
0, 0, 0, 0, 0, 0, 0
0, 0, 0, 0, 0, 0, 0
0, 0, 0, 0, 0, 0, 0
0, 0, 0, 0, 0, 0, 0
0, 0, 0, 0, 0, 0, 0
0, 0, 0, 0, 0, 0, 0
0, 0, 0, 0, 0, 0, 0
0, 0, 0, 0, 0, 0, 0
0, 0, 0, 0, 0, 0, 0
0, 0, 0, 0, 0, 0, 0
0, 0, 0, 0, 0, 0, 0
0, 0, 0, 0, 0, 0, 0
0, 0, 0, 0, 0, 0, 0
0, 0, 0, 0, 0, 0, 0
0, 0, 0, 0, 0, 0, 0
0, 0, 0, 0, 0, 0, 0
0, 0, 0, 0, 0, 0, 0
0, 0, 0, 0, 0, 0, 0
0, 0, 0, 0, 0, 0, 0
0, 0, 0, 0, 0, 0, 0
0, 0, 0, 0, 0, 0, 0
0, 0, 0, 0, 0, 0, 0
0, 0, 0, 0, 0, 0, 0
0, 0, 0, 0, 0, 0, 0
0, 0, 0, 0, 0, 0, 0
0, 0, 0, 0, 0, 0, 0
0, 0, 0, 0, 0, 0, 0
0, 0, 0, 0, 0, 0, 0
0, 0, 0, 0, 0, 0, 0
0, 0, 0, 0, 0, 0, 0
0, 0, 0, 0, 0, 0, 0
0, 0, 0, 0, 0, 0, 0
0, 0, 0, 0, 0, 0, 0
0, 0, 0, 0, 0, 0, 0
0, 0, 0, 0, 0, 0, 0
0, 0, 0, 0, 0, 0, 0
0, 0, 0, 0, 0, 0, 0
0, 0, 0, 0, 0, 0, 0
8.892615, 9.0381175, 9.243698, 9.476831500000001, 9.686912999999999, 11.97301437, 19.373624
8.891325, 9.0337335, 9.25548275, 9.507894, 9.78219935, 13.246953809999987, 19.645042
8.87822425, 9.0306655, 9.211996, 9.4994553, 9.752797, 14.605914929999999, 22.552578
8.8854735, 9.049389999999999, 9.258466499999999, 9.540201, 9.768343549999999, 16.059206239999998, 52.853195
8.89574775, 9.0485845, 9.238493499999999, 9.511582, 9.71157495, 13.61904774, 19.892145
8.891942, 9.042474, 9.261229499999999, 9.539244700000001, 9.8138833, 16.05991641, 52.853195
8.89064025, 9.049306000000001, 9.2468115, 9.5172713, 9.73065615, 11.444518269999998, 19.645042
8.909426499999999, 9.058029999999999, 9.2510345, 9.526059400000001, 9.740872, 15.570414, 23.303856
8.871097, 9.0133145, 9.180444, 9.486231, 10.096290999999997, 12.222369769999998, 37.448702
8.866981, 9.00448, 9.18636375, 9.4533499, 9.969460699999999, 11.961167169999998, 35.487972
8.859341749999999, 8.998237, 9.16577725, 9.440294, 10.019533799999998, 11.89460059, 37.448702
8.86684025, 9.006176, 9.191906249999999, 9.439095799999999, 9.94117155, 11.875231139999995, 35.734803
8.86471525, 9.0029465, 9.1846405, 9.4467835, 9.94117155, 11.89486393, 35.734803
8.863359, 9.0045, 9.17533175, 9.4386792, 9.918332, 11.932734399999998, 16.295498
8.867136, 9.0006725, 9.17608375, 9.422024799999999, 9.918443799999999, 11.932546299999998, 29.227148
8.8553195, 9.000233, 9.18844725, 9.5022381, 10.031808249999992, 11.932546299999998, 37.448702
8.873248, 9.004538, 9.178848, 9.4602233, 9.91334975, 12.00353794999999, 37.448702
8.78396975, 9.0514865, 10.176105, 11.578295, 12.424741, 14.663581240000012, 19.563106
8.790975999999999, 9.0521515, 10.211447, 11.725419, 12.512688, 15.675683260000001, 26.889073
8.780799, 9.039099499999999, 10.12906025, 11.5941858, 12.440311, 15.095220980000033, 26.889073
8.643056, 9.106537, 10.78818, 12.439813, 14.063715799999997, 18.188937, 38.813544
8.643484, 9.1088585, 10.787559, 12.436747100000002, 14.01386649999999, 17.547577, 26.925837
8.6473015, 9.1348945, 10.83674225, 12.512370600000002, 13.99554189999999, 17.61197376, 38.813544
8.64953375, 9.141965, 10.792518, 12.391037200000001, 14.07908009999999, 17.922138370000003, 38.404747
8.641439, 9.12137, 10.830678, 12.511915, 14.096220099999986, 17.54854506000002, 34.408771
8.643807, 9.14324, 10.819754, 12.402768, 13.951795, 17.960504, 38.813544
8.637786, 9.105817, 10.830678, 12.408001, 13.931584749999994, 17.470363, 38.404747
8.64621125, 9.116678499999999, 10.744026, 12.3479153, 13.957498849999995, 17.813216060000006, 34.462112
8.653175, 9.141108, 10.845634, 12.4587684, 13.925927999999997, 17.470363, 26.469622
8.646164, 9.128324, 10.755138, 12.309312400000003, 13.866715, 17.289311310000027, 38.813544
8.650275, 9.1183175, 10.8079575, 12.481334, 14.063715799999997, 17.937063770000005, 38.404747
8.648374749999999, 9.128411, 10.788428249999999, 12.367339300000006, 13.967686449999995, 17.699605, 38.404747
8.653112, 9.127029, 10.759644250000001, 12.390487, 14.06229875, 17.960504, 38.404747
8.643614, 9.12794, 10.795076, 12.3453173, 13.744308099999994, 17.645022860000015, 38.404747
8.644519, 9.147789, 10.77868775, 12.440258, 14.126659, 17.872178240000004, 38.404747
8.648381749999999, 9.090909, 10.720306, 12.426232, 14.07908009999999, 17.70442273000002, 27.927733
8.647925, 9.140528, 10.721894, 12.354404, 13.960261849999998, 17.88846820000001, 38.404747
8.650357249999999, 9.11539, 10.78494675, 12.361468600000002, 14.070717, 17.708369, 38.404747
8.64953375, 9.149530500000001, 10.794076, 12.3447827, 13.935687749999987, 17.872178240000004, 38.813544
8.64300075, 9.0947105, 10.788376, 12.384552, 13.991081399999997, 17.420484050000002, 38.813544
8.655849, 9.1478535, 10.83787525, 12.481753800000007, 14.124037, 18.233113, 38.404747
8.64616925, 9.12794, 10.8348925, 12.42623, 14.027404, 17.888042, 38.813544
8.63714675, 9.107911, 10.80231025, 12.444263, 14.066710849999996, 17.70915502000002, 38.813544
8.66292475, 9.141598, 10.78426325, 12.4429497, 13.907798949999998, 17.629572, 38.813544
8.64909, 9.1442215, 10.7875895, 12.420221, 13.960113, 17.663793, 38.813544
8.656063249999999, 9.1191615, 10.85147125, 12.563919, 14.126227, 17.644383, 27.927733
8.658091, 9.135627, 10.77695925, 12.4401122, 13.917093949999991, 17.199301, 38.813544
8.647008, 9.157189500000001, 10.78858425, 12.34191, 13.884972, 17.483054, 38.404747
8.646293, 9.111567, 10.743062, 12.355993, 13.931310749999996, 17.629720110000004, 38.813544
8.639669999999999, 9.1151705, 10.816554, 12.4261067, 14.0132506, 17.786971, 34.408771
8.6460385, 9.15837, 10.809672, 12.501195900000004, 13.992095049999984, 17.538447, 34.462112
8.641977, 9.086269, 10.81825775, 12.426513400000001, 13.95715, 17.377546190000004, 38.813544
8.6474265, 9.111663, 10.7616495, 12.4361022, 14.059531149999998, 18.45199214000001, 38.813544
8.64911925, 9.1263985, 10.79312425, 12.4445948, 14.062613, 18.233113, 38.813544
8.781956, 9.0442955, 10.19960425, 11.649063300000002, 12.385275, 14.825471030000012, 26.889073
8.784652, 9.065031999999999, 10.2433575, 11.7674014, 12.579819800000001, 15.027967510000005, 26.889073
8.783268499999998, 9.053201, 10.214038, 11.5966045, 12.343783950000004, 15.27344427, 19.563106
8.86496725, 9.0025885, 9.185218, 9.482517099999999, 10.019570399999997, 12.00353794999999, 37.448702
8.86835525, 9.004593, 9.183131, 9.445925, 9.91084745, 12.048208349999994, 37.448702
8.868885500000001, 9.005974, 9.184533, 9.449913, 9.985579, 11.971068919999983, 37.448702
8.865297, 9.004645, 9.18330875, 9.4533499, 10.013958249999996, 12.008233839999988, 35.487972
8.8649125, 9.008545000000002, 9.1910445, 9.481122999999998, 10.0051396, 12.257427629999995, 35.487972
8.86838225, 9.004627500000002, 9.17380925, 9.4456253, 9.905916449999996, 12.071412479999976, 35.734803
8.86676725, 9.0038935, 9.186992499999999, 9.450761, 9.980987, 11.89655337, 24.923449
8.864496249999998, 9.004582, 9.1834895, 9.4432049, 9.904692049999998, 11.75695889, 37.448702
8.864671, 9.000264, 9.176161, 9.4675516, 10.018997, 12.074013459999964, 35.734803
8.866556000000001, 9.001722000000001, 9.181903, 9.438092399999999, 10.0137305, 11.958679299999998, 37.448702
8.872029, 8.998716, 9.16815, 9.4129702, 9.881394599999998, 11.762035079999992, 35.487972
8.894670249999999, 9.050597, 9.237156, 9.5080217, 9.792172599999999, 16.405846519999997, 23.303856
8.8800155, 9.0311135, 9.231781999999999, 9.4851253, 9.7261384, 15.877446359999995, 52.853195
8.8945595, 9.0451795, 9.24527475, 9.517638, 9.74902, 14.10601301, 24.370709
8.886727500000001, 9.0400755, 9.2287845, 9.491764, 9.769548749999998, 14.79108599999999, 23.303856
8.894948249999999, 9.047911, 9.22028575, 9.477353, 9.71589835, 11.058234619999999, 21.371576
8.890757, 9.046533, 9.238612499999999, 9.477643, 9.668899999999999, 16.18173054, 32.855096
8.8655525, 8.9970505, 9.175699, 9.462647899999999, 9.9920315, 12.048208349999994, 37.448702
8.789127749999999, 9.059111, 10.24421375, 11.607393, 12.299275550000003, 14.74727015000001, 18.865024
8.783395, 9.064024499999999, 10.254443, 11.727323700000001, 12.45138875, 14.757332510000007, 19.393533
8.649318, 9.1337995, 10.823185, 12.434224500000001, 14.124056699999999, 17.802213, 38.813544
8.651396, 9.120355, 10.823630000000001, 12.426093, 14.070622, 17.872178240000004, 38.813544
9.105862, 11.219993, 14.08681475, 17.1799343, 19.606556949999984, 26.015162, 40.625286
9.11579025, 11.2624095, 14.0596055, 17.4391502, 19.966418, 25.872567300000007, 40.625286
9.087055000000001, 11.2025715, 14.16753475, 17.491916300000003, 20.072607599999998, 25.56984564000001, 44.22794
11.077025, 14.208014, 18.698169749999998, 23.599799700000005, 26.7312, 33.69622668000013, 47.131774
8.7282265, 9.074715000000001, 10.526465, 12.015198100000001, 13.132498, 16.821101690000024, 111.09977678288693
8.726995, 9.075604, 10.530408249999999, 12.022425, 13.163769, 16.680769, 38.813544
8.641578, 9.110145, 10.8072195, 12.42623, 14.021759099999995, 17.802213, 38.813544
12.858134, 17.28352, 22.9934405, 28.803861500000007, 33.257246, 41.033126869999876, 104.47634462289415
8.643933, 9.116036, 10.764135, 12.367258, 13.95715, 17.78373994000009, 104.89261441023552
8.645996, 9.139831, 10.810196000000001, 12.42623, 14.015404799999995, 17.872018, 38.813544
8.653892, 9.1462885, 10.823185, 12.474779400000008, 14.0626608, 17.786971, 38.813544
8.646909, 9.141869, 10.817235, 12.498922500000003, 14.099284, 17.629572, 38.813544
8.64909, 9.1328155, 10.792807, 12.436074, 14.057811, 17.703598, 38.813544
14.427077, 19.116566, 24.860529, 31.712344700000024, 36.427454, 46.969521, 103.97840119873548
14.467646, 19.110693, 24.889153, 32.196291, 36.9422066, 48.085438, 73.564487
8.77202, 9.919118, 12.26598075, 15.531695, 17.82148, 23.102909, 115.54416216023716
8.7845495, 9.053782, 10.20749, 11.632023, 12.440311, 14.938393340000019, 106.52349017492196
8.849066, 9.008293, 9.23839725, 10.077637, 11.188802, 12.945139959999985, 110.65747975767243
8.871288, 9.0102, 9.193262, 9.465519, 9.907871, 12.00305150000002, 107.85713255391461
8.852725, 9.0106395, 9.24285, 10.094794400000005, 11.198484, 13.004638, 103.00776762234109
8.850853, 9.008839, 9.240074, 10.096407, 11.187893, 13.014681390000026, 37.448702
8.852119, 9.008738, 9.241402, 10.087531, 11.217472, 13.003450990000003, 37.448702
8.850489, 9.012095, 9.242591, 10.121721, 11.205834, 13.060556840000016, 35.734803
8.847668, 9.009035, 9.244435, 10.095379, 11.220886599999996, 13.060476, 37.448702
8.850853, 9.009122, 9.241387, 10.095956099999999, 11.182928, 12.94525839000001, 37.448702
8.831859, 9.0172735, 9.373197, 10.886986, 11.778039, 13.966802, 37.448702
8.831856, 9.018023, 9.370238500000001, 10.893439, 11.801112, 13.942673719999872, 37.448702
8.83208, 9.015861, 9.374413, 10.8946593, 11.778039, 13.980222, 37.448702
8.833351, 9.018441, 9.37595, 10.897305, 11.77998, 13.86548, 37.448702
8.831741, 9.018782, 9.383382, 10.893972, 11.801112, 13.94243, 37.448702
8.8319075, 9.017828, 9.377894999999999, 10.901707, 11.824515500000002, 14.054369, 37.448702
8.834065, 9.016231, 9.370365750000001, 10.868414, 11.774039, 13.966802, 37.448702
8.831739, 9.014717, 9.364253, 10.886891, 11.77492385, 13.787759, 37.448702
8.832172, 9.016846, 9.371589, 10.894063, 11.824461, 14.025349, 37.448702
8.835756499999999, 9.022292, 9.381943249999999, 10.888265, 11.762856, 13.892242, 37.448702
8.830303, 9.0157375, 9.37292925, 10.878782, 11.768964000000006, 13.787759, 37.448702
8.831025, 9.014589, 9.365019, 10.857567, 11.749083, 13.762149, 37.448702
8.833716, 9.016708999999999, 9.365637, 10.867897399999999, 11.801112, 13.920245, 37.448702
8.831326, 9.016759, 9.376106, 10.890877, 11.770826, 13.851700399999942, 37.448702
8.834625, 9.016636, 9.370785, 10.890877, 11.794418, 13.980222, 37.448702
8.833413, 9.015155, 9.365498, 10.878782, 11.761851700000003, 13.85159, 37.448702
8.834227, 9.0172365, 9.36692, 10.872134, 11.754746, 13.787287, 37.448702
8.835314, 9.0167395, 9.378121, 10.886857, 11.778136050000006, 13.920245, 37.448702
8.831548, 9.015759, 9.365341, 10.858977, 11.75006, 13.807219189999765, 37.448702
8.834258, 9.0182105, 9.3763455, 10.870337, 11.768566, 13.806771, 37.448702
8.835316, 9.020869, 9.376572, 10.876892, 11.804311, 13.980222, 37.448702
8.8352955, 9.01747, 9.3738145, 10.883033, 11.768866, 13.787291719999997, 37.448702
8.831025, 9.015435, 9.370785, 10.890214, 11.77099985, 13.920245, 37.448702
8.8327305, 9.015998, 9.368945, 10.888265, 11.767272, 13.806771, 37.448702
8.834065, 9.0187375, 9.378039, 10.880997, 11.762739, 13.86263, 37.448702
8.832872, 9.014931, 9.369881, 10.875006, 11.799938, 14.022834, 37.448702
8.831739, 9.015549, 9.373197, 10.884418, 11.777362, 13.780266, 37.448702
8.83534075, 9.018681, 9.372512, 10.890214, 11.770969, 13.770105259999973, 37.448702
8.833424, 9.017929, 9.37595, 10.886986, 11.8318356, 13.966926169999935, 37.448702
8.833434, 9.016679, 9.376449, 10.893935, 11.794418, 13.86548, 37.448702
8.831326, 9.015929499999999, 9.3708815, 10.890972399999999, 11.780594, 13.979223179999998, 37.448702
8.83104375, 9.015656, 9.372512, 10.870778, 11.762739, 13.762149, 37.448702
8.832809, 9.014898, 9.375255, 10.888265, 11.781833, 13.979637, 37.448702
8.83008, 9.014702, 9.37164525, 10.875006, 11.774978, 13.966926169999935, 37.448702
8.834625, 9.01714, 9.3715875, 10.8809973, 11.804311, 13.94243, 37.448702
8.831373, 9.016208, 9.373654, 10.900596, 11.78665, 13.86263, 37.448702
8.833710250000001, 9.017301, 9.3763455, 10.891831, 11.777362, 13.979229029999996, 37.448702
8.849945, 9.009820999999999, 9.246445, 10.097082, 11.234541999999994, 13.077141, 37.448702
8.851157, 9.009231, 9.245997, 10.103083, 11.207532, 13.096827, 37.448702
8.85122275, 9.010502, 9.243225, 10.092653599999995, 11.205415999999998, 13.027741440000051, 37.448702
8.848428, 9.0076025, 9.240263, 10.090342099999997, 11.205911699999993, 12.982880770000046, 37.448702
8.850075, 9.01017, 9.238608, 10.103211799999999, 11.213009, 13.104457, 37.448702
8.851521, 9.00998, 9.245798, 10.0922024, 11.2017843, 12.966803, 37.448702
8.849737, 9.009035, 9.240899, 10.095906, 11.238692749999998, 13.108556, 37.448702
8.851965, 9.0102, 9.243225, 10.125641, 11.21737415, 13.027491, 37.448702
8.86622, 9.00286, 9.1768895, 9.457004, 9.985579, 11.938615, 37.448702
8.86477425, 9.0040565, 9.17894175, 9.445592, 9.946236, 11.961167170000017, 37.448702
8.866547, 9.004057, 9.177047, 9.457004, 9.95983, 11.932545, 37.448702
8.864438, 9.003628, 9.176505, 9.443095, 9.953168, 11.89793043000001, 37.448702
8.866416, 9.003879, 9.178128, 9.441303, 9.930965, 11.922215, 37.448702
8.866547, 9.003908, 9.180891, 9.4567853, 9.985579, 12.070419, 37.448702
8.865122, 9.00286, 9.175059, 9.443059, 9.946236, 11.938615, 37.448702
8.866547, 9.001634, 9.176058, 9.4457945, 9.951734, 11.922215, 37.448702
8.864503, 9.003401, 9.178965, 9.44578, 9.961654, 11.932675, 37.448702
8.868868, 9.004266, 9.179753, 9.450355, 9.974078599999968, 11.993602940000011, 37.448702
8.86676725, 9.00341, 9.176906, 9.444963, 9.952919, 11.970292, 37.448702
8.867979, 9.004629, 9.182778, 9.45891, 9.992015, 11.958587130000005, 37.448702
8.864984250000001, 9.003226, 9.178767, 9.444963, 9.952919, 11.961075, 37.448702
8.865049, 9.002763, 9.17694125, 9.4449875, 9.961654, 11.999339, 37.448702
8.865466, 9.003301, 9.178997, 9.451816, 9.971022949999993, 11.970292, 37.448702
8.867063, 9.00457, 9.183131, 9.459293, 10.004416, 12.223238, 37.448702
8.865466, 9.003607, 9.178128, 9.44343, 9.92934, 11.970292, 37.448702
8.863657, 9.002518, 9.177047, 9.44659, 9.972307749999999, 11.961167170000017, 37.448702
8.866484, 9.0029145, 9.175445, 9.442472, 9.940905, 11.958562, 37.448702
8.865184249999999, 9.004208, 9.179358, 9.449816, 9.95983, 11.970292, 37.448702
8.865721, 9.002518, 9.176161, 9.44343, 9.951734, 11.961075, 37.448702
8.851521, 9.009035, 9.244435, 10.081999, 11.189328749999998, 12.975171650000016, 37.448702
8.851432, 9.009219, 9.245491, 10.0964359, 11.1866, 13.113034270000009, 37.448702
8.852093, 9.009225, 9.241352, 10.092653599999995, 11.166571, 12.900018910000021, 37.448702
8.85143425, 9.010676, 9.245312, 10.096407, 11.259402949999995, 12.96701, 37.448702
8.850401, 9.009172, 9.2421, 10.121721, 11.213009, 13.081117310000012, 37.448702
8.852119, 9.0085525, 9.24054, 10.097082, 11.175774849999998, 12.967090860000017, 37.448702
8.85151325, 9.010502, 9.240652, 10.109237, 11.221601, 13.060556840000016, 37.448702
8.847668, 9.00666, 9.238768, 10.130230599999997, 11.223122999999998, 13.14804, 37.448702
8.849506250000001, 9.008261, 9.2392, 10.103168, 11.207532, 13.162858, 37.448702
8.848428, 9.008089, 9.239885, 10.0777552, 11.184149399999992, 13.027491, 37.448702
8.851157, 9.010941, 9.246383, 10.12845, 11.256366449999991, 13.104497990000008, 37.448702
8.849945, 9.008502, 9.240023, 10.119691099999999, 11.262505, 13.148130190000018, 37.448702
8.85045, 9.009301, 9.242216, 10.119299599999998, 11.222285149999998, 13.081117310000012, 37.448702
8.850902, 9.008261, 9.24054, 10.110703, 11.259349, 13.014681390000026, 37.448702
8.852269, 9.010941, 9.23961, 10.0710392, 11.173819299999996, 12.966803, 37.448702
8.85006275, 9.010192, 9.242942500000002, 10.092152, 11.22872, 13.108556, 37.448702
8.853297750000001, 9.010032, 9.244147, 10.13224, 11.221633099999996, 12.938206, 37.448702
8.8506675, 9.00998, 9.24054, 10.072006199999999, 11.187938449999997, 13.014552, 37.448702
8.84864, 9.007661, 9.23961, 10.0571572, 11.201779, 13.052930220000016, 37.448702
8.850489, 9.010454, 9.24518, 10.079472, 11.193924349999993, 13.060476, 37.448702
8.852256, 9.010079, 9.24322, 10.092152, 11.223122999999998, 13.169150060000021, 37.448702
8.85011625, 9.0085525, 9.239707749999999, 10.082529099999997, 11.195808499999993, 12.966803, 37.448702
8.849098, 9.008331, 9.244263, 10.095906, 11.20752915, 13.077600860000006, 37.448702
8.85229075, 9.010444, 9.245097, 10.138081, 11.222243, 13.027491, 37.448702
8.8497655, 9.009035, 9.24285, 10.130096, 11.250049, 13.081117310000012, 37.448702
8.867031749999999, 9.003352, 9.17932575, 9.444518, 9.965311, 11.999339, 37.448702
8.868428, 9.0045, 9.180355, 9.458287, 9.992015, 11.99937650000001, 37.448702
8.8714645, 9.014027, 9.1958265, 9.4685849, 9.907871, 12.070419, 52.853195
8.843404, 9.012588000000001, 9.27220875, 10.404917, 11.480448, 13.333326, 108.26892533555268
8.845596, 9.0148775, 9.275012, 10.411629, 11.465715, 13.320133850000015, 37.448702
8.86662425, 9.003628, 9.176884, 9.439427, 9.953168, 11.938615, 37.448702
8.866158500000001, 9.003628, 9.178678, 9.4430626, 9.972295, 12.007767, 37.448702
8.868428, 9.004908, 9.184326, 9.465519, 10.013722, 11.961167169999985, 37.448702
8.8672, 9.003852, 9.17915, 9.451873, 9.973715, 11.93273439999999, 37.448702
8.864503, 9.003879, 9.180891, 9.4456108, 9.951734, 11.90322, 37.448702
8.86658, 9.001616, 9.178678, 9.455484, 9.961654, 11.970292, 37.448702
8.86845275, 9.008032, 9.185161, 9.460099, 9.965311, 11.993545, 37.448702
8.84389825, 9.0107945, 9.272163, 10.398323, 11.478554, 13.327841, 37.448702
8.844954, 9.013993, 9.27552875, 10.412483, 11.435292199999994, 13.31459714000001, 37.448702
8.84424475, 9.010676, 9.267643, 10.395316999999999, 11.43178, 13.269272, 37.448702
8.843967, 9.011196, 9.273165, 10.405858, 11.526116699999998, 13.340296720000001, 37.448702
8.844865, 9.009162, 9.268218, 10.401651, 11.480448, 13.314072, 37.448702
8.81940975, 9.0234855, 9.563781, 11.183674, 12.03038054999999, 14.310006, 37.448702
8.819230750000001, 9.0272915, 9.576532, 11.195889199999998, 12.039395599999994, 14.423585600000013, 35.734803
8.84374225, 9.0105115, 9.27698, 10.424685199999999, 11.510823, 13.353193170000024, 37.448702
8.846218, 9.010941, 9.271881, 10.41075, 11.513672, 13.31459714000001, 37.448702
8.84079375, 9.007208, 9.269003, 10.358134399999999, 11.465715, 13.219201, 37.448702
8.84393, 9.01283, 9.268427, 10.3678627, 11.5065109, 13.259494, 35.734803
8.844092999999999, 9.0105395, 9.268801, 10.343612, 11.470237, 13.314076700000001, 37.448702
8.844963, 9.011964500000001, 9.270579, 10.401641, 11.478554, 13.269339950000015, 37.448702
8.81745325, 9.022229, 9.53637675, 11.188802, 12.028016, 14.163847, 37.448702
8.819352, 9.0262835, 9.567918, 11.195717, 12.048465, 14.163173, 37.448702
8.820044, 9.028463, 9.584102, 11.215007, 12.032652, 14.408903630000031, 37.448702
8.819725, 9.024018, 9.5542285, 11.182708, 12.023483, 14.189961, 37.448702
8.818959, 9.025121, 9.57675, 11.21404, 12.054451, 14.44937781000001, 35.734803
8.816163, 9.026142, 9.57117925, 11.194976299999999, 12.018369149999995, 14.430179, 37.448702
8.818432, 9.028618, 9.564458, 11.226202, 12.089776099999987, 14.430179, 37.448702
8.816181, 9.024677, 9.56466825, 11.213112099999998, 12.092381, 14.430179, 37.448702
8.822199, 9.030506, 9.55962375, 11.197439, 12.053046, 14.408903630000031, 37.448702
8.819207500000001, 9.026533, 9.552511, 11.194894, 12.05548, 14.423519, 37.448702
8.816888, 9.024677, 9.562715, 11.197439, 12.019512, 14.449329, 37.448702
8.817156, 9.0279435, 9.576882000000001, 11.197547, 12.063364, 14.408756, 37.448702
8.817875749999999, 9.024414499999999, 9.554389, 11.201885, 12.019579649999995, 14.400444, 35.487972
8.82137, 9.027286, 9.584264, 11.238661, 12.065449, 14.470914, 37.448702
8.818625, 9.029766, 9.577481, 11.207529, 12.04858114999999, 14.488569, 37.448702
8.783268499999998, 9.050419, 10.229197, 11.640647, 12.436106, 14.94417, 26.889073
8.784101, 9.05268, 10.226932, 11.649735, 12.439778, 14.96492, 26.889073
8.78686775, 9.050492, 10.210548, 11.654684, 12.469801, 14.995983, 26.889073
8.78468, 9.04926, 10.2128345, 11.619468, 12.385381, 14.831535, 26.889073
8.780033, 9.040636, 10.212233, 11.642031, 12.440311, 14.94417, 26.889073
8.785038, 9.0577405, 10.24051975, 11.643211, 12.449738, 14.995983, 26.889073
8.78904, 9.053201, 10.213862, 11.628587, 12.412934, 14.932628, 26.889073
8.783877, 9.048960000000001, 10.199499, 11.617329, 12.388296, 15.027702, 26.889073
8.786515, 9.057744, 10.214986249999999, 11.640647, 12.457105, 14.938511, 26.889073
8.785015, 9.054016, 10.247872, 11.64915, 12.444344, 14.901789, 26.889073
8.785522, 9.059111, 10.214815, 11.625987799999995, 12.439778, 14.938511, 26.889073
8.788015, 9.050942, 10.217979, 11.6237487, 12.444344, 14.815255450000016, 26.889073
8.786217, 9.05135, 10.223651, 11.672563, 12.476371, 14.953882, 26.889073
8.785933, 9.056303, 10.246592, 11.664709, 12.474753, 14.953882, 26.889073
8.784536, 9.048156500000001, 10.205375, 11.619468, 12.385116, 14.873687, 26.889073
8.81745325, 9.023652, 9.562715, 11.229185799999993, 12.070902, 14.408756, 37.448702
8.819201249999999, 9.026187, 9.5530605, 11.208079699999992, 12.039315, 14.423585600000013, 37.448702
8.78503225, 9.051623, 10.210548, 11.617003, 12.424741, 14.932628, 26.889073
8.785802, 9.0505645, 10.210548, 11.642031, 12.449812199999993, 14.995983, 26.889073
8.784652, 9.049575, 10.217979, 11.64915, 12.451388749999985, 14.94417, 26.889073
8.78401825, 9.048323, 10.201259, 11.636392, 12.444344, 14.901789, 26.889073
8.786217, 9.049575, 10.205052, 11.632023, 12.436106, 14.96492, 26.889073
8.786741, 9.05317, 10.21806025, 11.642031, 12.439778, 14.873968020000058, 26.889073
8.783974500000001, 9.054306, 10.220908, 11.646801, 12.449738, 15.021127, 26.889073
8.784411, 9.0504625, 10.2179475, 11.64915, 12.462983899999989, 14.94417, 26.889073
8.79005175, 9.054306, 10.237005250000001, 11.642939, 12.465433, 14.953882, 26.889073
8.78580275, 9.053049, 10.223651, 11.652362, 12.454557, 14.822824, 26.889073
8.78468, 9.05303, 10.21423225, 11.633763, 12.443785, 14.824984, 26.889073
8.789424, 9.0577405, 10.229351, 11.652362, 12.462855, 14.901789, 26.889073
8.786029, 9.054016, 10.213862, 11.640647, 12.449738, 14.824984, 26.889073
8.784101, 9.057744, 10.215979, 11.6460504, 12.443812949999998, 14.953882, 26.889073
8.785227, 9.050492, 10.218304, 11.629453, 12.395973549999994, 14.932628, 26.889073
8.78856, 9.05576, 10.230684, 11.640647, 12.426091, 14.932628, 26.889073
8.747524, 9.0578445, 10.40872125, 11.858973, 12.805159, 16.101097, 38.813544
8.750966, 9.072390500000001, 10.430003, 11.879423, 12.82239, 16.188181, 38.813544
8.750966, 9.0717055, 10.417565, 11.853519, 12.783469, 16.101097, 38.813544
8.749544, 9.067373, 10.415970999999999, 11.859874099999999, 12.822499299999992, 16.225691, 38.404747
8.748511, 9.066845, 10.429406, 11.857666, 12.773819, 16.110947, 38.813544
8.746293, 9.067979, 10.42709, 11.87322, 12.860674, 16.294832, 38.813544
8.748401, 9.065472, 10.401651, 11.8653792, 12.80340195, 16.074659, 38.813544
8.748401, 9.065472, 10.433827, 11.858973, 12.805937099999982, 16.110947, 38.813544
8.746674, 9.067211, 10.422509, 11.865705, 12.774312, 16.077240660000026, 38.813544
8.74680075, 9.05576, 10.411629, 11.855272, 12.790587, 16.105074, 38.813544
8.749346, 9.067684, 10.415508749999999, 11.870714, 12.838164149999978, 16.1301, 38.813544
8.750273, 9.065575, 10.42711, 11.867253, 12.82239, 16.1301, 38.813544
8.747606, 9.0660275, 10.426818, 11.853519, 12.805159, 16.071531, 38.813544
8.749346, 9.070756, 10.422022, 11.869684, 12.855696, 16.140918320000015, 38.813544
8.749401, 9.05987, 10.421624000000001, 11.854521, 12.793802, 16.105074, 38.813544
8.749346, 9.06997, 10.4464, 11.888995, 12.82239, 16.12128539000001, 38.813544
8.750205, 9.067009, 10.43571325, 11.8687516, 12.85696, 16.1301, 38.813544
8.749885, 9.067754, 10.4413525, 11.864294, 12.80572, 16.089681, 38.813544
8.745604499999999, 9.059367, 10.41161, 11.855446299999997, 12.783526699999996, 16.148672, 38.404747
8.745948, 9.061801, 10.432485, 11.861711, 12.847811, 16.238261240000014, 38.813544
8.75028, 9.065380000000001, 10.43571325, 11.854596099999998, 12.824576, 16.101097, 38.813544
8.752236, 9.067373, 10.422022, 11.881761, 12.80572, 16.121241, 38.813544
8.748066, 9.058816, 10.401641, 11.838658, 12.773246, 16.101097, 38.813544
8.749522500000001, 9.068099, 10.42711, 11.849728, 12.805159, 16.105074, 38.813544
8.749862, 9.067797, 10.442736499999999, 11.875575, 12.888383, 16.235698180000004, 38.813544
8.750757, 9.067211, 10.405275, 11.849125, 12.822499299999992, 16.121241, 38.813544
8.784399, 9.047103, 10.199499, 11.63261, 12.426091, 14.873968020000058, 26.889073
8.78437, 9.050419, 10.214038, 11.633141, 12.426091, 14.953882, 26.889073
8.784652, 9.052158, 10.215979, 11.640647, 12.469801, 15.049793, 26.889073
8.786584, 9.051636, 10.217979, 11.633141, 12.454557, 14.825049510000014, 26.889073
8.786584, 9.051, 10.223743, 11.648901, 12.460371, 14.94417, 26.889073
8.785803, 9.04926, 10.196923, 11.642031, 12.426091, 14.815255450000016, 26.889073
8.786217, 9.049575, 10.199381, 11.615418, 12.421048, 14.824984, 26.889073
8.784101, 9.04866, 10.210548, 11.654684, 12.472115, 15.027702, 26.889073
8.787271, 9.053267, 10.223743, 11.643211, 12.457105, 14.96492, 26.889073
8.78691, 9.054426, 10.221427, 11.649735, 12.469801, 14.953882, 26.889073
8.78856, 9.053049, 10.229197, 11.643211, 12.471264, 14.94417, 26.889073
8.78651225, 9.054426, 10.230986, 11.651564599999999, 12.443785, 14.873687, 26.889073
8.784536, 9.0497585, 10.210548, 11.642939, 12.439778, 14.995983, 26.889073
8.78856, 9.063906, 10.2183605, 11.632023, 12.443812949999998, 14.873687, 26.889073
8.788432, 9.054419, 10.230684, 11.64915, 12.465433, 14.825049510000014, 26.889073
8.784411, 9.051, 10.217979, 11.652362, 12.465433, 14.831956520000086, 26.889073
8.784007, 9.0494175, 10.223743, 11.64915, 12.457105, 14.901789, 26.889073
8.78464, 9.049575, 10.22029575, 11.643211, 12.443785, 14.831535, 26.889073
8.785038, 9.05135, 10.215759, 11.642939, 12.451222, 14.901789, 26.889073
8.78843175, 9.0536925, 10.21686, 11.619728599999995, 12.439778, 14.965230630000063, 26.889073
8.784563, 9.049919, 10.21853, 11.638343, 12.454557, 14.953992380000022, 26.889073
8.786584, 9.053013, 10.199632, 11.649813899999998, 12.472115, 14.965230630000063, 26.889073
8.82294125, 9.028058, 9.576693, 11.2173793, 12.070419, 14.279811990000063, 37.448702
8.847223, 9.0144795, 9.276158, 10.395223, 11.496633, 13.314076700000001, 37.448702
8.8416, 9.00788, 9.26767275, 10.353486, 11.435227, 13.268852, 37.448702
8.844667, 9.014682, 9.275813, 10.403076499999997, 11.45481719999998, 13.269339950000015, 37.448702
8.84612675, 9.009225, 9.272599, 10.382855600000001, 11.526116699999998, 13.412486, 37.448702
8.84277, 9.013644, 9.27183, 10.355231, 11.389640799999999, 13.219315780000002, 37.448702
8.84333275, 9.010941, 9.2681385, 10.359440699999999, 11.424152749999996, 13.33441855000001, 37.448702
8.8449975, 9.01298, 9.274639, 10.382841, 11.467906, 13.463832, 37.448702
8.84393, 9.012905, 9.27013, 10.3569893, 11.464138, 13.334368, 37.448702
8.84712075, 9.012905, 9.275977, 10.39813, 11.482104699999997, 13.463324130000002, 37.448702
8.842749, 9.009043, 9.268112, 10.3980373, 11.437169, 13.257928840000021, 37.448702
8.84718325, 9.0132075, 9.27782775, 10.461578099999997, 11.532425749999991, 13.314076700000001, 37.448702
8.843677999999999, 9.011675499999999, 9.27354, 10.398561599999995, 11.435002, 13.276067, 37.448702
8.843535, 9.010444, 9.265212, 10.3841551, 11.489312, 13.220495540000043, 37.448702
8.8449975, 9.012511, 9.272707, 10.3892629, 11.459161599999998, 13.418833700000027, 37.448702
8.844865, 9.008839, 9.264889, 10.4216711, 11.526434, 13.34156957, 37.448702
8.842749, 9.010593499999999, 9.280016, 10.415479, 11.508999, 13.257823, 37.448702
8.846411, 9.0106395, 9.26774775, 10.3824775, 11.477079, 13.220284, 37.448702
8.844948, 9.014073, 9.27269, 10.4048099, 11.502122, 13.341567, 37.448702
8.84269, 9.008312, 9.27025875, 10.404934999999998, 11.50559, 13.320056, 37.448702
8.844595, 9.008697999999999, 9.270867, 10.377496399999993, 11.489312, 13.268407, 37.448702
8.84269, 9.010444, 9.275434, 10.4292866, 11.462412, 13.30457, 37.448702
8.84389825, 9.010593499999999, 9.270584, 10.382301, 11.480448, 13.353670100000121, 37.448702
8.842616, 9.0071105, 9.265672, 10.369033, 11.446714, 13.365146030000073, 37.448702
8.847954, 9.012923, 9.270579, 10.4117144, 11.520638, 13.439144, 37.448702
8.844667, 9.014050000000001, 9.277239, 10.41075, 11.534492, 13.341567, 37.448702
8.845015, 9.011575, 9.273134, 10.408505399999996, 11.480448, 13.268852, 37.448702
8.848075, 9.014857, 9.274326, 10.410791699999999, 11.510823, 13.340772030000002, 37.448702
8.845891, 9.012938, 9.2719515, 10.442313099999998, 11.505886, 13.212257, 37.448702
8.819209, 9.025978, 9.583103, 11.205438, 12.036972, 14.444678, 37.448702
8.819352, 9.026608, 9.580878499999999, 11.267236, 12.095369, 14.444678, 35.487972
8.818851, 9.0253605, 9.57057825, 11.201698, 12.019524, 14.403852, 37.448702
8.817384, 9.025429500000001, 9.57675, 11.198484, 12.048465, 14.430179, 37.448702
8.81859075, 9.023186500000001, 9.5466, 11.175759, 12.020696749999995, 14.189961, 35.734803
8.820128, 9.026626, 9.547749, 11.183674, 12.007947, 14.444678, 35.734803
8.818546000000001, 9.025163, 9.574153, 11.190488, 12.022640349999996, 14.408756, 37.448702
8.820629, 9.025049, 9.566686, 11.1974498, 12.023483, 14.403852, 37.448702
8.81913825, 9.023395, 9.563575, 11.179232, 12.027306, 14.310006, 35.734803
8.819203, 9.023514, 9.579856, 11.2075293, 12.070982649999992, 14.400478080000008, 37.448702
8.82134, 9.025196, 9.583103, 11.205834, 12.086224, 14.403852, 35.487972
8.820552, 9.025288, 9.58022175, 11.183981, 12.018369149999995, 14.45421, 37.448702
8.819315, 9.023131, 9.536775, 11.173303, 11.971194, 14.189961, 37.448702
8.816628, 9.023156, 9.56959775, 11.215242, 12.047997849999998, 14.310006, 35.330604
8.820629, 9.030554500000001, 9.600544, 11.2206195, 12.032652, 14.351801, 37.448702
8.817909, 9.023112, 9.559855, 11.182928, 12.018309, 14.43032399000003, 35.734803
8.817041499999998, 9.026628, 9.580389, 11.223881, 12.040927, 14.400478080000008, 37.448702
8.819247, 9.024677, 9.559855, 11.189609, 12.011321699999984, 14.423519, 35.330604
8.817909, 9.025546, 9.556470749999999, 11.176076, 12.021832, 14.408756, 37.448702
8.820836, 9.026662, 9.5799335, 11.217019, 12.04093655, 14.423519, 37.448702
8.820047, 9.027801, 9.576693, 11.194894, 12.048261, 14.449329, 37.448702
8.819429, 9.023514, 9.554652, 11.201779, 12.070419, 14.400444, 35.734803
8.816998, 9.02102, 9.554389, 11.185829, 12.014736, 14.351984660000037, 37.448702
8.818595, 9.027617, 9.57069525, 11.194976299999999, 12.014914649999984, 14.331833030000011, 35.734803
8.8205925, 9.0284025, 9.582407, 11.252929, 12.122726, 14.712709, 37.448702
8.81981, 9.028392, 9.576425, 11.195717, 12.050788, 14.337182, 37.448702
8.821541, 9.029766, 9.572334, 11.184061, 12.027341499999997, 14.279507, 35.734803
8.819049, 9.025496, 9.576532, 11.220594, 12.007935749999985, 14.470914, 37.448702
8.817034, 9.024055, 9.562715, 11.175759, 12.023674149999984, 14.337182, 37.448702
8.817105, 9.024022, 9.564167, 11.177860399999998, 12.019524, 14.470914, 37.448702
8.819247, 9.023752, 9.576693, 11.195889199999998, 12.063364, 14.310006, 37.448702
8.819238, 9.025311, 9.57919525, 11.185829, 12.02812824999999, 14.351801, 37.448702
8.820605, 9.0259295, 9.56412, 11.195889199999998, 12.014736, 14.351984660000037, 37.448702
8.8198115, 9.027576, 9.569203, 11.189314, 12.014736, 14.514821, 37.448702
8.822273, 9.025017, 9.567464, 11.198484, 12.070902, 14.591639, 37.448702
8.817455, 9.0287185, 9.587207, 11.220849, 12.089546, 14.591639, 37.448702
8.786741, 9.054016, 10.223651, 11.653518, 12.444344, 14.94417, 26.889073
8.786701749999999, 9.049575, 10.20749, 11.638343, 12.397371, 14.94417, 26.889073
8.785803, 9.058169, 10.22807875, 11.638546, 12.462855, 14.94417, 26.889073
8.785802, 9.050234, 10.21686, 11.642939, 12.47224689999999, 14.96492, 26.889073
8.786413, 9.05001, 10.214986249999999, 11.645967, 12.454684399999989, 15.021127, 26.889073
8.815645, 9.0192505, 9.5666755, 11.2140796, 12.041264399999989, 14.40390104000001, 37.448702
8.819293, 9.025163, 9.555003, 11.184061, 12.032652, 14.400478080000008, 37.448702
8.817642750000001, 9.023395, 9.575873000000001, 11.215007, 12.072515, 14.444678, 37.448702
8.819352, 9.025366, 9.579856, 11.217472, 12.070902, 14.44937781000001, 37.448702
8.818432, 9.023254999999999, 9.562462, 11.191552, 12.040927, 14.63232, 37.448702
8.816727, 9.019868, 9.54648, 11.173794, 12.037089149999991, 14.190856460000182, 37.448702
8.818871, 9.024505, 9.579123, 11.193936399999998, 12.02812824999999, 14.351801, 37.448702
8.815933, 9.022337, 9.555003, 11.201885, 12.027306, 14.3522874300001, 35.487972
8.817173, 9.021923, 9.560422, 11.20818279999999, 12.041264399999989, 14.488569, 35.734803
8.8167405, 9.021923, 9.56135, 11.205438, 12.05548, 14.279507, 37.448702
8.816725, 9.020167, 9.56135, 11.204004, 12.05683749999997, 14.470914, 37.448702
8.817156, 9.026117, 9.57069525, 11.204004, 12.040927, 14.430179, 37.448702
8.82138, 9.027767, 9.562462, 11.197439, 12.041118, 14.163847, 37.448702
8.81859075, 9.025881, 9.569537, 11.226202, 12.070982649999992, 14.430179, 37.448702
8.81682, 9.022229, 9.565274, 11.189834, 12.051037, 14.514821, 37.448702
8.81981, 9.0248785, 9.568285750000001, 11.183981, 12.02812824999999, 14.400444, 35.734803
8.82338, 9.0280655, 9.56685, 11.207529, 12.04093655, 14.403852, 37.448702
8.8193065, 9.025065, 9.563575, 11.201698, 12.028016, 14.45421, 37.448702
8.819230750000001, 9.023487, 9.56978, 11.2150305, 12.087423699999992, 14.403852, 37.448702
8.81913825, 9.024022, 9.586251, 11.214436, 12.047997849999998, 14.471090550000037, 37.448702
8.817050499999999, 9.025867, 9.5612975, 11.190594399999998, 12.021870199999997, 14.403852, 37.448702
8.820044, 9.0253605, 9.576532, 11.23449, 12.089639, 14.44472451000001, 37.448702
8.817455, 9.022292, 9.559717, 11.177737, 11.970053, 14.163173, 37.448702
8.818595, 9.026111, 9.568285750000001, 11.194894, 12.021832, 14.121396800000023, 37.448702
8.816727, 9.023131, 9.570276, 11.228654, 12.051137449999992, 14.449329, 35.734803
8.817034, 9.021325, 9.559855, 11.184061, 12.030261, 14.423585600000013, 37.448702
8.81994, 9.02538, 9.569203, 11.205394, 12.047984, 14.331833030000011, 37.448702
8.817050499999999, 9.0249845, 9.580389, 11.207388, 12.04858114999999, 14.40390104000001, 37.448702
8.816181, 9.019313, 9.553803, 11.157759, 11.980386, 14.408970230000044, 37.448702
8.817371, 9.024374, 9.574153, 11.19383, 12.040927, 14.403852, 37.448702
8.819762, 9.025121, 9.57751575, 11.21404, 12.05548, 14.403852, 37.448702
8.818919, 9.024374, 9.560436500000002, 11.188802, 12.030261, 14.370167, 37.448702
8.822164, 9.027818, 9.5813765, 11.214436, 12.04858114999999, 14.449329, 37.448702
8.820787750000001, 9.027873, 9.578452500000001, 11.205834, 12.041118, 14.403852, 35.734803
8.817455, 9.025269999999999, 9.579301000000001, 11.2150305, 12.023483, 14.351984660000037, 37.448702
8.818851, 9.025121, 9.570013, 11.198484, 12.023483, 14.488569, 35.487972
8.817391749999999, 9.022420499999999, 9.56458, 11.186729299999998, 12.019579649999995, 14.403852, 37.448702
8.818851, 9.0248095, 9.566672, 11.220594, 12.065449, 14.49091, 37.448702
8.820552, 9.025163, 9.577278, 11.202135, 12.044046, 14.403852, 37.448702
8.820623000000001, 9.025366, 9.572482, 11.20807699999999, 12.018309, 14.310006, 37.448702
8.816163, 9.023552, 9.579412, 11.226447199999997, 12.048465, 14.449329, 35.734803
8.818935, 9.022420499999999, 9.56978, 11.198484, 12.020696749999995, 14.403852, 37.448702
8.818376, 9.026044500000001, 9.580166, 11.223826, 12.121063, 14.44937781000001, 37.448702
8.81981, 9.023514, 9.560205, 11.2074021, 12.081113, 14.45421, 37.448702
8.7895155, 9.057887, 10.223651, 11.654542, 12.454557, 14.995983, 26.889073
8.78651225, 9.05576, 10.229197, 11.629453, 12.436289599999984, 14.822824, 26.889073
8.7859005, 9.050492, 10.220221, 11.640647, 12.443785, 14.953882, 26.889073
8.786481250000001, 9.052887, 10.218304, 11.649735, 12.439778, 14.901789, 26.889073
8.786504, 9.057737, 10.220941, 11.654684, 12.490727, 14.953882, 26.889073
8.786504, 9.049575, 10.202244, 11.632023, 12.439778, 14.902097390000064, 26.889073
8.786515, 9.059054, 10.2307595, 11.64915, 12.454557, 14.804108820000023, 26.889073
8.783858, 9.049575, 10.200366, 11.63261, 12.420386, 14.803997, 26.889073
8.790949, 9.058169, 10.248715, 11.688052, 12.502305, 15.021127, 26.889073
8.783877, 9.051623, 10.220908, 11.652362, 12.460371, 14.938511, 26.889073
8.785522, 9.054016, 10.199499, 11.633141, 12.439778, 14.873968020000058, 26.889073
8.78707, 9.0540965, 10.214815, 11.640647, 12.426091, 14.822845600000004, 26.889073
8.786504, 9.054016, 10.246592, 11.672563, 12.469801, 14.94417, 26.889073
8.784188, 9.050942, 10.199381, 11.623748, 12.388296, 14.901789, 26.889073
8.790425, 9.052158, 10.205903750000001, 11.652362, 12.462983899999989, 14.944267120000019, 26.889073
8.783974500000001, 9.049575, 10.2179475, 11.623755, 12.439778, 14.938511, 26.889073
8.78691, 9.054426, 10.21895275, 11.654542, 12.474753, 14.932628, 26.889073
8.784751, 9.051623, 10.23364975, 11.66043, 12.443785, 14.94417, 26.889073
8.786413, 9.049898, 10.2155, 11.619468, 12.439778, 14.932628, 26.889073
8.786363999999999, 9.049575, 10.220221, 11.653518, 12.440311, 14.902097390000064, 26.889073
8.787855, 9.058798, 10.223942, 11.643211, 12.444344, 14.932628, 26.889073
8.786515, 9.054426, 10.223651, 11.643486599999997, 12.457105, 14.932628, 26.889073
8.784408, 9.050398, 10.220908, 11.633763, 12.423176349999993, 14.815179, 26.889073
8.789157, 9.05268, 10.212492, 11.638546, 12.436289599999984, 14.938511, 26.889073
8.785015, 9.0577405, 10.214038, 11.642031, 12.420386, 14.938567590000012, 26.889073
8.78856, 9.05576, 10.233637, 11.642939, 12.439804649999997, 14.783024, 26.889073
8.786584, 9.050433, 10.212492, 11.640647, 12.436106, 14.932628, 26.889073
8.784519, 9.051170500000001, 10.214038, 11.638343, 12.465651399999981, 14.953882, 26.889073
8.788431, 9.054426, 10.229197, 11.654542, 12.465433, 14.938511, 26.889073
8.784652, 9.05001, 10.20798875, 11.619468, 12.426091, 14.938511, 26.889073
8.78464, 9.0514865, 10.205903750000001, 11.636392, 12.457105, 14.938511, 26.889073
8.787271, 9.054177, 10.246592, 11.660993, 12.492187, 14.996234440000052, 26.889073
8.78464, 9.05135, 10.201259, 11.650524, 12.457105, 14.901789, 26.889073
8.790794, 9.054426, 10.23312, 11.654542, 12.444344, 14.94417, 26.889073
8.789554, 9.059925, 10.24141875, 11.663426, 12.451388749999985, 14.932628, 26.889073
8.786061, 9.047762, 10.20513275, 11.63261, 12.424741, 14.94417, 26.889073
8.788432, 9.053013, 10.209485, 11.623748, 12.426591749999956, 14.901789, 26.889073
8.787271, 9.057212, 10.241081, 11.662602, 12.472115, 14.94417, 26.889073
8.786515, 9.04926, 10.215759, 11.646801, 12.451222, 14.803997, 26.889073
8.784519, 9.0480465, 10.214815, 11.654542, 12.436106, 14.94417, 26.889073
8.785038, 9.046031, 10.190331, 11.63261, 12.436106, 14.831535, 26.889073
8.843218, 9.011302, 9.272444, 10.3981493, 11.478554, 13.339431690000001, 37.448702
8.865594, 9.002257499999999, 9.178965, 9.449547, 9.929915249999999, 11.90322, 37.448702
8.865974, 9.0036335, 9.179315, 9.457346, 9.973715, 11.961075, 37.448702
8.868851, 9.006183, 9.184887, 9.462214, 9.992619, 11.993545, 37.448702
8.865295, 9.002961, 9.179315, 9.448627200000002, 9.949789, 11.961075, 37.448702
8.868428, 9.003826499999999, 9.174523, 9.450355, 9.973715, 11.938615, 37.448702
8.863825, 9.002863999999999, 9.175445, 9.445925, 9.97230775, 12.04804866999999, 37.448702
8.8672, 9.004266, 9.18139, 9.449547, 9.929366, 11.970524529999963, 37.448702
8.864476, 9.00021, 9.176826, 9.4430626, 9.972295, 12.047984, 37.448702
8.865122, 9.004037, 9.181145, 9.451816, 9.992619, 11.958562, 37.448702
8.86622, 9.003352, 9.179454750000001, 9.457422300000001, 9.997939, 11.932675, 37.448702
8.864491, 9.0034585, 9.180891, 9.444518, 9.918332, 11.961075, 37.448702
8.863883, 9.004057, 9.178934, 9.449913, 9.95983, 11.961075, 37.448702
8.868245, 9.002518, 9.18139, 9.445592, 9.946236, 11.897877, 37.448702
8.866639, 9.006932500000001, 9.180358, 9.445925, 9.921269099999995, 11.938814469999969, 37.448702
8.87113875, 9.016083, 9.204237, 9.494379, 9.8844676, 12.312307999999994, 52.853195
8.829299, 9.011258, 9.36682725, 10.874023, 11.799701500000003, 14.005841, 97.56097087652707
8.831548, 9.0143955, 9.37284, 10.887859, 11.845064499999998, 14.02563351999998, 37.448702
8.840637000000001, 9.021015, 9.376311, 10.9470372, 11.809028, 13.851700399999983, 37.448702
8.8300915, 9.0138715, 9.370238500000001, 10.878212, 11.7750972, 13.74960866999998, 35.734803
8.83650125, 9.026808500000001, 9.40829875, 10.908505300000002, 11.838432049999998, 13.980673269999928, 37.448702
8.83150425, 9.016677999999999, 9.365498, 10.831303, 11.747425249999997, 13.892522029999954, 37.448702
8.831877, 9.0172365, 9.378698, 10.8811844, 11.761805, 13.979219, 37.448702
8.834065, 9.016231, 9.366843, 10.8436751, 11.720032199999999, 13.652939739999997, 37.448702
8.8310145, 9.017246, 9.37056625, 10.852462, 11.77739585, 13.807219189999929, 37.448702
8.8336685, 9.01344, 9.365264, 10.8652295, 11.760271949999998, 13.86263, 37.448702
8.83649575, 9.019696, 9.38571, 10.902352, 11.832118, 13.806771, 37.448702
8.83342125, 9.015316, 9.3712755, 10.882862900000001, 11.7848811, 14.061738289999981, 37.448702
8.835476, 9.0150165, 9.37501, 10.874107799999999, 11.762856, 13.86263, 35.734803
8.836349, 9.019526500000001, 9.397196749999999, 10.944831, 11.825815, 14.005841, 35.734803
8.829997500000001, 9.014931, 9.370226, 10.850576, 11.738938049999994, 13.77549708999998, 37.448702
8.83768075, 9.023447, 9.3847045, 10.886986, 11.7668939, 13.787481839999968, 35.734803
8.83520525, 9.0154605, 9.38703875, 10.932514, 11.8258517, 13.787930029999897, 37.448702
8.83193775, 9.016439, 9.3674465, 10.804903300000001, 11.760294949999999, 13.780266, 37.448702
8.831025, 9.0172365, 9.357937, 10.865084, 11.780594, 14.02563351999998, 35.734803
8.863342, 9.0021175, 9.178994, 9.461342, 10.013892, 12.047984, 37.448702
8.865974, 9.002763, 9.18434225, 9.456761, 9.970956, 11.913174, 35.734803
8.863798, 9.001629, 9.1834895, 9.454415, 9.992619, 11.932675, 37.448702
8.862878, 8.99824, 9.172552, 9.4449875, 9.985900799999994, 12.054451, 37.448702
8.868889750000001, 9.002561, 9.173771, 9.4450259, 9.905393399999998, 11.894863930000001, 37.448702
8.863898, 9.003557, 9.183196500000001, 9.461342, 9.97255, 11.961399700000007, 37.448702
8.864473, 9.002208, 9.183255, 9.459141, 10.0044173, 12.223577700000007, 37.448702
8.863883, 9.002709, 9.1750155, 9.440594, 9.951734, 11.932734400000001, 37.448702
8.865273, 9.002208, 9.178865, 9.444550600000001, 9.920967, 11.958562, 37.448702
8.86662425, 9.004629, 9.18357, 9.4545219, 9.92986, 11.932734400000001, 37.448702
8.86447525, 9.0021175, 9.183177, 9.449547, 9.974078599999995, 11.932734400000001, 35.734803
8.863874, 9.0031485, 9.17256375, 9.4435714, 9.95179325, 11.938814470000004, 37.448702
8.830058, 9.015692, 9.370785, 10.9057191, 11.838712699999997, 13.979899039999959, 37.448702
8.833373250000001, 9.0205525, 9.39125675, 10.8379512, 11.7494049, 13.775426879999992, 37.448702
8.829404, 9.013282, 9.35817825, 10.8397891, 11.727249, 14.036971, 37.448702
8.830303, 9.016085499999999, 9.383948, 10.8934768, 11.8255642, 13.787287, 35.734803
8.83032, 9.015033, 9.38131175, 10.888955, 11.8255642, 13.729012, 37.448702
8.831698, 9.014702, 9.3667335, 10.8890809, 11.77739585, 14.061619, 35.487972
8.82997275, 9.0199335, 9.37371325, 10.886900500000001, 11.7848811, 13.865747619999956, 37.448702
8.83643, 9.024036500000001, 9.382831249999999, 10.8784905, 11.77739585, 13.865747619999956, 37.448702
8.830139, 9.014097, 9.364253, 10.8640364, 11.7627885, 14.042414749999981, 35.734803
8.831548, 9.017684, 9.3829985, 10.953587, 11.826549, 13.85159, 35.734803
8.830095, 9.013665, 9.382384, 10.835502, 11.749083, 13.74960866999998, 37.448702
8.79273875, 9.063906, 10.237005250000001, 11.642121800000002, 12.440484699999997, 14.932628, 26.889073
8.78686775, 9.05001, 10.202244, 11.650619200000003, 12.523508, 15.021127, 26.889073
8.786741, 9.06494, 10.241081, 11.6475, 12.426091, 15.093761, 26.889073
8.789157, 9.059024, 10.225062, 11.649813900000002, 12.451222, 14.94417, 26.889073
8.792047, 9.054306, 10.22807875, 11.625699, 12.368273, 14.94417, 26.889073
8.783182, 9.0497585, 10.213906000000001, 11.649208500000002, 12.388296, 14.803997, 26.889073
8.782061, 9.050122, 10.191764, 11.650619200000003, 12.423094, 14.902097389999952, 26.889073
8.787855, 9.054177, 10.225465, 11.63261, 12.465433, 14.938567589999991, 26.889073
8.78362975, 9.0504625, 10.202244, 11.646050400000002, 12.436106, 14.873687, 26.889073
8.786584, 9.0577405, 10.230684, 11.654542, 12.540273899999994, 14.953992379999983, 26.889073
8.790794, 9.059925, 10.260437249999999, 11.679502900000005, 12.523508, 15.093761, 26.889073
8.782513, 9.039188, 10.17700075, 11.597086, 12.320185849999998, 14.721664, 26.889073
8.789157, 9.05268, 10.200565, 11.623949400000003, 12.440311, 14.82504950999999, 26.889073
8.786061, 9.053068, 10.2116735, 11.61575, 12.385116, 14.815179, 26.889073
8.784155, 9.053467, 10.248715, 11.654542, 12.444344, 14.938511, 26.889073
8.78849425, 9.0542415, 10.22091625, 11.66406740000001, 12.449812199999998, 14.94417, 26.889073
8.792651, 9.070534, 10.277577, 11.6711205, 12.496195, 14.94417, 26.889073
8.781851, 9.042244499999999, 10.205052, 11.638546, 12.426091, 14.932686829999989, 26.889073
8.786413, 9.05317, 10.210548, 11.640785400000002, 12.478849, 14.801217, 26.889073
8.783204, 9.0484915, 10.19440475, 11.617066, 12.388296, 14.932628, 26.889073
8.78343475, 9.059054, 10.229351, 11.664709, 12.47130655, 14.783024, 26.889073
8.786741, 9.057744, 10.258465, 11.686738900000003, 12.548233, 15.054253, 26.889073
8.78401825, 9.04832, 10.22029575, 11.649813900000002, 12.424741, 14.902097389999952, 26.889073
8.78437, 9.0507895, 10.236745, 11.662042, 12.476371, 14.932686829999989, 26.889073
8.791438, 9.060496, 10.223651, 11.642121800000002, 12.457268299999997, 14.94417, 26.889073
8.786061, 9.045826, 10.211487, 11.650524, 12.469874149999999, 14.94417, 26.889073
8.78937475, 9.060868, 10.221427, 11.617003, 12.424741, 14.995983, 26.889073
8.784007, 9.05135, 10.200415750000001, 11.632023, 12.47130655, 15.093761, 26.889073
8.788015, 9.05303, 10.22029575, 11.629710000000005, 12.423094, 14.82504950999999, 26.889073
8.782061, 9.046309, 10.205052, 11.654684, 12.423094, 14.804108819999982, 26.889073
8.785803, 9.05135, 10.199381, 11.60977790000001, 12.4204191, 14.783205929999971, 26.889073
8.790985, 9.060942, 10.257808, 11.66043, 12.496195, 14.938511, 26.889073
8.786413, 9.059082499999999, 10.212233, 11.654684, 12.469801, 14.995983, 26.889073
8.78437, 9.070756, 10.282837, 11.642939, 12.388296, 14.96492, 26.889073
8.78437, 9.053049, 10.21619925, 11.66043, 12.472115, 14.932628, 26.889073
8.78453175, 9.05342, 10.21712925, 11.659932, 12.469874149999999, 14.873687, 26.889073
8.78166975, 9.044996, 10.19016225, 11.597828100000008, 12.385116, 14.824984, 26.889073
8.78651225, 9.0577405, 10.186627, 11.6170923, 12.44381295, 14.932628, 26.889073
8.783877, 9.054426, 10.2700615, 11.660993, 12.512041, 14.938567589999991, 26.889073
8.78958475, 9.059052, 10.213906000000001, 11.60977790000001, 12.439778, 14.938511, 26.889073
8.78691, 9.053267, 10.1994105, 11.623748, 12.471264, 14.96492, 26.889073
8.78503225, 9.046956, 10.196786, 11.640647, 12.440484699999997, 14.96492, 26.889073
8.786061, 9.05342, 10.223942, 11.623755, 12.426591749999993, 14.944267119999985, 26.889073
8.78455625, 9.047762, 10.21686, 11.640647, 12.421150299999999, 14.803997, 26.889073
8.781704, 9.040636, 10.161683, 11.5956407, 12.385116, 14.831535, 26.889073
8.789595, 9.054306, 10.225465, 11.6475, 12.38156, 14.822824, 19.563106
8.78503225, 9.0531285, 10.218304, 11.648901, 12.436289599999999, 14.831535, 26.889073
8.78467, 9.053782, 10.240397, 11.670405800000001, 12.492187, 14.938567589999991, 26.889073
8.790345, 9.063906, 10.268171, 11.654684, 12.471264, 14.932628, 26.889073
8.86591825, 9.002492499999999, 9.176906, 9.461483, 10.013892, 12.072515, 37.448702
8.86447525, 9.003826499999999, 9.179753, 9.453075, 9.927125549999998, 11.90322, 35.734803
8.86658, 9.00428, 9.187482, 9.4581344, 9.97255, 11.993640440000002, 37.448702
8.866735, 9.003191, 9.178934, 9.458287, 9.985579, 11.970292, 37.448702
8.865184249999999, 9.003301, 9.181200500000001, 9.4559177, 9.97230775, 11.938615, 37.448702
8.868245, 9.003639, 9.174917749999999, 9.453075, 9.980987, 11.961075, 37.448702
8.864503, 9.002961, 9.172877, 9.437992, 9.897315699999998, 11.932675, 37.448702
8.86391575, 9.0002825, 9.179315, 9.459321500000001, 10.003491, 11.958562, 37.448702
8.858358, 8.99749, 9.17089425, 9.4302755, 9.946413649999998, 11.938814470000004, 37.448702
8.8721295, 9.0060105, 9.178288, 9.445208, 9.972295, 11.903319540000002, 37.448702
8.866711, 9.004535, 9.183196500000001, 9.44578, 9.927009, 11.970524530000006, 35.487972
8.863614, 9.003852, 9.180358, 9.4505011, 9.992619, 12.048208350000005, 37.448702
8.868137, 9.004266, 9.1768895, 9.460722, 10.013454, 11.999339, 37.448702
8.869612, 9.002257499999999, 9.178767, 9.451873, 9.9518057, 11.932545, 37.448702
8.8739535, 9.023731, 9.215404, 9.496808, 9.86037955, 12.667691240000009, 36.893046
8.791862, 9.051623, 10.215134500000001, 11.651078400000003, 12.4762901, 15.053987489999994, 112.82902607774746
8.779996, 9.0462325, 10.19702925, 11.652477600000001, 12.47130655, 15.021127, 26.889073
8.782578, 9.038725, 10.151943750000001, 11.617510100000002, 12.378038, 14.741698300000003, 19.393533
8.77383, 9.040404, 10.214100250000001, 11.649063300000002, 12.49655955, 14.965230630000006, 19.563106
8.78472625, 9.0467975, 10.209485, 11.66043, 12.421800900000003, 14.491149110000006, 19.563106
8.803193, 9.085366, 10.342063249999999, 11.7629433, 12.58714855, 15.273403, 26.889073
8.79441025, 9.0696125, 10.220617, 11.670335, 12.460842500000002, 15.681055, 26.889073
8.77829, 9.061871, 10.2752855, 11.687489300000003, 12.504242900000003, 15.021127, 19.393533
8.786363999999999, 9.048254, 10.15361175, 11.558424, 12.34164115, 14.712798550000002, 19.393533
8.781959, 9.049997999999999, 10.227343249999999, 11.663926100000001, 12.436289600000002, 14.965230630000006, 19.563106
8.784751, 9.045481, 10.210208999999999, 11.6610979, 12.38552675, 14.637913, 26.889073
8.786584, 9.0530395, 10.175204, 11.594028, 12.314144950000001, 14.8228456, 26.889073
8.776297, 9.044144, 10.1994345, 11.619468, 12.383349, 14.832237540000015, 19.393533
8.7831985, 9.047945, 10.25528425, 11.636392, 12.383437350000001, 14.815255450000002, 26.889073
8.789062, 9.050426, 10.233637, 11.6421218, 12.413339700000002, 14.832237540000015, 19.563106
8.785038, 9.065479499999999, 10.210172, 11.6259878, 12.4572683, 14.965547820000014, 26.889073
8.782399999999999, 9.0494175, 10.194268, 11.6600279, 12.490727, 14.874276410000013, 19.563106
8.788528, 9.065472, 10.249244000000001, 11.643211, 12.469801, 14.996300190000008, 26.889073
8.793849999999999, 9.071081, 10.354459, 11.7218478, 12.531929, 14.874488950000018, 19.563106
8.783518, 9.048323, 10.214038, 11.5736309, 12.289251, 14.83195652000001, 26.889073
8.775970000000001, 9.050637, 10.195956500000001, 11.6177904, 12.444614300000003, 14.825049510000001, 19.563106
8.781851, 9.0452715, 10.14652425, 11.63261, 12.397371, 14.75754224000001, 19.393533
8.786146, 9.0678835, 10.295062, 11.7494318, 12.53201085, 14.822824, 18.865024
8.779035, 9.041028, 10.227304749999998, 11.623748, 12.443785, 15.02119275, 19.563106
8.7927305, 9.0717055, 10.32407725, 11.695283, 12.579255, 14.965230630000006, 18.66297
8.77942475, 9.039185, 10.197918999999999, 11.632197000000001, 12.479442900000002, 15.093761, 19.563106
8.7841465, 9.046639, 10.21712925, 11.638894500000001, 12.4910004, 14.96492, 26.889073
8.86540125, 9.003514500000001, 9.169946, 9.4215059, 9.9599212, 11.780132279999997, 37.448702
8.862677, 9.000709, 9.183379500000001, 9.4414786, 9.930965, 11.922215, 33.51644
8.8655255, 9.000422499999999, 9.185034, 9.459141, 10.069466549999998, 12.00816916999999, 37.448702
8.873047, 9.008962, 9.193374, 9.4805948, 10.079151799999996, 12.073487519999976, 37.448702
8.8691, 9.002301, 9.17653875, 9.465519, 9.965514549999998, 11.970292, 37.448702
8.860502, 8.998265, 9.166974249999999, 9.439095799999999, 9.953317199999999, 11.898120379999993, 37.448702
8.869353499999999, 9.003958, 9.167274, 9.451941900000001, 9.973553449999995, 12.049201829999971, 35.487972
8.86885625, 9.0077035, 9.192205999999999, 9.4654596, 9.97260825, 11.913264409999998, 35.487972
8.861929, 9.0048915, 9.180358, 9.4400171, 9.904823499999997, 12.003089, 35.734803
8.860786749999999, 8.994706, 9.171037499999999, 9.4609165, 10.003989149999997, 12.008414479999985, 37.448702
8.86640375, 8.997967, 9.16811, 9.4228381, 9.933371699999997, 12.170848299999975, 35.734803
8.8626055, 8.999299, 9.17529125, 9.4343177, 9.870446399999999, 12.054631639999997, 35.734803
8.8637655, 8.9978155, 9.176505, 9.4198903, 9.885101349999998, 11.809981729999999, 35.487972
8.869176, 8.997862999999999, 9.170986, 9.4400367, 9.9599212, 12.27827575999999, 35.734803
8.866418, 9.001824, 9.18458175, 9.4457945, 9.986003599999997, 11.961541919999988, 35.734803
8.85987575, 8.9931965, 9.17023675, 9.4456253, 9.91334975, 11.958562, 24.923449
8.8723595, 9.004057, 9.17530875, 9.4322207, 9.91609095, 11.839933679999985, 37.448702
8.873081, 9.005703, 9.183299000000002, 9.4655507, 10.082694349999995, 12.048048669999998, 35.487972
8.871737, 9.008510000000001, 9.188285, 9.450109, 9.9599212, 11.795411899999996, 35.330604
8.8688655, 8.99824, 9.17088625, 9.4400171, 9.897192, 11.961075, 37.448702
8.87096425, 9.0017265, 9.176435, 9.4658409, 9.90801325, 11.913174, 37.448702
8.85824225, 8.997653, 9.176846000000001, 9.4589331, 10.042649799999994, 12.315773, 35.487972
8.8684265, 9.0071105, 9.18893725, 9.4545219, 10.039044999999991, 12.003602619999986, 37.448702
8.86896325, 9.007208, 9.19197, 9.4852188, 10.1220389, 12.382223, 35.734803
8.863623, 9.003958, 9.17731725, 9.4486272, 9.891536, 12.222709469999991, 35.330604
8.857317, 9.0038315, 9.181010500000001, 9.4501033, 10.092152, 11.874662979999995, 35.487972
8.865039, 9.00286, 9.18142875, 9.462339400000001, 10.078466, 12.372583369999997, 37.448702
8.86912225, 9.0055215, 9.18137275, 9.445925, 9.860295, 11.903319539999996, 35.330604
8.8652065, 9.0016295, 9.17612825, 9.4432375, 9.85704105, 11.898508979999985, 35.734803
8.8652065, 8.9976395, 9.1715505, 9.437902, 9.9108522, 12.330560329999999, 35.734803
8.8760505, 9.008104, 9.17605975, 9.4322116, 9.941446449999997, 11.922318299999997, 29.227148
8.859897, 8.9977, 9.170986, 9.438011399999999, 9.881233, 12.070439959999998, 24.923449
8.868221, 9.0028115, 9.179745, 9.4576213, 10.128079, 11.972286749999954, 24.923449
8.8704495, 9.004057, 9.179931, 9.471973, 10.092152, 12.170292939999987, 35.734803
8.863645, 9.002539500000001, 9.183294, 9.462568000000001, 9.95293145, 11.89696074999999, 35.734803
8.86716575, 9.0027105, 9.176247, 9.5024181, 10.05733, 12.070439959999998, 35.487972
8.872978, 9.007412, 9.1938195, 9.4582274, 10.065629149999998, 12.070439959999998, 37.448702
8.86125575, 8.9922975, 9.178288, 9.44343, 10.0333125, 12.008233839999988, 37.448702
8.869261, 9.00418, 9.17739575, 9.471873, 9.969460699999999, 11.932605699999998, 37.448702
8.863247, 8.994499999999999, 9.172687, 9.4285385, 9.962119099999997, 11.970582469999993, 37.448702
8.86113125, 9.000288, 9.18271075, 9.4304227, 9.904692049999998, 11.676028019999999, 24.923449
8.86391575, 9.006599000000001, 9.17934525, 9.4625379, 10.064897, 12.277897, 35.734803
8.858749750000001, 9.004132, 9.17894175, 9.4664234, 9.929915249999999, 11.913174, 35.734803
8.86439275, 9.001234, 9.16551475, 9.4583724, 10.023848699999999, 11.922215, 37.448702
8.867031749999999, 9.007269, 9.18044175, 9.461483, 9.870446399999999, 11.683387009999995, 29.227148
8.8711755, 9.0081815, 9.190318750000001, 9.449816, 9.96183685, 11.8948773, 35.734803
8.86378, 8.996206, 9.168053, 9.4853103, 10.042222949999998, 12.330560329999999, 37.448702
8.86647275, 9.00788, 9.18776575, 9.4637776, 10.074187399999996, 11.897930429999999, 37.448702
8.86378, 9.007463000000001, 9.175987749999999, 9.4456253, 9.9920315, 11.896706339999996, 35.734803
8.86556875, 9.007779, 9.18455175, 9.4719842, 10.030596699999998, 12.279661009999987, 37.448702
8.86502325, 9.001645, 9.17401075, 9.448525, 9.913816349999998, 12.073487519999976, 37.448702
8.86637275, 9.002862, 9.176152250000001, 9.4658418, 9.951954899999999, 11.913367709999996, 37.448702
8.8711755, 9.013479, 9.181200500000001, 9.456761, 9.94988625, 11.938839599999994, 37.448702
8.880844999999999, 9.003405, 9.173493749999999, 9.462205, 9.994541999999997, 12.316067529999993, 35.734803
8.8650855, 9.005095, 9.179931, 9.4461836, 9.972295, 11.832213, 35.734803
8.86183875, 9.005317999999999, 9.17461475, 9.4220817, 9.873585049999992, 11.922215, 35.487972
8.864143, 9.004061, 9.179747, 9.441303, 9.962257049999996, 11.913264409999998, 35.487972
8.863654, 8.999893, 9.174747, 9.4340334, 9.792531, 11.922378999999996, 35.734803
8.87184125, 9.008381499999999, 9.18719875, 9.466409, 9.97260825, 12.279171, 29.227148
8.868146000000001, 9.004782, 9.179745, 9.4602233, 9.929522299999999, 11.922319599999996, 35.487972
8.875432, 9.007629999999999, 9.19237875, 9.4697661, 10.0650474, 12.454541, 35.330604
8.864668, 8.9911255, 9.16709, 9.4244867, 9.92712555, 11.9993765, 35.734803
8.872364, 9.0068965, 9.19381425, 9.4432373, 10.0134674, 11.961399699999992, 37.448702
8.865466, 9.0080275, 9.17998425, 9.4400171, 9.850105499999998, 11.71398558999999, 35.330604
8.859925, 9.0012775, 9.178993, 9.4667416, 9.8746628, 11.71847671, 37.448702
8.863845, 9.001250500000001, 9.1737875, 9.4305745, 9.974308199999998, 12.073487519999976, 33.51644
8.87383075, 9.000371, 9.17908425, 9.466553, 10.014147249999999, 11.89654, 35.487972
8.865205, 9.007035, 9.179452, 9.4535784, 9.974308199999998, 11.89458366, 24.923449
8.873091, 9.007883, 9.177332499999999, 9.440545499999999, 9.917219599999992, 11.932734399999998, 35.734803
8.871932000000001, 9.003454000000001, 9.172676, 9.4486541, 9.929907999999998, 11.816186439999985, 37.448702
8.863137, 8.98916, 9.166037, 9.439095799999999, 9.953775149999997, 12.223577699999993, 35.734803
8.869075500000001, 9.0124325, 9.18581125, 9.4622512, 9.933648499999997, 11.994313739999981, 35.330604
8.86920475, 9.004557, 9.190512, 9.4584177, 9.965514549999998, 12.312454889999994, 35.734803
8.86591825, 9.0028115, 9.173778500000001, 9.4206334, 9.859939949999998, 11.922378999999996, 35.487972
8.870337, 9.008962, 9.17831025, 9.4906589, 10.079151799999996, 11.970524529999995, 35.330604
8.8608995, 8.994972, 9.1685245, 9.4400171, 9.95983, 11.875033, 37.448702
8.869538, 9.004908, 9.173788250000001, 9.4359473, 9.971457549999997, 12.073487519999976, 29.227148
8.862518000000001, 8.9977885, 9.1768895, 9.4449875, 10.013892, 11.913264409999998, 35.487972
8.87179175, 9.005264, 9.17329825, 9.455942, 10.014684049999996, 11.903409949999995, 37.448702
8.870303, 9.004898, 9.174758, 9.4449875, 9.8391793, 12.003602619999986, 35.487972
8.868584, 9.0091065, 9.1878855, 9.435801, 9.931451749999997, 12.003602619999986, 35.734803
8.86915, 9.007812999999999, 9.18446625, 9.478586, 10.107651799999994, 12.054451, 35.734803
8.872462, 9.005363, 9.1902, 9.471739399999999, 10.071267849999998, 12.277897, 37.448702
8.865049, 9.002718999999999, 9.1856675, 9.453209, 9.972959199999996, 11.897930429999999, 29.227148
8.86416, 9.007402, 9.187626, 9.484009200000001, 10.162247649999992, 12.3281949, 35.734803
8.853785, 9.0009265, 9.173783, 9.423889299999999, 9.92712555, 11.718405, 29.227148
8.860624999999999, 8.998255, 9.164943, 9.4222889, 9.843192850000001, 11.683387009999995, 13.537814
8.86716575, 8.998718, 9.184515, 9.4535962, 9.998298449999998, 12.073487519999976, 35.734803
8.857934499999999, 8.999678, 9.170885, 9.4569759, 9.960104049999998, 12.070419, 37.448702
8.872146, 9.0044995, 9.1715505, 9.438996, 9.870239, 12.330462, 37.448702
8.868889750000001, 8.9972305, 9.169684, 9.446185, 9.897192, 11.922318299999997, 35.330604
8.85549575, 8.9983355, 9.172676, 9.432031, 9.8498015, 12.047984, 37.448702
8.883292749999999, 9.049047999999999, 9.24282775, 9.5020773, 9.80816565, 14.739876269999993, 52.853195
8.870523, 9.029985, 9.22286975, 9.4873256, 9.7239701, 14.466193569999986, 36.893046
8.888704, 9.054687000000001, 9.23805975, 9.516594, 9.7260482, 14.450396, 36.893046
8.8973935, 9.042504, 9.2454575, 9.5173339, 9.7388404, 14.682293769999989, 52.853195
8.88984275, 9.037914, 9.216188, 9.497408100000001, 9.710388400000001, 11.834739119999979, 24.370709
8.8882465, 9.0383645, 9.252791, 9.5260368, 9.79318625, 16.453933059999994, 22.552578
8.88813375, 9.031440499999999, 9.245285500000001, 9.496900799999999, 9.757553, 16.102087609999998, 23.303856
8.8808495, 9.0261905, 9.214270749999999, 9.4993193, 9.74440445, 13.555984059999998, 24.370709
8.898349, 9.049389999999999, 9.249988, 9.550811099999999, 9.82393235, 17.07672461, 32.855096
0, 0, 0, 0, 0, 0, 0
0, 0, 0, 0, 0, 0, 0
0, 0, 0, 0, 0, 0, 0
0, 0, 0, 0, 0, 0, 0
0, 0, 0, 0, 0, 0, 0
0, 0, 0, 0, 0, 0, 0
0, 0, 0, 0, 0, 0, 0
0, 0, 0, 0, 0, 0, 0
0, 0, 0, 0, 0, 0, 0
0, 0, 0, 0, 0, 0, 0
0, 0, 0, 0, 0, 0, 0
0, 0, 0, 0, 0, 0, 0
0, 0, 0, 0, 0, 0, 0
0, 0, 0, 0, 0, 0, 0
0, 0, 0, 0, 0, 0, 0
0, 0, 0, 0, 0, 0, 0
0, 0, 0, 0, 0, 0, 0
0, 0, 0, 0, 0, 0, 0
0, 0, 0, 0, 0, 0, 0
0, 0, 0, 0, 0, 0, 0
0, 0, 0, 0, 0, 0, 0
0, 0, 0, 0, 0, 0, 0
0, 0, 0, 0, 0, 0, 0
0, 0, 0, 0, 0, 0, 0
0, 0, 0, 0, 0, 0, 0
0, 0, 0, 0, 0, 0, 0
0, 0, 0, 0, 0, 0, 0
0, 0, 0, 0, 0, 0, 0
0, 0, 0, 0, 0, 0, 0
0, 0, 0, 0, 0, 0, 0
0, 0, 0, 0, 0, 0, 0
0, 0, 0, 0, 0, 0, 0
0, 0, 0, 0, 0, 0, 0
0, 0, 0, 0, 0, 0, 0
0, 0, 0, 0, 0, 0, 0
0, 0, 0, 0, 0, 0, 0
0, 0, 0, 0, 0, 0, 0
0, 0, 0, 0, 0, 0, 0
0, 0, 0, 0, 0, 0, 0
0, 0, 0, 0, 0, 0, 0
0, 0, 0, 0, 0, 0, 0
0, 0, 0, 0, 0, 0, 0
0, 0, 0, 0, 0, 0, 0
0, 0, 0, 0, 0, 0, 0
0, 0, 0, 0, 0, 0, 0
0, 0, 0, 0, 0, 0, 0
0, 0, 0, 0, 0, 0, 0
0, 0, 0, 0, 0, 0, 0
0, 0, 0, 0, 0, 0, 0
0, 0, 0, 0, 0, 0, 0
0, 0, 0, 0, 0, 0, 0
0, 0, 0, 0, 0, 0, 0
0, 0, 0, 0, 0, 0, 0
0, 0, 0, 0, 0, 0, 0
0, 0, 0, 0, 0, 0, 0
0, 0, 0, 0, 0, 0, 0
0, 0, 0, 0, 0, 0, 0
0, 0, 0, 0, 0, 0, 0
0, 0, 0, 0, 0, 0, 0
0, 0, 0, 0, 0, 0, 0
0, 0, 0, 0, 0, 0, 0
0, 0, 0, 0, 0, 0, 0
0, 0, 0, 0, 0, 0, 0
0, 0, 0, 0, 0, 0, 0
0, 0, 0, 0, 0, 0, 0
0, 0, 0, 0, 0, 0, 0
0, 0, 0, 0, 0, 0, 0
0, 0, 0, 0, 0, 0, 0
0, 0, 0, 0, 0, 0, 0
0, 0, 0, 0, 0, 0, 0
0, 0, 0, 0, 0, 0, 0
0, 0, 0, 0, 0, 0, 0
0, 0, 0, 0, 0, 0, 0
0, 0, 0, 0, 0, 0, 0
0, 0, 0, 0, 0, 0, 0
0, 0, 0, 0, 0, 0, 0
0, 0, 0, 0, 0, 0, 0
0, 0, 0, 0, 0, 0, 0
0, 0, 0, 0, 0, 0, 0
0, 0, 0, 0, 0, 0, 0
0, 0, 0, 0, 0, 0, 0
0, 0, 0, 0, 0, 0, 0
0, 0, 0, 0, 0, 0, 0
0, 0, 0, 0, 0, 0, 0
0, 0, 0, 0, 0, 0, 0
0, 0, 0, 0, 0, 0, 0
0, 0, 0, 0, 0, 0, 0
0, 0, 0, 0, 0, 0, 0
0, 0, 0, 0, 0, 0, 0
0, 0, 0, 0, 0, 0, 0
0, 0, 0, 0, 0, 0, 0
0, 0, 0, 0, 0, 0, 0
0, 0, 0, 0, 0, 0, 0
0, 0, 0, 0, 0, 0, 0
0, 0, 0, 0, 0, 0, 0
0, 0, 0, 0, 0, 0, 0
0, 0, 0, 0, 0, 0, 0
0, 0, 0, 0, 0, 0, 0
0, 0, 0, 0, 0, 0, 0
0, 0, 0, 0, 0, 0, 0
0, 0, 0, 0, 0, 0, 0
0, 0, 0, 0, 0, 0, 0
0, 0, 0, 0, 0, 0, 0
0, 0, 0, 0, 0, 0, 0
0, 0, 0, 0, 0, 0, 0
0, 0, 0, 0, 0, 0, 0
0, 0, 0, 0, 0, 0, 0
0, 0, 0, 0, 0, 0, 0
0, 0, 0, 0, 0, 0, 0
0, 0, 0, 0, 0, 0, 0
0, 0, 0, 0, 0, 0, 0
0, 0, 0, 0, 0, 0, 0
0, 0, 0, 0, 0, 0, 0
0, 0, 0, 0, 0, 0, 0
0, 0, 0, 0, 0, 0, 0
0, 0, 0, 0, 0, 0, 0
0, 0, 0, 0, 0, 0, 0
0, 0, 0, 0, 0, 0, 0
0, 0, 0, 0, 0, 0, 0
0, 0, 0, 0, 0, 0, 0
0, 0, 0, 0, 0, 0, 0
0, 0, 0, 0, 0, 0, 0
0, 0, 0, 0, 0, 0, 0
0, 0, 0, 0, 0, 0, 0
0, 0, 0, 0, 0, 0, 0
0, 0, 0, 0, 0, 0, 0
0, 0, 0, 0, 0, 0, 0
0, 0, 0, 0, 0, 0, 0
0, 0, 0, 0, 0, 0, 0
0, 0, 0, 0, 0, 0, 0
0, 0, 0, 0, 0, 0, 0
0, 0, 0, 0, 0, 0, 0
0, 0, 0, 0, 0, 0, 0
0, 0, 0, 0, 0, 0, 0
0, 0, 0, 0, 0, 0, 0
0, 0, 0, 0, 0, 0, 0
0, 0, 0, 0, 0, 0, 0
0, 0, 0, 0, 0, 0, 0
0, 0, 0, 0, 0, 0, 0
0, 0, 0, 0, 0, 0, 0
0, 0, 0, 0, 0, 0, 0
0, 0, 0, 0, 0, 0, 0
0, 0, 0, 0, 0, 0, 0
0, 0, 0, 0, 0, 0, 0
0, 0, 0, 0, 0, 0, 0
0, 0, 0, 0, 0, 0, 0
0, 0, 0, 0, 0, 0, 0
0, 0, 0, 0, 0, 0, 0
0, 0, 0, 0, 0, 0, 0
0, 0, 0, 0, 0, 0, 0
0, 0, 0, 0, 0, 0, 0
0, 0, 0, 0, 0, 0, 0
0, 0, 0, 0, 0, 0, 0
0, 0, 0, 0, 0, 0, 0
0, 0, 0, 0, 0, 0, 0
0, 0, 0, 0, 0, 0, 0
0, 0, 0, 0, 0, 0, 0
0, 0, 0, 0, 0, 0, 0
0, 0, 0, 0, 0, 0, 0
0, 0, 0, 0, 0, 0, 0
0, 0, 0, 0, 0, 0, 0
0, 0, 0, 0, 0, 0, 0
0, 0, 0, 0, 0, 0, 0
0, 0, 0, 0, 0, 0, 0
0, 0, 0, 0, 0, 0, 0
0, 0, 0, 0, 0, 0, 0
0, 0, 0, 0, 0, 0, 0
0, 0, 0, 0, 0, 0, 0
0, 0, 0, 0, 0, 0, 0
0, 0, 0, 0, 0, 0, 0
0, 0, 0, 0, 0, 0, 0
0, 0, 0, 0, 0, 0, 0
0, 0, 0, 0, 0, 0, 0
0, 0, 0, 0, 0, 0, 0
0, 0, 0, 0, 0, 0, 0
0, 0, 0, 0, 0, 0, 0
0, 0, 0, 0, 0, 0, 0
0, 0, 0, 0, 0, 0, 0
0, 0, 0, 0, 0, 0, 0
0, 0, 0, 0, 0, 0, 0
0, 0, 0, 0, 0, 0, 0
0, 0, 0, 0, 0, 0, 0
0, 0, 0, 0, 0, 0, 0
0, 0, 0, 0, 0, 0, 0
0, 0, 0, 0, 0, 0, 0
0, 0, 0, 0, 0, 0, 0
0, 0, 0, 0, 0, 0, 0
0, 0, 0, 0, 0, 0, 0
0, 0, 0, 0, 0, 0, 0
0, 0, 0, 0, 0, 0, 0
0, 0, 0, 0, 0, 0, 0
0, 0, 0, 0, 0, 0, 0
0, 0, 0, 0, 0, 0, 0
0, 0, 0, 0, 0, 0, 0
0, 0, 0, 0, 0, 0, 0
0, 0, 0, 0, 0, 0, 0
0, 0, 0, 0, 0, 0, 0
0, 0, 0, 0, 0, 0, 0
0, 0, 0, 0, 0, 0, 0
0, 0, 0, 0, 0, 0, 0
0, 0, 0, 0, 0, 0, 0
0, 0, 0, 0, 0, 0, 0
0, 0, 0, 0, 0, 0, 0
0, 0, 0, 0, 0, 0, 0
0, 0, 0, 0, 0, 0, 0
0, 0, 0, 0, 0, 0, 0
0, 0, 0, 0, 0, 0, 0
0, 0, 0, 0, 0, 0, 0
0, 0, 0, 0, 0, 0, 0
0, 0, 0, 0, 0, 0, 0
0, 0, 0, 0, 0, 0, 0
0, 0, 0, 0, 0, 0, 0
0, 0, 0, 0, 0, 0, 0
0, 0, 0, 0, 0, 0, 0
0, 0, 0, 0, 0, 0, 0
0, 0, 0, 0, 0, 0, 0
0, 0, 0, 0, 0, 0, 0
0, 0, 0, 0, 0, 0, 0
0, 0, 0, 0, 0, 0, 0
0, 0, 0, 0, 0, 0, 0
0, 0, 0, 0, 0, 0, 0
0, 0, 0, 0, 0, 0, 0
0, 0, 0, 0, 0, 0, 0
0, 0, 0, 0, 0, 0, 0
0, 0, 0, 0, 0, 0, 0
0, 0, 0, 0, 0, 0, 0
0, 0, 0, 0, 0, 0, 0
0, 0, 0, 0, 0, 0, 0
0, 0, 0, 0, 0, 0, 0
0, 0, 0, 0, 0, 0, 0
0, 0, 0, 0, 0, 0, 0
0, 0, 0, 0, 0, 0, 0
0, 0, 0, 0, 0, 0, 0
0, 0, 0, 0, 0, 0, 0
0, 0, 0, 0, 0, 0, 0
0, 0, 0, 0, 0, 0, 0
0, 0, 0, 0, 0, 0, 0
0, 0, 0, 0, 0, 0, 0
0, 0, 0, 0, 0, 0, 0
0, 0, 0, 0, 0, 0, 0
0, 0, 0, 0, 0, 0, 0
0, 0, 0, 0, 0, 0, 0
0, 0, 0, 0, 0, 0, 0
0, 0, 0, 0, 0, 0, 0
0, 0, 0, 0, 0, 0, 0
0, 0, 0, 0, 0, 0, 0
0, 0, 0, 0, 0, 0, 0
0, 0, 0, 0, 0, 0, 0
0, 0, 0, 0, 0, 0, 0
0, 0, 0, 0, 0, 0, 0
0, 0, 0, 0, 0, 0, 0
0, 0, 0, 0, 0, 0, 0
0, 0, 0, 0, 0, 0, 0
0, 0, 0, 0, 0, 0, 0
0, 0, 0, 0, 0, 0, 0
0, 0, 0, 0, 0, 0, 0
0, 0, 0, 0, 0, 0, 0
0, 0, 0, 0, 0, 0, 0
0, 0, 0, 0, 0, 0, 0
0, 0, 0, 0, 0, 0, 0
0, 0, 0, 0, 0, 0, 0
0, 0, 0, 0, 0, 0, 0
0, 0, 0, 0, 0, 0, 0
0, 0, 0, 0, 0, 0, 0
0, 0, 0, 0, 0, 0, 0
0, 0, 0, 0, 0, 0, 0
0, 0, 0, 0, 0, 0, 0
0, 0, 0, 0, 0, 0, 0
0, 0, 0, 0, 0, 0, 0
0, 0, 0, 0, 0, 0, 0
0, 0, 0, 0, 0, 0, 0
0, 0, 0, 0, 0, 0, 0
0, 0, 0, 0, 0, 0, 0
0, 0, 0, 0, 0, 0, 0
0, 0, 0, 0, 0, 0, 0
0, 0, 0, 0, 0, 0, 0
0, 0, 0, 0, 0, 0, 0
0, 0, 0, 0, 0, 0, 0
0, 0, 0, 0, 0, 0, 0
0, 0, 0, 0, 0, 0, 0
0, 0, 0, 0, 0, 0, 0
0, 0, 0, 0, 0, 0, 0
0, 0, 0, 0, 0, 0, 0
0, 0, 0, 0, 0, 0, 0
0, 0, 0, 0, 0, 0, 0
0, 0, 0, 0, 0, 0, 0
0, 0, 0, 0, 0, 0, 0
0, 0, 0, 0, 0, 0, 0
0, 0, 0, 0, 0, 0, 0
0, 0, 0, 0, 0, 0, 0
0, 0, 0, 0, 0, 0, 0
0, 0, 0, 0, 0, 0, 0
0, 0, 0, 0, 0, 0, 0
0, 0, 0, 0, 0, 0, 0
0, 0, 0, 0, 0, 0, 0
0, 0, 0, 0, 0, 0, 0
0, 0, 0, 0, 0, 0, 0
0, 0, 0, 0, 0, 0, 0
0, 0, 0, 0, 0, 0, 0
0, 0, 0, 0, 0, 0, 0
0, 0, 0, 0, 0, 0, 0
0, 0, 0, 0, 0, 0, 0
0, 0, 0, 0, 0, 0, 0
0, 0, 0, 0, 0, 0, 0
0, 0, 0, 0, 0, 0, 0
0, 0, 0, 0, 0, 0, 0
0, 0, 0, 0, 0, 0, 0
0, 0, 0, 0, 0, 0, 0
0, 0, 0, 0, 0, 0, 0
0, 0, 0, 0, 0, 0, 0
0, 0, 0, 0, 0, 0, 0
0, 0, 0, 0, 0, 0, 0
0, 0, 0, 0, 0, 0, 0
0, 0, 0, 0, 0, 0, 0
0, 0, 0, 0, 0, 0, 0
0, 0, 0, 0, 0, 0, 0
0, 0, 0, 0, 0, 0, 0
0, 0, 0, 0, 0, 0, 0
0, 0, 0, 0, 0, 0, 0
0, 0, 0, 0, 0, 0, 0
0, 0, 0, 0, 0, 0, 0
0, 0, 0, 0, 0, 0, 0
0, 0, 0, 0, 0, 0, 0
0, 0, 0, 0, 0, 0, 0
0, 0, 0, 0, 0, 0, 0
0, 0, 0, 0, 0, 0, 0
0, 0, 0, 0, 0, 0, 0
0, 0, 0, 0, 0, 0, 0
0, 0, 0, 0, 0, 0, 0
0, 0, 0, 0, 0, 0, 0
0, 0, 0, 0, 0, 0, 0
0, 0, 0, 0, 0, 0, 0
0, 0, 0, 0, 0, 0, 0
0, 0, 0, 0, 0, 0, 0
0, 0, 0, 0, 0, 0, 0
0, 0, 0, 0, 0, 0, 0
0, 0, 0, 0, 0, 0, 0
0, 0, 0, 0, 0, 0, 0
0, 0, 0, 0, 0, 0, 0
0, 0, 0, 0, 0, 0, 0
0, 0, 0, 0, 0, 0, 0
0, 0, 0, 0, 0, 0, 0
0, 0, 0, 0, 0, 0, 0
0, 0, 0, 0, 0, 0, 0
0, 0, 0, 0, 0, 0, 0
0, 0, 0, 0, 0, 0, 0
0, 0, 0, 0, 0, 0, 0
0, 0, 0, 0, 0, 0, 0
0, 0, 0, 0, 0, 0, 0
0, 0, 0, 0, 0, 0, 0
0, 0, 0, 0, 0, 0, 0
0, 0, 0, 0, 0, 0, 0
0, 0, 0, 0, 0, 0, 0
0, 0, 0, 0, 0, 0, 0
0, 0, 0, 0, 0, 0, 0
0, 0, 0, 0, 0, 0, 0
0, 0, 0, 0, 0, 0, 0
0, 0, 0, 0, 0, 0, 0
0, 0, 0, 0, 0, 0, 0
0, 0, 0, 0, 0, 0, 0
0, 0, 0, 0, 0, 0, 0
0, 0, 0, 0, 0, 0, 0
0, 0, 0, 0, 0, 0, 0
0, 0, 0, 0, 0, 0, 0
0, 0, 0, 0, 0, 0, 0
0, 0, 0, 0, 0, 0, 0
0, 0, 0, 0, 0, 0, 0
0, 0, 0, 0, 0, 0, 0
0, 0, 0, 0, 0, 0, 0
0, 0, 0, 0, 0, 0, 0
0, 0, 0, 0, 0, 0, 0
0, 0, 0, 0, 0, 0, 0
0, 0, 0, 0, 0, 0, 0
0, 0, 0, 0, 0, 0, 0
0, 0, 0, 0, 0, 0, 0
0, 0, 0, 0, 0, 0, 0
0, 0, 0, 0, 0, 0, 0
0, 0, 0, 0, 0, 0, 0
0, 0, 0, 0, 0, 0, 0
0, 0, 0, 0, 0, 0, 0
0, 0, 0, 0, 0, 0, 0
0, 0, 0, 0, 0, 0, 0
0, 0, 0, 0, 0, 0, 0
0, 0, 0, 0, 0, 0, 0
0, 0, 0, 0, 0, 0, 0
0, 0, 0, 0, 0, 0, 0
0, 0, 0, 0, 0, 0, 0
0, 0, 0, 0, 0, 0, 0
0, 0, 0, 0, 0, 0, 0
0, 0, 0, 0, 0, 0, 0
0, 0, 0, 0, 0, 0, 0
0, 0, 0, 0, 0, 0, 0
0, 0, 0, 0, 0, 0, 0
0, 0, 0, 0, 0, 0, 0
0, 0, 0, 0, 0, 0, 0
0, 0, 0, 0, 0, 0, 0
0, 0, 0, 0, 0, 0, 0
0, 0, 0, 0, 0, 0, 0
0, 0, 0, 0, 0, 0, 0
0, 0, 0, 0, 0, 0, 0
0, 0, 0, 0, 0, 0, 0
0, 0, 0, 0, 0, 0, 0
0, 0, 0, 0, 0, 0, 0
0, 0, 0, 0, 0, 0, 0
0, 0, 0, 0, 0, 0, 0
0, 0, 0, 0, 0, 0, 0
0, 0, 0, 0, 0, 0, 0
0, 0, 0, 0, 0, 0, 0
0, 0, 0, 0, 0, 0, 0
0, 0, 0, 0, 0, 0, 0
0, 0, 0, 0, 0, 0, 0
0, 0, 0, 0, 0, 0, 0
0, 0, 0, 0, 0, 0, 0
0, 0, 0, 0, 0, 0, 0
0, 0, 0, 0, 0, 0, 0
0, 0, 0, 0, 0, 0, 0
0, 0, 0, 0, 0, 0, 0
0, 0, 0, 0, 0, 0, 0
0, 0, 0, 0, 0, 0, 0
0, 0, 0, 0, 0, 0, 0
0, 0, 0, 0, 0, 0, 0
0, 0, 0, 0, 0, 0, 0
0, 0, 0, 0, 0, 0, 0
0, 0, 0, 0, 0, 0, 0
0, 0, 0, 0, 0, 0, 0
0, 0, 0, 0, 0, 0, 0
0, 0, 0, 0, 0, 0, 0
0, 0, 0, 0, 0, 0, 0
0, 0, 0, 0, 0, 0, 0
0, 0, 0, 0, 0, 0, 0
0, 0, 0, 0, 0, 0, 0
0, 0, 0, 0, 0, 0, 0
0, 0, 0, 0, 0, 0, 0
0, 0, 0, 0, 0, 0, 0
0, 0, 0, 0, 0, 0, 0
0, 0, 0, 0, 0, 0, 0
0, 0, 0, 0, 0, 0, 0
0, 0, 0, 0, 0, 0, 0
0, 0, 0, 0, 0, 0, 0
0, 0, 0, 0, 0, 0, 0
0, 0, 0, 0, 0, 0, 0
0, 0, 0, 0, 0, 0, 0
0, 0, 0, 0, 0, 0, 0
0, 0, 0, 0, 0, 0, 0
0, 0, 0, 0, 0, 0, 0
0, 0, 0, 0, 0, 0, 0
0, 0, 0, 0, 0, 0, 0
0, 0, 0, 0, 0, 0, 0
0, 0, 0, 0, 0, 0, 0
0, 0, 0, 0, 0, 0, 0
0, 0, 0, 0, 0, 0, 0
0, 0, 0, 0, 0, 0, 0
0, 0, 0, 0, 0, 0, 0
0, 0, 0, 0, 0, 0, 0
0, 0, 0, 0, 0, 0, 0
0, 0, 0, 0, 0, 0, 0
0, 0, 0, 0, 0, 0, 0
0, 0, 0, 0, 0, 0, 0
0, 0, 0, 0, 0, 0, 0
0, 0, 0, 0, 0, 0, 0
0, 0, 0, 0, 0, 0, 0
0, 0, 0, 0, 0, 0, 0
0, 0, 0, 0, 0, 0, 0
0, 0, 0, 0, 0, 0, 0
0, 0, 0, 0, 0, 0, 0
0, 0, 0, 0, 0, 0, 0
0, 0, 0, 0, 0, 0, 0
0, 0, 0, 0, 0, 0, 0
0, 0, 0, 0, 0, 0, 0
0, 0, 0, 0, 0, 0, 0
0, 0, 0, 0, 0, 0, 0
0, 0, 0, 0, 0, 0, 0
0, 0, 0, 0, 0, 0, 0
0, 0, 0, 0, 0, 0, 0
0, 0, 0, 0, 0, 0, 0
0, 0, 0, 0, 0, 0, 0
0, 0, 0, 0, 0, 0, 0
0, 0, 0, 0, 0, 0, 0
0, 0, 0, 0, 0, 0, 0
0, 0, 0, 0, 0, 0, 0
0, 0, 0, 0, 0, 0, 0
0, 0, 0, 0, 0, 0, 0
0, 0, 0, 0, 0, 0, 0
0, 0, 0, 0, 0, 0, 0
0, 0, 0, 0, 0, 0, 0
0, 0, 0, 0, 0, 0, 0
0, 0, 0, 0, 0, 0, 0
0, 0, 0, 0, 0, 0, 0
0, 0, 0, 0, 0, 0, 0
0, 0, 0, 0, 0, 0, 0
0, 0, 0, 0, 0, 0, 0
0, 0, 0, 0, 0, 0, 0
0, 0, 0, 0, 0, 0, 0
0, 0, 0, 0, 0, 0, 0
0, 0, 0, 0, 0, 0, 0
0, 0, 0, 0, 0, 0, 0
0, 0, 0, 0, 0, 0, 0
0, 0, 0, 0, 0, 0, 0
0, 0, 0, 0, 0, 0, 0
0, 0, 0, 0, 0, 0, 0
0, 0, 0, 0, 0, 0, 0
0, 0, 0, 0, 0, 0, 0
0, 0, 0, 0, 0, 0, 0
0, 0, 0, 0, 0, 0, 0
0, 0, 0, 0, 0, 0, 0
0, 0, 0, 0, 0, 0, 0
0, 0, 0, 0, 0, 0, 0
0, 0, 0, 0, 0, 0, 0
0, 0, 0, 0, 0, 0, 0
0, 0, 0, 0, 0, 0, 0
0, 0, 0, 0, 0, 0, 0
0, 0, 0, 0, 0, 0, 0
0, 0, 0, 0, 0, 0, 0
0, 0, 0, 0, 0, 0, 0
0, 0, 0, 0, 0, 0, 0
0, 0, 0, 0, 0, 0, 0
0, 0, 0, 0, 0, 0, 0
0, 0, 0, 0, 0, 0, 0
0, 0, 0, 0, 0, 0, 0
0, 0, 0, 0, 0, 0, 0
0, 0, 0, 0, 0, 0, 0
0, 0, 0, 0, 0, 0, 0
0, 0, 0, 0, 0, 0, 0
0, 0, 0, 0, 0, 0, 0
0, 0, 0, 0, 0, 0, 0
0, 0, 0, 0, 0, 0, 0
0, 0, 0, 0, 0, 0, 0
0, 0, 0, 0, 0, 0, 0
0, 0, 0, 0, 0, 0, 0
0, 0, 0, 0, 0, 0, 0
0, 0, 0, 0, 0, 0, 0
0, 0, 0, 0, 0, 0, 0
0, 0, 0, 0, 0, 0, 0
0, 0, 0, 0, 0, 0, 0
0, 0, 0, 0, 0, 0, 0
0, 0, 0, 0, 0, 0, 0
0, 0, 0, 0, 0, 0, 0
0, 0, 0, 0, 0, 0, 0
0, 0, 0, 0, 0, 0, 0
0, 0, 0, 0, 0, 0, 0
0, 0, 0, 0, 0, 0, 0
0, 0, 0, 0, 0, 0, 0
0, 0, 0, 0, 0, 0, 0
0, 0, 0, 0, 0, 0, 0
0, 0, 0, 0, 0, 0, 0
0, 0, 0, 0, 0, 0, 0
0, 0, 0, 0, 0, 0, 0
0, 0, 0, 0, 0, 0, 0
0, 0, 0, 0, 0, 0, 0
0, 0, 0, 0, 0, 0, 0
0, 0, 0, 0, 0, 0, 0
0, 0, 0, 0, 0, 0, 0
0, 0, 0, 0, 0, 0, 0
0, 0, 0, 0, 0, 0, 0
0, 0, 0, 0, 0, 0, 0
0, 0, 0, 0, 0, 0, 0
0, 0, 0, 0, 0, 0, 0
0, 0, 0, 0, 0, 0, 0
0, 0, 0, 0, 0, 0, 0
0, 0, 0, 0, 0, 0, 0
0, 0, 0, 0, 0, 0, 0
0, 0, 0, 0, 0, 0, 0
0, 0, 0, 0, 0, 0, 0
0, 0, 0, 0, 0, 0, 0
0, 0, 0, 0, 0, 0, 0
0, 0, 0, 0, 0, 0, 0
0, 0, 0, 0, 0, 0, 0
0, 0, 0, 0, 0, 0, 0
0, 0, 0, 0, 0, 0, 0
0, 0, 0, 0, 0, 0, 0
0, 0, 0, 0, 0, 0, 0
0, 0, 0, 0, 0, 0, 0
0, 0, 0, 0, 0, 0, 0
0, 0, 0, 0, 0, 0, 0
0, 0, 0, 0, 0, 0, 0
0, 0, 0, 0, 0, 0, 0
0, 0, 0, 0, 0, 0, 0
0, 0, 0, 0, 0, 0, 0
0, 0, 0, 0, 0, 0, 0
0, 0, 0, 0, 0, 0, 0
0, 0, 0, 0, 0, 0, 0
0, 0, 0, 0, 0, 0, 0
0, 0, 0, 0, 0, 0, 0
0, 0, 0, 0, 0, 0, 0
0, 0, 0, 0, 0, 0, 0
0, 0, 0, 0, 0, 0, 0
0, 0, 0, 0, 0, 0, 0
0, 0, 0, 0, 0, 0, 0
0, 0, 0, 0, 0, 0, 0
0, 0, 0, 0, 0, 0, 0
0, 0, 0, 0, 0, 0, 0
0, 0, 0, 0, 0, 0, 0
0, 0, 0, 0, 0, 0, 0
0, 0, 0, 0, 0, 0, 0
0, 0, 0, 0, 0, 0, 0
0, 0, 0, 0, 0, 0, 0
0, 0, 0, 0, 0, 0, 0
0, 0, 0, 0, 0, 0, 0
0, 0, 0, 0, 0, 0, 0
0, 0, 0, 0, 0, 0, 0
0, 0, 0, 0, 0, 0, 0
0, 0, 0, 0, 0, 0, 0
0, 0, 0, 0, 0, 0, 0
0, 0, 0, 0, 0, 0, 0
0, 0, 0, 0, 0, 0, 0
0, 0, 0, 0, 0, 0, 0
0, 0, 0, 0, 0, 0, 0
0, 0, 0, 0, 0, 0, 0
0, 0, 0, 0, 0, 0, 0
0, 0, 0, 0, 0, 0, 0
0, 0, 0, 0, 0, 0, 0
0, 0, 0, 0, 0, 0, 0
0, 0, 0, 0, 0, 0, 0
0, 0, 0, 0, 0, 0, 0
0, 0, 0, 0, 0, 0, 0
0, 0, 0, 0, 0, 0, 0
0, 0, 0, 0, 0, 0, 0
0, 0, 0, 0, 0, 0, 0
0, 0, 0, 0, 0, 0, 0
0, 0, 0, 0, 0, 0, 0
0, 0, 0, 0, 0, 0, 0
0, 0, 0, 0, 0, 0, 0
0, 0, 0, 0, 0, 0, 0
0, 0, 0, 0, 0, 0, 0
0, 0, 0, 0, 0, 0, 0
0, 0, 0, 0, 0, 0, 0
0, 0, 0, 0, 0, 0, 0
0, 0, 0, 0, 0, 0, 0
0, 0, 0, 0, 0, 0, 0
0, 0, 0, 0, 0, 0, 0
0, 0, 0, 0, 0, 0, 0
0, 0, 0, 0, 0, 0, 0
0, 0, 0, 0, 0, 0, 0
0, 0, 0, 0, 0, 0, 0
0, 0, 0, 0, 0, 0, 0
0, 0, 0, 0, 0, 0, 0
0, 0, 0, 0, 0, 0, 0
0, 0, 0, 0, 0, 0, 0
0, 0, 0, 0, 0, 0, 0
0, 0, 0, 0, 0, 0, 0
0, 0, 0, 0, 0, 0, 0
0, 0, 0, 0, 0, 0, 0
0, 0, 0, 0, 0, 0, 0
0, 0, 0, 0, 0, 0, 0
0, 0, 0, 0, 0, 0, 0
0, 0, 0, 0, 0, 0, 0
0, 0, 0, 0, 0, 0, 0
0, 0, 0, 0, 0, 0, 0
0, 0, 0, 0, 0, 0, 0
0, 0, 0, 0, 0, 0, 0
0, 0, 0, 0, 0, 0, 0
8.89050275, 9.042464500000001, 9.2312635, 9.498664900000001, 9.7401343, 13.920256239999995, 32.855096
8.88835225, 9.049798500000001, 9.2358745, 9.526223100000001, 9.82321365, 13.807454749999996, 36.893046
8.892329, 9.048044, 9.257306, 9.547291, 9.802680500000001, 16.397703, 52.853195
8.8819825, 9.032392000000002, 9.23235025, 9.5007189, 9.800389399999998, 17.08007576, 24.370709
8.886620749999999, 9.0340815, 9.2319115, 9.5019713, 9.70140145, 10.45692264, 52.853195
8.889057750000001, 9.043199999999999, 9.23222275, 9.5476679, 9.7613077, 16.215679, 52.853195
8.88999925, 9.0487945, 9.2423635, 9.5077467, 9.7422864, 16.405284919999996, 52.853195
8.88241525, 9.035082, 9.24018125, 9.5055003, 9.80188175, 14.451942559999997, 36.893046
8.8904285, 9.0463415, 9.24357275, 9.5172411, 9.7402657, 15.874907839999999, 32.855096
8.895048, 9.0476975, 9.252896, 9.5363588, 9.7866114, 14.019783789999982, 36.893046
8.887745, 9.034199000000001, 9.23071375, 9.5262978, 9.77404285, 15.270897249999992, 36.893046
8.8752595, 9.04391, 9.24523325, 9.5300054, 9.7724295, 16.66124832, 36.893046
8.883178, 9.038969, 9.246623750000001, 9.519970500000001, 9.7671095, 14.902573969999995, 20.217992
8.88980525, 9.046792, 9.249489500000001, 9.552235900000001, 9.8405757, 15.976887, 19.892145
8.886197750000001, 9.0504585, 9.24973075, 9.5059579, 9.70918325, 11.058235029999999, 19.502914
8.87897875, 9.041442, 9.253893, 9.5066737, 9.71157495, 11.444518269999998, 19.502914
8.890817, 9.0398245, 9.220224250000001, 9.479007999999999, 9.72866825, 16.253665899999998, 36.893046
8.884263, 9.038048, 9.22934975, 9.4891306, 9.744832599999999, 16.21730481, 36.893046
8.89781225, 9.0446135, 9.238764, 9.5170844, 9.7569578, 13.621693079999996, 52.853195
8.870634, 9.022704000000001, 9.209621250000001, 9.480924, 9.7103584, 11.73735778, 32.855096
8.873572, 9.044333, 9.2379625, 9.508165, 9.81783725, 17.20214984, 24.370709
8.880599, 9.036978, 9.23482525, 9.482435800000001, 9.70905785, 12.00640526999999, 19.587514
8.90022725, 9.053982999999999, 9.25141725, 9.526053600000001, 9.77025365, 16.216124110000003, 32.855096
8.87624775, 9.048201, 9.252187750000001, 9.559886200000001, 9.8597041, 16.605816349999998, 23.303856
8.888826, 9.0429605, 9.23258675, 9.4863126, 9.7161574, 13.556740149999998, 19.645042
8.89853575, 9.0366715, 9.231809, 9.502400100000001, 9.7201095, 16.406325159999998, 24.370709
8.888359, 9.046792, 9.23116075, 9.4963963, 9.68579845, 11.377258219999996, 36.893046
8.883715500000001, 9.0339995, 9.228243, 9.488703, 9.674588250000001, 12.00640526999999, 17.75425
8.892114, 9.0358525, 9.24110125, 9.518845200000001, 9.7560301, 13.729825919999998, 52.853195
8.88774025, 9.044516999999999, 9.228624, 9.477088, 9.701593, 11.739113499999998, 52.853195
8.88713975, 9.040762999999998, 9.24759375, 9.4641832, 9.73407565, 13.263291239999996, 32.855096
8.897093, 9.0483975, 9.235714, 9.4842747, 9.7495958, 14.905645829999994, 32.855096
8.878819499999999, 9.040089, 9.23169925, 9.464614, 9.6786461, 13.486703819999999, 23.303856
8.88686, 9.050289, 9.245064, 9.5197191, 9.782085, 14.672557599999998, 52.853195
8.88679025, 9.038334500000001, 9.224421, 9.4673681, 9.724776649999999, 15.874808489999998, 22.552578
8.88039475, 9.0392805, 9.2311435, 9.4768326, 9.77504125, 13.743333339999994, 52.853195
8.87706425, 9.0342625, 9.249641, 9.4832239, 9.802638850000001, 16.030358099999997, 24.370709
8.8828005, 9.044335, 9.22215075, 9.495216899999999, 9.724504, 11.73735778, 36.893046
8.892175, 9.045113, 9.257114, 9.552520300000001, 9.8666147, 16.21714605, 21.371576
8.892984250000001, 9.0522195, 9.232219, 9.512085500000001, 9.77604425, 16.26121194, 23.303856
8.878175, 9.0367055, 9.226511250000001, 9.4761603, 9.75724995, 14.743940999999989, 22.552578
8.89011, 9.053028999999999, 9.237048249999999, 9.4964688, 9.733126949999999, 14.910927659999988, 22.552578
8.90007575, 9.040243499999999, 9.237981, 9.5132366, 9.766847, 11.160589649999977, 32.855096
8.879890249999999, 9.0514035, 9.24972775, 9.5011822, 9.7646665, 14.743940999999989, 19.656824
8.883698500000001, 9.034252500000001, 9.24024375, 9.4887307, 9.7355836, 15.575296939999996, 24.370709
8.89717375, 9.038416, 9.243009, 9.492110499999999, 9.71816865, 11.546682199999985, 32.855096
8.883909000000001, 9.04424, 9.243742000000001, 9.5199367, 9.778475349999999, 16.706771850000003, 36.893046
8.882238999999998, 9.0387765, 9.22740475, 9.500631, 9.683827399999998, 11.533241019999997, 32.855096
8.887037, 9.032240999999999, 9.24200675, 9.543998400000001, 9.7923315, 15.874124049999999, 23.303856
8.882225250000001, 9.053142, 9.24706175, 9.5297949, 9.8067264, 14.395712159999997, 52.853195
8.89078475, 9.042755499999998, 9.237358, 9.533903, 9.742713049999999, 15.87359139, 32.855096
8.87331875, 9.028268, 9.22435725, 9.4696706, 9.694050749999999, 11.529391, 23.303856
8.88525325, 9.0388965, 9.22219775, 9.480801, 9.691798850000001, 13.258511, 52.853195
8.893684499999999, 9.0488605, 9.2337985, 9.5285072, 9.7963663, 15.571933089999998, 19.892145
8.88733125, 9.034483000000002, 9.228644500000001, 9.5341915, 9.765831449999999, 16.050663, 32.855096
8.877406749999999, 9.030612, 9.25444325, 9.500683800000001, 9.692839099999999, 13.55488314, 52.853195
8.884422749999999, 9.050732499999999, 9.237945, 9.5171619, 9.7359979, 10.691866289999998, 52.853195
8.8887955, 9.03389, 9.22225775, 9.532104, 9.8096397, 14.670271, 36.893046
8.88997, 9.038644, 9.2275605, 9.4947206, 9.744832599999999, 11.838892119999976, 32.855096
8.887573249999999, 9.0411215, 9.23191525, 9.5244973, 9.75773205, 14.419988939999996, 19.656824
8.884422749999999, 9.0539275, 9.2642715, 9.528586500000001, 9.784372, 12.020835199999977, 20.217992
8.89098875, 9.0429465, 9.23566475, 9.5107706, 9.7989773, 16.37826, 24.370709
8.896895749999999, 9.044333, 9.247754, 9.5160734, 9.720028849999998, 13.485379, 19.587514
8.8964955, 9.0450655, 9.259999, 9.5419119, 9.8216775, 15.977705209999998, 22.552578
8.870131, 9.028209, 9.23760525, 9.483270300000001, 9.66722765, 13.805537069999998, 36.893046
8.873463000000001, 9.028845, 9.23801725, 9.484710100000001, 9.6821428, 14.007761019999993, 20.217992
8.79306, 9.081327000000002, 10.240397, 11.658155400000002, 12.4546844, 15.027967510000005, 26.889073
8.784519, 9.0465985, 10.211487, 11.6326631, 12.439778, 14.747452080000013, 19.563106
8.642745000000001, 9.086952499999999, 10.75019975, 12.402618, 13.961357199999998, 17.81349118000001, 38.813544
8.6459585, 9.106176999999999, 10.7429445, 12.3525727, 13.952062749999996, 17.70054791000002, 38.813544
8.647674, 9.1205765, 10.7947655, 12.443282600000002, 14.106595749999991, 18.492794, 38.813544
9.145634, 11.298797, 14.10695, 17.4391502, 20.01937315, 25.872138, 38.509309
9.108920000000001, 11.299237000000002, 14.088299, 17.493940300000006, 19.937328999999977, 26.226208, 44.22794
9.09663075, 11.181112, 14.05689975, 17.33012980000001, 19.71428855, 25.26048983000003, 39.815707
9.101248499999999, 11.250906, 14.174996, 17.4348959, 19.897960549999997, 25.46558043000002, 44.22794
9.11052525, 11.1668475, 13.98352, 17.466592, 19.9112804, 26.491683220000002, 39.815707
9.132374, 11.204494, 14.036263, 17.287059000000003, 19.658904099999994, 25.872219, 44.22794
9.114416, 11.244737, 14.083681, 17.320895, 19.819811, 25.398104, 44.22794
9.095034, 11.1964775, 13.94583575, 17.2793, 19.71937149999998, 25.607740360000015, 44.22794
9.12480175, 11.226488, 14.060741, 17.4126204, 19.916648, 25.386125990000004, 44.22794
9.11546275, 11.285653, 14.095957, 17.182530000000003, 19.654112599999998, 25.386005, 44.22794
9.105321, 11.230183499999999, 14.016657, 17.237474, 19.654423249999997, 25.26048983000003, 44.22794
9.0867175, 11.1239755, 14.07235175, 17.40814560000001, 19.975911049999986, 25.908130130000025, 40.625286
9.1312205, 11.247666, 14.042715, 17.434288, 19.797086, 26.016247410000023, 44.22794
9.097933, 11.250906, 14.0596055, 17.448374, 19.878328, 25.87213881, 40.625286
9.075523, 11.2412375, 14.010793, 17.267699, 19.706059, 26.015162, 37.948082
9.096722, 11.2136145, 14.059709, 17.360077, 20.085348, 25.872567300000007, 44.22794
9.114581, 11.2268785, 14.14282775, 17.2995942, 19.635778, 25.792145010000016, 44.22794
9.110313, 11.259235499999999, 14.1235, 17.3253798, 19.673654, 26.312623880000032, 44.22794
9.096879, 11.181635, 14.18277675, 17.760584, 20.159316, 26.207159180000023, 44.22794
9.154873, 11.34738, 14.104447, 17.316394, 19.897960549999997, 25.33463687000001, 40.625286
9.1526855, 11.345935, 14.195702, 17.562162, 20.02729095, 26.460815, 40.625286
9.084905749999999, 11.2643635, 14.06680825, 17.285785, 19.742944849999997, 25.60713201, 44.22794
9.1107275, 11.2177285, 14.123277000000002, 17.381132300000004, 19.966418, 25.617047350000014, 44.22794
9.13464775, 11.258923500000002, 14.11803425, 17.375265, 19.677231249999977, 25.786816660000003, 44.22794
9.119095, 11.16496, 13.96009, 17.2851811, 19.706871, 25.678414630000024, 44.22794
9.103855, 11.27877, 14.16959625, 17.352004, 19.9729156, 26.511409660000005, 44.22794
9.100464, 11.191905, 14.141166, 17.749064100000005, 20.154969, 25.87248711000001, 38.509309
9.13522175, 11.319977, 14.1411, 17.491898, 20.02729095, 26.124728050000023, 44.22794
9.099274000000001, 11.2485435, 14.011948, 17.418904200000004, 19.706099599999998, 25.56975163000001, 40.625286
9.14100525, 11.296162, 14.078297, 17.5577009, 19.966737199999997, 25.792145010000016, 39.815707
9.1032955, 11.164613500000002, 14.084987, 17.3618756, 19.9729156, 25.386125990000004, 39.815707
9.104616, 11.2289865, 14.0807975, 17.512321, 19.916648, 25.185808, 44.22794
9.11931875, 11.227269, 14.22799725, 17.4351854, 19.991815, 25.791337, 44.22794
9.149808, 11.2975055, 14.091211, 17.412054, 19.874239, 25.607038, 44.22794
9.110857, 11.159738, 13.974348, 17.3578548, 19.874443449999998, 25.269024620000025, 40.625286
9.139144, 11.260583, 13.96085775, 17.261533, 19.651466149999997, 25.464532, 40.625286
9.0939195, 11.253902499999999, 14.059299, 17.252476100000003, 19.745845799999987, 25.386125990000004, 39.815707
9.086989, 11.2617165, 14.116573, 17.583136800000002, 20.03014574999998, 26.460815, 44.22794
9.09220975, 11.219993, 14.032837, 17.5588914, 20.002346, 26.508677560000002, 44.22794
9.099739249999999, 11.261879, 14.1411, 17.4347607, 19.714086, 25.908130130000025, 40.625286
9.115542249999999, 11.2501405, 14.05677325, 17.491437, 19.83876394999998, 25.267843, 44.22794
9.114581, 11.2803375, 14.291178, 17.682270000000003, 19.91524, 26.460815, 40.625286
9.096357, 11.181026, 14.050731500000001, 17.3578548, 19.905001, 25.19979824000001, 44.22794
9.103855, 11.239497, 14.10699475, 17.466592, 19.759592449999985, 25.786771, 44.22794
9.144623, 11.334861499999999, 14.2401695, 17.569725900000005, 20.159316, 26.511409660000005, 44.22794
9.087077, 11.110167, 13.929342, 17.180468, 19.65923164999999, 25.259308210000004, 44.22794
9.1106865, 11.1668475, 14.10436, 17.473254, 19.837517, 25.786816660000003, 44.22794
9.09826125, 11.1903535, 14.008262, 17.285114, 20.051816549999987, 25.87248711000001, 44.22794
9.100571, 11.205217000000001, 14.061389, 17.321376, 19.797086, 25.56984564000001, 40.625286
10.1798495, 12.88255, 16.57553325, 21.074114100000006, 23.858596, 29.61283377000001, 37.601966
10.198027, 12.825892, 16.574193, 21.072807, 23.928071649999993, 30.87523, 43.791491
8.784563, 9.050942, 10.2238425, 11.660891, 12.444344, 14.995361739999987, 105.16481136934621
8.784519, 9.052887, 10.221983, 11.6604761, 12.503486, 14.902097389999952, 26.889073
8.784408, 9.053068, 10.223743, 11.669898, 12.478849, 15.054253, 26.889073
10.145979, 12.798581, 16.530926, 20.78824, 23.721439, 29.903848239999988, 103.83124195218079
9.148702, 11.264655, 14.19159, 17.473254, 19.905304549999993, 25.872138, 44.22794
9.095034, 11.1715065, 13.996733500000001, 17.157748, 19.646988, 25.786771, 40.625286
8.64477, 9.112365, 10.8042355, 12.367258, 13.961266, 17.664191050000007, 38.813544
8.64621125, 9.135627, 10.830596, 12.453529, 14.0626608, 17.80231987, 38.404747
8.64766575, 9.112365, 10.71845875, 12.352565, 14.013154, 17.708369, 38.813544
8.658441, 9.134162, 10.780169, 12.517288900000002, 14.06229875, 17.548219190000015, 38.813544
8.64911925, 9.1290805, 10.809672, 12.4361022, 13.916439, 18.191563430000055, 38.813544
8.6467705, 9.128132, 10.80152075, 12.355993, 13.885818349999996, 17.80231987, 34.462112
8.6437505, 9.0824275, 10.73426, 12.382671, 13.888502099999998, 17.629720110000004, 38.813544
8.644595500000001, 9.094667000000001, 10.78818, 12.426513400000001, 14.027751549999996, 17.8129, 38.404747
8.649001, 9.141327, 10.79577675, 12.408338200000001, 13.96309, 17.888381480000007, 38.813544
8.78361675, 9.0507895, 10.25890325, 11.680852, 12.472816050000006, 15.240136710000007, 19.563106
8.78455625, 9.048946, 10.19239, 11.579731500000001, 12.292564900000004, 14.721862790000005, 26.889073
8.78180575, 9.0484915, 10.279553, 11.6613646, 12.4699167, 14.736726850000004, 26.889073
8.787975, 9.0463715, 10.23324925, 11.606706, 12.42317635, 14.902309930000012, 26.889073
8.655285, 9.13643, 10.843635, 12.395395200000003, 13.960170649999998, 17.483607930000012, 38.404747
8.6435645, 9.1267505, 10.774292, 12.402618, 14.062294, 17.547577, 38.813544
8.64791425, 9.086860999999999, 10.759644250000001, 12.3610045, 13.911605399999996, 17.414516330000005, 38.813544
8.644449250000001, 9.1446595, 10.830596, 12.390487, 13.911856849999992, 17.539180490000017, 34.462112
8.641162, 9.117858, 10.832821, 12.5639102, 14.174062, 17.78614925, 34.462112
8.6450085, 9.141108, 10.882892, 12.462601000000001, 14.124146499999998, 18.052882, 38.813544
9.1363725, 11.267781, 14.094420249999999, 17.4011065, 19.658494, 25.618142320000036, 38.509309
9.138358, 11.309141499999999, 14.188715, 17.461269400000003, 19.99331944999999, 25.87248711000001, 44.22794
9.114035750000001, 11.20522, 14.059709, 17.412054, 19.799011699999987, 25.39981671000004, 44.22794
9.090259, 11.233535, 14.104708, 17.454936, 19.937328999999977, 25.398768280000013, 44.22794
9.10942875, 11.259235499999999, 14.01483025, 17.387633, 19.9729156, 25.46605107000003, 40.625286
9.052646750000001, 11.1521225, 13.924118, 17.286815, 19.86324959999999, 25.87213881, 44.22794
9.1054065, 11.248664000000002, 14.036263, 17.2798814, 19.658494, 25.87356824000003, 40.625286
9.113882499999999, 11.294372, 14.22650125, 17.625318, 20.088464, 26.460815, 44.22794
9.131891, 11.295266999999999, 14.112239, 17.412054, 19.874443449999998, 26.206109, 44.22794
9.119183, 11.2704865, 14.13691325, 17.60218170000001, 20.136754, 26.508677560000002, 44.22794
9.13496525, 11.2984355, 14.22799725, 17.5605375, 19.819811, 25.46558043000002, 44.22794
10.138729, 12.778936000000002, 16.661795, 20.9202238, 23.882069899999987, 29.749014, 38.302754
10.216231, 12.882075, 16.67662225, 21.073148000000003, 23.771017699999998, 29.373301850000004, 40.498626
8.7846015, 9.054412, 10.226674, 11.6618322, 12.465433, 14.995983, 109.07612725730088
8.723448, 9.073017, 10.5438195, 12.071159800000006, 13.212251299999997, 16.62074429999996, 38.813544
8.723582, 9.070425499999999, 10.52494225, 12.023728, 13.209190649999998, 16.576445, 38.813544
11.17817825, 14.310655, 18.745347000000002, 23.759249900000007, 26.787435, 33.555206, 115.7151507142675
12.842922, 17.3353915, 22.829617, 28.806494, 33.126921, 41.227129, 61.050041
8.648617, 9.129782, 10.815183, 12.4304348, 14.06237475, 17.703598, 120.33879986821803
8.789484999999999, 9.054306, 10.223743, 11.646801, 12.462855, 14.938511, 113.51053455529893
8.7835005, 9.050637, 10.202946, 11.632663099999998, 12.439778, 14.815179, 26.889073
8.78544825, 9.053899000000001, 10.233688, 11.660891, 12.451222, 15.021192750000013, 26.889073
8.771925, 9.948125, 12.3332, 15.556360600000001, 17.83244179999998, 23.386707, 113.26919734818298
8.773582, 9.926724499999999, 12.276249, 15.533545, 17.847226, 23.581625, 44.22794
8.77846575, 9.935835, 12.259859, 15.463527600000003, 17.737444849999996, 23.223349, 44.22794
8.643614, 9.127207, 10.797017, 12.430775, 14.09337, 17.786071, 38.813544
8.644519, 9.126984, 10.788585, 12.418864, 13.931125, 17.703598, 38.813544
8.648051, 9.133437, 10.791028, 12.40324140000001, 13.960170649999998, 17.793896, 38.813544
8.7265145, 9.0723425, 10.524028, 11.978234, 13.1507495, 16.712506109999886, 38.813544
8.72963725, 9.076375, 10.507976, 11.972631000000003, 13.09725925, 16.615932159999993, 38.404747
8.7271765, 9.082381, 10.528769, 12.023483, 13.266517149999999, 16.879614199999978, 38.813544
8.730107, 9.085366, 10.531478, 11.981252, 13.155472499999998, 16.680998979999966, 38.813544
8.724855, 9.0709455, 10.508676, 11.950363300000003, 13.185148, 16.615932159999993, 38.813544
8.729127, 9.070756, 10.517428, 11.992126, 13.176227, 16.442499, 38.404747
8.73099375, 9.092922, 10.5521435, 12.063571900000001, 13.280431, 16.44275985999996, 38.813544
8.727758249999999, 9.073015999999999, 10.501546, 11.972651000000004, 13.127350049999993, 16.38437187, 38.813544
8.73059375, 9.076691, 10.525831499999999, 12.009576100000002, 13.120155, 16.34870434999998, 38.813544
8.72719, 9.075604, 10.522628000000001, 11.986630600000002, 13.082942, 16.605762499999994, 38.813544
8.7197245, 9.0605945, 10.519340249999999, 11.992895500000001, 13.132643449999998, 16.38437187, 38.404747
8.7251575, 9.070051, 10.488389999999999, 11.9712142, 13.123117, 16.821686, 38.813544
8.73185425, 9.086196, 10.51315175, 11.998687800000006, 13.150732, 16.36108912999997, 38.813544
8.733488750000001, 9.074949, 10.52978425, 11.997909300000009, 13.155429949999998, 16.306578, 38.813544
8.723678, 9.072411, 10.54327625, 12.025182700000002, 13.209190649999998, 16.78368708999997, 38.404747
8.72807575, 9.073067, 10.50112925, 11.970053, 13.077141, 16.604807, 38.404747
8.724235, 9.069224, 10.505337, 11.937359300000002, 13.004638, 16.30667933999998, 38.813544
8.72647775, 9.0717055, 10.5425985, 12.046369200000004, 13.266672, 16.620502, 38.813544
8.719041749999999, 9.059052999999999, 10.517271, 11.949145, 13.077162249999999, 16.385237379999985, 34.462112
8.727006, 9.076331, 10.509657, 11.979247, 13.02806534999999, 16.385237379999985, 38.404747
8.726978, 9.073042000000001, 10.5060475, 11.974163, 13.155429949999998, 16.360916, 38.813544
8.728749, 9.070366, 10.51743675, 12.018876, 13.169687, 16.468887259999953, 38.404747
8.727166, 9.07048, 10.553943, 12.032652, 13.179254, 16.468585, 38.813544
8.734541, 9.0810455, 10.547335, 12.025854300000004, 13.219306, 16.615886, 38.404747
8.72841525, 9.078523, 10.526445, 12.025854300000004, 13.206562499999997, 16.605728, 38.813544
8.728749, 9.070416, 10.504048, 11.97164, 13.137638599999999, 16.620502, 38.813544
8.730508, 9.072712, 10.517903, 12.011142, 13.240556, 16.615932159999993, 38.813544
8.725494, 9.066854, 10.533097, 12.032860300000005, 13.169759249999998, 16.61575631, 38.813544
8.72931925, 9.0756875, 10.511546, 11.992195500000003, 13.16290355, 16.644732, 38.404747
8.72726275, 9.0765805, 10.52800475, 12.018876, 13.132498, 16.606225819999995, 34.462112
8.646227, 9.111909, 10.759518, 12.35419, 13.916439, 17.548219189999898, 38.813544
8.647156, 9.12794, 10.803728, 12.408001, 14.070622, 17.872178239999975, 38.404747
8.647925, 9.135627, 10.80231025, 12.429641, 14.013154, 17.93072364999999, 38.813544
8.646259, 9.113959, 10.802425, 12.384552, 13.925738, 17.802213, 38.813544
8.646662, 9.135001500000001, 10.817596, 12.478032, 14.0626608, 17.703598, 38.813544
8.647442, 9.111909, 10.769527, 12.389567, 14.009391, 17.793896, 38.813544
8.647031, 9.123282, 10.795076, 12.4532509, 14.021462, 17.708369, 38.813544
8.64713, 9.124901, 10.835209, 12.48373820000002, 14.078328, 17.936827, 38.813544
8.649671, 9.120355, 10.794662, 12.402633, 13.994813, 17.78704024999999, 38.813544
8.65316, 9.140724, 10.812846, 12.442805, 14.015086, 17.611796, 38.813544
8.649238, 9.145797, 10.83300125, 12.447701600000002, 14.079938, 17.936827, 38.813544
8.647682, 9.12137, 10.788229000000001, 12.426232, 13.96309, 17.548219189999898, 38.813544
8.647031, 9.120862500000001, 10.780169, 12.419637, 14.062294, 17.786071, 38.813544
8.657973, 9.142989, 10.807164, 12.430775, 14.013154, 17.793896, 38.813544
8.724218, 9.065472, 10.485036, 11.971712600000002, 13.127204599999995, 16.468585, 38.813544
8.72828025, 9.066845, 10.498277999999999, 12.007278300000001, 13.132643449999998, 16.61580246999999, 38.813544
8.72694, 9.066854, 10.5014465, 11.980386, 13.150815, 16.316743619999993, 38.813544
8.7269685, 9.082611, 10.503775, 12.008932, 13.112988, 16.615932159999993, 38.404747
8.731009, 9.092565, 10.548217, 12.037206300000005, 13.108789, 16.61575631, 38.404747
8.721323, 9.057887, 10.456477, 11.957323300000004, 13.171132, 16.576725, 38.813544
8.7312385, 9.082917, 10.515562, 12.008992200000002, 13.234652099999996, 17.155902, 38.813544
8.730782, 9.079544, 10.528557, 12.065449, 13.177114599999998, 16.974057, 38.404747
8.7337095, 9.072411, 10.491247, 11.974972000000003, 13.123117, 16.576737829999953, 38.404747
8.724855, 9.076375, 10.522567, 11.9812863, 13.199865, 16.821686, 38.813544
8.723244999999999, 9.067684, 10.525822, 12.008045500000001, 13.112988, 16.576445, 38.404747
8.726952, 9.078448999999999, 10.52800475, 12.015427200000001, 13.137638599999999, 16.385237379999985, 38.813544
8.725994, 9.052441, 10.501912, 11.9644915, 13.108955849999997, 16.703767, 38.813544
8.725592, 9.0709455, 10.528833500000001, 11.997607500000003, 13.112978049999997, 16.35044, 38.813544
8.72706275, 9.0741715, 10.5478505, 12.015427200000001, 13.221502, 16.35044, 38.813544
8.731153, 9.082476, 10.515562, 12.014736, 13.179390099999999, 16.843232269999998, 38.813544
8.7254, 9.068683, 10.51274125, 12.015915, 13.087583, 16.60481621, 38.813544
8.72988, 9.070534, 10.53018275, 12.0439056, 13.259494, 16.821686, 38.813544
8.72874, 9.0825265, 10.5115295, 11.98282, 13.10856765, 16.576725, 38.813544
8.647882, 9.118408, 10.792807, 12.444252, 13.983646, 17.844506, 38.813544
8.650438, 9.156185, 10.837196, 12.480118200000001, 14.09337, 17.888042, 38.813544
8.778249, 9.947821000000001, 12.317291, 15.569308, 17.94183, 23.83828265999991, 44.22794
8.785151, 9.960827, 12.36100675, 15.647939600000008, 17.859281, 23.313008, 44.22794
8.767913, 9.937025, 12.297151, 15.423977, 17.737126, 23.313160269999976, 44.22794
8.784230999999998, 9.928858, 12.203969, 15.415273, 17.82280555, 23.68457, 44.22794
8.770527, 9.925985, 12.268538, 15.49627, 17.844506, 23.313008, 44.22794
8.777523500000001, 9.973171, 12.363001, 15.547275, 17.84715475, 23.684487, 44.22794
8.77669, 9.945921, 12.2984955, 15.542749, 17.847341899999996, 23.896362, 44.22794
8.7869635, 9.959087, 12.283223, 15.503552, 17.8187932, 23.684487830000002, 44.22794
8.649238, 9.134619, 10.80250575, 12.440112200000005, 14.0619102, 17.699605, 38.813544
8.645996, 9.117321, 10.79577675, 12.426273, 14.057811, 17.872018, 38.813544
8.64735, 9.116567, 10.785508499999999, 12.436701700000008, 14.059407, 17.786071, 38.813544
8.647641, 9.122739, 10.795695, 12.448787, 14.034355, 17.69964492999999, 38.813544
8.642493, 9.112136, 10.799044, 12.424528800000004, 14.059531149999998, 17.78704024999999, 38.813544
8.654945, 9.149592, 10.842426, 12.45322, 14.126227, 17.960504, 38.813544
8.6495745, 9.14294, 10.807386, 12.430775, 14.070717, 17.93072364999999, 38.813544
8.64897175, 9.123282, 10.801449, 12.361003, 13.888358, 17.401424, 38.813544
8.6468, 9.126235, 10.797017, 12.426552100000006, 14.009391, 17.802213, 38.813544
8.643933, 9.117625499999999, 10.792807, 12.408001, 14.021759099999995, 17.793979169999986, 38.813544
8.649238, 9.1496, 10.811768, 12.42623, 13.990885, 17.644383, 38.813544
8.643998, 9.0904195, 10.77868775, 12.397027200000014, 13.990885, 17.793979169999986, 38.813544
8.646881, 9.140724, 10.821458, 12.444253100000001, 14.034355, 17.8129, 38.813544
8.644621, 9.112136, 10.824965, 12.444253100000001, 14.062400199999999, 17.872018, 38.813544
8.64686075, 9.126984, 10.816554, 12.423639, 14.034355, 17.703598, 38.813544
8.648585749999999, 9.129782, 10.82188975, 12.442949700000003, 14.059407, 17.793896, 38.813544
8.649633, 9.147061, 10.836591, 12.49284000000001, 14.099284, 17.888042, 38.813544
8.65008375, 9.134162, 10.814858, 12.442805, 14.062613, 17.644383, 38.813544
8.72461575, 9.081591, 10.50838275, 12.052328, 13.219201, 16.843217, 38.813544
8.72615675, 9.069617, 10.512645, 12.00186980000001, 13.171542549999996, 16.606196, 38.813544
8.728749, 9.082476, 10.549063, 12.05548, 13.252541, 16.606196, 38.813544
8.78707, 9.0494175, 10.218304, 11.642121800000002, 12.440311, 14.901789, 26.889073
8.785933, 9.051636, 10.253915, 11.663426, 12.518624, 14.824984, 26.889073
8.784536, 9.05295, 10.23445225, 11.648901, 12.460371, 14.938511, 26.889073
8.785933, 9.049898, 10.20513275, 11.649813900000002, 12.471264, 14.901789, 26.889073
8.8351155, 9.015861, 9.372494, 10.900596, 11.768716999999997, 13.892242, 37.448702
9.11428025, 11.213649499999999, 14.038215999999998, 17.299052, 19.67363365, 25.786771, 100.94554248224878
9.116537, 11.2644495, 14.0561, 17.316394, 19.658904099999994, 25.464532, 44.22794
9.114035750000001, 11.249662, 14.060525, 17.241367, 19.506928949999992, 25.386005, 44.22794
9.095084, 11.133226, 13.893974499999999, 17.2618039, 19.658904099999994, 25.791337, 44.22794
9.09013425, 11.190782500000001, 14.07592775, 17.381132300000004, 19.966418, 25.33463687000001, 44.22794
9.113882499999999, 11.324834, 14.06527, 17.2764911, 19.67326735, 25.018097, 40.625286
9.093074, 11.264158, 14.091211, 17.357815, 19.797917, 25.872219, 39.815707
9.094039, 11.165011, 13.95906175, 17.3578548, 19.91383929999996, 25.907049, 44.22794
9.119161, 11.2076135, 13.960345, 17.388928600000007, 19.972802, 26.206109, 44.22794
9.08155575, 11.211613, 14.072194, 17.456575, 19.782671399999987, 25.018097, 44.22794
9.11579025, 11.303848, 14.016657, 17.4011065, 19.862456, 26.461121710000008, 44.22794
9.1330475, 11.257548, 14.060741, 17.448593, 19.79910754999997, 25.872138, 40.625286
9.116615, 11.196169, 14.030796, 17.439015, 19.9153104, 25.907049, 44.22794
10.221413, 12.837752, 16.547473, 20.919423, 23.583521, 29.50035506, 43.791491
10.2198875, 12.895769999999999, 16.74775975, 21.150256, 23.858596, 29.482494530000004, 43.791491
8.7835575, 9.046956, 10.212233, 11.607823400000001, 12.368273, 14.757073, 111.26313877887759
8.789633, 9.0536925, 10.242552, 11.650524, 12.424741, 14.873968019999955, 26.889073
8.780837, 9.044996, 10.209485, 11.650619200000003, 12.474753, 14.94417, 26.889073
10.159224, 12.786401, 16.526809, 20.963871600000008, 23.851742899999984, 30.425182899999996, 116.0293727944811
10.108101, 12.757276, 16.5081035, 21.103312, 23.914962, 30.29279949, 43.791491
10.191153, 12.782346, 16.580239, 21.144485, 23.91559199999999, 29.999569110000007, 43.791491
10.187006, 12.739200499999999, 16.5309125, 21.073148000000003, 24.065567149999993, 29.652015, 43.791491
8.7909, 9.060942, 10.239616, 11.6512856, 12.539229499999985, 15.27753, 127.67843255715326
8.866432999999999, 9.002868, 9.180358, 9.45891, 10.004416, 11.970292, 105.3356457297959
8.8448155, 9.013686, 9.271276, 10.38244, 11.43201754999998, 13.341824, 37.448702
8.72692975, 9.07237, 10.494544, 12.007947, 13.111742549999978, 16.5767222, 95.80248252779597
8.72618675, 9.066492, 10.503292, 11.947761, 13.067447749999994, 16.385237379999985, 34.462112
8.724855, 9.068407, 10.495099, 11.983886200000002, 13.082029, 16.37829034999999, 38.813544
8.729998, 9.076734, 10.5284595, 12.018365700000002, 13.219354899999999, 16.615755, 38.813544
8.7271185, 9.080095499999999, 10.5475145, 12.022425, 13.113219349999996, 16.60481621, 38.404747
8.72841175, 9.073125999999998, 10.51315175, 11.982920800000002, 13.177250699999997, 16.61575631, 38.813544
8.722618, 9.07237, 10.511915, 11.971194, 13.112734, 16.60481621, 38.813544
8.6497995, 9.152653, 10.834787, 12.459889800000004, 14.06189, 17.844506, 38.813544
8.646909, 9.133437, 10.7914005, 12.390487, 14.013154, 17.793896, 38.813544
8.647156, 9.135627, 10.799901, 12.426273, 14.013154, 17.547577, 38.813544
8.6479985, 9.132194, 10.80133275, 12.424355, 13.994813, 17.703598, 38.813544
8.645996, 9.129088, 10.779551, 12.408001, 13.967338, 17.548219189999898, 38.813544
8.645088, 9.112207, 10.796270750000001, 12.419637, 14.015086, 17.844781119999954, 38.813544
8.645662, 9.120355, 10.802748, 12.429641, 14.027404, 17.644383, 38.813544
8.645800000000001, 9.119585, 10.784825, 12.444253100000001, 14.013154, 17.786971, 38.813544
8.647156, 9.130221, 10.79312425, 12.444252, 14.0626608, 17.872018, 38.813544
8.646909, 9.1369675, 10.807386, 12.394576, 13.951795, 17.703598, 38.813544
8.650438, 9.147918, 10.82114, 12.426093, 14.013154, 17.793896, 38.813544
8.646682, 9.115713, 10.797017, 12.420221, 13.961266, 17.538447, 38.813544
8.646251, 9.127385, 10.80231025, 12.426232, 13.983646, 17.699692639999984, 38.813544
8.64738, 9.134645500000001, 10.816327, 12.408001, 13.994813, 17.8129, 38.813544
8.644519, 9.112278, 10.802272, 12.431099400000008, 14.015086, 17.703598, 38.813544
8.646902, 9.122739, 10.799044, 12.436074, 14.039873, 17.699605, 38.813544
8.6439015, 9.116567, 10.824965, 12.402768, 14.021462, 17.80231986999998, 38.813544
8.65249925, 9.141965, 10.799044, 12.408338200000008, 13.99554189999999, 17.699605, 38.813544
8.644217, 9.119783, 10.80024925, 12.423639, 14.057811, 17.793979169999986, 38.813544
8.64921075, 9.127029, 10.788584, 12.408338200000008, 13.931125, 17.786971, 38.813544
8.6468, 9.12137, 10.783066, 12.411373, 13.957298149999998, 17.61197375999997, 38.813544
8.649238, 9.137685, 10.81987625, 12.429064, 14.06189, 17.786971, 38.813544
8.644217, 9.128411, 10.792807, 12.352727500000004, 13.990885, 17.66415111999994, 38.813544
8.642493, 9.09385, 10.769527, 12.368346800000023, 13.951795, 17.458345, 38.813544
8.643625, 9.13779, 10.816327, 12.453824600000006, 13.991081399999997, 17.703645709999993, 38.813544
8.6468, 9.135331, 10.812846, 12.474138, 14.015404799999995, 17.786971, 38.813544
8.732082, 9.089432, 10.578117, 12.074808, 13.276067, 17.012254, 38.813544
8.722127, 9.06881, 10.549817000000001, 12.040946100000001, 13.234652099999996, 16.39379692, 38.813544
8.731542, 9.085456, 10.507699, 11.97164, 13.082029, 16.384364, 38.813544
8.727758249999999, 9.079826, 10.52418325, 12.009576100000002, 13.206432, 16.60573268, 38.813544
8.72938275, 9.078226, 10.50347925, 11.981595, 13.150815, 16.616174459999954, 38.813544
8.730037, 9.073138, 10.529716, 12.052061400000003, 13.232774499999998, 16.712506109999886, 38.813544
8.72371, 9.066426, 10.52159975, 12.008932, 13.159804, 16.615932159999993, 38.813544
8.727985, 9.068219, 10.52586, 12.067157, 13.189383, 16.821686, 38.813544
8.78918575, 9.061941, 10.237005250000001, 11.649735, 12.426091, 14.902097389999952, 26.889073
8.790397250000002, 9.058963, 10.237786, 11.668574100000003, 12.490727, 14.938511, 26.889073
8.783742, 9.0533435, 10.22807875, 11.652477600000003, 12.451222, 14.995983, 26.889073
8.78854875, 9.066282999999999, 10.215979, 11.642939, 12.451388749999998, 14.953882, 26.889073
8.787271, 9.06199, 10.23057675, 11.642031, 12.395973549999999, 14.902097389999952, 26.889073
8.784411, 9.051636, 10.202244, 11.625699, 12.440311, 14.801244799999996, 26.889073
8.785754, 9.053603, 10.214038, 11.651476, 12.496195, 15.273403, 26.889073
8.788431, 9.054177, 10.227706, 11.6286736, 12.449738, 15.027922909999964, 26.889073
8.784563, 9.0516295, 10.194268, 11.645967, 12.496500499999996, 14.82504950999999, 26.889073
8.78401825, 9.048156500000001, 10.225465, 11.633203200000002, 12.469801, 15.02119274999999, 26.889073
8.78691, 9.047295, 10.214986249999999, 11.64915, 12.462855, 15.054648079999936, 26.889073
8.78900425, 9.053467, 10.230541, 11.6286736, 12.443785, 14.822824, 26.889073
8.783877, 9.04763, 10.21423225, 11.648901, 12.449812199999998, 14.932628, 26.889073
8.77972, 9.048185, 10.209485, 11.646801, 12.436106, 14.757073, 26.889073
8.642181, 9.109119, 10.7914005, 12.424528800000004, 13.974307, 17.786071, 38.813544
8.647156, 9.126562, 10.802748, 12.430775, 14.076976, 17.8129, 38.813544
8.64686075, 9.1343905, 10.802272, 12.429064, 13.990885, 17.663793, 38.813544
8.648023, 9.139831, 10.809144, 12.478032, 13.994813, 17.629572, 38.813544
8.64953375, 9.140346000000001, 10.796270750000001, 12.402618, 13.94032, 17.663793, 38.813544
8.646909, 9.135627, 10.801736, 12.430775, 14.040769899999987, 17.786071, 38.813544
8.647682, 9.137233, 10.807386, 12.444594800000006, 14.062613, 17.786071, 38.813544
8.726211, 9.071783, 10.52159975, 11.971420400000001, 13.112734, 16.605728, 38.813544
8.731155, 9.081591, 10.512209, 11.973621, 13.171542549999996, 16.5764478, 34.462112
8.7244995, 9.073376, 10.526465, 11.982920800000002, 13.123117, 16.620502, 38.813544
8.7304955, 9.085456, 10.544115, 11.979360900000003, 13.123586049999993, 16.606225819999995, 38.813544
8.72807575, 9.076375, 10.524028, 11.9646148, 13.087696, 16.620502, 38.813544
8.724405, 9.0709455, 10.520827, 12.0327005, 13.221560499999999, 16.39379692, 38.813544
8.720844750000001, 9.0734955, 10.501546, 11.971194, 13.169048, 16.609178, 34.462112
8.72423075, 9.053285, 10.490001750000001, 11.9372446, 13.097283, 16.498811, 38.813544
8.7265145, 9.079835, 10.542373, 12.021832, 13.150815, 16.576725, 38.813544
8.728288, 9.079835, 10.547753, 12.019524, 13.159804, 16.703847219999986, 38.404747
8.7271765, 9.069617, 10.508285, 12.020756500000003, 13.171132, 16.620502, 34.408771
8.72719, 9.0861865, 10.522914250000001, 11.977721000000003, 13.083174049999997, 16.570951, 38.813544
8.726146, 9.074693, 10.52602625, 12.041285900000004, 13.139138549999991, 16.571008739999993, 38.813544
8.72726875, 9.0744545, 10.49817, 11.993566, 13.16041, 16.615886, 38.813544
8.72172575, 9.066931499999999, 10.494682749999999, 12.008045500000001, 13.212015, 16.606196, 38.813544
8.7335015, 9.081591, 10.52182675, 12.028016, 13.164032949999996, 16.615932159999993, 38.813544
8.7311415, 9.0868265, 10.5069615, 12.046369200000004, 13.177002, 16.498811, 38.813544
8.72473325, 9.066811, 10.507772749999999, 12.007227, 13.185148, 16.604807, 38.813544
8.72706275, 9.080823, 10.495218, 11.9862213, 13.16041, 16.37829034999999, 38.813544
8.729527, 9.068068, 10.504048, 11.9628315, 13.003439, 16.316712, 38.813544
8.728501, 9.076734, 10.5482845, 12.053265400000004, 13.305518, 16.821759959999987, 38.813544
8.730203, 9.087876000000001, 10.519539, 12.009534, 13.132498, 16.499587339999877, 38.813544
8.72529875, 9.0728645, 10.52158, 12.022596, 13.123307449999997, 16.829082, 38.813544
8.7254, 9.068976, 10.515956, 11.912469200000002, 13.00799, 16.44275985999996, 38.813544
8.72793375, 9.073015999999999, 10.526445, 12.008932, 13.176227, 16.61575631, 38.813544
8.727532, 9.065984, 10.50289, 12.025854300000004, 13.234475, 16.680998979999966, 38.813544
8.7254, 9.070371999999999, 10.5069615, 12.007204, 13.122523, 16.680769, 38.813544
8.728764, 9.073132, 10.517903, 11.983886200000002, 13.113219349999996, 16.680998979999966, 38.404747
8.725362500000001, 9.08472, 10.5356605, 12.01156510000001, 13.052854, 16.394581, 34.408771
8.727960750000001, 9.0674195, 10.497322, 11.9646148, 13.108556, 16.316712, 38.813544
8.72657075, 9.071950000000001, 10.51315175, 11.962376, 13.077740299999997, 16.37829034999999, 38.813544
8.727295, 9.080855, 10.52049575, 11.992856, 13.171132, 16.36108912999997, 38.813544
8.728103, 9.069178, 10.5014555, 11.974232200000003, 13.204716, 16.604807, 38.813544
8.720814, 9.056102, 10.472517, 11.952084600000013, 13.05255095, 16.594025899999984, 38.404747
8.72131675, 9.067699000000001, 10.500696000000001, 12.040946100000001, 13.159804, 16.844744, 38.813544
8.72438825, 9.0678835, 10.510521749999999, 11.971696400000003, 13.122523, 16.711789, 38.813544
8.720391, 9.053872, 10.497791249999999, 11.987698, 13.151297349999997, 16.615932159999993, 38.813544
8.7300055, 9.081499, 10.51274125, 12.021891300000002, 13.139758549999993, 16.645092369999944, 38.813544
8.732671, 9.086345, 10.52494225, 12.034735, 13.199865, 16.615755, 38.813544
8.72876025, 9.0741715, 10.500564, 11.964702, 13.104661949999997, 16.393789, 38.813544
8.7282985, 9.0678835, 10.508285, 11.9810432, 13.126926, 16.606196, 38.813544
8.73109375, 9.0825285, 10.511778, 11.98102, 13.068909799999995, 16.304457, 38.813544
8.724855250000001, 9.0723425, 10.5156605, 12.006062, 13.120155, 16.570951, 34.462112
8.7244995, 9.065231, 10.496252, 11.9646148, 13.082942, 16.326007779999983, 38.813544
8.72400725, 9.067684, 10.494492, 11.940531, 13.049543, 16.605728, 38.813544
8.72526725, 9.067797, 10.51743675, 12.019754800000005, 13.159804, 16.33591493999998, 38.813544
8.728171, 9.084645, 10.5285905, 12.0195132, 13.1605324, 16.644732, 38.813544
8.729181, 9.0640645, 10.510521749999999, 11.979360900000003, 13.11222765, 16.703847219999986, 38.813544
8.72933925, 9.080207, 10.5170365, 12.01043310000001, 13.137638599999999, 16.594025899999984, 38.404747
8.730658, 9.076353000000001, 10.509657, 12.007204, 13.077141, 16.37829821999999, 38.404747
8.72305875, 9.064587, 10.493362, 11.979247, 13.127204599999995, 16.62074429999996, 38.813544
8.720786, 9.06785, 10.501912, 12.0148483, 13.159804, 16.61575631, 38.404747
8.7254, 9.062144, 10.500696000000001, 11.980449400000001, 13.139181, 16.615886, 38.813544
8.72423075, 9.0660685, 10.52586325, 11.9844465, 13.200323849999995, 16.645092369999944, 38.813544
8.78408125, 9.053013, 10.213862, 11.622241400000004, 12.436289599999999, 14.822824, 26.889073
8.726138, 9.0781195, 10.515956, 12.019512, 13.200107549999997, 16.498811, 38.813544
8.731311, 9.0823565, 10.519340249999999, 11.997521, 13.176227, 16.498811, 38.404747
8.72521875, 9.074715000000001, 10.55020175, 12.018365700000002, 13.135516249999998, 16.80240376999997, 38.813544
8.72594825, 9.06785, 10.49315675, 11.9781782, 13.137638599999999, 16.615755, 38.813544
8.734538, 9.086446500000001, 10.544599, 12.042797, 13.151297349999997, 16.393789, 38.813544
8.72694825, 9.067948, 10.506886, 11.973583, 13.01464315, 16.571005939999992, 38.813544
8.728103, 9.082478, 10.53097, 12.011142, 13.139181, 16.7835, 38.813544
8.72255625, 9.0765805, 10.537901, 11.978243, 13.126926, 16.499532399999886, 34.462112
8.791933, 9.061871, 10.234414000000001, 11.6429662, 12.457105, 14.932628, 26.889073
8.790425, 9.053603, 10.220941, 11.633763, 12.436289599999999, 14.824984, 26.889073
8.784673, 9.04926, 10.2128345, 11.632023, 12.397371, 14.822845599999997, 26.889073
8.78437, 9.059054, 10.21619925, 11.634025900000006, 12.421048, 14.953882, 26.889073
8.78703, 9.051636, 10.19068925, 11.638756100000004, 12.42317635, 14.94417, 26.889073
8.781711, 9.049619, 10.245774, 11.669898, 12.449738, 14.953882, 26.889073
8.790672, 9.059054, 10.269969, 11.653518, 12.449978949999997, 14.953992379999983, 26.889073
8.786566749999999, 9.049619, 10.20963775, 11.646801, 12.436316249999997, 14.831956519999933, 26.889073
8.78643225, 9.053049, 10.210096, 11.645967, 12.444613699999996, 14.938567589999991, 26.889073
8.785754, 9.06199, 10.257865500000001, 11.651476, 12.472246899999998, 15.021127, 26.889073
8.785802, 9.054306, 10.258237, 11.659932, 12.512688, 15.021127, 26.889073
8.781575, 9.0462065, 10.165375, 11.584302, 12.341586, 14.721664, 26.889073
8.780063, 9.047762, 10.20198, 11.66043, 12.436106, 14.901789, 26.889073
8.78453175, 9.064582, 10.23804825, 11.647640100000004, 12.421048, 14.873687, 26.889073
8.783518, 9.0470295, 10.233637, 11.694177, 12.462855, 15.049793, 26.889073
8.787709, 9.053535, 10.227706, 11.670335, 12.47951589999999, 14.932628, 19.563106
8.790985, 9.0514865, 10.21895275, 11.669898, 12.496500499999996, 15.027922909999964, 26.889073
8.78958475, 9.053467, 10.225465, 11.660891, 12.460371, 14.953882, 26.889073
8.78958475, 9.060942, 10.2780475, 11.6599818, 12.492187, 14.902097389999952, 26.889073
8.78003175, 9.0424155, 10.183236, 11.638756100000004, 12.444344, 14.995983, 26.889073
8.781596, 9.049919, 10.215814, 11.663426, 12.478849, 14.96492, 26.889073
8.725182, 9.069271, 10.509657, 11.972366, 13.077162249999999, 16.570951, 38.813544
8.727411, 9.074693, 10.515562, 12.018429300000003, 13.176227, 16.703847219999986, 38.813544
8.730981, 9.081499, 10.526525, 12.022596, 13.157059, 16.606292899999985, 38.813544
8.726759000000001, 9.070002500000001, 10.50289, 12.001984000000013, 13.206562499999997, 16.609178, 38.813544
8.724531, 9.070043, 10.49399775, 11.98102, 13.09725925, 16.348599589999996, 38.813544
8.788326999999999, 9.053013, 10.2292355, 11.663426, 12.502305, 14.938511, 26.889073
8.786515, 9.052158, 10.2183605, 11.636587100000005, 12.474833899999998, 14.822824, 26.889073
8.831714, 9.0143295, 9.364032, 10.8460413, 11.749412099999999, 14.042294, 37.448702
8.788015, 9.049619, 10.18435, 11.663583, 12.451222, 14.746909, 26.889073
8.791208, 9.061725, 10.2392255, 11.662042, 12.469801, 14.831535, 26.889073
8.790425, 9.048251, 10.200415750000001, 11.648925900000002, 12.469874149999999, 14.953882, 26.889073
8.788326999999999, 9.0516295, 10.200366, 11.615418, 12.449738, 14.938511, 26.889073
8.781816, 9.046094, 10.16518, 11.600619, 12.426091, 14.96492, 26.889073
8.783182, 9.053234, 10.211487, 11.617329, 12.440311, 14.873968019999955, 26.889073
8.784399, 9.044412, 10.190106, 11.640647, 12.436106, 14.82504950999999, 26.889073
8.786515, 9.050426, 10.2179475, 11.657958, 12.503486, 14.873687, 26.889073
8.83424125, 9.017684, 9.388742, 10.925744, 11.840735599999997, 14.163847, 35.734803
8.83032, 9.017262, 9.3860505, 10.8987772, 11.832113, 14.073755909999967, 37.448702
8.832172, 9.015073, 9.37595, 10.882844, 11.755004349999998, 14.022859149999995, 37.448702
8.83176325, 9.0141295, 9.366981, 10.8667645, 11.838457, 13.720886419999992, 37.448702
8.83104375, 9.016017, 9.375971499999999, 10.897723, 11.770826, 14.040122929999997, 37.448702
8.834258, 9.0194565, 9.38402, 10.908232, 11.788362299999996, 13.80732958999991, 37.448702
8.83165925, 9.008622500000001, 9.353424, 10.823997, 11.76131495, 13.80732958999991, 37.448702
8.833326750000001, 9.0181855, 9.367611, 10.884665300000002, 11.768963999999997, 13.57985184, 37.448702
8.829843, 9.014216, 9.36553275, 10.870778, 11.784948699999998, 13.920245, 37.448702
8.831201, 9.0168025, 9.391647, 10.900596, 11.804546849999996, 13.920245, 37.448702
8.833554750000001, 9.015466, 9.36484125, 10.881, 11.775204649999997, 14.0253507, 37.448702
8.834995, 9.017086, 9.36414275, 10.922724, 11.7848811, 13.648256, 35.734803
8.867979, 9.002763, 9.178934, 9.453075, 9.985900799999994, 11.913174, 35.487972
8.65406325, 9.149592, 10.84053525, 12.4306616, 14.008103749999997, 17.87142681999999, 112.60402813145899
8.6459585, 9.106781, 10.766385249999999, 12.444263, 13.984204349999992, 17.70450098000002, 38.813544
8.64497125, 9.1552045, 10.863069, 12.4310994, 14.034355, 18.189167150000003, 38.813544
8.642424, 9.1023375, 10.73245125, 12.367258, 13.86735119999999, 17.708369, 38.813544
8.642181, 9.0945045, 10.78818, 12.389659, 13.940439999999999, 17.813216060000006, 38.813544
8.64297825, 9.1151705, 10.787681, 12.4532509, 14.071029949999996, 17.708369, 38.404747
8.655723, 9.1537895, 10.823630000000001, 12.5125249, 14.06229875, 17.793896, 38.813544
8.65008375, 9.1478535, 10.83674225, 12.444263, 13.995730049999986, 18.05424255000003, 38.813544
8.642266, 9.1131685, 10.7804265, 12.411373, 13.940439999999999, 17.471135140000015, 38.813544
8.64317525, 9.10313, 10.788585, 12.348289000000001, 13.985217999999977, 17.80231987, 38.404747
8.639553, 9.101658, 10.71296, 12.280432500000005, 13.845872, 17.420547210000006, 38.404747
9.100464, 11.292937, 14.02019175, 17.472874, 20.072426, 25.907049, 44.22794
9.14532275, 11.26261, 14.059299, 17.512314, 19.654423249999997, 25.569375, 40.625286
9.116177, 11.2017035, 13.9572865, 17.249226300000004, 19.673654, 25.398104, 40.625286
9.123831, 11.23235, 14.104613500000001, 17.4411677, 19.97656524999998, 25.872567300000007, 44.22794
9.11060525, 11.234332, 14.113253, 17.439015, 19.626229549999994, 25.46605107000003, 44.22794
9.09455325, 11.241546, 14.167717, 17.431597000000004, 20.029985249999985, 26.508879220000008, 44.22794
9.111456, 11.2281035, 14.066715, 17.6444319, 19.927271, 25.60713201, 44.22794
9.087308, 11.213756, 13.98593425, 17.318689, 19.675714, 25.388215330000047, 44.22794
9.08180825, 11.207549499999999, 14.165283, 17.469076500000007, 20.024063799999997, 25.199884450000013, 44.22794
9.118958, 11.266485, 14.123252, 17.448374, 19.937648199999973, 25.018920580000017, 39.815707
9.116303, 11.258859, 14.179186, 17.2764911, 19.927271, 25.46558043000002, 44.22794
9.11019, 11.0935, 13.863943, 17.2416172, 19.599669949999996, 25.185808, 39.815707
9.114416, 11.221152, 14.058793, 17.304474, 19.975911049999986, 26.508652, 44.22794
9.1013555, 11.258859, 14.08532025, 17.264926, 19.706059, 25.908130130000025, 44.22794
9.104823, 11.282887500000001, 14.19560675, 17.704307500000002, 20.09518954999998, 26.206109, 40.625286
9.108569, 11.243435999999999, 14.014375, 17.194923, 19.55834, 25.46558043000002, 40.625286
9.11443675, 11.2205725, 14.157047, 17.444180400000004, 19.690333, 25.677274, 44.22794
9.125082, 11.220182, 14.10436, 17.431298, 19.875406549999983, 25.60713201, 40.625286
9.149741, 11.268315, 14.18737125, 17.682270000000003, 20.076058, 25.786816660000003, 44.22794
9.11456175, 11.2889255, 14.092094, 17.644163, 20.054081, 25.199198, 44.22794
9.055408, 11.133226, 13.937422, 17.182245400000003, 19.651466149999997, 25.386125990000004, 44.22794
8.783387, 9.053267, 10.216468500000001, 11.722790800000004, 12.579255, 14.831535, 26.889073
8.78383525, 9.0424155, 10.16501125, 11.609143100000002, 12.385116, 14.873968020000007, 26.889073
8.78651225, 9.0629235, 10.29095625, 11.6953103, 12.4629839, 14.712709, 19.563106
8.78250475, 9.067714, 10.2179475, 11.6636956, 12.363082200000001, 14.648961910000013, 26.889073
8.791862, 9.049575, 10.234974750000001, 11.642031, 12.385381, 14.932743420000001, 19.563106
8.794719, 9.0678465, 10.268445, 11.686593, 12.608332, 15.093761, 19.563106
8.7896125, 9.0531855, 10.199499, 11.609365, 12.3416319, 14.944267120000001, 26.889073
8.78057825, 9.041503, 10.154793, 11.6387561, 12.424741, 15.537946390000018, 19.563106
8.7819125, 9.051, 10.19128325, 11.550626800000005, 12.366190600000001, 14.953882, 19.563106
8.7943835, 9.066410999999999, 10.202046000000001, 11.650823400000002, 12.51207335, 14.832237540000015, 19.563106
8.786566749999999, 9.054412, 10.21712925, 11.6600279, 12.478849, 15.027967510000005, 26.889073
8.793989, 9.058323, 10.2307595, 11.71097, 12.50278965, 14.932686830000002, 26.889073
8.7784985, 9.0392205, 10.165432, 11.6545562, 12.439804650000001, 14.632375930000002, 26.889073
8.786178, 9.057744, 10.230684, 11.5844836, 12.319862100000003, 14.543281, 18.677002
8.79081875, 9.064582, 10.223792750000001, 11.657958, 12.4248085, 14.822824, 18.865024
8.785803, 9.052958499999999, 10.244533749999999, 11.6044838, 12.38156, 14.645996, 18.865024
8.784007, 9.0536245, 10.183768, 11.633466100000001, 12.4546844, 15.027922910000004, 26.889073
8.78929225, 9.0478635, 10.185192, 11.660993, 12.397729550000001, 15.054648080000009, 26.889073
8.78334175, 9.050234, 10.258168, 11.6636956, 12.490727, 15.688362840000005, 18.865024
8.78334175, 9.049597, 10.2190275, 11.607978800000001, 12.385116, 14.825471030000012, 26.889073
8.79096375, 9.0567575, 10.1890035, 11.61575, 12.404542, 14.783205930000003, 19.563106
8.791319, 9.0521815, 10.220617, 11.688052, 12.5023274, 15.027922910000004, 26.889073
8.773391, 9.044754, 10.218858, 11.6704058, 12.530343, 15.275163320000038, 26.889073
8.78250475, 9.055830499999999, 10.183768, 11.587576900000002, 12.3134396, 14.712948150000006, 19.563106
8.784188, 9.052968, 10.2392255, 11.654542, 12.549668, 14.902156220000009, 19.563106
8.79073925, 9.069617, 10.302485, 11.6953103, 12.573157, 14.996300190000008, 18.474331
8.79084675, 9.072315, 10.258623, 11.6735604, 12.471519350000001, 15.049793, 19.393533
8.789157, 9.041069499999999, 10.176105, 11.5784607, 12.364643899999999, 14.747479880000013, 26.889073
8.78002, 9.0458565, 10.118427, 11.549192, 12.318889, 14.932840540000004, 26.889073
8.7859005, 9.059646, 10.25481375, 11.633466100000001, 12.425519500000002, 15.02119275, 19.393533
8.78465075, 9.0392205, 10.185552, 11.6499977, 12.512041, 14.944267120000001, 26.889073
8.781816, 9.047359, 10.22440675, 11.638546, 12.412934, 14.902097390000007, 19.563106
8.79377875, 9.0584835, 10.268597, 11.6735604, 12.503913750000002, 14.822824, 19.563106
8.79073925, 9.0467975, 10.20143925, 11.617003, 12.4248085, 14.803997, 19.393533
8.794719, 9.070225, 10.26214525, 11.617009300000001, 12.385116, 14.94417, 26.889073
8.786146, 9.0396295, 10.270495, 11.665227900000001, 12.50278965, 15.463954, 26.889073
8.78002375, 9.045826, 10.241081, 11.5736309, 12.342689, 14.815179, 19.563106
8.78544825, 9.053087, 10.184627, 11.597518, 12.413591850000003, 14.747010640000003, 26.889073
8.8708595, 9.013191, 9.18357, 9.4867471, 10.0651058, 12.00353794999999, 35.734803
8.858058250000001, 8.992925, 9.1708545, 9.4433063, 9.915973, 11.938931769999993, 35.487972
8.8616755, 9.003504, 9.1679165, 9.430857, 9.974078599999999, 11.999339, 37.448702
8.86915, 9.003025, 9.17088625, 9.4147142, 9.837261949999998, 11.961399699999992, 35.487972
8.862596250000001, 9.0038655, 9.173419, 9.4558497, 9.870484399999999, 11.832856269999985, 29.227148
8.86662425, 9.004875, 9.18295125, 9.4582946, 9.920890049999997, 11.903319539999996, 37.448702
8.865751, 8.998875, 9.166741, 9.4581344, 9.953080649999999, 12.054610679999996, 35.734803
8.870961249999999, 9.001022, 9.173722, 9.4407164, 9.97230775, 12.279661009999987, 37.448702
8.86551925, 9.002635, 9.169981499999999, 9.424109099999999, 10.005786599999997, 12.070439959999998, 37.448702
8.869512, 9.00496, 9.17118, 9.438048199999999, 9.97230775, 12.315773, 35.734803
8.866418, 8.99982, 9.1768895, 9.428554, 9.881394599999998, 12.312431989999995, 29.227148
8.858686, 8.991646, 9.17596575, 9.460722, 9.843571399999998, 11.85209048999999, 35.734803
8.858686, 8.996866, 9.171474, 9.4407818, 9.899901449999998, 11.809981729999999, 35.734803
8.865205, 9.0045185, 9.17615225, 9.417588199999999, 9.913566649999998, 11.749209169999997, 15.286468
8.872233, 9.005413, 9.183338, 9.4768876, 10.08924405, 12.34525584, 35.734803
8.8672015, 9.0025965, 9.1815945, 9.4605303, 9.965672949999998, 11.8948773, 37.448702
8.8643535, 9.002983, 9.173518999999999, 9.443095, 9.956609949999997, 11.95858713, 35.734803
8.868397250000001, 9.002467, 9.179454750000001, 9.438779, 9.87038265, 11.757441139999989, 35.734803
8.86622, 9.0017265, 9.18305625, 9.4807497, 10.030887549999994, 12.074013459999964, 33.51644
8.86970075, 9.00374, 9.16692725, 9.4234097, 9.777309, 11.713600529999999, 35.487972
8.782578, 9.047122, 10.164359000000001, 11.6085046, 12.3781671, 14.637993830000001, 19.393533
8.780685, 9.0533435, 10.18007975, 11.606706, 12.33855865, 14.449329, 18.474331
8.791698499999999, 9.05295, 10.278366, 11.6289306, 12.414092600000004, 14.663670790000014, 19.563106
8.775175, 9.05295, 10.223942, 11.668946100000001, 12.397729550000001, 14.873968020000007, 19.393533
8.80128425, 9.0731955, 10.25528425, 11.615935400000001, 12.503486, 15.021127, 26.889073
8.783598999999999, 9.05702, 10.246912, 11.645967, 12.47130655, 14.96492, 26.889073
8.785696000000002, 9.046309, 10.190331, 11.6489259, 12.465433, 15.021853340000016, 19.563106
8.784436249999999, 9.0522615, 10.1421455, 11.622074, 12.425721150000003, 15.279396610000042, 19.393533
8.86307225, 8.9967485, 9.170845250000001, 9.440509200000001, 9.913566649999998, 11.958562, 35.734803
8.8727455, 9.0064215, 9.17608375, 9.4596301, 9.986196999999997, 11.852060189999989, 37.448702
8.8723425, 9.004060500000001, 9.18198225, 9.4658924, 9.951734, 11.852333869999983, 37.448702
8.8711135, 9.004122500000001, 9.172676, 9.4122283, 9.8599853, 12.070439959999998, 37.448702
8.86699175, 8.99641, 9.16499575, 9.419716399999999, 9.818531, 11.89458366, 35.734803
8.866639, 9.001126500000002, 9.17095, 9.434658, 9.921006599999997, 11.970524529999995, 35.487972
8.86465475, 9.005091499999999, 9.1953895, 9.465907699999999, 9.949789, 12.223295119999976, 35.734803
8.867668, 9.002987000000001, 9.173997499999999, 9.444844, 9.9924313, 11.922318299999997, 37.448702
8.867063, 8.9920875, 9.17533175, 9.42016, 9.930965, 12.009386999999961, 35.734803
8.867709000000001, 9.0014895, 9.1737875, 9.450355, 10.00353855, 12.345226, 35.487972
8.85997375, 8.996087, 9.17295075, 9.445208, 9.946915699999996, 11.970666749999992, 35.487972
8.872758, 9.008475, 9.187998, 9.471973, 9.957030149999994, 11.958562, 29.227148
8.863351250000001, 8.993154, 9.16629625, 9.430857, 9.896695199999998, 11.71847671, 37.448702
8.9036765, 9.052853500000001, 9.246768750000001, 9.4851743, 9.67530305, 11.933284689999983, 24.370709
8.8999495, 9.047573499999999, 9.2572055, 9.5293054, 9.802665750000001, 16.40399921, 36.893046
8.894555, 9.048919, 9.24223275, 9.5167423, 9.75677875, 14.433754919999998, 36.893046
8.89003675, 9.054852, 9.261668499999999, 9.5477053, 9.843594549999999, 16.2613707, 24.370709
8.883834, 9.029259, 9.2281795, 9.4925902, 9.76816065, 16.053938969999997, 19.656824
8.890092, 9.048782, 9.24585275, 9.5378891, 9.7844699, 14.111868269999993, 32.855096
8.89880925, 9.045450500000001, 9.23945125, 9.5308963, 9.778475349999999, 16.21826333, 52.853195
8.87797675, 9.026816499999999, 9.228215500000001, 9.507894, 9.741836349999998, 16.030358099999997, 36.893046
8.879757249999999, 9.022222, 9.225260500000001, 9.4845252, 9.760536, 13.917143909999998, 23.303856
8.886875, 9.042895, 9.2298555, 9.5107306, 9.8001393, 16.108532, 52.853195
8.892573, 9.059702000000001, 9.267100749999999, 9.5309441, 9.7996442, 16.4765781, 22.552578
8.88252175, 9.037036, 9.231022, 9.5020773, 9.7613662, 14.902573969999995, 18.516134
8.892816499999999, 9.042662, 9.238069, 9.535000100000001, 9.833636599999998, 16.098597, 23.303856
8.889188, 9.04616, 9.2522875, 9.5423538, 9.8218438, 16.032008259999998, 52.853195
8.891171, 9.042662, 9.2387275, 9.525417299999999, 9.818597, 14.73195576, 18.344529
8.888704, 9.031213999999999, 9.2227235, 9.482848700000002, 9.74112555, 13.168474029999993, 36.893046
8.871025, 9.035584499999999, 9.23882425, 9.4989448, 9.79873995, 15.724868639999997, 52.853195
8.875372, 9.0281465, 9.21662175, 9.476569, 9.6993366, 11.121921419999998, 52.853195
8.889575, 9.0307465, 9.237048249999999, 9.490188, 9.7766865, 14.432891989999998, 23.303856
8.88779875, 9.0490295, 9.2404355, 9.5307057, 9.8139838, 14.786283509999993, 52.853195
8.881764749999999, 9.039524, 9.233794750000001, 9.468292, 9.6456436, 11.377272999999997, 19.502914
8.887533999999999, 9.045501999999999, 9.255234, 9.549161400000001, 9.82155185, 14.67048174, 36.893046
8.88687425, 9.04328, 9.237853, 9.498228200000002, 9.752797, 14.427909449999989, 22.552578
0, 0, 0, 0, 0, 0, 0
0, 0, 0, 0, 0, 0, 0
0, 0, 0, 0, 0, 0, 0
0, 0, 0, 0, 0, 0, 0
0, 0, 0, 0, 0, 0, 0
0, 0, 0, 0, 0, 0, 0
0, 0, 0, 0, 0, 0, 0
0, 0, 0, 0, 0, 0, 0
0, 0, 0, 0, 0, 0, 0
0, 0, 0, 0, 0, 0, 0
0, 0, 0, 0, 0, 0, 0
0, 0, 0, 0, 0, 0, 0
0, 0, 0, 0, 0, 0, 0
0, 0, 0, 0, 0, 0, 0
0, 0, 0, 0, 0, 0, 0
0, 0, 0, 0, 0, 0, 0
0, 0, 0, 0, 0, 0, 0
0, 0, 0, 0, 0, 0, 0
0, 0, 0, 0, 0, 0, 0
0, 0, 0, 0, 0, 0, 0
0, 0, 0, 0, 0, 0, 0
0, 0, 0, 0, 0, 0, 0
0, 0, 0, 0, 0, 0, 0
0, 0, 0, 0, 0, 0, 0
0, 0, 0, 0, 0, 0, 0
0, 0, 0, 0, 0, 0, 0
0, 0, 0, 0, 0, 0, 0
0, 0, 0, 0, 0, 0, 0
0, 0, 0, 0, 0, 0, 0
0, 0, 0, 0, 0, 0, 0
0, 0, 0, 0, 0, 0, 0
0, 0, 0, 0, 0, 0, 0
0, 0, 0, 0, 0, 0, 0
0, 0, 0, 0, 0, 0, 0
0, 0, 0, 0, 0, 0, 0
0, 0, 0, 0, 0, 0, 0
0, 0, 0, 0, 0, 0, 0
0, 0, 0, 0, 0, 0, 0
0, 0, 0, 0, 0, 0, 0
0, 0, 0, 0, 0, 0, 0
0, 0, 0, 0, 0, 0, 0
0, 0, 0, 0, 0, 0, 0
0, 0, 0, 0, 0, 0, 0
0, 0, 0, 0, 0, 0, 0
0, 0, 0, 0, 0, 0, 0
0, 0, 0, 0, 0, 0, 0
0, 0, 0, 0, 0, 0, 0
0, 0, 0, 0, 0, 0, 0
0, 0, 0, 0, 0, 0, 0
0, 0, 0, 0, 0, 0, 0
0, 0, 0, 0, 0, 0, 0
0, 0, 0, 0, 0, 0, 0
0, 0, 0, 0, 0, 0, 0
0, 0, 0, 0, 0, 0, 0
0, 0, 0, 0, 0, 0, 0
0, 0, 0, 0, 0, 0, 0
0, 0, 0, 0, 0, 0, 0
8.8883455, 9.0411085, 9.239521, 9.488423, 9.68081415, 11.09823779, 23.303856
8.872888, 9.0164835, 9.217875, 9.474789800000002, 9.6567792, 11.445075199999998, 32.855096
8.893331250000001, 9.035910000000001, 9.23236225, 9.5128451, 9.829971, 13.17236677999999, 23.303856
8.889859, 9.035071, 9.22605825, 9.483284699999999, 9.722325, 15.723825249999997, 24.370709
8.889953499999999, 9.055171999999999, 9.25546225, 9.538589, 9.7951294, 15.874124049999999, 52.853195
8.88432475, 9.038917999999999, 9.249992, 9.529582800000002, 9.8026006, 15.273131719999991, 24.370709
8.870903, 9.025818000000001, 9.22614125, 9.5284431, 9.733164, 14.195220159999998, 20.217992
8.87784725, 9.033741, 9.229436750000001, 9.5173453, 9.73882595, 16.91765226, 32.855096
8.885777, 9.0493245, 9.246039999999999, 9.534693, 9.76977545, 11.826349019999988, 19.645042
8.8930195, 9.042444, 9.23724575, 9.5055629, 9.70877475, 11.741380109999998, 36.893046
8.87411275, 9.031881, 9.2396595, 9.5016844, 9.75794525, 14.41651684, 32.855096
8.886731, 9.0335415, 9.2256515, 9.4977006, 9.7306908, 13.620834839999997, 52.853195
8.8925675, 9.0377845, 9.22606875, 9.4978157, 9.699823, 14.39243249, 20.217992
8.87862, 9.033591000000001, 9.23250175, 9.550606, 9.818597, 14.79116644999999, 52.853195
8.8874085, 9.0446125, 9.2417025, 9.5335014, 9.77621115, 16.216124110000003, 32.855096
8.872086, 9.035295999999999, 9.237436500000001, 9.504116, 9.7560301, 13.491576569999994, 52.853195
8.884098999999999, 9.039099499999999, 9.22637225, 9.4810401, 9.713871799999998, 13.62838509999999, 52.853195
8.8906835, 9.046115, 9.24722375, 9.491848800000001, 9.7388751, 14.1948271, 52.853195
8.892987, 9.046915, 9.250562, 9.5323627, 9.8079274, 13.805537069999998, 17.997995
8.878624, 9.027326500000001, 9.22617725, 9.476569, 9.69739305, 11.09823779, 21.371576
8.88028975, 9.0238505, 9.21283, 9.4603134, 9.7016465, 16.112187799999997, 36.893046
8.88914025, 9.0416135, 9.22998025, 9.5056736, 9.760536, 14.395712159999997, 23.303856
8.887823749999999, 9.0418035, 9.226803499999999, 9.4611684, 9.6542163, 14.20354090999999, 24.370709
8.882636250000001, 9.037735999999999, 9.227455749999999, 9.5001981, 9.7118865, 13.803562, 23.303856
8.877476, 9.036422, 9.23961225, 9.500310800000001, 9.7262727, 13.637386529999981, 22.552578
8.8798955, 9.0425015, 9.2589775, 9.547291, 9.742632949999999, 10.900006329999998, 36.893046
8.87734075, 9.031416499999999, 9.229436750000001, 9.4984905, 9.7422864, 15.571933089999998, 32.855096
8.89717375, 9.0422385, 9.243694, 9.5203476, 9.80661475, 11.984687639999988, 19.071708
8.878293249999999, 9.0337195, 9.244118499999999, 9.5655043, 9.849845, 13.732601839999996, 32.855096
8.88440225, 9.050384999999999, 9.246472, 9.5537411, 9.842753, 14.700135689999993, 22.552578
8.90481675, 9.050529999999998, 9.24934075, 9.5100558, 9.728800600000001, 14.910528769999988, 36.893046
8.883606, 9.031909, 9.2377605, 9.507590800000001, 9.71996235, 11.466854219999979, 19.892145
8.88869475, 9.045110000000001, 9.254946749999998, 9.5639483, 9.8258195, 16.21730481, 52.853195
8.87368925, 9.044395, 9.226803499999999, 9.488423, 9.72027475, 15.570414, 23.303856
8.883715500000001, 9.043535, 9.24411675, 9.517703299999999, 9.8188359, 14.91024321999999, 24.370709
8.8922365, 9.05613, 9.264088, 9.5341307, 9.73827175, 16.254846599999997, 36.893046
8.9011235, 9.058206, 9.249909, 9.509852500000001, 9.7405376, 14.914418269999985, 52.853195
8.882134, 9.049792, 9.235466500000001, 9.4925659, 9.715878, 12.00710831999999, 52.853195
8.885957999999999, 9.044333, 9.224503, 9.518147899999999, 9.774333, 13.556069879999999, 32.855096
8.896593750000001, 9.039462499999999, 9.236683249999999, 9.494955, 9.69723905, 14.905645829999994, 36.893046
8.89676875, 9.057627, 9.25398725, 9.50903, 9.7609165, 16.400793039999996, 52.853195
8.88283725, 9.0410895, 9.2474495, 9.516893, 9.73827175, 14.786283509999993, 52.853195
8.8827675, 9.0355515, 9.242975999999999, 9.5055629, 9.74860315, 12.00640526999999, 52.853195
8.890478250000001, 9.04615, 9.23270825, 9.5265198, 9.71156165, 14.001069, 20.217992
8.89095525, 9.0316215, 9.242042, 9.5476679, 9.7950131, 14.670271, 21.371576
8.875676, 9.030534, 9.22739125, 9.496849, 9.694085049999998, 11.059817209999997, 24.370709
8.891171, 9.0476995, 9.230812499999999, 9.5275827, 9.79201135, 14.453206909999997, 52.853195
8.875123, 9.042947999999999, 9.228243, 9.509779700000001, 9.77185685, 16.405846519999997, 24.370709
8.88279025, 9.0353665, 9.232686000000001, 9.5272059, 9.807367, 16.750107289999995, 32.855096
8.88896725, 9.046231, 9.22827975, 9.4954072, 9.681235749999999, 10.250761559999999, 23.303856
8.880322750000001, 9.028999, 9.217939, 9.497026499999999, 9.73995, 11.682962069999999, 19.656824
8.894537, 9.0578725, 9.245764, 9.5276468, 9.720343949999998, 14.684155369999987, 19.645042
8.882225250000001, 9.044043, 9.2322985, 9.4844143, 9.707438699999999, 13.91610324, 32.855096
8.884193499999999, 9.0536785, 9.245064, 9.496937400000002, 9.798576, 14.779568679999999, 22.552578
8.89616725, 9.050986, 9.24991675, 9.525004, 9.73474125, 15.573435339999996, 23.303856
8.885009749999998, 9.0336985, 9.237633, 9.556625, 9.84987185, 16.449208249999998, 36.893046
8.882302, 9.0490835, 9.2555905, 9.5566268, 9.8073939, 16.44792254, 52.853195
8.890393750000001, 9.038969, 9.242068, 9.4858511, 9.681284199999999, 15.723825249999997, 23.303856
8.885633, 9.044242, 9.240317749999999, 9.5300344, 9.8026006, 16.032453369999995, 36.893046
8.88994325, 9.041621, 9.240451, 9.5013233, 9.787652, 15.726085739999997, 19.892145
8.88938275, 9.0388785, 9.23191525, 9.5057779, 9.70905785, 11.97301437, 21.371576
8.889774000000001, 9.039031000000001, 9.232351000000001, 9.509044099999999, 9.81363085, 16.7132673, 23.303856
8.882522, 9.0520205, 9.2559905, 9.5379431, 9.733126949999999, 10.365554089999998, 32.855096
8.879773, 9.03674, 9.25792925, 9.5300054, 9.76473685, 14.396917839999995, 22.552578
8.8958215, 9.034188, 9.2244955, 9.495500100000001, 9.72866825, 14.670883159999999, 52.853195
8.88340525, 9.033602, 9.23883975, 9.5321959, 9.801855, 14.39224006, 36.893046
8.894782, 9.0469185, 9.250718, 9.5433882, 9.8021306, 16.215679, 52.853195
8.883426, 9.038009500000001, 9.2245005, 9.4842896, 9.6926998, 11.142952249999992, 19.656824
8.895343500000001, 9.038828500000001, 9.239937000000001, 9.511576000000002, 9.764535249999998, 16.37895398, 36.893046
8.892113, 9.0512275, 9.2518825, 9.546036, 9.7950131, 11.753756429999987, 19.892145
8.871368, 9.033321, 9.216998, 9.483312999999999, 9.7350423, 11.061679859999996, 32.855096
8.875506249999999, 9.032979000000001, 9.228400500000001, 9.511196300000002, 9.74920055, 14.1948271, 36.893046
8.882678250000001, 9.02815, 9.2376225, 9.5075592, 9.76471995, 13.619718009999998, 18.166172
8.896916, 9.0567835, 9.25079075, 9.4791396, 9.6864271, 14.69221518, 32.855096
8.891147, 9.0416565, 9.240497, 9.5335014, 9.7926902, 17.430369119999998, 24.370709
8.89679225, 9.0452605, 9.2567845, 9.5489957, 9.799682449999999, 14.391847, 24.370709
8.88047375, 9.055609, 9.23555575, 9.5077885, 9.7766865, 11.812857, 21.371576
8.87231, 9.03418, 9.23802825, 9.4994776, 9.8021306, 16.6032446, 36.893046
8.875515, 9.0332915, 9.23544175, 9.4848187, 9.717852200000001, 13.91610324, 23.303856
8.88293425, 9.038723000000001, 9.235598750000001, 9.5247151, 9.793376199999999, 13.743481179999993, 36.893046
8.89063425, 9.043631999999999, 9.249250250000001, 9.5321494, 9.84987185, 16.405152169999994, 52.853195
8.90293925, 9.052422, 9.24752125, 9.5628428, 9.859979, 16.750107289999995, 24.370709
8.88962825, 9.049049, 9.256826499999999, 9.531932500000002, 9.8141275, 16.109982679999998, 19.373624
8.8800125, 9.033602, 9.22100025, 9.4935087, 9.7255285, 13.487804739999998, 24.370709
8.876652, 9.035782, 9.2190735, 9.4832239, 9.715878, 14.005562269999995, 32.855096
8.883899750000001, 9.047719, 9.253010999999999, 9.5321494, 9.7789139, 16.39775888, 52.853195
8.8783885, 9.0410375, 9.245500499999999, 9.5032754, 9.7388751, 14.454881349999996, 23.303856
8.89441925, 9.04794, 9.24746575, 9.543998400000001, 9.7567628, 14.105136, 20.217992
8.88039025, 9.038685000000001, 9.2468115, 9.50642, 9.763917, 13.743088119999994, 24.370709
8.892240750000001, 9.044409, 9.244869999999999, 9.527306500000002, 9.80045655, 16.724164339999994, 36.893046
8.88238, 9.0519335, 9.227022250000001, 9.5073414, 9.734858, 14.907164919999992, 32.855096
8.897979, 9.049351000000001, 9.238287249999999, 9.505633999999999, 9.740731449999998, 14.19507232, 52.853195
8.889626, 9.039612, 9.237358, 9.5034774, 9.80050105, 15.872548, 32.855096
8.885385249999999, 9.032833, 9.2521525, 9.5346407, 9.813175, 13.730684159999997, 32.855096
8.89256825, 9.041737, 9.24052825, 9.517703299999999, 9.810516049999999, 16.10123487, 32.855096
8.888299250000001, 9.038479500000001, 9.238389, 9.507522, 9.7160244, 14.105136, 32.855096
8.890459, 9.041903, 9.23974525, 9.4854801, 9.70070845, 15.724868639999997, 32.855096
8.879773, 9.039107, 9.243739, 9.4945815, 9.7137902, 13.618961919999998, 21.371576
8.886875, 9.040944, 9.231357749999999, 9.4673002, 9.68581205, 10.90895599, 17.65558
8.87604975, 9.031213999999999, 9.2360315, 9.526314600000001, 9.730892599999999, 11.100359219999998, 19.587514
8.898118, 9.0491215, 9.254476, 9.5435795, 9.73552765, 13.556740149999998, 23.303856
8.89322225, 9.044409, 9.247318, 9.548590500000001, 9.78792065, 16.060277709999998, 52.853195
8.88254125, 9.048123499999999, 9.256498749999999, 9.539244700000001, 9.768146, 14.60570419, 36.893046
8.89965125, 9.043781, 9.253217249999999, 9.4969215, 9.78219935, 16.362737189999997, 52.853195
8.88034775, 9.041231, 9.233452, 9.4884586, 9.6921317, 11.097599, 22.552578
8.883462, 9.03385, 9.227494499999999, 9.4845252, 9.710233, 14.672557599999998, 36.893046
8.89078025, 9.042677, 9.23704225, 9.5330829, 9.87508265, 16.70684715, 19.656824
8.885581, 9.028284, 9.22379975, 9.4964481, 9.74936655, 16.109982679999998, 36.893046
8.8826055, 9.0358525, 9.23320725, 9.4786075, 9.68579845, 14.39224006, 24.370709
8.89063125, 9.0446125, 9.230738, 9.499914200000001, 9.713341, 13.922795259999994, 19.071708
8.87760375, 9.038881, 9.2286435, 9.518147899999999, 9.75599035, 14.43134543, 36.893046
8.883906249999999, 9.05068, 9.255599, 9.5478421, 9.81625735, 16.2536, 36.893046
8.889772, 9.046113, 9.24916575, 9.5277511, 9.8026006, 13.258511, 23.303856
8.892304249999999, 9.048044, 9.233069, 9.5178004, 9.795530699999999, 12.010327149999986, 32.855096
8.875511249999999, 9.029970500000001, 9.22702075, 9.4944834, 9.71647385, 15.976887, 21.371576
8.88977075, 9.043093500000001, 9.2532135, 9.5201557, 9.77960265, 13.745220169999993, 19.892145
8.88011625, 9.0312555, 9.24351325, 9.511259400000002, 9.785082199999998, 16.6032446, 24.370709
8.880658, 9.0336985, 9.228931750000001, 9.502198000000002, 9.69723905, 11.16183727, 52.853195
8.87659725, 9.038948999999999, 9.2407125, 9.5035523, 9.761664699999999, 15.725606399999997, 32.855096
8.883105, 9.0380395, 9.22838175, 9.498155, 9.7400206, 11.261427989999994, 52.853195
8.87826925, 9.038043, 9.225722000000001, 9.4936661, 9.692068899999999, 11.990432399999984, 52.853195
8.879949, 9.03367, 9.245908, 9.546235, 9.776015150000001, 16.2613707, 23.303856
8.868982, 9.0416425, 9.237253, 9.5122275, 9.778573249999999, 14.779568679999999, 52.853195
8.88732375, 9.0390955, 9.248185750000001, 9.5136762, 9.784536, 16.47643795, 52.853195
8.87997875, 9.0362305, 9.22384675, 9.4802763, 9.69381, 12.00710831999999, 19.892145
0, 0, 0, 0, 0, 0, 0
0, 0, 0, 0, 0, 0, 0
0, 0, 0, 0, 0, 0, 0
0, 0, 0, 0, 0, 0, 0
0, 0, 0, 0, 0, 0, 0
0, 0, 0, 0, 0, 0, 0
0, 0, 0, 0, 0, 0, 0
0, 0, 0, 0, 0, 0, 0
0, 0, 0, 0, 0, 0, 0
0, 0, 0, 0, 0, 0, 0
0, 0, 0, 0, 0, 0, 0
0, 0, 0, 0, 0, 0, 0
0, 0, 0, 0, 0, 0, 0
0, 0, 0, 0, 0, 0, 0
0, 0, 0, 0, 0, 0, 0
0, 0, 0, 0, 0, 0, 0
0, 0, 0, 0, 0, 0, 0
0, 0, 0, 0, 0, 0, 0
0, 0, 0, 0, 0, 0, 0
0, 0, 0, 0, 0, 0, 0
0, 0, 0, 0, 0, 0, 0
0, 0, 0, 0, 0, 0, 0
0, 0, 0, 0, 0, 0, 0
0, 0, 0, 0, 0, 0, 0
0, 0, 0, 0, 0, 0, 0
0, 0, 0, 0, 0, 0, 0
0, 0, 0, 0, 0, 0, 0
0, 0, 0, 0, 0, 0, 0
0, 0, 0, 0, 0, 0, 0
0, 0, 0, 0, 0, 0, 0
0, 0, 0, 0, 0, 0, 0
0, 0, 0, 0, 0, 0, 0
0, 0, 0, 0, 0, 0, 0
0, 0, 0, 0, 0, 0, 0
0, 0, 0, 0, 0, 0, 0
0, 0, 0, 0, 0, 0, 0
0, 0, 0, 0, 0, 0, 0
0, 0, 0, 0, 0, 0, 0
0, 0, 0, 0, 0, 0, 0
0, 0, 0, 0, 0, 0, 0
0, 0, 0, 0, 0, 0, 0
0, 0, 0, 0, 0, 0, 0
0, 0, 0, 0, 0, 0, 0
0, 0, 0, 0, 0, 0, 0
0, 0, 0, 0, 0, 0, 0
0, 0, 0, 0, 0, 0, 0
0, 0, 0, 0, 0, 0, 0
0, 0, 0, 0, 0, 0, 0
0, 0, 0, 0, 0, 0, 0
0, 0, 0, 0, 0, 0, 0
0, 0, 0, 0, 0, 0, 0
0, 0, 0, 0, 0, 0, 0
0, 0, 0, 0, 0, 0, 0
0, 0, 0, 0, 0, 0, 0
0, 0, 0, 0, 0, 0, 0
0, 0, 0, 0, 0, 0, 0
0, 0, 0, 0, 0, 0, 0
0, 0, 0, 0, 0, 0, 0
0, 0, 0, 0, 0, 0, 0
0, 0, 0, 0, 0, 0, 0
0, 0, 0, 0, 0, 0, 0
0, 0, 0, 0, 0, 0, 0
0, 0, 0, 0, 0, 0, 0
0, 0, 0, 0, 0, 0, 0
0, 0, 0, 0, 0, 0, 0
0, 0, 0, 0, 0, 0, 0
0, 0, 0, 0, 0, 0, 0
0, 0, 0, 0, 0, 0, 0
0, 0, 0, 0, 0, 0, 0
0, 0, 0, 0, 0, 0, 0
0, 0, 0, 0, 0, 0, 0
0, 0, 0, 0, 0, 0, 0
0, 0, 0, 0, 0, 0, 0
0, 0, 0, 0, 0, 0, 0
0, 0, 0, 0, 0, 0, 0
0, 0, 0, 0, 0, 0, 0
0, 0, 0, 0, 0, 0, 0
0, 0, 0, 0, 0, 0, 0
0, 0, 0, 0, 0, 0, 0
0, 0, 0, 0, 0, 0, 0
0, 0, 0, 0, 0, 0, 0
0, 0, 0, 0, 0, 0, 0
0, 0, 0, 0, 0, 0, 0
0, 0, 0, 0, 0, 0, 0
0, 0, 0, 0, 0, 0, 0
0, 0, 0, 0, 0, 0, 0
0, 0, 0, 0, 0, 0, 0
0, 0, 0, 0, 0, 0, 0
0, 0, 0, 0, 0, 0, 0
0, 0, 0, 0, 0, 0, 0
0, 0, 0, 0, 0, 0, 0
0, 0, 0, 0, 0, 0, 0
0, 0, 0, 0, 0, 0, 0
0, 0, 0, 0, 0, 0, 0
0, 0, 0, 0, 0, 0, 0
0, 0, 0, 0, 0, 0, 0
0, 0, 0, 0, 0, 0, 0
0, 0, 0, 0, 0, 0, 0
0, 0, 0, 0, 0, 0, 0
0, 0, 0, 0, 0, 0, 0
0, 0, 0, 0, 0, 0, 0
0, 0, 0, 0, 0, 0, 0
0, 0, 0, 0, 0, 0, 0
0, 0, 0, 0, 0, 0, 0
0, 0, 0, 0, 0, 0, 0
0, 0, 0, 0, 0, 0, 0
0, 0, 0, 0, 0, 0, 0
0, 0, 0, 0, 0, 0, 0
0, 0, 0, 0, 0, 0, 0
0, 0, 0, 0, 0, 0, 0
0, 0, 0, 0, 0, 0, 0
0, 0, 0, 0, 0, 0, 0
0, 0, 0, 0, 0, 0, 0
0, 0, 0, 0, 0, 0, 0
0, 0, 0, 0, 0, 0, 0
0, 0, 0, 0, 0, 0, 0
0, 0, 0, 0, 0, 0, 0
0, 0, 0, 0, 0, 0, 0
0, 0, 0, 0, 0, 0, 0
0, 0, 0, 0, 0, 0, 0
0, 0, 0, 0, 0, 0, 0
0, 0, 0, 0, 0, 0, 0
0, 0, 0, 0, 0, 0, 0
0, 0, 0, 0, 0, 0, 0
0, 0, 0, 0, 0, 0, 0
0, 0, 0, 0, 0, 0, 0
0, 0, 0, 0, 0, 0, 0
0, 0, 0, 0, 0, 0, 0
0, 0, 0, 0, 0, 0, 0
0, 0, 0, 0, 0, 0, 0
0, 0, 0, 0, 0, 0, 0
0, 0, 0, 0, 0, 0, 0
0, 0, 0, 0, 0, 0, 0
0, 0, 0, 0, 0, 0, 0
0, 0, 0, 0, 0, 0, 0
0, 0, 0, 0, 0, 0, 0
0, 0, 0, 0, 0, 0, 0
0, 0, 0, 0, 0, 0, 0
0, 0, 0, 0, 0, 0, 0
0, 0, 0, 0, 0, 0, 0
0, 0, 0, 0, 0, 0, 0
0, 0, 0, 0, 0, 0, 0
0, 0, 0, 0, 0, 0, 0
0, 0, 0, 0, 0, 0, 0
0, 0, 0, 0, 0, 0, 0
0, 0, 0, 0, 0, 0, 0
0, 0, 0, 0, 0, 0, 0
0, 0, 0, 0, 0, 0, 0
0, 0, 0, 0, 0, 0, 0
0, 0, 0, 0, 0, 0, 0
0, 0, 0, 0, 0, 0, 0
0, 0, 0, 0, 0, 0, 0
0, 0, 0, 0, 0, 0, 0
0, 0, 0, 0, 0, 0, 0
0, 0, 0, 0, 0, 0, 0
0, 0, 0, 0, 0, 0, 0
0, 0, 0, 0, 0, 0, 0
0, 0, 0, 0, 0, 0, 0
0, 0, 0, 0, 0, 0, 0
0, 0, 0, 0, 0, 0, 0
0, 0, 0, 0, 0, 0, 0
0, 0, 0, 0, 0, 0, 0
0, 0, 0, 0, 0, 0, 0
0, 0, 0, 0, 0, 0, 0
0, 0, 0, 0, 0, 0, 0
0, 0, 0, 0, 0, 0, 0
0, 0, 0, 0, 0, 0, 0
0, 0, 0, 0, 0, 0, 0
0, 0, 0, 0, 0, 0, 0
0, 0, 0, 0, 0, 0, 0
0, 0, 0, 0, 0, 0, 0
0, 0, 0, 0, 0, 0, 0
0, 0, 0, 0, 0, 0, 0
0, 0, 0, 0, 0, 0, 0
0, 0, 0, 0, 0, 0, 0
0, 0, 0, 0, 0, 0, 0
0, 0, 0, 0, 0, 0, 0
0, 0, 0, 0, 0, 0, 0
0, 0, 0, 0, 0, 0, 0
0, 0, 0, 0, 0, 0, 0
0, 0, 0, 0, 0, 0, 0
0, 0, 0, 0, 0, 0, 0
0, 0, 0, 0, 0, 0, 0
0, 0, 0, 0, 0, 0, 0
0, 0, 0, 0, 0, 0, 0
0, 0, 0, 0, 0, 0, 0
0, 0, 0, 0, 0, 0, 0
0, 0, 0, 0, 0, 0, 0
0, 0, 0, 0, 0, 0, 0
0, 0, 0, 0, 0, 0, 0
0, 0, 0, 0, 0, 0, 0
0, 0, 0, 0, 0, 0, 0
0, 0, 0, 0, 0, 0, 0
0, 0, 0, 0, 0, 0, 0
0, 0, 0, 0, 0, 0, 0
0, 0, 0, 0, 0, 0, 0
0, 0, 0, 0, 0, 0, 0
0, 0, 0, 0, 0, 0, 0
0, 0, 0, 0, 0, 0, 0
0, 0, 0, 0, 0, 0, 0
0, 0, 0, 0, 0, 0, 0
0, 0, 0, 0, 0, 0, 0
0, 0, 0, 0, 0, 0, 0
0, 0, 0, 0, 0, 0, 0
0, 0, 0, 0, 0, 0, 0
0, 0, 0, 0, 0, 0, 0
0, 0, 0, 0, 0, 0, 0
0, 0, 0, 0, 0, 0, 0
0, 0, 0, 0, 0, 0, 0
0, 0, 0, 0, 0, 0, 0
0, 0, 0, 0, 0, 0, 0
0, 0, 0, 0, 0, 0, 0
0, 0, 0, 0, 0, 0, 0
0, 0, 0, 0, 0, 0, 0
0, 0, 0, 0, 0, 0, 0
0, 0, 0, 0, 0, 0, 0
0, 0, 0, 0, 0, 0, 0
0, 0, 0, 0, 0, 0, 0
0, 0, 0, 0, 0, 0, 0
0, 0, 0, 0, 0, 0, 0
0, 0, 0, 0, 0, 0, 0
0, 0, 0, 0, 0, 0, 0
0, 0, 0, 0, 0, 0, 0
0, 0, 0, 0, 0, 0, 0
0, 0, 0, 0, 0, 0, 0
0, 0, 0, 0, 0, 0, 0
0, 0, 0, 0, 0, 0, 0
0, 0, 0, 0, 0, 0, 0
0, 0, 0, 0, 0, 0, 0
0, 0, 0, 0, 0, 0, 0
0, 0, 0, 0, 0, 0, 0
0, 0, 0, 0, 0, 0, 0
0, 0, 0, 0, 0, 0, 0
0, 0, 0, 0, 0, 0, 0
0, 0, 0, 0, 0, 0, 0
0, 0, 0, 0, 0, 0, 0
0, 0, 0, 0, 0, 0, 0
0, 0, 0, 0, 0, 0, 0
0, 0, 0, 0, 0, 0, 0
0, 0, 0, 0, 0, 0, 0
0, 0, 0, 0, 0, 0, 0
0, 0, 0, 0, 0, 0, 0
0, 0, 0, 0, 0, 0, 0
0, 0, 0, 0, 0, 0, 0
0, 0, 0, 0, 0, 0, 0
0, 0, 0, 0, 0, 0, 0
0, 0, 0, 0, 0, 0, 0
0, 0, 0, 0, 0, 0, 0
0, 0, 0, 0, 0, 0, 0
0, 0, 0, 0, 0, 0, 0
0, 0, 0, 0, 0, 0, 0
0, 0, 0, 0, 0, 0, 0
0, 0, 0, 0, 0, 0, 0
0, 0, 0, 0, 0, 0, 0
0, 0, 0, 0, 0, 0, 0
0, 0, 0, 0, 0, 0, 0
0, 0, 0, 0, 0, 0, 0
0, 0, 0, 0, 0, 0, 0
0, 0, 0, 0, 0, 0, 0
0, 0, 0, 0, 0, 0, 0
0, 0, 0, 0, 0, 0, 0
0, 0, 0, 0, 0, 0, 0
0, 0, 0, 0, 0, 0, 0
0, 0, 0, 0, 0, 0, 0
0, 0, 0, 0, 0, 0, 0
0, 0, 0, 0, 0, 0, 0
0, 0, 0, 0, 0, 0, 0
0, 0, 0, 0, 0, 0, 0
0, 0, 0, 0, 0, 0, 0
0, 0, 0, 0, 0, 0, 0
0, 0, 0, 0, 0, 0, 0
0, 0, 0, 0, 0, 0, 0
0, 0, 0, 0, 0, 0, 0
0, 0, 0, 0, 0, 0, 0
0, 0, 0, 0, 0, 0, 0
0, 0, 0, 0, 0, 0, 0
0, 0, 0, 0, 0, 0, 0
0, 0, 0, 0, 0, 0, 0
0, 0, 0, 0, 0, 0, 0
0, 0, 0, 0, 0, 0, 0
0, 0, 0, 0, 0, 0, 0
0, 0, 0, 0, 0, 0, 0
0, 0, 0, 0, 0, 0, 0
0, 0, 0, 0, 0, 0, 0
0, 0, 0, 0, 0, 0, 0
0, 0, 0, 0, 0, 0, 0
0, 0, 0, 0, 0, 0, 0
0, 0, 0, 0, 0, 0, 0
0, 0, 0, 0, 0, 0, 0
0, 0, 0, 0, 0, 0, 0
0, 0, 0, 0, 0, 0, 0
0, 0, 0, 0, 0, 0, 0
0, 0, 0, 0, 0, 0, 0
0, 0, 0, 0, 0, 0, 0
0, 0, 0, 0, 0, 0, 0
0, 0, 0, 0, 0, 0, 0
0, 0, 0, 0, 0, 0, 0
0, 0, 0, 0, 0, 0, 0
0, 0, 0, 0, 0, 0, 0
0, 0, 0, 0, 0, 0, 0
0, 0, 0, 0, 0, 0, 0
0, 0, 0, 0, 0, 0, 0
0, 0, 0, 0, 0, 0, 0
0, 0, 0, 0, 0, 0, 0
0, 0, 0, 0, 0, 0, 0
0, 0, 0, 0, 0, 0, 0
0, 0, 0, 0, 0, 0, 0
0, 0, 0, 0, 0, 0, 0
0, 0, 0, 0, 0, 0, 0
0, 0, 0, 0, 0, 0, 0
0, 0, 0, 0, 0, 0, 0
0, 0, 0, 0, 0, 0, 0
0, 0, 0, 0, 0, 0, 0
0, 0, 0, 0, 0, 0, 0
0, 0, 0, 0, 0, 0, 0
0, 0, 0, 0, 0, 0, 0
0, 0, 0, 0, 0, 0, 0
0, 0, 0, 0, 0, 0, 0
0, 0, 0, 0, 0, 0, 0
0, 0, 0, 0, 0, 0, 0
0, 0, 0, 0, 0, 0, 0
0, 0, 0, 0, 0, 0, 0
0, 0, 0, 0, 0, 0, 0
0, 0, 0, 0, 0, 0, 0
0, 0, 0, 0, 0, 0, 0
0, 0, 0, 0, 0, 0, 0
0, 0, 0, 0, 0, 0, 0
0, 0, 0, 0, 0, 0, 0
0, 0, 0, 0, 0, 0, 0
0, 0, 0, 0, 0, 0, 0
0, 0, 0, 0, 0, 0, 0
0, 0, 0, 0, 0, 0, 0
0, 0, 0, 0, 0, 0, 0
0, 0, 0, 0, 0, 0, 0
0, 0, 0, 0, 0, 0, 0
0, 0, 0, 0, 0, 0, 0
0, 0, 0, 0, 0, 0, 0
0, 0, 0, 0, 0, 0, 0
0, 0, 0, 0, 0, 0, 0
0, 0, 0, 0, 0, 0, 0
0, 0, 0, 0, 0, 0, 0
0, 0, 0, 0, 0, 0, 0
0, 0, 0, 0, 0, 0, 0
0, 0, 0, 0, 0, 0, 0
0, 0, 0, 0, 0, 0, 0
0, 0, 0, 0, 0, 0, 0
0, 0, 0, 0, 0, 0, 0
0, 0, 0, 0, 0, 0, 0
0, 0, 0, 0, 0, 0, 0
0, 0, 0, 0, 0, 0, 0
0, 0, 0, 0, 0, 0, 0
0, 0, 0, 0, 0, 0, 0
0, 0, 0, 0, 0, 0, 0
0, 0, 0, 0, 0, 0, 0
0, 0, 0, 0, 0, 0, 0
0, 0, 0, 0, 0, 0, 0
0, 0, 0, 0, 0, 0, 0
0, 0, 0, 0, 0, 0, 0
0, 0, 0, 0, 0, 0, 0
0, 0, 0, 0, 0, 0, 0
0, 0, 0, 0, 0, 0, 0
0, 0, 0, 0, 0, 0, 0
0, 0, 0, 0, 0, 0, 0
0, 0, 0, 0, 0, 0, 0
0, 0, 0, 0, 0, 0, 0
0, 0, 0, 0, 0, 0, 0
0, 0, 0, 0, 0, 0, 0
0, 0, 0, 0, 0, 0, 0
0, 0, 0, 0, 0, 0, 0
0, 0, 0, 0, 0, 0, 0
0, 0, 0, 0, 0, 0, 0
0, 0, 0, 0, 0, 0, 0
0, 0, 0, 0, 0, 0, 0
0, 0, 0, 0, 0, 0, 0
0, 0, 0, 0, 0, 0, 0
0, 0, 0, 0, 0, 0, 0
0, 0, 0, 0, 0, 0, 0
0, 0, 0, 0, 0, 0, 0
0, 0, 0, 0, 0, 0, 0
0, 0, 0, 0, 0, 0, 0
0, 0, 0, 0, 0, 0, 0
0, 0, 0, 0, 0, 0, 0
0, 0, 0, 0, 0, 0, 0
0, 0, 0, 0, 0, 0, 0
0, 0, 0, 0, 0, 0, 0
0, 0, 0, 0, 0, 0, 0
0, 0, 0, 0, 0, 0, 0
0, 0, 0, 0, 0, 0, 0
0, 0, 0, 0, 0, 0, 0
0, 0, 0, 0, 0, 0, 0
0, 0, 0, 0, 0, 0, 0
0, 0, 0, 0, 0, 0, 0
0, 0, 0, 0, 0, 0, 0
0, 0, 0, 0, 0, 0, 0
0, 0, 0, 0, 0, 0, 0
0, 0, 0, 0, 0, 0, 0
0, 0, 0, 0, 0, 0, 0
0, 0, 0, 0, 0, 0, 0
0, 0, 0, 0, 0, 0, 0
0, 0, 0, 0, 0, 0, 0
0, 0, 0, 0, 0, 0, 0
0, 0, 0, 0, 0, 0, 0
0, 0, 0, 0, 0, 0, 0
0, 0, 0, 0, 0, 0, 0
0, 0, 0, 0, 0, 0, 0
0, 0, 0, 0, 0, 0, 0
0, 0, 0, 0, 0, 0, 0
0, 0, 0, 0, 0, 0, 0
0, 0, 0, 0, 0, 0, 0
0, 0, 0, 0, 0, 0, 0
0, 0, 0, 0, 0, 0, 0
0, 0, 0, 0, 0, 0, 0
0, 0, 0, 0, 0, 0, 0
0, 0, 0, 0, 0, 0, 0
0, 0, 0, 0, 0, 0, 0
0, 0, 0, 0, 0, 0, 0
0, 0, 0, 0, 0, 0, 0
0, 0, 0, 0, 0, 0, 0
0, 0, 0, 0, 0, 0, 0
0, 0, 0, 0, 0, 0, 0
0, 0, 0, 0, 0, 0, 0
0, 0, 0, 0, 0, 0, 0
0, 0, 0, 0, 0, 0, 0
0, 0, 0, 0, 0, 0, 0
0, 0, 0, 0, 0, 0, 0
0, 0, 0, 0, 0, 0, 0
0, 0, 0, 0, 0, 0, 0
0, 0, 0, 0, 0, 0, 0
0, 0, 0, 0, 0, 0, 0
0, 0, 0, 0, 0, 0, 0
0, 0, 0, 0, 0, 0, 0
0, 0, 0, 0, 0, 0, 0
0, 0, 0, 0, 0, 0, 0
0, 0, 0, 0, 0, 0, 0
0, 0, 0, 0, 0, 0, 0
0, 0, 0, 0, 0, 0, 0
0, 0, 0, 0, 0, 0, 0
0, 0, 0, 0, 0, 0, 0
0, 0, 0, 0, 0, 0, 0
0, 0, 0, 0, 0, 0, 0
0, 0, 0, 0, 0, 0, 0
0, 0, 0, 0, 0, 0, 0
0, 0, 0, 0, 0, 0, 0
0, 0, 0, 0, 0, 0, 0
0, 0, 0, 0, 0, 0, 0
0, 0, 0, 0, 0, 0, 0
0, 0, 0, 0, 0, 0, 0
0, 0, 0, 0, 0, 0, 0
0, 0, 0, 0, 0, 0, 0
0, 0, 0, 0, 0, 0, 0
0, 0, 0, 0, 0, 0, 0
0, 0, 0, 0, 0, 0, 0
0, 0, 0, 0, 0, 0, 0
0, 0, 0, 0, 0, 0, 0
0, 0, 0, 0, 0, 0, 0
0, 0, 0, 0, 0, 0, 0
0, 0, 0, 0, 0, 0, 0
0, 0, 0, 0, 0, 0, 0
0, 0, 0, 0, 0, 0, 0
0, 0, 0, 0, 0, 0, 0
0, 0, 0, 0, 0, 0, 0
0, 0, 0, 0, 0, 0, 0
0, 0, 0, 0, 0, 0, 0
0, 0, 0, 0, 0, 0, 0
0, 0, 0, 0, 0, 0, 0
0, 0, 0, 0, 0, 0, 0
0, 0, 0, 0, 0, 0, 0
0, 0, 0, 0, 0, 0, 0
0, 0, 0, 0, 0, 0, 0
0, 0, 0, 0, 0, 0, 0
0, 0, 0, 0, 0, 0, 0
0, 0, 0, 0, 0, 0, 0
0, 0, 0, 0, 0, 0, 0
0, 0, 0, 0, 0, 0, 0
0, 0, 0, 0, 0, 0, 0
0, 0, 0, 0, 0, 0, 0
0, 0, 0, 0, 0, 0, 0
0, 0, 0, 0, 0, 0, 0
0, 0, 0, 0, 0, 0, 0
0, 0, 0, 0, 0, 0, 0
0, 0, 0, 0, 0, 0, 0
0, 0, 0, 0, 0, 0, 0
0, 0, 0, 0, 0, 0, 0
0, 0, 0, 0, 0, 0, 0
0, 0, 0, 0, 0, 0, 0
0, 0, 0, 0, 0, 0, 0
0, 0, 0, 0, 0, 0, 0
0, 0, 0, 0, 0, 0, 0
0, 0, 0, 0, 0, 0, 0
0, 0, 0, 0, 0, 0, 0
0, 0, 0, 0, 0, 0, 0
0, 0, 0, 0, 0, 0, 0
0, 0, 0, 0, 0, 0, 0
0, 0, 0, 0, 0, 0, 0
0, 0, 0, 0, 0, 0, 0
0, 0, 0, 0, 0, 0, 0
0, 0, 0, 0, 0, 0, 0
0, 0, 0, 0, 0, 0, 0
0, 0, 0, 0, 0, 0, 0
0, 0, 0, 0, 0, 0, 0
0, 0, 0, 0, 0, 0, 0
0, 0, 0, 0, 0, 0, 0
0, 0, 0, 0, 0, 0, 0
0, 0, 0, 0, 0, 0, 0
0, 0, 0, 0, 0, 0, 0
0, 0, 0, 0, 0, 0, 0
0, 0, 0, 0, 0, 0, 0
0, 0, 0, 0, 0, 0, 0
0, 0, 0, 0, 0, 0, 0
0, 0, 0, 0, 0, 0, 0
0, 0, 0, 0, 0, 0, 0
0, 0, 0, 0, 0, 0, 0
0, 0, 0, 0, 0, 0, 0
0, 0, 0, 0, 0, 0, 0
0, 0, 0, 0, 0, 0, 0
0, 0, 0, 0, 0, 0, 0
0, 0, 0, 0, 0, 0, 0
0, 0, 0, 0, 0, 0, 0
0, 0, 0, 0, 0, 0, 0
0, 0, 0, 0, 0, 0, 0
0, 0, 0, 0, 0, 0, 0
0, 0, 0, 0, 0, 0, 0
0, 0, 0, 0, 0, 0, 0
0, 0, 0, 0, 0, 0, 0
0, 0, 0, 0, 0, 0, 0
0, 0, 0, 0, 0, 0, 0
0, 0, 0, 0, 0, 0, 0
0, 0, 0, 0, 0, 0, 0
0, 0, 0, 0, 0, 0, 0
0, 0, 0, 0, 0, 0, 0
0, 0, 0, 0, 0, 0, 0
0, 0, 0, 0, 0, 0, 0
0, 0, 0, 0, 0, 0, 0
0, 0, 0, 0, 0, 0, 0
0, 0, 0, 0, 0, 0, 0
0, 0, 0, 0, 0, 0, 0
0, 0, 0, 0, 0, 0, 0
0, 0, 0, 0, 0, 0, 0
0, 0, 0, 0, 0, 0, 0
0, 0, 0, 0, 0, 0, 0
0, 0, 0, 0, 0, 0, 0
0, 0, 0, 0, 0, 0, 0
0, 0, 0, 0, 0, 0, 0
0, 0, 0, 0, 0, 0, 0
0, 0, 0, 0, 0, 0, 0
0, 0, 0, 0, 0, 0, 0
0, 0, 0, 0, 0, 0, 0
0, 0, 0, 0, 0, 0, 0
0, 0, 0, 0, 0, 0, 0
0, 0, 0, 0, 0, 0, 0
0, 0, 0, 0, 0, 0, 0
0, 0, 0, 0, 0, 0, 0
0, 0, 0, 0, 0, 0, 0
0, 0, 0, 0, 0, 0, 0
0, 0, 0, 0, 0, 0, 0
0, 0, 0, 0, 0, 0, 0
0, 0, 0, 0, 0, 0, 0
0, 0, 0, 0, 0, 0, 0
0, 0, 0, 0, 0, 0, 0
0, 0, 0, 0, 0, 0, 0
0, 0, 0, 0, 0, 0, 0
0, 0, 0, 0, 0, 0, 0
0, 0, 0, 0, 0, 0, 0
0, 0, 0, 0, 0, 0, 0
0, 0, 0, 0, 0, 0, 0
0, 0, 0, 0, 0, 0, 0
0, 0, 0, 0, 0, 0, 0
0, 0, 0, 0, 0, 0, 0
0, 0, 0, 0, 0, 0, 0
0, 0, 0, 0, 0, 0, 0
0, 0, 0, 0, 0, 0, 0
0, 0, 0, 0, 0, 0, 0
0, 0, 0, 0, 0, 0, 0
0, 0, 0, 0, 0, 0, 0
0, 0, 0, 0, 0, 0, 0
0, 0, 0, 0, 0, 0, 0
0, 0, 0, 0, 0, 0, 0
0, 0, 0, 0, 0, 0, 0
0, 0, 0, 0, 0, 0, 0
0, 0, 0, 0, 0, 0, 0
0, 0, 0, 0, 0, 0, 0
0, 0, 0, 0, 0, 0, 0
0, 0, 0, 0, 0, 0, 0
0, 0, 0, 0, 0, 0, 0
0, 0, 0, 0, 0, 0, 0
0, 0, 0, 0, 0, 0, 0
0, 0, 0, 0, 0, 0, 0
0, 0, 0, 0, 0, 0, 0
0, 0, 0, 0, 0, 0, 0
0, 0, 0, 0, 0, 0, 0
0, 0, 0, 0, 0, 0, 0
0, 0, 0, 0, 0, 0, 0
0, 0, 0, 0, 0, 0, 0
0, 0, 0, 0, 0, 0, 0
0, 0, 0, 0, 0, 0, 0
0, 0, 0, 0, 0, 0, 0
0, 0, 0, 0, 0, 0, 0
0, 0, 0, 0, 0, 0, 0
0, 0, 0, 0, 0, 0, 0
0, 0, 0, 0, 0, 0, 0
0, 0, 0, 0, 0, 0, 0
0, 0, 0, 0, 0, 0, 0
0, 0, 0, 0, 0, 0, 0
0, 0, 0, 0, 0, 0, 0
0, 0, 0, 0, 0, 0, 0
0, 0, 0, 0, 0, 0, 0
0, 0, 0, 0, 0, 0, 0
0, 0, 0, 0, 0, 0, 0
0, 0, 0, 0, 0, 0, 0
0, 0, 0, 0, 0, 0, 0
0, 0, 0, 0, 0, 0, 0
0, 0, 0, 0, 0, 0, 0
0, 0, 0, 0, 0, 0, 0
0, 0, 0, 0, 0, 0, 0
0, 0, 0, 0, 0, 0, 0
0, 0, 0, 0, 0, 0, 0
0, 0, 0, 0, 0, 0, 0
0, 0, 0, 0, 0, 0, 0
0, 0, 0, 0, 0, 0, 0
0, 0, 0, 0, 0, 0, 0
0, 0, 0, 0, 0, 0, 0
0, 0, 0, 0, 0, 0, 0
0, 0, 0, 0, 0, 0, 0
0, 0, 0, 0, 0, 0, 0
0, 0, 0, 0, 0, 0, 0
0, 0, 0, 0, 0, 0, 0
0, 0, 0, 0, 0, 0, 0
0, 0, 0, 0, 0, 0, 0
0, 0, 0, 0, 0, 0, 0
0, 0, 0, 0, 0, 0, 0
0, 0, 0, 0, 0, 0, 0
0, 0, 0, 0, 0, 0, 0
0, 0, 0, 0, 0, 0, 0
0, 0, 0, 0, 0, 0, 0
0, 0, 0, 0, 0, 0, 0
0, 0, 0, 0, 0, 0, 0
0, 0, 0, 0, 0, 0, 0
0, 0, 0, 0, 0, 0, 0
0, 0, 0, 0, 0, 0, 0
0, 0, 0, 0, 0, 0, 0
0, 0, 0, 0, 0, 0, 0
0, 0, 0, 0, 0, 0, 0
0, 0, 0, 0, 0, 0, 0
0, 0, 0, 0, 0, 0, 0
0, 0, 0, 0, 0, 0, 0
0, 0, 0, 0, 0, 0, 0
0, 0, 0, 0, 0, 0, 0
0, 0, 0, 0, 0, 0, 0
0, 0, 0, 0, 0, 0, 0
0, 0, 0, 0, 0, 0, 0
0, 0, 0, 0, 0, 0, 0
0, 0, 0, 0, 0, 0, 0
0, 0, 0, 0, 0, 0, 0
0, 0, 0, 0, 0, 0, 0
0, 0, 0, 0, 0, 0, 0
0, 0, 0, 0, 0, 0, 0
0, 0, 0, 0, 0, 0, 0
0, 0, 0, 0, 0, 0, 0
0, 0, 0, 0, 0, 0, 0
0, 0, 0, 0, 0, 0, 0
0, 0, 0, 0, 0, 0, 0
0, 0, 0, 0, 0, 0, 0
0, 0, 0, 0, 0, 0, 0
0, 0, 0, 0, 0, 0, 0
0, 0, 0, 0, 0, 0, 0
0, 0, 0, 0, 0, 0, 0
0, 0, 0, 0, 0, 0, 0
0, 0, 0, 0, 0, 0, 0
0, 0, 0, 0, 0, 0, 0
0, 0, 0, 0, 0, 0, 0
0, 0, 0, 0, 0, 0, 0
0, 0, 0, 0, 0, 0, 0
0, 0, 0, 0, 0, 0, 0
0, 0, 0, 0, 0, 0, 0
0, 0, 0, 0, 0, 0, 0
0, 0, 0, 0, 0, 0, 0
0, 0, 0, 0, 0, 0, 0
0, 0, 0, 0, 0, 0, 0
0, 0, 0, 0, 0, 0, 0
0, 0, 0, 0, 0, 0, 0
0, 0, 0, 0, 0, 0, 0
0, 0, 0, 0, 0, 0, 0
0, 0, 0, 0, 0, 0, 0
0, 0, 0, 0, 0, 0, 0
0, 0, 0, 0, 0, 0, 0
0, 0, 0, 0, 0, 0, 0
0, 0, 0, 0, 0, 0, 0
0, 0, 0, 0, 0, 0, 0
0, 0, 0, 0, 0, 0, 0
0, 0, 0, 0, 0, 0, 0
0, 0, 0, 0, 0, 0, 0
0, 0, 0, 0, 0, 0, 0
0, 0, 0, 0, 0, 0, 0
0, 0, 0, 0, 0, 0, 0
0, 0, 0, 0, 0, 0, 0
0, 0, 0, 0, 0, 0, 0
0, 0, 0, 0, 0, 0, 0
0, 0, 0, 0, 0, 0, 0
0, 0, 0, 0, 0, 0, 0
0, 0, 0, 0, 0, 0, 0
0, 0, 0, 0, 0, 0, 0
0, 0, 0, 0, 0, 0, 0
0, 0, 0, 0, 0, 0, 0
0, 0, 0, 0, 0, 0, 0
0, 0, 0, 0, 0, 0, 0
0, 0, 0, 0, 0, 0, 0
0, 0, 0, 0, 0, 0, 0
0, 0, 0, 0, 0, 0, 0
0, 0, 0, 0, 0, 0, 0
0, 0, 0, 0, 0, 0, 0
0, 0, 0, 0, 0, 0, 0
0, 0, 0, 0, 0, 0, 0
0, 0, 0, 0, 0, 0, 0
0, 0, 0, 0, 0, 0, 0
0, 0, 0, 0, 0, 0, 0
0, 0, 0, 0, 0, 0, 0
0, 0, 0, 0, 0, 0, 0
0, 0, 0, 0, 0, 0, 0
0, 0, 0, 0, 0, 0, 0
0, 0, 0, 0, 0, 0, 0
8.89268225, 9.054244, 9.26809925, 9.5769727, 9.885618099999999, 14.910448319999988, 20.217992
8.8890405, 9.034051999999999, 9.240568, 9.534028600000001, 9.742697099999999, 14.393979049999999, 19.892145
8.893313749999999, 9.0409735, 9.24047825, 9.4945415, 9.8130499, 13.16276205, 32.855096
8.8877945, 9.0369545, 9.2383285, 9.4842896, 9.713341, 16.216124110000003, 24.370709
8.892653, 9.042759499999999, 9.25375725, 9.5172411, 9.70124055, 15.724868639999997, 24.370709
8.87670275, 9.034419, 9.2211725, 9.484072600000001, 9.7560311, 14.73195576, 23.303856
8.893684499999999, 9.0383645, 9.232339, 9.4971529, 9.7105219, 11.022491899999999, 23.303856
8.893408749999999, 9.036048000000001, 9.2171935, 9.499853100000001, 9.756383849999999, 10.42821141, 32.855096
8.889859, 9.046191499999999, 9.24555, 9.5640243, 9.829971, 16.40399921, 36.893046
8.89530375, 9.045958500000001, 9.2260625, 9.4652171, 9.68687595, 13.262104499999998, 32.855096
8.8798955, 9.040101, 9.2485445, 9.4912829, 9.7669763, 16.099406520000002, 24.370709
8.899581999999999, 9.048691999999999, 9.265372249999999, 9.507612400000001, 9.813589799999999, 16.604125439999997, 32.855096
8.89686875, 9.054376000000001, 9.25713475, 9.5420683, 9.801855, 13.260779679999999, 32.855096
8.889731, 9.039059, 9.24301525, 9.50728, 9.7724004, 16.47539771, 22.552578
8.8814495, 9.029366, 9.2227655, 9.5000502, 9.771584950000001, 16.10960347, 52.853195
8.879111, 9.0308075, 9.2485445, 9.5136458, 9.7923315, 16.05991641, 23.303856
8.879655249999999, 9.0298995, 9.2108795, 9.483192, 9.6669491, 12.019288639999978, 52.853195
8.865106, 9.0252, 9.2248775, 9.5196716, 9.7723792, 14.736804409999994, 32.855096
8.8752595, 9.0312135, 9.2428805, 9.5418435, 9.816874349999999, 14.73195576, 23.303856
8.88679025, 9.04443, 9.2298915, 9.479855700000002, 9.718088, 14.676200569999994, 23.303856
8.8898495, 9.050581, 9.235009, 9.5169005, 9.767460499999999, 11.932614419999984, 52.853195
8.8875955, 9.041955999999999, 9.2271945, 9.4842612, 9.740756249999999, 11.682221709999999, 18.166172
8.872476, 9.0434305, 9.227215, 9.4857998, 9.69718675, 11.11979999, 52.853195
8.8785855, 9.035584499999999, 9.24292, 9.5019065, 9.713937349999998, 14.907164919999992, 36.893046
8.87868, 9.03267, 9.23046075, 9.511307400000002, 9.7950131, 10.648423309999998, 18.344529
8.88690675, 9.0315815, 9.22349075, 9.4682767, 9.69444215, 11.101957509999997, 36.893046
8.861929, 9.0027845, 9.183861, 9.4495836, 9.90801325, 11.9993765, 35.734803
8.869538, 9.003295999999999, 9.1762295, 9.438644, 9.881748149999996, 11.903319539999996, 33.51644
8.784949, 9.062759, 10.271529000000001, 11.608409, 12.38512925, 14.637913, 19.393533
8.789127749999999, 9.066607, 10.212684249999999, 11.6154512, 12.397729550000001, 14.592101740000011, 18.347922
8.784188, 9.040058, 10.2292355, 11.725676700000001, 12.566983500000003, 15.615997, 26.889073
8.784949, 9.065031999999999, 10.2780475, 11.647665000000002, 12.4404847, 14.95430301000001, 26.889073
8.78455625, 9.05135, 10.18035075, 11.628587, 12.368273, 14.822911110000003, 19.563106
8.790539, 9.05303, 10.24093575, 11.6460504, 12.579485750000002, 14.832758470000027, 19.563106
8.794719, 9.053234, 10.21806025, 11.645967, 12.3963321, 14.801217, 26.889073
8.791356, 9.072692499999999, 10.25107825, 11.6515646, 12.3836355, 15.027967510000005, 19.393533
8.77959425, 9.034044999999999, 10.21423225, 11.569394, 12.28937975, 14.736673190000001, 26.889073
8.789472250000001, 9.057737, 10.253915, 11.6237487, 12.389108300000004, 14.74727015000001, 26.889073
8.7769345, 9.038091, 10.125849, 11.6704833, 12.460842500000002, 14.801356620000002, 19.563106
8.798416, 9.0681285, 10.257865500000001, 11.654684, 12.554767300000002, 15.054648080000009, 19.563106
8.79488975, 9.052158, 10.277716000000002, 11.634241300000001, 12.462855, 14.63232, 19.563106
8.77779425, 9.044345499999999, 10.21619925, 11.568819700000004, 12.383437350000001, 15.0498376, 18.865024
8.790647750000002, 9.0504555, 10.1781335, 11.589448, 12.36289795, 15.095220980000033, 18.865024
8.775891, 9.039253500000001, 10.215106, 11.6197286, 12.388749750000002, 14.83195652000001, 26.889073
8.792209, 9.05317, 10.286124, 11.657958, 12.5295792, 14.965230630000006, 26.889073
8.783190750000001, 9.056752, 10.202748, 11.634025900000001, 12.443785, 15.46442834000001, 26.889073
8.777964, 9.0432205, 10.2185395, 11.6470359, 12.4248085, 14.831535, 26.889073
8.790401750000001, 9.0670465, 10.24051975, 11.680852, 12.5023274, 14.932686830000002, 19.563106
8.784489, 9.0719715, 10.2780475, 11.6260744, 12.34164115, 15.021127, 26.889073
8.7911305, 9.061801, 10.19068925, 11.592796, 12.4498122, 14.938775090000005, 26.889073
8.79258825, 9.064935, 10.234974750000001, 11.674451200000002, 12.504242900000003, 14.822911110000003, 19.393533
8.78383525, 9.064032, 10.227706, 11.589448, 12.329800300000002, 15.09559869000004, 19.563106
8.783767, 9.06378, 10.240397, 11.625699, 12.44381295, 14.784211650000024, 19.393533
8.783174500000001, 9.05576, 10.23860975, 11.6475, 12.44997895, 15.675683260000001, 26.889073
8.788431, 9.063528, 10.282529, 11.6954048, 12.548233, 14.822824, 26.889073
8.647324000000001, 9.117357, 10.789568249999999, 12.344906000000002, 13.892181899999986, 17.483699230000013, 38.813544
8.784492, 9.0539545, 10.279256, 11.65258, 12.451222, 15.021413660000006, 26.889073
8.791179, 9.0618955, 10.224222, 11.6053038, 12.343230300000002, 14.712798550000002, 18.168908
8.7835005, 9.064143, 10.248879500000001, 11.671818, 12.53391275, 14.75754224000001, 19.563106
8.786178, 9.053310499999998, 10.213906000000001, 11.6468709, 12.462855, 15.021127, 26.889073
8.789424, 9.040553, 10.217979, 11.5800061, 12.31892135, 14.400478080000001, 19.393533
8.647149500000001, 9.142985, 10.797017, 12.391220200000003, 14.062389, 17.612121870000006, 34.462112
8.6450085, 9.117625499999999, 10.75909275, 12.478362200000001, 14.105016, 18.370511, 38.404747
8.647324000000001, 9.1489695, 10.842357, 12.458521600000001, 14.070717, 17.793896, 38.813544
8.658406000000001, 9.1220545, 10.81732525, 12.4262343, 14.066505, 17.70915502000002, 38.813544
8.6518245, 9.1426225, 10.8120375, 12.440589800000001, 13.991081399999997, 17.611796, 38.404747
8.655768, 9.1118515, 10.810465500000001, 12.3454579, 13.868162, 17.813216060000006, 38.813544
8.645705, 9.118738, 10.8306125, 12.390067900000002, 13.961266, 17.483607930000012, 38.813544
9.115128, 11.122788, 14.093828, 17.3209431, 19.654850249999985, 25.791337, 44.22794
10.14599775, 12.794052, 16.607139500000002, 21.180772400000006, 23.927535, 29.718428, 43.791491
10.1609385, 12.89088, 16.649167, 20.95927, 24.030621, 30.689815290000006, 43.791491
10.199539999999999, 12.852703, 16.633823, 21.104881000000006, 24.022860749999996, 30.417583, 43.791491
8.783182, 9.048128, 10.19944, 11.61575, 12.454223499999992, 14.822824, 100.45894719590905
8.785803, 9.053782, 10.217979, 11.650524, 12.451222, 15.027702, 26.889073
8.785179750000001, 9.047965, 10.21423225, 11.636587100000005, 12.383578, 14.804108819999982, 19.563106
10.16736, 12.788907, 16.5283865, 20.977012, 23.786988, 30.19999, 118.81339963186996
10.0225155, 12.788907, 16.64827725, 20.989339, 23.993624, 29.508974, 40.498626
10.21310875, 12.815570000000001, 16.577312250000002, 20.993005, 23.58549099999999, 29.403761450000005, 43.791491
10.111168, 12.864645, 16.654913, 21.06888, 23.944038799999998, 30.19999, 43.791491
8.78955, 9.059024, 10.214038, 11.617003, 12.443437599999992, 14.824984, 105.09019607615095
8.868778, 9.003607, 9.185034, 9.458109, 9.95983, 11.999339, 96.66016970189905
8.843974, 9.010963499999999, 9.277556, 10.397869, 11.436969, 13.220284, 37.448702
8.724042, 9.0717055, 10.519274, 11.997125500000006, 13.123117, 16.498811, 109.34922088599006
8.72772475, 9.0756035, 10.532912, 12.0074853, 13.150732, 16.360916, 38.813544
8.731162, 9.0898075, 10.5474395, 12.008045500000001, 13.1605324, 16.844744, 38.813544
8.730609, 9.076262, 10.522628000000001, 12.023507500000001, 13.257882649999999, 16.802209, 38.813544
8.72850775, 9.06608, 10.493919250000001, 11.968516, 13.11222765, 16.594025899999984, 38.813544
8.726226749999999, 9.0728645, 10.501546, 11.963666200000002, 13.07563525, 16.594025899999984, 38.813544
8.73061, 9.071424, 10.505337, 11.971311200000002, 13.123117, 16.499532399999886, 38.813544
8.73107125, 9.082289, 10.5337205, 12.067202900000002, 13.266509, 16.605728, 38.813544
8.729497499999999, 9.084567, 10.54327625, 12.037206300000005, 13.132498, 16.576445, 38.813544
8.722452, 9.067684, 10.495218, 11.976025, 13.00799, 16.594025899999984, 38.813544
8.725406, 9.082579, 10.5721755, 12.063846800000007, 13.163769, 16.615755, 38.404747
8.72706275, 9.071424, 10.498612, 11.9644915, 13.135516249999998, 16.620502, 38.813544
8.646536, 9.118408, 10.796022, 12.365818900000004, 13.93484, 17.48360792999991, 38.813544
8.647641, 9.135712, 10.821458, 12.426232, 13.974307, 17.64457709999997, 38.813544
8.64897175, 9.149584, 10.829518, 12.447581, 14.021462, 17.802213, 38.813544
8.6476755, 9.126939, 10.814858, 12.419637, 13.990885, 17.786971, 38.813544
8.647156, 9.1230105, 10.779907, 12.426230200000001, 13.990885, 17.786071, 38.813544
8.64698325, 9.114951, 10.783371, 12.456485, 14.062294, 17.793896, 38.813544
8.645282, 9.117625499999999, 10.797017, 12.444252, 14.015086, 17.703598, 38.813544
8.647882, 9.140164, 10.797017, 12.429064, 13.95715, 17.92199, 38.813544
8.644217, 9.113885, 10.801736, 12.418864, 13.990885, 17.629720109999976, 38.813544
8.647682, 9.143499, 10.795695, 12.402768, 13.916439, 17.802213, 38.813544
8.643217, 9.1151705, 10.76975, 12.390644, 13.96309, 17.922076719999986, 38.813544
8.64735, 9.127385, 10.7942225, 12.424528800000004, 13.99554189999999, 17.663793, 38.813544
8.72746725, 9.072712, 10.516906, 11.972483, 13.135562849999998, 16.36108912999997, 38.813544
8.72641125, 9.07237, 10.497367, 12.007204, 13.159804, 16.576725, 38.813544
8.728302, 9.075686999999999, 10.48663275, 11.970167100000003, 13.220344899999999, 16.395060179999923, 38.404747
8.730198, 9.075603, 10.552202, 12.048465, 13.206562499999997, 16.593917, 38.813544
8.723574, 9.0677555, 10.523224, 11.997521, 13.200193349999996, 16.829223349999978, 38.813544
8.645662, 9.119585, 10.792807, 12.389659000000002, 13.961357199999998, 17.708369, 38.813544
8.645282, 9.118408, 10.803248, 12.444252, 14.070717, 17.611796, 38.813544
8.6467705, 9.132194, 10.816327, 12.456485, 14.027404, 17.611796, 38.813544
8.64698325, 9.120355, 10.77084875, 12.386549, 13.990885, 17.709155019999876, 38.813544
8.64713, 9.1300015, 10.785508499999999, 12.447581, 14.06189, 17.709146019999878, 38.813544
8.646881, 9.129560000000001, 10.8072195, 12.458397, 14.062389, 17.64457709999997, 38.813544
8.646881, 9.123819999999998, 10.802425, 12.462111, 14.0784085, 17.872018, 38.813544
8.647031, 9.13779, 10.830596, 12.444263, 14.057811, 17.8129, 38.813544
8.649687, 9.141108, 10.811768, 12.448787, 14.039873, 17.611796, 38.813544
8.649238, 9.133789, 10.811768, 12.426273, 14.06189, 17.8129, 38.813544
8.650421, 9.140528, 10.802748, 12.429641, 14.013154, 17.708369, 38.813544
8.644217, 9.128324, 10.8120375, 12.474779400000008, 14.062400199999999, 17.78704024999999, 38.813544
8.6476805, 9.142896, 10.801736, 12.424355, 13.95715, 17.458345, 38.813544
8.646259, 9.128411, 10.816327, 12.434224500000004, 14.021462, 17.92199, 38.813544
8.648051, 9.129088, 10.8181355, 12.474779400000008, 14.066505, 17.872018, 38.813544
8.647925, 9.126984, 10.81987625, 12.411373, 13.990885, 17.793896, 38.813544
8.64477, 9.108669, 10.788428, 12.426093, 14.062294, 17.786071, 38.813544
8.642302, 9.105817, 10.79577675, 12.429064, 14.062294, 17.80231986999998, 38.813544
8.649588, 9.140528, 10.816327, 12.458397, 14.009391, 17.699605, 38.813544
8.647925, 9.133437, 10.809672, 12.45322, 14.063569, 17.66415111999994, 38.813544
8.773913, 9.9318195, 12.32608975, 15.508582, 17.708776, 23.387052469999947, 44.22794
8.777633, 9.94496, 12.3332, 15.542749, 17.72919675, 23.354685, 44.22794
8.782187749999999, 9.938732, 12.27426, 15.477485, 17.782938, 23.555005, 44.22794
8.775905, 9.939926, 12.316857500000001, 15.516032, 17.844506, 23.837696, 44.22794
8.77461, 9.920703, 12.2554785, 15.493363, 17.824858099999993, 22.914184279999994, 44.22794
8.774566, 9.939433, 12.3443275, 15.511867, 17.844816849999997, 23.581625, 44.22794
8.773838, 9.9288195, 12.262559, 15.47149, 17.79992869999999, 23.288371659999935, 44.22794
8.773446999999999, 9.928781, 12.2984955, 15.505135, 17.836524949999994, 23.421402409999978, 44.22794
8.776596, 9.937491, 12.2984955, 15.468105, 17.703811, 23.421254, 40.625286
8.775271, 9.940306499999998, 12.282988, 15.484513100000006, 17.870686099999997, 23.896816429999927, 44.22794
8.778055, 9.945921, 12.297151, 15.474345, 17.768982599999998, 23.421254, 44.22794
8.777696, 9.969377, 12.301738, 15.512018400000004, 17.836158, 23.421402409999978, 44.22794
8.785014499999999, 9.948125, 12.33262925, 15.501305600000006, 17.799246, 23.421254, 44.22794
8.788807, 9.955379, 12.303235, 15.468723, 17.786071, 23.313008, 44.22794
8.778249, 9.95026, 12.29104225, 15.531701199999999, 17.813189749999996, 23.337256, 40.625286
8.78313975, 9.935844, 12.27426, 15.521324300000025, 17.847226, 23.387052469999947, 40.625286
8.774502, 9.920703, 12.247322, 15.4738626, 17.708776, 23.507924, 44.22794
8.783081750000001, 9.916367, 12.267887, 15.404472, 17.647356149999993, 23.507924, 44.22794
8.7755275, 9.94165, 12.276249, 15.568075, 17.844694, 23.436095, 44.22794
8.776945, 9.940447, 12.284758, 15.541800700000001, 17.870686099999997, 23.896362, 44.22794
8.773802, 9.9446505, 12.298854, 15.428588300000012, 17.795765, 23.287969, 44.22794
8.781349, 9.941382999999998, 12.347833, 15.580057, 17.799246, 23.22348636999998, 40.625286
8.778249, 9.961099, 12.326838, 15.477724100000005, 17.716931, 23.1035265699999, 44.22794
8.770742, 9.925512, 12.305466, 15.503552, 17.786071, 23.507924, 44.22794
8.780251, 9.956494, 12.279211, 15.471077, 17.802213, 23.337430289999972, 39.815707
8.777996250000001, 9.9367915, 12.279191, 15.508888300000008, 17.82280555, 23.544528, 44.22794
8.7786135, 9.947821000000001, 12.26733875, 15.433898, 17.696835749999998, 23.17472840999998, 44.22794
8.782476249999998, 9.992158, 12.3250105, 15.555674, 17.8445154, 23.55508004999999, 40.625286
8.776971, 9.939544, 12.291426, 15.555674, 17.84727065, 23.686101259999756, 40.625286
8.780715, 9.919388999999999, 12.266385750000001, 15.4738626, 17.74418384999999, 23.337430289999972, 44.22794
8.77249075, 9.929418, 12.2468895, 15.415273299999999, 17.630981949999995, 23.35500521999995, 44.22794
8.64735, 9.141869, 10.835209, 12.481334, 14.105016, 17.699605, 38.813544
8.6468, 9.1300015, 10.801449, 12.447701600000002, 14.078328, 17.709146019999878, 38.813544
8.64953375, 9.11539, 10.794076, 12.390487, 13.994813, 17.793896, 38.813544
8.64713, 9.123282, 10.801449, 12.413431, 13.964127, 17.786071, 38.813544
8.649533, 9.128324, 10.801449, 12.426273, 13.990885, 17.793979169999986, 38.813544
8.64738, 9.135712, 10.802272, 12.429064, 14.021462, 17.844506, 38.813544
8.646602, 9.118092, 10.791028, 12.411373, 13.983646, 17.708369, 38.813544
8.653892, 9.146244, 10.82046725, 12.436701700000008, 14.027404, 17.699605, 38.813544
8.647156, 9.140724, 10.8078255, 12.440112200000005, 14.027751549999996, 17.66415111999994, 38.813544
8.64686075, 9.130221, 10.78818, 12.386549, 14.015086, 17.888042, 38.813544
8.64735, 9.134619, 10.799901, 12.436074, 14.059531149999998, 17.844781119999954, 38.813544
8.646682, 9.123282, 10.79752375, 12.423710600000001, 14.034355, 17.793896, 38.813544
8.649687, 9.1446595, 10.817235, 12.448787, 14.027751549999996, 17.872018, 38.813544
8.645662, 9.129782, 10.8128985, 12.423639, 13.983646, 17.644383, 38.813544
8.64621125, 9.1131685, 10.802425, 12.440112200000005, 14.021462, 17.793896, 38.813544
8.645846, 9.123282, 10.788663, 12.402768, 13.916439, 17.872018, 38.813544
8.6476755, 9.127385, 10.829518, 12.453824600000006, 14.0770436, 17.78704024999999, 38.813544
8.64424, 9.1220545, 10.796270750000001, 12.402633, 14.059407, 17.703598, 38.813544
8.644519, 9.117975000000001, 10.80231025, 12.4262361, 14.015086, 17.663793, 38.813544
8.6476805, 9.134162, 10.796270750000001, 12.4261067, 13.991081399999997, 17.80231986999998, 38.813544
8.644519, 9.127385, 10.801449, 12.430775, 14.021759099999995, 18.188937, 38.813544
8.6459585, 9.124091499999999, 10.792518, 12.436356, 13.994813, 17.786071, 38.813544
8.646909, 9.126562, 10.795076, 12.423639, 13.94032, 17.786071, 38.404747
8.648051, 9.134141, 10.802425, 12.413431, 13.960113, 17.611796, 38.813544
8.642812500000002, 9.110756, 10.788663, 12.439813, 14.039873, 17.793896, 38.813544
8.6437615, 9.117858, 10.788584, 12.407502, 13.960113, 17.547577, 38.813544
8.651935, 9.1263985, 10.788376, 12.444263, 14.070717, 17.708369, 38.813544
8.6468, 9.141327, 10.801736, 12.424355, 14.013154, 17.844506, 38.813544
8.645800000000001, 9.14261, 10.832821, 12.426273, 14.0619102, 17.78608, 38.813544
8.726943, 9.0774845, 10.53018275, 12.009534, 13.185359749999996, 16.35044, 38.813544
8.791319, 9.067979, 10.258038, 11.670335, 12.476494899999999, 14.932686829999989, 26.889073
8.792651, 9.061871, 10.223942, 11.654542, 12.38156, 14.815179, 26.889073
8.788015, 9.0503055, 10.21853, 11.650619200000003, 12.471264, 14.96523062999995, 26.889073
8.728171, 9.072535, 10.503772999999999, 11.971194, 13.11224035, 16.394581, 38.813544
8.728245, 9.0741715, 10.525939000000001, 12.030261, 13.219867, 16.60573268, 38.404747
8.731069, 9.0827435, 10.535099, 12.0327005, 13.159804, 16.593917, 38.813544
8.727066, 9.064911500000001, 10.517903, 11.992927000000002, 13.199865, 16.606225819999995, 38.813544
8.728749, 9.080837500000001, 10.529293, 12.044046, 13.156208, 16.499532399999886, 38.404747
8.730646, 9.0760165, 10.528557, 12.006062, 13.139762699999991, 16.38437187, 38.813544
8.726974, 9.070051, 10.528691, 12.018365700000002, 13.137592, 16.361150479999964, 38.813544
8.728257, 9.073015, 10.525831499999999, 11.993566, 13.123307449999997, 16.604807, 38.813544
8.725994, 9.0723425, 10.507976, 12.006176200000002, 13.15625055, 16.680998979999966, 38.813544
8.6468, 9.128838, 10.813056, 12.436356, 14.059407, 17.793979169999986, 38.813544
8.6450085, 9.126939, 10.817596, 12.447581, 14.070717, 17.709146019999878, 38.813544
8.647105250000001, 9.109048, 10.792782, 12.4262361, 14.027404, 17.708369, 38.813544
8.73007975, 9.082476, 10.50289, 12.020756500000003, 13.204716, 16.606225819999995, 38.813544
8.727758249999999, 9.073015, 10.5212005, 12.025182700000002, 13.240556, 16.89456859999994, 38.813544
8.731153, 9.0871525, 10.5474395, 12.0482814, 13.155429949999998, 16.593917, 38.813544
8.72963725, 9.072659, 10.5016375, 11.980386, 13.097283, 16.576725, 38.404747
8.731069, 9.074693, 10.539902, 12.046369200000004, 13.163769, 16.498811, 38.813544
8.724235, 9.077219, 10.537177, 12.018309, 13.120155, 16.468887259999953, 38.813544
8.73130525, 9.0846825, 10.533951, 12.009955, 13.219354899999999, 16.378229, 38.813544
8.72828025, 9.0808955, 10.51241425, 12.021832, 13.171542549999996, 16.703767, 38.404747
8.72694825, 9.074508, 10.520816, 11.998386, 13.1605324, 16.576725, 38.404747
8.727411, 9.0752575, 10.530565, 12.067202900000002, 13.212251299999997, 16.393789, 38.813544
8.727843, 9.0808955, 10.541918, 12.071166700000006, 13.241438, 16.932347, 38.813544
8.730008, 9.0797865, 10.533926, 12.0439056, 13.181976, 16.576445, 38.813544
8.7265845, 9.0726675, 10.50805325, 11.97164, 13.122542099999999, 16.570951, 38.813544
8.726211, 9.082386, 10.537177, 12.025126, 13.241128549999992, 16.384364, 38.813544
8.722289, 9.065725, 10.498706, 12.022684700000003, 13.199865, 16.615886, 38.813544
8.73049575, 9.065380000000001, 10.507772749999999, 12.025854300000004, 13.204716, 16.60573268, 38.813544
8.72704125, 9.07647, 10.526214, 12.006176200000002, 13.212015, 16.64532234999991, 38.813544
8.7251575, 9.065487, 10.50805325, 11.992126, 13.11222765, 16.593917, 38.813544
8.72807575, 9.0810905, 10.519539, 11.981252, 13.123117, 16.571005939999992, 38.813544
8.725806, 9.0722735, 10.53263075, 12.041118, 13.1605324, 16.604807, 38.813544
8.72700325, 9.065598000000001, 10.51160075, 12.009955, 13.204801799999998, 16.594025899999984, 38.813544
8.7311725, 9.080936, 10.53738425, 12.028240500000004, 13.219201, 16.821759959999987, 38.813544
8.72695, 9.073341, 10.49512875, 11.974163, 13.112126, 16.39379692, 38.813544
8.728526, 9.06927, 10.5077005, 11.972593000000003, 13.10856765, 16.394581, 38.404747
8.647156, 9.139831, 10.819754, 12.444253100000001, 14.039873, 17.888042, 38.813544
8.648492, 9.135331, 10.829518, 12.458521600000003, 14.062400199999999, 17.708369, 38.813544
8.645996, 9.123282, 10.802748, 12.434019, 13.925738, 17.663793, 38.813544
8.649299749999999, 9.1328155, 10.799901, 12.4361022, 13.961357199999998, 17.703645709999993, 38.813544
8.779638, 9.93438, 12.260534, 15.445559, 17.717036, 23.328235, 44.22794
8.776935, 9.9344285, 12.276249, 15.471077, 17.663793, 23.313008, 44.22794
8.775454, 9.935101, 12.292975, 15.448173, 17.786971, 22.916588, 44.22794
8.772504, 9.9171505, 12.24462575, 15.41761, 17.775858499999995, 23.941805, 44.22794
8.782022, 9.939926, 12.329836, 15.56426980000001, 17.859281, 23.436095, 40.625286
8.768206, 9.916709, 12.285942, 15.582106, 17.849905699999997, 24.168721, 44.22794
8.776018, 9.940406, 12.27449, 15.463437, 17.7607412, 23.684487830000002, 44.22794
8.646259, 9.127385, 10.802748, 12.467011, 13.967338, 17.644383, 38.813544
8.649837, 9.1412175, 10.811768, 12.458521600000003, 13.952062749999996, 17.629720109999976, 38.813544
8.642476, 9.1120225, 10.769527, 12.411373, 13.967338, 17.69964492999999, 38.813544
8.64735, 9.135712, 10.773136, 12.408001, 13.990885, 17.538447, 38.813544
8.647882, 9.141327, 10.805758, 12.3610045, 14.0132506, 17.786971, 38.813544
8.645846, 9.120355, 10.788585, 12.423710600000001, 13.983646, 17.786071, 38.813544
8.650421, 9.1343905, 10.796270750000001, 12.444252, 14.059407, 17.888381479999943, 38.813544
8.638724, 9.111567, 10.796022, 12.481478300000003, 14.066505, 17.703598, 38.813544
8.649671, 9.140164, 10.823185, 12.453529, 13.983646, 17.69964492999999, 38.813544
8.6450085, 9.1191615, 10.792518, 12.390644, 13.964127, 17.786071, 38.813544
8.64713, 9.107288, 10.76975, 12.394576, 13.967338, 17.611796, 38.813544
8.6437615, 9.128411, 10.792782, 12.448787, 13.967686449999995, 17.703645709999993, 38.813544
8.646251, 9.129782, 10.814858, 12.436701700000008, 14.0626608, 17.8129, 38.813544
8.649533, 9.137233, 10.788663, 12.444253100000001, 13.994813, 17.786071, 38.813544
8.6468, 9.130221, 10.82114, 12.442805, 14.015086, 17.888042, 38.813544
8.647442, 9.105817, 10.794076, 12.426273, 14.027404, 17.78608, 38.813544
8.646881, 9.11539, 10.7942225, 12.420562800000008, 14.009391, 17.64457709999997, 38.813544
8.648617, 9.127385, 10.801449, 12.456485, 14.013154, 17.663793, 38.813544
8.646315, 9.135001500000001, 10.83300125, 12.429121700000001, 13.964287549999996, 17.538447, 38.813544
8.647676, 9.140724, 10.787559, 12.396406, 13.95715, 17.786071, 38.813544
8.648585749999999, 9.1496335, 10.84455, 12.467011, 14.027751549999996, 17.802213, 38.813544
8.649318, 9.12794, 10.792807, 12.4261067, 13.967338, 17.872018, 38.813544
8.641977, 9.112452, 10.788584, 12.426230200000001, 14.015086, 17.708369, 38.813544
8.643625, 9.113959, 10.803367999999999, 12.423639, 14.009391, 17.786971, 38.813544
8.646227, 9.111567, 10.788376, 12.413431, 14.062294, 17.78704024999999, 38.813544
8.647682, 9.133437, 10.81987625, 12.444252, 14.070622, 17.793896, 38.813544
8.64735, 9.1283675, 10.82114, 12.429121700000001, 14.066505, 17.786071, 38.813544
8.650421, 9.136702, 10.802272, 12.436074, 14.039873, 17.703598, 38.813544
8.6474265, 9.126235, 10.80152075, 12.413431, 14.0132506, 17.699605, 38.813544
8.646259, 9.134645500000001, 10.833509, 12.474418, 14.059531149999998, 17.709146019999878, 38.404747
8.647008, 9.134619, 10.830596, 12.462111, 14.1262486, 17.844506, 38.813544
8.647008, 9.116944, 10.792518, 12.419695400000002, 13.961266, 17.663793, 38.813544
8.642266, 9.103426, 10.795695, 12.429641, 13.974307, 17.663793, 38.813544
8.651493, 9.132194, 10.802425, 12.408001, 13.957298149999998, 17.629572, 38.813544
8.649318, 9.134619, 10.817235, 12.478032, 14.08060959999999, 17.844506, 38.813544
8.79124, 9.956237, 12.265103, 15.445974300000005, 17.759081549999998, 23.43647563999994, 40.625286
8.776935, 9.962677, 12.344966, 15.541800700000001, 17.82148, 23.837696, 44.22794
8.777249, 9.950752, 12.265893, 15.422896100000003, 17.729047, 23.06491576999994, 44.22794
8.77928425, 9.990015, 12.381133, 15.634483800000003, 17.960504, 24.047126499999994, 44.22794
8.782243, 9.934477, 12.285568, 15.396661, 17.644163, 23.064532, 44.22794
8.778625, 9.927420000000001, 12.268334, 15.391933900000009, 17.644174, 23.064532, 44.22794
8.78165975, 9.9700785, 12.33353475, 15.643096, 17.94253694999999, 23.507924, 44.22794
8.774566, 9.944159, 12.297309, 15.542749, 17.859471499999998, 23.337256, 44.22794
8.7712655, 9.908365, 12.259193, 15.535652700000002, 17.795765, 23.685610699999835, 44.22794
8.77674775, 9.920029, 12.245915, 15.481087600000002, 17.844816849999997, 23.555005, 44.22794
8.778214, 9.94165, 12.352565, 15.505479700000008, 17.763987699999998, 23.582653619999835, 44.22794
8.780306, 9.95008, 12.291358, 15.541800700000001, 17.82148, 23.684487, 44.22794
8.776971, 9.9700785, 12.325267, 15.531935800000005, 17.856778, 23.47486268999989, 44.22794
8.643933, 9.1275925, 10.779907, 12.397027200000014, 13.99554189999999, 17.78704024999999, 38.813544
8.644131, 9.1341515, 10.813056, 12.430775, 14.059407, 17.53853829999999, 38.813544
8.645996, 9.116036, 10.807164, 12.429064, 13.967338, 17.699605, 38.813544
8.649683, 9.14261, 10.801294, 12.458397, 14.062294, 17.786071, 38.813544
8.649687, 9.146237, 10.823185, 12.456485, 14.062613, 17.708369, 38.813544
8.652968, 9.146237, 10.8306125, 12.42623, 14.062389, 17.78704024999999, 38.813544
8.647442, 9.148613, 10.83342725, 12.478032, 14.066710849999996, 17.703598, 38.813544
8.646259, 9.135627, 10.803248, 12.434019, 14.06189, 17.703645709999993, 38.813544
8.643484, 9.10313, 10.769527, 12.408001, 13.931310749999996, 17.81321605999995, 38.813544
8.643998, 9.135669499999999, 10.830596, 12.480543, 14.063715799999997, 17.786971, 38.813544
8.647156, 9.126939, 10.802272, 12.4741425, 14.070717, 17.80231986999998, 38.813544
8.64477, 9.11539, 10.787681, 12.442949700000003, 13.960113, 17.793896, 38.813544
8.649534, 9.122739, 10.799901, 12.367258, 13.967338, 17.703598, 38.813544
8.64345875, 9.111909, 10.80152075, 12.429121700000001, 14.066710849999996, 17.80231986999998, 38.813544
8.647682, 9.135669499999999, 10.799044, 12.418864, 14.070622, 17.78608, 38.813544
8.645846, 9.117321, 10.78398825, 12.448787, 13.994813, 17.663793, 38.813544
8.64702525, 9.126562, 10.807164, 12.52465, 14.113835, 17.888381479999943, 38.813544
8.644131, 9.118092, 10.792788250000001, 12.426093, 14.059407, 17.786071, 38.813544
8.6468, 9.119646, 10.792584, 12.42623, 13.963141849999998, 17.786071, 38.813544
8.64735, 9.118738, 10.81620025, 12.444263, 14.062389, 17.936827, 38.813544
8.64738, 9.126562, 10.801736, 12.429754400000002, 14.013154, 17.8129, 38.813544
8.647674, 9.126939, 10.774918, 12.390487, 13.95715, 17.703598, 38.813544
8.649671, 9.134672, 10.832974, 12.467011, 14.066505, 17.872018, 38.813544
8.64477, 9.116944, 10.817235, 12.496899, 14.040769899999987, 17.703645709999993, 38.813544
8.648044, 9.111417, 10.787559, 12.40324140000001, 14.015086, 17.548219189999898, 38.813544
8.647442, 9.13779, 10.7886045, 12.442805, 14.066505, 17.936827, 38.813544
8.6468, 9.117975000000001, 10.803728, 12.426273, 13.983646, 17.69964492999999, 38.813544
8.647682, 9.116567, 10.78780575, 12.426273, 13.964287549999996, 17.802213, 38.813544
8.781472, 9.940447, 12.330184, 15.49674860000001, 17.8334752, 23.313008, 44.22794
8.776018, 9.9373785, 12.331894499999999, 15.486548, 17.743503, 23.421254, 44.22794
8.776945, 9.9382385, 12.297151, 15.397330900000014, 17.743503, 23.23759482999992, 44.22794
8.778055, 9.956303, 12.3479785, 15.547275, 17.847151, 23.972279, 44.22794
8.780251, 9.961099, 12.2657835, 15.486548, 17.802609849999993, 23.507924, 44.22794
8.781177, 9.940406, 12.27343125, 15.464507200000003, 17.722196549999996, 23.313160269999976, 44.22794
8.783293, 9.95484, 12.289678499999999, 15.520172, 17.763728, 23.544632769999982, 44.22794
8.773802, 9.946836999999999, 12.297151, 15.487885600000014, 17.8187932, 23.75765695999995, 44.22794
8.78104175, 9.934611499999999, 12.289259, 15.463437, 17.709183749999994, 23.186330629999954, 44.22794
8.777172, 9.958951500000001, 12.303485, 15.410377400000003, 17.743503, 23.581625, 44.22794
8.776018, 9.956102, 12.339353, 15.516032, 17.843497, 23.757344, 44.22794
8.779616, 9.940406, 12.3021445, 15.516032, 17.863091, 23.287969, 44.22794
8.774582, 9.940306499999998, 12.30847, 15.513381, 17.743503, 23.28821938999996, 44.22794
8.770742, 9.916554000000001, 12.1997635, 15.4810513, 17.813189749999996, 23.43647563999994, 44.22794
8.779304, 9.960471, 12.342726, 15.516032, 17.82154205, 23.555005, 44.22794
8.777172, 9.949286, 12.267156, 15.484206, 17.824412, 23.78864, 44.22794
8.775905, 9.947952, 12.326312249999999, 15.449308, 17.743503, 23.56270114999997, 44.22794
8.782187749999999, 9.924153, 12.2795405, 15.47149, 17.782938, 23.237086, 44.22794
8.774518, 9.949185, 12.301781, 15.481087600000002, 17.802213, 23.684487830000002, 40.625286
8.780058, 9.918971, 12.218041, 15.354529900000008, 17.699605, 23.508394809999924, 44.22794
8.769993, 9.956303, 12.306127499999999, 15.520172, 17.836524949999994, 23.55508004999999, 44.22794
8.77777325, 9.952444, 12.344593, 15.481594300000001, 17.644174, 23.581625, 44.22794
8.777717, 9.95484, 12.283928, 15.487277, 17.768982599999998, 23.544528, 44.22794
8.770778, 9.933252, 12.270709, 15.47149, 17.786971, 23.313008, 44.22794
8.7763955, 9.938665, 12.273155, 15.4738626, 17.82070005, 23.436095, 40.625286
8.776971, 9.952278, 12.276249, 15.542743, 17.8880633, 23.684487, 44.22794
8.777249, 9.960096, 12.304235, 15.558682, 17.797559800000002, 22.995265659999887, 44.22794
8.777249, 9.928982999999999, 12.305466, 15.474345, 17.729047, 23.507924, 44.22794
8.776845, 9.924691, 12.2856615, 15.465985, 17.8129, 23.508394809999924, 44.22794
8.781703, 9.948654999999999, 12.2841355, 15.541696, 17.859281, 23.28821938999996, 40.625286
9.119095, 11.207526, 14.030796, 17.375265, 19.89221, 26.016247410000222, 44.22794
9.115503, 11.261879, 14.0594015, 17.360077, 19.837517, 25.616439, 44.22794
8.78294, 9.956237, 12.3318, 15.508888300000008, 17.844694, 23.166745, 44.22794
8.78602, 9.9554525, 12.325159, 15.493468900000003, 17.849544, 23.555005, 44.22794
8.779941, 9.940738, 12.309544, 15.548184600000006, 17.7958544, 23.223349, 44.22794
8.783596, 9.94787, 12.282786, 15.580057, 17.879670199999993, 23.50829003999994, 44.22794
8.781392499999999, 9.950845, 12.309553000000001, 15.557827000000001, 17.824412, 23.507924, 44.22794
8.769762, 9.928506, 12.3023945, 15.520172, 17.960732399999998, 23.544528, 44.22794
8.766262, 9.915075, 12.256065, 15.445559, 17.748169, 23.313008, 44.22794
8.780279499999999, 9.944159, 12.27426, 15.357724, 17.580688149999997, 23.223995199999894, 44.22794
8.77722975, 9.960657, 12.347833, 15.488115, 17.818695, 23.474496649999946, 44.22794
8.78518025, 9.982866, 12.331862, 15.468105, 17.797559800000002, 23.544528, 44.22794
8.770742, 9.924691, 12.297783, 15.49674860000001, 17.822721, 23.684487, 44.22794
8.780279499999999, 9.939544, 12.29918875, 15.501056, 17.92199, 23.507924, 44.22794
8.782243, 9.940306499999998, 12.316056, 15.531701199999999, 17.758924349999997, 23.337430289999972, 40.625286
8.772504, 9.935853, 12.316713, 15.6022619, 17.872018, 23.28821938999996, 44.22794
8.771558, 9.952278, 12.329923, 15.58219, 17.879670199999993, 23.685297739999886, 44.22794
8.775737, 9.939314, 12.304235, 15.541696, 17.856903149999997, 23.544528, 44.22794
8.7881775, 9.979905, 12.3318155, 15.508888300000008, 17.743503, 23.544528, 44.22794
8.767827, 9.928858, 12.27366125, 15.449308, 17.760584, 23.896362, 40.625286
8.779304, 9.9410725, 12.282503, 15.471721900000004, 17.6968756, 23.386707, 44.22794
8.770653, 9.902129, 12.282594, 15.629319, 17.900589, 23.837696, 44.22794
8.7782625, 9.917956, 12.262559, 15.47149, 17.799394349999996, 23.22348636999998, 44.22794
8.775271, 9.937472, 12.282503, 15.544779, 17.818695, 23.544632769999982, 44.22794
9.103995, 11.230704, 14.008262, 17.320895, 19.781869, 25.464532, 44.22794
9.103855, 11.242978, 14.095957, 17.360077, 19.718137, 25.616439, 44.22794
9.115799, 11.281239, 14.116295, 17.455099900000004, 19.935798, 25.677274, 44.22794
9.110034, 11.2041905, 14.0561, 17.38041, 19.916648, 26.206309990000044, 44.22794
9.111456, 11.278555, 14.112239, 17.375265, 19.86304514999995, 25.464532, 44.22794
9.132374, 11.269004, 14.10695, 17.461269400000013, 19.781006, 25.872219, 44.22794
9.115799, 11.258266, 14.08632, 17.42958, 19.89221, 26.226208, 44.22794
9.11081125, 11.219993, 14.093828, 17.379265, 19.935798, 25.791337, 44.22794
9.094039, 11.181635, 14.058793, 17.3578548, 19.799011699999905, 25.267843, 44.22794
9.115128, 11.207168, 14.058793, 17.299572300000012, 19.714086, 25.464532, 44.22794
9.119183, 11.264158, 14.066715, 17.375265, 19.905001, 25.398104, 44.22794
9.118646, 11.264244, 14.107129, 17.434288, 19.991859749999996, 26.015162, 44.22794
9.107936, 11.251128, 14.0793, 17.360077, 19.797917, 26.124527060000165, 44.22794
9.11456175, 11.2585625, 14.078297, 17.38041, 19.916648, 26.015162, 44.22794
9.098896, 11.251128, 14.088299, 17.412054, 19.91524, 25.791337, 44.22794
9.116615, 11.2620795, 14.084987, 17.443773200000013, 19.91524, 25.607038, 44.22794
9.118646, 11.246008, 14.084987, 17.454936, 19.917179149999953, 25.791337, 44.22794
8.775454, 9.920703, 12.278174, 15.503710300000003, 17.799246, 23.507924, 40.625286
8.779954, 9.937136, 12.280529, 15.433577, 17.717276, 23.78864, 44.22794
8.777696, 9.912377, 12.239091499999999, 15.433577, 17.748169, 23.68457, 44.22794
8.648051, 9.114951, 10.813506499999999, 12.3610045, 13.943173749999993, 17.629572, 38.813544
8.647031, 9.1278, 10.813506499999999, 12.45322, 13.983646, 17.930662, 38.813544
8.726114, 9.0827195, 10.55154825, 12.030261, 13.137592, 16.60924376999999, 38.404747
8.731493, 9.082908, 10.52358025, 12.009955, 13.204932299999996, 16.80240376999997, 38.813544
8.728706, 9.073015, 10.495218, 11.913389, 13.052854, 16.394581, 34.462112
8.73174425, 9.0827195, 10.556247, 12.018365700000002, 13.169767449999998, 16.571005939999992, 38.404747
8.7265145, 9.070136999999999, 10.530356, 12.018365700000002, 13.157059, 16.620502, 38.813544
8.726952, 9.066585, 10.503684, 12.007434, 13.219867, 16.711789, 38.813544
8.7266865, 9.072390500000001, 10.511817, 12.00186980000001, 13.157059, 16.594025899999984, 38.813544
8.725231, 9.072117, 10.512645, 12.015427200000001, 13.123307449999997, 16.385151, 38.813544
8.7300055, 9.08539, 10.535604500000002, 12.051952, 13.219867, 16.7835, 38.404747
8.726232, 9.0582135, 10.501546, 11.974972000000003, 13.122552699999998, 16.615886, 38.813544
8.73066, 9.0810905, 10.526445, 11.971295000000003, 13.13767145, 16.576725, 38.813544
8.72940575, 9.06608, 10.500696000000001, 12.008045500000001, 13.155389, 16.606291589999984, 38.813544
8.723854750000001, 9.072117, 10.547827999999999, 12.018939600000001, 13.159834299999998, 16.576445, 38.404747
8.72438825, 9.068313, 10.519707, 12.009534, 13.156208, 16.34870434999998, 38.404747
8.72619475, 9.0774845, 10.542297, 12.018365700000002, 13.150815, 16.385151, 38.813544
8.728453, 9.072659, 10.50332175, 12.019524, 13.083174049999997, 16.570951, 38.813544
8.726526, 9.065829, 10.5060475, 12.00186980000001, 13.067097949999999, 16.238191, 38.813544
8.730203, 9.082611, 10.5482845, 12.0482814, 13.252007, 16.802209, 38.813544
8.646259, 9.117858, 10.802748, 12.434019, 13.967338, 17.8129, 38.813544
8.647682, 9.129338, 10.801294, 12.444263, 14.009391, 17.703598, 38.813544
8.647156, 9.124901, 10.8042355, 12.429641, 14.034355, 17.69964492999999, 38.813544
8.6426955, 9.109495, 10.803248, 12.408001, 13.960113, 17.458345, 38.813544
8.65292725, 9.141965, 10.824965, 12.430775, 14.078328, 17.8129, 38.813544
8.64911925, 9.126939, 10.810196000000001, 12.426232, 14.015086, 17.872018, 38.813544
8.727066, 9.079817, 10.5396005, 11.9862213, 13.135562849999998, 16.620502, 38.813544
8.725231, 9.06622, 10.528769, 11.992195500000003, 13.171386749999996, 16.38437187, 38.813544
8.726943, 9.064911500000001, 10.521074, 12.020808800000005, 13.117615, 16.644732, 38.813544
8.727958, 9.073015999999999, 10.532607, 11.981595, 13.209190649999998, 16.703847219999986, 38.813544
8.729343, 9.0799095, 10.52049575, 12.00186980000001, 13.157196249999998, 16.319874, 38.404747
8.726114, 9.067373, 10.5208805, 11.984948700000004, 13.117741999999998, 16.442499, 38.813544
8.723138, 9.063906, 10.50332175, 12.05524, 13.17626575, 16.593917, 38.813544
8.726952, 9.070051, 10.50142375, 12.030261, 13.221502, 16.616174459999954, 38.813544
8.728171, 9.070316, 10.541918, 12.073652800000001, 13.241438, 16.61575631, 38.813544
8.72704125, 9.065487, 10.4968845, 11.981717500000004, 13.05255095, 16.606196, 38.813544
8.73115975, 9.0918, 10.537901, 12.027377000000001, 13.182134599999998, 16.620502, 38.813544
8.72694825, 9.082474, 10.5393125, 12.048465, 13.238017, 16.604807, 38.813544
8.72694, 9.078523, 10.528691, 12.010073700000003, 13.169759249999998, 16.703767, 38.404747
8.72874675, 9.0744545, 10.51923575, 12.007204, 13.155389, 16.60924376999999, 38.813544
8.784563, 9.050419, 10.215979, 11.642031, 12.443785, 14.831535, 26.889073
8.786741, 9.057212, 10.212233, 11.649813900000002, 12.469801, 14.932686829999989, 26.889073
8.79005175, 9.0505645, 10.248715, 11.654684, 12.469874149999999, 14.995983, 26.889073
8.78937475, 9.054412, 10.242552, 11.662602, 12.518624, 15.021127, 19.563106
8.784411, 9.0497585, 10.205052, 11.638363300000002, 12.397371, 14.824984, 26.889073
8.790431, 9.057212, 10.242432, 11.650619200000003, 12.462983899999998, 14.94417, 19.563106
8.831363499999998, 9.0163185, 9.3786255, 10.874871, 11.818499749999996, 14.112367, 35.734803
8.83071, 9.0141295, 9.364106, 10.875299900000002, 11.8383449, 14.022834, 37.448702
8.830292, 9.015716, 9.376036, 10.8790038, 11.77739585, 13.96692616999998, 37.448702
8.83599025, 9.018358, 9.3781795, 10.9081447, 11.771586, 13.640810209999987, 37.448702
8.829834, 9.016231, 9.36754525, 10.861953, 11.76124, 13.77010525999999, 37.448702
8.8337405, 9.018681, 9.36686225, 10.8551553, 11.7494049, 14.279507, 35.734803
8.8300475, 9.018303, 9.382893249999999, 10.897723, 11.833178049999997, 14.112456159999986, 35.487972
8.83386925, 9.0166575, 9.367611, 10.8132021, 11.737382899999993, 13.605710779999944, 37.448702
8.8315425, 9.015796, 9.3727975, 10.8010724, 11.721451, 13.980478189999959, 37.448702
8.8318725, 9.017149, 9.359746, 10.830214, 11.73446955, 13.892242, 35.487972
8.835093, 9.017957, 9.383948, 10.9060333, 11.768566, 13.920466849999965, 37.448702
8.8351155, 9.015759, 9.37409425, 10.846497900000001, 11.721451, 13.770052, 35.487972
8.830226750000001, 9.013272, 9.360743, 10.833551, 11.7155529, 13.787759, 37.448702
8.827568, 9.013277, 9.357351750000001, 10.8585342, 11.754746, 13.70786107999998, 35.734803
8.826824, 9.0106395, 9.36534125, 10.836818, 11.7547539, 13.892242, 35.487972
8.8325825, 9.021241499999999, 9.374021500000001, 10.878782, 11.787223, 13.85159, 37.448702
8.830093, 9.01672, 9.376036, 10.894653, 11.788002, 14.054369, 35.734803
8.834588, 9.018195, 9.37526425, 10.8428234, 11.749916, 13.653467109999912, 37.448702
8.83577225, 9.022027, 9.389236, 10.911256, 11.832118, 14.02563351999998, 37.448702
8.83492525, 9.0171895, 9.386166000000001, 10.8448965, 11.7637551, 13.76228128999998, 37.448702
8.8363645, 9.0192925, 9.369636499999999, 10.8939006, 11.833089, 14.042414749999981, 35.734803
8.831774, 9.017765, 9.37689075, 10.877024, 11.768866, 13.97964285, 37.448702
8.833326750000001, 9.0178785, 9.3751775, 10.861652399999999, 11.77408595, 13.892242, 37.448702
8.8318405, 9.017683, 9.38114525, 10.8666691, 11.777492899999999, 14.022859149999995, 37.448702
8.829763, 9.019313499999999, 9.37404525, 10.878269, 11.768963999999997, 13.97922318, 37.448702
8.835092750000001, 9.0185995, 9.374021500000001, 10.8376882, 11.727608649999995, 13.775378, 37.448702
8.8346135, 9.020776, 9.356718, 10.8640364, 11.867374549999997, 14.163179739999999, 37.448702
8.83104375, 9.0122325, 9.373945, 10.8678974, 11.737039849999999, 14.006010929999974, 35.734803
8.83071, 9.018442, 9.38131175, 10.902352, 11.865343, 14.331779, 37.448702
8.833276, 9.016017, 9.3760535, 10.875073100000002, 11.8258517, 13.787930029999897, 35.734803
8.832856249999999, 9.016208, 9.38272325, 10.8748845, 11.777492899999999, 13.94243, 35.734803
8.8336685, 9.014857, 9.35754275, 10.875006, 11.766958599999999, 14.0253507, 37.448702
8.83650125, 9.0248785, 9.381943249999999, 10.884418, 11.727249, 13.787759, 35.734803
8.83403075, 9.0166995, 9.358324999999999, 10.86784, 11.7618517, 13.920245, 35.734803
8.833693, 9.01568, 9.359972, 10.853239300000002, 11.777492899999999, 13.862658499999995, 37.448702
8.834620000000001, 9.022027, 9.373654, 10.8833929, 11.794418, 14.036971, 37.448702
8.83197225, 9.0168535, 9.373891, 10.888334, 11.7724088, 13.966930349999979, 37.448702
8.831273, 9.016698, 9.378699, 10.893972, 11.840432549999996, 13.787291719999999, 37.448702
8.835476, 9.025491, 9.388694000000001, 10.940015500000001, 11.8491212, 14.279811989999951, 35.487972
8.831273, 9.018588000000001, 9.36553275, 10.846019, 11.749083, 13.652939739999997, 35.734803
8.835759, 9.020969, 9.378129, 10.8983991, 11.833178049999997, 14.370469769999952, 37.448702
8.8350685, 9.018132, 9.378153, 10.9299, 11.768581, 13.851728899999978, 37.448702
8.83116325, 9.016218, 9.375854, 10.853581800000002, 11.749083, 13.86548, 37.448702
8.83669175, 9.02492, 9.38467275, 10.969199699999999, 11.762739, 14.121396799999982, 35.734803
8.83169, 9.018489500000001, 9.3845875, 10.894122, 11.838457, 14.006010929999974, 35.734803
8.830983, 9.016783, 9.3605075, 10.900963, 11.799938, 14.112367, 37.448702
8.83377075, 9.013545, 9.38148975, 10.902952, 11.818186, 14.040122929999997, 37.448702
8.86566, 9.003557, 9.179454750000001, 9.4567853, 9.929366, 11.999339, 37.448702
8.6459255, 9.1200005, 10.8119205, 12.480071, 14.094377149999996, 17.802213, 116.40365624765158
8.64766575, 9.142960500000001, 10.8297875, 12.512224300000002, 14.08060959999999, 17.644577100000006, 34.462112
8.65951825, 9.171741, 10.86710275, 12.5125249, 14.0770436, 17.922138370000003, 34.408771
8.646227, 9.1089295, 10.732890000000001, 12.3465676, 13.866787349999997, 17.377305, 38.813544
8.656266, 9.118092, 10.80152075, 12.367258, 13.85419684999999, 17.786971, 38.813544
8.641534, 9.1180425, 10.83873, 12.5889387, 14.126659, 17.844781120000004, 38.813544
8.64473275, 9.147061, 10.836865, 12.4477016, 13.94272, 18.233113, 34.462112
8.64698325, 9.128838, 10.799044, 12.449230300000002, 13.952210899999994, 17.700478660000016, 38.813544
8.647882, 9.136702, 10.820243, 12.437000900000003, 13.99554189999999, 17.81349118000001, 38.813544
8.65180025, 9.149131, 10.813056, 12.4672637, 14.039873, 17.69969264, 38.813544
8.642302, 9.149296, 10.799044, 12.4205628, 13.984007949999995, 17.8129, 38.813544
8.6452335, 9.105825, 10.829518, 12.339353, 13.863886, 17.960504, 38.813544
8.646310249999999, 9.117975000000001, 10.831342, 12.4532509, 14.062389, 17.872517720000012, 38.404747
8.641161, 9.1149975, 10.76975, 12.4492612, 14.059531149999998, 17.92199, 38.813544
8.6476805, 9.183766, 10.84272825, 12.5413712, 14.165216549999993, 17.872018, 38.813544
8.653175, 9.145338, 10.84562975, 12.420221, 13.99554189999999, 17.644577100000006, 34.462112
8.639742, 9.066558, 10.715006500000001, 12.270194700000001, 13.94344149999999, 17.703598, 38.813544
8.649001, 9.111909, 10.78566375, 12.419637, 13.931584749999994, 17.703598, 34.462112
8.647862750000002, 9.118482499999999, 10.80152075, 12.4672637, 13.995730049999986, 17.644577100000006, 38.813544
8.655199999999999, 9.14294, 10.78780575, 12.361003, 13.985217999999977, 17.37773514000001, 27.927733
8.640156750000001, 9.141025500000001, 10.8072195, 12.5100025, 13.931125, 17.709146020000016, 38.813544
8.64300075, 9.118996500000002, 10.787559, 12.357209500000002, 13.868162, 17.665015780000026, 38.404747
8.654222749999999, 9.140818, 10.803728, 12.424528800000001, 14.015404799999995, 17.54839695000002, 38.813544
8.635072000000001, 9.113921999999999, 10.810196000000001, 12.382870700000002, 14.06229875, 18.597355, 38.813544
8.64219375, 9.109048, 10.78858425, 12.459643, 13.885285399999995, 17.644383, 38.813544
8.64621125, 9.1191615, 10.7947655, 12.444253100000001, 13.984007949999995, 18.23399394000002, 38.813544
8.649687, 9.1118515, 10.788229000000001, 12.356788, 13.94032, 17.611796, 38.813544
8.64305, 9.127207, 10.799901, 12.426232, 13.943173749999993, 17.644935220000015, 38.404747
8.650166, 9.160303, 10.835209, 12.497233200000002, 14.152208999999996, 17.960504, 38.813544
8.64945925, 9.111567, 10.802748, 12.423902400000001, 13.935113999999995, 17.287988, 34.408771
8.642448250000001, 9.111492, 10.796270750000001, 12.4361022, 14.027751549999996, 17.709146020000016, 38.813544
8.78722075, 9.049575, 10.20003875, 11.606876300000001, 12.38512925, 14.822824, 19.563106
8.79191525, 9.070618, 10.30203225, 11.697085600000001, 12.5520433, 15.09555742000004, 19.393533
8.78002375, 9.065487, 10.20616025, 11.60441, 12.385275, 14.932840540000004, 19.563106
8.789632, 9.0668495, 10.20616025, 11.633763, 12.460371, 14.801356620000002, 26.889073
8.789595, 9.067782000000001, 10.234974750000001, 11.600619, 12.5304223, 14.63232, 26.889073
8.79273875, 9.0604335, 10.23843875, 11.6735604, 12.53391275, 15.463954, 19.563106
8.790794, 9.048156500000001, 10.175204, 11.6138449, 12.478849, 14.742167540000013, 18.865024
8.78381025, 9.0507895, 10.2210625, 11.653518, 12.366190600000001, 14.996300190000008, 26.889073
8.7797165, 9.0640645, 10.196786, 11.584012000000001, 12.366451700000002, 14.815255450000002, 18.865024
8.7939945, 9.0542415, 10.226674, 11.6939268, 12.5667559, 15.279394240000041, 19.563106
8.783674, 9.044179, 10.14666075, 11.583639, 12.3781671, 14.8012448, 19.393533
8.78843175, 9.064097, 10.17330875, 11.6611539, 12.472246900000002, 14.873968020000007, 19.563106
8.792757, 9.0795745, 10.247872, 11.6685741, 12.503217400000002, 14.932743420000001, 26.889073
8.776669, 9.036287000000002, 10.205375, 11.606971900000001, 12.353515, 14.824984, 26.889073
8.784188, 9.059054, 10.21712925, 11.6489259, 12.455319200000002, 15.049793, 19.563106
8.779994, 9.053367, 10.217176, 11.609365, 12.425309250000002, 15.02119275, 19.393533
8.789632, 9.047295, 10.165044250000001, 11.668766100000001, 12.4446137, 15.093761, 19.563106
8.791162499999999, 9.0539795, 10.223674, 11.623748, 12.5520433, 14.801217, 19.393533
8.785803, 9.067699000000001, 10.281860250000001, 11.699161, 12.4572683, 15.052029100000048, 18.677002
8.790105, 9.038269, 10.1617015, 11.5400034, 12.343527650000002, 14.902097390000007, 19.393533
8.7943835, 9.067734000000002, 10.268869, 11.715902000000002, 12.450106350000002, 14.953992380000003, 18.677002
8.78761875, 9.065531, 10.2433575, 11.6492874, 12.440311, 14.757332510000007, 18.66297
8.79958775, 9.082611, 10.246912, 11.6197286, 12.476371, 14.873968020000007, 18.347922
8.789546, 9.051914499999999, 10.2483505, 11.663426, 12.421232650000002, 14.804206870000005, 26.889073
8.781824, 9.0499645, 10.12769175, 11.6075902, 12.5723495, 15.09555742000004, 26.889073
8.789133249999999, 9.053367, 10.21044375, 11.640876200000001, 12.385381, 14.736828490000006, 19.563106
8.7908555, 9.049597, 10.26628875, 11.7087603, 12.57909255, 15.09555742000004, 26.889073
8.649461, 9.1065525, 10.7217185, 12.335357700000003, 13.952062749999996, 18.321207, 38.813544
8.64305, 9.118415, 10.832974, 12.551460800000005, 14.174841549999988, 18.652572290000027, 38.813544
8.639007, 9.086715, 10.813506499999999, 12.403628500000003, 14.059407, 18.212163610000005, 38.813544
8.6441145, 9.101549, 10.81732525, 12.424528800000001, 14.057811, 17.53935825000002, 34.462112
8.6624955, 9.149667, 10.87179425, 12.480766400000002, 14.10506745, 18.213044550000024, 38.813544
8.641443, 9.109119, 10.755138, 12.3847517, 13.967338, 17.630272330000015, 38.813544
8.64317525, 9.088541, 10.720273, 12.3429271, 13.849201, 17.23403666, 34.462112
8.649774749999999, 9.173124, 10.83570575, 12.4477016, 13.967686449999995, 17.54839695000002, 38.813544
8.647149500000001, 9.081657499999999, 10.710172, 12.278174, 13.840659, 17.483699230000013, 38.404747
8.654577, 9.118227, 10.85023975, 12.4078891, 13.984204349999992, 17.844781120000004, 34.462112
8.637446, 9.082691, 10.799901, 12.3847517, 13.94032, 17.611796, 38.813544
8.65028775, 9.1457875, 10.789254249999999, 12.385053500000001, 14.040973849999984, 17.483607930000012, 38.404747
8.6409035, 9.117321, 10.8079575, 12.437145600000003, 13.95715, 17.933244750000057, 38.813544
8.646902, 9.101549, 10.794076, 12.5655833, 14.070622, 17.787123420000004, 38.404747
8.646662, 9.137233, 10.88294275, 12.573734700000003, 14.260859, 17.664191050000007, 34.462112
8.64187725, 9.090484, 10.82046725, 12.5125249, 14.071029949999996, 17.644383, 38.404747
8.66194325, 9.11825, 10.76105, 12.348289000000001, 13.940439999999999, 17.888381480000007, 38.404747
8.652431, 9.1615505, 10.846322, 12.440256900000001, 13.94032, 17.443292050000004, 38.813544
8.641559, 9.090355, 10.7942225, 12.436074, 13.929538, 17.471043840000014, 38.404747
8.649243250000001, 9.134975, 10.8355545, 12.4445948, 13.94032, 17.665024780000024, 38.813544
8.649298, 9.149584, 10.830678, 12.4297544, 13.964287549999996, 17.629720110000004, 38.813544
8.643614, 9.1462885, 10.801870000000001, 12.431304900000002, 14.124431, 18.211952, 38.404747
8.63655, 9.073017, 10.7723875, 12.356788, 13.961266, 17.787040250000004, 38.813544
8.651493, 9.111086499999999, 10.74287325, 12.3057306, 13.925927999999997, 17.70442273000002, 38.813544
8.647864250000001, 9.1496255, 10.842357, 12.435042300000003, 13.916690449999997, 17.793979170000004, 38.813544
8.790794, 9.0446745, 10.23324925, 11.7516824, 12.5723897, 15.463954, 19.563106
8.7976265, 9.0584835, 10.236745, 11.6726621, 12.421800900000003, 14.741698300000003, 26.889073
8.78472625, 9.069617, 10.222055749999999, 11.642424600000002, 12.313479, 14.737297730000016, 19.563106
8.78962275, 9.048185, 10.2144035, 11.67544, 12.5023274, 14.815179, 19.563106
8.788515, 9.0643625, 10.29688975, 11.579707, 12.28655395, 14.801520180000006, 26.889073
8.78691, 9.06761, 10.240888, 11.654684, 12.4446137, 15.023313320000048, 26.889073
8.788431, 9.051146, 10.203357500000001, 11.6492085, 12.4764949, 14.901789, 26.889073
8.781603, 9.054426, 10.1975375, 11.638343, 12.441150700000003, 15.027922910000004, 19.563106
8.792209, 9.054797, 10.221983, 11.5966045, 12.318889, 14.741698300000003, 26.889073
8.785933, 9.056303, 10.23804825, 11.695283, 12.52358155, 14.965230630000006, 26.889073
8.64423425, 9.0947105, 10.799044, 12.498776, 14.163016, 17.88846820000001, 38.813544
8.795171, 9.0901955, 10.331318, 11.761898400000002, 12.605946, 14.965230630000006, 19.563106
8.796453, 9.055464, 10.223674, 11.671120499999999, 12.496195, 14.746909, 18.474331
8.787975, 9.06636, 10.220617, 11.670663300000001, 12.52358155, 15.054648080000009, 26.889073
8.786741, 9.04005, 10.164182, 11.578305, 12.343002, 14.965230630000006, 26.889073
8.798141, 9.065735499999999, 10.287415750000001, 11.6154512, 12.397729550000001, 14.804974920000022, 18.865024
8.784536, 9.084795, 10.248715, 11.6259878, 12.426975700000003, 14.757073, 19.563106
8.78072125, 9.042372, 10.2155, 11.647011000000001, 12.5023274, 14.803997, 19.563106
8.784411, 9.0725145, 10.27841375, 11.696767000000001, 12.5295792, 15.240095440000006, 26.889073
8.8657435, 9.002492499999999, 9.173490999999999, 9.4361573, 9.971022949999998, 12.279502019999992, 37.448702
8.8688225, 9.007812999999999, 9.17731725, 9.4556117, 9.970956, 12.170301709999988, 35.734803
8.86347625, 9.0052845, 9.17934525, 9.449816, 9.872993749999996, 11.874676349999994, 35.487972
8.86933075, 9.0068475, 9.187595250000001, 9.4840041, 10.093826449999991, 12.330462, 35.487972
8.86699175, 9.0004675, 9.182877750000001, 9.482848200000001, 10.125968199999997, 12.05007623999995, 35.734803
8.86570575, 9.0038935, 9.17380925, 9.4449875, 9.95293145, 11.749691419999985, 35.487972
8.87095575, 9.004820500000001, 9.178997, 9.413577199999999, 9.843192850000001, 11.96145763999999, 35.487972
8.868601, 9.004387, 9.183090499999999, 9.476735099999999, 10.070889, 11.993687219999996, 35.487972
8.864438, 8.995734500000001, 9.172599, 9.4381976, 9.940905, 11.8948773, 37.448702
8.780258, 9.053899000000001, 10.251045750000001, 11.6790056, 12.525207000000002, 14.832604760000024, 18.865024
8.78669775, 9.040636, 10.22091625, 11.633763, 12.462855, 14.873968020000007, 19.393533
8.79553675, 9.0522615, 10.212405749999999, 11.64915, 12.420386, 15.27344427, 19.563106
8.784649, 9.0513455, 10.202046000000001, 11.6498139, 12.38512925, 14.832237540000015, 19.393533
8.79447025, 9.076331, 10.23242575, 11.597828100000003, 12.395973549999999, 14.902097390000007, 26.889073
8.785754, 9.0539795, 10.185552, 11.638711800000001, 12.3137495, 14.491275160000008, 26.889073
8.78832775, 9.069364, 10.27841375, 11.737917300000003, 12.558802850000001, 15.273403, 19.563106
8.78854875, 9.0781195, 10.2776875, 11.675784, 12.462855, 14.953882, 19.563106
8.774981499999999, 9.0405895, 10.197348, 11.5823364, 12.32018585, 14.804108820000003, 18.865024
8.78946625, 9.050920999999999, 10.25996675, 11.661252000000001, 12.388296, 15.05023268000001, 26.889073
8.648381749999999, 9.131829, 10.7886045, 12.430957400000004, 14.080905299999987, 17.703598, 38.813544
8.655199999999999, 9.093239, 10.776479, 12.481478300000001, 13.968153399999988, 17.8129, 38.813544
8.640381000000001, 9.091368, 10.799044, 12.4189413, 14.01386649999999, 17.813216060000006, 38.813544
8.6455185, 9.155742, 10.801449, 12.412122100000001, 14.079938, 17.699644929999998, 38.813544
8.646301, 9.112207, 10.82114, 12.4532509, 13.964287549999996, 17.458592090000007, 38.404747
8.646662, 9.116301499999999, 10.830596, 12.459889800000001, 14.066710849999996, 17.8129, 38.404747
8.642424, 9.130988, 10.795076, 12.444253100000001, 14.059531149999998, 17.703598, 34.462112
8.6502375, 9.129560000000001, 10.8385125, 12.484523400000008, 14.062389, 17.96278833000005, 38.813544
8.652616, 9.137685, 10.7929075, 12.4538246, 13.940893749999992, 17.70442273000002, 38.813544
8.646227, 9.129560000000001, 10.750098, 12.424355, 13.786359099999984, 17.786071, 38.813544
8.643217, 9.105464999999999, 10.7914005, 12.407502, 14.062400199999999, 17.872666090000013, 38.404747
8.64150725, 9.111567, 10.76863775, 12.4238844, 14.027751549999996, 17.458465180000005, 38.813544
8.651152249999999, 9.166531, 10.802114, 12.429064, 13.931310749999996, 17.786971, 38.813544
8.649687, 9.126809999999999, 10.77695925, 12.378577600000002, 13.952062749999996, 17.483054, 38.404747
8.642302, 9.086538000000001, 10.745409500000001, 12.356797300000002, 13.846255299999994, 17.539506360000026, 38.813544
8.6476755, 9.135001500000001, 10.86715225, 12.4587684, 14.057811, 17.539506360000026, 34.462112
8.649608, 9.1361645, 10.8014045, 12.423639, 13.957298149999998, 17.708369, 38.813544
8.64345125, 9.122326000000001, 10.801294, 12.474779400000001, 14.027404, 17.629572, 34.408771
8.64686075, 9.110721, 10.7886045, 12.4342527, 14.034355, 17.414351279999998, 38.813544
8.6596, 9.124091499999999, 10.832821, 12.384552, 13.868725849999992, 17.844941360000007, 38.813544
8.64293325, 9.129052999999999, 10.86349375, 12.533536, 13.991081399999997, 17.922076720000003, 38.813544
8.649683, 9.1200005, 10.7623375, 12.429064, 14.063569, 17.539180490000017, 38.404747
8.654291749999999, 9.142981, 10.792584, 12.420221, 14.134908549999984, 17.92199, 38.813544
8.6467705, 9.1146745, 10.764135, 12.389567, 14.009579149999999, 17.708369, 34.462112
8.6521965, 9.141917, 10.802748, 12.349046900000001, 14.009579149999999, 18.211952, 38.813544
8.6423965, 9.133437, 10.8100695, 12.512671200000002, 14.0770436, 17.813651420000017, 38.404747
8.648051, 9.1263985, 10.857503000000001, 12.423639, 14.066505, 18.492794, 38.404747
8.649129, 9.113921999999999, 10.759644250000001, 12.352565, 13.883440599999998, 17.664191050000007, 38.404747
8.6455185, 9.1180425, 10.803248, 12.3658189, 13.885533, 17.612121870000006, 38.813544
8.64767175, 9.0902375, 10.731179, 12.394759, 13.911856849999992, 17.630272330000015, 38.404747
8.641439, 9.112278, 10.785508499999999, 12.413974300000001, 13.957446999999997, 17.458465180000005, 34.462112
8.636693, 9.1075165, 10.7446225, 12.402618, 14.063569, 17.922076720000003, 38.813544
8.63655, 9.111738, 10.792807, 12.444584900000002, 14.152327399999995, 17.787040250000004, 38.813544
8.64293325, 9.074737, 10.732890000000001, 12.436074, 14.063921649999994, 17.786232420000005, 38.813544
8.6377825, 9.1088585, 10.78501425, 12.453529, 14.059407, 17.888042, 38.813544
8.643056, 9.104269500000001, 10.824965, 12.459643, 13.974773949999992, 17.704431730000017, 38.813544
8.6473015, 9.1453705, 10.8078255, 12.482439500000003, 14.071029949999996, 17.930662, 38.813544
8.63542, 9.1113325, 10.788229000000001, 12.442805, 13.916439, 17.844781120000004, 38.813544
8.655849, 9.141859, 10.842357, 12.429641, 13.991081399999997, 16.94282448000001, 38.404747
8.64212775, 9.106176999999999, 10.7594085, 12.342726, 13.82473509999999, 17.377305, 38.813544
8.646662, 9.1360165, 10.837245, 12.4566762, 14.081794099999973, 17.813216060000006, 38.404747
8.643625, 9.133437, 10.83720825, 12.478283100000002, 14.160849999999998, 17.93957825000006, 38.813544
8.64688175, 9.149592, 10.860042, 12.474567900000002, 14.013154, 17.708369, 38.813544
8.656486750000001, 9.150252, 10.840113, 12.424355, 13.960170649999998, 17.69969264, 38.813544
8.643319, 9.086532, 10.773581499999999, 12.356797300000002, 14.066505, 17.629914210000006, 38.404747
8.643217, 9.109119, 10.7637745, 12.390067900000002, 13.960474249999994, 17.288881170000018, 34.408771
8.635166250000001, 9.0732395, 10.7784, 12.469998000000002, 14.0770436, 17.70364571, 38.404747
8.64621125, 9.128132, 10.813056, 12.397027200000004, 13.929538, 17.708369, 38.813544
8.650438, 9.110756, 10.846322, 12.430775, 14.057811, 17.787123420000004, 38.813544
8.645996, 9.0916385, 10.749426499999998, 12.3658189, 13.943173749999993, 17.803071290000016, 34.462112
8.64355675, 9.0945045, 10.729018499999999, 12.330038600000002, 13.910078, 17.644935220000015, 38.813544
8.648585749999999, 9.137193499999999, 10.837947750000001, 12.431304900000002, 13.943173749999993, 17.844941360000007, 38.813544
8.666269, 9.1556125, 10.85147125, 12.436356, 13.975135899999987, 17.547577, 38.813544
8.645282, 9.1419685, 10.80165475, 12.456485, 13.917093949999991, 17.547577, 38.813544
8.64960825, 9.188748, 10.87345275, 12.50979, 13.99554189999999, 17.80231987, 34.408771
8.641551250000001, 9.082474, 10.730766500000001, 12.4261067, 13.967686449999995, 17.61197376, 38.404747
8.658196, 9.15785, 10.82046725, 12.320788200000003, 13.943589649999987, 17.414516330000005, 38.813544
8.65043375, 9.117393, 10.766275, 12.440256900000001, 14.117408849999995, 17.8129, 38.813544
8.6423845, 9.087907000000001, 10.809144, 12.482777, 14.059407, 17.700469660000017, 38.813544
8.644131, 9.128062, 10.803367999999999, 12.424355, 13.94272, 17.793896, 38.813544
8.65997, 9.143244, 10.83040925, 12.440258, 14.066715599999997, 17.793979170000004, 38.813544
9.100464, 11.20522, 14.047847, 17.3651018, 19.605548, 26.508677560000002, 40.625286
9.056954, 11.0517, 13.891922749999999, 17.181971, 19.673247, 26.227057190000018, 40.625286
9.08878775, 11.234425, 14.08345675, 17.419076000000004, 19.78262984999999, 24.929448, 44.22794
9.09220975, 11.204613, 13.941436249999999, 17.2982277, 19.677231249999977, 25.267843, 44.22794
9.09837925, 11.280064, 14.150613, 17.540978, 20.027207, 26.539663190000006, 40.625286
9.107936, 11.179576999999998, 13.936948, 17.364599, 19.9112804, 25.786771, 44.22794
9.1066925, 11.234332, 14.050731500000001, 17.2574, 19.541624249999995, 25.268505750000013, 44.22794
9.109645, 11.269329500000001, 14.150048250000001, 17.5805745, 20.058643, 27.178501420000046, 44.22794
9.085779, 11.263506, 14.167474, 17.521583, 20.028886, 25.907049, 44.22794
9.127095, 11.3149065, 14.147813, 17.4011065, 19.759592449999985, 25.607740360000015, 40.625286
9.09865275, 11.207168, 14.0116885, 17.3618756, 19.673939599999994, 25.259222, 44.22794
9.085298, 11.1827735, 14.092094, 17.3618756, 19.673757, 25.101169370000015, 38.509309
9.089147, 11.214026, 14.0085785, 17.379379500000002, 20.027207, 26.206109, 40.625286
9.125335, 11.310512, 14.222310499999999, 17.630696, 19.975911049999986, 26.015162, 44.22794
9.116177, 11.201254, 14.03804025, 17.4492273, 19.837517, 26.227057190000018, 44.22794
9.097669499999999, 11.184095500000002, 14.007419, 17.569492400000005, 20.085348, 26.511208, 44.22794
9.123961, 11.261879, 14.167474, 17.703811, 20.171954699999993, 26.531374, 40.625286
9.12480175, 11.170469, 13.998535, 17.4391502, 19.75466099999998, 26.016247410000023, 40.625286
9.098896, 11.220182, 14.0739705, 17.434288, 19.874443449999998, 25.786816660000003, 44.22794
9.131323, 11.257548, 14.18346, 17.42958, 19.707434299999992, 25.33463687000001, 44.22794
9.132374, 11.245794, 14.06563125, 17.452446, 20.027207, 26.508652, 40.625286
9.05888325, 11.111773, 14.010793, 17.19947730000001, 19.667146899999995, 25.46558043000002, 39.815707
9.120837, 11.204491, 14.016196, 17.462277600000007, 20.02381, 26.016247410000023, 44.22794
9.133272, 11.2620795, 14.20186225, 17.824412, 20.297425499999996, 26.655765, 44.22794
9.1239285, 11.275377, 14.084987, 17.434288, 20.027207, 26.508677560000002, 44.22794
9.130316, 11.205217000000001, 13.941365, 17.2381135, 19.862456, 25.908130130000025, 44.22794
9.115799, 11.268315, 14.096689, 17.540978, 19.927697349999995, 25.872219, 44.22794
9.107936, 11.219993, 14.0347425, 17.4528589, 19.9112804, 25.87213881, 44.22794
9.133272, 11.284417, 14.0840075, 17.387633, 19.718137, 25.87213881, 44.22794
9.081487749999999, 11.1726905, 14.104613500000001, 17.458204900000005, 20.007928, 25.874733840000054, 44.22794
9.110852, 11.292216, 14.165830750000001, 17.443262, 19.878328, 25.60713201, 44.22794
9.1032955, 11.2041905, 13.983948250000001, 17.208558, 19.651466149999997, 25.386005, 44.22794
9.139144, 11.314011, 14.27618725, 17.580341, 20.17710315, 25.398104, 39.815707
9.06749, 11.138563999999999, 13.92971425, 17.286350300000002, 19.666696, 25.60713201, 44.22794
9.098804, 11.184095500000002, 14.10695, 17.321749500000003, 19.99185975, 25.334757860000014, 44.22794
9.141848, 11.2749365, 14.11211825, 17.5587109, 19.897960549999997, 25.792145010000016, 44.22794
9.098896, 11.1693035, 13.96009, 17.299052, 19.675896599999998, 25.618142320000036, 40.625286
9.114064, 11.180544, 14.042715, 17.406959400000005, 20.019814399999994, 26.123703, 40.625286
9.113382999999999, 11.305139, 14.123389, 17.362378400000004, 19.905001, 25.677274, 40.625286
9.101617, 11.097562, 14.08632, 17.42958, 19.89759, 25.678368970000026, 44.22794
9.13239725, 11.279103, 14.030796, 17.388325800000004, 20.093785, 25.792145010000016, 40.625286
9.111456, 11.2339335, 14.07161575, 17.2977074, 19.759549299999986, 25.87213881, 44.22794
9.114416, 11.294372, 14.0182195, 17.388928600000007, 20.02729095, 25.607740360000015, 44.22794
9.14532275, 11.324834, 14.092094, 17.513247200000002, 20.019433, 25.909215540000048, 44.22794
8.65995525, 9.139159, 10.854436, 12.499877400000004, 14.114364799999992, 17.937063770000005, 38.813544
8.7943995, 9.070366, 10.2459785, 11.629768700000001, 12.397371, 14.804974920000022, 19.393533
8.87956175, 9.03359, 9.256482250000001, 9.5058563, 9.769548749999998, 15.87359139, 52.853195
8.88401875, 9.042539999999999, 9.242856, 9.5057779, 9.7161002, 14.744759209999987, 23.303856
8.877049, 9.0434115, 9.224376, 9.487161200000001, 9.752797, 11.0978168, 19.645042
0, 0, 0, 0, 0, 0, 0
0, 0, 0, 0, 0, 0, 0
0, 0, 0, 0, 0, 0, 0
0, 0, 0, 0, 0, 0, 0
0, 0, 0, 0, 0, 0, 0
0, 0, 0, 0, 0, 0, 0
0, 0, 0, 0, 0, 0, 0
0, 0, 0, 0, 0, 0, 0
0, 0, 0, 0, 0, 0, 0
0, 0, 0, 0, 0, 0, 0
0, 0, 0, 0, 0, 0, 0
0, 0, 0, 0, 0, 0, 0
0, 0, 0, 0, 0, 0, 0
0, 0, 0, 0, 0, 0, 0
0, 0, 0, 0, 0, 0, 0
0, 0, 0, 0, 0, 0, 0
0, 0, 0, 0, 0, 0, 0
0, 0, 0, 0, 0, 0, 0
0, 0, 0, 0, 0, 0, 0
0, 0, 0, 0, 0, 0, 0
0, 0, 0, 0, 0, 0, 0
0, 0, 0, 0, 0, 0, 0
0, 0, 0, 0, 0, 0, 0
0, 0, 0, 0, 0, 0, 0
0, 0, 0, 0, 0, 0, 0
0, 0, 0, 0, 0, 0, 0
0, 0, 0, 0, 0, 0, 0
0, 0, 0, 0, 0, 0, 0
0, 0, 0, 0, 0, 0, 0
0, 0, 0, 0, 0, 0, 0
0, 0, 0, 0, 0, 0, 0
0, 0, 0, 0, 0, 0, 0
0, 0, 0, 0, 0, 0, 0
0, 0, 0, 0, 0, 0, 0
0, 0, 0, 0, 0, 0, 0
0, 0, 0, 0, 0, 0, 0
0, 0, 0, 0, 0, 0, 0
0, 0, 0, 0, 0, 0, 0
0, 0, 0, 0, 0, 0, 0
0, 0, 0, 0, 0, 0, 0
0, 0, 0, 0, 0, 0, 0
0, 0, 0, 0, 0, 0, 0
0, 0, 0, 0, 0, 0, 0
0, 0, 0, 0, 0, 0, 0
0, 0, 0, 0, 0, 0, 0
0, 0, 0, 0, 0, 0, 0
0, 0, 0, 0, 0, 0, 0
0, 0, 0, 0, 0, 0, 0
0, 0, 0, 0, 0, 0, 0
0, 0, 0, 0, 0, 0, 0
0, 0, 0, 0, 0, 0, 0
0, 0, 0, 0, 0, 0, 0
0, 0, 0, 0, 0, 0, 0
0, 0, 0, 0, 0, 0, 0
0, 0, 0, 0, 0, 0, 0
0, 0, 0, 0, 0, 0, 0
0, 0, 0, 0, 0, 0, 0
0, 0, 0, 0, 0, 0, 0
0, 0, 0, 0, 0, 0, 0
0, 0, 0, 0, 0, 0, 0
0, 0, 0, 0, 0, 0, 0
0, 0, 0, 0, 0, 0, 0
0, 0, 0, 0, 0, 0, 0
0, 0, 0, 0, 0, 0, 0
0, 0, 0, 0, 0, 0, 0
0, 0, 0, 0, 0, 0, 0
0, 0, 0, 0, 0, 0, 0
0, 0, 0, 0, 0, 0, 0
0, 0, 0, 0, 0, 0, 0
0, 0, 0, 0, 0, 0, 0
0, 0, 0, 0, 0, 0, 0
0, 0, 0, 0, 0, 0, 0
0, 0, 0, 0, 0, 0, 0
0, 0, 0, 0, 0, 0, 0
0, 0, 0, 0, 0, 0, 0
0, 0, 0, 0, 0, 0, 0
0, 0, 0, 0, 0, 0, 0
0, 0, 0, 0, 0, 0, 0
0, 0, 0, 0, 0, 0, 0
0, 0, 0, 0, 0, 0, 0
0, 0, 0, 0, 0, 0, 0
0, 0, 0, 0, 0, 0, 0
0, 0, 0, 0, 0, 0, 0
0, 0, 0, 0, 0, 0, 0
0, 0, 0, 0, 0, 0, 0
0, 0, 0, 0, 0, 0, 0
0, 0, 0, 0, 0, 0, 0
0, 0, 0, 0, 0, 0, 0
0, 0, 0, 0, 0, 0, 0
0, 0, 0, 0, 0, 0, 0
0, 0, 0, 0, 0, 0, 0
0, 0, 0, 0, 0, 0, 0
0, 0, 0, 0, 0, 0, 0
0, 0, 0, 0, 0, 0, 0
0, 0, 0, 0, 0, 0, 0
0, 0, 0, 0, 0, 0, 0
0, 0, 0, 0, 0, 0, 0
0, 0, 0, 0, 0, 0, 0
0, 0, 0, 0, 0, 0, 0
0, 0, 0, 0, 0, 0, 0
0, 0, 0, 0, 0, 0, 0
0, 0, 0, 0, 0, 0, 0
0, 0, 0, 0, 0, 0, 0
0, 0, 0, 0, 0, 0, 0
0, 0, 0, 0, 0, 0, 0
0, 0, 0, 0, 0, 0, 0
0, 0, 0, 0, 0, 0, 0
0, 0, 0, 0, 0, 0, 0
0, 0, 0, 0, 0, 0, 0
0, 0, 0, 0, 0, 0, 0
0, 0, 0, 0, 0, 0, 0
0, 0, 0, 0, 0, 0, 0
0, 0, 0, 0, 0, 0, 0
0, 0, 0, 0, 0, 0, 0
0, 0, 0, 0, 0, 0, 0
0, 0, 0, 0, 0, 0, 0
0, 0, 0, 0, 0, 0, 0
0, 0, 0, 0, 0, 0, 0
0, 0, 0, 0, 0, 0, 0
0, 0, 0, 0, 0, 0, 0
0, 0, 0, 0, 0, 0, 0
0, 0, 0, 0, 0, 0, 0
0, 0, 0, 0, 0, 0, 0
0, 0, 0, 0, 0, 0, 0
0, 0, 0, 0, 0, 0, 0
0, 0, 0, 0, 0, 0, 0
0, 0, 0, 0, 0, 0, 0
0, 0, 0, 0, 0, 0, 0
0, 0, 0, 0, 0, 0, 0
0, 0, 0, 0, 0, 0, 0
0, 0, 0, 0, 0, 0, 0
0, 0, 0, 0, 0, 0, 0
0, 0, 0, 0, 0, 0, 0
0, 0, 0, 0, 0, 0, 0
0, 0, 0, 0, 0, 0, 0
0, 0, 0, 0, 0, 0, 0
0, 0, 0, 0, 0, 0, 0
0, 0, 0, 0, 0, 0, 0
0, 0, 0, 0, 0, 0, 0
0, 0, 0, 0, 0, 0, 0
0, 0, 0, 0, 0, 0, 0
0, 0, 0, 0, 0, 0, 0
0, 0, 0, 0, 0, 0, 0
0, 0, 0, 0, 0, 0, 0
0, 0, 0, 0, 0, 0, 0
0, 0, 0, 0, 0, 0, 0
0, 0, 0, 0, 0, 0, 0
0, 0, 0, 0, 0, 0, 0
0, 0, 0, 0, 0, 0, 0
0, 0, 0, 0, 0, 0, 0
0, 0, 0, 0, 0, 0, 0
0, 0, 0, 0, 0, 0, 0
0, 0, 0, 0, 0, 0, 0
0, 0, 0, 0, 0, 0, 0
0, 0, 0, 0, 0, 0, 0
0, 0, 0, 0, 0, 0, 0
0, 0, 0, 0, 0, 0, 0
0, 0, 0, 0, 0, 0, 0
0, 0, 0, 0, 0, 0, 0
0, 0, 0, 0, 0, 0, 0
0, 0, 0, 0, 0, 0, 0
0, 0, 0, 0, 0, 0, 0
0, 0, 0, 0, 0, 0, 0
0, 0, 0, 0, 0, 0, 0
0, 0, 0, 0, 0, 0, 0
0, 0, 0, 0, 0, 0, 0
0, 0, 0, 0, 0, 0, 0
0, 0, 0, 0, 0, 0, 0
0, 0, 0, 0, 0, 0, 0
0, 0, 0, 0, 0, 0, 0
0, 0, 0, 0, 0, 0, 0
0, 0, 0, 0, 0, 0, 0
0, 0, 0, 0, 0, 0, 0
0, 0, 0, 0, 0, 0, 0
0, 0, 0, 0, 0, 0, 0
0, 0, 0, 0, 0, 0, 0
0, 0, 0, 0, 0, 0, 0
0, 0, 0, 0, 0, 0, 0
0, 0, 0, 0, 0, 0, 0
0, 0, 0, 0, 0, 0, 0
0, 0, 0, 0, 0, 0, 0
0, 0, 0, 0, 0, 0, 0
0, 0, 0, 0, 0, 0, 0
0, 0, 0, 0, 0, 0, 0
0, 0, 0, 0, 0, 0, 0
0, 0, 0, 0, 0, 0, 0
0, 0, 0, 0, 0, 0, 0
0, 0, 0, 0, 0, 0, 0
0, 0, 0, 0, 0, 0, 0
0, 0, 0, 0, 0, 0, 0
0, 0, 0, 0, 0, 0, 0
0, 0, 0, 0, 0, 0, 0
0, 0, 0, 0, 0, 0, 0
0, 0, 0, 0, 0, 0, 0
0, 0, 0, 0, 0, 0, 0
0, 0, 0, 0, 0, 0, 0
0, 0, 0, 0, 0, 0, 0
0, 0, 0, 0, 0, 0, 0
0, 0, 0, 0, 0, 0, 0
0, 0, 0, 0, 0, 0, 0
0, 0, 0, 0, 0, 0, 0
0, 0, 0, 0, 0, 0, 0
0, 0, 0, 0, 0, 0, 0
0, 0, 0, 0, 0, 0, 0
0, 0, 0, 0, 0, 0, 0
0, 0, 0, 0, 0, 0, 0
0, 0, 0, 0, 0, 0, 0
0, 0, 0, 0, 0, 0, 0
0, 0, 0, 0, 0, 0, 0
0, 0, 0, 0, 0, 0, 0
0, 0, 0, 0, 0, 0, 0
0, 0, 0, 0, 0, 0, 0
0, 0, 0, 0, 0, 0, 0
0, 0, 0, 0, 0, 0, 0
0, 0, 0, 0, 0, 0, 0
0, 0, 0, 0, 0, 0, 0
0, 0, 0, 0, 0, 0, 0
0, 0, 0, 0, 0, 0, 0
0, 0, 0, 0, 0, 0, 0
0, 0, 0, 0, 0, 0, 0
0, 0, 0, 0, 0, 0, 0
0, 0, 0, 0, 0, 0, 0
0, 0, 0, 0, 0, 0, 0
0, 0, 0, 0, 0, 0, 0
0, 0, 0, 0, 0, 0, 0
0, 0, 0, 0, 0, 0, 0
0, 0, 0, 0, 0, 0, 0
0, 0, 0, 0, 0, 0, 0
0, 0, 0, 0, 0, 0, 0
0, 0, 0, 0, 0, 0, 0
0, 0, 0, 0, 0, 0, 0
0, 0, 0, 0, 0, 0, 0
0, 0, 0, 0, 0, 0, 0
0, 0, 0, 0, 0, 0, 0
0, 0, 0, 0, 0, 0, 0
0, 0, 0, 0, 0, 0, 0
0, 0, 0, 0, 0, 0, 0
0, 0, 0, 0, 0, 0, 0
0, 0, 0, 0, 0, 0, 0
0, 0, 0, 0, 0, 0, 0
0, 0, 0, 0, 0, 0, 0
0, 0, 0, 0, 0, 0, 0
0, 0, 0, 0, 0, 0, 0
0, 0, 0, 0, 0, 0, 0
0, 0, 0, 0, 0, 0, 0
0, 0, 0, 0, 0, 0, 0
0, 0, 0, 0, 0, 0, 0
0, 0, 0, 0, 0, 0, 0
0, 0, 0, 0, 0, 0, 0
0, 0, 0, 0, 0, 0, 0
0, 0, 0, 0, 0, 0, 0
0, 0, 0, 0, 0, 0, 0
0, 0, 0, 0, 0, 0, 0
0, 0, 0, 0, 0, 0, 0
0, 0, 0, 0, 0, 0, 0
0, 0, 0, 0, 0, 0, 0
0, 0, 0, 0, 0, 0, 0
0, 0, 0, 0, 0, 0, 0
0, 0, 0, 0, 0, 0, 0
0, 0, 0, 0, 0, 0, 0
0, 0, 0, 0, 0, 0, 0
0, 0, 0, 0, 0, 0, 0
0, 0, 0, 0, 0, 0, 0
0, 0, 0, 0, 0, 0, 0
0, 0, 0, 0, 0, 0, 0
0, 0, 0, 0, 0, 0, 0
0, 0, 0, 0, 0, 0, 0
0, 0, 0, 0, 0, 0, 0
0, 0, 0, 0, 0, 0, 0
0, 0, 0, 0, 0, 0, 0
0, 0, 0, 0, 0, 0, 0
0, 0, 0, 0, 0, 0, 0
0, 0, 0, 0, 0, 0, 0
0, 0, 0, 0, 0, 0, 0
0, 0, 0, 0, 0, 0, 0
0, 0, 0, 0, 0, 0, 0
0, 0, 0, 0, 0, 0, 0
0, 0, 0, 0, 0, 0, 0
0, 0, 0, 0, 0, 0, 0
0, 0, 0, 0, 0, 0, 0
0, 0, 0, 0, 0, 0, 0
0, 0, 0, 0, 0, 0, 0
0, 0, 0, 0, 0, 0, 0
0, 0, 0, 0, 0, 0, 0
0, 0, 0, 0, 0, 0, 0
0, 0, 0, 0, 0, 0, 0
0, 0, 0, 0, 0, 0, 0
0, 0, 0, 0, 0, 0, 0
0, 0, 0, 0, 0, 0, 0
0, 0, 0, 0, 0, 0, 0
0, 0, 0, 0, 0, 0, 0
0, 0, 0, 0, 0, 0, 0
0, 0, 0, 0, 0, 0, 0
0, 0, 0, 0, 0, 0, 0
0, 0, 0, 0, 0, 0, 0
0, 0, 0, 0, 0, 0, 0
0, 0, 0, 0, 0, 0, 0
0, 0, 0, 0, 0, 0, 0
0, 0, 0, 0, 0, 0, 0
0, 0, 0, 0, 0, 0, 0
0, 0, 0, 0, 0, 0, 0
0, 0, 0, 0, 0, 0, 0
0, 0, 0, 0, 0, 0, 0
0, 0, 0, 0, 0, 0, 0
0, 0, 0, 0, 0, 0, 0
0, 0, 0, 0, 0, 0, 0
0, 0, 0, 0, 0, 0, 0
0, 0, 0, 0, 0, 0, 0
0, 0, 0, 0, 0, 0, 0
0, 0, 0, 0, 0, 0, 0
0, 0, 0, 0, 0, 0, 0
0, 0, 0, 0, 0, 0, 0
0, 0, 0, 0, 0, 0, 0
0, 0, 0, 0, 0, 0, 0
0, 0, 0, 0, 0, 0, 0
0, 0, 0, 0, 0, 0, 0
0, 0, 0, 0, 0, 0, 0
0, 0, 0, 0, 0, 0, 0
0, 0, 0, 0, 0, 0, 0
0, 0, 0, 0, 0, 0, 0
0, 0, 0, 0, 0, 0, 0
0, 0, 0, 0, 0, 0, 0
0, 0, 0, 0, 0, 0, 0
0, 0, 0, 0, 0, 0, 0
0, 0, 0, 0, 0, 0, 0
0, 0, 0, 0, 0, 0, 0
0, 0, 0, 0, 0, 0, 0
0, 0, 0, 0, 0, 0, 0
0, 0, 0, 0, 0, 0, 0
0, 0, 0, 0, 0, 0, 0
0, 0, 0, 0, 0, 0, 0
0, 0, 0, 0, 0, 0, 0
0, 0, 0, 0, 0, 0, 0
0, 0, 0, 0, 0, 0, 0
0, 0, 0, 0, 0, 0, 0
0, 0, 0, 0, 0, 0, 0
0, 0, 0, 0, 0, 0, 0
0, 0, 0, 0, 0, 0, 0
0, 0, 0, 0, 0, 0, 0
0, 0, 0, 0, 0, 0, 0
0, 0, 0, 0, 0, 0, 0
0, 0, 0, 0, 0, 0, 0
0, 0, 0, 0, 0, 0, 0
0, 0, 0, 0, 0, 0, 0
0, 0, 0, 0, 0, 0, 0
0, 0, 0, 0, 0, 0, 0
0, 0, 0, 0, 0, 0, 0
0, 0, 0, 0, 0, 0, 0
0, 0, 0, 0, 0, 0, 0
0, 0, 0, 0, 0, 0, 0
0, 0, 0, 0, 0, 0, 0
0, 0, 0, 0, 0, 0, 0
0, 0, 0, 0, 0, 0, 0
0, 0, 0, 0, 0, 0, 0
0, 0, 0, 0, 0, 0, 0
0, 0, 0, 0, 0, 0, 0
0, 0, 0, 0, 0, 0, 0
0, 0, 0, 0, 0, 0, 0
0, 0, 0, 0, 0, 0, 0
0, 0, 0, 0, 0, 0, 0
0, 0, 0, 0, 0, 0, 0
0, 0, 0, 0, 0, 0, 0
0, 0, 0, 0, 0, 0, 0
0, 0, 0, 0, 0, 0, 0
0, 0, 0, 0, 0, 0, 0
0, 0, 0, 0, 0, 0, 0
0, 0, 0, 0, 0, 0, 0
0, 0, 0, 0, 0, 0, 0
0, 0, 0, 0, 0, 0, 0
0, 0, 0, 0, 0, 0, 0
0, 0, 0, 0, 0, 0, 0
0, 0, 0, 0, 0, 0, 0
0, 0, 0, 0, 0, 0, 0
0, 0, 0, 0, 0, 0, 0
0, 0, 0, 0, 0, 0, 0
0, 0, 0, 0, 0, 0, 0
0, 0, 0, 0, 0, 0, 0
0, 0, 0, 0, 0, 0, 0
0, 0, 0, 0, 0, 0, 0
0, 0, 0, 0, 0, 0, 0
0, 0, 0, 0, 0, 0, 0
0, 0, 0, 0, 0, 0, 0
0, 0, 0, 0, 0, 0, 0
0, 0, 0, 0, 0, 0, 0
0, 0, 0, 0, 0, 0, 0
0, 0, 0, 0, 0, 0, 0
0, 0, 0, 0, 0, 0, 0
0, 0, 0, 0, 0, 0, 0
0, 0, 0, 0, 0, 0, 0
0, 0, 0, 0, 0, 0, 0
0, 0, 0, 0, 0, 0, 0
0, 0, 0, 0, 0, 0, 0
0, 0, 0, 0, 0, 0, 0
0, 0, 0, 0, 0, 0, 0
0, 0, 0, 0, 0, 0, 0
0, 0, 0, 0, 0, 0, 0
0, 0, 0, 0, 0, 0, 0
0, 0, 0, 0, 0, 0, 0
0, 0, 0, 0, 0, 0, 0
0, 0, 0, 0, 0, 0, 0
0, 0, 0, 0, 0, 0, 0
0, 0, 0, 0, 0, 0, 0
0, 0, 0, 0, 0, 0, 0
0, 0, 0, 0, 0, 0, 0
0, 0, 0, 0, 0, 0, 0
0, 0, 0, 0, 0, 0, 0
0, 0, 0, 0, 0, 0, 0
0, 0, 0, 0, 0, 0, 0
0, 0, 0, 0, 0, 0, 0
0, 0, 0, 0, 0, 0, 0
0, 0, 0, 0, 0, 0, 0
0, 0, 0, 0, 0, 0, 0
0, 0, 0, 0, 0, 0, 0
0, 0, 0, 0, 0, 0, 0
0, 0, 0, 0, 0, 0, 0
0, 0, 0, 0, 0, 0, 0
0, 0, 0, 0, 0, 0, 0
0, 0, 0, 0, 0, 0, 0
0, 0, 0, 0, 0, 0, 0
0, 0, 0, 0, 0, 0, 0
0, 0, 0, 0, 0, 0, 0
0, 0, 0, 0, 0, 0, 0
0, 0, 0, 0, 0, 0, 0
0, 0, 0, 0, 0, 0, 0
0, 0, 0, 0, 0, 0, 0
0, 0, 0, 0, 0, 0, 0
0, 0, 0, 0, 0, 0, 0
0, 0, 0, 0, 0, 0, 0
0, 0, 0, 0, 0, 0, 0
0, 0, 0, 0, 0, 0, 0
0, 0, 0, 0, 0, 0, 0
0, 0, 0, 0, 0, 0, 0
0, 0, 0, 0, 0, 0, 0
0, 0, 0, 0, 0, 0, 0
0, 0, 0, 0, 0, 0, 0
0, 0, 0, 0, 0, 0, 0
0, 0, 0, 0, 0, 0, 0
0, 0, 0, 0, 0, 0, 0
0, 0, 0, 0, 0, 0, 0
0, 0, 0, 0, 0, 0, 0
0, 0, 0, 0, 0, 0, 0
0, 0, 0, 0, 0, 0, 0
0, 0, 0, 0, 0, 0, 0
0, 0, 0, 0, 0, 0, 0
0, 0, 0, 0, 0, 0, 0
0, 0, 0, 0, 0, 0, 0
0, 0, 0, 0, 0, 0, 0
0, 0, 0, 0, 0, 0, 0
0, 0, 0, 0, 0, 0, 0
0, 0, 0, 0, 0, 0, 0
0, 0, 0, 0, 0, 0, 0
0, 0, 0, 0, 0, 0, 0
0, 0, 0, 0, 0, 0, 0
0, 0, 0, 0, 0, 0, 0
0, 0, 0, 0, 0, 0, 0
0, 0, 0, 0, 0, 0, 0
0, 0, 0, 0, 0, 0, 0
0, 0, 0, 0, 0, 0, 0
0, 0, 0, 0, 0, 0, 0
0, 0, 0, 0, 0, 0, 0
0, 0, 0, 0, 0, 0, 0
0, 0, 0, 0, 0, 0, 0
0, 0, 0, 0, 0, 0, 0
0, 0, 0, 0, 0, 0, 0
0, 0, 0, 0, 0, 0, 0
0, 0, 0, 0, 0, 0, 0
0, 0, 0, 0, 0, 0, 0
0, 0, 0, 0, 0, 0, 0
0, 0, 0, 0, 0, 0, 0
0, 0, 0, 0, 0, 0, 0
0, 0, 0, 0, 0, 0, 0
0, 0, 0, 0, 0, 0, 0
0, 0, 0, 0, 0, 0, 0
0, 0, 0, 0, 0, 0, 0
0, 0, 0, 0, 0, 0, 0
0, 0, 0, 0, 0, 0, 0
0, 0, 0, 0, 0, 0, 0
0, 0, 0, 0, 0, 0, 0
0, 0, 0, 0, 0, 0, 0
0, 0, 0, 0, 0, 0, 0
0, 0, 0, 0, 0, 0, 0
0, 0, 0, 0, 0, 0, 0
0, 0, 0, 0, 0, 0, 0
0, 0, 0, 0, 0, 0, 0
0, 0, 0, 0, 0, 0, 0
0, 0, 0, 0, 0, 0, 0
0, 0, 0, 0, 0, 0, 0
0, 0, 0, 0, 0, 0, 0
0, 0, 0, 0, 0, 0, 0
0, 0, 0, 0, 0, 0, 0
0, 0, 0, 0, 0, 0, 0
0, 0, 0, 0, 0, 0, 0
0, 0, 0, 0, 0, 0, 0
0, 0, 0, 0, 0, 0, 0
0, 0, 0, 0, 0, 0, 0
0, 0, 0, 0, 0, 0, 0
0, 0, 0, 0, 0, 0, 0
0, 0, 0, 0, 0, 0, 0
0, 0, 0, 0, 0, 0, 0
0, 0, 0, 0, 0, 0, 0
0, 0, 0, 0, 0, 0, 0
0, 0, 0, 0, 0, 0, 0
0, 0, 0, 0, 0, 0, 0
0, 0, 0, 0, 0, 0, 0
0, 0, 0, 0, 0, 0, 0
0, 0, 0, 0, 0, 0, 0
0, 0, 0, 0, 0, 0, 0
0, 0, 0, 0, 0, 0, 0
0, 0, 0, 0, 0, 0, 0
0, 0, 0, 0, 0, 0, 0
0, 0, 0, 0, 0, 0, 0
0, 0, 0, 0, 0, 0, 0
0, 0, 0, 0, 0, 0, 0
0, 0, 0, 0, 0, 0, 0
0, 0, 0, 0, 0, 0, 0
0, 0, 0, 0, 0, 0, 0
0, 0, 0, 0, 0, 0, 0
0, 0, 0, 0, 0, 0, 0
0, 0, 0, 0, 0, 0, 0
0, 0, 0, 0, 0, 0, 0
0, 0, 0, 0, 0, 0, 0
0, 0, 0, 0, 0, 0, 0
0, 0, 0, 0, 0, 0, 0
0, 0, 0, 0, 0, 0, 0
0, 0, 0, 0, 0, 0, 0
0, 0, 0, 0, 0, 0, 0
0, 0, 0, 0, 0, 0, 0
0, 0, 0, 0, 0, 0, 0
0, 0, 0, 0, 0, 0, 0
0, 0, 0, 0, 0, 0, 0
0, 0, 0, 0, 0, 0, 0
0, 0, 0, 0, 0, 0, 0
0, 0, 0, 0, 0, 0, 0
0, 0, 0, 0, 0, 0, 0
0, 0, 0, 0, 0, 0, 0
0, 0, 0, 0, 0, 0, 0
0, 0, 0, 0, 0, 0, 0
0, 0, 0, 0, 0, 0, 0
0, 0, 0, 0, 0, 0, 0
0, 0, 0, 0, 0, 0, 0
0, 0, 0, 0, 0, 0, 0
0, 0, 0, 0, 0, 0, 0
0, 0, 0, 0, 0, 0, 0
0, 0, 0, 0, 0, 0, 0
0, 0, 0, 0, 0, 0, 0
0, 0, 0, 0, 0, 0, 0
0, 0, 0, 0, 0, 0, 0
0, 0, 0, 0, 0, 0, 0
0, 0, 0, 0, 0, 0, 0
0, 0, 0, 0, 0, 0, 0
0, 0, 0, 0, 0, 0, 0
0, 0, 0, 0, 0, 0, 0
0, 0, 0, 0, 0, 0, 0
0, 0, 0, 0, 0, 0, 0
0, 0, 0, 0, 0, 0, 0
0, 0, 0, 0, 0, 0, 0
0, 0, 0, 0, 0, 0, 0
0, 0, 0, 0, 0, 0, 0
0, 0, 0, 0, 0, 0, 0
0, 0, 0, 0, 0, 0, 0
0, 0, 0, 0, 0, 0, 0
0, 0, 0, 0, 0, 0, 0
0, 0, 0, 0, 0, 0, 0
0, 0, 0, 0, 0, 0, 0
0, 0, 0, 0, 0, 0, 0
0, 0, 0, 0, 0, 0, 0
0, 0, 0, 0, 0, 0, 0
0, 0, 0, 0, 0, 0, 0
0, 0, 0, 0, 0, 0, 0
0, 0, 0, 0, 0, 0, 0
0, 0, 0, 0, 0, 0, 0
0, 0, 0, 0, 0, 0, 0
0, 0, 0, 0, 0, 0, 0
0, 0, 0, 0, 0, 0, 0
0, 0, 0, 0, 0, 0, 0
0, 0, 0, 0, 0, 0, 0
0, 0, 0, 0, 0, 0, 0
0, 0, 0, 0, 0, 0, 0
0, 0, 0, 0, 0, 0, 0
0, 0, 0, 0, 0, 0, 0
0, 0, 0, 0, 0, 0, 0
0, 0, 0, 0, 0, 0, 0
0, 0, 0, 0, 0, 0, 0
0, 0, 0, 0, 0, 0, 0
0, 0, 0, 0, 0, 0, 0
0, 0, 0, 0, 0, 0, 0
0, 0, 0, 0, 0, 0, 0
0, 0, 0, 0, 0, 0, 0
0, 0, 0, 0, 0, 0, 0
0, 0, 0, 0, 0, 0, 0
0, 0, 0, 0, 0, 0, 0
0, 0, 0, 0, 0, 0, 0
0, 0, 0, 0, 0, 0, 0
0, 0, 0, 0, 0, 0, 0
0, 0, 0, 0, 0, 0, 0
0, 0, 0, 0, 0, 0, 0
0, 0, 0, 0, 0, 0, 0
0, 0, 0, 0, 0, 0, 0
0, 0, 0, 0, 0, 0, 0
0, 0, 0, 0, 0, 0, 0
0, 0, 0, 0, 0, 0, 0
0, 0, 0, 0, 0, 0, 0
0, 0, 0, 0, 0, 0, 0
0, 0, 0, 0, 0, 0, 0
0, 0, 0, 0, 0, 0, 0
0, 0, 0, 0, 0, 0, 0
0, 0, 0, 0, 0, 0, 0
0, 0, 0, 0, 0, 0, 0
0, 0, 0, 0, 0, 0, 0
0, 0, 0, 0, 0, 0, 0
0, 0, 0, 0, 0, 0, 0
0, 0, 0, 0, 0, 0, 0
0, 0, 0, 0, 0, 0, 0
0, 0, 0, 0, 0, 0, 0
0, 0, 0, 0, 0, 0, 0
0, 0, 0, 0, 0, 0, 0
0, 0, 0, 0, 0, 0, 0
0, 0, 0, 0, 0, 0, 0
0, 0, 0, 0, 0, 0, 0
0, 0, 0, 0, 0, 0, 0
0, 0, 0, 0, 0, 0, 0
0, 0, 0, 0, 0, 0, 0
0, 0, 0, 0, 0, 0, 0
0, 0, 0, 0, 0, 0, 0
0, 0, 0, 0, 0, 0, 0
0, 0, 0, 0, 0, 0, 0
0, 0, 0, 0, 0, 0, 0
0, 0, 0, 0, 0, 0, 0
0, 0, 0, 0, 0, 0, 0
0, 0, 0, 0, 0, 0, 0
0, 0, 0, 0, 0, 0, 0
0, 0, 0, 0, 0, 0, 0
0, 0, 0, 0, 0, 0, 0
0, 0, 0, 0, 0, 0, 0
0, 0, 0, 0, 0, 0, 0
0, 0, 0, 0, 0, 0, 0
0, 0, 0, 0, 0, 0, 0
0, 0, 0, 0, 0, 0, 0
0, 0, 0, 0, 0, 0, 0
0, 0, 0, 0, 0, 0, 0
0, 0, 0, 0, 0, 0, 0
0, 0, 0, 0, 0, 0, 0
0, 0, 0, 0, 0, 0, 0
0, 0, 0, 0, 0, 0, 0
0, 0, 0, 0, 0, 0, 0
0, 0, 0, 0, 0, 0, 0
0, 0, 0, 0, 0, 0, 0
0, 0, 0, 0, 0, 0, 0
0, 0, 0, 0, 0, 0, 0
0, 0, 0, 0, 0, 0, 0
0, 0, 0, 0, 0, 0, 0
0, 0, 0, 0, 0, 0, 0
0, 0, 0, 0, 0, 0, 0
0, 0, 0, 0, 0, 0, 0
0, 0, 0, 0, 0, 0, 0
0, 0, 0, 0, 0, 0, 0
0, 0, 0, 0, 0, 0, 0
0, 0, 0, 0, 0, 0, 0
0, 0, 0, 0, 0, 0, 0
0, 0, 0, 0, 0, 0, 0
0, 0, 0, 0, 0, 0, 0
0, 0, 0, 0, 0, 0, 0
0, 0, 0, 0, 0, 0, 0
0, 0, 0, 0, 0, 0, 0
0, 0, 0, 0, 0, 0, 0
0, 0, 0, 0, 0, 0, 0
0, 0, 0, 0, 0, 0, 0
0, 0, 0, 0, 0, 0, 0
0, 0, 0, 0, 0, 0, 0
0, 0, 0, 0, 0, 0, 0
0, 0, 0, 0, 0, 0, 0
0, 0, 0, 0, 0, 0, 0
0, 0, 0, 0, 0, 0, 0
0, 0, 0, 0, 0, 0, 0
0, 0, 0, 0, 0, 0, 0
0, 0, 0, 0, 0, 0, 0
0, 0, 0, 0, 0, 0, 0
0, 0, 0, 0, 0, 0, 0
0, 0, 0, 0, 0, 0, 0
0, 0, 0, 0, 0, 0, 0
0, 0, 0, 0, 0, 0, 0
0, 0, 0, 0, 0, 0, 0
0, 0, 0, 0, 0, 0, 0
0, 0, 0, 0, 0, 0, 0
0, 0, 0, 0, 0, 0, 0
0, 0, 0, 0, 0, 0, 0
0, 0, 0, 0, 0, 0, 0
0, 0, 0, 0, 0, 0, 0
0, 0, 0, 0, 0, 0, 0
0, 0, 0, 0, 0, 0, 0
0, 0, 0, 0, 0, 0, 0
0, 0, 0, 0, 0, 0, 0
0, 0, 0, 0, 0, 0, 0
0, 0, 0, 0, 0, 0, 0
0, 0, 0, 0, 0, 0, 0
0, 0, 0, 0, 0, 0, 0
0, 0, 0, 0, 0, 0, 0
0, 0, 0, 0, 0, 0, 0
0, 0, 0, 0, 0, 0, 0
0, 0, 0, 0, 0, 0, 0
0, 0, 0, 0, 0, 0, 0
0, 0, 0, 0, 0, 0, 0
0, 0, 0, 0, 0, 0, 0
0, 0, 0, 0, 0, 0, 0
0, 0, 0, 0, 0, 0, 0
0, 0, 0, 0, 0, 0, 0
0, 0, 0, 0, 0, 0, 0
0, 0, 0, 0, 0, 0, 0
0, 0, 0, 0, 0, 0, 0
0, 0, 0, 0, 0, 0, 0
0, 0, 0, 0, 0, 0, 0
0, 0, 0, 0, 0, 0, 0
0, 0, 0, 0, 0, 0, 0
0, 0, 0, 0, 0, 0, 0
0, 0, 0, 0, 0, 0, 0
0, 0, 0, 0, 0, 0, 0
0, 0, 0, 0, 0, 0, 0
0, 0, 0, 0, 0, 0, 0
0, 0, 0, 0, 0, 0, 0
0, 0, 0, 0, 0, 0, 0
0, 0, 0, 0, 0, 0, 0
0, 0, 0, 0, 0, 0, 0
0, 0, 0, 0, 0, 0, 0
0, 0, 0, 0, 0, 0, 0
0, 0, 0, 0, 0, 0, 0
0, 0, 0, 0, 0, 0, 0
0, 0, 0, 0, 0, 0, 0
0, 0, 0, 0, 0, 0, 0
0, 0, 0, 0, 0, 0, 0
0, 0, 0, 0, 0, 0, 0
0, 0, 0, 0, 0, 0, 0
0, 0, 0, 0, 0, 0, 0
0, 0, 0, 0, 0, 0, 0
0, 0, 0, 0, 0, 0, 0
0, 0, 0, 0, 0, 0, 0
0, 0, 0, 0, 0, 0, 0
0, 0, 0, 0, 0, 0, 0
0, 0, 0, 0, 0, 0, 0
0, 0, 0, 0, 0, 0, 0
0, 0, 0, 0, 0, 0, 0
0, 0, 0, 0, 0, 0, 0
0, 0, 0, 0, 0, 0, 0
0, 0, 0, 0, 0, 0, 0
0, 0, 0, 0, 0, 0, 0
0, 0, 0, 0, 0, 0, 0
0, 0, 0, 0, 0, 0, 0
0, 0, 0, 0, 0, 0, 0
0, 0, 0, 0, 0, 0, 0
0, 0, 0, 0, 0, 0, 0
0, 0, 0, 0, 0, 0, 0
0, 0, 0, 0, 0, 0, 0
0, 0, 0, 0, 0, 0, 0
0, 0, 0, 0, 0, 0, 0
0, 0, 0, 0, 0, 0, 0
0, 0, 0, 0, 0, 0, 0
0, 0, 0, 0, 0, 0, 0
0, 0, 0, 0, 0, 0, 0
0, 0, 0, 0, 0, 0, 0
0, 0, 0, 0, 0, 0, 0
0, 0, 0, 0, 0, 0, 0
0, 0, 0, 0, 0, 0, 0
0, 0, 0, 0, 0, 0, 0
0, 0, 0, 0, 0, 0, 0
0, 0, 0, 0, 0, 0, 0
0, 0, 0, 0, 0, 0, 0
0, 0, 0, 0, 0, 0, 0
0, 0, 0, 0, 0, 0, 0
0, 0, 0, 0, 0, 0, 0
0, 0, 0, 0, 0, 0, 0
0, 0, 0, 0, 0, 0, 0
0, 0, 0, 0, 0, 0, 0
0, 0, 0, 0, 0, 0, 0
0, 0, 0, 0, 0, 0, 0
0, 0, 0, 0, 0, 0, 0
0, 0, 0, 0, 0, 0, 0
0, 0, 0, 0, 0, 0, 0
0, 0, 0, 0, 0, 0, 0
0, 0, 0, 0, 0, 0, 0
0, 0, 0, 0, 0, 0, 0
0, 0, 0, 0, 0, 0, 0
0, 0, 0, 0, 0, 0, 0
0, 0, 0, 0, 0, 0, 0
0, 0, 0, 0, 0, 0, 0
0, 0, 0, 0, 0, 0, 0
0, 0, 0, 0, 0, 0, 0
0, 0, 0, 0, 0, 0, 0
0, 0, 0, 0, 0, 0, 0
0, 0, 0, 0, 0, 0, 0
0, 0, 0, 0, 0, 0, 0
0, 0, 0, 0, 0, 0, 0
0, 0, 0, 0, 0, 0, 0
0, 0, 0, 0, 0, 0, 0
0, 0, 0, 0, 0, 0, 0
0, 0, 0, 0, 0, 0, 0
0, 0, 0, 0, 0, 0, 0
0, 0, 0, 0, 0, 0, 0
0, 0, 0, 0, 0, 0, 0
0, 0, 0, 0, 0, 0, 0
0, 0, 0, 0, 0, 0, 0
0, 0, 0, 0, 0, 0, 0
0, 0, 0, 0, 0, 0, 0
0, 0, 0, 0, 0, 0, 0
0, 0, 0, 0, 0, 0, 0
0, 0, 0, 0, 0, 0, 0
0, 0, 0, 0, 0, 0, 0
0, 0, 0, 0, 0, 0, 0
0, 0, 0, 0, 0, 0, 0
0, 0, 0, 0, 0, 0, 0
0, 0, 0, 0, 0, 0, 0
0, 0, 0, 0, 0, 0, 0
0, 0, 0, 0, 0, 0, 0
0, 0, 0, 0, 0, 0, 0
0, 0, 0, 0, 0, 0, 0
0, 0, 0, 0, 0, 0, 0
0, 0, 0, 0, 0, 0, 0
0, 0, 0, 0, 0, 0, 0
0, 0, 0, 0, 0, 0, 0
0, 0, 0, 0, 0, 0, 0
0, 0, 0, 0, 0, 0, 0
8.8860955, 9.044258500000002, 9.23952225, 9.4945176, 9.70918325, 11.263027369999993, 23.303856
8.887485, 9.0508735, 9.262857, 9.5502688, 9.79318625, 16.10014703, 22.552578
8.900252, 9.054991, 9.24768725, 9.5742103, 9.813263, 11.066986579999991, 36.893046
8.892368, 9.053701, 9.23557175, 9.509855700000001, 9.812882, 15.270364589999993, 36.893046
8.878400500000001, 9.046057, 9.246281, 9.503845700000001, 9.724504, 11.374306019999999, 22.552578
8.89320425, 9.0412815, 9.24453725, 9.538742500000001, 9.8068825, 16.26019, 23.303856
8.8875755, 9.039182, 9.23482525, 9.4672301, 9.7560301, 13.738322099999998, 19.892145
8.87910475, 9.040509, 9.224819499999999, 9.4723389, 9.6645713, 15.571933089999998, 36.893046
8.87418275, 9.0324585, 9.2260625, 9.5361424, 9.7987667, 15.722323, 23.303856
8.891447249999999, 9.038215000000001, 9.21851475, 9.477434200000001, 9.717795, 15.576866649999994, 20.217992
8.879757249999999, 9.033525000000001, 9.24054925, 9.5187737, 9.72641335, 16.060277709999998, 24.370709
8.9005025, 9.050784, 9.256939, 9.5272059, 9.7672477, 14.431153, 36.893046
8.88833275, 9.054924499999998, 9.247616, 9.5363951, 9.778747, 16.450313339999997, 36.893046
8.89521, 9.041406, 9.253735, 9.5347474, 9.806857, 13.736535, 19.892145
8.874338000000002, 9.033507, 9.212454, 9.4530654, 9.68373575, 11.257804299999998, 52.853195
8.886230000000001, 9.040044, 9.233833500000001, 9.5073587, 9.71179765, 13.741098019999995, 20.217992
8.88679025, 9.049701500000001, 9.2601115, 9.5266768, 9.812892, 14.67048174, 19.587514
8.88862575, 9.0391615, 9.2395825, 9.505738299999999, 9.73319675, 16.032008259999998, 52.853195
8.88082975, 9.0386415, 9.24025075, 9.5171299, 9.80239, 16.722508529999995, 36.893046
8.887659750000001, 9.04615, 9.233411499999999, 9.5466088, 9.8257673, 14.670271, 36.893046
8.89066325, 9.038578999999999, 9.242574000000001, 9.4977006, 9.686039549999998, 10.84045171, 22.552578
8.87388775, 9.035082, 9.22952475, 9.4979229, 9.734066949999999, 11.44299568, 21.371576
8.88241525, 9.0399785, 9.236211999999998, 9.525176499999999, 9.73882595, 13.922143069999994, 52.853195
8.8796825, 9.04149, 9.230604, 9.473385, 9.694232249999999, 16.37895398, 32.855096
8.8764935, 9.027479499999998, 9.22255475, 9.4718812, 9.705147199999999, 11.122606439999997, 19.656824
8.88679025, 9.04734, 9.2532895, 9.535599300000001, 9.782632, 16.4765028, 24.370709
8.883958, 9.049843500000001, 9.25344, 9.5187382, 9.7869423, 16.253665899999998, 36.893046
8.89484575, 9.047887, 9.259007, 9.565331, 9.839267600000001, 14.002986679999998, 36.893046
8.87997875, 9.032218, 9.24380925, 9.501733, 9.70100435, 14.113073949999993, 24.370709
8.875146, 9.0350915, 9.232477750000001, 9.5170169, 9.723655, 13.617861, 20.217992
8.8872125, 9.045314999999999, 9.258166, 9.5165711, 9.709213250000001, 13.55488314, 18.166172
8.878339500000001, 9.034335500000001, 9.2207875, 9.5173684, 9.710294750000001, 13.555984059999998, 21.371576
8.88098325, 9.0337945, 9.233271499999999, 9.5234663, 9.8252185, 16.219549039999997, 24.370709
8.89088375, 9.044109, 9.227022250000001, 9.4799614, 9.7239009, 11.097599, 36.893046
8.885318250000001, 9.04269, 9.234869, 9.494955, 9.71154495, 11.740576719999998, 36.893046
8.878468999999999, 9.027944, 9.21547, 9.454372800000002, 9.678283350000001, 11.814456379999998, 23.303856
8.87920025, 9.032684499999998, 9.2289915, 9.5109466, 9.742697099999999, 13.915245, 23.303856
8.88760125, 9.0460615, 9.24600775, 9.4982329, 9.740924999999999, 13.23262547, 32.855096
8.87431175, 9.036068499999999, 9.231006, 9.491223, 9.710233, 16.21730481, 32.855096
8.89417225, 9.0418175, 9.23091925, 9.4826502, 9.8021051, 16.030358099999997, 32.855096
8.8784215, 9.030172499999999, 9.2474345, 9.517306399999999, 9.7143443, 14.69174642, 32.855096
8.886603999999998, 9.0347765, 9.2286465, 9.492231199999999, 9.70359465, 13.805537069999998, 22.552578
8.8825275, 9.0325945, 9.222988, 9.5117255, 9.733407249999999, 11.460025409999984, 19.502914
8.8832775, 9.039023, 9.239521, 9.517703299999999, 9.792107499999998, 16.706771850000003, 19.892145
8.88825375, 9.0352545, 9.2383335, 9.4695535, 9.7388751, 13.56601939999999, 23.303856
8.87148, 9.0326015, 9.22401975, 9.480924, 9.73476515, 14.684155369999987, 32.855096
8.88506625, 9.047888, 9.237526500000001, 9.528712500000001, 9.8393692, 14.79034823999999, 19.071708
8.87828975, 9.031281, 9.241586250000001, 9.476841400000001, 9.68880025, 14.416369, 19.892145
8.893592499999999, 9.0444675, 9.2405475, 9.5075707, 9.77402385, 15.977419659999999, 52.853195
8.88706575, 9.0559105, 9.258291, 9.543998400000001, 9.7399676, 11.022491899999999, 23.303856
8.89799775, 9.054924499999998, 9.250475, 9.519970500000001, 9.71029545, 11.827052069999986, 24.370709
8.879831249999999, 9.0353665, 9.224829999999999, 9.4766526, 9.71898395, 14.434156339999998, 52.853195
8.877635999999999, 9.032025, 9.2423575, 9.5247441, 9.7863961, 16.2613707, 52.853195
8.879783, 9.0182355, 9.237853, 9.4994776, 9.736450849999999, 16.447658, 36.893046
8.891435, 9.0392185, 9.23880325, 9.550405900000001, 9.779717, 11.101084829999998, 22.552578
8.8849515, 9.042201500000001, 9.26054025, 9.543203199999999, 9.756560749999998, 16.2536, 32.855096
8.8785485, 9.032684499999998, 9.220900499999999, 9.4772503, 9.73476515, 16.21714605, 19.656824
8.88241525, 9.041502000000001, 9.242649, 9.4718635, 9.67875215, 14.199897939999994, 23.303856
8.888359, 9.049187499999999, 9.2511455, 9.5501921, 9.7781941, 15.576505349999994, 52.853195
8.884263, 9.056182499999998, 9.26033175, 9.5510772, 9.8347524, 16.03083744, 36.893046
8.876388500000001, 9.0391565, 9.22902375, 9.485325, 9.697161150000001, 14.1948271, 22.552578
8.87861225, 9.0361075, 9.224651, 9.5023807, 9.76708255, 14.419520179999997, 24.370709
8.8961225, 9.045450500000001, 9.22740475, 9.513285, 9.76473685, 16.47728845, 24.370709
8.880768250000001, 9.045774, 9.259497249999999, 9.547598, 9.78257865, 16.03093679, 23.303856
8.89268075, 9.0473785, 9.25184725, 9.549238, 9.796557, 16.050663, 52.853195
8.89562675, 9.042755499999998, 9.24229775, 9.498155, 9.75732305, 16.06072282, 32.855096
8.8805485, 9.0296555, 9.23273875, 9.4689872, 9.7288464, 16.098597, 19.645042
8.878468999999999, 9.0424925, 9.237307000000001, 9.5569954, 9.817646, 16.447658, 52.853195
8.88610575, 9.049009, 9.24050575, 9.4831198, 9.686313949999999, 11.445089979999997, 20.217992
8.87824025, 9.046425, 9.248186, 9.522814, 9.76596075, 13.278558169999982, 52.853195
8.884618, 9.030483, 9.231546, 9.4976321, 9.7088467, 14.605914929999999, 23.303856
8.889054250000001, 9.047887, 9.22433025, 9.505611, 9.70839665, 11.926869659999989, 20.217992
8.87849875, 9.029625, 9.2290285, 9.498179100000002, 9.7764234, 13.490535899999996, 19.656824
8.88986875, 9.0428945, 9.25468275, 9.553653800000001, 9.8168312, 14.697063829999994, 52.853195
8.88440225, 9.027744, 9.21507575, 9.4568404, 9.712993699999998, 13.922795259999994, 36.893046
8.89044925, 9.0513465, 9.2332425, 9.5307294, 9.74991135, 14.683869819999988, 21.371576
8.884268, 9.0277715, 9.24330625, 9.5125883, 9.7405376, 13.806577739999996, 23.303856
8.88337825, 9.047699999999999, 9.24464025, 9.517158, 9.74821725, 15.578686889999991, 52.853195
8.8888725, 9.0394915, 9.2495565, 9.535159, 9.740178, 13.487890559999999, 20.217992
0, 0, 0, 0, 0, 0, 0
0, 0, 0, 0, 0, 0, 0
0, 0, 0, 0, 0, 0, 0
0, 0, 0, 0, 0, 0, 0
0, 0, 0, 0, 0, 0, 0
0, 0, 0, 0, 0, 0, 0
0, 0, 0, 0, 0, 0, 0
0, 0, 0, 0, 0, 0, 0
0, 0, 0, 0, 0, 0, 0
0, 0, 0, 0, 0, 0, 0
0, 0, 0, 0, 0, 0, 0
0, 0, 0, 0, 0, 0, 0
0, 0, 0, 0, 0, 0, 0
0, 0, 0, 0, 0, 0, 0
0, 0, 0, 0, 0, 0, 0
0, 0, 0, 0, 0, 0, 0
0, 0, 0, 0, 0, 0, 0
0, 0, 0, 0, 0, 0, 0
0, 0, 0, 0, 0, 0, 0
0, 0, 0, 0, 0, 0, 0
0, 0, 0, 0, 0, 0, 0
0, 0, 0, 0, 0, 0, 0
0, 0, 0, 0, 0, 0, 0
0, 0, 0, 0, 0, 0, 0
0, 0, 0, 0, 0, 0, 0
0, 0, 0, 0, 0, 0, 0
0, 0, 0, 0, 0, 0, 0
0, 0, 0, 0, 0, 0, 0
0, 0, 0, 0, 0, 0, 0
0, 0, 0, 0, 0, 0, 0
0, 0, 0, 0, 0, 0, 0
0, 0, 0, 0, 0, 0, 0
0, 0, 0, 0, 0, 0, 0
0, 0, 0, 0, 0, 0, 0
0, 0, 0, 0, 0, 0, 0
0, 0, 0, 0, 0, 0, 0
0, 0, 0, 0, 0, 0, 0
0, 0, 0, 0, 0, 0, 0
0, 0, 0, 0, 0, 0, 0
0, 0, 0, 0, 0, 0, 0
0, 0, 0, 0, 0, 0, 0
0, 0, 0, 0, 0, 0, 0
0, 0, 0, 0, 0, 0, 0
0, 0, 0, 0, 0, 0, 0
0, 0, 0, 0, 0, 0, 0
0, 0, 0, 0, 0, 0, 0
0, 0, 0, 0, 0, 0, 0
0, 0, 0, 0, 0, 0, 0
0, 0, 0, 0, 0, 0, 0
0, 0, 0, 0, 0, 0, 0
0, 0, 0, 0, 0, 0, 0
0, 0, 0, 0, 0, 0, 0
8.88743275, 9.049115, 9.25692475, 9.50564, 9.8128938, 13.738322099999998, 24.370709
8.876751, 9.0464225, 9.24047825, 9.5466407, 9.8132869, 16.25509691, 24.370709
8.901003, 9.0592285, 9.260305, 9.5262978, 9.765848349999999, 14.007971759999993, 36.893046
8.8921105, 9.051048999999999, 9.26130975, 9.5466955, 9.81393625, 16.39775888, 32.855096
8.896731249999998, 9.0523215, 9.2587395, 9.5406672, 9.7989773, 14.21469122999998, 23.303856
8.8912275, 9.045821, 9.25518, 9.5335322, 9.799549350000001, 15.573435339999996, 21.371576
8.888282, 9.0279205, 9.24161075, 9.5108651, 9.75677875, 13.731724829999996, 36.893046
8.8922365, 9.046979499999999, 9.23877325, 9.5188747, 9.7951645, 14.46159617999999, 21.371576
8.885513, 9.039845, 9.235899999999999, 9.531853100000001, 9.775921, 16.216124110000003, 22.552578
8.894390249999999, 9.0449465, 9.232577500000001, 9.507284100000001, 9.792452849999998, 16.21730481, 20.217992
8.87704325, 9.0442675, 9.24734625, 9.5247669, 9.740704299999999, 15.267818949999995, 23.303856
8.89078325, 9.0404755, 9.24043925, 9.5312747, 9.78219935, 14.452805489999998, 36.893046
8.90069275, 9.030265, 9.236054, 9.4801019, 9.7081506, 12.010963289999985, 32.855096
8.873605, 9.039125, 9.229938749999999, 9.5022605, 9.77823035, 11.47326264999998, 19.213916
8.891301, 9.056437, 9.24784075, 9.500683800000001, 9.7560301, 11.48642724999996, 18.166172
8.888518750000001, 9.0448695, 9.2350685, 9.5126148, 9.7694701, 14.910528769999988, 52.853195
8.8967625, 9.0463065, 9.23156775, 9.5183299, 9.740872, 14.39209222, 18.344529
8.89884075, 9.048706, 9.24357275, 9.479941700000001, 9.70877475, 10.841355819999999, 19.071708
8.892014, 9.034061, 9.232234, 9.5098797, 9.716868649999999, 15.267818949999995, 32.855096
8.88525325, 9.044335, 9.247859, 9.5108651, 9.799709349999999, 16.70684715, 52.853195
8.8922365, 9.061073, 9.249489500000001, 9.5346208, 9.766707699999998, 14.68079151999999, 23.303856
8.8878925, 9.036154, 9.24377875, 9.525661, 9.7413557, 14.60570419, 32.855096
8.88989475, 9.048778500000001, 9.246192, 9.509044099999999, 9.8026006, 14.007761019999993, 52.853195
8.86973225, 9.025103999999999, 9.2206945, 9.5015647, 9.7723627, 13.806577739999996, 32.855096
8.901102999999999, 9.0448685, 9.2355995, 9.5253402, 9.752836349999999, 14.463115269999989, 20.217992
8.8860755, 9.038993, 9.250334, 9.55126, 9.8073939, 16.706707, 36.893046
8.87313275, 9.030265499999999, 9.238342, 9.5117074, 9.70933975, 10.691866289999998, 21.371576
8.883763, 9.030316, 9.226946250000001, 9.504116, 9.6993366, 13.923876179999993, 24.370709
8.885852499999999, 9.0466935, 9.2539995, 9.5400703, 9.82155185, 16.03093679, 36.893046
8.88859725, 9.0426615, 9.2281795, 9.5055714, 9.67126305, 15.977419659999999, 52.853195
8.890613250000001, 9.041155, 9.22240725, 9.4874179, 9.71951595, 14.198692259999996, 19.645042
8.87134975, 9.034483000000002, 9.21529875, 9.482374, 9.729983050000001, 15.270364589999993, 19.645042
8.88025125, 9.040807999999998, 9.237253, 9.5235445, 9.8216775, 16.253665899999998, 36.893046
8.89476, 9.048625000000001, 9.2527835, 9.5278521, 9.7993031, 14.416709269999998, 24.370709
8.9026195, 9.0522745, 9.24521875, 9.4790684, 9.71170845, 15.723825249999997, 19.587514
8.87115625, 9.031369, 9.22559, 9.5177574, 9.792323999999999, 14.611633759999995, 24.370709
8.8928075, 9.038547999999999, 9.25486375, 9.5522016, 9.8092914, 14.19507232, 23.303856
8.892614, 9.036978, 9.244186749999999, 9.503905500000002, 9.71445245, 13.809444849999995, 36.893046
8.89096275, 9.0532955, 9.2367235, 9.5121627, 9.78290955, 16.474112, 36.893046
8.88841225, 9.0358525, 9.232700999999999, 9.4969557, 9.71863325, 11.453371329999998, 19.656824
8.8889545, 9.042458499999999, 9.2285745, 9.464614, 9.70850295, 14.195220159999998, 52.853195
8.88776525, 9.0405745, 9.2313795, 9.4999623, 9.77167635, 17.07642358, 36.893046
8.89711775, 9.048784000000001, 9.24086475, 9.4882034, 9.70850295, 14.434156339999998, 32.855096
8.878258, 9.0280935, 9.2312635, 9.492274400000001, 9.691625550000001, 14.432711939999985, 19.645042
8.886517999999999, 9.033669, 9.23468225, 9.5292011, 9.84225435, 16.26162101, 52.853195
8.88418275, 9.046269500000001, 9.23320725, 9.509044099999999, 9.729983050000001, 16.608667389999994, 52.853195
8.8841755, 9.034788500000001, 9.2375985, 9.5173453, 9.7613077, 11.13457, 23.303856
8.885662499999999, 9.040944, 9.226989249999999, 9.5255811, 9.770175, 16.05114234, 23.303856
8.875372, 9.038235, 9.228597, 9.489083299999999, 9.7223697, 14.211894599999983, 24.370709
8.891253749999999, 9.0499035, 9.2574095, 9.526671, 9.773925, 16.09869635, 23.303856
8.894694, 9.053367, 9.25787525, 9.530571, 9.8141275, 16.36279307, 32.855096
8.87983025, 9.042489, 9.228178, 9.478774900000001, 9.74936655, 16.447658, 36.893046
8.88685775, 9.0347325, 9.243531, 9.527426400000001, 9.810516049999999, 15.725606399999997, 22.552578
8.89238, 9.0399985, 9.245573, 9.5028407, 9.79947655, 16.4003144, 23.303856
8.877131, 9.0464275, 9.233562000000001, 9.523240300000001, 9.82989855, 16.405284919999996, 52.853195
8.88440225, 9.046429, 9.242806250000001, 9.4844393, 9.7399676, 13.737205269999999, 52.853195
8.87401475, 9.024908499999999, 9.218784750000001, 9.486953900000001, 9.792728449999998, 16.26019, 52.853195
8.8906835, 9.041498, 9.243125249999999, 9.531254800000001, 9.784372, 16.26156513, 32.855096
8.887459, 9.036102, 9.236683249999999, 9.4868251, 9.710233, 13.234894149999999, 36.893046
8.87664375, 9.028577, 9.224699999999999, 9.5011993, 9.68789675, 13.809690069999993, 19.892145
8.890534500000001, 9.046231, 9.23655125, 9.50642, 9.728642200000001, 10.953100019999999, 36.893046
8.88340225, 9.043842, 9.2590705, 9.551241, 9.82925945, 16.38050423, 19.587514
8.895150999999998, 9.041131, 9.258533, 9.526094200000001, 9.7684887, 10.90954101, 19.892145
8.8844895, 9.0325175, 9.2210845, 9.5231311, 9.7986111, 14.60570419, 52.853195
8.89133975, 9.0509525, 9.249138250000001, 9.527426400000001, 9.7951294, 11.741160739999998, 19.502914
8.89466075, 9.037955499999999, 9.23080425, 9.5056736, 9.733377999999998, 14.670271, 24.370709
0, 0, 0, 0, 0, 0, 0
0, 0, 0, 0, 0, 0, 0
0, 0, 0, 0, 0, 0, 0
0, 0, 0, 0, 0, 0, 0
0, 0, 0, 0, 0, 0, 0
0, 0, 0, 0, 0, 0, 0
0, 0, 0, 0, 0, 0, 0
0, 0, 0, 0, 0, 0, 0
0, 0, 0, 0, 0, 0, 0
0, 0, 0, 0, 0, 0, 0
0, 0, 0, 0, 0, 0, 0
0, 0, 0, 0, 0, 0, 0
0, 0, 0, 0, 0, 0, 0
0, 0, 0, 0, 0, 0, 0
0, 0, 0, 0, 0, 0, 0
0, 0, 0, 0, 0, 0, 0
0, 0, 0, 0, 0, 0, 0
0, 0, 0, 0, 0, 0, 0
0, 0, 0, 0, 0, 0, 0
0, 0, 0, 0, 0, 0, 0
0, 0, 0, 0, 0, 0, 0
0, 0, 0, 0, 0, 0, 0
0, 0, 0, 0, 0, 0, 0
0, 0, 0, 0, 0, 0, 0
0, 0, 0, 0, 0, 0, 0
0, 0, 0, 0, 0, 0, 0
0, 0, 0, 0, 0, 0, 0
0, 0, 0, 0, 0, 0, 0
0, 0, 0, 0, 0, 0, 0
0, 0, 0, 0, 0, 0, 0
0, 0, 0, 0, 0, 0, 0
0, 0, 0, 0, 0, 0, 0
0, 0, 0, 0, 0, 0, 0
0, 0, 0, 0, 0, 0, 0
0, 0, 0, 0, 0, 0, 0
0, 0, 0, 0, 0, 0, 0
0, 0, 0, 0, 0, 0, 0
0, 0, 0, 0, 0, 0, 0
0, 0, 0, 0, 0, 0, 0
0, 0, 0, 0, 0, 0, 0
0, 0, 0, 0, 0, 0, 0
0, 0, 0, 0, 0, 0, 0
0, 0, 0, 0, 0, 0, 0
0, 0, 0, 0, 0, 0, 0
0, 0, 0, 0, 0, 0, 0
0, 0, 0, 0, 0, 0, 0
0, 0, 0, 0, 0, 0, 0
0, 0, 0, 0, 0, 0, 0
0, 0, 0, 0, 0, 0, 0
0, 0, 0, 0, 0, 0, 0
0, 0, 0, 0, 0, 0, 0
0, 0, 0, 0, 0, 0, 0
0, 0, 0, 0, 0, 0, 0
0, 0, 0, 0, 0, 0, 0
0, 0, 0, 0, 0, 0, 0
0, 0, 0, 0, 0, 0, 0
0, 0, 0, 0, 0, 0, 0
0, 0, 0, 0, 0, 0, 0
0, 0, 0, 0, 0, 0, 0
0, 0, 0, 0, 0, 0, 0
0, 0, 0, 0, 0, 0, 0
0, 0, 0, 0, 0, 0, 0
0, 0, 0, 0, 0, 0, 0
0, 0, 0, 0, 0, 0, 0
0, 0, 0, 0, 0, 0, 0
0, 0, 0, 0, 0, 0, 0
0, 0, 0, 0, 0, 0, 0
0, 0, 0, 0, 0, 0, 0
0, 0, 0, 0, 0, 0, 0
0, 0, 0, 0, 0, 0, 0
0, 0, 0, 0, 0, 0, 0
0, 0, 0, 0, 0, 0, 0
0, 0, 0, 0, 0, 0, 0
0, 0, 0, 0, 0, 0, 0
0, 0, 0, 0, 0, 0, 0
0, 0, 0, 0, 0, 0, 0
0, 0, 0, 0, 0, 0, 0
0, 0, 0, 0, 0, 0, 0
0, 0, 0, 0, 0, 0, 0
0, 0, 0, 0, 0, 0, 0
0, 0, 0, 0, 0, 0, 0
0, 0, 0, 0, 0, 0, 0
0, 0, 0, 0, 0, 0, 0
0, 0, 0, 0, 0, 0, 0
0, 0, 0, 0, 0, 0, 0
0, 0, 0, 0, 0, 0, 0
0, 0, 0, 0, 0, 0, 0
0, 0, 0, 0, 0, 0, 0
0, 0, 0, 0, 0, 0, 0
0, 0, 0, 0, 0, 0, 0
0, 0, 0, 0, 0, 0, 0
0, 0, 0, 0, 0, 0, 0
0, 0, 0, 0, 0, 0, 0
0, 0, 0, 0, 0, 0, 0
0, 0, 0, 0, 0, 0, 0
0, 0, 0, 0, 0, 0, 0
0, 0, 0, 0, 0, 0, 0
0, 0, 0, 0, 0, 0, 0
0, 0, 0, 0, 0, 0, 0
0, 0, 0, 0, 0, 0, 0
0, 0, 0, 0, 0, 0, 0
0, 0, 0, 0, 0, 0, 0
0, 0, 0, 0, 0, 0, 0
0, 0, 0, 0, 0, 0, 0
8.885186, 9.041571999999999, 9.237981, 9.5093415, 9.7399676, 11.09785739, 32.855096
8.8796825, 9.0360345, 9.242238500000001, 9.517638, 9.72887235, 14.60570419, 32.855096
8.88977075, 9.0434925, 9.2460515, 9.5171619, 9.729983050000001, 14.007971759999993, 19.373624
8.880323, 9.030981, 9.235579, 9.536277, 9.8179181, 13.558715219999996, 22.552578
8.8871685, 9.054348000000001, 9.2551945, 9.5355383, 9.7495958, 15.725686849999997, 36.893046
8.8840425, 9.028209, 9.237133, 9.499914200000001, 9.7345687, 16.474112, 32.855096
8.88862575, 9.0370445, 9.231633, 9.523083000000002, 9.752836349999999, 14.670883159999999, 22.552578
8.900572, 9.053999000000001, 9.250044, 9.5184236, 9.77604425, 14.783211649999997, 19.656824
8.89425125, 9.0538035, 9.25879675, 9.5133236, 9.76507385, 16.36254276, 22.552578
8.890799750000001, 9.0388255, 9.230531, 9.4773762, 9.690065599999999, 14.192837, 52.853195
8.890952, 9.0404755, 9.24133, 9.4843913, 9.734066949999999, 14.67048174, 20.217992
8.89268075, 9.056441, 9.2601115, 9.530930699999999, 9.77191745, 16.109242169999998, 19.587514
8.893222, 9.0424925, 9.24573175, 9.517158, 9.7301154, 13.620834839999997, 52.853195
8.896957500000001, 9.042033, 9.2374155, 9.482715, 9.66411205, 13.72803882, 36.893046
8.87296175, 9.038758, 9.24295875, 9.540201, 9.79653025, 14.676200569999994, 20.217992
8.8753085, 9.036236, 9.24124725, 9.513154700000001, 9.734041, 13.72803882, 36.893046
8.87983025, 9.035352, 9.236683249999999, 9.50903, 9.81386595, 13.91610324, 32.855096
8.891543, 9.051577, 9.2483125, 9.504037400000001, 9.78792065, 14.208131859999988, 22.552578
8.89191925, 9.047542499999999, 9.23864125, 9.5032754, 9.7485638, 16.18173054, 23.303856
8.88166725, 9.0396435, 9.2430025, 9.494438100000002, 9.7416653, 11.927572709999989, 32.855096
8.8913145, 9.035779999999999, 9.24592775, 9.5228684, 9.802638850000001, 14.611633759999995, 24.370709
8.900465, 9.0515, 9.24612025, 9.5174851, 9.71179765, 14.108588599999997, 32.855096
8.87093875, 9.031906500000002, 9.228954250000001, 9.498878699999999, 9.7038122, 17.07583856, 21.371576
8.89441925, 9.046056, 9.23724575, 9.4844984, 9.71951595, 14.907164919999992, 19.502914
8.88838925, 9.038142, 9.2395855, 9.5514435, 9.851885049999998, 16.2613707, 19.892145
8.89521, 9.0407765, 9.24198225, 9.4831198, 9.71650595, 14.733161439999998, 36.893046
8.873650999999999, 9.0306105, 9.23564825, 9.519651, 9.792107499999998, 16.400857889999997, 32.855096
8.89507425, 9.050884, 9.250399250000001, 9.530596000000001, 9.739889, 12.018948369999979, 22.552578
8.89078475, 9.041554, 9.2387455, 9.4840033, 9.734277449999999, 14.746328919999986, 32.855096
8.8718775, 9.0212135, 9.210388, 9.4632909, 9.710388400000001, 14.79108599999999, 32.855096
8.8883035, 9.046963, 9.2243455, 9.4884586, 9.7719747, 11.999117569999976, 52.853195
8.874331, 9.025237, 9.2176135, 9.476134, 9.704750149999999, 12.013937129999983, 21.371576
8.898114249999999, 9.056709999999999, 9.252224, 9.511583, 9.752836349999999, 16.060277709999998, 24.370709
8.882636250000001, 9.0436315, 9.234461750000001, 9.511752300000001, 9.735615150000001, 13.739662779999989, 52.853195
8.8929575, 9.049626, 9.24724, 9.543998400000001, 9.7798149, 16.403291, 36.893046
8.90094375, 9.04615, 9.23961225, 9.4924157, 9.7146215, 11.257035629999999, 52.853195
8.882447249999998, 9.046040999999999, 9.25597, 9.535823400000002, 9.76471995, 13.166617019999995, 52.853195
8.88090825, 9.04615, 9.2424045, 9.5476679, 9.8163103, 16.058708, 24.370709
8.87689, 9.023368000000001, 9.218311, 9.462024099999999, 9.7002339, 13.620834839999997, 32.855096
8.89138275, 9.036358499999999, 9.230304, 9.4913097, 9.74920055, 16.91750738, 22.552578
8.894531, 9.054571, 9.264702, 9.5693115, 9.860180799999998, 16.91765226, 20.217992
8.88604775, 9.042489, 9.24667125, 9.526729, 9.8169264, 17.07583856, 52.853195
8.88141225, 9.0388375, 9.25690975, 9.523935900000001, 9.84188845, 16.38050423, 32.855096
8.883272999999999, 9.046196, 9.24992975, 9.547598, 9.784372, 16.37921852, 18.516134
8.888395, 9.034292, 9.22866875, 9.512129600000002, 9.7245422, 14.450396, 20.217992
8.88613275, 9.041885, 9.240568, 9.497916, 9.7245422, 14.779568679999999, 36.893046
8.88829675, 9.041075, 9.23590875, 9.4977918, 9.73319675, 11.972795, 32.855096
8.889697250000001, 9.042713, 9.24271, 9.5183299, 9.75773205, 13.933315779999985, 23.303856
8.8853625, 9.038235, 9.22202775, 9.4697557, 9.64262975, 10.899637029999997, 32.855096
8.87611375, 9.034892500000002, 9.2196815, 9.467533600000001, 9.71094655, 14.429428539999988, 23.303856
8.87699175, 9.04342, 9.239672500000001, 9.513287, 9.7800963, 14.005221999999996, 52.853195
8.878418, 9.0393645, 9.24722375, 9.4992931, 9.71349485, 15.978104099999998, 52.853195
8.88974225, 9.031774500000001, 9.24984275, 9.5235726, 9.807367, 14.787802599999992, 21.371576
8.890588, 9.052912, 9.2534815, 9.5377847, 9.734066949999999, 15.978203449999999, 19.587514
8.880488, 9.034051, 9.246968, 9.570579400000002, 9.8766707, 16.65938649, 36.893046
8.880043, 9.0429465, 9.22738275, 9.4766294, 9.73459985, 11.257035629999999, 20.217992
8.8821195, 9.0475975, 9.257279, 9.5029511, 9.752631, 13.735177429999993, 19.892145
8.8895165, 9.034292, 9.243099, 9.499107, 9.692080599999999, 11.045730909999978, 52.853195
8.8869985, 9.045124999999999, 9.238425249999999, 9.527718400000001, 9.799549350000001, 13.625600859999993, 22.552578
8.88627, 9.0488605, 9.252756, 9.494955, 9.73882595, 11.91519639, 23.303856
8.878630000000001, 9.029447, 9.23266975, 9.512122800000002, 9.778165, 16.7132673, 36.893046
8.87104875, 9.020669, 9.21918275, 9.4625824, 9.65655085, 11.1624218, 24.370709
8.89537475, 9.0542505, 9.25007375, 9.5192975, 9.7420457, 14.790880899999989, 22.552578
8.888463999999999, 9.03997, 9.2555365, 9.534289800000002, 9.8026006, 13.72803882, 19.071708
8.897844, 9.042691999999999, 9.24287025, 9.509272600000001, 9.8079822, 14.902573969999995, 32.855096
8.8909175, 9.0487395, 9.2500745, 9.5032754, 9.771584950000001, 11.757611399999982, 17.997995
8.87704325, 9.037922, 9.256506, 9.5173102, 9.77960265, 13.499514519999988, 21.371576
8.89564075, 9.054571, 9.250449, 9.5042655, 9.694817449999999, 13.234894149999999, 32.855096
8.892573, 9.045718, 9.2592105, 9.5516145, 9.80274295, 16.25468784, 22.552578
8.87827675, 9.03361, 9.2252215, 9.4994128, 9.7106683, 11.012521609999999, 24.370709
8.893990500000001, 9.043782, 9.2311435, 9.5403347, 9.8163103, 16.26121194, 21.371576
8.87009775, 9.029247, 9.2408445, 9.553908, 9.8138833, 16.403291, 32.855096
8.885597, 9.042489, 9.224617, 9.4810666, 9.733164, 14.683869819999988, 23.303856
8.8828005, 9.030395500000001, 9.2230485, 9.462200500000002, 9.67178735, 16.45024849, 23.303856
8.88293425, 9.036864, 9.228024999999999, 9.5356927, 9.73568575, 14.418908019999996, 22.552578
8.885839749999999, 9.041854, 9.22449375, 9.506516300000001, 9.76395155, 14.452805489999998, 36.893046
8.88004375, 9.045323499999999, 9.24573175, 9.485494599999999, 9.81332825, 15.266299859999997, 32.855096
8.896254249999998, 9.0415715, 9.238709499999999, 9.5073414, 9.74440445, 16.7071092, 36.893046
8.88779875, 9.04, 9.226755, 9.4672709, 9.712993699999998, 12.021698129999976, 32.855096
8.882595, 9.038463499999999, 9.22807225, 9.486634800000001, 9.70934675, 14.905645829999994, 19.645042
8.880488, 9.041554, 9.230724, 9.5172411, 9.74145995, 11.123479119999997, 52.853195
8.89711775, 9.057133, 9.263185, 9.530821, 9.813125249999999, 15.271182799999993, 20.217992
8.8808715, 9.039104, 9.2328625, 9.463478, 9.6816971, 11.530913589999999, 19.213916
8.8950575, 9.0402625, 9.23230325, 9.5017654, 9.7863961, 16.054189279999996, 24.370709
8.886733, 9.035910000000001, 9.23088325, 9.5232201, 9.716544050000001, 11.68220693, 32.855096
8.89285275, 9.0417755, 9.230738, 9.486890500000001, 9.75677775, 14.110998089999995, 23.303856
8.897464750000001, 9.047019, 9.242117, 9.5017857, 9.7179522, 10.495912619999999, 21.371576
8.88687425, 9.037914, 9.2534815, 9.5419367, 9.83042895, 16.10021293, 24.370709
8.892899, 9.043842, 9.2424825, 9.4832924, 9.71648685, 11.101127889999997, 19.502914
8.88571025, 9.0388965, 9.24061725, 9.5462482, 9.873974, 16.748617909999997, 36.893046
8.890799750000001, 9.049109, 9.23165525, 9.5192975, 9.6920064, 12.00710831999999, 23.303856
8.90065875, 9.0453085, 9.24768725, 9.5169005, 9.733377999999998, 14.20354090999999, 36.893046
8.8909185, 9.03793, 9.242043, 9.4843566, 9.692025450000001, 14.108588599999997, 20.217992
8.869341, 9.02629, 9.24030625, 9.490067, 9.735615150000001, 14.74289760999999, 52.853195
8.888625, 9.0455455, 9.2432655, 9.492334999999999, 9.7991017, 14.60631635, 19.587514
8.881346, 9.038734999999999, 9.2373695, 9.52299, 9.738827500000001, 16.44792254, 32.855096
8.8785785, 9.0238505, 9.2185995, 9.4868251, 9.735357, 15.725401299999996, 52.853195
8.89114775, 9.046675, 9.243698, 9.5265198, 9.74440445, 11.025381999999997, 23.303856
8.878511750000001, 9.0389825, 9.2431585, 9.5256039, 9.735207599999999, 13.261468359999999, 52.853195
8.905629, 9.0558795, 9.228259750000001, 9.4840717, 9.769433, 14.783211649999997, 22.552578
8.88825375, 9.0401665, 9.24268325, 9.485236200000001, 9.7347705, 16.79283318, 52.853195
8.878162, 9.038636, 9.243461499999999, 9.5173339, 9.765848349999999, 14.434625099999996, 32.855096
8.8969635, 9.052026000000001, 9.25397775, 9.540634299999999, 9.776282, 14.907164919999992, 32.855096
8.8849365, 9.041170000000001, 9.212124, 9.4515332, 9.67522065, 14.432891989999998, 18.516134
8.891114250000001, 9.0538965, 9.248361, 9.5121917, 9.7237601, 14.731487, 22.552578
8.8744265, 9.03919, 9.23784025, 9.518291, 9.765778, 15.725401299999996, 36.893046
8.8814495, 9.051717, 9.23718075, 9.5169909, 9.76859495, 13.915245, 36.893046
8.88580475, 9.031577, 9.22349075, 9.4970868, 9.7354984, 13.235582829999997, 36.893046
8.890598, 9.0468105, 9.257387, 9.5519398, 9.8029151, 14.393979049999999, 22.552578
8.87754825, 9.030357500000001, 9.24210275, 9.4843913, 9.73882595, 12.013937129999983, 36.893046
8.885169000000001, 9.031007500000001, 9.222216, 9.4842383, 9.7245422, 14.606785109999999, 52.853195
8.88805, 9.044645, 9.238069, 9.4980084, 9.76975645, 16.05074345, 20.217992
8.8878925, 9.037051, 9.24086475, 9.490514300000001, 9.715878, 14.419118759999996, 17.446492
8.88539475, 9.040077, 9.231006, 9.467513, 9.7847513, 16.103637859999996, 21.371576
8.904017249999999, 9.037328, 9.216689500000001, 9.482841, 9.673420100000001, 13.811576899999991, 32.855096
8.881664, 9.032833, 9.227671, 9.5038492, 9.757234, 13.804678829999999, 23.303856
8.883715500000001, 9.031690000000001, 9.227091249999999, 9.5265256, 9.7703625, 17.201134380000003, 32.855096
8.88539475, 9.038647000000001, 9.238709499999999, 9.5321823, 9.77404285, 16.449208249999998, 52.853195
8.886164749999999, 9.049545, 9.24638675, 9.50367, 9.74440445, 14.786283509999993, 24.370709
8.885008500000001, 9.037536, 9.2388265, 9.5239071, 9.788198199999998, 13.809837909999993, 19.892145
8.883817, 9.041041499999999, 9.255652, 9.5616441, 9.738827500000001, 11.258593329999998, 21.371576
8.8900275, 9.041924999999999, 9.24086475, 9.5106312, 9.723219, 16.058708, 36.893046
8.882089, 9.046891500000001, 9.2356235, 9.508007600000001, 9.729957, 14.002109669999998, 36.893046
8.88205, 9.047212, 9.246740500000001, 9.5539299, 9.8347524, 14.736804409999994, 23.303856
8.88514275, 9.0337625, 9.23092975, 9.5005466, 9.75788675, 15.270364589999993, 32.855096
8.87913375, 9.0442675, 9.262884, 9.5506151, 9.7715675, 16.03083744, 32.855096
8.897891999999999, 9.0517965, 9.2367115, 9.5265256, 9.77420235, 16.05910689, 22.552578
8.888221, 9.060960999999999, 9.249641, 9.522976700000001, 9.73552765, 16.18153611, 32.855096
8.87797675, 9.027479499999998, 9.220998, 9.4893966, 9.74902, 11.93630042999998, 36.893046
8.87726775, 9.033135, 9.231011500000001, 9.4987524, 9.76821035, 16.104199459999997, 52.853195
8.88895425, 9.046269500000001, 9.26067725, 9.5271382, 9.8068825, 15.877605119999995, 52.853195
8.90062775, 9.044778, 9.23611725, 9.5038734, 9.77402385, 16.03083744, 32.855096
8.87828975, 9.044427, 9.23723425, 9.531574, 9.792172599999999, 11.927572709999989, 22.552578
8.878197, 9.041139, 9.237715, 9.527283, 9.787652, 11.97301437, 36.893046
8.8894245, 9.04285, 9.235982, 9.5006764, 9.68732815, 11.756286579999983, 52.853195
8.879335999999999, 9.04387, 9.24912625, 9.512890200000001, 9.740332749999999, 15.874124049999999, 23.303856
8.88962825, 9.0453705, 9.21696175, 9.4734088, 9.734435549999999, 13.736723989999991, 52.853195
8.8846265, 9.04615, 9.22908575, 9.4946107, 9.77271075, 16.253665899999998, 22.552578
8.883698500000001, 9.0414625, 9.24587575, 9.499914200000001, 9.693406249999999, 11.450488, 22.552578
8.8763685, 9.026518, 9.231646, 9.534561, 9.809280099999999, 15.724868639999997, 52.853195
8.886875, 9.040541, 9.233069, 9.5015323, 9.7389281, 10.900634679999996, 32.855096
8.870942, 9.0219855, 9.222470000000001, 9.484804200000001, 9.692871, 11.454111689999996, 21.371576
8.88011625, 9.0441305, 9.236683249999999, 9.541464600000001, 9.744857399999999, 16.21749924, 24.370709
8.88238, 9.0390335, 9.2503595, 9.5301575, 9.7986111, 16.054133399999998, 20.217992
8.878175, 9.049647, 9.242508, 9.502408, 9.730612299999999, 16.21730481, 23.303856
8.8881895, 9.040576, 9.24053975, 9.5094121, 9.744832599999999, 16.10123487, 36.893046
8.87871825, 9.030881, 9.21249875, 9.450270900000001, 9.641994949999999, 16.39775888, 52.853195
8.891303, 9.04074, 9.242856, 9.5140192, 9.740345549999999, 11.830907039999984, 19.213916
0, 0, 0, 0, 0, 0, 0
0, 0, 0, 0, 0, 0, 0
0, 0, 0, 0, 0, 0, 0
0, 0, 0, 0, 0, 0, 0
0, 0, 0, 0, 0, 0, 0
0, 0, 0, 0, 0, 0, 0
0, 0, 0, 0, 0, 0, 0
0, 0, 0, 0, 0, 0, 0
0, 0, 0, 0, 0, 0, 0
0, 0, 0, 0, 0, 0, 0
0, 0, 0, 0, 0, 0, 0
0, 0, 0, 0, 0, 0, 0
0, 0, 0, 0, 0, 0, 0
0, 0, 0, 0, 0, 0, 0
0, 0, 0, 0, 0, 0, 0
0, 0, 0, 0, 0, 0, 0
0, 0, 0, 0, 0, 0, 0
0, 0, 0, 0, 0, 0, 0
0, 0, 0, 0, 0, 0, 0
0, 0, 0, 0, 0, 0, 0
0, 0, 0, 0, 0, 0, 0
0, 0, 0, 0, 0, 0, 0
0, 0, 0, 0, 0, 0, 0
0, 0, 0, 0, 0, 0, 0
0, 0, 0, 0, 0, 0, 0
0, 0, 0, 0, 0, 0, 0
0, 0, 0, 0, 0, 0, 0
0, 0, 0, 0, 0, 0, 0
0, 0, 0, 0, 0, 0, 0
0, 0, 0, 0, 0, 0, 0
0, 0, 0, 0, 0, 0, 0
0, 0, 0, 0, 0, 0, 0
0, 0, 0, 0, 0, 0, 0
0, 0, 0, 0, 0, 0, 0
0, 0, 0, 0, 0, 0, 0
0, 0, 0, 0, 0, 0, 0
0, 0, 0, 0, 0, 0, 0
0, 0, 0, 0, 0, 0, 0
0, 0, 0, 0, 0, 0, 0
0, 0, 0, 0, 0, 0, 0
0, 0, 0, 0, 0, 0, 0
0, 0, 0, 0, 0, 0, 0
0, 0, 0, 0, 0, 0, 0
0, 0, 0, 0, 0, 0, 0
0, 0, 0, 0, 0, 0, 0
0, 0, 0, 0, 0, 0, 0
0, 0, 0, 0, 0, 0, 0
0, 0, 0, 0, 0, 0, 0
0, 0, 0, 0, 0, 0, 0
0, 0, 0, 0, 0, 0, 0
0, 0, 0, 0, 0, 0, 0
0, 0, 0, 0, 0, 0, 0
0, 0, 0, 0, 0, 0, 0
0, 0, 0, 0, 0, 0, 0
0, 0, 0, 0, 0, 0, 0
0, 0, 0, 0, 0, 0, 0
0, 0, 0, 0, 0, 0, 0
0, 0, 0, 0, 0, 0, 0
0, 0, 0, 0, 0, 0, 0
0, 0, 0, 0, 0, 0, 0
0, 0, 0, 0, 0, 0, 0
0, 0, 0, 0, 0, 0, 0
0, 0, 0, 0, 0, 0, 0
0, 0, 0, 0, 0, 0, 0
0, 0, 0, 0, 0, 0, 0
0, 0, 0, 0, 0, 0, 0
0, 0, 0, 0, 0, 0, 0
0, 0, 0, 0, 0, 0, 0
0, 0, 0, 0, 0, 0, 0
0, 0, 0, 0, 0, 0, 0
0, 0, 0, 0, 0, 0, 0
0, 0, 0, 0, 0, 0, 0
0, 0, 0, 0, 0, 0, 0
0, 0, 0, 0, 0, 0, 0
0, 0, 0, 0, 0, 0, 0
0, 0, 0, 0, 0, 0, 0
0, 0, 0, 0, 0, 0, 0
0, 0, 0, 0, 0, 0, 0
0, 0, 0, 0, 0, 0, 0
0, 0, 0, 0, 0, 0, 0
0, 0, 0, 0, 0, 0, 0
0, 0, 0, 0, 0, 0, 0
0, 0, 0, 0, 0, 0, 0
0, 0, 0, 0, 0, 0, 0
0, 0, 0, 0, 0, 0, 0
0, 0, 0, 0, 0, 0, 0
0, 0, 0, 0, 0, 0, 0
0, 0, 0, 0, 0, 0, 0
0, 0, 0, 0, 0, 0, 0
0, 0, 0, 0, 0, 0, 0
0, 0, 0, 0, 0, 0, 0
0, 0, 0, 0, 0, 0, 0
0, 0, 0, 0, 0, 0, 0
0, 0, 0, 0, 0, 0, 0
0, 0, 0, 0, 0, 0, 0
0, 0, 0, 0, 0, 0, 0
0, 0, 0, 0, 0, 0, 0
0, 0, 0, 0, 0, 0, 0
0, 0, 0, 0, 0, 0, 0
0, 0, 0, 0, 0, 0, 0
0, 0, 0, 0, 0, 0, 0
0, 0, 0, 0, 0, 0, 0
0, 0, 0, 0, 0, 0, 0
0, 0, 0, 0, 0, 0, 0
0, 0, 0, 0, 0, 0, 0
0, 0, 0, 0, 0, 0, 0
0, 0, 0, 0, 0, 0, 0
0, 0, 0, 0, 0, 0, 0
8.903838, 9.042662, 9.2362565, 9.5183881, 9.78236335, 16.10123487, 52.853195
8.890092, 9.035713000000001, 9.241096500000001, 9.5121826, 9.740945, 16.098597, 52.853195
8.896157, 9.0463065, 9.2482895, 9.5172554, 9.79873995, 13.737205269999999, 24.370709
8.886164749999999, 9.0285375, 9.226511250000001, 9.50367, 9.7335318, 11.814456379999998, 36.893046
8.87698125, 9.034370500000001, 9.23169925, 9.5300094, 9.739889, 14.407697399999986, 36.893046
8.8891365, 9.0393685, 9.240222, 9.4811508, 9.734277449999999, 13.91610324, 20.217992
8.88788575, 9.0424495, 9.25007375, 9.5464979, 9.84500215, 17.065732639999997, 36.893046
8.892573, 9.039964000000001, 9.217582, 9.47331, 9.744627249999999, 15.571933089999998, 36.893046
8.879525000000001, 9.036931, 9.237260500000001, 9.5076156, 9.80661475, 11.739697519999996, 22.552578
8.877118500000002, 9.043630499999999, 9.229697250000001, 9.469013, 9.71170145, 16.09976782, 52.853195
8.88976175, 9.045837, 9.255043, 9.524441, 9.736466799999999, 13.806577739999996, 22.552578
8.869740499999999, 9.0313685, 9.258393, 9.5136762, 9.774447349999999, 13.492453579999994, 36.893046
8.89313225, 9.045781999999999, 9.24292, 9.5363951, 9.83015195, 16.25509691, 52.853195
8.876681, 9.032240999999999, 9.239652, 9.493897, 9.734277449999999, 13.809444849999995, 22.552578
8.877118500000002, 9.045506499999998, 9.23727, 9.488239, 9.77637615, 14.391847, 24.370709
8.878209499999999, 9.044275, 9.24410425, 9.4976082, 9.744206, 11.812857, 36.893046
8.90027275, 9.056228, 9.25325275, 9.5256265, 9.8021306, 15.263228, 52.853195
8.87706575, 9.03384, 9.22619325, 9.478165, 9.7567628, 14.419118759999996, 32.855096
8.881986, 9.0311685, 9.22804125, 9.4592803, 9.691613850000001, 13.285694759999975, 52.853195
8.904954499999999, 9.0493705, 9.23062275, 9.495216899999999, 9.7223915, 16.05124169, 52.853195
8.87971875, 9.035616000000001, 9.228024999999999, 9.478180600000002, 9.720071299999999, 16.05910689, 32.855096
8.877393, 9.034849000000001, 9.216281, 9.505738299999999, 9.67159025, 11.061763509999995, 24.370709
8.87808825, 9.051400000000001, 9.224699999999999, 9.507639600000001, 9.7528771, 14.111399509999995, 32.855096
8.892636, 9.051902, 9.27209325, 9.541553200000001, 9.806602, 14.700135689999993, 52.853195
8.875027750000001, 9.043857, 9.25044575, 9.5419999, 9.77228725, 16.18153611, 36.893046
8.880458, 9.041174999999999, 9.23582875, 9.487161200000001, 9.73346475, 13.165292199999996, 23.303856
8.883429249999999, 9.0387765, 9.242806250000001, 9.4994128, 9.753195299999998, 14.391847, 21.371576
8.886623, 9.052162, 9.24868475, 9.5136533, 9.776015150000001, 14.611633759999995, 36.893046
8.86824275, 9.0282135, 9.230423, 9.4978842, 9.77017995, 14.910528769999988, 23.303856
8.87865875, 9.03389, 9.26040775, 9.5418106, 9.82155185, 16.720722, 32.855096
8.8846265, 9.045019, 9.23608025, 9.5231829, 9.716393199999999, 11.09859706, 32.855096
8.8826055, 9.050564, 9.231022, 9.4944109, 9.697374400000001, 14.395243399999996, 19.645042
8.88539475, 9.03884, 9.231847250000001, 9.5335322, 9.77604425, 14.910528769999988, 52.853195
8.8983005, 9.0514965, 9.24298425, 9.5162498, 9.778165, 16.65946179, 32.855096
8.89011, 9.0392145, 9.247895750000001, 9.503489700000001, 9.76824745, 16.09869635, 22.552578
8.889848749999999, 9.0489945, 9.254109, 9.4938467, 9.792362549999998, 11.260672849999995, 19.892145
8.88556625, 9.0400815, 9.237321, 9.5269698, 9.77482665, 15.575216489999995, 32.855096
8.877067, 9.033979500000001, 9.21270075, 9.5208795, 9.74487235, 14.450396, 21.371576
8.88326575, 9.031155, 9.23864125, 9.5066769, 9.810516049999999, 16.21605821, 23.303856
8.884114, 9.032034, 9.231022, 9.5529438, 9.83066815, 13.920404079999996, 36.893046
8.888725749999999, 9.0488575, 9.246229, 9.5269176, 9.779622149999998, 14.70315702999999, 52.853195
8.8714645, 9.037151, 9.2314945, 9.4801019, 9.7134675, 11.44299568, 22.552578
8.89853575, 9.04747, 9.243874, 9.5060739, 9.767799349999999, 16.10021293, 23.303856
8.888895250000001, 9.029453, 9.218515499999999, 9.476569, 9.76723305, 11.374306019999999, 36.893046
8.883815250000001, 9.033762, 9.23807875, 9.5260368, 9.782297250000001, 16.66124832, 52.853195
8.88892375, 9.038772999999999, 9.24915725, 9.527306500000002, 9.77488, 14.79116644999999, 23.303856
8.884923, 9.048836999999999, 9.259047, 9.5175049, 9.7719557, 14.453675669999997, 36.893046
8.89680475, 9.0506315, 9.2430955, 9.509855700000001, 9.733407249999999, 14.620796969999986, 24.370709
8.88862575, 9.047719, 9.2369205, 9.5109466, 9.74162595, 13.617861, 36.893046
8.888518750000001, 9.0483325, 9.2450265, 9.4986456, 9.752836349999999, 11.029005689999993, 20.217992
8.881884750000001, 9.049009, 9.256363, 9.5298573, 9.802613350000001, 13.746083099999991, 19.645042
8.88954275, 9.047038, 9.2478185, 9.5203138, 9.763917, 11.165157129999997, 19.072953
8.87801275, 9.045713500000002, 9.227487, 9.496489200000001, 9.694305, 14.60631635, 19.892145
8.874665, 9.0321465, 9.240094, 9.472297, 9.656483, 11.827052069999986, 19.071708
8.895789, 9.0467, 9.25190325, 9.497367, 9.796408900000001, 14.108396169999997, 20.217992
8.88236075, 9.0385005, 9.2336925, 9.5129628, 9.715878, 11.445075199999998, 52.853195
8.884642, 9.0319685, 9.23601475, 9.485236200000001, 9.7162384, 13.810030339999994, 52.853195
8.88848175, 9.047595000000001, 9.253141, 9.5247441, 9.7420457, 11.200724859999998, 19.892145
8.874659000000001, 9.037532500000001, 9.24121675, 9.5103265, 9.798618600000001, 13.746083099999991, 22.552578
8.88259375, 9.0361075, 9.22178175, 9.4809559, 9.7108823, 11.44299568, 32.855096
8.89350075, 9.046115, 9.237115, 9.511582, 9.70139895, 14.43134543, 32.855096
8.8729205, 9.035724, 9.24314475, 9.4990645, 9.6998753, 13.807454749999996, 19.645042
8.887037, 9.0593975, 9.2575565, 9.5442537, 9.839692600000001, 16.706771850000003, 36.893046
0, 0, 0, 0, 0, 0, 0
0, 0, 0, 0, 0, 0, 0
0, 0, 0, 0, 0, 0, 0
0, 0, 0, 0, 0, 0, 0
0, 0, 0, 0, 0, 0, 0
0, 0, 0, 0, 0, 0, 0
0, 0, 0, 0, 0, 0, 0
0, 0, 0, 0, 0, 0, 0
0, 0, 0, 0, 0, 0, 0
0, 0, 0, 0, 0, 0, 0
0, 0, 0, 0, 0, 0, 0
0, 0, 0, 0, 0, 0, 0
0, 0, 0, 0, 0, 0, 0
0, 0, 0, 0, 0, 0, 0
0, 0, 0, 0, 0, 0, 0
0, 0, 0, 0, 0, 0, 0
0, 0, 0, 0, 0, 0, 0
0, 0, 0, 0, 0, 0, 0
0, 0, 0, 0, 0, 0, 0
0, 0, 0, 0, 0, 0, 0
0, 0, 0, 0, 0, 0, 0
0, 0, 0, 0, 0, 0, 0
0, 0, 0, 0, 0, 0, 0
0, 0, 0, 0, 0, 0, 0
0, 0, 0, 0, 0, 0, 0
0, 0, 0, 0, 0, 0, 0
0, 0, 0, 0, 0, 0, 0
0, 0, 0, 0, 0, 0, 0
0, 0, 0, 0, 0, 0, 0
0, 0, 0, 0, 0, 0, 0
0, 0, 0, 0, 0, 0, 0
0, 0, 0, 0, 0, 0, 0
0, 0, 0, 0, 0, 0, 0
0, 0, 0, 0, 0, 0, 0
0, 0, 0, 0, 0, 0, 0
0, 0, 0, 0, 0, 0, 0
0, 0, 0, 0, 0, 0, 0
0, 0, 0, 0, 0, 0, 0
0, 0, 0, 0, 0, 0, 0
0, 0, 0, 0, 0, 0, 0
0, 0, 0, 0, 0, 0, 0
0, 0, 0, 0, 0, 0, 0
0, 0, 0, 0, 0, 0, 0
0, 0, 0, 0, 0, 0, 0
0, 0, 0, 0, 0, 0, 0
0, 0, 0, 0, 0, 0, 0
0, 0, 0, 0, 0, 0, 0
0, 0, 0, 0, 0, 0, 0
0, 0, 0, 0, 0, 0, 0
0, 0, 0, 0, 0, 0, 0
0, 0, 0, 0, 0, 0, 0
0, 0, 0, 0, 0, 0, 0
0, 0, 0, 0, 0, 0, 0
0, 0, 0, 0, 0, 0, 0
0, 0, 0, 0, 0, 0, 0
0, 0, 0, 0, 0, 0, 0
0, 0, 0, 0, 0, 0, 0
0, 0, 0, 0, 0, 0, 0
0, 0, 0, 0, 0, 0, 0
0, 0, 0, 0, 0, 0, 0
0, 0, 0, 0, 0, 0, 0
0, 0, 0, 0, 0, 0, 0
0, 0, 0, 0, 0, 0, 0
0, 0, 0, 0, 0, 0, 0
0, 0, 0, 0, 0, 0, 0
0, 0, 0, 0, 0, 0, 0
0, 0, 0, 0, 0, 0, 0
0, 0, 0, 0, 0, 0, 0
0, 0, 0, 0, 0, 0, 0
0, 0, 0, 0, 0, 0, 0
0, 0, 0, 0, 0, 0, 0
0, 0, 0, 0, 0, 0, 0
0, 0, 0, 0, 0, 0, 0
0, 0, 0, 0, 0, 0, 0
0, 0, 0, 0, 0, 0, 0
0, 0, 0, 0, 0, 0, 0
0, 0, 0, 0, 0, 0, 0
0, 0, 0, 0, 0, 0, 0
0, 0, 0, 0, 0, 0, 0
0, 0, 0, 0, 0, 0, 0
0, 0, 0, 0, 0, 0, 0
0, 0, 0, 0, 0, 0, 0
0, 0, 0, 0, 0, 0, 0
0, 0, 0, 0, 0, 0, 0
0, 0, 0, 0, 0, 0, 0
0, 0, 0, 0, 0, 0, 0
0, 0, 0, 0, 0, 0, 0
0, 0, 0, 0, 0, 0, 0
0, 0, 0, 0, 0, 0, 0
0, 0, 0, 0, 0, 0, 0
0, 0, 0, 0, 0, 0, 0
0, 0, 0, 0, 0, 0, 0
0, 0, 0, 0, 0, 0, 0
0, 0, 0, 0, 0, 0, 0
0, 0, 0, 0, 0, 0, 0
0, 0, 0, 0, 0, 0, 0
0, 0, 0, 0, 0, 0, 0
0, 0, 0, 0, 0, 0, 0
0, 0, 0, 0, 0, 0, 0
0, 0, 0, 0, 0, 0, 0
0, 0, 0, 0, 0, 0, 0
0, 0, 0, 0, 0, 0, 0
0, 0, 0, 0, 0, 0, 0
0, 0, 0, 0, 0, 0, 0
0, 0, 0, 0, 0, 0, 0
0, 0, 0, 0, 0, 0, 0
0, 0, 0, 0, 0, 0, 0
0, 0, 0, 0, 0, 0, 0
0, 0, 0, 0, 0, 0, 0
0, 0, 0, 0, 0, 0, 0
0, 0, 0, 0, 0, 0, 0
0, 0, 0, 0, 0, 0, 0
0, 0, 0, 0, 0, 0, 0
0, 0, 0, 0, 0, 0, 0
0, 0, 0, 0, 0, 0, 0
0, 0, 0, 0, 0, 0, 0
0, 0, 0, 0, 0, 0, 0
0, 0, 0, 0, 0, 0, 0
0, 0, 0, 0, 0, 0, 0
0, 0, 0, 0, 0, 0, 0
0, 0, 0, 0, 0, 0, 0
0, 0, 0, 0, 0, 0, 0
0, 0, 0, 0, 0, 0, 0
0, 0, 0, 0, 0, 0, 0
0, 0, 0, 0, 0, 0, 0
0, 0, 0, 0, 0, 0, 0
0, 0, 0, 0, 0, 0, 0
0, 0, 0, 0, 0, 0, 0
0, 0, 0, 0, 0, 0, 0
0, 0, 0, 0, 0, 0, 0
0, 0, 0, 0, 0, 0, 0
0, 0, 0, 0, 0, 0, 0
0, 0, 0, 0, 0, 0, 0
0, 0, 0, 0, 0, 0, 0
0, 0, 0, 0, 0, 0, 0
0, 0, 0, 0, 0, 0, 0
0, 0, 0, 0, 0, 0, 0
0, 0, 0, 0, 0, 0, 0
0, 0, 0, 0, 0, 0, 0
0, 0, 0, 0, 0, 0, 0
0, 0, 0, 0, 0, 0, 0
0, 0, 0, 0, 0, 0, 0
0, 0, 0, 0, 0, 0, 0
0, 0, 0, 0, 0, 0, 0
0, 0, 0, 0, 0, 0, 0
0, 0, 0, 0, 0, 0, 0
0, 0, 0, 0, 0, 0, 0
0, 0, 0, 0, 0, 0, 0
0, 0, 0, 0, 0, 0, 0
0, 0, 0, 0, 0, 0, 0
0, 0, 0, 0, 0, 0, 0
0, 0, 0, 0, 0, 0, 0
0, 0, 0, 0, 0, 0, 0
0, 0, 0, 0, 0, 0, 0
0, 0, 0, 0, 0, 0, 0
0, 0, 0, 0, 0, 0, 0
0, 0, 0, 0, 0, 0, 0
0, 0, 0, 0, 0, 0, 0
0, 0, 0, 0, 0, 0, 0
0, 0, 0, 0, 0, 0, 0
0, 0, 0, 0, 0, 0, 0
0, 0, 0, 0, 0, 0, 0
0, 0, 0, 0, 0, 0, 0
0, 0, 0, 0, 0, 0, 0
0, 0, 0, 0, 0, 0, 0
0, 0, 0, 0, 0, 0, 0
0, 0, 0, 0, 0, 0, 0
0, 0, 0, 0, 0, 0, 0
0, 0, 0, 0, 0, 0, 0
0, 0, 0, 0, 0, 0, 0
0, 0, 0, 0, 0, 0, 0
0, 0, 0, 0, 0, 0, 0
0, 0, 0, 0, 0, 0, 0
0, 0, 0, 0, 0, 0, 0
0, 0, 0, 0, 0, 0, 0
0, 0, 0, 0, 0, 0, 0
0, 0, 0, 0, 0, 0, 0
0, 0, 0, 0, 0, 0, 0
0, 0, 0, 0, 0, 0, 0
0, 0, 0, 0, 0, 0, 0
0, 0, 0, 0, 0, 0, 0
0, 0, 0, 0, 0, 0, 0
0, 0, 0, 0, 0, 0, 0
0, 0, 0, 0, 0, 0, 0
0, 0, 0, 0, 0, 0, 0
0, 0, 0, 0, 0, 0, 0
0, 0, 0, 0, 0, 0, 0
0, 0, 0, 0, 0, 0, 0
0, 0, 0, 0, 0, 0, 0
0, 0, 0, 0, 0, 0, 0
0, 0, 0, 0, 0, 0, 0
0, 0, 0, 0, 0, 0, 0
0, 0, 0, 0, 0, 0, 0
0, 0, 0, 0, 0, 0, 0
0, 0, 0, 0, 0, 0, 0
0, 0, 0, 0, 0, 0, 0
0, 0, 0, 0, 0, 0, 0
0, 0, 0, 0, 0, 0, 0
0, 0, 0, 0, 0, 0, 0
0, 0, 0, 0, 0, 0, 0
0, 0, 0, 0, 0, 0, 0
0, 0, 0, 0, 0, 0, 0
0, 0, 0, 0, 0, 0, 0
0, 0, 0, 0, 0, 0, 0
0, 0, 0, 0, 0, 0, 0
0, 0, 0, 0, 0, 0, 0
0, 0, 0, 0, 0, 0, 0
0, 0, 0, 0, 0, 0, 0
0, 0, 0, 0, 0, 0, 0
0, 0, 0, 0, 0, 0, 0
0, 0, 0, 0, 0, 0, 0
0, 0, 0, 0, 0, 0, 0
0, 0, 0, 0, 0, 0, 0
0, 0, 0, 0, 0, 0, 0
0, 0, 0, 0, 0, 0, 0
0, 0, 0, 0, 0, 0, 0
0, 0, 0, 0, 0, 0, 0
0, 0, 0, 0, 0, 0, 0
0, 0, 0, 0, 0, 0, 0
0, 0, 0, 0, 0, 0, 0
0, 0, 0, 0, 0, 0, 0
0, 0, 0, 0, 0, 0, 0
0, 0, 0, 0, 0, 0, 0
0, 0, 0, 0, 0, 0, 0
0, 0, 0, 0, 0, 0, 0
0, 0, 0, 0, 0, 0, 0
0, 0, 0, 0, 0, 0, 0
0, 0, 0, 0, 0, 0, 0
0, 0, 0, 0, 0, 0, 0
0, 0, 0, 0, 0, 0, 0
0, 0, 0, 0, 0, 0, 0
0, 0, 0, 0, 0, 0, 0
0, 0, 0, 0, 0, 0, 0
0, 0, 0, 0, 0, 0, 0
0, 0, 0, 0, 0, 0, 0
0, 0, 0, 0, 0, 0, 0
0, 0, 0, 0, 0, 0, 0
0, 0, 0, 0, 0, 0, 0
0, 0, 0, 0, 0, 0, 0
0, 0, 0, 0, 0, 0, 0
0, 0, 0, 0, 0, 0, 0
0, 0, 0, 0, 0, 0, 0
0, 0, 0, 0, 0, 0, 0
0, 0, 0, 0, 0, 0, 0
0, 0, 0, 0, 0, 0, 0
0, 0, 0, 0, 0, 0, 0
0, 0, 0, 0, 0, 0, 0
0, 0, 0, 0, 0, 0, 0
0, 0, 0, 0, 0, 0, 0
0, 0, 0, 0, 0, 0, 0
0, 0, 0, 0, 0, 0, 0
0, 0, 0, 0, 0, 0, 0
0, 0, 0, 0, 0, 0, 0
0, 0, 0, 0, 0, 0, 0
0, 0, 0, 0, 0, 0, 0
0, 0, 0, 0, 0, 0, 0
0, 0, 0, 0, 0, 0, 0
0, 0, 0, 0, 0, 0, 0
0, 0, 0, 0, 0, 0, 0
0, 0, 0, 0, 0, 0, 0
0, 0, 0, 0, 0, 0, 0
0, 0, 0, 0, 0, 0, 0
0, 0, 0, 0, 0, 0, 0
0, 0, 0, 0, 0, 0, 0
0, 0, 0, 0, 0, 0, 0
0, 0, 0, 0, 0, 0, 0
0, 0, 0, 0, 0, 0, 0
0, 0, 0, 0, 0, 0, 0
0, 0, 0, 0, 0, 0, 0
0, 0, 0, 0, 0, 0, 0
0, 0, 0, 0, 0, 0, 0
0, 0, 0, 0, 0, 0, 0
0, 0, 0, 0, 0, 0, 0
0, 0, 0, 0, 0, 0, 0
0, 0, 0, 0, 0, 0, 0
0, 0, 0, 0, 0, 0, 0
0, 0, 0, 0, 0, 0, 0
0, 0, 0, 0, 0, 0, 0
0, 0, 0, 0, 0, 0, 0
0, 0, 0, 0, 0, 0, 0
0, 0, 0, 0, 0, 0, 0
0, 0, 0, 0, 0, 0, 0
0, 0, 0, 0, 0, 0, 0
0, 0, 0, 0, 0, 0, 0
0, 0, 0, 0, 0, 0, 0
0, 0, 0, 0, 0, 0, 0
0, 0, 0, 0, 0, 0, 0
0, 0, 0, 0, 0, 0, 0
0, 0, 0, 0, 0, 0, 0
0, 0, 0, 0, 0, 0, 0
0, 0, 0, 0, 0, 0, 0
0, 0, 0, 0, 0, 0, 0
0, 0, 0, 0, 0, 0, 0
0, 0, 0, 0, 0, 0, 0
0, 0, 0, 0, 0, 0, 0
0, 0, 0, 0, 0, 0, 0
0, 0, 0, 0, 0, 0, 0
0, 0, 0, 0, 0, 0, 0
0, 0, 0, 0, 0, 0, 0
0, 0, 0, 0, 0, 0, 0
0, 0, 0, 0, 0, 0, 0
0, 0, 0, 0, 0, 0, 0
0, 0, 0, 0, 0, 0, 0
0, 0, 0, 0, 0, 0, 0
0, 0, 0, 0, 0, 0, 0
0, 0, 0, 0, 0, 0, 0
0, 0, 0, 0, 0, 0, 0
0, 0, 0, 0, 0, 0, 0
0, 0, 0, 0, 0, 0, 0
0, 0, 0, 0, 0, 0, 0
0, 0, 0, 0, 0, 0, 0
0, 0, 0, 0, 0, 0, 0
0, 0, 0, 0, 0, 0, 0
0, 0, 0, 0, 0, 0, 0
0, 0, 0, 0, 0, 0, 0
0, 0, 0, 0, 0, 0, 0
0, 0, 0, 0, 0, 0, 0
0, 0, 0, 0, 0, 0, 0
0, 0, 0, 0, 0, 0, 0
0, 0, 0, 0, 0, 0, 0
0, 0, 0, 0, 0, 0, 0
0, 0, 0, 0, 0, 0, 0
0, 0, 0, 0, 0, 0, 0
0, 0, 0, 0, 0, 0, 0
0, 0, 0, 0, 0, 0, 0
0, 0, 0, 0, 0, 0, 0
0, 0, 0, 0, 0, 0, 0
0, 0, 0, 0, 0, 0, 0
0, 0, 0, 0, 0, 0, 0
0, 0, 0, 0, 0, 0, 0
0, 0, 0, 0, 0, 0, 0
0, 0, 0, 0, 0, 0, 0
0, 0, 0, 0, 0, 0, 0
0, 0, 0, 0, 0, 0, 0
0, 0, 0, 0, 0, 0, 0
0, 0, 0, 0, 0, 0, 0
0, 0, 0, 0, 0, 0, 0
0, 0, 0, 0, 0, 0, 0
0, 0, 0, 0, 0, 0, 0
0, 0, 0, 0, 0, 0, 0
0, 0, 0, 0, 0, 0, 0
0, 0, 0, 0, 0, 0, 0
0, 0, 0, 0, 0, 0, 0
0, 0, 0, 0, 0, 0, 0
0, 0, 0, 0, 0, 0, 0
0, 0, 0, 0, 0, 0, 0
0, 0, 0, 0, 0, 0, 0
0, 0, 0, 0, 0, 0, 0
0, 0, 0, 0, 0, 0, 0
0, 0, 0, 0, 0, 0, 0
0, 0, 0, 0, 0, 0, 0
0, 0, 0, 0, 0, 0, 0
0, 0, 0, 0, 0, 0, 0
0, 0, 0, 0, 0, 0, 0
0, 0, 0, 0, 0, 0, 0
0, 0, 0, 0, 0, 0, 0
0, 0, 0, 0, 0, 0, 0
0, 0, 0, 0, 0, 0, 0
0, 0, 0, 0, 0, 0, 0
0, 0, 0, 0, 0, 0, 0
0, 0, 0, 0, 0, 0, 0
0, 0, 0, 0, 0, 0, 0
0, 0, 0, 0, 0, 0, 0
0, 0, 0, 0, 0, 0, 0
0, 0, 0, 0, 0, 0, 0
0, 0, 0, 0, 0, 0, 0
0, 0, 0, 0, 0, 0, 0
0, 0, 0, 0, 0, 0, 0
0, 0, 0, 0, 0, 0, 0
0, 0, 0, 0, 0, 0, 0
0, 0, 0, 0, 0, 0, 0
0, 0, 0, 0, 0, 0, 0
0, 0, 0, 0, 0, 0, 0
0, 0, 0, 0, 0, 0, 0
0, 0, 0, 0, 0, 0, 0
0, 0, 0, 0, 0, 0, 0
0, 0, 0, 0, 0, 0, 0
0, 0, 0, 0, 0, 0, 0
0, 0, 0, 0, 0, 0, 0
0, 0, 0, 0, 0, 0, 0
0, 0, 0, 0, 0, 0, 0
0, 0, 0, 0, 0, 0, 0
0, 0, 0, 0, 0, 0, 0
0, 0, 0, 0, 0, 0, 0
0, 0, 0, 0, 0, 0, 0
0, 0, 0, 0, 0, 0, 0
0, 0, 0, 0, 0, 0, 0
0, 0, 0, 0, 0, 0, 0
0, 0, 0, 0, 0, 0, 0
0, 0, 0, 0, 0, 0, 0
0, 0, 0, 0, 0, 0, 0
0, 0, 0, 0, 0, 0, 0
0, 0, 0, 0, 0, 0, 0
0, 0, 0, 0, 0, 0, 0
0, 0, 0, 0, 0, 0, 0
0, 0, 0, 0, 0, 0, 0
0, 0, 0, 0, 0, 0, 0
0, 0, 0, 0, 0, 0, 0
0, 0, 0, 0, 0, 0, 0
0, 0, 0, 0, 0, 0, 0
0, 0, 0, 0, 0, 0, 0
0, 0, 0, 0, 0, 0, 0
0, 0, 0, 0, 0, 0, 0
0, 0, 0, 0, 0, 0, 0
0, 0, 0, 0, 0, 0, 0
0, 0, 0, 0, 0, 0, 0
0, 0, 0, 0, 0, 0, 0
0, 0, 0, 0, 0, 0, 0
0, 0, 0, 0, 0, 0, 0
0, 0, 0, 0, 0, 0, 0
0, 0, 0, 0, 0, 0, 0
0, 0, 0, 0, 0, 0, 0
0, 0, 0, 0, 0, 0, 0
0, 0, 0, 0, 0, 0, 0
0, 0, 0, 0, 0, 0, 0
0, 0, 0, 0, 0, 0, 0
0, 0, 0, 0, 0, 0, 0
0, 0, 0, 0, 0, 0, 0
0, 0, 0, 0, 0, 0, 0
0, 0, 0, 0, 0, 0, 0
0, 0, 0, 0, 0, 0, 0
0, 0, 0, 0, 0, 0, 0
0, 0, 0, 0, 0, 0, 0
0, 0, 0, 0, 0, 0, 0
0, 0, 0, 0, 0, 0, 0
0, 0, 0, 0, 0, 0, 0
0, 0, 0, 0, 0, 0, 0
0, 0, 0, 0, 0, 0, 0
0, 0, 0, 0, 0, 0, 0
0, 0, 0, 0, 0, 0, 0
0, 0, 0, 0, 0, 0, 0
0, 0, 0, 0, 0, 0, 0
0, 0, 0, 0, 0, 0, 0
0, 0, 0, 0, 0, 0, 0
0, 0, 0, 0, 0, 0, 0
0, 0, 0, 0, 0, 0, 0
0, 0, 0, 0, 0, 0, 0
0, 0, 0, 0, 0, 0, 0
0, 0, 0, 0, 0, 0, 0
0, 0, 0, 0, 0, 0, 0
0, 0, 0, 0, 0, 0, 0
0, 0, 0, 0, 0, 0, 0
0, 0, 0, 0, 0, 0, 0
0, 0, 0, 0, 0, 0, 0
0, 0, 0, 0, 0, 0, 0
0, 0, 0, 0, 0, 0, 0
0, 0, 0, 0, 0, 0, 0
0, 0, 0, 0, 0, 0, 0
0, 0, 0, 0, 0, 0, 0
0, 0, 0, 0, 0, 0, 0
0, 0, 0, 0, 0, 0, 0
0, 0, 0, 0, 0, 0, 0
0, 0, 0, 0, 0, 0, 0
0, 0, 0, 0, 0, 0, 0
0, 0, 0, 0, 0, 0, 0
0, 0, 0, 0, 0, 0, 0
0, 0, 0, 0, 0, 0, 0
0, 0, 0, 0, 0, 0, 0
0, 0, 0, 0, 0, 0, 0
0, 0, 0, 0, 0, 0, 0
0, 0, 0, 0, 0, 0, 0
0, 0, 0, 0, 0, 0, 0
0, 0, 0, 0, 0, 0, 0
0, 0, 0, 0, 0, 0, 0
0, 0, 0, 0, 0, 0, 0
0, 0, 0, 0, 0, 0, 0
0, 0, 0, 0, 0, 0, 0
0, 0, 0, 0, 0, 0, 0
0, 0, 0, 0, 0, 0, 0
0, 0, 0, 0, 0, 0, 0
0, 0, 0, 0, 0, 0, 0
0, 0, 0, 0, 0, 0, 0
0, 0, 0, 0, 0, 0, 0
0, 0, 0, 0, 0, 0, 0
0, 0, 0, 0, 0, 0, 0
0, 0, 0, 0, 0, 0, 0
0, 0, 0, 0, 0, 0, 0
0, 0, 0, 0, 0, 0, 0
0, 0, 0, 0, 0, 0, 0
0, 0, 0, 0, 0, 0, 0
0, 0, 0, 0, 0, 0, 0
0, 0, 0, 0, 0, 0, 0
0, 0, 0, 0, 0, 0, 0
0, 0, 0, 0, 0, 0, 0
0, 0, 0, 0, 0, 0, 0
0, 0, 0, 0, 0, 0, 0
0, 0, 0, 0, 0, 0, 0
0, 0, 0, 0, 0, 0, 0
0, 0, 0, 0, 0, 0, 0
0, 0, 0, 0, 0, 0, 0
0, 0, 0, 0, 0, 0, 0
0, 0, 0, 0, 0, 0, 0
0, 0, 0, 0, 0, 0, 0
0, 0, 0, 0, 0, 0, 0
0, 0, 0, 0, 0, 0, 0
0, 0, 0, 0, 0, 0, 0
0, 0, 0, 0, 0, 0, 0
0, 0, 0, 0, 0, 0, 0
0, 0, 0, 0, 0, 0, 0
0, 0, 0, 0, 0, 0, 0
0, 0, 0, 0, 0, 0, 0
0, 0, 0, 0, 0, 0, 0
0, 0, 0, 0, 0, 0, 0
0, 0, 0, 0, 0, 0, 0
0, 0, 0, 0, 0, 0, 0
0, 0, 0, 0, 0, 0, 0
0, 0, 0, 0, 0, 0, 0
0, 0, 0, 0, 0, 0, 0
0, 0, 0, 0, 0, 0, 0
0, 0, 0, 0, 0, 0, 0
0, 0, 0, 0, 0, 0, 0
0, 0, 0, 0, 0, 0, 0
0, 0, 0, 0, 0, 0, 0
0, 0, 0, 0, 0, 0, 0
0, 0, 0, 0, 0, 0, 0
0, 0, 0, 0, 0, 0, 0
0, 0, 0, 0, 0, 0, 0
0, 0, 0, 0, 0, 0, 0
0, 0, 0, 0, 0, 0, 0
0, 0, 0, 0, 0, 0, 0
0, 0, 0, 0, 0, 0, 0
0, 0, 0, 0, 0, 0, 0
0, 0, 0, 0, 0, 0, 0
0, 0, 0, 0, 0, 0, 0
0, 0, 0, 0, 0, 0, 0
0, 0, 0, 0, 0, 0, 0
0, 0, 0, 0, 0, 0, 0
0, 0, 0, 0, 0, 0, 0
0, 0, 0, 0, 0, 0, 0
0, 0, 0, 0, 0, 0, 0
0, 0, 0, 0, 0, 0, 0
0, 0, 0, 0, 0, 0, 0
0, 0, 0, 0, 0, 0, 0
0, 0, 0, 0, 0, 0, 0
0, 0, 0, 0, 0, 0, 0
0, 0, 0, 0, 0, 0, 0
0, 0, 0, 0, 0, 0, 0
0, 0, 0, 0, 0, 0, 0
0, 0, 0, 0, 0, 0, 0
0, 0, 0, 0, 0, 0, 0
0, 0, 0, 0, 0, 0, 0
0, 0, 0, 0, 0, 0, 0
0, 0, 0, 0, 0, 0, 0
0, 0, 0, 0, 0, 0, 0
0, 0, 0, 0, 0, 0, 0
0, 0, 0, 0, 0, 0, 0
0, 0, 0, 0, 0, 0, 0
0, 0, 0, 0, 0, 0, 0
0, 0, 0, 0, 0, 0, 0
0, 0, 0, 0, 0, 0, 0
0, 0, 0, 0, 0, 0, 0
0, 0, 0, 0, 0, 0, 0
0, 0, 0, 0, 0, 0, 0
0, 0, 0, 0, 0, 0, 0
0, 0, 0, 0, 0, 0, 0
0, 0, 0, 0, 0, 0, 0
0, 0, 0, 0, 0, 0, 0
0, 0, 0, 0, 0, 0, 0
0, 0, 0, 0, 0, 0, 0
0, 0, 0, 0, 0, 0, 0
0, 0, 0, 0, 0, 0, 0
0, 0, 0, 0, 0, 0, 0
0, 0, 0, 0, 0, 0, 0
0, 0, 0, 0, 0, 0, 0
0, 0, 0, 0, 0, 0, 0
0, 0, 0, 0, 0, 0, 0
0, 0, 0, 0, 0, 0, 0
0, 0, 0, 0, 0, 0, 0
0, 0, 0, 0, 0, 0, 0
0, 0, 0, 0, 0, 0, 0
0, 0, 0, 0, 0, 0, 0
0, 0, 0, 0, 0, 0, 0
0, 0, 0, 0, 0, 0, 0
0, 0, 0, 0, 0, 0, 0
0, 0, 0, 0, 0, 0, 0
0, 0, 0, 0, 0, 0, 0
0, 0, 0, 0, 0, 0, 0
0, 0, 0, 0, 0, 0, 0
0, 0, 0, 0, 0, 0, 0
0, 0, 0, 0, 0, 0, 0
0, 0, 0, 0, 0, 0, 0
0, 0, 0, 0, 0, 0, 0
0, 0, 0, 0, 0, 0, 0
0, 0, 0, 0, 0, 0, 0
0, 0, 0, 0, 0, 0, 0
0, 0, 0, 0, 0, 0, 0
0, 0, 0, 0, 0, 0, 0
0, 0, 0, 0, 0, 0, 0
0, 0, 0, 0, 0, 0, 0
0, 0, 0, 0, 0, 0, 0
0, 0, 0, 0, 0, 0, 0
0, 0, 0, 0, 0, 0, 0
0, 0, 0, 0, 0, 0, 0
0, 0, 0, 0, 0, 0, 0
0, 0, 0, 0, 0, 0, 0
0, 0, 0, 0, 0, 0, 0
0, 0, 0, 0, 0, 0, 0
0, 0, 0, 0, 0, 0, 0
0, 0, 0, 0, 0, 0, 0
0, 0, 0, 0, 0, 0, 0
0, 0, 0, 0, 0, 0, 0
0, 0, 0, 0, 0, 0, 0
0, 0, 0, 0, 0, 0, 0
0, 0, 0, 0, 0, 0, 0
0, 0, 0, 0, 0, 0, 0
0, 0, 0, 0, 0, 0, 0
0, 0, 0, 0, 0, 0, 0
0, 0, 0, 0, 0, 0, 0
0, 0, 0, 0, 0, 0, 0
0, 0, 0, 0, 0, 0, 0
0, 0, 0, 0, 0, 0, 0
0, 0, 0, 0, 0, 0, 0
0, 0, 0, 0, 0, 0, 0
0, 0, 0, 0, 0, 0, 0
0, 0, 0, 0, 0, 0, 0
0, 0, 0, 0, 0, 0, 0
0, 0, 0, 0, 0, 0, 0
0, 0, 0, 0, 0, 0, 0
0, 0, 0, 0, 0, 0, 0
0, 0, 0, 0, 0, 0, 0
0, 0, 0, 0, 0, 0, 0
0, 0, 0, 0, 0, 0, 0
0, 0, 0, 0, 0, 0, 0
0, 0, 0, 0, 0, 0, 0
0, 0, 0, 0, 0, 0, 0
0, 0, 0, 0, 0, 0, 0
0, 0, 0, 0, 0, 0, 0
0, 0, 0, 0, 0, 0, 0
0, 0, 0, 0, 0, 0, 0
0, 0, 0, 0, 0, 0, 0
0, 0, 0, 0, 0, 0, 0
0, 0, 0, 0, 0, 0, 0
0, 0, 0, 0, 0, 0, 0
0, 0, 0, 0, 0, 0, 0
0, 0, 0, 0, 0, 0, 0
0, 0, 0, 0, 0, 0, 0
0, 0, 0, 0, 0, 0, 0
0, 0, 0, 0, 0, 0, 0
0, 0, 0, 0, 0, 0, 0
0, 0, 0, 0, 0, 0, 0
0, 0, 0, 0, 0, 0, 0
0, 0, 0, 0, 0, 0, 0
0, 0, 0, 0, 0, 0, 0
0, 0, 0, 0, 0, 0, 0
0, 0, 0, 0, 0, 0, 0
0, 0, 0, 0, 0, 0, 0
0, 0, 0, 0, 0, 0, 0
0, 0, 0, 0, 0, 0, 0
0, 0, 0, 0, 0, 0, 0
0, 0, 0, 0, 0, 0, 0
0, 0, 0, 0, 0, 0, 0
0, 0, 0, 0, 0, 0, 0
0, 0, 0, 0, 0, 0, 0
0, 0, 0, 0, 0, 0, 0
0, 0, 0, 0, 0, 0, 0
0, 0, 0, 0, 0, 0, 0
0, 0, 0, 0, 0, 0, 0
0, 0, 0, 0, 0, 0, 0
0, 0, 0, 0, 0, 0, 0
0, 0, 0, 0, 0, 0, 0
0, 0, 0, 0, 0, 0, 0
0, 0, 0, 0, 0, 0, 0
0, 0, 0, 0, 0, 0, 0
0, 0, 0, 0, 0, 0, 0
0, 0, 0, 0, 0, 0, 0
0, 0, 0, 0, 0, 0, 0
0, 0, 0, 0, 0, 0, 0
0, 0, 0, 0, 0, 0, 0
0, 0, 0, 0, 0, 0, 0
0, 0, 0, 0, 0, 0, 0
0, 0, 0, 0, 0, 0, 0
0, 0, 0, 0, 0, 0, 0
0, 0, 0, 0, 0, 0, 0
0, 0, 0, 0, 0, 0, 0
0, 0, 0, 0, 0, 0, 0
0, 0, 0, 0, 0, 0, 0
0, 0, 0, 0, 0, 0, 0
0, 0, 0, 0, 0, 0, 0
0, 0, 0, 0, 0, 0, 0
0, 0, 0, 0, 0, 0, 0
0, 0, 0, 0, 0, 0, 0
0, 0, 0, 0, 0, 0, 0
0, 0, 0, 0, 0, 0, 0
0, 0, 0, 0, 0, 0, 0
0, 0, 0, 0, 0, 0, 0
0, 0, 0, 0, 0, 0, 0
0, 0, 0, 0, 0, 0, 0
0, 0, 0, 0, 0, 0, 0
0, 0, 0, 0, 0, 0, 0
0, 0, 0, 0, 0, 0, 0
0, 0, 0, 0, 0, 0, 0
0, 0, 0, 0, 0, 0, 0
0, 0, 0, 0, 0, 0, 0
0, 0, 0, 0, 0, 0, 0
0, 0, 0, 0, 0, 0, 0
0, 0, 0, 0, 0, 0, 0
0, 0, 0, 0, 0, 0, 0
0, 0, 0, 0, 0, 0, 0
0, 0, 0, 0, 0, 0, 0
0, 0, 0, 0, 0, 0, 0
0, 0, 0, 0, 0, 0, 0
0, 0, 0, 0, 0, 0, 0
0, 0, 0, 0, 0, 0, 0
0, 0, 0, 0, 0, 0, 0
0, 0, 0, 0, 0, 0, 0
0, 0, 0, 0, 0, 0, 0
0, 0, 0, 0, 0, 0, 0
0, 0, 0, 0, 0, 0, 0
0, 0, 0, 0, 0, 0, 0
0, 0, 0, 0, 0, 0, 0
0, 0, 0, 0, 0, 0, 0
0, 0, 0, 0, 0, 0, 0
0, 0, 0, 0, 0, 0, 0
0, 0, 0, 0, 0, 0, 0
0, 0, 0, 0, 0, 0, 0
0, 0, 0, 0, 0, 0, 0
0, 0, 0, 0, 0, 0, 0
0, 0, 0, 0, 0, 0, 0
0, 0, 0, 0, 0, 0, 0
0, 0, 0, 0, 0, 0, 0
0, 0, 0, 0, 0, 0, 0
0, 0, 0, 0, 0, 0, 0
0, 0, 0, 0, 0, 0, 0
0, 0, 0, 0, 0, 0, 0
0, 0, 0, 0, 0, 0, 0
0, 0, 0, 0, 0, 0, 0
0, 0, 0, 0, 0, 0, 0
0, 0, 0, 0, 0, 0, 0
0, 0, 0, 0, 0, 0, 0
0, 0, 0, 0, 0, 0, 0
0, 0, 0, 0, 0, 0, 0
0, 0, 0, 0, 0, 0, 0
0, 0, 0, 0, 0, 0, 0
0, 0, 0, 0, 0, 0, 0
0, 0, 0, 0, 0, 0, 0
0, 0, 0, 0, 0, 0, 0
0, 0, 0, 0, 0, 0, 0
0, 0, 0, 0, 0, 0, 0
0, 0, 0, 0, 0, 0, 0
0, 0, 0, 0, 0, 0, 0
0, 0, 0, 0, 0, 0, 0
0, 0, 0, 0, 0, 0, 0
0, 0, 0, 0, 0, 0, 0
0, 0, 0, 0, 0, 0, 0
0, 0, 0, 0, 0, 0, 0
0, 0, 0, 0, 0, 0, 0
0, 0, 0, 0, 0, 0, 0
0, 0, 0, 0, 0, 0, 0
0, 0, 0, 0, 0, 0, 0
0, 0, 0, 0, 0, 0, 0
0, 0, 0, 0, 0, 0, 0
0, 0, 0, 0, 0, 0, 0
0, 0, 0, 0, 0, 0, 0
0, 0, 0, 0, 0, 0, 0
0, 0, 0, 0, 0, 0, 0
0, 0, 0, 0, 0, 0, 0
0, 0, 0, 0, 0, 0, 0
0, 0, 0, 0, 0, 0, 0
0, 0, 0, 0, 0, 0, 0
0, 0, 0, 0, 0, 0, 0
0, 0, 0, 0, 0, 0, 0
0, 0, 0, 0, 0, 0, 0
0, 0, 0, 0, 0, 0, 0
0, 0, 0, 0, 0, 0, 0
0, 0, 0, 0, 0, 0, 0
0, 0, 0, 0, 0, 0, 0
0, 0, 0, 0, 0, 0, 0
0, 0, 0, 0, 0, 0, 0
0, 0, 0, 0, 0, 0, 0
0, 0, 0, 0, 0, 0, 0
0, 0, 0, 0, 0, 0, 0
0, 0, 0, 0, 0, 0, 0
0, 0, 0, 0, 0, 0, 0
0, 0, 0, 0, 0, 0, 0
0, 0, 0, 0, 0, 0, 0
0, 0, 0, 0, 0, 0, 0
0, 0, 0, 0, 0, 0, 0
0, 0, 0, 0, 0, 0, 0
0, 0, 0, 0, 0, 0, 0
0, 0, 0, 0, 0, 0, 0
0, 0, 0, 0, 0, 0, 0
0, 0, 0, 0, 0, 0, 0
0, 0, 0, 0, 0, 0, 0
0, 0, 0, 0, 0, 0, 0
0, 0, 0, 0, 0, 0, 0
0, 0, 0, 0, 0, 0, 0
0, 0, 0, 0, 0, 0, 0
0, 0, 0, 0, 0, 0, 0
0, 0, 0, 0, 0, 0, 0
0, 0, 0, 0, 0, 0, 0
0, 0, 0, 0, 0, 0, 0
0, 0, 0, 0, 0, 0, 0
0, 0, 0, 0, 0, 0, 0
0, 0, 0, 0, 0, 0, 0
0, 0, 0, 0, 0, 0, 0
0, 0, 0, 0, 0, 0, 0
0, 0, 0, 0, 0, 0, 0
0, 0, 0, 0, 0, 0, 0
8.88722725, 9.049707, 9.24988575, 9.5365596, 9.77230625, 13.260779679999999, 22.552578
8.88105375, 9.045599, 9.237197250000001, 9.5102287, 9.72420025, 14.39209222, 52.853195
8.875374749999999, 9.032608499999998, 9.21620475, 9.5211147, 9.777119149999999, 16.109242169999998, 52.853195
8.88678325, 9.046425, 9.260372, 9.553535100000001, 9.784536, 15.270364589999993, 19.645042
8.89121525, 9.0378545, 9.24916575, 9.4964688, 9.692080599999999, 11.68220693, 32.855096
8.897383999999999, 9.041914, 9.24210275, 9.509230800000001, 9.792172599999999, 11.994995419999979, 52.853195
8.8874085, 9.037446, 9.229066249999999, 9.4826502, 9.689653999999999, 13.23262547, 20.217992
8.87921425, 9.0307405, 9.23727, 9.508177400000001, 9.78219935, 15.570414, 19.892145
8.899118000000001, 9.036215, 9.23848, 9.490073, 9.65656795, 13.166617019999995, 52.853195
8.901789749999999, 9.0520995, 9.2397525, 9.534716, 9.735357, 15.878299099999994, 20.217992
8.8769295, 9.028151999999999, 9.217641749999999, 9.4854801, 9.70040525, 11.813872359999998, 19.656824
8.87902025, 9.048936000000001, 9.253141, 9.5345592, 9.806667149999999, 16.032008259999998, 32.855096
8.88869125, 9.046231, 9.24398475, 9.472716700000001, 9.70100435, 13.240051049999993, 23.303856
8.8844725, 9.0456955, 9.2355995, 9.490067, 9.80668955, 17.14350605, 22.552578
8.8750525, 9.044705, 9.243258, 9.5382554, 9.7640804, 11.167991789999995, 22.552578
8.87624775, 9.033718499999999, 9.23942125, 9.4982384, 9.7008229, 10.8987708, 21.371576
8.89065625, 9.0389705, 9.232298, 9.501085, 9.73563275, 14.672557599999998, 19.502914
8.896731249999998, 9.055373, 9.243230500000001, 9.538259, 9.7422864, 13.728709089999999, 19.656824
8.893990500000001, 9.045837, 9.237048249999999, 9.50015, 9.7335018, 15.97762476, 32.855096
8.88993125, 9.052253, 9.24223275, 9.4742674, 9.720369999999999, 10.80264551, 21.371576
8.879615, 9.024218, 9.209710750000001, 9.4456438, 9.68081415, 14.108003109999997, 36.893046
8.868512, 9.033355499999999, 9.2383285, 9.4775106, 9.66437485, 10.648972089999997, 32.855096
8.8968925, 9.041518, 9.240781, 9.511716400000001, 9.73831935, 11.274920009999983, 36.893046
8.891508, 9.0403075, 9.22186025, 9.480507200000002, 9.69291795, 10.868776869999994, 36.893046
8.883763, 9.044258500000002, 9.242635, 9.5082372, 9.72335355, 14.108248329999997, 19.892145
8.885898, 9.039033499999999, 9.22988475, 9.4973877, 9.7613077, 15.978104099999998, 23.303856
8.892636, 9.0383245, 9.23249, 9.4920538, 9.733125, 11.1624218, 32.855096
8.87822425, 9.050581, 9.237770999999999, 9.535433300000001, 9.84281105, 16.409907649999994, 32.855096
8.8764935, 9.046429, 9.25006725, 9.510821000000002, 9.81783725, 13.262104499999998, 23.303856
8.87326775, 8.9997635, 9.17332325, 9.4448559, 9.970956, 11.922318299999997, 35.734803
8.859765, 8.9983435, 9.180444, 9.4322116, 9.969460699999999, 11.971068919999983, 37.448702
8.8599105, 9.007090999999999, 9.178288, 9.4345788, 9.871622749999993, 11.938814469999995, 35.330604
8.863342, 9.0081435, 9.19096575, 9.4589331, 9.9923587, 11.961541919999988, 37.448702
8.870588999999999, 9.0048915, 9.1799035, 9.4414199, 10.004416, 11.809925, 24.923449
8.858522, 9.0009265, 9.181461, 9.455484, 9.953264549999998, 11.932734399999998, 35.734803
8.8684265, 9.002467, 9.181808, 9.4191824, 9.732802099999999, 11.875228479999995, 35.734803
8.863600250000001, 9.000538, 9.1768895, 9.4597544, 9.94641365, 11.83972962999999, 37.448702
8.86391575, 9.003908, 9.179454750000001, 9.4805948, 10.014374349999997, 12.070439959999998, 33.51644
8.869839749999999, 8.9982445, 9.165987000000001, 9.4347251, 9.918443799999999, 11.971068919999983, 37.448702
8.86542325, 9.0010035, 9.18074925, 9.446885700000001, 9.97260825, 12.048229309999995, 35.734803
8.8705515, 9.0045635, 9.175699, 9.437402, 9.881394599999998, 11.749391969999992, 37.448702
8.865428, 9.0059425, 9.18409175, 9.4591847, 9.9923587, 11.89460059, 35.487972
8.871753250000001, 9.007716, 9.1938195, 9.4876671, 10.013454, 11.9993765, 35.734803
8.868750499999999, 8.999671500000002, 9.17326675, 9.4521272, 10.006048549999994, 12.223577699999993, 35.734803
8.8624595, 8.9978155, 9.17666, 9.4123674, 9.8508372, 11.74916128, 16.295498
8.860873, 9.0044825, 9.183724999999999, 9.458287, 9.933371699999997, 11.932545, 37.448702
8.8626055, 8.994248500000001, 9.189092, 9.4718092, 10.030810199999998, 12.278399749999988, 35.734803
8.870186, 9.007814, 9.190460999999999, 9.4686457, 10.057724499999997, 11.932933869999994, 37.448702
8.869037250000002, 9.001531, 9.178265499999998, 9.450995599999999, 10.095906, 11.815835809999994, 37.448702
8.87106825, 9.002618, 9.1764525, 9.4560525, 9.929421249999999, 12.070419, 35.487972
8.8649685, 8.999628, 9.173172, 9.4238599, 10.005778099999997, 11.938839599999994, 37.448702
8.866981, 9.002868, 9.181010500000001, 9.4622847, 9.972959199999996, 12.008393519999984, 37.448702
8.86406225, 8.992035000000001, 9.16022375, 9.4198903, 9.839229399999999, 11.961167169999998, 37.448702
8.863351250000001, 9.0034055, 9.17894875, 9.448525, 9.95010715, 11.832407149999995, 35.734803
8.862099, 8.995734500000001, 9.172552, 9.4581891, 9.9920452, 12.074013459999964, 33.51644
8.85585, 8.990271, 9.160035, 9.423070000000001, 9.965660199999999, 12.223577699999993, 35.330604
8.8714645, 9.005095, 9.1802905, 9.438644, 9.9108522, 11.898120379999993, 35.487972
8.86415575, 8.995316, 9.17616975, 9.4668379, 10.0923397, 11.92257846999999, 35.734803
8.86307225, 9.001533, 9.18065475, 9.4659455, 9.97255, 12.170292939999987, 37.448702
8.863845, 8.99665, 9.1760215, 9.438092399999999, 9.969382, 12.007767, 37.448702
8.864671, 9.0068475, 9.1858965, 9.4939947, 10.053427649999996, 11.971293269999977, 37.448702
8.865428, 9.000880500000001, 9.181010500000001, 9.4568195, 9.9599212, 11.938839599999994, 35.734803
8.869612, 9.004122500000001, 9.17894875, 9.4305888, 9.899666, 11.839501489999996, 35.734803
8.87396, 9.015853499999999, 9.190302, 9.466197399999999, 10.006358249999993, 11.932545, 35.330604
8.86333275, 9.000856, 9.174627000000001, 9.442472, 9.9812166, 12.3281949, 35.734803
8.8658955, 9.013346, 9.17384, 9.4461567, 9.933982649999994, 12.328172, 37.448702
8.86539475, 8.9970625, 9.1765115, 9.4615552, 10.076944, 11.91362787999999, 37.448702
8.86845275, 9.0075915, 9.17737125, 9.4601613, 9.896459749999998, 11.83972962999999, 29.227148
8.870664000000001, 9.005781500000001, 9.182802500000001, 9.471624499999999, 10.023885299999998, 12.05613009999996, 37.448702
8.860333749999999, 9.00201, 9.17295075, 9.4556117, 10.0134674, 11.851856139999995, 35.330604
8.87193725, 9.006201, 9.175001, 9.471791, 10.029733, 12.048229309999995, 37.448702
8.868428, 9.006282, 9.185232500000001, 9.466729899999999, 10.024230499999996, 12.348452759999994, 35.734803
8.8628915, 9.00449, 9.18882275, 9.4670267, 10.092753199999995, 12.340344309999999, 37.448702
8.870056250000001, 9.000655, 9.174758, 9.439557899999999, 9.927009, 12.054610679999996, 35.487972
8.86906175, 9.007956, 9.19313325, 9.4676479, 10.125964349999999, 11.970582469999993, 24.923449
8.867668, 9.007208, 9.190301, 9.4521272, 10.0297696, 12.047984, 37.448702
8.86566, 8.997617, 9.17267875, 9.4449875, 9.91334975, 12.171351049999963, 35.330604
8.866158500000001, 9.0029425, 9.16487025, 9.430244, 9.881394599999998, 11.683164, 35.734803
8.86564775, 9.009004000000001, 9.18562125, 9.4601613, 9.974646499999995, 11.938931769999993, 37.448702
8.8654565, 8.997937499999999, 9.161000999999999, 9.436981399999999, 9.915973, 11.761882799999995, 35.734803
8.870563500000001, 9.0359105, 9.2564225, 9.5318725, 9.77185685, 14.697063829999994, 19.892145
8.88442775, 9.038235, 9.258389, 9.526671, 9.806744349999999, 14.744678759999987, 21.371576
8.8895215, 9.033669, 9.21442875, 9.4913302, 9.7002339, 10.84080704, 19.587514
8.87924675, 9.031787, 9.229495, 9.5319314, 9.779881, 16.05910689, 19.502914
8.8871675, 9.049643, 9.2582795, 9.517232900000002, 9.7483978, 11.122606439999997, 32.855096
8.8747225, 9.024693, 9.2274205, 9.469583700000001, 9.719838, 11.93630042999998, 21.371576
8.89257475, 9.049545, 9.255839, 9.548864, 9.80857945, 13.736535, 52.853195
8.894582, 9.041914, 9.2252215, 9.4868251, 9.73482645, 14.196959149999998, 19.892145
8.89417925, 9.058232, 9.258826249999998, 9.5197191, 9.75794525, 16.109982679999998, 32.855096
8.889848749999999, 9.046231, 9.2474345, 9.4936661, 9.77185685, 13.55488314, 23.303856
8.87232, 9.024124, 9.212721, 9.4683049, 9.7117288, 11.01111771, 19.373624
8.88723575, 9.037541000000001, 9.241962, 9.510807300000002, 9.72998125, 14.005562269999995, 18.516134
8.887559, 9.024629000000001, 9.23042875, 9.5318397, 9.8359255, 16.18035541, 19.656824
8.884642, 9.0376215, 9.221174999999999, 9.4831198, 9.68700305, 14.606785109999999, 52.853195
8.8800555, 9.037666, 9.23081775, 9.510604, 9.749055149999998, 16.21605821, 36.893046
0, 0, 0, 0, 0, 0, 0
0, 0, 0, 0, 0, 0, 0
0, 0, 0, 0, 0, 0, 0
0, 0, 0, 0, 0, 0, 0
0, 0, 0, 0, 0, 0, 0
0, 0, 0, 0, 0, 0, 0
0, 0, 0, 0, 0, 0, 0
0, 0, 0, 0, 0, 0, 0
0, 0, 0, 0, 0, 0, 0
0, 0, 0, 0, 0, 0, 0
0, 0, 0, 0, 0, 0, 0
0, 0, 0, 0, 0, 0, 0
0, 0, 0, 0, 0, 0, 0
0, 0, 0, 0, 0, 0, 0
0, 0, 0, 0, 0, 0, 0
0, 0, 0, 0, 0, 0, 0
0, 0, 0, 0, 0, 0, 0
0, 0, 0, 0, 0, 0, 0
0, 0, 0, 0, 0, 0, 0
0, 0, 0, 0, 0, 0, 0
0, 0, 0, 0, 0, 0, 0
0, 0, 0, 0, 0, 0, 0
0, 0, 0, 0, 0, 0, 0
0, 0, 0, 0, 0, 0, 0
0, 0, 0, 0, 0, 0, 0
0, 0, 0, 0, 0, 0, 0
0, 0, 0, 0, 0, 0, 0
0, 0, 0, 0, 0, 0, 0
0, 0, 0, 0, 0, 0, 0
0, 0, 0, 0, 0, 0, 0
0, 0, 0, 0, 0, 0, 0
0, 0, 0, 0, 0, 0, 0
0, 0, 0, 0, 0, 0, 0
0, 0, 0, 0, 0, 0, 0
8.883339999999999, 9.046103, 9.24322375, 9.495251099999999, 9.7401951, 11.984687639999988, 20.217992
8.8926515, 9.046103, 9.256681, 9.5568251, 9.7997867, 13.922143069999994, 24.370709
8.880438250000001, 9.034505, 9.2358745, 9.4827574, 9.69476855, 11.19798953, 20.217992
8.898553750000001, 9.047699999999999, 9.226612, 9.510636, 9.715878, 11.135782879999999, 22.552578
8.887912, 9.039755, 9.224791750000001, 9.4854265, 9.740178, 16.91760946, 23.303856
8.880323, 9.020307500000001, 9.2161055, 9.464117, 9.77025365, 16.05114234, 23.303856
8.884136, 9.039125, 9.212811, 9.4491708, 9.67572085, 11.682962069999999, 23.303856
8.882976000000001, 9.0472775, 9.23258675, 9.5082372, 9.73319675, 16.03093679, 24.370709
8.90531475, 9.054747, 9.250176249999999, 9.5035319, 9.70140145, 13.168474029999993, 21.371576
8.880810499999999, 9.0419555, 9.23108475, 9.477209, 9.730195850000001, 13.486703819999999, 36.893046
8.880322750000001, 9.041765999999999, 9.2468035, 9.5391064, 9.775348249999999, 15.267818949999995, 52.853195
8.88072, 9.03372, 9.2315005, 9.5371597, 9.877390349999999, 16.39846709, 23.303856
8.87648025, 9.038375, 9.247177, 9.534839100000001, 9.813446099999998, 14.736804409999994, 19.587514
8.899441, 9.0531275, 9.2585425, 9.540201, 9.772097950000001, 16.05114234, 21.371576
8.88782725, 9.042201500000001, 9.250704500000001, 9.534561, 9.72420025, 10.899636619999997, 36.893046
8.877399749999999, 9.0427425, 9.23089675, 9.5017782, 9.800464199999999, 16.109242169999998, 21.371576
8.882678250000001, 9.0357485, 9.22980225, 9.4945815, 9.704344149999999, 15.570414, 52.853195
8.889953499999999, 9.0459215, 9.249266, 9.5322904, 9.81290615, 13.48606768, 52.853195
8.880372, 9.044973500000001, 9.24283075, 9.4982384, 9.726112350000001, 13.736723989999991, 36.893046
8.87949725, 9.036974, 9.242308, 9.5567031, 9.79864965, 13.728709089999999, 24.370709
8.89938675, 9.052422, 9.248973, 9.5058021, 9.761134, 11.257720649999998, 24.370709
8.889979499999999, 9.042576, 9.230571000000001, 9.502911700000002, 9.7613662, 14.108396169999997, 19.502914
8.8805, 9.0476995, 9.24314475, 9.5106312, 9.80045655, 14.905645829999994, 19.645042
8.90112125, 9.0477495, 9.2543495, 9.5475973, 9.8491809, 17.247668, 24.370709
8.89112225, 9.032295, 9.22981525, 9.5032754, 9.7290536, 10.64657957, 32.855096
8.88613275, 9.0329595, 9.252756, 9.5107306, 9.74010485, 13.237319889999997, 21.371576
8.884928500000001, 9.0329495, 9.22837425, 9.511696500000001, 9.692039, 12.00710831999999, 22.552578
8.88217575, 9.045519500000001, 9.2270755, 9.477484800000001, 9.674887100000001, 14.778363, 24.370709
8.890679, 9.044572, 9.2356645, 9.507008, 9.73989055, 13.241968729999991, 36.893046
8.88580475, 9.035666, 9.227989749999999, 9.4789846, 9.692289449999999, 11.453356549999997, 36.893046
8.890588, 9.0512275, 9.24220225, 9.4975944, 9.7016247, 11.260687629999996, 36.893046
8.892309749999999, 9.0401305, 9.23967625, 9.502198000000002, 9.769548749999998, 13.803562, 24.370709
8.87645225, 9.034356, 9.223089250000001, 9.4831965, 9.681042699999999, 10.714532699999998, 23.303856
8.875797, 9.025573999999999, 9.21183125, 9.473613199999999, 9.7085648, 14.196959149999998, 22.552578
8.888401, 9.047702000000001, 9.2570375, 9.556496300000001, 9.92303465, 16.7132673, 52.853195
8.889697250000001, 9.0520665, 9.2440485, 9.5359604, 9.8131297, 14.39209222, 36.893046
8.888497749999999, 9.037395, 9.2285415, 9.4842896, 9.7402657, 14.195220159999998, 36.893046
8.887745, 9.0456415, 9.2221015, 9.498878699999999, 9.76395155, 13.915245, 20.217992
8.88563025, 9.0315605, 9.2176085, 9.520036, 9.76859495, 15.87359139, 20.217992
8.882113, 9.0369975, 9.2336925, 9.484269300000001, 9.7560301, 13.917143909999998, 22.552578
8.88853225, 9.04587, 9.245500499999999, 9.493969500000002, 9.7160244, 13.920404079999996, 19.213916
8.875008, 9.027982, 9.2239625, 9.491822, 9.76596075, 16.37826, 36.893046
8.89118375, 9.034685, 9.230571000000001, 9.524617, 9.73821425, 14.431153, 24.370709
8.88732975, 9.0448675, 9.24788525, 9.485555900000001, 9.7685338, 11.753053379999987, 19.502914
8.9049705, 9.046792, 9.25010325, 9.54314, 9.81314915, 13.91610324, 20.217992
8.8586325, 9.000016, 9.1750155, 9.476799, 10.267677, 12.328293229999998, 37.448702
8.863654, 8.9988575, 9.1738355, 9.4233101, 9.884465, 11.938839599999994, 35.330604
8.871737, 9.008697999999999, 9.177454749999999, 9.4486638, 9.951954899999999, 11.780573989999986, 35.734803
8.869407749999999, 9.0032025, 9.165981, 9.4161862, 9.949789, 11.669556, 37.448702
8.86347625, 9.008475, 9.182977, 9.4521272, 9.992345, 11.970524529999995, 35.330604
8.863799499999999, 9.002767500000001, 9.177454749999999, 9.466409, 9.9924313, 11.897930429999999, 35.734803
8.865049, 8.996814, 9.1597425, 9.406482800000001, 9.8508372, 11.70546816, 33.51644
8.86972875, 9.008697999999999, 9.188849750000001, 9.4594359, 9.965593249999998, 11.875231139999995, 35.734803
8.86873975, 9.009534, 9.188806750000001, 9.482517099999999, 10.053427649999996, 12.00816916999999, 16.295498
8.868584, 9.009176, 9.195214, 9.4965474, 10.030596699999998, 12.223784589999987, 35.734803
8.8632195, 9.003401, 9.17529125, 9.423076100000001, 9.823166599999999, 11.922318299999997, 33.51644
8.86318225, 9.008229499999999, 9.18894725, 9.4869028, 9.94641365, 11.932605699999998, 37.448702
8.866428500000001, 8.9981085, 9.18086825, 9.4322207, 9.86051, 11.932545, 35.734803
8.862596250000001, 9.000862000000001, 9.171034, 9.457004, 10.033099, 12.312307999999998, 37.448702
8.86797625, 8.999681500000001, 9.18347, 9.4308491, 9.946915699999996, 11.676076589999997, 35.487972
8.861894, 8.9983445, 9.173783, 9.471582199999999, 9.998298449999998, 11.993545, 13.525205
8.857958, 8.9910685, 9.17349475, 9.462921, 10.0134674, 11.77998, 29.227148
8.86539475, 9.005091, 9.183636, 9.4666966, 9.974308199999998, 11.897877, 37.448702
8.866556000000001, 9.006364999999999, 9.1750155, 9.4486541, 9.933371699999997, 11.993640439999997, 37.448702
8.8629605, 8.99749, 9.168669, 9.424833, 9.885635299999993, 12.049201829999971, 37.448702
8.86032975, 8.9975375, 9.1726685, 9.4590699, 9.972295, 12.073487519999976, 35.330604
8.870910499999999, 9.005745000000001, 9.188074499999999, 9.496736, 10.157784, 12.279661009999987, 37.448702
8.86502325, 8.997207, 9.16799975, 9.439994, 10.0044173, 11.958562, 35.330604
8.860140750000001, 8.9964945, 9.164174749999999, 9.4072457, 9.770682, 11.73900884999999, 37.448702
8.8683035, 8.997788, 9.173272749999999, 9.4303002, 9.970956, 12.312431989999995, 24.923449
8.86510375, 9.000264, 9.18137275, 9.445044699999999, 9.884465, 12.003783259999983, 35.734803
8.867031749999999, 9.0052, 9.18137275, 9.446185, 10.004476299999999, 12.257414889999996, 37.448702
8.872744749999999, 9.0111345, 9.18286625, 9.4505011, 9.953501099999999, 11.895120679999994, 37.448702
8.8624895, 9.000862000000001, 9.170347, 9.430806, 9.913476399999999, 11.959520889999977, 35.734803
8.854399, 8.9941695, 9.166019, 9.406482800000001, 9.853615749999998, 11.683164, 33.51644
8.874220999999999, 9.002259500000001, 9.16951575, 9.460099, 10.057531549999998, 11.932958999999993, 37.448702
8.86649, 9.004294, 9.1658145, 9.437264, 9.842240949999999, 11.816186439999985, 37.448702
8.85136625, 8.992553, 9.169011, 9.4217512, 9.9407, 11.795208, 37.448702
8.86965, 9.010533500000001, 9.1924525, 9.472611, 10.070889, 12.070439959999998, 35.734803
8.861762500000001, 9.005781500000001, 9.196077, 9.4712348, 9.985579, 11.96149513999999, 35.734803
8.86881725, 9.0029145, 9.17919125, 9.4694738, 10.0297696, 11.932734399999998, 37.448702
8.86539475, 9.000862000000001, 9.183758749999999, 9.4667416, 10.087762049999998, 11.932546299999998, 37.448702
8.86440825, 9.001645, 9.17605975, 9.440594, 9.921574599999994, 11.809925, 16.295498
8.865086999999999, 9.000403500000001, 9.176628000000001, 9.4386792, 9.892631199999995, 12.07458155999995, 35.734803
8.862803, 9.000226, 9.181200500000001, 9.4623475, 10.082506649999997, 12.312431989999995, 37.448702
8.87300775, 9.006184000000001, 9.187254, 9.4622847, 9.994071, 12.312307999999998, 35.734803
8.87133625, 9.009167, 9.18743475, 9.450761, 9.952919, 11.913264409999998, 29.227148
8.85970725, 9.001634, 9.169457, 9.422107800000001, 9.899666, 11.624810529999996, 33.51644
8.882134, 9.038469, 9.2477575, 9.5256039, 9.7560301, 14.606785109999999, 19.373624
8.88227225, 9.039022, 9.238836, 9.5007736, 9.742713049999999, 11.447649089999995, 32.855096
8.884151000000001, 9.035352, 9.2261645, 9.5033402, 9.7332338, 15.571933089999998, 52.853195
8.8874835, 9.0404305, 9.22819425, 9.552520300000001, 9.7567583, 15.570414, 23.303856
8.86944875, 9.0470565, 9.239259, 9.526503, 9.767403649999999, 13.263205419999997, 19.645042
8.87822725, 9.044572, 9.240252250000001, 9.4973877, 9.70359465, 14.197822079999996, 21.371576
8.8879915, 9.0407745, 9.24000375, 9.5116875, 9.72250425, 10.29369448, 19.656824
8.89236575, 9.0337325, 9.22054275, 9.4782156, 9.715878, 16.03083744, 36.893046
8.895081000000001, 9.038568, 9.222504, 9.4653132, 9.704696649999999, 15.271102349999992, 20.217992
8.896296750000001, 9.033785, 9.241092, 9.50903, 9.710388400000001, 13.165980879999996, 32.855096
8.87436825, 9.04372, 9.248319500000001, 9.5057459, 9.757871199999999, 15.573435339999996, 24.370709
8.895206, 9.0388785, 9.22614125, 9.502176700000001, 9.77640525, 13.273709519999986, 36.893046
8.8785135, 9.034998, 9.25081025, 9.4844984, 9.7332338, 12.009638469999988, 52.853195
8.8924415, 9.0523665, 9.25036275, 9.481258, 9.6917103, 13.240051049999993, 24.370709
8.87874775, 9.033112, 9.236300499999999, 9.495459, 9.716713350000001, 16.36254276, 23.303856
8.897497750000001, 9.044643, 9.24751375, 9.536277, 9.758128, 14.73195576, 23.303856
8.885879, 9.043383, 9.235947, 9.4849741, 9.6759601, 14.73195576, 19.587514
0, 0, 0, 0, 0, 0, 0
0, 0, 0, 0, 0, 0, 0
0, 0, 0, 0, 0, 0, 0
0, 0, 0, 0, 0, 0, 0
0, 0, 0, 0, 0, 0, 0
0, 0, 0, 0, 0, 0, 0
0, 0, 0, 0, 0, 0, 0
0, 0, 0, 0, 0, 0, 0
0, 0, 0, 0, 0, 0, 0
0, 0, 0, 0, 0, 0, 0
0, 0, 0, 0, 0, 0, 0
0, 0, 0, 0, 0, 0, 0
0, 0, 0, 0, 0, 0, 0
0, 0, 0, 0, 0, 0, 0
0, 0, 0, 0, 0, 0, 0
0, 0, 0, 0, 0, 0, 0
0, 0, 0, 0, 0, 0, 0
0, 0, 0, 0, 0, 0, 0
0, 0, 0, 0, 0, 0, 0
0, 0, 0, 0, 0, 0, 0
0, 0, 0, 0, 0, 0, 0
0, 0, 0, 0, 0, 0, 0
0, 0, 0, 0, 0, 0, 0
0, 0, 0, 0, 0, 0, 0
0, 0, 0, 0, 0, 0, 0
0, 0, 0, 0, 0, 0, 0
0, 0, 0, 0, 0, 0, 0
0, 0, 0, 0, 0, 0, 0
0, 0, 0, 0, 0, 0, 0
0, 0, 0, 0, 0, 0, 0
0, 0, 0, 0, 0, 0, 0
0, 0, 0, 0, 0, 0, 0
0, 0, 0, 0, 0, 0, 0
0, 0, 0, 0, 0, 0, 0
0, 0, 0, 0, 0, 0, 0
0, 0, 0, 0, 0, 0, 0
0, 0, 0, 0, 0, 0, 0
0, 0, 0, 0, 0, 0, 0
0, 0, 0, 0, 0, 0, 0
0, 0, 0, 0, 0, 0, 0
0, 0, 0, 0, 0, 0, 0
0, 0, 0, 0, 0, 0, 0
0, 0, 0, 0, 0, 0, 0
0, 0, 0, 0, 0, 0, 0
0, 0, 0, 0, 0, 0, 0
0, 0, 0, 0, 0, 0, 0
0, 0, 0, 0, 0, 0, 0
0, 0, 0, 0, 0, 0, 0
0, 0, 0, 0, 0, 0, 0
0, 0, 0, 0, 0, 0, 0
0, 0, 0, 0, 0, 0, 0
0, 0, 0, 0, 0, 0, 0
0, 0, 0, 0, 0, 0, 0
0, 0, 0, 0, 0, 0, 0
0, 0, 0, 0, 0, 0, 0
0, 0, 0, 0, 0, 0, 0
0, 0, 0, 0, 0, 0, 0
0, 0, 0, 0, 0, 0, 0
0, 0, 0, 0, 0, 0, 0
0, 0, 0, 0, 0, 0, 0
0, 0, 0, 0, 0, 0, 0
0, 0, 0, 0, 0, 0, 0
0, 0, 0, 0, 0, 0, 0
0, 0, 0, 0, 0, 0, 0
0, 0, 0, 0, 0, 0, 0
0, 0, 0, 0, 0, 0, 0
0, 0, 0, 0, 0, 0, 0
0, 0, 0, 0, 0, 0, 0
0, 0, 0, 0, 0, 0, 0
0, 0, 0, 0, 0, 0, 0
0, 0, 0, 0, 0, 0, 0
0, 0, 0, 0, 0, 0, 0
0, 0, 0, 0, 0, 0, 0
0, 0, 0, 0, 0, 0, 0
0, 0, 0, 0, 0, 0, 0
0, 0, 0, 0, 0, 0, 0
0, 0, 0, 0, 0, 0, 0
0, 0, 0, 0, 0, 0, 0
0, 0, 0, 0, 0, 0, 0
0, 0, 0, 0, 0, 0, 0
0, 0, 0, 0, 0, 0, 0
0, 0, 0, 0, 0, 0, 0
0, 0, 0, 0, 0, 0, 0
0, 0, 0, 0, 0, 0, 0
0, 0, 0, 0, 0, 0, 0
0, 0, 0, 0, 0, 0, 0
0, 0, 0, 0, 0, 0, 0
0, 0, 0, 0, 0, 0, 0
0, 0, 0, 0, 0, 0, 0
0, 0, 0, 0, 0, 0, 0
0, 0, 0, 0, 0, 0, 0
0, 0, 0, 0, 0, 0, 0
0, 0, 0, 0, 0, 0, 0
0, 0, 0, 0, 0, 0, 0
0, 0, 0, 0, 0, 0, 0
0, 0, 0, 0, 0, 0, 0
8.88512475, 9.042427, 9.2447105, 9.495459, 9.764849250000001, 14.001069, 52.853195
8.8846265, 9.0567835, 9.241591, 9.5165711, 9.809280099999999, 14.74289760999999, 24.370709
8.89429, 9.050276499999999, 9.238146, 9.508418500000001, 9.71054225, 16.36279307, 52.853195
8.8974925, 9.05144, 9.24487775, 9.5234663, 9.752797, 15.571933089999998, 24.370709
8.89256825, 9.0453705, 9.22954775, 9.512122100000001, 9.75724995, 13.91610324, 32.855096
8.87671025, 9.0407745, 9.23552125, 9.4532164, 9.6343763, 11.442123, 19.656824
8.88810475, 9.028851, 9.24025075, 9.5321959, 9.760739599999999, 13.93862854999998, 24.370709
8.88983, 9.038134, 9.23858575, 9.496346, 9.7416901, 14.778363, 32.855096
8.880612249999999, 9.026941, 9.2313795, 9.4844143, 9.6831309, 11.545717679999985, 36.893046
8.8819825, 9.038043, 9.23569, 9.518132, 9.77024415, 16.26121194, 32.855096
8.88917625, 9.038917999999999, 9.22601425, 9.5172411, 9.775902, 14.676200569999994, 21.371576
8.872439, 9.024657999999999, 9.2097965, 9.5006764, 9.7849659, 13.918020919999998, 36.893046
8.88432475, 9.039586, 9.224651, 9.501733, 9.757534, 13.56475504999999, 36.893046
8.8874835, 9.05604, 9.245922499999999, 9.518906000000001, 9.765896399999999, 14.67048174, 19.892145
8.87536025, 9.033585, 9.222229, 9.496900799999999, 9.7334443, 13.239192809999993, 32.855096
8.89078025, 9.0475525, 9.247774, 9.5301097, 9.75599035, 14.605914929999999, 52.853195
8.8808015, 9.039022, 9.225571, 9.5172554, 9.7963663, 16.36254276, 52.853195
8.872988, 9.031655, 9.236345, 9.4859425, 9.693834749999999, 11.455711069999996, 19.645042
8.88506625, 9.0336525, 9.224827999999999, 9.5056736, 9.7223697, 14.432891989999998, 52.853195
8.8733025, 9.013191, 9.1918455, 9.466656, 10.019570399999997, 11.961075, 35.487972
8.869183, 9.000938999999999, 9.18973425, 9.459578, 10.041665, 12.003135779999997, 35.734803
8.85982125, 8.991796, 9.1768405, 9.4462872, 9.929918249999997, 12.008233839999988, 35.330604
8.85942525, 9.002718999999999, 9.187316249999999, 9.44659, 9.930184799999996, 11.874442, 35.330604
8.870358, 9.004057, 9.19096575, 9.482517099999999, 10.069163799999998, 12.330560329999999, 35.734803
8.863307749999999, 9.00384, 9.17178, 9.4456253, 10.033099, 12.340637439999991, 35.487972
8.8733025, 9.013224, 9.188806750000001, 9.4718092, 10.061361, 12.312431989999995, 35.734803
8.87174925, 9.001909000000001, 9.1799035, 9.4607981, 9.970191849999996, 12.00353794999999, 37.448702
8.866897999999999, 8.9994665, 9.173493749999999, 9.4430961, 9.930678799999995, 11.922318299999997, 37.448702
8.86024025, 9.0030295, 9.1671835, 9.44343, 9.905204599999996, 11.95858713, 35.734803
8.85996325, 8.99641, 9.15834225, 9.416233700000001, 9.762370449999999, 11.654868809999995, 16.928153
8.86318225, 9.0060105, 9.187991499999999, 9.433837, 9.913345, 11.970619969999992, 37.448702
8.864984250000001, 9.004656, 9.168301249999999, 9.433928, 9.794341, 11.683823189999984, 35.734803
8.858653, 8.9978155, 9.1709895, 9.430244, 9.971022949999998, 11.809981729999999, 35.330604
8.86392, 9.0008745, 9.17380925, 9.4589331, 10.061553949999999, 12.049736539999959, 37.448702
8.866467, 9.001926000000001, 9.1765115, 9.4572177, 10.0051396, 11.897930429999999, 35.330604
8.8682795, 9.0066895, 9.18271075, 9.439456999999999, 10.0134674, 12.222369769999998, 37.448702
8.86992525, 9.010941, 9.183206250000001, 9.451941900000001, 9.931728549999997, 11.961167169999998, 35.734803
8.865751, 9.004051, 9.18797975, 9.459293, 9.957393749999992, 11.913653009999988, 37.448702
8.8684265, 9.003299, 9.18667875, 9.4338461, 9.973201449999996, 11.932734399999998, 35.330604
8.862478, 8.996363, 9.188717, 9.4658924, 9.956152, 12.048208349999994, 35.734803
8.868716, 9.0101455, 9.182992500000001, 9.443583299999998, 9.9599212, 11.895223979999992, 35.330604
8.863845, 8.994625, 9.178931, 9.4571399, 9.960104049999998, 11.749391969999992, 35.734803
8.866616, 9.005091499999999, 9.17529125, 9.4568958, 9.960453249999997, 12.223577699999993, 35.734803
8.86406325, 9.000217, 9.175935, 9.430857, 9.961654, 12.070439959999998, 33.51644
8.866278, 9.0005055, 9.1750155, 9.4561994, 9.97230775, 11.970524529999995, 35.330604
8.8611465, 8.9994405, 9.17915, 9.437264, 9.930016299999998, 11.74916128, 35.734803
8.871288, 9.0060105, 9.1809545, 9.4658418, 10.015902399999987, 11.922215, 35.487972
8.863889, 9.0036795, 9.1826855, 9.4305745, 9.81856505, 11.938814469999995, 35.734803
8.86410525, 9.0016295, 9.18357, 9.452182800000001, 9.929366, 11.738699879999997, 24.923449
8.866938, 9.0021235, 9.164456999999999, 9.4303433, 9.860998349999997, 11.875314869999993, 37.448702
8.8611465, 8.9992485, 9.17017475, 9.4383326, 9.857096649999999, 11.993640439999997, 35.487972
8.86046575, 8.994674, 9.1682185, 9.4605303, 9.953317199999999, 11.832836679999986, 35.734803
8.860615249999999, 8.997625500000002, 9.1650105, 9.4198282, 9.881394599999998, 11.874662979999995, 16.295498
8.858771, 9.000538, 9.1727345, 9.440421, 9.831582499999998, 11.993602939999997, 35.330604
8.86438075, 8.989922, 9.1710475, 9.4169579, 9.831794749999997, 11.757497869999987, 35.487972
8.867466, 9.000752, 9.1690575, 9.4659455, 10.078466, 12.00353794999999, 35.487972
8.862285750000002, 9.007412, 9.189092, 9.4659081, 10.029733, 12.007767, 35.487972
8.863614, 8.9969985, 9.165789, 9.423304, 9.841223949999998, 11.761882799999995, 35.487972
8.858123, 8.993078, 9.18492375, 9.494379, 10.178292499999996, 11.932546299999998, 37.448702
8.869337999999999, 9.0002825, 9.180355, 9.4609165, 9.931728549999997, 11.95858713, 16.928153
8.870337, 9.0039675, 9.179454750000001, 9.450355, 9.929366, 11.705979459999988, 35.330604
8.86448675, 8.997625500000002, 9.167226000000001, 9.4234097, 9.9599212, 12.003135779999997, 37.448702
8.865372749999999, 9.005463, 9.188053, 9.4416245, 9.952616399999995, 11.922319599999996, 35.487972
8.8638465, 8.9992965, 9.167162, 9.428507, 9.918963649999997, 11.970582469999993, 33.51644
8.859879, 9.001382, 9.172583, 9.444587, 10.0051396, 11.96145763999999, 37.448702
8.860439, 8.99982, 9.173293, 9.4435714, 9.95293145, 12.054631639999997, 35.734803
8.86869325, 9.000144500000001, 9.1685245, 9.421185300000001, 9.94117155, 12.312454889999994, 37.448702
8.866981, 9.005209, 9.1754855, 9.436981399999999, 9.9044194, 11.683949359999982, 37.448702
8.868146000000001, 9.0083895, 9.174747, 9.440225, 9.904692049999998, 12.003602619999986, 35.487972
8.86103375, 8.9941695, 9.179184000000001, 9.430291, 9.885056299999997, 11.795411899999996, 37.448702
8.8554025, 8.991921000000001, 9.1613195, 9.4131395, 9.861103999999996, 11.815764149999996, 37.448702
8.8611465, 8.9978625, 9.18202625, 9.4571399, 9.970956, 11.832213, 35.734803
8.862478, 8.99939, 9.181201000000001, 9.4467835, 9.8746628, 11.669006, 37.448702
8.86657175, 9.004237, 9.1797975, 9.432031, 9.921963899999994, 11.993687219999996, 37.448702
8.86935675, 9.0080605, 9.1772115, 9.427106100000001, 9.8594536, 11.913264409999998, 29.227148
8.8722595, 9.0081585, 9.18446625, 9.516220599999999, 10.160196, 12.328172, 35.734803
8.858300750000001, 8.993537499999999, 9.17272625, 9.436981399999999, 9.965514549999998, 12.315896989999997, 35.487972
8.85610075, 8.990998999999999, 9.16022375, 9.4138486, 9.829139, 11.74916128, 35.487972
8.85925, 8.9991795, 9.163616, 9.4386792, 9.913566649999998, 11.87444791, 37.448702
8.86869325, 9.007274500000001, 9.179747, 9.4381976, 9.973201449999996, 11.894930729999999, 35.487972
8.8670465, 9.009172, 9.1815945, 9.414622099999999, 9.847682149999999, 12.003135779999997, 35.487972
8.872234, 9.0113675, 9.187991499999999, 9.4696223, 10.076944, 11.761882799999995, 37.448702
8.869337999999999, 9.005317999999999, 9.18012375, 9.4400171, 9.953501099999999, 11.970292, 35.734803
8.86040225, 9.002259500000001, 9.181145, 9.4629456, 9.981554899999997, 12.070419, 35.330604
8.8718595, 9.0080605, 9.19477775, 9.496056, 10.038367049999994, 12.003135779999997, 37.448702
8.8587585, 9.007857, 9.188889, 9.4501033, 9.962040399999998, 11.839501489999996, 37.448702
8.868625, 9.0052885, 9.170274, 9.4425678, 9.921411649999996, 11.95896976999999, 33.51644
8.86935675, 8.998334499999999, 9.16407925, 9.4622593, 10.042222949999998, 11.95858713, 37.448702
8.886895749999999, 9.0311135, 9.224931, 9.4926177, 9.710233, 11.374306019999999, 32.855096
8.89182275, 9.0504105, 9.220998, 9.4722074, 9.740872, 11.447649089999995, 32.855096
8.883453, 9.0342085, 9.249489500000001, 9.5271132, 9.8104229, 16.181377349999998, 52.853195
8.90495275, 9.0519365, 9.22975125, 9.480288600000002, 9.6930695, 14.416369, 32.855096
8.87316375, 9.03384, 9.237260500000001, 9.516937, 9.884562650000001, 16.724309219999995, 52.853195
8.88514275, 9.035002500000001, 9.23270825, 9.5063141, 9.726112350000001, 13.931796689999986, 20.217992
8.891325, 9.0495605, 9.2484355, 9.502087000000001, 9.7399676, 11.684780819999997, 36.893046
8.8926515, 9.0504585, 9.23601475, 9.5057507, 9.76471995, 13.267854259999991, 52.853195
8.899961, 9.0487395, 9.25313725, 9.4981132, 9.742632949999999, 13.262104499999998, 20.217992
8.889529750000001, 9.035315, 9.23089675, 9.535241300000001, 9.7844699, 17.080961809999998, 52.853195
8.875357, 9.037285, 9.2361345, 9.525504, 9.77823035, 16.109242169999998, 22.552578
8.884699000000001, 9.038657, 9.240444, 9.551300699999999, 9.779407549999998, 11.442206650000001, 24.370709
8.88556625, 9.037173500000002, 9.231738499999999, 9.4842586, 9.740704299999999, 11.53147052, 19.892145
8.880488, 9.040908, 9.240415500000001, 9.502176700000001, 9.73989055, 14.69174642, 52.853195
8.89347075, 9.0446395, 9.2411765, 9.4953219, 9.76709205, 15.266299859999997, 36.893046
8.87822425, 9.029976, 9.226073, 9.501085, 9.742672299999999, 14.1948271, 36.893046
8.889788500000002, 9.03883, 9.2484385, 9.5011993, 9.7694701, 10.49336765, 52.853195
8.883634749999999, 9.035082, 9.22819875, 9.495216899999999, 9.7416653, 11.065387199999993, 22.552578
8.89543125, 9.041209, 9.246936250000001, 9.541557800000001, 9.752876099999998, 14.463115269999989, 52.853195
8.88963275, 9.045455, 9.237115, 9.4979399, 9.734066949999999, 11.453371329999998, 18.344529
8.890717250000002, 9.050581, 9.233104, 9.4790684, 9.6980285, 11.374306019999999, 32.855096
8.8753115, 9.03793, 9.2570555, 9.5196589, 9.785155849999999, 17.14350605, 32.855096
8.88686, 9.038212999999999, 9.22917225, 9.4844089, 9.708831949999999, 14.416709269999998, 24.370709
8.8906835, 9.0450665, 9.237945, 9.5059529, 9.740332749999999, 14.195220159999998, 52.853195
8.8892335, 9.0394255, 9.24934125, 9.4882034, 9.704197749999999, 11.125001709999996, 52.853195
8.88380775, 9.0415715, 9.22523, 9.502198000000002, 9.717795, 11.3751787, 24.370709
8.888282, 9.0504105, 9.241110749999999, 9.527077, 9.862707499999999, 14.73195576, 32.855096
8.878418, 9.033135, 9.2301495, 9.482764300000001, 9.708459099999999, 15.575216489999995, 19.645042
8.886604, 9.038531500000001, 9.2397525, 9.5347456, 9.7669266, 16.030153, 36.893046
8.875676, 9.039522999999999, 9.2401605, 9.4974219, 9.72543325, 14.1948271, 36.893046
8.880512, 9.028846, 9.22008875, 9.454988, 9.651607049999999, 14.697063829999994, 19.373624
8.89302, 9.0458745, 9.230787, 9.484342999999999, 9.70905785, 16.099406520000002, 19.373624
8.89466075, 9.050476499999998, 9.24757, 9.500683800000001, 9.813177249999999, 16.21749924, 20.217992
8.88340225, 9.044242, 9.23042775, 9.505817, 9.779717, 13.730684159999997, 22.552578
8.88392125, 9.041967, 9.252678750000001, 9.553921800000001, 9.770175, 13.55488314, 22.552578
8.879352749999999, 9.035456, 9.2286615, 9.5032754, 9.7851173, 16.39775888, 19.656824
8.886977000000002, 9.046191499999999, 9.23413975, 9.501085, 9.76691195, 16.706707, 21.371576
8.89582025, 9.041955999999999, 9.2328265, 9.4694929, 9.71996235, 10.376179299999999, 52.853195
8.878737000000001, 9.036586, 9.236886499999999, 9.5466088, 9.8733931, 14.002986679999998, 52.853195
8.8844895, 9.0448685, 9.24734975, 9.5121627, 9.738827500000001, 14.70315702999999, 36.893046
8.8912415, 9.0318215, 9.23560675, 9.510701800000001, 9.76859495, 16.216124110000003, 24.370709
8.8800155, 9.037981, 9.24234075, 9.517306399999999, 9.742466949999999, 11.697157139999986, 24.370709
8.89911625, 9.052111499999999, 9.248186, 9.506002800000001, 9.70862655, 14.670883159999999, 22.552578
8.892368, 9.042946, 9.23270825, 9.488703, 9.77621115, 13.620834839999997, 24.370709
0, 0, 0, 0, 0, 0, 0
0, 0, 0, 0, 0, 0, 0
0, 0, 0, 0, 0, 0, 0
0, 0, 0, 0, 0, 0, 0
0, 0, 0, 0, 0, 0, 0
0, 0, 0, 0, 0, 0, 0
0, 0, 0, 0, 0, 0, 0
0, 0, 0, 0, 0, 0, 0
0, 0, 0, 0, 0, 0, 0
0, 0, 0, 0, 0, 0, 0
0, 0, 0, 0, 0, 0, 0
0, 0, 0, 0, 0, 0, 0
0, 0, 0, 0, 0, 0, 0
0, 0, 0, 0, 0, 0, 0
0, 0, 0, 0, 0, 0, 0
0, 0, 0, 0, 0, 0, 0
0, 0, 0, 0, 0, 0, 0
0, 0, 0, 0, 0, 0, 0
0, 0, 0, 0, 0, 0, 0
0, 0, 0, 0, 0, 0, 0
0, 0, 0, 0, 0, 0, 0
0, 0, 0, 0, 0, 0, 0
0, 0, 0, 0, 0, 0, 0
0, 0, 0, 0, 0, 0, 0
0, 0, 0, 0, 0, 0, 0
0, 0, 0, 0, 0, 0, 0
0, 0, 0, 0, 0, 0, 0
0, 0, 0, 0, 0, 0, 0
0, 0, 0, 0, 0, 0, 0
0, 0, 0, 0, 0, 0, 0
0, 0, 0, 0, 0, 0, 0
0, 0, 0, 0, 0, 0, 0
0, 0, 0, 0, 0, 0, 0
0, 0, 0, 0, 0, 0, 0
0, 0, 0, 0, 0, 0, 0
0, 0, 0, 0, 0, 0, 0
0, 0, 0, 0, 0, 0, 0
0, 0, 0, 0, 0, 0, 0
0, 0, 0, 0, 0, 0, 0
0, 0, 0, 0, 0, 0, 0
0, 0, 0, 0, 0, 0, 0
0, 0, 0, 0, 0, 0, 0
0, 0, 0, 0, 0, 0, 0
0, 0, 0, 0, 0, 0, 0
0, 0, 0, 0, 0, 0, 0
0, 0, 0, 0, 0, 0, 0
0, 0, 0, 0, 0, 0, 0
0, 0, 0, 0, 0, 0, 0
0, 0, 0, 0, 0, 0, 0
0, 0, 0, 0, 0, 0, 0
0, 0, 0, 0, 0, 0, 0
0, 0, 0, 0, 0, 0, 0
0, 0, 0, 0, 0, 0, 0
0, 0, 0, 0, 0, 0, 0
0, 0, 0, 0, 0, 0, 0
0, 0, 0, 0, 0, 0, 0
0, 0, 0, 0, 0, 0, 0
0, 0, 0, 0, 0, 0, 0
0, 0, 0, 0, 0, 0, 0
0, 0, 0, 0, 0, 0, 0
0, 0, 0, 0, 0, 0, 0
0, 0, 0, 0, 0, 0, 0
0, 0, 0, 0, 0, 0, 0
0, 0, 0, 0, 0, 0, 0
0, 0, 0, 0, 0, 0, 0
0, 0, 0, 0, 0, 0, 0
0, 0, 0, 0, 0, 0, 0
0, 0, 0, 0, 0, 0, 0
0, 0, 0, 0, 0, 0, 0
0, 0, 0, 0, 0, 0, 0
0, 0, 0, 0, 0, 0, 0
0, 0, 0, 0, 0, 0, 0
0, 0, 0, 0, 0, 0, 0
0, 0, 0, 0, 0, 0, 0
0, 0, 0, 0, 0, 0, 0
0, 0, 0, 0, 0, 0, 0
0, 0, 0, 0, 0, 0, 0
0, 0, 0, 0, 0, 0, 0
0, 0, 0, 0, 0, 0, 0
0, 0, 0, 0, 0, 0, 0
0, 0, 0, 0, 0, 0, 0
0, 0, 0, 0, 0, 0, 0
0, 0, 0, 0, 0, 0, 0
0, 0, 0, 0, 0, 0, 0
0, 0, 0, 0, 0, 0, 0
0, 0, 0, 0, 0, 0, 0
0, 0, 0, 0, 0, 0, 0
0, 0, 0, 0, 0, 0, 0
0, 0, 0, 0, 0, 0, 0
0, 0, 0, 0, 0, 0, 0
0, 0, 0, 0, 0, 0, 0
0, 0, 0, 0, 0, 0, 0
0, 0, 0, 0, 0, 0, 0
0, 0, 0, 0, 0, 0, 0
0, 0, 0, 0, 0, 0, 0
0, 0, 0, 0, 0, 0, 0
0, 0, 0, 0, 0, 0, 0
0, 0, 0, 0, 0, 0, 0
0, 0, 0, 0, 0, 0, 0
0, 0, 0, 0, 0, 0, 0
0, 0, 0, 0, 0, 0, 0
0, 0, 0, 0, 0, 0, 0
0, 0, 0, 0, 0, 0, 0
0, 0, 0, 0, 0, 0, 0
0, 0, 0, 0, 0, 0, 0
0, 0, 0, 0, 0, 0, 0
0, 0, 0, 0, 0, 0, 0
0, 0, 0, 0, 0, 0, 0
0, 0, 0, 0, 0, 0, 0
0, 0, 0, 0, 0, 0, 0
0, 0, 0, 0, 0, 0, 0
0, 0, 0, 0, 0, 0, 0
0, 0, 0, 0, 0, 0, 0
0, 0, 0, 0, 0, 0, 0
8.88217075, 9.046623, 9.246229, 9.5116875, 9.7133824, 14.1948271, 24.370709
8.877052, 9.036918499999999, 9.2424815, 9.5345592, 9.7866114, 14.195220159999998, 52.853195
8.88772, 9.0530335, 9.2424825, 9.511583, 9.764799550000001, 14.670883159999999, 52.853195
8.878162, 9.0371595, 9.21975775, 9.4802763, 9.80188175, 14.779568679999999, 32.855096
8.8951395, 9.038993, 9.259155999999999, 9.5171619, 9.76401005, 15.725686849999997, 20.217992
8.8785335, 9.028967999999999, 9.24282775, 9.5267664, 9.7766865, 16.399752799999998, 23.303856
8.88983975, 9.0397315, 9.23102425, 9.503677000000001, 9.723697450000001, 16.18173054, 22.552578
8.882259999999999, 9.033358499999999, 9.21915675, 9.4536458, 9.708477, 11.099181589999999, 18.344529
8.889441, 9.040496, 9.242416500000001, 9.5234055, 9.77482665, 15.573435339999996, 24.370709
8.89500675, 9.0390475, 9.240155249999999, 9.5321821, 9.720071299999999, 13.167803759999995, 22.552578
8.886563, 9.039658, 9.24478575, 9.529218, 9.758082649999999, 13.234894149999999, 18.516134
8.86415575, 9.0073675, 9.188013, 9.4654913, 9.93106605, 11.970292, 37.448702
8.86944975, 9.0009205, 9.1713105, 9.4390328, 9.843189, 11.874662979999995, 37.448702
8.869037250000002, 8.9992485, 9.1864325, 9.437911, 9.920568, 12.277897, 37.448702
8.868237, 9.0040295, 9.166037, 9.422223800000001, 9.930965, 12.222369769999998, 33.51644
8.8689705, 9.010444, 9.181245, 9.466644299999999, 10.082380249999998, 11.896900049999992, 16.295498
8.863874, 8.996332, 9.165448, 9.4390328, 10.0044173, 11.958911829999993, 37.448702
8.867323500000001, 8.9981035, 9.160548, 9.420533800000001, 9.851293599999998, 11.762476789999981, 33.51644
8.8611785, 8.9977885, 9.170727000000001, 9.4308111, 9.9053934, 11.851856139999995, 37.448702
8.877616499999998, 9.006443, 9.190225250000001, 9.4570382, 9.900481349999996, 11.725706189999997, 37.448702
8.858724, 8.997195, 9.178158, 9.4743177, 9.880036499999996, 11.894581, 35.330604
8.8639315, 9.006472500000001, 9.188734499999999, 9.4637394, 9.969527649999998, 12.3281949, 37.448702
8.870050249999998, 9.006582, 9.17384075, 9.4459915, 9.961654, 12.00816916999999, 35.487972
8.8657435, 9.001015500000001, 9.183177, 9.449547, 9.972295, 11.999339, 35.734803
8.8632195, 9.00182, 9.18643125, 9.453209, 9.986520849999994, 12.34821, 37.448702
8.87133625, 9.007463000000001, 9.1762295, 9.4655506, 9.913816349999998, 12.223577699999993, 35.734803
8.868889750000001, 9.00372, 9.179202, 9.4571323, 9.972366000000001, 12.070419, 37.448702
8.863345500000001, 9.000372500000001, 9.176505, 9.438148, 9.900218499999998, 12.34525584, 37.448702
8.8649685, 9.002868, 9.17510425, 9.4606786, 10.0897504, 12.170641409999979, 37.448702
8.86782525, 9.00005, 9.1748105, 9.4605303, 10.014649749999993, 12.047984, 37.448702
8.866938, 8.998489, 9.1749775, 9.4199272, 9.826002099999991, 12.278240759999992, 35.734803
8.85561425, 9.003301, 9.18185325, 9.4581268, 9.994623849999996, 11.913264409999998, 33.51644
8.86249825, 9.002835000000001, 9.19224075, 9.512675400000001, 9.985917299999997, 12.073487519999976, 37.448702
8.870394000000001, 9.005046, 9.180037, 9.4522341, 9.93106605, 11.894581, 16.928153
8.864984250000001, 9.004557, 9.187609, 9.471173, 10.023848699999999, 12.340637439999991, 37.448702
8.864496249999998, 9.0048915, 9.1875715, 9.4590289, 9.965514549999998, 11.895223979999992, 35.487972
8.8966015, 9.051079999999999, 9.263225, 9.5349983, 9.8133456, 15.97762476, 23.303856
8.88722275, 9.042576, 9.23197925, 9.505567, 9.687020200000001, 11.73735778, 32.855096
8.893608, 9.044572, 9.2523795, 9.551300699999999, 9.78295215, 14.46159617999999, 21.371576
8.88191325, 9.033453, 9.21656, 9.4951444, 9.74920055, 16.722674959999996, 52.853195
8.878468999999999, 9.0309595, 9.2332425, 9.4840033, 9.76741315, 14.393979049999999, 23.303856
8.885001249999998, 9.038102, 9.254109, 9.5476679, 9.81912825, 14.902573969999995, 19.892145
8.87548625, 9.02812, 9.22186025, 9.447714000000001, 9.7016191, 15.874124049999999, 36.893046
8.88130475, 9.044451500000001, 9.24734625, 9.5552129, 9.7764234, 15.97762476, 24.370709
8.89705725, 9.0435055, 9.246472, 9.532028799999999, 9.818443199999999, 16.406465309999998, 36.893046
8.870927, 9.0345565, 9.225571, 9.499888, 9.68732815, 14.466977359999985, 32.855096
8.889154750000001, 9.0520205, 9.24210275, 9.547799600000001, 9.81293445, 13.730684159999997, 19.656824
8.89095525, 9.0552605, 9.25409625, 9.4913099, 9.757964249999999, 15.722323, 24.370709
8.891099, 9.0364275, 9.22641225, 9.4832924, 9.69739305, 11.531485299999998, 24.370709
8.89048825, 9.037446, 9.2476775, 9.5109994, 9.7074605, 14.004976779999996, 52.853195
8.89096275, 9.030542, 9.23959275, 9.5015748, 9.70145035, 16.030358099999997, 36.893046
0, 0, 0, 0, 0, 0, 0
0, 0, 0, 0, 0, 0, 0
0, 0, 0, 0, 0, 0, 0
0, 0, 0, 0, 0, 0, 0
0, 0, 0, 0, 0, 0, 0
0, 0, 0, 0, 0, 0, 0
0, 0, 0, 0, 0, 0, 0
0, 0, 0, 0, 0, 0, 0
0, 0, 0, 0, 0, 0, 0
0, 0, 0, 0, 0, 0, 0
0, 0, 0, 0, 0, 0, 0
0, 0, 0, 0, 0, 0, 0
0, 0, 0, 0, 0, 0, 0
0, 0, 0, 0, 0, 0, 0
0, 0, 0, 0, 0, 0, 0
0, 0, 0, 0, 0, 0, 0
0, 0, 0, 0, 0, 0, 0
0, 0, 0, 0, 0, 0, 0
0, 0, 0, 0, 0, 0, 0
0, 0, 0, 0, 0, 0, 0
0, 0, 0, 0, 0, 0, 0
0, 0, 0, 0, 0, 0, 0
0, 0, 0, 0, 0, 0, 0
0, 0, 0, 0, 0, 0, 0
0, 0, 0, 0, 0, 0, 0
0, 0, 0, 0, 0, 0, 0
0, 0, 0, 0, 0, 0, 0
0, 0, 0, 0, 0, 0, 0
0, 0, 0, 0, 0, 0, 0
0, 0, 0, 0, 0, 0, 0
0, 0, 0, 0, 0, 0, 0
0, 0, 0, 0, 0, 0, 0
0, 0, 0, 0, 0, 0, 0
0, 0, 0, 0, 0, 0, 0
0, 0, 0, 0, 0, 0, 0
0, 0, 0, 0, 0, 0, 0
0, 0, 0, 0, 0, 0, 0
0, 0, 0, 0, 0, 0, 0
0, 0, 0, 0, 0, 0, 0
0, 0, 0, 0, 0, 0, 0
0, 0, 0, 0, 0, 0, 0
0, 0, 0, 0, 0, 0, 0
0, 0, 0, 0, 0, 0, 0
0, 0, 0, 0, 0, 0, 0
0, 0, 0, 0, 0, 0, 0
0, 0, 0, 0, 0, 0, 0
0, 0, 0, 0, 0, 0, 0
0, 0, 0, 0, 0, 0, 0
0, 0, 0, 0, 0, 0, 0
0, 0, 0, 0, 0, 0, 0
0, 0, 0, 0, 0, 0, 0
0, 0, 0, 0, 0, 0, 0
0, 0, 0, 0, 0, 0, 0
0, 0, 0, 0, 0, 0, 0
0, 0, 0, 0, 0, 0, 0
0, 0, 0, 0, 0, 0, 0
0, 0, 0, 0, 0, 0, 0
0, 0, 0, 0, 0, 0, 0
0, 0, 0, 0, 0, 0, 0
0, 0, 0, 0, 0, 0, 0
0, 0, 0, 0, 0, 0, 0
0, 0, 0, 0, 0, 0, 0
0, 0, 0, 0, 0, 0, 0
0, 0, 0, 0, 0, 0, 0
0, 0, 0, 0, 0, 0, 0
0, 0, 0, 0, 0, 0, 0
0, 0, 0, 0, 0, 0, 0
0, 0, 0, 0, 0, 0, 0
0, 0, 0, 0, 0, 0, 0
0, 0, 0, 0, 0, 0, 0
0, 0, 0, 0, 0, 0, 0
0, 0, 0, 0, 0, 0, 0
0, 0, 0, 0, 0, 0, 0
0, 0, 0, 0, 0, 0, 0
0, 0, 0, 0, 0, 0, 0
0, 0, 0, 0, 0, 0, 0
0, 0, 0, 0, 0, 0, 0
0, 0, 0, 0, 0, 0, 0
0, 0, 0, 0, 0, 0, 0
0, 0, 0, 0, 0, 0, 0
0, 0, 0, 0, 0, 0, 0
0, 0, 0, 0, 0, 0, 0
0, 0, 0, 0, 0, 0, 0
0, 0, 0, 0, 0, 0, 0
0, 0, 0, 0, 0, 0, 0
0, 0, 0, 0, 0, 0, 0
0, 0, 0, 0, 0, 0, 0
0, 0, 0, 0, 0, 0, 0
0, 0, 0, 0, 0, 0, 0
0, 0, 0, 0, 0, 0, 0
0, 0, 0, 0, 0, 0, 0
0, 0, 0, 0, 0, 0, 0
0, 0, 0, 0, 0, 0, 0
0, 0, 0, 0, 0, 0, 0
0, 0, 0, 0, 0, 0, 0
0, 0, 0, 0, 0, 0, 0
0, 0, 0, 0, 0, 0, 0
0, 0, 0, 0, 0, 0, 0
0, 0, 0, 0, 0, 0, 0
0, 0, 0, 0, 0, 0, 0
0, 0, 0, 0, 0, 0, 0
0, 0, 0, 0, 0, 0, 0
0, 0, 0, 0, 0, 0, 0
0, 0, 0, 0, 0, 0, 0
0, 0, 0, 0, 0, 0, 0
0, 0, 0, 0, 0, 0, 0
0, 0, 0, 0, 0, 0, 0
0, 0, 0, 0, 0, 0, 0
0, 0, 0, 0, 0, 0, 0
0, 0, 0, 0, 0, 0, 0
0, 0, 0, 0, 0, 0, 0
0, 0, 0, 0, 0, 0, 0
0, 0, 0, 0, 0, 0, 0
0, 0, 0, 0, 0, 0, 0
0, 0, 0, 0, 0, 0, 0
0, 0, 0, 0, 0, 0, 0
0, 0, 0, 0, 0, 0, 0
0, 0, 0, 0, 0, 0, 0
0, 0, 0, 0, 0, 0, 0
0, 0, 0, 0, 0, 0, 0
0, 0, 0, 0, 0, 0, 0
0, 0, 0, 0, 0, 0, 0
0, 0, 0, 0, 0, 0, 0
0, 0, 0, 0, 0, 0, 0
0, 0, 0, 0, 0, 0, 0
0, 0, 0, 0, 0, 0, 0
0, 0, 0, 0, 0, 0, 0
0, 0, 0, 0, 0, 0, 0
0, 0, 0, 0, 0, 0, 0
0, 0, 0, 0, 0, 0, 0
0, 0, 0, 0, 0, 0, 0
0, 0, 0, 0, 0, 0, 0
0, 0, 0, 0, 0, 0, 0
0, 0, 0, 0, 0, 0, 0
0, 0, 0, 0, 0, 0, 0
0, 0, 0, 0, 0, 0, 0
0, 0, 0, 0, 0, 0, 0
0, 0, 0, 0, 0, 0, 0
0, 0, 0, 0, 0, 0, 0
0, 0, 0, 0, 0, 0, 0
0, 0, 0, 0, 0, 0, 0
0, 0, 0, 0, 0, 0, 0
0, 0, 0, 0, 0, 0, 0
0, 0, 0, 0, 0, 0, 0
0, 0, 0, 0, 0, 0, 0
0, 0, 0, 0, 0, 0, 0
0, 0, 0, 0, 0, 0, 0
0, 0, 0, 0, 0, 0, 0
0, 0, 0, 0, 0, 0, 0
0, 0, 0, 0, 0, 0, 0
0, 0, 0, 0, 0, 0, 0
0, 0, 0, 0, 0, 0, 0
0, 0, 0, 0, 0, 0, 0
0, 0, 0, 0, 0, 0, 0
0, 0, 0, 0, 0, 0, 0
0, 0, 0, 0, 0, 0, 0
0, 0, 0, 0, 0, 0, 0
0, 0, 0, 0, 0, 0, 0
0, 0, 0, 0, 0, 0, 0
0, 0, 0, 0, 0, 0, 0
0, 0, 0, 0, 0, 0, 0
0, 0, 0, 0, 0, 0, 0
0, 0, 0, 0, 0, 0, 0
0, 0, 0, 0, 0, 0, 0
0, 0, 0, 0, 0, 0, 0
0, 0, 0, 0, 0, 0, 0
0, 0, 0, 0, 0, 0, 0
0, 0, 0, 0, 0, 0, 0
0, 0, 0, 0, 0, 0, 0
0, 0, 0, 0, 0, 0, 0
0, 0, 0, 0, 0, 0, 0
0, 0, 0, 0, 0, 0, 0
0, 0, 0, 0, 0, 0, 0
0, 0, 0, 0, 0, 0, 0
0, 0, 0, 0, 0, 0, 0
0, 0, 0, 0, 0, 0, 0
0, 0, 0, 0, 0, 0, 0
0, 0, 0, 0, 0, 0, 0
0, 0, 0, 0, 0, 0, 0
0, 0, 0, 0, 0, 0, 0
0, 0, 0, 0, 0, 0, 0
0, 0, 0, 0, 0, 0, 0
0, 0, 0, 0, 0, 0, 0
0, 0, 0, 0, 0, 0, 0
0, 0, 0, 0, 0, 0, 0
0, 0, 0, 0, 0, 0, 0
0, 0, 0, 0, 0, 0, 0
0, 0, 0, 0, 0, 0, 0
0, 0, 0, 0, 0, 0, 0
0, 0, 0, 0, 0, 0, 0
0, 0, 0, 0, 0, 0, 0
0, 0, 0, 0, 0, 0, 0
0, 0, 0, 0, 0, 0, 0
0, 0, 0, 0, 0, 0, 0
0, 0, 0, 0, 0, 0, 0
0, 0, 0, 0, 0, 0, 0
0, 0, 0, 0, 0, 0, 0
0, 0, 0, 0, 0, 0, 0
0, 0, 0, 0, 0, 0, 0
0, 0, 0, 0, 0, 0, 0
0, 0, 0, 0, 0, 0, 0
0, 0, 0, 0, 0, 0, 0
0, 0, 0, 0, 0, 0, 0
0, 0, 0, 0, 0, 0, 0
0, 0, 0, 0, 0, 0, 0
0, 0, 0, 0, 0, 0, 0
0, 0, 0, 0, 0, 0, 0
0, 0, 0, 0, 0, 0, 0
0, 0, 0, 0, 0, 0, 0
0, 0, 0, 0, 0, 0, 0
0, 0, 0, 0, 0, 0, 0
0, 0, 0, 0, 0, 0, 0
0, 0, 0, 0, 0, 0, 0
0, 0, 0, 0, 0, 0, 0
0, 0, 0, 0, 0, 0, 0
0, 0, 0, 0, 0, 0, 0
0, 0, 0, 0, 0, 0, 0
0, 0, 0, 0, 0, 0, 0
0, 0, 0, 0, 0, 0, 0
0, 0, 0, 0, 0, 0, 0
0, 0, 0, 0, 0, 0, 0
0, 0, 0, 0, 0, 0, 0
0, 0, 0, 0, 0, 0, 0
0, 0, 0, 0, 0, 0, 0
0, 0, 0, 0, 0, 0, 0
0, 0, 0, 0, 0, 0, 0
0, 0, 0, 0, 0, 0, 0
0, 0, 0, 0, 0, 0, 0
0, 0, 0, 0, 0, 0, 0
0, 0, 0, 0, 0, 0, 0
0, 0, 0, 0, 0, 0, 0
0, 0, 0, 0, 0, 0, 0
0, 0, 0, 0, 0, 0, 0
0, 0, 0, 0, 0, 0, 0
0, 0, 0, 0, 0, 0, 0
0, 0, 0, 0, 0, 0, 0
0, 0, 0, 0, 0, 0, 0
0, 0, 0, 0, 0, 0, 0
0, 0, 0, 0, 0, 0, 0
0, 0, 0, 0, 0, 0, 0
0, 0, 0, 0, 0, 0, 0
0, 0, 0, 0, 0, 0, 0
0, 0, 0, 0, 0, 0, 0
0, 0, 0, 0, 0, 0, 0
0, 0, 0, 0, 0, 0, 0
0, 0, 0, 0, 0, 0, 0
0, 0, 0, 0, 0, 0, 0
0, 0, 0, 0, 0, 0, 0
0, 0, 0, 0, 0, 0, 0
0, 0, 0, 0, 0, 0, 0
0, 0, 0, 0, 0, 0, 0
0, 0, 0, 0, 0, 0, 0
0, 0, 0, 0, 0, 0, 0
0, 0, 0, 0, 0, 0, 0
0, 0, 0, 0, 0, 0, 0
