25th, 50th, 75th, 90th, 95th, 99th, max
0, 0, 0, 0, 0, 0, 0
0, 0, 0, 0, 0, 0, 0
0, 0, 0, 0, 0, 0, 0
0, 0, 0, 0, 0, 0, 0
0, 0, 0, 0, 0, 0, 0
0, 0, 0, 0, 0, 0, 0
0, 0, 0, 0, 0, 0, 0
0, 0, 0, 0, 0, 0, 0
0, 0, 0, 0, 0, 0, 0
0, 0, 0, 0, 0, 0, 0
0, 0, 0, 0, 0, 0, 0
0, 0, 0, 0, 0, 0, 0
0, 0, 0, 0, 0, 0, 0
0, 0, 0, 0, 0, 0, 0
0, 0, 0, 0, 0, 0, 0
0, 0, 0, 0, 0, 0, 0
0, 0, 0, 0, 0, 0, 0
0, 0, 0, 0, 0, 0, 0
0, 0, 0, 0, 0, 0, 0
0, 0, 0, 0, 0, 0, 0
0, 0, 0, 0, 0, 0, 0
0, 0, 0, 0, 0, 0, 0
0, 0, 0, 0, 0, 0, 0
0, 0, 0, 0, 0, 0, 0
0, 0, 0, 0, 0, 0, 0
0, 0, 0, 0, 0, 0, 0
0, 0, 0, 0, 0, 0, 0
0, 0, 0, 0, 0, 0, 0
0, 0, 0, 0, 0, 0, 0
0, 0, 0, 0, 0, 0, 0
0, 0, 0, 0, 0, 0, 0
0, 0, 0, 0, 0, 0, 0
0, 0, 0, 0, 0, 0, 0
0, 0, 0, 0, 0, 0, 0
0, 0, 0, 0, 0, 0, 0
0, 0, 0, 0, 0, 0, 0
0, 0, 0, 0, 0, 0, 0
0, 0, 0, 0, 0, 0, 0
0, 0, 0, 0, 0, 0, 0
0, 0, 0, 0, 0, 0, 0
0, 0, 0, 0, 0, 0, 0
0, 0, 0, 0, 0, 0, 0
0, 0, 0, 0, 0, 0, 0
0, 0, 0, 0, 0, 0, 0
0, 0, 0, 0, 0, 0, 0
0, 0, 0, 0, 0, 0, 0
0, 0, 0, 0, 0, 0, 0
0, 0, 0, 0, 0, 0, 0
0, 0, 0, 0, 0, 0, 0
0, 0, 0, 0, 0, 0, 0
0, 0, 0, 0, 0, 0, 0
0, 0, 0, 0, 0, 0, 0
0, 0, 0, 0, 0, 0, 0
0, 0, 0, 0, 0, 0, 0
0, 0, 0, 0, 0, 0, 0
0, 0, 0, 0, 0, 0, 0
0, 0, 0, 0, 0, 0, 0
0, 0, 0, 0, 0, 0, 0
0, 0, 0, 0, 0, 0, 0
0, 0, 0, 0, 0, 0, 0
0, 0, 0, 0, 0, 0, 0
0, 0, 0, 0, 0, 0, 0
0, 0, 0, 0, 0, 0, 0
0, 0, 0, 0, 0, 0, 0
0, 0, 0, 0, 0, 0, 0
0, 0, 0, 0, 0, 0, 0
0, 0, 0, 0, 0, 0, 0
0, 0, 0, 0, 0, 0, 0
0, 0, 0, 0, 0, 0, 0
0, 0, 0, 0, 0, 0, 0
0, 0, 0, 0, 0, 0, 0
0, 0, 0, 0, 0, 0, 0
0, 0, 0, 0, 0, 0, 0
0, 0, 0, 0, 0, 0, 0
0, 0, 0, 0, 0, 0, 0
0, 0, 0, 0, 0, 0, 0
0, 0, 0, 0, 0, 0, 0
0, 0, 0, 0, 0, 0, 0
0, 0, 0, 0, 0, 0, 0
0, 0, 0, 0, 0, 0, 0
0, 0, 0, 0, 0, 0, 0
0, 0, 0, 0, 0, 0, 0
0, 0, 0, 0, 0, 0, 0
0, 0, 0, 0, 0, 0, 0
0, 0, 0, 0, 0, 0, 0
0, 0, 0, 0, 0, 0, 0
0, 0, 0, 0, 0, 0, 0
0, 0, 0, 0, 0, 0, 0
0, 0, 0, 0, 0, 0, 0
0, 0, 0, 0, 0, 0, 0
0, 0, 0, 0, 0, 0, 0
0, 0, 0, 0, 0, 0, 0
0, 0, 0, 0, 0, 0, 0
0, 0, 0, 0, 0, 0, 0
0, 0, 0, 0, 0, 0, 0
0, 0, 0, 0, 0, 0, 0
0, 0, 0, 0, 0, 0, 0
0, 0, 0, 0, 0, 0, 0
0, 0, 0, 0, 0, 0, 0
0, 0, 0, 0, 0, 0, 0
0, 0, 0, 0, 0, 0, 0
0, 0, 0, 0, 0, 0, 0
0, 0, 0, 0, 0, 0, 0
0, 0, 0, 0, 0, 0, 0
0, 0, 0, 0, 0, 0, 0
0, 0, 0, 0, 0, 0, 0
0, 0, 0, 0, 0, 0, 0
0, 0, 0, 0, 0, 0, 0
0, 0, 0, 0, 0, 0, 0
0, 0, 0, 0, 0, 0, 0
0, 0, 0, 0, 0, 0, 0
0, 0, 0, 0, 0, 0, 0
0, 0, 0, 0, 0, 0, 0
0, 0, 0, 0, 0, 0, 0
0, 0, 0, 0, 0, 0, 0
0, 0, 0, 0, 0, 0, 0
0, 0, 0, 0, 0, 0, 0
0, 0, 0, 0, 0, 0, 0
0, 0, 0, 0, 0, 0, 0
0, 0, 0, 0, 0, 0, 0
0, 0, 0, 0, 0, 0, 0
0, 0, 0, 0, 0, 0, 0
0, 0, 0, 0, 0, 0, 0
0, 0, 0, 0, 0, 0, 0
0, 0, 0, 0, 0, 0, 0
0, 0, 0, 0, 0, 0, 0
0, 0, 0, 0, 0, 0, 0
0, 0, 0, 0, 0, 0, 0
0, 0, 0, 0, 0, 0, 0
0, 0, 0, 0, 0, 0, 0
0, 0, 0, 0, 0, 0, 0
0, 0, 0, 0, 0, 0, 0
0, 0, 0, 0, 0, 0, 0
0, 0, 0, 0, 0, 0, 0
0, 0, 0, 0, 0, 0, 0
0, 0, 0, 0, 0, 0, 0
0, 0, 0, 0, 0, 0, 0
0, 0, 0, 0, 0, 0, 0
0, 0, 0, 0, 0, 0, 0
0, 0, 0, 0, 0, 0, 0
0, 0, 0, 0, 0, 0, 0
0, 0, 0, 0, 0, 0, 0
0, 0, 0, 0, 0, 0, 0
0, 0, 0, 0, 0, 0, 0
0, 0, 0, 0, 0, 0, 0
0, 0, 0, 0, 0, 0, 0
0, 0, 0, 0, 0, 0, 0
0, 0, 0, 0, 0, 0, 0
0, 0, 0, 0, 0, 0, 0
0, 0, 0, 0, 0, 0, 0
0, 0, 0, 0, 0, 0, 0
0, 0, 0, 0, 0, 0, 0
0, 0, 0, 0, 0, 0, 0
0, 0, 0, 0, 0, 0, 0
0, 0, 0, 0, 0, 0, 0
0, 0, 0, 0, 0, 0, 0
0, 0, 0, 0, 0, 0, 0
0, 0, 0, 0, 0, 0, 0
0, 0, 0, 0, 0, 0, 0
0, 0, 0, 0, 0, 0, 0
0, 0, 0, 0, 0, 0, 0
0, 0, 0, 0, 0, 0, 0
0, 0, 0, 0, 0, 0, 0
0, 0, 0, 0, 0, 0, 0
0, 0, 0, 0, 0, 0, 0
0, 0, 0, 0, 0, 0, 0
0, 0, 0, 0, 0, 0, 0
0, 0, 0, 0, 0, 0, 0
0, 0, 0, 0, 0, 0, 0
0, 0, 0, 0, 0, 0, 0
0, 0, 0, 0, 0, 0, 0
0, 0, 0, 0, 0, 0, 0
0, 0, 0, 0, 0, 0, 0
0, 0, 0, 0, 0, 0, 0
0, 0, 0, 0, 0, 0, 0
0, 0, 0, 0, 0, 0, 0
0, 0, 0, 0, 0, 0, 0
0, 0, 0, 0, 0, 0, 0
0, 0, 0, 0, 0, 0, 0
0, 0, 0, 0, 0, 0, 0
0, 0, 0, 0, 0, 0, 0
0, 0, 0, 0, 0, 0, 0
0, 0, 0, 0, 0, 0, 0
0, 0, 0, 0, 0, 0, 0
0, 0, 0, 0, 0, 0, 0
0, 0, 0, 0, 0, 0, 0
0, 0, 0, 0, 0, 0, 0
0, 0, 0, 0, 0, 0, 0
0, 0, 0, 0, 0, 0, 0
0, 0, 0, 0, 0, 0, 0
0, 0, 0, 0, 0, 0, 0
0, 0, 0, 0, 0, 0, 0
0, 0, 0, 0, 0, 0, 0
0, 0, 0, 0, 0, 0, 0
0, 0, 0, 0, 0, 0, 0
0, 0, 0, 0, 0, 0, 0
0, 0, 0, 0, 0, 0, 0
0, 0, 0, 0, 0, 0, 0
0, 0, 0, 0, 0, 0, 0
0, 0, 0, 0, 0, 0, 0
0, 0, 0, 0, 0, 0, 0
0, 0, 0, 0, 0, 0, 0
0, 0, 0, 0, 0, 0, 0
0, 0, 0, 0, 0, 0, 0
0, 0, 0, 0, 0, 0, 0
0, 0, 0, 0, 0, 0, 0
0, 0, 0, 0, 0, 0, 0
0, 0, 0, 0, 0, 0, 0
0, 0, 0, 0, 0, 0, 0
0, 0, 0, 0, 0, 0, 0
0, 0, 0, 0, 0, 0, 0
0, 0, 0, 0, 0, 0, 0
0, 0, 0, 0, 0, 0, 0
0, 0, 0, 0, 0, 0, 0
0, 0, 0, 0, 0, 0, 0
0, 0, 0, 0, 0, 0, 0
0, 0, 0, 0, 0, 0, 0
0, 0, 0, 0, 0, 0, 0
0, 0, 0, 0, 0, 0, 0
0, 0, 0, 0, 0, 0, 0
0, 0, 0, 0, 0, 0, 0
0, 0, 0, 0, 0, 0, 0
0, 0, 0, 0, 0, 0, 0
0, 0, 0, 0, 0, 0, 0
0, 0, 0, 0, 0, 0, 0
0, 0, 0, 0, 0, 0, 0
0, 0, 0, 0, 0, 0, 0
0, 0, 0, 0, 0, 0, 0
0, 0, 0, 0, 0, 0, 0
0, 0, 0, 0, 0, 0, 0
0, 0, 0, 0, 0, 0, 0
0, 0, 0, 0, 0, 0, 0
0, 0, 0, 0, 0, 0, 0
0, 0, 0, 0, 0, 0, 0
0, 0, 0, 0, 0, 0, 0
0, 0, 0, 0, 0, 0, 0
0, 0, 0, 0, 0, 0, 0
0, 0, 0, 0, 0, 0, 0
0, 0, 0, 0, 0, 0, 0
0, 0, 0, 0, 0, 0, 0
0, 0, 0, 0, 0, 0, 0
0, 0, 0, 0, 0, 0, 0
0, 0, 0, 0, 0, 0, 0
0, 0, 0, 0, 0, 0, 0
0, 0, 0, 0, 0, 0, 0
0, 0, 0, 0, 0, 0, 0
0, 0, 0, 0, 0, 0, 0
0, 0, 0, 0, 0, 0, 0
0, 0, 0, 0, 0, 0, 0
0, 0, 0, 0, 0, 0, 0
0, 0, 0, 0, 0, 0, 0
0, 0, 0, 0, 0, 0, 0
0, 0, 0, 0, 0, 0, 0
0, 0, 0, 0, 0, 0, 0
0, 0, 0, 0, 0, 0, 0
0, 0, 0, 0, 0, 0, 0
0, 0, 0, 0, 0, 0, 0
0, 0, 0, 0, 0, 0, 0
0, 0, 0, 0, 0, 0, 0
0, 0, 0, 0, 0, 0, 0
0, 0, 0, 0, 0, 0, 0
0, 0, 0, 0, 0, 0, 0
0, 0, 0, 0, 0, 0, 0
0, 0, 0, 0, 0, 0, 0
0, 0, 0, 0, 0, 0, 0
0, 0, 0, 0, 0, 0, 0
0, 0, 0, 0, 0, 0, 0
0, 0, 0, 0, 0, 0, 0
0, 0, 0, 0, 0, 0, 0
0, 0, 0, 0, 0, 0, 0
0, 0, 0, 0, 0, 0, 0
0, 0, 0, 0, 0, 0, 0
0, 0, 0, 0, 0, 0, 0
0, 0, 0, 0, 0, 0, 0
0, 0, 0, 0, 0, 0, 0
0, 0, 0, 0, 0, 0, 0
0, 0, 0, 0, 0, 0, 0
0, 0, 0, 0, 0, 0, 0
0, 0, 0, 0, 0, 0, 0
0, 0, 0, 0, 0, 0, 0
0, 0, 0, 0, 0, 0, 0
0, 0, 0, 0, 0, 0, 0
0, 0, 0, 0, 0, 0, 0
0, 0, 0, 0, 0, 0, 0
0, 0, 0, 0, 0, 0, 0
0, 0, 0, 0, 0, 0, 0
0, 0, 0, 0, 0, 0, 0
0, 0, 0, 0, 0, 0, 0
0, 0, 0, 0, 0, 0, 0
0, 0, 0, 0, 0, 0, 0
0, 0, 0, 0, 0, 0, 0
0, 0, 0, 0, 0, 0, 0
0, 0, 0, 0, 0, 0, 0
0, 0, 0, 0, 0, 0, 0
0, 0, 0, 0, 0, 0, 0
0, 0, 0, 0, 0, 0, 0
0, 0, 0, 0, 0, 0, 0
0, 0, 0, 0, 0, 0, 0
0, 0, 0, 0, 0, 0, 0
0, 0, 0, 0, 0, 0, 0
0, 0, 0, 0, 0, 0, 0
0, 0, 0, 0, 0, 0, 0
0, 0, 0, 0, 0, 0, 0
0, 0, 0, 0, 0, 0, 0
0, 0, 0, 0, 0, 0, 0
0, 0, 0, 0, 0, 0, 0
0, 0, 0, 0, 0, 0, 0
0, 0, 0, 0, 0, 0, 0
0, 0, 0, 0, 0, 0, 0
0, 0, 0, 0, 0, 0, 0
0, 0, 0, 0, 0, 0, 0
0, 0, 0, 0, 0, 0, 0
0, 0, 0, 0, 0, 0, 0
0, 0, 0, 0, 0, 0, 0
0, 0, 0, 0, 0, 0, 0
0, 0, 0, 0, 0, 0, 0
0, 0, 0, 0, 0, 0, 0
0, 0, 0, 0, 0, 0, 0
0, 0, 0, 0, 0, 0, 0
0, 0, 0, 0, 0, 0, 0
0, 0, 0, 0, 0, 0, 0
0, 0, 0, 0, 0, 0, 0
0, 0, 0, 0, 0, 0, 0
0, 0, 0, 0, 0, 0, 0
0, 0, 0, 0, 0, 0, 0
0, 0, 0, 0, 0, 0, 0
0, 0, 0, 0, 0, 0, 0
0, 0, 0, 0, 0, 0, 0
0, 0, 0, 0, 0, 0, 0
0, 0, 0, 0, 0, 0, 0
0, 0, 0, 0, 0, 0, 0
0, 0, 0, 0, 0, 0, 0
0, 0, 0, 0, 0, 0, 0
0, 0, 0, 0, 0, 0, 0
0, 0, 0, 0, 0, 0, 0
0, 0, 0, 0, 0, 0, 0
0, 0, 0, 0, 0, 0, 0
0, 0, 0, 0, 0, 0, 0
0, 0, 0, 0, 0, 0, 0
0, 0, 0, 0, 0, 0, 0
0, 0, 0, 0, 0, 0, 0
0, 0, 0, 0, 0, 0, 0
0, 0, 0, 0, 0, 0, 0
0, 0, 0, 0, 0, 0, 0
0, 0, 0, 0, 0, 0, 0
0, 0, 0, 0, 0, 0, 0
0, 0, 0, 0, 0, 0, 0
0, 0, 0, 0, 0, 0, 0
0, 0, 0, 0, 0, 0, 0
0, 0, 0, 0, 0, 0, 0
0, 0, 0, 0, 0, 0, 0
0, 0, 0, 0, 0, 0, 0
0, 0, 0, 0, 0, 0, 0
0, 0, 0, 0, 0, 0, 0
0, 0, 0, 0, 0, 0, 0
0, 0, 0, 0, 0, 0, 0
0, 0, 0, 0, 0, 0, 0
0, 0, 0, 0, 0, 0, 0
0, 0, 0, 0, 0, 0, 0
0, 0, 0, 0, 0, 0, 0
0, 0, 0, 0, 0, 0, 0
0, 0, 0, 0, 0, 0, 0
0, 0, 0, 0, 0, 0, 0
0, 0, 0, 0, 0, 0, 0
0, 0, 0, 0, 0, 0, 0
0, 0, 0, 0, 0, 0, 0
0, 0, 0, 0, 0, 0, 0
0, 0, 0, 0, 0, 0, 0
0, 0, 0, 0, 0, 0, 0
0, 0, 0, 0, 0, 0, 0
0, 0, 0, 0, 0, 0, 0
0, 0, 0, 0, 0, 0, 0
0, 0, 0, 0, 0, 0, 0
0, 0, 0, 0, 0, 0, 0
0, 0, 0, 0, 0, 0, 0
0, 0, 0, 0, 0, 0, 0
0, 0, 0, 0, 0, 0, 0
0, 0, 0, 0, 0, 0, 0
0, 0, 0, 0, 0, 0, 0
0, 0, 0, 0, 0, 0, 0
0, 0, 0, 0, 0, 0, 0
0, 0, 0, 0, 0, 0, 0
0, 0, 0, 0, 0, 0, 0
0, 0, 0, 0, 0, 0, 0
0, 0, 0, 0, 0, 0, 0
0, 0, 0, 0, 0, 0, 0
0, 0, 0, 0, 0, 0, 0
0, 0, 0, 0, 0, 0, 0
0, 0, 0, 0, 0, 0, 0
0, 0, 0, 0, 0, 0, 0
0, 0, 0, 0, 0, 0, 0
0, 0, 0, 0, 0, 0, 0
0, 0, 0, 0, 0, 0, 0
0, 0, 0, 0, 0, 0, 0
0, 0, 0, 0, 0, 0, 0
0, 0, 0, 0, 0, 0, 0
0, 0, 0, 0, 0, 0, 0
0, 0, 0, 0, 0, 0, 0
0, 0, 0, 0, 0, 0, 0
0, 0, 0, 0, 0, 0, 0
0, 0, 0, 0, 0, 0, 0
0, 0, 0, 0, 0, 0, 0
0, 0, 0, 0, 0, 0, 0
0, 0, 0, 0, 0, 0, 0
0, 0, 0, 0, 0, 0, 0
0, 0, 0, 0, 0, 0, 0
0, 0, 0, 0, 0, 0, 0
0, 0, 0, 0, 0, 0, 0
0, 0, 0, 0, 0, 0, 0
0, 0, 0, 0, 0, 0, 0
0, 0, 0, 0, 0, 0, 0
0, 0, 0, 0, 0, 0, 0
0, 0, 0, 0, 0, 0, 0
0, 0, 0, 0, 0, 0, 0
0, 0, 0, 0, 0, 0, 0
0, 0, 0, 0, 0, 0, 0
0, 0, 0, 0, 0, 0, 0
0, 0, 0, 0, 0, 0, 0
0, 0, 0, 0, 0, 0, 0
0, 0, 0, 0, 0, 0, 0
0, 0, 0, 0, 0, 0, 0
0, 0, 0, 0, 0, 0, 0
0, 0, 0, 0, 0, 0, 0
0, 0, 0, 0, 0, 0, 0
0, 0, 0, 0, 0, 0, 0
0, 0, 0, 0, 0, 0, 0
0, 0, 0, 0, 0, 0, 0
0, 0, 0, 0, 0, 0, 0
0, 0, 0, 0, 0, 0, 0
0, 0, 0, 0, 0, 0, 0
0, 0, 0, 0, 0, 0, 0
0, 0, 0, 0, 0, 0, 0
0, 0, 0, 0, 0, 0, 0
0, 0, 0, 0, 0, 0, 0
0, 0, 0, 0, 0, 0, 0
0, 0, 0, 0, 0, 0, 0
0, 0, 0, 0, 0, 0, 0
0, 0, 0, 0, 0, 0, 0
0, 0, 0, 0, 0, 0, 0
0, 0, 0, 0, 0, 0, 0
0, 0, 0, 0, 0, 0, 0
0, 0, 0, 0, 0, 0, 0
0, 0, 0, 0, 0, 0, 0
0, 0, 0, 0, 0, 0, 0
0, 0, 0, 0, 0, 0, 0
0, 0, 0, 0, 0, 0, 0
0, 0, 0, 0, 0, 0, 0
0, 0, 0, 0, 0, 0, 0
0, 0, 0, 0, 0, 0, 0
0, 0, 0, 0, 0, 0, 0
0, 0, 0, 0, 0, 0, 0
0, 0, 0, 0, 0, 0, 0
0, 0, 0, 0, 0, 0, 0
0, 0, 0, 0, 0, 0, 0
0, 0, 0, 0, 0, 0, 0
0, 0, 0, 0, 0, 0, 0
0, 0, 0, 0, 0, 0, 0
0, 0, 0, 0, 0, 0, 0
0, 0, 0, 0, 0, 0, 0
0, 0, 0, 0, 0, 0, 0
0, 0, 0, 0, 0, 0, 0
0, 0, 0, 0, 0, 0, 0
8.873658, 9.026712499999999, 9.230625, 9.4870307, 9.7142611, 14.783211649999997, 36.893046
8.889327, 9.040875, 9.2286435, 9.4977006, 9.73319675, 10.89205712999999, 32.855096
8.880612249999999, 9.030586, 9.232174, 9.474908700000002, 9.7335147, 13.826113459999979, 52.853195
8.873716, 9.030408999999999, 9.2376225, 9.4884586, 9.766067, 13.806577739999996, 52.853195
8.88835225, 9.05008, 9.23230975, 9.5244543, 9.778747, 14.416709269999998, 19.587514
8.88482675, 9.046955, 9.24045725, 9.5233872, 9.802665750000001, 16.182230089999997, 36.893046
8.878998249999999, 9.0363735, 9.24138, 9.5406672, 9.81292495, 15.977419659999999, 52.853195
8.876803, 9.032871499999999, 9.242416500000001, 9.482435800000001, 9.698260399999999, 14.393979049999999, 24.370709
8.8945835, 9.039547, 9.252956, 9.5255811, 9.74440445, 13.618961919999998, 32.855096
8.895760500000002, 9.046068, 9.25687525, 9.5275056, 9.752631, 16.25468784, 52.853195
8.901200750000001, 9.045255000000001, 9.23959275, 9.5021085, 9.78097085, 16.060656919999996, 52.853195
8.8747225, 9.035365, 9.2308795, 9.509852500000001, 9.8339305, 16.05074345, 36.893046
8.876531250000001, 9.031084, 9.23752975, 9.5286115, 9.76884295, 14.733161439999998, 36.893046
8.878368250000001, 9.03897, 9.22234175, 9.4600115, 9.63170015, 16.052313159999997, 36.893046
8.86318225, 9.006331, 9.194196, 9.4717065, 10.013454, 11.961167169999998, 24.923449
8.862878, 9.0019125, 9.17595775, 9.4583493, 10.013722, 12.279782239999985, 37.448702
8.86997025, 9.0031485, 9.183264750000001, 9.4503632, 10.005778099999997, 12.315919889999996, 35.734803
8.86408725, 8.997689000000001, 9.183299000000002, 9.4575024, 9.956813499999996, 11.938839599999994, 35.734803
8.86857575, 9.0011695, 9.1728215, 9.4654912, 9.992884999999998, 12.222369769999998, 37.448702
8.870082, 9.0113675, 9.188849750000001, 9.455942, 10.078919249999998, 11.959054049999988, 35.487972
8.86915, 9.005363, 9.19005, 9.514287, 10.0333125, 12.054610679999996, 35.734803
8.85944275, 9.0016225, 9.18492375, 9.439118899999999, 9.843266, 11.970619969999992, 37.448702
8.863764, 9.002675, 9.169946, 9.4852188, 10.1322125, 11.970619969999992, 29.227148
8.87261075, 9.005659, 9.183196500000001, 9.4505068, 9.956152, 12.008393519999984, 35.734803
8.873663, 9.007787, 9.1927615, 9.4592991, 10.0134759, 12.071412479999976, 16.295498
8.859897, 8.996927, 9.17693025, 9.459578, 9.9812166, 11.938814469999995, 35.734803
8.8638735, 8.998849499999999, 9.1809545, 9.4456253, 9.8918188, 11.780279449999993, 33.51644
8.791982, 9.049954, 10.250147, 11.688576000000003, 12.465651400000002, 14.932743420000001, 19.393533
8.78237525, 9.051811, 10.24276925, 11.636392, 12.425309250000002, 14.873968020000007, 26.889073
8.79306, 9.0703785, 10.248715, 11.663426, 12.44051265, 14.645996, 19.393533
8.776542, 9.044412, 10.128842, 11.619468, 12.451932550000002, 15.056444500000048, 19.563106
8.651264, 9.142985, 10.800288, 12.453529, 14.027404, 17.793896, 34.408771
8.655849, 9.129779500000001, 10.8078255, 12.412199400000002, 14.015404799999995, 17.786071, 38.404747
8.64248875, 9.128581, 10.868575, 12.525240100000001, 14.021759099999995, 17.813216060000006, 38.404747
8.64248875, 9.092162, 10.78858425, 12.365659, 14.071029949999996, 17.888381480000007, 38.813544
8.66217425, 9.115713, 10.78780575, 12.349209400000001, 13.786245149999987, 17.708369, 38.813544
8.646881, 9.1453705, 10.8385125, 12.420108800000001, 13.991081399999997, 18.211952, 38.404747
8.659655749999999, 9.159366, 10.850527, 12.565955, 14.274292, 17.78608, 38.813544
8.6557215, 9.158162, 10.801988999999999, 12.447581, 14.175710949999996, 17.844781120000004, 38.813544
8.651363, 9.147125500000001, 10.823185, 12.434019, 14.063013449999994, 17.786232420000005, 38.813544
8.646315, 9.147918, 10.899775, 12.602063700000002, 14.264023, 18.717298940000006, 38.813544
8.63768625, 9.114455, 10.721070999999998, 12.391220200000003, 13.964635999999992, 17.939348100000057, 38.813544
8.642266, 9.0876535, 10.796270750000001, 12.391037200000001, 13.961409049999999, 17.699605, 38.404747
8.65312325, 9.149399, 10.7875895, 12.429641, 13.957355799999997, 17.787040250000004, 38.813544
8.64911925, 9.1286245, 10.75983375, 12.303458100000002, 13.810266, 17.471043840000014, 38.813544
8.642812500000002, 9.0954245, 10.801449, 12.4566762, 14.114345099999992, 17.793979170000004, 38.813544
8.64911925, 9.13779, 10.77109825, 12.394759, 14.063569, 17.538447, 38.813544
8.64317725, 9.0947105, 10.783066, 12.474418, 13.994813, 17.786071, 38.813544
8.646315, 9.120355, 10.814858, 12.3524102, 13.940439999999999, 17.644577100000006, 38.813544
8.64698325, 9.121547, 10.8072195, 12.444584900000002, 14.106434499999994, 17.960504, 38.813544
8.647602000000001, 9.1442215, 10.801449, 12.469538, 13.99554189999999, 17.872018, 38.404747
8.6459585, 9.135627, 10.88216225, 12.459643, 14.02802744999999, 17.844781120000004, 38.404747
8.64791425, 9.135479, 10.830678, 12.386549, 13.99554189999999, 17.483699230000013, 38.813544
8.6479485, 9.1455675, 10.84057975, 12.459643, 14.027404, 17.787040250000004, 38.813544
8.659845, 9.147125500000001, 10.809276, 12.447581, 13.96309, 17.234018, 38.813544
8.642314, 9.101495, 10.7303675, 12.3419916, 13.951795, 18.652070840000015, 38.813544
8.64398175, 9.166265, 10.85904825, 12.492389, 14.062389, 17.872178240000004, 38.404747
8.792209, 9.06494, 10.230986, 11.671043, 12.502753, 14.822911110000003, 26.889073
8.78343475, 9.0508185, 10.2307595, 11.6933527, 12.47130655, 15.021127, 26.889073
8.7861135, 9.050377, 10.223651, 11.597336900000002, 12.388676200000003, 14.832868850000029, 19.563106
8.792047, 9.069317, 10.28726475, 11.688576000000003, 12.5335677, 15.049793, 19.563106
8.641427, 9.127162, 10.759644250000001, 12.403291300000001, 13.952062749999996, 17.548219190000015, 38.404747
8.648585749999999, 9.149131, 10.78771425, 12.344906000000002, 14.062447999999998, 17.96142778000002, 38.813544
8.636868, 9.092922, 10.7542185, 12.419413100000002, 14.058014949999997, 17.70442273000002, 38.404747
9.1439755, 11.288855, 14.08532025, 17.5123147, 19.905001, 25.259970960000018, 44.22794
9.11081125, 11.2662795, 14.19102225, 17.3166156, 19.70666289999999, 26.123703, 44.22794
8.6394955, 9.073138, 10.733774, 12.420221, 14.076976, 17.644383, 38.813544
8.656474, 9.1341515, 10.801449, 12.3396087, 13.892058599999988, 17.845280840000015, 38.813544
8.6396785, 9.106247, 10.7215625, 12.344906000000002, 14.009579149999999, 17.70442273000002, 34.462112
8.6580525, 9.147061, 10.802748, 12.352565, 14.126605449999994, 17.664151120000007, 38.813544
8.64759125, 9.155334, 10.86880075, 12.426230200000001, 14.06229875, 18.054472700000034, 38.404747
8.636149, 9.101603, 10.806165, 12.407502, 14.063921649999994, 17.538538300000003, 38.404747
8.64759125, 9.106176999999999, 10.829518, 12.3428806, 13.968515349999983, 17.703598, 38.813544
8.642435500000001, 9.087907000000001, 10.7942225, 12.4078891, 14.022382549999985, 17.539506360000026, 38.813544
9.099284, 11.200854, 14.032837, 17.3042769, 19.74558624999999, 25.607038, 40.625286
9.0939195, 11.1521225, 13.985965, 17.2312878, 19.64720555, 25.267843, 44.22794
9.117934250000001, 11.20759, 14.042715, 17.2894733, 19.797917, 25.56975163000001, 44.22794
8.6469935, 9.105113, 10.820100499999999, 12.5410734, 14.080905299999987, 17.844781120000004, 38.813544
8.648492, 9.1361645, 10.869319, 12.512249, 14.137495, 17.813216060000006, 34.462112
8.63611, 9.113885, 10.796270750000001, 12.427281300000004, 13.990885, 17.922076720000003, 38.813544
8.654291749999999, 9.141327, 10.820243, 12.420221, 13.984007949999995, 17.699605, 38.813544
8.654222749999999, 9.126235, 10.84198, 12.42623, 14.095293, 17.80231987, 38.813544
8.6452335, 9.088541, 10.788428249999999, 12.424528800000001, 14.08060959999999, 17.92199, 38.813544
8.649479999999999, 9.1377375, 10.83300125, 12.4310994, 14.099622049999995, 17.644383, 38.813544
8.64623525, 9.111417, 10.78818, 12.357209500000002, 13.964635999999992, 17.538538300000003, 38.813544
8.648044, 9.136206999999999, 10.811335750000001, 12.4342527, 13.943173749999993, 17.420319, 38.813544
8.64305, 9.117975000000001, 10.8125405, 12.411373, 13.91014165, 17.470363, 38.813544
8.647616, 9.141598, 10.77695925, 12.463313700000004, 13.967338, 17.629914210000006, 34.408771
9.082901999999999, 11.20299, 14.02487925, 17.429751800000002, 19.755463399999968, 25.386125990000004, 40.625286
9.114416, 11.249629500000001, 14.16753475, 17.432069700000003, 19.839353099999972, 25.792145010000016, 44.22794
9.1285555, 11.269655, 14.08532025, 17.400589, 19.966418, 26.539462, 44.22794
9.136206249999999, 11.2686595, 14.016311250000001, 17.2649514, 19.742827, 25.792145010000016, 44.22794
9.115799, 11.281239, 14.11110425, 17.287277300000003, 19.742944849999997, 25.39981671000004, 40.625286
9.13014425, 11.2845725, 14.08378325, 17.625857099999998, 19.99271, 25.269024620000025, 35.918558
9.11499125, 11.250684, 14.10699475, 17.443773200000003, 19.91524, 25.78762467000002, 44.22794
9.079569, 11.204491, 14.107894, 17.417718, 19.91524, 25.616439, 44.22794
9.085790750000001, 11.215572, 14.169536749999999, 17.375265, 20.004899, 26.531656070000007, 40.625286
9.110857, 11.219939, 14.074991, 17.2381135, 19.79712755, 25.398768280000013, 44.22794
9.0708055, 11.2975055, 14.083382, 17.412054, 19.875137549999987, 26.016247410000023, 44.22794
10.179416, 12.794052, 16.56378675, 21.1785135, 23.92753635, 29.904429, 43.791491
10.102342499999999, 12.742425, 16.481728, 20.887288, 23.643019349999996, 29.50902095, 40.498626
10.236396, 12.871194, 16.66388225, 21.199863800000003, 24.022507, 29.61283377000001, 40.498626
8.784007, 9.05317, 10.225867999999998, 11.645967, 12.449738, 14.901789, 107.73637998036475
8.789632, 9.063906, 10.229533, 11.64915, 12.462855, 15.027702, 26.889073
8.786515, 9.053049, 10.212492, 11.642031, 12.424741, 14.75751443999993, 26.889073
10.1913365, 12.882318, 16.652686, 21.05734800000001, 24.033214, 30.415228879999948, 117.91629625366014
10.141699, 12.786693, 16.508022, 20.8576024, 23.92753635, 29.749014, 43.791491
10.168041, 12.767916, 16.649167, 21.1986861, 23.943831, 30.425338, 43.791491
10.134623, 12.773958, 16.534053, 20.970390400000003, 23.748622299999983, 29.615067530000058, 38.887788
8.78856, 9.05576, 10.230684, 11.645967, 12.460371, 14.944056819999997, 109.65327412733977
8.86864775, 9.00341, 9.178548, 9.440594, 9.985349399999986, 12.007767, 99.36436436659451
8.866938, 9.002675, 9.1787915, 9.445925, 9.956152, 11.970292, 37.448702
8.72613825, 9.0721745, 10.50338125, 12.015915, 13.112734, 16.384302649999988, 108.99938054535474
11.020773, 14.217417, 18.46314675, 23.676325500000008, 26.86607, 34.78348105999999, 108.0595152496134
11.033764, 14.195959, 18.630134, 23.510648, 26.751141199999985, 33.577213, 56.221419
11.049082, 14.208014, 18.744516, 23.496074, 26.66801639999999, 33.402223, 56.221419
8.72409225, 9.075566, 10.501637, 11.973963, 13.13908245, 16.568786800000083, 115.09824863485656
8.844277, 9.010311, 9.268992, 10.369033, 11.427168, 13.33327114999999, 107.67882688050685
8.87061, 9.011575, 9.19543775, 9.480556, 9.918332, 12.277897, 127.84669457610899
8.868323, 9.0111745, 9.19454725, 9.471725, 9.85702459999999, 11.932675, 52.853195
8.845094, 9.012495, 9.280037, 10.4706545, 11.526434, 13.339423, 100.42739939130323
8.72812, 9.0808955, 10.54357275, 11.9927515, 13.151082, 16.394573079999997, 99.10749491634239
12.772585, 17.285201, 23.137059, 29.103125, 33.4149327, 40.810356, 127.60294460608063
12.88046, 17.335619, 22.885587, 28.947992, 32.932486, 40.57746, 64.049625
8.64305, 9.122739, 10.816554, 12.50979, 14.063569, 17.888042, 106.35233218558928
8.81981, 9.026111, 9.567918, 11.207388, 12.023394300000001, 14.430179, 96.92267559864062
8.865751, 9.004037, 9.180616, 9.455824, 9.965311, 11.932673699999999, 103.6267785633598
8.873047, 9.0180425, 9.204703, 9.478671, 9.859584, 12.222361, 88.11508369785626
8.865428, 9.003852, 9.17911175, 9.452954800000002, 9.985579, 12.007767, 111.09932470808945
8.821175, 9.025978, 9.57099, 11.217369, 12.073549, 14.430179, 112.0028178986551
8.647676, 9.119646, 10.788663, 12.424355, 13.964127, 17.786971, 104.99097445891664
12.875746, 17.330728, 23.027076, 29.113268900000005, 33.1069, 41.157005519999984, 112.6945608787063
12.768559999999999, 17.228806, 22.885587, 28.894612, 33.199187, 41.107663, 64.049625
8.644195499999999, 9.112278, 10.795695, 12.430775, 13.98979914999999, 17.872018, 107.59094901780558
8.784188, 9.049898, 10.227706, 11.638546, 12.423094, 14.831535, 111.86945482787785
8.850489, 9.009162, 9.2393065, 10.092182, 11.202135, 13.077566, 107.21932945505893
8.849904, 9.009035, 9.240896, 10.0777631, 11.205394, 13.060476, 37.448702
8.789633, 9.059367, 10.227706, 11.649735, 12.451147799999996, 14.831535, 101.80758178341351
8.76775, 9.905184, 12.248692, 15.484206, 17.80191629999999, 24.006978539999988, 101.56181938784329
14.3359275, 19.130514, 24.892672, 31.966386, 36.67765759999999, 48.070909, 99.66802006167985
14.338887750000001, 18.884289, 24.740444, 31.903433, 36.203446, 47.460348, 73.564487
8.783226500000001, 9.959156, 12.294019, 15.547275, 17.955969, 23.436095, 111.49610232041731
8.785754, 9.060942, 10.242432, 11.654684, 12.457105, 14.995983, 111.49121246259692
8.852482, 9.009902, 9.242821, 10.109237, 11.189288399999999, 13.077055189999982, 91.84391370186664
8.871134249999999, 9.01065, 9.194196, 9.469285, 9.910716, 12.070259320000083, 120.64155433621102
8.850075, 9.0070725, 9.238608, 10.078387, 11.17606015, 13.052535, 98.53159777615261
8.78707, 9.05303, 10.241032749999999, 11.64915, 12.5027306, 14.873687, 97.72761450160567
8.776687, 9.926991, 12.266811, 15.480292999999998, 17.844694, 23.97389208, 109.8416919326682
14.4041195, 19.071753, 24.792464, 31.727268, 36.680236199999996, 47.720143, 118.05064820086399
14.582368, 19.231123500000002, 25.176515, 32.196291, 36.75772474999998, 47.546312860000036, 73.564487
8.780251, 9.959087, 12.282786, 15.483520500000003, 17.793896, 23.837696, 108.71323970084717
8.787271, 9.053267, 10.229351, 11.64915, 12.449738, 14.803997, 107.22319948847655
8.850902, 9.009035, 9.245798, 10.119563500000002, 11.183636699999997, 13.108556, 96.57193067456143
8.870911, 9.011948, 9.192368, 9.467466, 9.899666, 11.999339, 104.86413621502015
8.852561, 9.01206, 9.242821, 10.0963569, 11.19383, 13.112734, 113.30965839548898
8.78927625, 9.056303, 10.220445250000001, 11.640647, 12.443785, 14.873687, 110.15660659283775
8.767529, 9.936558, 12.2786825, 15.422776, 17.768922, 23.544528, 119.64771773674418
14.278197, 19.044761, 24.843895, 32.071534, 36.680236199999996, 47.034426, 111.59855842798962
14.504057, 19.071753, 24.889628, 31.978161, 36.575609, 47.46067684000001, 73.564487
8.7764515, 9.9367915, 12.247218, 15.41421, 17.748169, 23.420217590000043, 108.17451658548863
8.785868, 9.047141, 10.223697000000001, 11.650524, 12.469801, 14.995983, 108.33139556649155
8.848428, 9.006479, 9.238841, 10.0953473, 11.215007, 13.081017139999993, 111.40204319912175
8.871758, 9.016376, 9.20456, 9.4765338, 9.843189, 12.277897, 99.61895792547806
8.868851, 9.004908, 9.182622, 9.4459105, 9.972295, 11.932545, 110.74276120429298
8.819247, 9.023869, 9.57675, 11.220594, 12.089546, 14.423519, 95.86208316377096
8.646602, 9.123282, 10.8018605, 12.436356, 14.013154, 17.699605, 97.18590811616721
11.03783775, 14.130605, 18.593503, 23.411015, 26.437534899999967, 33.64816844999997, 102.75179470476755
11.141999250000001, 14.230917, 18.61605875, 23.49344, 26.768682, 34.376146, 56.221419
10.9746105, 14.163636499999999, 18.52132925, 23.5974453, 26.977412, 34.376146, 56.221419
11.00784075, 14.181293499999999, 18.559928, 23.496074, 26.692177, 33.64992453000001, 56.221419
8.7269515, 9.0808535, 10.5494405, 12.034735, 13.218831999999997, 16.829082, 106.8171104361746
8.845831, 9.014097, 9.27970925, 10.42711, 11.511271399999998, 13.26884755, 94.77752999864666
8.871997, 9.012261, 9.195683, 9.471173, 9.907871, 12.168794479999802, 118.17442804512143
8.869183, 9.010676, 9.191963, 9.460099, 9.859969, 11.993545, 52.853195
8.842652, 9.009547, 9.274098, 10.405462, 11.506998249999999, 13.320056, 109.15934175787208
8.781933, 9.046094, 10.189086, 11.645967, 12.436106, 14.873687, 118.97167950241675
10.196249, 12.756395, 16.552421, 20.95927, 23.943223399999997, 29.90070897999992, 107.45170607259824
10.15419, 12.836181, 16.658812, 21.198666, 24.15025819999998, 30.292728, 43.791491
10.16261025, 12.786401, 16.5335535, 21.049024, 23.89704, 29.417478910000014, 43.791491
10.200965, 12.7902705, 16.58204325, 20.975755000000003, 23.744698049999997, 29.612438, 43.791491
8.784563, 9.050419, 10.223796499999999, 11.6491002, 12.383555099999999, 14.822447459999992, 120.05356837985796
8.845015, 9.01283, 9.273817, 10.398323, 11.436892949999999, 13.399742969999927, 101.99692682545167
8.846795, 9.014931, 9.286915, 10.436713, 11.505886, 13.327841, 37.448702
8.726950500000001, 9.078523, 10.528962499999999, 12.0078727, 13.135407, 16.94240737999998, 116.49296905909594
11.020691, 14.13798, 18.531199, 23.44085, 26.447418, 33.57655278999999, 114.83953226585896
11.12668, 14.298172, 18.71824, 23.63651, 26.965900849999993, 33.690468, 47.131774
11.041186, 14.199667, 18.630136, 23.622082100000007, 26.978435099999984, 34.377857360000036, 56.221419
8.729497499999999, 9.065575, 10.499018, 12.0084826, 13.219867, 16.609178, 104.60270050343419
8.84304, 9.0070725, 9.266418, 10.349031, 11.448342199999997, 13.219201, 99.706559347062
8.870532, 9.013015, 9.195514, 9.472611, 9.884465, 12.072494039999995, 112.00762777011107
8.869306, 9.01237, 9.195185, 9.468574, 9.8992478, 12.223238, 52.853195
8.846993, 9.013248, 9.272515, 10.4175562, 11.510731799999995, 13.439144, 113.70610347544792
8.730077249999999, 9.0808535, 10.501546, 11.978121200000002, 13.120155, 16.38514313, 105.10180943669434
11.021293, 14.16381, 18.528324249999997, 23.537250800000017, 26.680089, 34.801240849999985, 113.79753152285275
11.089991999999999, 14.2561155, 18.745347000000002, 23.897401, 27.05057809999999, 34.377857360000036, 56.221419
11.088091, 14.213992, 18.610672, 23.653737200000002, 26.83251, 34.26648241000001, 56.221419
8.7245265, 9.062767, 10.49789925, 12.025126, 13.16041, 16.393789, 111.6823007095314
8.819209, 9.02827, 9.5650795, 11.203630200000005, 12.040927, 14.470579920000054, 112.90248342958233
8.8433445, 9.011539, 9.271282750000001, 10.4052937, 11.489312, 13.334368, 37.448702
8.8434965, 9.01237, 9.27025875, 10.4493116, 11.55332799999999, 13.455704910000016, 37.448702
8.726114, 9.070035, 10.542447, 12.0427031, 13.206346199999995, 16.605728, 100.58061580709763
11.02524175, 14.283754, 18.634282, 23.592686100000012, 26.61375424999997, 33.57655278999999, 103.97767280222834
11.085951, 14.177957, 18.668429, 23.552203, 26.768682, 33.69273085000005, 56.221419
11.158537, 14.247855999999999, 18.718336, 23.7011551, 26.829029199999997, 34.71614749000002, 56.221419
8.72694, 9.070507, 10.5198775, 12.019524, 13.189383, 16.393506250000012, 104.43664050834448
8.843555499999999, 9.011011, 9.276776250000001, 10.385721, 11.459686, 13.320056, 103.82102810403644
8.870616, 9.014016999999999, 9.198333, 9.487497900000001, 9.91344, 12.223238, 93.53698096635243
8.869473, 9.010138, 9.1920035, 9.463503099999999, 9.884465, 12.054451, 37.448702
8.84495625, 9.010593499999999, 9.2692165, 10.382426100000002, 11.481575649999998, 13.304288379999942, 98.68977404339563
8.72621625, 9.0823565, 10.522811, 11.970053, 13.097283, 16.615886, 108.82421475641979
11.0051635, 14.172578999999999, 18.519169, 23.668125, 26.750218, 33.68923940999998, 100.60055914763305
11.0504665, 14.2561155, 18.734944, 23.5974453, 26.734871, 33.69273085000005, 56.221419
10.132054, 12.727699, 16.480776, 20.977816600000004, 24.03379744999999, 29.999569110000007, 43.791491
10.158891, 12.769938, 16.5803045, 21.1969677, 24.0209129, 30.20000452, 43.791491
8.786584, 9.054016, 10.199632, 11.605148, 12.443785, 14.901789, 99.16882388008385
8.865122, 9.002763, 9.180358, 9.441303, 9.9407, 11.958562, 101.04395199949191
8.865974, 9.000277, 9.176531, 9.454415, 9.992015, 12.072515, 37.448702
8.786504, 9.055168, 10.2325865, 11.659932, 12.512041, 15.049793, 103.14051312835372
10.179705, 12.788907, 16.6045485, 21.1199842, 23.926219899999992, 30.309057, 120.4402245738639
10.115864, 12.789646, 16.64853625, 21.2353162, 23.91559064999999, 29.875391, 43.791491
10.191153, 12.78629, 16.635707, 21.215225, 24.1331739, 30.29279949, 43.791491
10.204128749999999, 12.8412995, 16.509684, 20.9115862, 23.805767249999995, 29.51465669000002, 43.791491
8.791356, 9.050492, 10.220941, 11.63261, 12.454557, 14.801217, 122.95141459543859
8.8711525, 9.01469, 9.196087, 9.459578, 9.823103, 12.257208, 118.24930051465954
8.871758, 9.015217, 9.1988725, 9.482734, 9.888207, 12.169767, 52.853195
8.835762500000001, 9.020281, 9.375847749999998, 10.874871, 11.761189050000002, 14.005841, 108.85992194631484
9.11589875, 11.190782500000001, 14.104792, 17.51070560000001, 20.019429849999998, 25.871410179999984, 95.0853359076486
9.09960875, 11.253589, 14.0085785, 17.4011065, 19.911072, 25.907049, 44.22794
9.105987, 11.2582505, 14.06224275, 17.351107, 19.89759, 25.617047350000014, 44.22794
9.11132025, 11.2049135, 14.11110425, 17.5577009, 20.02381, 26.461121710000008, 40.625286
9.132374, 11.292937, 14.094987249999999, 17.4528589, 19.99271, 26.491486, 40.625286
9.11019, 11.242004, 14.022907, 17.562774500000003, 20.069782, 27.176323, 40.625286
9.11813825, 11.2617165, 14.104582, 17.448593, 19.878328, 26.207159180000023, 44.22794
9.115799, 11.287448, 14.06563125, 17.3651018, 19.78104915, 25.786816660000003, 44.22794
9.1066925, 11.224358500000001, 14.248038, 17.558528, 19.915841549999993, 25.791337, 44.22794
9.11132025, 11.254216, 14.097078999999999, 17.3166156, 19.797917, 25.60713201, 44.22794
10.13431125, 12.810234, 16.51767075, 21.139471, 23.701067199999986, 29.482315, 43.791491
10.229703, 12.825892, 16.621845, 21.06888, 23.85973029999998, 30.04174, 40.498626
8.7896325, 9.057737, 10.261137, 11.6844, 12.495794199999992, 15.049793, 122.12497038838896
8.8324955, 9.0161475, 9.378264999999999, 10.890877, 11.80907285, 14.042414749999981, 35.734803
8.830743, 9.015093499999999, 9.368721, 10.894063, 11.770826, 14.025349, 37.448702
8.830274, 9.013475, 9.367495, 10.8946593, 11.787223, 14.025349, 37.448702
10.239561, 12.894304, 16.77402, 21.198867, 24.029582, 29.904429, 119.15342490183531
10.2009635, 12.810514, 16.676131, 21.178428, 24.022507, 29.875681380000007, 43.791491
10.1857475, 12.8440125, 16.6039755, 21.050064500000005, 23.944038799999998, 30.419264520000038, 43.791491
10.1319385, 12.684208, 16.531910250000003, 20.987999, 23.77082, 29.907384610000065, 40.498626
8.786741, 9.057744, 10.241081, 11.638546, 12.3959, 14.932628, 107.51732503934336
8.866547, 9.001231, 9.17874475, 9.453075, 9.980987, 12.003089, 102.21246993176702
8.844095, 9.008229499999999, 9.262751, 10.338632500000001, 11.43655005, 13.179254, 37.448702
8.7252835, 9.0721745, 10.5026455, 11.986047600000001, 13.135261549999992, 16.593917, 83.65823363789208
11.026809, 14.251293, 18.666362, 23.5526909, 26.824584, 33.68923940999998, 101.53202509950336
10.897014, 14.13755, 18.535268000000002, 23.597502, 26.546057799999982, 33.577487170000005, 56.221419
11.08590825, 14.181293499999999, 18.502056749999998, 23.411015, 26.51177174999999, 33.577213, 56.221419
8.72580975, 9.070756, 10.51791575, 11.970053, 13.151082, 16.604480300000013, 108.93326640564165
8.8433735, 9.01017, 9.27005, 10.39813, 11.530138, 13.537692, 95.91353549055212
8.865428, 9.003507, 9.178986, 9.444963, 9.952919, 11.999339, 108.6906013043306
8.819315, 9.024505, 9.55965525, 11.201779, 12.063364, 14.337127969999989, 100.88202140443805
8.64738, 9.122739, 10.8025865, 12.423639, 13.964127, 17.629572, 110.63267590591644
12.915014, 17.3964315, 23.022255, 29.192727, 33.49365, 41.13198768999998, 104.70115244383047
12.8805005, 17.424191, 23.050179, 29.038629, 33.23567624999998, 40.650151, 64.049625
8.648617, 9.14294, 10.831342, 12.4534363, 14.113835, 17.8129, 109.77846576679505
8.820643, 9.026111, 9.552738, 11.155815, 12.036540000000008, 14.45421, 120.38385201606116
8.8657285, 9.003628, 9.182977, 9.455824, 9.992015, 11.958562, 103.08948624697275
8.873698000000001, 9.017974, 9.206934, 9.486735, 9.876349, 12.257208, 105.34024476969917
8.865207, 9.002561, 9.176058, 9.438996, 9.932884949999993, 11.993545, 99.60861903812341
8.820605, 9.028955, 9.584916, 11.207388, 12.053046, 14.42337136999997, 102.66544336442571
8.644131, 9.137233, 10.807164, 12.390644, 13.911351, 17.699605, 120.70645665643247
14.389533499999999, 19.078177, 24.8697815, 32.071534, 36.79245699999998, 47.720143, 113.64156339021169
14.391088, 18.981854, 24.756404, 31.902757, 36.71080934999999, 47.493232, 73.564487
8.781234, 9.934611499999999, 12.356788, 15.481307500000002, 17.820659, 23.83622432000006, 112.35861872471835
8.782893, 9.047141, 10.220941, 11.649735, 12.472115, 14.815179, 103.88082259099967
8.849623, 9.0078505, 9.238416, 10.073403, 11.185740599999995, 13.004638, 99.31361021378423
8.869755, 9.011837, 9.195204, 9.463549, 9.87641265, 12.007767, 116.37826114547215
8.84825125, 9.008293, 9.24054, 10.103132, 11.195717, 13.060476, 101.95189788680243
8.78468, 9.0513455, 10.211487, 11.640647, 12.444344, 14.831535, 96.28780657175867
8.770043, 9.932933, 12.3163845, 15.587145399999997, 17.822721, 23.68457, 111.17378282597527
14.403137, 19.095072, 24.784555, 31.95023, 36.42054169999993, 47.196963, 117.29313905304409
14.468565, 19.132711, 24.892672, 32.0904342, 36.710358, 46.96959511, 73.564487
8.7828885, 9.9832015, 12.3443275, 15.5689381, 17.888468, 24.00673181000003, 115.4433819918197
8.784536, 9.05001, 10.211487, 11.642031, 12.454223500000005, 14.901789, 108.09544620301637
8.85144875, 9.00998, 9.242591, 10.089624, 11.17606015, 13.060476, 108.53707423960753
8.869612, 9.009252, 9.19197, 9.462667, 9.877317, 12.007767, 107.80665540847747
8.850209, 9.010196, 9.247993000000001, 10.132041400000002, 11.264698, 13.112734, 111.64143263112918
8.785802, 9.050942, 10.220908, 11.6475, 12.3959, 14.873265479999915, 105.57663734808057
8.787259, 9.948125, 12.34191, 15.536901, 17.974446399999977, 24.007472, 100.17217419636737
14.332836, 19.032998, 24.8697815, 32.0909034, 36.756719, 48.248024, 113.27992520449493
14.458362, 19.071753, 24.776465, 31.684997, 36.543076, 47.460348, 73.564487
8.7776285, 9.947821000000001, 12.279211, 15.427384, 17.73411249999997, 23.33698537000001, 113.6167382346612
8.785778, 9.053087, 10.213862, 11.642031, 12.444344, 14.938511, 116.73809737142486
8.850902, 9.010502, 9.247847, 10.128079, 11.222626799999999, 13.052284559999949, 97.75476701274137
8.86965975, 9.009122, 9.190628, 9.463498, 9.905263, 12.047984, 109.37615961077752
8.850808, 9.007514, 9.238569, 10.099499400000003, 11.223086, 13.095726, 111.51869835505586
8.783858, 9.04866, 10.21242725, 11.642939, 12.451222, 14.96492, 99.63095433398334
8.77955, 9.947952, 12.298854, 15.510342999999995, 17.770012799999996, 23.555005, 106.98958912287264
14.566808, 19.349523, 25.110307499999998, 32.229602, 36.888011, 47.196963, 116.5475153335453
14.344058, 19.028887, 24.86270875, 32.07688230000001, 36.734836, 47.720143, 73.564487
8.78294, 9.970876, 12.31677975, 15.613687, 17.907713, 23.474159, 116.39746630292818
8.786741, 9.058169, 10.246592, 11.663426, 12.476209200000003, 14.995983, 102.70426805242387
8.849945, 9.0077035, 9.240952, 10.121721, 11.220594, 13.052854, 108.61302150650948
8.868859, 9.009533, 9.190941, 9.460298, 9.884465, 12.007767, 108.52471942058722
8.849945, 9.010071, 9.240899, 10.087531, 11.197547, 13.052854, 111.45098448042656
8.786741, 9.05268, 10.2302435, 11.651476, 12.451222, 14.944113409999987, 103.93853694202855
8.777633, 9.939425, 12.284758, 15.515501799999997, 17.888042, 23.83671487999998, 99.87632810682352
14.406668, 19.041951, 24.93056825, 32.17621840000003, 36.93336079999994, 47.49224547999998, 110.98234370691429
14.441273, 19.168067999999998, 25.02303575, 32.229602, 36.959818, 48.07730713, 73.564487
8.775905, 9.924544999999998, 12.194149000000001, 15.49627, 17.836158, 23.755160780000086, 127.61568273906241
8.786509500000001, 9.050433, 10.212233, 11.645967, 12.451222, 14.938511, 109.8401223463555
8.851224, 9.00883, 9.24054, 10.089091, 11.205394, 12.95000060999999, 111.36423750115102
8.869183, 9.008784, 9.19216, 9.463498, 9.874425, 12.070419, 107.89391852653455
8.867200500000001, 9.003628, 9.178997, 9.445925, 9.97255, 11.993312469999951, 101.69603481899664
8.815452, 9.023131, 9.562462, 11.201779, 12.052945549999995, 14.163847, 90.6993932861916
8.646602, 9.137685, 10.797017, 12.422955399999998, 14.059407, 17.802213, 106.49567820704723
12.724308, 17.314377999999998, 22.947151, 29.016022, 33.1853423499999, 41.157005519999984, 109.39321701886632
12.795362749999999, 17.172572, 22.898185, 28.989295100000003, 33.195652, 41.038859, 64.049625
8.643625, 9.123282, 10.760781, 12.434019, 14.034355, 17.786071, 118.72109429573774
8.815829, 9.022292, 9.546989, 11.182928, 12.021832, 14.370167, 121.08492854762702
8.868428, 9.00449, 9.179931, 9.466409, 10.052824, 12.054451, 104.21271760108189
8.871288, 9.016084, 9.202131, 9.4719548, 9.829971, 12.223238, 121.62907209092799
8.86479, 9.000936, 9.176531, 9.44578, 9.961654, 11.999339, 101.42343857757051
8.817932, 9.024011, 9.56128, 11.193602200000003, 12.039197849999994, 14.134693, 105.68662700083556
8.641578, 9.105817, 10.800169, 12.428505799999998, 13.974307, 17.802213, 110.22606249983201
14.502495, 19.215726, 24.904645, 32.0909034, 36.66905579999994, 47.460348, 100.65923127117475
14.455403, 19.044761, 24.877036, 31.902757, 36.734836, 48.10944, 73.564487
8.778396, 9.932353500000001, 12.27518, 15.476382200000002, 17.774542949999994, 23.581625, 114.82057188064533
8.785803, 9.053201, 10.226674, 11.646801, 12.472115, 14.953882, 98.51715188006528
8.849585, 9.00998, 9.239885, 10.0921196, 11.197455499999995, 13.095644569999985, 118.26305771093935
8.87119, 9.011196, 9.192268, 9.462205, 9.905263, 12.047984, 109.75379782668314
8.84832, 9.006183, 9.238125, 10.077353, 11.178909299999997, 13.060476, 101.81484218419286
8.75164625, 9.070586, 10.440928, 11.871299, 12.850738549999997, 16.108901, 110.67250253143138
9.104994, 11.180544, 14.092094, 17.431298, 19.991815, 26.206109, 113.55535180754738
15.39574, 20.592155, 27.412733, 34.716201, 39.752938, 49.729866, 111.72783313551274
14.331402, 19.072677, 24.74624425, 31.57742170000001, 36.054085699999995, 46.969521, 73.564487
8.776945, 9.952201, 12.357106, 15.558397, 17.822411699999996, 23.313008, 106.75110528970589
8.7903695, 9.053467, 10.227706, 11.653518, 12.451222, 14.96492, 110.62313201384288
8.84994425, 9.007771, 9.243225, 10.076501, 11.183451899999987, 13.014552, 106.95560764680505
8.871119, 9.010444, 9.190941, 9.461342, 9.874425, 11.961075, 103.80176069786415
8.849098, 9.008198, 9.241252, 10.100614500000004, 11.201779, 12.982585349999985, 104.90047382805864
8.785015, 9.051623, 10.215759, 11.642031, 12.449468299999984, 14.938452169999987, 102.7533880135392
8.780006, 9.948125, 12.279201, 15.511032399999998, 17.846905299999996, 23.421254, 106.17457019711577
14.429496, 19.071753, 24.897398, 32.228403, 36.939128, 48.070909, 115.73215997237128
12.789422, 17.269972, 22.868997, 28.991789, 33.00436194999999, 41.157756, 64.049625
8.649129, 9.142989, 10.819754, 12.439813, 13.983646, 17.64393867000002, 102.3300321425188
8.820889999999999, 9.025878, 9.5639505, 11.207388, 12.050788, 14.408756, 101.6459968687991
8.86392, 9.003226, 9.178965, 9.445208, 9.945969449999986, 11.970199829999983, 102.2489335933997
8.87231, 9.016231, 9.202919, 9.477585, 9.818597, 11.938615, 98.40785205132158
8.867364, 9.003507, 9.17893325, 9.44659, 9.940905, 11.961049869999995, 116.61539069076416
8.81740675, 9.025429500000001, 9.586449, 11.204004, 12.065449, 14.444678, 100.6984817992261
8.647925, 9.118408, 10.792518, 12.426093, 14.013154, 17.871467759999987, 108.24064350322861
12.8760865, 17.3964315, 22.832715, 28.797719, 32.93135739999999, 40.650151, 111.19758212279137
12.880514, 17.265968, 22.93289, 28.894612, 32.918543799999995, 40.810356, 64.049625
8.644449250000001, 9.122739, 10.799044, 12.412813600000002, 14.034355, 17.844506, 104.3440679993255
8.818378, 9.023895, 9.565249999999999, 11.189211600000002, 12.08048250000001, 14.449329, 103.76760722487322
8.863903, 9.000893, 9.176026, 9.453075, 9.985579, 11.958562, 112.5833617081735
8.872364, 9.015053, 9.203674750000001, 9.477585, 9.834522, 12.222361, 105.97557535197976
8.864727, 9.002317, 9.176906, 9.457004, 9.985579, 11.961075, 117.4249151767678
8.816998, 9.023043, 9.56048, 11.198484, 12.056443299999998, 14.331779, 108.39551682487536
8.646227, 9.12137, 10.817235, 12.439813, 14.034355, 17.793896, 113.25743190687265
12.913242499999999, 17.388778000000002, 23.246469, 29.103125, 33.280184, 40.847788, 101.70448096141214
12.84952775, 17.324918, 23.050671, 29.014118, 33.13035754999995, 41.132990160000006, 64.049625
8.648617, 9.152653, 10.815183, 12.444252, 14.026512699999993, 17.663210700000022, 109.72415062274037
8.820859, 9.026575, 9.571662, 11.222647, 12.040927, 14.430179, 111.79082825400921
8.867979, 9.003226, 9.179753, 9.45579, 9.980987, 12.007767, 118.68765259920133
8.874753, 9.0188285, 9.207499, 9.484052, 9.848908, 12.277897, 115.05810156213504
8.864491, 9.004065, 9.176906, 9.44659, 9.97255, 11.999339, 115.32132819414488
8.816949, 9.024677, 9.570323, 11.201885, 12.020581349999997, 14.278611539999819, 103.01790931290827
8.64909, 9.134162, 10.809408000000001, 12.423639, 13.994813, 17.8129, 103.91002378914087
12.843235, 17.299464, 22.995146, 29.103125, 33.414591, 40.593484, 103.51764175406201
12.714027, 17.276457, 22.888820499999998, 28.989018, 32.948628, 40.593484, 64.049625
8.649238, 9.1283675, 10.78166575, 12.402618, 13.911351, 17.629038720000022, 103.31478658196338
8.818856, 9.025777, 9.558259, 11.179232, 12.032652, 14.351801, 118.39381608844002
8.865721, 9.002539500000001, 9.177047, 9.442472, 9.961654, 11.961049869999995, 99.86279021959359
8.87312, 9.01738, 9.205939749999999, 9.48311, 9.83913, 12.34821, 112.74806298036933
8.850415, 9.007771, 9.2444995, 10.103606, 11.213009, 13.112988, 113.79151332135281
8.82210325, 9.025546, 9.564933, 11.213009, 12.040927, 14.331561269999955, 105.17375590579337
8.646881, 9.130221, 10.794076, 12.4295256, 14.070717, 17.629572, 110.04576367084921
12.844372, 17.411408, 23.0300905, 28.956245200000005, 33.414993, 41.038859, 111.05734992021176
12.869456, 17.378887, 23.125856, 29.150306200000003, 33.280184, 40.57762024000001, 64.049625
8.646164, 9.1267505, 10.807164, 12.4362714, 14.021462, 17.703598, 123.03042274452787
8.820555, 9.026127, 9.560892, 11.191339200000003, 12.047984, 14.527426, 108.05562520178965
8.864727, 9.003401, 9.181367, 9.459141, 10.004416, 11.993545, 115.90326399219101
8.872413, 9.016679, 9.203365999999999, 9.477353, 9.850837, 12.279171, 91.01510015327976
8.865122, 9.003303, 9.178993, 9.453075, 9.953155549999998, 11.961049869999995, 106.05741517986448
8.816448, 9.025347, 9.57743025, 11.194894, 12.020637, 14.310006, 111.84461335480599
8.646227, 9.12137, 10.802004, 12.448787, 14.027404, 17.786071, 106.12626562874044
12.925706, 17.281871, 22.834489, 28.945184000000005, 33.257246, 41.29312, 98.11369299712076
12.955698, 17.286882, 23.027076, 28.894612, 32.924962, 41.28821653, 64.049625
8.782243, 9.937025, 12.29105925, 15.547966, 17.859281, 23.755160780000086, 107.7757426261567
8.788431, 9.055168, 10.240888, 11.654684, 12.471264, 14.815179, 113.18526662223572
8.852359, 9.010444, 9.241792, 10.099499400000003, 11.2173515, 13.060399779999983, 126.81831492494568
8.849623, 9.008502, 9.244263, 10.106705, 11.182928, 13.027741440000051, 37.448702
8.785227, 9.0527835, 10.223651, 11.66043, 12.474753, 14.96492, 100.77532887783907
8.783887, 9.963676, 12.326082, 15.584144599999998, 17.844405099999996, 23.507924, 107.84427172623455
14.356537, 19.053817, 24.883311, 32.081624100000006, 36.575609, 48.085438, 116.0389377769469
14.336544, 19.041951, 24.756404, 32.049965, 36.55490849999998, 47.460348, 73.564487
8.78104175, 9.947952, 12.346427, 15.518930000000003, 17.731592749999997, 23.313008, 104.63646666393804
8.785038, 9.04866, 10.215979, 11.638343, 12.443437600000005, 15.021127, 102.44879181248565
8.849944, 9.008839, 9.239733000000001, 10.109785, 11.195675849999997, 13.014552, 104.51556634962753
8.8711525, 9.010558, 9.191919, 9.4658359, 9.905038099999997, 12.003089, 103.24813098662216
8.851432, 9.010311, 9.24633825, 10.125641, 11.194894, 13.095726, 114.12818065433623
8.784007, 9.048323, 10.211487, 11.6475, 12.451222, 14.995983, 103.78303710686009
8.780006, 9.937453, 12.303735, 15.358923, 17.63584309999999, 23.236811259999996, 97.98491322431079
14.26784, 18.988174, 24.877597, 32.083995, 36.680604, 47.544557, 117.43697603673884
14.511149, 19.078177, 24.950902, 32.110802, 36.553819, 47.199596850000056, 73.564487
8.780292249999999, 9.97078, 12.338752, 15.554017400000005, 17.82148, 23.581625, 112.44756180257293
8.78437, 9.053782, 10.221427, 11.659932, 12.502305, 15.049793, 121.06120282073155
8.849944, 9.007787, 9.240023, 10.106705, 11.258332, 13.14804, 106.09771842773075
8.871723, 9.012261, 9.193722000000001, 9.471173, 9.899652499999998, 11.993545, 92.39266675913716
8.852256, 9.008967, 9.241402, 10.101007, 11.262401149999995, 13.060476, 104.20818263545013
8.7858355, 9.053267, 10.210548, 11.622074, 12.404542, 14.901789, 114.54003737264544
8.7766415, 9.937136, 12.244605, 15.433898, 17.742356899999976, 23.213066739999988, 109.82222866352822
14.46684825, 19.178145, 25.006926, 32.0710405, 36.719385, 48.085438, 117.19082921172757
14.32786, 18.96926, 24.845133, 31.966386, 36.428166349999984, 47.546312860000036, 73.564487
8.7769645, 9.957723, 12.297783, 15.49627, 17.786971, 23.684487, 108.99167473710096
8.78691, 9.052887, 10.214815, 11.63261, 12.420981800000002, 14.932628, 91.49280671111184
8.85055575, 9.010181, 9.245097, 10.092182, 11.197547, 13.060476, 118.73235729001397
8.868868, 9.009534, 9.19306, 9.465254, 9.897192, 11.970292, 109.42424219269472
8.848428, 9.006504, 9.23839725, 10.1030755, 11.182928, 12.90991, 96.94252618528256
8.786584, 9.053013, 10.22052, 11.636392, 12.451222, 14.932628, 112.67534508239041
8.7766885, 9.937304, 12.291426, 15.503552, 17.75622489999998, 23.78864, 94.91544333123679
14.423406, 19.083644, 24.757685, 32.049965, 36.37901849999998, 47.460348, 117.01914132083454
14.395826, 19.019141, 24.915486, 32.090356, 36.734836, 46.969521, 73.564487
8.7754285, 9.934477, 12.266244, 15.4580865, 17.737126, 23.223349, 114.59512012473185
8.784188, 9.049919, 10.214038, 11.64915, 12.478849, 14.938511, 112.19987470345029
8.851873, 9.008658, 9.243759, 10.123552, 11.223788999999998, 13.077055189999982, 100.19433033056578
8.869473, 9.009301, 9.190302, 9.462667, 9.897192, 12.04758183000021, 102.06718941876795
8.868461, 9.0032625, 9.178934, 9.445592, 9.970956, 11.970199829999983, 101.45814128915643
8.818001, 9.027663, 9.574504, 11.183981, 12.050788, 14.49091, 99.05086780208538
8.642266, 9.11539, 10.783959, 12.35633, 13.92096509999999, 17.44314, 102.65837073736864
12.809315, 17.28352, 22.868997, 29.192029, 33.34956809999998, 41.28633585999996, 107.0936757881575
12.84592075, 17.376693, 22.971841, 29.016022, 33.3816, 40.810356, 64.049625
8.644519, 9.101603, 10.807386, 12.429641, 14.034355, 17.663793, 104.74818134067785
8.818377, 9.027663, 9.584156, 11.2075314, 12.074682100000002, 14.488215900000057, 110.95016773189852
8.868149, 9.003628, 9.183255, 9.457004, 9.97255, 12.007767, 118.3199459774124
8.873141, 9.01684, 9.2030775, 9.478308100000001, 9.844678749999996, 12.328172, 122.23846309159103
8.864503, 9.003401, 9.181369, 9.450355, 9.961654, 11.999339, 113.23382247549357
8.818940999999999, 9.024343, 9.582748, 11.182708, 12.020637, 14.423519, 106.88769598879045
8.648617, 9.137233, 10.807386, 12.466030999999996, 14.057811, 17.786071, 106.52193999762332
12.809315, 17.194841, 22.71532775, 28.66471, 32.974979, 40.847788, 100.29457160196127
12.85624, 17.21025, 23.000373, 29.109718700000002, 33.33804329999999, 41.13274, 64.049625
8.649671, 9.127385, 10.807164, 12.456485, 14.063425599999999, 17.786971, 109.30925112816209
8.822273, 9.028955, 9.584264, 11.222566200000001, 12.065449, 14.430179, 101.79693222908938
8.866639, 9.00457, 9.181369, 9.466409, 10.041665, 12.007767, 100.05165413771289
8.873736, 9.018171, 9.205618, 9.48235, 9.8431672, 12.312273, 107.9528459570245
8.865049, 9.000985, 9.17489, 9.440294, 9.945969449999986, 11.993545, 92.0034784828514
8.819812, 9.026907, 9.5645495, 11.205834, 12.048261, 14.408756, 109.74719497871085
8.647676, 9.142981, 10.817596, 12.429064, 14.062294, 17.70827358, 112.77272945168829
12.72721275, 17.27528, 22.982931, 29.153535400000003, 33.3816, 41.29297141, 115.69573479630463
12.8909, 17.366055000000003, 22.952872, 29.084664, 33.337323, 41.22773938000001, 64.049625
8.646259, 9.129782, 10.79752375, 12.451890100000004, 14.062613, 17.786971, 110.63668165865167
8.816726, 9.02395, 9.574504, 11.202135, 12.050788, 14.403852, 113.11960957272632
8.84864, 9.007407, 9.240023, 10.121721, 11.250049, 13.096827, 94.4284867016463
8.869322, 9.008839, 9.193741, 9.464053000000005, 9.876282349999995, 12.007767, 104.29923335160198
8.848805, 9.0066445, 9.237589, 10.078466, 11.197352899999995, 13.014552, 111.27668403414356
8.786266000000001, 9.053899000000001, 10.229351, 11.66043, 12.474753, 15.054253, 104.28529652167663
8.7792645, 9.964761, 12.345194, 15.422747000000001, 17.708369, 23.174614, 102.4993070295075
12.696873, 17.118447, 22.844078, 29.125642, 33.1069, 41.13274, 101.68879762492841
12.88046, 17.274991, 22.8331585, 29.078146, 33.280184, 41.887235, 64.049625
11.069539, 14.240415, 18.57591, 23.374423900000004, 26.86607, 33.49931535, 47.131774
8.729396, 9.067306, 10.4539035, 11.939883100000001, 13.139181, 16.703077060000027, 105.93897262983798
8.843967, 9.012923, 9.271241, 10.392545100000001, 11.506599099999999, 13.364675829999976, 99.78542423695342
8.871737, 9.013282, 9.196087, 9.473723, 9.88149975, 12.070419, 112.60449215863815
8.869473, 9.01065, 9.195348, 9.465453, 9.874425, 11.938615, 37.448702
8.84692325, 9.0132075, 9.282447, 10.447423, 11.519260849999982, 13.332776, 91.09517632140461
8.7311715, 9.082908, 10.5388, 12.018876, 13.159804, 16.60469809999998, 103.51301728501973
11.0207525, 14.131385000000002, 18.46257, 23.5526909, 26.814405599999958, 33.471672089999956, 107.62968096581893
11.128182, 14.3192485, 18.72872725, 23.668125, 26.6922863, 33.916753, 56.221419
11.039857, 14.183282, 18.535177, 23.510648, 26.58639824999999, 33.916753, 56.221419
8.728749, 9.070697, 10.529058249999999, 12.022596, 13.176885749999999, 16.304457, 114.39484516729043
8.865205, 9.003639, 9.176531, 9.460099, 9.969178449999987, 11.958562, 91.45973135534828
8.875041, 9.020514, 9.209934, 9.486735, 9.819212, 11.999339, 107.43369531796495
8.874282, 9.021029, 9.208011, 9.4842586, 9.816684199999992, 12.372506530000004, 52.853195
8.865122, 9.005045500000001, 9.181545, 9.461342, 9.980987, 11.932675, 107.75488015396063
8.787271, 9.047762, 10.230684, 11.669750900000002, 12.478849, 14.938511, 111.7237833723634
10.1728285, 12.773047, 16.5470805, 21.120661, 23.927562, 29.748402279999986, 109.16367102906722
10.222361, 12.801018, 16.7507585, 21.296567, 23.996224, 30.20242635000002, 43.791491
10.279463, 12.9498225, 16.76455225, 21.010843300000015, 24.021266649999994, 30.299877, 43.791491
10.115864, 12.7692005, 16.579554, 21.049024, 23.993624, 30.04174, 43.791491
8.786413, 9.051341, 10.210548, 11.642939, 12.426091, 14.801217, 104.24953108098906
8.868625, 9.004122500000001, 9.181369, 9.453075, 9.961654, 11.922215, 109.07693646020807
8.864476, 9.003025, 9.181145, 9.459141, 10.004416, 12.007767, 37.448702
8.783448, 9.049898, 10.213862, 11.654542, 12.474621100000002, 14.96492, 93.41762511371921
10.21609, 12.852186, 16.54701, 20.918174600000008, 23.77082, 30.299877, 114.53918857285046
10.2454415, 12.838684, 16.619654500000003, 21.144485, 23.787914899999986, 29.875391, 43.791491
10.216535, 12.882782, 16.58625575, 20.8576024, 23.7278778, 29.51505246000003, 40.498626
10.185461, 12.934895, 16.79241425, 21.563645, 24.205347, 31.02797, 43.791491
8.784411, 9.051623, 10.2144265, 11.636392, 12.454557, 15.236839039999936, 112.63405751994296
8.867824, 9.003191, 9.17964825, 9.44578, 9.97255, 11.961075, 106.47961293344153
8.864727, 9.003299, 9.17870025, 9.440225, 9.9407, 11.913174, 37.448702
8.78401075, 9.053013, 10.240888, 11.652362, 12.449468300000003, 14.995983, 88.8518638329081
10.131592, 12.77631, 16.5798965, 21.049024, 24.135072, 30.843916, 124.54169203877446
10.196249, 12.78629, 16.515647, 20.9115862, 23.914384, 29.905629990000026, 43.791491
10.18837225, 12.739487, 16.508022, 21.06888, 23.943831, 29.613497900000024, 43.791491
10.17873275, 12.7563755, 16.508433750000002, 21.144485, 24.022912699999996, 29.50902095, 40.498626
8.786217, 9.058169, 10.229351, 11.652362, 12.502305, 15.021127, 111.989149007307
8.865974, 9.0032085, 9.180355, 9.461342, 9.994071, 12.047984, 104.37471069673717
8.8721295, 9.015933, 9.197284, 9.462214, 9.8131794, 11.922215, 37.448702
8.868461, 9.005137, 9.178767, 9.444844, 9.92986, 11.970292, 116.81864862803423
8.647732, 9.146237, 10.851184, 12.4363278, 14.06189, 18.05195821999998, 107.92976357166866
8.64111275, 9.094667000000001, 10.788229000000001, 12.4237106, 13.94344149999999, 17.436824, 38.813544
8.640965, 9.090943, 10.742042, 12.403241400000002, 13.925927999999997, 17.458345, 38.404747
8.65276425, 9.164226500000002, 10.834787, 12.382671, 13.94272, 17.128109110000015, 38.813544
8.64212775, 9.113959, 10.77884225, 12.390644, 13.983646, 17.922076720000003, 38.813544
8.644217, 9.135627, 10.76590425, 12.403628500000003, 14.063926399999994, 17.44314, 38.813544
8.64768, 9.130221, 10.8367545, 12.448787, 13.921468, 17.664191050000007, 38.813544
8.64300075, 9.158509500000001, 10.830666, 12.459889800000001, 14.106045, 17.92199, 38.404747
8.6619725, 9.1485455, 10.763779, 12.449556800000002, 14.0626608, 18.052882, 38.813544
8.659869749999999, 9.163084000000001, 10.830596, 12.42623, 13.968153399999988, 17.786971, 38.404747
8.642968, 9.0824275, 10.7784, 12.3658189, 13.964127, 17.803795910000034, 38.813544
8.6474265, 9.1555555, 10.785508499999999, 12.403241400000002, 13.952062749999996, 17.8129, 34.462112
8.63920675, 9.065621, 10.7615305, 12.35633, 13.96309, 17.484341420000028, 27.927733
8.642476, 9.118573000000001, 10.799044, 12.480118200000001, 14.06189, 17.8129, 38.813544
8.6415585, 9.1069125, 10.731179, 12.3419916, 13.725422649999995, 17.483607930000012, 34.408771
8.651264, 9.151452500000001, 10.7886045, 12.454387200000003, 14.040849699999987, 17.420699260000006, 38.404747
8.6560165, 9.1377375, 10.8072195, 12.441153700000005, 14.093665699999995, 17.786339290000004, 38.813544
8.647925, 9.1267505, 10.79337425, 12.413431, 13.911351, 17.70915502000002, 38.404747
8.64452575, 9.087907000000001, 10.7929075, 12.420221, 13.925738, 17.414291, 38.404747
8.652616, 9.105817, 10.8373555, 12.4742065, 14.105016, 17.92199, 34.408771
8.785803, 9.065380000000001, 10.3431575, 11.695916500000001, 12.38552675, 15.0498376, 26.889073
8.78319075, 9.049110500000001, 10.218028749999998, 11.541184, 12.329800300000002, 14.825049510000001, 26.889073
8.788432, 9.054177, 10.20003875, 11.6726685, 12.38156, 14.646166890000003, 19.563106
8.786741, 9.0487915, 10.2580705, 11.638546, 12.460842500000002, 14.712709, 26.889073
8.792757, 9.0623785, 10.243562, 11.658205200000001, 12.388296, 14.8228456, 26.889073
8.779996, 9.041061500000001, 10.183574, 11.608409, 12.4204191, 14.944688130000012, 26.889073
8.781711, 9.050234, 10.11847675, 11.53271, 12.323801350000004, 15.027967510000005, 26.889073
8.78029625, 9.0540075, 10.213862, 11.6154512, 12.364643899999999, 14.783205930000003, 26.889073
8.77942475, 9.049575, 10.1495195, 11.6046396, 12.3959, 14.938567590000002, 19.393533
8.784489, 9.043447, 10.0962385, 11.597518, 12.4211503, 14.824984, 26.889073
8.781603, 9.05268, 10.218028749999998, 11.6053038, 12.375807000000002, 14.515995990000025, 26.889073
8.872684, 9.009417500000001, 9.1875715, 9.4626924, 9.931451749999997, 11.89828437999999, 35.734803
8.876172, 9.010241, 9.178889999999999, 9.445860999999999, 10.0297696, 11.725889349999992, 33.51644
8.86390175, 9.00021, 9.1708465, 9.416832600000001, 9.8134494, 11.725937239999991, 35.734803
8.872131, 9.00858, 9.1887585, 9.471791, 10.06522, 11.99433469999998, 33.51644
8.8733025, 9.012729499999999, 9.1925735, 9.4886451, 10.00357285, 11.89486393, 35.487972
8.86393275, 8.9988695, 9.170683, 9.448525, 10.06491315, 11.938615, 37.448702
8.864383, 9.004976500000001, 9.18893725, 9.4629838, 9.906048199999995, 11.961399699999992, 35.734803
8.8629575, 9.004223, 9.1840755, 9.4402446, 9.9053934, 11.89458366, 35.734803
8.86264975, 9.000086, 9.168206000000001, 9.4591562, 10.121721, 11.959054049999988, 35.487972
8.869287, 9.0078685, 9.183206250000001, 9.4718092, 10.06522, 11.780279449999993, 35.330604
8.869883999999999, 9.004983, 9.18414875, 9.4622512, 10.061688199999997, 11.958562, 35.734803
8.86728875, 9.004061, 9.18719875, 9.465835, 10.019915599999996, 12.054451, 37.448702
8.863847, 9.0000555, 9.165789, 9.450355, 10.006041849999995, 11.749209169999997, 15.286468
8.86429925, 8.992650000000001, 9.168299000000001, 9.4322116, 9.961654, 11.999339, 37.448702
8.85390525, 8.9911255, 9.174747, 9.4315061, 9.8794452, 11.816186439999985, 37.448702
8.8655255, 9.013282, 9.1768895, 9.467053599999998, 10.0137305, 11.932546299999998, 37.448702
8.8643545, 9.009301, 9.188717, 9.458109, 10.082753149999995, 12.278422649999987, 37.448702
8.8639265, 9.0016225, 9.17400625, 9.419089999999999, 9.861546149999993, 12.057064219999939, 37.448702
8.87409125, 9.016228, 9.196546, 9.4853103, 10.156958399999999, 12.223784589999987, 33.51644
8.86570575, 8.996187500000001, 9.171103500000001, 9.4359473, 9.929366, 11.706109139999992, 33.51644
8.8611465, 9.000633, 9.17326675, 9.423764, 9.851265049999999, 11.668658459999998, 37.448702
8.863507250000001, 9.004977, 9.18293975, 9.4559762, 9.973819449999993, 12.003135779999997, 35.487972
8.867167250000001, 9.011102, 9.18551625, 9.4467835, 9.97230775, 11.718405, 35.330604
8.870082, 8.997195, 9.17612825, 9.4309285, 9.859398, 12.047984, 35.734803
8.861608, 8.997204, 9.1830155, 9.4373368, 9.971022949999998, 11.89486393, 37.448702
8.86140575, 8.999012, 9.1768895, 9.430559, 9.881233, 11.938839599999994, 16.928153
8.871577499999999, 9.006667, 9.18332825, 9.456761, 10.061537799999998, 11.938839599999994, 35.487972
8.85683375, 8.998197999999999, 9.17198475, 9.4446442, 9.92058795, 11.87444791, 35.734803
8.86416, 9.000194, 9.179534, 9.4561326, 9.9499455, 11.938814469999995, 37.448702
8.8619925, 9.0030255, 9.17297225, 9.439427, 9.920890049999997, 11.895225279999991, 37.448702
8.860677249999998, 8.999123, 9.176435, 9.4727222, 9.929915249999999, 11.922695769999988, 35.734803
8.861778750000001, 8.9983445, 9.160988499999998, 9.4215059, 9.9108522, 12.008414479999985, 37.448702
8.86167125, 9.000177, 9.17282975, 9.4241373, 9.90553565, 11.894667389999999, 35.487972
8.868601, 9.002961, 9.186081, 9.462536400000001, 10.06522, 12.279171, 35.330604
8.863883, 9.0096515, 9.190301250000001, 9.446912600000001, 10.065354249999999, 12.054451, 37.448702
8.87112875, 9.001645, 9.1766425, 9.458363, 10.023885299999998, 12.223784589999987, 29.227148
8.872131, 8.996537, 9.1864325, 9.4655506, 9.929421249999999, 11.999890119999987, 37.448702
8.868868, 9.009001000000001, 9.1890845, 9.4613561, 10.037583799999998, 11.970582469999993, 37.448702
8.86099925, 9.011258, 9.19070625, 9.486735, 10.013454, 12.169767, 37.448702
8.8587415, 8.996066500000001, 9.165082, 9.4432818, 9.962040399999998, 12.074013459999964, 37.448702
8.86794025, 8.9978625, 9.170692, 9.459373600000001, 9.985917299999997, 11.89655337, 37.448702
8.871706750000001, 9.004908, 9.191835000000001, 9.440306699999999, 9.953820849999994, 11.933154999999985, 35.734803
8.86972875, 9.0054475, 9.179747, 9.4360111, 9.921269099999998, 11.922378999999996, 35.330604
8.8705125, 9.004061, 9.17614575, 9.4596711, 10.078466, 11.875231139999995, 35.487972
8.863351250000001, 9.002862, 9.171973, 9.4217534, 9.918443799999999, 11.738778159999995, 35.487972
8.872269, 9.0105655, 9.179358, 9.443059, 9.953168, 11.961167169999998, 35.487972
8.86413325, 9.002431, 9.18811475, 9.4391385, 9.933371699999997, 11.970292, 35.330604
8.8711135, 9.0021235, 9.1710735, 9.4622593, 9.929915249999999, 11.933154999999985, 35.487972
8.85957825, 9.001172, 9.180037, 9.430806, 9.897551149999998, 12.170292939999987, 16.928153
8.87091, 9.004593, 9.184515, 9.4305837, 9.921385649999998, 11.922215, 35.734803
8.85929425, 8.9938015, 9.165149750000001, 9.4192139, 9.8792836, 11.795578049999992, 33.51644
8.867824, 9.000768, 9.1717435, 9.422107800000001, 9.994071, 12.330462, 35.734803
8.870184, 9.008962, 9.174579000000001, 9.423889299999999, 9.787028, 11.713600529999999, 35.487972
8.862505, 8.996357, 9.168801, 9.4431285, 9.931461999999998, 12.008414479999985, 37.448702
8.86635, 8.99319, 9.1789395, 9.452182800000001, 9.972366000000001, 11.894847, 35.487972
8.85996325, 8.991951, 9.165360249999999, 9.3938477, 9.746983349999999, 12.170292939999987, 33.51644
8.8738595, 9.008229499999999, 9.19005, 9.490869299999998, 10.087609, 11.939164299999987, 29.227148
8.86869325, 9.007771, 9.18645325, 9.51187, 10.092152, 12.340295, 35.487972
8.860675749999999, 8.9987065, 9.18295125, 9.4452652, 9.908149449999998, 11.738699879999997, 35.734803
8.868566, 9.002112, 9.19043375, 9.482759399999999, 9.953196649999992, 12.169767, 37.448702
8.8591605, 9.003352, 9.16934625, 9.434658, 9.92986, 11.89460059, 35.330604
8.86246925, 8.9963725, 9.17352275, 9.4315576, 9.920967, 11.89655337, 33.51644
8.8638415, 9.005091, 9.173722, 9.471173, 10.0044173, 11.922319599999996, 37.448702
8.863521, 9.000194, 9.177477, 9.472112000000001, 10.142236, 12.223784589999987, 33.51644
8.87304525, 9.012688, 9.17341525, 9.4405705, 9.885056299999997, 11.896606799999999, 35.734803
8.8585595, 9.002384, 9.1799035, 9.4462872, 9.985900799999998, 11.958562, 16.928153
8.85689975, 9.0047685, 9.185391000000001, 9.4805948, 10.08763565, 12.277909739999998, 37.448702
8.86906825, 9.008296, 9.18779125, 9.439095799999999, 9.913594349999999, 11.89460059, 37.448702
8.8687625, 9.003714500000001, 9.175987749999999, 9.4402319, 10.014852349999995, 12.054610679999996, 37.448702
8.865593749999999, 9.007054499999999, 9.176058, 9.4486541, 9.881394599999998, 11.832284659999997, 37.448702
8.86393575, 8.991667, 9.165775, 9.443607799999999, 10.09385494999999, 11.9993765, 37.448702
8.78250475, 9.038355, 10.237786, 11.623748, 12.366322600000002, 14.663085, 26.889073
8.78777875, 9.059039, 10.2254425, 11.67544, 12.53391275, 14.944377500000003, 26.889073
8.78573275, 9.042378, 10.165228749999999, 11.652124200000003, 12.502753, 14.954841110000022, 26.889073
8.783974500000001, 9.044462, 10.224882999999998, 11.673554, 12.441023300000001, 14.825049510000001, 18.677002
8.781959, 9.059052999999999, 10.185192, 11.632197000000001, 12.38062, 14.902156220000009, 19.563106
8.79491675, 9.071872500000001, 10.29120575, 11.664709, 12.470048600000002, 14.783233730000005, 26.889073
8.78072125, 9.04866, 10.2763885, 11.6515646, 12.4498122, 15.465461270000027, 18.865024
8.779686, 9.0505645, 10.212233, 11.595606, 12.369038250000003, 14.804108820000003, 18.474331
8.77619025, 9.041069499999999, 10.270147000000001, 11.623755, 12.375530000000001, 14.831535, 26.889073
8.7799235, 9.063906, 10.269991000000001, 11.646285300000002, 12.4629839, 14.874488950000018, 26.889073
8.781669, 9.039224, 10.18582075, 11.657958, 12.50278965, 15.591465790000004, 26.889073
8.786481250000001, 9.053058499999999, 10.26644075, 11.671120499999999, 12.397124300000003, 14.965230630000006, 26.889073
8.783598999999999, 9.0477115, 10.18491925, 11.512229300000003, 12.31956295, 14.637993830000001, 26.889073
8.79835425, 9.055901, 10.228525999999999, 11.6599818, 12.503486, 14.801356620000002, 18.66297
8.78387225, 9.055093, 10.225062, 11.6599818, 12.426091, 14.712709, 18.677002
8.78408125, 9.0374435, 10.168228500000001, 11.670335, 12.444344, 15.027967510000005, 19.563106
8.777074, 9.05001, 10.24152125, 11.6626844, 12.451222, 14.783205930000003, 18.865024
8.7890565, 9.064935, 10.189086, 11.6954048, 12.4923874, 14.757073, 26.889073
8.788676500000001, 9.038048, 10.254443, 11.7201453, 12.54830475, 15.449582560000003, 26.889073
8.77972, 9.0326715, 10.19016225, 11.6173565, 12.465433, 14.965230630000006, 19.563106
8.785179750000001, 9.050971, 10.234414000000001, 11.6726685, 12.530818600000002, 15.0498376, 19.563106
8.789632749999999, 9.058911, 10.258038, 11.654684, 12.4546844, 14.747010640000003, 18.865024
8.78691, 9.063906, 10.2250375, 11.6809618, 12.50278965, 14.8012448, 18.865024
8.78401825, 9.0442955, 10.196786, 11.649735, 12.426091, 15.464920670000016, 26.889073
8.7930335, 9.0673385, 10.2392255, 11.661160200000001, 12.383360450000001, 14.783205930000003, 19.563106
8.780210499999999, 9.054016, 10.260218, 11.715884, 12.549780100000001, 14.823980870000026, 26.889073
8.788287, 9.039104, 10.19702925, 11.6387561, 12.44415685, 14.450752100000031, 26.889073
8.78060725, 9.042297, 10.1731025, 11.6170923, 12.5023274, 16.07154946, 26.889073
8.79131175, 9.063969, 10.236745, 11.629453, 12.36583435, 14.832604760000024, 19.563106
8.7890565, 9.0530395, 10.19702925, 11.600619, 12.397729550000001, 14.902156220000009, 19.393533
8.791356, 9.0678315, 10.280003500000001, 11.6754744, 12.53050415, 14.938511, 19.563106
8.79981925, 9.06997, 10.2776875, 11.7087603, 12.57909255, 15.05610806000004, 26.889073
8.776864, 9.025867, 10.199499, 11.636817500000003, 12.463318000000001, 14.996234440000006, 26.889073
8.78900425, 9.061801, 10.21895275, 11.6599818, 12.444344, 14.938567590000002, 26.889073
8.790314, 9.06711, 10.22052, 11.676102300000002, 12.460371, 14.944939570000017, 26.889073
8.7800555, 9.0384585, 10.21686, 11.579942, 12.363082200000001, 14.736726850000004, 19.563106
8.783368750000001, 9.047218, 10.209750750000001, 11.655011400000001, 12.426775350000002, 14.783205930000003, 19.563106
8.7908735, 9.080666, 10.28810575, 11.7206203, 12.504487100000004, 14.932686830000002, 26.889073
8.783268499999998, 9.048156500000001, 10.205903750000001, 11.6383633, 12.38552675, 14.747452080000013, 19.563106
8.79196975, 9.076511, 10.269691, 11.6704058, 12.440311, 14.741543, 19.563106
8.7816525, 9.070143, 10.257808, 11.6175429, 12.385275, 14.737297730000016, 19.563106
8.7843245, 9.054016, 10.242462, 11.588034900000004, 12.343527650000002, 14.803997, 18.865024
8.7971825, 9.0533435, 10.32743275, 11.671120499999999, 12.554576, 15.449435, 26.889073
8.784411, 9.0505645, 10.188561, 11.643486600000001, 12.426591750000002, 14.591639, 19.393533
8.790905, 9.054359, 10.2087405, 11.623949399999999, 12.383360450000001, 14.783205930000003, 26.889073
8.772346, 9.0516295, 10.220908, 11.6259878, 12.405367300000002, 15.054253, 26.889073
8.794445750000001, 9.069738999999998, 10.24808275, 11.678967, 12.460371, 14.902309930000012, 19.393533
8.7895155, 9.0824555, 10.281793, 11.660891, 12.47130655, 15.240136710000007, 19.563106
8.785227, 9.058028, 10.205903750000001, 11.597828100000003, 12.471264, 15.239759, 26.889073
8.79306, 9.0557355, 10.260437249999999, 11.688576000000003, 12.397729550000001, 15.240136710000007, 19.393533
8.7919455, 9.0411185, 10.184627, 11.6173565, 12.388296, 14.932686830000002, 19.393533
8.779499, 9.040540499999999, 10.13310175, 11.6074468, 12.405367300000002, 14.822911110000003, 19.563106
8.78904, 9.06378, 10.214038, 11.662042, 12.4248085, 14.83195652000001, 19.563106
8.78310975, 9.056822499999999, 10.223651, 11.643560100000002, 12.471264, 15.049793, 26.889073
8.780374, 9.0487915, 10.25534175, 11.675784, 12.518868200000002, 14.995983, 19.393533
8.791736499999999, 9.063906, 10.164359000000001, 11.608409, 12.439804650000001, 14.816412320000028, 19.563106
8.786701749999999, 9.05996, 10.2582115, 11.6704833, 12.549668, 15.239759, 26.889073
8.7895155, 9.050169, 10.190331, 11.6492085, 12.4923874, 15.59123925, 26.889073
8.7788375, 9.0474325, 10.1839485, 11.5823364, 12.381649450000001, 15.054648080000009, 19.563106
8.78334725, 9.051146, 10.1969265, 11.6545562, 12.566419, 15.09555742000004, 26.889073
8.79093675, 9.0584835, 10.283689, 11.715561800000001, 12.49655955, 15.615997, 19.563106
8.781461, 9.040309, 10.191944750000001, 11.633466100000001, 12.5335677, 14.938567590000002, 26.889073
8.776958, 9.0452715, 10.258623, 11.679353, 12.4446137, 14.815179, 26.889073
8.790843, 9.048902, 10.19068925, 11.662042, 12.479515900000003, 15.027702, 26.889073
8.78984425, 9.053782, 10.255383, 11.6699417, 12.4604952, 15.463954, 26.889073
8.78904, 9.061725, 10.299181, 11.736148800000004, 12.6660846, 15.273403, 26.889073
8.784652, 9.0536925, 10.210548, 11.613851200000001, 12.502305, 15.449435, 26.889073
8.790401750000001, 9.0484915, 10.19702925, 11.6197286, 12.353515, 14.74159666, 26.889073
8.798978, 9.075686999999999, 10.227304749999998, 11.6743267, 12.533566, 14.74159666, 19.393533
8.783974500000001, 9.050193499999999, 10.258465, 11.649735, 12.4910004, 14.747479880000013, 26.889073
8.79090375, 9.0516295, 10.208254499999999, 11.619896700000002, 12.4404847, 14.632456760000004, 26.889073
8.78982725, 9.051623, 10.247122749999999, 11.6956505, 12.502753, 14.938511, 26.889073
8.781518, 9.047103, 10.19978775, 11.6136864, 12.449738, 14.824984, 26.889073
8.78192975, 9.0538095, 10.188692249999999, 11.659932, 12.47130655, 15.46395637, 26.889073
8.795395249999999, 9.072216000000001, 10.212878499999999, 11.682195000000002, 12.4764949, 14.995983, 26.889073
8.80061025, 9.074949, 10.286569, 11.6154512, 12.383360450000001, 14.96548207000001, 26.889073
8.794921, 9.066230000000001, 10.200565, 11.608074400000001, 12.364588, 14.822911110000003, 26.889073
8.795395249999999, 9.0752575, 10.213906000000001, 11.578105, 12.3351419, 14.804108820000003, 26.889073
8.785754, 9.0687925, 10.18435, 11.579707, 12.31956295, 14.646019220000001, 26.889073
8.785179750000001, 9.067714, 10.222006, 11.6327253, 12.362809, 14.944377500000003, 19.393533
8.783858, 9.044144, 10.128842, 11.5467878, 12.380667, 14.646166890000003, 26.889073
8.783767, 9.062767, 10.260186000000001, 11.683084200000005, 12.52358155, 15.093761, 26.889073
8.781596, 9.036260500000001, 10.165432, 11.584302, 12.4699167, 14.8228456, 19.563106
8.791952, 9.0631475, 10.250831, 11.693491100000001, 12.5862394, 15.05023268000001, 19.393533
8.795743, 9.0901235, 10.290643750000001, 11.6515646, 12.436489950000002, 15.02119275, 26.889073
8.784408, 9.0540965, 10.261137, 11.665080800000002, 12.5023274, 15.463954, 26.889073
8.786566749999999, 9.066282999999999, 10.209485, 11.6259878, 12.329871100000002, 14.663820390000017, 26.889073
8.784552, 9.066179, 10.2859845, 11.655011400000001, 12.388296, 14.938511, 19.393533
8.78237525, 9.0484915, 10.26511075, 11.6545562, 12.465899000000002, 14.944267120000001, 19.563106
8.783126249999999, 9.047048499999999, 10.16705425, 11.6015957, 12.3847474, 14.965230630000006, 19.393533
8.79026175, 9.057478, 10.223674, 11.688052, 12.4908, 14.938664710000003, 19.563106
8.77995125, 9.046094, 10.164182, 11.60441, 12.426591750000002, 14.832545930000023, 26.889073
8.791327249999998, 9.070143, 10.357711, 11.648901, 12.388676200000003, 14.815277050000002, 19.563106
8.79716975, 9.074025500000001, 10.28719, 11.6699417, 12.559367350000002, 15.054648080000009, 26.889073
8.7841415, 9.0323135, 10.157566, 11.615418, 12.4446137, 15.27344427, 19.393533
8.79093675, 9.0628535, 10.237829000000001, 11.647011000000001, 12.512041, 15.0498376, 26.889073
8.784492, 9.045481, 10.1672005, 11.647665000000002, 12.383578, 14.816353490000026, 26.889073
8.799104750000001, 9.064143, 10.260218, 11.650619200000001, 12.385906950000003, 14.801356620000002, 19.393533
8.78029625, 9.0497585, 10.258168, 11.632134800000001, 12.3847474, 14.965230630000006, 19.563106
8.787855, 9.053402, 10.200565, 11.661252000000001, 12.342504, 15.0498376, 26.889073
8.78398575, 9.0504555, 10.1911465, 11.6158816, 12.421984500000004, 14.953882, 18.474331
8.790397250000002, 9.0446745, 10.165375, 11.6515646, 12.475624700000003, 14.944267120000001, 26.889073
8.786701749999999, 9.054426, 10.21264025, 11.617009300000001, 12.405367300000002, 14.742167540000013, 26.889073
8.791438, 9.0567575, 10.270963, 11.6726621, 12.525207000000002, 14.757073, 26.889073
8.791327249999998, 9.058028, 10.186704, 11.6626844, 12.451803650000002, 14.965547820000014, 26.889073
8.77548775, 9.0480465, 10.21208075, 11.647640100000002, 12.398657150000004, 14.75754224000001, 26.889073
8.783182, 9.045481, 10.182616, 11.628673599999999, 12.385906950000003, 14.637913, 19.563106
8.784022, 9.0623785, 10.230293249999999, 11.6611539, 12.50236405, 15.021127, 19.563106
8.786481250000001, 9.059054, 10.230986, 11.592796, 12.388676200000003, 14.8012448, 19.563106
8.79090375, 9.0514865, 10.23364975, 11.63261, 12.47130655, 14.832661350000025, 26.889073
8.78450475, 9.0531285, 10.18894725, 11.615576500000001, 12.368273, 14.736673190000001, 19.393533
8.77779425, 9.041069499999999, 10.182616, 11.573728599999999, 12.375659100000002, 14.783024, 26.889073
8.789521500000001, 9.084645, 10.3020885, 11.663426, 12.492187, 15.449582560000003, 26.889073
8.794417, 9.065742499999999, 10.2821705, 11.659932, 12.4498122, 14.932628, 26.889073
8.7859965, 9.0658465, 10.26644075, 11.6699417, 12.457105, 14.783024, 19.563106
8.78503225, 9.053467, 10.195342, 11.6407854, 12.368273, 14.902156220000009, 26.889073
8.7953535, 9.058976999999999, 10.1839485, 11.643535200000002, 12.4248085, 14.953992380000003, 19.393533
8.79728225, 9.0673385, 10.220941, 11.608074400000001, 12.365436600000002, 14.83195652000001, 26.889073
8.7966875, 9.0673525, 10.216468500000001, 11.6237487, 12.271038, 14.632375930000002, 19.393533
8.784022, 9.060719, 10.258623, 11.673777, 12.490727, 15.0498376, 26.889073
8.7831985, 9.0398525, 10.1649955, 11.623949399999999, 12.395973549999999, 14.663581240000012, 19.393533
8.80244875, 9.076596, 10.258237, 11.676102300000002, 12.45138875, 14.873968020000007, 19.563106
8.800232000000001, 9.0752575, 10.265829499999999, 11.660143, 12.4606241, 14.874488950000018, 26.889073
8.79050975, 9.048222500000001, 10.185192, 11.578295, 12.353979700000002, 14.873968020000007, 19.393533
8.78165325, 9.0480465, 10.258242249999999, 11.659932, 12.475551700000002, 14.757752110000014, 26.889073
8.7835005, 9.0503055, 10.194268, 11.588287200000003, 12.405334200000002, 14.825049510000001, 18.347922
8.78854875, 9.0536925, 10.21811675, 11.609970300000002, 12.386339050000004, 14.736624, 19.393533
8.78900425, 9.054426, 10.24796125, 11.5957005, 12.383578, 14.815179, 26.889073
8.78319075, 9.050234, 10.21808525, 11.607978800000001, 12.421048, 14.783233730000005, 18.865024
8.77268675, 9.0312, 10.197918999999999, 11.607978800000001, 12.405334200000002, 15.27344427, 18.865024
8.78437, 9.049619, 10.2081415, 11.664073200000002, 12.530343, 14.995983, 26.889073
8.79005175, 9.054359, 10.2179475, 11.619468, 12.4606241, 14.815179, 19.393533
8.7768315, 9.042789, 10.19944375, 11.579731500000001, 12.329800300000002, 14.815277050000002, 26.889073
8.780799, 9.038727, 10.095635999999999, 11.587576900000002, 12.36289795, 14.932743420000001, 26.889073
8.783263, 9.04457, 10.20302675, 11.6242382, 12.412934, 14.824984, 26.889073
8.787975, 9.0585965, 10.15589925, 11.640647, 12.457392500000001, 15.449435, 26.889073
8.79488975, 9.069738999999998, 10.282837, 11.6736765, 12.5335677, 15.616718260000017, 26.889073
8.7797165, 9.0326715, 10.082227, 11.5195843, 12.279065800000001, 14.801433070000003, 26.889073
8.78982725, 9.0640645, 10.221427, 11.6600381, 12.4604952, 14.804206870000005, 19.393533
8.790949, 9.051623, 10.1905205, 11.6489259, 12.380756450000002, 14.874276410000013, 19.563106
8.87112875, 9.004525, 9.1717745, 9.444880399999999, 10.019224099999999, 11.970524529999995, 37.448702
8.863645, 8.999174, 9.1772115, 9.437597, 9.95293145, 11.938814469999995, 35.734803
8.884699000000001, 9.0520205, 9.250901500000001, 9.5121826, 9.740704299999999, 15.725401299999996, 32.855096
8.88608675, 9.034252500000001, 9.23690875, 9.495711100000001, 9.74440445, 14.416709269999998, 52.853195
0, 0, 0, 0, 0, 0, 0
0, 0, 0, 0, 0, 0, 0
0, 0, 0, 0, 0, 0, 0
0, 0, 0, 0, 0, 0, 0
0, 0, 0, 0, 0, 0, 0
0, 0, 0, 0, 0, 0, 0
0, 0, 0, 0, 0, 0, 0
0, 0, 0, 0, 0, 0, 0
0, 0, 0, 0, 0, 0, 0
0, 0, 0, 0, 0, 0, 0
0, 0, 0, 0, 0, 0, 0
0, 0, 0, 0, 0, 0, 0
0, 0, 0, 0, 0, 0, 0
0, 0, 0, 0, 0, 0, 0
0, 0, 0, 0, 0, 0, 0
0, 0, 0, 0, 0, 0, 0
0, 0, 0, 0, 0, 0, 0
0, 0, 0, 0, 0, 0, 0
0, 0, 0, 0, 0, 0, 0
0, 0, 0, 0, 0, 0, 0
0, 0, 0, 0, 0, 0, 0
0, 0, 0, 0, 0, 0, 0
0, 0, 0, 0, 0, 0, 0
0, 0, 0, 0, 0, 0, 0
0, 0, 0, 0, 0, 0, 0
0, 0, 0, 0, 0, 0, 0
0, 0, 0, 0, 0, 0, 0
0, 0, 0, 0, 0, 0, 0
0, 0, 0, 0, 0, 0, 0
0, 0, 0, 0, 0, 0, 0
0, 0, 0, 0, 0, 0, 0
0, 0, 0, 0, 0, 0, 0
0, 0, 0, 0, 0, 0, 0
0, 0, 0, 0, 0, 0, 0
0, 0, 0, 0, 0, 0, 0
0, 0, 0, 0, 0, 0, 0
0, 0, 0, 0, 0, 0, 0
0, 0, 0, 0, 0, 0, 0
0, 0, 0, 0, 0, 0, 0
0, 0, 0, 0, 0, 0, 0
0, 0, 0, 0, 0, 0, 0
0, 0, 0, 0, 0, 0, 0
0, 0, 0, 0, 0, 0, 0
0, 0, 0, 0, 0, 0, 0
0, 0, 0, 0, 0, 0, 0
0, 0, 0, 0, 0, 0, 0
0, 0, 0, 0, 0, 0, 0
0, 0, 0, 0, 0, 0, 0
0, 0, 0, 0, 0, 0, 0
0, 0, 0, 0, 0, 0, 0
0, 0, 0, 0, 0, 0, 0
0, 0, 0, 0, 0, 0, 0
0, 0, 0, 0, 0, 0, 0
0, 0, 0, 0, 0, 0, 0
0, 0, 0, 0, 0, 0, 0
0, 0, 0, 0, 0, 0, 0
0, 0, 0, 0, 0, 0, 0
0, 0, 0, 0, 0, 0, 0
0, 0, 0, 0, 0, 0, 0
0, 0, 0, 0, 0, 0, 0
0, 0, 0, 0, 0, 0, 0
0, 0, 0, 0, 0, 0, 0
0, 0, 0, 0, 0, 0, 0
0, 0, 0, 0, 0, 0, 0
0, 0, 0, 0, 0, 0, 0
0, 0, 0, 0, 0, 0, 0
0, 0, 0, 0, 0, 0, 0
0, 0, 0, 0, 0, 0, 0
0, 0, 0, 0, 0, 0, 0
0, 0, 0, 0, 0, 0, 0
0, 0, 0, 0, 0, 0, 0
0, 0, 0, 0, 0, 0, 0
0, 0, 0, 0, 0, 0, 0
0, 0, 0, 0, 0, 0, 0
0, 0, 0, 0, 0, 0, 0
0, 0, 0, 0, 0, 0, 0
0, 0, 0, 0, 0, 0, 0
0, 0, 0, 0, 0, 0, 0
0, 0, 0, 0, 0, 0, 0
0, 0, 0, 0, 0, 0, 0
0, 0, 0, 0, 0, 0, 0
0, 0, 0, 0, 0, 0, 0
0, 0, 0, 0, 0, 0, 0
0, 0, 0, 0, 0, 0, 0
0, 0, 0, 0, 0, 0, 0
0, 0, 0, 0, 0, 0, 0
0, 0, 0, 0, 0, 0, 0
0, 0, 0, 0, 0, 0, 0
0, 0, 0, 0, 0, 0, 0
0, 0, 0, 0, 0, 0, 0
0, 0, 0, 0, 0, 0, 0
0, 0, 0, 0, 0, 0, 0
0, 0, 0, 0, 0, 0, 0
0, 0, 0, 0, 0, 0, 0
0, 0, 0, 0, 0, 0, 0
0, 0, 0, 0, 0, 0, 0
0, 0, 0, 0, 0, 0, 0
0, 0, 0, 0, 0, 0, 0
0, 0, 0, 0, 0, 0, 0
0, 0, 0, 0, 0, 0, 0
0, 0, 0, 0, 0, 0, 0
0, 0, 0, 0, 0, 0, 0
0, 0, 0, 0, 0, 0, 0
0, 0, 0, 0, 0, 0, 0
0, 0, 0, 0, 0, 0, 0
0, 0, 0, 0, 0, 0, 0
0, 0, 0, 0, 0, 0, 0
0, 0, 0, 0, 0, 0, 0
0, 0, 0, 0, 0, 0, 0
0, 0, 0, 0, 0, 0, 0
0, 0, 0, 0, 0, 0, 0
0, 0, 0, 0, 0, 0, 0
0, 0, 0, 0, 0, 0, 0
0, 0, 0, 0, 0, 0, 0
0, 0, 0, 0, 0, 0, 0
0, 0, 0, 0, 0, 0, 0
0, 0, 0, 0, 0, 0, 0
0, 0, 0, 0, 0, 0, 0
0, 0, 0, 0, 0, 0, 0
0, 0, 0, 0, 0, 0, 0
0, 0, 0, 0, 0, 0, 0
0, 0, 0, 0, 0, 0, 0
0, 0, 0, 0, 0, 0, 0
0, 0, 0, 0, 0, 0, 0
0, 0, 0, 0, 0, 0, 0
0, 0, 0, 0, 0, 0, 0
0, 0, 0, 0, 0, 0, 0
0, 0, 0, 0, 0, 0, 0
0, 0, 0, 0, 0, 0, 0
0, 0, 0, 0, 0, 0, 0
0, 0, 0, 0, 0, 0, 0
0, 0, 0, 0, 0, 0, 0
0, 0, 0, 0, 0, 0, 0
0, 0, 0, 0, 0, 0, 0
0, 0, 0, 0, 0, 0, 0
0, 0, 0, 0, 0, 0, 0
0, 0, 0, 0, 0, 0, 0
0, 0, 0, 0, 0, 0, 0
0, 0, 0, 0, 0, 0, 0
0, 0, 0, 0, 0, 0, 0
0, 0, 0, 0, 0, 0, 0
0, 0, 0, 0, 0, 0, 0
0, 0, 0, 0, 0, 0, 0
0, 0, 0, 0, 0, 0, 0
0, 0, 0, 0, 0, 0, 0
0, 0, 0, 0, 0, 0, 0
0, 0, 0, 0, 0, 0, 0
0, 0, 0, 0, 0, 0, 0
0, 0, 0, 0, 0, 0, 0
0, 0, 0, 0, 0, 0, 0
0, 0, 0, 0, 0, 0, 0
0, 0, 0, 0, 0, 0, 0
0, 0, 0, 0, 0, 0, 0
0, 0, 0, 0, 0, 0, 0
0, 0, 0, 0, 0, 0, 0
0, 0, 0, 0, 0, 0, 0
0, 0, 0, 0, 0, 0, 0
0, 0, 0, 0, 0, 0, 0
0, 0, 0, 0, 0, 0, 0
0, 0, 0, 0, 0, 0, 0
0, 0, 0, 0, 0, 0, 0
0, 0, 0, 0, 0, 0, 0
0, 0, 0, 0, 0, 0, 0
0, 0, 0, 0, 0, 0, 0
0, 0, 0, 0, 0, 0, 0
0, 0, 0, 0, 0, 0, 0
0, 0, 0, 0, 0, 0, 0
0, 0, 0, 0, 0, 0, 0
0, 0, 0, 0, 0, 0, 0
0, 0, 0, 0, 0, 0, 0
0, 0, 0, 0, 0, 0, 0
0, 0, 0, 0, 0, 0, 0
0, 0, 0, 0, 0, 0, 0
0, 0, 0, 0, 0, 0, 0
0, 0, 0, 0, 0, 0, 0
0, 0, 0, 0, 0, 0, 0
0, 0, 0, 0, 0, 0, 0
0, 0, 0, 0, 0, 0, 0
0, 0, 0, 0, 0, 0, 0
0, 0, 0, 0, 0, 0, 0
0, 0, 0, 0, 0, 0, 0
0, 0, 0, 0, 0, 0, 0
0, 0, 0, 0, 0, 0, 0
0, 0, 0, 0, 0, 0, 0
0, 0, 0, 0, 0, 0, 0
0, 0, 0, 0, 0, 0, 0
0, 0, 0, 0, 0, 0, 0
0, 0, 0, 0, 0, 0, 0
0, 0, 0, 0, 0, 0, 0
0, 0, 0, 0, 0, 0, 0
0, 0, 0, 0, 0, 0, 0
0, 0, 0, 0, 0, 0, 0
0, 0, 0, 0, 0, 0, 0
0, 0, 0, 0, 0, 0, 0
0, 0, 0, 0, 0, 0, 0
0, 0, 0, 0, 0, 0, 0
0, 0, 0, 0, 0, 0, 0
0, 0, 0, 0, 0, 0, 0
0, 0, 0, 0, 0, 0, 0
0, 0, 0, 0, 0, 0, 0
0, 0, 0, 0, 0, 0, 0
0, 0, 0, 0, 0, 0, 0
0, 0, 0, 0, 0, 0, 0
0, 0, 0, 0, 0, 0, 0
0, 0, 0, 0, 0, 0, 0
0, 0, 0, 0, 0, 0, 0
0, 0, 0, 0, 0, 0, 0
0, 0, 0, 0, 0, 0, 0
0, 0, 0, 0, 0, 0, 0
0, 0, 0, 0, 0, 0, 0
0, 0, 0, 0, 0, 0, 0
0, 0, 0, 0, 0, 0, 0
0, 0, 0, 0, 0, 0, 0
0, 0, 0, 0, 0, 0, 0
0, 0, 0, 0, 0, 0, 0
0, 0, 0, 0, 0, 0, 0
0, 0, 0, 0, 0, 0, 0
0, 0, 0, 0, 0, 0, 0
0, 0, 0, 0, 0, 0, 0
0, 0, 0, 0, 0, 0, 0
0, 0, 0, 0, 0, 0, 0
0, 0, 0, 0, 0, 0, 0
0, 0, 0, 0, 0, 0, 0
0, 0, 0, 0, 0, 0, 0
0, 0, 0, 0, 0, 0, 0
0, 0, 0, 0, 0, 0, 0
0, 0, 0, 0, 0, 0, 0
0, 0, 0, 0, 0, 0, 0
0, 0, 0, 0, 0, 0, 0
0, 0, 0, 0, 0, 0, 0
0, 0, 0, 0, 0, 0, 0
0, 0, 0, 0, 0, 0, 0
0, 0, 0, 0, 0, 0, 0
0, 0, 0, 0, 0, 0, 0
0, 0, 0, 0, 0, 0, 0
0, 0, 0, 0, 0, 0, 0
0, 0, 0, 0, 0, 0, 0
0, 0, 0, 0, 0, 0, 0
0, 0, 0, 0, 0, 0, 0
0, 0, 0, 0, 0, 0, 0
0, 0, 0, 0, 0, 0, 0
0, 0, 0, 0, 0, 0, 0
0, 0, 0, 0, 0, 0, 0
0, 0, 0, 0, 0, 0, 0
0, 0, 0, 0, 0, 0, 0
0, 0, 0, 0, 0, 0, 0
0, 0, 0, 0, 0, 0, 0
0, 0, 0, 0, 0, 0, 0
0, 0, 0, 0, 0, 0, 0
0, 0, 0, 0, 0, 0, 0
0, 0, 0, 0, 0, 0, 0
0, 0, 0, 0, 0, 0, 0
0, 0, 0, 0, 0, 0, 0
0, 0, 0, 0, 0, 0, 0
0, 0, 0, 0, 0, 0, 0
0, 0, 0, 0, 0, 0, 0
0, 0, 0, 0, 0, 0, 0
0, 0, 0, 0, 0, 0, 0
0, 0, 0, 0, 0, 0, 0
0, 0, 0, 0, 0, 0, 0
0, 0, 0, 0, 0, 0, 0
0, 0, 0, 0, 0, 0, 0
0, 0, 0, 0, 0, 0, 0
0, 0, 0, 0, 0, 0, 0
0, 0, 0, 0, 0, 0, 0
0, 0, 0, 0, 0, 0, 0
0, 0, 0, 0, 0, 0, 0
0, 0, 0, 0, 0, 0, 0
0, 0, 0, 0, 0, 0, 0
0, 0, 0, 0, 0, 0, 0
0, 0, 0, 0, 0, 0, 0
0, 0, 0, 0, 0, 0, 0
0, 0, 0, 0, 0, 0, 0
0, 0, 0, 0, 0, 0, 0
0, 0, 0, 0, 0, 0, 0
0, 0, 0, 0, 0, 0, 0
0, 0, 0, 0, 0, 0, 0
0, 0, 0, 0, 0, 0, 0
0, 0, 0, 0, 0, 0, 0
0, 0, 0, 0, 0, 0, 0
0, 0, 0, 0, 0, 0, 0
0, 0, 0, 0, 0, 0, 0
0, 0, 0, 0, 0, 0, 0
0, 0, 0, 0, 0, 0, 0
0, 0, 0, 0, 0, 0, 0
0, 0, 0, 0, 0, 0, 0
0, 0, 0, 0, 0, 0, 0
0, 0, 0, 0, 0, 0, 0
0, 0, 0, 0, 0, 0, 0
0, 0, 0, 0, 0, 0, 0
0, 0, 0, 0, 0, 0, 0
0, 0, 0, 0, 0, 0, 0
0, 0, 0, 0, 0, 0, 0
0, 0, 0, 0, 0, 0, 0
0, 0, 0, 0, 0, 0, 0
0, 0, 0, 0, 0, 0, 0
0, 0, 0, 0, 0, 0, 0
0, 0, 0, 0, 0, 0, 0
0, 0, 0, 0, 0, 0, 0
0, 0, 0, 0, 0, 0, 0
0, 0, 0, 0, 0, 0, 0
0, 0, 0, 0, 0, 0, 0
0, 0, 0, 0, 0, 0, 0
0, 0, 0, 0, 0, 0, 0
0, 0, 0, 0, 0, 0, 0
0, 0, 0, 0, 0, 0, 0
0, 0, 0, 0, 0, 0, 0
0, 0, 0, 0, 0, 0, 0
0, 0, 0, 0, 0, 0, 0
0, 0, 0, 0, 0, 0, 0
0, 0, 0, 0, 0, 0, 0
0, 0, 0, 0, 0, 0, 0
0, 0, 0, 0, 0, 0, 0
0, 0, 0, 0, 0, 0, 0
0, 0, 0, 0, 0, 0, 0
0, 0, 0, 0, 0, 0, 0
0, 0, 0, 0, 0, 0, 0
0, 0, 0, 0, 0, 0, 0
0, 0, 0, 0, 0, 0, 0
0, 0, 0, 0, 0, 0, 0
0, 0, 0, 0, 0, 0, 0
0, 0, 0, 0, 0, 0, 0
0, 0, 0, 0, 0, 0, 0
0, 0, 0, 0, 0, 0, 0
0, 0, 0, 0, 0, 0, 0
0, 0, 0, 0, 0, 0, 0
0, 0, 0, 0, 0, 0, 0
0, 0, 0, 0, 0, 0, 0
0, 0, 0, 0, 0, 0, 0
0, 0, 0, 0, 0, 0, 0
0, 0, 0, 0, 0, 0, 0
0, 0, 0, 0, 0, 0, 0
0, 0, 0, 0, 0, 0, 0
0, 0, 0, 0, 0, 0, 0
0, 0, 0, 0, 0, 0, 0
0, 0, 0, 0, 0, 0, 0
0, 0, 0, 0, 0, 0, 0
0, 0, 0, 0, 0, 0, 0
0, 0, 0, 0, 0, 0, 0
0, 0, 0, 0, 0, 0, 0
0, 0, 0, 0, 0, 0, 0
0, 0, 0, 0, 0, 0, 0
0, 0, 0, 0, 0, 0, 0
0, 0, 0, 0, 0, 0, 0
0, 0, 0, 0, 0, 0, 0
0, 0, 0, 0, 0, 0, 0
0, 0, 0, 0, 0, 0, 0
0, 0, 0, 0, 0, 0, 0
0, 0, 0, 0, 0, 0, 0
0, 0, 0, 0, 0, 0, 0
0, 0, 0, 0, 0, 0, 0
0, 0, 0, 0, 0, 0, 0
0, 0, 0, 0, 0, 0, 0
0, 0, 0, 0, 0, 0, 0
0, 0, 0, 0, 0, 0, 0
0, 0, 0, 0, 0, 0, 0
0, 0, 0, 0, 0, 0, 0
0, 0, 0, 0, 0, 0, 0
0, 0, 0, 0, 0, 0, 0
0, 0, 0, 0, 0, 0, 0
0, 0, 0, 0, 0, 0, 0
0, 0, 0, 0, 0, 0, 0
0, 0, 0, 0, 0, 0, 0
0, 0, 0, 0, 0, 0, 0
0, 0, 0, 0, 0, 0, 0
0, 0, 0, 0, 0, 0, 0
0, 0, 0, 0, 0, 0, 0
0, 0, 0, 0, 0, 0, 0
0, 0, 0, 0, 0, 0, 0
0, 0, 0, 0, 0, 0, 0
0, 0, 0, 0, 0, 0, 0
0, 0, 0, 0, 0, 0, 0
0, 0, 0, 0, 0, 0, 0
0, 0, 0, 0, 0, 0, 0
0, 0, 0, 0, 0, 0, 0
0, 0, 0, 0, 0, 0, 0
0, 0, 0, 0, 0, 0, 0
0, 0, 0, 0, 0, 0, 0
0, 0, 0, 0, 0, 0, 0
0, 0, 0, 0, 0, 0, 0
0, 0, 0, 0, 0, 0, 0
0, 0, 0, 0, 0, 0, 0
0, 0, 0, 0, 0, 0, 0
0, 0, 0, 0, 0, 0, 0
0, 0, 0, 0, 0, 0, 0
0, 0, 0, 0, 0, 0, 0
0, 0, 0, 0, 0, 0, 0
0, 0, 0, 0, 0, 0, 0
0, 0, 0, 0, 0, 0, 0
0, 0, 0, 0, 0, 0, 0
0, 0, 0, 0, 0, 0, 0
0, 0, 0, 0, 0, 0, 0
0, 0, 0, 0, 0, 0, 0
0, 0, 0, 0, 0, 0, 0
0, 0, 0, 0, 0, 0, 0
0, 0, 0, 0, 0, 0, 0
0, 0, 0, 0, 0, 0, 0
0, 0, 0, 0, 0, 0, 0
0, 0, 0, 0, 0, 0, 0
0, 0, 0, 0, 0, 0, 0
0, 0, 0, 0, 0, 0, 0
0, 0, 0, 0, 0, 0, 0
0, 0, 0, 0, 0, 0, 0
0, 0, 0, 0, 0, 0, 0
0, 0, 0, 0, 0, 0, 0
0, 0, 0, 0, 0, 0, 0
0, 0, 0, 0, 0, 0, 0
0, 0, 0, 0, 0, 0, 0
0, 0, 0, 0, 0, 0, 0
0, 0, 0, 0, 0, 0, 0
0, 0, 0, 0, 0, 0, 0
0, 0, 0, 0, 0, 0, 0
0, 0, 0, 0, 0, 0, 0
0, 0, 0, 0, 0, 0, 0
0, 0, 0, 0, 0, 0, 0
0, 0, 0, 0, 0, 0, 0
0, 0, 0, 0, 0, 0, 0
0, 0, 0, 0, 0, 0, 0
0, 0, 0, 0, 0, 0, 0
0, 0, 0, 0, 0, 0, 0
0, 0, 0, 0, 0, 0, 0
0, 0, 0, 0, 0, 0, 0
0, 0, 0, 0, 0, 0, 0
0, 0, 0, 0, 0, 0, 0
0, 0, 0, 0, 0, 0, 0
0, 0, 0, 0, 0, 0, 0
0, 0, 0, 0, 0, 0, 0
0, 0, 0, 0, 0, 0, 0
0, 0, 0, 0, 0, 0, 0
0, 0, 0, 0, 0, 0, 0
0, 0, 0, 0, 0, 0, 0
0, 0, 0, 0, 0, 0, 0
0, 0, 0, 0, 0, 0, 0
0, 0, 0, 0, 0, 0, 0
0, 0, 0, 0, 0, 0, 0
0, 0, 0, 0, 0, 0, 0
0, 0, 0, 0, 0, 0, 0
0, 0, 0, 0, 0, 0, 0
0, 0, 0, 0, 0, 0, 0
0, 0, 0, 0, 0, 0, 0
0, 0, 0, 0, 0, 0, 0
0, 0, 0, 0, 0, 0, 0
0, 0, 0, 0, 0, 0, 0
0, 0, 0, 0, 0, 0, 0
0, 0, 0, 0, 0, 0, 0
0, 0, 0, 0, 0, 0, 0
0, 0, 0, 0, 0, 0, 0
0, 0, 0, 0, 0, 0, 0
0, 0, 0, 0, 0, 0, 0
0, 0, 0, 0, 0, 0, 0
0, 0, 0, 0, 0, 0, 0
0, 0, 0, 0, 0, 0, 0
0, 0, 0, 0, 0, 0, 0
0, 0, 0, 0, 0, 0, 0
0, 0, 0, 0, 0, 0, 0
0, 0, 0, 0, 0, 0, 0
0, 0, 0, 0, 0, 0, 0
0, 0, 0, 0, 0, 0, 0
0, 0, 0, 0, 0, 0, 0
0, 0, 0, 0, 0, 0, 0
0, 0, 0, 0, 0, 0, 0
0, 0, 0, 0, 0, 0, 0
0, 0, 0, 0, 0, 0, 0
0, 0, 0, 0, 0, 0, 0
0, 0, 0, 0, 0, 0, 0
0, 0, 0, 0, 0, 0, 0
0, 0, 0, 0, 0, 0, 0
0, 0, 0, 0, 0, 0, 0
0, 0, 0, 0, 0, 0, 0
0, 0, 0, 0, 0, 0, 0
0, 0, 0, 0, 0, 0, 0
0, 0, 0, 0, 0, 0, 0
0, 0, 0, 0, 0, 0, 0
0, 0, 0, 0, 0, 0, 0
0, 0, 0, 0, 0, 0, 0
0, 0, 0, 0, 0, 0, 0
0, 0, 0, 0, 0, 0, 0
0, 0, 0, 0, 0, 0, 0
0, 0, 0, 0, 0, 0, 0
0, 0, 0, 0, 0, 0, 0
0, 0, 0, 0, 0, 0, 0
0, 0, 0, 0, 0, 0, 0
0, 0, 0, 0, 0, 0, 0
0, 0, 0, 0, 0, 0, 0
0, 0, 0, 0, 0, 0, 0
0, 0, 0, 0, 0, 0, 0
0, 0, 0, 0, 0, 0, 0
0, 0, 0, 0, 0, 0, 0
0, 0, 0, 0, 0, 0, 0
0, 0, 0, 0, 0, 0, 0
0, 0, 0, 0, 0, 0, 0
0, 0, 0, 0, 0, 0, 0
0, 0, 0, 0, 0, 0, 0
0, 0, 0, 0, 0, 0, 0
0, 0, 0, 0, 0, 0, 0
0, 0, 0, 0, 0, 0, 0
0, 0, 0, 0, 0, 0, 0
0, 0, 0, 0, 0, 0, 0
0, 0, 0, 0, 0, 0, 0
0, 0, 0, 0, 0, 0, 0
0, 0, 0, 0, 0, 0, 0
0, 0, 0, 0, 0, 0, 0
0, 0, 0, 0, 0, 0, 0
0, 0, 0, 0, 0, 0, 0
0, 0, 0, 0, 0, 0, 0
0, 0, 0, 0, 0, 0, 0
0, 0, 0, 0, 0, 0, 0
0, 0, 0, 0, 0, 0, 0
0, 0, 0, 0, 0, 0, 0
0, 0, 0, 0, 0, 0, 0
0, 0, 0, 0, 0, 0, 0
0, 0, 0, 0, 0, 0, 0
0, 0, 0, 0, 0, 0, 0
0, 0, 0, 0, 0, 0, 0
0, 0, 0, 0, 0, 0, 0
0, 0, 0, 0, 0, 0, 0
0, 0, 0, 0, 0, 0, 0
0, 0, 0, 0, 0, 0, 0
0, 0, 0, 0, 0, 0, 0
0, 0, 0, 0, 0, 0, 0
0, 0, 0, 0, 0, 0, 0
0, 0, 0, 0, 0, 0, 0
0, 0, 0, 0, 0, 0, 0
0, 0, 0, 0, 0, 0, 0
0, 0, 0, 0, 0, 0, 0
0, 0, 0, 0, 0, 0, 0
0, 0, 0, 0, 0, 0, 0
0, 0, 0, 0, 0, 0, 0
0, 0, 0, 0, 0, 0, 0
0, 0, 0, 0, 0, 0, 0
0, 0, 0, 0, 0, 0, 0
0, 0, 0, 0, 0, 0, 0
0, 0, 0, 0, 0, 0, 0
0, 0, 0, 0, 0, 0, 0
0, 0, 0, 0, 0, 0, 0
0, 0, 0, 0, 0, 0, 0
0, 0, 0, 0, 0, 0, 0
0, 0, 0, 0, 0, 0, 0
0, 0, 0, 0, 0, 0, 0
0, 0, 0, 0, 0, 0, 0
0, 0, 0, 0, 0, 0, 0
0, 0, 0, 0, 0, 0, 0
0, 0, 0, 0, 0, 0, 0
0, 0, 0, 0, 0, 0, 0
0, 0, 0, 0, 0, 0, 0
0, 0, 0, 0, 0, 0, 0
0, 0, 0, 0, 0, 0, 0
0, 0, 0, 0, 0, 0, 0
0, 0, 0, 0, 0, 0, 0
0, 0, 0, 0, 0, 0, 0
0, 0, 0, 0, 0, 0, 0
0, 0, 0, 0, 0, 0, 0
0, 0, 0, 0, 0, 0, 0
0, 0, 0, 0, 0, 0, 0
0, 0, 0, 0, 0, 0, 0
0, 0, 0, 0, 0, 0, 0
0, 0, 0, 0, 0, 0, 0
0, 0, 0, 0, 0, 0, 0
0, 0, 0, 0, 0, 0, 0
0, 0, 0, 0, 0, 0, 0
0, 0, 0, 0, 0, 0, 0
0, 0, 0, 0, 0, 0, 0
0, 0, 0, 0, 0, 0, 0
0, 0, 0, 0, 0, 0, 0
0, 0, 0, 0, 0, 0, 0
0, 0, 0, 0, 0, 0, 0
0, 0, 0, 0, 0, 0, 0
0, 0, 0, 0, 0, 0, 0
0, 0, 0, 0, 0, 0, 0
0, 0, 0, 0, 0, 0, 0
0, 0, 0, 0, 0, 0, 0
0, 0, 0, 0, 0, 0, 0
0, 0, 0, 0, 0, 0, 0
0, 0, 0, 0, 0, 0, 0
0, 0, 0, 0, 0, 0, 0
0, 0, 0, 0, 0, 0, 0
0, 0, 0, 0, 0, 0, 0
0, 0, 0, 0, 0, 0, 0
0, 0, 0, 0, 0, 0, 0
0, 0, 0, 0, 0, 0, 0
0, 0, 0, 0, 0, 0, 0
0, 0, 0, 0, 0, 0, 0
0, 0, 0, 0, 0, 0, 0
0, 0, 0, 0, 0, 0, 0
0, 0, 0, 0, 0, 0, 0
0, 0, 0, 0, 0, 0, 0
0, 0, 0, 0, 0, 0, 0
0, 0, 0, 0, 0, 0, 0
0, 0, 0, 0, 0, 0, 0
0, 0, 0, 0, 0, 0, 0
0, 0, 0, 0, 0, 0, 0
0, 0, 0, 0, 0, 0, 0
0, 0, 0, 0, 0, 0, 0
0, 0, 0, 0, 0, 0, 0
0, 0, 0, 0, 0, 0, 0
0, 0, 0, 0, 0, 0, 0
0, 0, 0, 0, 0, 0, 0
0, 0, 0, 0, 0, 0, 0
0, 0, 0, 0, 0, 0, 0
0, 0, 0, 0, 0, 0, 0
0, 0, 0, 0, 0, 0, 0
0, 0, 0, 0, 0, 0, 0
0, 0, 0, 0, 0, 0, 0
0, 0, 0, 0, 0, 0, 0
0, 0, 0, 0, 0, 0, 0
0, 0, 0, 0, 0, 0, 0
0, 0, 0, 0, 0, 0, 0
0, 0, 0, 0, 0, 0, 0
0, 0, 0, 0, 0, 0, 0
0, 0, 0, 0, 0, 0, 0
0, 0, 0, 0, 0, 0, 0
0, 0, 0, 0, 0, 0, 0
0, 0, 0, 0, 0, 0, 0
0, 0, 0, 0, 0, 0, 0
0, 0, 0, 0, 0, 0, 0
0, 0, 0, 0, 0, 0, 0
0, 0, 0, 0, 0, 0, 0
0, 0, 0, 0, 0, 0, 0
0, 0, 0, 0, 0, 0, 0
0, 0, 0, 0, 0, 0, 0
0, 0, 0, 0, 0, 0, 0
0, 0, 0, 0, 0, 0, 0
0, 0, 0, 0, 0, 0, 0
0, 0, 0, 0, 0, 0, 0
0, 0, 0, 0, 0, 0, 0
0, 0, 0, 0, 0, 0, 0
0, 0, 0, 0, 0, 0, 0
0, 0, 0, 0, 0, 0, 0
0, 0, 0, 0, 0, 0, 0
0, 0, 0, 0, 0, 0, 0
0, 0, 0, 0, 0, 0, 0
0, 0, 0, 0, 0, 0, 0
0, 0, 0, 0, 0, 0, 0
0, 0, 0, 0, 0, 0, 0
0, 0, 0, 0, 0, 0, 0
0, 0, 0, 0, 0, 0, 0
0, 0, 0, 0, 0, 0, 0
0, 0, 0, 0, 0, 0, 0
0, 0, 0, 0, 0, 0, 0
0, 0, 0, 0, 0, 0, 0
0, 0, 0, 0, 0, 0, 0
0, 0, 0, 0, 0, 0, 0
0, 0, 0, 0, 0, 0, 0
0, 0, 0, 0, 0, 0, 0
0, 0, 0, 0, 0, 0, 0
0, 0, 0, 0, 0, 0, 0
0, 0, 0, 0, 0, 0, 0
0, 0, 0, 0, 0, 0, 0
0, 0, 0, 0, 0, 0, 0
0, 0, 0, 0, 0, 0, 0
0, 0, 0, 0, 0, 0, 0
0, 0, 0, 0, 0, 0, 0
0, 0, 0, 0, 0, 0, 0
0, 0, 0, 0, 0, 0, 0
0, 0, 0, 0, 0, 0, 0
0, 0, 0, 0, 0, 0, 0
0, 0, 0, 0, 0, 0, 0
0, 0, 0, 0, 0, 0, 0
0, 0, 0, 0, 0, 0, 0
0, 0, 0, 0, 0, 0, 0
0, 0, 0, 0, 0, 0, 0
0, 0, 0, 0, 0, 0, 0
0, 0, 0, 0, 0, 0, 0
0, 0, 0, 0, 0, 0, 0
0, 0, 0, 0, 0, 0, 0
0, 0, 0, 0, 0, 0, 0
0, 0, 0, 0, 0, 0, 0
0, 0, 0, 0, 0, 0, 0
0, 0, 0, 0, 0, 0, 0
0, 0, 0, 0, 0, 0, 0
0, 0, 0, 0, 0, 0, 0
0, 0, 0, 0, 0, 0, 0
0, 0, 0, 0, 0, 0, 0
0, 0, 0, 0, 0, 0, 0
0, 0, 0, 0, 0, 0, 0
0, 0, 0, 0, 0, 0, 0
0, 0, 0, 0, 0, 0, 0
0, 0, 0, 0, 0, 0, 0
0, 0, 0, 0, 0, 0, 0
0, 0, 0, 0, 0, 0, 0
0, 0, 0, 0, 0, 0, 0
0, 0, 0, 0, 0, 0, 0
0, 0, 0, 0, 0, 0, 0
0, 0, 0, 0, 0, 0, 0
0, 0, 0, 0, 0, 0, 0
0, 0, 0, 0, 0, 0, 0
0, 0, 0, 0, 0, 0, 0
0, 0, 0, 0, 0, 0, 0
0, 0, 0, 0, 0, 0, 0
0, 0, 0, 0, 0, 0, 0
0, 0, 0, 0, 0, 0, 0
0, 0, 0, 0, 0, 0, 0
0, 0, 0, 0, 0, 0, 0
0, 0, 0, 0, 0, 0, 0
0, 0, 0, 0, 0, 0, 0
0, 0, 0, 0, 0, 0, 0
0, 0, 0, 0, 0, 0, 0
0, 0, 0, 0, 0, 0, 0
8.87475375, 9.038453, 9.239611, 9.494275200000002, 9.741705049999998, 16.10021293, 24.370709
8.889468749999999, 9.0400815, 9.237115, 9.5019078, 9.741370649999999, 14.69174642, 52.853195
8.874190500000001, 9.041726, 9.242128750000001, 9.493897, 9.7104298, 14.670271, 19.373624
8.8822335, 9.035387, 9.227397750000002, 9.4683049, 9.6944878, 10.457833779999998, 19.373624
8.898505, 9.0489545, 9.256705, 9.5540888, 9.80188175, 14.39209222, 36.893046
8.87923, 9.0337625, 9.227989749999999, 9.489586000000001, 9.7342482, 14.905645829999994, 32.855096
8.87690175, 9.041008, 9.22215125, 9.4992931, 9.82894175, 16.4765028, 36.893046
8.889602, 9.038251500000001, 9.25329125, 9.5502688, 9.875016, 17.303906, 36.893046
8.88091675, 9.028127, 9.21445475, 9.4690378, 9.72328325, 14.002109669999998, 23.303856
8.88275575, 9.0432095, 9.233142, 9.5231726, 9.72631655, 13.737205269999999, 36.893046
8.88732975, 9.034527, 9.22739125, 9.477497000000001, 9.72328325, 10.881194970000001, 22.552578
8.88740525, 9.042075, 9.233763, 9.4953569, 9.728642200000001, 16.032387469999996, 32.855096
8.890918000000001, 9.047702000000001, 9.256856500000001, 9.5519025, 9.8928391, 16.050663, 32.855096
8.86431375, 9.004175, 9.1896635, 9.502734, 10.133210049999997, 11.999339, 35.734803
8.86667225, 9.0030655, 9.17295075, 9.42016, 9.929907999999998, 11.96145763999999, 35.487972
8.8674, 9.007458, 9.17349475, 9.4505011, 9.973715, 12.257427629999995, 29.227148
8.87124025, 9.008089, 9.187517999999999, 9.441657099999999, 9.94641365, 12.070439959999998, 29.227148
8.868863750000001, 9.005358999999999, 9.176628000000001, 9.445860999999999, 9.99826285, 11.780336179999992, 35.487972
8.8640925, 8.9981035, 9.1737455, 9.4449188, 9.87038265, 11.970619969999992, 37.448702
8.86915, 9.007208, 9.18551625, 9.451941900000001, 9.953080649999999, 12.054610679999996, 37.448702
8.8687625, 9.002078000000001, 9.16950975, 9.4101007, 9.81856505, 11.898120379999993, 33.51644
8.863342, 8.998429, 9.17731725, 9.482848200000001, 10.08911765, 11.993545, 35.330604
8.862984, 8.9966545, 9.169545750000001, 9.458363, 9.929915249999999, 12.277909739999998, 37.448702
8.86192025, 9.000258500000001, 9.178972, 9.437926599999999, 9.853442, 11.938814469999995, 35.330604
8.870454, 9.005317999999999, 9.178288, 9.4731823, 10.087531, 12.348452759999994, 37.448702
8.86869325, 9.0038935, 9.187482, 9.4309285, 9.994589549999997, 11.897930429999999, 35.734803
8.86265925, 8.996866, 9.170986, 9.4151656, 9.810388099999999, 11.897877, 29.227148
8.8729545, 9.0041795, 9.174539000000001, 9.4614283, 9.918332, 11.962008759999977, 35.734803
8.86845275, 9.002993, 9.171033, 9.453209, 9.929366, 11.810147879999995, 35.330604
8.863889, 9.0070495, 9.18209, 9.450016, 10.00536, 12.054631639999997, 35.734803
8.86048975, 8.9972305, 9.177047, 9.4191824, 9.946236, 11.932545, 24.923449
8.867063, 8.9982385, 9.17379575, 9.4718092, 9.941505699999997, 12.312431989999995, 35.734803
8.86782525, 9.002561, 9.17894875, 9.4686504, 10.041665, 12.071412479999976, 37.448702
8.866711, 9.003046999999999, 9.184515, 9.4608703, 9.9923587, 12.17147227999996, 37.448702
8.863435, 9.004527, 9.1813675, 9.4390328, 9.9407, 11.894960639999992, 24.923449
8.866556000000001, 9.001728, 9.1750155, 9.427106100000001, 9.885056299999997, 11.897930429999999, 35.487972
8.873126000000001, 9.014050000000001, 9.1966085, 9.4810989, 10.095906, 11.874662979999995, 35.734803
8.86249825, 8.994430000000001, 9.16288925, 9.4133833, 9.85096725, 11.668565450000001, 37.448702
8.86991025, 9.007716, 9.178994, 9.420288099999999, 9.870684199999998, 11.932605699999998, 37.448702
8.858771, 9.000557, 9.1764525, 9.471563699999999, 10.057531549999998, 11.993640439999997, 37.448702
8.794337, 9.0538865, 10.214815, 11.6611539, 12.436106, 14.736726850000004, 19.563106
8.783126249999999, 9.0474325, 10.259132999999999, 11.642031, 12.44051265, 15.021853340000016, 18.677002
8.78900425, 9.0458565, 10.249244000000001, 11.6407854, 12.426091, 14.663581240000012, 26.889073
8.7831985, 9.036151, 10.189340999999999, 11.564290800000002, 12.318889, 14.648465670000004, 26.889073
8.790105, 9.0441615, 10.278133, 11.597828100000003, 12.383578, 14.901789, 26.889073
8.783518, 9.034582, 10.11114675, 11.5862431, 12.50278965, 14.815255450000002, 19.563106
8.781704, 9.0391705, 10.25528425, 11.665227900000001, 12.5556356, 15.0498376, 19.563106
8.6563215, 9.126984, 10.801449, 12.50979, 14.06423934999999, 17.79467722000002, 38.813544
8.64909, 9.1312075, 10.83175, 12.440258, 14.133980949999998, 18.188937, 38.813544
8.652642, 9.1276625, 10.81987625, 12.426609800000001, 14.158531049999999, 17.930662, 38.404747
8.64131425, 9.086446500000001, 10.74203975, 12.4265521, 13.960113, 17.54854506000002, 38.813544
9.099157, 11.212465, 14.0649205, 17.285114, 19.706059, 25.87248711000001, 39.815707
9.1249915, 11.206194, 13.988205, 17.2618723, 19.820696299999987, 25.56975163000001, 44.22794
9.138264750000001, 11.2881515, 14.013010000000001, 17.252476100000003, 19.706059, 26.31293059000004, 40.625286
9.113677, 11.233979999999999, 14.14064975, 17.405764, 19.714086, 25.172031160000003, 44.22794
9.155882, 11.292216, 14.276782749999999, 17.542641100000004, 19.975911049999986, 26.015162, 38.509309
9.11456175, 11.3190595, 14.061389, 17.492331200000002, 20.00247365, 25.792145010000016, 44.22794
9.085298, 11.2076135, 14.09860675, 17.395163800000002, 19.718137, 26.226208, 44.22794
9.138264750000001, 11.288439499999999, 14.09442, 17.363342200000005, 19.937328999999977, 25.259970960000018, 44.22794
9.115582499999999, 11.201254, 14.1054395, 17.327799, 19.84025164999996, 26.206109, 44.22794
9.102697, 11.242978, 14.097078999999999, 17.434288, 20.008500099999992, 25.677274, 44.22794
9.098896, 11.261554, 14.234515, 17.6255349, 20.01937315, 26.564250540000003, 44.22794
9.1439755, 11.373315, 14.24293175, 17.568287, 20.00505045, 26.564250540000003, 44.22794
9.132405, 11.2908235, 14.1133225, 17.242970300000007, 19.642388, 25.464532, 40.625286
9.100464, 11.2881515, 14.1522215, 17.460678, 20.05933214999999, 25.607038, 40.625286
9.136063, 11.279103, 14.060525, 17.316394, 19.714086, 26.226208, 44.22794
9.113882499999999, 11.279436, 14.104613500000001, 17.2652033, 19.927271, 25.792494120000026, 44.22794
9.113951, 11.249662, 14.059913, 17.31861, 19.651466149999997, 25.185941900000003, 44.22794
9.09343925, 11.165011, 14.0594015, 17.3583994, 20.019821699999994, 26.124527060000016, 40.625286
9.098896, 11.231636, 14.060525, 17.513247200000002, 19.745184, 26.226208, 44.22794
9.092556, 11.139126, 13.930687, 17.462277600000007, 20.019433, 26.491884880000008, 44.22794
9.110354, 11.2141325, 14.141159, 17.512314, 19.905001, 25.907049, 39.815707
9.110852, 11.2398055, 14.07293, 17.304474, 19.797917, 25.018920580000017, 44.22794
9.116177, 11.2213, 14.140952, 17.4550999, 19.975911049999986, 26.312623880000032, 44.22794
9.100249250000001, 11.234425, 14.0649205, 17.375265, 19.918231699999957, 25.78762467000002, 44.22794
9.082339, 11.242978, 14.044433, 17.297558, 19.658904099999994, 25.100455, 44.22794
9.131255, 11.261554, 14.10436, 17.33012980000001, 19.819811, 26.206309990000005, 44.22794
9.136206249999999, 11.2644495, 14.07956825, 17.417718, 19.975074, 25.259970960000018, 44.22794
9.114504, 11.313971, 14.165830750000001, 17.547303200000005, 20.0270683, 26.508652, 40.625286
9.08610775, 11.1668475, 14.009528, 17.181971, 19.584617299999998, 24.698230310000003, 40.625286
9.1363725, 11.269329500000001, 14.130392749999999, 17.448374, 19.927697349999995, 25.908130130000025, 40.625286
10.157580249999999, 12.792002, 16.574193, 20.968499, 23.996224, 30.20235486000002, 43.791491
10.2364185, 12.8634, 16.73279, 21.264352, 24.100848, 30.87523, 43.791491
8.784563, 9.049898, 10.160557, 11.587369, 12.385116, 14.824984, 116.34073393364545
8.785802, 9.057887, 10.22091625, 11.6154512, 12.439778, 14.932628, 26.889073
8.789633, 9.06711, 10.22052, 11.623748, 12.423094, 14.938511, 26.889073
10.1833845, 12.773047, 16.6639485, 21.2360448, 24.260416, 30.309057, 106.40053994001313
10.164331, 12.859415, 16.53174375, 20.939579100000003, 23.771017699999998, 29.373301850000004, 43.791491
10.201588999999998, 12.77631, 16.55115575, 21.1435688, 23.805526, 30.672831840000008, 43.791491
10.196249, 12.750322, 16.46196925, 20.959845200000004, 24.022507, 29.652015, 43.791491
8.788431, 9.060868, 10.229946, 11.660798799999998, 12.492187, 15.236839039999936, 112.49849882040526
8.84073825, 9.007402, 9.26358425, 10.343038, 11.396983, 13.320056, 99.54752392739172
8.846122, 9.012495, 9.279258, 10.430045, 11.534492, 13.268407, 37.448702
8.72769675, 9.0831195, 10.5253735, 11.987579400000001, 13.240429049999992, 16.644732, 99.8042572104577
11.069539, 14.275071, 18.735358, 23.491487, 26.997874, 34.539292849999825, 113.9849578176436
11.03586475, 14.094696, 18.456429, 23.390840600000008, 26.680181899999997, 33.399947, 56.221419
11.020691, 14.2043315, 18.574715, 23.2398043, 26.391212249999988, 33.07211913000001, 47.131774
11.081308, 14.2240595, 18.71174275, 23.826423600000002, 27.147379, 34.377857360000036, 47.131774
8.643383, 9.130221, 10.837245, 12.498776, 14.07070275, 17.793896, 122.0976777217813
8.818578, 9.023514, 9.552738, 11.17328, 11.992821, 14.370167, 107.62772837769155
8.818935, 9.025288, 9.562715, 11.201885, 12.032867999999981, 14.400478080000008, 37.448702
8.8167265, 9.027771, 9.569203, 11.2150305, 12.039315, 14.33732819000003, 35.734803
8.7279385, 9.083028, 10.545409, 12.014736, 13.168784049999985, 16.615886, 105.40137530854878
11.040467, 14.175658, 18.631172499999998, 23.711450400000004, 27.02088094999996, 33.690468, 104.00957347567555
11.08322825, 14.2240595, 18.715309, 23.510648, 26.680089, 33.402938970000015, 56.221419
11.040467, 14.246873, 18.634282, 23.5530624, 26.596682, 33.39079148, 56.221419
11.13227725, 14.172911, 18.529867, 23.641485900000003, 26.828846, 33.577487170000005, 56.221419
8.730581, 9.083861, 10.53911075, 11.986189, 13.066528549999996, 16.335490660000012, 104.27917035445296
8.84322975, 9.0102, 9.263908, 10.384804, 11.505886, 13.412362099999974, 106.43374078971794
8.870358, 9.010311, 9.192159, 9.4658882, 9.876282349999995, 12.047984, 100.48495557483936
8.869276, 9.010663000000001, 9.192439, 9.460722, 9.859994799999997, 11.958562, 52.853195
8.865295, 9.004557, 9.176906, 9.44578, 9.97255, 11.95836252999996, 96.13145420212967
8.786061, 9.05885, 10.228824249999999, 11.643211, 12.388150250000002, 14.995672370000051, 104.69033955048042
10.1794175, 12.832362, 16.7661095, 21.26886, 23.858370599999997, 30.309057, 103.9740978778036
10.185149, 12.706783, 16.5428355, 20.919673, 23.93826659999999, 30.292728, 43.791491
10.16261025, 12.7563755, 16.547473, 21.06888, 23.717088, 29.61283377000001, 43.791491
10.251053, 12.896059, 16.81633725, 21.104708500000005, 23.897907199999988, 29.652015, 43.791491
8.78856, 9.050492, 10.1983645, 11.625310199999998, 12.440311, 14.932628, 93.73259025217185
8.864503, 9.004266, 9.1813685, 9.460099, 9.992619, 12.007767, 108.46097362897515
8.868137, 9.00472, 9.179931, 9.454415, 9.965311, 11.932675, 37.448702
8.787855, 9.054306, 10.230541, 11.660993, 12.460371, 14.96492, 107.02933880315628
10.124077, 12.774936, 16.530818, 20.919673, 23.747454, 30.425338, 103.07771522889581
10.221413, 12.894119, 16.531196, 20.976877, 23.748622299999983, 30.043322500000034, 43.791491
11.020773, 14.16381, 18.426197, 23.382307, 26.724808, 33.543702, 56.221419
10.88477, 14.177957, 18.752824, 23.7433909, 26.922353349999998, 33.543702, 56.221419
8.72694825, 9.0620425, 10.490022, 11.981595, 13.111625449999995, 16.7835, 120.31281764858059
8.866484, 9.002561, 9.178965, 9.449913, 9.95964609999999, 11.999339, 100.35681496157697
8.8709095, 9.0143955, 9.1993205, 9.482734, 9.879181, 12.279502019999947, 52.853195
8.870526, 9.012027, 9.19529475, 9.468295, 9.860295, 12.328194899999996, 37.448702
8.781864, 9.049898, 10.240888, 11.633763, 12.492187, 15.027702, 100.71881844914296
10.218663, 12.894304, 16.7325345, 21.253307, 23.942204099999994, 29.718428, 110.3339236836417
10.107579999999999, 12.77741, 16.650046749999998, 20.798548, 23.775384699999993, 30.20000452, 43.791491
10.206541, 12.831713, 16.50669525, 20.920112, 23.858596, 30.41766055, 43.791491
10.133062, 12.779362, 16.53174375, 20.768338800000006, 23.607787, 30.04174, 43.791491
8.787563, 9.049575, 10.2123625, 11.633763, 12.3959, 14.782504979999988, 117.87006713885876
8.86622, 9.003607, 9.178997, 9.449547, 9.973715, 11.938615, 105.6958112406856
8.864984250000001, 9.002317, 9.176435, 9.445925, 9.956335899999997, 11.932546299999998, 37.448702
8.78437, 9.048128, 10.18809675, 11.613494, 12.385116, 14.953882, 122.60367449974166
10.169381, 12.83682, 16.650926499999997, 21.114484000000015, 23.914962, 30.425338, 106.39668984423557
10.201588999999998, 12.826753, 16.65282625, 21.1200654, 23.856342, 30.04174, 40.498626
10.215611, 12.836558, 16.469394, 20.88970010000001, 23.882069899999987, 30.20000452, 38.887788
10.093574499999999, 12.694989, 16.432651, 20.902716, 23.92753635, 29.652015, 40.498626
8.786584, 9.057744, 10.217979, 11.642939, 12.454557, 14.953882, 109.86136741973854
8.864491, 9.0032085, 9.180702, 9.450355, 9.961562799999994, 11.970199829999983, 114.68642215278675
8.869135, 9.003639, 9.178965, 9.44659, 9.9407, 11.932545, 37.448702
8.788432, 9.057212, 10.233637, 11.673454900000001, 12.474621100000002, 14.873687, 107.3989207452134
10.191153, 12.838684, 16.731933499999997, 21.196098600000003, 24.020829, 30.29087323999996, 96.75057490817179
10.21644025, 12.871189999999999, 16.541444, 20.965022, 23.72926814999999, 30.043322500000034, 43.791491
10.185097, 12.880036, 16.60441725, 21.117449500000003, 23.881282, 29.718733860000007, 43.791491
10.187644, 12.822077, 16.737989, 21.236047, 23.944038799999998, 30.709644, 40.498626
8.78464, 9.05576, 10.221427, 11.640903199999995, 12.472029899999999, 15.092970839999984, 118.44512232070483
8.8675555, 9.0039725, 9.18139, 9.462214, 10.0137086, 11.999281059999989, 98.86425206470207
8.863941, 9.000519, 9.17384, 9.433928, 9.918332, 12.054451, 37.448702
8.788515, 9.0613335, 10.229351, 11.625699, 12.426091, 14.93845217000001, 99.37625094714575
10.204906, 12.873258, 16.747312, 21.325087600000003, 24.3088341, 30.417583, 121.44899678831986
10.188447, 12.860302, 16.678096, 21.1969878, 24.022860749999996, 29.750277770000025, 43.791491
10.17873275, 12.76629, 16.57396425, 21.1434898, 23.787914899999986, 30.20235486000002, 43.791491
10.197007, 12.89088, 16.66262975, 21.264802800000002, 24.16166104999999, 30.309057, 43.791491
8.7885375, 9.058169, 10.2238425, 11.66043, 12.465175199999996, 14.964699239999995, 103.55310508432892
8.866778, 9.002709, 9.17927375, 9.458287, 10.003491, 11.961049869999995, 102.0228264136817
8.845868, 9.012867499999999, 9.27388725, 10.402573199999997, 11.510965449999988, 13.455704910000016, 37.448702
8.728288, 9.074949, 10.50790825, 12.001102200000005, 13.206346199999995, 16.576725, 101.01656279132594
11.050928, 14.178656, 18.5772785, 23.295668, 26.82876335, 33.131433, 105.93730366154841
11.01569325, 14.094696, 18.347764, 23.1995063, 26.39036, 33.916753, 56.221419
11.0151615, 14.195745, 18.699382, 23.597502, 26.725127599999993, 33.543702, 47.131774
11.025818, 14.222227499999999, 18.71871425, 23.4919397, 26.596682, 33.649515, 56.221419
8.729674, 9.07365, 10.511915, 11.9746474, 13.103380899999989, 16.576445, 102.05325894428636
8.843687, 9.0102, 9.277236, 10.400709, 11.513672, 13.341558969999998, 93.28662488927513
8.866778, 9.0032625, 9.178994, 9.463549, 9.980987, 11.993545, 37.448702
8.868566, 9.002561, 9.178678, 9.437902, 9.927125549999998, 11.932675, 37.448702
8.789554, 9.053201, 10.223651, 11.640647, 12.471264, 15.049793, 102.82414148883342
10.198794, 12.868869, 16.5724285, 21.066989800000012, 24.029582, 30.309057, 114.73149757468364
10.168041, 12.769938, 16.550734, 21.072807, 23.786988, 30.71098672000003, 43.791491
10.09114, 12.700631, 16.65006625, 21.050064500000005, 23.91559064999999, 30.67246, 43.791491
10.164331, 12.815374, 16.716368, 21.264802800000002, 24.201219, 29.904429, 43.791491
8.786217, 9.047103, 10.223942, 11.657303199999998, 12.476371, 14.831535, 111.00888736194914
8.868778, 9.004629, 9.183131, 9.4499033, 9.965311, 11.970292, 117.54727347330936
8.866547, 9.003801, 9.178767, 9.442472, 9.961654, 12.007767, 37.448702
8.783448, 9.048128, 10.220941, 11.6546698, 12.476290100000002, 15.277488730000007, 103.51876600375732
10.206125499999999, 12.788523, 16.5209785, 20.9210582, 23.803672199999994, 29.749014, 105.36302054783057
10.200738999999999, 12.843361, 16.65672125, 21.170377, 24.044883, 29.513669, 43.791491
10.167639000000001, 12.8466685, 16.713179, 21.139471, 24.030696849999998, 29.61283377000001, 43.791491
10.941830249999999, 14.089075, 18.5172175, 23.511660200000005, 26.69588524999998, 33.69273085000005, 56.221419
8.72706275, 9.0756875, 10.513517, 11.978240300000001, 13.112734, 16.5767166, 115.50607167019305
8.843651, 9.014, 9.276564, 10.404905099999999, 11.462275699999992, 13.439144, 96.60667412263243
8.844667, 9.012504, 9.273165, 10.436746, 11.526434, 13.32789585000001, 37.448702
8.726974, 9.084253, 10.539176, 12.030261, 13.155389, 16.30441239999999, 103.52077769611279
11.07602, 14.245103, 18.6536015, 23.302593, 26.511009, 33.649515, 104.44467229858208
11.039857, 14.168137, 18.544808, 23.2957682, 26.412433549999996, 32.72283, 56.221419
11.03783775, 14.233785, 18.559928, 23.4916823, 26.58639824999999, 33.390699, 56.221419
11.031468, 14.195852, 18.516777, 23.597439, 26.818698, 34.28192869000002, 47.131774
8.7282185, 9.076375, 10.504042, 11.957103, 13.103380899999989, 16.37770961000002, 98.2108825355139
8.845178, 9.012867499999999, 9.271018, 10.419862, 11.540234, 13.340764, 87.72160178925908
8.843381, 9.012955, 9.271018, 10.39813, 11.50559, 13.341824, 37.448702
8.845015, 9.010464, 9.268876, 10.365985, 11.487386, 13.32789035000001, 37.448702
8.722211, 9.0741715, 10.47929575, 11.977500100000004, 13.112707349999997, 16.605728, 102.20248177588897
11.084711, 14.274112, 18.702486, 23.577024300000012, 26.850768049999974, 33.60463, 106.64356533544502
11.134122, 14.2209985, 18.629864, 23.641244, 26.824980299999996, 33.916753, 56.221419
11.15179, 14.289571, 18.62597, 23.29667, 26.731383549999997, 33.649515, 56.221419
8.789546, 9.061801, 10.233662500000001, 11.633763, 12.388296, 14.901789, 103.97211358830685
8.863903, 9.002202, 9.176435, 9.449444800000002, 9.961654, 11.958562, 95.7784970059771
8.873569, 9.021617, 9.211994, 9.478955, 9.812757449999992, 12.315773, 120.09331219439991
8.880005749999999, 9.03189, 9.224991, 9.508256200000002, 9.8082, 13.485379, 52.853195
8.872994, 9.015483, 9.197413, 9.473723, 9.83913, 11.972795, 83.15973937330094
8.8352585, 9.0190485, 9.358743, 10.8619196, 11.738414900000002, 14.005841, 106.97990051510378
9.115799, 11.239497, 14.098249, 17.34877620000001, 19.99054514999997, 26.226208, 91.0376305244625
9.116615, 11.2049135, 13.988038, 17.291438, 19.83876394999998, 25.569375, 39.815707
9.119364, 11.18966, 14.141116499999999, 17.458586100000012, 19.975911049999986, 26.016247410000023, 39.815707
9.093074, 11.214026, 13.929009749999999, 17.270220200000004, 19.874239, 24.931158070000038, 44.22794
9.11089775, 11.171503, 14.150048250000001, 17.562162, 20.122405499999992, 26.22855407000005, 44.22794
9.09420625, 11.262247, 14.066715, 17.431298, 19.89221, 25.678414630000024, 40.625286
9.123961, 11.259612, 14.1750555, 17.325111, 19.937648199999973, 25.46558043000002, 44.22794
9.12046875, 11.2485435, 14.1522215, 17.592909, 19.972802, 25.56975163000001, 44.22794
9.10878, 11.250395000000001, 14.06109925, 17.381132300000004, 19.675714, 25.907049, 44.22794
9.1346655, 11.243894, 14.00530025, 17.4347607, 19.782946249999974, 24.823948390000037, 44.22794
9.132374, 11.245794, 14.04991025, 17.461897600000007, 20.002346, 25.617047350000014, 44.22794
9.110313, 11.2281035, 14.076178500000001, 17.3253798, 19.718137, 25.46558043000002, 44.22794
9.14792, 11.323568, 14.113253, 17.452446, 20.091903149999947, 25.792494120000026, 40.625286
9.106745, 11.155362, 14.04812075, 17.299052, 19.874443449999998, 25.78762467000002, 44.22794
9.099274000000001, 11.2686595, 14.004313, 17.2618039, 19.673247, 24.93033449000002, 44.22794
10.26684775, 12.9150615, 16.838546, 21.264802800000002, 24.060605, 29.875391, 38.887788
10.1982055, 12.789646, 16.58667, 21.198867, 23.881282, 30.299877, 43.791491
8.783667, 9.05135, 10.240397, 11.628587, 12.419640799999984, 14.901789, 100.76839558010798
8.788897, 9.053782, 10.217937, 11.657958, 12.457268299999997, 14.944267119999985, 26.889073
8.783877, 9.048156500000001, 10.20798875, 11.63261, 12.436106, 14.902097389999952, 26.889073
10.1965075, 12.913372, 16.604109, 21.06888, 23.851742899999984, 29.904429, 98.32608188626456
10.198265, 12.840143000000001, 16.619654500000003, 21.072807, 23.975898899999986, 29.718428, 43.791491
10.18837225, 12.8634, 16.678096, 21.119002, 24.049037, 30.71098672000003, 40.498626
10.185149, 12.822171, 16.573888, 20.977012, 23.812763249999964, 30.20235486000002, 43.791491
8.786139, 9.051623, 10.223942, 11.6491002, 12.474753, 15.239759, 112.01497723828695
8.866778, 9.00418, 9.181367, 9.462921, 10.052266049999966, 12.223238, 116.10703324075467
8.865205, 9.002709, 9.176562, 9.439427, 9.9920315, 11.999339, 37.448702
8.786504, 9.050492, 10.242094250000001, 11.642031, 12.444344, 15.02763625000001, 107.1989557445828
10.146969, 12.788907, 16.661795, 20.987999, 23.772041999999992, 29.612438, 111.19401061796063
10.163668, 12.852703, 16.795519499999997, 21.117449500000003, 23.62358, 29.75056815000003, 40.498626
10.19673675, 12.8161025, 16.607139500000002, 21.072807, 24.029582, 30.292728, 38.887788
10.200959, 12.846074, 16.6757725, 21.178428, 23.927535, 30.04174, 43.791491
8.785015, 9.048128, 10.212233, 11.61575, 12.3959, 14.822824, 127.32595254861221
8.841888, 9.0112325, 9.27315725, 10.3587056, 11.423265399999998, 13.269272, 115.34020374070207
8.8455875, 9.012261, 9.274297, 10.434557499999995, 11.519887499999996, 13.463832, 37.448702
8.725408, 9.067575, 10.51902, 12.01479, 13.134982949999976, 16.378229, 107.53661835600944
11.085951, 14.2528, 18.665673, 23.662829, 26.787435, 34.376146, 107.92655157514507
11.041186, 14.168137, 18.456429, 23.303497800000006, 26.616767, 33.577213, 56.221419
10.95436825, 14.195881, 18.531199, 23.217852100000005, 26.447891799999994, 33.247217, 56.221419
10.943753749999999, 14.156114, 18.470305, 23.552203, 26.790082, 33.555206, 56.221419
8.729935, 9.088055, 10.552202, 12.0408664, 13.234206499999997, 16.39455724, 120.48347519171973
8.842336750000001, 9.008962, 9.270579, 10.4052392, 11.439103, 13.212224849999993, 98.57400389483658
8.847471500000001, 9.013564, 9.277236, 10.431853, 11.520729549999992, 13.463324130000002, 37.448702
8.84401675, 9.011157, 9.270244, 10.364679, 11.436912, 13.492697620000008, 37.448702
8.730981, 9.06927, 10.5202185, 11.997125500000006, 13.120027999999992, 16.393789, 108.99272796907027
10.179416, 12.766249, 16.616031, 21.085878, 23.936732999999997, 29.999317, 123.35852774015954
10.1525865, 12.860302, 16.683312, 21.1785135, 24.045090699999996, 30.02628262000004, 43.791491
10.159557, 12.832362, 16.647168, 21.059429, 23.717088, 30.043322500000034, 43.791491
10.166602750000001, 12.799799499999999, 16.627799, 20.976862, 23.914962, 30.043322500000034, 43.791491
8.784751, 9.054426, 10.229274, 11.671818, 12.469801, 15.027570499999996, 91.11163608449884
8.867979, 9.003025, 9.178934, 9.44343, 9.953155549999998, 11.958562, 101.77041611322703
8.866711, 9.002618, 9.175607, 9.439364, 9.965311, 12.007767, 37.448702
8.781575, 9.047295, 10.211811749999999, 11.631766000000004, 12.449738, 14.953882, 100.59385549143879
10.154513, 12.724816, 16.6045485, 20.993005, 23.943223399999997, 29.508974, 106.88069932035991
10.194279000000002, 12.899912, 16.653013, 21.322982, 24.033214, 30.310142260000024, 40.498626
10.187006, 12.824724499999999, 16.65282625, 21.150256, 24.029582, 30.711299860000036, 40.498626
10.21597025, 12.810514, 16.664081, 20.987999, 24.021266649999994, 30.20000452, 40.498626
8.791836, 9.054306, 10.230541, 11.628009399999998, 12.404542, 14.932011219999985, 114.0055307640644
8.8672425, 9.005046, 9.181743, 9.458287, 10.004442, 12.047984, 111.10895106194222
8.8638465, 9.000893, 9.178158, 9.450355, 9.972295, 11.999339, 37.448702
8.78378975, 9.0467975, 10.2155, 11.671818, 12.490727, 14.953882, 106.01720363425427
10.193808, 12.794052, 16.580501, 21.119002, 24.033214, 29.872251739999932, 115.71528945350667
10.236426, 12.920928, 16.752029, 21.236047, 24.202235, 30.844229140000007, 40.498626
10.243399, 12.8359965, 16.56378675, 20.913805200000002, 23.7215781, 30.689615, 43.791491
10.23700575, 12.898555, 16.713179, 21.378673, 24.192481, 30.417583, 43.791491
8.784405, 9.050433, 10.221427, 11.657958, 12.46936419999999, 14.938511, 118.43369947885617
8.866432999999999, 9.004921, 9.180355, 9.451816, 9.940314299999978, 11.932673699999999, 97.85654391607704
8.8712005, 9.012914, 9.19828275, 9.465835, 9.8534882, 12.073487519999844, 37.448702
8.791367, 9.053068, 10.215979, 11.6475, 12.421048, 14.944113410000009, 119.80248636537584
10.2165225, 12.852808, 16.716368, 21.378673, 24.065157, 30.308873399999996, 113.37590538917661
10.20868875, 12.918448, 16.710881, 20.959845200000004, 24.022860749999996, 30.20000452, 40.498626
10.17927225, 12.882075, 16.604109, 20.9197169, 24.02963395, 30.024528, 38.887788
10.178841, 12.805765999999998, 16.648326, 21.060374100000004, 23.810351, 30.58677380000002, 43.791491
8.791179, 9.060942, 10.238835, 11.654684, 12.469801, 14.938393339999998, 108.60765366161289
8.865610499999999, 9.002467, 9.177047, 9.444951099999999, 9.951734, 11.932545, 119.56931903253843
8.865721, 9.003826499999999, 9.175445, 9.458109, 9.973715, 11.970292, 37.448702
8.784536, 9.0514865, 10.21686, 11.63261, 12.421048, 14.995672370000051, 118.29959458319402
10.141699, 12.798581, 16.501704, 21.13750400000001, 23.881282, 30.024528, 124.41677810406037
9.118958, 11.161644500000001, 13.910855000000002, 17.26518, 19.611595749999992, 25.185808, 44.22794
9.11540925, 11.2177285, 13.969830000000002, 17.210239100000006, 19.599752999999996, 25.78762467000002, 44.22794
9.12046875, 11.288996, 14.0925275, 17.4011065, 19.759549299999986, 25.786816660000003, 44.22794
9.122391749999998, 11.259235499999999, 14.0803205, 17.321376, 19.862456, 25.56975163000001, 44.22794
9.141293, 11.2975055, 14.14282775, 17.417718, 19.862456, 25.269145610000027, 44.22794
9.11572525, 11.1662385, 13.98881575, 17.379379500000002, 20.051031499999997, 25.786816660000003, 39.815707
9.115764, 11.259910000000001, 14.191713, 17.547303200000005, 19.897960549999997, 26.206109, 40.625286
9.112501, 11.256453, 14.141166, 17.412054, 20.01937, 26.46129337000001, 40.625286
9.07644175, 11.1929145, 13.9708905, 17.2995723, 19.781869, 25.87248711000001, 40.625286
9.105079499999999, 11.306492, 13.949607499999999, 17.3583994, 19.706871, 25.60713201, 44.22794
9.11081125, 11.2553345, 14.075138, 17.304474, 19.797086, 25.464532, 39.815707
9.113673250000002, 11.219939, 14.011948, 17.357815, 19.611595749999992, 25.872567300000007, 44.22794
9.108569, 11.281239, 14.123389, 17.434288, 19.67326735, 25.386125990000004, 44.22794
9.107936, 11.253902499999999, 14.26304375, 17.596826, 20.00505045, 25.907049, 44.22794
9.084598, 11.205890499999999, 14.08532025, 17.4550999, 19.837517, 25.56975163000001, 44.22794
10.132054, 12.816439, 16.6566335, 21.104708500000005, 23.775384699999993, 29.613497900000024, 43.791491
10.178841, 12.7819735, 16.552421, 20.940744300000006, 23.7215781, 30.024700120000002, 43.791491
10.18671525, 12.871932, 16.752566, 21.196779, 24.016239549999995, 30.71098672000003, 38.887788
8.790794, 9.059111, 10.230986, 11.653518, 12.440311, 14.96492, 112.50726011838611
8.788897, 9.05885, 10.242432, 11.642939, 12.457268299999997, 14.96492, 26.889073
8.787271, 9.061871, 10.227706, 11.636392, 12.413306599999995, 14.82504950999999, 26.889073
10.1658455, 12.871186, 16.841729, 21.238, 23.991758199999992, 29.71709973999997, 101.95095162714397
10.201797, 12.872767, 16.662146, 21.220670300000005, 23.938058799999993, 30.844229140000007, 43.791491
11.038262, 14.1738775, 18.690635, 23.513411, 26.768682, 34.54850986000003, 56.221419
11.00428925, 14.168137, 18.605182, 23.493697400000002, 26.818698, 33.64992453000001, 56.221419
8.726084, 9.0756875, 10.493293000000001, 11.964478, 13.022908, 16.59340124000002, 117.48925816818173
8.842098, 9.010032, 9.268801, 10.370942, 11.470237, 13.168986099999987, 112.48466837892997
8.819725, 9.028831, 9.584048, 11.205834, 12.073549, 14.471090550000037, 37.448702
8.820324, 9.025355, 9.576693, 11.22872, 12.063364, 14.400444, 35.734803
8.642476, 9.132194, 10.8023485, 12.393789599999998, 13.994813, 17.786953, 115.3459722373511
12.84140425, 17.279727, 22.826622, 28.601764400000018, 32.81776, 40.56613070999995, 106.37223197814606
12.7060845, 17.072762, 22.75021, 28.66471, 32.804319, 40.376853, 64.049625
8.642763, 9.119585, 10.792807, 12.408001, 13.93484, 17.644383, 114.75712043148154
8.817371, 9.020969, 9.570013, 11.201779, 12.054451, 14.423519, 104.67911432887678
8.864727, 9.002518, 9.176161, 9.445592, 9.992015, 11.993545, 119.56029319921902
8.87278, 9.015521, 9.203177, 9.477088, 9.844719, 12.279171, 125.64698096562802
8.868601, 9.004037, 9.178128, 9.456761, 9.97255, 11.970292, 108.82280104507129
8.820047, 9.026117, 9.59499425, 11.189834, 12.01098224999999, 14.163847, 92.6942886604089
8.647156, 9.147789, 10.843635, 12.500241, 14.09337, 17.802213, 100.87284010834418
10.939975, 14.0565865, 18.52781, 23.750068300000006, 26.828846, 33.40215472, 114.36705184801895
11.069539, 14.192924, 18.744929, 23.6527376, 27.025948949999982, 34.377857360000036, 56.221419
11.021163, 14.268055, 18.62597, 23.369901200000005, 26.751141199999985, 33.555206, 56.221419
10.98811, 14.143038, 18.5165535, 23.382801200000003, 26.585857, 33.92024883000008, 47.131774
8.725406, 9.07647, 10.526137, 11.972366, 13.126354649999994, 16.570951, 121.19460911013773
8.844249, 9.0129675, 9.27504875, 10.382987, 11.464006, 13.340292, 112.69157008062955
8.87509, 9.021528, 9.214534, 9.486738, 9.816587, 12.277690109999957, 98.82155144600486
8.87539, 9.0210245, 9.211067, 9.483975, 9.823088, 12.372486, 52.853195
8.865428, 9.00341, 9.17785775, 9.445592, 9.9926053, 11.961075, 99.80146461362872
8.790314, 9.066585, 10.270246499999999, 11.708687, 12.539542250000004, 14.964809620000016, 92.69630120979913
10.1339995, 12.822265, 16.604109, 20.94890360000004, 23.914962, 29.904429, 118.34583410564755
10.196249, 12.805485999999998, 16.67662225, 21.072807, 24.044883, 30.417583, 43.791491
10.191859, 12.846074, 16.685625, 21.26886, 24.192481, 29.875391, 43.791491
10.185461, 12.8942115, 16.718581750000002, 21.171182100000003, 23.882069899999987, 30.844229140000007, 40.498626
8.784007, 9.050433, 10.225062, 11.6512856, 12.383578, 15.093761, 112.03305136363342
8.865049, 9.0032085, 9.17874475, 9.457004, 9.96512814999999, 11.958562, 98.60997617108858
8.866484, 9.003607, 9.1797975, 9.457004, 9.981216599999998, 11.993545, 37.448702
8.781669, 9.0536925, 10.223743, 11.66043, 12.454390250000001, 14.94417, 101.30400288710646
10.237199, 12.847263, 16.7276445, 21.236047, 24.190784199999996, 30.308730419999993, 116.57601327915472
10.159557, 12.794970500000002, 16.57553325, 21.006601, 23.607787, 29.50902095, 40.498626
10.164331, 12.852266, 16.570969, 20.977012, 23.914962, 30.417583, 40.498626
10.058429, 12.673283, 16.538008249999997, 20.939069, 24.032138, 29.904429, 43.791491
8.7871705, 9.057737, 10.22719, 11.6475, 12.3959, 14.8249408, 106.50991069738453
8.86659475, 9.002033, 9.179315, 9.449547, 9.992015, 11.961075, 115.08661388873053
8.862698, 8.999246, 9.173722, 9.4402319, 9.951734, 11.961075, 37.448702
8.836817, 9.019293000000001, 9.38367225, 10.875123, 11.7805633, 13.98021615, 93.99724916694353
10.19475, 12.732646, 16.701874, 21.238, 24.049037, 30.19999, 101.25222612388298
10.178199750000001, 12.766331, 16.64744125, 20.970390400000003, 23.974966, 29.875681380000007, 43.791491
10.187644, 12.77495, 16.635707, 21.010843300000015, 23.85973029999998, 29.999317, 40.498626
10.1988445, 12.798581, 16.547473, 21.143695, 24.030696849999998, 30.843916, 43.791491
8.786504, 9.053087, 10.244597500000001, 11.6503662, 12.439778, 14.736624, 116.97264368206751
8.863137, 9.000519, 9.1737965, 9.441303, 9.969382, 11.961049869999995, 113.23847412120891
8.866735, 9.004266, 9.18139, 9.4457945, 9.961654, 12.047984, 37.448702
8.788897, 9.059646, 10.220221, 11.647430100000001, 12.47207245, 14.901086460000114, 105.37454906304015
10.169381, 12.774936, 16.685552, 21.31211, 24.306609, 30.689615, 110.629461892427
10.167639000000001, 12.794970500000002, 16.635707, 21.122542000000006, 23.858596, 29.749014, 43.791491
10.19475, 12.7749025, 16.526809, 20.970390400000003, 23.993624, 30.883530750000002, 43.791491
10.179994, 12.885333, 16.603755, 20.969808, 23.974966, 30.310142260000024, 43.791491
8.786061, 9.065998, 10.246592, 11.671043, 12.424576299999996, 14.932628, 111.60785396887377
8.865428, 9.003628, 9.17915, 9.4459105, 9.972537249999998, 11.938615, 106.54827544058693
8.868625, 9.004208, 9.18332825, 9.462983800000002, 10.0297696, 12.054451, 37.448702
8.787120250000001, 9.053603, 10.215759, 11.631766000000004, 12.421048, 14.901789, 105.19861838527277
10.163014, 12.741277, 16.541444, 21.040539400000046, 23.724221, 29.718428, 109.89479545229464
10.122739, 12.7692005, 16.64827725, 20.8088489, 23.648123899999998, 29.500268, 43.791491
10.216231, 12.768828, 16.4558885, 20.750026700000006, 23.525797949999994, 29.718428, 43.791491
10.19587425, 12.747278, 16.526438, 21.006601, 23.786988, 30.299877, 43.791491
8.785778, 9.063906, 10.227706, 11.6733558, 12.478601199999995, 14.995983, 110.29440643975063
8.846459249999999, 9.014077, 9.272599, 10.4299234, 11.5284283, 13.364675829999976, 98.91883804665062
8.842049249999999, 9.0091645, 9.267667, 10.405991099999998, 11.480448, 13.47235, 37.448702
8.7271435, 9.06881, 10.506886, 12.033137, 13.219306, 16.378055869999965, 114.08239357248743
11.023513, 14.215892, 18.61605875, 23.297621000000003, 26.765912399999973, 33.543702, 107.68861894236518
12.765926, 17.362811, 22.868289, 28.798596500000002, 32.818137099999994, 40.847788, 61.050041
12.668531999999999, 17.2802825, 22.952872, 29.066158, 33.199187, 40.650151, 64.049625
8.64735, 9.112278, 10.794076, 12.435457500000002, 14.059167599999999, 17.78373994000009, 119.6084697212911
8.816998, 9.025486, 9.562462, 11.183674, 12.014736, 14.189961, 99.00219802835728
8.864473, 9.003191, 9.180616, 9.445925, 9.965311, 11.958562, 96.32639173366898
8.873663, 9.018266, 9.206274, 9.476799, 9.82576, 12.169767, 114.36980911156184
8.865974, 9.002868, 9.176826, 9.454415, 9.96512814999999, 11.970292, 105.81290826053834
8.817448, 9.023865, 9.575689, 11.221601, 12.06302049999998, 14.527426, 103.9330229650492
8.647782, 9.137233, 10.840676, 12.418864, 14.039873, 17.786971, 118.7865479188134
12.709914, 17.199147500000002, 22.859962250000002, 29.149768, 33.3816, 40.84299552999998, 108.41090532679061
12.768559999999999, 17.337186, 23.050179, 28.659173, 33.351729, 40.389799, 64.049625
8.64713, 9.1286245, 10.792518, 12.374879600000007, 13.967338, 17.786971, 109.66417689086147
8.821170500000001, 9.025415, 9.5647565, 11.197547, 12.056392600000002, 14.351801, 115.74741387277527
8.864727, 9.003226, 9.175853, 9.44343, 9.972295, 11.999339, 92.7501381013964
8.874476, 9.018875, 9.205756, 9.480522200000001, 9.875016, 12.223238, 110.10968566933819
8.866547, 9.003628, 9.179745, 9.450355, 9.972295, 11.999339, 109.87796118697115
8.81858225, 9.022543, 9.572778, 11.195717, 12.027306, 14.423519, 94.21512743586128
8.6443795, 9.133437, 10.8174155, 12.4796632, 14.079938, 17.921311039999985, 109.03951067557425
12.780678, 17.201267, 22.742726, 28.740389, 32.974979, 40.648450989999965, 103.21922397686838
12.842922, 17.242684, 23.027076, 29.282476800000005, 33.52531569999998, 41.107663, 61.050041
8.64766575, 9.119646, 10.81620025, 12.42623, 14.062389, 17.79368825000001, 109.61319886833704
8.81845, 9.025881, 9.56978, 11.197439, 12.007947, 14.331779, 103.73585728259583
8.868245, 9.003507, 9.180358, 9.460468, 9.994071, 11.970292, 115.14355022807109
8.873434249999999, 9.01684, 9.204421, 9.476397, 9.843266, 12.330439100000012, 114.31113163875662
8.870076, 9.012504, 9.191919, 9.466553, 9.881233, 11.999339, 75.00218823632397
8.845184, 9.012386, 9.2687995, 10.357692700000001, 11.452365, 13.439144, 105.1913716808298
8.726944750000001, 9.0767065, 10.515562, 11.991683200000008, 13.120155, 16.348581, 102.41313395914037
11.00428925, 14.276094, 18.531199, 23.388599, 26.526264, 33.54235694999998, 103.51609461801188
10.95901125, 14.2087285, 18.535177, 23.375053100000006, 26.68069339999999, 33.55542607, 56.221419
11.049082, 14.200649, 18.441901, 23.295666, 26.680089, 34.266336, 56.221419
11.007645, 14.185681500000001, 18.6299315, 23.514146900000004, 26.682458499999992, 33.64992453000001, 47.131774
8.72793375, 9.06997, 10.500138750000001, 12.007434, 13.215194649999985, 16.604807, 110.94026334775829
8.845891, 9.012178, 9.274297, 10.419862, 11.511295, 13.259494, 94.80651592262694
8.869287, 9.012673, 9.195185, 9.478324, 9.910716, 12.312273, 119.3828054998712
8.869466, 9.010952, 9.196385, 9.476134, 9.884465, 12.048048670000012, 37.448702
8.845009, 9.0107245, 9.2745, 10.42908, 11.526405599999999, 13.352963479999977, 119.50551510747619
8.72699775, 9.070371999999999, 10.52552875, 12.005596200000006, 13.150815, 16.60469809999998, 97.1174651552129
11.052397, 14.2620655, 18.66117975, 23.652727, 26.828846, 34.280977, 104.41779655607837
11.006418499999999, 14.251293, 18.610672, 23.49344, 26.68256779999999, 33.47407047000001, 56.221419
11.001422, 14.177957, 18.7558235, 23.73139, 26.791512799999982, 33.390699, 47.131774
8.73265775, 9.08343, 10.549817000000001, 12.023216900000001, 13.240556, 16.605728, 111.37715284113034
8.843555499999999, 9.011834, 9.271018, 10.382301, 11.487471249999984, 13.314072, 105.02562741287971
8.8698315, 9.011539, 9.19479, 9.466564700000001, 9.896291, 11.970292, 104.71649864179736
8.87018975, 9.014473, 9.197237, 9.4717667, 9.882834799999992, 12.054451, 52.853195
8.866778, 9.00448, 9.17895725, 9.45891, 10.013454, 11.961049869999995, 88.36743518914395
8.784188, 9.046956, 10.185431999999999, 11.621813400000004, 12.381513000000002, 14.822747550000013, 117.57593257575991
10.140288, 12.832362, 16.661795, 20.986408, 23.91316979999999, 29.747074019999957, 116.50847223378146
10.2087535, 12.779362, 16.603755, 20.919448, 23.805526, 29.500268, 40.498626
10.194279000000002, 12.868869, 16.620482250000002, 20.994364600000004, 23.92753635, 29.61283377000001, 43.791491
10.222123999999999, 12.96067, 16.7845, 21.119167899999997, 24.0209129, 30.310219810000024, 38.887788
8.789632, 9.065998, 10.248715, 11.675784, 12.472029899999999, 15.049793, 112.53557974556406
8.8672425, 9.003801, 9.18035725, 9.457346, 9.97255, 12.00305149999999, 99.76184026801255
8.865751, 9.002709, 9.178865, 9.458109, 9.985900799999994, 11.958587129999996, 37.448702
8.784022, 9.051636, 10.238835, 11.648901, 12.426023500000001, 14.873265480000068, 101.43408884931524
9.112795, 11.200454, 14.03325325, 17.520656800000005, 20.069782, 26.49117928999999, 104.87287289771747
9.105079499999999, 11.207654, 14.060525, 17.274425, 19.653882, 24.57678022000004, 44.22794
9.1346655, 11.269655, 14.06563125, 17.389446100000008, 19.89826409999999, 25.87213881, 44.22794
9.130316, 11.214026, 14.044433, 17.3580412, 19.708668799999973, 25.386125990000004, 39.815707
9.105862, 11.243894, 14.10436, 17.473254, 20.00850324999999, 26.460815, 39.815707
9.08878775, 11.2477145, 13.96397125, 17.325111, 19.820696299999987, 25.677274, 44.22794
9.114416, 11.302275999999999, 14.17645525, 17.4406565, 20.00247365, 25.617047350000014, 38.509309
9.092833500000001, 11.167415, 14.11824275, 17.322018300000003, 19.878328, 26.124527060000016, 44.22794
9.11060525, 11.206191, 13.974821250000002, 17.3166156, 19.78185154999999, 26.016247410000023, 44.22794
9.099274000000001, 11.2096555, 14.04293, 17.418904200000004, 19.927697349999995, 25.386125990000004, 44.22794
9.097933, 11.20522, 14.014375, 17.285114, 19.742944849999997, 25.792145010000016, 44.22794
9.114416, 11.196169, 13.996133, 17.380794600000005, 20.02397255, 25.792145820000016, 44.22794
9.085454, 11.24558, 14.033392, 17.285785, 19.799011699999987, 25.607740360000015, 44.22794
9.115128, 11.3010625, 14.202427, 17.460678, 19.911072, 25.60713201, 40.625286
9.103057, 11.258859, 13.98806875, 17.3253798, 19.83876394999998, 26.206309990000005, 44.22794
9.085407, 11.182695500000001, 14.12354325, 17.557609, 20.008500099999992, 26.508652, 44.22794
9.095034, 11.249629500000001, 14.016311250000001, 17.286815, 19.653882, 25.268505750000013, 44.22794
9.13091675, 11.2049165, 14.09614, 17.466592, 19.975911049999986, 25.872138, 44.22794
9.138264750000001, 11.314336, 14.12365425, 17.513247200000002, 20.093785, 25.908130130000025, 44.22794
9.11499125, 11.206194, 14.09614, 17.375265, 19.79712755, 25.786771, 40.625286
9.101248499999999, 11.1981125, 14.10699475, 17.456985300000003, 20.174047549999997, 25.87213881, 44.22794
9.149579750000001, 11.184435, 14.03367525, 17.31861, 19.74558624999999, 25.872138, 44.22794
9.123831, 11.2149055, 14.022907, 17.2798814, 19.707231749999995, 25.56975163000001, 44.22794
9.116615, 11.2329425, 14.094988, 17.536038, 20.132680399999998, 26.124527060000016, 44.22794
9.11132025, 11.2036865, 13.97253225, 17.31861, 19.679914349999994, 25.172031160000003, 40.625286
9.13091675, 11.302678, 14.19644375, 17.6444319, 20.059199949999993, 25.616439, 44.22794
9.099284, 11.213273, 14.165830750000001, 17.38041, 19.874443449999998, 25.87213881, 44.22794
9.134431, 11.256453, 14.032837, 17.379379500000002, 19.78185154999999, 25.908130130000025, 44.22794
9.11396725, 11.1560855, 13.985965, 17.3209431, 19.839353099999972, 25.398768280000013, 44.22794
8.640875, 9.092525, 10.76590425, 12.456485, 14.02210664999999, 17.699644929999998, 38.404747
8.64224475, 9.1295295, 10.8042355, 12.4401122, 14.113996249999998, 17.802213, 38.813544
8.643625, 9.112136, 10.813506499999999, 12.391037200000001, 13.849417849999998, 17.237893400000043, 38.813544
8.785696000000002, 9.0675285, 10.2588195, 11.6222414, 12.385275, 14.646019220000001, 19.563106
8.7864015, 9.0457105, 10.225465, 11.620091100000002, 12.381649450000001, 14.824984, 26.889073
8.785803, 9.046094, 10.215814, 11.628587, 12.4446879, 15.027967510000005, 19.393533
8.790575, 9.067124, 10.220908, 11.595953, 12.364588, 14.648465670000004, 19.393533
8.79497125, 9.0717055, 10.283689, 11.634025900000001, 12.4604952, 14.932686830000002, 19.563106
8.78414275, 9.065636000000001, 10.234414000000001, 11.720749, 12.423928200000004, 14.825471030000012, 26.889073
8.783387, 9.0418475, 10.19068925, 11.6489259, 12.444854650000002, 14.954885710000022, 26.889073
8.86405375, 9.002106000000001, 9.17751875, 9.445860999999999, 9.857096649999999, 11.85209048999999, 35.734803
8.869261, 9.009043, 9.175059, 9.4382328, 9.870824799999998, 11.89655337, 35.734803
8.78856, 9.065531, 10.2110375, 11.6609012, 12.51207335, 14.804108820000003, 19.563106
8.784949, 9.051170500000001, 10.2392255, 11.665080800000002, 12.5027918, 15.27344427, 26.889073
8.793989, 9.051146, 10.199595, 11.6489259, 12.47130655, 14.736828490000006, 19.563106
8.79491675, 9.070316, 10.223743, 11.6611539, 12.4764949, 15.054648080000009, 26.889073
8.78544825, 9.059239, 10.290643750000001, 11.696235100000003, 12.51237015, 15.463954, 26.889073
8.78250475, 9.055093, 10.223942, 11.662042, 12.460371, 14.75754224000001, 26.889073
8.77286975, 9.034117, 10.184858250000001, 11.608679700000003, 12.524979, 15.05023268000001, 19.563106
8.791877, 9.0696125, 10.279553, 11.696767000000001, 12.577709, 15.027702, 26.889073
8.79377875, 9.076353000000001, 10.21078275, 11.64915, 12.454557, 14.933261550000013, 19.563106
8.7816525, 9.052158, 10.16729525, 11.63261, 12.4632023, 14.995983, 26.889073
8.785696000000002, 9.051175, 10.24141875, 11.6383633, 12.44408265, 14.95430301000001, 26.889073
8.783126249999999, 9.059039, 10.268445, 11.658155400000002, 12.5336, 15.465226640000028, 19.563106
8.784614, 9.053031, 10.21096925, 11.6498139, 12.34164115, 14.741698300000003, 18.865024
8.786741, 9.059961, 10.22103775, 11.6460504, 12.389527900000004, 14.736624, 26.889073
8.783263, 9.0392205, 10.21806025, 11.629710000000001, 12.420386, 14.74159666, 26.889073
8.783126249999999, 9.0460625, 10.18358375, 11.584554700000004, 12.384728, 15.279249050000038, 18.474331
8.783368750000001, 9.046347, 10.16489, 11.624575500000004, 12.534505550000004, 14.902420310000014, 18.677002
8.780967, 9.0424905, 10.15434325, 11.5956407, 12.440856550000001, 14.938664710000003, 18.677002
8.784536, 9.051341, 10.205903750000001, 11.6154512, 12.397342050000004, 14.873687, 19.563106
8.771063999999999, 9.033332, 10.14509975, 11.617066, 12.36289795, 14.953882, 26.889073
8.785754, 9.049597, 10.192526749999999, 11.65258, 12.4548477, 15.279249050000038, 19.563106
8.79070325, 9.067754, 10.26044775, 11.704759, 12.5304223, 15.712107, 19.563106
8.7890565, 9.045009, 10.186627, 11.5412426, 12.4204191, 14.825049510000001, 26.889073
8.77959425, 9.05295, 10.278451500000001, 11.653518, 12.502753, 14.944939570000017, 26.889073
8.7841465, 9.0404245, 10.1994105, 11.632197000000001, 12.43631625, 14.801356620000002, 18.66297
8.776986, 9.048225500000001, 10.217937, 11.6736189, 12.496195, 14.902309930000012, 26.889073
8.784519, 9.0392025, 10.18284375, 11.617009300000001, 12.451516150000002, 14.8012448, 18.677002
8.795232, 9.05295, 10.226674, 11.6809618, 12.529539, 14.83195652000001, 26.889073
8.79026175, 9.045801, 10.147031, 11.584302, 12.27118945, 14.332763000000021, 26.889073
8.78437, 9.0531285, 10.269969, 11.6429662, 12.443785, 14.874335240000015, 26.889073
8.7907635, 9.071081, 10.281860250000001, 11.6726621, 12.465433, 15.240095440000006, 19.563106
8.784649, 9.063812500000001, 10.23142225, 11.649158500000002, 12.380756450000002, 15.027967510000005, 18.865024
8.7791565, 9.036714, 10.149175, 11.6046396, 12.36477225, 14.932628, 26.889073
8.78440075, 9.046639, 10.270339, 11.650619200000001, 12.436289600000002, 14.944267120000001, 19.563106
8.790431, 9.067225, 10.23324925, 11.6387561, 12.375659100000002, 14.736624, 26.889073
8.777009, 9.0504555, 10.217937, 11.6237487, 12.264002300000001, 14.873968020000007, 26.889073
8.788431, 9.037037, 10.249244000000001, 11.6387561, 12.479442900000002, 14.965230630000006, 19.563106
8.789632749999999, 9.0670465, 10.23057675, 11.629453, 12.38366815, 14.8228456, 26.889073
8.776958, 9.033245, 10.194268, 11.668427, 12.44997895, 15.02119275, 26.889073
8.790672, 9.057737, 10.177093, 11.638711800000001, 12.3781671, 14.645996, 19.563106
8.7816955, 9.050492, 10.1259505, 11.6075902, 12.385275, 14.804185270000005, 19.393533
8.789632, 9.073513, 10.233262, 11.658155400000002, 12.421232650000002, 14.96492, 26.889073
8.794359, 9.067211, 10.2185395, 11.643486600000001, 12.420521400000002, 14.712798550000002, 19.563106
8.7849415, 9.045481, 10.294955, 11.649063300000002, 12.479515900000003, 14.83195652000001, 19.393533
8.791438, 9.067835500000001, 10.24400925, 11.634025900000001, 12.454557, 14.83195652000001, 26.889073
8.78599625, 9.050716999999999, 10.192526749999999, 11.6085046, 12.398657150000004, 14.965547820000014, 26.889073
8.79191525, 9.065031999999999, 10.29688975, 11.6933805, 12.518624, 15.054648080000009, 26.889073
8.780345, 9.053049, 10.19068925, 11.589448, 12.3781671, 14.801454670000005, 19.393533
8.777009, 9.032981, 10.165228749999999, 11.5966045, 12.354124550000002, 14.83195652000001, 26.889073
8.6521965, 9.140916, 10.801294, 12.332439, 13.961357199999998, 17.80231987, 34.462112
8.641439, 9.1055115, 10.783518, 12.356494000000001, 13.935113999999995, 17.78614925, 38.813544
8.65542275, 9.158162, 10.804587, 12.382671, 13.943173749999993, 17.547577, 38.404747
8.64633225, 9.0871145, 10.712525, 12.352393, 13.968153399999988, 17.629572, 38.404747
8.64151125, 9.141108, 10.830844, 12.423639, 13.96546489999998, 17.43688716, 38.813544
8.647674, 9.134672, 10.8042355, 12.436074, 13.968153399999988, 17.844781120000004, 38.813544
8.647832, 9.148872, 10.84025375, 12.4970867, 14.015086, 17.844941360000007, 38.813544
8.6473175, 9.143499, 10.8120375, 12.470002500000001, 14.062807599999998, 17.930662, 38.813544
8.649837, 9.135669499999999, 10.85423875, 12.408001, 13.910396049999996, 17.699605, 38.813544
8.64759125, 9.13438, 10.79492025, 12.448787, 14.126659, 18.45158, 38.813544
8.641161, 9.117858, 10.7723875, 12.4196954, 13.911351, 17.234018, 38.404747
8.644131, 9.115676, 10.715621, 12.326703300000002, 13.806487749999992, 17.239323, 34.408771
8.645567, 9.116301499999999, 10.792518, 12.386850800000001, 13.943173749999993, 17.793896, 38.404747
8.645662, 9.1023375, 10.830844, 12.442805, 13.952062749999996, 17.629572, 38.813544
8.653778, 9.139831, 10.788428, 12.492389, 14.07062675, 17.872178240000004, 38.404747
8.64293325, 9.110721, 10.788376, 12.3560267, 14.040769899999987, 17.802213, 34.462112
8.649534, 9.1566105, 10.924252, 12.566446300000003, 14.31193, 18.494380210000035, 38.813544
8.6423965, 9.1015765, 10.7797055, 12.348289000000001, 13.911351, 17.70930744000002, 38.813544
8.64236325, 9.095976, 10.867378, 12.5953624, 14.164751, 17.96278833000005, 38.813544
8.6437615, 9.117321, 10.784858999999999, 12.394576, 13.943173749999993, 17.420319, 38.813544
8.655723, 9.1418715, 10.86018475, 12.459889800000001, 13.991081399999997, 17.793896, 38.813544
8.65043375, 9.1273695, 10.8297875, 12.426230200000001, 13.916903949999993, 17.872178240000004, 38.404747
8.6452335, 9.12794, 10.814858, 12.3563758, 13.974307, 17.45914602000002, 38.404747
8.6389745, 9.089676, 10.77528, 12.480341600000001, 14.0132506, 17.443292050000004, 34.408771
8.642314, 9.140528, 10.804587, 12.379380100000004, 13.889320699999987, 17.872018, 34.462112
8.643807, 9.110756, 10.788584, 12.403628500000003, 14.059531149999998, 18.214348280000053, 38.813544
8.649636749999999, 9.125568, 10.78166575, 12.342726, 13.883468649999998, 17.483054, 34.408771
8.658441, 9.1455675, 10.8348925, 12.413974300000001, 14.009675749999996, 17.888381480000007, 38.404747
8.645800000000001, 9.1275925, 10.784076, 12.389659, 14.013154, 17.700469660000017, 38.813544
8.63973375, 9.090173, 10.758951, 12.361018, 13.91014165, 17.888381480000007, 38.404747
8.643693500000001, 9.105113, 10.831699, 12.4361022, 14.16310275, 17.813216060000006, 34.462112
8.648023, 9.1328155, 10.8465305, 12.525240100000001, 14.165216549999993, 17.872604440000014, 38.813544
8.64698325, 9.138758, 10.81987625, 12.4361022, 14.066715599999997, 17.80231987, 38.404747
8.645705, 9.1069125, 10.84476225, 12.440256900000001, 14.106045, 17.699605, 38.813544
8.65146875, 9.115713, 10.819754, 12.482777, 14.081191899999983, 17.793979170000004, 38.813544
8.64911925, 9.143499, 10.810196000000001, 12.3524102, 13.824947099999985, 17.538538300000003, 38.813544
8.64702525, 9.135479, 10.824965, 12.5638689, 14.133796, 17.88846820000001, 38.813544
8.63973375, 9.1093425, 10.72884, 12.356788, 13.951795, 18.212163610000005, 38.813544
8.647925, 9.167670000000001, 10.863069, 12.453529, 13.910396049999996, 17.930662, 38.404747
8.649533, 9.144944, 10.7875895, 12.444253100000001, 13.943950899999981, 17.70915502000002, 38.404747
8.64713, 9.1084795, 10.80152075, 12.334539, 13.756449599999987, 17.699644929999998, 38.404747
8.644195499999999, 9.101603, 10.791028, 12.459889800000001, 13.984007949999995, 17.629914210000006, 38.813544
8.646310249999999, 9.140818, 10.788585, 12.332054600000001, 13.931125, 17.458592090000007, 34.408771
8.6460845, 9.1230105, 10.77084875, 12.368346800000003, 13.957298149999998, 17.70915502000002, 34.462112
8.780028, 9.045959, 10.17542925, 11.6074946, 12.288681, 14.804272380000008, 19.563106
8.791846, 9.06494, 10.269991000000001, 11.6704058, 12.47143845, 14.825471030000012, 19.563106
8.787271, 9.057744, 10.246592, 11.6790056, 12.519289250000003, 14.996234440000006, 19.563106
8.78408125, 9.039188500000002, 10.19366825, 11.617009300000001, 12.343527650000002, 14.757332510000007, 18.865024
8.78086025, 9.050122, 10.23057675, 11.7471721, 12.531929, 15.46395637, 26.889073
8.7825535, 9.037315, 10.161757, 11.579707, 12.2848, 14.801356620000002, 18.677002
8.786564, 9.046385, 10.16518, 11.5942205, 12.3137203, 14.400527120000001, 18.677002
8.643807, 9.116944, 10.733529, 12.413431, 14.009579149999999, 17.872178240000004, 34.462112
8.653175, 9.135001500000001, 10.842426, 12.430775, 13.995826649999985, 18.212163610000005, 38.404747
8.63714675, 9.110450499999999, 10.803367999999999, 12.434897600000003, 14.021462, 17.793896, 34.462112
8.649479249999999, 9.1496335, 10.792584, 12.413431, 14.059531149999998, 17.664191050000007, 38.813544
8.64945925, 9.176713, 10.813506499999999, 12.436447900000001, 13.957446999999997, 17.664151120000007, 38.813544
8.648617, 9.1257315, 10.79752375, 12.3524102, 14.021759099999995, 17.786971, 38.813544
8.649299749999999, 9.116678499999999, 10.797017, 12.3447827, 14.016325349999983, 17.664238760000007, 34.462112
8.6627445, 9.17635, 10.83787525, 12.467728200000002, 14.063921649999994, 18.45199214000001, 38.813544
8.64713, 9.156185, 10.835238, 12.431678800000004, 14.114345099999992, 17.793896, 34.462112
8.646536, 9.1448565, 10.802425, 12.4206344, 14.027751549999996, 17.629720110000004, 38.813544
8.6496735, 9.1552045, 10.830678, 12.5695162, 14.039873, 17.483699230000013, 34.462112
8.6450085, 9.12137, 10.789254249999999, 12.331862, 13.866715, 17.547577, 34.462112
8.6473725, 9.1283675, 10.85904825, 12.481478300000001, 14.127015849999994, 17.793979170000004, 38.813544
8.65456775, 9.156082, 10.783547250000002, 12.4361022, 14.059407, 17.644577100000006, 34.408771
8.64405, 9.086532, 10.783066, 12.426093, 14.015701899999991, 17.844781120000004, 26.925837
8.641161, 9.118482499999999, 10.74867575, 12.408338200000001, 14.0619102, 17.78608, 38.404747
8.642763, 9.101549, 10.763779, 12.382671, 13.755581, 17.083298990000024, 38.404747
8.629163, 9.076630000000002, 10.711159499999999, 12.291519700000002, 13.786245149999987, 17.612121870000006, 38.813544
8.646536, 9.109938, 10.788229000000001, 12.426093, 14.015086, 17.709146020000016, 38.813544
8.65004625, 9.167670000000001, 10.88294275, 12.45322, 14.106434499999994, 17.888042, 38.404747
8.641439, 9.156687000000002, 10.902307, 12.448787, 14.02210664999999, 17.61197376, 38.813544
8.641443, 9.101722, 10.76105, 12.383172500000002, 13.910396049999996, 17.40155267, 38.404747
8.647295, 9.091334, 10.78494675, 12.42623, 13.921468, 17.471043840000014, 38.813544
8.646315, 9.140916, 10.817235, 12.453529, 14.071029949999996, 17.664191050000007, 38.404747
8.64953375, 9.137459, 10.80165475, 12.5100025, 14.059407, 17.704431730000017, 34.462112
8.64766575, 9.114418, 10.7623375, 12.361642000000002, 14.07908009999999, 17.787040250000004, 34.462112
8.646164, 9.135001500000001, 10.778776749999999, 12.382671, 13.910860999999988, 17.70364571, 38.813544
8.65953725, 9.146244, 10.84386375, 12.474779400000001, 14.070939699999995, 18.211952, 38.813544
8.641443, 9.077871, 10.698543, 12.265893, 13.824995749999985, 17.612121870000006, 38.813544
8.667383, 9.143937000000001, 10.826103250000001, 12.394576, 13.917093949999991, 17.708369, 34.408771
8.65249925, 9.109119, 10.788428, 12.303458100000002, 13.883440599999998, 17.47048991, 38.813544
8.65249925, 9.140179499999999, 10.830662, 12.390644, 13.943173749999993, 17.43728630000001, 34.462112
8.65312325, 9.1375115, 10.83284825, 12.474183, 13.925738, 17.786071, 38.404747
8.78686775, 9.0694905, 10.249244000000001, 11.657958, 12.5335677, 15.0498376, 19.393533
8.791933, 9.062972, 10.30172675, 11.769211700000001, 12.512687900000003, 14.83195652000001, 26.889073
8.8587415, 8.9976095, 9.165775, 9.4344645, 9.927970349999995, 11.933764059999971, 37.448702
8.8652065, 9.008937, 9.1772115, 9.4593215, 9.859969, 11.655907809999997, 35.330604
8.86391575, 9.004122500000001, 9.173968, 9.4381922, 9.974078599999999, 12.003602619999986, 35.487972
8.8626685, 9.000016, 9.17320225, 9.4339795, 9.951734, 11.851628, 35.734803
8.8672015, 9.00384, 9.183431, 9.4570382, 9.860996349999997, 11.714932759999968, 33.51644
8.87000175, 9.001581, 9.1710535, 9.436981399999999, 9.892352749999995, 11.932933869999994, 37.448702
8.869855999999999, 9.008585, 9.190294249999999, 9.462921, 10.13297965, 12.048208349999994, 35.734803
8.869612, 9.0043495, 9.173195499999999, 9.438779, 9.860484399999997, 12.312273, 35.487972
8.868137, 8.999392499999999, 9.1740425, 9.4425678, 9.857085899999998, 11.894930729999999, 37.448702
8.866531250000001, 9.0106, 9.1833575, 9.4381922, 9.921574599999994, 11.932830299999992, 35.734803
8.868788499999999, 9.006814, 9.178889999999999, 9.4519932, 9.908394049999997, 11.932546299999998, 35.734803
8.872884, 9.013277, 9.19518975, 9.460309599999999, 10.020130399999994, 12.315919889999996, 35.330604
8.8670945, 9.0075915, 9.17919125, 9.4561326, 9.992624699999999, 11.93305116999999, 37.448702
8.8687625, 9.0033565, 9.174523, 9.465835, 9.918332, 11.874676349999994, 35.487972
8.8692625, 9.0086355, 9.1883, 9.4582946, 9.929915249999999, 11.678707979999992, 37.448702
8.87359675, 9.007402, 9.17893175, 9.458363, 10.004476299999999, 11.932605699999998, 37.448702
8.860688, 8.995871000000001, 9.168188, 9.423365, 9.962186049999996, 12.00353794999999, 37.448702
8.866735, 8.9960225, 9.1737515, 9.4214685, 9.872491749999998, 11.913264409999998, 24.923449
8.87179175, 9.006757, 9.183162, 9.489011, 10.053049299999998, 11.993545, 35.487972
8.87424425, 9.007242999999999, 9.185468, 9.445925, 10.061553949999999, 12.315919889999996, 35.734803
8.871119, 8.997372, 9.1755675, 9.449114, 9.927009, 11.683516409999992, 37.448702
8.866556000000001, 9.005163, 9.188403749999999, 9.461483, 10.0923985, 12.330560329999999, 37.448702
8.86265925, 9.004037, 9.180037500000001, 9.469285, 10.061688199999997, 11.898029969999996, 35.330604
8.85726, 8.990562, 9.1732325, 9.413621599999999, 9.86030575, 12.047984, 37.448702
8.865184249999999, 9.008588, 9.175445, 9.4584177, 10.004451600000001, 12.374615839999999, 37.448702
8.8688225, 9.007407, 9.178972, 9.456761, 9.972111749999993, 12.170292939999987, 16.928153
8.8732915, 9.007242999999999, 9.185292500000001, 9.455824, 9.95179325, 12.054631639999997, 37.448702
8.8681065, 8.9987265, 9.165434, 9.4214685, 9.813594799999999, 11.668930039999992, 35.487972
8.8656115, 9.0053935, 9.18884725, 9.4310098, 9.9924313, 11.961399699999992, 24.923449
8.86447525, 9.00005, 9.163691, 9.424833, 9.9108522, 11.938931769999993, 35.734803
8.859803000000001, 8.9990065, 9.178767, 9.443312299999999, 9.882390099999993, 11.832407149999995, 35.734803
8.869171, 9.000486500000001, 9.171973, 9.4313164, 9.913684599999998, 11.726120039999987, 37.448702
8.85317875, 8.988982, 9.16415975, 9.418994, 9.896739599999997, 11.9993765, 35.487972
8.866938, 9.0039675, 9.18636375, 9.4695171, 9.916202749999998, 11.896900049999992, 37.448702
8.86855775, 9.0007825, 9.183264750000001, 9.438148, 9.9563359, 11.815835809999994, 35.734803
8.868337, 9.008957, 9.17625, 9.4655565, 10.00353855, 12.312273, 37.448702
8.87181, 9.008898, 9.17908425, 9.44659, 9.879798749999997, 11.809981729999999, 13.537814
8.86310975, 9.0039675, 9.1893915, 9.4695124, 9.92058795, 12.008414479999985, 37.448702
8.8608845, 9.000095, 9.17595775, 9.4402319, 10.053427649999996, 11.932734399999998, 35.487972
8.8695935, 9.005159500000001, 9.178973, 9.4498699, 9.940976799999998, 12.27953701999999, 35.487972
8.86308875, 8.9982445, 9.174858, 9.4407818, 9.969460699999999, 12.315919889999996, 37.448702
8.86926825, 9.001630500000001, 9.173293, 9.4785472, 10.005821449999996, 11.932605699999998, 35.734803
8.8701665, 9.005575, 9.17898825, 9.430895, 9.85097105, 12.222709469999991, 35.330604
8.86403425, 9.0007825, 9.173771, 9.4659599, 9.9563359, 12.048229309999995, 29.227148
8.863868499999999, 8.998431, 9.16619475, 9.412219, 9.920568, 11.895030269999996, 35.734803
8.86033025, 8.9991235, 9.162865, 9.419865099999999, 9.899901449999998, 12.257427629999995, 37.448702
8.872146, 9.004194, 9.176547249999999, 9.450016, 9.9518057, 11.96149513999999, 35.734803
8.8624895, 9.0015745, 9.176034, 9.440421, 9.929366, 11.725706189999997, 35.734803
8.865751, 9.003226, 9.169122, 9.4408441, 9.973715, 11.896606799999999, 33.51644
8.86919275, 9.0077035, 9.192439, 9.4982321, 10.3285122, 12.074013459999964, 37.448702
8.873606, 9.007054499999999, 9.179608, 9.424178399999999, 9.831790899999998, 11.757141689999996, 35.330604
8.863825, 8.999126, 9.173733, 9.467898499999999, 10.137858399999999, 12.222361, 35.487972
8.86885625, 9.001234, 9.1840755, 9.4589483, 9.956152, 11.993602939999997, 37.448702
8.86938, 9.013125500000001, 9.194903499999999, 9.4862908, 10.178183899999997, 12.222916359999987, 37.448702
8.86448675, 9.005268000000001, 9.190294249999999, 9.4581344, 9.9920315, 11.89655337, 35.734803
8.8656115, 9.000258500000001, 9.17098, 9.4219694, 10.004476299999999, 11.894847, 35.330604
8.869473, 9.004057, 9.170845250000001, 9.4404383, 9.92058795, 11.938931769999993, 37.448702
8.86568925, 8.9985845, 9.163599, 9.445610799999999, 10.037369, 12.315773, 37.448702
8.869155, 8.999881, 9.18771225, 9.471253, 10.005557699999997, 12.071938419999963, 37.448702
8.863435, 9.007242999999999, 9.176505, 9.4219701, 9.880440699999994, 11.913264409999998, 35.487972
8.868407, 9.005659, 9.1892575, 9.4430626, 9.871584749999991, 11.718606899999996, 16.928153
8.8682795, 9.003954, 9.1830155, 9.4854582, 10.137628, 12.000070759999984, 35.734803
8.8672015, 9.0029145, 9.178865, 9.4716004, 10.029901299999999, 12.312307999999998, 35.734803
8.86571175, 9.0007065, 9.1685035, 9.4495739, 9.899666, 12.007767, 37.448702
8.85895425, 8.995023, 9.176505, 9.4601613, 10.0044173, 12.330462, 37.448702
8.865039, 9.0039675, 9.185218, 9.4659455, 10.030329599999996, 12.071947189999964, 37.448702
8.865101249999999, 9.002835000000001, 9.170896, 9.448525, 9.93106605, 11.7617, 35.487972
8.86906825, 9.001516, 9.18893725, 9.460099, 9.971022949999998, 11.92260359999999, 35.330604
8.869176, 9.00433, 9.17731725, 9.4309744, 9.856917, 11.832213, 15.286468
8.872368, 9.004151499999999, 9.1909395, 9.4557719, 10.042649799999994, 12.003135779999997, 35.734803
8.861173, 9.000636, 9.17608375, 9.4596711, 9.966324399999994, 11.738595, 29.227148
8.855526999999999, 8.994788, 9.17178, 9.4346937, 9.9044194, 11.762405129999983, 37.448702
8.866938, 8.999757, 9.16889025, 9.4344645, 9.927307849999998, 11.958911829999993, 35.734803
8.86857425, 9.0064915, 9.1914505, 9.466656, 10.038367049999994, 11.815835809999994, 37.448702
8.860784500000001, 9.004065, 9.1875715, 9.439427, 9.953820849999994, 11.898483849999986, 24.923449
8.870186, 9.0068485, 9.17297225, 9.4199746, 9.930965, 11.89458366, 33.51644
8.87045075, 9.0083465, 9.191837, 9.4654971, 10.092182, 12.257414889999996, 37.448702
8.872368, 9.004552499999999, 9.172706999999999, 9.4559762, 9.933826149999994, 11.932734399999998, 29.227148
8.862596250000001, 9.000923499999999, 9.17529125, 9.4339191, 9.913566649999998, 11.725706189999997, 35.734803
8.8644865, 9.000519, 9.168754499999999, 9.4008543, 9.920890049999997, 11.938615, 37.448702
8.86785075, 9.001153500000001, 9.185562000000001, 9.431237, 10.0044173, 11.913369009999995, 37.448702
8.858853, 8.996408, 9.171387, 9.433928, 9.847855899999997, 11.875231139999995, 35.330604
8.786515, 9.068193, 10.21423225, 11.660891, 12.588086200000001, 14.873968020000007, 26.889073
8.78396975, 9.044754, 10.18383725, 11.617009300000001, 12.398521750000004, 14.833179480000036, 26.889073
8.7891445, 9.050687499999999, 10.2099855, 11.669898, 12.4546844, 14.938511, 18.677002
8.797184, 9.062947999999999, 10.24144875, 11.6609012, 12.469801, 14.74727015000001, 26.889073
8.781005, 9.046639, 10.164901, 11.6177904, 12.4211503, 14.938567590000002, 26.889073
8.77942475, 9.037563500000001, 10.223674, 11.6289306, 12.4248085, 15.02119275, 19.393533
8.78002375, 9.046871, 10.165432, 11.5668648, 12.298528, 14.815255450000002, 26.889073
8.785900250000001, 9.050377, 10.182713, 11.6053038, 12.4572683, 14.939085720000012, 26.889073
8.789127749999999, 9.05135, 10.190106, 11.634025900000001, 12.3836355, 14.804272380000008, 19.393533
8.786741, 9.0640645, 10.262115, 11.671818, 12.4049616, 15.464191, 26.889073
8.776986, 9.0323135, 10.13970975, 11.6222414, 12.388296, 14.736828490000006, 19.563106
8.789633, 9.065031999999999, 10.28810575, 11.662098, 12.5522346, 14.965768730000018, 19.563106
8.78362975, 9.048185, 10.21806025, 11.629768700000001, 12.454557, 14.815277050000002, 18.865024
8.790843, 9.0542415, 10.229533, 11.6791555, 12.4498122, 14.831535, 26.889073
8.78195025, 9.039271, 10.13159625, 11.5931526, 12.383360450000001, 14.783205930000003, 26.889073
8.785802, 9.053068, 10.230684, 11.645967, 12.32018585, 14.783205930000003, 26.889073
8.784408, 9.059052999999999, 10.2821705, 11.662602, 12.469801, 14.965230630000006, 26.889073
8.78462075, 9.0392025, 10.174392000000001, 11.638546, 12.423094, 14.953992380000003, 18.865024
8.78417975, 9.044462, 10.114330500000001, 11.6170923, 12.4248085, 15.056444500000048, 26.889073
8.77281525, 9.051811, 10.249244000000001, 11.634221000000002, 12.343002, 14.804185270000005, 19.563106
8.78937475, 9.0584835, 10.2462985, 11.678967, 12.503913750000002, 14.741698300000003, 26.889073
8.789632, 9.0535245, 10.23324925, 11.6237487, 12.383360450000001, 15.05023268000001, 18.865024
8.794449, 9.0704575, 10.253739, 11.6634417, 12.4632023, 14.832545930000023, 26.889073
8.784408, 9.041857, 10.20098475, 11.669898, 12.5484069, 14.932840540000004, 18.865024
8.789424, 9.057953, 10.285938, 11.675831300000002, 12.572307, 15.239759, 26.889073
8.783268499999998, 9.0460675, 10.218858, 11.6085046, 12.339109200000003, 14.638017050000002, 26.889073
8.77902, 9.044144, 10.199523, 11.6610979, 12.426975700000003, 14.783345550000007, 26.889073
8.7831985, 9.0504625, 10.223942, 11.647011000000001, 12.5023274, 14.825049510000001, 26.889073
8.780967, 9.067754, 10.24267925, 11.609777900000001, 12.343519250000003, 14.944267120000001, 19.393533
8.789633, 9.054797, 10.257808, 11.6610979, 12.423094, 14.932743420000001, 19.563106
8.796566, 9.0689305, 10.258203, 11.6743267, 12.47143845, 14.803997, 26.889073
8.789227, 9.05135, 10.233262, 11.6197286, 12.436106, 14.825049510000001, 26.889073
8.79636025, 9.0539795, 10.30446625, 11.680852, 12.412934, 14.801433070000003, 26.889073
8.784188, 9.0426355, 10.1994105, 11.6954048, 12.4629839, 14.825049510000001, 19.563106
8.7869685, 9.039541, 10.18435, 11.601947800000003, 12.342504, 14.954554450000014, 19.563106
8.78854875, 9.0504555, 10.182770999999999, 11.622074, 12.4446137, 15.511388, 19.563106
8.7868285, 9.067009, 10.28078125, 11.660993, 12.503217400000002, 15.279249050000038, 26.889073
8.784101, 9.042372, 10.205375, 11.6605912, 12.469801, 14.953882, 19.563106
8.790938, 9.061941, 10.26644075, 11.671120499999999, 12.5335677, 15.02119275, 26.889073
8.795115, 9.0623785, 10.21895275, 11.6136864, 12.441023300000001, 14.953882, 19.563106
8.788515, 9.0585965, 10.242314, 11.607931, 12.42317635, 14.831535, 19.563106
8.79070175, 9.071783, 10.290643750000001, 11.662098, 12.457392500000001, 14.822911110000003, 26.889073
8.791162499999999, 9.050971, 10.233262, 11.642939, 12.368761250000002, 14.741698300000003, 18.677002
8.79026175, 9.064119999999999, 10.2292355, 11.679857700000003, 12.471264, 15.59123925, 26.889073
8.783667, 9.032755, 10.1998155, 11.595953, 12.4910004, 14.901789, 26.889073
8.783368750000001, 9.050659499999998, 10.212492, 11.6197286, 12.329846200000002, 14.873968020000007, 19.393533
8.8031875, 9.079332, 10.275829000000002, 11.715929800000001, 12.577709, 15.054648080000009, 26.889073
8.8710765, 9.004208, 9.189092, 9.4994616, 10.0044173, 12.049736539999959, 37.448702
8.892614, 9.039023, 9.22073525, 9.4789846, 9.68732815, 14.606785109999999, 19.587514
8.8929575, 9.033987, 9.228324, 9.483297700000001, 9.71801645, 16.26019, 21.371576
8.885605250000001, 9.0392585, 9.258802, 9.5369628, 9.833867, 11.984687639999988, 52.853195
8.8907375, 9.040433499999999, 9.248185750000001, 9.548266000000002, 9.82591835, 15.267818949999995, 32.855096
8.88546525, 9.0391175, 9.2264535, 9.5346407, 9.768925300000001, 13.48606768, 24.370709
8.88844475, 9.0440725, 9.24303225, 9.529218, 9.71157495, 16.052758269999998, 22.552578
8.890119, 9.039116, 9.227487, 9.50642, 9.810558499999999, 16.26162101, 52.853195
8.891596, 9.0396795, 9.234853750000001, 9.5352856, 9.79520305, 13.743673609999993, 19.892145
0, 0, 0, 0, 0, 0, 0
0, 0, 0, 0, 0, 0, 0
0, 0, 0, 0, 0, 0, 0
0, 0, 0, 0, 0, 0, 0
0, 0, 0, 0, 0, 0, 0
0, 0, 0, 0, 0, 0, 0
0, 0, 0, 0, 0, 0, 0
0, 0, 0, 0, 0, 0, 0
0, 0, 0, 0, 0, 0, 0
0, 0, 0, 0, 0, 0, 0
0, 0, 0, 0, 0, 0, 0
0, 0, 0, 0, 0, 0, 0
0, 0, 0, 0, 0, 0, 0
0, 0, 0, 0, 0, 0, 0
0, 0, 0, 0, 0, 0, 0
0, 0, 0, 0, 0, 0, 0
0, 0, 0, 0, 0, 0, 0
0, 0, 0, 0, 0, 0, 0
0, 0, 0, 0, 0, 0, 0
0, 0, 0, 0, 0, 0, 0
0, 0, 0, 0, 0, 0, 0
0, 0, 0, 0, 0, 0, 0
0, 0, 0, 0, 0, 0, 0
0, 0, 0, 0, 0, 0, 0
0, 0, 0, 0, 0, 0, 0
0, 0, 0, 0, 0, 0, 0
0, 0, 0, 0, 0, 0, 0
0, 0, 0, 0, 0, 0, 0
0, 0, 0, 0, 0, 0, 0
0, 0, 0, 0, 0, 0, 0
0, 0, 0, 0, 0, 0, 0
0, 0, 0, 0, 0, 0, 0
0, 0, 0, 0, 0, 0, 0
0, 0, 0, 0, 0, 0, 0
0, 0, 0, 0, 0, 0, 0
0, 0, 0, 0, 0, 0, 0
0, 0, 0, 0, 0, 0, 0
0, 0, 0, 0, 0, 0, 0
0, 0, 0, 0, 0, 0, 0
0, 0, 0, 0, 0, 0, 0
0, 0, 0, 0, 0, 0, 0
0, 0, 0, 0, 0, 0, 0
0, 0, 0, 0, 0, 0, 0
0, 0, 0, 0, 0, 0, 0
0, 0, 0, 0, 0, 0, 0
0, 0, 0, 0, 0, 0, 0
0, 0, 0, 0, 0, 0, 0
0, 0, 0, 0, 0, 0, 0
0, 0, 0, 0, 0, 0, 0
0, 0, 0, 0, 0, 0, 0
0, 0, 0, 0, 0, 0, 0
0, 0, 0, 0, 0, 0, 0
0, 0, 0, 0, 0, 0, 0
0, 0, 0, 0, 0, 0, 0
0, 0, 0, 0, 0, 0, 0
0, 0, 0, 0, 0, 0, 0
0, 0, 0, 0, 0, 0, 0
0, 0, 0, 0, 0, 0, 0
0, 0, 0, 0, 0, 0, 0
0, 0, 0, 0, 0, 0, 0
0, 0, 0, 0, 0, 0, 0
0, 0, 0, 0, 0, 0, 0
0, 0, 0, 0, 0, 0, 0
0, 0, 0, 0, 0, 0, 0
0, 0, 0, 0, 0, 0, 0
0, 0, 0, 0, 0, 0, 0
0, 0, 0, 0, 0, 0, 0
0, 0, 0, 0, 0, 0, 0
0, 0, 0, 0, 0, 0, 0
0, 0, 0, 0, 0, 0, 0
0, 0, 0, 0, 0, 0, 0
0, 0, 0, 0, 0, 0, 0
0, 0, 0, 0, 0, 0, 0
0, 0, 0, 0, 0, 0, 0
0, 0, 0, 0, 0, 0, 0
0, 0, 0, 0, 0, 0, 0
0, 0, 0, 0, 0, 0, 0
0, 0, 0, 0, 0, 0, 0
0, 0, 0, 0, 0, 0, 0
0, 0, 0, 0, 0, 0, 0
0, 0, 0, 0, 0, 0, 0
0, 0, 0, 0, 0, 0, 0
0, 0, 0, 0, 0, 0, 0
0, 0, 0, 0, 0, 0, 0
0, 0, 0, 0, 0, 0, 0
0, 0, 0, 0, 0, 0, 0
0, 0, 0, 0, 0, 0, 0
0, 0, 0, 0, 0, 0, 0
0, 0, 0, 0, 0, 0, 0
0, 0, 0, 0, 0, 0, 0
0, 0, 0, 0, 0, 0, 0
0, 0, 0, 0, 0, 0, 0
0, 0, 0, 0, 0, 0, 0
0, 0, 0, 0, 0, 0, 0
0, 0, 0, 0, 0, 0, 0
0, 0, 0, 0, 0, 0, 0
0, 0, 0, 0, 0, 0, 0
0, 0, 0, 0, 0, 0, 0
0, 0, 0, 0, 0, 0, 0
0, 0, 0, 0, 0, 0, 0
0, 0, 0, 0, 0, 0, 0
0, 0, 0, 0, 0, 0, 0
0, 0, 0, 0, 0, 0, 0
0, 0, 0, 0, 0, 0, 0
0, 0, 0, 0, 0, 0, 0
0, 0, 0, 0, 0, 0, 0
0, 0, 0, 0, 0, 0, 0
0, 0, 0, 0, 0, 0, 0
0, 0, 0, 0, 0, 0, 0
0, 0, 0, 0, 0, 0, 0
0, 0, 0, 0, 0, 0, 0
0, 0, 0, 0, 0, 0, 0
0, 0, 0, 0, 0, 0, 0
0, 0, 0, 0, 0, 0, 0
0, 0, 0, 0, 0, 0, 0
0, 0, 0, 0, 0, 0, 0
0, 0, 0, 0, 0, 0, 0
0, 0, 0, 0, 0, 0, 0
0, 0, 0, 0, 0, 0, 0
0, 0, 0, 0, 0, 0, 0
0, 0, 0, 0, 0, 0, 0
0, 0, 0, 0, 0, 0, 0
0, 0, 0, 0, 0, 0, 0
0, 0, 0, 0, 0, 0, 0
0, 0, 0, 0, 0, 0, 0
0, 0, 0, 0, 0, 0, 0
0, 0, 0, 0, 0, 0, 0
0, 0, 0, 0, 0, 0, 0
0, 0, 0, 0, 0, 0, 0
0, 0, 0, 0, 0, 0, 0
0, 0, 0, 0, 0, 0, 0
0, 0, 0, 0, 0, 0, 0
0, 0, 0, 0, 0, 0, 0
0, 0, 0, 0, 0, 0, 0
0, 0, 0, 0, 0, 0, 0
0, 0, 0, 0, 0, 0, 0
0, 0, 0, 0, 0, 0, 0
0, 0, 0, 0, 0, 0, 0
0, 0, 0, 0, 0, 0, 0
0, 0, 0, 0, 0, 0, 0
0, 0, 0, 0, 0, 0, 0
0, 0, 0, 0, 0, 0, 0
0, 0, 0, 0, 0, 0, 0
0, 0, 0, 0, 0, 0, 0
0, 0, 0, 0, 0, 0, 0
0, 0, 0, 0, 0, 0, 0
0, 0, 0, 0, 0, 0, 0
0, 0, 0, 0, 0, 0, 0
0, 0, 0, 0, 0, 0, 0
0, 0, 0, 0, 0, 0, 0
0, 0, 0, 0, 0, 0, 0
0, 0, 0, 0, 0, 0, 0
0, 0, 0, 0, 0, 0, 0
0, 0, 0, 0, 0, 0, 0
0, 0, 0, 0, 0, 0, 0
0, 0, 0, 0, 0, 0, 0
0, 0, 0, 0, 0, 0, 0
0, 0, 0, 0, 0, 0, 0
0, 0, 0, 0, 0, 0, 0
0, 0, 0, 0, 0, 0, 0
0, 0, 0, 0, 0, 0, 0
0, 0, 0, 0, 0, 0, 0
0, 0, 0, 0, 0, 0, 0
0, 0, 0, 0, 0, 0, 0
0, 0, 0, 0, 0, 0, 0
0, 0, 0, 0, 0, 0, 0
0, 0, 0, 0, 0, 0, 0
0, 0, 0, 0, 0, 0, 0
0, 0, 0, 0, 0, 0, 0
0, 0, 0, 0, 0, 0, 0
0, 0, 0, 0, 0, 0, 0
0, 0, 0, 0, 0, 0, 0
0, 0, 0, 0, 0, 0, 0
0, 0, 0, 0, 0, 0, 0
0, 0, 0, 0, 0, 0, 0
0, 0, 0, 0, 0, 0, 0
0, 0, 0, 0, 0, 0, 0
0, 0, 0, 0, 0, 0, 0
0, 0, 0, 0, 0, 0, 0
0, 0, 0, 0, 0, 0, 0
0, 0, 0, 0, 0, 0, 0
0, 0, 0, 0, 0, 0, 0
0, 0, 0, 0, 0, 0, 0
0, 0, 0, 0, 0, 0, 0
0, 0, 0, 0, 0, 0, 0
0, 0, 0, 0, 0, 0, 0
0, 0, 0, 0, 0, 0, 0
0, 0, 0, 0, 0, 0, 0
0, 0, 0, 0, 0, 0, 0
0, 0, 0, 0, 0, 0, 0
0, 0, 0, 0, 0, 0, 0
0, 0, 0, 0, 0, 0, 0
0, 0, 0, 0, 0, 0, 0
0, 0, 0, 0, 0, 0, 0
0, 0, 0, 0, 0, 0, 0
0, 0, 0, 0, 0, 0, 0
0, 0, 0, 0, 0, 0, 0
0, 0, 0, 0, 0, 0, 0
0, 0, 0, 0, 0, 0, 0
0, 0, 0, 0, 0, 0, 0
0, 0, 0, 0, 0, 0, 0
0, 0, 0, 0, 0, 0, 0
0, 0, 0, 0, 0, 0, 0
0, 0, 0, 0, 0, 0, 0
0, 0, 0, 0, 0, 0, 0
0, 0, 0, 0, 0, 0, 0
0, 0, 0, 0, 0, 0, 0
0, 0, 0, 0, 0, 0, 0
0, 0, 0, 0, 0, 0, 0
0, 0, 0, 0, 0, 0, 0
0, 0, 0, 0, 0, 0, 0
0, 0, 0, 0, 0, 0, 0
0, 0, 0, 0, 0, 0, 0
0, 0, 0, 0, 0, 0, 0
0, 0, 0, 0, 0, 0, 0
0, 0, 0, 0, 0, 0, 0
0, 0, 0, 0, 0, 0, 0
0, 0, 0, 0, 0, 0, 0
0, 0, 0, 0, 0, 0, 0
0, 0, 0, 0, 0, 0, 0
0, 0, 0, 0, 0, 0, 0
0, 0, 0, 0, 0, 0, 0
0, 0, 0, 0, 0, 0, 0
0, 0, 0, 0, 0, 0, 0
0, 0, 0, 0, 0, 0, 0
0, 0, 0, 0, 0, 0, 0
0, 0, 0, 0, 0, 0, 0
0, 0, 0, 0, 0, 0, 0
0, 0, 0, 0, 0, 0, 0
0, 0, 0, 0, 0, 0, 0
0, 0, 0, 0, 0, 0, 0
0, 0, 0, 0, 0, 0, 0
0, 0, 0, 0, 0, 0, 0
0, 0, 0, 0, 0, 0, 0
0, 0, 0, 0, 0, 0, 0
0, 0, 0, 0, 0, 0, 0
0, 0, 0, 0, 0, 0, 0
0, 0, 0, 0, 0, 0, 0
0, 0, 0, 0, 0, 0, 0
0, 0, 0, 0, 0, 0, 0
0, 0, 0, 0, 0, 0, 0
0, 0, 0, 0, 0, 0, 0
0, 0, 0, 0, 0, 0, 0
0, 0, 0, 0, 0, 0, 0
0, 0, 0, 0, 0, 0, 0
0, 0, 0, 0, 0, 0, 0
0, 0, 0, 0, 0, 0, 0
0, 0, 0, 0, 0, 0, 0
0, 0, 0, 0, 0, 0, 0
0, 0, 0, 0, 0, 0, 0
0, 0, 0, 0, 0, 0, 0
0, 0, 0, 0, 0, 0, 0
0, 0, 0, 0, 0, 0, 0
0, 0, 0, 0, 0, 0, 0
0, 0, 0, 0, 0, 0, 0
0, 0, 0, 0, 0, 0, 0
0, 0, 0, 0, 0, 0, 0
0, 0, 0, 0, 0, 0, 0
0, 0, 0, 0, 0, 0, 0
0, 0, 0, 0, 0, 0, 0
0, 0, 0, 0, 0, 0, 0
0, 0, 0, 0, 0, 0, 0
0, 0, 0, 0, 0, 0, 0
0, 0, 0, 0, 0, 0, 0
0, 0, 0, 0, 0, 0, 0
0, 0, 0, 0, 0, 0, 0
0, 0, 0, 0, 0, 0, 0
0, 0, 0, 0, 0, 0, 0
0, 0, 0, 0, 0, 0, 0
0, 0, 0, 0, 0, 0, 0
0, 0, 0, 0, 0, 0, 0
0, 0, 0, 0, 0, 0, 0
0, 0, 0, 0, 0, 0, 0
0, 0, 0, 0, 0, 0, 0
0, 0, 0, 0, 0, 0, 0
0, 0, 0, 0, 0, 0, 0
0, 0, 0, 0, 0, 0, 0
0, 0, 0, 0, 0, 0, 0
0, 0, 0, 0, 0, 0, 0
0, 0, 0, 0, 0, 0, 0
0, 0, 0, 0, 0, 0, 0
0, 0, 0, 0, 0, 0, 0
0, 0, 0, 0, 0, 0, 0
0, 0, 0, 0, 0, 0, 0
0, 0, 0, 0, 0, 0, 0
0, 0, 0, 0, 0, 0, 0
0, 0, 0, 0, 0, 0, 0
0, 0, 0, 0, 0, 0, 0
0, 0, 0, 0, 0, 0, 0
0, 0, 0, 0, 0, 0, 0
0, 0, 0, 0, 0, 0, 0
0, 0, 0, 0, 0, 0, 0
0, 0, 0, 0, 0, 0, 0
0, 0, 0, 0, 0, 0, 0
0, 0, 0, 0, 0, 0, 0
0, 0, 0, 0, 0, 0, 0
0, 0, 0, 0, 0, 0, 0
0, 0, 0, 0, 0, 0, 0
0, 0, 0, 0, 0, 0, 0
0, 0, 0, 0, 0, 0, 0
0, 0, 0, 0, 0, 0, 0
0, 0, 0, 0, 0, 0, 0
0, 0, 0, 0, 0, 0, 0
0, 0, 0, 0, 0, 0, 0
0, 0, 0, 0, 0, 0, 0
0, 0, 0, 0, 0, 0, 0
0, 0, 0, 0, 0, 0, 0
0, 0, 0, 0, 0, 0, 0
0, 0, 0, 0, 0, 0, 0
0, 0, 0, 0, 0, 0, 0
0, 0, 0, 0, 0, 0, 0
0, 0, 0, 0, 0, 0, 0
0, 0, 0, 0, 0, 0, 0
0, 0, 0, 0, 0, 0, 0
0, 0, 0, 0, 0, 0, 0
0, 0, 0, 0, 0, 0, 0
0, 0, 0, 0, 0, 0, 0
0, 0, 0, 0, 0, 0, 0
0, 0, 0, 0, 0, 0, 0
0, 0, 0, 0, 0, 0, 0
0, 0, 0, 0, 0, 0, 0
0, 0, 0, 0, 0, 0, 0
0, 0, 0, 0, 0, 0, 0
0, 0, 0, 0, 0, 0, 0
0, 0, 0, 0, 0, 0, 0
0, 0, 0, 0, 0, 0, 0
0, 0, 0, 0, 0, 0, 0
0, 0, 0, 0, 0, 0, 0
0, 0, 0, 0, 0, 0, 0
0, 0, 0, 0, 0, 0, 0
0, 0, 0, 0, 0, 0, 0
0, 0, 0, 0, 0, 0, 0
0, 0, 0, 0, 0, 0, 0
0, 0, 0, 0, 0, 0, 0
0, 0, 0, 0, 0, 0, 0
0, 0, 0, 0, 0, 0, 0
0, 0, 0, 0, 0, 0, 0
0, 0, 0, 0, 0, 0, 0
0, 0, 0, 0, 0, 0, 0
0, 0, 0, 0, 0, 0, 0
0, 0, 0, 0, 0, 0, 0
0, 0, 0, 0, 0, 0, 0
0, 0, 0, 0, 0, 0, 0
0, 0, 0, 0, 0, 0, 0
0, 0, 0, 0, 0, 0, 0
0, 0, 0, 0, 0, 0, 0
0, 0, 0, 0, 0, 0, 0
0, 0, 0, 0, 0, 0, 0
0, 0, 0, 0, 0, 0, 0
0, 0, 0, 0, 0, 0, 0
0, 0, 0, 0, 0, 0, 0
0, 0, 0, 0, 0, 0, 0
0, 0, 0, 0, 0, 0, 0
0, 0, 0, 0, 0, 0, 0
0, 0, 0, 0, 0, 0, 0
0, 0, 0, 0, 0, 0, 0
0, 0, 0, 0, 0, 0, 0
0, 0, 0, 0, 0, 0, 0
0, 0, 0, 0, 0, 0, 0
0, 0, 0, 0, 0, 0, 0
0, 0, 0, 0, 0, 0, 0
0, 0, 0, 0, 0, 0, 0
0, 0, 0, 0, 0, 0, 0
0, 0, 0, 0, 0, 0, 0
0, 0, 0, 0, 0, 0, 0
0, 0, 0, 0, 0, 0, 0
0, 0, 0, 0, 0, 0, 0
0, 0, 0, 0, 0, 0, 0
0, 0, 0, 0, 0, 0, 0
0, 0, 0, 0, 0, 0, 0
0, 0, 0, 0, 0, 0, 0
0, 0, 0, 0, 0, 0, 0
0, 0, 0, 0, 0, 0, 0
0, 0, 0, 0, 0, 0, 0
0, 0, 0, 0, 0, 0, 0
0, 0, 0, 0, 0, 0, 0
0, 0, 0, 0, 0, 0, 0
0, 0, 0, 0, 0, 0, 0
0, 0, 0, 0, 0, 0, 0
0, 0, 0, 0, 0, 0, 0
0, 0, 0, 0, 0, 0, 0
0, 0, 0, 0, 0, 0, 0
0, 0, 0, 0, 0, 0, 0
0, 0, 0, 0, 0, 0, 0
0, 0, 0, 0, 0, 0, 0
0, 0, 0, 0, 0, 0, 0
0, 0, 0, 0, 0, 0, 0
0, 0, 0, 0, 0, 0, 0
0, 0, 0, 0, 0, 0, 0
0, 0, 0, 0, 0, 0, 0
0, 0, 0, 0, 0, 0, 0
0, 0, 0, 0, 0, 0, 0
0, 0, 0, 0, 0, 0, 0
0, 0, 0, 0, 0, 0, 0
0, 0, 0, 0, 0, 0, 0
0, 0, 0, 0, 0, 0, 0
0, 0, 0, 0, 0, 0, 0
0, 0, 0, 0, 0, 0, 0
0, 0, 0, 0, 0, 0, 0
0, 0, 0, 0, 0, 0, 0
0, 0, 0, 0, 0, 0, 0
0, 0, 0, 0, 0, 0, 0
0, 0, 0, 0, 0, 0, 0
0, 0, 0, 0, 0, 0, 0
0, 0, 0, 0, 0, 0, 0
0, 0, 0, 0, 0, 0, 0
0, 0, 0, 0, 0, 0, 0
0, 0, 0, 0, 0, 0, 0
0, 0, 0, 0, 0, 0, 0
0, 0, 0, 0, 0, 0, 0
0, 0, 0, 0, 0, 0, 0
0, 0, 0, 0, 0, 0, 0
0, 0, 0, 0, 0, 0, 0
0, 0, 0, 0, 0, 0, 0
0, 0, 0, 0, 0, 0, 0
0, 0, 0, 0, 0, 0, 0
0, 0, 0, 0, 0, 0, 0
0, 0, 0, 0, 0, 0, 0
0, 0, 0, 0, 0, 0, 0
0, 0, 0, 0, 0, 0, 0
0, 0, 0, 0, 0, 0, 0
0, 0, 0, 0, 0, 0, 0
0, 0, 0, 0, 0, 0, 0
0, 0, 0, 0, 0, 0, 0
0, 0, 0, 0, 0, 0, 0
0, 0, 0, 0, 0, 0, 0
0, 0, 0, 0, 0, 0, 0
0, 0, 0, 0, 0, 0, 0
0, 0, 0, 0, 0, 0, 0
0, 0, 0, 0, 0, 0, 0
0, 0, 0, 0, 0, 0, 0
0, 0, 0, 0, 0, 0, 0
0, 0, 0, 0, 0, 0, 0
0, 0, 0, 0, 0, 0, 0
0, 0, 0, 0, 0, 0, 0
0, 0, 0, 0, 0, 0, 0
0, 0, 0, 0, 0, 0, 0
0, 0, 0, 0, 0, 0, 0
0, 0, 0, 0, 0, 0, 0
0, 0, 0, 0, 0, 0, 0
0, 0, 0, 0, 0, 0, 0
0, 0, 0, 0, 0, 0, 0
0, 0, 0, 0, 0, 0, 0
0, 0, 0, 0, 0, 0, 0
0, 0, 0, 0, 0, 0, 0
0, 0, 0, 0, 0, 0, 0
0, 0, 0, 0, 0, 0, 0
0, 0, 0, 0, 0, 0, 0
0, 0, 0, 0, 0, 0, 0
0, 0, 0, 0, 0, 0, 0
0, 0, 0, 0, 0, 0, 0
0, 0, 0, 0, 0, 0, 0
0, 0, 0, 0, 0, 0, 0
0, 0, 0, 0, 0, 0, 0
0, 0, 0, 0, 0, 0, 0
0, 0, 0, 0, 0, 0, 0
0, 0, 0, 0, 0, 0, 0
0, 0, 0, 0, 0, 0, 0
0, 0, 0, 0, 0, 0, 0
0, 0, 0, 0, 0, 0, 0
0, 0, 0, 0, 0, 0, 0
0, 0, 0, 0, 0, 0, 0
0, 0, 0, 0, 0, 0, 0
0, 0, 0, 0, 0, 0, 0
0, 0, 0, 0, 0, 0, 0
0, 0, 0, 0, 0, 0, 0
0, 0, 0, 0, 0, 0, 0
0, 0, 0, 0, 0, 0, 0
0, 0, 0, 0, 0, 0, 0
0, 0, 0, 0, 0, 0, 0
0, 0, 0, 0, 0, 0, 0
0, 0, 0, 0, 0, 0, 0
0, 0, 0, 0, 0, 0, 0
0, 0, 0, 0, 0, 0, 0
0, 0, 0, 0, 0, 0, 0
0, 0, 0, 0, 0, 0, 0
0, 0, 0, 0, 0, 0, 0
0, 0, 0, 0, 0, 0, 0
0, 0, 0, 0, 0, 0, 0
0, 0, 0, 0, 0, 0, 0
0, 0, 0, 0, 0, 0, 0
0, 0, 0, 0, 0, 0, 0
0, 0, 0, 0, 0, 0, 0
0, 0, 0, 0, 0, 0, 0
0, 0, 0, 0, 0, 0, 0
0, 0, 0, 0, 0, 0, 0
0, 0, 0, 0, 0, 0, 0
0, 0, 0, 0, 0, 0, 0
0, 0, 0, 0, 0, 0, 0
0, 0, 0, 0, 0, 0, 0
0, 0, 0, 0, 0, 0, 0
0, 0, 0, 0, 0, 0, 0
0, 0, 0, 0, 0, 0, 0
0, 0, 0, 0, 0, 0, 0
0, 0, 0, 0, 0, 0, 0
0, 0, 0, 0, 0, 0, 0
0, 0, 0, 0, 0, 0, 0
0, 0, 0, 0, 0, 0, 0
0, 0, 0, 0, 0, 0, 0
0, 0, 0, 0, 0, 0, 0
0, 0, 0, 0, 0, 0, 0
0, 0, 0, 0, 0, 0, 0
0, 0, 0, 0, 0, 0, 0
0, 0, 0, 0, 0, 0, 0
0, 0, 0, 0, 0, 0, 0
0, 0, 0, 0, 0, 0, 0
0, 0, 0, 0, 0, 0, 0
0, 0, 0, 0, 0, 0, 0
0, 0, 0, 0, 0, 0, 0
0, 0, 0, 0, 0, 0, 0
0, 0, 0, 0, 0, 0, 0
0, 0, 0, 0, 0, 0, 0
0, 0, 0, 0, 0, 0, 0
0, 0, 0, 0, 0, 0, 0
0, 0, 0, 0, 0, 0, 0
0, 0, 0, 0, 0, 0, 0
0, 0, 0, 0, 0, 0, 0
0, 0, 0, 0, 0, 0, 0
0, 0, 0, 0, 0, 0, 0
0, 0, 0, 0, 0, 0, 0
0, 0, 0, 0, 0, 0, 0
0, 0, 0, 0, 0, 0, 0
0, 0, 0, 0, 0, 0, 0
0, 0, 0, 0, 0, 0, 0
0, 0, 0, 0, 0, 0, 0
0, 0, 0, 0, 0, 0, 0
0, 0, 0, 0, 0, 0, 0
0, 0, 0, 0, 0, 0, 0
0, 0, 0, 0, 0, 0, 0
0, 0, 0, 0, 0, 0, 0
0, 0, 0, 0, 0, 0, 0
0, 0, 0, 0, 0, 0, 0
0, 0, 0, 0, 0, 0, 0
0, 0, 0, 0, 0, 0, 0
0, 0, 0, 0, 0, 0, 0
0, 0, 0, 0, 0, 0, 0
0, 0, 0, 0, 0, 0, 0
0, 0, 0, 0, 0, 0, 0
0, 0, 0, 0, 0, 0, 0
0, 0, 0, 0, 0, 0, 0
0, 0, 0, 0, 0, 0, 0
0, 0, 0, 0, 0, 0, 0
0, 0, 0, 0, 0, 0, 0
0, 0, 0, 0, 0, 0, 0
0, 0, 0, 0, 0, 0, 0
0, 0, 0, 0, 0, 0, 0
0, 0, 0, 0, 0, 0, 0
0, 0, 0, 0, 0, 0, 0
0, 0, 0, 0, 0, 0, 0
0, 0, 0, 0, 0, 0, 0
0, 0, 0, 0, 0, 0, 0
0, 0, 0, 0, 0, 0, 0
0, 0, 0, 0, 0, 0, 0
0, 0, 0, 0, 0, 0, 0
0, 0, 0, 0, 0, 0, 0
0, 0, 0, 0, 0, 0, 0
0, 0, 0, 0, 0, 0, 0
0, 0, 0, 0, 0, 0, 0
0, 0, 0, 0, 0, 0, 0
0, 0, 0, 0, 0, 0, 0
0, 0, 0, 0, 0, 0, 0
0, 0, 0, 0, 0, 0, 0
0, 0, 0, 0, 0, 0, 0
0, 0, 0, 0, 0, 0, 0
0, 0, 0, 0, 0, 0, 0
0, 0, 0, 0, 0, 0, 0
0, 0, 0, 0, 0, 0, 0
0, 0, 0, 0, 0, 0, 0
0, 0, 0, 0, 0, 0, 0
0, 0, 0, 0, 0, 0, 0
0, 0, 0, 0, 0, 0, 0
0, 0, 0, 0, 0, 0, 0
0, 0, 0, 0, 0, 0, 0
0, 0, 0, 0, 0, 0, 0
0, 0, 0, 0, 0, 0, 0
0, 0, 0, 0, 0, 0, 0
0, 0, 0, 0, 0, 0, 0
0, 0, 0, 0, 0, 0, 0
0, 0, 0, 0, 0, 0, 0
0, 0, 0, 0, 0, 0, 0
0, 0, 0, 0, 0, 0, 0
0, 0, 0, 0, 0, 0, 0
0, 0, 0, 0, 0, 0, 0
0, 0, 0, 0, 0, 0, 0
0, 0, 0, 0, 0, 0, 0
0, 0, 0, 0, 0, 0, 0
0, 0, 0, 0, 0, 0, 0
0, 0, 0, 0, 0, 0, 0
0, 0, 0, 0, 0, 0, 0
0, 0, 0, 0, 0, 0, 0
0, 0, 0, 0, 0, 0, 0
0, 0, 0, 0, 0, 0, 0
0, 0, 0, 0, 0, 0, 0
0, 0, 0, 0, 0, 0, 0
0, 0, 0, 0, 0, 0, 0
0, 0, 0, 0, 0, 0, 0
0, 0, 0, 0, 0, 0, 0
0, 0, 0, 0, 0, 0, 0
0, 0, 0, 0, 0, 0, 0
0, 0, 0, 0, 0, 0, 0
0, 0, 0, 0, 0, 0, 0
0, 0, 0, 0, 0, 0, 0
0, 0, 0, 0, 0, 0, 0
0, 0, 0, 0, 0, 0, 0
0, 0, 0, 0, 0, 0, 0
0, 0, 0, 0, 0, 0, 0
0, 0, 0, 0, 0, 0, 0
0, 0, 0, 0, 0, 0, 0
0, 0, 0, 0, 0, 0, 0
0, 0, 0, 0, 0, 0, 0
0, 0, 0, 0, 0, 0, 0
0, 0, 0, 0, 0, 0, 0
0, 0, 0, 0, 0, 0, 0
0, 0, 0, 0, 0, 0, 0
0, 0, 0, 0, 0, 0, 0
0, 0, 0, 0, 0, 0, 0
0, 0, 0, 0, 0, 0, 0
0, 0, 0, 0, 0, 0, 0
0, 0, 0, 0, 0, 0, 0
0, 0, 0, 0, 0, 0, 0
0, 0, 0, 0, 0, 0, 0
0, 0, 0, 0, 0, 0, 0
0, 0, 0, 0, 0, 0, 0
0, 0, 0, 0, 0, 0, 0
0, 0, 0, 0, 0, 0, 0
0, 0, 0, 0, 0, 0, 0
0, 0, 0, 0, 0, 0, 0
0, 0, 0, 0, 0, 0, 0
0, 0, 0, 0, 0, 0, 0
0, 0, 0, 0, 0, 0, 0
0, 0, 0, 0, 0, 0, 0
0, 0, 0, 0, 0, 0, 0
0, 0, 0, 0, 0, 0, 0
0, 0, 0, 0, 0, 0, 0
0, 0, 0, 0, 0, 0, 0
0, 0, 0, 0, 0, 0, 0
0, 0, 0, 0, 0, 0, 0
0, 0, 0, 0, 0, 0, 0
0, 0, 0, 0, 0, 0, 0
0, 0, 0, 0, 0, 0, 0
0, 0, 0, 0, 0, 0, 0
0, 0, 0, 0, 0, 0, 0
0, 0, 0, 0, 0, 0, 0
0, 0, 0, 0, 0, 0, 0
0, 0, 0, 0, 0, 0, 0
0, 0, 0, 0, 0, 0, 0
0, 0, 0, 0, 0, 0, 0
0, 0, 0, 0, 0, 0, 0
0, 0, 0, 0, 0, 0, 0
0, 0, 0, 0, 0, 0, 0
0, 0, 0, 0, 0, 0, 0
0, 0, 0, 0, 0, 0, 0
0, 0, 0, 0, 0, 0, 0
0, 0, 0, 0, 0, 0, 0
0, 0, 0, 0, 0, 0, 0
0, 0, 0, 0, 0, 0, 0
0, 0, 0, 0, 0, 0, 0
0, 0, 0, 0, 0, 0, 0
0, 0, 0, 0, 0, 0, 0
0, 0, 0, 0, 0, 0, 0
0, 0, 0, 0, 0, 0, 0
0, 0, 0, 0, 0, 0, 0
0, 0, 0, 0, 0, 0, 0
0, 0, 0, 0, 0, 0, 0
0, 0, 0, 0, 0, 0, 0
0, 0, 0, 0, 0, 0, 0
0, 0, 0, 0, 0, 0, 0
0, 0, 0, 0, 0, 0, 0
0, 0, 0, 0, 0, 0, 0
0, 0, 0, 0, 0, 0, 0
0, 0, 0, 0, 0, 0, 0
0, 0, 0, 0, 0, 0, 0
0, 0, 0, 0, 0, 0, 0
0, 0, 0, 0, 0, 0, 0
0, 0, 0, 0, 0, 0, 0
0, 0, 0, 0, 0, 0, 0
0, 0, 0, 0, 0, 0, 0
0, 0, 0, 0, 0, 0, 0
0, 0, 0, 0, 0, 0, 0
0, 0, 0, 0, 0, 0, 0
0, 0, 0, 0, 0, 0, 0
0, 0, 0, 0, 0, 0, 0
0, 0, 0, 0, 0, 0, 0
0, 0, 0, 0, 0, 0, 0
0, 0, 0, 0, 0, 0, 0
0, 0, 0, 0, 0, 0, 0
0, 0, 0, 0, 0, 0, 0
0, 0, 0, 0, 0, 0, 0
0, 0, 0, 0, 0, 0, 0
0, 0, 0, 0, 0, 0, 0
0, 0, 0, 0, 0, 0, 0
0, 0, 0, 0, 0, 0, 0
0, 0, 0, 0, 0, 0, 0
0, 0, 0, 0, 0, 0, 0
0, 0, 0, 0, 0, 0, 0
0, 0, 0, 0, 0, 0, 0
0, 0, 0, 0, 0, 0, 0
0, 0, 0, 0, 0, 0, 0
0, 0, 0, 0, 0, 0, 0
0, 0, 0, 0, 0, 0, 0
0, 0, 0, 0, 0, 0, 0
0, 0, 0, 0, 0, 0, 0
0, 0, 0, 0, 0, 0, 0
0, 0, 0, 0, 0, 0, 0
0, 0, 0, 0, 0, 0, 0
0, 0, 0, 0, 0, 0, 0
0, 0, 0, 0, 0, 0, 0
0, 0, 0, 0, 0, 0, 0
0, 0, 0, 0, 0, 0, 0
0, 0, 0, 0, 0, 0, 0
0, 0, 0, 0, 0, 0, 0
0, 0, 0, 0, 0, 0, 0
0, 0, 0, 0, 0, 0, 0
0, 0, 0, 0, 0, 0, 0
0, 0, 0, 0, 0, 0, 0
0, 0, 0, 0, 0, 0, 0
0, 0, 0, 0, 0, 0, 0
0, 0, 0, 0, 0, 0, 0
0, 0, 0, 0, 0, 0, 0
8.89123625, 9.052318, 9.24322975, 9.4991617, 9.7239009, 14.69174642, 20.217992
8.88102, 9.038846, 9.22833675, 9.5023359, 9.79979945, 14.69174642, 32.855096
8.887459, 9.038595, 9.240568, 9.522976700000001, 9.8073939, 15.977419659999999, 23.303856
8.878249499999999, 9.0314975, 9.233069, 9.531599700000001, 9.767297399999999, 14.435830779999996, 52.853195
8.8867165, 9.033028, 9.220515, 9.4945815, 9.69249365, 14.910448319999988, 36.893046
8.87771125, 9.0374035, 9.23733325, 9.512666, 9.77404285, 15.267818949999995, 24.370709
8.88279025, 9.030881, 9.23809225, 9.506237, 9.70830885, 13.72803882, 52.853195
8.8826475, 9.038102, 9.2266945, 9.507929, 9.7923315, 16.09869635, 24.370709
8.85529925, 8.9990065, 9.16517775, 9.4167936, 9.794560699999998, 11.780696479999984, 35.487972
8.865049, 9.0076425, 9.1896405, 9.485208, 10.160215449999999, 11.932933869999994, 29.227148
8.86204775, 8.9940965, 9.178352, 9.4981688, 10.0822756, 12.257793649999986, 37.448702
8.86926825, 9.0073355, 9.178993, 9.4591562, 9.969527649999998, 11.932675, 35.487972
8.86896075, 9.0044995, 9.165789, 9.4100807, 9.850837, 11.922319599999996, 35.487972
8.86255125, 8.999671500000002, 9.18901575, 9.4467835, 9.899901449999998, 12.054451, 35.734803
8.86477425, 9.0054475, 9.191046, 9.5108116, 10.161554849999996, 12.3281949, 35.734803
8.862878, 9.0029145, 9.19313325, 9.4589331, 10.057531549999998, 11.933297219999982, 35.734803
8.865273, 9.007458, 9.191906249999999, 9.451873, 10.0134674, 12.005281719999948, 35.734803
8.7800555, 9.040499, 10.117726, 11.5399847, 12.4204191, 14.953882, 26.889073
8.783877, 9.0440595, 10.15341, 11.593247100000001, 12.335358800000002, 14.953992380000003, 18.677002
8.784949, 9.0503335, 10.21229775, 11.633141, 12.525207000000002, 14.8012448, 26.889073
8.64793625, 9.1364725, 10.79312425, 12.539837100000002, 13.884972, 17.200157250000018, 38.813544
8.647832, 9.118738, 10.802272, 12.436356, 14.06230995, 17.629914210000006, 38.404747
8.64759125, 9.078739, 10.7615305, 12.362717300000007, 14.058035149999997, 17.548219190000015, 34.462112
8.652375249999999, 9.1177425, 10.802748, 12.366907700000006, 13.964127, 17.844941360000007, 38.404747
8.65043375, 9.141108, 10.810196000000001, 12.3560725, 14.015086, 18.321207, 38.813544
8.637784, 9.085456, 10.715621, 12.308112, 13.892181899999986, 17.414351279999998, 38.404747
8.643056, 9.0954245, 10.8125405, 12.458397, 14.096381349999984, 17.709146020000016, 34.462112
8.6437615, 9.1275925, 10.799901, 12.3325151, 13.888502099999998, 17.664151120000007, 38.813544
8.650438, 9.173124, 10.90306, 12.439813, 14.027404, 17.802213, 38.404747
8.645662, 9.127207, 10.76841475, 12.357211000000001, 13.854055399999993, 17.54839695000002, 38.813544
8.63655, 9.086364, 10.77528, 12.4297544, 14.035527799999983, 17.700478660000016, 38.813544
8.645769, 9.147918, 10.871542, 12.516471, 14.106045, 17.644383, 38.404747
8.651935, 9.164127, 10.8612985, 12.4206344, 13.926007349999997, 17.547577, 38.813544
8.64835025, 9.172814, 10.830844, 12.407502, 13.96309, 17.612121870000006, 38.813544
8.65251125, 9.134417, 10.79752375, 12.366907700000006, 13.845848349999986, 17.629914210000006, 34.462112
8.6521965, 9.128838, 10.84455, 12.4429497, 14.039873, 17.872018, 38.813544
8.644195499999999, 9.1598345, 10.881919, 12.4196954, 13.886103999999984, 17.458465180000005, 38.404747
8.6522525, 9.1541975, 10.802630749999999, 12.459889800000001, 14.063715799999997, 17.793979170000004, 38.813544
8.648940499999998, 9.146284999999999, 10.8042355, 12.469538, 14.062389, 17.793979170000004, 38.813544
8.643933, 9.0927235, 10.792584, 12.434224500000001, 13.952062749999996, 17.787040250000004, 38.404747
8.647676, 9.1556125, 10.84386375, 12.426572900000002, 14.021759099999995, 17.70915502000002, 38.813544
8.650421, 9.155912, 10.830662, 12.424542700000002, 14.070622, 17.708369, 38.813544
8.649479249999999, 9.111663, 10.7875895, 12.386942800000002, 13.931310749999996, 17.703598, 38.813544
8.65371275, 9.119192, 10.860042, 12.460379800000002, 13.925927999999997, 17.844941360000007, 38.813544
8.63903525, 9.071917500000001, 10.753123500000001, 12.390487, 14.081243349999982, 17.787040250000004, 34.462112
8.646251, 9.10862, 10.7804265, 12.390487, 13.86892189999999, 17.443292050000004, 38.404747
8.642266, 9.1181595, 10.7602125, 12.418864, 14.015086, 17.70364571, 38.813544
8.6415585, 9.091334, 10.78421975, 12.390644, 13.88336, 18.492794, 38.813544
8.660411, 9.1610315, 10.847550250000001, 12.5889387, 14.08060959999999, 18.23399394000002, 38.813544
8.64116175, 9.137233, 10.831201, 12.423639, 13.941161499999987, 17.703598, 38.813544
8.661794, 9.129338, 10.77557975, 12.4342527, 13.963141849999998, 18.45199214000001, 38.813544
8.64299475, 9.113885, 10.78398825, 12.500089900000004, 14.165558, 17.813651420000017, 38.813544
8.6394955, 9.107288, 10.79312425, 12.474138, 14.063569, 17.401612950000004, 38.404747
8.6627385, 9.149959500000001, 10.797017, 12.512370600000002, 14.124431, 17.96278833000005, 38.404747
8.7843245, 9.038727, 10.20749, 11.5844836, 12.32918, 14.712798550000002, 26.889073
8.78599625, 9.050433, 10.236745, 11.6545562, 12.512984800000002, 14.83195652000001, 26.889073
8.787975, 9.050405, 10.21895275, 11.6604863, 12.440006300000002, 14.831535, 19.563106
8.868644, 9.006528, 9.17461475, 9.4248741, 9.851268849999999, 11.961167169999998, 29.227148
8.862614, 9.000862000000001, 9.1709935, 9.4390328, 10.033099, 12.170848299999975, 37.448702
8.86258, 9.00355, 9.17406675, 9.4414199, 10.0137305, 11.757293969999992, 37.448702
8.867323, 9.0079295, 9.1855165, 9.4670267, 9.974078599999999, 12.169767, 35.487972
8.85556775, 8.9949895, 9.165885750000001, 9.4308111, 9.91334975, 12.048048669999998, 35.487972
8.8767365, 9.005145, 9.190939, 9.4805948, 9.871943899999991, 11.678578579999995, 33.51644
8.87133625, 9.0131135, 9.189099500000001, 9.498231299999999, 10.151806, 11.913264409999998, 35.330604
8.86539475, 9.007771, 9.193741, 9.4658409, 10.034085249999995, 12.257414889999996, 35.734803
8.8591745, 9.006504, 9.189168, 9.4608703, 10.087609, 12.074361929999956, 37.448702
8.8624595, 9.014113, 9.19999125, 9.5063433, 10.092368199999997, 12.222369769999998, 35.330604
8.873911, 9.005469999999999, 9.18523775, 9.4654596, 10.087762049999998, 11.932605699999998, 29.227148
8.88474925, 9.033785, 9.2332425, 9.5116875, 9.7342482, 16.216124110000003, 24.370709
8.90453025, 9.048919, 9.25313725, 9.490247900000002, 9.74224415, 13.729825919999998, 24.370709
8.89318325, 9.041462, 9.2484385, 9.536425, 9.77063985, 16.111229279999996, 52.853195
8.8912415, 9.03383, 9.224038, 9.497916, 9.7083474, 14.431153, 24.370709
8.8798955, 9.044718, 9.246628000000001, 9.5042611, 9.73992, 13.735177429999993, 36.893046
8.8995135, 9.0516115, 9.24992975, 9.55126, 9.799576100000001, 15.872548, 52.853195
8.8719285, 9.006582, 9.1907325, 9.4520759, 9.94988625, 11.903319539999996, 35.487972
8.784649, 9.050426, 10.2210625, 11.607931, 12.353979700000002, 14.514821, 19.393533
8.791982, 9.0576905, 10.227304749999998, 11.66043, 12.4629839, 14.815179, 26.889073
8.640965, 9.123282, 10.792782, 12.333755200000002, 13.952268549999994, 17.547577, 26.160596
8.64633225, 9.16394, 10.83277, 12.525538600000003, 14.105456949999994, 18.213044550000024, 34.408771
9.111305, 11.1773075, 13.983948250000001, 17.4347607, 19.83876394999998, 25.786771, 44.22794
9.118879999999999, 11.285653, 14.241977, 17.5123147, 20.277583, 26.311127, 44.22794
9.095218, 11.149756, 13.976241, 17.4550999, 19.9729156, 25.60713201, 40.625286
11.004562, 14.101633, 18.518539, 23.776344, 27.064488, 34.28192869000002, 56.221419
8.730458, 9.080981, 10.528833500000001, 12.035821500000003, 13.178916199999996, 16.829082, 107.38366904501217
8.7285845, 9.082381, 10.533926, 12.0148483, 13.108556, 16.394581, 38.813544
8.644519, 9.1181595, 10.803248, 12.436074, 14.027751549999996, 17.786071, 38.813544
12.772585, 17.286882, 23.0300905, 28.797719, 33.280184, 41.29297141, 105.34118366976469
8.651935, 9.1328155, 10.81987625, 12.498776, 14.057811, 17.844506, 102.80719404259978
8.648381749999999, 9.140346000000001, 10.797017, 12.426273, 13.990885, 17.644383, 38.813544
8.6433755, 9.128838, 10.783371, 12.382462, 13.974307, 17.699605, 38.813544
8.646227, 9.112452, 10.784076, 12.434019, 13.990885, 17.793979169999986, 38.813544
8.6467705, 9.1151705, 10.802748, 12.394576, 13.929538, 17.629720109999976, 38.813544
14.468335249999999, 19.072677, 24.904645, 32.204276, 36.99389164999997, 48.16156003999997, 109.37452127510346
14.314083, 19.036465, 24.792464, 32.032475, 36.678152, 47.493232, 73.564487
8.767162, 9.917581, 12.285568, 15.510726100000003, 17.8129, 23.56251, 116.2799344032407
8.790905, 9.060496, 10.242552, 11.642939, 12.469801, 14.932011220000097, 108.42945366754522
8.851405, 9.010963499999999, 9.245001, 10.1258282, 11.205394, 13.004638, 92.56014377300554
8.868859, 9.009035, 9.191532, 9.460714800000002, 9.879181, 12.047984, 113.49311421502574
8.849904, 9.008032, 9.243225, 10.110611200000003, 11.197547, 13.087517689999988, 107.76405891890863
8.785015, 9.057744, 10.22052, 11.646801, 12.465433, 14.938511, 103.38482361822454
8.7723, 9.956303, 12.284748, 15.578962399999996, 17.849544, 23.757344, 112.41631484678761
14.375949, 18.83636, 24.794396, 31.9032302, 36.550684, 47.034426, 105.63749560536513
14.3324775, 19.049797, 24.765879, 31.89673, 36.527997, 47.544557, 73.564487
8.768588, 9.897769, 12.211809, 15.439029500000002, 17.80895944999999, 23.68457, 107.56757280707619
8.748959, 9.065487, 10.401651, 11.838692400000001, 12.787973, 16.101097, 106.91588336107046
8.834087499999999, 9.01942, 9.381965, 10.908232, 11.81141, 13.966802, 106.53128502120445
8.866547, 9.002317, 9.175059, 9.445553600000002, 9.95983, 11.961075, 105.0605458570194
8.834065, 9.015549, 9.366718, 10.866539, 11.761805, 13.86548, 123.98541132176035
8.748625, 9.067239, 10.431919, 11.8820193, 12.850771, 16.1301, 100.38099423865748
9.125335, 11.261879, 14.071423, 17.448374, 20.001382400000015, 26.226208, 100.13206496390045
15.470192, 20.592155, 27.384391, 34.634567000000004, 39.798269, 50.126407, 104.71192858895097
15.370683, 20.490094, 27.279154, 34.324571, 39.605158, 49.144707, 72.489022
9.131891, 11.247666, 14.104936, 17.453940000000006, 20.007928, 26.20281275999993, 109.78045010243488
8.748088, 9.067373, 10.434167500000001, 11.865201600000002, 12.813129, 16.235473359999958, 106.25935840490237
8.831785, 9.015764, 9.378039, 10.893817, 11.781771049999998, 13.942208150000116, 110.21795837306354
8.86674575, 9.002763, 9.180355, 9.44659, 9.973715, 11.932675, 103.04614686820534
8.865721, 9.003191, 9.175935, 9.442472, 9.956152, 11.932675, 37.448702
8.835182, 9.019314, 9.37448425, 10.883033, 11.801112, 13.892242, 114.87479849853936
8.750282, 9.067917, 10.447194, 11.8820193, 12.880009, 16.222792, 110.63334134706741
9.112501, 11.249597, 14.0856535, 17.358213, 19.862456, 25.386005, 98.14376242750274
15.389512, 20.558281, 27.407336, 34.53785, 39.73236279999998, 49.988179, 99.46023072270046
15.373713, 20.559083, 27.370076, 34.534807, 39.47888489999997, 49.181539, 72.489022
9.114504, 11.200454, 14.059709, 17.286815, 19.75738179999998, 25.607038, 107.22070819365823
8.7507765, 9.076375, 10.46022, 11.8851, 12.860674, 16.073377, 105.36701488170014
8.8318635, 9.016582, 9.37179, 10.883033, 11.761676999999999, 13.86548, 102.02600622333043
8.866416, 9.003628, 9.182778, 9.460099, 9.992619, 11.958562, 116.33220622964512
8.865721, 9.00341, 9.17731725, 9.454415, 9.992619, 11.961075, 37.448702
8.832666, 9.016582, 9.369594, 10.883033, 11.779882949999994, 14.022664070000088, 96.38413095645426
8.745935, 9.064097, 10.434318, 11.871227, 12.837909, 16.285183859999968, 107.42974642180242
9.105165, 11.214239, 13.958451, 17.289255, 19.819811, 25.464532, 116.62782624139354
15.390767, 20.562561, 27.407336, 34.395931, 39.605158, 49.35701, 98.46097472610434
15.464358, 20.587218, 27.539445, 34.6285345, 39.752938, 49.920106, 72.489022
9.110354, 11.250684, 14.091211, 17.375265, 19.89221, 25.872138, 105.76077740048831
8.748169, 9.064592, 10.434167500000001, 11.883702, 12.856123499999997, 16.105074, 111.16018720183008
8.831739, 9.0161475, 9.37178325, 10.897675, 11.832113, 14.036971, 97.33608918793726
8.86659475, 9.002868, 9.178993, 9.445925, 9.961654, 11.970292, 114.9126077270094
8.865428, 9.003303, 9.178934, 9.449913, 9.956152, 11.993545, 37.448702
8.832332, 9.016445, 9.369881, 10.894653, 11.774039, 13.979219, 114.22702837011667
8.747606, 9.067714, 10.434017, 11.865705, 12.803515, 16.10886272999999, 112.61797138140894
9.119139, 11.256453, 14.140549, 17.512321, 19.991815, 26.226208, 107.15301107849322
15.313478, 20.43175, 27.30998, 34.346505, 39.736472, 49.71258311999996, 102.52757116920195
14.40611275, 19.089357999999997, 24.9574145, 31.95023, 36.575609, 48.248024, 73.564487
8.78325, 9.9542155, 12.331862, 15.5152367, 17.7699522, 23.064532, 109.10376130052967
8.785802, 9.050433, 10.237786, 11.659932, 12.471117700000002, 15.054253, 100.27442891879456
8.848317, 9.008502, 9.239484, 10.087531, 11.233145099999987, 13.052535, 112.6164738549558
8.869873, 9.009329, 9.195348, 9.466409, 9.907871, 11.970292, 108.70446285233865
8.849737, 9.0078155, 9.242821, 10.089624, 11.189314, 12.96700793, 90.36611197144948
8.785300750000001, 9.051341, 10.212233, 11.651476, 12.451222, 14.932628, 116.82689092023102
8.7753115, 9.934477, 12.213413, 15.503052799999999, 17.824412, 23.337256, 113.35926391229383
12.811364, 17.303112, 22.952872, 29.17872040000002, 33.49307295, 41.29312, 107.39319384878253
12.795338, 17.241241, 22.75235875, 28.639562300000005, 32.834064, 40.847788, 60.359037
12.843235, 17.286882, 23.16828825, 29.156647, 33.44236284999997, 40.84404283000001, 64.049625
8.644131, 9.120069, 10.802748, 12.426093, 13.967338, 17.663793, 107.79767969065819
8.820879, 9.027771, 9.570323, 11.184061, 12.032652, 14.189961, 106.15613327683182
8.8642295, 9.003639, 9.179315, 9.449913, 9.965311, 12.00305149999999, 117.34227494548398
8.873911, 9.017828, 9.203876, 9.478671, 9.849747, 12.328172, 110.37142002379488
8.8684235, 9.004875, 9.184326, 9.457346, 9.970956, 11.993312469999951, 103.17213285397136
8.819725, 9.025107, 9.554952499999999, 11.188802, 12.022557799999998, 14.430179, 106.19712380909883
8.646602, 9.119783, 10.784825, 12.430775, 14.015086, 17.699605, 99.51692881259157
12.846437, 17.324109, 22.995490999999998, 29.101788100000018, 33.079487, 41.107663, 105.75028609151134
12.741455499999999, 17.269972, 23.078616500000003, 29.0145892, 33.257246, 41.29312, 64.049625
8.647031, 9.130221, 10.79259025, 12.4294679, 14.013154, 17.8129, 116.24476154076402
8.816233, 9.021401, 9.559608, 11.202135, 12.051037, 14.470914, 97.3551570021764
8.8657285, 9.004208, 9.178997, 9.456761, 9.994071, 11.993545, 97.03164839231697
8.872936, 9.016861, 9.204215, 9.483192, 9.843914, 12.054451, 112.78136500977504
8.865428, 9.004208, 9.18139, 9.451669900000002, 9.97255, 11.932675, 119.67131971701353
8.8188795, 9.025867, 9.564458, 11.182708, 11.997521, 14.279507, 99.57562104216697
8.649671, 9.149667, 10.830596, 12.466030999999996, 14.057811, 17.703598, 110.34714408302068
12.84148, 17.3964315, 23.002603, 28.990957700000003, 33.489803, 40.650151, 106.54217018863359
12.939712, 17.27528, 22.952872, 29.0145892, 33.199187, 41.157756, 64.049625
8.782187749999999, 9.944341, 12.285942, 15.488115, 17.801767949999995, 23.474159, 100.14595839745748
8.785778, 9.050492, 10.215979, 11.642031, 12.426091, 14.873687, 120.5600987164947
8.85045, 9.010887, 9.244435, 10.125510100000001, 11.199298, 13.117615, 106.62918089843858
8.869183, 9.009251500000001, 9.194471, 9.471973, 9.920967, 12.169767, 96.82829666203196
8.850539, 9.00998, 9.245312, 10.0958533, 11.173303, 12.966803, 106.9692903715083
8.786504, 9.053087, 10.220941, 11.652362, 12.476371, 15.09336591999992, 106.31047781115683
8.770678499999999, 9.93438, 12.282988, 15.4814454, 17.8129, 23.755888519999967, 108.08140557326382
14.298118, 19.049187000000003, 24.877597, 31.722773, 36.57234049999997, 47.49224547999998, 107.61141651805184
14.363911, 19.023313, 24.782848, 32.032475, 36.7475439, 47.196963, 73.564487
8.779836, 9.9288195, 12.326082, 15.541696, 17.768922, 23.684487, 119.00324720776607
8.786061, 9.054412, 10.230986, 11.659932, 12.456850200000003, 15.027702, 107.1353196931918
8.84994425, 9.007035, 9.241387, 10.0953473, 11.217019, 13.060476, 111.85396092616038
8.869962, 9.010444, 9.18945475, 9.4632, 9.899137599999994, 12.072515, 88.6959124473735
8.848967, 9.007269, 9.23962575, 10.066478400000001, 11.1866, 12.966803, 111.57859875560939
8.785227, 9.048323, 10.223651, 11.649735, 12.476290099999996, 14.953882, 115.50741145721113
8.775905, 9.937453, 12.306788999999998, 15.487277, 17.7604093, 23.474159, 103.45122469912712
14.468565, 19.136367, 25.025614, 32.30038480000002, 36.958286649999984, 48.06038601999977, 118.42977593060303
14.327644, 19.036465, 24.979713, 32.083995, 36.636188, 47.034426, 73.564487
8.777523500000001, 9.957723, 12.2849605, 15.411093800000002, 17.699605, 23.236673890000016, 115.44117693297734
8.785227, 9.055901, 10.228451499999998, 11.664709, 12.496195, 14.94417, 131.78407639118035
8.852448, 9.008198, 9.240556, 10.092182, 11.207422249999993, 13.060399779999983, 108.46137802423496
8.869538, 9.010444, 9.191657, 9.462899800000002, 9.881233, 11.993545, 98.23032842955527
8.851435, 9.011302, 9.244263, 10.095906, 11.22387825, 13.108789, 105.0901989074484
8.785015, 9.05303, 10.220221, 11.648901, 12.451222, 14.938511, 94.15513416819368
8.775905, 9.918971, 12.226239, 15.468105, 17.820659, 23.544528, 91.27952469318286
13.000737, 17.438871, 23.18647375, 29.229103, 33.60674834999991, 42.16871, 116.65053291918575
12.8883035, 17.326864, 22.868053, 29.149768, 33.625727399999995, 41.227129, 64.049625
8.73056275, 9.0760165, 10.526465, 11.972034800000001, 13.112734, 16.7835, 103.41885276115886
8.84574125, 9.01053, 9.26900025, 10.428869, 11.525470449999998, 13.252429969999978, 108.32802387807777
8.871288, 9.012673, 9.195742, 9.4694441, 9.881130399999995, 12.007767, 111.24882280985261
8.88066, 9.032497, 9.226247, 9.502057, 9.773195, 13.485379, 105.5403371747284
8.873081, 9.018716, 9.209698, 9.49414, 9.819212, 12.382223, 105.43968048144396
8.868461, 9.002561, 9.178158, 9.44659, 9.970956, 11.932441699999979, 99.67753919367748
8.78358025, 9.053782, 10.223651, 11.649735, 12.44431605, 14.964809620000016, 115.64993974364256
10.146004, 12.691754, 16.604109, 20.943149800000004, 23.768483399999994, 29.416824, 108.48295719686739
10.163014, 12.76629, 16.45202775, 20.986567100000002, 23.897907199999988, 30.19999, 43.791491
10.146969, 12.895481, 16.672461, 20.986567100000002, 23.994742699999986, 30.024528, 38.887788
11.072138500000001, 14.224215, 18.71174275, 23.706682, 26.965295, 33.60463, 56.221419
8.7265145, 9.0704575, 10.488815, 11.981595, 13.049543, 16.441061460000057, 115.48156853629983
8.843265, 9.011011, 9.270338, 10.417309600000003, 11.4820537, 13.412362099999974, 108.58477379369356
8.844865, 9.0107945, 9.272515, 10.423944699999995, 11.549192, 13.463324130000002, 37.448702
8.728526, 9.073513, 10.505768, 12.0147846, 13.156208, 16.393694749999984, 102.94356923099134
12.769438, 17.185132, 22.976522, 28.951572, 33.308666, 42.16871, 102.56117915745489
12.835005, 17.341737, 22.8331585, 28.837575, 32.857588, 40.810356, 64.049625
8.72439125, 9.079886, 10.51617925, 12.0107859, 13.156808499999999, 16.609088540000002, 120.2313611039188
8.8475405, 9.011258, 9.270303, 10.398027, 11.53211144999999, 13.327841, 109.74763438344591
8.870084, 9.012261, 9.195204, 9.469285, 9.891536, 12.054451, 111.07459179717843
8.877103, 9.026516, 9.216188, 9.493952, 9.813118, 12.476382, 99.70189590584368
8.870376, 9.01065, 9.193387, 9.466566, 9.899666, 12.277897, 82.88591141340291
8.845184, 9.015089, 9.272515, 10.370942, 11.50541659999999, 13.327763149999983, 105.21678426427583
8.646259, 9.133437, 10.837245, 12.467011, 14.062389, 17.793896, 103.45593015590089
12.88046, 17.314013, 22.899898, 28.850489, 33.195652, 40.84767451, 119.38051840211239
12.744074, 17.141043, 22.763248, 28.961325000000013, 33.195652, 40.844005, 64.049625
8.64293325, 9.1196155, 10.794076, 12.417234100000003, 14.034355, 17.844506, 104.57622273447893
8.8214435, 9.025878, 9.591096, 11.223678000000003, 12.053046, 14.408657920000016, 106.44443968145612
8.865721, 9.003106, 9.17605, 9.455484, 9.97255, 11.999339, 94.43224152489105
8.873605, 9.01684, 9.205223, 9.482493, 9.847379, 12.054386330000034, 118.66242631721624
8.86658, 9.004875, 9.182622, 9.451816, 9.992619, 12.054451, 113.52698404822061
8.817372, 9.027785999999999, 9.578899499999999, 11.197439, 12.021832, 14.351801, 103.95758603778407
8.64738, 9.132194, 10.811768, 12.448787, 14.062294, 17.802213, 109.95531101127291
12.801837, 17.427795, 23.13416025, 29.332417, 33.510144249999975, 41.22504780999995, 105.06744638381201
12.842922, 17.172572, 22.844078, 29.067330600000005, 33.414993, 41.70976364000004, 64.049625
8.647676, 9.142635, 10.8042355, 12.390644, 13.994813, 17.786971, 111.02236931613545
8.816970999999999, 9.023131, 9.56412, 11.202135, 12.022596, 14.470914, 111.69624204167148
8.864491, 9.003025, 9.178865, 9.451873, 9.992619, 11.993545, 99.53507014700317
8.869962, 9.00998, 9.193692, 9.468683, 9.91344, 12.007767, 103.17861380660015
8.850606, 9.008967, 9.24139825, 10.097082, 11.207529, 13.096827, 113.15076117478861
8.784155, 9.050942, 10.223942, 11.638546, 12.462855, 14.995983, 107.18895042747745
8.776971, 9.907039, 12.292975, 15.487277, 17.846905299999996, 23.31250721999999, 109.90282485932842
14.37480025, 19.078281, 24.967991, 32.055579, 36.747061, 47.54301724999996, 110.556699671706
14.326172, 18.8850305, 24.756404, 31.570431, 36.077685, 48.08567802000001, 73.564487
8.778412750000001, 9.951523, 12.242366, 15.410508200000002, 17.763728, 22.96059497000002, 119.2402567082375
8.788432, 9.05576, 10.230684, 11.6475, 12.440311, 14.873687, 104.74928805969111
8.850489, 9.008957, 9.239164, 10.096696, 11.189834, 12.966789189999998, 104.244996936156
8.868995, 9.009933, 9.191587, 9.462921, 9.888207, 11.961075, 92.45524109454779
8.849788499999999, 9.008331, 9.242216, 10.118408800000001, 11.207388, 13.077141, 105.65246948999868
8.789595, 9.060905, 10.241081, 11.650445100000002, 12.462855, 15.021127, 97.8458299943395
8.780289, 9.908365, 12.325267, 15.503552, 17.793203499999986, 23.757344, 99.82433238205303
14.335374, 19.053378, 24.889153, 31.903433, 36.543076, 48.077035519999995, 120.35861112388287
14.312626, 18.988174, 24.827305, 31.859188, 36.441701, 46.621871, 73.564487
8.64224475, 9.127029, 10.799044, 12.429641, 14.06189, 17.793896, 113.82884024887287
8.820044, 9.025415, 9.569203, 11.182928, 12.030036500000003, 14.399838460000097, 115.454703919085
8.849046, 9.008229499999999, 9.23853075, 10.0708228, 11.197547, 13.112988, 110.51923926658503
8.871187, 9.010867, 9.192268, 9.465835, 9.918332, 12.169767, 124.11877384242327
8.852482, 9.0105115, 9.245657, 10.096696, 11.197547, 13.087583, 119.40019570484235
8.784101, 9.050433, 10.215759, 11.651380800000002, 12.444344, 14.873265479999915, 107.58470034045901
8.775905, 9.914713, 12.284758, 15.557732, 17.847151, 23.581625, 115.96476244714482
14.389533499999999, 18.953522, 24.818992, 31.797581, 36.575609, 47.196963, 111.28550879870767
14.502495, 19.23348, 24.967991, 32.055579, 36.75772474999998, 47.493232, 73.564487
8.770704, 9.928858, 12.348656, 15.558682, 17.998549, 23.474159, 106.55429646862763
8.787271, 9.058902, 10.230986, 11.6546556, 12.512688, 15.02062412000008, 112.71380577534119
8.84957825, 9.008198, 9.240899, 10.106705, 11.213009, 13.108789, 117.02511396837718
8.869289, 9.008296, 9.190369, 9.461342, 9.874425, 12.054451, 108.1956469272198
8.85121825, 9.009035, 9.237401, 10.073403, 11.1975416, 12.938201549999999, 96.55270960756295
8.783667, 9.048128, 10.229351, 11.653518, 12.449738, 14.938511, 99.59619204181303
8.78027, 9.937136, 12.285942, 15.555674, 17.818695, 23.327930459999994, 102.39658726815655
14.536494, 19.036731, 24.774284, 32.081624100000006, 36.776834, 47.720143, 107.31100073821267
14.218076, 18.9068915, 24.756404, 31.902789300000002, 36.553819, 47.034426, 73.564487
9.125082, 11.258235, 14.141159, 17.491898, 19.91524, 26.123703, 107.78693694848866
8.749551, 9.072659, 10.42711, 11.886637, 12.860395, 16.073377, 103.07385657848594
8.831785, 9.017301, 9.372488, 10.893935, 11.794418, 14.025519, 110.20581373402649
8.866547, 9.003401, 9.178158, 9.444844, 9.956152, 11.938615, 106.78089178557131
8.833619500000001, 9.017252500000001, 9.372488, 10.893935, 11.770969, 14.022834, 108.24195197975837
8.748629750000001, 9.05576, 10.402326, 11.853519, 12.837242349999961, 16.222792, 121.82015474782696
9.131255, 11.24558, 14.078297, 17.431298, 19.91524, 25.872138, 103.07486672582995
15.463527, 20.570689, 27.244903, 34.395931, 39.476999, 49.920106, 123.76633494839703
15.331623, 20.435882499999998, 27.3805, 34.531639, 39.60897554999995, 49.665906, 72.489022
9.100143, 11.207654, 14.075138, 17.325111, 19.706059, 26.015162, 105.02030948127036
8.748625, 9.066585, 10.445635, 11.883302, 12.837909, 16.089681, 112.4196726655699
8.831739, 9.016223, 9.371589, 10.874023, 11.76124, 13.86548, 108.28154293969389
8.865049, 9.002868, 9.176161, 9.45428100000001, 9.980987, 11.958562, 107.0307828181035
8.866416, 9.004057, 9.178997, 9.456761, 9.973715, 11.99937649999998, 37.448702
8.834838, 9.019114, 9.384664, 10.902352, 11.799701499999985, 14.005841, 108.7875030028591
8.748511, 9.071424, 10.418836, 11.858842300000003, 12.843012, 16.10886272999999, 96.81874275157871
9.096722, 11.243894, 14.096689, 17.43369, 19.972802, 25.567278140000337, 117.1027123436094
15.429685, 20.579879, 27.439084, 34.627328, 39.715926, 49.988179, 109.28855670002739
15.528182, 20.593869, 27.290138, 34.2650349, 39.364871, 49.392299, 72.489022
9.115342, 11.230704, 14.036482, 17.379265, 19.88943359999994, 25.569375, 115.21548147003665
8.747953, 9.065575, 10.424614, 11.859612200000003, 12.847811, 16.110947, 101.78214312839967
8.8319575, 9.0144475, 9.36560225, 10.870319, 11.766874, 13.979219, 93.33391608054649
8.868625, 9.004557, 9.178128, 9.445208, 9.970956, 11.932675, 119.57375669914187
8.863941, 9.001645, 9.178865, 9.449816, 9.973715, 11.999339, 37.448702
8.833081, 9.016442, 9.373789, 10.866645, 11.751342, 13.806771, 113.75583574009754
8.749346, 9.066462, 10.41744325, 11.883702, 12.847811, 16.105074, 98.52973660493332
8.774595999999999, 9.97078, 12.298615, 15.581696199999998, 17.820659, 23.337256, 105.92737934018305
14.338887750000001, 19.021479, 24.883311, 32.055579, 36.939128, 48.085438, 113.43948621236372
14.356537, 19.046669, 24.8790255, 32.091138, 36.71080934999999, 48.070909, 73.564487
8.77258, 9.940207, 12.329923, 15.479876, 17.768142899999994, 23.972279, 116.27019654743201
8.784751, 9.055168, 10.229351, 11.651285600000003, 12.457105, 14.944056820000018, 110.06029282312173
8.848753, 9.007661, 9.244263, 10.095379, 11.2173515, 13.060476, 101.46834771222724
8.869183, 9.009301, 9.19029875, 9.463549, 9.897192, 12.047984, 93.7500043517565
8.851432, 9.011102, 9.245997, 10.146972, 11.207388, 12.982585349999985, 110.87360197239113
8.788015, 9.0505645, 10.22052, 11.650524, 12.456977599999993, 14.831469489999987, 102.12362436286223
8.781862, 9.950419, 12.295062999999999, 15.445559, 17.812624999999993, 23.421254, 101.14857282811357
14.36351, 19.081537, 24.931503499999998, 32.066633, 36.575609, 47.49224547999998, 122.78295374081873
14.356537, 19.019141, 24.86270875, 31.727268, 36.077685, 47.03605137000004, 73.564487
8.781349, 9.956171, 12.325267, 15.463325700000002, 17.763728, 23.354685, 110.84497960293294
8.7851325, 9.05342, 10.2155, 11.64915, 12.444344, 14.995983, 120.45477187856022
8.850539, 9.008119, 9.243759, 10.118105100000003, 11.273597, 13.108786669999999, 101.49857276629515
8.868851, 9.0097665, 9.188859, 9.462667, 9.870237, 11.993545, 97.16612611566038
8.849904, 9.0083015, 9.240556, 10.092182, 11.233145099999987, 13.077141, 93.42624013492238
8.787417000000001, 9.051341, 10.218304, 11.651476, 12.444344, 14.995983, 96.52163404953214
8.778579, 9.952278, 12.286052999999999, 15.542749, 17.9817406, 23.78864, 110.13953152759005
14.140931, 18.7586535, 24.731821, 31.903433, 36.427454, 47.720143, 117.79903047448363
14.391088, 19.079909, 24.889628, 32.230617800000005, 37.13999, 48.085438, 73.564487
8.783934, 9.933626499999999, 12.244481, 15.535514, 17.88800375, 23.337256, 107.03772392149821
8.815645, 9.024022, 9.576057, 11.198484, 12.041098900000001, 14.444678, 111.03469024208466
8.868461, 9.009122, 9.194471, 9.465453, 9.877271949999997, 12.072515, 97.63679712072248
8.875797, 9.024072, 9.215404, 9.487567, 9.812892, 12.407196, 117.33056369154912
8.876683, 9.024462, 9.2144875, 9.488179, 9.806857, 12.575413, 52.853195
8.870376, 9.010629, 9.194196, 9.470626, 9.879181, 12.070419, 112.69276219998531
8.844279, 9.012511, 9.27698, 10.419862, 11.447339, 13.42742, 110.29374788491796
8.72647325, 9.073067, 10.537901, 12.0147846, 13.204716, 16.604807, 99.90932908665229
10.952116, 14.1594075, 18.554011, 23.495241800000002, 26.768682, 33.399947, 105.9328535710035
11.032517, 14.186308, 18.6112255, 23.555707300000005, 26.680089, 33.402938970000015, 56.221419
11.117597499999999, 14.220386, 18.630134, 23.6366872, 26.681947, 33.555206, 56.221419
8.727053, 9.076262, 10.519552749999999, 11.993566, 13.220221449999999, 16.703077060000027, 101.22723684826543
8.844095, 9.014073, 9.269064, 10.398027, 11.447307749999998, 13.276408, 95.98778473927776
8.87091, 9.012688, 9.194882, 9.4711183, 9.870014, 12.070419, 93.64155622124554
8.8709015, 9.013277, 9.196349, 9.477088, 9.904375, 12.072515, 52.853195
8.847437750000001, 9.013282, 9.270582749999999, 10.389110200000003, 11.50195764999999, 13.333193299999973, 100.98568537162679
8.730459, 9.078739, 10.484171, 11.972204, 13.162858, 17.05721385999991, 105.42888589791376
11.077025, 14.200649, 18.664790250000003, 23.554524, 26.64506774999995, 34.376146, 95.085397400993
11.083803, 14.1837905, 18.5165535, 23.441433700000005, 26.52718834999999, 33.24723253, 56.221419
10.988106, 14.100328999999999, 18.59578075, 23.356297, 26.57570434999999, 33.555206, 56.221419
8.72938275, 9.083861, 10.548053, 12.039315, 13.162858, 16.497904220000034, 111.16743090954303
8.84598675, 9.0109465, 9.269587, 10.415598, 11.519260849999982, 13.334368, 95.76296877763227
8.869183, 9.011227, 9.195272500000002, 9.471791, 9.881233, 12.072515, 113.90992210688124
8.872269, 9.014422, 9.196309, 9.465894, 9.874454549999998, 12.072515, 52.853195
8.846993, 9.010952, 9.267996, 10.385629300000002, 11.519539199999981, 13.320000859999988, 94.90177931974728
8.73128125, 9.0741715, 10.501546, 12.009955, 13.097281749999999, 16.593745079999966, 81.92660343325332
10.95436825, 14.14194, 18.593503, 23.280753, 26.283479, 32.734699889999995, 107.16948830497239
11.003471, 14.130605, 18.431391, 23.286334, 26.69588524999998, 33.25018929000003, 56.221419
11.085951, 14.273121, 18.69474, 23.554245700000006, 26.818698, 33.402223, 56.221419
11.031468, 14.200649, 18.664608, 23.638282, 26.924766049999995, 33.498867, 56.221419
8.651935, 9.123282, 10.795695, 12.413431, 14.059167599999999, 17.786971, 105.76761376279768
8.8171645, 9.02538, 9.553803, 11.201698, 12.039315, 14.400444, 124.57183458908028
8.819762, 9.025856, 9.57645175, 11.202135, 12.020696749999995, 14.189961, 35.734803
8.81955275, 9.026123, 9.581421, 11.217472, 12.050788, 14.430179, 37.448702
8.647676, 9.128838, 10.802272, 12.426093, 13.967338, 17.872018, 97.90697481414838
12.842922, 17.295819, 22.826622, 28.803861500000007, 32.97287659999998, 40.810356, 103.22304160999994
12.844372, 17.21858, 23.002603, 28.939568, 32.92533819999999, 40.844005, 64.049625
8.649245, 9.134672, 10.788376, 12.429064, 13.95715, 17.547577, 100.70125957353943
8.8207395, 9.028008, 9.574504, 11.221450600000002, 12.036540000000008, 14.423519, 107.82837349004834
8.86658, 9.002317, 9.180358, 9.457346, 9.994071, 12.00305149999999, 94.81632109813495
8.874061750000001, 9.016861, 9.206015, 9.4852029, 9.861804, 12.279171, 111.5388672739894
8.865497999999999, 9.002214, 9.175445, 9.448525, 9.953168, 11.970292, 104.1107786551388
8.819247, 9.026155, 9.591096, 11.2149499, 12.080797749999983, 14.400444, 101.50610857941601
8.646682, 9.133437, 10.791028, 12.448787, 14.039321199999987, 17.930662, 106.17096747377255
12.90737225, 17.3964315, 22.945462, 29.0143364, 33.438440249999985, 41.658372, 115.88943618193389
12.83911275, 17.4716805, 23.029588, 29.192029, 33.52531569999998, 40.84969871000004, 64.049625
8.645996, 9.110145, 10.7784, 12.420221, 13.967338, 17.79368825000001, 105.96860073891416
8.819429, 9.023387, 9.549067, 11.189834, 11.998386, 14.369799680000058, 111.31903388419138
8.866735, 9.0040565, 9.179931, 9.44659, 9.965311, 11.999339, 101.13171798172854
8.872146, 9.01553, 9.203408, 9.471725, 9.82576, 12.312273, 97.74793088931254
8.867824, 9.004037, 9.176505, 9.455377100000002, 9.965311, 11.961075, 97.01877720475119
8.820324, 9.0262855, 9.576425, 11.207529, 12.050788, 14.351654809999971, 115.8781664950059
8.649238, 9.15773, 10.861789, 12.480071, 14.062253599999998, 17.843873879999986, 120.89366211689173
12.754113, 17.250669, 22.834489, 29.066158, 33.337323, 40.84767451, 104.2135293141585
12.840482, 17.3208765, 22.81495975, 29.018282700000007, 33.199187, 41.107663, 64.049625
8.64735, 9.118738, 10.802748, 12.382462, 13.931125, 17.699605, 120.0275995355409
8.822919, 9.031794, 9.590933, 11.267104200000002, 12.095169, 14.444678, 105.88533217850897
8.865594, 9.002709, 9.182977, 9.4582692, 10.003491, 12.047984, 115.7598244048583
8.87247375, 9.018441, 9.206345, 9.483876, 9.851363, 12.315773, 107.71315450101133
8.868149, 9.003852, 9.181743, 9.458109, 9.992345, 11.993545, 104.02957529599081
8.819774, 9.0284275, 9.580166, 11.183674, 12.021772249999996, 14.403817919999993, 112.31315287891685
8.646080000000001, 9.117321, 10.807386, 12.448787, 13.967016899999992, 17.70827358, 105.85392078929796
12.843235, 17.41545, 22.9967325, 29.201799, 33.37711934999996, 41.038859, 98.47182853399019
12.932291, 17.396184, 23.139449, 29.332417, 33.552271, 41.887235, 64.049625
8.649534, 9.1377375, 10.816158, 12.441907400000002, 13.983646, 17.786071, 103.18538934126863
8.821531, 9.026662, 9.570117, 11.189834, 12.030036500000003, 14.444678, 103.81541741794678
8.849585, 9.007402, 9.23624675, 10.089624, 11.168097649999995, 13.060399779999983, 94.7418085235302
8.869289, 9.01065, 9.191919, 9.462214, 9.876282349999995, 12.007767, 90.90992341350486
8.84832, 9.007746, 9.240556, 10.091828, 11.214416199999999, 13.004626009999997, 108.41070085874561
8.791208, 9.058169, 10.230684, 11.642939, 12.451222, 14.822747549999985, 90.83214607028526
8.772375499999999, 9.95026, 12.316713, 15.554569599999995, 17.875415, 23.83671487999998, 111.75821274343319
12.741455499999999, 17.346791000000003, 22.945462, 28.822135, 33.079487, 41.038859, 106.06297413645788
12.769438, 17.279727, 23.02683725, 29.077884, 33.384316, 41.13274, 64.049625
12.846437, 17.2826955, 23.08816425, 28.991789, 33.49365, 41.227129, 64.049625
8.65146875, 9.143499, 10.83844, 12.448787, 14.06237475, 17.703598, 117.31219796723798
8.8206375, 9.027418, 9.5696585, 11.207532, 12.039080700000003, 14.351801, 107.30777029103979
8.864727, 9.002309, 9.175445, 9.444951099999999, 9.985579, 11.993545, 100.99461330676246
8.873141, 9.015998, 9.201931, 9.476728, 9.849845, 12.345226, 104.42162854822675
8.865721, 9.003908, 9.177047, 9.438996, 9.915846349999992, 11.95836252999996, 119.1063452553294
8.81994, 9.026114, 9.5645495, 11.193602200000003, 12.022557799999998, 14.163840259999999, 103.18352986226253
8.649588, 9.119646, 10.784825, 12.408001, 13.967338, 17.8129, 113.31309715258311
12.779377499999999, 17.242964, 22.945462, 28.991789, 33.308666, 41.13274, 118.39895461710789
12.858134, 17.41545, 23.013391, 29.109127, 33.23567624999998, 41.107663, 64.049625
8.643933, 9.117393, 10.774918, 12.361018, 13.983646, 17.786944000000002, 105.86111929346727
8.816725, 9.026111, 9.586317000000001, 11.221450600000002, 12.039315, 14.488569, 127.6791591200056
8.867202, 9.0045, 9.179931, 9.458287, 9.97255, 11.938615, 98.0504550215699
8.872758, 9.017173, 9.205936, 9.486608, 9.861804, 12.312273, 108.4122466042632
8.865428, 9.003191, 9.179753, 9.455484, 9.985579, 11.993545, 100.34663069966462
8.819725, 9.025777, 9.590933, 11.2152185, 12.027306, 14.310006, 103.83456508930428
8.649238, 9.134619, 10.814858, 12.430775, 13.960113, 17.844506, 97.25572226636784
12.846437, 17.324918, 22.952872, 29.016022, 33.333024449999954, 41.22504780999995, 102.57081148480738
12.795371, 17.206827500000003, 22.790211, 29.016022, 32.857588, 40.33334, 64.049625
8.647442, 9.146244, 10.823185, 12.441907400000002, 14.062294, 17.888042, 106.76834172873369
8.820555, 9.023447, 9.56113, 11.215007, 12.065449, 14.527426, 104.90641284460773
8.868323, 9.003801, 9.179753, 9.444963, 9.992345, 11.999339, 102.65913299569937
8.872865, 9.016084, 9.202888, 9.476728, 9.823375, 12.31573800000002, 98.93824340813086
8.866484, 9.002214, 9.176562, 9.448525, 9.965311, 11.958562, 95.39355878657615
8.8193015, 9.025095, 9.5809815, 11.203817100000002, 12.048261, 14.470746959999966, 111.96471812917093
8.647657500000001, 9.149584, 10.81072, 12.420104199999999, 13.94032, 17.699605, 120.79254366648377
12.8425615, 17.424191, 23.26593775, 29.156197900000002, 33.4149327, 41.13198768999998, 117.3012907126068
12.750333, 17.217773, 22.844078, 28.822135, 32.948628, 40.847788, 64.049625
8.647156, 9.142981, 10.824965, 12.500241, 14.070717, 17.663210700000022, 104.59717445085587
8.8171475, 9.026111, 9.579264, 11.21404, 12.030261, 14.444678, 91.31661982212673
8.86566, 9.003826499999999, 9.180702, 9.460722, 10.018997, 11.961049869999995, 116.75040349230777
8.875088, 9.017925, 9.204423, 9.485316, 9.859584, 12.277690110000108, 117.67547883160849
8.863847, 9.004266, 9.179753, 9.449816, 9.992015, 11.938555599999988, 106.60304258980986
8.82138, 9.025881, 9.5800885, 11.223881, 12.056443299999998, 14.444678, 100.41811861000602
8.645282, 9.140724, 10.801736, 12.413431, 14.015086, 17.699605, 102.3339461047642
12.712967, 17.087792, 22.859374250000002, 28.81744270000001, 32.974979, 41.13274, 93.40745995505624
12.840482, 17.3087525, 23.002603, 29.157593, 33.28160809999998, 41.157756, 64.049625
8.646881, 9.132194, 10.830662, 12.455598200000003, 14.062294, 17.936642050000007, 108.77354651214188
8.820086, 9.027297, 9.570597, 11.214356800000001, 12.036540000000008, 14.331779, 105.44986662930016
8.86622, 9.004875, 9.17915, 9.458363, 10.003213399999984, 11.993312469999951, 109.98158801200705
8.873111, 9.015232, 9.201602, 9.47777, 9.843189, 12.328172, 114.53345873142565
8.864727, 9.002202, 9.177047, 9.44578, 9.952919, 11.970292, 92.7448557836842
8.789595, 9.056303, 10.253739, 11.662042, 12.462730799999992, 14.94417, 100.33727454808091
8.778602, 9.95026, 12.297151, 15.458325, 17.7604093, 23.562359899999997, 113.63193038468941
14.441273, 19.1208755, 24.950902, 32.01555, 36.62710114999991, 48.06038601999977, 95.94992047064986
14.33128825, 19.044761, 24.93711875, 32.069889, 36.575609, 46.969521, 73.564487
8.77594775, 9.9382385, 12.30454275, 15.572936100000003, 17.930662, 23.972961400000038, 117.4733812669888
8.786584, 9.05342, 10.223942, 11.642757400000002, 12.443437600000005, 14.824984, 109.49832240730615
8.852118, 9.012495, 9.247116, 10.151806, 11.258332, 13.052850809999999, 95.90817249145948
8.87022, 9.011196, 9.192929750000001, 9.46945, 9.899137599999994, 12.007720220000024, 104.64867424308534
8.85123075, 9.0102555, 9.245468, 10.087531, 11.188691899999995, 12.982661, 101.79916529033454
8.786217, 9.055464, 10.220445250000001, 11.6475, 12.440311, 14.938511, 104.86460618239789
8.779954, 9.95026, 12.32379, 15.505135, 17.875415, 23.682429759999955, 102.4923024447991
14.3840925, 19.110693, 24.889628, 32.02580290000001, 36.776834, 47.460348, 109.41052230000405
14.336435999999999, 19.112531500000003, 24.948729, 32.204276, 36.747061, 46.976932, 68.98125
8.783091, 9.921008, 12.303235, 15.562297500000005, 17.88800375, 23.837696, 110.59302299782141
8.786504, 9.049575, 10.202244, 11.623755, 12.434969500000017, 14.932628, 107.79562084088323
8.848466, 9.007857, 9.236549, 10.076944, 11.183981, 13.060476, 111.47055925325361
8.8692875, 9.009523, 9.191885, 9.463549, 9.910716, 12.070419, 100.84423497565892
8.8482035, 9.006183, 9.237546, 10.067905, 11.183636699999997, 13.027491, 92.33057654265593
8.785754, 9.054177, 10.230684, 11.640647, 12.451222, 14.932628, 108.69293396077765
8.782022, 9.939926, 12.297467000000001, 15.508582, 17.849544, 23.757344, 110.96733588705334
14.458362, 19.147275, 25.074168999999998, 32.200377, 36.710358, 47.493232, 94.11447449859996
14.543830499999999, 19.164395, 24.99561525, 31.682714, 36.543076, 47.544557, 73.564487
8.77779425, 9.953849, 12.265695749999999, 15.491788600000005, 17.786971, 23.507924, 122.59158736008975
8.785227, 9.058169, 10.240397, 11.638546, 12.457105, 14.938511, 108.85974059706545
8.85045, 9.010032, 9.241387, 10.092179, 11.197352899999995, 12.888383, 91.52641266013784
8.869612, 9.01127, 9.193268, 9.467466, 9.907871, 12.054451, 110.60638960287292
8.848573, 9.008957, 9.24203725, 10.089570700000001, 11.189807999999998, 13.052854, 112.55799621801656
8.786515, 9.05135, 10.226674, 11.645967, 12.460371, 14.96492, 113.14113108342434
8.778941499999998, 9.94805, 12.345194, 15.531695, 17.786071, 23.174614, 97.15746299377761
14.342051, 18.9477005, 24.83726075, 31.815116, 36.62710114999991, 48.085438, 115.28817241145316
14.332836, 19.078281, 24.953889, 32.069889, 36.734836, 46.976932, 73.564487
8.774582, 9.912377, 12.266811, 15.535514, 17.786971, 23.787701120000037, 111.73366556907514
8.786584, 9.057212, 10.242432, 11.646801, 12.456850200000003, 14.831535, 109.9731568245129
8.850026, 9.010756, 9.242821, 10.128842, 11.222647, 13.087583, 97.85359987636423
8.86987725, 9.008631, 9.191821, 9.464851, 9.899666, 12.047984, 114.05071376651826
8.851847, 9.009266, 9.24137825, 10.095379, 11.175627149999995, 13.014552, 125.18971834165492
8.788897, 9.057212, 10.230541, 11.653518, 12.462855, 15.049572089999954, 108.03483832307
8.779954, 9.955379, 12.35419, 15.6290152, 17.893937, 23.436095, 105.74217596180077
14.418657, 19.034861, 25.008753, 32.12987980000002, 36.942134, 48.077225, 115.55869590358077
14.363911, 19.041951, 24.877036, 31.967563500000004, 36.44601579999994, 47.546312860000036, 73.564487
8.775271, 9.927420000000001, 12.247322, 15.49627, 17.763728, 23.354685, 105.58044365041633
8.843967, 9.011102, 9.274413, 10.402872, 11.464006, 13.30457, 92.93055384676671
8.8752, 9.02021, 9.210008, 9.48259, 9.818593700000001, 12.372486, 102.8383100972594
8.878754, 9.03149, 9.228243, 9.500745, 9.770175, 13.554247, 105.87046419634831
8.881922750000001, 9.033881000000001, 9.229614, 9.503254, 9.79625, 13.554247, 52.853195
8.873881, 9.020396, 9.213695, 9.488462, 9.823103, 12.372486, 112.0148384175425
8.868778, 9.003191, 9.17524, 9.451816, 9.956152, 11.958562, 94.23693163764219
8.784536, 9.051623, 10.236745, 11.654684, 12.454390250000001, 14.995672370000051, 101.50742163602654
10.192312, 12.822265, 16.669867, 21.149101800000004, 24.032138, 30.19999, 106.24406899985647
10.1874845, 12.885333, 16.627799, 21.180772400000006, 23.944038799999998, 30.299968800000002, 43.791491
10.16736, 12.77495, 16.685552, 21.194177, 24.022860749999996, 30.02628262000004, 43.791491
10.093962, 12.748575, 16.50967725, 20.658739000000008, 23.56458, 29.751941260000063, 43.791491
8.784883, 9.053013, 10.229351, 11.6473602, 12.424741, 14.873687, 115.19839862447007
8.866778, 9.004037, 9.183294, 9.44659, 9.961654, 12.00305149999999, 93.76971946439424
8.868716, 9.005255, 9.182876, 9.45891, 9.973715, 11.961075, 37.448702
8.78378975, 9.048128, 10.196923, 11.633087900000001, 12.460371, 15.049793, 111.96259383220948
9.131891, 11.3449445, 14.244238750000001, 17.690198000000013, 20.058643, 26.559379809999996, 104.47595754385142
9.0929445, 11.214799, 14.05677325, 17.431298, 19.706099599999998, 25.786816660000003, 44.22794
9.11089775, 11.1296955, 14.0071025, 17.3209431, 19.603970049999997, 25.872219, 44.22794
9.120837, 11.268315, 14.19413325, 17.408317400000012, 19.966418, 26.015162, 44.22794
9.11437075, 11.182434, 14.189012, 17.6898957, 19.975074, 25.907049, 40.625286
9.11572525, 11.256861, 14.07235175, 17.4348959, 19.742944849999997, 24.987938630000006, 44.22794
9.11813825, 11.288996, 14.123389, 17.569725900000005, 20.12261989999999, 26.491486, 40.625286
9.113951, 11.258859, 14.181481250000001, 17.768922, 20.258558199999985, 26.511409660000005, 40.625286
9.1054065, 11.197364, 13.9395455, 17.492331200000002, 19.916648, 25.78762467000002, 44.22794
9.098528, 11.2013035, 14.14832475, 17.38041, 19.673757, 25.56975163000001, 40.625286
9.106535, 11.264072, 14.048942, 17.2995723, 19.874443449999998, 25.607038, 44.22794
9.105165, 11.264655, 14.078547749999998, 17.320895, 19.71948934999998, 25.678368970000026, 40.625286
9.11499125, 11.206194, 14.011948, 17.443262, 19.797086, 26.531374, 40.625286
9.11132025, 11.2200875, 14.0589195, 17.2894733, 20.007928, 25.679223450000045, 40.625286
9.08426225, 11.288996, 14.055484, 17.269753, 19.863045149999994, 26.227057190000018, 44.22794
9.125082, 11.243894, 14.235703, 17.65031270000001, 20.09518954999998, 26.508677560000002, 44.22794
9.116303, 11.258235, 14.07293, 17.412054, 20.002625099999996, 25.786816660000003, 44.22794
9.14151125, 11.302678, 14.04276875, 17.4011065, 19.905001, 25.569375, 44.22794
9.11081125, 11.182695500000001, 14.093828, 17.3253798, 19.79910754999997, 26.31293059000004, 44.22794
9.096722, 11.263176000000001, 14.058793, 17.381132300000004, 19.819811, 25.398768280000013, 39.815707
8.64473275, 9.116301499999999, 10.81987625, 12.4477016, 13.935113999999995, 17.44353914000001, 38.404747
8.656063249999999, 9.1151705, 10.820100499999999, 12.620919400000002, 14.156165399999997, 17.78608, 34.408771
8.64766575, 9.140626000000001, 10.854436, 12.551460800000005, 14.09337, 17.96278833000005, 38.813544
8.6474265, 9.1496, 10.84632625, 12.436074, 13.892181899999986, 17.793979170000004, 38.404747
8.646596, 9.1180425, 10.829518, 12.4429497, 13.931310749999996, 17.012254, 38.813544
8.639709, 9.106537, 10.788585, 12.430284300000002, 14.010639199999982, 17.629914210000006, 38.813544
8.645662, 9.0954245, 10.7186275, 12.3057306, 13.846038449999998, 17.547577, 34.462112
8.64398175, 9.118415, 10.75983375, 12.394759, 13.974773949999992, 17.629572, 38.813544
8.644217, 9.0876535, 10.78771425, 12.3398914, 14.06191495, 17.922076720000003, 38.813544
8.646251, 9.1055115, 10.76590425, 12.334071000000003, 13.884972, 17.43688716, 38.813544
8.653370749999999, 9.173868500000001, 10.795695, 12.402633, 13.961357199999998, 17.629720110000004, 38.813544
8.643058, 9.120355, 10.77695925, 12.394576, 14.015404799999995, 17.872517720000012, 38.404747
9.11499125, 11.2686595, 14.123277000000002, 17.473254, 20.054866049999987, 26.311127, 44.22794
9.085298, 11.1693035, 13.988038, 17.251929, 19.68070064999998, 26.124728050000023, 40.625286
9.13442025, 11.2865505, 14.072194, 17.3166235, 19.71937149999998, 26.311127, 40.625286
9.082339, 11.2485435, 14.08754275, 17.321585400000004, 19.820696299999987, 25.677274, 44.22794
9.104581, 11.207168, 14.022907, 17.512314, 19.897960549999997, 25.60713201, 44.22794
9.116615, 11.2141325, 14.083681, 17.2894733, 19.691119299999986, 25.909215540000048, 44.22794
9.1064305, 11.231636, 14.0803205, 17.305666000000002, 19.797917, 25.60713201, 44.22794
9.113951, 11.302275999999999, 14.19217325, 17.523028500000006, 19.87902209999999, 25.185808, 44.22794
9.104616, 11.230704, 13.974821250000002, 17.291438, 19.79712755, 25.872138, 44.22794
9.108569, 11.212465, 14.17608125, 17.5577009, 19.9729156, 25.677274, 44.22794
9.097539, 11.2096555, 14.03367525, 17.2312964, 19.653882, 25.101169370000015, 44.22794
10.19083425, 12.883591500000001, 16.653013, 21.15728070000001, 23.9144129, 29.500268, 43.791491
10.30591, 12.852703, 16.709972, 21.264802800000002, 23.996224, 29.999569110000007, 43.791491
8.784411, 9.050377, 10.2064325, 11.63261, 12.462855, 14.901226959999988, 106.84899251960432
8.784411, 9.04926, 10.21806025, 11.617604, 12.397729549999994, 14.901789, 26.889073
8.786515, 9.053267, 10.21078275, 11.654542, 12.440484699999997, 14.902097389999952, 19.563106
10.1913365, 12.918448, 16.756124, 21.398249200000002, 24.059032799999994, 30.041395759999993, 99.74540298303224
10.198586, 12.818406, 16.574193, 21.139471, 23.974966, 29.875681380000007, 43.791491
10.188022, 12.733763, 16.654913, 21.239530700000007, 24.060832599999994, 30.689815290000006, 43.791491
10.158665, 12.6798655, 16.603755, 21.117277, 24.030621, 29.875391, 43.791491
8.783448, 9.048185, 10.218304, 11.638343, 12.454223499999992, 15.020624119999988, 106.06235078069768
8.867364, 9.00457, 9.17911175, 9.44659, 9.992345, 11.938615, 118.25530223932711
8.863654, 9.000077, 9.178934, 9.451821700000002, 9.9920315, 12.054451, 37.448702
8.78468, 9.0470295, 10.205052, 11.632551300000001, 12.404542, 14.824984, 107.04190726079919
10.165514, 12.747278, 16.648326, 21.17681780000001, 24.0203459, 29.71709973999997, 112.17410269875454
10.1988445, 12.7924735, 16.6794, 20.97577, 23.805526, 30.201080670000024, 40.498626
10.1344675, 12.793109, 16.5309935, 21.073148000000003, 23.975898899999986, 30.709644, 43.791491
10.21619575, 12.9150615, 16.77976525, 21.144485, 23.882069899999987, 30.41766055, 38.302754
8.789109499999999, 9.059111, 10.212233, 11.628587, 12.383349, 14.815179, 109.66553696824091
8.866035499999999, 9.003401, 9.178548, 9.459141, 9.965311, 11.958562, 107.22255570771472
8.863354750000001, 9.002202, 9.178994, 9.449816, 9.961654, 11.961167169999985, 37.448702
8.789632, 9.053782, 10.218304, 11.629077600000006, 12.397371, 14.873687, 115.61428898272742
10.21651, 12.934895, 16.710115, 21.127509200000013, 23.914962, 30.20141296, 108.7899773766191
10.122739, 12.77495, 16.573888, 20.993005, 23.944038799999998, 29.482581590000006, 43.791491
10.207345, 12.829988, 16.65955775, 20.920371, 23.606317349999998, 29.718733860000007, 43.791491
10.124172999999999, 12.815766, 16.71913225, 21.236037099999997, 24.09186764999999, 30.04174, 43.791491
8.78196, 9.049898, 10.218416999999999, 11.6503662, 12.443785, 14.938511, 112.54469144423696
8.865295, 9.00201, 9.176161, 9.450355, 9.956002799999991, 11.932545, 104.87688287430123
8.86591825, 9.005432, 9.18139, 9.445925, 9.92986, 11.93273439999999, 37.448702
8.7841145, 9.0540965, 10.238835, 11.623755, 12.460207700000003, 14.873687, 104.07450562613657
10.1794175, 12.788523, 16.573888, 20.993005, 23.91264959999999, 30.292728, 111.3731219234218
10.138877, 12.769938, 16.56038375, 21.198867, 24.081938, 30.672631550000006, 43.791491
10.1927275, 12.7318405, 16.525283, 21.139893400000002, 23.881282, 30.672631550000006, 43.791491
10.188148, 12.918448, 16.62967325, 21.06888, 23.914384, 29.999569110000007, 43.791491
8.785803, 9.053087, 10.220941, 11.617329, 12.385381, 14.873687, 99.06000896559883
8.866547, 9.003401, 9.173801, 9.4459105, 9.940905, 11.999281059999989, 105.76651752263723
8.868601, 9.003303, 9.178128, 9.451873, 9.951734, 11.958562, 37.448702
8.784399, 9.050492, 10.233637, 11.659932, 12.490727, 15.049572090000035, 101.17478227505272
10.207086, 12.921673, 16.531196, 20.943149800000004, 23.69508029999998, 29.508799879999994, 122.19346216589035
10.12010275, 12.787607999999999, 16.509662249999998, 21.143467, 23.943831, 30.709644, 40.498626
10.1593905, 12.733763, 16.55697275, 21.085878, 24.0321918, 30.309057, 43.791491
10.201797, 12.822077, 16.671397, 21.272006, 24.22333075, 30.202165930000046, 43.791491
8.78856, 9.066845, 10.258203, 11.679275800000001, 12.511185499999982, 14.964699239999995, 109.79718031855765
8.867824, 9.002214, 9.181743, 9.458287, 9.992345, 12.003089, 114.08165258593536
8.868995, 9.005432, 9.183196500000001, 9.45891, 9.985579, 12.008169169999935, 37.448702
8.784519, 9.060496, 10.2579805, 11.662042, 12.465433, 14.932628, 111.14442850301313
10.138877, 12.727699, 16.5614615, 21.103312, 24.030621, 30.425182899999996, 112.81418845924128
10.244543, 12.836558, 16.619654500000003, 21.171267600000004, 24.022507, 29.42860354000001, 40.498626
10.24311025, 12.986024, 16.73279, 20.993005, 23.805526, 30.04174, 43.791491
10.1857475, 12.840143000000001, 16.648261, 21.1450621, 24.029582, 30.19999, 40.498626
8.86329375, 9.0015745, 9.176826, 9.443396499999999, 9.969178449999996, 11.894581, 109.40136226608212
8.879111, 9.027546, 9.220747, 9.496401, 9.78633, 12.505134, 94.07888794077189
8.877369, 9.026815, 9.21611275, 9.499914200000001, 9.818597, 12.312431989999974, 52.853195
8.878086, 9.0284025, 9.221361, 9.49454, 9.779472, 12.39087, 52.853195
8.862543, 9.000636, 9.170692, 9.437992, 9.95983, 12.047984, 88.77205841303503
8.647641, 9.119783, 10.787681, 12.4985883, 14.063521199999999, 17.936827, 116.6621421917203
8.64212775, 9.136702, 10.7960255, 12.439813, 13.921871499999995, 17.937063770000005, 38.813544
8.650166, 9.128062, 10.81732525, 12.560871, 14.067028549999991, 17.888042, 34.462112
8.652805, 9.11825, 10.801870000000001, 12.4310994, 13.907612, 18.054472700000034, 34.462112
8.647156, 9.118738, 10.805758, 12.4189413, 14.013154, 17.872178240000004, 38.813544
8.64355675, 9.1191615, 10.76975, 12.426232, 14.059615099999997, 17.872178240000004, 38.404747
8.65317125, 9.1462405, 10.823185, 12.566375300000002, 14.1631431, 17.872018, 34.462112
8.649461, 9.145338, 10.83787525, 12.453862300000003, 14.067028549999991, 17.802213, 38.813544
8.649687, 9.135669499999999, 10.816158, 12.384552, 13.929538, 17.844506, 38.813544
8.776465, 9.048128, 10.185192, 11.633763, 12.395973549999999, 14.932840540000004, 18.865024
8.790401750000001, 9.047945, 10.248715, 11.672563, 12.4572683, 14.944939570000017, 19.563106
8.787709, 9.0424155, 10.194931749999999, 11.6222414, 12.4572683, 14.965547820000014, 26.889073
8.788432, 9.053049, 10.268713, 11.71262, 12.573157, 15.688123, 26.889073
8.788897, 9.04653, 10.22968425, 11.5806494, 12.385381, 14.932686830000002, 26.889073
8.790937249999999, 9.0511415, 10.19530775, 11.648901, 12.3836355, 14.932686830000002, 19.393533
8.771212, 9.039500499999999, 10.205052, 11.715561800000001, 12.549668, 14.74159666, 26.889073
8.7892095, 9.047103, 10.23778075, 11.687262900000002, 12.444854650000002, 14.965547820000014, 26.889073
8.79090375, 9.059210499999999, 10.3232405, 11.682195000000002, 12.513229000000003, 14.96548207000001, 26.889073
8.79855925, 9.064587, 10.25528425, 11.652477600000001, 12.518868200000002, 14.736673190000001, 18.677002
8.78448175, 9.044923, 10.1619975, 11.6468709, 12.559097250000002, 15.273403, 19.563106
8.78462075, 9.0585355, 10.19530775, 11.5957005, 12.450393850000003, 14.747010640000003, 19.563106
8.784949, 9.066931499999999, 10.299181, 11.728023400000003, 12.577777750000001, 15.027702, 18.865024
8.78165325, 9.043851499999999, 10.23312, 11.6599818, 12.395973549999999, 14.938567590000002, 18.677002
8.785622250000001, 9.0440595, 10.195986, 11.629453, 12.502305, 15.051692660000041, 26.889073
8.788326999999999, 9.0613335, 10.225076, 11.6726685, 12.4908, 14.901789, 18.865024
8.786584, 9.066230000000001, 10.275099, 11.6015957, 12.36583435, 14.444940360000006, 26.889073
8.780028, 9.053267, 10.220401, 11.6548836, 12.524979, 14.932686830000002, 19.393533
8.78722075, 9.037792, 10.118245, 11.592796, 12.279417100000003, 14.54417139000002, 26.889073
8.78434625, 9.0474325, 10.27841375, 11.651782600000002, 12.454557, 14.96548207000001, 19.563106
8.789425, 9.059038000000001, 10.22039275, 11.655011400000001, 12.4498122, 14.965230630000006, 26.889073
8.79191525, 9.058169, 10.2726165, 11.6489259, 12.53050415, 15.279249050000038, 26.889073
8.78237525, 9.0577405, 10.288653250000001, 11.6548836, 12.449738, 15.464920670000016, 19.563106
8.781704, 9.04926, 10.217937, 11.61575, 12.398554850000004, 14.93940291000002, 26.889073
8.781709249999999, 9.057737, 10.23860975, 11.608074400000001, 12.33851275, 14.803997, 19.563106
8.78465075, 9.050426, 10.20143925, 11.583886900000001, 12.413306600000002, 14.932686830000002, 19.393533
8.78281425, 9.0432585, 10.17462425, 11.6628127, 12.436106, 14.825471030000012, 26.889073
8.78503225, 9.046639, 10.195342, 11.597086, 12.492187, 14.757073, 19.393533
8.86926825, 9.0039725, 9.16608025, 9.4584845, 9.930412249999996, 11.89822367999999, 35.734803
8.8638735, 9.0009175, 9.169457, 9.437264, 9.900218499999998, 11.90322, 35.734803
8.868245, 9.001627, 9.180444, 9.439427, 9.916202749999998, 12.279502019999992, 35.487972
8.86883, 9.007340500000002, 9.182622, 9.482734, 10.005764699999997, 11.993640439999997, 37.448702
8.87091075, 9.00998, 9.181698, 9.445208, 9.92986, 11.993545, 35.487972
8.868584, 9.0016415, 9.1707415, 9.4404383, 9.949789, 12.049201829999971, 37.448702
8.86466425, 9.006226, 9.185218, 9.4659455, 10.097392749999992, 12.27827575999999, 35.734803
8.87181, 9.0124995, 9.187261, 9.4435714, 9.992345, 11.993687219999996, 37.448702
8.858574, 8.997791, 9.174758, 9.437911, 9.8794452, 12.007767, 37.448702
8.865637, 9.0035085, 9.192450000000001, 9.4696223, 9.992015, 12.345498599999994, 37.448702
8.860763, 9.001382, 9.1709935, 9.4221015, 9.824613199999998, 11.718405, 35.487972
8.864104, 9.0073355, 9.185687, 9.4234872, 9.953501099999999, 11.875231139999995, 37.448702
8.8692625, 9.00472, 9.184326, 9.461342, 9.931451749999997, 11.9993765, 35.330604
8.86915, 9.004354, 9.18357125, 9.4547081, 10.0134759, 11.95858713, 37.448702
8.863883, 9.000186, 9.174747, 9.4237761, 9.95983, 12.330560329999999, 35.734803
8.867969250000002, 8.9978625, 9.18973425, 9.466656, 10.069719299999996, 12.328172, 35.734803
8.8714645, 9.005322, 9.17615225, 9.419716399999999, 9.85097105, 11.669995959999989, 16.295498
8.8705075, 9.0032085, 9.185154, 9.4575407, 10.013985749999998, 12.277897, 35.734803
8.855755, 8.999000500000001, 9.17256375, 9.4325543, 9.973715, 11.922215, 37.448702
8.86879375, 9.006528, 9.182778, 9.4404383, 9.89633605, 11.809925, 37.448702
8.86310325, 9.004519, 9.178997, 9.434658, 9.921269099999998, 11.795355169999997, 29.227148
8.871132, 9.0039935, 9.18881275, 9.4430961, 9.916202749999998, 12.071412479999976, 35.487972
8.858924, 8.994706, 9.173266, 9.439364, 9.922230449999992, 12.054451, 35.734803
8.86971925, 9.000240999999999, 9.1665575, 9.4120528, 9.861103999999996, 11.898224979999991, 35.734803
8.86183875, 8.9991825, 9.1737875, 9.438779, 9.953775149999997, 11.999339, 37.448702
8.872858, 9.003573, 9.178882250000001, 9.416233700000001, 9.8474974, 11.903513249999992, 35.734803
8.863359, 8.995664000000001, 9.17053425, 9.4347723, 9.9407, 11.92298623999998, 37.448702
8.868428, 9.001634, 9.1797975, 9.449913, 9.91097885, 11.89458366, 37.448702
8.868863750000001, 9.0045185, 9.17658525, 9.4519932, 9.91097885, 11.795355169999997, 16.928153
8.86471825, 9.0045995, 9.176884, 9.427065, 9.969527649999998, 11.938839599999994, 37.448702
8.862543, 9.00192, 9.1764525, 9.437911, 9.905263, 11.79564970999999, 35.734803
8.87174925, 9.008839, 9.190941, 9.476735099999999, 10.005764699999997, 11.92298623999998, 35.487972
8.867979, 9.002718999999999, 9.1738355, 9.422684, 9.8435169, 11.83263528999999, 35.330604
8.870433, 9.006667, 9.192599, 9.4659455, 9.853442, 12.049727769999958, 33.51644
8.86662425, 9.005409, 9.19112475, 9.4637394, 9.992691599999999, 11.749544249999989, 35.734803
8.8728525, 9.0111035, 9.1875715, 9.4661277, 9.927206799999999, 11.92298623999998, 29.227148
8.86173825, 9.0017265, 9.18202625, 9.438839, 9.83147895, 11.970524529999995, 37.448702
8.863798, 9.0029105, 9.19532075, 9.4583493, 9.971035699999998, 12.169767, 35.734803
8.868618999999999, 9.006364999999999, 9.183659, 9.466656, 10.014147249999999, 11.932958999999993, 37.448702
8.863137, 9.008089, 9.18635525, 9.4725527, 10.004476299999999, 11.999825449999989, 37.448702
8.86539475, 9.001172, 9.1772115, 9.440324, 9.9407, 12.34821, 35.487972
8.870911, 9.01318, 9.183758749999999, 9.462339400000001, 9.915973, 12.003089, 35.330604
8.86394, 9.002492499999999, 9.17646675, 9.445610799999999, 10.013731149999998, 12.003135779999997, 37.448702
8.862677, 9.0032175, 9.179747, 9.4505011, 9.973715, 12.00475577999996, 35.487972
8.872146, 9.008697999999999, 9.18844725, 9.496603499999999, 10.061746599999998, 11.89486393, 33.51644
8.865026499999999, 9.002257499999999, 9.1988005, 9.4457945, 9.839229399999999, 11.718790059999991, 37.448702
8.85997375, 8.996598, 9.167816, 9.4499572, 9.9920452, 11.874676349999994, 35.330604
8.87022, 9.006719, 9.183338, 9.4167936, 9.94641365, 12.073487519999976, 37.448702
8.860439, 9.00384, 9.1800315, 9.473399, 9.9465826, 12.223260119999978, 37.448702
8.86845275, 9.0052, 9.17608375, 9.4382328, 9.95010715, 11.903513249999992, 35.734803
8.858853, 8.990558, 9.158527, 9.399779, 9.732802099999999, 11.875261439999996, 35.330604
8.863654, 9.0007125, 9.1738355, 9.428507, 9.8498015, 11.894857339999994, 37.448702
8.872313, 9.007152000000001, 9.182827750000001, 9.440421, 10.014374349999997, 11.913264409999998, 35.734803
8.863847, 9.000202999999999, 9.17595775, 9.414274299999999, 9.94117155, 12.074013459999964, 29.227148
8.86660625, 9.003108, 9.183299000000002, 9.465836, 9.994264399999999, 12.279171, 37.448702
8.8740185, 9.0077585, 9.180489000000001, 9.4452652, 9.994588249999998, 11.913367709999996, 37.448702
8.86374425, 9.0064915, 9.17372475, 9.4548645, 9.994541999999997, 12.003602619999986, 37.448702
8.865466, 9.000144500000001, 9.1731935, 9.427106100000001, 9.94988625, 11.749691419999985, 35.487972
8.860786749999999, 9.0046875, 9.18357, 9.450626999999999, 9.949789, 11.898029969999996, 35.330604
8.862505, 9.0046745, 9.188283, 9.4223149, 9.929366, 12.05613009999996, 37.448702
8.868137, 9.004983, 9.18551625, 9.4658418, 9.973715, 12.223238, 37.448702
8.86477425, 9.002392, 9.187707249999999, 9.4778254, 10.003491, 12.170292939999987, 35.330604
8.86876625, 9.003166, 9.1715505, 9.4206222, 9.881233, 11.839931019999986, 35.487972
8.863614, 9.001813, 9.174917749999999, 9.4659068, 9.972008949999994, 12.257414889999996, 37.448702
8.86920475, 9.005413, 9.185064, 9.465739899999999, 10.013722, 11.89654, 37.448702
8.88016025, 9.0114165, 9.18142875, 9.445610799999999, 9.921269099999998, 12.048048669999998, 35.487972
8.86845275, 9.000862000000001, 9.1856675, 9.4696609, 10.0297696, 12.328172, 33.51644
8.868146000000001, 9.002214, 9.1739305, 9.427106100000001, 9.881233, 11.875228479999995, 24.923449
8.86991025, 8.99451, 9.176058, 9.4394697, 9.960386299999998, 11.970524529999995, 35.487972
8.8704495, 9.0009575, 9.170885, 9.4557465, 10.053250849999998, 12.00816916999999, 16.295498
8.87113875, 9.005413, 9.17466275, 9.430895, 9.913345, 11.93305116999999, 37.448702
8.86183875, 8.996814, 9.16363475, 9.416242, 9.904823499999997, 11.780279449999993, 35.487972
8.864671, 8.999000500000001, 9.1739815, 9.4405741, 9.975715349999989, 11.932675, 16.928153
8.86902575, 9.0045185, 9.19083625, 9.466514700000001, 10.081999, 12.223238, 35.487972
8.86448725, 8.998429999999999, 9.1788815, 9.4381976, 9.929366, 12.278240759999992, 35.330604
8.868506, 9.0095405, 9.19096725, 9.4584177, 9.951734, 11.999339, 35.330604
8.8733025, 9.010185, 9.1890845, 9.4890537, 10.023885299999998, 12.27827575999999, 37.448702
8.865122, 9.0031485, 9.191769, 9.4593215, 10.065354249999999, 11.95858713, 37.448702
8.871097, 9.005688, 9.1840755, 9.4498699, 9.918443799999999, 11.738826049999995, 35.734803
8.8683035, 9.01017, 9.17915, 9.437054199999999, 9.965311, 11.932546299999998, 35.487972
8.865428, 9.0107955, 9.188799, 9.4615561, 10.087609, 12.348475649999994, 37.448702
8.85858675, 8.9922835, 9.171007, 9.4345512, 9.946915699999996, 11.815764149999996, 16.928153
8.86249825, 9.000538, 9.16300225, 9.455942, 9.981554899999997, 11.922319599999996, 35.734803
8.85929075, 9.0064915, 9.1902945, 9.4989046, 10.087609, 12.345226, 37.448702
8.8589445, 8.9975535, 9.175001, 9.4695124, 10.077020099999999, 11.999339, 35.330604
8.8663135, 9.0034635, 9.18635525, 9.508447, 10.323148299999998, 12.330560329999999, 35.734803
8.86391075, 9.00173, 9.18680775, 9.482493, 9.965311, 12.223784589999987, 35.734803
8.86913725, 9.002692, 9.171208, 9.434443, 9.947006899999996, 11.970619969999992, 29.227148
8.86896075, 9.0064915, 9.191657, 9.4666966, 10.023848699999999, 11.87444791, 14.651023
8.86920475, 8.9985845, 9.1760215, 9.4584177, 9.974078599999999, 11.993545, 16.928153
8.86406225, 9.008898, 9.187662, 9.4589483, 9.90553565, 11.932734399999998, 35.330604
8.8672015, 9.002317, 9.17880875, 9.4637394, 10.004442, 11.993602939999997, 35.734803
8.8807285, 9.038009500000001, 9.217651, 9.492696500000001, 9.7105149, 14.396917839999995, 32.855096
8.89338425, 9.0490295, 9.2476985, 9.4982019, 9.70830885, 14.67135192, 23.303856
8.88176675, 9.034373, 9.226776, 9.4994553, 9.764849250000001, 14.451942559999997, 20.217992
8.89505725, 9.046616499999999, 9.22837425, 9.5129628, 9.7605659, 13.234894149999999, 32.855096
8.8756785, 9.042125, 9.2299205, 9.49454, 9.787652, 14.452594749999998, 19.587514
8.8785335, 9.0330465, 9.2274205, 9.5335014, 9.8068825, 14.697063829999994, 52.853195
8.8884785, 9.04559, 9.250741, 9.5091039, 9.7880168, 14.002109669999998, 19.892145
8.899264, 9.0488745, 9.257279, 9.5126569, 9.74440445, 11.914393, 20.217992
8.885208500000001, 9.049760500000001, 9.2421235, 9.532052, 9.779881, 14.67048174, 23.303856
0, 0, 0, 0, 0, 0, 0
0, 0, 0, 0, 0, 0, 0
0, 0, 0, 0, 0, 0, 0
0, 0, 0, 0, 0, 0, 0
0, 0, 0, 0, 0, 0, 0
0, 0, 0, 0, 0, 0, 0
0, 0, 0, 0, 0, 0, 0
0, 0, 0, 0, 0, 0, 0
0, 0, 0, 0, 0, 0, 0
0, 0, 0, 0, 0, 0, 0
0, 0, 0, 0, 0, 0, 0
0, 0, 0, 0, 0, 0, 0
0, 0, 0, 0, 0, 0, 0
0, 0, 0, 0, 0, 0, 0
0, 0, 0, 0, 0, 0, 0
0, 0, 0, 0, 0, 0, 0
0, 0, 0, 0, 0, 0, 0
0, 0, 0, 0, 0, 0, 0
0, 0, 0, 0, 0, 0, 0
0, 0, 0, 0, 0, 0, 0
0, 0, 0, 0, 0, 0, 0
0, 0, 0, 0, 0, 0, 0
0, 0, 0, 0, 0, 0, 0
0, 0, 0, 0, 0, 0, 0
0, 0, 0, 0, 0, 0, 0
0, 0, 0, 0, 0, 0, 0
0, 0, 0, 0, 0, 0, 0
0, 0, 0, 0, 0, 0, 0
0, 0, 0, 0, 0, 0, 0
0, 0, 0, 0, 0, 0, 0
0, 0, 0, 0, 0, 0, 0
0, 0, 0, 0, 0, 0, 0
0, 0, 0, 0, 0, 0, 0
0, 0, 0, 0, 0, 0, 0
0, 0, 0, 0, 0, 0, 0
0, 0, 0, 0, 0, 0, 0
0, 0, 0, 0, 0, 0, 0
0, 0, 0, 0, 0, 0, 0
0, 0, 0, 0, 0, 0, 0
0, 0, 0, 0, 0, 0, 0
0, 0, 0, 0, 0, 0, 0
0, 0, 0, 0, 0, 0, 0
0, 0, 0, 0, 0, 0, 0
0, 0, 0, 0, 0, 0, 0
0, 0, 0, 0, 0, 0, 0
0, 0, 0, 0, 0, 0, 0
0, 0, 0, 0, 0, 0, 0
0, 0, 0, 0, 0, 0, 0
0, 0, 0, 0, 0, 0, 0
0, 0, 0, 0, 0, 0, 0
0, 0, 0, 0, 0, 0, 0
0, 0, 0, 0, 0, 0, 0
0, 0, 0, 0, 0, 0, 0
0, 0, 0, 0, 0, 0, 0
0, 0, 0, 0, 0, 0, 0
0, 0, 0, 0, 0, 0, 0
0, 0, 0, 0, 0, 0, 0
0, 0, 0, 0, 0, 0, 0
0, 0, 0, 0, 0, 0, 0
0, 0, 0, 0, 0, 0, 0
0, 0, 0, 0, 0, 0, 0
0, 0, 0, 0, 0, 0, 0
0, 0, 0, 0, 0, 0, 0
0, 0, 0, 0, 0, 0, 0
0, 0, 0, 0, 0, 0, 0
0, 0, 0, 0, 0, 0, 0
0, 0, 0, 0, 0, 0, 0
0, 0, 0, 0, 0, 0, 0
0, 0, 0, 0, 0, 0, 0
0, 0, 0, 0, 0, 0, 0
0, 0, 0, 0, 0, 0, 0
0, 0, 0, 0, 0, 0, 0
0, 0, 0, 0, 0, 0, 0
0, 0, 0, 0, 0, 0, 0
0, 0, 0, 0, 0, 0, 0
0, 0, 0, 0, 0, 0, 0
0, 0, 0, 0, 0, 0, 0
0, 0, 0, 0, 0, 0, 0
0, 0, 0, 0, 0, 0, 0
0, 0, 0, 0, 0, 0, 0
0, 0, 0, 0, 0, 0, 0
0, 0, 0, 0, 0, 0, 0
0, 0, 0, 0, 0, 0, 0
0, 0, 0, 0, 0, 0, 0
0, 0, 0, 0, 0, 0, 0
0, 0, 0, 0, 0, 0, 0
0, 0, 0, 0, 0, 0, 0
0, 0, 0, 0, 0, 0, 0
0, 0, 0, 0, 0, 0, 0
0, 0, 0, 0, 0, 0, 0
0, 0, 0, 0, 0, 0, 0
0, 0, 0, 0, 0, 0, 0
0, 0, 0, 0, 0, 0, 0
0, 0, 0, 0, 0, 0, 0
0, 0, 0, 0, 0, 0, 0
0, 0, 0, 0, 0, 0, 0
0, 0, 0, 0, 0, 0, 0
0, 0, 0, 0, 0, 0, 0
0, 0, 0, 0, 0, 0, 0
0, 0, 0, 0, 0, 0, 0
0, 0, 0, 0, 0, 0, 0
0, 0, 0, 0, 0, 0, 0
0, 0, 0, 0, 0, 0, 0
0, 0, 0, 0, 0, 0, 0
0, 0, 0, 0, 0, 0, 0
0, 0, 0, 0, 0, 0, 0
0, 0, 0, 0, 0, 0, 0
0, 0, 0, 0, 0, 0, 0
0, 0, 0, 0, 0, 0, 0
0, 0, 0, 0, 0, 0, 0
0, 0, 0, 0, 0, 0, 0
0, 0, 0, 0, 0, 0, 0
0, 0, 0, 0, 0, 0, 0
0, 0, 0, 0, 0, 0, 0
0, 0, 0, 0, 0, 0, 0
0, 0, 0, 0, 0, 0, 0
0, 0, 0, 0, 0, 0, 0
0, 0, 0, 0, 0, 0, 0
0, 0, 0, 0, 0, 0, 0
0, 0, 0, 0, 0, 0, 0
0, 0, 0, 0, 0, 0, 0
0, 0, 0, 0, 0, 0, 0
0, 0, 0, 0, 0, 0, 0
0, 0, 0, 0, 0, 0, 0
0, 0, 0, 0, 0, 0, 0
0, 0, 0, 0, 0, 0, 0
0, 0, 0, 0, 0, 0, 0
0, 0, 0, 0, 0, 0, 0
0, 0, 0, 0, 0, 0, 0
0, 0, 0, 0, 0, 0, 0
0, 0, 0, 0, 0, 0, 0
0, 0, 0, 0, 0, 0, 0
0, 0, 0, 0, 0, 0, 0
0, 0, 0, 0, 0, 0, 0
0, 0, 0, 0, 0, 0, 0
0, 0, 0, 0, 0, 0, 0
0, 0, 0, 0, 0, 0, 0
0, 0, 0, 0, 0, 0, 0
0, 0, 0, 0, 0, 0, 0
0, 0, 0, 0, 0, 0, 0
0, 0, 0, 0, 0, 0, 0
0, 0, 0, 0, 0, 0, 0
0, 0, 0, 0, 0, 0, 0
0, 0, 0, 0, 0, 0, 0
0, 0, 0, 0, 0, 0, 0
0, 0, 0, 0, 0, 0, 0
0, 0, 0, 0, 0, 0, 0
0, 0, 0, 0, 0, 0, 0
0, 0, 0, 0, 0, 0, 0
0, 0, 0, 0, 0, 0, 0
0, 0, 0, 0, 0, 0, 0
0, 0, 0, 0, 0, 0, 0
0, 0, 0, 0, 0, 0, 0
0, 0, 0, 0, 0, 0, 0
0, 0, 0, 0, 0, 0, 0
0, 0, 0, 0, 0, 0, 0
0, 0, 0, 0, 0, 0, 0
0, 0, 0, 0, 0, 0, 0
0, 0, 0, 0, 0, 0, 0
0, 0, 0, 0, 0, 0, 0
0, 0, 0, 0, 0, 0, 0
0, 0, 0, 0, 0, 0, 0
0, 0, 0, 0, 0, 0, 0
0, 0, 0, 0, 0, 0, 0
0, 0, 0, 0, 0, 0, 0
0, 0, 0, 0, 0, 0, 0
0, 0, 0, 0, 0, 0, 0
0, 0, 0, 0, 0, 0, 0
0, 0, 0, 0, 0, 0, 0
0, 0, 0, 0, 0, 0, 0
0, 0, 0, 0, 0, 0, 0
0, 0, 0, 0, 0, 0, 0
0, 0, 0, 0, 0, 0, 0
0, 0, 0, 0, 0, 0, 0
0, 0, 0, 0, 0, 0, 0
0, 0, 0, 0, 0, 0, 0
0, 0, 0, 0, 0, 0, 0
0, 0, 0, 0, 0, 0, 0
0, 0, 0, 0, 0, 0, 0
0, 0, 0, 0, 0, 0, 0
0, 0, 0, 0, 0, 0, 0
0, 0, 0, 0, 0, 0, 0
0, 0, 0, 0, 0, 0, 0
0, 0, 0, 0, 0, 0, 0
0, 0, 0, 0, 0, 0, 0
0, 0, 0, 0, 0, 0, 0
0, 0, 0, 0, 0, 0, 0
0, 0, 0, 0, 0, 0, 0
0, 0, 0, 0, 0, 0, 0
0, 0, 0, 0, 0, 0, 0
0, 0, 0, 0, 0, 0, 0
0, 0, 0, 0, 0, 0, 0
0, 0, 0, 0, 0, 0, 0
0, 0, 0, 0, 0, 0, 0
0, 0, 0, 0, 0, 0, 0
0, 0, 0, 0, 0, 0, 0
0, 0, 0, 0, 0, 0, 0
0, 0, 0, 0, 0, 0, 0
0, 0, 0, 0, 0, 0, 0
0, 0, 0, 0, 0, 0, 0
0, 0, 0, 0, 0, 0, 0
0, 0, 0, 0, 0, 0, 0
0, 0, 0, 0, 0, 0, 0
0, 0, 0, 0, 0, 0, 0
0, 0, 0, 0, 0, 0, 0
0, 0, 0, 0, 0, 0, 0
0, 0, 0, 0, 0, 0, 0
0, 0, 0, 0, 0, 0, 0
0, 0, 0, 0, 0, 0, 0
0, 0, 0, 0, 0, 0, 0
0, 0, 0, 0, 0, 0, 0
0, 0, 0, 0, 0, 0, 0
0, 0, 0, 0, 0, 0, 0
0, 0, 0, 0, 0, 0, 0
0, 0, 0, 0, 0, 0, 0
0, 0, 0, 0, 0, 0, 0
0, 0, 0, 0, 0, 0, 0
0, 0, 0, 0, 0, 0, 0
0, 0, 0, 0, 0, 0, 0
0, 0, 0, 0, 0, 0, 0
0, 0, 0, 0, 0, 0, 0
0, 0, 0, 0, 0, 0, 0
0, 0, 0, 0, 0, 0, 0
0, 0, 0, 0, 0, 0, 0
0, 0, 0, 0, 0, 0, 0
0, 0, 0, 0, 0, 0, 0
0, 0, 0, 0, 0, 0, 0
0, 0, 0, 0, 0, 0, 0
0, 0, 0, 0, 0, 0, 0
0, 0, 0, 0, 0, 0, 0
0, 0, 0, 0, 0, 0, 0
0, 0, 0, 0, 0, 0, 0
0, 0, 0, 0, 0, 0, 0
0, 0, 0, 0, 0, 0, 0
0, 0, 0, 0, 0, 0, 0
0, 0, 0, 0, 0, 0, 0
0, 0, 0, 0, 0, 0, 0
0, 0, 0, 0, 0, 0, 0
0, 0, 0, 0, 0, 0, 0
0, 0, 0, 0, 0, 0, 0
0, 0, 0, 0, 0, 0, 0
0, 0, 0, 0, 0, 0, 0
0, 0, 0, 0, 0, 0, 0
0, 0, 0, 0, 0, 0, 0
0, 0, 0, 0, 0, 0, 0
0, 0, 0, 0, 0, 0, 0
0, 0, 0, 0, 0, 0, 0
0, 0, 0, 0, 0, 0, 0
0, 0, 0, 0, 0, 0, 0
0, 0, 0, 0, 0, 0, 0
0, 0, 0, 0, 0, 0, 0
0, 0, 0, 0, 0, 0, 0
0, 0, 0, 0, 0, 0, 0
0, 0, 0, 0, 0, 0, 0
0, 0, 0, 0, 0, 0, 0
0, 0, 0, 0, 0, 0, 0
0, 0, 0, 0, 0, 0, 0
0, 0, 0, 0, 0, 0, 0
0, 0, 0, 0, 0, 0, 0
0, 0, 0, 0, 0, 0, 0
0, 0, 0, 0, 0, 0, 0
0, 0, 0, 0, 0, 0, 0
0, 0, 0, 0, 0, 0, 0
0, 0, 0, 0, 0, 0, 0
0, 0, 0, 0, 0, 0, 0
0, 0, 0, 0, 0, 0, 0
0, 0, 0, 0, 0, 0, 0
0, 0, 0, 0, 0, 0, 0
0, 0, 0, 0, 0, 0, 0
0, 0, 0, 0, 0, 0, 0
0, 0, 0, 0, 0, 0, 0
0, 0, 0, 0, 0, 0, 0
0, 0, 0, 0, 0, 0, 0
0, 0, 0, 0, 0, 0, 0
0, 0, 0, 0, 0, 0, 0
0, 0, 0, 0, 0, 0, 0
0, 0, 0, 0, 0, 0, 0
0, 0, 0, 0, 0, 0, 0
0, 0, 0, 0, 0, 0, 0
0, 0, 0, 0, 0, 0, 0
0, 0, 0, 0, 0, 0, 0
0, 0, 0, 0, 0, 0, 0
0, 0, 0, 0, 0, 0, 0
0, 0, 0, 0, 0, 0, 0
0, 0, 0, 0, 0, 0, 0
0, 0, 0, 0, 0, 0, 0
0, 0, 0, 0, 0, 0, 0
0, 0, 0, 0, 0, 0, 0
0, 0, 0, 0, 0, 0, 0
0, 0, 0, 0, 0, 0, 0
0, 0, 0, 0, 0, 0, 0
0, 0, 0, 0, 0, 0, 0
0, 0, 0, 0, 0, 0, 0
0, 0, 0, 0, 0, 0, 0
0, 0, 0, 0, 0, 0, 0
0, 0, 0, 0, 0, 0, 0
0, 0, 0, 0, 0, 0, 0
0, 0, 0, 0, 0, 0, 0
0, 0, 0, 0, 0, 0, 0
0, 0, 0, 0, 0, 0, 0
0, 0, 0, 0, 0, 0, 0
0, 0, 0, 0, 0, 0, 0
0, 0, 0, 0, 0, 0, 0
0, 0, 0, 0, 0, 0, 0
0, 0, 0, 0, 0, 0, 0
0, 0, 0, 0, 0, 0, 0
0, 0, 0, 0, 0, 0, 0
0, 0, 0, 0, 0, 0, 0
0, 0, 0, 0, 0, 0, 0
0, 0, 0, 0, 0, 0, 0
0, 0, 0, 0, 0, 0, 0
0, 0, 0, 0, 0, 0, 0
0, 0, 0, 0, 0, 0, 0
0, 0, 0, 0, 0, 0, 0
0, 0, 0, 0, 0, 0, 0
0, 0, 0, 0, 0, 0, 0
0, 0, 0, 0, 0, 0, 0
0, 0, 0, 0, 0, 0, 0
0, 0, 0, 0, 0, 0, 0
0, 0, 0, 0, 0, 0, 0
0, 0, 0, 0, 0, 0, 0
0, 0, 0, 0, 0, 0, 0
0, 0, 0, 0, 0, 0, 0
0, 0, 0, 0, 0, 0, 0
0, 0, 0, 0, 0, 0, 0
0, 0, 0, 0, 0, 0, 0
0, 0, 0, 0, 0, 0, 0
0, 0, 0, 0, 0, 0, 0
0, 0, 0, 0, 0, 0, 0
0, 0, 0, 0, 0, 0, 0
0, 0, 0, 0, 0, 0, 0
0, 0, 0, 0, 0, 0, 0
0, 0, 0, 0, 0, 0, 0
0, 0, 0, 0, 0, 0, 0
0, 0, 0, 0, 0, 0, 0
0, 0, 0, 0, 0, 0, 0
0, 0, 0, 0, 0, 0, 0
0, 0, 0, 0, 0, 0, 0
0, 0, 0, 0, 0, 0, 0
0, 0, 0, 0, 0, 0, 0
0, 0, 0, 0, 0, 0, 0
0, 0, 0, 0, 0, 0, 0
0, 0, 0, 0, 0, 0, 0
0, 0, 0, 0, 0, 0, 0
0, 0, 0, 0, 0, 0, 0
0, 0, 0, 0, 0, 0, 0
0, 0, 0, 0, 0, 0, 0
0, 0, 0, 0, 0, 0, 0
0, 0, 0, 0, 0, 0, 0
0, 0, 0, 0, 0, 0, 0
0, 0, 0, 0, 0, 0, 0
0, 0, 0, 0, 0, 0, 0
0, 0, 0, 0, 0, 0, 0
0, 0, 0, 0, 0, 0, 0
0, 0, 0, 0, 0, 0, 0
0, 0, 0, 0, 0, 0, 0
0, 0, 0, 0, 0, 0, 0
0, 0, 0, 0, 0, 0, 0
0, 0, 0, 0, 0, 0, 0
0, 0, 0, 0, 0, 0, 0
0, 0, 0, 0, 0, 0, 0
0, 0, 0, 0, 0, 0, 0
0, 0, 0, 0, 0, 0, 0
0, 0, 0, 0, 0, 0, 0
0, 0, 0, 0, 0, 0, 0
0, 0, 0, 0, 0, 0, 0
0, 0, 0, 0, 0, 0, 0
0, 0, 0, 0, 0, 0, 0
0, 0, 0, 0, 0, 0, 0
0, 0, 0, 0, 0, 0, 0
0, 0, 0, 0, 0, 0, 0
0, 0, 0, 0, 0, 0, 0
0, 0, 0, 0, 0, 0, 0
0, 0, 0, 0, 0, 0, 0
0, 0, 0, 0, 0, 0, 0
0, 0, 0, 0, 0, 0, 0
0, 0, 0, 0, 0, 0, 0
0, 0, 0, 0, 0, 0, 0
0, 0, 0, 0, 0, 0, 0
0, 0, 0, 0, 0, 0, 0
0, 0, 0, 0, 0, 0, 0
0, 0, 0, 0, 0, 0, 0
0, 0, 0, 0, 0, 0, 0
0, 0, 0, 0, 0, 0, 0
0, 0, 0, 0, 0, 0, 0
0, 0, 0, 0, 0, 0, 0
0, 0, 0, 0, 0, 0, 0
0, 0, 0, 0, 0, 0, 0
0, 0, 0, 0, 0, 0, 0
0, 0, 0, 0, 0, 0, 0
0, 0, 0, 0, 0, 0, 0
0, 0, 0, 0, 0, 0, 0
0, 0, 0, 0, 0, 0, 0
0, 0, 0, 0, 0, 0, 0
0, 0, 0, 0, 0, 0, 0
0, 0, 0, 0, 0, 0, 0
0, 0, 0, 0, 0, 0, 0
0, 0, 0, 0, 0, 0, 0
0, 0, 0, 0, 0, 0, 0
0, 0, 0, 0, 0, 0, 0
0, 0, 0, 0, 0, 0, 0
0, 0, 0, 0, 0, 0, 0
0, 0, 0, 0, 0, 0, 0
0, 0, 0, 0, 0, 0, 0
0, 0, 0, 0, 0, 0, 0
0, 0, 0, 0, 0, 0, 0
0, 0, 0, 0, 0, 0, 0
0, 0, 0, 0, 0, 0, 0
0, 0, 0, 0, 0, 0, 0
0, 0, 0, 0, 0, 0, 0
0, 0, 0, 0, 0, 0, 0
0, 0, 0, 0, 0, 0, 0
0, 0, 0, 0, 0, 0, 0
0, 0, 0, 0, 0, 0, 0
0, 0, 0, 0, 0, 0, 0
0, 0, 0, 0, 0, 0, 0
0, 0, 0, 0, 0, 0, 0
0, 0, 0, 0, 0, 0, 0
0, 0, 0, 0, 0, 0, 0
0, 0, 0, 0, 0, 0, 0
0, 0, 0, 0, 0, 0, 0
0, 0, 0, 0, 0, 0, 0
0, 0, 0, 0, 0, 0, 0
0, 0, 0, 0, 0, 0, 0
0, 0, 0, 0, 0, 0, 0
0, 0, 0, 0, 0, 0, 0
0, 0, 0, 0, 0, 0, 0
0, 0, 0, 0, 0, 0, 0
0, 0, 0, 0, 0, 0, 0
0, 0, 0, 0, 0, 0, 0
0, 0, 0, 0, 0, 0, 0
0, 0, 0, 0, 0, 0, 0
0, 0, 0, 0, 0, 0, 0
0, 0, 0, 0, 0, 0, 0
0, 0, 0, 0, 0, 0, 0
0, 0, 0, 0, 0, 0, 0
0, 0, 0, 0, 0, 0, 0
0, 0, 0, 0, 0, 0, 0
0, 0, 0, 0, 0, 0, 0
0, 0, 0, 0, 0, 0, 0
0, 0, 0, 0, 0, 0, 0
0, 0, 0, 0, 0, 0, 0
0, 0, 0, 0, 0, 0, 0
0, 0, 0, 0, 0, 0, 0
0, 0, 0, 0, 0, 0, 0
0, 0, 0, 0, 0, 0, 0
0, 0, 0, 0, 0, 0, 0
0, 0, 0, 0, 0, 0, 0
0, 0, 0, 0, 0, 0, 0
0, 0, 0, 0, 0, 0, 0
0, 0, 0, 0, 0, 0, 0
0, 0, 0, 0, 0, 0, 0
0, 0, 0, 0, 0, 0, 0
0, 0, 0, 0, 0, 0, 0
0, 0, 0, 0, 0, 0, 0
0, 0, 0, 0, 0, 0, 0
0, 0, 0, 0, 0, 0, 0
0, 0, 0, 0, 0, 0, 0
0, 0, 0, 0, 0, 0, 0
0, 0, 0, 0, 0, 0, 0
0, 0, 0, 0, 0, 0, 0
0, 0, 0, 0, 0, 0, 0
0, 0, 0, 0, 0, 0, 0
0, 0, 0, 0, 0, 0, 0
0, 0, 0, 0, 0, 0, 0
0, 0, 0, 0, 0, 0, 0
0, 0, 0, 0, 0, 0, 0
0, 0, 0, 0, 0, 0, 0
0, 0, 0, 0, 0, 0, 0
0, 0, 0, 0, 0, 0, 0
0, 0, 0, 0, 0, 0, 0
0, 0, 0, 0, 0, 0, 0
0, 0, 0, 0, 0, 0, 0
0, 0, 0, 0, 0, 0, 0
0, 0, 0, 0, 0, 0, 0
0, 0, 0, 0, 0, 0, 0
0, 0, 0, 0, 0, 0, 0
0, 0, 0, 0, 0, 0, 0
0, 0, 0, 0, 0, 0, 0
0, 0, 0, 0, 0, 0, 0
0, 0, 0, 0, 0, 0, 0
0, 0, 0, 0, 0, 0, 0
0, 0, 0, 0, 0, 0, 0
0, 0, 0, 0, 0, 0, 0
0, 0, 0, 0, 0, 0, 0
0, 0, 0, 0, 0, 0, 0
0, 0, 0, 0, 0, 0, 0
0, 0, 0, 0, 0, 0, 0
0, 0, 0, 0, 0, 0, 0
0, 0, 0, 0, 0, 0, 0
0, 0, 0, 0, 0, 0, 0
0, 0, 0, 0, 0, 0, 0
0, 0, 0, 0, 0, 0, 0
0, 0, 0, 0, 0, 0, 0
0, 0, 0, 0, 0, 0, 0
0, 0, 0, 0, 0, 0, 0
0, 0, 0, 0, 0, 0, 0
0, 0, 0, 0, 0, 0, 0
0, 0, 0, 0, 0, 0, 0
0, 0, 0, 0, 0, 0, 0
0, 0, 0, 0, 0, 0, 0
0, 0, 0, 0, 0, 0, 0
0, 0, 0, 0, 0, 0, 0
0, 0, 0, 0, 0, 0, 0
0, 0, 0, 0, 0, 0, 0
0, 0, 0, 0, 0, 0, 0
0, 0, 0, 0, 0, 0, 0
0, 0, 0, 0, 0, 0, 0
0, 0, 0, 0, 0, 0, 0
0, 0, 0, 0, 0, 0, 0
0, 0, 0, 0, 0, 0, 0
0, 0, 0, 0, 0, 0, 0
0, 0, 0, 0, 0, 0, 0
0, 0, 0, 0, 0, 0, 0
0, 0, 0, 0, 0, 0, 0
0, 0, 0, 0, 0, 0, 0
0, 0, 0, 0, 0, 0, 0
0, 0, 0, 0, 0, 0, 0
0, 0, 0, 0, 0, 0, 0
0, 0, 0, 0, 0, 0, 0
0, 0, 0, 0, 0, 0, 0
0, 0, 0, 0, 0, 0, 0
0, 0, 0, 0, 0, 0, 0
0, 0, 0, 0, 0, 0, 0
0, 0, 0, 0, 0, 0, 0
0, 0, 0, 0, 0, 0, 0
0, 0, 0, 0, 0, 0, 0
0, 0, 0, 0, 0, 0, 0
0, 0, 0, 0, 0, 0, 0
0, 0, 0, 0, 0, 0, 0
0, 0, 0, 0, 0, 0, 0
0, 0, 0, 0, 0, 0, 0
0, 0, 0, 0, 0, 0, 0
0, 0, 0, 0, 0, 0, 0
0, 0, 0, 0, 0, 0, 0
0, 0, 0, 0, 0, 0, 0
0, 0, 0, 0, 0, 0, 0
0, 0, 0, 0, 0, 0, 0
0, 0, 0, 0, 0, 0, 0
0, 0, 0, 0, 0, 0, 0
0, 0, 0, 0, 0, 0, 0
0, 0, 0, 0, 0, 0, 0
0, 0, 0, 0, 0, 0, 0
0, 0, 0, 0, 0, 0, 0
0, 0, 0, 0, 0, 0, 0
0, 0, 0, 0, 0, 0, 0
0, 0, 0, 0, 0, 0, 0
0, 0, 0, 0, 0, 0, 0
0, 0, 0, 0, 0, 0, 0
0, 0, 0, 0, 0, 0, 0
0, 0, 0, 0, 0, 0, 0
0, 0, 0, 0, 0, 0, 0
0, 0, 0, 0, 0, 0, 0
0, 0, 0, 0, 0, 0, 0
0, 0, 0, 0, 0, 0, 0
0, 0, 0, 0, 0, 0, 0
0, 0, 0, 0, 0, 0, 0
0, 0, 0, 0, 0, 0, 0
0, 0, 0, 0, 0, 0, 0
0, 0, 0, 0, 0, 0, 0
0, 0, 0, 0, 0, 0, 0
0, 0, 0, 0, 0, 0, 0
0, 0, 0, 0, 0, 0, 0
0, 0, 0, 0, 0, 0, 0
0, 0, 0, 0, 0, 0, 0
0, 0, 0, 0, 0, 0, 0
0, 0, 0, 0, 0, 0, 0
0, 0, 0, 0, 0, 0, 0
0, 0, 0, 0, 0, 0, 0
0, 0, 0, 0, 0, 0, 0
0, 0, 0, 0, 0, 0, 0
0, 0, 0, 0, 0, 0, 0
0, 0, 0, 0, 0, 0, 0
0, 0, 0, 0, 0, 0, 0
0, 0, 0, 0, 0, 0, 0
0, 0, 0, 0, 0, 0, 0
0, 0, 0, 0, 0, 0, 0
0, 0, 0, 0, 0, 0, 0
0, 0, 0, 0, 0, 0, 0
0, 0, 0, 0, 0, 0, 0
0, 0, 0, 0, 0, 0, 0
0, 0, 0, 0, 0, 0, 0
0, 0, 0, 0, 0, 0, 0
0, 0, 0, 0, 0, 0, 0
0, 0, 0, 0, 0, 0, 0
0, 0, 0, 0, 0, 0, 0
0, 0, 0, 0, 0, 0, 0
0, 0, 0, 0, 0, 0, 0
0, 0, 0, 0, 0, 0, 0
0, 0, 0, 0, 0, 0, 0
0, 0, 0, 0, 0, 0, 0
0, 0, 0, 0, 0, 0, 0
0, 0, 0, 0, 0, 0, 0
0, 0, 0, 0, 0, 0, 0
0, 0, 0, 0, 0, 0, 0
0, 0, 0, 0, 0, 0, 0
0, 0, 0, 0, 0, 0, 0
0, 0, 0, 0, 0, 0, 0
0, 0, 0, 0, 0, 0, 0
0, 0, 0, 0, 0, 0, 0
0, 0, 0, 0, 0, 0, 0
0, 0, 0, 0, 0, 0, 0
0, 0, 0, 0, 0, 0, 0
0, 0, 0, 0, 0, 0, 0
0, 0, 0, 0, 0, 0, 0
0, 0, 0, 0, 0, 0, 0
0, 0, 0, 0, 0, 0, 0
0, 0, 0, 0, 0, 0, 0
0, 0, 0, 0, 0, 0, 0
0, 0, 0, 0, 0, 0, 0
0, 0, 0, 0, 0, 0, 0
0, 0, 0, 0, 0, 0, 0
0, 0, 0, 0, 0, 0, 0
0, 0, 0, 0, 0, 0, 0
0, 0, 0, 0, 0, 0, 0
0, 0, 0, 0, 0, 0, 0
0, 0, 0, 0, 0, 0, 0
0, 0, 0, 0, 0, 0, 0
0, 0, 0, 0, 0, 0, 0
0, 0, 0, 0, 0, 0, 0
0, 0, 0, 0, 0, 0, 0
0, 0, 0, 0, 0, 0, 0
0, 0, 0, 0, 0, 0, 0
0, 0, 0, 0, 0, 0, 0
0, 0, 0, 0, 0, 0, 0
0, 0, 0, 0, 0, 0, 0
0, 0, 0, 0, 0, 0, 0
0, 0, 0, 0, 0, 0, 0
0, 0, 0, 0, 0, 0, 0
0, 0, 0, 0, 0, 0, 0
0, 0, 0, 0, 0, 0, 0
0, 0, 0, 0, 0, 0, 0
0, 0, 0, 0, 0, 0, 0
0, 0, 0, 0, 0, 0, 0
0, 0, 0, 0, 0, 0, 0
0, 0, 0, 0, 0, 0, 0
0, 0, 0, 0, 0, 0, 0
0, 0, 0, 0, 0, 0, 0
0, 0, 0, 0, 0, 0, 0
0, 0, 0, 0, 0, 0, 0
0, 0, 0, 0, 0, 0, 0
0, 0, 0, 0, 0, 0, 0
0, 0, 0, 0, 0, 0, 0
0, 0, 0, 0, 0, 0, 0
0, 0, 0, 0, 0, 0, 0
0, 0, 0, 0, 0, 0, 0
0, 0, 0, 0, 0, 0, 0
0, 0, 0, 0, 0, 0, 0
0, 0, 0, 0, 0, 0, 0
0, 0, 0, 0, 0, 0, 0
0, 0, 0, 0, 0, 0, 0
8.88259375, 9.0454545, 9.24051725, 9.5519398, 9.8702641, 13.739180339999997, 19.213916
8.8958335, 9.044496, 9.25127225, 9.5184655, 9.74821725, 14.408515609999984, 52.853195
8.882959, 9.0390475, 9.22244075, 9.482374, 9.70918325, 16.060277709999998, 36.893046
8.877363249999998, 9.030180000000001, 9.25567075, 9.530863, 9.772188400000001, 14.432891989999998, 23.303856
8.88848175, 9.03493, 9.235971, 9.4654331, 9.723240800000001, 16.47539771, 36.893046
8.89334225, 9.041689, 9.24971975, 9.539237100000001, 9.8141275, 16.65972384, 24.370709
8.884447, 9.043233, 9.253757, 9.5128809, 9.7567628, 14.60631635, 32.855096
8.881040250000002, 9.050261500000001, 9.24784075, 9.525176499999999, 9.7647849, 16.108532, 36.893046
8.896383, 9.0395795, 9.242047750000001, 9.511752300000001, 9.764192799999998, 14.004976779999996, 19.587514
8.88750775, 9.03638, 9.24229775, 9.497445800000001, 9.70483795, 11.140612509999995, 24.370709
8.87504475, 9.032492, 9.242648, 9.5590068, 9.8098059, 16.44792254, 52.853195
8.8929905, 9.0339685, 9.2439015, 9.5272135, 9.808072199999998, 16.747375299999998, 52.853195
8.88326575, 9.033901, 9.21857325, 9.4915322, 9.707438699999999, 13.729825919999998, 20.217992
8.8900705, 9.033831, 9.22493525, 9.5235226, 9.74224415, 14.778363, 23.303856
8.87771125, 9.0397675, 9.23767725, 9.5017706, 9.771317499999999, 13.805537069999998, 23.303856
8.90374675, 9.060020000000002, 9.258599, 9.548411900000001, 9.82634095, 15.977419659999999, 32.855096
8.8806835, 9.0342915, 9.226283500000001, 9.4840024, 9.75794525, 16.033475309999996, 52.853195
8.89258625, 9.0561645, 9.261421, 9.5475037, 9.766076499999999, 16.25468784, 52.853195
8.88251125, 9.0304395, 9.231991, 9.5434296, 9.808448749999998, 14.73195576, 22.552578
8.882396, 9.042713, 9.235586, 9.507394800000002, 9.7179522, 11.73956136, 24.370709
8.8826055, 9.038950499999999, 9.246853000000002, 9.5169234, 9.771748, 14.394841979999997, 22.552578
8.879111, 9.0315815, 9.22093525, 9.482374, 9.764608, 14.43134543, 21.371576
8.898505, 9.0429395, 9.252956, 9.529280400000001, 9.8082, 11.122842209999977, 52.853195
8.902242000000001, 9.061697500000001, 9.24634, 9.5265198, 9.806667149999999, 16.47539771, 32.855096
8.88357175, 9.037763, 9.230826, 9.525985, 9.757248950000001, 11.199935829999998, 24.370709
8.88750775, 9.048919, 9.23404175, 9.509855700000001, 9.77482665, 13.48606768, 32.855096
8.8820355, 9.0499185, 9.247984500000001, 9.5196716, 9.77185685, 14.69221518, 20.217992
8.89669, 9.046425, 9.2501, 9.538589, 9.818740700000001, 15.725686849999997, 19.502914
8.8840425, 9.037168000000001, 9.2548985, 9.5136458, 9.718939, 13.239192809999993, 19.071708
8.890033, 9.0447225, 9.24280325, 9.5016844, 9.73320785, 13.494688899999991, 36.893046
8.88025775, 9.046184, 9.25608925, 9.5321494, 9.7669266, 17.08007576, 24.370709
8.8915315, 9.042096, 9.244418249999999, 9.4977252, 9.740704299999999, 11.985652159999988, 19.213916
8.89586225, 9.038518, 9.24661225, 9.530922, 9.80832175, 15.877605119999995, 21.371576
8.88252175, 9.046269500000001, 9.237515, 9.5402415, 9.77902825, 13.739180339999997, 52.853195
8.8785785, 9.042459000000001, 9.225626, 9.483982699999999, 9.7332366, 13.621693079999996, 52.853195
8.8829445, 9.0337625, 9.24789125, 9.531599700000001, 9.8084341, 16.713192, 23.303856
8.875377, 9.0300755, 9.257298500000001, 9.5293054, 9.771584950000001, 14.418255829999998, 18.166172
8.89238, 9.047676500000001, 9.231718, 9.4811508, 9.6543455, 10.60588327, 19.587514
8.880588, 9.0305325, 9.227215, 9.4924157, 9.766593349999999, 16.406390009999996, 24.370709
8.88608675, 9.035026, 9.238971, 9.503467, 9.7578522, 14.74289760999999, 36.893046
8.885873, 9.0330465, 9.23351825, 9.507059400000001, 9.74440445, 15.571933089999998, 23.303856
8.87585925, 9.033881000000001, 9.224163, 9.501085, 9.76821035, 13.26984435999999, 23.303856
8.87966275, 9.0453705, 9.2460515, 9.552899000000002, 9.80915505, 15.976887, 19.656824
8.883657750000001, 9.033651500000001, 9.232699, 9.497739300000001, 9.77878325, 16.716854519999995, 24.370709
8.88111125, 9.0506305, 9.25312275, 9.5292011, 9.8082, 14.744759209999987, 20.217992
8.879467, 9.0353665, 9.216479, 9.5056736, 9.72000705, 11.812857, 18.166172
8.90006425, 9.051272, 9.243694, 9.5102319, 9.799911100000001, 16.397703, 20.217992
8.887676, 9.028258000000001, 9.218815750000001, 9.544206500000001, 9.813177249999999, 15.267818949999995, 23.303856
8.87889875, 9.0314455, 9.233815, 9.5116438, 9.74821725, 16.26121194, 24.370709
8.89853575, 9.0467, 9.242239249999999, 9.5355383, 9.769548749999998, 16.216124110000003, 22.552578
8.8785785, 9.0579635, 9.257279, 9.5431618, 9.8073939, 14.69174642, 52.853195
8.888361, 9.045693, 9.24928975, 9.5503687, 9.812882, 14.684554259999986, 36.893046
8.884618, 9.046115, 9.24283, 9.510857600000001, 9.7390418, 16.381544469999998, 52.853195
8.887912, 9.035564, 9.21800325, 9.4532554, 9.67591195, 14.73195576, 21.371576
8.88844475, 9.042412500000001, 9.23222275, 9.4981875, 9.74860315, 16.25509691, 52.853195
8.87878925, 9.035082, 9.247619499999999, 9.5267046, 9.7863961, 11.199852179999997, 23.303856
8.872767, 9.04328, 9.242225, 9.5042532, 9.82578205, 16.10014703, 32.855096
8.8991325, 9.045735, 9.25546225, 9.5354647, 9.82521055, 14.670883159999999, 52.853195
8.89042075, 9.039317, 9.2339775, 9.4775682, 9.6727023, 16.030358099999997, 19.071708
8.877049, 9.034483000000002, 9.22916125, 9.4981735, 9.77176545, 14.787802599999992, 32.855096
8.887140500000001, 9.039964000000001, 9.26332, 9.557373100000001, 9.859979, 16.030358099999997, 52.853195
8.87522975, 9.0335415, 9.236038749999999, 9.486634800000001, 9.673420100000001, 11.122606439999997, 19.645042
8.882563000000001, 9.044459, 9.2447105, 9.4949842, 9.7416901, 16.18173054, 32.855096
8.893990500000001, 9.0585625, 9.273257749999999, 9.5392776, 9.757553, 15.875618009999997, 52.853195
8.8883455, 9.0390015, 9.23109775, 9.488483400000002, 9.71996235, 11.392469899999982, 52.853195
8.87604975, 9.0376215, 9.2383335, 9.5106072, 9.73459985, 14.466977359999985, 22.552578
8.7859965, 9.054797, 10.250147, 11.6170923, 12.4204191, 15.09555742000004, 18.865024
8.792684, 9.070425499999999, 10.18183475, 11.60441, 12.424741, 14.938511, 18.677002
8.646902, 9.132194, 10.788584, 12.365659, 13.846038449999998, 17.611796, 38.813544
8.661997249999999, 9.1427105, 10.809276, 12.411578800000001, 13.95715, 17.793896, 38.813544
8.6557215, 9.194996, 10.872524, 12.407502, 13.951795, 17.539180490000017, 38.404747
9.095084, 11.26228, 14.097078999999999, 17.52403030000001, 20.02729095, 25.334757860000014, 44.22794
9.13239725, 11.320636, 14.180833, 17.625318, 20.09518954999998, 25.56975163000001, 37.948082
9.12480175, 11.261276, 14.089027, 17.56467420000001, 20.076058, 25.87213881, 44.22794
9.114064, 11.167816, 14.091211, 17.4391502, 19.782671399999987, 25.171892, 44.22794
9.145634, 11.18966, 14.10928625, 17.4406565, 19.99331944999999, 26.531374, 38.509309
9.115799, 11.2398055, 14.04276875, 17.270395600000004, 19.837517, 25.618142320000036, 40.625286
9.1065555, 11.200454, 14.11824275, 17.4672202, 19.975911049999986, 26.016247410000023, 39.815707
9.1204235, 11.18966, 14.078547749999998, 17.2851811, 19.937328999999977, 25.791337, 44.22794
9.13220125, 11.2975055, 14.20189, 17.429751800000002, 19.86394369999998, 25.616439, 44.22794
9.1097205, 11.231691999999999, 14.083681, 17.460678, 19.837517, 25.569375, 44.22794
9.100464, 11.249597, 14.0596055, 17.418904200000004, 20.051031499999997, 25.569375, 40.625286
9.109645, 11.259612, 13.962396, 17.2995723, 19.759549299999986, 24.988762210000026, 40.625286
9.093074, 11.1773075, 14.033392, 17.285114, 19.67337035, 26.655765, 44.22794
9.114035750000001, 11.242978, 14.07956825, 17.4126204, 19.79712755, 25.786816660000003, 44.22794
9.080422, 11.196786, 14.141160750000001, 17.456575, 19.937328999999977, 26.015162, 44.22794
9.08722825, 11.170315500000001, 13.993700749999999, 17.267699, 19.675714, 25.334118, 40.625286
9.095084, 11.2686595, 14.07161575, 17.379265, 19.99319179999999, 26.660577220000103, 44.22794
9.1481265, 11.26261, 14.1501215, 17.3189096, 19.937328999999977, 25.268505750000013, 44.22794
9.14532275, 11.27877, 14.116573, 17.358549, 19.99185975, 25.607740360000015, 44.22794
9.103855, 11.234425, 14.071423, 17.3517778, 19.71428855, 26.531454880000002, 44.22794
9.1013555, 11.16628, 13.970545, 17.4489783, 19.99319179999999, 25.872138, 44.22794
9.114064, 11.2412375, 14.1906795, 17.558528, 19.99185975, 26.531454880000002, 44.22794
9.06413, 11.1693035, 13.941436249999999, 17.4347607, 19.911072, 25.872567300000007, 44.22794
9.100249250000001, 11.260206499999999, 14.097078999999999, 17.5587109, 19.86324959999999, 25.386125990000004, 40.625286
9.11060525, 11.180544, 14.10802825, 17.3042769, 19.821943249999972, 26.206309990000005, 44.22794
9.116303, 11.2975055, 14.094421, 17.406393000000005, 19.74558624999999, 25.018097, 44.22794
9.12046875, 11.281239, 14.131228499999999, 17.381132300000004, 20.069782, 25.792145010000016, 44.22794
9.12849225, 11.258235, 14.159199, 17.440367, 19.99271, 25.791337, 44.22794
9.094039, 11.231527, 13.978060750000001, 17.321749500000003, 19.87902209999999, 25.398768280000013, 44.22794
9.152796, 11.232049, 14.094420249999999, 17.19669, 19.584617299999998, 25.46558043000002, 44.22794
9.135332, 11.231169999999999, 14.061594750000001, 17.3602266, 19.74558624999999, 25.872219, 40.625286
9.116177, 11.125824999999999, 13.923285, 17.2649514, 19.781006, 26.206109, 44.22794
9.126591750000001, 11.314336, 14.06224275, 17.375665, 20.051031499999997, 26.511409660000005, 44.22794
9.133521, 11.2835055, 14.011081749999999, 17.2643104, 19.691119299999986, 25.46595706000003, 44.22794
9.11837225, 11.313971, 14.07161575, 17.289255, 19.71428855, 25.398104, 44.22794
9.095084, 11.2742125, 14.059709, 17.375665, 19.863045149999994, 25.872567300000007, 44.22794
9.11572525, 11.288996, 14.141159, 17.6255349, 20.0699142, 26.206109, 37.948082
9.096072249999999, 11.1521225, 14.19902, 17.596826, 19.89854289999999, 25.872219, 40.625286
9.06749, 11.181635, 14.09143175, 17.270220200000004, 19.929228349999974, 25.386005, 44.22794
9.11089775, 11.202153, 14.059913, 17.31861, 19.99331944999999, 26.511208, 39.815707
9.114416, 11.249421, 14.104582, 17.478150300000006, 19.973752649999987, 25.786816660000003, 39.815707
9.148119, 11.325758, 14.095957, 17.523028500000006, 19.89221, 26.461121710000008, 40.625286
9.136412, 11.274105, 14.141166, 17.3583994, 20.00562254999999, 26.564250540000003, 44.22794
9.11906075, 11.19902, 14.07235175, 17.31861, 19.862456, 25.786816660000003, 44.22794
9.11546275, 11.207654, 13.969131, 17.379265, 19.975911049999986, 26.579154, 44.22794
9.135332, 11.2865505, 14.17608475, 17.547211300000004, 20.019651849999995, 26.206109, 44.22794
9.08426225, 11.170169, 14.061389, 17.400589, 19.64720555, 25.87213881, 40.625286
9.086176, 11.194037, 14.10699475, 17.547211300000004, 20.072951549999992, 26.559581, 44.22794
9.09837925, 11.170319, 13.907198, 17.2416172, 19.675714, 25.199884450000013, 40.625286
10.040018, 12.6381955, 16.417283, 20.923013900000008, 23.937755, 29.904429, 43.791491
10.21619575, 12.8881065, 16.653488000000003, 20.975632, 23.8564547, 29.51465669000002, 43.791491
8.7850265, 9.054016, 10.220908, 11.673618, 12.443785, 14.938511, 104.84194779080626
8.78437, 9.053535, 10.229197, 11.617009300000001, 12.449738, 15.021127, 26.889073
8.782061, 9.04866, 10.194268, 11.619468, 12.444613699999996, 15.027702, 26.889073
10.187577000000001, 12.836181, 16.60352, 21.059429, 24.022507, 29.904429, 106.99309069452887
9.115582499999999, 11.259235499999999, 14.202427, 17.5123147, 19.67337035, 25.907049, 44.22794
9.105987, 11.243894, 14.0149455, 17.292050000000003, 19.745184, 26.461121710000008, 44.22794
8.643557, 9.124091499999999, 10.78426325, 12.501408400000004, 14.009391, 17.61197376, 38.813544
8.648381749999999, 9.111086499999999, 10.8072195, 12.424528800000001, 13.845793, 17.485219510000046, 38.813544
8.64712475, 9.134141, 10.83327425, 12.474779400000001, 14.126659, 17.937063770000005, 38.813544
8.654945, 9.142960500000001, 10.776479, 12.368778400000005, 13.810947549999991, 17.287988, 38.404747
8.64151125, 9.0895745, 10.77868775, 12.344364200000001, 13.850076699999988, 17.483607930000012, 38.813544
8.646602, 9.1151705, 10.77868775, 12.413974300000001, 13.957355799999997, 17.699644929999998, 38.813544
8.644449250000001, 9.116301499999999, 10.772138, 12.342726, 13.984933249999981, 17.547577, 38.404747
8.638724, 9.089417000000001, 10.76841475, 12.4429497, 14.06191495, 17.793979170000004, 38.813544
8.6469265, 9.120355, 10.783518, 12.540043700000002, 14.10506745, 17.844941360000007, 38.404747
8.7800555, 9.046309, 10.24421375, 11.600619, 12.421232650000002, 14.815255450000002, 18.865024
8.786178, 9.042297, 10.2712515, 11.715884, 12.55549, 15.02119275, 19.563106
8.785622250000001, 9.0514865, 10.17671675, 11.61575, 12.36583435, 15.02119275, 19.563106
8.793256, 9.0682665, 10.24796125, 11.638985300000002, 12.364588, 14.63232, 26.889073
8.651935, 9.149959500000001, 10.8138315, 12.453546500000002, 14.093665699999995, 17.61197376, 38.404747
8.65008375, 9.167670000000001, 10.802873, 12.4310994, 13.935233999999994, 17.793979170000004, 38.813544
8.649245, 9.139829500000001, 10.82476825, 12.434019, 13.952062749999996, 17.458345, 38.813544
8.6452335, 9.135669499999999, 10.822195, 12.500241, 14.113996249999998, 17.92199, 38.813544
8.649299749999999, 9.107288, 10.777336, 12.356788, 13.89124, 17.92199, 38.404747
8.640530250000001, 9.1088585, 10.74203975, 12.355993, 13.907612, 17.420319, 38.404747
9.110034, 11.22382, 14.030796, 17.2798814, 19.897960549999997, 26.311127, 44.22794
9.110689, 11.197364, 14.0149455, 17.3757795, 20.027061, 25.46558043000002, 44.22794
9.12480175, 11.2329425, 14.059299, 17.2312878, 19.64720555, 26.508652, 44.22794
9.12480175, 11.346399000000002, 14.14266725, 17.497838400000006, 20.082937, 25.19979824000001, 44.22794
9.11806025, 11.256861, 14.059709, 17.418904200000004, 19.99319179999999, 26.123703, 44.22794
9.14192075, 11.303848, 14.1792485, 17.456575, 19.89221, 25.199198, 44.22794
9.063638, 11.258235, 13.9493445, 17.228019100000004, 19.675896599999998, 25.386005, 44.22794
9.11816825, 11.26294, 14.14282775, 17.448593, 19.71937149999998, 25.19979824000001, 44.22794
9.104872499999999, 11.149252, 13.976241, 17.3209431, 19.78180999999999, 25.269145610000027, 44.22794
9.105165, 11.221448, 14.022907, 17.439015, 19.905001, 25.616439, 39.815707
9.10878, 11.159738, 14.039828, 17.405764, 19.706099599999998, 25.464532, 40.625286
10.19083425, 12.87267, 16.710115, 21.29839, 24.201219, 30.419264520000038, 40.498626
10.1467215, 12.768828, 16.728596, 21.143467, 24.020829, 29.513669, 43.791491
8.784666, 9.048128, 10.205052, 11.623755, 12.501147199999975, 15.093761, 106.70537103563794
8.731160249999999, 9.0722735, 10.522567, 11.9644915, 13.053398199999991, 16.498811, 38.404747
8.7251575, 9.076691, 10.53429425, 12.044046, 13.15082835, 16.384364, 38.813544
11.050928, 14.176807499999999, 18.499173, 23.495241800000002, 26.750218, 34.376146, 113.24315396766258
12.803168, 17.274991, 22.997352, 29.109127, 33.257246, 41.227129, 61.050041
8.6467705, 9.130221, 10.824965, 12.436356, 14.063569, 17.888042, 113.0222800709568
8.784652, 9.049575, 10.22052, 11.638546, 12.451073600000003, 14.953882, 119.5050561841513
8.786413, 9.0530215, 10.220221, 11.625699, 12.439804649999997, 14.995983, 26.889073
8.786515, 9.057212, 10.221427, 11.651476, 12.492187, 14.902097390000064, 26.889073
8.773913, 9.924691, 12.297783, 15.444456199999996, 17.703811, 23.236811259999996, 97.498265409207
14.42545875, 19.118762, 24.892672, 31.951494900000004, 36.67765759999999, 47.196963, 108.93333249406805
14.453687, 19.215726, 25.072252, 32.20242, 36.543076, 46.976932, 73.564487
8.6476805, 9.128324, 10.788585, 12.4078513, 13.960113, 17.793896, 105.57135980779316
8.818001, 9.019188, 9.572334, 11.199135200000002, 12.047590200000005, 14.337073940000018, 107.8639434679467
8.865205, 9.002675, 9.176562, 9.448525, 9.956002799999991, 11.993545, 87.5006998910869
8.877133, 9.02331, 9.218115, 9.50114, 9.825601, 12.382223, 97.34789201602263
8.87278, 9.012813, 9.194471, 9.471173, 9.87239, 11.958562, 91.74124369554104
8.843473, 9.013405, 9.27241, 10.384804, 11.476940449999992, 13.147944839999981, 130.49360358391152
8.73101575, 9.076734, 10.51534625, 12.041098900000001, 13.219306, 16.64448969999995, 95.22185805185765
11.007906, 14.2209985, 18.54710875, 23.642937300000003, 26.922242, 33.916753, 110.34659173490246
11.00742625, 14.18839, 18.431821, 23.52077, 26.751141199999985, 33.555206, 56.221419
11.014746, 14.193313499999999, 18.593503, 23.4916823, 26.6922863, 33.577487170000005, 56.221419
8.733572, 9.0868265, 10.541135, 11.98102, 13.122492499999996, 16.468585, 118.10344866599536
8.846553, 9.012939, 9.27270325, 10.402817400000002, 11.506599099999999, 13.400096, 101.44255010728918
8.87091, 9.013224, 9.195816, 9.471791, 9.899388199999999, 12.070259319999966, 102.63337836038029
8.871997, 9.012495, 9.195185, 9.463549, 9.859069, 11.999339, 52.853195
8.84612425, 9.013272, 9.27125075, 10.390504900000002, 11.504247149999983, 13.30457, 114.26317389210635
8.725084, 9.068976, 10.511765, 11.9724713, 13.112975299999999, 16.576390059999987, 108.8600768472065
11.003471, 14.223374, 18.664790250000003, 23.521769600000013, 26.724808, 34.266336, 113.25542869617787
10.988106, 14.223835, 18.594329, 23.446687, 26.791512799999982, 33.690468, 56.221419
10.952116, 14.18839, 18.499424249999997, 23.6384626, 26.853233, 33.690468, 56.221419
8.732082, 9.073942, 10.532607, 12.040302, 13.168256149999992, 16.576280180000005, 103.80881203370052
8.843967, 9.013191, 9.277116, 10.394962900000003, 11.463789999999987, 13.340764, 97.3626990086578
8.8698655, 9.011102, 9.197284, 9.4715689, 9.888068149999992, 12.072515, 104.78102689603152
8.870526, 9.014081, 9.194181, 9.462667, 9.870277, 12.008169170000082, 52.853195
8.843549, 9.012518, 9.266539, 10.364962, 11.467796449999993, 13.232560989999975, 104.35585970532071
8.7304965, 9.080855, 10.519707, 12.0158608, 13.163723449999997, 16.348453059999972, 107.6843976553673
11.021163, 14.222844, 18.4836095, 23.496056, 26.831960399999993, 34.280977, 105.05901784955691
11.050928, 14.19026, 18.4339215, 23.41399850000001, 26.680181899999997, 33.555206, 56.221419
11.031468, 14.1738775, 18.6299315, 23.761754, 26.922242, 33.60463, 56.221419
8.732740249999999, 9.081545, 10.539089, 12.008932, 13.15080255, 16.570951, 120.08702028286126
8.844667, 9.012688, 9.274098, 10.410500600000004, 11.481635, 13.34182143, 107.51574522412609
8.87022, 9.010941, 9.19541925, 9.4689675, 9.874986449999998, 12.054451, 120.54693987098992
8.870452, 9.014647, 9.196408, 9.4689395, 9.896291, 12.169767, 37.448702
8.842325, 9.008834499999999, 9.268218, 10.404605400000003, 11.519833349999999, 13.418637859999986, 113.79741930038405
8.646338, 9.126562, 10.795695, 12.436356, 14.034355, 17.793757499999998, 117.68455709574181
12.7336, 17.299464, 22.948884, 29.125642, 33.552271, 41.288167, 107.14982497102059
12.77475325, 17.30676, 22.971841, 29.149768, 33.257246, 40.844005, 64.049625
8.650166, 9.137233, 10.803728, 12.480071, 14.06237475, 17.793896, 109.91572942416347
8.821011, 9.024791, 9.579412, 11.211913600000015, 12.044046, 14.403852, 118.26985231908883
8.865229, 9.003106, 9.178931, 9.456761, 9.972295, 11.970292, 93.11638709874701
8.872486250000001, 9.01661, 9.200487, 9.472611, 9.8409, 12.003089, 96.82570417063731
8.866547, 9.003303, 9.176884, 9.44578, 9.969178449999987, 11.961075, 106.48184319701726
8.819203, 9.025151, 9.569954749999999, 11.201779, 12.023400449999995, 14.430112399999988, 101.2832323876859
8.646741, 9.139831, 10.788585, 12.419637, 13.961266, 17.793896, 109.59463557491674
12.744074, 17.280838, 22.995146, 28.989018, 32.918206, 40.49101063999998, 129.76611688037337
12.713307, 17.2786805, 23.022255, 28.851588300000003, 33.079487, 40.847788, 64.049625
8.645282, 9.13779, 10.837245, 12.480543, 14.066064599999995, 17.872018, 109.72202265562373
8.817779, 9.025484, 9.554726500000001, 11.187893, 12.0225196, 14.488215900000057, 105.88863545079818
8.869973, 9.00998, 9.193268, 9.465836, 9.874986449999998, 11.970292, 101.40431900830174
8.875716, 9.024791, 9.216633, 9.494955, 9.801855, 12.374539, 93.48591291539486
8.86965, 9.0102, 9.195282, 9.471173, 9.897192, 11.994732, 109.41874526447232
8.845009, 9.012923, 9.2773815, 10.436473500000004, 11.480448, 13.268317869999981, 103.2370609019843
8.727789, 9.07109, 10.53634725, 12.0158608, 13.077566, 16.384302649999988, 120.72934179339934
11.01483, 14.156118, 18.4866825, 23.481141800000024, 26.734320349999994, 33.916753, 112.70092290848373
11.006418499999999, 14.213768, 18.544808, 23.390819500000006, 26.650927949999986, 33.24723253, 47.131774
11.039857, 14.18839, 18.535268000000002, 23.263960800000007, 26.52718834999999, 33.69273085000005, 56.221419
8.726938, 9.077864, 10.517463, 11.992856, 13.139181, 16.394581, 117.52490099882651
8.8432915, 9.012095, 9.268218, 10.343612, 11.447339, 13.341558969999998, 97.70802956978176
8.870084, 9.013272, 9.19485, 9.465836, 9.884465, 12.072494039999995, 102.58673790636006
8.870708, 9.013717, 9.195484, 9.4680329, 9.897192, 12.008169170000082, 52.853195
8.841325, 9.00883, 9.272092500000001, 10.357692700000001, 11.49298279999999, 13.4187, 100.26356128196723
8.729715, 9.082138, 10.52586975, 11.974855, 13.123117, 16.703537019999953, 94.97330686607829
11.089672, 14.181293499999999, 18.470305, 23.2857823, 26.570887, 33.916753, 113.66276371963177
11.015981, 14.173879, 18.441901, 23.286334, 26.680181899999997, 33.24877, 56.221419
11.0051635, 14.153937500000001, 18.5172175, 23.447050200000003, 26.447891799999994, 33.64992453000001, 56.221419
11.020691, 14.1738775, 18.456429, 23.5213466, 26.93215424999997, 34.377857360000036, 47.131774
8.7321, 9.082386, 10.516906, 11.986512, 13.111625449999995, 16.59339284000002, 99.34107872288664
8.822801, 9.030678, 9.5851735, 11.215195000000001, 12.05548, 14.309396020000097, 97.22344650460506
8.820879, 9.026575, 9.567918, 11.185829, 12.032652, 14.423519, 35.734803
8.78464, 9.05576, 10.230684, 11.6492085, 12.478849, 15.049793, 26.889073
8.77451, 9.921008, 12.238608, 15.557732, 17.833334, 23.386066559999986, 100.19118292485307
14.4041195, 19.121042, 24.928573, 32.19561, 36.93336079999994, 47.460348, 103.93108548408794
14.3840925, 19.095072, 24.869248, 32.055579, 36.747061, 47.720143, 73.564487
8.777996250000001, 9.926991, 12.266244, 15.462691500000002, 17.793896, 23.680827690000143, 107.63115594874692
8.78707, 9.050377, 10.220908, 11.662042, 12.496195, 15.027702, 117.41950917941806
8.85013, 9.008261, 9.239885, 10.097082, 11.199298, 13.095726, 106.54657461019664
8.869155, 9.011196, 9.19306, 9.467114, 9.899666, 11.999339, 106.78540106228569
8.864493999999999, 9.002301, 9.17915, 9.4573118, 9.951734, 11.958562, 104.63440905995564
8.820643, 9.025878, 9.574504, 11.184061, 12.023483, 14.337182, 101.38168281672749
8.647674, 9.119646, 10.812846, 12.444263, 14.066505, 17.843873879999986, 111.00971379146121
12.931140749999999, 17.401971, 22.996526, 29.05518, 33.548014899999956, 40.593484, 113.54612703076808
12.787236, 17.249395, 22.859962250000002, 28.740389, 32.92533819999999, 40.492175, 64.049625
8.646227, 9.128324, 10.803248, 12.474138, 14.095293, 17.872018, 109.80518068952999
8.818414, 9.024004, 9.567949, 11.191552, 12.048465, 14.444388020000046, 126.75508913873293
8.86447975, 9.002709, 9.17489, 9.440421, 9.940905, 11.932675, 94.323045968462
8.873606, 9.01738, 9.205052, 9.482493, 9.843266, 12.312273, 109.06222124421883
8.86479, 9.003191, 9.179931, 9.440594, 9.970956, 11.993545, 110.97710163906636
8.821175, 9.027418, 9.56265175, 11.173794, 12.011142, 14.337127969999989, 112.5312823186553
8.649318, 9.142989, 10.807275, 12.439813, 14.062389, 17.786971, 112.435211495295
12.858134, 17.258028, 22.885587, 28.794932300000006, 32.946206699999976, 41.038859, 109.93280363359634
12.8762, 17.324918, 23.222356, 28.952239600000002, 33.33804329999999, 41.13274, 64.049625
8.649129, 9.142635, 10.803367999999999, 12.426232, 14.03331234999999, 17.629572, 107.14677461360357
8.820552, 9.028008, 9.56685, 11.198484, 12.022596, 14.310006, 109.59255839594005
8.865466, 9.001384, 9.178865, 9.455824, 9.972295, 12.054451, 107.65451039490574
8.873029, 9.017132, 9.202355, 9.472231, 9.834475399999997, 11.972795, 102.9903015368576
8.870376, 9.010558, 9.196824, 9.471973, 9.907871, 12.070419, 104.61639591379554
8.843901, 9.010756, 9.277082, 10.387978, 11.498835, 13.259477289999996, 107.91540883092264
8.731469749999999, 9.084795, 10.542297, 12.05524, 13.132219399999984, 16.348581, 111.48257415083202
10.2163705, 12.852186, 16.573888, 21.208835, 24.204388, 30.58252705999993, 112.9729832422449
10.201797, 12.7720715, 16.65955775, 21.198867, 23.914384, 30.67246, 43.791491
10.185149, 12.789646, 16.721091, 21.139870600000002, 24.030696849999998, 30.299968800000002, 43.791491
10.16416525, 12.837621, 16.672461, 20.989339, 23.717444649999994, 29.999317, 43.791491
8.832666, 9.0154005, 9.3764145, 10.9218243, 11.795208, 14.025323850000005, 99.14977742526122
8.872313, 9.017655, 9.202457, 9.483965099999999, 9.8619769, 12.223229229999998, 95.53332440150825
8.87220525, 9.015819, 9.200579249999999, 9.478358700000001, 9.87508265, 12.340344309999992, 52.853195
8.832917, 9.016050499999999, 9.373197, 10.8637441, 11.770826, 13.891945880000048, 113.04135779308996
9.125082, 11.246008, 14.0354905, 17.433989, 19.861209049999974, 25.791337, 95.30788512638759
9.1152885, 11.309141499999999, 14.1411, 17.3189096, 19.654112599999998, 25.199198, 40.625286
9.09992825, 11.1662385, 14.032837, 17.375665, 19.820696299999987, 26.311127, 44.22794
9.144623, 11.2905355, 14.167474, 17.625318, 20.004899, 26.017272460000047, 44.22794
9.086477499999999, 11.181069, 13.88657225, 17.3168441, 19.799011699999987, 25.607038, 44.22794
9.11060525, 11.251128, 14.10436, 17.429751800000002, 19.862456, 25.569375, 44.22794
9.1144945, 11.258266, 14.141160750000001, 17.358213, 19.78262984999999, 24.756342, 40.625286
9.114064, 11.2297175, 13.96015375, 17.285888, 19.892478999999994, 26.226208, 40.625286
9.123961, 11.269655, 14.1110255, 17.460678, 19.911072, 25.786771, 44.22794
9.11813825, 11.240114, 14.067892, 17.304255, 19.819811, 25.56975163000001, 44.22794
10.233841, 12.935117, 16.620482250000002, 20.9204569, 23.72432435, 29.51465669000002, 43.791491
10.14757425, 12.782346, 16.64853625, 21.117277, 24.016323449999994, 29.612438, 43.791491
8.786509500000001, 9.051, 10.197348, 11.617066, 12.460371, 15.054253, 123.355545857424
8.78462075, 9.045887, 10.188561, 11.619468, 12.3959, 14.94417, 26.889073
8.781711, 9.048323, 10.2315195, 11.664709, 12.472115, 15.021127, 26.889073
10.264019, 12.885333, 16.680704, 21.154836, 23.744553, 29.651223459999983, 109.92252177838358
10.102342499999999, 12.778936000000002, 16.5335535, 20.862169800000004, 23.721439, 30.292728, 43.791491
10.16261025, 12.840143000000001, 16.707336, 21.006601, 24.032138, 30.709644, 43.791491
10.21652875, 12.827614, 16.570969, 21.1450621, 23.938058799999993, 30.977321, 43.791491
8.785754, 9.053201, 10.213177, 11.654684, 12.451073599999996, 14.96492, 106.47151698210753
8.86392425, 9.002675, 9.175001, 9.443095, 9.930965, 12.00305149999999, 95.91390227736042
8.844095, 9.01017, 9.264655, 10.357410100000001, 11.480448, 13.400282040000038, 37.448702
8.731173, 9.089563, 10.56040425, 12.056149200000005, 13.216741, 16.680166329999878, 112.92755412418376
10.98724525, 14.185681500000001, 18.61605875, 23.620479, 26.750218, 33.916753, 101.33125713325663
11.052029749999999, 14.176807499999999, 18.627011, 23.993586, 27.197272249999997, 34.54896450000004, 56.221419
10.930838, 14.101898, 18.5144075, 23.41399850000001, 26.682458499999992, 33.916753, 56.221419
8.725994, 9.082908, 10.537121, 12.023728, 13.157059, 16.878425310000043, 108.74291626798893
8.84488575, 9.014702, 9.270867, 10.404605400000003, 11.476940449999992, 13.219280349999995, 113.5149889481398
8.872705, 9.013802, 9.1955815, 9.468683, 9.890143, 12.047984, 114.44634769258461
8.86658, 9.002518, 9.178965, 9.456761, 9.992015, 12.007767, 37.448702
8.820044, 9.024343, 9.560789, 11.189609, 12.0484548, 14.444678, 114.03886161400635
8.647156, 9.142981, 10.824965, 12.448787, 14.057811, 17.644383, 98.61935945910132
12.789422, 17.279727, 22.971841, 29.109127, 33.414591, 41.13198768999998, 109.23104342570154
12.772585, 17.255546, 22.864232, 28.744797600000016, 32.843418749999984, 40.844005, 64.049625
8.64953375, 9.135331, 10.802748, 12.430775, 14.095004549999997, 17.8129, 121.17716944255623
8.817173, 9.025133, 9.5603195, 11.189834, 12.028016, 14.514821, 104.67195225793321
8.868422, 9.00428, 9.181145, 9.450355, 9.95983, 11.970292, 107.48360627990783
8.872884, 9.016928, 9.20387, 9.480556, 9.856789449999992, 12.312273, 106.3764651121001
8.864438, 9.003639, 9.17927375, 9.451816, 9.9923285, 12.003089, 107.86425565263983
8.821063, 9.025949, 9.5612425, 11.158006, 12.023483, 14.408756, 120.49386754673253
8.646881, 9.097345, 10.774918, 12.418864, 14.027404, 17.886539159999966, 105.36950630134578
12.74876825, 17.326864, 22.845195, 29.078146, 33.187452549999925, 40.810356, 98.01875068525004
12.811364, 17.269972, 22.826622, 28.7365928, 32.951102, 40.650151, 64.049625
8.651493, 9.118227, 10.8181355, 12.396406, 13.967338, 17.708369, 112.55144098584172
8.821171, 9.025133, 9.584264, 11.220849, 12.069922000000007, 14.337073940000018, 116.29574113545905
8.865122, 9.002467, 9.175445, 9.444844, 9.932986, 11.922215, 111.67768948236032
8.874167, 9.018668, 9.20723, 9.478324, 9.843189, 12.277897, 120.82450881677475
8.866639, 9.004208, 9.178993, 9.458363, 9.973656749999996, 11.999339, 96.65120426453569
8.819259500000001, 9.026418, 9.581421, 11.19383, 12.023483, 14.400141229999939, 112.37785321715597
8.643602999999999, 9.118227, 10.802748, 12.423639, 14.027404, 17.793896, 105.2214006923544
12.955158, 17.388778000000002, 23.225635, 29.192727, 33.48231244999993, 41.09986674999983, 100.51991095099498
12.83911275, 17.4006515, 23.089919, 28.94835, 32.915226, 41.107663, 64.049625
8.646227, 9.111417, 10.787559, 12.42623, 14.059407, 17.708369, 98.64915999271682
8.819203, 9.026127, 9.560451, 11.198484, 11.986047600000001, 14.331779, 114.98906528928765
8.864446749999999, 9.000636, 9.176435, 9.450355, 9.970956, 11.938615, 105.6273236050995
8.875927, 9.024929, 9.215268, 9.485325, 9.810391, 12.383066, 108.13391918462877
8.87119, 9.013479, 9.195592, 9.462709, 9.856917, 11.993545, 89.20310120023751
8.846224750000001, 9.0129675, 9.272444, 10.397869, 11.482916, 13.327841, 90.49489954227195
8.730998, 9.0797955, 10.52912075, 11.977500100000004, 13.052838049999998, 16.442019819999903, 101.82947386088954
10.959912500000002, 14.093643, 18.574715, 23.386711400000003, 26.574527549999992, 33.54235694999998, 105.28923050336012
11.03345225, 14.193703, 18.574715, 23.597502, 26.616767, 33.399947, 56.221419
10.992388, 14.142489000000001, 18.460084, 23.620479, 26.725127599999993, 33.54381704000001, 56.221419
8.73022925, 9.083861, 10.542334499999999, 11.992856, 13.107941149999995, 16.498811, 106.60750122190102
8.865594, 9.004056, 9.176826, 9.455484, 9.952919, 11.938615, 108.9158073949342
8.873963, 9.020522, 9.209934, 9.4865703, 9.825149249999997, 12.34019666999998, 109.0406734162516
8.874131, 9.020969, 9.209698, 9.4943951, 9.8404, 12.383066, 52.853195
8.866639, 9.003628, 9.178993, 9.460509, 10.005128, 12.007767, 108.609560054018
8.783395, 9.059082499999999, 10.227045, 11.6603802, 12.496195, 14.801217, 110.41521800166123
10.068987, 12.739487, 16.533387, 20.989339, 23.717088, 29.398083, 106.66131839103535
10.1748575, 12.918448, 16.764709500000002, 21.298871, 24.204388, 30.67246, 43.791491
10.189878, 12.835812, 16.5757045, 20.919517799999998, 23.648787, 29.513669, 40.498626
10.158891, 12.7309165, 16.58667, 20.94417, 23.774774, 30.585735, 43.791491
8.782578, 9.045776, 10.1910475, 11.594028, 12.388296, 14.736324799999995, 110.53984710918434
8.868428, 9.005145, 9.181743, 9.460468, 9.992345, 11.932675, 104.51567783038685
8.86343925, 9.003639, 9.175001, 9.433837, 9.946413649999998, 11.913264409999986, 37.448702
8.78904, 9.057212, 10.261137, 11.672488500000002, 12.492114, 14.901507980000046, 96.27226624172692
10.192589, 12.798581, 16.608937, 20.992271800000005, 23.937755, 29.427836259999996, 109.99307176612805
12.775476, 17.2813545, 22.868289, 29.078146, 33.3816, 40.844005, 64.049625
12.864047, 17.299464, 23.015607, 29.077884, 33.016597, 40.568418, 64.049625
8.645088, 9.124901, 10.802748, 12.444252, 14.070622, 17.802213, 113.92665688378814
8.817448, 9.026896, 9.577855, 11.207529, 12.05548, 14.408756, 103.22877494867302
8.864473, 9.002301, 9.175566499999999, 9.453075, 9.970956, 11.958562, 115.09466277843487
8.874038, 9.018108999999999, 9.204662, 9.483876, 9.86051, 12.279171, 107.33097551177033
8.867202, 9.004037, 9.180702, 9.460722, 10.013454, 12.003089, 115.87435670574226
8.842709, 9.012728, 9.27125075, 10.400567900000002, 11.526434, 13.42742, 93.05140886996033
8.72769675, 9.065531, 10.5053745, 12.022425, 13.230117, 16.844744, 99.33147046291857
11.038508, 14.200649, 18.5772785, 23.73139, 26.828295, 34.37329092999994, 106.42433288699533
10.974758, 14.16381, 18.5186965, 23.662829, 26.853233, 34.377857360000036, 56.221419
11.032517, 14.214367, 18.629864, 23.528313800000006, 26.725311149999992, 33.60463, 56.221419
8.7269685, 9.070010499999999, 10.506886, 11.987698, 13.112126, 16.442499, 113.49013882073962
8.84762975, 9.0129465, 9.2717715, 10.3983037, 11.436465799999997, 13.304284969999943, 115.49540662208881
8.87119, 9.014473, 9.196566, 9.4765338, 9.909782399999996, 12.257208, 113.53465742768893
8.871097, 9.012923, 9.196389, 9.471173, 9.905263, 12.222361, 52.853195
8.84488575, 9.01237, 9.268795, 10.387978, 11.427168, 13.162827459999994, 96.96955517948449
8.72695, 9.070371999999999, 10.528557, 11.997904000000007, 13.156208, 16.468324139999947, 95.64024010069794
11.091609, 14.220386, 18.630134, 23.293937400000004, 26.584253949999987, 34.280977, 109.61035668120253
11.091609, 14.224732, 18.641444, 23.31610660000002, 26.6922863, 33.60507885000001, 47.131774
11.061926, 14.173876, 18.516479, 23.410804, 26.681947, 33.690468, 47.131774
11.021293, 14.24854, 18.744516, 23.886442, 27.32273, 34.28192869000002, 47.131774
8.7266865, 9.08539, 10.537177, 12.085136, 13.314542, 17.096110300000017, 115.24879537613747
8.846871, 9.013224, 9.271254, 10.412483, 11.464006, 13.455628, 91.93561330244785
8.871491, 9.012905, 9.195484, 9.471606, 9.881305, 12.054451, 101.51550371133794
8.86988575, 9.015245, 9.198223, 9.478324, 9.907871, 12.070439960000003, 52.853195
8.841318, 9.010693, 9.2677255, 10.3573517, 11.408051749999988, 13.276404589999999, 124.2961997761192
8.72947525, 9.078300500000001, 10.5366155, 12.041126, 13.204473449999986, 16.576390059999987, 119.8075669237167
11.041186, 14.185055, 18.6112255, 23.554524, 26.595058249999987, 33.47382, 106.20184206106569
11.0504665, 14.213992, 18.652632, 23.6384626, 26.69380854999998, 34.93738213000001, 56.221419
11.020691, 14.221611, 18.486422, 23.567880900000006, 26.888814, 33.577213, 56.221419
8.731054, 9.081545, 10.517271, 12.018309, 13.1712714, 16.498811, 101.03374318664767
8.846123, 9.014486, 9.272092500000001, 10.428693100000004, 11.481575649999998, 13.364675829999976, 107.25669423092896
8.870708, 9.011196, 9.193741, 9.476134, 9.884465, 12.070419, 109.6968776550101
8.871752749999999, 9.014007, 9.19747, 9.467466, 9.879181, 12.223238, 52.853195
8.844249, 9.012867499999999, 9.274639, 10.382787000000002, 11.489312, 13.499116779999994, 99.69121801843747
8.725273, 9.068407, 10.511451, 12.001404, 13.189171249999987, 16.468585, 112.7142175643929
11.038262, 14.194575, 18.743568, 23.713494, 26.922242, 34.936969, 119.61882112623138
11.05954375, 14.104346, 18.5321935, 23.410804, 26.790082, 33.39079148, 56.221419
10.95436825, 14.163463, 18.37795175, 23.510648, 26.83251, 33.49931535, 56.221419
8.724632, 9.072712, 10.508676, 12.021832, 13.170819399999997, 16.644732, 96.73028233321214
8.842912, 9.007979, 9.268421, 10.364723099999999, 11.4820537, 13.31397697999998, 90.58016545123652
8.87142575, 9.0132075, 9.197035249999999, 9.465519, 9.858251, 12.072515, 109.46392652936392
8.870628, 9.013564, 9.195858, 9.469285, 9.866670949999985, 12.048048670000012, 52.853195
8.842592, 9.0102, 9.2684375, 10.401547800000001, 11.508879249999993, 13.30457, 116.17505661311418
8.733034, 9.0934475, 10.564455, 12.022596, 13.179141399999994, 16.844744, 107.7344156632148
10.995228, 14.2087285, 18.4836095, 23.298458, 26.734320349999994, 33.649515, 106.74930874509336
11.03030325, 14.1473995, 18.368877, 23.284495, 26.412074, 34.280977, 56.221419
11.133794, 14.251293, 18.68982, 23.4919397, 26.83251, 33.402223, 56.221419
11.13765, 14.268059, 18.56199825, 23.706682, 27.10068559999998, 33.916753, 47.131774
8.724866, 9.068099, 10.502990500000001, 11.978243, 13.122167799999996, 16.394581, 104.47827282107335
8.846612, 9.014016999999999, 9.27374775, 10.419862, 11.481575649999998, 13.333326, 101.42928261203886
8.848934, 9.014857, 9.272515, 10.369033, 11.452476249999991, 13.314674990000027, 37.448702
8.841325, 9.011575, 9.273134, 10.392622, 11.48164805, 13.259583130000019, 37.448702
8.7294385, 9.0732395, 10.496388, 11.98441, 13.159804, 16.394573079999997, 101.89389362895054
11.032517, 14.222227499999999, 18.516777, 23.302593, 26.585857, 33.49811558999998, 117.14390011268065
11.077025, 14.186308, 18.566273250000002, 23.2904802, 26.51177174999999, 33.55542607, 56.221419
11.069539, 14.195745, 18.6112255, 23.583180300000006, 26.768682, 33.577213, 56.221419
11.052397, 14.223835, 18.574715, 23.680534100000003, 26.853233, 33.543702, 56.221419
8.72828775, 9.076375, 10.515956, 11.9857648, 13.135407, 16.82827581000003, 107.10450470494425
8.844602, 9.012955, 9.274098, 10.419759400000002, 11.489312, 13.341824, 106.40381922399541
8.874789, 9.019599, 9.209606, 9.488423, 9.847353949999999, 12.34821, 107.41786780031163
8.8710435, 9.014698, 9.196191, 9.4664234, 9.873974, 11.999339, 52.853195
8.84389275, 9.008089, 9.269268, 10.389110200000003, 11.465715, 13.314537299999998, 120.87153523747851
8.72585675, 9.072693999999998, 10.509472, 12.027945, 13.181976, 16.82149122999996, 104.02572599211139
11.149106, 14.269237, 18.561353, 23.482508900000028, 26.690642499999985, 33.47382, 108.45099544387341
11.03225475, 14.172911, 18.74514825, 23.496019999999998, 26.787435, 33.64992453000001, 56.221419
11.097153500000001, 14.224215, 18.6299315, 23.641244, 26.828846, 33.690468, 56.221419
8.727486, 9.070002500000001, 10.517463, 12.011142, 13.16811949999999, 16.615886, 112.3052925744894
8.845094, 9.012494499999999, 9.267108, 10.328342300000003, 11.43696615, 13.314072, 105.07666139229852
8.873881, 9.022379, 9.21478525, 9.482493, 9.813118, 12.315773, 107.25539594129998
8.875708, 9.023731, 9.213157, 9.493569, 9.843298399999997, 12.420027700000007, 52.853195
8.86622, 9.002301, 9.180891, 9.461342, 9.97255, 11.999281059999989, 92.06545152691858
8.78468, 9.045887, 10.194815, 11.5974748, 12.385381, 14.831535, 98.31725920583678
10.2748045, 12.872767, 16.656862500000003, 21.19311980000002, 24.030621, 30.299877, 119.65815619959164
10.167947999999999, 12.782346, 16.563731, 21.060374100000004, 23.947987, 29.513669, 43.791491
10.16907175, 12.8318975, 16.678096, 21.196579, 24.13510975, 31.060596, 43.791491
10.187644, 12.826753, 16.676131, 21.1944172, 24.022507, 29.999569110000007, 43.791491
8.786061, 9.05135, 10.224502, 11.638343, 12.460044399999994, 14.94417, 106.911629546142
8.866938, 9.005355, 9.178934, 9.440225, 9.969382, 11.958562, 100.25666843484798
8.866639, 9.00286, 9.176884, 9.457004, 10.004442, 12.047984, 37.448702
8.78508525, 9.050492, 10.215759, 11.609269400000002, 12.380490900000002, 14.938511, 98.60397940347109
10.167938, 12.823557, 16.6559125, 21.085878, 23.927535, 29.872863459999945, 106.18665646711668
10.221005, 12.88661, 16.710881, 21.196599, 23.881282, 30.309057, 43.791491
10.163014, 12.794970500000002, 16.533387, 20.986408, 23.85973029999998, 29.416824, 43.791491
10.20673525, 12.8640225, 16.607139500000002, 21.117449500000003, 23.810351, 29.72028801000004, 40.498626
8.783204, 9.040553, 10.199499, 11.609365, 12.440257699999998, 14.94417, 118.03096956647572
8.867364, 9.003879, 9.180355, 9.449913, 9.961654, 11.932675, 117.07947223391497
8.86676725, 9.004557, 9.181545, 9.445592, 9.969382, 12.047984, 37.448702
8.78468, 9.050433, 10.22093275, 11.625504600000001, 12.496195, 15.238299020000234, 100.61522173771458
10.187644, 12.825892, 16.7300715, 21.144327, 23.89704, 30.024528, 99.76545554266902
10.9898365, 14.1624605, 18.590043, 23.6366872, 26.85387484999999, 33.649515, 47.131774
11.08578, 14.2561155, 18.72872725, 23.7608585, 26.924766049999995, 34.376146, 56.221419
11.085414, 14.200649, 18.634282, 23.597502, 26.93215424999997, 34.93738213000001, 56.221419
8.726865, 9.075566, 10.506886, 12.015915, 13.26878525, 16.604480300000013, 107.4280108941045
8.842633, 9.0134145, 9.272444, 10.414091, 11.427148249999998, 13.340283309999998, 112.94098640699512
8.874379, 9.018156000000001, 9.208314, 9.480205100000001, 9.81656965, 12.390791959999984, 100.7753472232538
8.872476, 9.01833, 9.211008, 9.4935087, 9.843914, 12.374775, 52.853195
8.873141, 9.013902, 9.20324, 9.476799, 9.859969, 12.312273, 85.24792492428826
8.780258, 9.0540965, 10.188561, 11.617066, 12.397371, 15.027702, 121.14370087761972
10.200079, 12.852186, 16.5515775, 21.120661, 24.030621, 29.99741923999996, 111.10794176651795
10.157673749999999, 12.784317999999999, 16.525283, 21.103312, 23.93826659999999, 30.20235486000002, 43.791491
10.191153, 12.8160195, 16.5636455, 20.993005, 23.993624, 29.90537788000002, 43.791491
10.147776, 12.781601, 16.634294, 21.129636, 23.997454249999983, 30.41766055, 43.791491
8.7895745, 9.049898, 10.196923, 11.6503662, 12.443437599999992, 15.021127, 112.57762790413639
8.86246825, 8.999251, 9.170885, 9.423812, 9.920456199999993, 11.894385519999961, 101.16978974506318
8.8632195, 9.002301, 9.176531, 9.457004, 9.980987, 11.922215, 37.448702
8.829300750000002, 9.012867499999999, 9.360982, 10.8600393, 11.781771050000001, 13.80658088000003, 114.4596579977848
9.115647749999999, 11.306492, 14.070246, 17.296946000000002, 19.781006, 25.677274, 99.49973205040801
9.1107275, 11.211657, 14.0594015, 17.321585400000004, 20.019433, 26.531374, 40.625286
9.113951, 11.250684, 14.181125, 17.558528, 19.99185975, 25.46558043000002, 44.22794
9.115128, 11.26228, 14.048942, 17.267699, 19.674887599999977, 25.792145820000016, 44.22794
9.149682, 11.298550500000001, 14.157585000000001, 17.395163800000002, 20.08305755, 25.907049, 44.22794
9.094884, 11.3122585, 14.10436, 17.434288, 19.89284954999999, 25.87356824000003, 40.625286
9.13014425, 11.264072, 14.058793, 17.4347607, 19.706871, 25.386125990000004, 44.22794
9.110852, 11.268315, 14.234942499999999, 17.6371898, 20.054081, 26.206109, 44.22794
9.09683975, 11.288996, 14.04276875, 17.267904400000003, 19.74334709999999, 25.616439, 44.22794
9.097933, 11.180785, 14.071423, 17.3588516, 19.797086, 26.227057190000018, 40.625286
9.12480175, 11.281239, 14.181481, 17.49623, 20.002625099999996, 25.259308210000004, 40.625286
8.64735, 9.0904195, 10.733529, 12.467011, 14.190851, 17.936827, 38.813544
8.64452, 9.141327, 10.788229000000001, 12.4532509, 14.062294, 17.23591839, 38.813544
8.6497995, 9.094461, 10.783066, 12.4532509, 14.0626608, 17.888042, 38.813544
8.6562175, 9.118408, 10.77868775, 12.301781, 14.062400199999999, 17.80231987, 38.813544
8.656063249999999, 9.1409275, 10.77528, 12.326137, 13.849417849999998, 17.786232420000005, 34.408771
8.6479985, 9.119684, 10.789254249999999, 12.444263, 14.062613, 17.611796, 38.813544
8.645088, 9.1377375, 10.857229, 12.512249, 14.034355, 17.787040250000004, 38.404747
8.652642, 9.144375, 10.81987625, 12.4075519, 14.066715599999997, 17.844506, 38.813544
8.64293325, 9.0919635, 10.742489, 12.335102400000002, 13.907612, 17.538538300000003, 38.813544
8.6468, 9.131829, 10.7833185, 12.444252, 13.96191804999999, 17.93096042000001, 38.404747
8.649318, 9.136206999999999, 10.85540825, 12.456485, 14.062613, 17.813216060000006, 38.813544
8.64798775, 9.1132055, 10.799851, 12.5638689, 14.070622, 17.88846820000001, 38.813544
9.08695225, 11.227269, 13.995511, 17.388928600000007, 19.79712755, 25.334757860000014, 39.815707
9.12527175, 11.2644495, 14.19413325, 17.5878465, 20.177098, 26.01707147000004, 44.22794
9.1013555, 11.2268785, 13.997004, 17.358213, 19.75842, 25.908130130000025, 44.22794
9.094039, 11.202153, 14.033392, 17.546056, 20.137778649999984, 25.872567300000007, 44.22794
9.104616, 11.163724, 14.066715, 17.429751800000002, 19.929228349999974, 25.185808, 44.22794
9.073112, 11.236961, 14.067892, 17.4550999, 20.090134599999974, 25.617047350000014, 44.22794
9.068695, 11.1693035, 13.9694845, 17.2312878, 19.706871, 24.93033449000002, 37.948082
9.085407, 11.155362, 13.988172, 17.267699, 19.99331944999999, 25.791337, 40.625286
9.085454, 11.249509, 14.14986, 17.5605375, 20.029985249999985, 26.227057190000018, 40.625286
9.1412235, 11.3004505, 13.97253225, 17.184715, 19.51905, 25.569375, 44.22794
9.11499125, 11.247666, 14.123252, 17.536532000000005, 19.91524, 25.617047350000014, 40.625286
9.115799, 11.249509, 14.08754275, 17.382427900000007, 19.9729156, 26.511409660000005, 44.22794
9.114064, 11.200454, 14.08632, 17.32391620000001, 19.90551294999999, 25.907049, 40.625286
9.11081125, 11.253083, 14.05677325, 17.454936, 19.839353099999972, 25.26048983000003, 44.22794
9.1013555, 11.172544, 14.07161575, 17.285785, 19.584465, 25.259308210000004, 44.22794
9.119161, 11.287448, 14.157047, 17.434288, 19.9112804, 26.016247410000023, 44.22794
9.1363725, 11.251128, 14.128668, 17.4406565, 19.99271, 25.87356824000003, 44.22794
9.105487, 11.259612, 14.03706, 17.443795100000003, 19.911072, 26.491486, 44.22794
9.098528, 11.250173, 14.016196, 17.33012980000001, 19.74558624999999, 25.56975163000001, 44.22794
9.131732, 11.302275999999999, 14.12525475, 17.406393000000005, 19.905304549999993, 26.460815, 40.625286
9.08964025, 11.2177285, 14.141159, 17.369627, 19.78262984999999, 26.46129337000001, 44.22794
8.791026, 9.067802, 10.2216185, 11.605372500000001, 12.384728, 14.783205930000003, 19.563106
8.788326999999999, 9.048039500000002, 10.237005250000001, 11.6736765, 12.558402, 14.944267120000001, 19.563106
8.777694499999999, 9.042427, 10.19788575, 11.636587100000002, 12.523508, 14.938567590000002, 19.563106
8.7819125, 9.045481, 10.225062, 11.6158816, 12.404542, 14.815255450000002, 19.393533
8.785802, 9.064143, 10.2007385, 11.649735, 12.3781671, 14.736673190000001, 26.889073
8.78165325, 9.045928499999999, 10.150062, 11.6175429, 12.440782350000001, 14.757654060000013, 26.889073
8.7861135, 9.067734000000002, 10.26214525, 11.7208176, 12.549780100000001, 14.996234440000006, 19.563106
8.796566, 9.0703755, 10.283689, 11.6956505, 12.5520433, 15.593569540000006, 26.889073
8.782893, 9.044923, 10.215050999999999, 11.6460504, 12.449738, 14.804185270000005, 19.563106
8.786584, 9.058911, 10.21895275, 11.597894500000002, 12.451516150000002, 14.8228456, 26.889073
8.78900425, 9.044412, 10.151455, 11.5824087, 12.383578, 14.736673190000001, 19.563106
8.786541249999999, 9.064097, 10.19440475, 11.600619, 12.3183342, 14.815255450000002, 19.563106
8.794413, 9.06927, 10.2580705, 11.669898, 12.54830475, 15.093761, 26.889073
8.7911215, 9.072117, 10.241081, 11.6953103, 12.580723950000003, 15.273403, 26.889073
8.78310975, 9.03909, 10.14743925, 11.544442100000001, 12.303180300000001, 14.95430301000001, 26.889073
8.78437, 9.054426, 10.202046000000001, 11.633763, 12.3836355, 15.02119275, 26.889073
8.78691, 9.053899000000001, 10.25890325, 11.623949399999999, 12.380667, 14.746909, 26.889073
8.78598425, 9.0650835, 10.241274, 11.6545562, 12.36583435, 14.965768730000018, 26.889073
8.7864895, 9.057737, 10.2483505, 11.6429662, 12.45138875, 14.944267120000001, 18.677002
8.78453175, 9.045826, 10.232459500000001, 11.6492085, 12.502305, 14.90221281000001, 19.393533
8.783974500000001, 9.0565565, 10.223743, 11.686593, 12.397729550000001, 14.944377500000003, 26.889073
8.78849425, 9.040499, 10.21208075, 11.617035600000001, 12.38552675, 14.938511, 26.889073
8.783858, 9.050746, 10.2081415, 11.649735, 12.518624, 15.675629, 19.393533
8.78203575, 9.045144, 10.21853, 11.559745600000001, 12.383417950000002, 14.736828490000006, 19.393533
8.78881275, 9.05001, 10.223674, 11.642939, 12.426091, 14.637993830000001, 26.889073
8.7905685, 9.049898, 10.291059, 11.671194999999999, 12.4923874, 15.27753, 19.563106
8.78707, 9.0507895, 10.22440675, 11.6685741, 12.454557, 14.953882, 18.865024
8.778056, 9.0389005, 10.08620925, 11.5195843, 12.218799450000002, 14.49091, 19.563106
8.7859005, 9.0411185, 10.225062, 11.6429662, 12.4498122, 15.240136710000007, 26.889073
8.78395825, 9.050426, 10.21556475, 11.658251300000002, 12.426591750000002, 14.712798550000002, 19.563106
8.788090749999999, 9.058798, 10.199381, 11.632197000000001, 12.34164115, 14.823332630000012, 19.563106
8.788908750000001, 9.065786500000002, 10.1830495, 11.5744567, 12.32946965, 14.736726850000004, 19.393533
8.783461, 9.0507895, 10.29556875, 11.699161, 12.503486, 15.511645700000006, 26.889073
8.79114075, 9.04926, 10.13840175, 11.577963800000001, 12.413442000000002, 14.8012448, 26.889073
8.78281425, 9.051175, 10.2128345, 11.673618, 12.559179950000003, 15.049793, 26.889073
8.781669, 9.0531, 10.197348, 11.589791200000002, 12.423744600000003, 14.804185270000005, 18.865024
8.789424, 9.036271, 10.19746425, 11.6685741, 12.47143845, 14.938511, 19.563106
8.777718, 9.06927, 10.23804825, 11.605148, 12.323256700000004, 14.996234440000006, 19.563106
8.866467, 9.003352, 9.174627000000001, 9.439427, 9.9044194, 11.79564970999999, 16.112752
8.866556000000001, 8.9942385, 9.16363475, 9.4108734, 9.823795349999996, 11.669075989999998, 35.487972
8.86610275, 9.0032085, 9.16609875, 9.4574477, 10.065412649999999, 11.932933869999994, 33.51644
8.86165675, 8.999001, 9.175719749999999, 9.4684183, 10.052824, 12.279661009999987, 35.487972
8.868461, 9.0072235, 9.1737875, 9.424585, 9.960307599999998, 11.8948773, 29.227148
8.861511, 9.000277, 9.181201000000001, 9.4345788, 9.931451749999997, 11.938839599999994, 35.734803
8.86915, 9.008957, 9.18290125, 9.4590289, 9.97255, 11.756911, 35.734803
8.87408825, 9.0053975, 9.18747075, 9.471173, 10.057858749999998, 12.348475649999994, 37.448702
8.86965, 9.0039445, 9.1875715, 9.4615552, 9.973523249999994, 11.993640439999997, 35.487972
8.8706835, 9.0032025, 9.181200500000001, 9.4449875, 9.915973, 11.970292, 16.928153
8.86447525, 8.996371, 9.171208, 9.421174500000001, 9.851268849999999, 11.852143919999987, 37.448702
8.87227125, 9.006479, 9.17384075, 9.4520759, 10.0044173, 11.913653009999988, 35.487972
8.868889750000001, 9.00236, 9.1875715, 9.4654912, 10.030114799999998, 11.780502329999988, 24.923449
8.8652725, 9.0036545, 9.173774, 9.4533159, 9.920967, 12.008393519999984, 37.448702
8.8684265, 9.002662, 9.17334425, 9.4601613, 10.132139350000001, 12.071947189999964, 35.487972
8.863318499999998, 8.99642, 9.170435, 9.4188973, 9.9923587, 11.938931769999993, 37.448702
8.872233, 9.005095, 9.190941, 9.4659455, 9.981538399999998, 11.875261439999996, 29.227148
8.86391575, 9.0066895, 9.1952235, 9.4780486, 9.985579, 12.372486, 35.734803
8.874157, 9.0095405, 9.1927445, 9.4780486, 10.065499349999996, 12.372486, 37.448702
8.863657, 9.00021, 9.171033, 9.437264, 9.842446599999997, 11.79564970999999, 35.734803
8.785900250000001, 9.0440595, 10.213906000000001, 11.687489300000003, 12.531929, 15.46395637, 26.889073
8.790345, 9.059038000000001, 10.24090575, 11.6604761, 12.424741, 14.996234440000006, 26.889073
8.791836, 9.067684, 10.221983, 11.617604, 12.343527650000002, 14.816353490000026, 18.677002
8.780799, 9.053201, 10.2702175, 11.650524, 12.479515900000003, 15.02119275, 18.865024
8.772175, 9.050122, 10.2780475, 11.6757927, 12.57909255, 14.953992380000003, 18.347922
8.7890565, 9.059052, 10.23445225, 11.662098, 12.549668, 14.953882, 19.393533
8.790105, 9.08343, 10.2315195, 11.64915, 12.457855500000003, 14.648318, 26.889073
8.791074, 9.0534435, 10.270724999999999, 11.6610061, 12.476371, 14.873968020000007, 26.889073
8.86539475, 9.0019125, 9.185562000000001, 9.4557719, 9.899666, 12.277897, 35.487972
8.8656115, 9.0064215, 9.17901125, 9.4390328, 9.992691599999999, 12.070419, 35.734803
8.86042925, 9.002214, 9.1734125, 9.4574223, 9.960104049999998, 11.970292, 37.448702
8.86972875, 9.0052845, 9.178865, 9.4219672, 9.920568, 11.83972962999999, 29.227148
8.862561249999999, 9.007407, 9.19728775, 9.506499, 10.10530709999999, 11.96145763999999, 33.51644
8.858337, 9.00173, 9.18579175, 9.4307232, 9.921851399999992, 11.897930429999999, 15.286468
8.86624975, 9.008588, 9.176846000000001, 9.439456999999999, 9.8433985, 11.894930729999999, 35.487972
8.8739265, 9.0039445, 9.18512275, 9.4425307, 9.91097885, 11.903319539999996, 37.448702
8.863280249999999, 8.9985645, 9.178934, 9.4305837, 9.8973157, 11.903319539999996, 33.51644
8.872062750000001, 9.0047225, 9.18719875, 9.4659599, 10.042222949999998, 12.07458155999995, 35.734803
8.865670249999999, 9.0019125, 9.16288325, 9.4072457, 9.913345, 11.993640439999997, 35.330604
8.8695935, 9.0127965, 9.1948835, 9.4960905, 10.004442, 11.999423279999998, 29.227148
8.86570575, 9.000095, 9.172877, 9.455824, 9.985579, 11.832284659999997, 33.51644
8.87513025, 9.033293, 9.220702750000001, 9.486890500000001, 9.656483, 10.42823907, 24.370709
8.88310375, 9.0378595, 9.241092, 9.4831198, 9.766067, 11.202804379999995, 19.645042
8.89362625, 9.0416565, 9.230226, 9.5160734, 9.72543325, 14.391847, 52.853195
8.88994325, 9.0413075, 9.24208175, 9.5232201, 9.773090049999999, 16.05269237, 19.892145
8.87247525, 9.0339885, 9.230931, 9.5091874, 9.73990345, 11.02207091, 24.370709
8.886903, 9.038043, 9.22902275, 9.5192975, 9.7644174, 11.531485299999998, 36.893046
8.894561, 9.051255000000001, 9.256493, 9.5418435, 9.75768315, 14.41651684, 32.855096
8.890739, 9.037604, 9.23254225, 9.4976321, 9.71589835, 11.930791539999985, 21.371576
8.880599, 9.051033, 9.237180250000002, 9.485325, 9.738185, 14.691345, 19.892145
8.89065875, 9.0390485, 9.2437665, 9.5012317, 9.76977545, 14.444064699999988, 20.217992
8.886230000000001, 9.039125, 9.2317795, 9.519617, 9.767430599999999, 14.606785109999999, 21.371576
8.8905785, 9.050733, 9.24911075, 9.511582, 9.73989055, 13.486703819999999, 36.893046
8.88001625, 9.022981000000001, 9.22234175, 9.474696100000001, 9.6725525, 11.02185352, 24.370709
8.8900705, 9.0429605, 9.24915725, 9.5199367, 9.799406849999999, 16.47595931, 36.893046
8.8898855, 9.051920500000001, 9.2501315, 9.501177, 9.80740865, 15.977419659999999, 22.552578
8.87809575, 9.035101000000001, 9.226755, 9.4988701, 9.764063499999999, 14.108003109999997, 52.853195
8.89700275, 9.049587, 9.249952, 9.506237, 9.808445899999999, 16.10139363, 24.370709
8.897497750000001, 9.047724, 9.256768, 9.5129756, 9.7869774, 16.363236739999998, 24.370709
8.895387, 9.0454015, 9.24573175, 9.4927001, 9.7248027, 13.232364, 22.552578
8.89266125, 9.0424495, 9.237115, 9.497408100000001, 9.757905749999999, 14.605914929999999, 32.855096
8.879893, 9.0312185, 9.230434500000001, 9.491869300000001, 9.716011, 14.405151759999988, 23.303856
8.88073325, 9.038216, 9.23749525, 9.508279, 9.728800600000001, 12.012064209999986, 21.371576
8.8803805, 9.048986, 9.24052825, 9.5331137, 9.8259331, 14.74289760999999, 23.303856
0, 0, 0, 0, 0, 0, 0
0, 0, 0, 0, 0, 0, 0
0, 0, 0, 0, 0, 0, 0
0, 0, 0, 0, 0, 0, 0
0, 0, 0, 0, 0, 0, 0
0, 0, 0, 0, 0, 0, 0
0, 0, 0, 0, 0, 0, 0
0, 0, 0, 0, 0, 0, 0
0, 0, 0, 0, 0, 0, 0
0, 0, 0, 0, 0, 0, 0
0, 0, 0, 0, 0, 0, 0
0, 0, 0, 0, 0, 0, 0
0, 0, 0, 0, 0, 0, 0
0, 0, 0, 0, 0, 0, 0
0, 0, 0, 0, 0, 0, 0
0, 0, 0, 0, 0, 0, 0
0, 0, 0, 0, 0, 0, 0
0, 0, 0, 0, 0, 0, 0
0, 0, 0, 0, 0, 0, 0
0, 0, 0, 0, 0, 0, 0
0, 0, 0, 0, 0, 0, 0
0, 0, 0, 0, 0, 0, 0
0, 0, 0, 0, 0, 0, 0
0, 0, 0, 0, 0, 0, 0
0, 0, 0, 0, 0, 0, 0
0, 0, 0, 0, 0, 0, 0
0, 0, 0, 0, 0, 0, 0
0, 0, 0, 0, 0, 0, 0
0, 0, 0, 0, 0, 0, 0
0, 0, 0, 0, 0, 0, 0
0, 0, 0, 0, 0, 0, 0
0, 0, 0, 0, 0, 0, 0
0, 0, 0, 0, 0, 0, 0
0, 0, 0, 0, 0, 0, 0
0, 0, 0, 0, 0, 0, 0
0, 0, 0, 0, 0, 0, 0
0, 0, 0, 0, 0, 0, 0
0, 0, 0, 0, 0, 0, 0
0, 0, 0, 0, 0, 0, 0
0, 0, 0, 0, 0, 0, 0
0, 0, 0, 0, 0, 0, 0
0, 0, 0, 0, 0, 0, 0
0, 0, 0, 0, 0, 0, 0
0, 0, 0, 0, 0, 0, 0
0, 0, 0, 0, 0, 0, 0
0, 0, 0, 0, 0, 0, 0
0, 0, 0, 0, 0, 0, 0
0, 0, 0, 0, 0, 0, 0
0, 0, 0, 0, 0, 0, 0
0, 0, 0, 0, 0, 0, 0
0, 0, 0, 0, 0, 0, 0
0, 0, 0, 0, 0, 0, 0
0, 0, 0, 0, 0, 0, 0
0, 0, 0, 0, 0, 0, 0
0, 0, 0, 0, 0, 0, 0
0, 0, 0, 0, 0, 0, 0
0, 0, 0, 0, 0, 0, 0
8.89802725, 9.0396415, 9.230095500000001, 9.5136458, 9.773420949999998, 15.872548, 36.893046
8.88590075, 9.042327499999999, 9.2424045, 9.5277261, 9.8070337, 16.10021293, 52.853195
8.89071475, 9.049913, 9.22812975, 9.465077299999999, 9.680297999999999, 13.730684159999997, 32.855096
8.890470749999999, 9.0342915, 9.2240585, 9.5265604, 9.779472, 15.726085739999997, 23.303856
8.879467, 9.0393685, 9.23238125, 9.529778, 9.8469795, 14.002109669999998, 36.893046
8.892615, 9.0384055, 9.238609, 9.486634800000001, 9.7345687, 14.670883159999999, 36.893046
8.87977525, 9.0445755, 9.237770999999999, 9.4870663, 9.7084584, 13.805537069999998, 36.893046
8.888395, 9.033358499999999, 9.22574475, 9.4913097, 9.77088485, 14.902573969999995, 19.656824
8.891244, 9.0446395, 9.25557275, 9.5433882, 9.80740865, 16.060277709999998, 36.893046
8.877931, 9.044043, 9.224421, 9.4987766, 9.735136499999998, 15.723825249999997, 52.853195
8.8761015, 9.038256, 9.24024375, 9.5275827, 9.80820765, 15.978203449999999, 32.855096
8.8915315, 9.045506499999998, 9.243425, 9.4764376, 9.681813749999998, 10.840233, 18.516134
8.887163000000001, 9.0335675, 9.2403395, 9.5063141, 9.7142611, 11.100359219999998, 19.892145
8.8877725, 9.032295, 9.2359405, 9.5127018, 9.7964014, 14.19507232, 23.303856
8.873294, 9.027082499999999, 9.220998, 9.510084800000001, 9.730612299999999, 16.031646959999996, 21.371576
8.8786845, 9.032032000000001, 9.232705000000001, 9.5133981, 9.767733999999999, 11.164368099999997, 24.370709
8.881659, 9.038453, 9.23468225, 9.5203476, 9.786826, 14.454881349999996, 32.855096
8.89095525, 9.039059, 9.215352750000001, 9.486001700000001, 9.6749933, 11.09827838, 24.370709
8.889953499999999, 9.044643, 9.24072925, 9.5461615, 9.765848349999999, 16.26121194, 21.371576
8.89798425, 9.066027, 9.258393, 9.5301028, 9.8131794, 14.902573969999995, 52.853195
8.88824725, 9.041308, 9.22577425, 9.4945815, 9.72631655, 14.73195576, 52.853195
8.88685775, 9.0381255, 9.2248025, 9.495247, 9.757234, 14.67048174, 19.656824
8.88810475, 9.041737, 9.232234, 9.5255521, 9.716011, 11.442206650000001, 19.587514
8.890576000000001, 9.049545, 9.248186, 9.5169234, 9.7390418, 14.43134543, 24.370709
8.89065875, 9.048379, 9.24870725, 9.492295, 9.70068755, 16.182494629999997, 36.893046
8.88337825, 9.040103, 9.24086475, 9.4913302, 9.67173545, 11.534044409999996, 52.853195
8.891409750000001, 9.049247000000001, 9.23703325, 9.495196199999999, 9.6993366, 11.45127703, 21.371576
8.88859, 9.055041, 9.23703325, 9.4947709, 9.761134, 15.87359139, 19.656824
8.88328975, 9.042576, 9.23547025, 9.5183224, 9.8166875, 14.691345, 52.853195
8.88706575, 9.051784999999999, 9.2500775, 9.544210600000001, 9.8001393, 14.41651684, 21.371576
8.8935855, 9.057925000000001, 9.265852, 9.5636659, 9.8138833, 16.216124110000003, 32.855096
8.87933, 9.036969, 9.247445, 9.5043281, 9.76591105, 14.192837, 36.893046
8.888997, 9.041207499999999, 9.23362625, 9.524664, 9.8420481, 17.20236, 36.893046
8.8771975, 9.034252500000001, 9.238287249999999, 9.4871368, 9.682205849999999, 11.260687629999996, 17.300802
8.876742, 9.0370445, 9.2404215, 9.510857600000001, 9.76731875, 15.27462862999999, 32.855096
8.887145, 9.049065, 9.2537645, 9.4993674, 9.80909, 16.26162101, 52.853195
8.878592, 9.030802999999999, 9.2476775, 9.533026, 9.772188400000001, 16.65932164, 32.855096
8.891934, 9.047623999999999, 9.235046, 9.5169675, 9.7725964, 11.09785739, 19.502914
8.8770585, 9.029726499999999, 9.23766775, 9.5017857, 9.72591385, 15.97762476, 32.855096
8.88999925, 9.0410895, 9.24180275, 9.5070966, 9.741038699999999, 11.741160739999998, 36.893046
8.88974225, 9.044042000000001, 9.248101, 9.492561, 9.6931255, 13.727953, 19.373624
8.8939575, 9.0424365, 9.23864125, 9.5306713, 9.7703625, 14.198223499999996, 36.893046
8.88687425, 9.0214075, 9.214407000000001, 9.4843647, 9.7041536, 11.73956136, 36.893046
8.88833975, 9.0400755, 9.2290285, 9.542208, 9.799316549999999, 15.725606399999997, 19.071708
8.885662499999999, 9.0464275, 9.241987, 9.5169005, 9.8069094, 16.060656919999996, 36.893046
8.88677375, 9.0454545, 9.240978, 9.524595399999999, 9.8081968, 16.66017214, 52.853195
8.89750075, 9.046508, 9.242769, 9.510461000000001, 9.740303299999999, 14.741395359999991, 52.853195
8.87272875, 9.033723, 9.23086225, 9.4767544, 9.799278, 16.058708, 21.371576
8.87923, 9.0310785, 9.2333475, 9.491223, 9.7083474, 15.575011389999995, 52.853195
8.89128675, 9.038531500000001, 9.2510345, 9.530596000000001, 9.788723899999999, 17.231389429999997, 36.893046
8.8801805, 9.0378295, 9.238732749999999, 9.5267638, 9.81051555, 14.731487, 32.855096
8.87880525, 9.0395795, 9.221808750000001, 9.4775132, 9.6929221, 11.09759941, 24.370709
8.885439, 9.032894, 9.23244425, 9.494955, 9.7077037, 13.485379, 22.552578
8.88439725, 9.0468105, 9.257306, 9.5366414, 9.768990650000001, 16.052758269999998, 36.893046
8.885438, 9.034911000000001, 9.250644000000001, 9.5201557, 9.7161574, 14.444064699999988, 19.213916
8.88859, 9.052519499999999, 9.267564250000001, 9.5235226, 9.7415208, 16.060277709999998, 32.855096
8.90195825, 9.062144499999999, 9.267872, 9.5506885, 9.810516049999999, 16.36254276, 22.552578
8.878068, 9.029929, 9.221086, 9.4627326, 9.6867618, 13.728709089999999, 24.370709
8.88982025, 9.0455455, 9.259290250000001, 9.5241, 9.813741, 16.37851031, 24.370709
8.89138275, 9.039843000000001, 9.23802825, 9.5298573, 9.72243395, 14.1948271, 19.502914
8.8877945, 9.050740999999999, 9.240451, 9.5341552, 9.7717752, 16.44976985, 32.855096
8.878468999999999, 9.0378545, 9.22619325, 9.505567, 9.7347705, 13.165980879999996, 22.552578
8.88860775, 9.031595, 9.2312635, 9.472647600000002, 9.73061035, 16.36254276, 32.855096
8.892584249999999, 9.0460025, 9.242768, 9.5013019, 9.76599785, 11.68165, 23.303856
8.892636, 9.04307, 9.2318965, 9.4901826, 9.7706036, 16.18028951, 22.552578
8.883899750000001, 9.030535, 9.242042, 9.552897, 9.82576, 17.202648649999997, 52.853195
8.896591749999999, 9.042971999999999, 9.25430225, 9.5466332, 9.828979200000001, 16.059206239999998, 52.853195
8.890760499999999, 9.0397935, 9.246914, 9.5369207, 9.8092914, 14.704200419999989, 23.303856
8.889677, 9.045835, 9.243901, 9.510836300000001, 9.8071542, 16.181786419999998, 52.853195
8.884923, 9.033669, 9.235552, 9.5269176, 9.73989055, 14.195220159999998, 19.656824
8.883558, 9.042449999999999, 9.23563225, 9.513514100000002, 9.7950131, 16.109242169999998, 20.217992
8.888767, 9.038009500000001, 9.2359785, 9.5006819, 9.771953700000001, 16.10123487, 52.853195
8.88829675, 9.043781, 9.24227375, 9.5126569, 9.806857, 16.45109899, 32.855096
8.8926195, 9.0376365, 9.2540885, 9.5355383, 9.76723305, 11.75946840999998, 52.853195
8.885725, 9.046773, 9.2356235, 9.4983283, 9.756738, 16.10014703, 36.893046
8.882976000000001, 9.036366999999998, 9.23724325, 9.4844393, 9.6808529, 11.996985519999978, 22.552578
8.886230000000001, 9.0524415, 9.241131, 9.488779, 9.713050899999999, 16.09869635, 32.855096
8.88173775, 9.035456, 9.240236249999999, 9.526094200000001, 9.75784395, 15.573435339999996, 52.853195
8.88283725, 9.042444, 9.23958725, 9.5006764, 9.8026006, 16.03043855, 52.853195
8.8968655, 9.0483055, 9.24247, 9.526014, 9.79201135, 15.97762476, 52.853195
8.8907375, 9.0521115, 9.26170725, 9.5494201, 9.78827185, 14.1948271, 19.071708
8.90216275, 9.052997999999999, 9.24294375, 9.528586500000001, 9.76881215, 11.934401519999982, 21.371576
8.887286750000001, 9.04768, 9.250625, 9.520396300000002, 9.821471, 14.416709269999998, 32.855096
8.883292749999999, 9.033881000000001, 9.22410975, 9.4832924, 9.70084155, 11.91519639, 52.853195
8.871629250000002, 9.02366, 9.229032499999999, 9.5209476, 9.808309549999999, 14.001069, 24.370709
8.869467499999999, 9.0158115, 9.228259750000001, 9.493565799999999, 9.70070845, 14.606785109999999, 32.855096
8.886623, 9.048044, 9.25758675, 9.529218, 9.778360999999999, 14.419988939999996, 32.855096
8.8963815, 9.0520435, 9.242162, 9.4741045, 9.694085049999998, 14.432891989999998, 36.893046
8.89543125, 9.045713500000002, 9.23992975, 9.5161175, 9.73011735, 14.108003109999997, 19.587514
8.877136, 9.033756499999999, 9.2311065, 9.500286, 9.693192999999999, 13.555984059999998, 36.893046
8.90027275, 9.049011499999999, 9.24200675, 9.4843295, 9.73552765, 16.05195186, 52.853195
8.88456825, 9.039427, 9.237197250000001, 9.516893, 9.725943099999999, 15.725606399999997, 52.853195
8.878532, 9.0391025, 9.23786875, 9.4775887, 9.7134745, 11.814675749999997, 19.892145
8.88173825, 9.0289845, 9.226283500000001, 9.509230800000001, 9.72250425, 14.43134543, 22.552578
8.88706025, 9.033175, 9.2281795, 9.4949842, 9.75770215, 11.751590159999987, 19.892145
8.9005825, 9.055132, 9.257298500000001, 9.5306713, 9.80188175, 16.406390009999996, 21.371576
8.87734725, 9.028064, 9.22667025, 9.482764300000001, 9.73072195, 16.37826, 36.893046
8.88907725, 9.035205000000001, 9.238609, 9.4841522, 9.73018715, 14.192837, 21.371576
8.88863625, 9.041944, 9.24294175, 9.5466108, 9.79899005, 14.69174642, 23.303856
8.879330249999999, 9.04294, 9.2229225, 9.4667297, 9.6327342, 11.01225253, 24.370709
8.890802749999999, 9.05608, 9.2527835, 9.5019064, 9.73011735, 13.743481179999993, 23.303856
8.884928500000001, 9.044645, 9.24301525, 9.5265256, 9.72000705, 14.195220159999998, 52.853195
8.88165, 9.040232, 9.231546, 9.4980471, 9.6980541, 10.881194970000001, 22.552578
8.881456250000001, 9.044704, 9.2500775, 9.5077885, 9.81625735, 16.37826, 52.853195
8.8853545, 9.0486585, 9.240451, 9.485494599999999, 9.693913599999998, 14.700135689999993, 19.892145
8.88993425, 9.0448685, 9.235009, 9.495343499999999, 9.793025, 16.40373467, 19.645042
8.8937385, 9.046088000000001, 9.238971, 9.4845848, 9.7160942, 13.623610759999995, 36.893046
8.88386725, 9.0329495, 9.234866, 9.525053999999999, 9.7103584, 16.099406520000002, 23.303856
8.899115, 9.0454015, 9.24634, 9.4971529, 9.7672009, 14.41651684, 36.893046
8.883292749999999, 9.0477815, 9.2313795, 9.510876, 9.7348409, 14.433754919999998, 24.370709
8.88777425, 9.035674, 9.22083775, 9.503831600000002, 9.779717, 16.90117569, 36.893046
8.883178, 9.052026000000001, 9.238664499999999, 9.499227, 9.7576612, 16.03043855, 52.853195
8.88750775, 9.0429245, 9.24966275, 9.5338466, 9.787867299999998, 12.010327149999986, 32.855096
8.894555, 9.054693, 9.249953000000001, 9.512666, 9.816357850000001, 16.385229039999995, 36.893046
8.873572, 9.040913, 9.240257, 9.5172554, 9.728642200000001, 16.215679, 36.893046
8.88914025, 9.042670999999999, 9.22696825, 9.4716361, 9.704554, 13.174602099999987, 32.855096
8.88833975, 9.0374175, 9.242611, 9.5539299, 9.799549350000001, 11.812857, 24.370709
8.881074, 9.0404305, 9.23312025, 9.518147899999999, 9.7953201, 16.45024849, 24.370709
8.890903250000001, 9.0434115, 9.246914, 9.526503, 9.767620849999998, 11.455930439999996, 19.645042
8.90005825, 9.05064, 9.237008, 9.510084800000001, 9.7672009, 15.726185089999996, 20.217992
8.87912275, 9.03493, 9.22204175, 9.492376499999999, 9.700678, 13.61904774, 20.217992
8.8859975, 9.0477945, 9.252086, 9.548158, 9.8026006, 14.002109669999998, 32.855096
8.8874315, 9.0396655, 9.239911750000001, 9.5610933, 9.8130499, 16.70684715, 24.370709
8.88608675, 9.0416425, 9.237871499999999, 9.5035328, 9.73827175, 14.418908019999996, 22.552578
8.8963815, 9.04836, 9.25184725, 9.478370300000002, 9.773925, 15.725686849999997, 23.303856
0, 0, 0, 0, 0, 0, 0
0, 0, 0, 0, 0, 0, 0
0, 0, 0, 0, 0, 0, 0
0, 0, 0, 0, 0, 0, 0
0, 0, 0, 0, 0, 0, 0
0, 0, 0, 0, 0, 0, 0
0, 0, 0, 0, 0, 0, 0
0, 0, 0, 0, 0, 0, 0
0, 0, 0, 0, 0, 0, 0
0, 0, 0, 0, 0, 0, 0
0, 0, 0, 0, 0, 0, 0
0, 0, 0, 0, 0, 0, 0
0, 0, 0, 0, 0, 0, 0
0, 0, 0, 0, 0, 0, 0
0, 0, 0, 0, 0, 0, 0
0, 0, 0, 0, 0, 0, 0
0, 0, 0, 0, 0, 0, 0
0, 0, 0, 0, 0, 0, 0
0, 0, 0, 0, 0, 0, 0
0, 0, 0, 0, 0, 0, 0
0, 0, 0, 0, 0, 0, 0
0, 0, 0, 0, 0, 0, 0
0, 0, 0, 0, 0, 0, 0
0, 0, 0, 0, 0, 0, 0
0, 0, 0, 0, 0, 0, 0
0, 0, 0, 0, 0, 0, 0
0, 0, 0, 0, 0, 0, 0
0, 0, 0, 0, 0, 0, 0
0, 0, 0, 0, 0, 0, 0
0, 0, 0, 0, 0, 0, 0
0, 0, 0, 0, 0, 0, 0
0, 0, 0, 0, 0, 0, 0
0, 0, 0, 0, 0, 0, 0
0, 0, 0, 0, 0, 0, 0
0, 0, 0, 0, 0, 0, 0
0, 0, 0, 0, 0, 0, 0
0, 0, 0, 0, 0, 0, 0
0, 0, 0, 0, 0, 0, 0
0, 0, 0, 0, 0, 0, 0
0, 0, 0, 0, 0, 0, 0
0, 0, 0, 0, 0, 0, 0
0, 0, 0, 0, 0, 0, 0
0, 0, 0, 0, 0, 0, 0
0, 0, 0, 0, 0, 0, 0
0, 0, 0, 0, 0, 0, 0
0, 0, 0, 0, 0, 0, 0
0, 0, 0, 0, 0, 0, 0
0, 0, 0, 0, 0, 0, 0
0, 0, 0, 0, 0, 0, 0
0, 0, 0, 0, 0, 0, 0
0, 0, 0, 0, 0, 0, 0
0, 0, 0, 0, 0, 0, 0
0, 0, 0, 0, 0, 0, 0
0, 0, 0, 0, 0, 0, 0
0, 0, 0, 0, 0, 0, 0
0, 0, 0, 0, 0, 0, 0
0, 0, 0, 0, 0, 0, 0
0, 0, 0, 0, 0, 0, 0
0, 0, 0, 0, 0, 0, 0
0, 0, 0, 0, 0, 0, 0
0, 0, 0, 0, 0, 0, 0
0, 0, 0, 0, 0, 0, 0
0, 0, 0, 0, 0, 0, 0
0, 0, 0, 0, 0, 0, 0
0, 0, 0, 0, 0, 0, 0
0, 0, 0, 0, 0, 0, 0
0, 0, 0, 0, 0, 0, 0
0, 0, 0, 0, 0, 0, 0
0, 0, 0, 0, 0, 0, 0
0, 0, 0, 0, 0, 0, 0
0, 0, 0, 0, 0, 0, 0
0, 0, 0, 0, 0, 0, 0
0, 0, 0, 0, 0, 0, 0
0, 0, 0, 0, 0, 0, 0
0, 0, 0, 0, 0, 0, 0
0, 0, 0, 0, 0, 0, 0
0, 0, 0, 0, 0, 0, 0
0, 0, 0, 0, 0, 0, 0
0, 0, 0, 0, 0, 0, 0
0, 0, 0, 0, 0, 0, 0
0, 0, 0, 0, 0, 0, 0
0, 0, 0, 0, 0, 0, 0
0, 0, 0, 0, 0, 0, 0
0, 0, 0, 0, 0, 0, 0
0, 0, 0, 0, 0, 0, 0
0, 0, 0, 0, 0, 0, 0
0, 0, 0, 0, 0, 0, 0
0, 0, 0, 0, 0, 0, 0
0, 0, 0, 0, 0, 0, 0
0, 0, 0, 0, 0, 0, 0
0, 0, 0, 0, 0, 0, 0
0, 0, 0, 0, 0, 0, 0
0, 0, 0, 0, 0, 0, 0
0, 0, 0, 0, 0, 0, 0
0, 0, 0, 0, 0, 0, 0
0, 0, 0, 0, 0, 0, 0
0, 0, 0, 0, 0, 0, 0
0, 0, 0, 0, 0, 0, 0
0, 0, 0, 0, 0, 0, 0
0, 0, 0, 0, 0, 0, 0
0, 0, 0, 0, 0, 0, 0
0, 0, 0, 0, 0, 0, 0
0, 0, 0, 0, 0, 0, 0
0, 0, 0, 0, 0, 0, 0
0, 0, 0, 0, 0, 0, 0
0, 0, 0, 0, 0, 0, 0
0, 0, 0, 0, 0, 0, 0
0, 0, 0, 0, 0, 0, 0
0, 0, 0, 0, 0, 0, 0
0, 0, 0, 0, 0, 0, 0
0, 0, 0, 0, 0, 0, 0
0, 0, 0, 0, 0, 0, 0
0, 0, 0, 0, 0, 0, 0
0, 0, 0, 0, 0, 0, 0
0, 0, 0, 0, 0, 0, 0
0, 0, 0, 0, 0, 0, 0
0, 0, 0, 0, 0, 0, 0
0, 0, 0, 0, 0, 0, 0
0, 0, 0, 0, 0, 0, 0
0, 0, 0, 0, 0, 0, 0
0, 0, 0, 0, 0, 0, 0
0, 0, 0, 0, 0, 0, 0
0, 0, 0, 0, 0, 0, 0
0, 0, 0, 0, 0, 0, 0
0, 0, 0, 0, 0, 0, 0
0, 0, 0, 0, 0, 0, 0
0, 0, 0, 0, 0, 0, 0
0, 0, 0, 0, 0, 0, 0
0, 0, 0, 0, 0, 0, 0
0, 0, 0, 0, 0, 0, 0
0, 0, 0, 0, 0, 0, 0
0, 0, 0, 0, 0, 0, 0
0, 0, 0, 0, 0, 0, 0
0, 0, 0, 0, 0, 0, 0
0, 0, 0, 0, 0, 0, 0
0, 0, 0, 0, 0, 0, 0
0, 0, 0, 0, 0, 0, 0
0, 0, 0, 0, 0, 0, 0
0, 0, 0, 0, 0, 0, 0
0, 0, 0, 0, 0, 0, 0
0, 0, 0, 0, 0, 0, 0
0, 0, 0, 0, 0, 0, 0
0, 0, 0, 0, 0, 0, 0
0, 0, 0, 0, 0, 0, 0
0, 0, 0, 0, 0, 0, 0
0, 0, 0, 0, 0, 0, 0
0, 0, 0, 0, 0, 0, 0
0, 0, 0, 0, 0, 0, 0
0, 0, 0, 0, 0, 0, 0
0, 0, 0, 0, 0, 0, 0
0, 0, 0, 0, 0, 0, 0
0, 0, 0, 0, 0, 0, 0
0, 0, 0, 0, 0, 0, 0
0, 0, 0, 0, 0, 0, 0
0, 0, 0, 0, 0, 0, 0
0, 0, 0, 0, 0, 0, 0
0, 0, 0, 0, 0, 0, 0
0, 0, 0, 0, 0, 0, 0
0, 0, 0, 0, 0, 0, 0
0, 0, 0, 0, 0, 0, 0
0, 0, 0, 0, 0, 0, 0
0, 0, 0, 0, 0, 0, 0
0, 0, 0, 0, 0, 0, 0
0, 0, 0, 0, 0, 0, 0
0, 0, 0, 0, 0, 0, 0
0, 0, 0, 0, 0, 0, 0
0, 0, 0, 0, 0, 0, 0
0, 0, 0, 0, 0, 0, 0
0, 0, 0, 0, 0, 0, 0
0, 0, 0, 0, 0, 0, 0
0, 0, 0, 0, 0, 0, 0
0, 0, 0, 0, 0, 0, 0
0, 0, 0, 0, 0, 0, 0
0, 0, 0, 0, 0, 0, 0
0, 0, 0, 0, 0, 0, 0
0, 0, 0, 0, 0, 0, 0
0, 0, 0, 0, 0, 0, 0
0, 0, 0, 0, 0, 0, 0
0, 0, 0, 0, 0, 0, 0
0, 0, 0, 0, 0, 0, 0
0, 0, 0, 0, 0, 0, 0
0, 0, 0, 0, 0, 0, 0
0, 0, 0, 0, 0, 0, 0
0, 0, 0, 0, 0, 0, 0
0, 0, 0, 0, 0, 0, 0
0, 0, 0, 0, 0, 0, 0
0, 0, 0, 0, 0, 0, 0
0, 0, 0, 0, 0, 0, 0
0, 0, 0, 0, 0, 0, 0
0, 0, 0, 0, 0, 0, 0
0, 0, 0, 0, 0, 0, 0
0, 0, 0, 0, 0, 0, 0
0, 0, 0, 0, 0, 0, 0
0, 0, 0, 0, 0, 0, 0
0, 0, 0, 0, 0, 0, 0
0, 0, 0, 0, 0, 0, 0
0, 0, 0, 0, 0, 0, 0
0, 0, 0, 0, 0, 0, 0
0, 0, 0, 0, 0, 0, 0
0, 0, 0, 0, 0, 0, 0
0, 0, 0, 0, 0, 0, 0
0, 0, 0, 0, 0, 0, 0
0, 0, 0, 0, 0, 0, 0
0, 0, 0, 0, 0, 0, 0
0, 0, 0, 0, 0, 0, 0
0, 0, 0, 0, 0, 0, 0
0, 0, 0, 0, 0, 0, 0
0, 0, 0, 0, 0, 0, 0
0, 0, 0, 0, 0, 0, 0
0, 0, 0, 0, 0, 0, 0
0, 0, 0, 0, 0, 0, 0
0, 0, 0, 0, 0, 0, 0
0, 0, 0, 0, 0, 0, 0
0, 0, 0, 0, 0, 0, 0
0, 0, 0, 0, 0, 0, 0
0, 0, 0, 0, 0, 0, 0
0, 0, 0, 0, 0, 0, 0
0, 0, 0, 0, 0, 0, 0
0, 0, 0, 0, 0, 0, 0
0, 0, 0, 0, 0, 0, 0
0, 0, 0, 0, 0, 0, 0
0, 0, 0, 0, 0, 0, 0
0, 0, 0, 0, 0, 0, 0
0, 0, 0, 0, 0, 0, 0
0, 0, 0, 0, 0, 0, 0
0, 0, 0, 0, 0, 0, 0
0, 0, 0, 0, 0, 0, 0
0, 0, 0, 0, 0, 0, 0
0, 0, 0, 0, 0, 0, 0
0, 0, 0, 0, 0, 0, 0
0, 0, 0, 0, 0, 0, 0
0, 0, 0, 0, 0, 0, 0
0, 0, 0, 0, 0, 0, 0
0, 0, 0, 0, 0, 0, 0
0, 0, 0, 0, 0, 0, 0
0, 0, 0, 0, 0, 0, 0
0, 0, 0, 0, 0, 0, 0
0, 0, 0, 0, 0, 0, 0
0, 0, 0, 0, 0, 0, 0
0, 0, 0, 0, 0, 0, 0
0, 0, 0, 0, 0, 0, 0
0, 0, 0, 0, 0, 0, 0
0, 0, 0, 0, 0, 0, 0
0, 0, 0, 0, 0, 0, 0
0, 0, 0, 0, 0, 0, 0
0, 0, 0, 0, 0, 0, 0
0, 0, 0, 0, 0, 0, 0
0, 0, 0, 0, 0, 0, 0
0, 0, 0, 0, 0, 0, 0
0, 0, 0, 0, 0, 0, 0
0, 0, 0, 0, 0, 0, 0
0, 0, 0, 0, 0, 0, 0
0, 0, 0, 0, 0, 0, 0
0, 0, 0, 0, 0, 0, 0
0, 0, 0, 0, 0, 0, 0
0, 0, 0, 0, 0, 0, 0
0, 0, 0, 0, 0, 0, 0
0, 0, 0, 0, 0, 0, 0
0, 0, 0, 0, 0, 0, 0
0, 0, 0, 0, 0, 0, 0
0, 0, 0, 0, 0, 0, 0
0, 0, 0, 0, 0, 0, 0
0, 0, 0, 0, 0, 0, 0
0, 0, 0, 0, 0, 0, 0
0, 0, 0, 0, 0, 0, 0
0, 0, 0, 0, 0, 0, 0
0, 0, 0, 0, 0, 0, 0
0, 0, 0, 0, 0, 0, 0
0, 0, 0, 0, 0, 0, 0
0, 0, 0, 0, 0, 0, 0
0, 0, 0, 0, 0, 0, 0
0, 0, 0, 0, 0, 0, 0
0, 0, 0, 0, 0, 0, 0
0, 0, 0, 0, 0, 0, 0
0, 0, 0, 0, 0, 0, 0
0, 0, 0, 0, 0, 0, 0
0, 0, 0, 0, 0, 0, 0
0, 0, 0, 0, 0, 0, 0
0, 0, 0, 0, 0, 0, 0
0, 0, 0, 0, 0, 0, 0
0, 0, 0, 0, 0, 0, 0
0, 0, 0, 0, 0, 0, 0
0, 0, 0, 0, 0, 0, 0
0, 0, 0, 0, 0, 0, 0
0, 0, 0, 0, 0, 0, 0
0, 0, 0, 0, 0, 0, 0
0, 0, 0, 0, 0, 0, 0
0, 0, 0, 0, 0, 0, 0
0, 0, 0, 0, 0, 0, 0
0, 0, 0, 0, 0, 0, 0
0, 0, 0, 0, 0, 0, 0
0, 0, 0, 0, 0, 0, 0
0, 0, 0, 0, 0, 0, 0
0, 0, 0, 0, 0, 0, 0
0, 0, 0, 0, 0, 0, 0
0, 0, 0, 0, 0, 0, 0
0, 0, 0, 0, 0, 0, 0
0, 0, 0, 0, 0, 0, 0
0, 0, 0, 0, 0, 0, 0
0, 0, 0, 0, 0, 0, 0
0, 0, 0, 0, 0, 0, 0
0, 0, 0, 0, 0, 0, 0
0, 0, 0, 0, 0, 0, 0
0, 0, 0, 0, 0, 0, 0
0, 0, 0, 0, 0, 0, 0
0, 0, 0, 0, 0, 0, 0
0, 0, 0, 0, 0, 0, 0
0, 0, 0, 0, 0, 0, 0
0, 0, 0, 0, 0, 0, 0
0, 0, 0, 0, 0, 0, 0
0, 0, 0, 0, 0, 0, 0
0, 0, 0, 0, 0, 0, 0
0, 0, 0, 0, 0, 0, 0
0, 0, 0, 0, 0, 0, 0
0, 0, 0, 0, 0, 0, 0
0, 0, 0, 0, 0, 0, 0
0, 0, 0, 0, 0, 0, 0
0, 0, 0, 0, 0, 0, 0
0, 0, 0, 0, 0, 0, 0
0, 0, 0, 0, 0, 0, 0
0, 0, 0, 0, 0, 0, 0
0, 0, 0, 0, 0, 0, 0
0, 0, 0, 0, 0, 0, 0
0, 0, 0, 0, 0, 0, 0
0, 0, 0, 0, 0, 0, 0
0, 0, 0, 0, 0, 0, 0
0, 0, 0, 0, 0, 0, 0
0, 0, 0, 0, 0, 0, 0
0, 0, 0, 0, 0, 0, 0
0, 0, 0, 0, 0, 0, 0
0, 0, 0, 0, 0, 0, 0
0, 0, 0, 0, 0, 0, 0
0, 0, 0, 0, 0, 0, 0
0, 0, 0, 0, 0, 0, 0
0, 0, 0, 0, 0, 0, 0
0, 0, 0, 0, 0, 0, 0
0, 0, 0, 0, 0, 0, 0
0, 0, 0, 0, 0, 0, 0
0, 0, 0, 0, 0, 0, 0
0, 0, 0, 0, 0, 0, 0
0, 0, 0, 0, 0, 0, 0
0, 0, 0, 0, 0, 0, 0
0, 0, 0, 0, 0, 0, 0
0, 0, 0, 0, 0, 0, 0
0, 0, 0, 0, 0, 0, 0
0, 0, 0, 0, 0, 0, 0
0, 0, 0, 0, 0, 0, 0
0, 0, 0, 0, 0, 0, 0
0, 0, 0, 0, 0, 0, 0
0, 0, 0, 0, 0, 0, 0
0, 0, 0, 0, 0, 0, 0
0, 0, 0, 0, 0, 0, 0
0, 0, 0, 0, 0, 0, 0
0, 0, 0, 0, 0, 0, 0
0, 0, 0, 0, 0, 0, 0
0, 0, 0, 0, 0, 0, 0
0, 0, 0, 0, 0, 0, 0
0, 0, 0, 0, 0, 0, 0
0, 0, 0, 0, 0, 0, 0
0, 0, 0, 0, 0, 0, 0
0, 0, 0, 0, 0, 0, 0
0, 0, 0, 0, 0, 0, 0
0, 0, 0, 0, 0, 0, 0
0, 0, 0, 0, 0, 0, 0
0, 0, 0, 0, 0, 0, 0
0, 0, 0, 0, 0, 0, 0
0, 0, 0, 0, 0, 0, 0
0, 0, 0, 0, 0, 0, 0
0, 0, 0, 0, 0, 0, 0
0, 0, 0, 0, 0, 0, 0
0, 0, 0, 0, 0, 0, 0
0, 0, 0, 0, 0, 0, 0
0, 0, 0, 0, 0, 0, 0
0, 0, 0, 0, 0, 0, 0
0, 0, 0, 0, 0, 0, 0
0, 0, 0, 0, 0, 0, 0
0, 0, 0, 0, 0, 0, 0
0, 0, 0, 0, 0, 0, 0
0, 0, 0, 0, 0, 0, 0
0, 0, 0, 0, 0, 0, 0
0, 0, 0, 0, 0, 0, 0
0, 0, 0, 0, 0, 0, 0
0, 0, 0, 0, 0, 0, 0
0, 0, 0, 0, 0, 0, 0
0, 0, 0, 0, 0, 0, 0
0, 0, 0, 0, 0, 0, 0
0, 0, 0, 0, 0, 0, 0
0, 0, 0, 0, 0, 0, 0
0, 0, 0, 0, 0, 0, 0
0, 0, 0, 0, 0, 0, 0
0, 0, 0, 0, 0, 0, 0
0, 0, 0, 0, 0, 0, 0
0, 0, 0, 0, 0, 0, 0
0, 0, 0, 0, 0, 0, 0
0, 0, 0, 0, 0, 0, 0
0, 0, 0, 0, 0, 0, 0
0, 0, 0, 0, 0, 0, 0
0, 0, 0, 0, 0, 0, 0
0, 0, 0, 0, 0, 0, 0
0, 0, 0, 0, 0, 0, 0
0, 0, 0, 0, 0, 0, 0
0, 0, 0, 0, 0, 0, 0
0, 0, 0, 0, 0, 0, 0
0, 0, 0, 0, 0, 0, 0
0, 0, 0, 0, 0, 0, 0
0, 0, 0, 0, 0, 0, 0
0, 0, 0, 0, 0, 0, 0
0, 0, 0, 0, 0, 0, 0
0, 0, 0, 0, 0, 0, 0
0, 0, 0, 0, 0, 0, 0
0, 0, 0, 0, 0, 0, 0
0, 0, 0, 0, 0, 0, 0
0, 0, 0, 0, 0, 0, 0
0, 0, 0, 0, 0, 0, 0
0, 0, 0, 0, 0, 0, 0
0, 0, 0, 0, 0, 0, 0
0, 0, 0, 0, 0, 0, 0
0, 0, 0, 0, 0, 0, 0
0, 0, 0, 0, 0, 0, 0
0, 0, 0, 0, 0, 0, 0
0, 0, 0, 0, 0, 0, 0
0, 0, 0, 0, 0, 0, 0
0, 0, 0, 0, 0, 0, 0
0, 0, 0, 0, 0, 0, 0
0, 0, 0, 0, 0, 0, 0
0, 0, 0, 0, 0, 0, 0
0, 0, 0, 0, 0, 0, 0
0, 0, 0, 0, 0, 0, 0
0, 0, 0, 0, 0, 0, 0
0, 0, 0, 0, 0, 0, 0
0, 0, 0, 0, 0, 0, 0
0, 0, 0, 0, 0, 0, 0
0, 0, 0, 0, 0, 0, 0
0, 0, 0, 0, 0, 0, 0
0, 0, 0, 0, 0, 0, 0
0, 0, 0, 0, 0, 0, 0
0, 0, 0, 0, 0, 0, 0
0, 0, 0, 0, 0, 0, 0
0, 0, 0, 0, 0, 0, 0
0, 0, 0, 0, 0, 0, 0
0, 0, 0, 0, 0, 0, 0
0, 0, 0, 0, 0, 0, 0
0, 0, 0, 0, 0, 0, 0
0, 0, 0, 0, 0, 0, 0
0, 0, 0, 0, 0, 0, 0
0, 0, 0, 0, 0, 0, 0
0, 0, 0, 0, 0, 0, 0
0, 0, 0, 0, 0, 0, 0
0, 0, 0, 0, 0, 0, 0
0, 0, 0, 0, 0, 0, 0
0, 0, 0, 0, 0, 0, 0
0, 0, 0, 0, 0, 0, 0
0, 0, 0, 0, 0, 0, 0
0, 0, 0, 0, 0, 0, 0
0, 0, 0, 0, 0, 0, 0
0, 0, 0, 0, 0, 0, 0
0, 0, 0, 0, 0, 0, 0
0, 0, 0, 0, 0, 0, 0
0, 0, 0, 0, 0, 0, 0
0, 0, 0, 0, 0, 0, 0
0, 0, 0, 0, 0, 0, 0
0, 0, 0, 0, 0, 0, 0
0, 0, 0, 0, 0, 0, 0
0, 0, 0, 0, 0, 0, 0
0, 0, 0, 0, 0, 0, 0
0, 0, 0, 0, 0, 0, 0
0, 0, 0, 0, 0, 0, 0
0, 0, 0, 0, 0, 0, 0
0, 0, 0, 0, 0, 0, 0
0, 0, 0, 0, 0, 0, 0
0, 0, 0, 0, 0, 0, 0
0, 0, 0, 0, 0, 0, 0
0, 0, 0, 0, 0, 0, 0
0, 0, 0, 0, 0, 0, 0
0, 0, 0, 0, 0, 0, 0
0, 0, 0, 0, 0, 0, 0
0, 0, 0, 0, 0, 0, 0
0, 0, 0, 0, 0, 0, 0
0, 0, 0, 0, 0, 0, 0
0, 0, 0, 0, 0, 0, 0
0, 0, 0, 0, 0, 0, 0
0, 0, 0, 0, 0, 0, 0
0, 0, 0, 0, 0, 0, 0
0, 0, 0, 0, 0, 0, 0
0, 0, 0, 0, 0, 0, 0
0, 0, 0, 0, 0, 0, 0
0, 0, 0, 0, 0, 0, 0
0, 0, 0, 0, 0, 0, 0
0, 0, 0, 0, 0, 0, 0
0, 0, 0, 0, 0, 0, 0
0, 0, 0, 0, 0, 0, 0
0, 0, 0, 0, 0, 0, 0
0, 0, 0, 0, 0, 0, 0
0, 0, 0, 0, 0, 0, 0
0, 0, 0, 0, 0, 0, 0
0, 0, 0, 0, 0, 0, 0
0, 0, 0, 0, 0, 0, 0
0, 0, 0, 0, 0, 0, 0
0, 0, 0, 0, 0, 0, 0
0, 0, 0, 0, 0, 0, 0
0, 0, 0, 0, 0, 0, 0
0, 0, 0, 0, 0, 0, 0
0, 0, 0, 0, 0, 0, 0
0, 0, 0, 0, 0, 0, 0
0, 0, 0, 0, 0, 0, 0
0, 0, 0, 0, 0, 0, 0
0, 0, 0, 0, 0, 0, 0
0, 0, 0, 0, 0, 0, 0
0, 0, 0, 0, 0, 0, 0
0, 0, 0, 0, 0, 0, 0
0, 0, 0, 0, 0, 0, 0
0, 0, 0, 0, 0, 0, 0
0, 0, 0, 0, 0, 0, 0
0, 0, 0, 0, 0, 0, 0
0, 0, 0, 0, 0, 0, 0
0, 0, 0, 0, 0, 0, 0
0, 0, 0, 0, 0, 0, 0
0, 0, 0, 0, 0, 0, 0
0, 0, 0, 0, 0, 0, 0
0, 0, 0, 0, 0, 0, 0
0, 0, 0, 0, 0, 0, 0
0, 0, 0, 0, 0, 0, 0
0, 0, 0, 0, 0, 0, 0
0, 0, 0, 0, 0, 0, 0
0, 0, 0, 0, 0, 0, 0
0, 0, 0, 0, 0, 0, 0
0, 0, 0, 0, 0, 0, 0
0, 0, 0, 0, 0, 0, 0
0, 0, 0, 0, 0, 0, 0
0, 0, 0, 0, 0, 0, 0
0, 0, 0, 0, 0, 0, 0
0, 0, 0, 0, 0, 0, 0
0, 0, 0, 0, 0, 0, 0
0, 0, 0, 0, 0, 0, 0
0, 0, 0, 0, 0, 0, 0
0, 0, 0, 0, 0, 0, 0
0, 0, 0, 0, 0, 0, 0
0, 0, 0, 0, 0, 0, 0
0, 0, 0, 0, 0, 0, 0
0, 0, 0, 0, 0, 0, 0
0, 0, 0, 0, 0, 0, 0
0, 0, 0, 0, 0, 0, 0
0, 0, 0, 0, 0, 0, 0
0, 0, 0, 0, 0, 0, 0
0, 0, 0, 0, 0, 0, 0
0, 0, 0, 0, 0, 0, 0
0, 0, 0, 0, 0, 0, 0
0, 0, 0, 0, 0, 0, 0
0, 0, 0, 0, 0, 0, 0
0, 0, 0, 0, 0, 0, 0
0, 0, 0, 0, 0, 0, 0
0, 0, 0, 0, 0, 0, 0
0, 0, 0, 0, 0, 0, 0
0, 0, 0, 0, 0, 0, 0
0, 0, 0, 0, 0, 0, 0
0, 0, 0, 0, 0, 0, 0
0, 0, 0, 0, 0, 0, 0
0, 0, 0, 0, 0, 0, 0
0, 0, 0, 0, 0, 0, 0
0, 0, 0, 0, 0, 0, 0
0, 0, 0, 0, 0, 0, 0
0, 0, 0, 0, 0, 0, 0
0, 0, 0, 0, 0, 0, 0
0, 0, 0, 0, 0, 0, 0
0, 0, 0, 0, 0, 0, 0
0, 0, 0, 0, 0, 0, 0
0, 0, 0, 0, 0, 0, 0
0, 0, 0, 0, 0, 0, 0
0, 0, 0, 0, 0, 0, 0
0, 0, 0, 0, 0, 0, 0
0, 0, 0, 0, 0, 0, 0
0, 0, 0, 0, 0, 0, 0
0, 0, 0, 0, 0, 0, 0
0, 0, 0, 0, 0, 0, 0
0, 0, 0, 0, 0, 0, 0
0, 0, 0, 0, 0, 0, 0
0, 0, 0, 0, 0, 0, 0
0, 0, 0, 0, 0, 0, 0
0, 0, 0, 0, 0, 0, 0
0, 0, 0, 0, 0, 0, 0
0, 0, 0, 0, 0, 0, 0
0, 0, 0, 0, 0, 0, 0
0, 0, 0, 0, 0, 0, 0
0, 0, 0, 0, 0, 0, 0
0, 0, 0, 0, 0, 0, 0
0, 0, 0, 0, 0, 0, 0
0, 0, 0, 0, 0, 0, 0
0, 0, 0, 0, 0, 0, 0
0, 0, 0, 0, 0, 0, 0
0, 0, 0, 0, 0, 0, 0
0, 0, 0, 0, 0, 0, 0
0, 0, 0, 0, 0, 0, 0
0, 0, 0, 0, 0, 0, 0
0, 0, 0, 0, 0, 0, 0
0, 0, 0, 0, 0, 0, 0
0, 0, 0, 0, 0, 0, 0
0, 0, 0, 0, 0, 0, 0
0, 0, 0, 0, 0, 0, 0
0, 0, 0, 0, 0, 0, 0
0, 0, 0, 0, 0, 0, 0
0, 0, 0, 0, 0, 0, 0
0, 0, 0, 0, 0, 0, 0
0, 0, 0, 0, 0, 0, 0
0, 0, 0, 0, 0, 0, 0
0, 0, 0, 0, 0, 0, 0
0, 0, 0, 0, 0, 0, 0
0, 0, 0, 0, 0, 0, 0
0, 0, 0, 0, 0, 0, 0
0, 0, 0, 0, 0, 0, 0
0, 0, 0, 0, 0, 0, 0
0, 0, 0, 0, 0, 0, 0
0, 0, 0, 0, 0, 0, 0
0, 0, 0, 0, 0, 0, 0
0, 0, 0, 0, 0, 0, 0
0, 0, 0, 0, 0, 0, 0
0, 0, 0, 0, 0, 0, 0
0, 0, 0, 0, 0, 0, 0
0, 0, 0, 0, 0, 0, 0
0, 0, 0, 0, 0, 0, 0
0, 0, 0, 0, 0, 0, 0
0, 0, 0, 0, 0, 0, 0
0, 0, 0, 0, 0, 0, 0
0, 0, 0, 0, 0, 0, 0
0, 0, 0, 0, 0, 0, 0
0, 0, 0, 0, 0, 0, 0
0, 0, 0, 0, 0, 0, 0
0, 0, 0, 0, 0, 0, 0
0, 0, 0, 0, 0, 0, 0
0, 0, 0, 0, 0, 0, 0
0, 0, 0, 0, 0, 0, 0
0, 0, 0, 0, 0, 0, 0
0, 0, 0, 0, 0, 0, 0
0, 0, 0, 0, 0, 0, 0
0, 0, 0, 0, 0, 0, 0
0, 0, 0, 0, 0, 0, 0
0, 0, 0, 0, 0, 0, 0
0, 0, 0, 0, 0, 0, 0
0, 0, 0, 0, 0, 0, 0
0, 0, 0, 0, 0, 0, 0
0, 0, 0, 0, 0, 0, 0
0, 0, 0, 0, 0, 0, 0
0, 0, 0, 0, 0, 0, 0
0, 0, 0, 0, 0, 0, 0
0, 0, 0, 0, 0, 0, 0
0, 0, 0, 0, 0, 0, 0
0, 0, 0, 0, 0, 0, 0
0, 0, 0, 0, 0, 0, 0
0, 0, 0, 0, 0, 0, 0
0, 0, 0, 0, 0, 0, 0
0, 0, 0, 0, 0, 0, 0
0, 0, 0, 0, 0, 0, 0
0, 0, 0, 0, 0, 0, 0
0, 0, 0, 0, 0, 0, 0
0, 0, 0, 0, 0, 0, 0
0, 0, 0, 0, 0, 0, 0
0, 0, 0, 0, 0, 0, 0
0, 0, 0, 0, 0, 0, 0
0, 0, 0, 0, 0, 0, 0
0, 0, 0, 0, 0, 0, 0
0, 0, 0, 0, 0, 0, 0
0, 0, 0, 0, 0, 0, 0
0, 0, 0, 0, 0, 0, 0
0, 0, 0, 0, 0, 0, 0
0, 0, 0, 0, 0, 0, 0
0, 0, 0, 0, 0, 0, 0
0, 0, 0, 0, 0, 0, 0
0, 0, 0, 0, 0, 0, 0
0, 0, 0, 0, 0, 0, 0
0, 0, 0, 0, 0, 0, 0
0, 0, 0, 0, 0, 0, 0
0, 0, 0, 0, 0, 0, 0
0, 0, 0, 0, 0, 0, 0
0, 0, 0, 0, 0, 0, 0
0, 0, 0, 0, 0, 0, 0
0, 0, 0, 0, 0, 0, 0
0, 0, 0, 0, 0, 0, 0
0, 0, 0, 0, 0, 0, 0
0, 0, 0, 0, 0, 0, 0
0, 0, 0, 0, 0, 0, 0
0, 0, 0, 0, 0, 0, 0
0, 0, 0, 0, 0, 0, 0
0, 0, 0, 0, 0, 0, 0
0, 0, 0, 0, 0, 0, 0
0, 0, 0, 0, 0, 0, 0
0, 0, 0, 0, 0, 0, 0
0, 0, 0, 0, 0, 0, 0
0, 0, 0, 0, 0, 0, 0
0, 0, 0, 0, 0, 0, 0
0, 0, 0, 0, 0, 0, 0
0, 0, 0, 0, 0, 0, 0
0, 0, 0, 0, 0, 0, 0
0, 0, 0, 0, 0, 0, 0
0, 0, 0, 0, 0, 0, 0
0, 0, 0, 0, 0, 0, 0
0, 0, 0, 0, 0, 0, 0
0, 0, 0, 0, 0, 0, 0
0, 0, 0, 0, 0, 0, 0
0, 0, 0, 0, 0, 0, 0
0, 0, 0, 0, 0, 0, 0
0, 0, 0, 0, 0, 0, 0
0, 0, 0, 0, 0, 0, 0
0, 0, 0, 0, 0, 0, 0
0, 0, 0, 0, 0, 0, 0
0, 0, 0, 0, 0, 0, 0
0, 0, 0, 0, 0, 0, 0
0, 0, 0, 0, 0, 0, 0
0, 0, 0, 0, 0, 0, 0
0, 0, 0, 0, 0, 0, 0
0, 0, 0, 0, 0, 0, 0
0, 0, 0, 0, 0, 0, 0
0, 0, 0, 0, 0, 0, 0
0, 0, 0, 0, 0, 0, 0
0, 0, 0, 0, 0, 0, 0
0, 0, 0, 0, 0, 0, 0
0, 0, 0, 0, 0, 0, 0
0, 0, 0, 0, 0, 0, 0
0, 0, 0, 0, 0, 0, 0
0, 0, 0, 0, 0, 0, 0
0, 0, 0, 0, 0, 0, 0
0, 0, 0, 0, 0, 0, 0
8.88411675, 9.039099499999999, 9.22952475, 9.4951444, 9.73559805, 13.23262547, 24.370709
8.886944750000001, 9.0377845, 9.23628475, 9.5208795, 9.778475349999999, 11.814456379999998, 22.552578
8.872730749999999, 9.0379895, 9.2395855, 9.4853665, 9.757905749999999, 14.452594749999998, 21.371576
8.88673525, 9.047307, 9.2527835, 9.516140400000001, 9.81293445, 14.418908019999996, 24.370709
8.88323575, 9.040264, 9.24050575, 9.509230800000001, 9.73039765, 16.109982679999998, 52.853195
8.8885155, 9.0452565, 9.238732749999999, 9.517206, 9.79370385, 16.03083744, 19.892145
8.888826, 9.038235, 9.23706925, 9.526625300000001, 9.772188400000001, 10.862104, 22.552578
8.86979225, 9.0393375, 9.2171935, 9.460463, 9.7177382, 13.618961919999998, 32.855096
8.8837065, 9.0412405, 9.23727, 9.499914200000001, 9.7104298, 13.739180339999997, 19.502914
8.89074375, 9.048294, 9.23784025, 9.5193985, 9.79625, 14.691345, 19.892145
8.8733305, 9.027692, 9.239452499999999, 9.491990000000001, 9.7223697, 13.163023519999998, 19.502914
8.883331, 9.052667, 9.25127225, 9.532028799999999, 9.8188359, 11.447429719999995, 32.855096
8.86716675, 9.025485499999998, 9.20245175, 9.4621855, 9.6528924, 14.69221518, 19.502914
8.900169, 9.052539, 9.2608435, 9.5272059, 9.818597, 14.418255829999998, 21.371576
8.896591749999999, 9.051902, 9.26137675, 9.561703, 9.80764325, 14.910448319999988, 19.645042
8.877423749999998, 9.0290075, 9.2429355, 9.5011498, 9.723655, 14.416369, 19.071708
8.8900345, 9.0453665, 9.24210275, 9.508067, 9.74057785, 14.002109669999998, 36.893046
8.889219, 9.0389465, 9.241962, 9.5058021, 9.74440445, 13.72803882, 19.587514
8.88445625, 9.042258, 9.246039999999999, 9.5121627, 9.7702711, 11.697418609999986, 19.645042
8.89231225, 9.047911, 9.24518175, 9.531088, 9.742672299999999, 10.605479, 17.734753
8.870882, 9.0331055, 9.23729175, 9.50728, 9.6944878, 16.10014703, 21.371576
8.89574775, 9.047111, 9.2510115, 9.527077, 9.7486439, 14.611633759999995, 23.303856
8.900114, 9.054097500000001, 9.24759375, 9.472297, 9.80764275, 16.061744759999996, 19.502914
8.8844725, 9.0328285, 9.231159250000001, 9.4693711, 9.6917519, 16.26121194, 32.855096
8.904026, 9.0445155, 9.24734975, 9.522814, 9.8733931, 16.404375529999992, 36.893046
8.876935249999999, 9.028469, 9.22289275, 9.503872500000002, 9.730455150000001, 14.676200569999994, 32.855096
8.8712635, 9.0091035, 9.192287, 9.478586, 9.97230775, 11.894581, 35.487972
8.865643500000001, 9.000105000000001, 9.17908425, 9.455824, 10.020130399999994, 11.9993765, 33.51644
8.78765875, 9.0499085, 10.22130275, 11.607393, 12.319059150000001, 14.815277050000002, 19.563106
8.77802275, 9.04763, 10.249244000000001, 11.643570000000002, 12.412934, 14.8228456, 26.889073
8.773117000000001, 9.039541, 10.19702925, 11.651476, 12.477362200000004, 14.874276410000013, 26.889073
8.784649, 9.065479499999999, 10.20749, 11.608917500000002, 12.3836549, 14.736624, 26.889073
8.7889365, 9.0528645, 10.23065225, 11.651476, 12.436106, 14.94417, 26.889073
8.783518, 9.050398, 10.258237, 11.693292, 12.559097250000002, 14.95430301000001, 26.889073
8.786566749999999, 9.0584835, 10.151455, 11.6536346, 12.4572683, 14.783205930000003, 26.889073
8.785622250000001, 9.048317, 10.215979, 11.649247100000002, 12.451803650000002, 15.511388, 19.563106
8.78362975, 9.0507895, 10.16645325, 11.568730600000002, 12.3781671, 14.902097390000007, 19.563106
8.78503225, 9.0453925, 10.2056615, 11.617249500000002, 12.55191, 15.054648080000009, 26.889073
8.789133249999999, 9.0530395, 10.217937, 11.6158753, 12.450106350000002, 14.953992380000003, 26.889073
8.7832695, 9.047945, 10.147446500000001, 11.582272, 12.42324385, 14.815179, 26.889073
8.782561750000001, 9.0499085, 10.199632, 11.6536346, 12.476371, 15.239759, 26.889073
8.78462075, 9.046474, 10.225465, 11.671818, 12.573197200000001, 14.965230630000006, 26.889073
8.784391750000001, 9.0613715, 10.2881525, 11.660993, 12.413306600000002, 15.05610806000004, 19.393533
8.79171875, 9.052158, 10.240568, 11.6599818, 12.405334200000002, 14.721664, 18.865024
8.793008, 9.045002499999999, 10.16326175, 11.629453, 12.385906950000003, 14.74159666, 26.889073
8.784673, 9.056102, 10.25996675, 11.6015957, 12.343527650000002, 15.240136710000007, 19.393533
8.779684249999999, 9.040042, 10.2459785, 11.6720565, 12.4604952, 14.938511, 26.889073
8.793232249999999, 9.048971, 10.240888, 11.734442, 12.63732115, 15.027922910000004, 19.563106
8.786741, 9.0504625, 10.184938500000001, 11.586118, 12.3226364, 14.932743420000001, 18.865024
8.78189475, 9.050433, 10.138109, 11.579707, 12.34164115, 14.804185270000005, 26.889073
8.78431625, 9.0432585, 10.17773275, 11.6053038, 12.397371, 15.049793, 19.563106
8.78435525, 9.0627345, 10.21878325, 11.6429662, 12.4629839, 15.027922910000004, 19.563106
8.77787175, 9.0391215, 10.117099, 11.5635874, 12.335358800000002, 14.932628, 18.865024
8.784552, 9.058169, 10.25537425, 11.662098, 12.436106, 15.027967510000005, 18.677002
8.794793250000001, 9.0560315, 10.283149250000001, 11.7351895, 12.47143845, 14.741543, 26.889073
8.64423425, 9.129338, 10.765191, 12.3490297, 13.99554189999999, 17.786971, 38.404747
8.77327925, 9.031913, 10.179688, 11.5346972, 12.36583435, 14.938567590000002, 19.563106
8.786566749999999, 9.066797000000001, 10.227304749999998, 11.681426100000001, 12.558402, 15.511388, 26.889073
8.792152250000001, 9.069617, 10.21078275, 11.5964196, 12.274751, 14.49091, 19.393533
8.782399999999999, 9.049117500000001, 10.15443625, 11.6489844, 12.439804650000001, 14.996234440000006, 26.889073
8.776122, 9.0470295, 10.227304749999998, 11.6704058, 12.513302550000002, 14.746909, 19.563106
8.6502375, 9.127162, 10.842357, 12.447581, 14.035527799999983, 17.844941360000007, 38.404747
8.645996, 9.104269500000001, 10.719742, 12.394759, 14.034355, 17.663793, 38.813544
8.649216000000001, 9.119585, 10.80133275, 12.386850800000001, 14.039873, 17.872018, 38.404747
8.651935, 9.1478535, 10.7726765, 12.403241400000002, 13.963302399999996, 17.786071, 38.813544
8.65251125, 9.1418715, 10.773672, 12.408638200000004, 13.983646, 17.70915502000002, 38.813544
8.6473015, 9.124901, 10.801736, 12.525240100000001, 14.106434499999994, 17.644935220000015, 38.404747
8.641427, 9.106176999999999, 10.787559, 12.3465676, 13.952062749999996, 17.699605, 38.404747
9.11223975, 11.182390999999999, 14.066715, 17.2649514, 19.626790049999986, 26.226208, 44.22794
10.161399, 12.7863455, 16.63715925, 20.977012, 23.648787, 30.425338, 43.791491
10.147776, 12.741277, 16.537546, 21.072807, 24.015998, 29.90537788000002, 43.791491
10.19152, 12.841951, 16.654913, 21.21195, 23.974966, 29.999569110000007, 43.791491
8.787855, 9.050637, 10.210322, 11.641754199999998, 12.465433, 15.054253, 113.99799615902809
8.78856, 9.0542415, 10.238835, 11.622074, 12.380666999999999, 14.822824, 26.889073
8.78455625, 9.0480465, 10.22039275, 11.671043, 12.5304223, 14.932628, 26.889073
10.113516, 12.838684, 16.648261, 21.066989800000012, 23.648089, 29.498599119999962, 120.06374717520274
10.122281999999998, 12.8160195, 16.64853625, 21.180772400000006, 23.927562, 30.024700120000002, 43.791491
10.0639835, 12.7691625, 16.550734, 21.060766800000007, 23.7278778, 30.299877, 43.791491
10.200657999999999, 12.8160195, 16.57553325, 21.073148000000003, 23.975898899999986, 30.67246, 38.887788
8.784127999999999, 9.050419, 10.238835, 11.6609726, 12.465433, 14.831535, 95.62958041194602
8.86392425, 9.005255, 9.185154, 9.453075, 9.985579, 11.993545, 100.96060607930691
8.84419775, 9.0095405, 9.27025875, 10.387978, 11.46582454999999, 13.314072, 37.448702
8.73083125, 9.087213, 10.529427, 12.021712500000001, 13.234385499999995, 16.974057, 113.13678172482464
11.01567225, 14.208014, 18.52781, 23.295666, 26.584253949999987, 32.747853, 107.17739968527079
11.021293, 14.298172, 18.693143, 23.6366872, 26.83251, 33.649515, 56.221419
11.022958, 14.1171235, 18.3654835, 23.225506, 26.650927949999986, 33.60463, 56.221419
11.145257, 14.268051, 18.559928, 23.457003, 26.682458499999992, 33.498867, 56.221419
8.724405, 9.072535, 10.5212005, 11.996334500000003, 13.104457, 16.620502, 109.67963977830829
8.843651, 9.012518, 9.26863825, 10.365985, 11.489231949999995, 13.42727065999997, 95.54253877005227
8.844948, 9.0143295, 9.276341, 10.436713, 11.53271, 13.334368, 37.448702
8.845184, 9.013282, 9.276564, 10.420041499999998, 11.544400049999997, 13.31459714000001, 37.448702
8.730208, 9.082381, 10.5258505, 11.99153230000001, 13.120155, 16.393789, 106.38561565478216
11.093626500000001, 14.191592, 18.641444, 23.388599, 26.681947, 33.498867, 108.16930012619352
10.974758, 14.233785, 18.756257, 23.6384626, 26.8368, 33.543702, 56.221419
12.850558, 17.310745, 22.94797425, 28.838866400000004, 33.003718, 40.810356, 64.049625
8.645996, 9.126939, 10.796022, 12.442805, 13.98979914999999, 17.699605, 97.15502654184336
8.81994, 9.027931, 9.564458, 11.189609, 12.041098900000001, 14.408756, 114.00802238924402
8.865437499999999, 9.002763, 9.179753, 9.460509, 9.985349399999986, 12.003089, 107.03208182765577
8.864503, 9.002518, 9.176026, 9.440294, 9.951734, 11.999339, 37.448702
8.816998, 9.020726, 9.557088, 11.188802, 12.023483, 14.430179, 123.91567804654085
8.643807, 9.110756, 10.795076, 12.467011, 14.062294, 17.699605, 100.72281934925866
12.780678, 17.264966, 22.799501, 28.726494, 32.97287659999998, 40.568418, 119.86734654105919
12.844372, 17.314377999999998, 23.002603, 28.899014000000015, 32.915375, 41.107663, 64.049625
8.64738, 9.11539, 10.783066, 12.406081800000003, 13.93484, 17.644383, 119.79219046132818
8.820617, 9.025777, 9.560030000000001, 11.188802, 12.048261, 14.430179, 122.09330338612781
8.8657285, 9.002301, 9.178993, 9.458109, 9.985579, 11.970292, 96.72797037560638
8.876959, 9.025311, 9.214472, 9.490293, 9.804758, 12.407196, 88.31959409251613
8.869755, 9.012689, 9.19333, 9.465014, 9.861804, 11.938615, 102.9970615006864
8.847515, 9.013644, 9.275813, 10.407016300000004, 11.487119799999986, 13.334357579999997, 103.30000714544697
8.726957500000001, 9.070316, 10.492019, 12.018309, 13.189383, 16.348453059999972, 104.04765475381843
11.003471, 14.169751, 18.506238, 23.308926600000007, 26.616767, 33.498867, 109.23066047724494
12.867518, 17.281871, 22.858539, 29.078146, 33.414591, 41.038859, 64.049625
12.703869999999998, 17.224756, 23.045505, 29.282476800000005, 33.809594149999974, 41.158449730000015, 61.050041
8.646682, 9.135627, 10.803248, 12.394576, 14.012589549999994, 17.92049084000006, 104.70533143847045
8.817173, 9.02259, 9.557088, 11.184061, 12.014736, 14.073548, 124.58388810301457
8.866938, 9.002202, 9.17384, 9.4378382, 9.92986, 11.961075, 106.02372876448831
8.87236675, 9.017451, 9.205052, 9.482715, 9.847379, 12.047984, 119.67775475739087
8.867063, 9.003639, 9.178158, 9.4459105, 9.951734, 11.932675, 100.0108959764087
8.821216249999999, 9.023463, 9.553803, 11.176044300000001, 11.986512, 14.400141229999939, 100.37410220655282
8.647080500000001, 9.113959, 10.787559, 12.434019, 14.013154, 17.793896, 101.09253133315774
12.864047, 17.381372, 23.108800249999998, 29.077884, 33.234541, 41.29312, 110.82391953900162
12.84148, 17.332946, 23.268526, 29.485298, 33.44236284999997, 41.887235, 64.049625
8.65292725, 9.147789, 10.811768, 12.417775200000005, 13.96309, 17.92199, 109.16410316567328
8.816998, 9.024055, 9.56978, 11.205834, 12.070902, 14.403852, 108.74304059013274
8.86514275, 9.004266, 9.180702, 9.459141, 9.992345, 12.007767, 114.42380324063036
8.87252775, 9.017045, 9.20425, 9.478324, 9.842753, 12.223238, 97.29413765062745
8.867364, 9.003025, 9.17655425, 9.4457612, 9.949789, 11.932545, 111.85516764071393
8.814459, 9.024828, 9.560892, 11.207529, 12.065449, 14.49091, 89.2701145110039
8.643716000000001, 9.114951, 10.799044, 12.456485, 14.062613, 17.960504, 112.71039612795381
12.90779875, 17.427322, 23.268526, 29.332417, 33.49365, 41.22504780999995, 109.66885623292488
12.9280045, 17.2802825, 22.947151, 29.0145892, 33.31009884999998, 41.29312, 64.049625
8.773666, 9.948001000000001, 12.299575, 15.479158700000003, 17.886505399999987, 23.684487, 98.86173111189794
8.786504, 9.05001, 10.226674, 11.66043, 12.492041000000002, 14.995983, 122.35534341841313
8.852653, 9.011258, 9.241402, 10.091828, 11.190488, 13.01445285999998, 101.99101507133416
8.870076, 9.0122695, 9.19333, 9.468322, 9.913345, 11.999281060000031, 103.48630475750609
8.84832, 9.0083815, 9.24002375, 10.069073, 11.1742747, 12.830318, 100.86698093522568
8.788431, 9.05576, 10.243421, 11.654542, 12.44361129999999, 14.822824, 105.92598163166113
8.769416, 9.913311, 12.268538, 15.465475399999999, 17.742865299999988, 23.543795919999983, 107.59471210526337
14.363911, 18.89096, 24.632758, 31.684997, 36.304481, 47.196963, 95.29576471147325
14.356537, 19.044761, 24.871382, 32.204276, 36.734836, 47.544557, 73.564487
8.775905, 9.967405, 12.3318155, 15.546526200000002, 17.820659, 23.684487, 99.14649393677497
8.784411, 9.05576, 10.220908, 11.654542, 12.456850200000003, 14.873687, 118.95805867468985
8.852172, 9.009142, 9.2456165, 10.111077400000001, 11.184057, 13.104457, 100.29467774555843
8.870532, 9.011099, 9.19304525, 9.462921, 9.879181, 11.999339, 109.31315388261733
8.848564, 9.008032, 9.239885, 10.086408, 11.20177495, 13.112988, 112.34572441211999
8.786584, 9.060868, 10.242432, 11.660891, 12.478725099999993, 14.938511, 117.83597187421347
8.778625, 9.94165, 12.2724285, 15.441981799999997, 17.849312199999996, 23.757344, 102.81369808552012
14.233873, 18.961867, 24.701183, 31.682714, 36.527997, 46.976932, 99.45768539236269
14.467403, 19.138209500000002, 24.889039750000002, 32.055579, 36.756719, 47.46067684000001, 73.564487
8.776845, 9.926458, 12.316056, 15.484206, 17.763728, 23.287969, 103.52529310031026
8.786741, 9.051623, 10.227706, 11.650524, 12.444344, 14.953882, 108.47554917389719
8.849623, 9.007284, 9.238569, 10.089624, 11.173794, 12.87981994999996, 97.60075001301546
8.869705499999998, 9.010444, 9.19333, 9.470626, 9.916925849999997, 12.223238, 104.27278648506481
8.85045, 9.009534, 9.248572, 10.0966671, 11.177737, 13.068479159999983, 120.16369856306977
8.78454275, 9.053535, 10.223743, 11.650524, 12.492187, 14.901789, 101.43788133185367
8.780251, 9.952278, 12.324961, 15.479876, 17.786071, 23.684568340000002, 101.38108809053605
14.404447, 19.048577, 24.938813, 32.01555, 36.79245699999998, 47.720143, 116.07933935537037
14.331402, 19.053378, 24.731821, 31.688012, 36.77775299999999, 47.196963, 73.564487
8.7754285, 9.944341, 12.283928, 15.461903400000004, 17.797553, 23.337256, 108.26749607876941
8.78904, 9.057887, 10.254443, 11.64915, 12.457105, 14.932628, 118.70535175925986
8.850902, 9.010311, 9.242187000000001, 10.073403, 11.166571, 13.004638, 99.96564956759775
8.870526, 9.010867, 9.191361, 9.460722, 9.889192, 12.007720220000024, 100.77347856379598
8.865974, 9.002392, 9.179315, 9.44659, 9.972295, 12.007767, 96.21681350105426
8.8186025, 9.0220105, 9.56481425, 11.178971, 12.032652, 14.400444, 110.03767643404869
8.643998, 9.119646, 10.801736, 12.434019, 14.021462, 17.786971, 97.221526056588
12.858206000000001, 17.28352, 22.978118, 29.038629, 33.092937, 40.844005, 115.40676931151269
12.93129425, 17.21025, 22.90204025, 28.947992, 33.35322254999998, 40.56850842, 64.049625
8.651264, 9.129338, 10.861218, 12.456485, 13.990885, 17.802213, 114.93110809026481
8.817448, 9.026111, 9.577278, 11.207388, 12.069922000000007, 14.514821, 101.81719183836258
8.865466, 9.001638, 9.179315, 9.455484, 9.972295, 12.047984, 103.0697943132623
8.87278, 9.016438, 9.204238, 9.480556, 9.850837, 12.223238, 107.48695040624183
8.86479, 9.002467, 9.179753, 9.455484, 9.992015, 12.007767, 92.71268412472529
8.816191, 9.019313499999999, 9.5604655, 11.197547, 12.047787099999988, 14.400444, 107.92181030203477
8.649560999999999, 9.140528, 10.82114, 12.45322, 14.079776999999996, 17.888042, 116.68833118381758
12.9062935, 17.381372, 23.15905175, 29.213217600000007, 33.640434, 41.658372, 106.30870675259686
12.8883035, 17.346791000000003, 22.897614, 29.014118, 33.1069, 40.84404283000001, 64.049625
8.649299749999999, 9.141108, 10.802748, 12.419637, 13.994813, 17.8129, 104.97026649029593
8.821531, 9.025347, 9.57099, 11.238661, 12.121063, 14.49091, 96.89937006884519
8.86658, 9.003628, 9.178997, 9.455484, 9.97255, 11.993545, 117.88339095788906
8.872884, 9.017133, 9.204917, 9.477622, 9.850837, 12.222361, 112.88543410944312
8.866639, 9.003852, 9.18139, 9.457346, 10.004416, 11.999339, 92.02715949342567
8.817393, 9.025881, 9.57650525, 11.207529, 12.073549, 14.42337136999997, 103.6448339653413
8.64424, 9.118227, 10.794076, 12.426231600000001, 13.967016899999992, 17.699605, 109.81230404537453
12.795362749999999, 17.215852, 22.94797425, 29.0155444, 33.199187, 40.84299552999998, 119.44784062611095
12.907256, 17.356814, 23.11892, 28.989018, 33.079487, 40.650151, 61.050041
8.64735, 9.124901, 10.807164, 12.448787, 14.020505599999991, 17.708369, 102.93170811147493
8.818074, 9.023514, 9.55809, 11.18201280000001, 12.018309, 14.351801, 114.57955519104598
8.866547, 9.002561, 9.17874475, 9.452954800000002, 9.970956, 11.970292, 111.8452347586908
8.875399, 9.01932, 9.206274, 9.480089, 9.847379, 12.223238, 104.19672787403887
8.864491, 9.002202, 9.175935, 9.445925, 9.95983, 11.970292, 110.32776412241152
8.819209, 9.0288395, 9.563781, 11.201885, 12.040927, 14.49091, 115.11228280818067
8.725247, 9.0722735, 10.512111, 12.015373, 13.199865, 16.570951, 99.93859867540625
10.1764795, 12.816439, 16.563674, 21.1436494, 23.914384, 30.041395759999993, 96.71985427215078
10.09472925, 12.7479265, 16.653013, 20.989339, 23.996224, 29.612438, 43.791491
10.18424075, 12.8497245, 16.71000775, 21.199863800000003, 24.030621, 30.883530750000002, 43.791491
11.081449, 14.2528, 18.6112255, 23.4916823, 26.66801639999999, 33.39079148, 56.221419
8.728171, 9.080936, 10.50157775, 12.007434, 13.219867, 16.605728, 110.17377905080417
8.842325, 9.011011, 9.274639, 10.411167, 11.480448, 13.455628, 119.2463696269329
8.842488, 9.00998, 9.27269, 10.384804, 11.504584899999994, 13.341682090000022, 37.448702
8.7294385, 9.082381, 10.537502, 11.983727200000002, 13.204473449999986, 16.87911976999993, 101.60590763881493
11.061926, 14.13755, 18.507693, 23.597502, 26.86414444999998, 33.690468, 111.58357628692411
11.008541, 14.1395355, 18.529867, 23.52077, 26.66801639999999, 34.266336, 56.221419
10.990412, 14.126425, 18.4335855, 23.228074200000005, 26.34907464999999, 33.07152, 43.372429
11.094269, 14.245103, 18.744929, 23.514146900000004, 26.544751, 33.498867, 47.131774
8.64686075, 9.112278, 10.784076, 12.444252, 14.06189, 17.843557820000036, 104.76456954598135
8.817388, 9.023869, 9.564933, 11.207077200000004, 12.101113, 14.45421, 100.89892499082613
8.82085325, 9.029975499999999, 9.592567, 11.2562785, 12.097979899999986, 14.449329, 35.734803
8.844963, 9.010558, 9.26934775, 10.369158, 11.419372299999983, 13.276689620000058, 37.448702
8.726471, 9.073067, 10.495099, 11.938471300000002, 13.021382449999981, 16.711789, 108.14984523106861
11.014746, 14.279634000000001, 18.62597, 23.50627580000001, 26.814405599999958, 33.555206, 96.58047086878656
11.12668, 14.187349000000001, 18.673776750000002, 23.7541422, 26.965295, 34.715532, 56.221419
10.984792, 14.195745, 18.62597, 23.373548, 26.680089, 34.28192869000002, 56.221419
8.72371, 9.0665055, 10.50356825, 11.9708517, 13.122905, 16.64400510000003, 107.40722266918397
8.843967, 9.007661, 9.268441, 10.4175562, 11.508999, 13.496917, 101.83205880793975
8.872131, 9.015073, 9.195816, 9.468322, 9.902504, 12.169767, 111.997628389014
8.871132, 9.012261, 9.195643, 9.471606, 9.907871, 12.169767, 52.853195
8.84612225, 9.013191, 9.27354, 10.3981197, 11.436465799999997, 13.320000859999988, 104.61697042053525
8.730293, 9.092565, 10.52234, 12.018876, 13.163769, 16.711708779999984, 108.24303650225609
11.003471, 14.234108, 18.450745, 23.356297, 26.484018349999953, 33.60463, 103.1669313971381
10.974817999999999, 14.187349000000001, 18.516479, 23.411015, 26.441565749999988, 33.649515, 56.221419
11.145257, 14.280359, 18.699382, 23.663358600000002, 26.75207884999997, 33.47407047000001, 56.221419
8.727136, 9.073138, 10.514871, 12.015915, 13.112949899999998, 16.711789, 122.44954833713821
8.844865, 9.011575, 9.277141, 10.429058900000001, 11.546408, 13.400096, 104.4619742467739
8.870982, 9.01017, 9.194922, 9.473723, 9.888207, 12.007767, 105.13553096846248
8.871204, 9.012504, 9.1958265, 9.46945, 9.8844676, 12.070419, 52.853195
8.842098, 9.008119, 9.270244, 10.387752300000004, 11.476940449999992, 13.31397697999998, 125.44878132206308
8.726865, 9.0678835, 10.483906, 11.957103, 13.112988, 16.605728, 98.20187665446932
11.007906, 14.157357, 18.65651, 23.549836300000006, 26.56696659999996, 33.498867, 118.16170442232178
11.032517, 14.284692, 18.7041985, 23.874095800000006, 27.099288, 33.498867, 56.221419
10.93627325, 14.111793, 18.629932, 23.669296500000005, 26.922353349999998, 33.92024883000008, 56.221419
8.730008, 9.082836, 10.535604500000002, 11.97164, 13.203988349999992, 16.46780242000003, 98.1292641393023
8.8182615, 9.024022, 9.564519, 11.207532, 12.050788, 14.370167, 116.3829423859682
8.820489, 9.026169, 9.584916, 11.207532, 12.095169, 14.543281, 37.448702
8.8192845, 9.025347, 9.567577499999999, 11.220594, 12.027341499999997, 14.423519, 37.448702
8.647541499999999, 9.13779, 10.812951, 12.459643, 14.06189, 17.70827358, 106.76623356287107
14.446508, 19.034861, 24.597311, 32.030197, 36.719385, 47.034426, 99.52265442454808
14.369267, 19.078281, 24.883311, 31.903433, 36.57863794999996, 47.544557, 73.564487
8.775454, 9.934001, 12.321901, 15.593699300000003, 17.836158, 23.174614, 108.22114292991152
8.784399, 9.048185, 10.214815, 11.643211, 12.469801, 14.953687760000031, 108.21080001967724
8.85053925, 9.00788, 9.245468, 10.097082, 11.20177495, 13.09557925999997, 108.14203134532828
8.868851, 9.010558, 9.192544, 9.467045, 9.915846349999992, 12.047984, 109.99794828656594
8.850924, 9.007478, 9.23882275, 10.086143, 11.182928, 13.052854, 112.19685577663189
8.8193015, 9.021408, 9.563781, 11.197439, 12.019524, 14.423519, 94.73277024800618
8.6495335, 9.148613, 10.834998, 12.448545799999998, 14.034355, 17.888042, 95.00054310654347
12.728181, 17.258798499999997, 22.858539, 29.007419300000016, 33.414993, 41.29312, 108.16096648865056
12.775476, 17.258028, 22.984271, 28.861482, 33.126921, 41.157756, 61.050041
12.80121875, 17.279727, 22.737857, 28.797719, 32.96166379999999, 40.39043464000001, 64.049625
8.647031, 9.142960500000001, 10.836591, 12.480543, 14.026512699999993, 17.78373994000009, 111.2061074431299
8.816727, 9.020653, 9.576425, 11.233378, 12.089546, 14.408756, 100.15620893122603
8.8672, 9.003607, 9.178931, 9.451816, 9.973715, 12.047984, 101.10622894842328
8.872517, 9.016395, 9.205223, 9.482493, 9.840336499999998, 12.223238, 105.35014964463939
8.866547, 9.002709, 9.1781505, 9.4499033, 9.951734, 11.938615, 102.19961635943734
8.819209, 9.028058, 9.56978, 11.19383, 12.022596, 14.331561269999955, 104.67079205151293
8.648023, 9.118408, 10.816327, 12.45322, 14.062389, 17.844506, 98.85775102074723
13.006073, 17.349813, 22.992872, 28.956245200000005, 33.414993, 40.844005, 110.56026573370755
12.684327, 17.109375, 22.897614, 29.0141492, 33.43083624999999, 41.038859, 64.049625
8.64621125, 9.1197145, 10.772138, 12.402768, 13.942359999999995, 17.663793, 112.5118252572575
8.81994, 9.026608, 9.562462, 11.190357200000001, 12.0482333, 14.454112380000016, 119.68696651954701
8.865497999999999, 9.00341, 9.17915, 9.454415, 9.97255, 11.938615, 108.7075390025395
8.87246275, 9.017907, 9.204703, 9.480218, 9.859398, 12.277897, 108.8628528288293
8.863937, 9.001022, 9.175935, 9.4393272, 9.897192, 11.897877, 108.43719272750131
8.819315, 9.020869, 9.54715, 11.201885, 12.048465, 14.400444, 101.71810385244729
8.646227, 9.132194, 10.816158, 12.423639, 13.94272, 17.844506, 109.08465417761298
12.879394999999999, 17.19824, 22.976522, 29.156197900000002, 33.489803, 40.650151, 121.1927142002523
12.780678, 17.324109, 23.162783, 29.1920988, 33.523897, 40.847788, 61.050041
8.647105250000001, 9.133437, 10.802748, 12.420221, 13.960113, 17.793896, 112.27239976993268
8.819812, 9.027835, 9.5641435, 11.19383, 12.020525700000002, 14.163833520000003, 114.60902144034155
8.865295, 9.002033, 9.178678, 9.440225, 9.929833999999998, 11.999339, 101.91164755363107
8.874377, 9.018671, 9.208166, 9.483876, 9.850837, 12.277897, 99.45378490164101
8.867364, 9.004046500000001, 9.179315, 9.4457612, 9.96512814999999, 11.961075, 101.13012634094109
8.818959, 9.023869, 9.567918, 11.204004, 12.041118, 14.430179, 107.10998595714912
8.647156, 9.120355, 10.812846, 12.507880199999994, 14.152007, 17.812686259999996, 103.81497715598512
12.780678, 17.161669500000002, 22.8024705, 28.797719, 32.974979, 40.389799, 112.16248698722849
12.760591, 17.329776000000003, 23.18647375, 29.15515, 33.280184, 40.65175305000004, 64.049625
8.646602, 9.127385, 10.791028, 12.412813600000002, 14.013154, 17.8129, 112.63761863085155
8.818001, 9.022316, 9.579193499999999, 11.189789000000001, 12.027306, 14.403852, 101.36392583766724
8.865594, 9.001638, 9.179315, 9.445592, 9.930965, 11.932545, 98.61579779615546
8.869084, 9.010032, 9.192104, 9.465453, 9.88149975, 11.999339, 111.18543310575336
8.852619, 9.0083815, 9.24088, 10.1288028, 11.239264249999998, 13.060399779999983, 101.96365068653688
8.785933, 9.046309, 10.181255, 11.617066, 12.38156, 14.873687, 111.52389258340337
8.776836, 9.91966, 12.282786, 15.480995, 17.846905299999996, 23.68457, 132.4389601588747
14.38176, 19.049187000000003, 24.784555, 31.9033271, 36.680604, 46.976932, 108.82856222956588
14.389533499999999, 18.986651000000002, 24.836492, 32.149169, 36.72015754999999, 47.720143, 73.564487
8.77123175, 9.93722, 12.33347025, 15.582359, 17.88800375, 24.07394986000001, 117.21065755244882
8.785015, 9.057887, 10.233637, 11.649100200000001, 12.440311, 14.831403980000022, 118.37280609309379
8.850853, 9.008834499999999, 9.24322, 10.095906, 11.199298, 12.982661, 105.28421336216991
8.870532, 9.012511, 9.194372750000001, 9.468322, 9.881233, 11.972795, 97.30375073234796
8.849576, 9.008658, 9.243759, 10.099499400000003, 11.19383, 13.052850809999999, 101.84465922051598
8.78580225, 9.060942, 10.248715, 11.654684, 12.462855, 14.824984, 114.66441000214309
8.776018, 9.93438, 12.302508, 15.507892599999998, 17.80191629999999, 23.386707, 120.62123026859572
12.839613, 17.374499, 22.995490999999998, 28.861482, 32.946206699999976, 40.593484, 116.14892798328722
12.714462, 17.179281500000002, 22.995490999999998, 29.067330600000005, 32.948628, 41.157756, 64.049625
12.841149, 17.2914915, 22.778138, 28.989295100000003, 33.3816, 41.107663, 64.049625
8.648492, 9.14261, 10.8120375, 12.4304348, 13.994813, 17.8129, 110.77969217244761
8.8182615, 9.025366, 9.564933, 11.2287068, 12.089546, 14.444678, 110.02440222064637
8.865751, 9.00457, 9.180702, 9.445592, 9.9407, 11.999339, 92.51560782105167
8.874131, 9.018691, 9.207653, 9.483876, 9.8595747, 12.340295, 105.93139274008367
8.868428, 9.004266, 9.180891, 9.44578, 9.95983, 11.961049869999995, 95.55969825531476
8.818935, 9.025915000000001, 9.57675, 11.2143964, 12.030261, 14.331561269999955, 110.99204008137657
8.643284999999999, 9.110686, 10.788376, 12.4262648, 13.95715, 17.663793, 114.62455157550984
12.928304, 17.3416185, 22.857951, 28.60925, 32.857588, 40.648450989999965, 108.85237218803496
12.795371, 17.269972, 22.9934405, 28.740389, 33.092937, 40.593484, 64.049625
8.64702525, 9.146244, 10.812846, 12.419637, 13.96309, 17.629572, 119.3527451393961
8.81981, 9.026183, 9.5651035, 11.207388, 12.073549, 14.430179, 100.05361870468141
8.865122, 9.002202, 9.17701175, 9.455824, 10.003491, 12.047984, 119.43091525924395
8.87271825, 9.015245, 9.201248, 9.471973, 9.823103, 12.279158260000006, 87.56834611399682
8.865721, 9.0016415, 9.174523, 9.442472, 9.965311, 11.993545, 101.4613784388936
8.81973425, 9.026111, 9.56128, 11.199216600000002, 12.05102455, 14.449282489999991, 115.78816100791707
8.6434335, 9.107911, 10.779907, 12.386549, 14.034355, 17.786953, 119.87149503051873
12.869456, 17.314743, 22.995490999999998, 29.078067400000002, 32.917759, 40.57718874, 104.4638083687485
12.907411, 17.2813545, 22.9175, 28.808058100000007, 33.1069, 40.810356, 64.049625
8.647031, 9.12794, 10.816327, 12.447581, 14.026512699999993, 17.699605, 105.31325825681287
8.819315, 9.024004, 9.570441, 11.201885, 11.999243700000003, 14.351508620000047, 121.22241514723927
8.865205, 9.003299, 9.180355, 9.450355, 9.969382, 11.970292, 105.05240365031418
8.874167, 9.018385, 9.205136, 9.486738, 9.859069, 12.277897, 112.9345810621572
8.866547, 9.0045, 9.179358, 9.458363, 9.992015, 11.993545, 97.08450446193942
8.817372, 9.02448, 9.579856, 11.189609, 12.0484548, 14.337182, 124.5528807155798
8.648051, 9.130221, 10.797017, 12.430775, 13.964127, 17.802213, 119.23075292394445
14.4992905, 19.195832, 24.869248, 32.138056, 36.795214, 47.544557, 115.47469371064396
14.18268525, 18.9521255, 24.897398, 32.196291, 36.9392783, 47.544557, 73.564487
8.78165975, 9.9686175, 12.31705775, 15.480995, 17.824158349999998, 23.83622432000006, 112.13376604900344
8.78464, 9.054306, 10.230684, 11.6609726, 12.457105, 14.96492, 110.89918555010408
8.847668, 9.007514, 9.240263, 10.075595, 11.1866, 13.027361609999973, 119.51046008042653
8.869962, 9.009162, 9.192268, 9.4694441, 9.913345, 11.993545, 94.71767119676034
8.849046, 9.006504, 9.238287, 10.078387, 11.207521949999999, 13.077566, 114.7807653900667
8.786061, 9.053087, 10.223651, 11.652273400000002, 12.449738, 15.027702, 104.02463173272794
8.7743105, 9.928858, 12.2587705, 15.487115, 17.833334, 23.896362, 105.75713907621558
14.4041195, 19.132711, 24.883311, 32.223554, 36.942134, 48.070909, 104.71887816628465
14.336544, 19.022365, 24.848847, 32.0172425, 36.888011, 48.085438, 73.564487
8.779225, 9.92144, 12.259859, 15.516032, 17.812487499999996, 23.312256830000027, 101.42731254187879
8.785015, 9.050234, 10.218304, 11.640647, 12.440311, 14.964699240000035, 109.77387581394986
8.852172, 9.008588, 9.2421, 10.119172, 11.175755899999999, 13.027491, 114.97194601517018
8.870526, 9.0126885, 9.195282, 9.466566, 9.905073, 12.054451, 115.82547953043776
8.850853, 9.008089, 9.240896, 10.076944, 11.189834, 13.060399779999983, 110.84898297132204
8.788432, 9.054426, 10.226674, 11.6475, 12.444344, 14.932628, 113.21044434973464
8.770230999999999, 9.901736, 12.266244, 15.503052799999999, 17.843497, 23.474159, 108.60322463172554
14.342051, 19.103628, 24.896552, 32.19327030000001, 36.54954279999998, 46.976932, 102.3552083626596
14.34355625, 19.051368, 24.834372, 32.01555, 36.553819, 47.723650660000075, 73.564487
8.77202, 9.954058, 12.344272, 15.481307500000002, 17.729047, 23.223349, 113.2318725955246
8.784519, 9.055901, 10.223942, 11.649100200000001, 12.474489200000004, 14.953882, 121.49704160130236
8.852256, 9.011776, 9.245491, 10.132041400000002, 11.213009, 13.096815989999998, 121.4628000153898
8.870452, 9.010444, 9.192439, 9.463549, 9.879181, 12.070419, 95.93682907045856
8.848075, 9.008293, 9.238569, 10.127335700000001, 11.22387825, 13.095726, 108.24994058257865
8.78691, 9.053049, 10.21853, 11.6496765, 12.462855, 15.021127, 96.50633726994535
8.786117, 9.969377, 12.331992, 15.516032, 17.797374199999997, 23.474159, 110.72395488845336
14.331402, 19.095072, 25.007382749999998, 32.278039, 36.795214, 48.085438, 106.03896847243249
14.363911, 19.16275, 24.950902, 32.2722617, 36.776834, 46.625347500000075, 73.564487
8.776945, 9.939544, 12.25857, 15.487034000000001, 17.795765, 23.896362, 110.71441744725341
8.749401, 9.066558, 10.423593, 11.864015800000002, 12.850771, 16.108824459999983, 102.82963000408941
8.831698, 9.016218, 9.372488, 10.875123, 11.80116, 13.920245, 120.23316840072015
8.868323, 9.010629, 9.191461, 9.4658359, 9.891536, 12.00305150000002, 98.92788833537941
8.851896, 9.01017, 9.24054, 10.089624, 11.222626799999999, 13.027491, 93.9935062742227
8.784438, 9.058798, 10.213862, 11.632551300000001, 12.426091, 14.94417, 105.47271717329448
8.7767285, 9.95261, 12.334539, 15.574584, 17.8880165, 23.895188679999976, 105.86518337036526
14.553207, 19.2273315, 25.006926, 32.076092, 36.66905579999994, 47.196963, 118.65570772710166
14.389533499999999, 19.11437, 24.889153, 31.966386, 36.674856, 46.976932, 73.564487
8.77936775, 9.949683, 12.24462575, 15.417885100000001, 17.731592749999997, 23.223349, 115.0725639429092
8.784188, 9.050433, 10.225062, 11.649735, 12.454557, 14.94417, 96.99252705073994
8.851521, 9.008518, 9.240896, 10.089624, 11.201885, 13.112988, 105.42611143102361
8.870076, 9.009577, 9.189754, 9.462205, 9.910716, 12.003089, 107.04677583519813
8.852093, 9.008834499999999, 9.24322, 10.109730200000001, 11.188756549999999, 13.068479159999983, 99.2437768686377
8.788015, 9.0567575, 10.217979, 11.625699, 12.436106, 14.822824, 111.23441097619035
8.783887, 9.959553, 12.356593, 15.5427478, 17.822721, 23.286951339999977, 99.83748891351493
14.3324775, 19.078281, 24.74745625, 32.00433330000003, 36.674856, 46.61860615999993, 105.91979496635716
14.458362, 19.036465, 24.840649, 31.902789300000002, 36.678152, 47.493232, 73.564487
8.783293, 9.917807, 12.221338, 15.479876, 17.844506, 23.56251, 109.47966972556077
8.7884315, 9.057212, 10.229197, 11.64915, 12.476209200000003, 14.96492, 113.9317186459356
8.84832, 9.00666, 9.24139825, 10.081896700000001, 11.217019, 12.966803, 110.81628395336826
8.87138975, 9.010629, 9.191919, 9.461342, 9.899644699999998, 12.169767, 95.58077049388694
8.852639, 9.010593499999999, 9.243426, 10.1262144, 11.213009, 13.027491, 107.26259985428672
8.790672, 9.063528, 10.227706, 11.645691400000004, 12.44361129999999, 15.049793, 111.2520621980117
8.7786825, 9.940447, 12.325267, 15.503052799999999, 17.802213, 23.436095, 112.03122520805707
15.443469, 20.582466, 27.381234, 34.544819, 39.666238799999945, 49.71258311999996, 115.33764721389485
15.366252, 20.494306, 27.370076, 34.354842, 39.759675, 49.181539, 72.489022
9.103995, 11.231636, 14.088299, 17.439826200000002, 19.972802, 25.90565579999997, 128.8832519101764
8.750056, 9.065829, 10.414599, 11.854521, 12.795532, 16.1301, 120.43929086938597
8.83407, 9.017285, 9.379739, 10.901707, 11.809925, 13.966802, 109.6919164301921
8.865205, 9.002675, 9.176531, 9.449789100000002, 9.972295, 11.993545, 117.46415475062726
8.868149, 9.003628, 9.17915, 9.455824, 9.992015, 11.938814469999896, 37.448702
8.830087, 9.015366, 9.362619, 10.870661000000002, 11.774975150000001, 13.787759, 107.20502177368074
8.746959, 9.066206, 10.41075, 11.857015, 12.784623, 16.108901, 112.56309811522492
9.105165, 11.20299, 14.078297, 17.443262, 19.911072, 25.872138, 97.10281276870698
15.464358, 20.600599, 27.52568, 34.717399, 39.892873399999914, 49.798216, 99.14052060649072
15.416478, 20.549173, 27.281136, 34.26354, 39.715286, 49.392299, 72.489022
9.114235, 11.239497, 14.071423, 17.472874, 20.002346, 26.015162, 111.83191526072928
8.750301, 9.071135, 10.408646, 11.8382922, 12.772194, 16.100977299999975, 119.9209015743491
8.831199, 9.016087, 9.373891, 10.887771700000002, 11.774978, 13.919964970000146, 107.15021575421642
8.864727, 9.003191, 9.181369, 9.450355, 9.97255, 11.999339, 113.22012629762625
8.865466, 9.002518, 9.179753, 9.451873, 9.980987, 11.970292, 37.448702
8.849944, 9.006126, 9.241936, 10.089570700000001, 11.204004, 13.095726, 110.20188101900186
8.787855, 9.053603, 10.230986, 11.643211, 12.439778, 14.944113409999987, 105.93729617023354
8.777615, 9.940447, 12.309544, 15.500098799999996, 17.843497, 23.555005, 101.87656096491978
12.803168, 17.325752, 23.027076, 28.739123600000003, 32.960963, 41.227129, 102.87332311288534
12.841149, 17.3208765, 22.978118, 28.808058100000007, 32.96166379999999, 40.847788, 64.049625
11.040467, 14.2240595, 18.6112255, 23.4108251, 26.680181899999997, 33.49943039000001, 47.131774
8.724899, 9.076734, 10.5425985, 11.9846655, 13.131662199999992, 16.576725, 107.11706191958119
8.845015, 9.010975, 9.276158, 10.402817400000002, 11.519833349999999, 13.463832, 88.1774134158288
8.871997, 9.014027, 9.196077, 9.471973, 9.89924, 12.047984, 89.99259986471641
8.871385, 9.013224, 9.196191, 9.472611, 9.879181, 12.047984, 52.853195
8.8451145, 9.011056499999999, 9.277739, 10.448573, 11.528389549999996, 13.332776, 107.37882071800175
8.7271435, 9.078557, 10.549417, 12.007947, 13.179254, 16.782782889999854, 113.51033033537132
11.128182, 14.209443, 18.529867, 23.67984, 26.83251, 34.784581100000004, 120.94100216499629
10.9746105, 14.195745, 18.488124499999998, 23.686781, 26.965295, 33.92024883000008, 47.131774
10.990518, 14.172247, 18.5772785, 23.523124400000007, 26.86887859999996, 34.280977, 56.221419
8.723582, 9.071135, 10.50447975, 11.9846655, 13.10875405, 16.843217, 109.0862757889086
8.844595, 9.0129305, 9.268112, 10.404874500000004, 11.4820537, 13.400096, 93.00785197252368
8.870915499999999, 9.013475, 9.1941495, 9.464323, 9.870277, 12.054451, 97.49617722141153
8.8724035, 9.013686, 9.19748475, 9.4786968, 9.907310449999999, 12.003135780000008, 37.448702
8.841325, 9.009301, 9.269055, 10.365985, 11.427148249999998, 13.257823, 113.53166228659798
8.730598, 9.0862625, 10.530565, 12.065449, 13.18498939999999, 16.879467, 98.7142544221543
11.069539, 14.1455235, 18.710554, 23.369496, 26.61375424999997, 33.40215472, 89.27731337533778
11.040467, 14.18839, 18.559928, 23.491487, 26.853233, 33.555206, 47.131774
12.710870750000002, 17.217207, 22.898185, 28.822135, 32.976415949999975, 41.107663, 64.049625
8.6476805, 9.134672, 10.84455, 12.478032, 14.063425599999999, 17.8129, 110.13875220756779
8.818705000000001, 9.025311, 9.57675, 11.21404, 12.040765800000003, 14.369799680000058, 110.13355188084252
8.866416, 9.0028115, 9.17613525, 9.449816, 9.95983, 11.932675, 97.44020626970652
8.864104, 9.00201, 9.180702, 9.455484, 9.969382, 12.047984, 37.448702
8.817376, 9.025028500000001, 9.54648, 11.187763700000003, 12.019524, 14.423519, 97.45679400569584
8.72436275, 9.072117, 10.51171025, 12.040725, 13.156167049999997, 16.711708779999984, 110.65669485069836
10.958033, 14.184299, 18.594329, 23.592686100000012, 26.92951884999999, 34.715532, 119.50435508582041
11.022958, 14.2554595, 18.594329, 23.44085, 26.441091949999993, 34.547282, 56.221419
11.03225475, 14.233277999999999, 18.554011, 23.528313800000006, 26.768682, 33.916753, 56.221419
11.03783775, 14.274112, 18.565628, 23.641244, 26.867207199999985, 33.543702, 56.221419
8.72468475, 9.070136999999999, 10.515956, 11.971566800000002, 13.112949899999998, 16.64400510000003, 117.07566888993234
8.84269475, 9.01017, 9.268441, 10.382301, 11.506998249999999, 13.340764, 113.36729203826788
8.870452, 9.014558, 9.19633, 9.466553, 9.881130399999995, 12.277690109999957, 88.31013786519189
8.8711135, 9.01237, 9.195185, 9.4693969, 9.91072795, 12.072515, 52.853195
8.844628, 9.009167, 9.27125075, 10.382841, 11.480448, 13.208217, 111.95390086618006
8.727666, 9.073341, 10.53843625, 12.056494, 13.220284, 16.60619132, 111.21346140022648
11.08590825, 14.268647999999999, 18.636072499999997, 23.549836300000006, 26.787435, 33.399947, 114.29846003477682
10.990412, 14.184299, 18.634282, 23.528313800000006, 26.828846, 33.60507885000001, 56.221419
11.033764, 14.224215, 18.644241, 23.7608585, 26.93041, 34.670068, 47.131774
8.790672, 9.056303, 10.241081, 11.643211, 12.440311, 14.803997, 111.89036162057519
8.86658, 9.0030655, 9.175607, 9.448525, 9.940905, 12.003089, 95.46986952269134
8.873549, 9.023447, 9.2143, 9.483876, 9.821471, 12.328172, 103.85846369965844
8.87278, 9.01932, 9.209667, 9.483274799999998, 9.819506, 12.345226, 52.853195
8.867979, 9.00448, 9.182977, 9.459141, 9.994071, 11.938555599999988, 111.4222282749279
8.781851, 9.053899000000001, 10.247872, 11.663583, 12.474753, 15.049793, 111.31091163293827
9.083684, 11.190782500000001, 14.048942, 17.2760036, 19.758160449999995, 24.986963929999984, 109.8587677999547
9.105487, 11.22382, 14.0840075, 17.388325800000004, 19.875137549999987, 26.01707147000004, 44.22794
9.114416, 11.186618500000002, 14.033392, 17.381132300000004, 20.02397255, 25.56975163000001, 40.625286
9.09081825, 11.200454, 14.06680825, 17.3253798, 19.753488549999997, 26.311127, 44.22794
9.08155575, 11.227269, 14.055638, 17.2995723, 19.863045149999994, 25.87213881, 44.22794
9.10763825, 11.2013035, 13.969131, 17.3602266, 19.75466099999998, 25.60713201, 44.22794
9.135332, 11.322039, 14.128668, 17.429751800000002, 19.905001, 26.015162, 44.22794
9.1024355, 11.228, 14.05631125, 17.316394, 19.75842, 24.364056310000006, 40.625286
9.0929445, 11.226488, 14.033392, 17.405764, 19.753488549999997, 25.259308210000004, 44.22794
9.120837, 11.215572, 14.07592775, 17.388325800000004, 19.87902209999999, 25.907049, 44.22794
9.091857000000001, 11.236961, 14.116295, 17.3517778, 19.975074, 25.792145820000016, 44.22794
9.111456, 11.2343785, 14.011948, 17.364599, 19.905001, 25.618142320000036, 44.22794
9.110354, 11.2281035, 14.047847, 17.322018300000003, 19.878328, 25.616439, 40.625286
9.087055000000001, 11.2200875, 13.993414, 17.2798814, 19.87902209999999, 25.786816660000003, 39.815707
9.11546275, 11.247666, 14.078297, 17.379265, 19.78262984999999, 25.19979824000001, 44.22794
9.118958, 11.297479500000001, 14.1786265, 17.797689, 20.09571904999997, 26.5641, 44.22794
9.11437075, 11.159738, 13.943105749999999, 17.304474, 19.874239, 25.398104, 44.22794
9.0921345, 11.220182, 14.03130625, 17.267699, 19.691119299999986, 25.019634950000036, 44.22794
9.111456, 11.242004, 14.19008775, 17.615136300000003, 19.99271, 25.791337, 44.22794
9.115799, 11.2412375, 14.03297575, 17.210158500000006, 19.64720555, 25.46558043000002, 44.22794
9.115609, 11.240114, 14.061389, 17.472874, 20.0699142, 25.872567300000007, 44.22794
9.14100525, 11.264655, 14.104582, 17.3651018, 19.99319179999999, 25.87213881, 44.22794
9.085790750000001, 11.125163, 13.920017, 17.2246436, 19.691119299999986, 25.872219, 44.22794
9.101617, 11.1943455, 14.10699475, 17.492331200000002, 19.966737199999997, 25.607038, 44.22794
9.123961, 11.258266, 14.128668, 17.304255, 19.759549299999986, 26.531374, 44.22794
9.13472, 11.316893499999999, 14.180906, 17.455510200000003, 19.991815, 25.677274, 40.625286
9.11572525, 11.264244, 13.995511, 17.261748100000002, 19.691119299999986, 25.464532, 40.625286
9.1106865, 11.231748, 14.02622775, 17.3578548, 19.916648, 25.185808, 44.22794
9.0944315, 11.172544, 14.0182195, 17.360077, 19.863045149999994, 25.907049, 44.22794
9.14100525, 11.20299, 14.014375, 17.261471, 19.65923164999999, 25.786816660000003, 44.22794
9.13586725, 11.313971, 14.104708, 17.473254, 19.915841549999993, 25.907049, 44.22794
9.101248499999999, 11.27877, 14.247022, 17.52518560000001, 19.966737199999997, 26.015162, 40.625286
9.08964025, 11.154673500000001, 14.00058025, 17.3186179, 19.646988, 25.101169370000015, 44.22794
9.08976, 11.181069, 14.055484, 17.429751800000002, 19.99185975, 25.786771, 40.625286
9.137832, 11.261917, 14.0925275, 17.3618756, 19.91913649999996, 25.617047350000014, 38.509309
9.110852, 11.207654, 14.066715, 17.497839100000007, 20.019651849999995, 25.616439, 44.22794
9.100571, 11.227269, 14.00984425, 17.285785, 19.74558624999999, 25.334118, 44.22794
9.11931875, 11.246837, 14.03706, 17.369627, 19.753488549999997, 25.398768280000013, 40.625286
9.13464775, 11.214239, 14.1433395, 17.452446, 20.028886, 26.206309990000005, 44.22794
9.085407, 11.2038015, 14.034091499999999, 17.289255, 19.605548, 25.172031160000003, 44.22794
9.11572525, 11.253902499999999, 14.167717, 17.540978, 19.78104915, 25.261275100000045, 40.625286
9.11443675, 11.215572, 14.094360250000001, 17.358213, 19.79712755, 25.786816660000003, 40.625286
9.115503, 11.3444585, 14.150613, 17.261471, 19.799011699999987, 25.39981671000004, 44.22794
9.06290375, 11.168989, 14.014375, 17.418904200000004, 19.71552304999998, 25.786816660000003, 44.22794
9.114482, 11.217877, 14.190642, 17.5971045, 20.027061, 25.607740360000015, 44.22794
9.103655499999999, 11.2049135, 13.994561, 17.261471, 19.78262984999999, 25.907049, 44.22794
9.115342, 11.249629500000001, 14.0085785, 17.4483959, 19.91524, 25.78762548000002, 44.22794
8.64111475, 9.10919, 10.780969500000001, 12.3563758, 13.921681499999998, 17.803071290000016, 38.813544
8.644595500000001, 9.142723, 10.8038755, 12.361003, 13.910078, 17.78608, 38.813544
8.646682, 9.1196155, 10.73078, 12.346649900000001, 13.94344149999999, 17.699605, 38.404747
8.649201, 9.139257, 10.820243, 12.5638689, 14.260859, 17.922076720000003, 38.813544
8.641572750000002, 9.129338, 10.82522425, 12.453529, 14.070939699999995, 17.793896, 34.462112
8.65249925, 9.1131685, 10.794662, 12.439813, 14.021462, 17.888381480000007, 38.813544
8.637786, 9.103973499999999, 10.79492025, 12.365659, 14.063715799999997, 18.052882, 34.462112
8.654291749999999, 9.1427875, 10.846322, 12.517288900000002, 13.991081399999997, 17.611796, 38.813544
8.647864250000001, 9.119646, 10.807659000000001, 12.436747100000002, 14.095293, 17.644383, 38.404747
8.6476805, 9.12137, 10.7914005, 12.4429508, 14.063569, 17.8129, 38.813544
8.656273, 9.167596, 10.82046725, 12.4297544, 14.0770436, 18.321207, 38.813544
8.647674, 9.154419, 10.8306125, 12.493027700000003, 14.152208999999996, 18.189378760000007, 38.813544
8.64355675, 9.10313, 10.837947750000001, 12.434224500000001, 14.040769899999987, 17.709146020000016, 38.813544
8.6450085, 9.143593, 10.819754, 12.4075519, 14.009675749999996, 17.813216060000006, 38.813544
8.647149500000001, 9.109495, 10.71238, 12.412671200000004, 13.916903949999993, 17.888042, 38.404747
8.64683125, 9.126984, 10.77483875, 12.403241400000002, 14.0770436, 17.470363, 38.813544
8.6473725, 9.1598345, 10.874388, 12.45322, 14.009675749999996, 17.70442273000002, 38.813544
8.647105250000001, 9.1205765, 10.7841755, 12.429121700000001, 14.113835, 17.645022860000015, 34.462112
8.649534, 9.108669, 10.810465500000001, 12.478032, 14.015404799999995, 17.787040250000004, 38.404747
8.643353, 9.126939, 10.789254249999999, 12.357209500000002, 13.961569599999995, 17.28912236000002, 38.813544
8.652642, 9.134672, 10.846322, 12.424542700000002, 14.059531149999998, 17.813216060000006, 34.462112
8.65307125, 9.142960500000001, 10.80133275, 12.403241400000002, 13.883440599999998, 17.538538300000003, 38.813544
8.634489250000001, 9.104269500000001, 10.729018499999999, 12.402618, 13.974773949999992, 17.539180490000017, 38.404747
8.6459585, 9.1016305, 10.84455, 12.426230200000001, 13.911351, 17.611796, 38.404747
8.647295, 9.155483, 10.829804, 12.444253100000001, 13.967338, 17.664151120000007, 38.813544
8.641439, 9.112207, 10.802630749999999, 12.3905027, 14.0770436, 17.888381480000007, 38.813544
8.65004625, 9.160809, 10.83538925, 12.4297544, 13.93170474999999, 17.630272330000015, 38.404747
8.647324000000001, 9.134645500000001, 10.845399, 12.496899, 14.063715799999997, 17.709146020000016, 38.404747
8.6468, 9.149592, 10.769527, 12.3453173, 13.892058599999988, 17.794086040000003, 38.813544
8.646301, 9.10982, 10.788300750000001, 12.426230200000001, 13.916439, 17.963018480000056, 38.404747
8.642178, 9.133167499999999, 10.864846, 12.4741425, 14.066505, 17.61271402000002, 38.404747
8.647674, 9.1055115, 10.778776749999999, 12.4206344, 13.95715, 17.786071, 34.408771
8.789424, 9.067782000000001, 10.28792825, 11.6933527, 12.609140550000003, 15.46395637, 26.889073
8.7838245, 9.059082499999999, 10.21806025, 11.6610979, 12.504487100000004, 14.824984, 26.889073
8.77938425, 9.0457105, 10.165375, 11.643211, 12.465651400000002, 14.873968020000007, 26.889073
8.78381025, 9.049919, 10.215814, 11.652477600000001, 12.457855500000003, 14.938664710000003, 26.889073
8.788528, 9.061871, 10.28664775, 11.7200624, 12.4446137, 14.721664, 26.889073
8.783877, 9.0499085, 10.197348, 11.625699, 12.4748339, 14.822911110000003, 26.889073
8.788908750000001, 9.063969, 10.227640749999999, 11.658205200000001, 12.3416319, 14.736673190000001, 18.865024
8.7844945, 9.043216999999999, 10.22975975, 11.679502900000001, 12.45138875, 14.944939570000017, 26.889073
8.78982725, 9.044760499999999, 10.196786, 11.625699, 12.364643899999999, 14.96492, 19.393533
8.789020749999999, 9.050746, 10.21686, 11.64915, 12.479442900000002, 14.932628, 26.889073
8.7859005, 9.0449165, 10.16298775, 11.600619, 12.36289795, 14.823922040000024, 19.563106
8.784101, 9.049747, 10.269535, 11.711425600000002, 12.539855, 14.932686830000002, 26.889073
8.7895155, 9.053013, 10.240397, 11.6421218, 12.412934, 14.742167540000013, 26.889073
8.7835005, 9.0613715, 10.229197, 11.589791200000002, 12.30671715, 14.832604760000024, 19.563106
8.79120075, 9.059054, 10.22968425, 11.7476102, 12.573961, 14.965230630000006, 18.677002
8.781932999999999, 9.051623, 10.18473825, 11.6067747, 12.413306600000002, 14.712948150000006, 19.563106
8.784536, 9.046031, 10.1890035, 11.617510100000002, 12.439804650000001, 14.721664, 19.563106
8.780685, 9.056819, 10.237829000000001, 11.684765200000001, 12.53391275, 15.0498376, 19.563106
8.7824235, 9.05135, 10.223651, 11.671120499999999, 12.604245, 15.054253, 19.563106
8.77754075, 9.0439535, 10.185192, 11.6498139, 12.4629839, 14.804185270000005, 19.563106
8.78598425, 9.064143, 10.30052875, 11.6844, 12.496522900000002, 14.648318, 19.563106
8.7914175, 9.0565565, 10.2155, 11.654684, 12.460371, 14.801217, 19.393533
8.791179, 9.058342499999998, 10.25528425, 11.6704058, 12.5252472, 14.83195652000001, 26.889073
8.77802275, 9.044594, 10.156169, 11.6175429, 12.388296, 14.902097390000007, 19.563106
8.791356, 9.0538865, 10.1871105, 11.651476, 12.477088800000002, 14.515995990000025, 26.889073
8.79892925, 9.0765805, 10.2864925, 11.715561800000001, 12.513229000000003, 15.464191, 19.563106
8.781596, 9.0531855, 10.265049, 11.658205200000001, 12.4546844, 15.027922910000004, 26.889073
8.648374749999999, 9.126809999999999, 10.785508499999999, 12.347833, 13.964287549999996, 17.786971, 38.404747
8.64473275, 9.112278, 10.805758, 12.462853700000004, 13.892058599999988, 17.44314, 38.404747
8.647864250000001, 9.107140999999999, 10.792788250000001, 12.480766400000002, 14.106434499999994, 17.78614925, 38.404747
8.65276425, 9.136206999999999, 10.811768, 12.4742065, 14.079938, 17.937063770000005, 38.813544
8.64091175, 9.1275925, 10.79752375, 12.431678800000004, 14.057890799999997, 17.930723650000004, 38.813544
8.659351, 9.167670000000001, 10.8478375, 12.4206344, 13.916690449999997, 17.547577, 38.404747
8.642812500000002, 9.129088, 10.84198, 12.4429497, 14.021759099999995, 17.802213, 38.813544
8.65482275, 9.182367, 10.90188225, 12.515008, 14.095492549999998, 17.936827, 34.462112
8.652616, 9.1511265, 10.90234525, 12.589400500000002, 14.223656599999995, 18.233113, 38.813544
8.65542275, 9.147789, 10.809276, 12.459643, 14.076976, 17.644577100000006, 38.404747
8.656474, 9.135712, 10.797017, 12.440256900000001, 14.02210664999999, 17.629720110000004, 38.813544
8.657645500000001, 9.205318, 10.9264345, 12.569366, 14.124542399999997, 17.888042, 38.404747
8.65997, 9.179641, 10.89104125, 12.518242500000007, 14.040769899999987, 17.484861390000038, 38.404747
8.64616925, 9.117625499999999, 10.86567025, 12.430775, 14.059407, 17.844781120000004, 38.404747
8.6479985, 9.117858, 10.742042, 12.39714050000001, 13.957446999999997, 17.61197376, 38.813544
8.6387865, 9.1191615, 10.81642725, 12.439813, 13.994813, 17.548219190000015, 27.927733
8.655849, 9.17709, 10.84562975, 12.592528, 14.165216549999993, 17.786971, 38.813544
8.661923, 9.1442215, 10.874696, 12.6025956, 14.28104175, 18.211952, 26.925837
8.661794, 9.141646000000001, 10.780969500000001, 12.347833, 13.845872, 17.793979170000004, 38.404747
8.6563215, 9.1496335, 10.8042355, 12.45322, 13.940439999999999, 17.844941360000007, 38.813544
8.6439015, 9.113959, 10.8138315, 12.408338200000001, 14.059551349999998, 17.793979170000004, 38.813544
8.637778, 9.135669499999999, 10.833083, 12.474527400000001, 14.106434499999994, 17.43688716, 38.813544
8.64473275, 9.11825, 10.80152075, 12.444263, 13.911856849999992, 17.78608, 38.404747
8.644195499999999, 9.140724, 10.805758, 12.3560267, 13.910396049999996, 17.1968755, 38.404747
8.635166250000001, 9.061117, 10.733612, 12.361018, 13.892181899999986, 17.61197376, 38.813544
8.78250475, 9.061801, 10.2307595, 11.6475, 12.388676200000003, 14.514947050000002, 19.563106
8.78946625, 9.061801, 10.262895499999999, 11.720606, 12.551711, 15.279249050000038, 26.889073
8.790425, 9.073888499999999, 10.29095625, 11.6736765, 12.50278965, 15.09559869000004, 19.563106
8.785754, 9.0483125, 10.1846505, 11.67544, 12.54977015, 15.054648080000009, 26.889073
8.79005175, 9.067373, 10.24093625, 11.67027, 12.518941750000002, 15.054648080000009, 26.889073
8.7763095, 9.04866, 10.1871105, 11.638894500000001, 12.426775350000002, 15.05023268000001, 19.563106
8.7768315, 9.046956, 10.196923, 11.654542, 12.3959, 14.996234440000006, 26.889073
8.78003175, 9.048488500000001, 10.21423225, 11.5844836, 12.313414, 15.023313320000048, 19.563106
8.790877250000001, 9.055086, 10.258465, 11.6718925, 12.4572683, 14.742167540000013, 26.889073
8.789632, 9.056102, 10.270147000000001, 11.68195, 12.465724550000003, 14.801217, 26.889073
8.6470005, 9.106176999999999, 10.81664425, 12.442805, 14.0626608, 17.708369, 34.408771
8.7951215, 9.074025500000001, 10.2183605, 11.6610621, 12.577777750000001, 14.757332510000007, 26.889073
8.779996, 9.038325, 10.225722999999999, 11.6173565, 12.4606241, 14.996234440000006, 26.889073
8.7761095, 9.0460625, 10.245774, 11.6460504, 12.45138875, 14.902156220000009, 19.563106
8.784428, 9.0384585, 10.18473825, 11.607978800000001, 12.278592, 14.783345550000007, 26.889073
8.789425, 9.0459035, 10.1731025, 11.7087603, 12.530343, 15.273403, 19.563106
8.783858, 9.043975, 10.15611225, 11.5971292, 12.4404847, 14.747010640000003, 26.889073
8.7853115, 9.051341, 10.195342, 11.605372500000001, 12.32946965, 14.953882, 26.889073
8.78401825, 9.054177, 10.307586, 11.662680500000002, 12.388296, 14.712798550000002, 26.889073
8.869064, 9.004294, 9.186903, 9.502933, 10.082380249999998, 12.278240759999992, 35.734803
8.865184249999999, 9.003350000000001, 9.182661, 9.4696223, 10.066058949999995, 11.999825449999989, 37.448702
8.86258675, 8.999948499999999, 9.176058, 9.4414199, 9.927009, 11.993687219999996, 35.487972
8.863342, 9.000752, 9.17874125, 9.4613561, 9.956152, 12.316018219999995, 35.487972
8.86409575, 8.997937499999999, 9.167888, 9.4486272, 9.929366, 11.999339, 35.734803
8.873217, 9.016213, 9.190301, 9.4617913, 10.121721, 12.348452759999994, 35.734803
8.8612255, 9.002033, 9.178994, 9.459236800000001, 10.006578649999993, 11.89486393, 33.51644
8.86482675, 9.000614, 9.18523775, 9.463746, 10.097082, 11.933341639999984, 35.734803
8.862988, 8.9990095, 9.1765115, 9.4726862, 10.030465, 12.074013459999964, 35.487972
8.789632749999999, 9.0406435, 10.271997, 11.673554, 12.588086200000001, 14.902097390000007, 19.563106
8.784949, 9.0430935, 10.127439, 11.6222414, 12.375706100000002, 14.74159666, 26.889073
8.794451, 9.0538095, 10.237786, 11.629710000000001, 12.383360450000001, 14.939085720000012, 26.889073
8.78250475, 9.0411185, 10.160974, 11.6421218, 12.51207335, 14.944267120000001, 26.889073
8.78579, 9.059067500000001, 10.268171, 11.665227900000001, 12.397729550000001, 15.09555742000004, 26.889073
8.78182575, 9.0725145, 10.284044000000002, 11.6498139, 12.53050415, 15.279394240000041, 19.563106
8.783518, 9.0262675, 10.2081415, 11.66043, 12.44051265, 14.83195652000001, 19.563106
8.780837, 9.040532500000001, 10.1448915, 11.5227054, 12.30909435, 14.48859241, 19.563106
8.78396975, 9.0678835, 10.225465, 11.607931, 12.330396750000004, 14.815179, 19.563106
8.790905, 9.054419, 10.16489, 11.549302900000004, 12.342689, 14.944377500000003, 26.889073
8.6450085, 9.127870000000001, 10.794076, 12.419637, 14.105016, 18.836045980000044, 38.404747
8.64911925, 9.112207, 10.788229000000001, 12.4262343, 14.08070574999999, 17.664151120000007, 38.813544
8.648051, 9.128132, 10.842374249999999, 12.411373, 13.931310749999996, 17.888381480000007, 34.462112
8.651264, 9.15785, 10.83284825, 12.444715400000002, 13.967338, 17.92199, 38.813544
8.64409775, 9.1347465, 10.813349, 12.4196954, 13.961357199999998, 17.629720110000004, 38.813544
8.63739575, 9.087416000000001, 10.799901, 12.357675100000003, 13.910078, 17.699605, 38.404747
8.6476755, 9.1399975, 10.858325, 12.573734700000003, 14.066710849999996, 17.78608, 38.813544
8.64157325, 9.127207, 10.77964, 12.397027200000004, 13.926007349999997, 17.699605, 38.404747
8.64423425, 9.1075165, 10.803728, 12.386958500000002, 13.967338, 17.47048991, 38.404747
8.646602, 9.163962, 10.805758, 12.413431, 13.964287549999996, 17.664151120000007, 38.813544
8.6423965, 9.0987355, 10.8042825, 12.3563758, 13.960113, 17.44314, 38.813544
8.649683, 9.165862, 10.795250750000001, 12.391220200000003, 13.931125, 17.930723650000004, 38.813544
8.63947, 9.1092715, 10.801449, 12.541176, 14.022382549999985, 17.644975150000015, 38.404747
8.638724, 9.086364, 10.796270750000001, 12.436447900000001, 14.152208999999996, 17.844506, 34.462112
8.646536, 9.123282, 10.83754375, 12.453529, 13.991998449999985, 17.937063770000005, 38.404747
8.644217, 9.110549500000001, 10.748418, 12.386549, 13.961409049999999, 17.54839695000002, 38.404747
8.6596, 9.143937000000001, 10.83570575, 12.449556800000002, 14.062120749999997, 17.930723650000004, 38.813544
8.649318, 9.138532, 10.785508499999999, 12.390644, 14.027751549999996, 17.813216060000006, 34.408771
8.652307, 9.148478, 10.7957575, 12.4261067, 13.961357199999998, 17.699644929999998, 38.813544
8.6474265, 9.143937000000001, 10.80165475, 12.403241400000002, 13.983646, 17.93368651000007, 38.813544
8.6468, 9.1561335, 10.86880075, 12.462111, 13.963302399999996, 17.708369, 38.813544
8.64759125, 9.13779, 10.864846, 12.4532509, 13.929538, 17.443292050000004, 34.408771
8.649588, 9.1181595, 10.78426325, 12.480071, 14.059407, 17.813216060000006, 38.813544
8.6476755, 9.127870000000001, 10.784858999999999, 12.4345984, 13.964117799999984, 17.787040250000004, 38.813544
8.64424, 9.1092985, 10.77695925, 12.330585000000001, 13.879635049999997, 17.644383, 38.813544
8.6495745, 9.15817, 10.8128985, 12.4345984, 14.040849699999987, 17.54839695000002, 38.813544
8.64921075, 9.094056, 10.801870000000001, 12.426609800000001, 13.929538, 17.664151120000007, 38.404747
8.646662, 9.141598, 10.826103250000001, 12.386942800000002, 14.021759099999995, 17.786071, 34.462112
8.643614, 9.086445999999999, 10.837687, 12.551072300000003, 14.063013449999994, 17.645022860000015, 38.404747
8.641401, 9.1278, 10.7875895, 12.357209500000002, 14.015404799999995, 18.052882, 38.813544
8.65645325, 9.140444, 10.81522525, 12.4742065, 13.921681499999998, 17.470363, 38.813544
8.642968, 9.098978500000001, 10.69803, 12.429064, 14.034355, 17.70442273000002, 27.927733
8.64097325, 9.118092, 10.85147125, 12.542006900000004, 14.156047, 17.644577100000006, 38.813544
8.644621, 9.103426, 10.735963, 12.3388121, 13.940439999999999, 17.786071, 38.813544
8.653892, 9.141025500000001, 10.7821055, 12.3905027, 14.070939699999995, 17.44314, 34.462112
8.646682, 9.118573000000001, 10.758951, 12.4262343, 13.963141849999998, 17.470363, 38.404747
8.659730249999999, 9.148198, 10.84207425, 12.4477016, 13.925738, 17.8129, 38.813544
8.64911925, 9.142960500000001, 10.803248, 12.5639102, 14.10506745, 17.802213, 38.813544
8.6476755, 9.126235, 10.871542, 12.496899, 13.967338, 17.793979170000004, 38.813544
8.658079, 9.146333, 10.807386, 12.413431, 13.943173749999993, 17.787040250000004, 34.462112
8.646602, 9.124901, 10.784076, 12.478235900000001, 14.040769899999987, 18.233113, 38.404747
8.63759575, 9.086952499999999, 10.730131, 12.3396087, 13.941161499999987, 17.8129, 38.813544
8.6476755, 9.0966605, 10.804854, 12.4196954, 14.027751549999996, 18.321207, 38.813544
8.63918775, 9.1075165, 10.741289, 12.367258, 13.85419684999999, 17.420319, 38.813544
8.64688175, 9.081990999999999, 10.797738, 12.469538, 14.063569, 17.888042, 38.813544
8.648374749999999, 9.149584, 10.841002, 12.551072300000003, 14.066505, 17.70442273000002, 38.813544
8.64713, 9.135192, 10.774292, 12.385145500000002, 13.907612, 17.813651420000017, 38.813544
8.646338, 9.142981, 10.803728, 12.335020400000001, 13.916439, 17.549961940000053, 34.462112
8.64293325, 9.1088585, 10.809144, 12.4477016, 14.09346615, 17.888381480000007, 38.813544
8.659647249999999, 9.147061, 10.84722275, 12.469538, 14.058014949999997, 17.19970122000001, 38.813544
8.658196, 9.1495225, 10.82018, 12.449230300000002, 14.063921649999994, 17.813216060000006, 38.813544
8.64484875, 9.117357, 10.795695, 12.356788, 14.02210664999999, 17.699605, 38.813544
8.651156499999999, 9.140626000000001, 10.846322, 12.462111, 14.070622, 17.664191050000007, 38.813544
8.65440575, 9.146017, 10.788376, 12.347023600000002, 13.974307, 17.786971, 38.813544
8.64248875, 9.116944, 10.842374249999999, 12.3905027, 13.907735299999999, 17.8129, 38.813544
8.6496615, 9.136702, 10.789568249999999, 12.4477016, 14.071029949999996, 18.23399394000002, 38.813544
8.6468, 9.145797, 10.78860375, 12.4196954, 13.99554189999999, 17.612674090000016, 34.408771
8.66217425, 9.1686895, 10.901575, 12.580228500000002, 14.16479135, 18.59789560000001, 38.813544
8.643614, 9.109048, 10.799258250000001, 12.469998000000002, 14.035527799999983, 18.493839610000023, 38.404747
8.64477, 9.13779, 10.816554, 12.361642000000002, 13.844899, 17.80231987, 38.813544
8.65276425, 9.0927235, 10.731179, 12.361642000000002, 14.034355, 17.802213, 38.813544
9.105987, 11.204491, 14.009528, 17.472874, 19.916648, 25.60713201, 44.22794
9.104823, 11.135735, 13.96093725, 17.379379500000002, 19.837517, 26.227057190000018, 44.22794
9.09603875, 11.197101, 14.0840075, 17.478150300000006, 20.0270683, 26.579154, 44.22794
9.1577035, 11.268315, 14.14986, 17.587284, 20.007928, 25.616439, 44.22794
9.11525325, 11.199526, 13.99186375, 17.287277300000003, 19.819811, 26.206109, 44.22794
9.09837925, 11.135757, 13.98878275, 17.3166156, 19.691159899999988, 25.268505750000013, 40.625286
9.1312715, 11.264158, 14.0840075, 17.3651018, 19.917179149999992, 26.508677560000002, 44.22794
9.110857, 11.257548, 14.06224275, 17.42958, 20.028778799999976, 25.872219, 38.509309
9.113677, 11.263506, 13.93378375, 17.251929, 19.667329499999994, 25.46558043000002, 44.22794
9.1249915, 11.205217000000001, 14.078297, 17.3583994, 19.874443449999998, 25.792145010000016, 44.22794
9.138358, 11.259910000000001, 14.095957, 17.430050800000004, 20.02381, 26.508652, 44.22794
9.115799, 11.197364, 14.01255475, 17.2746004, 19.863045149999994, 26.208656060000056, 44.22794
9.09865525, 11.2668295, 14.14832475, 17.513240900000003, 20.027061, 25.87213881, 44.22794
9.153067499999999, 11.253083, 14.093976, 17.381825100000007, 19.759549299999986, 25.607038, 44.22794
9.110354, 11.2343785, 14.016311250000001, 17.38041, 19.9153104, 25.791337, 44.22794
9.11813825, 11.259235499999999, 14.004313, 17.3189577, 19.753488549999997, 26.49165766, 44.22794
9.11456175, 11.186618500000002, 13.96009, 17.23061, 19.651482499999997, 25.10130853000002, 44.22794
9.114064, 11.244737, 14.05631125, 17.362378400000004, 19.753488549999997, 25.67922264000004, 40.625286
9.103959999999999, 11.207526, 14.097078999999999, 17.4483959, 19.93859884999996, 25.792145010000016, 40.625286
9.09837925, 11.172837, 14.008262, 17.358213, 19.673757, 25.398768280000013, 44.22794
9.11081125, 11.2025715, 14.039774249999999, 17.321376, 19.666696, 25.46558043000002, 40.625286
9.115128, 11.207654, 14.0589195, 17.406393000000005, 20.069782, 24.929448, 40.625286
9.125335, 11.2620795, 14.09480425, 17.452446, 20.00505045, 26.313102250000043, 39.815707
9.098896, 11.2582505, 14.096689, 17.434288, 19.79712755, 25.56975163000001, 44.22794
9.13014425, 11.2205725, 14.1922655, 17.512321, 20.054309099999998, 26.539663190000006, 44.22794
9.130745, 11.258266, 14.09653, 17.5878465, 20.03037384999998, 25.678368970000026, 44.22794
9.137866, 11.314336, 14.194764, 17.542641100000004, 20.027061, 25.60713201, 44.22794
9.1054065, 11.1964775, 14.03619, 17.443262, 20.029985249999985, 26.124527060000016, 44.22794
9.115799, 11.227476, 14.064804, 17.4411677, 20.01937315, 26.226208, 44.22794
9.069446, 11.172837, 14.07293, 17.261533, 19.636108499999995, 24.931158070000038, 44.22794
9.097669499999999, 11.2177285, 14.104582, 17.4347607, 19.905001, 25.60713201, 44.22794
9.100143, 11.181112, 14.055638, 17.285114, 19.673247, 25.60713201, 44.22794
9.108920000000001, 11.253083, 14.13891, 17.49623, 19.91524, 25.26048983000003, 44.22794
9.069258249999999, 11.196635, 14.13640275, 17.56115, 19.975911049999986, 26.559581, 40.625286
9.086477499999999, 11.138002, 13.98806875, 17.268859100000004, 19.679914349999994, 25.616439, 40.625286
9.131891, 11.294015, 14.11824275, 17.3189096, 19.863045149999994, 25.617047350000014, 40.625286
9.13464775, 11.296937, 14.178637, 17.512321, 20.09518954999998, 26.511409660000005, 44.22794
9.105987, 11.214239, 14.14986, 17.53819510000001, 20.121876, 26.511409660000005, 40.625286
9.11579025, 11.213273, 14.00984425, 17.264926, 19.667023549999996, 25.786816660000003, 44.22794
9.089281, 11.220666999999999, 14.05700225, 17.4394397, 19.937328999999977, 25.398104, 44.22794
9.145361, 11.2644495, 13.95363975, 17.305468900000005, 19.862456, 25.607038, 40.625286
9.10942875, 11.2644495, 14.088299, 17.3209431, 19.874239, 26.311127, 44.22794
9.09013425, 11.154673500000001, 13.92394025, 17.2798814, 19.86324959999999, 25.678368970000026, 44.22794
9.115542249999999, 11.259612, 14.011081749999999, 17.351107, 19.654112599999998, 25.398768280000013, 38.509309
8.64111475, 9.086532, 10.805758, 12.4989225, 14.124542399999997, 18.370511, 34.462112
8.790134250000001, 9.053049, 10.19702925, 11.594028, 12.4572683, 14.815179, 19.563106
8.883445, 9.042652499999999, 9.24047825, 9.5575118, 9.813175, 16.70684715, 23.303856
8.8885155, 9.043276, 9.2616945, 9.5466955, 9.82155185, 13.16276205, 23.303856
8.87871575, 9.038686, 9.23558525, 9.510876, 9.73877, 14.69174642, 32.855096
0, 0, 0, 0, 0, 0, 0
0, 0, 0, 0, 0, 0, 0
0, 0, 0, 0, 0, 0, 0
0, 0, 0, 0, 0, 0, 0
0, 0, 0, 0, 0, 0, 0
0, 0, 0, 0, 0, 0, 0
0, 0, 0, 0, 0, 0, 0
0, 0, 0, 0, 0, 0, 0
0, 0, 0, 0, 0, 0, 0
0, 0, 0, 0, 0, 0, 0
0, 0, 0, 0, 0, 0, 0
0, 0, 0, 0, 0, 0, 0
0, 0, 0, 0, 0, 0, 0
0, 0, 0, 0, 0, 0, 0
0, 0, 0, 0, 0, 0, 0
0, 0, 0, 0, 0, 0, 0
0, 0, 0, 0, 0, 0, 0
0, 0, 0, 0, 0, 0, 0
0, 0, 0, 0, 0, 0, 0
0, 0, 0, 0, 0, 0, 0
0, 0, 0, 0, 0, 0, 0
0, 0, 0, 0, 0, 0, 0
0, 0, 0, 0, 0, 0, 0
0, 0, 0, 0, 0, 0, 0
0, 0, 0, 0, 0, 0, 0
0, 0, 0, 0, 0, 0, 0
0, 0, 0, 0, 0, 0, 0
0, 0, 0, 0, 0, 0, 0
0, 0, 0, 0, 0, 0, 0
0, 0, 0, 0, 0, 0, 0
0, 0, 0, 0, 0, 0, 0
0, 0, 0, 0, 0, 0, 0
0, 0, 0, 0, 0, 0, 0
0, 0, 0, 0, 0, 0, 0
0, 0, 0, 0, 0, 0, 0
0, 0, 0, 0, 0, 0, 0
0, 0, 0, 0, 0, 0, 0
0, 0, 0, 0, 0, 0, 0
0, 0, 0, 0, 0, 0, 0
0, 0, 0, 0, 0, 0, 0
0, 0, 0, 0, 0, 0, 0
0, 0, 0, 0, 0, 0, 0
0, 0, 0, 0, 0, 0, 0
0, 0, 0, 0, 0, 0, 0
0, 0, 0, 0, 0, 0, 0
0, 0, 0, 0, 0, 0, 0
0, 0, 0, 0, 0, 0, 0
0, 0, 0, 0, 0, 0, 0
0, 0, 0, 0, 0, 0, 0
0, 0, 0, 0, 0, 0, 0
0, 0, 0, 0, 0, 0, 0
0, 0, 0, 0, 0, 0, 0
0, 0, 0, 0, 0, 0, 0
0, 0, 0, 0, 0, 0, 0
0, 0, 0, 0, 0, 0, 0
0, 0, 0, 0, 0, 0, 0
0, 0, 0, 0, 0, 0, 0
0, 0, 0, 0, 0, 0, 0
0, 0, 0, 0, 0, 0, 0
0, 0, 0, 0, 0, 0, 0
0, 0, 0, 0, 0, 0, 0
0, 0, 0, 0, 0, 0, 0
0, 0, 0, 0, 0, 0, 0
0, 0, 0, 0, 0, 0, 0
0, 0, 0, 0, 0, 0, 0
0, 0, 0, 0, 0, 0, 0
0, 0, 0, 0, 0, 0, 0
0, 0, 0, 0, 0, 0, 0
0, 0, 0, 0, 0, 0, 0
0, 0, 0, 0, 0, 0, 0
0, 0, 0, 0, 0, 0, 0
0, 0, 0, 0, 0, 0, 0
0, 0, 0, 0, 0, 0, 0
0, 0, 0, 0, 0, 0, 0
0, 0, 0, 0, 0, 0, 0
0, 0, 0, 0, 0, 0, 0
0, 0, 0, 0, 0, 0, 0
0, 0, 0, 0, 0, 0, 0
0, 0, 0, 0, 0, 0, 0
0, 0, 0, 0, 0, 0, 0
0, 0, 0, 0, 0, 0, 0
0, 0, 0, 0, 0, 0, 0
0, 0, 0, 0, 0, 0, 0
0, 0, 0, 0, 0, 0, 0
0, 0, 0, 0, 0, 0, 0
0, 0, 0, 0, 0, 0, 0
0, 0, 0, 0, 0, 0, 0
0, 0, 0, 0, 0, 0, 0
0, 0, 0, 0, 0, 0, 0
0, 0, 0, 0, 0, 0, 0
0, 0, 0, 0, 0, 0, 0
0, 0, 0, 0, 0, 0, 0
0, 0, 0, 0, 0, 0, 0
0, 0, 0, 0, 0, 0, 0
0, 0, 0, 0, 0, 0, 0
0, 0, 0, 0, 0, 0, 0
0, 0, 0, 0, 0, 0, 0
0, 0, 0, 0, 0, 0, 0
0, 0, 0, 0, 0, 0, 0
0, 0, 0, 0, 0, 0, 0
0, 0, 0, 0, 0, 0, 0
0, 0, 0, 0, 0, 0, 0
0, 0, 0, 0, 0, 0, 0
0, 0, 0, 0, 0, 0, 0
0, 0, 0, 0, 0, 0, 0
0, 0, 0, 0, 0, 0, 0
0, 0, 0, 0, 0, 0, 0
0, 0, 0, 0, 0, 0, 0
0, 0, 0, 0, 0, 0, 0
0, 0, 0, 0, 0, 0, 0
0, 0, 0, 0, 0, 0, 0
0, 0, 0, 0, 0, 0, 0
0, 0, 0, 0, 0, 0, 0
0, 0, 0, 0, 0, 0, 0
0, 0, 0, 0, 0, 0, 0
0, 0, 0, 0, 0, 0, 0
0, 0, 0, 0, 0, 0, 0
0, 0, 0, 0, 0, 0, 0
0, 0, 0, 0, 0, 0, 0
0, 0, 0, 0, 0, 0, 0
0, 0, 0, 0, 0, 0, 0
0, 0, 0, 0, 0, 0, 0
0, 0, 0, 0, 0, 0, 0
0, 0, 0, 0, 0, 0, 0
0, 0, 0, 0, 0, 0, 0
0, 0, 0, 0, 0, 0, 0
0, 0, 0, 0, 0, 0, 0
0, 0, 0, 0, 0, 0, 0
0, 0, 0, 0, 0, 0, 0
0, 0, 0, 0, 0, 0, 0
0, 0, 0, 0, 0, 0, 0
0, 0, 0, 0, 0, 0, 0
0, 0, 0, 0, 0, 0, 0
0, 0, 0, 0, 0, 0, 0
0, 0, 0, 0, 0, 0, 0
0, 0, 0, 0, 0, 0, 0
0, 0, 0, 0, 0, 0, 0
0, 0, 0, 0, 0, 0, 0
0, 0, 0, 0, 0, 0, 0
0, 0, 0, 0, 0, 0, 0
0, 0, 0, 0, 0, 0, 0
0, 0, 0, 0, 0, 0, 0
0, 0, 0, 0, 0, 0, 0
0, 0, 0, 0, 0, 0, 0
0, 0, 0, 0, 0, 0, 0
0, 0, 0, 0, 0, 0, 0
0, 0, 0, 0, 0, 0, 0
0, 0, 0, 0, 0, 0, 0
0, 0, 0, 0, 0, 0, 0
0, 0, 0, 0, 0, 0, 0
0, 0, 0, 0, 0, 0, 0
0, 0, 0, 0, 0, 0, 0
0, 0, 0, 0, 0, 0, 0
0, 0, 0, 0, 0, 0, 0
0, 0, 0, 0, 0, 0, 0
0, 0, 0, 0, 0, 0, 0
0, 0, 0, 0, 0, 0, 0
0, 0, 0, 0, 0, 0, 0
0, 0, 0, 0, 0, 0, 0
0, 0, 0, 0, 0, 0, 0
0, 0, 0, 0, 0, 0, 0
0, 0, 0, 0, 0, 0, 0
0, 0, 0, 0, 0, 0, 0
0, 0, 0, 0, 0, 0, 0
0, 0, 0, 0, 0, 0, 0
0, 0, 0, 0, 0, 0, 0
0, 0, 0, 0, 0, 0, 0
0, 0, 0, 0, 0, 0, 0
0, 0, 0, 0, 0, 0, 0
0, 0, 0, 0, 0, 0, 0
0, 0, 0, 0, 0, 0, 0
0, 0, 0, 0, 0, 0, 0
0, 0, 0, 0, 0, 0, 0
0, 0, 0, 0, 0, 0, 0
0, 0, 0, 0, 0, 0, 0
0, 0, 0, 0, 0, 0, 0
0, 0, 0, 0, 0, 0, 0
0, 0, 0, 0, 0, 0, 0
0, 0, 0, 0, 0, 0, 0
0, 0, 0, 0, 0, 0, 0
0, 0, 0, 0, 0, 0, 0
0, 0, 0, 0, 0, 0, 0
0, 0, 0, 0, 0, 0, 0
0, 0, 0, 0, 0, 0, 0
0, 0, 0, 0, 0, 0, 0
0, 0, 0, 0, 0, 0, 0
0, 0, 0, 0, 0, 0, 0
0, 0, 0, 0, 0, 0, 0
0, 0, 0, 0, 0, 0, 0
0, 0, 0, 0, 0, 0, 0
0, 0, 0, 0, 0, 0, 0
0, 0, 0, 0, 0, 0, 0
0, 0, 0, 0, 0, 0, 0
0, 0, 0, 0, 0, 0, 0
0, 0, 0, 0, 0, 0, 0
0, 0, 0, 0, 0, 0, 0
0, 0, 0, 0, 0, 0, 0
0, 0, 0, 0, 0, 0, 0
0, 0, 0, 0, 0, 0, 0
0, 0, 0, 0, 0, 0, 0
0, 0, 0, 0, 0, 0, 0
0, 0, 0, 0, 0, 0, 0
0, 0, 0, 0, 0, 0, 0
0, 0, 0, 0, 0, 0, 0
0, 0, 0, 0, 0, 0, 0
0, 0, 0, 0, 0, 0, 0
0, 0, 0, 0, 0, 0, 0
0, 0, 0, 0, 0, 0, 0
0, 0, 0, 0, 0, 0, 0
0, 0, 0, 0, 0, 0, 0
0, 0, 0, 0, 0, 0, 0
0, 0, 0, 0, 0, 0, 0
0, 0, 0, 0, 0, 0, 0
0, 0, 0, 0, 0, 0, 0
0, 0, 0, 0, 0, 0, 0
0, 0, 0, 0, 0, 0, 0
0, 0, 0, 0, 0, 0, 0
0, 0, 0, 0, 0, 0, 0
0, 0, 0, 0, 0, 0, 0
0, 0, 0, 0, 0, 0, 0
0, 0, 0, 0, 0, 0, 0
0, 0, 0, 0, 0, 0, 0
0, 0, 0, 0, 0, 0, 0
0, 0, 0, 0, 0, 0, 0
0, 0, 0, 0, 0, 0, 0
0, 0, 0, 0, 0, 0, 0
0, 0, 0, 0, 0, 0, 0
0, 0, 0, 0, 0, 0, 0
0, 0, 0, 0, 0, 0, 0
0, 0, 0, 0, 0, 0, 0
0, 0, 0, 0, 0, 0, 0
0, 0, 0, 0, 0, 0, 0
0, 0, 0, 0, 0, 0, 0
0, 0, 0, 0, 0, 0, 0
0, 0, 0, 0, 0, 0, 0
0, 0, 0, 0, 0, 0, 0
0, 0, 0, 0, 0, 0, 0
0, 0, 0, 0, 0, 0, 0
0, 0, 0, 0, 0, 0, 0
0, 0, 0, 0, 0, 0, 0
0, 0, 0, 0, 0, 0, 0
0, 0, 0, 0, 0, 0, 0
0, 0, 0, 0, 0, 0, 0
0, 0, 0, 0, 0, 0, 0
0, 0, 0, 0, 0, 0, 0
0, 0, 0, 0, 0, 0, 0
0, 0, 0, 0, 0, 0, 0
0, 0, 0, 0, 0, 0, 0
0, 0, 0, 0, 0, 0, 0
0, 0, 0, 0, 0, 0, 0
0, 0, 0, 0, 0, 0, 0
0, 0, 0, 0, 0, 0, 0
0, 0, 0, 0, 0, 0, 0
0, 0, 0, 0, 0, 0, 0
0, 0, 0, 0, 0, 0, 0
0, 0, 0, 0, 0, 0, 0
0, 0, 0, 0, 0, 0, 0
0, 0, 0, 0, 0, 0, 0
0, 0, 0, 0, 0, 0, 0
0, 0, 0, 0, 0, 0, 0
0, 0, 0, 0, 0, 0, 0
0, 0, 0, 0, 0, 0, 0
0, 0, 0, 0, 0, 0, 0
0, 0, 0, 0, 0, 0, 0
0, 0, 0, 0, 0, 0, 0
0, 0, 0, 0, 0, 0, 0
0, 0, 0, 0, 0, 0, 0
0, 0, 0, 0, 0, 0, 0
0, 0, 0, 0, 0, 0, 0
0, 0, 0, 0, 0, 0, 0
0, 0, 0, 0, 0, 0, 0
0, 0, 0, 0, 0, 0, 0
0, 0, 0, 0, 0, 0, 0
0, 0, 0, 0, 0, 0, 0
0, 0, 0, 0, 0, 0, 0
0, 0, 0, 0, 0, 0, 0
0, 0, 0, 0, 0, 0, 0
0, 0, 0, 0, 0, 0, 0
0, 0, 0, 0, 0, 0, 0
0, 0, 0, 0, 0, 0, 0
0, 0, 0, 0, 0, 0, 0
0, 0, 0, 0, 0, 0, 0
0, 0, 0, 0, 0, 0, 0
0, 0, 0, 0, 0, 0, 0
0, 0, 0, 0, 0, 0, 0
0, 0, 0, 0, 0, 0, 0
0, 0, 0, 0, 0, 0, 0
0, 0, 0, 0, 0, 0, 0
0, 0, 0, 0, 0, 0, 0
0, 0, 0, 0, 0, 0, 0
0, 0, 0, 0, 0, 0, 0
0, 0, 0, 0, 0, 0, 0
0, 0, 0, 0, 0, 0, 0
0, 0, 0, 0, 0, 0, 0
0, 0, 0, 0, 0, 0, 0
0, 0, 0, 0, 0, 0, 0
0, 0, 0, 0, 0, 0, 0
0, 0, 0, 0, 0, 0, 0
0, 0, 0, 0, 0, 0, 0
0, 0, 0, 0, 0, 0, 0
0, 0, 0, 0, 0, 0, 0
0, 0, 0, 0, 0, 0, 0
0, 0, 0, 0, 0, 0, 0
0, 0, 0, 0, 0, 0, 0
0, 0, 0, 0, 0, 0, 0
0, 0, 0, 0, 0, 0, 0
0, 0, 0, 0, 0, 0, 0
0, 0, 0, 0, 0, 0, 0
0, 0, 0, 0, 0, 0, 0
0, 0, 0, 0, 0, 0, 0
0, 0, 0, 0, 0, 0, 0
0, 0, 0, 0, 0, 0, 0
0, 0, 0, 0, 0, 0, 0
0, 0, 0, 0, 0, 0, 0
0, 0, 0, 0, 0, 0, 0
0, 0, 0, 0, 0, 0, 0
0, 0, 0, 0, 0, 0, 0
0, 0, 0, 0, 0, 0, 0
0, 0, 0, 0, 0, 0, 0
0, 0, 0, 0, 0, 0, 0
0, 0, 0, 0, 0, 0, 0
0, 0, 0, 0, 0, 0, 0
0, 0, 0, 0, 0, 0, 0
0, 0, 0, 0, 0, 0, 0
0, 0, 0, 0, 0, 0, 0
0, 0, 0, 0, 0, 0, 0
0, 0, 0, 0, 0, 0, 0
0, 0, 0, 0, 0, 0, 0
0, 0, 0, 0, 0, 0, 0
0, 0, 0, 0, 0, 0, 0
0, 0, 0, 0, 0, 0, 0
0, 0, 0, 0, 0, 0, 0
0, 0, 0, 0, 0, 0, 0
0, 0, 0, 0, 0, 0, 0
0, 0, 0, 0, 0, 0, 0
0, 0, 0, 0, 0, 0, 0
0, 0, 0, 0, 0, 0, 0
0, 0, 0, 0, 0, 0, 0
0, 0, 0, 0, 0, 0, 0
0, 0, 0, 0, 0, 0, 0
0, 0, 0, 0, 0, 0, 0
0, 0, 0, 0, 0, 0, 0
0, 0, 0, 0, 0, 0, 0
0, 0, 0, 0, 0, 0, 0
0, 0, 0, 0, 0, 0, 0
0, 0, 0, 0, 0, 0, 0
0, 0, 0, 0, 0, 0, 0
0, 0, 0, 0, 0, 0, 0
0, 0, 0, 0, 0, 0, 0
0, 0, 0, 0, 0, 0, 0
0, 0, 0, 0, 0, 0, 0
0, 0, 0, 0, 0, 0, 0
0, 0, 0, 0, 0, 0, 0
0, 0, 0, 0, 0, 0, 0
0, 0, 0, 0, 0, 0, 0
0, 0, 0, 0, 0, 0, 0
0, 0, 0, 0, 0, 0, 0
0, 0, 0, 0, 0, 0, 0
0, 0, 0, 0, 0, 0, 0
0, 0, 0, 0, 0, 0, 0
0, 0, 0, 0, 0, 0, 0
0, 0, 0, 0, 0, 0, 0
0, 0, 0, 0, 0, 0, 0
0, 0, 0, 0, 0, 0, 0
0, 0, 0, 0, 0, 0, 0
0, 0, 0, 0, 0, 0, 0
0, 0, 0, 0, 0, 0, 0
0, 0, 0, 0, 0, 0, 0
0, 0, 0, 0, 0, 0, 0
0, 0, 0, 0, 0, 0, 0
0, 0, 0, 0, 0, 0, 0
0, 0, 0, 0, 0, 0, 0
0, 0, 0, 0, 0, 0, 0
0, 0, 0, 0, 0, 0, 0
0, 0, 0, 0, 0, 0, 0
0, 0, 0, 0, 0, 0, 0
0, 0, 0, 0, 0, 0, 0
0, 0, 0, 0, 0, 0, 0
0, 0, 0, 0, 0, 0, 0
0, 0, 0, 0, 0, 0, 0
0, 0, 0, 0, 0, 0, 0
0, 0, 0, 0, 0, 0, 0
0, 0, 0, 0, 0, 0, 0
0, 0, 0, 0, 0, 0, 0
0, 0, 0, 0, 0, 0, 0
0, 0, 0, 0, 0, 0, 0
0, 0, 0, 0, 0, 0, 0
0, 0, 0, 0, 0, 0, 0
0, 0, 0, 0, 0, 0, 0
0, 0, 0, 0, 0, 0, 0
0, 0, 0, 0, 0, 0, 0
0, 0, 0, 0, 0, 0, 0
0, 0, 0, 0, 0, 0, 0
0, 0, 0, 0, 0, 0, 0
0, 0, 0, 0, 0, 0, 0
0, 0, 0, 0, 0, 0, 0
0, 0, 0, 0, 0, 0, 0
0, 0, 0, 0, 0, 0, 0
0, 0, 0, 0, 0, 0, 0
0, 0, 0, 0, 0, 0, 0
0, 0, 0, 0, 0, 0, 0
0, 0, 0, 0, 0, 0, 0
0, 0, 0, 0, 0, 0, 0
0, 0, 0, 0, 0, 0, 0
0, 0, 0, 0, 0, 0, 0
0, 0, 0, 0, 0, 0, 0
0, 0, 0, 0, 0, 0, 0
0, 0, 0, 0, 0, 0, 0
0, 0, 0, 0, 0, 0, 0
0, 0, 0, 0, 0, 0, 0
0, 0, 0, 0, 0, 0, 0
0, 0, 0, 0, 0, 0, 0
0, 0, 0, 0, 0, 0, 0
0, 0, 0, 0, 0, 0, 0
0, 0, 0, 0, 0, 0, 0
0, 0, 0, 0, 0, 0, 0
0, 0, 0, 0, 0, 0, 0
0, 0, 0, 0, 0, 0, 0
0, 0, 0, 0, 0, 0, 0
0, 0, 0, 0, 0, 0, 0
0, 0, 0, 0, 0, 0, 0
0, 0, 0, 0, 0, 0, 0
0, 0, 0, 0, 0, 0, 0
0, 0, 0, 0, 0, 0, 0
0, 0, 0, 0, 0, 0, 0
0, 0, 0, 0, 0, 0, 0
0, 0, 0, 0, 0, 0, 0
0, 0, 0, 0, 0, 0, 0
0, 0, 0, 0, 0, 0, 0
0, 0, 0, 0, 0, 0, 0
0, 0, 0, 0, 0, 0, 0
0, 0, 0, 0, 0, 0, 0
0, 0, 0, 0, 0, 0, 0
0, 0, 0, 0, 0, 0, 0
0, 0, 0, 0, 0, 0, 0
0, 0, 0, 0, 0, 0, 0
0, 0, 0, 0, 0, 0, 0
0, 0, 0, 0, 0, 0, 0
0, 0, 0, 0, 0, 0, 0
0, 0, 0, 0, 0, 0, 0
0, 0, 0, 0, 0, 0, 0
0, 0, 0, 0, 0, 0, 0
0, 0, 0, 0, 0, 0, 0
0, 0, 0, 0, 0, 0, 0
0, 0, 0, 0, 0, 0, 0
0, 0, 0, 0, 0, 0, 0
0, 0, 0, 0, 0, 0, 0
0, 0, 0, 0, 0, 0, 0
0, 0, 0, 0, 0, 0, 0
0, 0, 0, 0, 0, 0, 0
0, 0, 0, 0, 0, 0, 0
0, 0, 0, 0, 0, 0, 0
0, 0, 0, 0, 0, 0, 0
0, 0, 0, 0, 0, 0, 0
0, 0, 0, 0, 0, 0, 0
0, 0, 0, 0, 0, 0, 0
0, 0, 0, 0, 0, 0, 0
0, 0, 0, 0, 0, 0, 0
0, 0, 0, 0, 0, 0, 0
0, 0, 0, 0, 0, 0, 0
0, 0, 0, 0, 0, 0, 0
0, 0, 0, 0, 0, 0, 0
0, 0, 0, 0, 0, 0, 0
0, 0, 0, 0, 0, 0, 0
0, 0, 0, 0, 0, 0, 0
0, 0, 0, 0, 0, 0, 0
0, 0, 0, 0, 0, 0, 0
0, 0, 0, 0, 0, 0, 0
0, 0, 0, 0, 0, 0, 0
0, 0, 0, 0, 0, 0, 0
0, 0, 0, 0, 0, 0, 0
0, 0, 0, 0, 0, 0, 0
0, 0, 0, 0, 0, 0, 0
0, 0, 0, 0, 0, 0, 0
0, 0, 0, 0, 0, 0, 0
0, 0, 0, 0, 0, 0, 0
0, 0, 0, 0, 0, 0, 0
0, 0, 0, 0, 0, 0, 0
0, 0, 0, 0, 0, 0, 0
0, 0, 0, 0, 0, 0, 0
0, 0, 0, 0, 0, 0, 0
0, 0, 0, 0, 0, 0, 0
0, 0, 0, 0, 0, 0, 0
0, 0, 0, 0, 0, 0, 0
0, 0, 0, 0, 0, 0, 0
0, 0, 0, 0, 0, 0, 0
0, 0, 0, 0, 0, 0, 0
0, 0, 0, 0, 0, 0, 0
0, 0, 0, 0, 0, 0, 0
0, 0, 0, 0, 0, 0, 0
0, 0, 0, 0, 0, 0, 0
0, 0, 0, 0, 0, 0, 0
0, 0, 0, 0, 0, 0, 0
0, 0, 0, 0, 0, 0, 0
0, 0, 0, 0, 0, 0, 0
0, 0, 0, 0, 0, 0, 0
0, 0, 0, 0, 0, 0, 0
0, 0, 0, 0, 0, 0, 0
0, 0, 0, 0, 0, 0, 0
0, 0, 0, 0, 0, 0, 0
0, 0, 0, 0, 0, 0, 0
0, 0, 0, 0, 0, 0, 0
0, 0, 0, 0, 0, 0, 0
0, 0, 0, 0, 0, 0, 0
0, 0, 0, 0, 0, 0, 0
0, 0, 0, 0, 0, 0, 0
0, 0, 0, 0, 0, 0, 0
0, 0, 0, 0, 0, 0, 0
0, 0, 0, 0, 0, 0, 0
0, 0, 0, 0, 0, 0, 0
0, 0, 0, 0, 0, 0, 0
0, 0, 0, 0, 0, 0, 0
0, 0, 0, 0, 0, 0, 0
0, 0, 0, 0, 0, 0, 0
0, 0, 0, 0, 0, 0, 0
0, 0, 0, 0, 0, 0, 0
0, 0, 0, 0, 0, 0, 0
0, 0, 0, 0, 0, 0, 0
0, 0, 0, 0, 0, 0, 0
0, 0, 0, 0, 0, 0, 0
0, 0, 0, 0, 0, 0, 0
0, 0, 0, 0, 0, 0, 0
0, 0, 0, 0, 0, 0, 0
0, 0, 0, 0, 0, 0, 0
0, 0, 0, 0, 0, 0, 0
0, 0, 0, 0, 0, 0, 0
0, 0, 0, 0, 0, 0, 0
0, 0, 0, 0, 0, 0, 0
0, 0, 0, 0, 0, 0, 0
0, 0, 0, 0, 0, 0, 0
0, 0, 0, 0, 0, 0, 0
0, 0, 0, 0, 0, 0, 0
0, 0, 0, 0, 0, 0, 0
0, 0, 0, 0, 0, 0, 0
0, 0, 0, 0, 0, 0, 0
0, 0, 0, 0, 0, 0, 0
0, 0, 0, 0, 0, 0, 0
0, 0, 0, 0, 0, 0, 0
0, 0, 0, 0, 0, 0, 0
0, 0, 0, 0, 0, 0, 0
0, 0, 0, 0, 0, 0, 0
0, 0, 0, 0, 0, 0, 0
0, 0, 0, 0, 0, 0, 0
0, 0, 0, 0, 0, 0, 0
0, 0, 0, 0, 0, 0, 0
0, 0, 0, 0, 0, 0, 0
0, 0, 0, 0, 0, 0, 0
0, 0, 0, 0, 0, 0, 0
0, 0, 0, 0, 0, 0, 0
0, 0, 0, 0, 0, 0, 0
0, 0, 0, 0, 0, 0, 0
0, 0, 0, 0, 0, 0, 0
0, 0, 0, 0, 0, 0, 0
0, 0, 0, 0, 0, 0, 0
0, 0, 0, 0, 0, 0, 0
0, 0, 0, 0, 0, 0, 0
0, 0, 0, 0, 0, 0, 0
0, 0, 0, 0, 0, 0, 0
0, 0, 0, 0, 0, 0, 0
0, 0, 0, 0, 0, 0, 0
0, 0, 0, 0, 0, 0, 0
0, 0, 0, 0, 0, 0, 0
0, 0, 0, 0, 0, 0, 0
0, 0, 0, 0, 0, 0, 0
0, 0, 0, 0, 0, 0, 0
0, 0, 0, 0, 0, 0, 0
0, 0, 0, 0, 0, 0, 0
0, 0, 0, 0, 0, 0, 0
0, 0, 0, 0, 0, 0, 0
0, 0, 0, 0, 0, 0, 0
0, 0, 0, 0, 0, 0, 0
0, 0, 0, 0, 0, 0, 0
0, 0, 0, 0, 0, 0, 0
0, 0, 0, 0, 0, 0, 0
0, 0, 0, 0, 0, 0, 0
0, 0, 0, 0, 0, 0, 0
0, 0, 0, 0, 0, 0, 0
0, 0, 0, 0, 0, 0, 0
0, 0, 0, 0, 0, 0, 0
0, 0, 0, 0, 0, 0, 0
0, 0, 0, 0, 0, 0, 0
0, 0, 0, 0, 0, 0, 0
0, 0, 0, 0, 0, 0, 0
0, 0, 0, 0, 0, 0, 0
0, 0, 0, 0, 0, 0, 0
0, 0, 0, 0, 0, 0, 0
0, 0, 0, 0, 0, 0, 0
0, 0, 0, 0, 0, 0, 0
0, 0, 0, 0, 0, 0, 0
0, 0, 0, 0, 0, 0, 0
0, 0, 0, 0, 0, 0, 0
0, 0, 0, 0, 0, 0, 0
0, 0, 0, 0, 0, 0, 0
0, 0, 0, 0, 0, 0, 0
0, 0, 0, 0, 0, 0, 0
0, 0, 0, 0, 0, 0, 0
0, 0, 0, 0, 0, 0, 0
0, 0, 0, 0, 0, 0, 0
0, 0, 0, 0, 0, 0, 0
0, 0, 0, 0, 0, 0, 0
0, 0, 0, 0, 0, 0, 0
0, 0, 0, 0, 0, 0, 0
0, 0, 0, 0, 0, 0, 0
0, 0, 0, 0, 0, 0, 0
0, 0, 0, 0, 0, 0, 0
0, 0, 0, 0, 0, 0, 0
0, 0, 0, 0, 0, 0, 0
0, 0, 0, 0, 0, 0, 0
0, 0, 0, 0, 0, 0, 0
0, 0, 0, 0, 0, 0, 0
0, 0, 0, 0, 0, 0, 0
0, 0, 0, 0, 0, 0, 0
0, 0, 0, 0, 0, 0, 0
0, 0, 0, 0, 0, 0, 0
0, 0, 0, 0, 0, 0, 0
0, 0, 0, 0, 0, 0, 0
0, 0, 0, 0, 0, 0, 0
0, 0, 0, 0, 0, 0, 0
0, 0, 0, 0, 0, 0, 0
0, 0, 0, 0, 0, 0, 0
0, 0, 0, 0, 0, 0, 0
0, 0, 0, 0, 0, 0, 0
0, 0, 0, 0, 0, 0, 0
0, 0, 0, 0, 0, 0, 0
0, 0, 0, 0, 0, 0, 0
0, 0, 0, 0, 0, 0, 0
0, 0, 0, 0, 0, 0, 0
0, 0, 0, 0, 0, 0, 0
0, 0, 0, 0, 0, 0, 0
0, 0, 0, 0, 0, 0, 0
0, 0, 0, 0, 0, 0, 0
0, 0, 0, 0, 0, 0, 0
0, 0, 0, 0, 0, 0, 0
0, 0, 0, 0, 0, 0, 0
0, 0, 0, 0, 0, 0, 0
0, 0, 0, 0, 0, 0, 0
0, 0, 0, 0, 0, 0, 0
0, 0, 0, 0, 0, 0, 0
0, 0, 0, 0, 0, 0, 0
0, 0, 0, 0, 0, 0, 0
0, 0, 0, 0, 0, 0, 0
0, 0, 0, 0, 0, 0, 0
0, 0, 0, 0, 0, 0, 0
0, 0, 0, 0, 0, 0, 0
0, 0, 0, 0, 0, 0, 0
0, 0, 0, 0, 0, 0, 0
0, 0, 0, 0, 0, 0, 0
0, 0, 0, 0, 0, 0, 0
0, 0, 0, 0, 0, 0, 0
0, 0, 0, 0, 0, 0, 0
0, 0, 0, 0, 0, 0, 0
0, 0, 0, 0, 0, 0, 0
0, 0, 0, 0, 0, 0, 0
0, 0, 0, 0, 0, 0, 0
0, 0, 0, 0, 0, 0, 0
0, 0, 0, 0, 0, 0, 0
0, 0, 0, 0, 0, 0, 0
0, 0, 0, 0, 0, 0, 0
0, 0, 0, 0, 0, 0, 0
0, 0, 0, 0, 0, 0, 0
0, 0, 0, 0, 0, 0, 0
0, 0, 0, 0, 0, 0, 0
0, 0, 0, 0, 0, 0, 0
0, 0, 0, 0, 0, 0, 0
0, 0, 0, 0, 0, 0, 0
0, 0, 0, 0, 0, 0, 0
0, 0, 0, 0, 0, 0, 0
0, 0, 0, 0, 0, 0, 0
0, 0, 0, 0, 0, 0, 0
0, 0, 0, 0, 0, 0, 0
0, 0, 0, 0, 0, 0, 0
0, 0, 0, 0, 0, 0, 0
0, 0, 0, 0, 0, 0, 0
0, 0, 0, 0, 0, 0, 0
0, 0, 0, 0, 0, 0, 0
0, 0, 0, 0, 0, 0, 0
0, 0, 0, 0, 0, 0, 0
0, 0, 0, 0, 0, 0, 0
0, 0, 0, 0, 0, 0, 0
0, 0, 0, 0, 0, 0, 0
0, 0, 0, 0, 0, 0, 0
0, 0, 0, 0, 0, 0, 0
0, 0, 0, 0, 0, 0, 0
0, 0, 0, 0, 0, 0, 0
0, 0, 0, 0, 0, 0, 0
0, 0, 0, 0, 0, 0, 0
0, 0, 0, 0, 0, 0, 0
0, 0, 0, 0, 0, 0, 0
0, 0, 0, 0, 0, 0, 0
0, 0, 0, 0, 0, 0, 0
0, 0, 0, 0, 0, 0, 0
0, 0, 0, 0, 0, 0, 0
0, 0, 0, 0, 0, 0, 0
0, 0, 0, 0, 0, 0, 0
0, 0, 0, 0, 0, 0, 0
0, 0, 0, 0, 0, 0, 0
0, 0, 0, 0, 0, 0, 0
0, 0, 0, 0, 0, 0, 0
0, 0, 0, 0, 0, 0, 0
0, 0, 0, 0, 0, 0, 0
0, 0, 0, 0, 0, 0, 0
0, 0, 0, 0, 0, 0, 0
0, 0, 0, 0, 0, 0, 0
0, 0, 0, 0, 0, 0, 0
0, 0, 0, 0, 0, 0, 0
0, 0, 0, 0, 0, 0, 0
0, 0, 0, 0, 0, 0, 0
0, 0, 0, 0, 0, 0, 0
0, 0, 0, 0, 0, 0, 0
0, 0, 0, 0, 0, 0, 0
0, 0, 0, 0, 0, 0, 0
0, 0, 0, 0, 0, 0, 0
0, 0, 0, 0, 0, 0, 0
0, 0, 0, 0, 0, 0, 0
0, 0, 0, 0, 0, 0, 0
0, 0, 0, 0, 0, 0, 0
0, 0, 0, 0, 0, 0, 0
0, 0, 0, 0, 0, 0, 0
0, 0, 0, 0, 0, 0, 0
0, 0, 0, 0, 0, 0, 0
0, 0, 0, 0, 0, 0, 0
0, 0, 0, 0, 0, 0, 0
0, 0, 0, 0, 0, 0, 0
0, 0, 0, 0, 0, 0, 0
0, 0, 0, 0, 0, 0, 0
0, 0, 0, 0, 0, 0, 0
0, 0, 0, 0, 0, 0, 0
0, 0, 0, 0, 0, 0, 0
0, 0, 0, 0, 0, 0, 0
0, 0, 0, 0, 0, 0, 0
0, 0, 0, 0, 0, 0, 0
0, 0, 0, 0, 0, 0, 0
0, 0, 0, 0, 0, 0, 0
0, 0, 0, 0, 0, 0, 0
0, 0, 0, 0, 0, 0, 0
0, 0, 0, 0, 0, 0, 0
0, 0, 0, 0, 0, 0, 0
0, 0, 0, 0, 0, 0, 0
0, 0, 0, 0, 0, 0, 0
0, 0, 0, 0, 0, 0, 0
0, 0, 0, 0, 0, 0, 0
0, 0, 0, 0, 0, 0, 0
0, 0, 0, 0, 0, 0, 0
0, 0, 0, 0, 0, 0, 0
0, 0, 0, 0, 0, 0, 0
0, 0, 0, 0, 0, 0, 0
0, 0, 0, 0, 0, 0, 0
0, 0, 0, 0, 0, 0, 0
0, 0, 0, 0, 0, 0, 0
0, 0, 0, 0, 0, 0, 0
0, 0, 0, 0, 0, 0, 0
0, 0, 0, 0, 0, 0, 0
0, 0, 0, 0, 0, 0, 0
0, 0, 0, 0, 0, 0, 0
0, 0, 0, 0, 0, 0, 0
0, 0, 0, 0, 0, 0, 0
0, 0, 0, 0, 0, 0, 0
0, 0, 0, 0, 0, 0, 0
0, 0, 0, 0, 0, 0, 0
0, 0, 0, 0, 0, 0, 0
0, 0, 0, 0, 0, 0, 0
0, 0, 0, 0, 0, 0, 0
0, 0, 0, 0, 0, 0, 0
0, 0, 0, 0, 0, 0, 0
0, 0, 0, 0, 0, 0, 0
0, 0, 0, 0, 0, 0, 0
0, 0, 0, 0, 0, 0, 0
0, 0, 0, 0, 0, 0, 0
0, 0, 0, 0, 0, 0, 0
0, 0, 0, 0, 0, 0, 0
0, 0, 0, 0, 0, 0, 0
0, 0, 0, 0, 0, 0, 0
0, 0, 0, 0, 0, 0, 0
0, 0, 0, 0, 0, 0, 0
0, 0, 0, 0, 0, 0, 0
0, 0, 0, 0, 0, 0, 0
0, 0, 0, 0, 0, 0, 0
0, 0, 0, 0, 0, 0, 0
0, 0, 0, 0, 0, 0, 0
0, 0, 0, 0, 0, 0, 0
0, 0, 0, 0, 0, 0, 0
0, 0, 0, 0, 0, 0, 0
0, 0, 0, 0, 0, 0, 0
0, 0, 0, 0, 0, 0, 0
0, 0, 0, 0, 0, 0, 0
0, 0, 0, 0, 0, 0, 0
0, 0, 0, 0, 0, 0, 0
0, 0, 0, 0, 0, 0, 0
0, 0, 0, 0, 0, 0, 0
0, 0, 0, 0, 0, 0, 0
0, 0, 0, 0, 0, 0, 0
0, 0, 0, 0, 0, 0, 0
0, 0, 0, 0, 0, 0, 0
0, 0, 0, 0, 0, 0, 0
0, 0, 0, 0, 0, 0, 0
0, 0, 0, 0, 0, 0, 0
0, 0, 0, 0, 0, 0, 0
0, 0, 0, 0, 0, 0, 0
0, 0, 0, 0, 0, 0, 0
0, 0, 0, 0, 0, 0, 0
0, 0, 0, 0, 0, 0, 0
0, 0, 0, 0, 0, 0, 0
0, 0, 0, 0, 0, 0, 0
0, 0, 0, 0, 0, 0, 0
0, 0, 0, 0, 0, 0, 0
0, 0, 0, 0, 0, 0, 0
0, 0, 0, 0, 0, 0, 0
0, 0, 0, 0, 0, 0, 0
0, 0, 0, 0, 0, 0, 0
0, 0, 0, 0, 0, 0, 0
0, 0, 0, 0, 0, 0, 0
0, 0, 0, 0, 0, 0, 0
0, 0, 0, 0, 0, 0, 0
0, 0, 0, 0, 0, 0, 0
0, 0, 0, 0, 0, 0, 0
0, 0, 0, 0, 0, 0, 0
0, 0, 0, 0, 0, 0, 0
0, 0, 0, 0, 0, 0, 0
0, 0, 0, 0, 0, 0, 0
8.87368825, 9.0332325, 9.236290499999999, 9.4850562, 9.7331708, 14.779568679999999, 22.552578
8.901141, 9.04149, 9.237039249999999, 9.5307057, 9.7766865, 16.052313159999997, 52.853195
8.87276775, 9.0358895, 9.224699999999999, 9.4672962, 9.66031, 10.42860171, 22.552578
8.875797, 9.037979, 9.2258345, 9.505738299999999, 9.708477, 11.164368099999997, 32.855096
8.8953395, 9.040928999999998, 9.230304, 9.5098467, 9.787652, 16.03043855, 36.893046
8.901496250000001, 9.0532955, 9.2316055, 9.5075707, 9.7781941, 14.108003109999997, 36.893046
8.882302750000001, 9.0407295, 9.234368, 9.4853665, 9.681264899999999, 11.738098139999998, 19.502914
8.880768250000001, 9.041485999999999, 9.219804, 9.538426600000001, 9.81292495, 15.573435339999996, 19.071708
8.89680475, 9.049602, 9.26234, 9.5275056, 9.83604315, 16.4003144, 36.893046
8.8860625, 9.052896, 9.2390115, 9.500310800000001, 9.80910795, 16.060656919999996, 24.370709
8.89880925, 9.0392185, 9.2449905, 9.5351789, 9.740526099999999, 14.605052, 20.217992
8.8874835, 9.044778, 9.22702075, 9.456188400000002, 9.7161574, 14.445566949999987, 21.371576
8.88070925, 9.038949500000001, 9.22696975, 9.5109476, 9.771996349999998, 14.67048174, 22.552578
8.87867, 9.03333, 9.223089250000001, 9.4936058, 9.7715675, 13.240051049999993, 19.656824
8.9005535, 9.045823, 9.25687775, 9.538742500000001, 9.798618600000001, 16.40373467, 32.855096
8.8783425, 9.044857, 9.256498749999999, 9.531719200000001, 9.757871199999999, 11.12015926, 22.552578
8.88016475, 9.0285835, 9.220194, 9.5091039, 9.74123715, 11.985390689999988, 32.855096
8.8872955, 9.0422805, 9.26067625, 9.5298573, 9.768146, 16.18028951, 32.855096
8.8858425, 9.047595000000001, 9.245476250000001, 9.5310984, 9.779738449999998, 16.39846709, 21.371576
8.89838275, 9.044636, 9.232711, 9.4857992, 9.7047413, 14.70315702999999, 20.217992
8.888544, 9.034938499999999, 9.221947, 9.483261400000002, 9.73061035, 14.90866716999999, 19.645042
8.87272875, 9.024434, 9.23690875, 9.490843500000002, 9.73911265, 16.05910689, 52.853195
8.875357, 9.0312875, 9.23557175, 9.5107306, 9.738185, 14.910448319999988, 22.552578
8.881456250000001, 9.0337765, 9.243769499999999, 9.5441239, 9.7724295, 14.452805489999998, 19.072953
8.878928, 9.031725, 9.2262615, 9.5024456, 9.709213250000001, 13.258511, 19.587514
8.88138575, 9.038043, 9.246623750000001, 9.5132492, 9.7239009, 14.108003109999997, 36.893046
8.88191325, 9.0430195, 9.235552, 9.5170844, 9.818821550000001, 16.447658, 24.370709
8.89078325, 9.044043, 9.25186275, 9.512836, 9.79965695, 16.065328139999995, 52.853195
8.909299749999999, 9.042479499999999, 9.2323595, 9.508007600000001, 9.738827500000001, 13.626186349999992, 52.853195
8.8891365, 9.0447195, 9.24934025, 9.498971, 9.7129877, 11.135782879999999, 32.855096
8.890033500000001, 9.039203, 9.2612735, 9.5476404, 9.81892665, 16.184820579999997, 52.853195
8.898012, 9.035346, 9.22828275, 9.4746629, 9.68736665, 14.69174642, 52.853195
8.887834, 9.0339785, 9.222232250000001, 9.495196199999999, 9.693406249999999, 11.163599429999998, 36.893046
8.87522975, 9.03997, 9.22287, 9.4977918, 9.7103584, 14.70315702999999, 22.552578
8.86988325, 9.037759000000001, 9.2346355, 9.5059529, 9.71168815, 14.431153, 36.893046
8.8970615, 9.037084, 9.24287325, 9.511583, 9.761134, 13.739662779999989, 21.371576
8.898505, 9.048269999999999, 9.248319500000001, 9.5253402, 9.81316775, 16.39820255, 32.855096
8.89117925, 9.0436895, 9.247427, 9.5035319, 9.6980541, 16.219549039999997, 19.656824
8.886620749999999, 9.038215000000001, 9.23082025, 9.4842505, 9.7248027, 13.257263589999978, 32.855096
8.88571025, 9.028113000000001, 9.226656250000001, 9.5075592, 9.7402657, 16.05910689, 52.853195
8.881910000000001, 9.037040999999999, 9.24987425, 9.5473154, 9.78219935, 16.032008259999998, 23.303856
8.888898750000001, 9.053142, 9.2482895, 9.4969215, 9.71161635, 14.910448319999988, 36.893046
8.885957999999999, 9.0449225, 9.24317775, 9.5129756, 9.7160942, 14.786283509999993, 19.373624
8.8801045, 9.038449, 9.2274875, 9.472414500000001, 9.7105149, 16.36254276, 21.371576
8.893519, 9.039887, 9.23257325, 9.4971791, 9.694085049999998, 13.810030339999994, 23.303856
8.874554, 9.0279485, 9.2227655, 9.4511241, 9.7332338, 11.16183727, 24.370709
8.88340225, 9.033532000000001, 9.215391, 9.474778, 9.757248950000001, 10.24764495, 17.446492
8.87648025, 9.032613999999999, 9.232512, 9.4977918, 9.768573149999998, 14.693420859999998, 36.893046
8.89853575, 9.04328, 9.23080425, 9.500914600000002, 9.775902, 14.432711939999985, 52.853195
8.881449750000002, 9.038826, 9.227563499999999, 9.5070966, 9.71921725, 11.996985519999978, 32.855096
8.886788, 9.057887000000001, 9.2450285, 9.517100300000001, 9.80796425, 16.03083744, 19.587514
8.88998825, 9.046799, 9.24678775, 9.5241907, 9.8131794, 13.728709089999999, 32.855096
8.88844475, 9.0414485, 9.2299095, 9.5121131, 9.739889, 14.192837, 36.893046
8.8800155, 9.0397935, 9.23582875, 9.4915962, 9.757533, 14.1948271, 23.303856
8.883587499999999, 9.036236, 9.238664499999999, 9.5267638, 9.82430035, 16.60378809, 52.853195
8.89111325, 9.046616499999999, 9.23703325, 9.482715, 9.72294545, 11.011485200000001, 52.853195
8.88764675, 9.048055999999999, 9.243125249999999, 9.5126569, 9.73407565, 13.167803759999995, 19.892145
8.89138275, 9.051400000000001, 9.2474895, 9.532075299999999, 9.76843495, 14.450396, 32.855096
8.8751205, 9.037513, 9.23707825, 9.560027400000001, 9.85456025, 16.7075575, 36.893046
8.8827065, 9.037267499999999, 9.226511250000001, 9.482880600000001, 9.723697450000001, 15.978104099999998, 32.855096
8.883121, 9.036048000000001, 9.230531, 9.4684287, 9.694772449999999, 14.002109669999998, 22.552578
8.884480250000001, 9.0405425, 9.240669, 9.5247669, 9.73476515, 14.395712159999997, 32.855096
8.875687, 9.0325515, 9.233104, 9.526223100000001, 9.81892665, 14.898931, 36.893046
8.895206, 9.038993, 9.240668, 9.5129628, 9.740332749999999, 10.458049189999999, 52.853195
8.88566125, 9.0413105, 9.237133, 9.5116875, 9.71071325, 10.881194970000001, 52.853195
8.878068, 9.045774, 9.25080425, 9.509582400000001, 9.7237601, 15.575216489999995, 36.893046
8.90258775, 9.060496, 9.24507475, 9.5165711, 9.77640525, 16.05910689, 36.893046
8.89111325, 9.04172, 9.24232075, 9.5267971, 9.806857, 16.03093679, 32.855096
8.87004, 9.034016999999999, 9.2403395, 9.4804853, 9.68581205, 14.783211649999997, 32.855096
8.87825325, 9.0346875, 9.22864, 9.4846555, 9.74145995, 14.444064699999988, 52.853195
8.88825375, 9.051859499999999, 9.24220225, 9.5121627, 9.765778, 11.255858, 24.370709
8.89132925, 9.046068, 9.2578405, 9.5365596, 9.799576100000001, 11.455711069999996, 24.370709
8.88833975, 9.041795, 9.237469, 9.4975143, 9.756560749999998, 14.39224006, 19.645042
8.876559, 9.0413765, 9.24335125, 9.496526900000001, 9.710294750000001, 14.741395359999991, 19.645042
8.87822725, 9.046348, 9.23555575, 9.4831965, 9.73877, 11.752293209999985, 52.853195
8.876028, 9.031192, 9.23088325, 9.482374, 9.65639975, 10.898185779999999, 17.729277
8.8838815, 9.047573499999999, 9.259432, 9.5128809, 9.72866825, 16.39846709, 32.855096
8.89044225, 9.0391615, 9.24210275, 9.5174458, 9.7724295, 16.25468784, 23.303856
8.89703225, 9.042201500000001, 9.24721075, 9.5025828, 9.71428145, 10.883086209999998, 17.734753
0, 0, 0, 0, 0, 0, 0
0, 0, 0, 0, 0, 0, 0
0, 0, 0, 0, 0, 0, 0
0, 0, 0, 0, 0, 0, 0
0, 0, 0, 0, 0, 0, 0
0, 0, 0, 0, 0, 0, 0
0, 0, 0, 0, 0, 0, 0
0, 0, 0, 0, 0, 0, 0
0, 0, 0, 0, 0, 0, 0
0, 0, 0, 0, 0, 0, 0
0, 0, 0, 0, 0, 0, 0
0, 0, 0, 0, 0, 0, 0
0, 0, 0, 0, 0, 0, 0
0, 0, 0, 0, 0, 0, 0
0, 0, 0, 0, 0, 0, 0
0, 0, 0, 0, 0, 0, 0
0, 0, 0, 0, 0, 0, 0
0, 0, 0, 0, 0, 0, 0
0, 0, 0, 0, 0, 0, 0
0, 0, 0, 0, 0, 0, 0
0, 0, 0, 0, 0, 0, 0
0, 0, 0, 0, 0, 0, 0
0, 0, 0, 0, 0, 0, 0
0, 0, 0, 0, 0, 0, 0
0, 0, 0, 0, 0, 0, 0
0, 0, 0, 0, 0, 0, 0
0, 0, 0, 0, 0, 0, 0
0, 0, 0, 0, 0, 0, 0
0, 0, 0, 0, 0, 0, 0
0, 0, 0, 0, 0, 0, 0
0, 0, 0, 0, 0, 0, 0
0, 0, 0, 0, 0, 0, 0
0, 0, 0, 0, 0, 0, 0
0, 0, 0, 0, 0, 0, 0
0, 0, 0, 0, 0, 0, 0
0, 0, 0, 0, 0, 0, 0
0, 0, 0, 0, 0, 0, 0
0, 0, 0, 0, 0, 0, 0
0, 0, 0, 0, 0, 0, 0
0, 0, 0, 0, 0, 0, 0
0, 0, 0, 0, 0, 0, 0
0, 0, 0, 0, 0, 0, 0
0, 0, 0, 0, 0, 0, 0
0, 0, 0, 0, 0, 0, 0
0, 0, 0, 0, 0, 0, 0
0, 0, 0, 0, 0, 0, 0
0, 0, 0, 0, 0, 0, 0
0, 0, 0, 0, 0, 0, 0
0, 0, 0, 0, 0, 0, 0
0, 0, 0, 0, 0, 0, 0
0, 0, 0, 0, 0, 0, 0
0, 0, 0, 0, 0, 0, 0
8.887537, 9.033872, 9.23583225, 9.5125883, 9.73061035, 12.00640526999999, 19.587514
8.87880375, 9.033293, 9.221851749999999, 9.4979399, 9.720028849999998, 14.779568679999999, 32.855096
8.88024575, 9.047805499999999, 9.2421735, 9.499281400000001, 9.734041, 11.751590159999987, 24.370709
8.905370000000001, 9.0503965, 9.26222175, 9.5379431, 9.793376199999999, 13.556069879999999, 52.853195
8.895789, 9.0413075, 9.2439015, 9.492110499999999, 9.7951645, 16.37895398, 36.893046
8.88571025, 9.038518, 9.240076, 9.5332393, 9.7401951, 16.109982679999998, 32.855096
8.88848175, 9.032622, 9.21118675, 9.479433600000002, 9.701023000000001, 13.740221009999997, 32.855096
8.8905165, 9.032597, 9.22460525, 9.49414, 9.7162384, 11.530913589999999, 20.217992
8.88863425, 9.0501945, 9.252851, 9.5406672, 9.80268815, 16.36254276, 52.853195
8.8909185, 9.051177, 9.226467, 9.5263552, 9.79334515, 16.03093679, 24.370709
8.880942, 9.043746500000001, 9.236002, 9.4801602, 9.7986111, 14.898931, 22.552578
8.87760375, 9.042735, 9.24220225, 9.4984535, 9.73011735, 13.806577739999996, 52.853195
8.877682, 9.039436, 9.23725275, 9.50903, 9.742467599999998, 17.231225, 52.853195
8.89793375, 9.031442, 9.23703325, 9.4796166, 9.6946541, 11.930102859999986, 20.217992
8.89095425, 9.0459465, 9.248185750000001, 9.519934300000001, 9.802665750000001, 14.211415259999985, 32.855096
8.894694, 9.0386265, 9.2451575, 9.5338466, 9.77191745, 11.739113499999998, 22.552578
8.892525749999999, 9.038961, 9.217012, 9.472647600000002, 9.7083, 10.90895599, 21.371576
8.88269575, 9.0501945, 9.23886475, 9.517728600000002, 9.73552765, 11.374306019999999, 32.855096
8.892175, 9.0456415, 9.23454075, 9.5023808, 9.749274999999999, 13.556069879999999, 24.370709
8.880658, 9.033891, 9.243769499999999, 9.4973877, 9.71996235, 14.41651684, 32.855096
8.88656075, 9.045746999999999, 9.24970025, 9.5462482, 9.765848349999999, 16.602683, 52.853195
8.89123625, 9.0469605, 9.24260825, 9.534562300000001, 9.8021306, 16.10960347, 23.303856
8.89412, 9.039405, 9.2328625, 9.492274400000001, 9.74112555, 16.03043855, 19.892145
8.871889249999999, 9.032025, 9.242636, 9.5121917, 9.76127315, 13.807454749999996, 36.893046
8.8814595, 9.040496, 9.24701225, 9.554087, 9.8085985, 14.452594749999998, 19.645042
8.888159, 9.0407425, 9.23169925, 9.476569, 9.689497, 13.72803882, 52.853195
8.8854345, 9.0443915, 9.245922499999999, 9.4854801, 9.70140145, 11.91497702, 19.892145
8.8958215, 9.051349, 9.24051725, 9.4987504, 9.77637615, 16.052313159999997, 19.892145
8.88993425, 9.049244, 9.245908, 9.5509539, 9.8625484, 16.03083744, 23.303856
8.89268225, 9.054924499999998, 9.23724325, 9.4937076, 9.71366585, 11.739916889999996, 19.072953
8.889188, 9.04387, 9.24307275, 9.5203682, 9.74090275, 13.920404079999996, 20.217992
8.891279, 9.046882, 9.247768, 9.512637, 9.799278, 15.874907839999999, 20.217992
8.8756965, 9.038682, 9.2309925, 9.488179, 9.7420457, 11.757611399999982, 22.552578
8.884114, 9.044667, 9.248285000000001, 9.538779700000001, 9.859069, 14.691345, 24.370709
8.89044925, 9.0446635, 9.25538525, 9.4954797, 9.740704299999999, 15.725606399999997, 52.853195
8.88706575, 9.048919, 9.250467500000001, 9.5060268, 9.72866825, 13.559755889999995, 52.853195
8.88782725, 9.050908, 9.244118499999999, 9.5129628, 9.726112350000001, 13.232364, 24.370709
8.87447775, 9.033104999999999, 9.238315, 9.4951444, 9.792172599999999, 14.90866716999999, 52.853195
8.8881305, 9.044242, 9.2474345, 9.5489014, 9.81769355, 13.728709089999999, 24.370709
8.876028, 9.039812000000001, 9.242117, 9.4847774, 9.761134, 14.005562269999995, 32.855096
8.891596, 9.044508, 9.23861125, 9.5120351, 9.778908, 14.67135192, 32.855096
8.900373, 9.056239, 9.25608925, 9.525661, 9.733242500000001, 11.399037239999977, 52.853195
8.886881, 9.0389285, 9.257873499999999, 9.569490400000001, 9.8132033, 16.098597, 24.370709
8.878123, 9.0302775, 9.22908125, 9.525004, 9.7781941, 16.36254276, 21.371576
8.88238, 9.028370500000001, 9.22856925, 9.4842499, 9.74224415, 14.79034823999999, 24.370709
8.882049, 9.0279115, 9.230590750000001, 9.5251707, 9.84991325, 16.4765028, 23.303856
8.8731065, 9.0444675, 9.233274, 9.5077885, 9.8188359, 16.09869635, 24.370709
8.881449750000002, 9.029845, 9.22464925, 9.50114, 9.71185485, 11.76144347999998, 52.853195
8.87760375, 9.040187, 9.24911, 9.50642, 9.761134, 13.809444849999995, 32.855096
8.8871675, 9.033651500000001, 9.224062, 9.4925156, 9.74317775, 14.016762449999986, 52.853195
8.89078175, 9.0455455, 9.238287249999999, 9.5183881, 9.80274295, 16.058708, 32.855096
8.886843500000001, 9.042919, 9.2423265, 9.520095099999999, 9.7332338, 12.00710831999999, 22.552578
8.881764749999999, 9.041207499999999, 9.23287875, 9.5094131, 9.78633, 16.748617909999997, 24.370709
8.8933565, 9.051684999999999, 9.245285500000001, 9.496489200000001, 9.7986111, 16.059206239999998, 52.853195
8.9010055, 9.048055999999999, 9.2659915, 9.5482011, 9.81934665, 16.397703, 24.370709
8.87828975, 9.0417895, 9.2429335, 9.5117613, 9.8166875, 16.035878299999993, 52.853195
8.87447775, 9.0414065, 9.242416500000001, 9.489258, 9.7702711, 16.060277709999998, 52.853195
8.885385249999999, 9.0442015, 9.239937000000001, 9.540634299999999, 9.7767844, 14.108588599999997, 24.370709
8.88279025, 9.055159, 9.260305, 9.5777031, 9.86219025, 13.917143909999998, 32.855096
8.878998249999999, 9.031642000000002, 9.22807225, 9.499914200000001, 9.719838, 10.424356249999997, 19.645042
8.88686, 9.044185500000001, 9.253069, 9.5178004, 9.77024415, 15.979274919999998, 24.370709
8.895179500000001, 9.043487500000001, 9.25938825, 9.5491017, 9.77230625, 11.09785739, 21.371576
8.892790250000001, 9.0494155, 9.2466395, 9.5063141, 9.71648685, 11.462555559999982, 22.552578
8.8822735, 9.029447, 9.22162775, 9.4840024, 9.757429, 11.059817209999997, 36.893046
8.8822975, 9.045319, 9.23646875, 9.503669100000002, 9.7074605, 10.460011259999996, 52.853195
8.891535, 9.040928999999998, 9.242276500000001, 9.538740700000002, 9.74137165, 11.93717743999998, 19.587514
0, 0, 0, 0, 0, 0, 0
0, 0, 0, 0, 0, 0, 0
0, 0, 0, 0, 0, 0, 0
0, 0, 0, 0, 0, 0, 0
0, 0, 0, 0, 0, 0, 0
0, 0, 0, 0, 0, 0, 0
0, 0, 0, 0, 0, 0, 0
0, 0, 0, 0, 0, 0, 0
0, 0, 0, 0, 0, 0, 0
0, 0, 0, 0, 0, 0, 0
0, 0, 0, 0, 0, 0, 0
0, 0, 0, 0, 0, 0, 0
0, 0, 0, 0, 0, 0, 0
0, 0, 0, 0, 0, 0, 0
0, 0, 0, 0, 0, 0, 0
0, 0, 0, 0, 0, 0, 0
0, 0, 0, 0, 0, 0, 0
0, 0, 0, 0, 0, 0, 0
0, 0, 0, 0, 0, 0, 0
0, 0, 0, 0, 0, 0, 0
0, 0, 0, 0, 0, 0, 0
0, 0, 0, 0, 0, 0, 0
0, 0, 0, 0, 0, 0, 0
0, 0, 0, 0, 0, 0, 0
0, 0, 0, 0, 0, 0, 0
0, 0, 0, 0, 0, 0, 0
0, 0, 0, 0, 0, 0, 0
0, 0, 0, 0, 0, 0, 0
0, 0, 0, 0, 0, 0, 0
0, 0, 0, 0, 0, 0, 0
0, 0, 0, 0, 0, 0, 0
0, 0, 0, 0, 0, 0, 0
0, 0, 0, 0, 0, 0, 0
0, 0, 0, 0, 0, 0, 0
0, 0, 0, 0, 0, 0, 0
0, 0, 0, 0, 0, 0, 0
0, 0, 0, 0, 0, 0, 0
0, 0, 0, 0, 0, 0, 0
0, 0, 0, 0, 0, 0, 0
0, 0, 0, 0, 0, 0, 0
0, 0, 0, 0, 0, 0, 0
0, 0, 0, 0, 0, 0, 0
0, 0, 0, 0, 0, 0, 0
0, 0, 0, 0, 0, 0, 0
0, 0, 0, 0, 0, 0, 0
0, 0, 0, 0, 0, 0, 0
0, 0, 0, 0, 0, 0, 0
0, 0, 0, 0, 0, 0, 0
0, 0, 0, 0, 0, 0, 0
0, 0, 0, 0, 0, 0, 0
0, 0, 0, 0, 0, 0, 0
0, 0, 0, 0, 0, 0, 0
0, 0, 0, 0, 0, 0, 0
0, 0, 0, 0, 0, 0, 0
0, 0, 0, 0, 0, 0, 0
0, 0, 0, 0, 0, 0, 0
0, 0, 0, 0, 0, 0, 0
0, 0, 0, 0, 0, 0, 0
0, 0, 0, 0, 0, 0, 0
0, 0, 0, 0, 0, 0, 0
0, 0, 0, 0, 0, 0, 0
0, 0, 0, 0, 0, 0, 0
0, 0, 0, 0, 0, 0, 0
0, 0, 0, 0, 0, 0, 0
0, 0, 0, 0, 0, 0, 0
0, 0, 0, 0, 0, 0, 0
0, 0, 0, 0, 0, 0, 0
0, 0, 0, 0, 0, 0, 0
0, 0, 0, 0, 0, 0, 0
0, 0, 0, 0, 0, 0, 0
0, 0, 0, 0, 0, 0, 0
0, 0, 0, 0, 0, 0, 0
0, 0, 0, 0, 0, 0, 0
0, 0, 0, 0, 0, 0, 0
0, 0, 0, 0, 0, 0, 0
0, 0, 0, 0, 0, 0, 0
0, 0, 0, 0, 0, 0, 0
0, 0, 0, 0, 0, 0, 0
0, 0, 0, 0, 0, 0, 0
0, 0, 0, 0, 0, 0, 0
0, 0, 0, 0, 0, 0, 0
0, 0, 0, 0, 0, 0, 0
0, 0, 0, 0, 0, 0, 0
0, 0, 0, 0, 0, 0, 0
0, 0, 0, 0, 0, 0, 0
0, 0, 0, 0, 0, 0, 0
0, 0, 0, 0, 0, 0, 0
0, 0, 0, 0, 0, 0, 0
0, 0, 0, 0, 0, 0, 0
0, 0, 0, 0, 0, 0, 0
0, 0, 0, 0, 0, 0, 0
0, 0, 0, 0, 0, 0, 0
0, 0, 0, 0, 0, 0, 0
0, 0, 0, 0, 0, 0, 0
0, 0, 0, 0, 0, 0, 0
0, 0, 0, 0, 0, 0, 0
0, 0, 0, 0, 0, 0, 0
0, 0, 0, 0, 0, 0, 0
0, 0, 0, 0, 0, 0, 0
0, 0, 0, 0, 0, 0, 0
0, 0, 0, 0, 0, 0, 0
0, 0, 0, 0, 0, 0, 0
0, 0, 0, 0, 0, 0, 0
0, 0, 0, 0, 0, 0, 0
8.87386375, 9.029652500000001, 9.2329775, 9.5172905, 9.70100435, 11.101168479999997, 19.656824
8.87478, 9.033891, 9.23403875, 9.4979399, 9.693893, 11.73735778, 21.371576
8.885581, 9.048655, 9.227128, 9.4922968, 9.7243815, 16.90117569, 36.893046
8.88608675, 9.054735, 9.25553675, 9.5379431, 9.769433, 15.725606399999997, 22.552578
8.875716, 9.046656, 9.230787, 9.497989, 9.68735, 14.10601301, 22.552578
8.892725, 9.029536, 9.230703250000001, 9.509852500000001, 9.75768315, 11.255858, 24.370709
8.880507249999999, 9.0515455, 9.24410425, 9.531765700000001, 9.742632949999999, 14.108396169999997, 24.370709
8.890033, 9.039107, 9.22470775, 9.5080217, 9.740374999999998, 14.693420859999998, 21.371576
8.893313749999999, 9.0443105, 9.235730499999999, 9.527899100000003, 9.71681415, 13.805537069999998, 19.213916
8.89711775, 9.055908, 9.25406625, 9.490188, 9.72866825, 14.670271, 32.855096
8.87685825, 9.0336255, 9.22807225, 9.4772234, 9.7165061, 11.02222282, 23.303856
8.889710749999999, 9.042399, 9.242416500000001, 9.5345592, 9.7334632, 13.494688899999991, 19.587514
8.874137, 9.029046, 9.2256515, 9.5042532, 9.73552765, 14.693420859999998, 22.552578
8.879893, 9.043963999999999, 9.2255815, 9.5034774, 9.71445245, 15.97762476, 21.371576
8.89561875, 9.038584, 9.24321625, 9.529137, 9.7647849, 14.786283509999993, 36.893046
8.88706025, 9.043645, 9.23691475, 9.493948800000002, 9.7014201, 13.625993919999992, 20.217992
8.8905455, 9.035781499999999, 9.243694999999999, 9.499914200000001, 9.70839665, 13.487890559999999, 24.370709
8.8843185, 9.0364275, 9.2302145, 9.5114777, 9.807172900000001, 16.4765781, 52.853195
8.906304500000001, 9.0564515, 9.25401125, 9.5266768, 9.8092914, 14.452594749999998, 22.552578
8.88976175, 9.0463465, 9.2482895, 9.503744000000001, 9.734734, 14.733161439999998, 36.893046
8.885482, 9.037073, 9.227455749999999, 9.4773762, 9.7180662, 11.741380109999998, 36.893046
8.88230875, 9.030535, 9.226283500000001, 9.4885874, 9.7405376, 12.00736978999999, 52.853195
8.8744865, 9.017643499999998, 9.1918835, 9.451493000000001, 9.707610749999999, 16.10960347, 52.853195
8.89117475, 9.050684, 9.26212875, 9.5487482, 9.81290615, 15.263228, 32.855096
8.878261, 9.0297415, 9.24322375, 9.5246698, 9.7430658, 16.05991641, 24.370709
8.883139499999999, 9.0428075, 9.24587575, 9.517778000000002, 9.761134, 15.874907839999999, 32.855096
8.892362, 9.042024, 9.2396665, 9.5234055, 9.7345687, 14.78930484999999, 36.893046
8.89322225, 9.047657000000001, 9.24803975, 9.519934300000001, 9.808389850000001, 16.108532, 36.893046
8.89094, 9.03793, 9.248101, 9.505799699999999, 9.80661475, 16.09869635, 19.892145
8.876935249999999, 9.0279115, 9.24954875, 9.508165, 9.78219935, 14.452594749999998, 19.892145
8.89537475, 9.0475525, 9.265513, 9.5401589, 9.7789139, 14.122810119999984, 32.855096
8.899818, 9.051938, 9.25674325, 9.5414241, 9.8021051, 15.272752509999991, 22.552578
8.88818725, 9.051343, 9.231295, 9.5256946, 9.829971, 16.70684715, 32.855096
8.896926, 9.041222000000001, 9.22827975, 9.520095099999999, 9.799316549999999, 13.91610324, 36.893046
8.883453, 9.046594, 9.25328575, 9.5055714, 9.74224415, 13.169590859999992, 23.303856
8.88098325, 9.033819999999999, 9.224421, 9.4854801, 9.7142541, 11.682221709999999, 24.370709
8.87234875, 9.037151, 9.23564, 9.512836, 9.77960265, 11.445075199999998, 22.552578
8.875682999999999, 9.020021, 9.235705249999999, 9.5094131, 9.7560311, 13.163023519999998, 52.853195
8.879383749999999, 9.044239000000001, 9.247067249999999, 9.5466088, 9.8139838, 16.26361493, 52.853195
8.88757125, 9.047019, 9.25051225, 9.509855700000001, 9.717675, 11.453356549999997, 19.072953
8.87292375, 9.0324995, 9.221952, 9.520845699999999, 9.85920575, 16.052758269999998, 52.853195
8.87861225, 9.0398295, 9.2329775, 9.449103, 9.681216749999999, 14.41651684, 52.853195
8.89064025, 9.048450500000001, 9.25845625, 9.5602332, 9.80963245, 16.031646959999996, 52.853195
8.8872955, 9.0434345, 9.24587575, 9.5306713, 9.74920055, 16.109242169999998, 52.853195
8.884707, 9.039022, 9.22585725, 9.4846491, 9.740178, 16.061903519999998, 23.303856
8.8853625, 9.042707, 9.24991675, 9.5108721, 9.791958, 13.804678829999999, 24.370709
8.884248, 9.0447065, 9.23756025, 9.4979868, 9.802665750000001, 14.41651684, 32.855096
8.888169, 9.0430135, 9.2383285, 9.464271499999999, 9.6537018, 13.920256239999995, 21.371576
8.87874775, 9.019596499999999, 9.233903999999999, 9.485054, 9.68347575, 14.391847, 32.855096
8.886881, 9.0420535, 9.238342, 9.516987, 9.7345687, 13.16276205, 52.853195
8.8800155, 9.03389, 9.23463325, 9.4627581, 9.70140145, 10.207196530000001, 23.303856
8.889848749999999, 9.046184, 9.2439015, 9.535433300000001, 9.725732599999999, 16.36279307, 32.855096
8.87963725, 9.03372, 9.238425249999999, 9.4974927, 9.72604315, 11.930791539999985, 21.371576
8.884273749999998, 9.036044, 9.235675749999999, 9.5035319, 9.80909, 17.204389319999997, 20.217992
8.903905, 9.0540535, 9.261471, 9.5519808, 9.77024415, 11.529391, 24.370709
8.890817, 9.042576, 9.23924375, 9.5174039, 9.77955705, 14.898931, 19.645042
8.89530375, 9.042444, 9.23712075, 9.534561, 9.8005661, 15.263228, 21.371576
8.87991375, 9.0415205, 9.2359405, 9.509171, 9.7401343, 11.972795, 19.656824
8.88098325, 9.0467, 9.258221749999999, 9.526314600000001, 9.74902, 14.433544179999998, 23.303856
8.88722275, 9.0446125, 9.261939, 9.553653800000001, 9.808012699999999, 15.272391209999991, 19.656824
8.898546, 9.044427, 9.248423, 9.5487593, 9.83042895, 16.406727359999998, 19.072953
8.88677375, 9.0385005, 9.238493499999999, 9.492164500000001, 9.719153, 13.737205269999999, 52.853195
8.882134, 9.0577475, 9.243230500000001, 9.5352542, 9.78257865, 16.18028951, 52.853195
8.88379825, 9.043923, 9.226393, 9.5234871, 9.77046135, 16.44792254, 32.855096
8.8906835, 9.047676, 9.247654, 9.5486165, 9.825601, 14.74289760999999, 24.370709
8.889848749999999, 9.03568, 9.244522, 9.511696500000001, 9.7573991, 13.727953, 52.853195
8.87562625, 9.031112499999999, 9.2318965, 9.496700200000001, 9.73476515, 11.161478, 19.587514
8.892551, 9.034849000000001, 9.23397125, 9.494955, 9.69188005, 13.917143909999998, 32.855096
8.888681, 9.047807500000001, 9.24759375, 9.5092862, 9.80661475, 14.787802599999992, 21.371576
8.89750075, 9.050623, 9.24263275, 9.512129600000002, 9.68335485, 11.119379, 36.893046
8.87467725, 9.0342275, 9.23508425, 9.50564, 9.71898395, 11.813872359999998, 36.893046
8.894531, 9.045452999999998, 9.23801725, 9.5017654, 9.6617518, 15.270364589999993, 52.853195
8.892659, 9.052925, 9.257873499999999, 9.531621800000002, 9.72335355, 13.261468359999999, 19.213916
8.89883175, 9.05717, 9.250562, 9.534338600000002, 9.8171541, 16.18028951, 52.853195
8.880488, 9.039107, 9.23270825, 9.501320100000001, 9.7937914, 16.258195919999995, 32.855096
8.873658, 9.0339785, 9.222134, 9.4641304, 9.68673995, 13.237319889999997, 32.855096
8.8890405, 9.0416565, 9.227054500000001, 9.5073587, 9.7335147, 14.69221518, 36.893046
8.8709335, 9.0342085, 9.232819249999999, 9.5003407, 9.648113749999998, 13.270429849999989, 36.893046
8.877895, 9.049521, 9.2479625, 9.5203138, 9.806744349999999, 14.432891989999998, 24.370709
8.90225025, 9.051217, 9.246914, 9.4952373, 9.7996442, 14.464617519999987, 21.371576
8.89432875, 9.0501565, 9.257306, 9.5363258, 9.81478005, 16.39775888, 32.855096
8.87920025, 9.034006999999999, 9.24225775, 9.528204800000001, 9.752797, 13.265936579999993, 19.213916
8.889327, 9.042962, 9.23585825, 9.4684019, 9.6931255, 10.641450069999998, 19.892145
8.88810125, 9.040264, 9.25102325, 9.5055714, 9.6945553, 11.19798953, 32.855096
8.868728749999999, 9.0192755, 9.218009499999999, 9.4695145, 9.716544050000001, 15.573435339999996, 32.855096
8.89942525, 9.0563, 9.244869999999999, 9.5228684, 9.793025, 15.977419659999999, 52.853195
8.86862675, 9.0298325, 9.22733875, 9.516023, 9.77657215, 14.683337159999988, 32.855096
8.890588, 9.037173500000002, 9.24595475, 9.558528800000001, 9.75794525, 12.010963289999985, 36.893046
8.901943750000001, 9.0431795, 9.25043925, 9.5178778, 9.80963245, 15.575011389999995, 52.853195
8.889731, 9.040397500000001, 9.23721025, 9.5171619, 9.8079274, 14.90971055999999, 20.217992
8.8783105, 9.042662, 9.229938749999999, 9.4982235, 9.7180215, 14.605914929999999, 32.855096
8.88769375, 9.039099499999999, 9.231809, 9.5106072, 9.8129033, 11.932528599999983, 21.371576
8.8935855, 9.040582, 9.243094750000001, 9.495459, 9.71153165, 11.118946649999982, 36.893046
8.90267725, 9.045450500000001, 9.2518295, 9.4885874, 9.76401005, 16.65972384, 32.855096
8.890585000000002, 9.042517, 9.23724325, 9.5059872, 9.74902, 12.00736978999999, 19.656824
8.88158875, 9.0347515, 9.241586250000001, 9.4950941, 9.8129033, 14.454881349999996, 36.893046
8.888016499999999, 9.0560945, 9.2546475, 9.548158, 9.771584950000001, 14.701654779999991, 52.853195
8.89329225, 9.036949499999999, 9.23508425, 9.5073042, 9.70140145, 11.09759941, 17.997995
8.87291325, 9.03387, 9.22364875, 9.5231726, 9.775902, 14.007761019999993, 21.371576
8.880218, 9.037955499999999, 9.2528735, 9.5182805, 9.8080293, 14.445566949999987, 24.370709
8.8827365, 9.039427, 9.24073125, 9.5300054, 9.809620650000001, 16.21799879, 19.892145
8.887319999999999, 9.0505715, 9.26051525, 9.5272059, 9.802613350000001, 15.725401299999996, 52.853195
8.896692, 9.045641, 9.24010125, 9.491848800000001, 9.772097, 16.18028951, 36.893046
8.881914, 9.049805500000002, 9.243016, 9.530488100000001, 9.7669266, 14.691345, 32.855096
8.89500675, 9.0391565, 9.232747, 9.531599700000001, 9.784900799999999, 14.73195576, 24.370709
8.89127625, 9.0436275, 9.237733500000001, 9.524664, 9.8001393, 14.700135689999993, 32.855096
8.893990500000001, 9.039545, 9.22837425, 9.508165, 9.74440445, 13.486703819999999, 19.892145
8.890598, 9.04269, 9.2501, 9.5617347, 9.806667149999999, 16.713529349999998, 36.893046
8.897818749999999, 9.0448685, 9.235971, 9.5234663, 9.8096353, 11.91497702, 23.303856
8.887013, 9.037847, 9.24294375, 9.5369628, 9.76821035, 16.447658, 52.853195
8.88581475, 9.030612, 9.22908125, 9.5063413, 9.76975645, 11.150113579999973, 23.303856
8.88245875, 9.038178, 9.23858575, 9.5378198, 9.80910795, 14.419118759999996, 36.893046
8.880834499999999, 9.0389285, 9.23663875, 9.522976700000001, 9.7717942, 14.778363, 52.853195
8.8913485, 9.0470735, 9.24232075, 9.5173453, 9.80910795, 15.87359139, 19.892145
8.8879425, 9.03493, 9.233069, 9.5232809, 9.7727585, 14.778363, 52.853195
8.8827675, 9.029556, 9.23942125, 9.535648100000001, 9.80796425, 16.05114234, 52.853195
8.881764749999999, 9.0341995, 9.23132625, 9.5071139, 9.76993495, 14.111868269999993, 19.213916
8.896895749999999, 9.050709, 9.231178, 9.488703, 9.694050749999999, 15.723825249999997, 52.853195
8.8838, 9.0279575, 9.216531, 9.483313599999999, 9.6935978, 14.736804409999994, 36.893046
8.885186, 9.027962, 9.22253975, 9.486953900000001, 9.71475605, 14.605914929999999, 24.370709
8.88386275, 9.049389, 9.249642, 9.5007736, 9.73990345, 13.920256239999995, 52.853195
8.88722725, 9.0389, 9.258167749999998, 9.5510962, 9.85044295, 15.872548, 36.893046
8.87082, 9.0336915, 9.2354135, 9.528686800000001, 9.757234, 11.455127049999996, 23.303856
8.881449750000002, 9.03493, 9.22718925, 9.4689395, 9.73882595, 14.70315702999999, 52.853195
8.887912, 9.0468105, 9.250807, 9.5063141, 9.720343949999998, 16.05074345, 36.893046
8.878166499999999, 9.028177, 9.240094, 9.5208795, 9.7937166, 16.7071092, 52.853195
8.887145, 9.030490499999999, 9.243461499999999, 9.4842499, 9.77271075, 14.002109669999998, 21.371576
8.873798, 9.0305875, 9.2299745, 9.5071139, 9.767297399999999, 15.574478729999996, 23.303856
8.87334825, 9.0200955, 9.21813025, 9.526053600000001, 9.76881215, 14.432891989999998, 36.893046
8.89306625, 9.034419, 9.220998, 9.4718107, 9.66035375, 16.362737189999997, 32.855096
8.89746725, 9.042427, 9.24322975, 9.5196589, 9.7849659, 11.827052069999986, 23.303856
8.88878275, 9.043419, 9.23712075, 9.510187, 9.7180215, 14.907164919999992, 22.552578
8.883834, 9.0343795, 9.249989, 9.554013900000001, 9.813482149999999, 16.44792254, 36.893046
8.889293, 9.045693, 9.239823, 9.5303014, 9.8079822, 16.09869635, 52.853195
8.880289999999999, 9.0389825, 9.235438, 9.4773762, 9.70179675, 15.725401299999996, 36.893046
8.896368, 9.0514965, 9.2372105, 9.4936058, 9.77604425, 13.735177429999993, 19.656824
8.905002, 9.054477, 9.258389999999999, 9.5650177, 9.802725, 14.733161439999998, 23.303856
8.881505, 9.0436895, 9.231511, 9.4772234, 9.7142541, 14.432891989999998, 32.855096
8.8746595, 9.028166, 9.22090275, 9.500245900000001, 9.79864965, 11.814675749999997, 21.371576
8.8851295, 9.0330575, 9.216218000000001, 9.4697557, 9.6867618, 11.15580940999998, 19.656824
8.88888375, 9.0397675, 9.22807375, 9.5128809, 9.799316549999999, 14.394841979999997, 32.855096
8.89356975, 9.04559, 9.228873, 9.460322300000001, 9.707407, 14.110998089999995, 52.853195
8.8820165, 9.044535, 9.238305749999999, 9.538589, 9.7386845, 14.41651684, 52.853195
8.895343500000001, 9.0420535, 9.244429, 9.5418435, 9.813120849999999, 15.571933089999998, 52.853195
8.87971125, 9.0477945, 9.224713999999999, 9.4889309, 9.720784599999998, 15.726085739999997, 23.303856
8.8814495, 9.0316995, 9.239857, 9.498155, 9.7261384, 14.395243399999996, 21.371576
8.880618250000001, 9.0286405, 9.22296125, 9.4734045, 9.72373565, 10.899637029999997, 52.853195
8.8770205, 9.0472565, 9.245285500000001, 9.493502, 9.710294750000001, 11.73735778, 22.552578
0, 0, 0, 0, 0, 0, 0
0, 0, 0, 0, 0, 0, 0
0, 0, 0, 0, 0, 0, 0
0, 0, 0, 0, 0, 0, 0
0, 0, 0, 0, 0, 0, 0
0, 0, 0, 0, 0, 0, 0
0, 0, 0, 0, 0, 0, 0
0, 0, 0, 0, 0, 0, 0
0, 0, 0, 0, 0, 0, 0
0, 0, 0, 0, 0, 0, 0
0, 0, 0, 0, 0, 0, 0
0, 0, 0, 0, 0, 0, 0
0, 0, 0, 0, 0, 0, 0
0, 0, 0, 0, 0, 0, 0
0, 0, 0, 0, 0, 0, 0
0, 0, 0, 0, 0, 0, 0
0, 0, 0, 0, 0, 0, 0
0, 0, 0, 0, 0, 0, 0
0, 0, 0, 0, 0, 0, 0
0, 0, 0, 0, 0, 0, 0
0, 0, 0, 0, 0, 0, 0
0, 0, 0, 0, 0, 0, 0
0, 0, 0, 0, 0, 0, 0
0, 0, 0, 0, 0, 0, 0
0, 0, 0, 0, 0, 0, 0
0, 0, 0, 0, 0, 0, 0
0, 0, 0, 0, 0, 0, 0
0, 0, 0, 0, 0, 0, 0
0, 0, 0, 0, 0, 0, 0
0, 0, 0, 0, 0, 0, 0
0, 0, 0, 0, 0, 0, 0
0, 0, 0, 0, 0, 0, 0
0, 0, 0, 0, 0, 0, 0
0, 0, 0, 0, 0, 0, 0
0, 0, 0, 0, 0, 0, 0
0, 0, 0, 0, 0, 0, 0
0, 0, 0, 0, 0, 0, 0
0, 0, 0, 0, 0, 0, 0
0, 0, 0, 0, 0, 0, 0
0, 0, 0, 0, 0, 0, 0
0, 0, 0, 0, 0, 0, 0
0, 0, 0, 0, 0, 0, 0
0, 0, 0, 0, 0, 0, 0
0, 0, 0, 0, 0, 0, 0
0, 0, 0, 0, 0, 0, 0
0, 0, 0, 0, 0, 0, 0
0, 0, 0, 0, 0, 0, 0
0, 0, 0, 0, 0, 0, 0
0, 0, 0, 0, 0, 0, 0
0, 0, 0, 0, 0, 0, 0
0, 0, 0, 0, 0, 0, 0
0, 0, 0, 0, 0, 0, 0
0, 0, 0, 0, 0, 0, 0
0, 0, 0, 0, 0, 0, 0
0, 0, 0, 0, 0, 0, 0
0, 0, 0, 0, 0, 0, 0
0, 0, 0, 0, 0, 0, 0
0, 0, 0, 0, 0, 0, 0
0, 0, 0, 0, 0, 0, 0
0, 0, 0, 0, 0, 0, 0
0, 0, 0, 0, 0, 0, 0
0, 0, 0, 0, 0, 0, 0
0, 0, 0, 0, 0, 0, 0
0, 0, 0, 0, 0, 0, 0
0, 0, 0, 0, 0, 0, 0
0, 0, 0, 0, 0, 0, 0
0, 0, 0, 0, 0, 0, 0
0, 0, 0, 0, 0, 0, 0
0, 0, 0, 0, 0, 0, 0
0, 0, 0, 0, 0, 0, 0
0, 0, 0, 0, 0, 0, 0
0, 0, 0, 0, 0, 0, 0
0, 0, 0, 0, 0, 0, 0
0, 0, 0, 0, 0, 0, 0
0, 0, 0, 0, 0, 0, 0
0, 0, 0, 0, 0, 0, 0
0, 0, 0, 0, 0, 0, 0
0, 0, 0, 0, 0, 0, 0
0, 0, 0, 0, 0, 0, 0
0, 0, 0, 0, 0, 0, 0
0, 0, 0, 0, 0, 0, 0
0, 0, 0, 0, 0, 0, 0
0, 0, 0, 0, 0, 0, 0
0, 0, 0, 0, 0, 0, 0
0, 0, 0, 0, 0, 0, 0
0, 0, 0, 0, 0, 0, 0
0, 0, 0, 0, 0, 0, 0
0, 0, 0, 0, 0, 0, 0
0, 0, 0, 0, 0, 0, 0
0, 0, 0, 0, 0, 0, 0
0, 0, 0, 0, 0, 0, 0
0, 0, 0, 0, 0, 0, 0
0, 0, 0, 0, 0, 0, 0
0, 0, 0, 0, 0, 0, 0
0, 0, 0, 0, 0, 0, 0
0, 0, 0, 0, 0, 0, 0
0, 0, 0, 0, 0, 0, 0
0, 0, 0, 0, 0, 0, 0
0, 0, 0, 0, 0, 0, 0
0, 0, 0, 0, 0, 0, 0
0, 0, 0, 0, 0, 0, 0
0, 0, 0, 0, 0, 0, 0
0, 0, 0, 0, 0, 0, 0
0, 0, 0, 0, 0, 0, 0
0, 0, 0, 0, 0, 0, 0
0, 0, 0, 0, 0, 0, 0
0, 0, 0, 0, 0, 0, 0
0, 0, 0, 0, 0, 0, 0
8.88986875, 9.039203, 9.24232075, 9.531719200000001, 9.77621115, 16.2613707, 32.855096
8.889731, 9.0420535, 9.2336925, 9.4986456, 9.694232249999999, 10.89774579, 21.371576
8.885611749999999, 9.038755, 9.24338325, 9.4963963, 9.7017343, 11.255858, 19.656824
8.8763685, 9.039524, 9.23468525, 9.5341552, 9.7950131, 16.06072282, 23.303856
8.88526175, 9.034639, 9.24097875, 9.488483400000002, 9.733494749999998, 15.725686849999997, 32.855096
8.878816, 9.037168, 9.247859, 9.524617, 9.8345804, 15.575011389999995, 36.893046
8.8900275, 9.0384525, 9.229786, 9.5012317, 9.73877, 14.419988939999996, 32.855096
8.881673750000001, 9.0310785, 9.230776500000001, 9.524666999999999, 9.7386845, 11.738098139999998, 20.217992
8.880405, 9.0281205, 9.2372565, 9.505817, 9.76599785, 16.05195186, 19.502914
8.88380125, 9.042134, 9.257387, 9.5501921, 9.768146, 14.452805489999998, 52.853195
8.891252, 9.038262, 9.237156, 9.516110000000001, 9.724707449999999, 13.91610324, 36.893046
8.885879, 9.0336485, 9.218325499999999, 9.5106312, 9.69307985, 11.558260779999975, 36.893046
8.875797, 9.030970499999999, 9.240155249999999, 9.5192975, 9.813482149999999, 16.109982679999998, 52.853195
8.876946499999999, 9.02629, 9.21624825, 9.461950700000001, 9.641904349999999, 13.162059, 52.853195
8.8853095, 9.045124999999999, 9.24054925, 9.5070352, 9.740692099999999, 13.261468359999999, 52.853195
8.88164025, 9.041142, 9.2430035, 9.5056914, 9.72591, 14.110787349999995, 24.370709
8.8860625, 9.040077, 9.24198225, 9.4977918, 9.72591, 10.583938, 18.344529
8.897107, 9.03189, 9.23230975, 9.482435800000001, 9.767522, 14.431153, 52.853195
8.8948485, 9.041207, 9.25649875, 9.5490382, 9.7332338, 16.21605821, 22.552578
8.88420925, 9.047699999999999, 9.2224365, 9.4993674, 9.7613662, 13.740221009999997, 24.370709
8.87895225, 9.038416, 9.231357749999999, 9.542590800000001, 9.755951, 11.255858, 24.370709
8.900232500000001, 9.049012999999999, 9.2504555, 9.508067, 9.7180215, 14.90971055999999, 52.853195
8.8919705, 9.0391045, 9.24292, 9.533491, 9.7998666, 16.902857929999996, 32.855096
8.86314075, 9.0284075, 9.221975, 9.4522175, 9.6647156, 11.446845699999995, 19.656824
8.88983, 9.042449999999999, 9.24627575, 9.4795583, 9.68581205, 11.059817209999997, 20.217992
8.89979325, 9.0529755, 9.23612, 9.5172411, 9.717907499999999, 15.725606399999997, 36.893046
8.878622, 9.032164, 9.244522, 9.5475973, 9.7684887, 14.395243399999996, 24.370709
8.89042075, 9.0419555, 9.25183475, 9.5434793, 9.80820765, 14.69174642, 20.217992
8.885581, 9.036681999999999, 9.22028, 9.490247900000002, 9.6917519, 16.706771850000003, 36.893046
8.887354, 9.034252500000001, 9.235947, 9.4951444, 9.75770215, 14.778363, 52.853195
8.8818815, 9.045124999999999, 9.249906500000002, 9.5611522, 9.7866114, 16.03083744, 19.892145
8.8906835, 9.046196, 9.23197925, 9.485429400000001, 9.71349485, 13.492453579999994, 19.892145
8.882832, 9.0399125, 9.22899975, 9.4954745, 9.766185349999999, 14.736804409999994, 19.071708
8.87932375, 9.049065, 9.242806250000001, 9.520095099999999, 9.767334499999999, 11.934401519999982, 24.370709
8.89476, 9.050289, 9.227471999999999, 9.484371, 9.753288349999998, 14.39243249, 22.552578
8.8882415, 9.038717, 9.24338325, 9.497916, 9.67574095, 14.001069, 52.853195
8.88808525, 9.0424215, 9.234853750000001, 9.504097200000002, 9.720028849999998, 14.733161439999998, 23.303856
8.88439575, 9.04615, 9.24459025, 9.51821, 9.7306821, 11.199935829999998, 32.855096
8.895505, 9.0382935, 9.24086475, 9.511072, 9.82168545, 16.1799103, 21.371576
8.888393, 9.039258, 9.228211, 9.4840717, 9.7613077, 11.738098139999998, 19.656824
8.88853275, 9.050011999999999, 9.239672500000001, 9.531608400000001, 9.7880819, 13.489677659999996, 24.370709
8.87311225, 9.030545499999999, 9.22725975, 9.4651951, 9.723697450000001, 14.393979049999999, 23.303856
8.89114775, 9.051343, 9.241110749999999, 9.5117255, 9.7042181, 14.419118759999996, 36.893046
8.87796675, 9.0427875, 9.235971, 9.4831965, 9.6525456, 11.059232679999997, 36.893046
8.882113, 9.041854, 9.224699999999999, 9.488703, 9.73877, 13.494443679999991, 22.552578
8.885962249999999, 9.03153, 9.20947725, 9.4902157, 9.757905749999999, 11.023435699999999, 32.855096
8.88848175, 9.0423845, 9.2301605, 9.5160734, 9.7640804, 14.67135192, 20.217992
8.90108875, 9.056133, 9.2355605, 9.4989448, 9.73970815, 13.732601839999996, 36.893046
8.881456250000001, 9.0395245, 9.23191525, 9.4915962, 9.7669266, 14.783211649999997, 22.552578
8.884995, 9.041433999999999, 9.242806250000001, 9.4982235, 9.742672299999999, 10.692934589999998, 19.892145
8.87447775, 9.033674000000001, 9.2149065, 9.484622, 9.740945, 11.060994839999996, 19.645042
8.88191325, 9.0318525, 9.232699, 9.5116438, 9.7085648, 16.062097949999995, 36.893046
8.87217375, 9.031753, 9.24308875, 9.551300699999999, 9.888207, 15.722323, 23.303856
8.900222, 9.053368, 9.2500745, 9.533691600000001, 9.772097, 14.002109669999998, 24.370709
8.882049, 9.0391835, 9.240317749999999, 9.5481549, 9.8166875, 14.416709269999998, 19.892145
8.89041525, 9.038755, 9.237293000000001, 9.5100558, 9.768343549999999, 14.793181269999987, 23.303856
8.88974225, 9.0382295, 9.233562000000001, 9.4773046, 9.6541918, 11.739697519999996, 18.344529
8.87302025, 9.038544, 9.237008, 9.526314600000001, 9.84061595, 16.109982679999998, 24.370709
8.887906749999999, 9.041981, 9.23468525, 9.523833, 9.73962905, 13.48606768, 52.853195
8.880322750000001, 9.04027, 9.2521525, 9.532027700000002, 9.74196565, 16.21714605, 19.892145
8.88816825, 9.047724, 9.24229575, 9.4796289, 9.691625550000001, 11.68220693, 22.552578
8.89752025, 9.040321500000001, 9.245655249999999, 9.518634, 9.7105149, 13.562622999999993, 22.552578
8.8979865, 9.060628, 9.24282975, 9.538613400000001, 9.77025365, 13.263205419999997, 24.370709
0, 0, 0, 0, 0, 0, 0
0, 0, 0, 0, 0, 0, 0
0, 0, 0, 0, 0, 0, 0
0, 0, 0, 0, 0, 0, 0
0, 0, 0, 0, 0, 0, 0
0, 0, 0, 0, 0, 0, 0
0, 0, 0, 0, 0, 0, 0
0, 0, 0, 0, 0, 0, 0
0, 0, 0, 0, 0, 0, 0
0, 0, 0, 0, 0, 0, 0
0, 0, 0, 0, 0, 0, 0
0, 0, 0, 0, 0, 0, 0
0, 0, 0, 0, 0, 0, 0
0, 0, 0, 0, 0, 0, 0
0, 0, 0, 0, 0, 0, 0
0, 0, 0, 0, 0, 0, 0
0, 0, 0, 0, 0, 0, 0
0, 0, 0, 0, 0, 0, 0
0, 0, 0, 0, 0, 0, 0
0, 0, 0, 0, 0, 0, 0
0, 0, 0, 0, 0, 0, 0
0, 0, 0, 0, 0, 0, 0
0, 0, 0, 0, 0, 0, 0
0, 0, 0, 0, 0, 0, 0
0, 0, 0, 0, 0, 0, 0
0, 0, 0, 0, 0, 0, 0
0, 0, 0, 0, 0, 0, 0
0, 0, 0, 0, 0, 0, 0
0, 0, 0, 0, 0, 0, 0
0, 0, 0, 0, 0, 0, 0
0, 0, 0, 0, 0, 0, 0
0, 0, 0, 0, 0, 0, 0
0, 0, 0, 0, 0, 0, 0
0, 0, 0, 0, 0, 0, 0
0, 0, 0, 0, 0, 0, 0
0, 0, 0, 0, 0, 0, 0
0, 0, 0, 0, 0, 0, 0
0, 0, 0, 0, 0, 0, 0
0, 0, 0, 0, 0, 0, 0
0, 0, 0, 0, 0, 0, 0
0, 0, 0, 0, 0, 0, 0
0, 0, 0, 0, 0, 0, 0
0, 0, 0, 0, 0, 0, 0
0, 0, 0, 0, 0, 0, 0
0, 0, 0, 0, 0, 0, 0
0, 0, 0, 0, 0, 0, 0
0, 0, 0, 0, 0, 0, 0
0, 0, 0, 0, 0, 0, 0
0, 0, 0, 0, 0, 0, 0
0, 0, 0, 0, 0, 0, 0
0, 0, 0, 0, 0, 0, 0
0, 0, 0, 0, 0, 0, 0
0, 0, 0, 0, 0, 0, 0
0, 0, 0, 0, 0, 0, 0
0, 0, 0, 0, 0, 0, 0
0, 0, 0, 0, 0, 0, 0
0, 0, 0, 0, 0, 0, 0
0, 0, 0, 0, 0, 0, 0
0, 0, 0, 0, 0, 0, 0
0, 0, 0, 0, 0, 0, 0
0, 0, 0, 0, 0, 0, 0
0, 0, 0, 0, 0, 0, 0
0, 0, 0, 0, 0, 0, 0
0, 0, 0, 0, 0, 0, 0
0, 0, 0, 0, 0, 0, 0
0, 0, 0, 0, 0, 0, 0
0, 0, 0, 0, 0, 0, 0
0, 0, 0, 0, 0, 0, 0
0, 0, 0, 0, 0, 0, 0
0, 0, 0, 0, 0, 0, 0
0, 0, 0, 0, 0, 0, 0
0, 0, 0, 0, 0, 0, 0
0, 0, 0, 0, 0, 0, 0
0, 0, 0, 0, 0, 0, 0
0, 0, 0, 0, 0, 0, 0
0, 0, 0, 0, 0, 0, 0
0, 0, 0, 0, 0, 0, 0
0, 0, 0, 0, 0, 0, 0
0, 0, 0, 0, 0, 0, 0
0, 0, 0, 0, 0, 0, 0
0, 0, 0, 0, 0, 0, 0
0, 0, 0, 0, 0, 0, 0
0, 0, 0, 0, 0, 0, 0
0, 0, 0, 0, 0, 0, 0
0, 0, 0, 0, 0, 0, 0
0, 0, 0, 0, 0, 0, 0
0, 0, 0, 0, 0, 0, 0
0, 0, 0, 0, 0, 0, 0
0, 0, 0, 0, 0, 0, 0
0, 0, 0, 0, 0, 0, 0
0, 0, 0, 0, 0, 0, 0
0, 0, 0, 0, 0, 0, 0
0, 0, 0, 0, 0, 0, 0
0, 0, 0, 0, 0, 0, 0
0, 0, 0, 0, 0, 0, 0
0, 0, 0, 0, 0, 0, 0
0, 0, 0, 0, 0, 0, 0
0, 0, 0, 0, 0, 0, 0
0, 0, 0, 0, 0, 0, 0
0, 0, 0, 0, 0, 0, 0
0, 0, 0, 0, 0, 0, 0
0, 0, 0, 0, 0, 0, 0
0, 0, 0, 0, 0, 0, 0
0, 0, 0, 0, 0, 0, 0
0, 0, 0, 0, 0, 0, 0
0, 0, 0, 0, 0, 0, 0
0, 0, 0, 0, 0, 0, 0
0, 0, 0, 0, 0, 0, 0
0, 0, 0, 0, 0, 0, 0
0, 0, 0, 0, 0, 0, 0
0, 0, 0, 0, 0, 0, 0
0, 0, 0, 0, 0, 0, 0
0, 0, 0, 0, 0, 0, 0
0, 0, 0, 0, 0, 0, 0
0, 0, 0, 0, 0, 0, 0
0, 0, 0, 0, 0, 0, 0
0, 0, 0, 0, 0, 0, 0
0, 0, 0, 0, 0, 0, 0
0, 0, 0, 0, 0, 0, 0
0, 0, 0, 0, 0, 0, 0
0, 0, 0, 0, 0, 0, 0
0, 0, 0, 0, 0, 0, 0
0, 0, 0, 0, 0, 0, 0
0, 0, 0, 0, 0, 0, 0
0, 0, 0, 0, 0, 0, 0
0, 0, 0, 0, 0, 0, 0
0, 0, 0, 0, 0, 0, 0
0, 0, 0, 0, 0, 0, 0
0, 0, 0, 0, 0, 0, 0
0, 0, 0, 0, 0, 0, 0
0, 0, 0, 0, 0, 0, 0
0, 0, 0, 0, 0, 0, 0
0, 0, 0, 0, 0, 0, 0
0, 0, 0, 0, 0, 0, 0
0, 0, 0, 0, 0, 0, 0
0, 0, 0, 0, 0, 0, 0
0, 0, 0, 0, 0, 0, 0
0, 0, 0, 0, 0, 0, 0
0, 0, 0, 0, 0, 0, 0
0, 0, 0, 0, 0, 0, 0
0, 0, 0, 0, 0, 0, 0
0, 0, 0, 0, 0, 0, 0
0, 0, 0, 0, 0, 0, 0
0, 0, 0, 0, 0, 0, 0
0, 0, 0, 0, 0, 0, 0
0, 0, 0, 0, 0, 0, 0
0, 0, 0, 0, 0, 0, 0
0, 0, 0, 0, 0, 0, 0
0, 0, 0, 0, 0, 0, 0
0, 0, 0, 0, 0, 0, 0
0, 0, 0, 0, 0, 0, 0
0, 0, 0, 0, 0, 0, 0
0, 0, 0, 0, 0, 0, 0
0, 0, 0, 0, 0, 0, 0
0, 0, 0, 0, 0, 0, 0
0, 0, 0, 0, 0, 0, 0
0, 0, 0, 0, 0, 0, 0
0, 0, 0, 0, 0, 0, 0
0, 0, 0, 0, 0, 0, 0
0, 0, 0, 0, 0, 0, 0
0, 0, 0, 0, 0, 0, 0
0, 0, 0, 0, 0, 0, 0
0, 0, 0, 0, 0, 0, 0
0, 0, 0, 0, 0, 0, 0
0, 0, 0, 0, 0, 0, 0
0, 0, 0, 0, 0, 0, 0
0, 0, 0, 0, 0, 0, 0
0, 0, 0, 0, 0, 0, 0
0, 0, 0, 0, 0, 0, 0
0, 0, 0, 0, 0, 0, 0
0, 0, 0, 0, 0, 0, 0
0, 0, 0, 0, 0, 0, 0
0, 0, 0, 0, 0, 0, 0
0, 0, 0, 0, 0, 0, 0
0, 0, 0, 0, 0, 0, 0
0, 0, 0, 0, 0, 0, 0
0, 0, 0, 0, 0, 0, 0
0, 0, 0, 0, 0, 0, 0
0, 0, 0, 0, 0, 0, 0
0, 0, 0, 0, 0, 0, 0
0, 0, 0, 0, 0, 0, 0
0, 0, 0, 0, 0, 0, 0
0, 0, 0, 0, 0, 0, 0
0, 0, 0, 0, 0, 0, 0
0, 0, 0, 0, 0, 0, 0
0, 0, 0, 0, 0, 0, 0
0, 0, 0, 0, 0, 0, 0
0, 0, 0, 0, 0, 0, 0
0, 0, 0, 0, 0, 0, 0
0, 0, 0, 0, 0, 0, 0
0, 0, 0, 0, 0, 0, 0
0, 0, 0, 0, 0, 0, 0
0, 0, 0, 0, 0, 0, 0
0, 0, 0, 0, 0, 0, 0
0, 0, 0, 0, 0, 0, 0
0, 0, 0, 0, 0, 0, 0
0, 0, 0, 0, 0, 0, 0
0, 0, 0, 0, 0, 0, 0
0, 0, 0, 0, 0, 0, 0
0, 0, 0, 0, 0, 0, 0
0, 0, 0, 0, 0, 0, 0
0, 0, 0, 0, 0, 0, 0
0, 0, 0, 0, 0, 0, 0
0, 0, 0, 0, 0, 0, 0
0, 0, 0, 0, 0, 0, 0
0, 0, 0, 0, 0, 0, 0
0, 0, 0, 0, 0, 0, 0
0, 0, 0, 0, 0, 0, 0
0, 0, 0, 0, 0, 0, 0
0, 0, 0, 0, 0, 0, 0
0, 0, 0, 0, 0, 0, 0
0, 0, 0, 0, 0, 0, 0
0, 0, 0, 0, 0, 0, 0
0, 0, 0, 0, 0, 0, 0
0, 0, 0, 0, 0, 0, 0
0, 0, 0, 0, 0, 0, 0
0, 0, 0, 0, 0, 0, 0
0, 0, 0, 0, 0, 0, 0
0, 0, 0, 0, 0, 0, 0
0, 0, 0, 0, 0, 0, 0
0, 0, 0, 0, 0, 0, 0
0, 0, 0, 0, 0, 0, 0
0, 0, 0, 0, 0, 0, 0
0, 0, 0, 0, 0, 0, 0
0, 0, 0, 0, 0, 0, 0
0, 0, 0, 0, 0, 0, 0
0, 0, 0, 0, 0, 0, 0
0, 0, 0, 0, 0, 0, 0
0, 0, 0, 0, 0, 0, 0
0, 0, 0, 0, 0, 0, 0
0, 0, 0, 0, 0, 0, 0
0, 0, 0, 0, 0, 0, 0
0, 0, 0, 0, 0, 0, 0
0, 0, 0, 0, 0, 0, 0
0, 0, 0, 0, 0, 0, 0
0, 0, 0, 0, 0, 0, 0
0, 0, 0, 0, 0, 0, 0
0, 0, 0, 0, 0, 0, 0
0, 0, 0, 0, 0, 0, 0
0, 0, 0, 0, 0, 0, 0
0, 0, 0, 0, 0, 0, 0
0, 0, 0, 0, 0, 0, 0
0, 0, 0, 0, 0, 0, 0
0, 0, 0, 0, 0, 0, 0
0, 0, 0, 0, 0, 0, 0
0, 0, 0, 0, 0, 0, 0
0, 0, 0, 0, 0, 0, 0
0, 0, 0, 0, 0, 0, 0
0, 0, 0, 0, 0, 0, 0
0, 0, 0, 0, 0, 0, 0
0, 0, 0, 0, 0, 0, 0
0, 0, 0, 0, 0, 0, 0
0, 0, 0, 0, 0, 0, 0
0, 0, 0, 0, 0, 0, 0
0, 0, 0, 0, 0, 0, 0
0, 0, 0, 0, 0, 0, 0
0, 0, 0, 0, 0, 0, 0
0, 0, 0, 0, 0, 0, 0
0, 0, 0, 0, 0, 0, 0
0, 0, 0, 0, 0, 0, 0
0, 0, 0, 0, 0, 0, 0
0, 0, 0, 0, 0, 0, 0
0, 0, 0, 0, 0, 0, 0
0, 0, 0, 0, 0, 0, 0
0, 0, 0, 0, 0, 0, 0
0, 0, 0, 0, 0, 0, 0
0, 0, 0, 0, 0, 0, 0
0, 0, 0, 0, 0, 0, 0
0, 0, 0, 0, 0, 0, 0
0, 0, 0, 0, 0, 0, 0
0, 0, 0, 0, 0, 0, 0
0, 0, 0, 0, 0, 0, 0
0, 0, 0, 0, 0, 0, 0
0, 0, 0, 0, 0, 0, 0
0, 0, 0, 0, 0, 0, 0
0, 0, 0, 0, 0, 0, 0
0, 0, 0, 0, 0, 0, 0
0, 0, 0, 0, 0, 0, 0
0, 0, 0, 0, 0, 0, 0
0, 0, 0, 0, 0, 0, 0
0, 0, 0, 0, 0, 0, 0
0, 0, 0, 0, 0, 0, 0
0, 0, 0, 0, 0, 0, 0
0, 0, 0, 0, 0, 0, 0
0, 0, 0, 0, 0, 0, 0
0, 0, 0, 0, 0, 0, 0
0, 0, 0, 0, 0, 0, 0
0, 0, 0, 0, 0, 0, 0
0, 0, 0, 0, 0, 0, 0
0, 0, 0, 0, 0, 0, 0
0, 0, 0, 0, 0, 0, 0
0, 0, 0, 0, 0, 0, 0
0, 0, 0, 0, 0, 0, 0
0, 0, 0, 0, 0, 0, 0
0, 0, 0, 0, 0, 0, 0
0, 0, 0, 0, 0, 0, 0
0, 0, 0, 0, 0, 0, 0
0, 0, 0, 0, 0, 0, 0
0, 0, 0, 0, 0, 0, 0
0, 0, 0, 0, 0, 0, 0
0, 0, 0, 0, 0, 0, 0
0, 0, 0, 0, 0, 0, 0
0, 0, 0, 0, 0, 0, 0
0, 0, 0, 0, 0, 0, 0
0, 0, 0, 0, 0, 0, 0
0, 0, 0, 0, 0, 0, 0
0, 0, 0, 0, 0, 0, 0
0, 0, 0, 0, 0, 0, 0
0, 0, 0, 0, 0, 0, 0
0, 0, 0, 0, 0, 0, 0
0, 0, 0, 0, 0, 0, 0
0, 0, 0, 0, 0, 0, 0
0, 0, 0, 0, 0, 0, 0
0, 0, 0, 0, 0, 0, 0
0, 0, 0, 0, 0, 0, 0
0, 0, 0, 0, 0, 0, 0
0, 0, 0, 0, 0, 0, 0
0, 0, 0, 0, 0, 0, 0
0, 0, 0, 0, 0, 0, 0
0, 0, 0, 0, 0, 0, 0
0, 0, 0, 0, 0, 0, 0
0, 0, 0, 0, 0, 0, 0
0, 0, 0, 0, 0, 0, 0
0, 0, 0, 0, 0, 0, 0
0, 0, 0, 0, 0, 0, 0
0, 0, 0, 0, 0, 0, 0
0, 0, 0, 0, 0, 0, 0
0, 0, 0, 0, 0, 0, 0
0, 0, 0, 0, 0, 0, 0
0, 0, 0, 0, 0, 0, 0
0, 0, 0, 0, 0, 0, 0
0, 0, 0, 0, 0, 0, 0
0, 0, 0, 0, 0, 0, 0
0, 0, 0, 0, 0, 0, 0
0, 0, 0, 0, 0, 0, 0
0, 0, 0, 0, 0, 0, 0
0, 0, 0, 0, 0, 0, 0
0, 0, 0, 0, 0, 0, 0
0, 0, 0, 0, 0, 0, 0
0, 0, 0, 0, 0, 0, 0
0, 0, 0, 0, 0, 0, 0
0, 0, 0, 0, 0, 0, 0
0, 0, 0, 0, 0, 0, 0
0, 0, 0, 0, 0, 0, 0
0, 0, 0, 0, 0, 0, 0
0, 0, 0, 0, 0, 0, 0
0, 0, 0, 0, 0, 0, 0
0, 0, 0, 0, 0, 0, 0
0, 0, 0, 0, 0, 0, 0
0, 0, 0, 0, 0, 0, 0
0, 0, 0, 0, 0, 0, 0
0, 0, 0, 0, 0, 0, 0
0, 0, 0, 0, 0, 0, 0
0, 0, 0, 0, 0, 0, 0
0, 0, 0, 0, 0, 0, 0
0, 0, 0, 0, 0, 0, 0
0, 0, 0, 0, 0, 0, 0
0, 0, 0, 0, 0, 0, 0
0, 0, 0, 0, 0, 0, 0
0, 0, 0, 0, 0, 0, 0
0, 0, 0, 0, 0, 0, 0
0, 0, 0, 0, 0, 0, 0
0, 0, 0, 0, 0, 0, 0
0, 0, 0, 0, 0, 0, 0
0, 0, 0, 0, 0, 0, 0
0, 0, 0, 0, 0, 0, 0
0, 0, 0, 0, 0, 0, 0
0, 0, 0, 0, 0, 0, 0
0, 0, 0, 0, 0, 0, 0
0, 0, 0, 0, 0, 0, 0
0, 0, 0, 0, 0, 0, 0
0, 0, 0, 0, 0, 0, 0
0, 0, 0, 0, 0, 0, 0
0, 0, 0, 0, 0, 0, 0
0, 0, 0, 0, 0, 0, 0
0, 0, 0, 0, 0, 0, 0
0, 0, 0, 0, 0, 0, 0
0, 0, 0, 0, 0, 0, 0
0, 0, 0, 0, 0, 0, 0
0, 0, 0, 0, 0, 0, 0
0, 0, 0, 0, 0, 0, 0
0, 0, 0, 0, 0, 0, 0
0, 0, 0, 0, 0, 0, 0
0, 0, 0, 0, 0, 0, 0
0, 0, 0, 0, 0, 0, 0
0, 0, 0, 0, 0, 0, 0
0, 0, 0, 0, 0, 0, 0
0, 0, 0, 0, 0, 0, 0
0, 0, 0, 0, 0, 0, 0
0, 0, 0, 0, 0, 0, 0
0, 0, 0, 0, 0, 0, 0
0, 0, 0, 0, 0, 0, 0
0, 0, 0, 0, 0, 0, 0
0, 0, 0, 0, 0, 0, 0
0, 0, 0, 0, 0, 0, 0
0, 0, 0, 0, 0, 0, 0
0, 0, 0, 0, 0, 0, 0
0, 0, 0, 0, 0, 0, 0
0, 0, 0, 0, 0, 0, 0
0, 0, 0, 0, 0, 0, 0
0, 0, 0, 0, 0, 0, 0
0, 0, 0, 0, 0, 0, 0
0, 0, 0, 0, 0, 0, 0
0, 0, 0, 0, 0, 0, 0
0, 0, 0, 0, 0, 0, 0
0, 0, 0, 0, 0, 0, 0
0, 0, 0, 0, 0, 0, 0
0, 0, 0, 0, 0, 0, 0
0, 0, 0, 0, 0, 0, 0
0, 0, 0, 0, 0, 0, 0
0, 0, 0, 0, 0, 0, 0
0, 0, 0, 0, 0, 0, 0
0, 0, 0, 0, 0, 0, 0
0, 0, 0, 0, 0, 0, 0
0, 0, 0, 0, 0, 0, 0
0, 0, 0, 0, 0, 0, 0
0, 0, 0, 0, 0, 0, 0
0, 0, 0, 0, 0, 0, 0
0, 0, 0, 0, 0, 0, 0
0, 0, 0, 0, 0, 0, 0
0, 0, 0, 0, 0, 0, 0
0, 0, 0, 0, 0, 0, 0
0, 0, 0, 0, 0, 0, 0
0, 0, 0, 0, 0, 0, 0
0, 0, 0, 0, 0, 0, 0
0, 0, 0, 0, 0, 0, 0
0, 0, 0, 0, 0, 0, 0
0, 0, 0, 0, 0, 0, 0
0, 0, 0, 0, 0, 0, 0
0, 0, 0, 0, 0, 0, 0
0, 0, 0, 0, 0, 0, 0
0, 0, 0, 0, 0, 0, 0
0, 0, 0, 0, 0, 0, 0
0, 0, 0, 0, 0, 0, 0
0, 0, 0, 0, 0, 0, 0
0, 0, 0, 0, 0, 0, 0
0, 0, 0, 0, 0, 0, 0
0, 0, 0, 0, 0, 0, 0
0, 0, 0, 0, 0, 0, 0
0, 0, 0, 0, 0, 0, 0
0, 0, 0, 0, 0, 0, 0
0, 0, 0, 0, 0, 0, 0
0, 0, 0, 0, 0, 0, 0
0, 0, 0, 0, 0, 0, 0
0, 0, 0, 0, 0, 0, 0
0, 0, 0, 0, 0, 0, 0
0, 0, 0, 0, 0, 0, 0
0, 0, 0, 0, 0, 0, 0
0, 0, 0, 0, 0, 0, 0
0, 0, 0, 0, 0, 0, 0
0, 0, 0, 0, 0, 0, 0
0, 0, 0, 0, 0, 0, 0
0, 0, 0, 0, 0, 0, 0
0, 0, 0, 0, 0, 0, 0
0, 0, 0, 0, 0, 0, 0
0, 0, 0, 0, 0, 0, 0
0, 0, 0, 0, 0, 0, 0
0, 0, 0, 0, 0, 0, 0
0, 0, 0, 0, 0, 0, 0
0, 0, 0, 0, 0, 0, 0
0, 0, 0, 0, 0, 0, 0
0, 0, 0, 0, 0, 0, 0
0, 0, 0, 0, 0, 0, 0
0, 0, 0, 0, 0, 0, 0
0, 0, 0, 0, 0, 0, 0
0, 0, 0, 0, 0, 0, 0
0, 0, 0, 0, 0, 0, 0
0, 0, 0, 0, 0, 0, 0
0, 0, 0, 0, 0, 0, 0
0, 0, 0, 0, 0, 0, 0
0, 0, 0, 0, 0, 0, 0
0, 0, 0, 0, 0, 0, 0
0, 0, 0, 0, 0, 0, 0
0, 0, 0, 0, 0, 0, 0
0, 0, 0, 0, 0, 0, 0
0, 0, 0, 0, 0, 0, 0
0, 0, 0, 0, 0, 0, 0
0, 0, 0, 0, 0, 0, 0
0, 0, 0, 0, 0, 0, 0
0, 0, 0, 0, 0, 0, 0
0, 0, 0, 0, 0, 0, 0
0, 0, 0, 0, 0, 0, 0
0, 0, 0, 0, 0, 0, 0
0, 0, 0, 0, 0, 0, 0
0, 0, 0, 0, 0, 0, 0
0, 0, 0, 0, 0, 0, 0
0, 0, 0, 0, 0, 0, 0
0, 0, 0, 0, 0, 0, 0
0, 0, 0, 0, 0, 0, 0
0, 0, 0, 0, 0, 0, 0
0, 0, 0, 0, 0, 0, 0
0, 0, 0, 0, 0, 0, 0
0, 0, 0, 0, 0, 0, 0
0, 0, 0, 0, 0, 0, 0
0, 0, 0, 0, 0, 0, 0
0, 0, 0, 0, 0, 0, 0
0, 0, 0, 0, 0, 0, 0
0, 0, 0, 0, 0, 0, 0
0, 0, 0, 0, 0, 0, 0
0, 0, 0, 0, 0, 0, 0
0, 0, 0, 0, 0, 0, 0
0, 0, 0, 0, 0, 0, 0
0, 0, 0, 0, 0, 0, 0
0, 0, 0, 0, 0, 0, 0
0, 0, 0, 0, 0, 0, 0
0, 0, 0, 0, 0, 0, 0
0, 0, 0, 0, 0, 0, 0
0, 0, 0, 0, 0, 0, 0
0, 0, 0, 0, 0, 0, 0
0, 0, 0, 0, 0, 0, 0
0, 0, 0, 0, 0, 0, 0
0, 0, 0, 0, 0, 0, 0
0, 0, 0, 0, 0, 0, 0
0, 0, 0, 0, 0, 0, 0
0, 0, 0, 0, 0, 0, 0
0, 0, 0, 0, 0, 0, 0
0, 0, 0, 0, 0, 0, 0
0, 0, 0, 0, 0, 0, 0
0, 0, 0, 0, 0, 0, 0
0, 0, 0, 0, 0, 0, 0
0, 0, 0, 0, 0, 0, 0
0, 0, 0, 0, 0, 0, 0
0, 0, 0, 0, 0, 0, 0
0, 0, 0, 0, 0, 0, 0
0, 0, 0, 0, 0, 0, 0
0, 0, 0, 0, 0, 0, 0
0, 0, 0, 0, 0, 0, 0
0, 0, 0, 0, 0, 0, 0
0, 0, 0, 0, 0, 0, 0
0, 0, 0, 0, 0, 0, 0
0, 0, 0, 0, 0, 0, 0
0, 0, 0, 0, 0, 0, 0
0, 0, 0, 0, 0, 0, 0
0, 0, 0, 0, 0, 0, 0
0, 0, 0, 0, 0, 0, 0
0, 0, 0, 0, 0, 0, 0
0, 0, 0, 0, 0, 0, 0
0, 0, 0, 0, 0, 0, 0
0, 0, 0, 0, 0, 0, 0
0, 0, 0, 0, 0, 0, 0
0, 0, 0, 0, 0, 0, 0
0, 0, 0, 0, 0, 0, 0
0, 0, 0, 0, 0, 0, 0
0, 0, 0, 0, 0, 0, 0
0, 0, 0, 0, 0, 0, 0
0, 0, 0, 0, 0, 0, 0
0, 0, 0, 0, 0, 0, 0
0, 0, 0, 0, 0, 0, 0
0, 0, 0, 0, 0, 0, 0
0, 0, 0, 0, 0, 0, 0
0, 0, 0, 0, 0, 0, 0
0, 0, 0, 0, 0, 0, 0
0, 0, 0, 0, 0, 0, 0
0, 0, 0, 0, 0, 0, 0
0, 0, 0, 0, 0, 0, 0
0, 0, 0, 0, 0, 0, 0
0, 0, 0, 0, 0, 0, 0
0, 0, 0, 0, 0, 0, 0
0, 0, 0, 0, 0, 0, 0
0, 0, 0, 0, 0, 0, 0
0, 0, 0, 0, 0, 0, 0
0, 0, 0, 0, 0, 0, 0
0, 0, 0, 0, 0, 0, 0
0, 0, 0, 0, 0, 0, 0
0, 0, 0, 0, 0, 0, 0
0, 0, 0, 0, 0, 0, 0
0, 0, 0, 0, 0, 0, 0
0, 0, 0, 0, 0, 0, 0
0, 0, 0, 0, 0, 0, 0
0, 0, 0, 0, 0, 0, 0
0, 0, 0, 0, 0, 0, 0
0, 0, 0, 0, 0, 0, 0
0, 0, 0, 0, 0, 0, 0
0, 0, 0, 0, 0, 0, 0
0, 0, 0, 0, 0, 0, 0
0, 0, 0, 0, 0, 0, 0
0, 0, 0, 0, 0, 0, 0
0, 0, 0, 0, 0, 0, 0
0, 0, 0, 0, 0, 0, 0
0, 0, 0, 0, 0, 0, 0
0, 0, 0, 0, 0, 0, 0
0, 0, 0, 0, 0, 0, 0
0, 0, 0, 0, 0, 0, 0
0, 0, 0, 0, 0, 0, 0
0, 0, 0, 0, 0, 0, 0
0, 0, 0, 0, 0, 0, 0
0, 0, 0, 0, 0, 0, 0
0, 0, 0, 0, 0, 0, 0
0, 0, 0, 0, 0, 0, 0
0, 0, 0, 0, 0, 0, 0
0, 0, 0, 0, 0, 0, 0
0, 0, 0, 0, 0, 0, 0
0, 0, 0, 0, 0, 0, 0
0, 0, 0, 0, 0, 0, 0
0, 0, 0, 0, 0, 0, 0
0, 0, 0, 0, 0, 0, 0
0, 0, 0, 0, 0, 0, 0
0, 0, 0, 0, 0, 0, 0
0, 0, 0, 0, 0, 0, 0
0, 0, 0, 0, 0, 0, 0
0, 0, 0, 0, 0, 0, 0
0, 0, 0, 0, 0, 0, 0
0, 0, 0, 0, 0, 0, 0
0, 0, 0, 0, 0, 0, 0
0, 0, 0, 0, 0, 0, 0
0, 0, 0, 0, 0, 0, 0
0, 0, 0, 0, 0, 0, 0
0, 0, 0, 0, 0, 0, 0
0, 0, 0, 0, 0, 0, 0
0, 0, 0, 0, 0, 0, 0
0, 0, 0, 0, 0, 0, 0
0, 0, 0, 0, 0, 0, 0
0, 0, 0, 0, 0, 0, 0
0, 0, 0, 0, 0, 0, 0
0, 0, 0, 0, 0, 0, 0
0, 0, 0, 0, 0, 0, 0
0, 0, 0, 0, 0, 0, 0
0, 0, 0, 0, 0, 0, 0
0, 0, 0, 0, 0, 0, 0
0, 0, 0, 0, 0, 0, 0
0, 0, 0, 0, 0, 0, 0
0, 0, 0, 0, 0, 0, 0
0, 0, 0, 0, 0, 0, 0
0, 0, 0, 0, 0, 0, 0
0, 0, 0, 0, 0, 0, 0
0, 0, 0, 0, 0, 0, 0
0, 0, 0, 0, 0, 0, 0
0, 0, 0, 0, 0, 0, 0
0, 0, 0, 0, 0, 0, 0
0, 0, 0, 0, 0, 0, 0
0, 0, 0, 0, 0, 0, 0
0, 0, 0, 0, 0, 0, 0
0, 0, 0, 0, 0, 0, 0
0, 0, 0, 0, 0, 0, 0
0, 0, 0, 0, 0, 0, 0
0, 0, 0, 0, 0, 0, 0
0, 0, 0, 0, 0, 0, 0
0, 0, 0, 0, 0, 0, 0
0, 0, 0, 0, 0, 0, 0
0, 0, 0, 0, 0, 0, 0
0, 0, 0, 0, 0, 0, 0
0, 0, 0, 0, 0, 0, 0
0, 0, 0, 0, 0, 0, 0
0, 0, 0, 0, 0, 0, 0
0, 0, 0, 0, 0, 0, 0
0, 0, 0, 0, 0, 0, 0
0, 0, 0, 0, 0, 0, 0
0, 0, 0, 0, 0, 0, 0
0, 0, 0, 0, 0, 0, 0
0, 0, 0, 0, 0, 0, 0
0, 0, 0, 0, 0, 0, 0
0, 0, 0, 0, 0, 0, 0
0, 0, 0, 0, 0, 0, 0
0, 0, 0, 0, 0, 0, 0
0, 0, 0, 0, 0, 0, 0
0, 0, 0, 0, 0, 0, 0
0, 0, 0, 0, 0, 0, 0
0, 0, 0, 0, 0, 0, 0
0, 0, 0, 0, 0, 0, 0
0, 0, 0, 0, 0, 0, 0
0, 0, 0, 0, 0, 0, 0
0, 0, 0, 0, 0, 0, 0
0, 0, 0, 0, 0, 0, 0
0, 0, 0, 0, 0, 0, 0
0, 0, 0, 0, 0, 0, 0
0, 0, 0, 0, 0, 0, 0
0, 0, 0, 0, 0, 0, 0
0, 0, 0, 0, 0, 0, 0
0, 0, 0, 0, 0, 0, 0
0, 0, 0, 0, 0, 0, 0
0, 0, 0, 0, 0, 0, 0
0, 0, 0, 0, 0, 0, 0
0, 0, 0, 0, 0, 0, 0
0, 0, 0, 0, 0, 0, 0
0, 0, 0, 0, 0, 0, 0
0, 0, 0, 0, 0, 0, 0
0, 0, 0, 0, 0, 0, 0
0, 0, 0, 0, 0, 0, 0
0, 0, 0, 0, 0, 0, 0
0, 0, 0, 0, 0, 0, 0
0, 0, 0, 0, 0, 0, 0
0, 0, 0, 0, 0, 0, 0
0, 0, 0, 0, 0, 0, 0
0, 0, 0, 0, 0, 0, 0
0, 0, 0, 0, 0, 0, 0
0, 0, 0, 0, 0, 0, 0
0, 0, 0, 0, 0, 0, 0
0, 0, 0, 0, 0, 0, 0
0, 0, 0, 0, 0, 0, 0
0, 0, 0, 0, 0, 0, 0
0, 0, 0, 0, 0, 0, 0
0, 0, 0, 0, 0, 0, 0
0, 0, 0, 0, 0, 0, 0
0, 0, 0, 0, 0, 0, 0
0, 0, 0, 0, 0, 0, 0
0, 0, 0, 0, 0, 0, 0
0, 0, 0, 0, 0, 0, 0
0, 0, 0, 0, 0, 0, 0
0, 0, 0, 0, 0, 0, 0
0, 0, 0, 0, 0, 0, 0
0, 0, 0, 0, 0, 0, 0
0, 0, 0, 0, 0, 0, 0
0, 0, 0, 0, 0, 0, 0
0, 0, 0, 0, 0, 0, 0
0, 0, 0, 0, 0, 0, 0
0, 0, 0, 0, 0, 0, 0
0, 0, 0, 0, 0, 0, 0
0, 0, 0, 0, 0, 0, 0
0, 0, 0, 0, 0, 0, 0
0, 0, 0, 0, 0, 0, 0
0, 0, 0, 0, 0, 0, 0
0, 0, 0, 0, 0, 0, 0
0, 0, 0, 0, 0, 0, 0
0, 0, 0, 0, 0, 0, 0
0, 0, 0, 0, 0, 0, 0
0, 0, 0, 0, 0, 0, 0
0, 0, 0, 0, 0, 0, 0
0, 0, 0, 0, 0, 0, 0
0, 0, 0, 0, 0, 0, 0
0, 0, 0, 0, 0, 0, 0
0, 0, 0, 0, 0, 0, 0
0, 0, 0, 0, 0, 0, 0
0, 0, 0, 0, 0, 0, 0
0, 0, 0, 0, 0, 0, 0
0, 0, 0, 0, 0, 0, 0
0, 0, 0, 0, 0, 0, 0
0, 0, 0, 0, 0, 0, 0
0, 0, 0, 0, 0, 0, 0
0, 0, 0, 0, 0, 0, 0
0, 0, 0, 0, 0, 0, 0
0, 0, 0, 0, 0, 0, 0
0, 0, 0, 0, 0, 0, 0
0, 0, 0, 0, 0, 0, 0
0, 0, 0, 0, 0, 0, 0
0, 0, 0, 0, 0, 0, 0
0, 0, 0, 0, 0, 0, 0
0, 0, 0, 0, 0, 0, 0
0, 0, 0, 0, 0, 0, 0
0, 0, 0, 0, 0, 0, 0
0, 0, 0, 0, 0, 0, 0
0, 0, 0, 0, 0, 0, 0
0, 0, 0, 0, 0, 0, 0
0, 0, 0, 0, 0, 0, 0
0, 0, 0, 0, 0, 0, 0
0, 0, 0, 0, 0, 0, 0
0, 0, 0, 0, 0, 0, 0
0, 0, 0, 0, 0, 0, 0
0, 0, 0, 0, 0, 0, 0
0, 0, 0, 0, 0, 0, 0
0, 0, 0, 0, 0, 0, 0
0, 0, 0, 0, 0, 0, 0
0, 0, 0, 0, 0, 0, 0
0, 0, 0, 0, 0, 0, 0
0, 0, 0, 0, 0, 0, 0
0, 0, 0, 0, 0, 0, 0
0, 0, 0, 0, 0, 0, 0
0, 0, 0, 0, 0, 0, 0
0, 0, 0, 0, 0, 0, 0
0, 0, 0, 0, 0, 0, 0
0, 0, 0, 0, 0, 0, 0
0, 0, 0, 0, 0, 0, 0
0, 0, 0, 0, 0, 0, 0
0, 0, 0, 0, 0, 0, 0
0, 0, 0, 0, 0, 0, 0
0, 0, 0, 0, 0, 0, 0
0, 0, 0, 0, 0, 0, 0
0, 0, 0, 0, 0, 0, 0
0, 0, 0, 0, 0, 0, 0
0, 0, 0, 0, 0, 0, 0
0, 0, 0, 0, 0, 0, 0
0, 0, 0, 0, 0, 0, 0
0, 0, 0, 0, 0, 0, 0
0, 0, 0, 0, 0, 0, 0
0, 0, 0, 0, 0, 0, 0
0, 0, 0, 0, 0, 0, 0
0, 0, 0, 0, 0, 0, 0
0, 0, 0, 0, 0, 0, 0
0, 0, 0, 0, 0, 0, 0
0, 0, 0, 0, 0, 0, 0
0, 0, 0, 0, 0, 0, 0
0, 0, 0, 0, 0, 0, 0
0, 0, 0, 0, 0, 0, 0
0, 0, 0, 0, 0, 0, 0
0, 0, 0, 0, 0, 0, 0
0, 0, 0, 0, 0, 0, 0
0, 0, 0, 0, 0, 0, 0
0, 0, 0, 0, 0, 0, 0
0, 0, 0, 0, 0, 0, 0
0, 0, 0, 0, 0, 0, 0
0, 0, 0, 0, 0, 0, 0
0, 0, 0, 0, 0, 0, 0
0, 0, 0, 0, 0, 0, 0
0, 0, 0, 0, 0, 0, 0
0, 0, 0, 0, 0, 0, 0
0, 0, 0, 0, 0, 0, 0
0, 0, 0, 0, 0, 0, 0
0, 0, 0, 0, 0, 0, 0
0, 0, 0, 0, 0, 0, 0
8.88843, 9.043631, 9.2339775, 9.5136723, 9.8073939, 15.874907839999999, 23.303856
8.878532, 9.042947, 9.241586250000001, 9.511582, 9.756349299999998, 14.778363, 23.303856
8.8887955, 9.0472325, 9.23800375, 9.5331793, 9.74920055, 11.73735778, 52.853195
8.8714835, 9.032985, 9.22954775, 9.5010905, 9.833867, 16.10014703, 52.853195
8.88755225, 9.035993999999999, 9.244572, 9.509769, 9.7235559, 16.1799103, 52.853195
8.872994, 9.040790999999999, 9.2447105, 9.5197932, 9.79349325, 13.261468359999999, 36.893046
8.882553, 9.0316855, 9.2320315, 9.507059400000001, 9.760739599999999, 11.163599429999998, 23.303856
8.882595, 9.0352255, 9.22883425, 9.5169675, 9.786826, 15.723825249999997, 19.213916
8.88679025, 9.048778500000001, 9.237197250000001, 9.5171299, 9.76691195, 11.75998025999998, 19.892145
8.89260775, 9.0327245, 9.23811025, 9.509171, 9.733125, 11.455930439999996, 19.071708
8.88563025, 9.038672, 9.24772825, 9.4803993, 9.694189499999998, 13.261468359999999, 23.303856
8.879335999999999, 9.033663, 9.22173525, 9.480455200000002, 9.7651727, 14.731487, 19.656824
8.888997750000001, 9.0521445, 9.253249, 9.520845699999999, 9.8066819, 15.87359139, 19.645042
8.897687, 9.052893, 9.25678825, 9.5277511, 9.741038699999999, 16.1799103, 24.370709
8.8900975, 9.0416425, 9.23228675, 9.4720879, 9.697161150000001, 11.447429719999995, 19.892145
8.888544, 9.042504, 9.232705000000001, 9.5012317, 9.8001393, 14.69174642, 23.303856
8.883178, 9.0366715, 9.2374805, 9.4720381, 9.735794849999998, 14.905645829999994, 32.855096
8.89065125, 9.040676999999999, 9.23583425, 9.482374, 9.6980285, 14.002109669999998, 52.853195
8.900439, 9.048361, 9.2409245, 9.4912507, 9.715871, 15.578333699999993, 52.853195
8.8867165, 9.0367865, 9.227041999999999, 9.497619100000001, 9.740374999999998, 11.990346579999983, 32.855096
8.887621750000001, 9.042713, 9.238305749999999, 9.538435400000001, 9.8470532, 16.26162101, 21.371576
8.87681875, 9.0337335, 9.224447999999999, 9.5358718, 9.7956106, 13.810030339999994, 20.217992
8.875146, 9.038717, 9.23959275, 9.5112251, 9.82399075, 16.26121194, 21.371576
8.880160499999999, 9.04034, 9.24720525, 9.483982699999999, 9.72866825, 12.009638469999988, 19.656824
8.88514275, 9.0432165, 9.24838575, 9.5422966, 9.76824745, 14.783211649999997, 52.853195
8.881794, 9.045713500000002, 9.247933, 9.4986732, 9.73320785, 13.736723989999991, 23.303856
8.87610525, 9.030716, 9.233209, 9.5284431, 9.80857995, 16.746927, 36.893046
8.87741025, 9.031876, 9.22628975, 9.4936058, 9.7074605, 11.02207091, 22.552578
8.898032, 9.043631, 9.24988575, 9.525244599999999, 9.79625, 16.39775888, 24.370709
8.856216, 8.989685999999999, 9.173312249999999, 9.4386792, 9.904375, 11.971068919999983, 35.734803
8.86410425, 8.9992485, 9.174917749999999, 9.4584161, 9.956609949999997, 12.071947189999964, 37.448702
8.866534249999999, 9.002862, 9.18185325, 9.422097, 9.94071025, 11.961399699999992, 37.448702
8.868428, 9.004898, 9.17372475, 9.4585776, 9.93106605, 11.738778159999995, 35.487972
8.86033025, 8.9983355, 9.180171, 9.471791, 10.0651058, 12.312431989999995, 35.734803
8.86896325, 8.999387500000001, 9.17261825, 9.437054199999999, 9.91084745, 11.89828437999999, 37.448702
8.861673, 9.0032085, 9.170986, 9.4430961, 9.951954899999999, 12.074361929999956, 24.923449
8.8652725, 9.004535, 9.182802500000001, 9.4626924, 9.992345, 11.961399699999992, 35.734803
8.85815275, 9.002438999999999, 9.181201000000001, 9.454415, 9.961654, 11.913174, 35.734803
8.8626055, 9.0052, 9.176034, 9.4734309, 10.003491, 12.003135779999997, 35.734803
8.868584, 9.004383, 9.18455175, 9.455942, 10.023539, 11.993545, 35.734803
8.8652725, 9.0057155, 9.178994, 9.4614745, 9.994264399999999, 12.345498599999994, 37.448702
8.869554, 9.008198, 9.187513749999999, 9.473399, 10.029733, 12.003602619999986, 37.448702
8.86438075, 9.004538, 9.18290125, 9.4570382, 9.94071025, 11.932675, 35.487972
8.868221, 9.0043825, 9.170898, 9.414580299999999, 9.872729549999997, 11.669915089999991, 35.734803
8.864438, 9.003879, 9.174539000000001, 9.4498257, 9.915973, 11.896606799999999, 35.487972
8.866467, 9.0082645, 9.185034, 9.458109, 9.992884999999998, 12.257427629999995, 37.448702
8.862099, 8.992412999999999, 9.180891, 9.446237499999999, 9.9045498, 12.003135779999997, 35.734803
8.86572825, 9.004223, 9.187557, 9.4373524, 9.952919, 11.832284659999997, 37.448702
8.868799749999999, 9.006582, 9.18735225, 9.4220907, 9.853615749999998, 11.678355569999999, 37.448702
8.87112325, 9.007771, 9.1813675, 9.44578, 9.969527649999998, 12.007767, 33.51644
8.86885625, 9.004519, 9.170898, 9.440225, 9.880036499999996, 11.938814469999995, 37.448702
8.86669625, 9.005317999999999, 9.17835975, 9.4559177, 9.956427099999997, 11.970582469999993, 35.487972
8.8728525, 9.013797499999999, 9.195632250000001, 9.469285, 10.014147249999999, 11.815835809999994, 37.448702
8.8656115, 9.002894, 9.178934, 9.4349914, 9.9053934, 11.70546816, 33.51644
8.8632195, 9.0039865, 9.1830465, 9.4433311, 9.899945849999998, 11.839950609999986, 33.51644
8.87108475, 9.000801, 9.172599, 9.4446254, 9.918463749999999, 12.372583369999997, 37.448702
8.8692885, 9.0023375, 9.179897500000001, 9.428314, 9.87038265, 11.958562, 37.448702
8.861243, 9.002709, 9.16716775, 9.4120528, 9.810388099999999, 11.896606799999999, 35.734803
8.87022, 9.007274500000001, 9.183684, 9.4827645, 9.981641199999997, 11.993640439999997, 16.928153
8.8608845, 8.998334499999999, 9.1874665, 9.472611, 10.0679634, 11.932545, 35.330604
8.8599565, 9.006582, 9.178988, 9.4390328, 10.038367049999994, 11.970292, 37.448702
8.8624595, 8.9916015, 9.1727305, 9.481122999999998, 10.003491, 11.932605699999998, 37.448702
8.861632499999999, 9.003628, 9.190223, 9.498231299999999, 10.097408199999999, 11.993640439999997, 37.448702
8.86566, 8.995393, 9.173376750000001, 9.4221854, 9.908394049999997, 11.89654, 16.928153
8.863573500000001, 8.9994665, 9.172877, 9.436981399999999, 9.905671849999997, 11.92298623999998, 37.448702
8.870433, 9.005264, 9.191821, 9.4637776, 10.0297696, 11.932546299999998, 35.734803
8.862495000000001, 9.002518, 9.165526499999999, 9.4167936, 9.839611999999997, 12.222361, 37.448702
8.870625, 9.006667, 9.17113, 9.441657099999999, 9.922230449999992, 12.00816916999999, 37.448702
8.86393575, 9.0039445, 9.179315, 9.437992, 9.885101349999998, 12.074013459999964, 35.734803
8.863903, 9.00448, 9.183131, 9.4371546, 9.952138799999998, 12.00816916999999, 37.448702
8.87268925, 9.008049, 9.185064, 9.4348872, 9.930965, 12.279831549999985, 37.448702
8.86408725, 9.0041325, 9.184284250000001, 9.463549, 10.006394849999992, 11.92260359999999, 37.448702
8.868889750000001, 9.0127965, 9.1907325, 9.4666003, 10.078466, 12.419993, 35.734803
8.87408525, 9.005095, 9.180444, 9.4449875, 9.843192850000001, 11.9993765, 35.330604
8.86835825, 9.002021500000001, 9.183027, 9.4609165, 9.994071, 11.993640439999997, 37.448702
8.863783, 8.996537, 9.172877, 9.4615552, 10.0051396, 11.999423279999998, 35.734803
8.866639, 8.9940965, 9.1814625, 9.4785472, 10.029901299999999, 11.669556, 14.370167
8.872478749999999, 9.0093345, 9.1679615, 9.4626924, 9.992635049999997, 11.71390730999999, 35.487972
8.861894, 9.000856, 9.17489, 9.4401249, 9.899901449999998, 11.895225279999991, 37.448702
8.866711, 8.9963475, 9.176648, 9.4432049, 10.0134674, 11.90322, 37.448702
8.8820355, 9.032164, 9.23636725, 9.483278, 9.7163714, 16.059206239999998, 52.853195
8.878558250000001, 9.039887, 9.226886, 9.491822, 9.799316549999999, 14.005221999999996, 36.893046
8.885725, 9.050782, 9.24242925, 9.5466332, 9.74440445, 16.7075575, 52.853195
8.883426, 9.044827000000002, 9.242143, 9.501127499999999, 9.771748, 16.18035541, 24.370709
8.898582, 9.0484875, 9.25450375, 9.502176700000001, 9.810516049999999, 16.605649919999998, 24.370709
8.89649925, 9.0559105, 9.24251675, 9.492658800000001, 9.7403794, 16.05074345, 19.213916
8.881508499999999, 9.035295999999999, 9.227784999999999, 9.4936765, 9.7144075, 11.926869659999989, 24.370709
8.888767, 9.049115, 9.24507475, 9.5269817, 9.812892, 14.905645829999994, 52.853195
8.8822245, 9.047724, 9.25409625, 9.5507514, 9.765831449999999, 16.109982679999998, 19.071708
8.878262, 9.030887, 9.263069999999999, 9.5652895, 9.806602, 14.004976779999996, 18.166172
8.884136, 9.034400000000002, 9.2495135, 9.5213053, 9.760536, 14.60570419, 36.893046
8.89441925, 9.05212, 9.238609, 9.5365733, 9.778165, 15.725401299999996, 32.855096
8.8888975, 9.041571999999999, 9.228636, 9.4768906, 9.699223899999998, 16.21605821, 52.853195
8.87154925, 9.029453, 9.22022675, 9.5238938, 9.7341068, 14.741395359999991, 24.370709
8.892614, 9.033891, 9.214357, 9.458028800000001, 9.70140145, 11.455930439999996, 19.072953
0, 0, 0, 0, 0, 0, 0
0, 0, 0, 0, 0, 0, 0
0, 0, 0, 0, 0, 0, 0
0, 0, 0, 0, 0, 0, 0
0, 0, 0, 0, 0, 0, 0
0, 0, 0, 0, 0, 0, 0
0, 0, 0, 0, 0, 0, 0
0, 0, 0, 0, 0, 0, 0
0, 0, 0, 0, 0, 0, 0
0, 0, 0, 0, 0, 0, 0
0, 0, 0, 0, 0, 0, 0
0, 0, 0, 0, 0, 0, 0
0, 0, 0, 0, 0, 0, 0
0, 0, 0, 0, 0, 0, 0
0, 0, 0, 0, 0, 0, 0
0, 0, 0, 0, 0, 0, 0
0, 0, 0, 0, 0, 0, 0
0, 0, 0, 0, 0, 0, 0
0, 0, 0, 0, 0, 0, 0
0, 0, 0, 0, 0, 0, 0
0, 0, 0, 0, 0, 0, 0
0, 0, 0, 0, 0, 0, 0
0, 0, 0, 0, 0, 0, 0
0, 0, 0, 0, 0, 0, 0
0, 0, 0, 0, 0, 0, 0
0, 0, 0, 0, 0, 0, 0
0, 0, 0, 0, 0, 0, 0
0, 0, 0, 0, 0, 0, 0
0, 0, 0, 0, 0, 0, 0
0, 0, 0, 0, 0, 0, 0
0, 0, 0, 0, 0, 0, 0
0, 0, 0, 0, 0, 0, 0
0, 0, 0, 0, 0, 0, 0
0, 0, 0, 0, 0, 0, 0
8.884151000000001, 9.036181500000001, 9.24084375, 9.490881200000002, 9.79201135, 14.007108829999995, 52.853195
8.87947, 9.0434915, 9.25882125, 9.548864, 9.79987425, 16.7132673, 18.166172
8.89098875, 9.0463415, 9.250807, 9.548266000000002, 9.829222, 16.713529349999998, 52.853195
8.89070525, 9.0442015, 9.252003, 9.533598, 9.79529335, 14.007971759999993, 36.893046
8.893315000000001, 9.038009500000001, 9.23805975, 9.526642200000001, 9.7685258, 15.270364589999993, 52.853195
8.890757, 9.042134, 9.238639, 9.489023399999999, 9.738185, 13.920256239999995, 32.855096
8.8889145, 9.0408095, 9.24507475, 9.50903, 9.7335494, 11.445089979999997, 52.853195
8.8800725, 9.037532500000001, 9.230834999999999, 9.546235, 9.823102350000001, 16.706707, 36.893046
8.888395, 9.032373499999999, 9.21458625, 9.483982699999999, 9.7444467, 16.476840149999997, 24.370709
8.88233075, 9.034028, 9.237163, 9.4687938, 9.6516019, 16.102352149999998, 32.855096
8.88217075, 9.047307, 9.2475, 9.5349308, 9.79334515, 14.67048174, 52.853195
8.875265, 9.032342, 9.219931, 9.4832239, 9.6896068, 15.271102349999992, 21.371576
8.88605475, 9.048379, 9.249988, 9.4978842, 9.7494059, 11.37438967, 19.656824
8.8800155, 9.042919, 9.2325895, 9.4992931, 9.733273650000001, 15.97762476, 32.855096
8.89277075, 9.056272499999999, 9.2583155, 9.5483714, 9.81769355, 15.722323, 52.853195
8.89601025, 9.044572, 9.26803275, 9.5187737, 9.6934249, 10.841940839999998, 32.855096
8.88647375, 9.0478175, 9.25221875, 9.539195000000001, 9.808353, 11.994732, 20.217992
8.88864775, 9.052167, 9.237321, 9.4951444, 9.764143099999998, 13.165980879999996, 19.071708
8.89841725, 9.047717500000001, 9.23078, 9.491996700000001, 9.7683166, 14.452594749999998, 19.892145
8.89853575, 9.048262999999999, 9.24934025, 9.5129756, 9.79529335, 15.271102349999992, 22.552578
8.884080999999998, 9.0424495, 9.26370775, 9.517306399999999, 9.82561, 14.431153, 22.552578
8.896533, 9.047197, 9.243258, 9.5460857, 9.8138833, 14.670883159999999, 24.370709
8.88972425, 9.0424215, 9.2389195, 9.5255521, 9.7719557, 13.617861, 24.370709
8.876747, 9.0318215, 9.2218305, 9.4846491, 9.6934249, 13.56475504999999, 52.853195
8.880322750000001, 9.043477, 9.248285000000001, 9.542590800000001, 9.79333765, 16.033884379999996, 52.853195
8.886603999999998, 9.0436445, 9.23805975, 9.49209, 9.765848349999999, 14.705417519999987, 52.853195
8.8914825, 9.0561535, 9.243125249999999, 9.5361424, 9.77420235, 14.606785109999999, 52.853195
8.87924675, 9.032985, 9.23313375, 9.484082899999999, 9.68732815, 11.988609519999985, 36.893046
8.885879, 9.047623999999999, 9.2618955, 9.550697, 9.7803109, 16.109982679999998, 52.853195
8.879515249999999, 9.035138, 9.2373695, 9.5092862, 9.806857, 15.266299859999997, 24.370709
8.88233275, 9.04468, 9.23725125, 9.5080217, 9.772188400000001, 11.682962069999999, 19.892145
8.889720500000001, 9.0432805, 9.243782000000001, 9.5208795, 9.7401951, 13.556740149999998, 32.855096
8.8884805, 9.052715, 9.2534815, 9.547810700000001, 9.80962115, 16.36254276, 52.853195
8.890470749999999, 9.0449605, 9.24720875, 9.488588, 9.752876099999998, 13.809444849999995, 36.893046
8.88687425, 9.033602, 9.21446125, 9.483131100000001, 9.7968475, 14.69174642, 36.893046
8.8868585, 9.03266, 9.235672749999999, 9.492233, 9.713050899999999, 13.738322099999998, 23.303856
8.877061000000001, 9.038043, 9.227128, 9.4942215, 9.744627249999999, 14.395243399999996, 19.587514
8.8815305, 9.0384525, 9.24878, 9.529957600000001, 9.783349099999999, 16.21755512, 36.893046
8.89586275, 9.057826, 9.26094, 9.548228600000002, 9.76816065, 13.554247, 22.552578
8.892525749999999, 9.0489155, 9.243984, 9.504180700000001, 9.795171999999999, 11.927572709999989, 19.892145
8.89665075, 9.0463415, 9.240568, 9.503681400000001, 9.761134, 16.099406520000002, 32.855096
8.883825, 9.050384999999999, 9.242806250000001, 9.530930699999999, 9.7669266, 14.41651684, 24.370709
8.881701, 9.0359105, 9.24746, 9.560223500000001, 9.810516049999999, 14.393979049999999, 20.217992
8.894555, 9.0506305, 9.24704325, 9.52741, 9.7937421, 16.748451479999996, 52.853195
8.89152275, 9.049467499999999, 9.2253095, 9.4775106, 9.71725335, 13.239192809999993, 36.893046
8.875423, 9.012939, 9.18357, 9.445925, 9.875563349999995, 11.832839339999985, 35.734803
8.86888725, 9.013224, 9.178997, 9.4467835, 9.941154449999997, 11.938814469999995, 35.487972
8.855461250000001, 8.991985, 9.163389, 9.420533800000001, 9.884818549999999, 12.222361, 37.448702
8.868218, 8.999586, 9.179709, 9.449779600000001, 9.8746628, 11.750108449999976, 35.487972
8.857894, 9.0025965, 9.188139, 9.4622512, 9.992588799999996, 11.74916128, 35.487972
8.865643500000001, 9.005145, 9.182977, 9.4338461, 9.900481349999996, 11.89461396, 29.227148
8.87125125, 9.0032085, 9.186081, 9.4582946, 9.956427099999997, 11.913264409999998, 29.227148
8.86920475, 8.997625500000002, 9.164926, 9.3839516, 9.7143695, 11.74916128, 35.734803
8.8670945, 9.00457, 9.170088, 9.4574223, 9.962119099999997, 12.007767, 35.734803
8.86979375, 9.005413, 9.1788165, 9.439427, 9.941154449999997, 11.913745179999987, 35.734803
8.863573500000001, 9.0054585, 9.170898, 9.4220907, 10.0650474, 12.279171, 35.734803
8.866467, 9.002467, 9.17692475, 9.4233101, 9.952919, 11.933944699999966, 37.448702
8.8724745, 9.013516, 9.19096575, 9.474042, 10.0899381, 11.922319599999996, 16.112752
8.866158500000001, 9.007242999999999, 9.1916725, 9.4571399, 9.927206799999999, 12.047984, 33.51644
8.86794025, 9.009894, 9.199379, 9.4582946, 9.974629999999996, 12.008414479999985, 35.487972
8.86566, 9.0041325, 9.179897500000001, 9.4631742, 9.993162599999996, 11.959456219999979, 35.330604
8.8627735, 9.003639, 9.166133, 9.4214925, 9.929522299999999, 11.725706189999997, 35.487972
8.86477425, 8.9972305, 9.171108, 9.439118899999999, 9.94117155, 12.170292939999987, 37.448702
8.8623735, 9.00024, 9.192537, 9.478324, 10.004905999999997, 12.073487519999976, 24.923449
8.870978, 9.003352, 9.17653875, 9.445885299999999, 10.068054199999999, 11.932605699999998, 37.448702
8.87096425, 9.007814, 9.18344075, 9.4684348, 10.014559149999995, 11.96149513999999, 37.448702
8.868461, 9.005277, 9.183264750000001, 9.4581268, 9.916524799999996, 11.913264409999998, 33.51644
8.86926975, 9.004629, 9.1768895, 9.459293, 10.0137305, 11.795578049999992, 35.734803
8.87091075, 9.008032, 9.18949775, 9.461342, 9.965514549999998, 11.71847671, 33.51644
8.868397250000001, 9.005974, 9.18137275, 9.428554, 9.879181, 11.932830299999992, 29.227148
8.87154825, 9.0044005, 9.18348225, 9.4404383, 9.90801325, 11.932933869999994, 35.487972
8.86190025, 8.997816, 9.172877, 9.431808299999998, 9.974078599999999, 12.047984, 37.448702
8.85768425, 9.001616, 9.176562, 9.4373368, 9.899901449999998, 11.761882799999995, 35.487972
8.86564775, 8.998849499999999, 9.1741025, 9.4313164, 10.057858749999998, 11.958562, 16.295498
8.864464250000001, 9.001126500000002, 9.183299000000002, 9.45891, 9.994071, 12.071938419999963, 37.448702
8.875387250000001, 9.0071715, 9.18621175, 9.4623475, 9.956971899999996, 12.003135779999997, 16.928153
8.8688655, 9.009001000000001, 9.19112475, 9.466656, 10.014864549999992, 11.9993765, 35.487972
8.8654565, 9.01237, 9.1920035, 9.4559177, 9.929421249999999, 11.851862049999994, 35.487972
8.872449750000001, 9.0114225, 9.1864325, 9.4459915, 9.9499455, 11.939164299999987, 37.448702
8.86658325, 9.0061795, 9.17401075, 9.4050365, 9.931728549999997, 11.90322, 35.330604
8.86906825, 8.998258, 9.17475025, 9.451941900000001, 9.9465109, 12.278240759999992, 37.448702
8.8644955, 8.989663499999999, 9.171532, 9.4308491, 9.965731199999997, 11.895509279999985, 35.734803
8.8637655, 9.006952, 9.1737515, 9.4584845, 9.916202749999998, 11.939164299999987, 24.923449
8.867969250000002, 9.0030295, 9.170898, 9.4381976, 9.837053549999998, 11.922215, 37.448702
8.870303, 9.003318, 9.17340025, 9.4307232, 9.913594349999999, 11.898029969999996, 37.448702
8.86944975, 8.997625500000002, 9.171034, 9.4426766, 9.953264549999998, 11.932805169999993, 37.448702
8.869261, 9.000422499999999, 9.18610675, 9.4360111, 9.738968199999997, 11.757441139999989, 35.734803
8.865273, 9.004037, 9.19653275, 9.5021238, 10.077020099999999, 12.008233839999988, 37.448702
8.87230225, 9.0489155, 9.23713875, 9.5232942, 9.76498245, 15.977705209999998, 52.853195
8.8870095, 9.043093500000001, 9.24396925, 9.474778, 9.73882595, 16.10021293, 23.303856
8.90063425, 9.0540095, 9.23775, 9.503872500000002, 9.7074605, 14.676200569999994, 18.344529
8.88702275, 9.03189, 9.224699999999999, 9.5077885, 9.756738, 13.487890559999999, 36.893046
8.876805, 9.038948999999999, 9.24258375, 9.526503, 9.807453149999999, 14.454881349999996, 19.502914
8.89523325, 9.053641500000001, 9.2495565, 9.5187737, 9.748175, 14.10601301, 36.893046
8.892987, 9.040044, 9.237054, 9.498471100000001, 9.67522065, 11.737343, 21.371576
8.87522075, 9.0271185, 9.21625825, 9.492805500000001, 9.748175, 15.979720029999998, 52.853195
8.878134750000001, 9.026518, 9.22028575, 9.454511400000001, 9.69323285, 14.691345, 20.217992
8.8926335, 9.044459, 9.24257425, 9.540584599999999, 9.86203855, 15.724868639999997, 32.855096
8.88664275, 9.0440595, 9.243644250000001, 9.535469, 9.7580177, 11.838646899999976, 19.656824
8.872962750000001, 9.043445, 9.25049675, 9.5112617, 9.73990345, 10.36373661, 36.893046
8.89427175, 9.0509525, 9.2469805, 9.526671, 9.82986145, 16.748617909999997, 24.370709
8.89540075, 9.0459215, 9.26009125, 9.529947, 9.81290615, 14.110135159999995, 19.213916
8.88712, 9.0414625, 9.226886, 9.5181868, 9.771748, 13.619718009999998, 23.303856
8.887261500000001, 9.039182, 9.2603755, 9.5125013, 9.74821725, 11.02185352, 22.552578
8.889219, 9.043093500000001, 9.24200675, 9.4928433, 9.779717, 13.809837909999993, 36.893046
0, 0, 0, 0, 0, 0, 0
0, 0, 0, 0, 0, 0, 0
0, 0, 0, 0, 0, 0, 0
0, 0, 0, 0, 0, 0, 0
0, 0, 0, 0, 0, 0, 0
0, 0, 0, 0, 0, 0, 0
0, 0, 0, 0, 0, 0, 0
0, 0, 0, 0, 0, 0, 0
0, 0, 0, 0, 0, 0, 0
0, 0, 0, 0, 0, 0, 0
0, 0, 0, 0, 0, 0, 0
0, 0, 0, 0, 0, 0, 0
0, 0, 0, 0, 0, 0, 0
0, 0, 0, 0, 0, 0, 0
0, 0, 0, 0, 0, 0, 0
0, 0, 0, 0, 0, 0, 0
0, 0, 0, 0, 0, 0, 0
0, 0, 0, 0, 0, 0, 0
0, 0, 0, 0, 0, 0, 0
0, 0, 0, 0, 0, 0, 0
0, 0, 0, 0, 0, 0, 0
0, 0, 0, 0, 0, 0, 0
0, 0, 0, 0, 0, 0, 0
0, 0, 0, 0, 0, 0, 0
0, 0, 0, 0, 0, 0, 0
0, 0, 0, 0, 0, 0, 0
0, 0, 0, 0, 0, 0, 0
0, 0, 0, 0, 0, 0, 0
0, 0, 0, 0, 0, 0, 0
0, 0, 0, 0, 0, 0, 0
0, 0, 0, 0, 0, 0, 0
0, 0, 0, 0, 0, 0, 0
0, 0, 0, 0, 0, 0, 0
0, 0, 0, 0, 0, 0, 0
0, 0, 0, 0, 0, 0, 0
0, 0, 0, 0, 0, 0, 0
0, 0, 0, 0, 0, 0, 0
0, 0, 0, 0, 0, 0, 0
0, 0, 0, 0, 0, 0, 0
0, 0, 0, 0, 0, 0, 0
0, 0, 0, 0, 0, 0, 0
0, 0, 0, 0, 0, 0, 0
0, 0, 0, 0, 0, 0, 0
0, 0, 0, 0, 0, 0, 0
0, 0, 0, 0, 0, 0, 0
0, 0, 0, 0, 0, 0, 0
0, 0, 0, 0, 0, 0, 0
0, 0, 0, 0, 0, 0, 0
0, 0, 0, 0, 0, 0, 0
0, 0, 0, 0, 0, 0, 0
0, 0, 0, 0, 0, 0, 0
0, 0, 0, 0, 0, 0, 0
0, 0, 0, 0, 0, 0, 0
0, 0, 0, 0, 0, 0, 0
0, 0, 0, 0, 0, 0, 0
0, 0, 0, 0, 0, 0, 0
0, 0, 0, 0, 0, 0, 0
0, 0, 0, 0, 0, 0, 0
0, 0, 0, 0, 0, 0, 0
0, 0, 0, 0, 0, 0, 0
0, 0, 0, 0, 0, 0, 0
0, 0, 0, 0, 0, 0, 0
0, 0, 0, 0, 0, 0, 0
0, 0, 0, 0, 0, 0, 0
0, 0, 0, 0, 0, 0, 0
0, 0, 0, 0, 0, 0, 0
0, 0, 0, 0, 0, 0, 0
0, 0, 0, 0, 0, 0, 0
0, 0, 0, 0, 0, 0, 0
0, 0, 0, 0, 0, 0, 0
0, 0, 0, 0, 0, 0, 0
0, 0, 0, 0, 0, 0, 0
0, 0, 0, 0, 0, 0, 0
0, 0, 0, 0, 0, 0, 0
0, 0, 0, 0, 0, 0, 0
0, 0, 0, 0, 0, 0, 0
0, 0, 0, 0, 0, 0, 0
0, 0, 0, 0, 0, 0, 0
0, 0, 0, 0, 0, 0, 0
0, 0, 0, 0, 0, 0, 0
0, 0, 0, 0, 0, 0, 0
0, 0, 0, 0, 0, 0, 0
0, 0, 0, 0, 0, 0, 0
0, 0, 0, 0, 0, 0, 0
0, 0, 0, 0, 0, 0, 0
0, 0, 0, 0, 0, 0, 0
0, 0, 0, 0, 0, 0, 0
0, 0, 0, 0, 0, 0, 0
0, 0, 0, 0, 0, 0, 0
0, 0, 0, 0, 0, 0, 0
0, 0, 0, 0, 0, 0, 0
0, 0, 0, 0, 0, 0, 0
0, 0, 0, 0, 0, 0, 0
0, 0, 0, 0, 0, 0, 0
0, 0, 0, 0, 0, 0, 0
0, 0, 0, 0, 0, 0, 0
8.87538825, 9.0410375, 9.24242275, 9.50226, 9.769433, 14.733161439999998, 24.370709
8.878421249999999, 9.0240715, 9.23083125, 9.5135588, 9.712904499999999, 12.014795369999982, 22.552578
8.880289999999999, 9.032025, 9.24217625, 9.5377847, 9.80910795, 15.87359139, 23.303856
8.883253499999999, 9.038805499999999, 9.217488000000001, 9.503468, 9.72335355, 10.86359313, 20.217992
8.893990500000001, 9.052459500000001, 9.26151525, 9.541847400000002, 9.8132033, 16.05991641, 24.370709
8.880942, 9.0454275, 9.237515, 9.5042655, 9.691672500000001, 11.830270899999983, 36.893046
8.88432475, 9.047449, 9.266803, 9.5460559, 9.7683166, 14.41651684, 24.370709
8.888282, 9.0454015, 9.238287249999999, 9.5386253, 9.802092349999999, 13.756392879999982, 52.853195
8.8731015, 9.033358499999999, 9.222437750000001, 9.5366414, 9.7416901, 14.90866716999999, 52.853195
8.889677, 9.036480000000001, 9.23600725, 9.5292011, 9.717795, 14.451942559999997, 22.552578
8.872988, 9.049534, 9.258718, 9.5486539, 9.80188175, 14.195220159999998, 19.373624
8.8762065, 9.0336255, 9.24037725, 9.5308734, 9.8128938, 16.37895398, 24.370709
8.87041625, 9.025088499999999, 9.2299745, 9.484839500000001, 9.734734, 13.234894149999999, 52.853195
8.8870095, 9.042134, 9.24161075, 9.508165, 9.73320785, 13.743305749999985, 21.371576
8.885438, 9.047654999999999, 9.229697250000001, 9.4971791, 9.750040649999999, 16.2613707, 19.892145
8.87651825, 9.0275415, 9.220009, 9.482426, 9.7560301, 15.874907839999999, 36.893046
8.8851295, 9.049389, 9.239857, 9.4935087, 9.69986575, 10.692658619999998, 52.853195
8.88662625, 9.0480145, 9.23564, 9.5203682, 9.80915505, 17.30083304, 36.893046
8.89844625, 9.05064, 9.246392, 9.492431400000001, 9.72000705, 16.18035541, 36.893046
8.865466, 9.004507499999999, 9.17487025, 9.454415, 9.992624699999999, 12.277897, 37.448702
8.867734500000001, 9.0044615, 9.179315, 9.444963, 9.9563359, 11.851862049999994, 37.448702
8.867063, 9.004875, 9.174917749999999, 9.451941900000001, 10.00536, 12.223784589999987, 29.227148
8.873091, 9.014043999999998, 9.17510425, 9.4496278, 9.884818549999999, 11.81638782999998, 35.734803
8.86699175, 9.009820999999999, 9.196575750000001, 9.4982321, 10.092724699999998, 12.38346996999999, 35.734803
8.8695935, 9.0066895, 9.174758, 9.454555899999999, 10.104511749999995, 11.961399699999992, 37.448702
8.871288, 9.003573, 9.18290125, 9.4400171, 9.896459749999998, 11.705781, 35.487972
8.863507250000001, 9.0063445, 9.176531, 9.462205, 9.997939, 11.932805169999993, 35.330604
8.86496425, 9.000226, 9.17489, 9.4202512, 9.885101349999998, 12.315773, 35.734803
8.874735, 9.0083815, 9.17384, 9.4359159, 9.980987, 11.922319599999996, 16.112752
8.863941, 9.001623, 9.170431, 9.4373368, 9.94071025, 11.718711779999994, 33.51644
8.8654565, 9.000086, 9.1755775, 9.4625379, 10.00353725, 11.874643389999996, 35.734803
8.86356575, 9.007883, 9.170274, 9.416717, 9.941349199999998, 11.993545, 35.487972
8.870358, 9.005137, 9.191046, 9.460722, 10.013892, 12.054451, 35.734803
8.852964, 8.999788500000001, 9.16934625, 9.410884, 9.778144749999996, 12.008414479999985, 37.448702
8.86447525, 8.9990095, 9.17919125, 9.4505011, 9.95293145, 11.938839599999994, 35.734803
8.86360925, 9.000086, 9.188717, 9.4432739, 9.899666, 11.958911829999993, 37.448702
8.871177750000001, 9.0082755, 9.18348225, 9.4659455, 10.030596699999998, 12.312307999999998, 37.448702
8.86343925, 8.99749, 9.1707335, 9.4655507, 10.030596699999998, 12.071412479999976, 35.330604
8.862561249999999, 9.001924, 9.175607, 9.471582199999999, 10.074187399999996, 11.994089389999987, 29.227148
8.861583750000001, 9.0062055, 9.18966025, 9.4463141, 9.985900799999998, 11.896606799999999, 35.734803
8.8598685, 8.998849499999999, 9.1766425, 9.4402446, 9.933381949999998, 12.222709469999991, 37.448702
8.87300775, 9.003958, 9.1762295, 9.4277528, 9.870239, 11.71398558999999, 37.448702
8.8618245, 8.994420000000002, 9.16826075, 9.4162386, 9.946731799999998, 11.894960639999992, 37.448702
8.8599105, 8.9985645, 9.170727000000001, 9.4452652, 9.913345, 11.970582469999993, 35.487972
8.87227125, 9.007822, 9.181478250000001, 9.445860999999999, 9.911208599999998, 11.713672239999998, 16.295498
8.865251749999999, 9.001423500000001, 9.171387, 9.459236800000001, 9.997939, 12.170292939999987, 35.487972
8.86906175, 9.0018195, 9.17175525, 9.4219672, 10.037369, 11.816186439999985, 33.51644
8.867021000000001, 9.0037535, 9.183177, 9.4406649, 9.915973, 11.932805169999993, 37.448702
8.8728525, 9.0064225, 9.191046, 9.487645500000001, 9.9812166, 12.009386999999961, 35.487972
8.862495000000001, 9.000041, 9.17903525, 9.477149599999999, 9.972366000000001, 12.37250889, 35.487972
8.861874, 9.004538, 9.175813999999999, 9.4523618, 10.133464949999993, 12.003783259999983, 37.448702
8.868995, 9.0045, 9.185766, 9.4658418, 10.037369, 11.852333869999983, 37.448702
8.86447525, 9.005561, 9.180355, 9.430895, 9.851320649999998, 11.898029969999996, 37.448702
8.870911, 9.002675, 9.18044175, 9.4559177, 9.87038265, 11.970666749999992, 37.448702
8.86439475, 9.003826499999999, 9.180037, 9.4355526, 9.870239, 11.678779689999988, 29.227148
8.862987, 8.999001, 9.18344075, 9.4386792, 9.89633605, 12.047984, 35.330604
8.86915, 9.005457, 9.18202625, 9.4406884, 9.9812166, 11.749544249999989, 37.448702
8.866957, 8.999299, 9.17068525, 9.438996, 9.931728549999997, 12.071938419999963, 35.734803
8.869883999999999, 9.0047685, 9.1739465, 9.4686457, 9.965514549999998, 11.678355569999999, 35.330604
8.870394000000001, 9.002539500000001, 9.1762295, 9.4307663, 9.971022949999998, 11.83972962999999, 35.487972
8.86840175, 9.001636999999999, 9.17916, 9.4307663, 9.8409, 11.839379, 16.295498
8.8591605, 9.004057, 9.17077075, 9.4498257, 9.960465999999997, 11.89460059, 35.734803
8.867911750000001, 9.0046385, 9.18185325, 9.4414199, 9.9499455, 12.00353794999999, 29.227148
8.864507, 9.000979, 9.175689, 9.4571145, 10.018997, 12.070439959999998, 37.448702
8.867979, 9.004875, 9.170683, 9.427106100000001, 9.950382249999997, 11.89655337, 35.487972
8.86343925, 9.001382, 9.173297, 9.4717065, 9.94641365, 12.222369769999998, 37.448702
8.861511, 9.0019125, 9.185687, 9.4852188, 10.023885299999998, 11.903319539999996, 35.734803
8.871783, 9.0076425, 9.1856675, 9.462339400000001, 9.9924313, 11.938814469999995, 35.734803
8.86375175, 9.0000555, 9.18185325, 9.4615561, 9.9812166, 11.9993765, 35.734803
8.870590499999999, 9.002539500000001, 9.178824500000001, 9.5136393, 10.15699495, 12.00104327999996, 33.51644
8.86071025, 8.999918000000001, 9.17646675, 9.4414822, 10.004416, 11.922318299999997, 35.487972
8.867063, 9.004251, 9.173506249999999, 9.450355, 9.953317199999999, 11.839933679999985, 35.487972
8.871093499999999, 9.000847, 9.1711365, 9.471173, 10.08763565, 12.34525584, 37.448702
8.86651425, 9.00173, 9.184326, 9.445610799999999, 9.920890049999997, 11.903573949999991, 37.448702
8.86794025, 9.008898, 9.18344075, 9.420288099999999, 9.8391793, 11.809981729999999, 35.734803
8.86935675, 9.002692, 9.175689, 9.4402446, 9.953317199999999, 11.95858713, 35.330604
8.870889, 9.004161, 9.1749775, 9.4559177, 9.941518149999997, 11.71847671, 35.734803
8.862505, 8.9942285, 9.1673965, 9.421441, 9.8792836, 11.958911829999993, 37.448702
8.86156975, 9.002863999999999, 9.186604, 9.459373600000001, 9.970956, 11.810576079999985, 37.448702
8.866418, 9.010351, 9.183255, 9.444518, 9.974646499999995, 11.922318299999997, 35.487972
8.8649685, 9.003350000000001, 9.16552525, 9.4190072, 9.91525744999999, 11.938615, 35.487972
8.861929, 8.997625500000002, 9.177047, 9.445610799999999, 9.92058795, 12.27953701999999, 35.734803
8.872169, 9.002561, 9.1654375, 9.4110196, 9.7463345, 11.569309839999987, 16.928153
8.8586325, 9.004046500000001, 9.1911185, 9.4581268, 9.992884999999998, 12.222916359999987, 37.448702
8.87395675, 9.010848500000002, 9.17596575, 9.4452652, 9.930678799999995, 11.90322, 35.487972
8.85982125, 9.001634, 9.181514250000001, 9.442472, 9.90801325, 11.897930429999999, 35.330604
8.866938, 9.003519, 9.192187, 9.46945, 9.985930999999997, 11.96316191999995, 37.448702
8.866242249999999, 9.002317, 9.173997499999999, 9.4445506, 9.824715799999998, 11.89654, 37.448702
8.8886355, 9.042758, 9.2239625, 9.472413900000001, 9.6896068, 10.899636619999997, 32.855096
8.883292749999999, 9.0336265, 9.22838175, 9.476831500000001, 9.712897499999999, 16.05074345, 21.371576
8.88962825, 9.0489545, 9.2539865, 9.5293807, 9.76085155, 15.267818949999995, 20.217992
8.879422250000001, 9.040887999999999, 9.23088325, 9.491848800000001, 9.78236335, 16.054133399999998, 52.853195
8.890679, 9.0465555, 9.236300499999999, 9.51066, 9.7483978, 14.10601301, 52.853195
8.87526875, 9.027144, 9.211934, 9.4786994, 9.730478, 14.70315702999999, 19.892145
8.893730999999999, 9.0331735, 9.242225, 9.5070352, 9.73827175, 15.270364589999993, 19.587514
8.893315000000001, 9.047792000000001, 9.25700225, 9.4860326, 9.6646557, 14.105136, 23.303856
8.87436825, 9.031119499999999, 9.222182, 9.483284699999999, 9.71349485, 16.39775888, 22.552578
8.885738, 9.0478175, 9.238278, 9.496900799999999, 9.717681, 14.605914929999999, 22.552578
8.8852035, 9.039136, 9.233219, 9.5234871, 9.8132033, 15.269321199999995, 32.855096
8.88664275, 9.0338265, 9.2359785, 9.5128809, 9.738284649999999, 10.715655519999997, 24.370709
8.880770250000001, 9.04193, 9.235672749999999, 9.4842747, 9.69194755, 13.736535, 52.853195
8.87867, 9.038463499999999, 9.228873, 9.5056736, 9.779881, 16.37845443, 52.853195
8.8897115, 9.0337335, 9.22430625, 9.450753, 9.6411277, 11.751590159999987, 32.855096
8.887853, 9.038846, 9.237199, 9.5161365, 9.73476515, 14.73195576, 23.303856
8.885693, 9.0499035, 9.26760575, 9.5193394, 9.777035699999999, 16.39846709, 19.892145
8.903328, 9.042858500000001, 9.22678, 9.4974219, 9.77960265, 13.72803882, 52.853195
8.870815499999999, 9.030844, 9.222253250000001, 9.4887307, 9.817646, 16.449208249999998, 24.370709
8.8840095, 9.034042, 9.240236249999999, 9.4868251, 9.740872, 13.494443679999991, 36.893046
8.887871749999999, 9.04269, 9.2501, 9.5015871, 9.7337161, 16.253665899999998, 52.853195
8.87991275, 9.0449205, 9.237845, 9.4811184, 9.763917, 14.90866716999999, 32.855096
8.88236075, 9.0336255, 9.24097875, 9.49454, 9.7135637, 14.902573969999995, 22.552578
8.877931, 9.030172499999999, 9.239915, 9.480515400000002, 9.697259950000001, 11.11953091, 52.853195
8.885862, 9.0463165, 9.254531, 9.5366084, 9.764299049999998, 16.47539771, 32.855096
8.886731, 9.0540845, 9.25183475, 9.555586400000001, 9.8142227, 15.267818949999995, 52.853195
8.878721500000001, 9.033891, 9.2286465, 9.4884586, 9.76401005, 11.991102669999982, 20.217992
8.88782725, 9.039810500000002, 9.23836975, 9.491996700000001, 9.7083, 11.755512039999983, 19.587514
8.8844725, 9.0573555, 9.23564825, 9.5003083, 9.80740865, 11.930102859999986, 52.853195
8.871629250000002, 9.024777, 9.21529875, 9.5001049, 9.7804623, 14.794361969999986, 52.853195
8.8881895, 9.042295, 9.252119, 9.509272600000001, 9.7161002, 14.79034823999999, 32.855096
8.878998249999999, 9.042451499999999, 9.23339625, 9.48235, 9.682566849999999, 11.73735778, 22.552578
8.89427175, 9.0500535, 9.25221875, 9.497989, 9.8084341, 11.374306019999999, 22.552578
8.888016499999999, 9.047803, 9.2336925, 9.499107, 9.765896399999999, 14.005562269999995, 36.893046
8.873636, 9.032833, 9.22252325, 9.484082899999999, 9.701534, 13.920011019999997, 19.587514
8.894237749999998, 9.062478500000001, 9.2659915, 9.532052, 9.8026006, 17.064956, 36.893046
8.8967255, 9.0455925, 9.235990750000001, 9.4976321, 9.78836215, 14.43134543, 52.853195
8.8922385, 9.03927, 9.244048500000002, 9.553810200000001, 9.8404741, 15.725606399999997, 36.893046
8.8929575, 9.050564, 9.252896, 9.5263204, 9.7781941, 16.362737189999997, 32.855096
8.88993425, 9.054294500000001, 9.2498935, 9.5475973, 9.8265569, 16.11107052, 52.853195
8.8752685, 9.0365085, 9.21993125, 9.4842499, 9.686788649999999, 14.73195576, 24.370709
8.892904999999999, 9.044572, 9.253781, 9.539195000000001, 9.7685258, 14.731487, 32.855096
8.88279025, 9.036266, 9.23778925, 9.5073414, 9.71863325, 14.416709269999998, 52.853195
8.89499025, 9.049244, 9.24802925, 9.508524000000001, 9.763917, 14.672557599999998, 36.893046
0, 0, 0, 0, 0, 0, 0
0, 0, 0, 0, 0, 0, 0
0, 0, 0, 0, 0, 0, 0
0, 0, 0, 0, 0, 0, 0
0, 0, 0, 0, 0, 0, 0
0, 0, 0, 0, 0, 0, 0
0, 0, 0, 0, 0, 0, 0
0, 0, 0, 0, 0, 0, 0
0, 0, 0, 0, 0, 0, 0
0, 0, 0, 0, 0, 0, 0
0, 0, 0, 0, 0, 0, 0
0, 0, 0, 0, 0, 0, 0
0, 0, 0, 0, 0, 0, 0
0, 0, 0, 0, 0, 0, 0
0, 0, 0, 0, 0, 0, 0
0, 0, 0, 0, 0, 0, 0
0, 0, 0, 0, 0, 0, 0
0, 0, 0, 0, 0, 0, 0
0, 0, 0, 0, 0, 0, 0
0, 0, 0, 0, 0, 0, 0
0, 0, 0, 0, 0, 0, 0
0, 0, 0, 0, 0, 0, 0
0, 0, 0, 0, 0, 0, 0
0, 0, 0, 0, 0, 0, 0
0, 0, 0, 0, 0, 0, 0
0, 0, 0, 0, 0, 0, 0
0, 0, 0, 0, 0, 0, 0
0, 0, 0, 0, 0, 0, 0
0, 0, 0, 0, 0, 0, 0
0, 0, 0, 0, 0, 0, 0
0, 0, 0, 0, 0, 0, 0
0, 0, 0, 0, 0, 0, 0
0, 0, 0, 0, 0, 0, 0
0, 0, 0, 0, 0, 0, 0
0, 0, 0, 0, 0, 0, 0
0, 0, 0, 0, 0, 0, 0
0, 0, 0, 0, 0, 0, 0
0, 0, 0, 0, 0, 0, 0
0, 0, 0, 0, 0, 0, 0
0, 0, 0, 0, 0, 0, 0
0, 0, 0, 0, 0, 0, 0
0, 0, 0, 0, 0, 0, 0
0, 0, 0, 0, 0, 0, 0
0, 0, 0, 0, 0, 0, 0
0, 0, 0, 0, 0, 0, 0
0, 0, 0, 0, 0, 0, 0
0, 0, 0, 0, 0, 0, 0
0, 0, 0, 0, 0, 0, 0
0, 0, 0, 0, 0, 0, 0
0, 0, 0, 0, 0, 0, 0
0, 0, 0, 0, 0, 0, 0
0, 0, 0, 0, 0, 0, 0
0, 0, 0, 0, 0, 0, 0
0, 0, 0, 0, 0, 0, 0
0, 0, 0, 0, 0, 0, 0
0, 0, 0, 0, 0, 0, 0
0, 0, 0, 0, 0, 0, 0
0, 0, 0, 0, 0, 0, 0
0, 0, 0, 0, 0, 0, 0
0, 0, 0, 0, 0, 0, 0
0, 0, 0, 0, 0, 0, 0
0, 0, 0, 0, 0, 0, 0
0, 0, 0, 0, 0, 0, 0
0, 0, 0, 0, 0, 0, 0
0, 0, 0, 0, 0, 0, 0
0, 0, 0, 0, 0, 0, 0
0, 0, 0, 0, 0, 0, 0
0, 0, 0, 0, 0, 0, 0
0, 0, 0, 0, 0, 0, 0
0, 0, 0, 0, 0, 0, 0
0, 0, 0, 0, 0, 0, 0
0, 0, 0, 0, 0, 0, 0
0, 0, 0, 0, 0, 0, 0
0, 0, 0, 0, 0, 0, 0
0, 0, 0, 0, 0, 0, 0
0, 0, 0, 0, 0, 0, 0
0, 0, 0, 0, 0, 0, 0
0, 0, 0, 0, 0, 0, 0
0, 0, 0, 0, 0, 0, 0
0, 0, 0, 0, 0, 0, 0
0, 0, 0, 0, 0, 0, 0
0, 0, 0, 0, 0, 0, 0
0, 0, 0, 0, 0, 0, 0
0, 0, 0, 0, 0, 0, 0
0, 0, 0, 0, 0, 0, 0
0, 0, 0, 0, 0, 0, 0
0, 0, 0, 0, 0, 0, 0
0, 0, 0, 0, 0, 0, 0
0, 0, 0, 0, 0, 0, 0
0, 0, 0, 0, 0, 0, 0
0, 0, 0, 0, 0, 0, 0
0, 0, 0, 0, 0, 0, 0
0, 0, 0, 0, 0, 0, 0
0, 0, 0, 0, 0, 0, 0
0, 0, 0, 0, 0, 0, 0
0, 0, 0, 0, 0, 0, 0
0, 0, 0, 0, 0, 0, 0
0, 0, 0, 0, 0, 0, 0
0, 0, 0, 0, 0, 0, 0
0, 0, 0, 0, 0, 0, 0
0, 0, 0, 0, 0, 0, 0
0, 0, 0, 0, 0, 0, 0
0, 0, 0, 0, 0, 0, 0
0, 0, 0, 0, 0, 0, 0
0, 0, 0, 0, 0, 0, 0
0, 0, 0, 0, 0, 0, 0
0, 0, 0, 0, 0, 0, 0
0, 0, 0, 0, 0, 0, 0
0, 0, 0, 0, 0, 0, 0
0, 0, 0, 0, 0, 0, 0
0, 0, 0, 0, 0, 0, 0
0, 0, 0, 0, 0, 0, 0
0, 0, 0, 0, 0, 0, 0
0, 0, 0, 0, 0, 0, 0
8.88026225, 9.032187, 9.2328625, 9.477808300000001, 9.73319675, 13.734591939999993, 19.645042
8.886223, 9.0398695, 9.263209, 9.5650533, 9.8130499, 14.418908019999996, 36.893046
8.88180225, 9.0389605, 9.25079075, 9.5381321, 9.7573991, 16.65938649, 21.371576
8.896161, 9.043591, 9.23961225, 9.5435551, 9.7495958, 13.56475504999999, 19.587514
8.871629250000002, 9.027899999999999, 9.21219725, 9.4557403, 9.68236215, 16.111229279999996, 36.893046
8.88743275, 9.041069499999999, 9.22733875, 9.4867895, 9.7047761, 11.09785739, 36.893046
8.880616999999999, 9.0332005, 9.230434500000001, 9.5042611, 9.733164, 16.050663, 52.853195
8.878579, 9.042553, 9.2430005, 9.510701800000001, 9.7388404, 15.723825249999997, 23.303856
8.89596825, 9.047212, 9.2421235, 9.533491, 9.77402385, 16.06072282, 24.370709
8.89798225, 9.0507505, 9.25310575, 9.5076728, 9.756442349999999, 13.91610324, 24.370709
8.873825250000001, 9.033651500000001, 9.235739, 9.4983654, 9.7194207, 10.63994178, 19.213916
8.859887, 9.002518, 9.19043375, 9.4907016, 10.178292499999996, 12.278570289999983, 35.487972
8.860152249999999, 8.991796, 9.16550625, 9.412383400000001, 9.79260565, 11.851856139999995, 37.448702
8.8639145, 9.0022515, 9.174062249999999, 9.4453462, 10.033527299999998, 12.223442009999975, 29.227148
8.864438, 8.999, 9.187454, 9.4559177, 10.038141749999996, 12.00353794999999, 35.330604
8.8727745, 9.007579, 9.187513749999999, 9.45891, 10.031024999999996, 11.922318299999997, 37.448702
8.861173, 8.993051, 9.169539749999998, 9.432408, 10.087609, 11.897877, 35.487972
8.868618999999999, 9.0002655, 9.176884, 9.4355526, 9.9923587, 11.795355169999997, 35.487972
8.863425750000001, 8.9987065, 9.174587, 9.4347979, 9.891942499999999, 11.780132279999997, 35.734803
8.8625545, 9.0002825, 9.16733675, 9.4381976, 9.970956, 11.832284659999997, 35.734803
8.871385, 9.010652499999999, 9.183264750000001, 9.4545219, 9.870446399999999, 11.851856139999995, 35.487972
8.867323500000001, 9.0042685, 9.1781355, 9.442472, 9.841342349999998, 11.8948773, 35.330604
8.872729, 9.007514, 9.18775425, 9.4404383, 9.960307599999998, 11.832284659999997, 37.448702
8.86926975, 9.007035, 9.191525500000001, 9.4867353, 10.09385494999999, 12.330560329999999, 37.448702
8.866735, 9.006789, 9.173172, 9.4595851, 10.0051396, 12.223238, 35.734803
8.866897999999999, 9.008315, 9.1902, 9.496736, 10.076944, 11.875033, 37.448702
8.871385, 9.00858, 9.18727325, 9.4220702, 9.860996349999997, 11.832284659999997, 37.448702
8.868601, 9.003191, 9.18365475, 9.4462872, 9.973539749999995, 11.932734399999998, 24.923449
8.874979750000001, 9.015217, 9.18989075, 9.4617913, 9.965514549999998, 11.894847, 35.734803
8.85317875, 8.996674, 9.16885, 9.406665, 9.859398, 11.896706339999996, 37.448702
8.868858, 9.015231, 9.19236775, 9.4625379, 9.97230775, 12.257793649999986, 35.734803
8.869755, 9.005978500000001, 9.1766425, 9.4391558, 10.030465, 11.939164299999987, 35.330604
8.86192025, 9.010629000000002, 9.185389, 9.446185, 9.992015, 11.95858713, 37.448702
8.85925, 8.999678, 9.178808, 9.465835, 10.160927, 11.961167169999998, 29.227148
8.86327925, 8.993203, 9.17741225, 9.4340058, 9.843266, 11.874676349999994, 35.734803
8.8722915, 9.003301, 9.17341525, 9.459373600000001, 10.096445949999996, 11.913174, 37.448702
8.878014, 9.040242, 9.22662475, 9.482426, 9.7223697, 14.90866716999999, 24.370709
8.88580475, 9.042286, 9.24726125, 9.510876, 9.741689849999998, 15.872548, 32.855096
8.8919705, 9.0562565, 9.26182575, 9.568709400000001, 9.881465599999999, 15.725401299999996, 21.371576
8.875146, 9.0272645, 9.23312025, 9.506632000000002, 9.79904245, 16.09869635, 36.893046
8.88587475, 9.050683, 9.24354275, 9.484856, 9.7388575, 10.60633178, 19.502914
8.87629025, 9.0302185, 9.2302005, 9.482715, 9.712741, 16.112187799999997, 36.893046
8.88506625, 9.0412405, 9.22812225, 9.4977918, 9.7580177, 14.206612769999989, 36.893046
8.8909175, 9.0355325, 9.217052, 9.5126569, 9.741677849999999, 14.90971055999999, 52.853195
8.874008250000001, 9.037639, 9.243739, 9.5241, 9.813446099999998, 15.979274919999998, 36.893046
8.8948695, 9.044306, 9.24294375, 9.517206, 9.768146, 16.050663, 20.217992
8.88269975, 9.0313685, 9.23972725, 9.4747754, 9.764308549999999, 13.258511, 32.855096
8.885839749999999, 9.0411085, 9.2153605, 9.4826502, 9.726270750000001, 15.874124049999999, 19.892145
8.87997625, 9.037014, 9.2367055, 9.5094555, 9.8021575, 15.97762476, 52.853195
8.871064, 9.030510499999998, 9.2344005, 9.5111169, 9.7668639, 11.682221709999999, 36.893046
8.8734815, 9.028008499999999, 9.21696175, 9.4655969, 9.697093650000001, 10.883086209999998, 19.071708
0, 0, 0, 0, 0, 0, 0
0, 0, 0, 0, 0, 0, 0
0, 0, 0, 0, 0, 0, 0
0, 0, 0, 0, 0, 0, 0
0, 0, 0, 0, 0, 0, 0
0, 0, 0, 0, 0, 0, 0
0, 0, 0, 0, 0, 0, 0
0, 0, 0, 0, 0, 0, 0
0, 0, 0, 0, 0, 0, 0
0, 0, 0, 0, 0, 0, 0
0, 0, 0, 0, 0, 0, 0
0, 0, 0, 0, 0, 0, 0
0, 0, 0, 0, 0, 0, 0
0, 0, 0, 0, 0, 0, 0
0, 0, 0, 0, 0, 0, 0
0, 0, 0, 0, 0, 0, 0
0, 0, 0, 0, 0, 0, 0
0, 0, 0, 0, 0, 0, 0
0, 0, 0, 0, 0, 0, 0
0, 0, 0, 0, 0, 0, 0
0, 0, 0, 0, 0, 0, 0
0, 0, 0, 0, 0, 0, 0
0, 0, 0, 0, 0, 0, 0
0, 0, 0, 0, 0, 0, 0
0, 0, 0, 0, 0, 0, 0
0, 0, 0, 0, 0, 0, 0
0, 0, 0, 0, 0, 0, 0
0, 0, 0, 0, 0, 0, 0
0, 0, 0, 0, 0, 0, 0
0, 0, 0, 0, 0, 0, 0
0, 0, 0, 0, 0, 0, 0
0, 0, 0, 0, 0, 0, 0
0, 0, 0, 0, 0, 0, 0
0, 0, 0, 0, 0, 0, 0
0, 0, 0, 0, 0, 0, 0
0, 0, 0, 0, 0, 0, 0
0, 0, 0, 0, 0, 0, 0
0, 0, 0, 0, 0, 0, 0
0, 0, 0, 0, 0, 0, 0
0, 0, 0, 0, 0, 0, 0
0, 0, 0, 0, 0, 0, 0
0, 0, 0, 0, 0, 0, 0
0, 0, 0, 0, 0, 0, 0
0, 0, 0, 0, 0, 0, 0
0, 0, 0, 0, 0, 0, 0
0, 0, 0, 0, 0, 0, 0
0, 0, 0, 0, 0, 0, 0
0, 0, 0, 0, 0, 0, 0
0, 0, 0, 0, 0, 0, 0
0, 0, 0, 0, 0, 0, 0
0, 0, 0, 0, 0, 0, 0
0, 0, 0, 0, 0, 0, 0
0, 0, 0, 0, 0, 0, 0
0, 0, 0, 0, 0, 0, 0
0, 0, 0, 0, 0, 0, 0
0, 0, 0, 0, 0, 0, 0
0, 0, 0, 0, 0, 0, 0
0, 0, 0, 0, 0, 0, 0
0, 0, 0, 0, 0, 0, 0
0, 0, 0, 0, 0, 0, 0
0, 0, 0, 0, 0, 0, 0
0, 0, 0, 0, 0, 0, 0
0, 0, 0, 0, 0, 0, 0
0, 0, 0, 0, 0, 0, 0
0, 0, 0, 0, 0, 0, 0
0, 0, 0, 0, 0, 0, 0
0, 0, 0, 0, 0, 0, 0
0, 0, 0, 0, 0, 0, 0
0, 0, 0, 0, 0, 0, 0
0, 0, 0, 0, 0, 0, 0
0, 0, 0, 0, 0, 0, 0
0, 0, 0, 0, 0, 0, 0
0, 0, 0, 0, 0, 0, 0
0, 0, 0, 0, 0, 0, 0
0, 0, 0, 0, 0, 0, 0
0, 0, 0, 0, 0, 0, 0
0, 0, 0, 0, 0, 0, 0
0, 0, 0, 0, 0, 0, 0
0, 0, 0, 0, 0, 0, 0
0, 0, 0, 0, 0, 0, 0
0, 0, 0, 0, 0, 0, 0
0, 0, 0, 0, 0, 0, 0
0, 0, 0, 0, 0, 0, 0
0, 0, 0, 0, 0, 0, 0
0, 0, 0, 0, 0, 0, 0
0, 0, 0, 0, 0, 0, 0
0, 0, 0, 0, 0, 0, 0
0, 0, 0, 0, 0, 0, 0
0, 0, 0, 0, 0, 0, 0
0, 0, 0, 0, 0, 0, 0
0, 0, 0, 0, 0, 0, 0
0, 0, 0, 0, 0, 0, 0
0, 0, 0, 0, 0, 0, 0
0, 0, 0, 0, 0, 0, 0
0, 0, 0, 0, 0, 0, 0
0, 0, 0, 0, 0, 0, 0
0, 0, 0, 0, 0, 0, 0
0, 0, 0, 0, 0, 0, 0
0, 0, 0, 0, 0, 0, 0
0, 0, 0, 0, 0, 0, 0
0, 0, 0, 0, 0, 0, 0
0, 0, 0, 0, 0, 0, 0
0, 0, 0, 0, 0, 0, 0
0, 0, 0, 0, 0, 0, 0
0, 0, 0, 0, 0, 0, 0
0, 0, 0, 0, 0, 0, 0
0, 0, 0, 0, 0, 0, 0
0, 0, 0, 0, 0, 0, 0
0, 0, 0, 0, 0, 0, 0
0, 0, 0, 0, 0, 0, 0
0, 0, 0, 0, 0, 0, 0
0, 0, 0, 0, 0, 0, 0
0, 0, 0, 0, 0, 0, 0
0, 0, 0, 0, 0, 0, 0
0, 0, 0, 0, 0, 0, 0
0, 0, 0, 0, 0, 0, 0
0, 0, 0, 0, 0, 0, 0
0, 0, 0, 0, 0, 0, 0
0, 0, 0, 0, 0, 0, 0
0, 0, 0, 0, 0, 0, 0
0, 0, 0, 0, 0, 0, 0
0, 0, 0, 0, 0, 0, 0
0, 0, 0, 0, 0, 0, 0
0, 0, 0, 0, 0, 0, 0
0, 0, 0, 0, 0, 0, 0
0, 0, 0, 0, 0, 0, 0
0, 0, 0, 0, 0, 0, 0
0, 0, 0, 0, 0, 0, 0
0, 0, 0, 0, 0, 0, 0
0, 0, 0, 0, 0, 0, 0
0, 0, 0, 0, 0, 0, 0
0, 0, 0, 0, 0, 0, 0
0, 0, 0, 0, 0, 0, 0
0, 0, 0, 0, 0, 0, 0
0, 0, 0, 0, 0, 0, 0
0, 0, 0, 0, 0, 0, 0
0, 0, 0, 0, 0, 0, 0
0, 0, 0, 0, 0, 0, 0
0, 0, 0, 0, 0, 0, 0
0, 0, 0, 0, 0, 0, 0
0, 0, 0, 0, 0, 0, 0
0, 0, 0, 0, 0, 0, 0
0, 0, 0, 0, 0, 0, 0
0, 0, 0, 0, 0, 0, 0
0, 0, 0, 0, 0, 0, 0
0, 0, 0, 0, 0, 0, 0
0, 0, 0, 0, 0, 0, 0
0, 0, 0, 0, 0, 0, 0
0, 0, 0, 0, 0, 0, 0
0, 0, 0, 0, 0, 0, 0
0, 0, 0, 0, 0, 0, 0
0, 0, 0, 0, 0, 0, 0
0, 0, 0, 0, 0, 0, 0
0, 0, 0, 0, 0, 0, 0
0, 0, 0, 0, 0, 0, 0
0, 0, 0, 0, 0, 0, 0
0, 0, 0, 0, 0, 0, 0
0, 0, 0, 0, 0, 0, 0
0, 0, 0, 0, 0, 0, 0
0, 0, 0, 0, 0, 0, 0
0, 0, 0, 0, 0, 0, 0
0, 0, 0, 0, 0, 0, 0
0, 0, 0, 0, 0, 0, 0
0, 0, 0, 0, 0, 0, 0
0, 0, 0, 0, 0, 0, 0
0, 0, 0, 0, 0, 0, 0
0, 0, 0, 0, 0, 0, 0
0, 0, 0, 0, 0, 0, 0
0, 0, 0, 0, 0, 0, 0
0, 0, 0, 0, 0, 0, 0
0, 0, 0, 0, 0, 0, 0
0, 0, 0, 0, 0, 0, 0
0, 0, 0, 0, 0, 0, 0
0, 0, 0, 0, 0, 0, 0
0, 0, 0, 0, 0, 0, 0
0, 0, 0, 0, 0, 0, 0
0, 0, 0, 0, 0, 0, 0
0, 0, 0, 0, 0, 0, 0
0, 0, 0, 0, 0, 0, 0
0, 0, 0, 0, 0, 0, 0
0, 0, 0, 0, 0, 0, 0
0, 0, 0, 0, 0, 0, 0
0, 0, 0, 0, 0, 0, 0
0, 0, 0, 0, 0, 0, 0
0, 0, 0, 0, 0, 0, 0
0, 0, 0, 0, 0, 0, 0
0, 0, 0, 0, 0, 0, 0
0, 0, 0, 0, 0, 0, 0
0, 0, 0, 0, 0, 0, 0
0, 0, 0, 0, 0, 0, 0
0, 0, 0, 0, 0, 0, 0
0, 0, 0, 0, 0, 0, 0
0, 0, 0, 0, 0, 0, 0
0, 0, 0, 0, 0, 0, 0
0, 0, 0, 0, 0, 0, 0
0, 0, 0, 0, 0, 0, 0
0, 0, 0, 0, 0, 0, 0
0, 0, 0, 0, 0, 0, 0
0, 0, 0, 0, 0, 0, 0
0, 0, 0, 0, 0, 0, 0
0, 0, 0, 0, 0, 0, 0
0, 0, 0, 0, 0, 0, 0
0, 0, 0, 0, 0, 0, 0
0, 0, 0, 0, 0, 0, 0
0, 0, 0, 0, 0, 0, 0
0, 0, 0, 0, 0, 0, 0
0, 0, 0, 0, 0, 0, 0
0, 0, 0, 0, 0, 0, 0
0, 0, 0, 0, 0, 0, 0
0, 0, 0, 0, 0, 0, 0
0, 0, 0, 0, 0, 0, 0
0, 0, 0, 0, 0, 0, 0
0, 0, 0, 0, 0, 0, 0
0, 0, 0, 0, 0, 0, 0
0, 0, 0, 0, 0, 0, 0
0, 0, 0, 0, 0, 0, 0
0, 0, 0, 0, 0, 0, 0
0, 0, 0, 0, 0, 0, 0
0, 0, 0, 0, 0, 0, 0
0, 0, 0, 0, 0, 0, 0
0, 0, 0, 0, 0, 0, 0
0, 0, 0, 0, 0, 0, 0
0, 0, 0, 0, 0, 0, 0
0, 0, 0, 0, 0, 0, 0
0, 0, 0, 0, 0, 0, 0
0, 0, 0, 0, 0, 0, 0
0, 0, 0, 0, 0, 0, 0
0, 0, 0, 0, 0, 0, 0
0, 0, 0, 0, 0, 0, 0
0, 0, 0, 0, 0, 0, 0
0, 0, 0, 0, 0, 0, 0
0, 0, 0, 0, 0, 0, 0
0, 0, 0, 0, 0, 0, 0
0, 0, 0, 0, 0, 0, 0
0, 0, 0, 0, 0, 0, 0
0, 0, 0, 0, 0, 0, 0
0, 0, 0, 0, 0, 0, 0
0, 0, 0, 0, 0, 0, 0
0, 0, 0, 0, 0, 0, 0
0, 0, 0, 0, 0, 0, 0
0, 0, 0, 0, 0, 0, 0
0, 0, 0, 0, 0, 0, 0
0, 0, 0, 0, 0, 0, 0
0, 0, 0, 0, 0, 0, 0
0, 0, 0, 0, 0, 0, 0
0, 0, 0, 0, 0, 0, 0
0, 0, 0, 0, 0, 0, 0
0, 0, 0, 0, 0, 0, 0
0, 0, 0, 0, 0, 0, 0
0, 0, 0, 0, 0, 0, 0
0, 0, 0, 0, 0, 0, 0
0, 0, 0, 0, 0, 0, 0
0, 0, 0, 0, 0, 0, 0
0, 0, 0, 0, 0, 0, 0
0, 0, 0, 0, 0, 0, 0
