25th, 50th, 75th, 90th, 95th, 99th, max
0, 0, 0, 0, 0, 0, 0
0, 0, 0, 0, 0, 0, 0
0, 0, 0, 0, 0, 0, 0
0, 0, 0, 0, 0, 0, 0
0, 0, 0, 0, 0, 0, 0
0, 0, 0, 0, 0, 0, 0
0, 0, 0, 0, 0, 0, 0
0, 0, 0, 0, 0, 0, 0
0, 0, 0, 0, 0, 0, 0
0, 0, 0, 0, 0, 0, 0
0, 0, 0, 0, 0, 0, 0
0, 0, 0, 0, 0, 0, 0
0, 0, 0, 0, 0, 0, 0
0, 0, 0, 0, 0, 0, 0
0, 0, 0, 0, 0, 0, 0
0, 0, 0, 0, 0, 0, 0
0, 0, 0, 0, 0, 0, 0
0, 0, 0, 0, 0, 0, 0
0, 0, 0, 0, 0, 0, 0
0, 0, 0, 0, 0, 0, 0
0, 0, 0, 0, 0, 0, 0
0, 0, 0, 0, 0, 0, 0
0, 0, 0, 0, 0, 0, 0
0, 0, 0, 0, 0, 0, 0
0, 0, 0, 0, 0, 0, 0
0, 0, 0, 0, 0, 0, 0
0, 0, 0, 0, 0, 0, 0
0, 0, 0, 0, 0, 0, 0
0, 0, 0, 0, 0, 0, 0
0, 0, 0, 0, 0, 0, 0
0, 0, 0, 0, 0, 0, 0
0, 0, 0, 0, 0, 0, 0
0, 0, 0, 0, 0, 0, 0
0, 0, 0, 0, 0, 0, 0
0, 0, 0, 0, 0, 0, 0
0, 0, 0, 0, 0, 0, 0
0, 0, 0, 0, 0, 0, 0
0, 0, 0, 0, 0, 0, 0
0, 0, 0, 0, 0, 0, 0
0, 0, 0, 0, 0, 0, 0
0, 0, 0, 0, 0, 0, 0
0, 0, 0, 0, 0, 0, 0
0, 0, 0, 0, 0, 0, 0
0, 0, 0, 0, 0, 0, 0
0, 0, 0, 0, 0, 0, 0
0, 0, 0, 0, 0, 0, 0
0, 0, 0, 0, 0, 0, 0
0, 0, 0, 0, 0, 0, 0
0, 0, 0, 0, 0, 0, 0
0, 0, 0, 0, 0, 0, 0
0, 0, 0, 0, 0, 0, 0
0, 0, 0, 0, 0, 0, 0
0, 0, 0, 0, 0, 0, 0
0, 0, 0, 0, 0, 0, 0
0, 0, 0, 0, 0, 0, 0
0, 0, 0, 0, 0, 0, 0
0, 0, 0, 0, 0, 0, 0
0, 0, 0, 0, 0, 0, 0
0, 0, 0, 0, 0, 0, 0
0, 0, 0, 0, 0, 0, 0
0, 0, 0, 0, 0, 0, 0
0, 0, 0, 0, 0, 0, 0
0, 0, 0, 0, 0, 0, 0
0, 0, 0, 0, 0, 0, 0
0, 0, 0, 0, 0, 0, 0
0, 0, 0, 0, 0, 0, 0
0, 0, 0, 0, 0, 0, 0
0, 0, 0, 0, 0, 0, 0
0, 0, 0, 0, 0, 0, 0
0, 0, 0, 0, 0, 0, 0
0, 0, 0, 0, 0, 0, 0
0, 0, 0, 0, 0, 0, 0
0, 0, 0, 0, 0, 0, 0
0, 0, 0, 0, 0, 0, 0
0, 0, 0, 0, 0, 0, 0
0, 0, 0, 0, 0, 0, 0
0, 0, 0, 0, 0, 0, 0
0, 0, 0, 0, 0, 0, 0
0, 0, 0, 0, 0, 0, 0
0, 0, 0, 0, 0, 0, 0
0, 0, 0, 0, 0, 0, 0
0, 0, 0, 0, 0, 0, 0
0, 0, 0, 0, 0, 0, 0
0, 0, 0, 0, 0, 0, 0
0, 0, 0, 0, 0, 0, 0
0, 0, 0, 0, 0, 0, 0
0, 0, 0, 0, 0, 0, 0
0, 0, 0, 0, 0, 0, 0
0, 0, 0, 0, 0, 0, 0
0, 0, 0, 0, 0, 0, 0
0, 0, 0, 0, 0, 0, 0
0, 0, 0, 0, 0, 0, 0
0, 0, 0, 0, 0, 0, 0
0, 0, 0, 0, 0, 0, 0
0, 0, 0, 0, 0, 0, 0
0, 0, 0, 0, 0, 0, 0
0, 0, 0, 0, 0, 0, 0
0, 0, 0, 0, 0, 0, 0
0, 0, 0, 0, 0, 0, 0
0, 0, 0, 0, 0, 0, 0
0, 0, 0, 0, 0, 0, 0
0, 0, 0, 0, 0, 0, 0
0, 0, 0, 0, 0, 0, 0
0, 0, 0, 0, 0, 0, 0
0, 0, 0, 0, 0, 0, 0
0, 0, 0, 0, 0, 0, 0
0, 0, 0, 0, 0, 0, 0
0, 0, 0, 0, 0, 0, 0
0, 0, 0, 0, 0, 0, 0
0, 0, 0, 0, 0, 0, 0
0, 0, 0, 0, 0, 0, 0
0, 0, 0, 0, 0, 0, 0
0, 0, 0, 0, 0, 0, 0
0, 0, 0, 0, 0, 0, 0
0, 0, 0, 0, 0, 0, 0
0, 0, 0, 0, 0, 0, 0
0, 0, 0, 0, 0, 0, 0
0, 0, 0, 0, 0, 0, 0
0, 0, 0, 0, 0, 0, 0
0, 0, 0, 0, 0, 0, 0
0, 0, 0, 0, 0, 0, 0
0, 0, 0, 0, 0, 0, 0
0, 0, 0, 0, 0, 0, 0
0, 0, 0, 0, 0, 0, 0
0, 0, 0, 0, 0, 0, 0
0, 0, 0, 0, 0, 0, 0
0, 0, 0, 0, 0, 0, 0
0, 0, 0, 0, 0, 0, 0
0, 0, 0, 0, 0, 0, 0
0, 0, 0, 0, 0, 0, 0
0, 0, 0, 0, 0, 0, 0
0, 0, 0, 0, 0, 0, 0
0, 0, 0, 0, 0, 0, 0
0, 0, 0, 0, 0, 0, 0
0, 0, 0, 0, 0, 0, 0
0, 0, 0, 0, 0, 0, 0
0, 0, 0, 0, 0, 0, 0
0, 0, 0, 0, 0, 0, 0
0, 0, 0, 0, 0, 0, 0
0, 0, 0, 0, 0, 0, 0
0, 0, 0, 0, 0, 0, 0
0, 0, 0, 0, 0, 0, 0
0, 0, 0, 0, 0, 0, 0
0, 0, 0, 0, 0, 0, 0
0, 0, 0, 0, 0, 0, 0
0, 0, 0, 0, 0, 0, 0
0, 0, 0, 0, 0, 0, 0
0, 0, 0, 0, 0, 0, 0
0, 0, 0, 0, 0, 0, 0
0, 0, 0, 0, 0, 0, 0
0, 0, 0, 0, 0, 0, 0
0, 0, 0, 0, 0, 0, 0
0, 0, 0, 0, 0, 0, 0
0, 0, 0, 0, 0, 0, 0
0, 0, 0, 0, 0, 0, 0
0, 0, 0, 0, 0, 0, 0
0, 0, 0, 0, 0, 0, 0
0, 0, 0, 0, 0, 0, 0
0, 0, 0, 0, 0, 0, 0
0, 0, 0, 0, 0, 0, 0
0, 0, 0, 0, 0, 0, 0
0, 0, 0, 0, 0, 0, 0
0, 0, 0, 0, 0, 0, 0
0, 0, 0, 0, 0, 0, 0
0, 0, 0, 0, 0, 0, 0
0, 0, 0, 0, 0, 0, 0
0, 0, 0, 0, 0, 0, 0
0, 0, 0, 0, 0, 0, 0
0, 0, 0, 0, 0, 0, 0
0, 0, 0, 0, 0, 0, 0
0, 0, 0, 0, 0, 0, 0
0, 0, 0, 0, 0, 0, 0
0, 0, 0, 0, 0, 0, 0
0, 0, 0, 0, 0, 0, 0
0, 0, 0, 0, 0, 0, 0
0, 0, 0, 0, 0, 0, 0
0, 0, 0, 0, 0, 0, 0
0, 0, 0, 0, 0, 0, 0
0, 0, 0, 0, 0, 0, 0
0, 0, 0, 0, 0, 0, 0
0, 0, 0, 0, 0, 0, 0
0, 0, 0, 0, 0, 0, 0
0, 0, 0, 0, 0, 0, 0
0, 0, 0, 0, 0, 0, 0
0, 0, 0, 0, 0, 0, 0
0, 0, 0, 0, 0, 0, 0
0, 0, 0, 0, 0, 0, 0
0, 0, 0, 0, 0, 0, 0
0, 0, 0, 0, 0, 0, 0
0, 0, 0, 0, 0, 0, 0
0, 0, 0, 0, 0, 0, 0
0, 0, 0, 0, 0, 0, 0
0, 0, 0, 0, 0, 0, 0
0, 0, 0, 0, 0, 0, 0
0, 0, 0, 0, 0, 0, 0
0, 0, 0, 0, 0, 0, 0
0, 0, 0, 0, 0, 0, 0
0, 0, 0, 0, 0, 0, 0
0, 0, 0, 0, 0, 0, 0
0, 0, 0, 0, 0, 0, 0
0, 0, 0, 0, 0, 0, 0
0, 0, 0, 0, 0, 0, 0
0, 0, 0, 0, 0, 0, 0
0, 0, 0, 0, 0, 0, 0
0, 0, 0, 0, 0, 0, 0
0, 0, 0, 0, 0, 0, 0
0, 0, 0, 0, 0, 0, 0
0, 0, 0, 0, 0, 0, 0
0, 0, 0, 0, 0, 0, 0
0, 0, 0, 0, 0, 0, 0
0, 0, 0, 0, 0, 0, 0
0, 0, 0, 0, 0, 0, 0
0, 0, 0, 0, 0, 0, 0
0, 0, 0, 0, 0, 0, 0
0, 0, 0, 0, 0, 0, 0
0, 0, 0, 0, 0, 0, 0
0, 0, 0, 0, 0, 0, 0
0, 0, 0, 0, 0, 0, 0
0, 0, 0, 0, 0, 0, 0
0, 0, 0, 0, 0, 0, 0
0, 0, 0, 0, 0, 0, 0
0, 0, 0, 0, 0, 0, 0
0, 0, 0, 0, 0, 0, 0
0, 0, 0, 0, 0, 0, 0
0, 0, 0, 0, 0, 0, 0
0, 0, 0, 0, 0, 0, 0
0, 0, 0, 0, 0, 0, 0
0, 0, 0, 0, 0, 0, 0
0, 0, 0, 0, 0, 0, 0
0, 0, 0, 0, 0, 0, 0
0, 0, 0, 0, 0, 0, 0
0, 0, 0, 0, 0, 0, 0
0, 0, 0, 0, 0, 0, 0
0, 0, 0, 0, 0, 0, 0
0, 0, 0, 0, 0, 0, 0
0, 0, 0, 0, 0, 0, 0
0, 0, 0, 0, 0, 0, 0
0, 0, 0, 0, 0, 0, 0
0, 0, 0, 0, 0, 0, 0
0, 0, 0, 0, 0, 0, 0
0, 0, 0, 0, 0, 0, 0
0, 0, 0, 0, 0, 0, 0
0, 0, 0, 0, 0, 0, 0
0, 0, 0, 0, 0, 0, 0
0, 0, 0, 0, 0, 0, 0
0, 0, 0, 0, 0, 0, 0
0, 0, 0, 0, 0, 0, 0
0, 0, 0, 0, 0, 0, 0
0, 0, 0, 0, 0, 0, 0
0, 0, 0, 0, 0, 0, 0
0, 0, 0, 0, 0, 0, 0
0, 0, 0, 0, 0, 0, 0
0, 0, 0, 0, 0, 0, 0
0, 0, 0, 0, 0, 0, 0
0, 0, 0, 0, 0, 0, 0
0, 0, 0, 0, 0, 0, 0
0, 0, 0, 0, 0, 0, 0
0, 0, 0, 0, 0, 0, 0
0, 0, 0, 0, 0, 0, 0
0, 0, 0, 0, 0, 0, 0
0, 0, 0, 0, 0, 0, 0
0, 0, 0, 0, 0, 0, 0
0, 0, 0, 0, 0, 0, 0
0, 0, 0, 0, 0, 0, 0
0, 0, 0, 0, 0, 0, 0
0, 0, 0, 0, 0, 0, 0
0, 0, 0, 0, 0, 0, 0
0, 0, 0, 0, 0, 0, 0
0, 0, 0, 0, 0, 0, 0
0, 0, 0, 0, 0, 0, 0
0, 0, 0, 0, 0, 0, 0
0, 0, 0, 0, 0, 0, 0
0, 0, 0, 0, 0, 0, 0
0, 0, 0, 0, 0, 0, 0
0, 0, 0, 0, 0, 0, 0
0, 0, 0, 0, 0, 0, 0
0, 0, 0, 0, 0, 0, 0
0, 0, 0, 0, 0, 0, 0
0, 0, 0, 0, 0, 0, 0
0, 0, 0, 0, 0, 0, 0
0, 0, 0, 0, 0, 0, 0
0, 0, 0, 0, 0, 0, 0
0, 0, 0, 0, 0, 0, 0
0, 0, 0, 0, 0, 0, 0
0, 0, 0, 0, 0, 0, 0
0, 0, 0, 0, 0, 0, 0
0, 0, 0, 0, 0, 0, 0
0, 0, 0, 0, 0, 0, 0
0, 0, 0, 0, 0, 0, 0
0, 0, 0, 0, 0, 0, 0
0, 0, 0, 0, 0, 0, 0
0, 0, 0, 0, 0, 0, 0
0, 0, 0, 0, 0, 0, 0
0, 0, 0, 0, 0, 0, 0
0, 0, 0, 0, 0, 0, 0
0, 0, 0, 0, 0, 0, 0
0, 0, 0, 0, 0, 0, 0
0, 0, 0, 0, 0, 0, 0
0, 0, 0, 0, 0, 0, 0
0, 0, 0, 0, 0, 0, 0
0, 0, 0, 0, 0, 0, 0
0, 0, 0, 0, 0, 0, 0
0, 0, 0, 0, 0, 0, 0
0, 0, 0, 0, 0, 0, 0
0, 0, 0, 0, 0, 0, 0
0, 0, 0, 0, 0, 0, 0
0, 0, 0, 0, 0, 0, 0
0, 0, 0, 0, 0, 0, 0
0, 0, 0, 0, 0, 0, 0
0, 0, 0, 0, 0, 0, 0
0, 0, 0, 0, 0, 0, 0
0, 0, 0, 0, 0, 0, 0
0, 0, 0, 0, 0, 0, 0
0, 0, 0, 0, 0, 0, 0
0, 0, 0, 0, 0, 0, 0
0, 0, 0, 0, 0, 0, 0
0, 0, 0, 0, 0, 0, 0
0, 0, 0, 0, 0, 0, 0
0, 0, 0, 0, 0, 0, 0
0, 0, 0, 0, 0, 0, 0
0, 0, 0, 0, 0, 0, 0
0, 0, 0, 0, 0, 0, 0
0, 0, 0, 0, 0, 0, 0
0, 0, 0, 0, 0, 0, 0
0, 0, 0, 0, 0, 0, 0
0, 0, 0, 0, 0, 0, 0
0, 0, 0, 0, 0, 0, 0
0, 0, 0, 0, 0, 0, 0
0, 0, 0, 0, 0, 0, 0
0, 0, 0, 0, 0, 0, 0
0, 0, 0, 0, 0, 0, 0
0, 0, 0, 0, 0, 0, 0
0, 0, 0, 0, 0, 0, 0
0, 0, 0, 0, 0, 0, 0
0, 0, 0, 0, 0, 0, 0
0, 0, 0, 0, 0, 0, 0
0, 0, 0, 0, 0, 0, 0
0, 0, 0, 0, 0, 0, 0
0, 0, 0, 0, 0, 0, 0
0, 0, 0, 0, 0, 0, 0
0, 0, 0, 0, 0, 0, 0
0, 0, 0, 0, 0, 0, 0
0, 0, 0, 0, 0, 0, 0
0, 0, 0, 0, 0, 0, 0
0, 0, 0, 0, 0, 0, 0
0, 0, 0, 0, 0, 0, 0
0, 0, 0, 0, 0, 0, 0
0, 0, 0, 0, 0, 0, 0
0, 0, 0, 0, 0, 0, 0
0, 0, 0, 0, 0, 0, 0
0, 0, 0, 0, 0, 0, 0
0, 0, 0, 0, 0, 0, 0
0, 0, 0, 0, 0, 0, 0
0, 0, 0, 0, 0, 0, 0
0, 0, 0, 0, 0, 0, 0
0, 0, 0, 0, 0, 0, 0
0, 0, 0, 0, 0, 0, 0
0, 0, 0, 0, 0, 0, 0
0, 0, 0, 0, 0, 0, 0
0, 0, 0, 0, 0, 0, 0
0, 0, 0, 0, 0, 0, 0
0, 0, 0, 0, 0, 0, 0
0, 0, 0, 0, 0, 0, 0
0, 0, 0, 0, 0, 0, 0
0, 0, 0, 0, 0, 0, 0
0, 0, 0, 0, 0, 0, 0
0, 0, 0, 0, 0, 0, 0
0, 0, 0, 0, 0, 0, 0
0, 0, 0, 0, 0, 0, 0
0, 0, 0, 0, 0, 0, 0
0, 0, 0, 0, 0, 0, 0
0, 0, 0, 0, 0, 0, 0
0, 0, 0, 0, 0, 0, 0
0, 0, 0, 0, 0, 0, 0
0, 0, 0, 0, 0, 0, 0
0, 0, 0, 0, 0, 0, 0
0, 0, 0, 0, 0, 0, 0
0, 0, 0, 0, 0, 0, 0
0, 0, 0, 0, 0, 0, 0
0, 0, 0, 0, 0, 0, 0
0, 0, 0, 0, 0, 0, 0
0, 0, 0, 0, 0, 0, 0
0, 0, 0, 0, 0, 0, 0
0, 0, 0, 0, 0, 0, 0
0, 0, 0, 0, 0, 0, 0
0, 0, 0, 0, 0, 0, 0
0, 0, 0, 0, 0, 0, 0
0, 0, 0, 0, 0, 0, 0
0, 0, 0, 0, 0, 0, 0
0, 0, 0, 0, 0, 0, 0
0, 0, 0, 0, 0, 0, 0
0, 0, 0, 0, 0, 0, 0
0, 0, 0, 0, 0, 0, 0
0, 0, 0, 0, 0, 0, 0
0, 0, 0, 0, 0, 0, 0
0, 0, 0, 0, 0, 0, 0
0, 0, 0, 0, 0, 0, 0
0, 0, 0, 0, 0, 0, 0
0, 0, 0, 0, 0, 0, 0
0, 0, 0, 0, 0, 0, 0
0, 0, 0, 0, 0, 0, 0
0, 0, 0, 0, 0, 0, 0
0, 0, 0, 0, 0, 0, 0
0, 0, 0, 0, 0, 0, 0
0, 0, 0, 0, 0, 0, 0
0, 0, 0, 0, 0, 0, 0
0, 0, 0, 0, 0, 0, 0
0, 0, 0, 0, 0, 0, 0
0, 0, 0, 0, 0, 0, 0
0, 0, 0, 0, 0, 0, 0
0, 0, 0, 0, 0, 0, 0
0, 0, 0, 0, 0, 0, 0
0, 0, 0, 0, 0, 0, 0
0, 0, 0, 0, 0, 0, 0
0, 0, 0, 0, 0, 0, 0
0, 0, 0, 0, 0, 0, 0
0, 0, 0, 0, 0, 0, 0
0, 0, 0, 0, 0, 0, 0
0, 0, 0, 0, 0, 0, 0
0, 0, 0, 0, 0, 0, 0
0, 0, 0, 0, 0, 0, 0
0, 0, 0, 0, 0, 0, 0
0, 0, 0, 0, 0, 0, 0
0, 0, 0, 0, 0, 0, 0
0, 0, 0, 0, 0, 0, 0
0, 0, 0, 0, 0, 0, 0
0, 0, 0, 0, 0, 0, 0
0, 0, 0, 0, 0, 0, 0
0, 0, 0, 0, 0, 0, 0
0, 0, 0, 0, 0, 0, 0
0, 0, 0, 0, 0, 0, 0
0, 0, 0, 0, 0, 0, 0
0, 0, 0, 0, 0, 0, 0
0, 0, 0, 0, 0, 0, 0
0, 0, 0, 0, 0, 0, 0
0, 0, 0, 0, 0, 0, 0
0, 0, 0, 0, 0, 0, 0
0, 0, 0, 0, 0, 0, 0
0, 0, 0, 0, 0, 0, 0
0, 0, 0, 0, 0, 0, 0
0, 0, 0, 0, 0, 0, 0
0, 0, 0, 0, 0, 0, 0
0, 0, 0, 0, 0, 0, 0
0, 0, 0, 0, 0, 0, 0
0, 0, 0, 0, 0, 0, 0
0, 0, 0, 0, 0, 0, 0
0, 0, 0, 0, 0, 0, 0
0, 0, 0, 0, 0, 0, 0
0, 0, 0, 0, 0, 0, 0
0, 0, 0, 0, 0, 0, 0
0, 0, 0, 0, 0, 0, 0
0, 0, 0, 0, 0, 0, 0
0, 0, 0, 0, 0, 0, 0
0, 0, 0, 0, 0, 0, 0
0, 0, 0, 0, 0, 0, 0
0, 0, 0, 0, 0, 0, 0
0, 0, 0, 0, 0, 0, 0
0, 0, 0, 0, 0, 0, 0
0, 0, 0, 0, 0, 0, 0
0, 0, 0, 0, 0, 0, 0
0, 0, 0, 0, 0, 0, 0
0, 0, 0, 0, 0, 0, 0
8.886588499999998, 9.045015, 9.2486905, 9.5576509, 9.813804249999999, 13.805537069999998, 23.303856
8.879897999999999, 9.0362485, 9.240555, 9.5168005, 9.740178, 11.984687639999988, 36.893046
8.890757, 9.044114, 9.2320435, 9.530922, 9.78480465, 15.270364589999993, 52.853195
8.8884785, 9.0535475, 9.237045, 9.540584599999999, 9.7987667, 14.46159617999999, 24.370709
8.87368825, 9.030943, 9.238069, 9.552301600000002, 9.77878325, 16.26361493, 19.502914
8.8748125, 9.044266499999999, 9.25685075, 9.502176700000001, 9.715878, 14.693420859999998, 52.853195
8.8753115, 9.0520205, 9.235818, 9.4810906, 9.735207599999999, 14.672557599999998, 36.893046
8.900866, 9.0534535, 9.240451, 9.5080217, 9.725217299999999, 11.739916889999996, 24.370709
8.885186, 9.038951, 9.23663875, 9.499914200000001, 9.7953201, 16.36254276, 52.853195
8.883933, 9.039851, 9.254583, 9.5007189, 9.7106111, 11.463880379999981, 32.855096
8.880658, 9.025553500000001, 9.228215500000001, 9.4827545, 9.705275449999998, 14.445566949999987, 24.370709
8.87734075, 9.044242, 9.237633, 9.479545400000001, 9.69952425, 11.985652159999988, 52.853195
8.8913975, 9.039158, 9.2540885, 9.5165901, 9.760536, 14.783211649999997, 20.217992
8.88777425, 9.041967, 9.22819425, 9.5107028, 9.7422864, 16.03093679, 19.502914
8.86881725, 9.007822, 9.187559, 9.501627, 10.057724499999997, 12.257793649999986, 35.487972
8.8612255, 9.002849999999999, 9.178288, 9.4449187, 10.0051396, 12.054610679999996, 35.487972
8.868149, 9.003832, 9.17494675, 9.4726862, 9.931451749999997, 11.851862049999994, 29.227148
8.8551955, 8.9913055, 9.169946, 9.431237, 9.881394599999998, 11.714216279999984, 37.448702
8.86684025, 9.0054475, 9.170869, 9.4696609, 10.065806199999997, 11.922319599999996, 35.734803
8.86699175, 8.9994665, 9.1764525, 9.4305837, 9.918882399999996, 12.419993, 37.448702
8.86438075, 8.999757, 9.18685525, 9.4569212, 9.929918249999997, 11.932675, 37.448702
8.870532, 9.0019125, 9.1835115, 9.460784, 10.0044632, 11.898029969999996, 35.330604
8.866547, 9.009001000000001, 9.1865445, 9.435801, 9.871339949999994, 11.970292, 37.448702
8.86782525, 9.002868, 9.17373725, 9.422644, 9.8474974, 11.851628, 37.448702
8.867323, 9.008697999999999, 9.1709935, 9.4534679, 9.911208599999998, 11.795578049999992, 16.928153
8.86347625, 9.0062055, 9.18610675, 9.4637777, 9.9465109, 12.257917639999983, 37.448702
8.86785075, 9.000257, 9.17287, 9.439095799999999, 10.103606, 11.896796749999995, 35.734803
8.7973845, 9.076331, 10.381472, 11.7218478, 12.5522346, 14.938567590000002, 19.563106
8.797687, 9.053310499999998, 10.2183605, 11.6171198, 12.4572683, 14.783205930000003, 19.563106
8.7841415, 9.0514865, 10.22807875, 11.623748, 12.385418400000006, 14.747452080000013, 19.393533
8.786584, 9.070475, 10.268445, 11.762739, 12.573197200000001, 14.822824, 26.889073
8.65273825, 9.134162, 10.864846, 12.436447900000001, 14.059531149999998, 18.05424255000003, 34.408771
8.64791425, 9.17635, 10.862109, 12.516471, 14.027751549999996, 17.937063770000005, 38.404747
8.6479985, 9.173015, 10.8535405, 12.460379800000002, 14.079176249999989, 17.844506, 38.813544
8.656491, 9.170853000000001, 10.842357, 12.462853700000004, 14.133980949999998, 17.93456745000009, 38.813544
8.646259, 9.1312075, 10.80024925, 12.4262343, 14.078328, 17.80231987, 38.813544
8.64355675, 9.138532, 10.78780575, 12.560095200000001, 14.099284, 17.8129, 38.813544
8.6413515, 9.129338, 10.802425, 12.459889800000001, 14.06229875, 17.61197376, 34.462112
8.652616, 9.10313, 10.742584, 12.338752, 13.845872, 17.483607930000012, 34.462112
8.644146, 9.098897000000001, 10.817235, 12.4566762, 13.964127, 17.644975150000015, 38.813544
8.6497995, 9.107288, 10.787681, 12.445189600000003, 14.059531149999998, 17.922076720000003, 38.813544
8.654577, 9.141598, 10.830596, 12.4367017, 13.967686449999995, 17.483699230000013, 38.813544
8.648492, 9.142896, 10.84109625, 12.403241400000002, 13.952062749999996, 17.483699230000013, 38.813544
8.65004225, 9.146065, 10.876718, 12.434019, 14.062807599999998, 18.453037750000032, 38.813544
8.657645500000001, 9.1876495, 10.85147125, 12.474779400000001, 14.062710399999993, 17.458592090000007, 38.813544
8.64911925, 9.1412175, 10.80190825, 12.342584600000002, 13.931125, 17.45914602000002, 38.813544
8.64698325, 9.128838, 10.802272, 12.480543, 14.013569399999994, 17.699644929999998, 38.813544
8.64712475, 9.126562, 10.78497725, 12.453529, 14.062389, 17.888381480000007, 38.813544
8.64341725, 9.123009, 10.802272, 12.459889800000001, 14.16479135, 17.888381480000007, 38.404747
8.648044, 9.1278545, 10.788229000000001, 12.3447827, 13.884972, 17.47048991, 38.813544
8.647442, 9.1677355, 10.90306, 12.515008, 14.164751, 17.644577100000006, 38.813544
8.646602, 9.113885, 10.79337425, 12.3525727, 13.925927999999997, 18.188937, 38.404747
8.6562175, 9.143244, 10.83761625, 12.4742065, 14.021759099999995, 17.787123420000004, 38.813544
8.65028775, 9.148198, 10.7841755, 12.361003, 14.027404, 17.483607930000012, 38.813544
8.641427, 9.114418, 10.8066045, 12.407502, 13.845793, 17.443292050000004, 38.813544
8.6468, 9.145306, 10.795076, 12.474898100000003, 14.223656599999995, 17.937987550000027, 38.813544
8.647008, 9.12137, 10.85285875, 12.467723700000002, 14.095779149999993, 17.888381480000007, 34.462112
8.7859965, 9.0516295, 10.268445, 11.7162551, 12.579819800000001, 14.902156220000009, 26.889073
8.79120075, 9.061871, 10.29564375, 11.6611539, 12.55189995, 15.712107, 26.889073
8.786504, 9.0455075, 10.23118575, 11.5941858, 12.36289795, 14.721813600000004, 26.889073
8.792684, 9.0806515, 10.298093999999999, 11.649382600000001, 12.420671250000002, 14.996521100000013, 19.563106
8.64291675, 9.101841, 10.76841475, 12.325159, 13.7318, 17.61197376, 38.813544
8.6580525, 9.1191615, 10.803258249999999, 12.474183, 14.009391, 17.787040250000004, 38.813544
8.65317125, 9.163962, 10.901575, 12.6025956, 14.175710949999996, 17.813216060000006, 38.404747
9.136254, 11.255021, 14.059299, 17.4347607, 19.67326735, 25.172031160000003, 44.22794
9.09663075, 11.213649499999999, 13.971927, 17.290085300000005, 19.64720555, 26.12557724000004, 44.22794
8.64897175, 9.126984, 10.8336145, 12.4742065, 14.07062675, 18.188937, 38.813544
8.650357249999999, 9.12931, 10.843635, 12.560871, 14.113835, 17.793979170000004, 38.404747
8.643319, 9.142811, 10.81732525, 12.5100025, 14.078328, 17.88852985000001, 38.404747
8.6470995, 9.118573000000001, 10.799901, 12.469538, 13.952210899999994, 17.872018, 38.813544
8.666269, 9.191782, 10.89682, 12.541176, 14.095492549999998, 18.188937, 38.404747
8.644217, 9.15837, 10.87376075, 12.448787, 14.070717, 18.717298940000006, 34.462112
8.644162249999999, 9.1084795, 10.78166575, 12.378577600000002, 14.07062675, 17.458345, 38.813544
8.650166, 9.141108, 10.810196000000001, 12.4532509, 14.06229875, 17.787040250000004, 38.813544
9.123961, 11.261554, 14.167717, 17.2894733, 19.966850799999996, 25.185941900000003, 44.22794
9.148129, 11.256657, 14.14064975, 17.3186179, 19.718137, 25.171892, 44.22794
9.110313, 11.248664000000002, 14.104447, 17.478196400000005, 20.1550829, 26.124527060000016, 44.22794
8.654853, 9.149296, 10.83177725, 12.516471, 14.124431, 17.930723650000004, 38.813544
8.64405, 9.1017495, 10.721642, 12.403241400000002, 14.070717, 17.703598, 38.813544
8.63850925, 9.09385, 10.737396, 12.3428806, 13.868725849999992, 17.420319, 38.404747
8.64702525, 9.12931, 10.79259025, 12.361628500000002, 13.907735299999999, 17.235884, 38.404747
8.644595500000001, 9.0927235, 10.741038, 12.344906000000002, 13.864099799999998, 17.81349118000001, 38.813544
8.64621125, 9.096822, 10.742489, 12.347833, 13.974773949999992, 17.787040250000004, 38.813544
8.642829, 9.1377375, 10.86710275, 12.616911, 14.160736, 18.189167150000003, 34.462112
8.64962175, 9.1267955, 10.730766500000001, 12.467723700000002, 14.070939699999995, 17.872018, 34.462112
8.647419, 9.117625499999999, 10.720701, 12.436447900000001, 14.023279449999974, 17.644935220000015, 38.813544
8.640156750000001, 9.135712, 10.733774, 12.404377600000005, 14.06229875, 17.61197376, 38.813544
8.6563215, 9.144944, 10.7804265, 12.34191, 13.854055399999993, 17.629720110000004, 34.408771
9.099274000000001, 11.2485435, 14.048942, 17.32842120000001, 19.878328, 26.015162, 44.22794
9.115582499999999, 11.2617165, 13.930687, 17.182245400000003, 19.675896599999998, 24.988762210000026, 44.22794
9.147268, 11.335068, 14.174996, 17.4126204, 19.87966164999998, 25.334118, 40.625286
9.10827125, 11.183756, 14.104582, 17.439950900000003, 20.002625099999996, 25.617047350000014, 44.22794
9.113677, 11.227269, 14.00984425, 17.318689, 19.916648, 25.792145010000016, 39.815707
9.11456175, 11.3616925, 14.092094, 17.473254, 20.019433, 26.22855407000005, 44.22794
9.11540925, 11.214026, 14.093828, 17.4126204, 20.0699142, 25.617047350000014, 44.22794
9.13522175, 11.261879, 14.0649205, 17.265431900000003, 19.691119299999986, 25.786771, 44.22794
9.14910375, 11.259612, 14.098249, 17.431597000000004, 19.879291099999985, 25.398104, 40.625286
9.097933, 11.241546, 14.04276875, 17.5878465, 20.050871, 26.123703, 40.625286
9.1473485, 11.328294, 14.078547749999998, 17.3209431, 19.71428855, 25.87248711000001, 44.22794
10.191859, 12.774936, 16.653013, 21.179283, 23.787914899999986, 29.750277770000025, 43.791491
10.198895, 12.788715, 16.713179, 21.129636, 24.022507, 30.20000452, 43.791491
10.1330455, 12.836558, 16.65324275, 21.1986861, 24.060605, 30.41766055, 40.498626
10.158665, 12.836181, 16.620028, 20.969808, 24.020829, 30.689615, 43.791491
8.794904, 9.065984, 10.258237, 11.696501, 12.496195, 15.093761, 107.86342970820695
8.78462075, 9.054177, 10.253739, 11.673554, 12.462983899999998, 14.953992379999983, 26.889073
8.791208, 9.065531, 10.258168, 11.662042, 12.474753, 15.049837599999993, 26.889073
8.783395, 9.048185, 10.236745, 11.642121800000002, 12.43980465, 14.815179, 26.889073
8.786178, 9.053267, 10.220941, 11.628587, 12.397371, 14.831535, 26.889073
8.786566749999999, 9.0540965, 10.237786, 11.638546, 12.443785, 14.804108819999982, 26.889073
10.201377999999998, 12.757276, 16.5384705, 20.974467200000007, 23.9149042, 30.024528, 116.21870882310262
10.21651, 12.792002, 16.559306, 20.902716, 23.72638915, 29.904429, 43.791491
10.1878625, 12.7749025, 16.503886, 21.006601, 23.881282, 30.19999, 43.791491
11.015981, 14.199667, 18.625577, 23.544314, 26.83251, 33.60463, 56.221419
10.988106, 14.14194, 18.4432535, 23.460451400000014, 26.681947, 33.690468, 56.221419
11.087556, 14.298172, 18.699382, 23.496014, 26.82476955, 33.49931535, 56.221419
11.088091, 14.218138, 18.74390825, 23.653832600000005, 26.724808, 34.67052264000001, 56.221419
8.7252665, 9.069738999999998, 10.500564, 11.981595, 13.111625449999995, 16.39352986000001, 106.98259177593032
8.843758, 9.011102, 9.270244, 10.398323, 11.506604, 13.412009069999902, 102.81252348120822
8.869289, 9.010941, 9.192947, 9.462704800000001, 9.870237, 12.047984, 105.72637459692912
8.868897, 9.011581, 9.195813, 9.466566, 9.884465, 12.054451, 52.853195
8.8695935, 9.009439, 9.19333, 9.467466, 9.860583799999993, 12.169767, 37.448702
8.870526, 9.013314000000001, 9.19543725, 9.463503099999999, 9.888256249999996, 12.070419, 52.853195
8.8186025, 9.024677, 9.574504, 11.190488, 12.05102455, 14.45421, 108.19497812899169
8.818851, 9.025347, 9.567464, 11.266577, 12.089639, 14.488592410000004, 37.448702
8.823142, 9.0284025, 9.569537, 11.185829, 12.039315, 14.370469770000062, 35.734803
8.82117075, 9.02827, 9.57848775, 11.226202, 12.075123249999974, 14.488569, 37.448702
8.819762, 9.0264065, 9.590933, 11.207529, 12.021832, 14.403852, 37.448702
8.820555, 9.026617, 9.580827, 11.2075293, 12.054502449999996, 14.514947050000025, 35.487972
8.820310249999999, 9.025133, 9.590694, 11.221601, 12.055530699999995, 14.45421, 37.448702
8.819158, 9.0263895, 9.561627999999999, 11.189834, 12.041118, 14.408756, 37.448702
8.817908, 9.026617, 9.579123, 11.221665199999999, 12.065449, 14.449329, 35.487972
8.817875749999999, 9.022292, 9.559448, 11.202135, 12.054451, 14.331833030000011, 37.448702
8.816441, 9.025608, 9.566727, 11.191552, 12.011142, 14.310223730000043, 37.448702
8.817388, 9.023514, 9.55813225, 11.183674, 12.007947, 14.370469770000062, 37.448702
8.785802, 9.053201, 10.229351, 11.645967, 12.423176349999993, 14.953882, 26.889073
8.786217, 9.054412, 10.2210625, 11.643211, 12.449812199999993, 14.953882, 26.889073
8.78707, 9.05303, 10.230986, 11.650524, 12.420386, 14.932686830000012, 26.889073
8.784022, 9.0470295, 10.20749, 11.629453, 12.440311, 14.824984, 26.889073
8.784411, 9.0533435, 10.223942, 11.659932, 12.478849, 14.995983, 26.889073
8.785015, 9.053013, 10.2155, 11.657958, 12.443785, 14.932628, 26.889073
8.788015, 9.05317, 10.220617, 11.63261, 12.439778, 14.94417, 26.889073
8.78904, 9.056303, 10.241081, 11.6475, 12.47224689999999, 14.94417, 26.889073
8.785933, 9.053782, 10.2155, 11.633141, 12.426091, 14.902097390000064, 26.889073
8.785038, 9.053267, 10.242462, 11.649735, 12.454557, 14.938511, 26.889073
8.784751, 9.051636, 10.220617, 11.654542, 12.460371, 14.901789, 26.889073
8.78856, 9.050942, 10.225062, 11.650524, 12.460371, 14.902097390000064, 26.889073
8.790575, 9.058798, 10.223651, 11.645967, 12.451222, 14.932628, 26.889073
8.784949, 9.051623, 10.238835, 11.651476, 12.444344, 14.932628, 26.889073
8.7841415, 9.051341, 10.240397, 11.660993, 12.460371, 14.932628, 26.889073
8.785015, 9.0484915, 10.210208999999999, 11.617066, 12.423094, 14.902097390000064, 26.889073
8.784751, 9.051623, 10.225062, 11.649735, 12.439804649999997, 14.953882, 26.889073
8.784022, 9.045887, 10.202946, 11.619468, 12.413306599999967, 14.938511, 26.889073
8.78468, 9.049919, 10.213862, 11.634025899999996, 12.421048, 14.901789, 26.889073
8.78856, 9.060682, 10.226932, 11.653518, 12.451222, 14.901789, 26.889073
8.789595, 9.05576, 10.24051975, 11.663695599999997, 12.465433, 14.873687, 26.889073
8.786515, 9.059024, 10.248715, 11.67544, 12.523508, 15.093761, 26.889073
8.788897, 9.057737, 10.226932, 11.633141, 12.439778, 14.873968020000058, 26.889073
8.785754, 9.053467, 10.205375, 11.633763, 12.465433, 14.932628, 26.889073
8.786584, 9.053013, 10.2179475, 11.648901, 12.451388749999985, 14.873687, 26.889073
8.785038, 9.05135, 10.210096, 11.628587, 12.444344, 14.815179, 26.889073
8.78856, 9.059052, 10.227706, 11.6460504, 12.439804649999997, 14.824984, 26.889073
8.78686775, 9.054412, 10.210096, 11.642939, 12.474753, 14.965230630000063, 26.889073
8.816176500000001, 9.023487, 9.5548515, 11.2017896, 12.007947, 14.430179, 37.448702
8.818432, 9.024722, 9.5530605, 11.176242099999998, 11.992857199999996, 14.49091, 37.448702
8.816878, 9.023552, 9.559671, 11.154644, 11.970053, 14.403852, 37.448702
8.82010775, 9.02893, 9.563781, 11.189899399999998, 12.020696749999995, 14.310006, 37.448702
8.845775, 9.008622500000001, 9.27241, 10.430225799999997, 11.535889449999997, 13.353076, 37.448702
8.84397225, 9.009886, 9.270579, 10.387978, 11.448395, 13.206449850000004, 37.448702
8.846977, 9.0132075, 9.275434, 10.39813, 11.464006, 13.268856200000002, 37.448702
8.84304, 9.009078500000001, 9.267745, 10.391114, 11.497097, 13.257928840000021, 37.448702
8.844031, 9.0117045, 9.270867, 10.417513, 11.526483849999996, 13.463319, 37.448702
8.840361, 9.007746, 9.267816, 10.3648981, 11.43764624999996, 13.42742, 37.448702
8.8451555, 9.010502, 9.268795, 10.36068, 11.553474499999977, 13.58646767000002, 37.448702
8.843039749999999, 9.009219, 9.267289, 10.381606299999998, 11.519555, 13.439308840000034, 37.448702
8.8471005, 9.015486, 9.278094, 10.4290927, 11.511295, 13.189553490000034, 37.448702
8.867979, 9.0038655, 9.180891, 9.44578, 9.932986, 11.938615, 37.448702
8.867466, 9.004237, 9.175987749999999, 9.4430626, 9.941171549999996, 11.958562, 37.448702
8.866484, 9.000277, 9.179745, 9.458109, 10.013454, 11.999339, 37.448702
8.867979, 9.004535, 9.178931, 9.451816, 9.952919, 12.003089, 37.448702
8.866938, 9.004294, 9.180891, 9.46014, 9.992619, 12.222361, 37.448702
8.863342, 9.000856, 9.174791, 9.449913, 9.972608249999999, 11.922215, 37.448702
8.846411, 9.012504, 9.27589925, 10.4008022, 11.506506, 13.340764, 37.448702
8.845094, 9.009001000000001, 9.268112, 10.4048099, 11.4467161, 13.26841145, 37.448702
8.845596, 9.011804999999999, 9.26978375, 10.36068, 11.448395, 13.34156957, 37.448702
8.8427835, 9.0091955, 9.27065475, 10.365985, 11.446785149999998, 13.492697620000008, 37.448702
8.842721, 9.011539, 9.272224, 10.36554, 11.464006, 13.341824, 37.448702
8.845176, 9.008738, 9.267996, 10.369158, 11.532867249999986, 13.340296720000001, 37.448702
8.846218, 9.01429, 9.274147750000001, 10.4052937, 11.510823, 13.340764, 37.448702
8.841873, 9.00818, 9.268466499999999, 10.405991099999998, 11.477247449999986, 13.340774600000001, 37.448702
8.845817, 9.013346, 9.275434, 10.420041499999998, 11.51141384999999, 13.514933, 37.448702
8.841535, 9.009886, 9.266581, 10.382815, 11.459686, 13.339423, 37.448702
8.844277, 9.01206, 9.27314175, 10.384804, 11.465715, 13.320133850000015, 37.448702
8.843758, 9.010032, 9.268441, 10.361525799999994, 11.436914849999999, 13.314542, 37.448702
8.84692, 9.010952, 9.270651, 10.401641999999999, 11.50559, 13.42742, 37.448702
8.841607, 9.010473000000001, 9.272692, 10.417513, 11.50559, 13.257839710000004, 37.448702
8.84465725, 9.011404, 9.268876, 10.366167299999997, 11.528217699999999, 13.268407, 37.448702
8.846218, 9.013272, 9.277141, 10.427285899999998, 11.520638, 13.463832, 37.448702
8.818578, 9.02543, 9.554652, 11.188802, 12.022596, 14.351801, 37.448702
8.8423825, 9.00998, 9.273165, 10.395223, 11.489312, 13.219315780000002, 37.448702
8.846123, 9.014007, 9.270891, 10.4154909, 11.525866, 13.268407, 37.448702
8.850075, 9.016582, 9.280503, 10.430045, 11.52577955, 13.268856200000002, 37.448702
8.841419499999999, 9.009122, 9.270311750000001, 10.3647443, 11.464012599999998, 13.327841, 37.448702
8.846122, 9.014050000000001, 9.27466925, 10.381397, 11.470237, 13.43207, 37.448702
8.84308, 9.012095, 9.269587, 10.421657, 11.50559, 13.412486, 37.448702
8.844285, 9.009219, 9.267289, 10.4048457, 11.439103, 13.268407, 37.448702
8.846789, 9.0102555, 9.27025875, 10.399298, 11.506624749999997, 13.365269930000098, 37.448702
8.843695, 9.012025, 9.273134, 10.396163, 11.481635, 13.220284, 37.448702
8.845702, 9.013644, 9.269587, 10.405858, 11.527568549999998, 13.333336420000002, 37.448702
8.8435685, 9.011258, 9.26924325, 10.365323, 11.437169, 13.314542, 37.448702
8.844073, 9.012728, 9.276564, 10.402380599999999, 11.448395, 13.269339950000015, 37.448702
8.84307, 9.012261, 9.275977, 10.398027, 11.505886, 13.432140740000014, 37.448702
8.843883250000001, 9.012178, 9.276847, 10.385721, 11.459686, 13.14804, 37.448702
8.865049, 9.002709, 9.181367, 9.449913, 9.969382, 11.938615, 37.448702
8.865721, 9.003191, 9.179315, 9.44578, 9.973715, 11.961075, 37.448702
8.8645, 9.001616, 9.1809545, 9.449816, 9.965311, 12.047984, 37.448702
8.866547, 9.00286, 9.17915, 9.455824, 10.005128, 11.961075, 37.448702
8.86539475, 9.005264, 9.184391, 9.453075, 9.981216599999998, 11.970292, 37.448702
8.868618999999999, 9.0045635, 9.18347, 9.465453, 9.994071, 11.970292, 37.448702
8.864476, 9.000936, 9.178931, 9.445592, 9.956152, 11.93273439999999, 37.448702
8.867202, 9.004535, 9.178678, 9.4570382, 9.992345, 11.99360293999999, 37.448702
8.868601, 9.004527, 9.183548, 9.458287, 9.994264399999997, 11.999339, 37.448702
8.868137, 9.004057, 9.182876, 9.443538800000002, 9.969527649999998, 11.993545, 37.448702
8.868461, 9.004875, 9.185468, 9.459321500000001, 9.97255, 12.007767, 37.448702
8.87396, 9.0160185, 9.203698000000001, 9.481084600000003, 9.87399655, 12.39087, 52.853195
8.83030725, 9.023425, 9.383382, 10.854857699999998, 11.76418125, 14.025349, 105.30436424022018
8.8371975, 9.02504, 9.38777525, 10.945761, 11.869764749999998, 13.97964285, 37.448702
8.83098375, 9.0149145, 9.375254, 10.9060333, 11.7724088, 13.979637, 37.448702
8.831548, 9.013526, 9.364253, 10.845152400000002, 11.715884, 13.892242, 37.448702
8.8321355, 9.015053, 9.3699005, 10.883279, 11.838105, 13.920466849999965, 37.448702
8.83368575, 9.020281, 9.381965, 10.878782, 11.838390999999998, 14.022834, 37.448702
8.832291999999999, 9.021954000000001, 9.37409425, 10.883279, 11.84021595, 13.85159, 37.448702
8.83570225, 9.017864, 9.387176, 10.880997, 11.787182, 13.74845933, 35.734803
8.83185825, 9.019868, 9.376572, 10.9017715, 11.824515499999999, 13.979219, 37.448702
8.83291325, 9.022036, 9.382967, 10.940015, 11.7800107, 13.749687699999967, 35.487972
8.832856249999999, 9.017096500000001, 9.370785, 10.878212, 11.827066599999993, 13.85159, 35.734803
8.83196675, 9.013865, 9.357459, 10.853239300000002, 11.7465698, 13.979637, 37.448702
8.790105, 9.051636, 10.217979, 11.652362, 12.440484699999997, 15.027922909999964, 19.563106
8.78417975, 9.056102, 10.25817675, 11.661097900000001, 12.451388749999998, 14.873687, 26.889073
8.781704, 9.0462065, 10.19239, 11.6609012, 12.457105, 14.996234439999961, 26.889073
8.833554750000001, 9.015366, 9.376311, 10.921161, 11.77998, 13.980222, 35.734803
8.830324, 9.015476, 9.3709855, 10.8376869, 11.75485425, 13.780531049999956, 37.448702
8.83595075, 9.023484, 9.372527, 10.875299900000002, 11.738938049999994, 13.86263, 35.330604
8.78691, 9.05303, 10.205375, 11.623748, 12.423094, 14.801244799999996, 26.889073
8.78362975, 9.048185, 10.201259, 11.622241400000004, 12.43980465, 14.96492, 26.889073
8.786741, 9.059925, 10.265296, 11.673618, 12.465433, 14.824984, 26.889073
8.789157, 9.0631475, 10.245774, 11.651476, 12.465433, 15.027702, 26.889073
8.786504, 9.066462, 10.248715, 11.679353, 12.502753, 15.054253, 26.889073
8.78856, 9.057737, 10.245774, 11.649735, 12.440311, 14.801244799999996, 26.889073
8.73490975, 9.081693, 10.550668, 12.041118, 13.171296, 16.78388185999994, 38.813544
8.725231, 9.070435, 10.512209, 11.976239700000004, 13.117615, 16.348581, 38.404747
8.724724, 9.0660685, 10.497665, 11.971396, 13.082029, 16.60573268, 38.813544
8.725315, 9.077219, 10.50544475, 11.986189, 13.123307449999997, 16.593917, 38.813544
8.727758249999999, 9.0764005, 10.514871, 12.037206300000005, 13.204801799999998, 16.60924376999999, 38.813544
8.726471, 9.070366, 10.543721, 12.041118800000001, 13.21920625, 16.37829034999999, 38.813544
8.72694825, 9.069317, 10.508285, 11.998386, 13.137592, 16.38437187, 34.462112
8.642812500000002, 9.1300015, 10.817235, 12.430775, 14.039873, 17.802213, 38.813544
8.6433755, 9.111738, 10.788376, 12.458521600000003, 14.078328, 17.78608, 38.813544
8.64477, 9.119585, 10.802425, 12.420562800000008, 13.990885, 17.872018, 38.813544
8.648051, 9.133437, 10.809144, 12.442805, 14.06189, 17.92199, 38.813544
8.647008, 9.111567, 10.779551, 12.35633, 13.94032, 17.786971, 38.813544
8.64735, 9.129782, 10.7947655, 12.426230200000001, 13.96309, 17.629720109999976, 38.813544
8.645282, 9.1278, 10.809144, 12.46999800000001, 14.070622, 17.844781119999954, 38.813544
8.6476755, 9.1377375, 10.813056, 12.424355, 13.960170649999998, 17.78704024999999, 38.813544
8.645088, 9.112452, 10.774292, 12.423639, 14.057811, 17.844506, 38.813544
8.646259, 9.127029, 10.787559, 12.378786600000014, 14.034355, 17.708369, 38.813544
8.647925, 9.132194, 10.807386, 12.411373, 13.964287549999996, 17.92199, 38.813544
8.647008, 9.114951, 10.80133275, 12.436074, 14.059531149999998, 17.844506, 38.813544
8.779304, 9.924153, 12.23830875, 15.428034, 17.775321, 23.35500521999995, 44.22794
8.775454, 9.924544999999998, 12.267156, 15.427449000000001, 17.770393349999996, 23.213715309999984, 44.22794
8.772451, 9.927777, 12.20282, 15.463437, 17.802213, 23.337256, 44.22794
8.788301, 9.954326, 12.286538, 15.531757, 17.822721, 23.355350689999895, 44.22794
8.782476249999998, 9.955626500000001, 12.292975, 15.569308, 17.875415, 24.168721, 44.22794
8.782734, 9.928982999999999, 12.245714, 15.436998500000007, 17.7607412, 23.56251, 40.625286
8.775586, 9.929794, 12.292975, 15.428003300000013, 17.663926149999998, 23.474159, 44.22794
8.77461, 9.94805, 12.268334, 15.513646100000006, 17.965971, 23.75765695999995, 44.22794
8.77123175, 9.9139155, 12.292975, 15.49674860000001, 17.799246, 23.507924, 44.22794
8.781968, 9.954794, 12.325159, 15.550152, 17.844816849999997, 23.555271199999957, 44.22794
8.770653, 9.9095245, 12.252065, 15.542952000000005, 17.797559800000002, 23.474496649999946, 44.22794
8.771576, 9.915037, 12.2849605, 15.484206, 17.84355685, 23.186055, 44.22794
8.7875735, 9.959553, 12.301781, 15.440287100000004, 17.760584, 23.166823689999987, 44.22794
8.785691, 9.957723, 12.26908075, 15.448173, 17.71693625, 23.387052469999947, 44.22794
8.773838, 9.937304, 12.27212, 15.487277, 17.743503, 23.544528, 44.22794
8.775737, 9.9492355, 12.332439, 15.517604500000033, 17.8334752, 23.43647563999994, 40.625286
8.77151125, 9.939314, 12.283928, 15.457609500000002, 17.786971, 23.896816429999927, 44.22794
8.783091, 9.952239500000001, 12.31622025, 15.531701199999999, 17.859281, 23.313008, 44.22794
8.774518, 9.94425, 12.267887, 15.542743, 17.859471499999998, 23.837696, 40.625286
8.774602999999999, 9.9661, 12.348656, 15.589794, 17.8187932, 23.43647563999994, 40.625286
8.7768255, 9.937304, 12.3479785, 15.493363, 17.833334, 23.386707, 44.22794
8.769416, 9.921008, 12.244481, 15.460952, 17.763728, 23.78971721999983, 44.22794
8.7754285, 9.9367915, 12.29181325, 15.501056, 17.824412, 23.507924, 44.22794
8.774518, 9.918105, 12.264354, 15.486467, 17.709183749999994, 23.237086, 44.22794
8.788552750000001, 9.94165, 12.340643, 15.49627, 17.844694, 23.555005, 44.22794
8.766401, 9.916714500000001, 12.294019, 15.484432100000005, 17.793989449999998, 23.55508004999999, 39.815707
8.788912750000001, 9.969377, 12.291426, 15.436998500000007, 17.758837, 23.421254, 44.22794
8.776767, 9.9542155, 12.291375, 15.533545, 17.890157, 23.684487830000002, 44.22794
8.781234, 9.955379, 12.316056, 15.580057, 17.84727065, 23.75814751999987, 44.22794
8.779129, 9.936558, 12.273155, 15.542743, 17.820659, 23.47486268999989, 44.22794
8.783091, 9.979511, 12.375729, 15.595094, 17.956195749999996, 23.581625, 44.22794
8.796174, 9.9936185, 12.37272375, 15.640828500000003, 17.879243, 23.582653619999835, 44.22794
8.786369, 9.9650805, 12.305653, 15.508888300000008, 17.856778, 23.387052469999947, 44.22794
8.77950975, 9.939425, 12.32237325, 15.520172, 17.84782874999999, 23.354685, 40.625286
8.773666, 9.952278, 12.342726, 15.49627, 17.7437363, 23.436095, 44.22794
8.771925, 9.9373785, 12.343168, 15.517598300000033, 17.820659, 23.507924, 44.22794
8.78061275, 9.935156, 12.297783, 15.511818600000003, 17.824858099999993, 23.684487830000002, 44.22794
8.778267, 9.924691, 12.282594, 15.403376, 17.82148, 23.684487830000002, 44.22794
8.776018, 9.928671000000001, 12.30174875, 15.471721900000004, 17.824858099999993, 23.421402409999978, 44.22794
8.783293, 9.9446505, 12.304235, 15.494422, 17.824412, 23.474496649999946, 44.22794
8.769746, 9.9341905, 12.301781, 15.503710300000003, 17.8445154, 23.544632769999982, 44.22794
8.777082, 9.95017, 12.241719, 15.473809, 17.849905699999997, 23.354685, 44.22794
8.646909, 9.128581, 10.811768, 12.429064, 13.94272, 17.470363, 38.813544
8.646602, 9.134619, 10.814858, 12.444252, 14.009391, 17.644383, 38.813544
8.647442, 9.120355, 10.836591, 12.467263700000005, 14.08060959999999, 17.844506, 38.813544
8.64702525, 9.134141, 10.809672, 12.394759000000004, 13.93484, 17.611796, 38.813544
8.648051, 9.132194, 10.802272, 12.4075519, 13.961266, 17.802213, 38.813544
8.6474265, 9.111909, 10.77557975, 12.420221, 14.062613, 17.888042, 38.813544
8.649243250000001, 9.129338, 10.7723875, 12.423639, 14.034355, 17.92199, 38.813544
8.645996, 9.1377375, 10.788663, 12.411373, 13.99554189999999, 17.708369, 38.813544
8.646909, 9.1341515, 10.80250575, 12.426232, 14.009391, 17.793896, 38.813544
8.645567, 9.124901, 10.834787, 12.498922500000003, 14.113835, 17.793896, 38.813544
8.641162, 9.111417, 10.799044, 12.423639, 14.070622, 17.793896, 38.813544
8.6473725, 9.132194, 10.79312425, 12.396406, 13.974307, 17.844506, 38.813544
8.77533175, 9.923907, 12.326312249999999, 15.555674, 17.802609849999993, 23.544528, 44.22794
8.777615, 9.918964, 12.34489, 15.568075, 17.696835749999998, 23.102909, 44.22794
8.786546, 9.955218, 12.320116, 15.427384, 17.748169, 22.917033289999928, 44.22794
8.767195, 9.939544, 12.269743, 15.440287100000004, 17.768922, 23.355350689999895, 44.22794
8.775586, 9.926991, 12.32608975, 15.487360800000003, 17.863537349999994, 24.00786825999994, 44.22794
8.78098275, 9.962445, 12.329836, 15.580057, 17.937784099999988, 23.68457, 44.22794
8.765114, 9.914875, 12.26598075, 15.468105, 17.795765, 23.83828265999991, 44.22794
9.108569, 11.198598, 14.036482, 17.360077, 19.905001, 25.677274, 44.22794
9.1289955, 11.298797, 14.112239, 17.405764, 19.819811, 25.786771, 44.22794
9.119183, 11.288855, 14.104582, 17.38041, 19.718137, 25.386005, 44.22794
8.7723, 9.939891, 12.28102025, 15.520172, 17.82280555, 23.55508004999999, 44.22794
8.774518, 9.923907, 12.21886525, 15.4082664, 17.667206149999988, 23.337430289999972, 44.22794
8.771996249999999, 9.920029, 12.29181325, 15.595094, 17.930662, 23.56270114999997, 44.22794
8.77658675, 9.953487, 12.276249, 15.474659000000006, 17.833334, 23.581625, 40.625286
8.783081750000001, 9.933252, 12.272737, 15.471077, 17.77077419999999, 23.684487830000002, 44.22794
8.777536999999999, 9.9502495, 12.27449, 15.493363, 17.84354745, 23.436095, 44.22794
8.775352, 9.908065, 12.256065, 15.463437, 17.8445154, 23.06491576999994, 44.22794
8.781222, 9.9410725, 12.269743, 15.448173, 17.797689, 23.474496649999946, 44.22794
8.78078475, 9.937025, 12.2554785, 15.422896100000003, 17.704038899999997, 23.387052469999947, 44.22794
8.647882, 9.127385, 10.814858, 12.4741425, 14.06189, 17.888042, 38.813544
8.648051, 9.134645500000001, 10.809276, 12.436074, 13.967338, 17.699605, 38.813544
8.646902, 9.128838, 10.792518, 12.444594800000006, 13.967338, 17.629572, 38.404747
8.646259, 9.117858, 10.784825, 12.411578800000004, 14.009579149999999, 17.872018, 38.813544
8.647882, 9.1364725, 10.789254249999999, 12.462111, 14.0626608, 17.930662, 38.813544
8.64633225, 9.101495, 10.794662, 12.419637, 13.983646, 17.888381479999943, 38.813544
8.649318, 9.146244, 10.830596, 12.467263700000005, 14.021759099999995, 17.538447, 38.813544
8.647442, 9.127385, 10.801736, 12.429121700000001, 13.994813, 17.709146019999878, 38.813544
8.643058, 9.119646, 10.796270750000001, 12.423639, 13.943173749999993, 17.699605, 38.813544
8.646881, 9.128324, 10.81732525, 12.419637, 13.974773949999992, 17.802213, 38.813544
8.646682, 9.123282, 10.779551, 12.411373, 14.057890799999997, 17.786971, 38.813544
8.646227, 9.116944, 10.801449, 12.474206500000001, 14.078328, 17.708369, 38.813544
8.647832, 9.127029, 10.821458, 12.480071, 14.066710849999996, 17.872178239999975, 38.813544
8.645567, 9.105113, 10.79577675, 12.444263, 14.039873, 17.78704024999999, 38.813544
8.646602, 9.119585, 10.796022, 12.449230300000009, 14.027404, 17.703598, 38.813544
8.643383, 9.111417, 10.807164, 12.434224500000004, 13.935113999999995, 17.703598, 38.813544
8.643807, 9.133437, 10.802425, 12.419637, 14.034355, 17.844506, 38.813544
8.644131, 9.1278, 10.802425, 12.436356, 13.967686449999995, 17.709146019999878, 38.813544
8.646227, 9.117858, 10.809144, 12.467011, 13.967686449999995, 17.786971, 38.813544
8.657973, 9.159007500000001, 10.809672, 12.444594800000006, 13.951795, 17.629720109999976, 38.813544
8.647149500000001, 9.118408, 10.795076, 12.436701700000008, 14.062400199999999, 17.802213, 38.813544
8.6459585, 9.127029, 10.787681, 12.390487, 13.990885, 17.81321605999995, 38.813544
8.643383, 9.119783, 10.826103250000001, 12.429641, 13.967338, 17.936827, 38.813544
8.647674, 9.117858, 10.802425, 12.426273, 14.062294, 17.786071, 38.813544
8.645846, 9.136702, 10.807386, 12.429641, 14.057811, 17.699605, 38.813544
8.647442, 9.134672, 10.814858, 12.444263, 14.078328, 17.888042, 38.813544
8.647925, 9.13779, 10.811768, 12.42623, 13.967338, 17.708369, 38.813544
8.649318, 9.136702, 10.82114, 12.444252, 14.027404, 17.708369, 38.813544
8.646338, 9.111417, 10.784076, 12.4262361, 14.013154, 17.663793, 38.813544
8.64962175, 9.128838, 10.830678, 12.429754400000002, 14.039873, 17.786971, 38.813544
8.6433755, 9.12794, 10.80152075, 12.424355, 14.039873, 17.66415111999994, 38.813544
8.649633, 9.144944, 10.809144, 12.449230300000009, 14.070717, 17.699605, 38.813544
8.77123175, 9.9222, 12.205663, 15.395634600000001, 17.644506449999998, 22.91416, 44.22794
8.64735, 9.129338, 10.826103250000001, 12.456676200000004, 14.062613, 17.786071, 38.813544
8.65249925, 9.156082, 10.807386, 12.447581, 14.0626608, 17.629572, 38.813544
8.64477, 9.116567, 10.788584, 12.42623, 14.027404, 17.92199, 38.813544
8.646682, 9.129782, 10.819754, 12.418864, 14.0132506, 17.708369, 38.813544
8.644595500000001, 9.133437, 10.801736, 12.426273, 14.021462, 17.699605, 38.813544
8.646682, 9.129088, 10.81732525, 12.426093, 14.059407, 17.708369, 38.404747
8.647008, 9.1093425, 10.805758, 12.474138, 14.062400199999999, 17.786071, 38.813544
8.647676, 9.134141, 10.799258250000001, 12.444594800000006, 14.027404, 17.786071, 38.813544
8.646909, 9.119783, 10.805758, 12.436074, 14.066505, 17.930662, 38.813544
8.648381749999999, 9.134141, 10.7784, 12.382462, 13.931310749999996, 17.629572, 38.813544
8.651363, 9.126235, 10.801294, 12.426552100000006, 14.013154, 17.663793, 38.813544
8.647676, 9.140164, 10.810196000000001, 12.439813, 14.070717, 17.844506, 38.813544
8.643807, 9.1275925, 10.816158, 12.444263, 14.039873, 17.786971, 38.813544
8.777633, 9.9459525, 12.246518, 15.418307800000008, 17.663926149999998, 23.386707, 44.22794
8.776018, 9.9341905, 12.325267, 15.568198300000002, 17.813189749999996, 24.007472, 44.22794
8.770030499999999, 9.916383, 12.27426, 15.531695, 17.900589, 23.837696, 40.625286
8.777696, 9.977122, 12.334539, 15.574491, 17.856778, 23.186330629999954, 44.22794
8.77903525, 9.954105, 12.30847, 15.531757, 17.843497, 23.94210973999995, 44.22794
8.773802, 9.917807, 12.267887, 15.44573, 17.729047, 23.237086, 44.22794
8.776935, 9.940306499999998, 12.306214, 15.627951900000005, 17.847341899999996, 23.55508004999999, 44.22794
8.782022, 9.95026, 12.326118999999998, 15.474898100000011, 17.760584, 23.102909, 44.22794
8.781222, 9.95008, 12.29834825, 15.516032, 17.887787, 23.837696, 44.22794
8.780251, 9.9251015, 12.275447250000001, 15.505135, 17.813189749999996, 23.386707, 40.625286
8.77928425, 9.908365, 12.214175, 15.4681668, 17.75712, 23.544528, 44.22794
8.777172, 9.94496, 12.297309, 15.513381, 17.849544, 23.68457, 38.813544
8.774566, 9.925512, 12.26563, 15.404472, 17.70057245, 23.164686789999998, 44.22794
8.77440625, 9.9190445, 12.259868, 15.422191, 17.717276, 23.337430289999972, 44.22794
8.778249, 9.952201, 12.301781, 15.558682, 17.786971, 23.581625, 44.22794
8.7754285, 9.926458, 12.2984955, 15.602198, 17.8880633, 23.56251, 44.22794
8.780058, 9.924544999999998, 12.26689725, 15.448173, 17.721836, 23.213852679999963, 44.22794
8.782734, 9.953487, 12.3467785, 15.542952000000005, 17.836158, 23.386707, 44.22794
8.77856725, 9.907234, 12.223842, 15.404851000000008, 17.681864499999993, 23.507924, 40.625286
8.7771495, 9.926646999999999, 12.24469975, 15.493363, 17.743503, 23.328235, 44.22794
8.779201, 9.937025, 12.282594, 15.582106, 17.887787, 23.581625, 44.22794
8.767827, 9.90299, 12.2465835, 15.464343, 17.820659, 23.837696, 44.22794
8.78104175, 9.929794, 12.297783, 15.482149500000006, 17.870855949999996, 23.507924, 44.22794
8.77874, 9.951652, 12.356788, 15.587985000000003, 17.836584799999994, 23.474496649999946, 39.815707
8.78030175, 9.95008, 12.273155, 15.531701199999999, 17.890157, 23.555005, 44.22794
8.783981, 9.971553, 12.33210375, 15.535514, 17.810287499999998, 23.386707, 44.22794
8.77850875, 9.983129, 12.305653, 15.559198500000011, 17.775321, 23.186055, 44.22794
8.77202, 9.904698, 12.262933, 15.477485, 17.758924349999997, 23.544632769999982, 44.22794
8.78512425, 9.960911, 12.326113, 15.494422, 17.836158, 23.75765695999995, 44.22794
8.788255, 9.97078, 12.347833, 15.487277, 17.775701849999997, 23.313008, 44.22794
8.782187749999999, 9.944341, 12.365659, 15.536901, 17.836158, 22.96145148999995, 44.22794
8.77955, 9.9370805, 12.34477525, 15.556521500000004, 17.802213, 23.223995199999894, 44.22794
8.7755275, 9.934611499999999, 12.268334, 15.408306, 17.81015, 23.313160269999976, 44.22794
8.77123175, 9.939926, 12.297922, 15.428034, 17.849544, 23.68457, 44.22794
8.775352, 9.93835, 12.297922, 15.520172, 17.818695, 23.56251, 44.22794
8.773446999999999, 9.9410725, 12.3275875, 15.501056, 17.627487, 23.757344, 44.22794
8.778267, 9.922916, 12.279196, 15.375681, 17.782938, 23.237086, 39.815707
8.775454, 9.917694000000001, 12.246518, 15.513381, 17.912753, 23.685297739999886, 44.22794
8.77782, 9.9413395, 12.291358, 15.479987900000003, 17.820659, 23.582653619999835, 44.22794
8.640976, 9.089676, 10.78818, 12.426232, 13.943173749999993, 17.872018, 38.404747
8.64909, 9.136702, 10.837245, 12.467011, 14.009391, 17.786071, 38.813544
8.649243250000001, 9.128411, 10.802748, 12.434019, 14.062389, 17.786971, 38.813544
8.647156, 9.118738, 10.76841475, 12.420562800000008, 13.963141849999998, 17.786071, 38.813544
8.647882, 9.126235, 10.803728, 12.411373, 14.015086, 17.81321605999995, 38.813544
8.647031, 9.1286245, 10.8072195, 12.424528800000004, 13.99554189999999, 17.629572, 38.813544
8.647156, 9.1267505, 10.812846, 12.458397, 14.021462, 17.793896, 38.813544
8.64702525, 9.117393, 10.774918, 12.367258, 13.974307, 17.708369, 38.813544
8.64759125, 9.128324, 10.812846, 12.426093, 14.062294, 17.708369, 38.813544
8.645567, 9.128324, 10.788585, 12.434224500000004, 14.015086, 17.802213, 38.813544
8.644519, 9.112365, 10.788376, 12.430775, 13.994813, 17.64457709999997, 38.813544
8.654945, 9.164226500000002, 10.816327, 12.439813, 14.070939699999995, 17.872018, 38.813544
8.647008, 9.133437, 10.799901, 12.444263, 14.021462, 17.69964492999999, 38.813544
8.64409775, 9.119585, 10.797017, 12.444594800000006, 14.059407, 17.786071, 38.813544
8.647641, 9.128838, 10.788584, 12.4075519, 14.062294, 17.802213, 38.813544
8.645662, 9.1196155, 10.837196, 12.458521600000003, 14.062294, 17.872178239999975, 38.813544
8.649245, 9.141327, 10.803367999999999, 12.426093, 13.94272, 17.644383, 38.813544
8.643998, 9.112452, 10.788229000000001, 12.429064, 13.994813, 17.8129, 38.813544
8.646338, 9.129782, 10.803728, 12.467263700000005, 14.063569, 17.888381479999943, 38.404747
8.646122, 9.123282, 10.8120375, 12.426093, 14.06189, 17.64457709999997, 38.813544
8.649588, 9.1427875, 10.807386, 12.424355, 14.015086, 17.793896, 38.813544
8.646662, 9.109048, 10.765191, 12.423639, 13.951795, 17.629720109999976, 38.813544
8.647676, 9.135001500000001, 10.801736, 12.423710600000001, 14.021462, 17.81321605999995, 38.813544
8.647031, 9.1388105, 10.794662, 12.426230200000001, 14.0132506, 17.699605, 38.813544
8.646251, 9.128838, 10.802272, 12.424528800000004, 13.991081399999997, 17.69964492999999, 38.813544
8.78388475, 9.958885, 12.330184, 15.590445, 17.82154205, 23.421254, 44.22794
8.78602, 9.979551, 12.292975, 15.477485, 17.775701849999997, 23.354685, 44.22794
8.782476249999998, 9.959156, 12.3021445, 15.457609500000002, 17.82070005, 23.555005, 44.22794
8.777172, 9.9341905, 12.268538, 15.542749, 17.956195749999996, 23.78864, 44.22794
8.776596, 9.936558, 12.331992, 15.460952, 17.666456, 23.328235, 44.22794
8.646909, 9.128132, 10.801294, 12.459643, 14.066710849999996, 17.786971, 38.813544
8.648381749999999, 9.1312075, 10.789254249999999, 12.35419, 13.991081399999997, 17.802213, 38.813544
8.72461575, 9.066585, 10.494682749999999, 12.007947, 13.122552699999998, 16.38437187, 38.813544
8.728257, 9.079756, 10.528833500000001, 12.009955, 13.112734, 16.615886, 38.813544
8.72719, 9.070322, 10.522628000000001, 11.98102, 13.135516249999998, 16.593917, 38.813544
8.7271185, 9.0790355, 10.5325545, 12.050788, 13.163769, 16.576445, 38.813544
8.730008, 9.072315, 10.502156500000002, 12.006062, 13.212251299999997, 16.62074429999996, 38.813544
8.729396, 9.0847575, 10.530548249999999, 12.041643200000003, 13.179390099999999, 16.499587339999877, 38.813544
8.72791575, 9.070534, 10.50709075, 12.018940800000001, 13.189383, 17.012254, 38.813544
8.72526725, 9.066558, 10.479371, 11.962376, 13.113219349999996, 16.44275985999996, 38.813544
8.7254, 9.066845, 10.50339, 11.977714800000001, 13.077740299999997, 16.245616339999938, 38.813544
8.730658, 9.070322, 10.507705, 11.963040700000002, 13.176378349999998, 16.821686, 38.813544
8.72408375, 9.076734, 10.54465, 12.063364, 13.219201, 16.62074429999996, 38.813544
8.784673, 9.048128, 10.223743, 11.607931, 12.37553, 14.815255449999988, 26.889073
8.784101, 9.049619, 10.227706, 11.659932, 12.496500499999996, 14.932628, 26.889073
8.779619, 9.044837, 10.20198, 11.645967, 12.496195, 14.94417, 26.889073
8.784411, 9.053087, 10.21556475, 11.651564600000002, 12.471264, 14.94417, 19.563106
8.787855, 9.050419, 10.220941, 11.633203200000002, 12.444344, 14.938511, 19.393533
8.783204, 9.050637, 10.218304, 11.649735, 12.426591749999993, 14.938567589999991, 26.889073
8.785038, 9.047762, 10.189086, 11.628587, 12.380666999999999, 14.804108819999982, 26.889073
8.783877, 9.050942, 10.18582075, 11.606774700000003, 12.426091, 14.932686829999989, 19.563106
8.784155, 9.049898, 10.2155, 11.648901, 12.440484699999997, 14.938567589999991, 26.889073
8.785015, 9.0494175, 10.229351, 11.646801, 12.465433, 14.953882, 26.889073
8.789227, 9.05885, 10.22091625, 11.662042, 12.5336, 15.021127, 26.889073
8.787855, 9.050942, 10.246912, 11.662602, 12.492187, 14.938567589999991, 26.889073
8.785227, 9.061941, 10.269419, 11.6604761, 12.444613699999996, 14.995983, 26.889073
8.786701749999999, 9.058963, 10.2296485, 11.66043, 12.5304223, 14.953992379999983, 26.889073
8.78464, 9.058342499999998, 10.240397, 11.648925900000002, 12.492187, 14.953882, 26.889073
8.78468, 9.053068, 10.217937, 11.663426, 12.478849, 14.94417, 26.889073
8.78579, 9.0602105, 10.233688, 11.640785400000002, 12.424741, 14.804108819999982, 26.889073
8.78686775, 9.061725, 10.196923, 11.623748, 12.3959, 14.82504950999999, 26.889073
8.781933, 9.050433, 10.223743, 11.645967, 12.436289599999999, 14.803997, 26.889073
8.784519, 9.059111, 10.21806025, 11.647640100000004, 12.492187, 15.054253, 26.889073
8.784155, 9.0480465, 10.194815, 11.633203200000002, 12.423094, 14.901789, 26.889073
8.784649, 9.0527835, 10.251558, 11.670335, 12.449812199999998, 14.801217, 26.889073
8.785933, 9.059054, 10.242432, 11.623748, 12.474833899999998, 14.953992379999983, 26.889073
8.779202, 9.045887, 10.205375, 11.638546, 12.503486, 15.049793, 26.889073
8.7918555, 9.054426, 10.218304, 11.622074, 12.388296, 15.021127, 26.889073
8.78343475, 9.0504625, 10.23364975, 11.642939, 12.469874149999999, 15.027702, 26.889073
8.78881275, 9.053782, 10.2210625, 11.6429662, 12.478849, 15.02119274999999, 26.889073
8.83165925, 9.022371, 9.378625249999999, 10.9017715, 11.843571, 14.05604628999999, 35.487972
8.864984250000001, 9.003401, 9.181545, 9.460099, 9.992015, 11.999376500000002, 37.448702
8.86662425, 9.00372, 9.1781355, 9.439994, 9.927009, 11.932546299999998, 37.448702
8.863354750000001, 9.004037, 9.18458175, 9.4596301, 9.985579, 11.99360294, 37.448702
8.868461, 9.002675, 9.176906, 9.439427, 9.930965, 12.222361, 37.448702
8.86144825, 8.998429, 9.171474, 9.461342, 10.023848699999995, 12.07043996, 37.448702
8.868422, 9.00372, 9.183177, 9.445925, 9.931066049999998, 11.913174, 37.448702
8.864727, 9.00024, 9.1710475, 9.438148, 9.920967, 11.970292, 37.448702
8.865751, 9.000985, 9.174539000000001, 9.451816, 9.95983, 11.938615, 35.734803
8.864503, 9.0031485, 9.178993, 9.443095, 9.910716, 11.958562, 37.448702
8.864671, 9.002021500000001, 9.176562, 9.451873, 9.929366, 11.897877, 37.448702
8.866416, 9.002392, 9.17529125, 9.4584177, 9.952919, 11.99360294, 37.448702
8.86845275, 9.00173, 9.176026, 9.451821700000002, 10.004476299999999, 11.922318300000002, 37.448702
8.86330125, 8.99977, 9.174917749999999, 9.443059, 9.95293145, 11.932545, 37.448702
8.859967, 9.0022515, 9.181145, 9.460722, 10.019224099999997, 12.048048670000002, 37.448702
8.868461, 9.00428, 9.1830155, 9.440225, 9.953168, 11.938814470000004, 35.734803
8.86885625, 9.004037, 9.17919125, 9.445610799999999, 9.95983, 11.90322, 37.448702
8.870337, 9.003301, 9.173258, 9.448525, 10.018997, 11.932545, 37.448702
8.86869325, 9.0045635, 9.18357, 9.459293, 9.994264399999997, 12.003089, 37.448702
8.868897, 9.005363, 9.176884, 9.430723200000001, 9.87239, 11.810147880000004, 37.448702
8.868323, 9.004983, 9.18035575, 9.4737549, 10.003537249999999, 11.89654, 37.448702
8.868995, 9.007463000000001, 9.187626, 9.460099, 9.974078599999995, 11.958587130000002, 37.448702
8.87678325, 9.018156000000001, 9.20895, 9.497574, 9.795013099999998, 12.22236977, 37.448702
8.7758155, 9.046670500000001, 10.212233, 11.615524400000002, 12.53348415, 15.239759, 108.18177817951677
8.789020749999999, 9.047141, 10.202748, 11.6222421, 12.322817, 14.873968020000007, 26.889073
8.783031000000001, 9.0442955, 10.14264, 11.628587, 12.444854650000002, 14.632456760000004, 26.889073
8.78580275, 9.0592095, 10.278328250000001, 11.682414300000001, 12.572577100000002, 15.049793, 19.393533
8.791179, 9.0585355, 10.22169125, 11.649382600000001, 12.490727, 14.995983, 19.563106
8.79427025, 9.0542415, 10.26511075, 11.693899, 12.5520433, 15.511645700000006, 19.393533
8.779996, 9.0494395, 10.165228749999999, 11.589782800000002, 12.449738, 15.049793, 19.563106
8.79125425, 9.058028, 10.25263275, 11.6939268, 12.54977015, 15.273403, 26.889073
8.7925635, 9.0664725, 10.213906000000001, 11.711135, 12.54830475, 15.27344427, 26.889073
8.775970000000001, 9.0449165, 10.193019499999998, 11.652477600000001, 12.439778, 15.0498376, 19.563106
8.869183, 9.0041325, 9.1891605, 9.476735099999999, 10.020130399999994, 11.958679299999998, 33.51644
8.87359675, 9.002662, 9.16847925, 9.438996, 9.927009, 11.749209169999997, 37.448702
8.869183, 9.007147, 9.18551625, 9.4457945, 9.9812166, 11.903409949999995, 37.448702
8.85868025, 9.002993, 9.1806085, 9.440024000000001, 9.882154649999995, 11.993602939999997, 37.448702
8.866484, 8.996866, 9.176459, 9.4568195, 10.005764699999997, 11.9993765, 37.448702
8.86838, 9.002767500000001, 9.180444, 9.453209, 9.897551149999998, 11.851856139999995, 37.448702
8.87086025, 9.0009265, 9.178265499999998, 9.4581344, 10.052824, 11.932734399999998, 35.734803
8.87539675, 9.004814, 9.17945675, 9.4469665, 9.870344649999998, 12.257414889999996, 35.487972
8.871067, 9.010379, 9.18074925, 9.4965737, 10.014212849999996, 12.279502019999992, 37.448702
8.86706125, 8.996781, 9.165448, 9.4190636, 9.96183685, 11.96145763999999, 37.448702
8.87459625, 9.0057155, 9.18139, 9.4467835, 9.960307599999998, 12.278240759999992, 35.734803
8.86915, 9.0010035, 9.18290125, 9.466554299999999, 10.196856849999985, 12.374624269999998, 37.448702
8.86672025, 9.0061795, 9.1902945, 9.4627552, 10.077473349999996, 12.003089, 37.448702
8.86230225, 9.000979, 9.17338, 9.4426766, 9.957030149999994, 11.96145763999999, 37.448702
8.85381025, 9.000095, 9.18719875, 9.4556702, 10.094178299999989, 12.374849479999998, 24.923449
8.862561249999999, 9.0029075, 9.17489, 9.432031, 9.91084745, 11.757497869999987, 24.923449
8.869261, 9.009001000000001, 9.190301250000001, 9.461483, 9.998310049999999, 11.913264409999998, 35.734803
8.86278475, 8.996087, 9.1709935, 9.444844, 9.9563359, 12.257208, 37.448702
8.8727745, 9.007274500000001, 9.1856675, 9.4659612, 9.973715, 11.898483849999986, 16.295498
8.86040225, 9.005277, 9.17945675, 9.4206222, 10.005128, 12.008393519999984, 35.734803
8.862988, 9.000251500000001, 9.168766, 9.4463141, 9.94117155, 11.922319599999996, 16.295498
8.866778, 9.0045635, 9.18120625, 9.4659612, 9.992691599999999, 12.071412479999976, 37.448702
8.860929, 9.000939, 9.174587, 9.4471183, 9.85999605, 12.222361, 35.734803
8.86394, 9.0056885, 9.17326675, 9.4219694, 9.9044194, 11.939259739999985, 35.734803
8.86572825, 9.000095, 9.1738355, 9.482759399999999, 10.030596699999998, 12.070439959999998, 37.448702
8.86778475, 9.003639, 9.185286000000001, 9.451941900000001, 9.881233, 11.89654, 37.448702
8.866534249999999, 9.0034055, 9.17930075, 9.4501419, 9.952919, 11.913264409999998, 24.923449
8.86434225, 9.001322, 9.18636375, 9.469665599999999, 9.961654, 12.003135779999997, 35.734803
8.86111325, 8.9984675, 9.17694125, 9.445860999999999, 9.941349199999998, 11.832284659999997, 37.448702
8.8624595, 8.997402000000001, 9.189529, 9.4730227, 9.962119099999997, 11.970524529999995, 35.487972
8.864339000000001, 9.001634, 9.18295125, 9.469301499999998, 10.137628, 12.170641409999979, 35.487972
8.853169, 8.999586, 9.1709365, 9.4581268, 9.921032599999997, 11.83973553999999, 14.025349
8.86551925, 9.0031485, 9.18323525, 9.4338976, 10.004892599999996, 12.22412834999998, 37.448702
8.863280249999999, 9.0001585, 9.18636375, 9.4556117, 10.014522549999995, 11.932830299999992, 35.487972
8.86315475, 8.999126, 9.183131, 9.430244, 9.906028249999995, 11.851856139999995, 37.448702
8.86247475, 8.9978155, 9.173968, 9.4567853, 9.981568599999997, 12.222369769999998, 37.448702
8.86510375, 9.004527, 9.181903, 9.4486638, 9.994541999999997, 12.048048669999998, 37.448702
8.8688655, 9.009064500000001, 9.18761325, 9.4591562, 9.99826285, 12.170292939999987, 29.227148
8.868625, 9.004047, 9.17340025, 9.4351286, 9.972295, 11.77998, 37.448702
8.8639315, 9.001616, 9.16777325, 9.404237700000001, 9.921385649999998, 12.278240759999992, 35.734803
8.87409375, 9.009035, 9.185389, 9.44578, 9.927307849999998, 11.795578049999992, 35.734803
8.867202, 8.9975535, 9.187419, 9.455518, 9.97260825, 11.762035079999992, 35.330604
8.869155, 9.0073915, 9.18903025, 9.469301499999998, 9.94641365, 11.913174, 35.487972
8.8637655, 9.004509500000001, 9.1934205, 9.451941900000001, 10.004914499999996, 11.970524529999995, 35.330604
8.85950925, 9.0029105, 9.1727345, 9.422107800000001, 9.913594349999999, 11.932734399999998, 37.448702
8.864143, 9.0022385, 9.185034, 9.4523618, 9.94071025, 11.938931769999993, 37.448702
8.865594, 9.0020085, 9.169124, 9.445691799999999, 9.974308199999998, 11.932734399999998, 35.734803
8.86572825, 9.007514, 9.17874125, 9.4400171, 9.92712555, 11.922318299999997, 35.734803
8.86332225, 8.999012, 9.1713105, 9.4358721, 9.929522299999999, 12.000049799999983, 37.448702
8.864727, 9.000538, 9.16197025, 9.423211, 9.932986, 11.756911, 35.330604
8.863280249999999, 8.9981125, 9.169457, 9.42271, 9.8792836, 12.074022229999963, 29.227148
8.8753005, 9.007697, 9.183264750000001, 9.448525, 10.004905999999997, 11.81639048999998, 37.448702
8.872758, 9.005703, 9.1927445, 9.4614283, 10.00353725, 11.89822367999999, 37.448702
8.8623145, 9.002496, 9.170468249999999, 9.4574401, 9.962040399999998, 11.895223979999992, 37.448702
8.8675625, 9.009933, 9.183431, 9.439487, 9.953317199999999, 12.072837539999941, 37.448702
8.863507250000001, 9.0055455, 9.174523, 9.449547, 10.013985749999998, 12.348473289999994, 35.734803
8.873935, 9.009035, 9.18551625, 9.4408441, 9.85944285, 11.897930429999999, 24.923449
8.866938, 9.000135499999999, 9.166897, 9.438048199999999, 9.778507099999995, 11.87444791, 33.51644
8.8644865, 9.003879, 9.17616975, 9.4605303, 10.004487899999999, 11.89486393, 33.51644
8.859374, 8.998738, 9.18763275, 9.4724485, 10.0051396, 12.316018219999995, 37.448702
8.8608845, 9.002689, 9.194443249999999, 9.4743106, 10.067905, 11.970666749999992, 37.448702
8.87110025, 9.006364999999999, 9.1788165, 9.42174, 9.897192, 11.894581, 35.330604
8.854516, 8.996311, 9.17113, 9.4486272, 9.956427099999997, 12.3281949, 35.487972
8.8692885, 9.004387, 9.1862865, 9.4629838, 10.08924555, 12.328342539999996, 35.487972
8.86436425, 8.997284, 9.181478250000001, 9.4719842, 10.06522, 12.070419, 35.330604
8.85789025, 8.98941, 9.166974249999999, 9.419768399999999, 9.913476399999999, 11.875261439999996, 35.734803
8.8696405, 9.00163, 9.168008, 9.437402, 9.9110968, 11.795208, 37.448702
8.8670945, 9.0033545, 9.185154, 9.485208, 10.053049299999998, 11.922318299999997, 37.448702
8.8629605, 8.99749, 9.169583750000001, 9.442472, 9.933371699999997, 12.277897, 35.734803
8.865184249999999, 9.009035, 9.178128, 9.445208, 10.071191749999997, 11.970666749999992, 35.330604
8.8632905, 9.002709, 9.17596575, 9.4633755, 9.932986, 11.95900726999999, 37.448702
8.7896125, 9.040499, 10.23544975, 11.67544, 12.558402, 14.995983, 26.889073
8.788888, 9.051, 10.2128345, 11.638711800000001, 12.343054550000002, 14.932743420000001, 19.563106
8.782349, 9.0441615, 10.19440475, 11.59288, 12.31836655, 14.965230630000006, 26.889073
8.7909, 9.059367, 10.35766175, 11.683144900000006, 12.5546217, 14.902097390000007, 19.393533
8.785622250000001, 9.0500765, 10.190331, 11.6627001, 12.465433, 14.632479980000003, 26.889073
8.794295, 9.074225, 10.213072749999998, 11.653620400000001, 12.426091, 14.954554450000014, 18.865024
8.7876965, 9.046099, 10.254443, 11.629710000000001, 12.388296, 14.75754224000001, 18.677002
8.781347, 9.039844500000001, 10.15174275, 11.595953, 12.4211503, 14.83195652000001, 18.677002
8.78186075, 9.054177, 10.2611055, 11.699602700000002, 12.4498122, 14.801356620000002, 19.563106
8.79304175, 9.0613715, 10.254443, 11.6743267, 12.551711, 14.998420760000053, 19.563106
8.788326999999999, 9.0470295, 10.25817675, 11.6237487, 12.378038, 14.94417, 26.889073
8.794988, 9.059067500000001, 10.2155955, 11.619468, 12.465724550000003, 14.944688130000012, 26.889073
8.80077975, 9.0612965, 10.285215, 11.6626844, 12.462855, 14.944267120000001, 26.889073
8.789623500000001, 9.059067500000001, 10.1617015, 11.629710000000001, 12.470048600000002, 14.996300190000008, 18.865024
8.789062, 9.047295, 10.199523, 11.663426, 12.503913750000002, 15.46395637, 19.563106
8.78599625, 9.05479, 10.2155, 11.589782800000002, 12.383450600000002, 14.953992380000003, 19.393533
8.785174000000001, 9.046670500000001, 10.283050000000001, 11.6429662, 12.3963321, 15.591218, 26.889073
8.790647750000002, 9.053068, 10.22091625, 11.6600279, 12.491305900000002, 14.712709, 18.347922
8.79441025, 9.065786500000002, 10.2591225, 11.7201453, 12.5304223, 15.616593320000014, 26.889073
8.786584, 9.036271, 10.165432, 11.6790056, 12.492692900000002, 15.0498376, 18.865024
8.784391750000001, 9.053782, 10.23778075, 11.653620400000001, 12.412934, 14.592045810000009, 19.393533
8.794488, 9.065027, 10.257865500000001, 11.6259878, 12.339573900000003, 14.491149110000006, 26.889073
8.793849999999999, 9.05342, 10.210096, 11.6685741, 12.440311, 14.741543, 26.889073
8.7799235, 9.050746, 10.206555250000001, 11.6173062, 12.42317635, 14.953992380000003, 18.677002
8.783387, 9.0419375, 10.22807875, 11.6429662, 12.478849, 14.944377500000003, 26.889073
8.789521500000001, 9.0567485, 10.184419250000001, 11.665080800000002, 12.5304223, 15.027702, 26.889073
8.78493125, 9.0484915, 10.17458525, 11.608074400000001, 12.385275, 14.783233730000005, 26.889073
8.782798, 9.042334499999999, 10.184627, 11.6492085, 12.388676200000003, 14.527426, 19.563106
8.783518, 9.0405865, 10.22039275, 11.6006854, 12.3651285, 14.491275160000008, 18.474331
8.78496625, 9.054426, 10.24276925, 11.6468709, 12.412934, 14.736726850000004, 26.889073
8.785696000000002, 9.052333, 10.24093625, 11.67544, 12.52358155, 14.874276410000013, 19.393533
8.77644175, 9.040685, 10.149214, 11.578105, 12.343527650000002, 14.96492, 26.889073
8.78383525, 9.050419, 10.271997, 11.6743267, 12.4632023, 15.464191, 19.563106
8.78408125, 9.0499085, 10.23843875, 11.6685741, 12.525207000000002, 14.873968020000007, 19.393533
8.794295, 9.0530215, 10.213072749999998, 11.628673599999999, 12.477362200000004, 15.0498376, 26.889073
8.78186075, 9.041071, 10.14278925, 11.564014, 12.32018585, 14.83195652000001, 18.375861
8.783598999999999, 9.057811999999998, 10.24051975, 11.671194999999999, 12.477088800000002, 14.932686830000002, 18.865024
8.7932375, 9.053201, 10.2890685, 11.6498139, 12.413306600000002, 14.63232, 26.889073
8.78468, 9.0480465, 10.22233575, 11.6611445, 12.479442900000002, 14.815255450000002, 26.889073
8.7831985, 9.042482, 10.24765175, 11.662602, 12.513229000000003, 14.823332630000012, 26.889073
8.792757, 9.0611105, 10.200565, 11.6421218, 12.53391275, 14.939337160000019, 26.889073
8.784007, 9.059082499999999, 10.2698985, 11.636587100000002, 12.388676200000003, 15.616593320000014, 26.889073
8.78408125, 9.042244499999999, 10.18383725, 11.654542, 12.476371, 15.021127, 26.889073
8.783974500000001, 9.0654315, 10.25534175, 11.582475, 12.42324385, 14.965547820000014, 26.889073
8.789632749999999, 9.0530395, 10.189397249999999, 11.668766100000001, 12.52358155, 15.049793, 26.889073
8.776542, 9.045481, 10.2392255, 11.651782600000002, 12.518868200000002, 14.8012448, 19.393533
8.785900250000001, 9.066462, 10.22237425, 11.6136864, 12.450393850000003, 14.95430301000001, 19.563106
8.79114075, 9.0619655, 10.278019, 11.676555300000004, 12.518624, 14.953992380000003, 26.889073
8.78918575, 9.057212, 10.29000275, 11.7165053, 12.558802850000001, 15.027702, 19.563106
8.788431, 9.0497585, 10.283050000000001, 11.682195000000002, 12.503365150000004, 15.027967510000005, 19.563106
8.789133249999999, 9.071872500000001, 10.235488, 11.6421218, 12.397371, 14.965230630000006, 19.563106
8.78408125, 9.066179, 10.258237, 11.568848300000003, 12.397729550000001, 14.873687, 19.563106
8.788326999999999, 9.070425499999999, 10.23324925, 11.6545562, 12.4548477, 14.938567590000002, 19.563106
8.78651225, 9.038727, 10.229568749999999, 11.650707800000001, 12.44051265, 14.832604760000024, 18.865024
8.7902085, 9.054177, 10.24421375, 11.7165053, 12.596999850000001, 14.932628, 26.889073
8.78028875, 9.036718, 10.2064025, 11.643211, 12.368890350000003, 14.901789, 26.889073
8.78060725, 9.044144, 10.2392255, 11.6609012, 12.5335677, 14.804108820000003, 26.889073
8.788431, 9.044368500000001, 10.18042, 11.633141, 12.465899000000002, 15.027967510000005, 26.889073
8.790105, 9.050637, 10.21423225, 11.6085046, 12.385381, 14.815179, 26.889073
8.787855, 9.057811999999998, 10.18894725, 11.660647200000001, 12.420386, 14.8228456, 26.889073
8.7912735, 9.06997, 10.2483505, 11.6383633, 12.32018585, 14.638017050000002, 26.889073
8.794796, 9.054797, 10.226674, 11.708687, 12.5336, 14.953992380000003, 26.889073
8.78944875, 9.046104, 10.276735500000001, 11.668766100000001, 12.451679450000002, 14.932686830000002, 26.889073
8.793232249999999, 9.059134499999999, 10.244623, 11.715526, 12.539855, 14.815255450000002, 19.563106
8.797184, 9.069364, 10.282529, 11.6736189, 12.503217400000002, 14.83195652000001, 26.889073
8.781704, 9.0499085, 10.196786, 11.650823400000002, 12.472115, 14.953882, 18.865024
8.785803, 9.080823, 10.200366, 11.653518, 12.490727, 14.804185270000005, 26.889073
8.789632, 9.055163499999999, 10.275845, 11.657958, 12.384728, 14.932628, 19.563106
8.790425, 9.049619, 10.258294, 11.647640100000002, 12.531929, 14.783345550000007, 19.393533
8.789579999999999, 9.0694905, 10.2172775, 11.650619200000001, 12.420603750000001, 14.944377500000003, 26.889073
8.792047, 9.0585965, 10.257808, 11.647640100000002, 12.450393850000003, 14.74159666, 19.563106
8.791438, 9.0516295, 10.186627, 11.6044838, 12.314233450000001, 14.75751444000001, 19.393533
8.793422, 9.0530395, 10.2056615, 11.651680200000001, 12.4572683, 15.464686040000016, 26.889073
8.79553675, 9.06199, 10.2483505, 11.682195000000002, 12.5295792, 15.240095440000006, 26.889073
8.78698775, 9.064032, 10.322341, 11.6492085, 12.5546217, 15.615997, 19.563106
8.789157, 9.0585965, 10.202046000000001, 11.618051000000001, 12.420521400000002, 14.746909, 19.563106
8.77617775, 9.045928499999999, 10.22400375, 11.6138449, 12.342504, 14.804108820000003, 19.563106
8.7840855, 9.0446245, 10.161757, 11.553735000000003, 12.3196738, 14.804108820000003, 26.889073
8.791380499999999, 9.067124, 10.246592, 11.673554, 12.469801, 14.938664710000003, 26.889073
8.78453175, 9.067782000000001, 10.24267925, 11.6259878, 12.354124550000002, 14.632627650000007, 18.66297
8.797535, 9.055901, 10.202244, 11.6468709, 12.477161800000003, 14.638164720000004, 19.563106
8.78854875, 9.058028, 10.22807875, 11.675784, 12.4606241, 14.663085, 18.865024
8.783767, 9.047762, 10.181526, 11.6726621, 12.5335677, 15.093761, 26.889073
8.78691, 9.066715, 10.27871075, 11.695283, 12.451222, 14.873687, 19.393533
8.790431, 9.057737, 10.221616749999999, 11.636392, 12.378038, 14.470914, 19.393533
8.78579, 9.058924999999999, 10.20749, 11.6460504, 12.52358155, 15.239759, 26.889073
8.793161, 9.064032, 10.2392255, 11.646120300000002, 12.490727, 14.783205930000003, 26.889073
8.79115225, 9.068060500000001, 10.242552, 11.672563, 12.525207000000002, 14.822911110000003, 26.889073
8.78437, 9.044837, 10.209485, 11.6704058, 12.4629839, 14.63232, 26.889073
8.779686, 9.058028, 10.24174125, 11.66043, 12.3836549, 14.938775090000005, 26.889073
8.78579, 9.058963, 10.260186000000001, 11.6154512, 12.436106, 15.027922910000004, 26.889073
8.78319075, 9.0384435, 10.20019125, 11.6154512, 12.365706, 14.783205930000003, 19.393533
8.785179750000001, 9.0531285, 10.243421, 11.672563, 12.573453350000001, 15.464686040000016, 19.563106
8.78703, 9.0643625, 10.23445225, 11.66043, 12.503486, 14.965230630000006, 19.563106
8.784949, 9.0619655, 10.251733999999999, 11.6222414, 12.443785, 14.825049510000001, 26.889073
8.784399, 9.061871, 10.21229775, 11.6175429, 12.383360450000001, 14.873968020000007, 19.563106
8.784949, 9.044837, 10.182640249999999, 11.609777900000001, 12.313479, 14.721813600000004, 19.393533
8.79081875, 9.087695, 10.2859845, 11.749378, 12.57986765, 15.616593320000014, 26.889073
8.789892, 9.053234, 10.229197, 11.673554, 12.4204191, 14.822911110000003, 18.66297
8.790401750000001, 9.0613335, 10.246912, 11.617329, 12.457105, 14.632456760000004, 19.563106
8.786515, 9.080231999999999, 10.25481375, 11.662098, 12.4604952, 14.96492, 18.474331
8.78982725, 9.058423999999999, 10.25534175, 11.679353, 12.388296, 14.804206870000005, 19.563106
8.78020925, 9.040734, 10.150690749999999, 11.617249500000002, 12.32918, 14.783233730000005, 26.889073
8.800166, 9.0730675, 10.276278000000001, 11.6701645, 12.460371, 15.05023268000001, 19.563106
8.780028, 9.034585, 10.18936175, 11.597410700000003, 12.413306600000002, 14.8228456, 26.889073
8.784044999999999, 9.048251, 10.22372375, 11.669898, 12.529539, 14.938511, 26.889073
8.790537500000001, 9.049597, 10.19239, 11.650707800000001, 12.466697700000005, 14.932686830000002, 18.677002
8.788432, 9.049597, 10.21423225, 11.5862431, 12.31350135, 14.736828490000006, 26.889073
8.779624250000001, 9.039224, 10.202748, 11.650557300000003, 12.45138875, 14.96492, 19.563106
8.791319, 9.071135, 10.24400925, 11.649735, 12.4923874, 14.902097390000007, 26.889073
8.783263, 9.058926, 10.183574, 11.615418, 12.3189483, 14.736673190000001, 19.563106
8.784408, 9.0322375, 10.182640249999999, 11.589906000000003, 12.383349, 15.027922910000004, 26.889073
8.795333, 9.0650835, 10.188692249999999, 11.5862431, 12.440311, 14.932686830000002, 19.563106
8.78751725, 9.052958499999999, 10.269991000000001, 11.7214366, 12.5862394, 15.616647580000015, 26.889073
8.7749615, 9.0449965, 10.175204, 11.6332032, 12.420521400000002, 14.822911110000003, 19.563106
8.789554, 9.045655, 10.1905205, 11.558424, 12.385275, 14.663820390000017, 19.393533
8.782893, 9.057212, 10.2155, 11.6726621, 12.4908, 14.873687, 19.563106
8.784155, 9.0460675, 10.164079, 11.5823364, 12.323424800000003, 14.944267120000001, 19.393533
8.78029625, 9.050637, 10.22091625, 11.6718925, 12.567060800000002, 14.96492, 18.677002
8.791952, 9.0603965, 10.25534175, 11.702347, 12.4446137, 14.831535, 19.563106
8.784338, 9.042624, 10.20513275, 11.6085046, 12.404542, 15.511645700000006, 26.889073
8.790672, 9.0507095, 10.165603, 11.643486600000001, 12.5335677, 15.027922910000004, 19.563106
8.794417, 9.0664725, 10.2183605, 11.643241800000002, 12.43997835, 14.757654060000013, 18.865024
8.7814115, 9.046639, 10.2155, 11.6515646, 12.45138875, 14.938511, 26.889073
8.78162, 9.050066000000001, 10.242552, 11.652477600000001, 12.457105, 14.8228456, 19.393533
8.785802, 9.034498, 10.164934, 11.5781393, 12.329800300000002, 14.721813600000004, 26.889073
8.7859965, 9.0467975, 10.12666425, 11.625699, 12.405334200000002, 14.96492, 26.889073
8.788494, 9.0671135, 10.229351, 11.66043, 12.475551700000002, 14.804108820000003, 19.563106
8.791367, 9.073531, 10.23324925, 11.671818, 12.512984800000002, 14.943765430000115, 26.889073
8.78579, 9.038048, 10.227706, 11.653518, 12.503217400000002, 14.757332510000007, 26.889073
8.784673, 9.05303, 10.176352, 11.604809900000001, 12.423928200000004, 15.279249050000038, 26.889073
8.785754, 9.07237, 10.3234595, 11.7157709, 12.478849, 15.02119275, 26.889073
8.78881275, 9.051493, 10.217979, 11.643639900000002, 12.31350135, 14.801520180000006, 19.393533
8.7859005, 9.047218, 10.209485, 11.638343, 12.426591750000002, 14.815277050000002, 19.563106
8.784489, 9.0411185, 10.164901, 11.597818400000001, 12.271223650000001, 14.528068130000014, 19.563106
8.794921, 9.060868, 10.277716000000002, 11.694177, 12.4923874, 14.74159666, 19.563106
8.79120075, 9.066523499999999, 10.248715, 11.6640674, 12.465651400000002, 14.94417, 26.889073
8.79515, 9.0709455, 10.23312, 11.6006854, 12.322292, 14.488569, 26.889073
8.7784985, 9.040404, 10.202748, 11.650619200000001, 12.397729550000001, 14.822911110000003, 18.865024
8.79422825, 9.075686999999999, 10.295383, 11.6956505, 12.42317635, 14.783345550000007, 18.375861
8.869538, 9.001231, 9.181374250000001, 9.4596711, 10.0650474, 11.913264409999998, 35.734803
8.873943, 9.007274500000001, 9.17466275, 9.413269, 9.8391793, 11.683823189999984, 35.330604
8.8929905, 9.0331405, 9.232854249999999, 9.5347456, 9.813741, 14.418255829999998, 19.645042
8.877116749999999, 9.047721500000002, 9.24928975, 9.4831936, 9.73356535, 14.605052, 22.552578
0, 0, 0, 0, 0, 0, 0
0, 0, 0, 0, 0, 0, 0
0, 0, 0, 0, 0, 0, 0
0, 0, 0, 0, 0, 0, 0
0, 0, 0, 0, 0, 0, 0
0, 0, 0, 0, 0, 0, 0
0, 0, 0, 0, 0, 0, 0
0, 0, 0, 0, 0, 0, 0
0, 0, 0, 0, 0, 0, 0
0, 0, 0, 0, 0, 0, 0
0, 0, 0, 0, 0, 0, 0
0, 0, 0, 0, 0, 0, 0
0, 0, 0, 0, 0, 0, 0
0, 0, 0, 0, 0, 0, 0
0, 0, 0, 0, 0, 0, 0
0, 0, 0, 0, 0, 0, 0
0, 0, 0, 0, 0, 0, 0
0, 0, 0, 0, 0, 0, 0
0, 0, 0, 0, 0, 0, 0
0, 0, 0, 0, 0, 0, 0
0, 0, 0, 0, 0, 0, 0
0, 0, 0, 0, 0, 0, 0
0, 0, 0, 0, 0, 0, 0
0, 0, 0, 0, 0, 0, 0
0, 0, 0, 0, 0, 0, 0
0, 0, 0, 0, 0, 0, 0
0, 0, 0, 0, 0, 0, 0
0, 0, 0, 0, 0, 0, 0
0, 0, 0, 0, 0, 0, 0
0, 0, 0, 0, 0, 0, 0
0, 0, 0, 0, 0, 0, 0
0, 0, 0, 0, 0, 0, 0
0, 0, 0, 0, 0, 0, 0
0, 0, 0, 0, 0, 0, 0
0, 0, 0, 0, 0, 0, 0
0, 0, 0, 0, 0, 0, 0
0, 0, 0, 0, 0, 0, 0
0, 0, 0, 0, 0, 0, 0
0, 0, 0, 0, 0, 0, 0
0, 0, 0, 0, 0, 0, 0
0, 0, 0, 0, 0, 0, 0
0, 0, 0, 0, 0, 0, 0
0, 0, 0, 0, 0, 0, 0
0, 0, 0, 0, 0, 0, 0
0, 0, 0, 0, 0, 0, 0
0, 0, 0, 0, 0, 0, 0
0, 0, 0, 0, 0, 0, 0
0, 0, 0, 0, 0, 0, 0
0, 0, 0, 0, 0, 0, 0
0, 0, 0, 0, 0, 0, 0
0, 0, 0, 0, 0, 0, 0
0, 0, 0, 0, 0, 0, 0
0, 0, 0, 0, 0, 0, 0
0, 0, 0, 0, 0, 0, 0
0, 0, 0, 0, 0, 0, 0
0, 0, 0, 0, 0, 0, 0
0, 0, 0, 0, 0, 0, 0
0, 0, 0, 0, 0, 0, 0
0, 0, 0, 0, 0, 0, 0
0, 0, 0, 0, 0, 0, 0
0, 0, 0, 0, 0, 0, 0
0, 0, 0, 0, 0, 0, 0
0, 0, 0, 0, 0, 0, 0
0, 0, 0, 0, 0, 0, 0
0, 0, 0, 0, 0, 0, 0
0, 0, 0, 0, 0, 0, 0
0, 0, 0, 0, 0, 0, 0
0, 0, 0, 0, 0, 0, 0
0, 0, 0, 0, 0, 0, 0
0, 0, 0, 0, 0, 0, 0
0, 0, 0, 0, 0, 0, 0
0, 0, 0, 0, 0, 0, 0
0, 0, 0, 0, 0, 0, 0
0, 0, 0, 0, 0, 0, 0
0, 0, 0, 0, 0, 0, 0
0, 0, 0, 0, 0, 0, 0
0, 0, 0, 0, 0, 0, 0
0, 0, 0, 0, 0, 0, 0
0, 0, 0, 0, 0, 0, 0
0, 0, 0, 0, 0, 0, 0
0, 0, 0, 0, 0, 0, 0
0, 0, 0, 0, 0, 0, 0
0, 0, 0, 0, 0, 0, 0
0, 0, 0, 0, 0, 0, 0
0, 0, 0, 0, 0, 0, 0
0, 0, 0, 0, 0, 0, 0
0, 0, 0, 0, 0, 0, 0
0, 0, 0, 0, 0, 0, 0
0, 0, 0, 0, 0, 0, 0
0, 0, 0, 0, 0, 0, 0
0, 0, 0, 0, 0, 0, 0
0, 0, 0, 0, 0, 0, 0
0, 0, 0, 0, 0, 0, 0
0, 0, 0, 0, 0, 0, 0
0, 0, 0, 0, 0, 0, 0
0, 0, 0, 0, 0, 0, 0
0, 0, 0, 0, 0, 0, 0
0, 0, 0, 0, 0, 0, 0
0, 0, 0, 0, 0, 0, 0
0, 0, 0, 0, 0, 0, 0
0, 0, 0, 0, 0, 0, 0
0, 0, 0, 0, 0, 0, 0
0, 0, 0, 0, 0, 0, 0
0, 0, 0, 0, 0, 0, 0
0, 0, 0, 0, 0, 0, 0
0, 0, 0, 0, 0, 0, 0
0, 0, 0, 0, 0, 0, 0
0, 0, 0, 0, 0, 0, 0
0, 0, 0, 0, 0, 0, 0
0, 0, 0, 0, 0, 0, 0
0, 0, 0, 0, 0, 0, 0
0, 0, 0, 0, 0, 0, 0
0, 0, 0, 0, 0, 0, 0
0, 0, 0, 0, 0, 0, 0
0, 0, 0, 0, 0, 0, 0
0, 0, 0, 0, 0, 0, 0
0, 0, 0, 0, 0, 0, 0
0, 0, 0, 0, 0, 0, 0
0, 0, 0, 0, 0, 0, 0
0, 0, 0, 0, 0, 0, 0
0, 0, 0, 0, 0, 0, 0
0, 0, 0, 0, 0, 0, 0
0, 0, 0, 0, 0, 0, 0
0, 0, 0, 0, 0, 0, 0
0, 0, 0, 0, 0, 0, 0
0, 0, 0, 0, 0, 0, 0
0, 0, 0, 0, 0, 0, 0
0, 0, 0, 0, 0, 0, 0
0, 0, 0, 0, 0, 0, 0
0, 0, 0, 0, 0, 0, 0
0, 0, 0, 0, 0, 0, 0
0, 0, 0, 0, 0, 0, 0
0, 0, 0, 0, 0, 0, 0
0, 0, 0, 0, 0, 0, 0
0, 0, 0, 0, 0, 0, 0
0, 0, 0, 0, 0, 0, 0
0, 0, 0, 0, 0, 0, 0
0, 0, 0, 0, 0, 0, 0
0, 0, 0, 0, 0, 0, 0
0, 0, 0, 0, 0, 0, 0
0, 0, 0, 0, 0, 0, 0
0, 0, 0, 0, 0, 0, 0
0, 0, 0, 0, 0, 0, 0
0, 0, 0, 0, 0, 0, 0
0, 0, 0, 0, 0, 0, 0
0, 0, 0, 0, 0, 0, 0
0, 0, 0, 0, 0, 0, 0
0, 0, 0, 0, 0, 0, 0
0, 0, 0, 0, 0, 0, 0
0, 0, 0, 0, 0, 0, 0
0, 0, 0, 0, 0, 0, 0
0, 0, 0, 0, 0, 0, 0
0, 0, 0, 0, 0, 0, 0
0, 0, 0, 0, 0, 0, 0
0, 0, 0, 0, 0, 0, 0
0, 0, 0, 0, 0, 0, 0
0, 0, 0, 0, 0, 0, 0
0, 0, 0, 0, 0, 0, 0
0, 0, 0, 0, 0, 0, 0
0, 0, 0, 0, 0, 0, 0
0, 0, 0, 0, 0, 0, 0
0, 0, 0, 0, 0, 0, 0
0, 0, 0, 0, 0, 0, 0
0, 0, 0, 0, 0, 0, 0
0, 0, 0, 0, 0, 0, 0
0, 0, 0, 0, 0, 0, 0
0, 0, 0, 0, 0, 0, 0
0, 0, 0, 0, 0, 0, 0
0, 0, 0, 0, 0, 0, 0
0, 0, 0, 0, 0, 0, 0
0, 0, 0, 0, 0, 0, 0
0, 0, 0, 0, 0, 0, 0
0, 0, 0, 0, 0, 0, 0
0, 0, 0, 0, 0, 0, 0
0, 0, 0, 0, 0, 0, 0
0, 0, 0, 0, 0, 0, 0
0, 0, 0, 0, 0, 0, 0
0, 0, 0, 0, 0, 0, 0
0, 0, 0, 0, 0, 0, 0
0, 0, 0, 0, 0, 0, 0
0, 0, 0, 0, 0, 0, 0
0, 0, 0, 0, 0, 0, 0
0, 0, 0, 0, 0, 0, 0
0, 0, 0, 0, 0, 0, 0
0, 0, 0, 0, 0, 0, 0
0, 0, 0, 0, 0, 0, 0
0, 0, 0, 0, 0, 0, 0
0, 0, 0, 0, 0, 0, 0
0, 0, 0, 0, 0, 0, 0
0, 0, 0, 0, 0, 0, 0
0, 0, 0, 0, 0, 0, 0
0, 0, 0, 0, 0, 0, 0
0, 0, 0, 0, 0, 0, 0
0, 0, 0, 0, 0, 0, 0
0, 0, 0, 0, 0, 0, 0
0, 0, 0, 0, 0, 0, 0
0, 0, 0, 0, 0, 0, 0
0, 0, 0, 0, 0, 0, 0
0, 0, 0, 0, 0, 0, 0
0, 0, 0, 0, 0, 0, 0
0, 0, 0, 0, 0, 0, 0
0, 0, 0, 0, 0, 0, 0
0, 0, 0, 0, 0, 0, 0
0, 0, 0, 0, 0, 0, 0
0, 0, 0, 0, 0, 0, 0
0, 0, 0, 0, 0, 0, 0
0, 0, 0, 0, 0, 0, 0
0, 0, 0, 0, 0, 0, 0
0, 0, 0, 0, 0, 0, 0
0, 0, 0, 0, 0, 0, 0
0, 0, 0, 0, 0, 0, 0
0, 0, 0, 0, 0, 0, 0
0, 0, 0, 0, 0, 0, 0
0, 0, 0, 0, 0, 0, 0
0, 0, 0, 0, 0, 0, 0
0, 0, 0, 0, 0, 0, 0
0, 0, 0, 0, 0, 0, 0
0, 0, 0, 0, 0, 0, 0
0, 0, 0, 0, 0, 0, 0
0, 0, 0, 0, 0, 0, 0
0, 0, 0, 0, 0, 0, 0
0, 0, 0, 0, 0, 0, 0
0, 0, 0, 0, 0, 0, 0
0, 0, 0, 0, 0, 0, 0
0, 0, 0, 0, 0, 0, 0
0, 0, 0, 0, 0, 0, 0
0, 0, 0, 0, 0, 0, 0
0, 0, 0, 0, 0, 0, 0
0, 0, 0, 0, 0, 0, 0
0, 0, 0, 0, 0, 0, 0
0, 0, 0, 0, 0, 0, 0
0, 0, 0, 0, 0, 0, 0
0, 0, 0, 0, 0, 0, 0
0, 0, 0, 0, 0, 0, 0
0, 0, 0, 0, 0, 0, 0
0, 0, 0, 0, 0, 0, 0
0, 0, 0, 0, 0, 0, 0
0, 0, 0, 0, 0, 0, 0
0, 0, 0, 0, 0, 0, 0
0, 0, 0, 0, 0, 0, 0
0, 0, 0, 0, 0, 0, 0
0, 0, 0, 0, 0, 0, 0
0, 0, 0, 0, 0, 0, 0
0, 0, 0, 0, 0, 0, 0
0, 0, 0, 0, 0, 0, 0
0, 0, 0, 0, 0, 0, 0
0, 0, 0, 0, 0, 0, 0
0, 0, 0, 0, 0, 0, 0
0, 0, 0, 0, 0, 0, 0
0, 0, 0, 0, 0, 0, 0
0, 0, 0, 0, 0, 0, 0
0, 0, 0, 0, 0, 0, 0
0, 0, 0, 0, 0, 0, 0
0, 0, 0, 0, 0, 0, 0
0, 0, 0, 0, 0, 0, 0
0, 0, 0, 0, 0, 0, 0
0, 0, 0, 0, 0, 0, 0
0, 0, 0, 0, 0, 0, 0
0, 0, 0, 0, 0, 0, 0
0, 0, 0, 0, 0, 0, 0
0, 0, 0, 0, 0, 0, 0
0, 0, 0, 0, 0, 0, 0
0, 0, 0, 0, 0, 0, 0
0, 0, 0, 0, 0, 0, 0
0, 0, 0, 0, 0, 0, 0
0, 0, 0, 0, 0, 0, 0
0, 0, 0, 0, 0, 0, 0
0, 0, 0, 0, 0, 0, 0
0, 0, 0, 0, 0, 0, 0
0, 0, 0, 0, 0, 0, 0
0, 0, 0, 0, 0, 0, 0
0, 0, 0, 0, 0, 0, 0
0, 0, 0, 0, 0, 0, 0
0, 0, 0, 0, 0, 0, 0
0, 0, 0, 0, 0, 0, 0
0, 0, 0, 0, 0, 0, 0
0, 0, 0, 0, 0, 0, 0
0, 0, 0, 0, 0, 0, 0
0, 0, 0, 0, 0, 0, 0
0, 0, 0, 0, 0, 0, 0
0, 0, 0, 0, 0, 0, 0
0, 0, 0, 0, 0, 0, 0
0, 0, 0, 0, 0, 0, 0
0, 0, 0, 0, 0, 0, 0
0, 0, 0, 0, 0, 0, 0
0, 0, 0, 0, 0, 0, 0
0, 0, 0, 0, 0, 0, 0
0, 0, 0, 0, 0, 0, 0
0, 0, 0, 0, 0, 0, 0
0, 0, 0, 0, 0, 0, 0
0, 0, 0, 0, 0, 0, 0
0, 0, 0, 0, 0, 0, 0
0, 0, 0, 0, 0, 0, 0
0, 0, 0, 0, 0, 0, 0
0, 0, 0, 0, 0, 0, 0
0, 0, 0, 0, 0, 0, 0
0, 0, 0, 0, 0, 0, 0
0, 0, 0, 0, 0, 0, 0
0, 0, 0, 0, 0, 0, 0
0, 0, 0, 0, 0, 0, 0
0, 0, 0, 0, 0, 0, 0
0, 0, 0, 0, 0, 0, 0
0, 0, 0, 0, 0, 0, 0
0, 0, 0, 0, 0, 0, 0
0, 0, 0, 0, 0, 0, 0
0, 0, 0, 0, 0, 0, 0
0, 0, 0, 0, 0, 0, 0
0, 0, 0, 0, 0, 0, 0
0, 0, 0, 0, 0, 0, 0
0, 0, 0, 0, 0, 0, 0
0, 0, 0, 0, 0, 0, 0
0, 0, 0, 0, 0, 0, 0
0, 0, 0, 0, 0, 0, 0
0, 0, 0, 0, 0, 0, 0
0, 0, 0, 0, 0, 0, 0
0, 0, 0, 0, 0, 0, 0
0, 0, 0, 0, 0, 0, 0
0, 0, 0, 0, 0, 0, 0
0, 0, 0, 0, 0, 0, 0
0, 0, 0, 0, 0, 0, 0
0, 0, 0, 0, 0, 0, 0
0, 0, 0, 0, 0, 0, 0
0, 0, 0, 0, 0, 0, 0
0, 0, 0, 0, 0, 0, 0
0, 0, 0, 0, 0, 0, 0
0, 0, 0, 0, 0, 0, 0
0, 0, 0, 0, 0, 0, 0
0, 0, 0, 0, 0, 0, 0
0, 0, 0, 0, 0, 0, 0
0, 0, 0, 0, 0, 0, 0
0, 0, 0, 0, 0, 0, 0
0, 0, 0, 0, 0, 0, 0
0, 0, 0, 0, 0, 0, 0
0, 0, 0, 0, 0, 0, 0
0, 0, 0, 0, 0, 0, 0
0, 0, 0, 0, 0, 0, 0
0, 0, 0, 0, 0, 0, 0
0, 0, 0, 0, 0, 0, 0
0, 0, 0, 0, 0, 0, 0
0, 0, 0, 0, 0, 0, 0
0, 0, 0, 0, 0, 0, 0
0, 0, 0, 0, 0, 0, 0
0, 0, 0, 0, 0, 0, 0
0, 0, 0, 0, 0, 0, 0
0, 0, 0, 0, 0, 0, 0
0, 0, 0, 0, 0, 0, 0
0, 0, 0, 0, 0, 0, 0
0, 0, 0, 0, 0, 0, 0
0, 0, 0, 0, 0, 0, 0
0, 0, 0, 0, 0, 0, 0
0, 0, 0, 0, 0, 0, 0
0, 0, 0, 0, 0, 0, 0
0, 0, 0, 0, 0, 0, 0
0, 0, 0, 0, 0, 0, 0
0, 0, 0, 0, 0, 0, 0
0, 0, 0, 0, 0, 0, 0
0, 0, 0, 0, 0, 0, 0
0, 0, 0, 0, 0, 0, 0
0, 0, 0, 0, 0, 0, 0
0, 0, 0, 0, 0, 0, 0
0, 0, 0, 0, 0, 0, 0
0, 0, 0, 0, 0, 0, 0
0, 0, 0, 0, 0, 0, 0
0, 0, 0, 0, 0, 0, 0
0, 0, 0, 0, 0, 0, 0
0, 0, 0, 0, 0, 0, 0
0, 0, 0, 0, 0, 0, 0
0, 0, 0, 0, 0, 0, 0
0, 0, 0, 0, 0, 0, 0
0, 0, 0, 0, 0, 0, 0
0, 0, 0, 0, 0, 0, 0
0, 0, 0, 0, 0, 0, 0
0, 0, 0, 0, 0, 0, 0
0, 0, 0, 0, 0, 0, 0
0, 0, 0, 0, 0, 0, 0
0, 0, 0, 0, 0, 0, 0
0, 0, 0, 0, 0, 0, 0
0, 0, 0, 0, 0, 0, 0
0, 0, 0, 0, 0, 0, 0
0, 0, 0, 0, 0, 0, 0
0, 0, 0, 0, 0, 0, 0
0, 0, 0, 0, 0, 0, 0
0, 0, 0, 0, 0, 0, 0
0, 0, 0, 0, 0, 0, 0
0, 0, 0, 0, 0, 0, 0
0, 0, 0, 0, 0, 0, 0
0, 0, 0, 0, 0, 0, 0
0, 0, 0, 0, 0, 0, 0
0, 0, 0, 0, 0, 0, 0
0, 0, 0, 0, 0, 0, 0
0, 0, 0, 0, 0, 0, 0
0, 0, 0, 0, 0, 0, 0
0, 0, 0, 0, 0, 0, 0
0, 0, 0, 0, 0, 0, 0
0, 0, 0, 0, 0, 0, 0
0, 0, 0, 0, 0, 0, 0
0, 0, 0, 0, 0, 0, 0
0, 0, 0, 0, 0, 0, 0
0, 0, 0, 0, 0, 0, 0
0, 0, 0, 0, 0, 0, 0
0, 0, 0, 0, 0, 0, 0
0, 0, 0, 0, 0, 0, 0
0, 0, 0, 0, 0, 0, 0
0, 0, 0, 0, 0, 0, 0
0, 0, 0, 0, 0, 0, 0
0, 0, 0, 0, 0, 0, 0
0, 0, 0, 0, 0, 0, 0
0, 0, 0, 0, 0, 0, 0
0, 0, 0, 0, 0, 0, 0
0, 0, 0, 0, 0, 0, 0
0, 0, 0, 0, 0, 0, 0
0, 0, 0, 0, 0, 0, 0
0, 0, 0, 0, 0, 0, 0
0, 0, 0, 0, 0, 0, 0
0, 0, 0, 0, 0, 0, 0
0, 0, 0, 0, 0, 0, 0
0, 0, 0, 0, 0, 0, 0
0, 0, 0, 0, 0, 0, 0
0, 0, 0, 0, 0, 0, 0
0, 0, 0, 0, 0, 0, 0
0, 0, 0, 0, 0, 0, 0
0, 0, 0, 0, 0, 0, 0
0, 0, 0, 0, 0, 0, 0
0, 0, 0, 0, 0, 0, 0
0, 0, 0, 0, 0, 0, 0
0, 0, 0, 0, 0, 0, 0
0, 0, 0, 0, 0, 0, 0
0, 0, 0, 0, 0, 0, 0
0, 0, 0, 0, 0, 0, 0
0, 0, 0, 0, 0, 0, 0
0, 0, 0, 0, 0, 0, 0
0, 0, 0, 0, 0, 0, 0
0, 0, 0, 0, 0, 0, 0
0, 0, 0, 0, 0, 0, 0
0, 0, 0, 0, 0, 0, 0
0, 0, 0, 0, 0, 0, 0
0, 0, 0, 0, 0, 0, 0
0, 0, 0, 0, 0, 0, 0
0, 0, 0, 0, 0, 0, 0
0, 0, 0, 0, 0, 0, 0
0, 0, 0, 0, 0, 0, 0
0, 0, 0, 0, 0, 0, 0
0, 0, 0, 0, 0, 0, 0
0, 0, 0, 0, 0, 0, 0
0, 0, 0, 0, 0, 0, 0
0, 0, 0, 0, 0, 0, 0
0, 0, 0, 0, 0, 0, 0
0, 0, 0, 0, 0, 0, 0
0, 0, 0, 0, 0, 0, 0
0, 0, 0, 0, 0, 0, 0
0, 0, 0, 0, 0, 0, 0
0, 0, 0, 0, 0, 0, 0
0, 0, 0, 0, 0, 0, 0
0, 0, 0, 0, 0, 0, 0
0, 0, 0, 0, 0, 0, 0
0, 0, 0, 0, 0, 0, 0
0, 0, 0, 0, 0, 0, 0
0, 0, 0, 0, 0, 0, 0
0, 0, 0, 0, 0, 0, 0
0, 0, 0, 0, 0, 0, 0
0, 0, 0, 0, 0, 0, 0
0, 0, 0, 0, 0, 0, 0
0, 0, 0, 0, 0, 0, 0
0, 0, 0, 0, 0, 0, 0
0, 0, 0, 0, 0, 0, 0
0, 0, 0, 0, 0, 0, 0
0, 0, 0, 0, 0, 0, 0
0, 0, 0, 0, 0, 0, 0
0, 0, 0, 0, 0, 0, 0
0, 0, 0, 0, 0, 0, 0
0, 0, 0, 0, 0, 0, 0
0, 0, 0, 0, 0, 0, 0
0, 0, 0, 0, 0, 0, 0
0, 0, 0, 0, 0, 0, 0
0, 0, 0, 0, 0, 0, 0
0, 0, 0, 0, 0, 0, 0
0, 0, 0, 0, 0, 0, 0
0, 0, 0, 0, 0, 0, 0
0, 0, 0, 0, 0, 0, 0
0, 0, 0, 0, 0, 0, 0
0, 0, 0, 0, 0, 0, 0
0, 0, 0, 0, 0, 0, 0
0, 0, 0, 0, 0, 0, 0
0, 0, 0, 0, 0, 0, 0
0, 0, 0, 0, 0, 0, 0
0, 0, 0, 0, 0, 0, 0
0, 0, 0, 0, 0, 0, 0
0, 0, 0, 0, 0, 0, 0
0, 0, 0, 0, 0, 0, 0
0, 0, 0, 0, 0, 0, 0
0, 0, 0, 0, 0, 0, 0
0, 0, 0, 0, 0, 0, 0
0, 0, 0, 0, 0, 0, 0
0, 0, 0, 0, 0, 0, 0
0, 0, 0, 0, 0, 0, 0
0, 0, 0, 0, 0, 0, 0
0, 0, 0, 0, 0, 0, 0
0, 0, 0, 0, 0, 0, 0
0, 0, 0, 0, 0, 0, 0
0, 0, 0, 0, 0, 0, 0
0, 0, 0, 0, 0, 0, 0
0, 0, 0, 0, 0, 0, 0
0, 0, 0, 0, 0, 0, 0
0, 0, 0, 0, 0, 0, 0
0, 0, 0, 0, 0, 0, 0
0, 0, 0, 0, 0, 0, 0
0, 0, 0, 0, 0, 0, 0
0, 0, 0, 0, 0, 0, 0
0, 0, 0, 0, 0, 0, 0
0, 0, 0, 0, 0, 0, 0
0, 0, 0, 0, 0, 0, 0
0, 0, 0, 0, 0, 0, 0
0, 0, 0, 0, 0, 0, 0
0, 0, 0, 0, 0, 0, 0
0, 0, 0, 0, 0, 0, 0
0, 0, 0, 0, 0, 0, 0
0, 0, 0, 0, 0, 0, 0
0, 0, 0, 0, 0, 0, 0
0, 0, 0, 0, 0, 0, 0
0, 0, 0, 0, 0, 0, 0
0, 0, 0, 0, 0, 0, 0
0, 0, 0, 0, 0, 0, 0
0, 0, 0, 0, 0, 0, 0
0, 0, 0, 0, 0, 0, 0
0, 0, 0, 0, 0, 0, 0
0, 0, 0, 0, 0, 0, 0
0, 0, 0, 0, 0, 0, 0
0, 0, 0, 0, 0, 0, 0
0, 0, 0, 0, 0, 0, 0
0, 0, 0, 0, 0, 0, 0
0, 0, 0, 0, 0, 0, 0
0, 0, 0, 0, 0, 0, 0
0, 0, 0, 0, 0, 0, 0
0, 0, 0, 0, 0, 0, 0
0, 0, 0, 0, 0, 0, 0
0, 0, 0, 0, 0, 0, 0
0, 0, 0, 0, 0, 0, 0
0, 0, 0, 0, 0, 0, 0
0, 0, 0, 0, 0, 0, 0
0, 0, 0, 0, 0, 0, 0
0, 0, 0, 0, 0, 0, 0
0, 0, 0, 0, 0, 0, 0
0, 0, 0, 0, 0, 0, 0
0, 0, 0, 0, 0, 0, 0
0, 0, 0, 0, 0, 0, 0
0, 0, 0, 0, 0, 0, 0
0, 0, 0, 0, 0, 0, 0
0, 0, 0, 0, 0, 0, 0
0, 0, 0, 0, 0, 0, 0
0, 0, 0, 0, 0, 0, 0
0, 0, 0, 0, 0, 0, 0
0, 0, 0, 0, 0, 0, 0
0, 0, 0, 0, 0, 0, 0
0, 0, 0, 0, 0, 0, 0
0, 0, 0, 0, 0, 0, 0
0, 0, 0, 0, 0, 0, 0
0, 0, 0, 0, 0, 0, 0
0, 0, 0, 0, 0, 0, 0
0, 0, 0, 0, 0, 0, 0
0, 0, 0, 0, 0, 0, 0
0, 0, 0, 0, 0, 0, 0
0, 0, 0, 0, 0, 0, 0
0, 0, 0, 0, 0, 0, 0
0, 0, 0, 0, 0, 0, 0
0, 0, 0, 0, 0, 0, 0
0, 0, 0, 0, 0, 0, 0
0, 0, 0, 0, 0, 0, 0
0, 0, 0, 0, 0, 0, 0
0, 0, 0, 0, 0, 0, 0
0, 0, 0, 0, 0, 0, 0
0, 0, 0, 0, 0, 0, 0
0, 0, 0, 0, 0, 0, 0
0, 0, 0, 0, 0, 0, 0
0, 0, 0, 0, 0, 0, 0
0, 0, 0, 0, 0, 0, 0
0, 0, 0, 0, 0, 0, 0
0, 0, 0, 0, 0, 0, 0
0, 0, 0, 0, 0, 0, 0
0, 0, 0, 0, 0, 0, 0
0, 0, 0, 0, 0, 0, 0
0, 0, 0, 0, 0, 0, 0
0, 0, 0, 0, 0, 0, 0
0, 0, 0, 0, 0, 0, 0
0, 0, 0, 0, 0, 0, 0
0, 0, 0, 0, 0, 0, 0
0, 0, 0, 0, 0, 0, 0
0, 0, 0, 0, 0, 0, 0
0, 0, 0, 0, 0, 0, 0
0, 0, 0, 0, 0, 0, 0
0, 0, 0, 0, 0, 0, 0
0, 0, 0, 0, 0, 0, 0
0, 0, 0, 0, 0, 0, 0
0, 0, 0, 0, 0, 0, 0
0, 0, 0, 0, 0, 0, 0
0, 0, 0, 0, 0, 0, 0
0, 0, 0, 0, 0, 0, 0
0, 0, 0, 0, 0, 0, 0
0, 0, 0, 0, 0, 0, 0
0, 0, 0, 0, 0, 0, 0
0, 0, 0, 0, 0, 0, 0
0, 0, 0, 0, 0, 0, 0
0, 0, 0, 0, 0, 0, 0
0, 0, 0, 0, 0, 0, 0
0, 0, 0, 0, 0, 0, 0
0, 0, 0, 0, 0, 0, 0
0, 0, 0, 0, 0, 0, 0
0, 0, 0, 0, 0, 0, 0
0, 0, 0, 0, 0, 0, 0
0, 0, 0, 0, 0, 0, 0
0, 0, 0, 0, 0, 0, 0
0, 0, 0, 0, 0, 0, 0
0, 0, 0, 0, 0, 0, 0
0, 0, 0, 0, 0, 0, 0
0, 0, 0, 0, 0, 0, 0
0, 0, 0, 0, 0, 0, 0
0, 0, 0, 0, 0, 0, 0
0, 0, 0, 0, 0, 0, 0
0, 0, 0, 0, 0, 0, 0
0, 0, 0, 0, 0, 0, 0
0, 0, 0, 0, 0, 0, 0
0, 0, 0, 0, 0, 0, 0
0, 0, 0, 0, 0, 0, 0
0, 0, 0, 0, 0, 0, 0
0, 0, 0, 0, 0, 0, 0
0, 0, 0, 0, 0, 0, 0
0, 0, 0, 0, 0, 0, 0
0, 0, 0, 0, 0, 0, 0
0, 0, 0, 0, 0, 0, 0
0, 0, 0, 0, 0, 0, 0
0, 0, 0, 0, 0, 0, 0
0, 0, 0, 0, 0, 0, 0
0, 0, 0, 0, 0, 0, 0
0, 0, 0, 0, 0, 0, 0
0, 0, 0, 0, 0, 0, 0
0, 0, 0, 0, 0, 0, 0
0, 0, 0, 0, 0, 0, 0
0, 0, 0, 0, 0, 0, 0
0, 0, 0, 0, 0, 0, 0
0, 0, 0, 0, 0, 0, 0
0, 0, 0, 0, 0, 0, 0
0, 0, 0, 0, 0, 0, 0
0, 0, 0, 0, 0, 0, 0
0, 0, 0, 0, 0, 0, 0
0, 0, 0, 0, 0, 0, 0
0, 0, 0, 0, 0, 0, 0
0, 0, 0, 0, 0, 0, 0
0, 0, 0, 0, 0, 0, 0
0, 0, 0, 0, 0, 0, 0
0, 0, 0, 0, 0, 0, 0
0, 0, 0, 0, 0, 0, 0
0, 0, 0, 0, 0, 0, 0
0, 0, 0, 0, 0, 0, 0
0, 0, 0, 0, 0, 0, 0
0, 0, 0, 0, 0, 0, 0
0, 0, 0, 0, 0, 0, 0
0, 0, 0, 0, 0, 0, 0
0, 0, 0, 0, 0, 0, 0
0, 0, 0, 0, 0, 0, 0
0, 0, 0, 0, 0, 0, 0
0, 0, 0, 0, 0, 0, 0
0, 0, 0, 0, 0, 0, 0
0, 0, 0, 0, 0, 0, 0
0, 0, 0, 0, 0, 0, 0
0, 0, 0, 0, 0, 0, 0
0, 0, 0, 0, 0, 0, 0
0, 0, 0, 0, 0, 0, 0
0, 0, 0, 0, 0, 0, 0
0, 0, 0, 0, 0, 0, 0
0, 0, 0, 0, 0, 0, 0
0, 0, 0, 0, 0, 0, 0
0, 0, 0, 0, 0, 0, 0
0, 0, 0, 0, 0, 0, 0
0, 0, 0, 0, 0, 0, 0
0, 0, 0, 0, 0, 0, 0
0, 0, 0, 0, 0, 0, 0
0, 0, 0, 0, 0, 0, 0
0, 0, 0, 0, 0, 0, 0
0, 0, 0, 0, 0, 0, 0
0, 0, 0, 0, 0, 0, 0
0, 0, 0, 0, 0, 0, 0
0, 0, 0, 0, 0, 0, 0
0, 0, 0, 0, 0, 0, 0
0, 0, 0, 0, 0, 0, 0
0, 0, 0, 0, 0, 0, 0
0, 0, 0, 0, 0, 0, 0
0, 0, 0, 0, 0, 0, 0
0, 0, 0, 0, 0, 0, 0
0, 0, 0, 0, 0, 0, 0
0, 0, 0, 0, 0, 0, 0
0, 0, 0, 0, 0, 0, 0
0, 0, 0, 0, 0, 0, 0
0, 0, 0, 0, 0, 0, 0
0, 0, 0, 0, 0, 0, 0
0, 0, 0, 0, 0, 0, 0
0, 0, 0, 0, 0, 0, 0
0, 0, 0, 0, 0, 0, 0
0, 0, 0, 0, 0, 0, 0
0, 0, 0, 0, 0, 0, 0
8.8854055, 9.048033, 9.25331525, 9.517206, 9.77604425, 11.164284449999998, 19.502914
8.885138249999999, 9.039342999999999, 9.235475000000001, 9.484082899999999, 9.765848349999999, 16.11107052, 24.370709
8.877885, 9.020782, 9.21183125, 9.4924157, 9.806857, 11.11979999, 36.893046
8.87797675, 9.034765499999999, 9.23156775, 9.4924795, 9.76473685, 14.005562269999995, 22.552578
8.89055, 9.041241, 9.237010999999999, 9.517638, 9.80857945, 14.453675669999997, 52.853195
8.87851025, 9.0459215, 9.26416525, 9.5378198, 9.802665750000001, 14.394631239999997, 52.853195
8.8968655, 9.037084, 9.24578725, 9.498878699999999, 9.77404285, 14.195412589999998, 52.853195
8.88976175, 9.038134, 9.232466500000001, 9.5078574, 9.74440445, 16.265505669999996, 36.893046
8.8924415, 9.039467, 9.240168, 9.5251311, 9.866495, 14.105136, 52.853195
8.8900605, 9.052508, 9.262467000000001, 9.529415100000001, 9.80696865, 16.21605821, 20.217992
8.890347499999999, 9.053106499999998, 9.242944, 9.485325, 9.6917402, 15.722323, 36.893046
8.88687425, 9.0507145, 9.252056249999999, 9.520712400000003, 9.826277450000001, 16.722674959999996, 52.853195
8.8826245, 9.0452565, 9.2388045, 9.49418, 9.8086224, 16.062153829999996, 21.371576
8.85383075, 8.9947985, 9.186992499999999, 9.449913, 10.013892, 11.896706339999996, 35.734803
8.86347625, 9.0034055, 9.17381075, 9.4402446, 9.884818549999999, 12.223238, 35.734803
8.8681065, 9.004057, 9.179315, 9.449913, 9.91334975, 11.970582469999993, 35.734803
8.859925, 8.991756500000001, 9.18458175, 9.4614292, 10.004487899999999, 11.815835809999994, 37.448702
8.864727, 9.002106000000001, 9.174627000000001, 9.439456999999999, 10.0134759, 12.071412479999976, 37.448702
8.8694985, 9.0056885, 9.17893175, 9.4695171, 10.077705899999994, 12.312602529999992, 35.734803
8.871097, 9.014092999999999, 9.18182525, 9.467466, 9.9924313, 12.049736539999959, 37.448702
8.866418, 9.000454, 9.18719875, 9.4994052, 10.0822756, 11.96149513999999, 37.448702
8.8681065, 8.997204, 9.170368999999999, 9.4359159, 9.941251699999997, 11.95858713, 35.734803
8.85968325, 8.997067, 9.16826075, 9.4342302, 9.994589549999997, 12.047984, 35.487972
8.86415575, 9.007340500000002, 9.1857855, 9.4499572, 9.9045498, 11.970524529999995, 35.330604
8.869755, 9.009424, 9.183177, 9.450109, 9.92712555, 11.74916128, 35.734803
8.869183, 9.003826499999999, 9.1882965, 9.471606, 10.089091, 12.223419109999975, 35.330604
8.861894, 8.996131, 9.17178, 9.437054199999999, 9.9518057, 11.932546299999998, 24.923449
8.862987, 8.996192, 9.168669, 9.423304, 9.8747654, 11.93389275999997, 35.734803
8.8610705, 8.999001, 9.180171, 9.423044, 9.930362449999995, 12.07458155999995, 35.734803
8.86660025, 9.00143, 9.187261, 9.430559, 9.961654, 12.054631639999997, 37.448702
8.8694985, 9.0053975, 9.17625, 9.4150904, 9.85944285, 11.89486393, 29.227148
8.86068625, 9.0037295, 9.18142875, 9.4463238, 9.9923587, 12.170292939999987, 37.448702
8.870082, 9.001153500000001, 9.16678675, 9.4122283, 9.80716165, 11.913264409999998, 35.330604
8.86126, 9.00173, 9.17894875, 9.4545219, 9.929421249999999, 11.839963979999986, 35.330604
8.865184249999999, 9.0037455, 9.178972, 9.466553, 9.997939, 11.780279449999993, 29.227148
8.863889, 9.002862, 9.176884, 9.4591847, 10.077196749999997, 11.913367709999996, 37.448702
8.863937, 9.003514500000001, 9.1887645, 9.4582946, 9.97255, 12.048048669999998, 37.448702
8.862331000000001, 9.003132, 9.169742, 9.443538799999999, 9.860484399999997, 11.89655337, 35.487972
8.86075, 9.003879999999999, 9.1815945, 9.436020099999999, 9.980987, 12.05613886999996, 35.734803
8.85888225, 8.991084, 9.17960725, 9.4505068, 9.85942655, 12.222369769999998, 37.448702
8.791836, 9.061404499999998, 10.213862, 11.716342, 12.5296585, 14.8228456, 26.889073
8.783667, 9.050433, 10.227343249999999, 11.6222414, 12.453197250000006, 14.747010640000003, 26.889073
8.7831985, 9.054412, 10.2185395, 11.589791200000002, 12.436106, 14.783024, 26.889073
8.777694499999999, 9.055901, 10.209485, 11.6006854, 12.398149150000002, 14.815255450000002, 26.889073
8.790401750000001, 9.053294999999999, 10.251733999999999, 11.6407854, 12.385275, 14.83195652000001, 19.393533
8.784614, 9.039705999999999, 10.165228749999999, 11.622811900000002, 12.320212099999999, 14.932686830000002, 19.563106
8.77548775, 9.039064499999999, 10.127789750000002, 11.5844836, 12.319059150000001, 14.874488950000018, 26.889073
8.63657925, 9.109119, 10.804587, 12.430775, 13.975135899999987, 17.437039210000005, 38.813544
8.6431035, 9.1448565, 10.809144, 12.444584900000002, 13.964287549999996, 17.78608, 38.813544
8.646338, 9.136702, 10.788428, 12.361468600000002, 14.062613, 17.699605, 34.462112
8.641383000000001, 9.08719, 10.781199, 12.333755200000002, 13.974773949999992, 17.44314, 38.813544
9.12360075, 11.2644495, 13.9956665, 17.291438, 19.797086, 25.33463687000001, 39.815707
9.11579025, 11.2620795, 14.139319749999999, 17.38041, 19.742944849999997, 25.172031160000003, 44.22794
9.133458749999999, 11.307845, 14.083382, 17.476674, 19.745184, 25.872138, 44.22794
9.125335, 11.1964775, 14.10802825, 17.434288, 20.051031499999997, 26.226208, 44.22794
9.090943, 11.16004, 13.996733500000001, 17.31861, 19.611595749999992, 25.617047350000014, 44.22794
9.115609, 11.217877, 14.099832249999999, 17.512314, 20.019651849999995, 25.87364843000003, 44.22794
9.08487775, 11.136955, 14.073719749999999, 17.4126204, 19.679914349999994, 25.677274, 39.815707
9.115582499999999, 11.181635, 14.1235, 17.4483959, 20.072426, 26.227057190000018, 44.22794
9.084681999999999, 11.1969435, 13.983948250000001, 17.4672202, 19.819811, 25.908130130000025, 44.22794
9.1064305, 11.2149055, 14.02487925, 17.286815, 19.75842, 25.872138, 40.625286
9.114235, 11.184095500000002, 13.97253225, 17.2851811, 19.839353099999972, 25.200547200000027, 44.22794
9.125335, 11.168989, 13.9572195, 17.3253798, 19.67644494999999, 25.792145010000016, 39.815707
9.08725025, 11.15755, 13.88684, 17.268371600000002, 19.548184, 24.930029860000012, 40.625286
9.07945125, 11.256453, 14.1922655, 17.5805745, 19.879291099999985, 25.56975163000001, 44.22794
9.131306, 11.275044000000001, 14.014375, 17.305666000000002, 19.742827, 25.200547200000027, 44.22794
9.078642499999999, 11.167816, 14.016657, 17.3757795, 19.673247, 25.617047350000014, 40.625286
9.123831, 11.242978, 14.09442, 17.440367, 19.781006, 25.172031160000003, 44.22794
9.112501, 11.206194, 14.09143175, 17.352004, 19.975911049999986, 25.46558043000002, 40.625286
9.136047249999999, 11.211657, 14.004313, 17.364599, 20.054081, 25.33463687000001, 44.22794
9.114235, 11.211657, 14.07293, 17.4391502, 19.917179149999992, 25.786771, 44.22794
9.118646, 11.2213, 14.0505775, 17.400589, 19.89284954999999, 25.56975163000001, 40.625286
9.11019, 11.2281035, 14.10802825, 17.717516000000003, 20.132466, 26.22855407000005, 44.22794
9.1289955, 11.269329500000001, 14.104670500000001, 17.4411677, 20.008500099999992, 25.907049, 44.22794
9.14679125, 11.302275999999999, 14.1411, 17.682270000000003, 20.25679075, 26.559776730000006, 40.625286
9.093036999999999, 11.251128, 14.104582, 17.3166156, 19.653882, 25.616439, 44.22794
9.120837, 11.258266, 14.17590275, 17.523522500000006, 19.9112804, 25.10130853000002, 44.22794
9.084905749999999, 11.214799, 13.9603715, 17.297558, 19.65389835, 24.920627, 44.22794
9.13150625, 11.2144225, 13.96015375, 17.3189577, 19.863045149999994, 26.226208, 44.22794
9.114504, 11.186618500000002, 14.078547749999998, 17.299052, 19.651339, 25.259222, 44.22794
9.102697, 11.2268785, 13.9956665, 17.2764911, 19.797917, 25.259970960000018, 40.625286
10.25953225, 12.9317205, 16.80325125, 21.292407700000002, 24.081938, 30.04174, 40.498626
10.168144, 12.8160195, 16.747957, 21.291743, 24.049842999999985, 30.299877, 40.498626
10.185136, 12.852266, 16.648326, 21.006601, 23.914384, 29.749014, 43.791491
10.2414865, 12.923857, 16.769224, 21.196599, 23.810351, 30.001338250000046, 43.791491
8.7851325, 9.054412, 10.233688, 11.672414, 12.476371, 14.953882, 112.80121254636853
8.78417975, 9.057744, 10.2459785, 11.6711205, 12.50278965, 14.995983, 26.889073
8.786584, 9.064592, 10.24796125, 11.671818, 12.472115, 15.027702, 26.889073
8.789227, 9.053267, 10.210548, 11.6286736, 12.343002, 14.932628, 26.889073
8.786566749999999, 9.053603, 10.220617, 11.645967, 12.3959, 14.746909, 19.563106
8.77942475, 9.046099, 10.196923, 11.605148, 12.38164945, 14.873687, 26.889073
10.974838, 14.111793, 18.57501375, 23.342900200000035, 26.659788899999924, 33.64816844999997, 98.59221464413721
11.094269, 14.24854, 18.700495, 23.638282, 26.616767, 33.649515, 56.221419
11.112456, 14.316381, 18.726701, 23.491487, 26.570887, 33.577487170000005, 56.221419
11.103868, 14.310655, 18.81652, 23.641244, 26.57517, 33.64992453000001, 56.221419
11.021293, 14.2209985, 18.726701, 23.620479, 26.692177, 33.131433, 56.221419
11.03109, 14.268051, 18.673776750000002, 23.545102900000003, 26.667381, 33.92024883000008, 56.221419
8.728526, 9.076691, 10.501092, 12.023483, 13.170915249999998, 16.615468230000012, 101.39394031237339
8.818851, 9.024374, 9.556265, 11.198296600000003, 12.048261, 14.408756, 116.72885942053743
8.865974, 9.003852, 9.178934, 9.455824, 9.970956, 11.999339, 112.03061548925967
8.866547, 9.00341, 9.1768895, 9.443095, 9.970956, 11.993545, 37.448702
8.865751, 9.003299, 9.178934, 9.445208, 9.932986, 12.003089, 37.448702
8.87112875, 9.012261, 9.192699, 9.4715736, 9.87239, 12.047984, 52.853195
8.843404, 9.011575, 9.273134, 10.4123976, 11.526434, 13.418637859999986, 100.51025656928005
8.843200750000001, 9.010444, 9.268218, 10.384246799999998, 11.436912, 13.314209690000027, 37.448702
8.84608, 9.014113, 9.27354, 10.368355, 11.489505199999984, 13.269343360000015, 37.448702
8.844667, 9.014931, 9.28229, 10.422509, 11.523187, 13.341936520000024, 37.448702
8.845775, 9.010558, 9.274469499999999, 10.434017, 11.522469, 13.314542, 37.448702
8.846128, 9.014050000000001, 9.279349, 10.417645299999998, 11.519555, 13.42742, 37.448702
8.841915, 9.010952, 9.277236, 10.4290927, 11.48313949999998, 13.327841, 37.448702
8.845891, 9.010693, 9.270867, 10.434318, 11.510846599999999, 13.26841145, 37.448702
8.867202, 9.003639, 9.179753, 9.455824, 9.952919, 11.961075, 37.448702
8.865594, 9.002301, 9.17384, 9.444963, 9.95293145, 11.970292, 37.448702
8.86845275, 9.00448, 9.182778, 9.465519, 10.004442, 12.003089, 37.448702
8.86393275, 9.002467, 9.173861, 9.4380076, 9.913345, 11.913174, 37.448702
8.865466, 9.003607, 9.187482, 9.451873, 9.969382, 11.993545, 37.448702
8.865049, 9.002208, 9.178158, 9.44659, 9.951734, 11.897877, 37.448702
8.866416, 9.001533, 9.1738355, 9.43695, 9.940905, 12.047984, 37.448702
8.86591825, 9.002763, 9.176906, 9.445208, 9.956152, 12.054451, 37.448702
8.869612, 9.007269, 9.189454, 9.462205, 10.013722, 12.054451, 37.448702
8.864104, 9.001645, 9.179315, 9.445592, 9.974078599999995, 11.970292, 37.448702
8.865205, 9.000636, 9.17524, 9.445925, 9.97255, 11.932545, 37.448702
8.868245, 9.003106, 9.17529125, 9.4567853, 9.951734, 11.938615, 37.448702
8.844628, 9.011227, 9.271241, 10.367808, 11.455277, 13.30466502000002, 37.448702
8.846993, 9.013523, 9.270579, 10.415479, 11.52569425, 13.412486, 37.448702
8.844616, 9.011575, 9.277248, 10.402380599999999, 11.52569425, 13.333336420000002, 37.448702
8.86658, 9.004535, 9.178158, 9.445925, 9.980987, 11.938615, 37.448702
8.870076, 9.014, 9.19898775, 9.461483, 9.81312885, 11.993545, 52.853195
8.831373, 9.0155545, 9.37284, 10.843474599999999, 11.784640250000002, 13.980222, 121.54652585780659
8.790105, 9.050419, 10.217937, 11.643211, 12.472246899999998, 14.932628, 19.563106
8.785803, 9.0480465, 10.2179475, 11.646801, 12.436289599999999, 14.783205929999971, 19.563106
8.78544825, 9.058963, 10.240888, 11.6286736, 12.424741, 14.815179, 26.889073
8.78387225, 9.045481, 10.18473825, 11.613494, 12.420386, 14.901789, 26.889073
8.78473325, 9.050492, 10.253739, 11.668574100000003, 12.457105, 14.953882, 26.889073
8.78849425, 9.053068, 10.21556475, 11.640647, 12.426091, 14.831535, 26.889073
8.78854875, 9.053603, 10.214038, 11.642031, 12.465433, 14.953882, 26.889073
8.786741, 9.061725, 10.225062, 11.679005600000002, 12.472115, 14.96492, 26.889073
8.784101, 9.06636, 10.278019, 11.663426, 12.472246899999998, 14.932686829999989, 26.889073
8.784007, 9.053068, 10.261095, 11.649813900000002, 12.471264, 14.902097389999952, 26.889073
8.78462075, 9.0494175, 10.224222, 11.642031, 12.454557, 14.938511, 26.889073
8.7835005, 9.048185, 10.218304, 11.662098, 12.490799999999998, 14.996234439999961, 26.889073
8.786741, 9.0497585, 10.20749, 11.617003, 12.436289599999999, 14.932628, 26.889073
8.786363999999999, 9.0540965, 10.220908, 11.662042, 12.462855, 14.96492, 26.889073
8.783395, 9.051623, 10.210548, 11.6326631, 12.444687899999995, 14.901789, 26.889073
8.789424, 9.0540965, 10.21853, 11.642031, 12.388296, 14.94417, 26.889073
8.78982725, 9.051, 10.199499, 11.638363300000002, 12.449738, 14.815255449999988, 26.889073
8.789424, 9.060868, 10.229351, 11.643486600000006, 12.439778, 14.901789, 26.889073
8.786413, 9.044077, 10.202244, 11.647640100000004, 12.421048, 14.953882, 26.889073
8.786413, 9.064592, 10.22052, 11.654542, 12.440311, 14.822824, 26.889073
8.784155, 9.049597, 10.246592, 11.6634417, 12.472115, 14.902097389999952, 26.889073
8.7918555, 9.056102, 10.220908, 11.655011400000006, 12.440311, 14.873687, 19.563106
8.785038, 9.048317, 10.209485, 11.6475, 12.474753, 14.932628, 26.889073
8.783448, 9.043728, 10.210548, 11.617003, 12.388296, 14.96492, 26.889073
8.789546, 9.066585, 10.2459785, 11.650524, 12.44381295, 14.902097389999952, 26.889073
8.783877, 9.0513455, 10.21853, 11.617066, 12.420386, 14.815179, 26.889073
8.780345, 9.050398, 10.2155, 11.632023, 12.496500499999996, 14.996234439999961, 19.563106
8.784188, 9.049575, 10.21806025, 11.649735, 12.423094, 14.746909, 26.889073
8.787855, 9.061725, 10.220617, 11.623755, 12.397729549999994, 14.803997, 26.889073
8.78464, 9.05135, 10.200565, 11.662602, 12.413306599999995, 14.822845599999997, 26.889073
8.789632, 9.066102, 10.246912, 11.662042, 12.465433, 14.803997, 26.889073
8.726526, 9.075604, 10.522811, 12.033137, 13.209042, 16.576725, 38.813544
8.727994, 9.072693999999998, 10.515562, 12.009034300000001, 13.112126, 16.5764478, 34.462112
8.72684225, 9.0655015, 10.493362, 11.974855, 13.137592, 16.62074429999996, 38.404747
8.72400725, 9.057212, 10.487328, 11.9712142, 13.104661949999997, 16.384364, 34.408771
8.7321, 9.088059, 10.515956, 12.010073700000003, 13.127204599999995, 16.498811, 38.813544
8.730445, 9.079984, 10.522567, 11.974855, 13.122542099999999, 16.442499, 38.813544
8.726211, 9.070638, 10.52182675, 11.986512, 13.176227, 16.604807, 38.813544
8.725728, 9.0659065, 10.511915, 12.007947, 13.17626575, 16.39379692, 38.813544
8.790905, 9.062767, 10.23445225, 11.649735, 12.476494899999999, 14.757073, 19.563106
8.784391750000001, 9.053144, 10.217979, 11.662684400000002, 12.523508, 15.027702, 26.889073
8.785038, 9.042482, 10.209485, 11.623755, 12.385381, 14.801217, 26.889073
8.784411, 9.063969, 10.22052, 11.634025900000006, 12.443785, 14.932628, 26.889073
8.785754, 9.05135, 10.217979, 11.622074, 12.440311, 14.938511, 26.889073
8.785179750000001, 9.056102, 10.21853, 11.659932, 12.469916699999999, 14.944267119999985, 26.889073
8.786481250000001, 9.051623, 10.2292355, 11.636392, 12.436289599999999, 14.824984, 26.889073
8.790905, 9.055830499999999, 10.223651, 11.619468, 12.368273, 14.938511, 26.889073
8.781669, 9.050492, 10.213906000000001, 11.633203200000002, 12.462855, 14.822824, 26.889073
8.785696000000002, 9.053049, 10.199632, 11.629453, 12.449738, 14.822824, 26.889073
8.787709, 9.059646, 10.20963775, 11.633141, 12.440512649999997, 14.953882, 26.889073
8.783518, 9.048128, 10.21712925, 11.648925900000002, 12.474753, 14.96492, 26.889073
8.785802, 9.05001, 10.205903750000001, 11.633763, 12.47130655, 15.239759, 26.889073
8.783182, 9.050492, 10.217937, 11.675784, 12.518624, 15.027702, 26.889073
8.724833, 9.073135, 10.499997, 12.018939600000001, 13.156208, 16.394276099999924, 38.813544
8.730037, 9.093725, 10.5285905, 12.0407452, 13.162858, 16.604807, 38.813544
8.724558, 9.081591, 10.533951, 12.073652800000001, 13.185148, 16.605728, 38.813544
8.729715, 9.078375, 10.530125, 11.959306, 13.052854, 16.299224, 38.813544
8.724899, 9.061117, 10.486332749999999, 12.001404, 13.219887850000001, 16.80240376999997, 38.813544
8.7266865, 9.073015999999999, 10.542316, 12.033137, 13.159834299999998, 16.61575631, 38.404747
8.732740249999999, 9.0824275, 10.550833749999999, 12.039456000000003, 13.169406949999996, 16.5764478, 38.813544
8.7255675, 9.069178, 10.48895575, 11.981717500000004, 13.155389, 16.393789, 38.813544
8.72413525, 9.064587, 10.488804, 11.94361830000001, 13.108556, 16.680769, 38.813544
8.727532, 9.077807, 10.524028, 12.019524, 13.232685, 16.7835, 38.813544
8.73002975, 9.079860499999999, 10.508285, 11.964613, 13.077162249999999, 16.39379692, 38.404747
8.723582, 9.065531, 10.50404, 11.957103, 13.063902149999999, 16.499532399999886, 38.404747
8.73061, 9.082391, 10.548797500000001, 12.041118, 13.182134599999998, 16.606225819999995, 34.462112
8.723903, 9.066039, 10.517463, 11.972366, 13.112988, 16.615886, 38.813544
8.726759000000001, 9.067466, 10.497665, 11.952837, 13.157226549999997, 16.360916, 38.813544
8.73133425, 9.0866235, 10.537502, 12.023507500000001, 13.171542549999996, 16.37829034999999, 38.404747
8.726211, 9.081026, 10.51303, 11.977714800000001, 13.081100849999999, 16.319874, 38.813544
8.78464, 9.059038000000001, 10.261095, 11.671818, 12.518868199999996, 15.027702, 26.889073
8.78462975, 9.058963, 10.243421, 11.693899, 12.531929, 15.021127, 26.889073
8.791438, 9.054412, 10.2116735, 11.654684, 12.421048, 14.831535, 26.889073
8.8341915, 9.0168915, 9.374508, 10.893439, 11.77739585, 14.134984539999953, 35.734803
8.835773, 9.018441, 9.379739, 10.896768100000001, 11.761263, 13.979899039999959, 37.448702
8.831992, 9.0152605, 9.36080275, 10.894974900000001, 11.811619399999998, 14.005841, 37.448702
8.83144975, 9.014651, 9.372683, 10.8721277, 11.757076499999998, 14.025807499999953, 37.448702
8.833171, 9.019076, 9.375258, 10.8652401, 11.788362299999996, 13.787287, 37.448702
8.831698, 9.018668, 9.375418999999999, 10.8583527, 11.767071599999996, 13.70786107999998, 37.448702
8.832666, 9.0135215, 9.3657635, 10.897675, 11.816672649999997, 14.054369, 37.448702
8.831785, 9.017685, 9.36795225, 10.887113900000001, 11.761263, 13.787759, 35.734803
8.83340575, 9.018888, 9.38246125, 10.893972, 11.838339, 14.025519, 37.448702
8.831620749999999, 9.013686, 9.376053749999999, 10.894122, 11.768566, 13.851700399999983, 37.448702
8.830898000000001, 9.013564, 9.36590725, 10.870823800000002, 11.768963999999997, 14.005841, 35.734803
8.834911, 9.014486, 9.36099525, 10.868414, 11.763729, 13.762330169999972, 37.448702
8.830983, 9.01714, 9.36692, 10.890214, 11.777362, 13.780266, 35.734803
8.831582, 9.016445, 9.379823, 10.898591, 11.770969, 13.731506, 37.448702
8.831740499999999, 9.013791, 9.36742, 10.866549599999999, 11.774921, 13.865747619999956, 37.448702
8.83165925, 9.014158, 9.362739, 10.875123, 11.7848811, 13.78850770999988, 35.734803
8.828576, 9.014216, 9.353228, 10.8353418, 11.763729, 13.865747619999956, 35.330604
8.832872, 9.019768, 9.377847, 10.8902803, 11.760221, 13.652939739999997, 37.448702
8.78854875, 9.053201, 10.213862, 11.629710000000005, 12.413306599999995, 14.783205929999971, 26.889073
8.790575, 9.059052, 10.22052, 11.629453, 12.449738, 14.873687, 26.889073
8.78408125, 9.050637, 10.209485, 11.63261, 12.404542, 14.873687, 26.889073
8.78691, 9.0579565, 10.223674, 11.63261, 12.460495199999999, 14.94417, 26.889073
8.790425, 9.061801, 10.2296485, 11.640647, 12.421048, 14.94417, 26.889073
8.78473325, 9.0504555, 10.213906000000001, 11.651476, 12.502305, 15.273403, 26.889073
8.784563, 9.05135, 10.202046000000001, 11.617329, 12.44381295, 14.953882, 19.563106
8.787271, 9.05001, 10.194815, 11.623748, 12.423243849999999, 14.757073, 26.889073
8.78408125, 9.049898, 10.223792750000001, 11.640785400000002, 12.460371, 14.944267119999985, 26.889073
8.785803, 9.0527835, 10.220617, 11.638546, 12.412934, 14.96492, 26.889073
8.7819125, 9.052958499999999, 10.211487, 11.623755, 12.436106, 14.831535, 26.889073
8.783368750000001, 9.048128, 10.220941, 11.64915, 12.44381295, 14.831535, 26.889073
8.78691, 9.050971, 10.214986249999999, 11.649813900000002, 12.385381, 14.902097389999952, 26.889073
8.785802, 9.0530215, 10.214038, 11.642031, 12.412934, 14.82504950999999, 26.889073
8.7812755, 9.037572, 10.197348, 11.615875300000003, 12.42317635, 14.94417, 26.889073
8.784673, 9.053013, 10.202046000000001, 11.651476, 12.502327399999999, 15.021127, 26.889073
8.785754, 9.049898, 10.2155, 11.633203200000002, 12.457105, 14.873687, 26.889073
8.78362975, 9.045009, 10.247872, 11.654542, 12.490727, 15.273403, 26.889073
8.73107125, 9.080852, 10.517428, 11.979247, 13.132498, 16.604807, 38.813544
8.727789, 9.065575, 10.487455, 12.022684700000003, 13.216741, 16.932448619999985, 38.813544
8.727053, 9.066523499999999, 10.50356825, 12.009576100000002, 13.164032949999996, 16.5764478, 38.813544
8.727958, 9.0702695, 10.522914250000001, 11.984775, 13.112988, 16.593917, 38.813544
8.729674, 9.0824275, 10.50142375, 11.986339900000003, 13.135407, 16.615932159999993, 38.813544
8.73115975, 9.0721745, 10.51617925, 12.018365700000002, 13.138524, 16.594025899999984, 38.813544
8.73099375, 9.079332, 10.517903, 12.015915, 13.220284, 16.621334649999866, 38.813544
8.730203, 9.074715000000001, 10.543721, 12.0327005, 13.171132, 16.609178, 38.813544
8.728764, 9.079826, 10.515562, 11.968516, 13.077336549999997, 16.60481621, 38.813544
8.722446, 9.065725, 10.48223, 11.949008, 13.163199449999995, 16.498811, 38.404747
8.72413525, 9.060868, 10.50156875, 11.953835900000023, 13.104457, 16.576725, 38.404747
8.730581, 9.0861865, 10.52922075, 12.006176200000002, 13.157059, 16.615886, 38.404747
8.786061, 9.05135, 10.21423225, 11.6545562, 12.388676199999995, 14.932628, 26.889073
8.785803, 9.050122, 10.20513275, 11.651564600000002, 12.444344, 14.831535, 26.889073
8.786741, 9.063969, 10.23445225, 11.645967, 12.444344, 14.873687, 26.889073
8.784673, 9.054306, 10.2296485, 11.640785400000002, 12.502305, 15.021127, 26.889073
8.789554, 9.054306, 10.223743, 11.648901, 12.472115, 14.932628, 26.889073
8.78849425, 9.053899000000001, 10.2307595, 11.636392, 12.443785, 14.96492, 26.889073
8.785038, 9.05001, 10.230541, 11.638756100000004, 12.397371, 14.82504950999999, 26.889073
8.789157, 9.066845, 10.2580705, 11.652477600000003, 12.443785, 14.96523062999995, 26.889073
8.784408, 9.047103, 10.223651, 11.6604761, 12.462855, 14.801217, 26.889073
8.785933, 9.05317, 10.229351, 11.659932, 12.471264, 14.804108819999982, 26.889073
8.794295, 9.061725, 10.240397, 11.655011400000006, 12.460371, 14.757332509999959, 26.889073
8.789632, 9.0534435, 10.20963775, 11.654542, 12.531929, 15.021127, 26.889073
8.785802, 9.053087, 10.23364975, 11.675784, 12.478849, 14.801217, 26.889073
8.786515, 9.057887, 10.248715, 11.646050400000002, 12.42317635, 14.953992379999983, 26.889073
8.786741, 9.053049, 10.200565, 11.613494, 12.423094, 15.027922909999964, 26.889073
8.78464, 9.050234, 10.213862, 11.6286736, 12.424808499999997, 14.873687, 19.563106
8.784007, 9.057887, 10.23364975, 11.651680200000005, 12.451222, 14.938511, 19.563106
8.786029, 9.05702, 10.220941, 11.670405800000001, 12.502327399999999, 14.996234439999961, 26.889073
8.787855, 9.053049, 10.200565, 11.632023, 12.397371, 14.938511, 26.889073
8.785015, 9.0505645, 10.220617, 11.632081700000002, 12.443785, 14.954303009999933, 26.889073
8.78691, 9.055901, 10.258465, 11.654684, 12.3959, 14.953882, 26.889073
8.78691, 9.050942, 10.217979, 11.6475, 12.454684399999998, 15.027702, 19.563106
8.833646, 9.01462, 9.36679575, 10.9057191, 11.77998, 13.787481839999968, 37.448702
8.787271, 9.05268, 10.202244, 11.587369, 12.341586, 14.804108819999982, 26.889073
8.791356, 9.0531855, 10.242432, 11.663583, 12.469801, 14.757332509999959, 26.889073
8.791862, 9.058963, 10.214038, 11.617604, 12.426091, 14.824984, 26.889073
8.787975, 9.0643625, 10.258038, 11.6475, 12.444687899999995, 14.995983, 26.889073
8.78707, 9.0531855, 10.223942, 11.6699417, 12.474753, 14.932628, 26.889073
8.786061, 9.061801, 10.258168, 11.664709, 12.490799999999998, 14.954303009999933, 26.889073
8.78691, 9.0513455, 10.2292355, 11.6429662, 12.44381295, 14.747010639999985, 26.889073
8.78195025, 9.0514865, 10.223743, 11.633141, 12.469874149999999, 14.902097389999952, 26.889073
8.785696000000002, 9.051623, 10.223942, 11.633141, 12.474753, 14.902097389999952, 26.889073
8.78843175, 9.048317, 10.199499, 11.617329, 12.397371, 14.873968019999955, 26.889073
8.831326, 9.01298, 9.367641, 10.838018700000001, 11.766874, 13.920844769999903, 37.448702
8.83414975, 9.015245, 9.381093, 10.902599400000001, 11.7750972, 13.94243, 37.448702
8.834694, 9.017611, 9.3786255, 10.953587, 11.8830379, 14.042414749999981, 35.487972
8.833646, 9.018693, 9.37869825, 10.887859, 11.788002, 13.851700399999983, 35.734803
8.835476, 9.0176755, 9.376835, 10.882844, 11.784788, 13.979219, 37.448702
8.8311555, 9.014473, 9.36979325, 10.8833929, 11.832256799999998, 14.040122929999997, 37.448702
8.83071, 9.014007, 9.35089, 10.831303, 11.778136049999999, 13.538238179999931, 35.734803
8.835967, 9.019684, 9.393004, 10.8790035, 11.824528699999998, 14.025465219999981, 37.448702
8.832872, 9.018132, 9.364539, 10.872127, 11.72064825, 13.729012, 37.448702
8.8352955, 9.018195, 9.368721, 10.878212, 11.771622849999998, 13.97964285, 37.448702
8.83597375, 9.01672, 9.364253, 10.875123, 11.76126825, 13.775378, 35.734803
8.83544375, 9.0176745, 9.364032, 10.839644900000001, 11.772323, 13.749482, 35.734803
8.835364, 9.0192505, 9.366982, 10.875299900000002, 11.768866, 13.74845933, 35.330604
8.834227, 9.018508, 9.386372, 10.911256, 11.824461, 14.0253507, 37.448702
8.83481, 9.015929499999999, 9.3689725, 10.893488600000001, 11.764251, 13.729422399999935, 37.448702
8.78464, 9.051623, 10.20749, 11.625699, 12.388296, 14.99630018999995, 26.889073
8.78722075, 9.045245000000001, 10.209485, 11.638343, 12.439778, 14.932628, 26.889073
8.78453175, 9.052887, 10.199523, 11.629453, 12.443785, 14.953992379999983, 26.889073
8.784155, 9.0504625, 10.217979, 11.647640100000004, 12.43980465, 14.831535, 26.889073
8.789632, 9.054016, 10.221983, 11.636392, 12.42317635, 15.027702, 26.889073
8.785038, 9.053467, 10.214815, 11.673554, 12.502305, 14.995983, 26.889073
8.786515, 9.05268, 10.227706, 11.640647, 12.436106, 14.822845599999997, 26.889073
8.781956, 9.044996, 10.199632, 11.625699, 12.385116, 14.902097389999952, 26.889073
8.727066, 9.072659, 10.50805325, 11.971194, 13.021703, 16.348599589999996, 38.404747
8.73022925, 9.075604, 10.510521749999999, 11.988140800000009, 13.139758549999993, 16.64532234999991, 38.813544
8.72647775, 9.060183, 10.499018, 11.971696400000003, 13.104457, 16.361150479999964, 38.813544
8.726931, 9.085456, 10.57852625, 12.027306, 13.257823, 16.62074429999996, 38.813544
8.645088, 9.1220545, 10.788585, 12.480071, 14.039873, 17.78608, 38.813544
8.64713, 9.1388105, 10.814858, 12.439813, 13.984007949999995, 17.703645709999993, 38.813544
8.646909, 9.107745, 10.783066, 12.411373, 13.99554189999999, 17.708369, 38.813544
8.649238, 9.149584, 10.797017, 12.436356, 13.99554189999999, 17.92199, 38.813544
8.64713, 9.14261, 10.797017, 12.442805, 14.06229875, 17.786071, 38.813544
8.646259, 9.134645500000001, 10.826103250000001, 12.474418, 14.057811, 17.786071, 38.813544
8.647031, 9.143499, 10.831342, 12.436356, 14.013154, 17.458465179999983, 38.813544
8.649238, 9.135712, 10.799044, 12.411373, 14.06229875, 17.844506, 38.813544
8.653436, 9.143499, 10.817596, 12.480071, 14.062294, 17.872178239999975, 38.813544
8.65146875, 9.135712, 10.815183, 12.481478300000003, 14.105016, 17.80231986999998, 38.813544
8.647882, 9.140528, 10.832974, 12.444263, 14.021462, 17.92199, 38.813544
8.646662, 9.1328155, 10.809144, 12.442949700000003, 13.99554189999999, 17.699605, 38.813544
8.728604, 9.074401, 10.491524250000001, 11.9722202, 13.028426399999983, 16.395060179999923, 38.813544
8.72963725, 9.089382, 10.54327625, 12.025693, 13.219867, 16.604807, 38.813544
8.729308, 9.073093499999999, 10.537502, 12.041858, 13.212015, 16.606225819999995, 38.813544
8.72255625, 9.064911500000001, 10.502990500000001, 11.993566, 13.206562499999997, 16.879467, 38.813544
8.72700325, 9.0721745, 10.503772999999999, 11.970167100000003, 13.063738, 16.468585, 38.813544
8.73185425, 9.086361, 10.5379205, 12.022362, 13.206562499999997, 16.606225819999995, 38.813544
8.787709, 9.047295, 10.217937, 11.649735, 12.531929, 15.049837599999993, 26.889073
8.786363999999999, 9.049919, 10.215759, 11.645967, 12.3959, 14.96492, 26.889073
8.788515, 9.064592, 10.1998155, 11.6326631, 12.43980465, 14.96492, 26.889073
8.785754, 9.053087, 10.23324925, 11.651476, 12.474753, 14.953882, 26.889073
8.786741, 9.048128, 10.2315195, 11.619468, 12.380666999999999, 14.822824, 26.889073
8.783877, 9.047762, 10.1998155, 11.6286736, 12.460371, 14.996234439999961, 26.889073
8.77972, 9.0516295, 10.19440475, 11.636392, 12.462855, 14.995983, 26.889073
8.785754, 9.0494175, 10.230541, 11.671043, 12.523508, 15.021127, 26.889073
8.784949, 9.0505645, 10.218304, 11.638546, 12.474753, 14.938567589999991, 26.889073
8.789133249999999, 9.054359, 10.22029575, 11.638363300000002, 12.472115, 14.996234439999961, 26.889073
8.784649, 9.04866, 10.190106, 11.628587, 12.420386, 14.801217, 26.889073
8.790575, 9.066462, 10.233637, 11.662042, 12.471264, 14.94417, 26.889073
8.785522, 9.046309, 10.19702925, 11.636392, 12.469801, 14.831535, 26.889073
8.788515, 9.058169, 10.223792750000001, 11.615875300000003, 12.42317635, 14.901789, 26.889073
8.784751, 9.045534, 10.2179475, 11.638343, 12.460495199999999, 14.953882, 26.889073
8.785754, 9.054426, 10.223651, 11.654542, 12.439778, 14.815179, 26.889073
8.786363999999999, 9.044144, 10.182339, 11.6173565, 12.397371, 14.953882, 19.563106
8.78468, 9.0531855, 10.2296485, 11.617066, 12.424741, 14.932686829999989, 26.889073
8.788432, 9.051, 10.20749, 11.617604, 12.460371, 14.801217, 19.563106
8.833928, 9.015814, 9.3675215, 10.8878996, 11.777362, 13.731685759999971, 37.448702
8.791179, 9.060905, 10.221427, 11.647665000000005, 12.460371, 14.783024, 26.889073
8.784391750000001, 9.065472, 10.23312, 11.660891, 12.462855, 14.873687, 26.889073
8.794295, 9.064032, 10.281793, 11.640785400000002, 12.444344, 14.801217, 26.889073
8.78651225, 9.051636, 10.225465, 11.628587, 12.423094, 15.049793, 26.889073
8.789157, 9.050433, 10.218304, 11.6599818, 12.474753, 15.054253, 26.889073
8.78856, 9.056303, 10.21712925, 11.654542, 12.443785, 14.824984, 26.889073
8.785015, 9.048960000000001, 10.190331, 11.632023, 12.395973549999999, 14.953992379999983, 26.889073
8.78691, 9.045481, 10.199632, 11.640647, 12.4204191, 14.996234439999961, 26.889073
8.78464, 9.053049, 10.229197, 11.649813900000002, 12.444082649999995, 14.831956519999933, 19.563106
8.784391750000001, 9.051, 10.21423225, 11.642121800000002, 12.43980465, 14.938511, 26.889073
8.78329, 9.050419, 10.240888, 11.650524, 12.404542, 14.803997, 26.889073
8.785803, 9.054306, 10.250831, 11.669898, 12.444344, 14.932628, 26.889073
8.781864, 9.051, 10.23445225, 11.651476, 12.551711, 15.449435, 26.889073
8.78437, 9.05135, 10.22807875, 11.638343, 12.43980465, 14.824984, 26.889073
8.783667, 9.049898, 10.200565, 11.636392, 12.457268299999997, 15.049793, 26.889073
8.784673, 9.058902, 10.2483505, 11.662098, 12.512688, 14.938511, 26.889073
8.78167, 9.045655, 10.20963775, 11.633763, 12.512041, 14.822824, 26.889073
8.78691, 9.049575, 10.215979, 11.636392, 12.474753, 14.873968019999955, 26.889073
8.78417975, 9.0480465, 10.159431, 11.636392, 12.397729549999994, 14.938567589999991, 26.889073
8.783204, 9.049919, 10.2128345, 11.64915, 12.443785, 14.803997, 26.889073
8.7908735, 9.060682, 10.248715, 11.670335, 12.52358155, 14.932686829999989, 26.889073
8.726931, 9.07237, 10.509657, 11.981252, 13.221502, 16.7835, 38.813544
8.733673, 9.089382, 10.5494405, 12.01156510000001, 13.15082835, 16.843217, 38.813544
8.727994, 9.069861, 10.521886, 12.020637, 13.238017, 16.7835, 38.813544
8.728254, 9.078631000000001, 10.524028, 11.975135900000007, 13.241966449999993, 16.644732, 38.813544
8.649238, 9.142635, 10.807164, 12.426273, 14.021462, 17.786971, 38.813544
8.649534, 9.1183175, 10.791028, 12.436356, 13.994813, 17.483054, 38.813544
8.647676, 9.137233, 10.830662, 12.426552100000006, 13.994813, 17.8129, 38.813544
8.646315, 9.136702, 10.795076, 12.419695400000002, 13.963141849999998, 17.703598, 38.813544
8.64423425, 9.145141, 10.803367999999999, 12.459643, 14.070622, 17.844506, 38.813544
8.64962175, 9.146333, 10.831342, 12.447581, 14.09337, 17.92199, 38.813544
8.643353, 9.109495, 10.802748, 12.478032, 14.076976, 17.69964492999999, 38.813544
8.649671, 9.135001500000001, 10.8212195, 12.45322, 14.079938, 17.78704024999999, 38.813544
8.648492, 9.135479, 10.801736, 12.429064, 13.995730049999986, 17.663793, 38.813544
8.64713, 9.112136, 10.75909275, 12.424355, 14.009579149999999, 17.699605, 38.813544
8.653175, 9.149461, 10.801736, 12.408338200000008, 13.961266, 17.786071, 34.462112
8.64633225, 9.135627, 10.802992999999999, 12.456485, 14.021462, 17.93072364999999, 38.813544
8.647674, 9.116567, 10.783066, 12.434224500000004, 14.039873, 17.703598, 38.813544
8.646682, 9.128838, 10.820243, 12.42623, 13.957298149999998, 17.61197375999997, 38.813544
8.64759125, 9.136206999999999, 10.8120375, 12.426552100000006, 13.994813, 17.703645709999993, 38.813544
8.64424, 9.112452, 10.773425, 12.41397430000001, 13.907612, 17.699605, 38.813544
8.64911925, 9.12794, 10.795695, 12.402768, 13.960113, 17.872018, 38.813544
8.646227, 9.117393, 10.78858425, 12.411578800000004, 13.925738, 17.644383, 38.813544
8.647008, 9.126939, 10.799258250000001, 12.458397, 14.06229875, 17.793896, 38.813544
8.649633, 9.119783, 10.824965, 12.42623, 14.027404, 17.888042, 38.813544
8.649129, 9.129560000000001, 10.817596, 12.439813, 14.021462, 17.793896, 38.813544
8.646122, 9.119646, 10.7947655, 12.407502, 13.95715, 17.64457709999997, 38.813544
8.64477, 9.134141, 10.805758, 12.407502, 13.921681499999998, 17.538447, 38.813544
8.644519, 9.110686, 10.802425, 12.402768, 13.994813, 17.703598, 38.813544
8.730981, 9.070425499999999, 10.503292, 12.019635300000003, 13.2520337, 16.395060179999923, 38.813544
8.725247, 9.0678235, 10.494505, 12.008045500000001, 13.157196249999998, 16.39379692, 38.813544
8.727486, 9.073132, 10.52978425, 12.001404, 13.176227, 16.605728, 38.813544
8.729527, 9.087115, 10.535099, 11.98282, 13.181976, 16.712506109999886, 38.813544
8.7275205, 9.073257, 10.511778, 12.008932, 13.16041, 16.499532399999886, 38.404747
8.726865, 9.08472, 10.531125, 12.051128500000003, 13.159834299999998, 16.442499, 38.813544
8.72641125, 9.065621, 10.521074, 12.009576100000002, 13.15082835, 16.843217, 38.404747
8.73130525, 9.087283500000002, 10.551759, 12.042797, 13.232774499999998, 16.385151, 38.813544
8.729497499999999, 9.079826, 10.528833500000001, 12.055581400000001, 13.169759249999998, 16.61575631, 38.813544
8.7291945, 9.083028, 10.513517, 11.984775, 13.122915599999999, 16.605728, 38.813544
8.72726875, 9.079817, 10.537345, 12.060236500000007, 13.230245399999998, 16.681079199999953, 38.813544
8.727632499999999, 9.0797865, 10.5284595, 12.0147414, 13.16290355, 16.606225819999995, 38.404747
8.728604, 9.069178, 10.521659, 11.973621, 13.112988, 16.570951, 38.813544
8.729715, 9.071950000000001, 10.526137, 11.976188900000004, 13.049543, 16.681079199999953, 38.813544
8.73149, 9.076734, 10.5040845, 12.008045500000001, 13.179548699999996, 16.499532399999886, 38.813544
8.726995, 9.076734, 10.505337, 11.98282, 13.117615, 16.499532399999886, 38.813544
8.730198, 9.079817, 10.50302025, 11.9712142, 13.137592, 16.712693199999855, 38.813544
8.7257525, 9.0762965, 10.519340249999999, 12.025126, 13.252541, 16.932448619999985, 38.813544
8.730198, 9.076722, 10.512645, 12.037206300000005, 13.26940975, 16.942509, 38.813544
8.728302, 9.090625, 10.537177, 11.9723777, 13.090192199999995, 16.37829034999999, 38.813544
8.7859005, 9.0565565, 10.220221, 11.636392, 12.385526749999999, 14.831535, 26.889073
8.7890565, 9.050433, 10.22807875, 11.628587, 12.395973549999999, 14.94417, 26.889073
8.786217, 9.050433, 10.21078275, 11.654542, 12.472115, 15.240095439999946, 26.889073
8.78468, 9.050971, 10.229197, 11.6609012, 12.449738, 14.901789, 26.889073
8.783877, 9.04926, 10.188692249999999, 11.632023, 12.385381, 15.049837599999993, 26.889073
8.789062, 9.05342, 10.20513275, 11.645967, 12.451388749999998, 14.82504950999999, 26.889073
8.786363999999999, 9.0497585, 10.220908, 11.636392, 12.454971899999993, 14.901789, 26.889073
8.787271, 9.048317, 10.197856250000001, 11.617003, 12.421048, 14.822824, 26.889073
8.787855, 9.0507895, 10.221983, 11.633141, 12.449738, 14.995983, 26.889073
8.78703, 9.056303, 10.2292355, 11.674203, 12.55191, 15.049793, 26.889073
8.83208, 9.012713, 9.358743, 10.8652401, 11.756911, 13.942673719999961, 37.448702
8.83342125, 9.020826, 9.366982, 10.870517000000001, 11.7617, 13.762228029999989, 37.448702
8.828579000000001, 9.018303, 9.386522, 10.900522700000002, 11.833178049999997, 14.037002299999994, 37.448702
8.831363499999998, 9.013993, 9.367168, 10.841444200000002, 11.745456, 13.74960866999998, 35.734803
8.83469475, 9.019783, 9.373197, 10.945651, 11.8402, 13.640735, 37.448702
8.8352955, 9.019493, 9.384319, 10.891991800000001, 11.78007265, 13.920834739999906, 37.448702
8.828353, 9.013665, 9.364813, 10.923026000000002, 11.809028, 14.036971, 35.734803
8.83990125, 9.025269999999999, 9.3751775, 10.8979528, 11.768963999999997, 13.94280206999994, 37.448702
8.83544375, 9.019095, 9.386055, 10.925744, 11.770969, 14.036971, 37.448702
8.835158, 9.015796, 9.38270575, 10.8462972, 11.70942, 13.514933, 37.448702
8.83506775, 9.0166885, 9.3716325, 10.846675400000002, 11.717975, 13.655520369999914, 37.448702
8.831326, 9.016555499999999, 9.367911000000001, 10.853239300000002, 11.788322799999996, 13.920245, 35.487972
8.8353745, 9.0180305, 9.394414000000001, 10.908135, 11.83942005, 13.892522029999954, 35.487972
8.83599025, 9.017306999999999, 9.35772625, 10.86392, 11.720002, 14.005841, 37.448702
8.83208825, 9.0151655, 9.3641265, 10.872407700000002, 11.7750972, 14.054560789999968, 37.448702
8.83185825, 9.017683, 9.379739, 10.922724, 11.8381167, 13.787949119999968, 37.448702
8.82883825, 9.0144795, 9.36795225, 10.853049600000002, 11.787223, 14.05604628999999, 37.448702
8.836511, 9.014081, 9.35679575, 10.858317600000001, 11.818499749999996, 14.042294, 37.448702
8.833710250000001, 9.016928, 9.378699, 10.907788, 11.774039, 14.02563351999998, 35.734803
8.829975750000001, 9.015704, 9.364004249999999, 10.890375700000002, 11.771036699999998, 13.807219189999929, 37.448702
8.834622, 9.021408, 9.38640375, 10.9031394, 11.832118, 13.762149, 35.734803
8.832269, 9.017653, 9.366843, 10.85186, 11.737382899999993, 13.57985184, 37.448702
8.8291965, 9.013424, 9.360816, 10.844747, 11.727249, 13.596905, 37.448702
8.827791, 9.013993, 9.365264, 10.83643, 11.7465698, 13.980478189999959, 35.734803
8.83542225, 9.017683, 9.369636499999999, 10.870688900000001, 11.754904, 13.920466849999965, 35.487972
8.833505, 9.013564, 9.35765375, 10.858485, 11.720032199999999, 13.652939739999997, 35.734803
8.831335, 9.016017, 9.370276, 10.8790035, 11.768866, 13.762228029999989, 37.448702
8.83162475, 9.01473, 9.37828925, 10.893938700000001, 11.799938, 14.134693, 37.448702
8.834907, 9.0208535, 9.375989, 10.8376869, 11.754904, 13.770224349999973, 37.448702
8.86479, 9.002709, 9.181145, 9.458287, 9.946413649999998, 11.993545, 37.448702
8.868566, 9.004056, 9.175059, 9.455824, 9.997939, 12.048048670000002, 37.448702
8.86392, 8.99824, 9.173172, 9.455518, 9.980987, 11.999339, 35.734803
8.8711355, 9.018146, 9.212889500000001, 9.494379, 9.843266, 12.383307300000006, 35.330604
8.78174925, 9.046474, 10.199499, 11.654324, 12.474578549999999, 15.054208399999998, 105.85333062662255
8.797096, 9.0767065, 10.2582685, 11.6475, 12.4764949, 14.736673190000001, 19.563106
8.78319075, 9.053177, 10.2116735, 11.651476, 12.503217400000002, 15.279249050000038, 26.889073
8.772963, 9.032064, 10.154681499999999, 11.5732188, 12.423094, 14.721813600000004, 19.563106
8.784118, 9.0530215, 10.201259, 11.648901, 12.4548477, 14.938511, 19.563106
8.78398575, 9.067239, 10.2292355, 11.6136864, 12.38156, 14.825752050000018, 26.889073
8.8599565, 9.002662, 9.175087000000001, 9.4469223, 10.014684049999996, 11.89654, 35.487972
8.8663055, 9.0058085, 9.18949775, 9.457346, 9.8792836, 11.89486393, 37.448702
8.784673, 9.068407, 10.330389, 11.716768400000001, 12.558402, 15.09559869000004, 26.889073
8.77422, 9.028917499999999, 10.202046000000001, 11.6047083, 12.3836355, 14.944267120000001, 19.393533
8.79073925, 9.082627, 10.35371425, 11.778418400000001, 12.649002250000002, 15.279394240000041, 26.889073
8.774519, 9.044144, 10.199595, 11.6006854, 12.42324385, 14.998420760000053, 19.393533
8.792675749999999, 9.060496, 10.224222, 11.641179000000001, 12.50236405, 14.783205930000003, 26.889073
8.792675749999999, 9.047762, 10.2128345, 11.658251300000002, 12.47143845, 14.804108820000003, 19.563106
8.781897749999999, 9.04005, 10.14184325, 11.595606, 12.388296, 14.953992380000003, 19.563106
8.7841415, 9.053068, 10.23324925, 11.638343, 12.479442900000002, 15.273403, 26.889073
8.78450475, 9.048222500000001, 10.278328250000001, 11.728023400000003, 12.641300300000001, 15.465482520000029, 19.563106
8.781575, 9.0453925, 10.214986249999999, 11.6635543, 12.4748339, 14.938511, 26.889073
8.7835005, 9.066462, 10.262115, 11.671043, 12.389527900000004, 14.515105600000005, 26.889073
8.780374, 9.044923, 10.24141875, 11.623180700000004, 12.424741, 14.783205930000003, 18.66297
8.78069225, 9.048075, 10.167797, 11.673554, 12.518941750000002, 14.83195652000001, 19.563106
8.789623500000001, 9.054672499999999, 10.2179475, 11.642718000000002, 12.44997895, 14.938511, 18.375861
8.797654, 9.0390225, 10.1994345, 11.6600381, 12.54830475, 14.902097390000007, 26.889073
8.783742, 9.053899000000001, 10.18284375, 11.629884, 12.385906950000003, 14.783024, 26.889073
8.782399999999999, 9.047122, 10.26628875, 11.6545562, 12.477362200000004, 15.591218, 26.889073
8.790794, 9.046094, 10.22447575, 11.6366074, 12.4764949, 15.46442834000001, 26.889073
8.787829, 9.033199, 10.1473105, 11.607393, 12.4248085, 15.049793, 19.393533
8.785754, 9.071381500000001, 10.265296, 11.6754744, 12.524979, 15.05023268000001, 19.563106
8.792197, 9.070507, 10.32956175, 11.7129644, 12.579897200000001, 15.027922910000004, 19.563106
8.786584, 9.060905, 10.28536275, 11.636587100000002, 12.496500500000002, 14.954620200000017, 26.889073
8.78580275, 9.066410999999999, 10.24638775, 11.647011000000001, 12.3963321, 14.804185270000005, 19.393533
8.792247, 9.0812215, 10.25817675, 11.6726621, 12.45138875, 15.275163320000038, 26.889073
8.790794, 9.066206, 10.270495, 11.678967, 12.579084, 15.0498376, 18.865024
8.781575, 9.042297, 10.175204, 11.636392, 12.397729550000001, 14.902097390000007, 19.563106
8.79553675, 9.059925, 10.234974750000001, 11.6634417, 12.38476065, 14.712948150000006, 26.889073
8.77771075, 9.0362975, 10.17774175, 11.5929948, 12.385655200000002, 15.054648080000009, 26.889073
8.78962275, 9.053087, 10.2210625, 11.653214900000004, 12.4204191, 14.874276410000013, 19.563106
8.790938, 9.0504625, 10.16298775, 11.57355, 12.354068650000002, 14.996300190000008, 26.889073
8.7831985, 9.054419, 10.201259, 11.579952, 12.320530250000001, 14.8012448, 26.889073
8.78698775, 9.054366, 10.1897555, 11.6320817, 12.469801, 14.996300190000008, 26.889073
8.779686, 9.0449165, 10.22091625, 11.643486600000001, 12.426975700000003, 14.953882, 26.889073
8.78982725, 9.050426, 10.21532625, 11.646801, 12.413339700000002, 14.804108820000003, 26.889073
8.79220975, 9.053049, 10.248715, 11.609143100000002, 12.472246900000002, 14.996234440000006, 18.865024
8.786741, 9.066179, 10.226932, 11.607393, 12.388676200000003, 14.491149110000006, 26.889073
8.79005175, 9.0542945, 10.20198, 11.638343, 12.413442000000002, 15.05023268000001, 19.393533
8.794413, 9.066845, 10.21686, 11.629453, 12.465433, 15.093761, 19.563106
8.776465, 9.0312165, 10.16308475, 11.679353, 12.4764949, 14.783024, 19.563106
8.78918575, 9.06199, 10.2210625, 11.67544, 12.52384975, 14.823332630000012, 19.563106
8.783518, 9.0392025, 10.15667525, 11.568236, 12.318305, 14.721813600000004, 17.845085
8.783742, 9.0460625, 10.253915, 11.6260744, 12.44051265, 14.966208410000027, 26.889073
8.78416625, 9.044462, 10.14831725, 11.56761, 12.322292, 14.804206870000005, 19.393533
8.781347, 9.048251, 10.161942, 11.6460504, 12.577709, 15.681125680000003, 26.889073
8.785696000000002, 9.064582, 10.202946, 11.6626844, 12.457392500000001, 14.954554450000014, 26.889073
8.79005175, 9.0511415, 10.230684, 11.633141, 12.4404847, 14.901789, 18.474331
8.785522, 9.047218, 10.22091625, 11.6735604, 12.496522900000002, 15.02119275, 26.889073
8.7908735, 9.067699000000001, 10.1840685, 11.5971292, 12.46987415, 14.803997, 19.563106
8.79325575, 9.058911, 10.194268, 11.643639900000002, 12.449738, 14.901789, 26.889073
8.64398175, 9.09538, 10.83907575, 12.478235900000001, 14.059407, 17.92199, 38.404747
8.651264, 9.141981000000001, 10.810196000000001, 12.426513400000001, 13.885533, 17.377546190000004, 38.813544
8.662362250000001, 9.17591, 10.810196000000001, 12.4741425, 14.079938, 17.664191050000007, 38.813544
8.644595500000001, 9.1131685, 10.7602125, 12.3388121, 13.885533, 17.70364571, 38.813544
8.63411625, 9.085414, 10.74287325, 12.414451800000004, 14.057890799999997, 17.644383, 38.404747
8.659730249999999, 9.129782, 10.773136, 12.426609800000001, 13.921681499999998, 17.69969264, 38.813544
8.6423845, 9.101841, 10.801736, 12.4196954, 13.957298149999998, 17.377546190000004, 38.813544
8.64911925, 9.141108, 10.783371, 12.467723700000002, 14.06229875, 17.930723650000004, 38.813544
8.64423425, 9.12137, 10.758951, 12.462111, 14.071029949999996, 17.813651420000017, 38.404747
8.6626515, 9.2057475, 10.87562, 12.588926, 14.163016, 18.234486980000028, 38.404747
8.6473015, 9.142811, 10.884882750000001, 12.469998000000002, 14.105456949999994, 17.78608, 38.813544
8.647364, 9.105113, 10.820243, 12.334846700000002, 13.787256449999973, 17.458592090000007, 38.813544
8.64452, 9.093239, 10.759518, 12.352907800000002, 13.975135899999987, 17.700469660000017, 38.813544
8.644595500000001, 9.1118515, 10.84057975, 12.4367017, 14.0619102, 17.78614925, 38.813544
8.64405, 9.101495, 10.729405750000002, 12.397027200000004, 14.06229875, 17.78608, 38.813544
8.640976, 9.0947105, 10.80231025, 12.480543, 14.095779149999993, 17.81349118000001, 38.813544
8.647682, 9.135627, 10.788585, 12.402618, 14.058014949999997, 17.414351279999998, 34.462112
8.665753, 9.157842, 10.8385125, 12.4741425, 14.126227, 18.189167150000003, 38.813544
8.65417475, 9.144375, 10.809144, 12.50979, 14.158415, 17.786071, 34.408771
8.66617575, 9.1630845, 10.852333, 12.467728200000002, 14.124431, 17.922076720000003, 38.813544
8.649299749999999, 9.1205765, 10.7804265, 12.480071, 14.10506745, 17.708369, 38.813544
8.6521965, 9.128838, 10.8014045, 12.269839600000001, 13.700767649999987, 17.096542, 34.462112
8.65273825, 9.171964, 10.864846, 12.4672637, 14.059551349999998, 18.23399394000002, 38.813544
8.648051, 9.141917, 10.75019975, 12.390487, 13.845872, 17.664151120000007, 34.462112
8.6433755, 9.119646, 10.788585, 12.368346800000003, 13.907798949999998, 17.69969264, 34.462112
8.647641, 9.1377375, 10.84025375, 12.3560267, 13.930077099999993, 17.61197376, 38.813544
8.6409035, 9.1369675, 10.781889, 12.402768, 14.021759099999995, 17.458465180000005, 34.462112
8.6479485, 9.1181595, 10.801449, 12.4477016, 14.034630899999996, 18.052882, 38.813544
8.646338, 9.124922, 10.81825775, 12.442805, 14.0770436, 17.663793, 38.813544
8.647925, 9.112278, 10.79351025, 12.386850800000001, 13.866787349999997, 17.414516330000005, 38.404747
8.6439015, 9.111909, 10.734579, 12.384552, 13.840915699999996, 17.458345, 38.404747
8.657968, 9.139831, 10.83387825, 12.440256900000001, 14.13822059999999, 17.538538300000003, 34.462112
8.65316, 9.142635, 10.774292, 12.390644, 13.911605399999996, 17.786971, 38.404747
8.652612, 9.1488045, 10.8120375, 12.55624, 14.058014949999997, 17.483607930000012, 34.408771
8.650369999999999, 9.149667, 10.8348925, 12.378146, 13.879635049999997, 17.471043840000014, 38.813544
8.6518245, 9.136702, 10.800288, 12.482777, 14.0626608, 17.470363, 38.813544
8.64683125, 9.107745, 10.788584, 12.429121700000001, 13.974773949999992, 17.664191050000007, 38.813544
8.649243250000001, 9.1196155, 10.788584, 12.474418, 14.1262486, 17.787040250000004, 38.813544
8.640875, 9.117321, 10.788376, 12.395380200000004, 14.11706, 17.888042, 38.404747
8.645282, 9.114455, 10.721970500000001, 12.280425700000004, 13.940893749999992, 17.644577100000006, 38.404747
8.6430295, 9.1151705, 10.78426325, 12.402633, 13.995730049999986, 18.188937, 38.404747
8.66031175, 9.17286, 10.89155275, 12.514142100000008, 14.138540999999984, 17.709146020000016, 38.813544
8.6558175, 9.156327000000001, 10.80024925, 12.395395200000003, 14.0619102, 17.547577, 38.813544
8.661794, 9.156802, 10.838999000000001, 12.45322, 13.984933249999981, 17.872018, 34.408771
8.801283, 9.0741715, 10.2752855, 11.664329000000002, 12.4204191, 14.902156220000009, 19.563106
8.77368225, 9.044144, 10.26217675, 11.6699417, 12.5023274, 15.052070370000049, 26.889073
8.791179, 9.054797, 10.206555250000001, 11.608487300000002, 12.503913750000002, 14.873968020000007, 26.889073
8.791908750000001, 9.0703755, 10.268597, 11.7164578, 12.477088800000002, 14.757073, 26.889073
8.781596, 9.053603, 10.183574, 11.6515646, 12.420386, 15.093761, 26.889073
8.78361225, 9.0487915, 10.147285499999999, 11.6136864, 12.4748339, 15.021413660000006, 19.563106
8.7880515, 9.04926, 10.226674, 11.6720565, 12.513302550000002, 15.616593320000014, 19.393533
8.6476755, 9.1286245, 10.783066, 12.420221, 14.0619102, 17.699644929999998, 38.813544
8.638515, 9.112452, 10.83674225, 12.560562300000003, 14.021462, 17.437039210000005, 38.813544
8.642829, 9.108207, 10.720458749999999, 12.348656, 14.023279449999974, 17.547577, 34.408771
8.653709000000001, 9.142960500000001, 10.795076, 12.458521600000001, 14.070622, 17.844506, 38.813544
8.6460845, 9.13779, 10.818482, 12.411373, 13.885000049999999, 17.44314, 34.408771
8.65249925, 9.128324, 10.7744485, 12.349046900000001, 13.892058599999988, 17.78608, 38.813544
8.64470725, 9.1181595, 10.803728, 12.436356, 14.062594799999996, 18.189167150000003, 38.813544
8.647031, 9.127385, 10.788428, 12.4401122, 14.039873, 17.644383, 38.813544
8.6468, 9.140444, 10.8212195, 12.444715400000002, 14.078328, 17.786071, 34.408771
8.64424, 9.079689, 10.779907, 12.4237106, 13.995826649999985, 17.483054, 34.408771
8.64317525, 9.125568, 10.776479, 12.301926400000001, 13.849417849999998, 17.443292050000004, 38.813544
8.64497125, 9.128324, 10.77868775, 12.442805, 14.063569, 17.703598, 38.404747
8.64293325, 9.107978500000002, 10.796270750000001, 12.423639, 14.058014949999997, 17.644577100000006, 38.404747
8.641559, 9.0730775, 10.7348955, 12.434224500000001, 13.964287549999996, 17.794086040000003, 38.813544
8.647862750000002, 9.142723, 10.834787, 12.5413712, 14.105016, 18.651415, 38.813544
8.649298, 9.1328155, 10.87345275, 12.551188300000003, 13.99554189999999, 17.96142778000002, 38.813544
8.644162249999999, 9.112207, 10.788229000000001, 12.390487, 13.990885, 17.459879510000036, 38.813544
8.647149500000001, 9.101603, 10.742512750000001, 12.397042200000003, 13.931310749999996, 17.44314, 38.813544
8.649245, 9.118227, 10.77868775, 12.3527275, 14.062389, 17.803071290000016, 38.813544
8.634026, 9.059536000000001, 10.723932750000001, 12.292121000000002, 14.071029949999996, 17.458465180000005, 38.404747
8.64317725, 9.1187215, 10.830844, 12.481727600000005, 14.13514299999998, 18.32170004000001, 34.462112
8.645996, 9.0945045, 10.788585, 12.361642000000002, 13.960113, 17.844781120000004, 38.813544
8.64702525, 9.147061, 10.7886045, 12.424528800000001, 13.984007949999995, 17.70915502000002, 38.813544
8.65995525, 9.1453705, 10.86160225, 12.556124, 14.165996099999983, 18.188937, 38.404747
8.649238, 9.135331, 10.78860375, 12.4477016, 13.968153399999988, 17.844781120000004, 38.813544
8.647031, 9.118738, 10.792788250000001, 12.35419, 13.967686449999995, 17.888381480000007, 38.813544
8.643625, 9.1180425, 10.802272, 12.444252, 13.957446999999997, 17.538538300000003, 38.813544
8.6411155, 9.111738, 10.774292, 12.484376900000006, 14.015404799999995, 17.470363, 38.813544
8.6484685, 9.171020500000001, 10.9063675, 12.426230200000001, 13.96309, 17.377900190000013, 34.408771
8.65180025, 9.142732, 10.794562500000001, 12.469998000000002, 14.062389, 18.189167150000003, 38.813544
8.64080025, 9.1351655, 10.81786475, 12.4265521, 14.062294, 17.88846820000001, 38.813544
8.65371275, 9.1263985, 10.799258250000001, 12.355993, 13.95715, 17.872517720000012, 34.462112
8.64633225, 9.133789, 10.826103250000001, 12.439813, 14.192908549999995, 18.492794, 34.462112
8.783974500000001, 9.054016, 10.2183605, 11.660891, 12.436289600000002, 14.825049510000001, 19.563106
8.78003175, 9.051146, 10.2316615, 11.6640674, 12.50236405, 15.093761, 19.563106
8.874443, 9.014522, 9.1768895, 9.4432375, 9.90801325, 11.640103939999992, 35.734803
8.86448675, 8.99791, 9.16869325, 9.4151594, 9.970956, 11.65459497, 37.448702
8.8649125, 9.000371, 9.178808, 9.4607502, 10.004487899999999, 12.222929099999986, 35.734803
8.86246925, 9.000880500000001, 9.17529125, 9.4425307, 10.0051396, 12.277909739999998, 35.330604
8.863845, 9.002492499999999, 9.1901175, 9.4405705, 9.94657015, 12.007767, 35.734803
8.866556000000001, 9.004908, 9.1896405, 9.5063433, 10.068179899999999, 12.345226, 35.487972
8.86309975, 9.000288, 9.16826075, 9.4807497, 10.071191749999997, 12.257414889999996, 37.448702
8.86439475, 9.005432, 9.18552275, 9.4590699, 10.0134759, 12.223238, 35.330604
8.86438075, 9.0071105, 9.183206250000001, 9.4568195, 9.941747699999993, 11.913367709999996, 35.330604
8.86651425, 9.001533, 9.16740575, 9.4308959, 9.916641349999995, 11.903513249999992, 37.448702
8.869337999999999, 9.007294, 9.181745750000001, 9.4415157, 10.065503449999998, 11.95896976999999, 33.51644
8.8707955, 9.0060355, 9.18966025, 9.488462, 9.9812166, 12.070419, 37.448702
8.86257675, 9.003879, 9.17894175, 9.419778500000001, 9.857069599999999, 11.89458366, 35.734803
8.8639175, 9.001126500000002, 9.1817615, 9.4607981, 10.025003249999992, 12.070439959999998, 35.734803
8.8588325, 9.003607, 9.181200500000001, 9.4686457, 9.993210149999996, 11.726272319999984, 33.51644
8.86542325, 9.002492499999999, 9.176906, 9.4400171, 9.891773749999999, 11.852057529999989, 16.928153
8.860784500000001, 9.000486500000001, 9.176505, 9.427476, 9.985917299999997, 11.993687219999996, 37.448702
8.86624975, 8.997372, 9.171037499999999, 9.4519932, 10.06522, 12.074013459999964, 37.448702
8.86477425, 9.007787, 9.18531625, 9.444880399999999, 9.906048199999995, 11.897930429999999, 35.734803
8.8682795, 9.009035, 9.19096725, 9.4743177, 10.042222949999998, 12.00816916999999, 37.448702
8.870864999999998, 9.002868, 9.17400625, 9.4498257, 9.9499455, 11.795355169999997, 35.734803
8.86276425, 8.99749, 9.164418, 9.4581344, 9.918443799999999, 11.795578049999992, 35.330604
8.862312, 9.000746, 9.178997, 9.4613561, 10.065882299999997, 11.815598, 14.651023
8.864702, 9.00556, 9.17913675, 9.462921, 10.00536, 12.047984, 35.734803
8.864905, 9.005281, 9.1740425, 9.452334800000001, 10.004487899999999, 12.008393519999984, 37.448702
8.8688655, 9.0077705, 9.20553625, 9.4994052, 10.053427649999996, 11.89822367999999, 33.51644
8.863889, 9.0005055, 9.180702, 9.440225, 9.8599853, 11.726272319999984, 35.330604
8.86926825, 9.010212, 9.194913, 9.466409, 10.092152, 11.903514549999992, 35.734803
8.8708155, 9.005137, 9.182802500000001, 9.444844, 9.843644749999998, 11.903513249999992, 37.448702
8.864727, 9.0077585, 9.187454, 9.4631742, 10.013958249999996, 11.922695769999988, 35.487972
8.864438, 8.9959235, 9.16799975, 9.419716399999999, 9.8292416, 11.903319539999996, 37.448702
8.86248525, 9.000257, 9.17893175, 9.4547844, 9.94995795, 11.809981729999999, 35.487972
8.8705075, 9.0075865, 9.187971, 9.488912000000001, 10.128284299999999, 12.05613009999996, 37.448702
8.86708375, 9.0030655, 9.178288, 9.445208, 10.00353855, 12.054610679999996, 37.448702
8.870050249999998, 9.009644999999999, 9.1862865, 9.4448559, 9.972366000000001, 12.315896989999997, 37.448702
8.868644, 9.0041935, 9.18884725, 9.4584177, 10.061361, 11.971068919999983, 35.734803
8.861583750000001, 8.997254, 9.170274, 9.469285, 9.969382, 11.961399699999992, 33.51644
8.862803, 9.0027715, 9.165789, 9.420474, 9.921006599999997, 11.832284659999997, 35.330604
8.862698, 9.0056735, 9.19070625, 9.4518217, 9.952762049999995, 12.170301709999988, 35.734803
8.86234075, 9.0047975, 9.185991, 9.4508679, 9.94988625, 12.048229309999995, 33.51644
8.863345500000001, 9.00821, 9.186747500000001, 9.4430626, 9.8747654, 11.932546299999998, 35.734803
8.862984, 9.003879999999999, 9.168188, 9.4486272, 9.831191, 11.970619969999992, 35.330604
8.863521, 9.0031485, 9.1789395, 9.4968752, 10.1736949, 12.070439959999998, 37.448702
8.8650855, 9.004237, 9.171114, 9.4148418, 9.92058795, 11.938931769999993, 37.448702
8.874476, 9.0054475, 9.18344075, 9.4737549, 9.973715, 11.678779689999988, 13.334368
8.873648750000001, 9.008331, 9.19243275, 9.466656, 10.005778099999997, 12.05613009999996, 35.734803
8.871101249999999, 9.0031485, 9.187454, 9.445860999999999, 10.0044173, 11.874442, 37.448702
8.864464250000001, 9.000144500000001, 9.175689, 9.4654912, 9.940976799999998, 12.278399749999988, 37.448702
8.86416, 8.994288000000001, 9.169545750000001, 9.459236800000001, 9.969460699999999, 11.939222239999985, 35.330604
8.8740675, 9.011258000000002, 9.188889, 9.4655643, 9.930401999999997, 11.93305116999999, 35.734803
8.8652065, 9.000288, 9.172583, 9.427106100000001, 9.860998349999997, 11.970666749999992, 37.448702
8.868838, 9.00384, 9.192344, 9.4716427, 10.078466, 11.993602939999997, 37.448702
8.86947575, 9.000288, 9.17400625, 9.444963, 9.992588799999996, 11.970292, 24.923449
8.8626685, 9.003879999999999, 9.1715505, 9.443583299999998, 10.005778099999997, 12.223238, 37.448702
8.869114999999999, 9.001104999999999, 9.1738355, 9.478586, 10.030596699999998, 11.95900726999999, 35.330604
8.87206725, 9.0077035, 9.1973275, 9.5163534, 10.06491315, 11.839933679999985, 37.448702
8.854330000000001, 9.002709, 9.178808, 9.4658956, 9.998736649999996, 12.312273, 35.487972
8.862561249999999, 9.00024, 9.17694125, 9.4129542, 9.885101349999998, 11.896796749999995, 35.734803
8.8705075, 9.003519, 9.18519725, 9.4505068, 10.003491, 12.340374149999997, 35.734803
8.857564, 9.0013385, 9.167226000000001, 9.4400171, 9.931906199999995, 12.001569219999949, 35.734803
8.863798, 9.0063525, 9.19720075, 9.466409, 10.023539, 12.170292939999987, 37.448702
8.86330125, 9.00434, 9.185661, 9.471624499999999, 10.068179899999999, 12.277909739999998, 35.734803
8.872201, 9.002868, 9.17341525, 9.419126, 9.870237, 11.89486393, 35.330604
8.864438, 9.006185, 9.176026, 9.4162895, 9.969460699999999, 11.971068919999983, 37.448702
8.863425750000001, 8.998429999999999, 9.182951000000001, 9.4629456, 10.087609, 12.3281949, 37.448702
8.8724745, 9.005045500000001, 9.1741605, 9.4605923, 9.985917299999997, 12.38223143, 37.448702
8.863137, 9.0016295, 9.17614575, 9.446054499999999, 9.90553565, 11.932734399999998, 35.330604
8.86566, 9.0012765, 9.183294, 9.4605923, 10.004487899999999, 12.003135779999997, 37.448702
8.86391075, 9.000936, 9.185661, 9.4730227, 10.092724699999998, 11.903319539999996, 37.448702
8.86686325, 9.003826499999999, 9.1834895, 9.471817699999999, 10.02522854999999, 12.257427629999995, 37.448702
8.870982, 9.005273, 9.173783, 9.436981399999999, 10.030465, 11.938615, 37.448702
8.86837775, 9.006599000000001, 9.180444, 9.4403949, 10.038367049999994, 11.875248069999994, 37.448702
8.870978, 9.0030255, 9.18293975, 9.4658418, 10.069466549999998, 12.054631639999997, 35.734803
8.86920475, 9.000633, 9.176026, 9.419778500000001, 9.847379, 11.757293969999992, 37.448702
8.859537, 8.993051, 9.1683865, 9.440421, 9.859969, 11.970666749999992, 35.487972
8.8645, 9.00858, 9.17154375, 9.4173068, 9.850837, 11.913174, 37.448702
8.862987, 9.001637500000001, 9.1658145, 9.416766, 9.932986, 11.932734399999998, 35.734803
8.8663055, 8.999251, 9.1838085, 9.4658933, 10.013722, 11.90322, 24.923449
8.8628915, 8.9977885, 9.169832, 9.4233548, 9.897551149999998, 11.938839599999994, 29.227148
8.86393575, 9.001839, 9.17894175, 9.4810989, 10.160215449999999, 11.993545, 37.448702
8.865594, 9.010941, 9.183636, 9.4496278, 9.933371699999997, 11.993545, 33.51644
8.8638415, 9.00472, 9.1934205, 9.4743106, 9.994541999999997, 11.89486393, 14.651023
8.77495475, 9.044179, 10.23445225, 11.6718925, 12.383578, 14.902156220000009, 26.889073
8.78334175, 9.067754, 10.265049, 11.6599818, 12.38512925, 15.449582560000003, 19.563106
8.79377875, 9.051, 10.20616025, 11.6289893, 12.439804650000001, 15.02119275, 26.889073
8.777074, 9.038325, 10.20616025, 11.607931, 12.341656799999999, 14.736673190000001, 26.889073
8.786293, 9.0480465, 10.21806025, 11.615907900000002, 12.375530000000001, 15.054253, 26.889073
8.794488, 9.067684, 10.22807875, 11.654684, 12.42317635, 14.938511, 26.889073
8.78892525, 9.0459905, 10.19702925, 11.6158753, 12.335358800000002, 14.944377500000003, 26.889073
8.784007, 9.063717, 10.24051975, 11.617970900000003, 12.462855, 14.815255450000002, 26.889073
8.789062, 9.0522615, 10.174379, 11.582078500000001, 12.423094, 14.757073, 18.677002
8.7864895, 9.0446745, 10.189340999999999, 11.608409, 12.368629250000001, 14.938567590000002, 26.889073
8.7866845, 9.036678, 10.215814, 11.609970300000002, 12.365706, 14.721664, 26.889073
8.7769345, 9.028058, 10.17458525, 11.578122, 12.322318249999999, 14.953882, 26.889073
8.784949, 9.049619, 10.182640249999999, 11.638711800000001, 12.38366815, 14.94417, 26.889073
8.784649, 9.0474325, 10.217979, 11.6470359, 12.413442000000002, 14.757332510000007, 19.393533
8.784241, 9.042244499999999, 10.18473825, 11.643241800000002, 12.44381295, 14.832604760000024, 26.889073
8.785227, 9.0533435, 10.299181, 11.721451, 12.46987415, 14.873968020000007, 19.563106
8.78464, 9.046474, 10.215759, 11.657958, 12.532012550000001, 14.873968020000007, 26.889073
8.7835005, 9.0504625, 10.225465, 11.6499091, 12.4549719, 14.488831520000005, 18.677002
8.781959, 9.0567575, 10.22807875, 11.660891, 12.465433, 14.938664710000003, 18.474331
8.80339475, 9.088349, 10.30603775, 11.694177, 12.341586, 14.8012448, 26.889073
8.790397250000002, 9.0480465, 10.24276925, 11.607931, 12.383360450000001, 14.822911110000003, 19.393533
8.784022, 9.06711, 10.2210625, 11.6468709, 12.5023274, 14.815277050000002, 26.889073
8.80190625, 9.0798515, 10.2833565, 11.693292, 12.3836549, 14.741543, 26.889073
8.7938765, 9.061941, 10.30052875, 11.696501, 12.480044200000005, 15.464191, 26.889073
8.781596, 9.0708075, 10.284044000000002, 11.7024701, 12.478849, 14.996234440000006, 26.889073
8.781603, 9.054306, 10.20302675, 11.6320817, 12.405334200000002, 14.746909, 26.889073
8.78186075, 9.042482, 10.19265625, 11.6489259, 12.49655955, 14.8228456, 26.889073
8.7880915, 9.0405865, 10.2292355, 11.646801, 12.472115, 15.449580190000002, 19.393533
8.786504, 9.040532500000001, 10.188561, 11.5960663, 12.320075, 14.488831520000005, 26.889073
8.786413, 9.059239, 10.279232, 11.688052, 12.479442900000002, 14.832237540000015, 18.677002
8.783368750000001, 9.073132, 10.225465, 11.607978800000001, 12.413339700000002, 15.09555742000004, 26.889073
8.786325, 9.065531, 10.2821705, 11.702588200000001, 12.50278965, 14.646663130000015, 26.889073
8.78196, 9.0688385, 10.247122749999999, 11.649735, 12.395973549999999, 14.663581240000012, 26.889073
8.790105, 9.0475285, 10.23057675, 11.6634417, 12.533566, 14.995983, 19.563106
8.79191525, 9.053087, 10.19131525, 11.607978800000001, 12.43997835, 14.832545930000023, 26.889073
8.784949, 9.050405, 10.2700615, 11.626331400000002, 12.388676200000003, 14.74159666, 18.474331
8.79178875, 9.058902, 10.23312, 11.6726621, 12.559097250000002, 15.240095440000006, 19.563106
8.783767, 9.062354, 10.22039275, 11.658366400000002, 12.45138875, 15.760928, 26.889073
8.7791565, 9.040356500000001, 10.220617, 11.5931873, 12.302881, 14.801356620000002, 26.889073
8.78195325, 9.041504, 10.19788575, 11.674718000000002, 12.574711400000005, 15.021458260000006, 19.563106
8.78191575, 9.0446745, 10.190106, 11.655011400000001, 12.5295792, 15.275308510000041, 19.393533
8.803280749999999, 9.083889, 10.279553, 11.6736765, 12.5335677, 15.76097157, 26.889073
8.7799235, 9.0574745, 10.29556875, 11.682195000000002, 12.52358155, 14.902156220000009, 19.393533
8.784007, 9.0613715, 10.19530775, 11.6006854, 12.3416319, 14.757332510000007, 26.889073
8.795395249999999, 9.050419999999999, 10.248229, 11.663583, 12.449738, 14.646166890000003, 18.66297
8.792152250000001, 9.058963, 10.229568749999999, 11.7344971, 12.5023274, 14.815255450000002, 19.563106
8.784649, 9.054681500000001, 10.21712925, 11.617009300000001, 12.354124550000002, 14.783205930000003, 19.563106
8.866743249999999, 9.002257499999999, 9.176435, 9.4622512, 9.920967, 11.898029969999996, 35.734803
8.88552125, 9.035082, 9.242047750000001, 9.5132366, 9.78827185, 14.731487, 32.855096
8.88706575, 9.044411, 9.235985, 9.502198100000001, 9.710388400000001, 13.48606768, 19.587514
8.895313, 9.046623, 9.24809825, 9.5275827, 9.8068825, 14.108248329999997, 36.893046
8.893898, 9.042258499999999, 9.225616, 9.490519700000002, 9.800376649999999, 13.258511, 21.371576
8.884871500000001, 9.030114000000001, 9.235771, 9.492802200000002, 9.7768505, 14.911027009999989, 36.893046
8.88386275, 9.036984499999999, 9.24236175, 9.5347474, 9.80910795, 11.91519639, 52.853195
8.8820165, 9.02714, 9.225616, 9.5080217, 9.7605659, 16.25468784, 19.892145
8.879805, 9.038760499999999, 9.2437665, 9.518245, 9.780469799999999, 15.724868639999997, 23.303856
0, 0, 0, 0, 0, 0, 0
0, 0, 0, 0, 0, 0, 0
0, 0, 0, 0, 0, 0, 0
0, 0, 0, 0, 0, 0, 0
0, 0, 0, 0, 0, 0, 0
0, 0, 0, 0, 0, 0, 0
0, 0, 0, 0, 0, 0, 0
0, 0, 0, 0, 0, 0, 0
0, 0, 0, 0, 0, 0, 0
0, 0, 0, 0, 0, 0, 0
0, 0, 0, 0, 0, 0, 0
0, 0, 0, 0, 0, 0, 0
0, 0, 0, 0, 0, 0, 0
0, 0, 0, 0, 0, 0, 0
0, 0, 0, 0, 0, 0, 0
0, 0, 0, 0, 0, 0, 0
0, 0, 0, 0, 0, 0, 0
0, 0, 0, 0, 0, 0, 0
0, 0, 0, 0, 0, 0, 0
0, 0, 0, 0, 0, 0, 0
0, 0, 0, 0, 0, 0, 0
0, 0, 0, 0, 0, 0, 0
0, 0, 0, 0, 0, 0, 0
0, 0, 0, 0, 0, 0, 0
0, 0, 0, 0, 0, 0, 0
0, 0, 0, 0, 0, 0, 0
0, 0, 0, 0, 0, 0, 0
0, 0, 0, 0, 0, 0, 0
0, 0, 0, 0, 0, 0, 0
0, 0, 0, 0, 0, 0, 0
0, 0, 0, 0, 0, 0, 0
0, 0, 0, 0, 0, 0, 0
0, 0, 0, 0, 0, 0, 0
0, 0, 0, 0, 0, 0, 0
0, 0, 0, 0, 0, 0, 0
0, 0, 0, 0, 0, 0, 0
0, 0, 0, 0, 0, 0, 0
0, 0, 0, 0, 0, 0, 0
0, 0, 0, 0, 0, 0, 0
0, 0, 0, 0, 0, 0, 0
0, 0, 0, 0, 0, 0, 0
0, 0, 0, 0, 0, 0, 0
0, 0, 0, 0, 0, 0, 0
0, 0, 0, 0, 0, 0, 0
0, 0, 0, 0, 0, 0, 0
0, 0, 0, 0, 0, 0, 0
0, 0, 0, 0, 0, 0, 0
0, 0, 0, 0, 0, 0, 0
0, 0, 0, 0, 0, 0, 0
0, 0, 0, 0, 0, 0, 0
0, 0, 0, 0, 0, 0, 0
0, 0, 0, 0, 0, 0, 0
0, 0, 0, 0, 0, 0, 0
0, 0, 0, 0, 0, 0, 0
0, 0, 0, 0, 0, 0, 0
0, 0, 0, 0, 0, 0, 0
0, 0, 0, 0, 0, 0, 0
0, 0, 0, 0, 0, 0, 0
0, 0, 0, 0, 0, 0, 0
0, 0, 0, 0, 0, 0, 0
0, 0, 0, 0, 0, 0, 0
0, 0, 0, 0, 0, 0, 0
0, 0, 0, 0, 0, 0, 0
0, 0, 0, 0, 0, 0, 0
0, 0, 0, 0, 0, 0, 0
0, 0, 0, 0, 0, 0, 0
0, 0, 0, 0, 0, 0, 0
0, 0, 0, 0, 0, 0, 0
0, 0, 0, 0, 0, 0, 0
0, 0, 0, 0, 0, 0, 0
0, 0, 0, 0, 0, 0, 0
0, 0, 0, 0, 0, 0, 0
0, 0, 0, 0, 0, 0, 0
0, 0, 0, 0, 0, 0, 0
0, 0, 0, 0, 0, 0, 0
0, 0, 0, 0, 0, 0, 0
0, 0, 0, 0, 0, 0, 0
0, 0, 0, 0, 0, 0, 0
0, 0, 0, 0, 0, 0, 0
0, 0, 0, 0, 0, 0, 0
0, 0, 0, 0, 0, 0, 0
0, 0, 0, 0, 0, 0, 0
0, 0, 0, 0, 0, 0, 0
0, 0, 0, 0, 0, 0, 0
0, 0, 0, 0, 0, 0, 0
0, 0, 0, 0, 0, 0, 0
0, 0, 0, 0, 0, 0, 0
0, 0, 0, 0, 0, 0, 0
0, 0, 0, 0, 0, 0, 0
0, 0, 0, 0, 0, 0, 0
0, 0, 0, 0, 0, 0, 0
0, 0, 0, 0, 0, 0, 0
0, 0, 0, 0, 0, 0, 0
0, 0, 0, 0, 0, 0, 0
0, 0, 0, 0, 0, 0, 0
0, 0, 0, 0, 0, 0, 0
0, 0, 0, 0, 0, 0, 0
0, 0, 0, 0, 0, 0, 0
0, 0, 0, 0, 0, 0, 0
0, 0, 0, 0, 0, 0, 0
0, 0, 0, 0, 0, 0, 0
0, 0, 0, 0, 0, 0, 0
0, 0, 0, 0, 0, 0, 0
0, 0, 0, 0, 0, 0, 0
0, 0, 0, 0, 0, 0, 0
0, 0, 0, 0, 0, 0, 0
0, 0, 0, 0, 0, 0, 0
0, 0, 0, 0, 0, 0, 0
0, 0, 0, 0, 0, 0, 0
0, 0, 0, 0, 0, 0, 0
0, 0, 0, 0, 0, 0, 0
0, 0, 0, 0, 0, 0, 0
0, 0, 0, 0, 0, 0, 0
0, 0, 0, 0, 0, 0, 0
0, 0, 0, 0, 0, 0, 0
0, 0, 0, 0, 0, 0, 0
0, 0, 0, 0, 0, 0, 0
0, 0, 0, 0, 0, 0, 0
0, 0, 0, 0, 0, 0, 0
0, 0, 0, 0, 0, 0, 0
0, 0, 0, 0, 0, 0, 0
0, 0, 0, 0, 0, 0, 0
0, 0, 0, 0, 0, 0, 0
0, 0, 0, 0, 0, 0, 0
0, 0, 0, 0, 0, 0, 0
0, 0, 0, 0, 0, 0, 0
0, 0, 0, 0, 0, 0, 0
0, 0, 0, 0, 0, 0, 0
0, 0, 0, 0, 0, 0, 0
0, 0, 0, 0, 0, 0, 0
0, 0, 0, 0, 0, 0, 0
0, 0, 0, 0, 0, 0, 0
0, 0, 0, 0, 0, 0, 0
0, 0, 0, 0, 0, 0, 0
0, 0, 0, 0, 0, 0, 0
0, 0, 0, 0, 0, 0, 0
0, 0, 0, 0, 0, 0, 0
0, 0, 0, 0, 0, 0, 0
0, 0, 0, 0, 0, 0, 0
0, 0, 0, 0, 0, 0, 0
0, 0, 0, 0, 0, 0, 0
0, 0, 0, 0, 0, 0, 0
0, 0, 0, 0, 0, 0, 0
0, 0, 0, 0, 0, 0, 0
0, 0, 0, 0, 0, 0, 0
0, 0, 0, 0, 0, 0, 0
0, 0, 0, 0, 0, 0, 0
0, 0, 0, 0, 0, 0, 0
0, 0, 0, 0, 0, 0, 0
0, 0, 0, 0, 0, 0, 0
0, 0, 0, 0, 0, 0, 0
0, 0, 0, 0, 0, 0, 0
0, 0, 0, 0, 0, 0, 0
0, 0, 0, 0, 0, 0, 0
0, 0, 0, 0, 0, 0, 0
0, 0, 0, 0, 0, 0, 0
0, 0, 0, 0, 0, 0, 0
0, 0, 0, 0, 0, 0, 0
0, 0, 0, 0, 0, 0, 0
0, 0, 0, 0, 0, 0, 0
0, 0, 0, 0, 0, 0, 0
0, 0, 0, 0, 0, 0, 0
0, 0, 0, 0, 0, 0, 0
0, 0, 0, 0, 0, 0, 0
0, 0, 0, 0, 0, 0, 0
0, 0, 0, 0, 0, 0, 0
0, 0, 0, 0, 0, 0, 0
0, 0, 0, 0, 0, 0, 0
0, 0, 0, 0, 0, 0, 0
0, 0, 0, 0, 0, 0, 0
0, 0, 0, 0, 0, 0, 0
0, 0, 0, 0, 0, 0, 0
0, 0, 0, 0, 0, 0, 0
0, 0, 0, 0, 0, 0, 0
0, 0, 0, 0, 0, 0, 0
0, 0, 0, 0, 0, 0, 0
0, 0, 0, 0, 0, 0, 0
0, 0, 0, 0, 0, 0, 0
0, 0, 0, 0, 0, 0, 0
0, 0, 0, 0, 0, 0, 0
0, 0, 0, 0, 0, 0, 0
0, 0, 0, 0, 0, 0, 0
0, 0, 0, 0, 0, 0, 0
0, 0, 0, 0, 0, 0, 0
0, 0, 0, 0, 0, 0, 0
0, 0, 0, 0, 0, 0, 0
0, 0, 0, 0, 0, 0, 0
0, 0, 0, 0, 0, 0, 0
0, 0, 0, 0, 0, 0, 0
0, 0, 0, 0, 0, 0, 0
0, 0, 0, 0, 0, 0, 0
0, 0, 0, 0, 0, 0, 0
0, 0, 0, 0, 0, 0, 0
0, 0, 0, 0, 0, 0, 0
0, 0, 0, 0, 0, 0, 0
0, 0, 0, 0, 0, 0, 0
0, 0, 0, 0, 0, 0, 0
0, 0, 0, 0, 0, 0, 0
0, 0, 0, 0, 0, 0, 0
0, 0, 0, 0, 0, 0, 0
0, 0, 0, 0, 0, 0, 0
0, 0, 0, 0, 0, 0, 0
0, 0, 0, 0, 0, 0, 0
0, 0, 0, 0, 0, 0, 0
0, 0, 0, 0, 0, 0, 0
0, 0, 0, 0, 0, 0, 0
0, 0, 0, 0, 0, 0, 0
0, 0, 0, 0, 0, 0, 0
0, 0, 0, 0, 0, 0, 0
0, 0, 0, 0, 0, 0, 0
0, 0, 0, 0, 0, 0, 0
0, 0, 0, 0, 0, 0, 0
0, 0, 0, 0, 0, 0, 0
0, 0, 0, 0, 0, 0, 0
0, 0, 0, 0, 0, 0, 0
0, 0, 0, 0, 0, 0, 0
0, 0, 0, 0, 0, 0, 0
0, 0, 0, 0, 0, 0, 0
0, 0, 0, 0, 0, 0, 0
0, 0, 0, 0, 0, 0, 0
0, 0, 0, 0, 0, 0, 0
0, 0, 0, 0, 0, 0, 0
0, 0, 0, 0, 0, 0, 0
0, 0, 0, 0, 0, 0, 0
0, 0, 0, 0, 0, 0, 0
0, 0, 0, 0, 0, 0, 0
0, 0, 0, 0, 0, 0, 0
0, 0, 0, 0, 0, 0, 0
0, 0, 0, 0, 0, 0, 0
0, 0, 0, 0, 0, 0, 0
0, 0, 0, 0, 0, 0, 0
0, 0, 0, 0, 0, 0, 0
0, 0, 0, 0, 0, 0, 0
0, 0, 0, 0, 0, 0, 0
0, 0, 0, 0, 0, 0, 0
0, 0, 0, 0, 0, 0, 0
0, 0, 0, 0, 0, 0, 0
0, 0, 0, 0, 0, 0, 0
0, 0, 0, 0, 0, 0, 0
0, 0, 0, 0, 0, 0, 0
0, 0, 0, 0, 0, 0, 0
0, 0, 0, 0, 0, 0, 0
0, 0, 0, 0, 0, 0, 0
0, 0, 0, 0, 0, 0, 0
0, 0, 0, 0, 0, 0, 0
0, 0, 0, 0, 0, 0, 0
0, 0, 0, 0, 0, 0, 0
0, 0, 0, 0, 0, 0, 0
0, 0, 0, 0, 0, 0, 0
0, 0, 0, 0, 0, 0, 0
0, 0, 0, 0, 0, 0, 0
0, 0, 0, 0, 0, 0, 0
0, 0, 0, 0, 0, 0, 0
0, 0, 0, 0, 0, 0, 0
0, 0, 0, 0, 0, 0, 0
0, 0, 0, 0, 0, 0, 0
0, 0, 0, 0, 0, 0, 0
0, 0, 0, 0, 0, 0, 0
0, 0, 0, 0, 0, 0, 0
0, 0, 0, 0, 0, 0, 0
0, 0, 0, 0, 0, 0, 0
0, 0, 0, 0, 0, 0, 0
0, 0, 0, 0, 0, 0, 0
0, 0, 0, 0, 0, 0, 0
0, 0, 0, 0, 0, 0, 0
0, 0, 0, 0, 0, 0, 0
0, 0, 0, 0, 0, 0, 0
0, 0, 0, 0, 0, 0, 0
0, 0, 0, 0, 0, 0, 0
0, 0, 0, 0, 0, 0, 0
0, 0, 0, 0, 0, 0, 0
0, 0, 0, 0, 0, 0, 0
0, 0, 0, 0, 0, 0, 0
0, 0, 0, 0, 0, 0, 0
0, 0, 0, 0, 0, 0, 0
0, 0, 0, 0, 0, 0, 0
0, 0, 0, 0, 0, 0, 0
0, 0, 0, 0, 0, 0, 0
0, 0, 0, 0, 0, 0, 0
0, 0, 0, 0, 0, 0, 0
0, 0, 0, 0, 0, 0, 0
0, 0, 0, 0, 0, 0, 0
0, 0, 0, 0, 0, 0, 0
0, 0, 0, 0, 0, 0, 0
0, 0, 0, 0, 0, 0, 0
0, 0, 0, 0, 0, 0, 0
0, 0, 0, 0, 0, 0, 0
0, 0, 0, 0, 0, 0, 0
0, 0, 0, 0, 0, 0, 0
0, 0, 0, 0, 0, 0, 0
0, 0, 0, 0, 0, 0, 0
0, 0, 0, 0, 0, 0, 0
0, 0, 0, 0, 0, 0, 0
0, 0, 0, 0, 0, 0, 0
0, 0, 0, 0, 0, 0, 0
0, 0, 0, 0, 0, 0, 0
0, 0, 0, 0, 0, 0, 0
0, 0, 0, 0, 0, 0, 0
0, 0, 0, 0, 0, 0, 0
0, 0, 0, 0, 0, 0, 0
0, 0, 0, 0, 0, 0, 0
0, 0, 0, 0, 0, 0, 0
0, 0, 0, 0, 0, 0, 0
0, 0, 0, 0, 0, 0, 0
0, 0, 0, 0, 0, 0, 0
0, 0, 0, 0, 0, 0, 0
0, 0, 0, 0, 0, 0, 0
0, 0, 0, 0, 0, 0, 0
0, 0, 0, 0, 0, 0, 0
0, 0, 0, 0, 0, 0, 0
0, 0, 0, 0, 0, 0, 0
0, 0, 0, 0, 0, 0, 0
0, 0, 0, 0, 0, 0, 0
0, 0, 0, 0, 0, 0, 0
0, 0, 0, 0, 0, 0, 0
0, 0, 0, 0, 0, 0, 0
0, 0, 0, 0, 0, 0, 0
0, 0, 0, 0, 0, 0, 0
0, 0, 0, 0, 0, 0, 0
0, 0, 0, 0, 0, 0, 0
0, 0, 0, 0, 0, 0, 0
0, 0, 0, 0, 0, 0, 0
0, 0, 0, 0, 0, 0, 0
0, 0, 0, 0, 0, 0, 0
0, 0, 0, 0, 0, 0, 0
0, 0, 0, 0, 0, 0, 0
0, 0, 0, 0, 0, 0, 0
0, 0, 0, 0, 0, 0, 0
0, 0, 0, 0, 0, 0, 0
0, 0, 0, 0, 0, 0, 0
0, 0, 0, 0, 0, 0, 0
0, 0, 0, 0, 0, 0, 0
0, 0, 0, 0, 0, 0, 0
0, 0, 0, 0, 0, 0, 0
0, 0, 0, 0, 0, 0, 0
0, 0, 0, 0, 0, 0, 0
0, 0, 0, 0, 0, 0, 0
0, 0, 0, 0, 0, 0, 0
0, 0, 0, 0, 0, 0, 0
0, 0, 0, 0, 0, 0, 0
0, 0, 0, 0, 0, 0, 0
0, 0, 0, 0, 0, 0, 0
0, 0, 0, 0, 0, 0, 0
0, 0, 0, 0, 0, 0, 0
0, 0, 0, 0, 0, 0, 0
0, 0, 0, 0, 0, 0, 0
0, 0, 0, 0, 0, 0, 0
0, 0, 0, 0, 0, 0, 0
0, 0, 0, 0, 0, 0, 0
0, 0, 0, 0, 0, 0, 0
0, 0, 0, 0, 0, 0, 0
0, 0, 0, 0, 0, 0, 0
0, 0, 0, 0, 0, 0, 0
0, 0, 0, 0, 0, 0, 0
0, 0, 0, 0, 0, 0, 0
0, 0, 0, 0, 0, 0, 0
0, 0, 0, 0, 0, 0, 0
0, 0, 0, 0, 0, 0, 0
0, 0, 0, 0, 0, 0, 0
0, 0, 0, 0, 0, 0, 0
0, 0, 0, 0, 0, 0, 0
0, 0, 0, 0, 0, 0, 0
0, 0, 0, 0, 0, 0, 0
0, 0, 0, 0, 0, 0, 0
0, 0, 0, 0, 0, 0, 0
0, 0, 0, 0, 0, 0, 0
0, 0, 0, 0, 0, 0, 0
0, 0, 0, 0, 0, 0, 0
0, 0, 0, 0, 0, 0, 0
0, 0, 0, 0, 0, 0, 0
0, 0, 0, 0, 0, 0, 0
0, 0, 0, 0, 0, 0, 0
0, 0, 0, 0, 0, 0, 0
0, 0, 0, 0, 0, 0, 0
0, 0, 0, 0, 0, 0, 0
0, 0, 0, 0, 0, 0, 0
0, 0, 0, 0, 0, 0, 0
0, 0, 0, 0, 0, 0, 0
0, 0, 0, 0, 0, 0, 0
0, 0, 0, 0, 0, 0, 0
0, 0, 0, 0, 0, 0, 0
0, 0, 0, 0, 0, 0, 0
0, 0, 0, 0, 0, 0, 0
0, 0, 0, 0, 0, 0, 0
0, 0, 0, 0, 0, 0, 0
0, 0, 0, 0, 0, 0, 0
0, 0, 0, 0, 0, 0, 0
0, 0, 0, 0, 0, 0, 0
0, 0, 0, 0, 0, 0, 0
0, 0, 0, 0, 0, 0, 0
0, 0, 0, 0, 0, 0, 0
0, 0, 0, 0, 0, 0, 0
0, 0, 0, 0, 0, 0, 0
0, 0, 0, 0, 0, 0, 0
0, 0, 0, 0, 0, 0, 0
0, 0, 0, 0, 0, 0, 0
0, 0, 0, 0, 0, 0, 0
0, 0, 0, 0, 0, 0, 0
0, 0, 0, 0, 0, 0, 0
0, 0, 0, 0, 0, 0, 0
0, 0, 0, 0, 0, 0, 0
0, 0, 0, 0, 0, 0, 0
0, 0, 0, 0, 0, 0, 0
0, 0, 0, 0, 0, 0, 0
0, 0, 0, 0, 0, 0, 0
0, 0, 0, 0, 0, 0, 0
0, 0, 0, 0, 0, 0, 0
0, 0, 0, 0, 0, 0, 0
0, 0, 0, 0, 0, 0, 0
0, 0, 0, 0, 0, 0, 0
0, 0, 0, 0, 0, 0, 0
0, 0, 0, 0, 0, 0, 0
0, 0, 0, 0, 0, 0, 0
0, 0, 0, 0, 0, 0, 0
0, 0, 0, 0, 0, 0, 0
0, 0, 0, 0, 0, 0, 0
0, 0, 0, 0, 0, 0, 0
0, 0, 0, 0, 0, 0, 0
0, 0, 0, 0, 0, 0, 0
0, 0, 0, 0, 0, 0, 0
0, 0, 0, 0, 0, 0, 0
0, 0, 0, 0, 0, 0, 0
0, 0, 0, 0, 0, 0, 0
0, 0, 0, 0, 0, 0, 0
0, 0, 0, 0, 0, 0, 0
0, 0, 0, 0, 0, 0, 0
0, 0, 0, 0, 0, 0, 0
0, 0, 0, 0, 0, 0, 0
0, 0, 0, 0, 0, 0, 0
0, 0, 0, 0, 0, 0, 0
0, 0, 0, 0, 0, 0, 0
0, 0, 0, 0, 0, 0, 0
0, 0, 0, 0, 0, 0, 0
0, 0, 0, 0, 0, 0, 0
0, 0, 0, 0, 0, 0, 0
0, 0, 0, 0, 0, 0, 0
0, 0, 0, 0, 0, 0, 0
0, 0, 0, 0, 0, 0, 0
0, 0, 0, 0, 0, 0, 0
0, 0, 0, 0, 0, 0, 0
0, 0, 0, 0, 0, 0, 0
0, 0, 0, 0, 0, 0, 0
0, 0, 0, 0, 0, 0, 0
0, 0, 0, 0, 0, 0, 0
0, 0, 0, 0, 0, 0, 0
0, 0, 0, 0, 0, 0, 0
0, 0, 0, 0, 0, 0, 0
0, 0, 0, 0, 0, 0, 0
0, 0, 0, 0, 0, 0, 0
0, 0, 0, 0, 0, 0, 0
0, 0, 0, 0, 0, 0, 0
0, 0, 0, 0, 0, 0, 0
0, 0, 0, 0, 0, 0, 0
0, 0, 0, 0, 0, 0, 0
0, 0, 0, 0, 0, 0, 0
0, 0, 0, 0, 0, 0, 0
0, 0, 0, 0, 0, 0, 0
0, 0, 0, 0, 0, 0, 0
0, 0, 0, 0, 0, 0, 0
0, 0, 0, 0, 0, 0, 0
0, 0, 0, 0, 0, 0, 0
0, 0, 0, 0, 0, 0, 0
0, 0, 0, 0, 0, 0, 0
0, 0, 0, 0, 0, 0, 0
0, 0, 0, 0, 0, 0, 0
0, 0, 0, 0, 0, 0, 0
0, 0, 0, 0, 0, 0, 0
0, 0, 0, 0, 0, 0, 0
0, 0, 0, 0, 0, 0, 0
0, 0, 0, 0, 0, 0, 0
0, 0, 0, 0, 0, 0, 0
0, 0, 0, 0, 0, 0, 0
0, 0, 0, 0, 0, 0, 0
0, 0, 0, 0, 0, 0, 0
0, 0, 0, 0, 0, 0, 0
0, 0, 0, 0, 0, 0, 0
0, 0, 0, 0, 0, 0, 0
0, 0, 0, 0, 0, 0, 0
0, 0, 0, 0, 0, 0, 0
0, 0, 0, 0, 0, 0, 0
0, 0, 0, 0, 0, 0, 0
0, 0, 0, 0, 0, 0, 0
0, 0, 0, 0, 0, 0, 0
0, 0, 0, 0, 0, 0, 0
0, 0, 0, 0, 0, 0, 0
0, 0, 0, 0, 0, 0, 0
0, 0, 0, 0, 0, 0, 0
0, 0, 0, 0, 0, 0, 0
0, 0, 0, 0, 0, 0, 0
0, 0, 0, 0, 0, 0, 0
0, 0, 0, 0, 0, 0, 0
0, 0, 0, 0, 0, 0, 0
0, 0, 0, 0, 0, 0, 0
0, 0, 0, 0, 0, 0, 0
0, 0, 0, 0, 0, 0, 0
0, 0, 0, 0, 0, 0, 0
0, 0, 0, 0, 0, 0, 0
0, 0, 0, 0, 0, 0, 0
0, 0, 0, 0, 0, 0, 0
0, 0, 0, 0, 0, 0, 0
0, 0, 0, 0, 0, 0, 0
0, 0, 0, 0, 0, 0, 0
0, 0, 0, 0, 0, 0, 0
0, 0, 0, 0, 0, 0, 0
0, 0, 0, 0, 0, 0, 0
0, 0, 0, 0, 0, 0, 0
0, 0, 0, 0, 0, 0, 0
0, 0, 0, 0, 0, 0, 0
0, 0, 0, 0, 0, 0, 0
0, 0, 0, 0, 0, 0, 0
0, 0, 0, 0, 0, 0, 0
0, 0, 0, 0, 0, 0, 0
0, 0, 0, 0, 0, 0, 0
0, 0, 0, 0, 0, 0, 0
0, 0, 0, 0, 0, 0, 0
0, 0, 0, 0, 0, 0, 0
0, 0, 0, 0, 0, 0, 0
0, 0, 0, 0, 0, 0, 0
0, 0, 0, 0, 0, 0, 0
0, 0, 0, 0, 0, 0, 0
0, 0, 0, 0, 0, 0, 0
0, 0, 0, 0, 0, 0, 0
0, 0, 0, 0, 0, 0, 0
0, 0, 0, 0, 0, 0, 0
0, 0, 0, 0, 0, 0, 0
0, 0, 0, 0, 0, 0, 0
0, 0, 0, 0, 0, 0, 0
0, 0, 0, 0, 0, 0, 0
0, 0, 0, 0, 0, 0, 0
0, 0, 0, 0, 0, 0, 0
0, 0, 0, 0, 0, 0, 0
0, 0, 0, 0, 0, 0, 0
0, 0, 0, 0, 0, 0, 0
0, 0, 0, 0, 0, 0, 0
0, 0, 0, 0, 0, 0, 0
0, 0, 0, 0, 0, 0, 0
0, 0, 0, 0, 0, 0, 0
0, 0, 0, 0, 0, 0, 0
0, 0, 0, 0, 0, 0, 0
0, 0, 0, 0, 0, 0, 0
0, 0, 0, 0, 0, 0, 0
0, 0, 0, 0, 0, 0, 0
0, 0, 0, 0, 0, 0, 0
0, 0, 0, 0, 0, 0, 0
0, 0, 0, 0, 0, 0, 0
0, 0, 0, 0, 0, 0, 0
0, 0, 0, 0, 0, 0, 0
0, 0, 0, 0, 0, 0, 0
0, 0, 0, 0, 0, 0, 0
0, 0, 0, 0, 0, 0, 0
0, 0, 0, 0, 0, 0, 0
0, 0, 0, 0, 0, 0, 0
0, 0, 0, 0, 0, 0, 0
0, 0, 0, 0, 0, 0, 0
0, 0, 0, 0, 0, 0, 0
0, 0, 0, 0, 0, 0, 0
0, 0, 0, 0, 0, 0, 0
0, 0, 0, 0, 0, 0, 0
0, 0, 0, 0, 0, 0, 0
0, 0, 0, 0, 0, 0, 0
0, 0, 0, 0, 0, 0, 0
0, 0, 0, 0, 0, 0, 0
0, 0, 0, 0, 0, 0, 0
0, 0, 0, 0, 0, 0, 0
0, 0, 0, 0, 0, 0, 0
0, 0, 0, 0, 0, 0, 0
0, 0, 0, 0, 0, 0, 0
0, 0, 0, 0, 0, 0, 0
0, 0, 0, 0, 0, 0, 0
0, 0, 0, 0, 0, 0, 0
0, 0, 0, 0, 0, 0, 0
0, 0, 0, 0, 0, 0, 0
0, 0, 0, 0, 0, 0, 0
0, 0, 0, 0, 0, 0, 0
0, 0, 0, 0, 0, 0, 0
0, 0, 0, 0, 0, 0, 0
0, 0, 0, 0, 0, 0, 0
0, 0, 0, 0, 0, 0, 0
0, 0, 0, 0, 0, 0, 0
0, 0, 0, 0, 0, 0, 0
0, 0, 0, 0, 0, 0, 0
0, 0, 0, 0, 0, 0, 0
0, 0, 0, 0, 0, 0, 0
0, 0, 0, 0, 0, 0, 0
0, 0, 0, 0, 0, 0, 0
0, 0, 0, 0, 0, 0, 0
0, 0, 0, 0, 0, 0, 0
0, 0, 0, 0, 0, 0, 0
0, 0, 0, 0, 0, 0, 0
0, 0, 0, 0, 0, 0, 0
0, 0, 0, 0, 0, 0, 0
0, 0, 0, 0, 0, 0, 0
0, 0, 0, 0, 0, 0, 0
0, 0, 0, 0, 0, 0, 0
0, 0, 0, 0, 0, 0, 0
0, 0, 0, 0, 0, 0, 0
0, 0, 0, 0, 0, 0, 0
0, 0, 0, 0, 0, 0, 0
0, 0, 0, 0, 0, 0, 0
0, 0, 0, 0, 0, 0, 0
0, 0, 0, 0, 0, 0, 0
0, 0, 0, 0, 0, 0, 0
0, 0, 0, 0, 0, 0, 0
0, 0, 0, 0, 0, 0, 0
0, 0, 0, 0, 0, 0, 0
0, 0, 0, 0, 0, 0, 0
0, 0, 0, 0, 0, 0, 0
0, 0, 0, 0, 0, 0, 0
0, 0, 0, 0, 0, 0, 0
0, 0, 0, 0, 0, 0, 0
0, 0, 0, 0, 0, 0, 0
0, 0, 0, 0, 0, 0, 0
0, 0, 0, 0, 0, 0, 0
0, 0, 0, 0, 0, 0, 0
0, 0, 0, 0, 0, 0, 0
0, 0, 0, 0, 0, 0, 0
0, 0, 0, 0, 0, 0, 0
0, 0, 0, 0, 0, 0, 0
0, 0, 0, 0, 0, 0, 0
0, 0, 0, 0, 0, 0, 0
0, 0, 0, 0, 0, 0, 0
0, 0, 0, 0, 0, 0, 0
0, 0, 0, 0, 0, 0, 0
0, 0, 0, 0, 0, 0, 0
0, 0, 0, 0, 0, 0, 0
0, 0, 0, 0, 0, 0, 0
0, 0, 0, 0, 0, 0, 0
0, 0, 0, 0, 0, 0, 0
0, 0, 0, 0, 0, 0, 0
0, 0, 0, 0, 0, 0, 0
0, 0, 0, 0, 0, 0, 0
0, 0, 0, 0, 0, 0, 0
0, 0, 0, 0, 0, 0, 0
0, 0, 0, 0, 0, 0, 0
0, 0, 0, 0, 0, 0, 0
0, 0, 0, 0, 0, 0, 0
0, 0, 0, 0, 0, 0, 0
0, 0, 0, 0, 0, 0, 0
0, 0, 0, 0, 0, 0, 0
0, 0, 0, 0, 0, 0, 0
0, 0, 0, 0, 0, 0, 0
0, 0, 0, 0, 0, 0, 0
0, 0, 0, 0, 0, 0, 0
0, 0, 0, 0, 0, 0, 0
0, 0, 0, 0, 0, 0, 0
0, 0, 0, 0, 0, 0, 0
0, 0, 0, 0, 0, 0, 0
0, 0, 0, 0, 0, 0, 0
0, 0, 0, 0, 0, 0, 0
0, 0, 0, 0, 0, 0, 0
0, 0, 0, 0, 0, 0, 0
0, 0, 0, 0, 0, 0, 0
0, 0, 0, 0, 0, 0, 0
0, 0, 0, 0, 0, 0, 0
0, 0, 0, 0, 0, 0, 0
0, 0, 0, 0, 0, 0, 0
0, 0, 0, 0, 0, 0, 0
0, 0, 0, 0, 0, 0, 0
0, 0, 0, 0, 0, 0, 0
0, 0, 0, 0, 0, 0, 0
0, 0, 0, 0, 0, 0, 0
0, 0, 0, 0, 0, 0, 0
0, 0, 0, 0, 0, 0, 0
0, 0, 0, 0, 0, 0, 0
0, 0, 0, 0, 0, 0, 0
0, 0, 0, 0, 0, 0, 0
0, 0, 0, 0, 0, 0, 0
0, 0, 0, 0, 0, 0, 0
0, 0, 0, 0, 0, 0, 0
0, 0, 0, 0, 0, 0, 0
0, 0, 0, 0, 0, 0, 0
0, 0, 0, 0, 0, 0, 0
0, 0, 0, 0, 0, 0, 0
0, 0, 0, 0, 0, 0, 0
0, 0, 0, 0, 0, 0, 0
0, 0, 0, 0, 0, 0, 0
0, 0, 0, 0, 0, 0, 0
0, 0, 0, 0, 0, 0, 0
0, 0, 0, 0, 0, 0, 0
0, 0, 0, 0, 0, 0, 0
0, 0, 0, 0, 0, 0, 0
0, 0, 0, 0, 0, 0, 0
0, 0, 0, 0, 0, 0, 0
0, 0, 0, 0, 0, 0, 0
0, 0, 0, 0, 0, 0, 0
0, 0, 0, 0, 0, 0, 0
0, 0, 0, 0, 0, 0, 0
0, 0, 0, 0, 0, 0, 0
0, 0, 0, 0, 0, 0, 0
0, 0, 0, 0, 0, 0, 0
0, 0, 0, 0, 0, 0, 0
0, 0, 0, 0, 0, 0, 0
0, 0, 0, 0, 0, 0, 0
0, 0, 0, 0, 0, 0, 0
0, 0, 0, 0, 0, 0, 0
0, 0, 0, 0, 0, 0, 0
0, 0, 0, 0, 0, 0, 0
0, 0, 0, 0, 0, 0, 0
0, 0, 0, 0, 0, 0, 0
0, 0, 0, 0, 0, 0, 0
0, 0, 0, 0, 0, 0, 0
0, 0, 0, 0, 0, 0, 0
0, 0, 0, 0, 0, 0, 0
0, 0, 0, 0, 0, 0, 0
0, 0, 0, 0, 0, 0, 0
0, 0, 0, 0, 0, 0, 0
0, 0, 0, 0, 0, 0, 0
0, 0, 0, 0, 0, 0, 0
0, 0, 0, 0, 0, 0, 0
0, 0, 0, 0, 0, 0, 0
0, 0, 0, 0, 0, 0, 0
0, 0, 0, 0, 0, 0, 0
0, 0, 0, 0, 0, 0, 0
0, 0, 0, 0, 0, 0, 0
0, 0, 0, 0, 0, 0, 0
0, 0, 0, 0, 0, 0, 0
0, 0, 0, 0, 0, 0, 0
0, 0, 0, 0, 0, 0, 0
0, 0, 0, 0, 0, 0, 0
8.8770585, 9.040496, 9.2482895, 9.5181868, 9.761436549999999, 15.267818949999995, 23.303856
8.8890735, 9.036272, 9.2354045, 9.5171299, 9.80909, 16.099406520000002, 19.587514
8.883657750000001, 9.042201500000001, 9.23760525, 9.5093415, 9.7851173, 14.700135689999993, 36.893046
8.883292749999999, 9.0469605, 9.25001525, 9.5388683, 9.765778, 13.618961919999998, 19.892145
8.88098125, 9.052679999999999, 9.24867875, 9.539383400000002, 9.812882, 14.731487, 36.893046
8.8912415, 9.047865, 9.2492155, 9.5378198, 9.8163103, 14.731487, 21.371576
8.88610575, 9.03862, 9.23197925, 9.484342999999999, 9.67173545, 11.530913589999999, 32.855096
8.888497749999999, 9.042407, 9.24752125, 9.503467, 9.771558, 16.179549, 32.855096
8.87113, 9.000557, 9.18421575, 9.440225, 9.93106605, 12.170641409999979, 37.448702
8.869622, 9.004527, 9.178934, 9.4716427, 10.005544299999997, 11.922318299999997, 35.734803
8.86965, 9.004705000000001, 9.1788165, 9.480944, 10.133688549999995, 12.071412479999976, 37.448702
8.85976025, 9.0052, 9.189205, 9.4659455, 10.057724499999997, 11.897930429999999, 37.448702
8.866577, 9.000746, 9.16845, 9.412034, 9.73202025, 11.96149513999999, 35.487972
8.865643500000001, 9.002392, 9.1788815, 9.4338976, 9.913345, 11.938615, 35.330604
8.865643500000001, 8.9984865, 9.173771, 9.416717, 9.92712555, 11.970582469999993, 35.487972
8.868969250000001, 9.0006725, 9.16361575, 9.423044, 9.9499455, 11.938814469999995, 35.734803
8.868687249999999, 9.003108, 9.1712625, 9.4233101, 9.892177949999997, 11.970524529999995, 37.448702
8.792651, 9.0539795, 10.2183605, 11.608917500000002, 12.380756450000002, 14.757073, 19.393533
8.78186075, 9.0460625, 10.191764, 11.646120300000002, 12.472115, 14.815179, 18.865024
8.788888, 9.07312, 10.279407, 11.6736189, 12.518868200000002, 14.995983, 19.563106
8.64685225, 9.110145, 10.76590425, 12.382462, 13.925927999999997, 17.644383, 38.813544
8.658231, 9.147061, 10.774292, 12.402633, 13.921468, 17.61197376, 38.813544
8.642829, 9.124901, 10.783547250000002, 12.480543, 14.105016, 17.786971, 38.813544
8.645800000000001, 9.111086499999999, 10.768044, 12.430775, 14.078328, 17.813216060000006, 38.813544
8.64759125, 9.086538000000001, 10.781742000000001, 12.3453173, 13.911605399999996, 18.189378760000007, 38.813544
8.645656500000001, 9.137233, 10.780169, 12.426723200000001, 14.09346615, 17.787040250000004, 27.927733
8.6496735, 9.167744, 10.809144, 12.481478300000001, 14.066715599999997, 17.539180490000017, 38.813544
8.644519, 9.10982, 10.74263225, 12.3658189, 13.974307, 18.321207, 38.404747
8.641572750000002, 9.111417, 10.844076000000001, 12.515008, 14.11706, 17.888381480000007, 38.813544
8.647676, 9.142875499999999, 10.775319, 12.3349603, 13.907798949999998, 17.644383, 38.813544
8.647067750000001, 9.1429645, 10.861789, 12.496899, 14.099570599999996, 17.794086040000003, 34.462112
8.641371, 9.085435, 10.72891275, 12.3453173, 13.94272, 17.709146020000016, 38.813544
8.6460385, 9.111738, 10.76105, 12.361018, 13.92961735, 17.786071, 38.813544
8.6468, 9.118092, 10.787681, 12.480622100000001, 14.124056699999999, 17.930662, 38.813544
8.663089, 9.143937000000001, 10.7929075, 12.429121700000001, 14.09346615, 17.813216060000006, 38.813544
8.648617, 9.120069, 10.792807, 12.3332, 13.850989549999975, 17.40155267, 38.813544
8.646536, 9.128132, 10.7726765, 12.344272, 13.849417849999998, 17.644935220000015, 38.813544
8.645996, 9.1220545, 10.75609125, 12.359355400000009, 13.935233999999994, 17.664151120000007, 38.813544
8.658091, 9.1779385, 10.918807, 12.492840000000001, 14.160736, 18.37132169000002, 38.813544
8.650421, 9.117975000000001, 10.794662, 12.517879000000004, 14.070717, 17.483607930000012, 34.408771
8.645439, 9.110450499999999, 10.788229000000001, 12.394576, 13.94032, 17.802213, 38.813544
8.652431, 9.173912999999999, 10.83300125, 12.482777, 14.099570599999996, 17.539506360000026, 27.927733
8.6509895, 9.10982, 10.78023, 12.394759, 13.786245149999987, 17.43688716, 38.404747
8.64293325, 9.124758499999999, 10.791028, 12.3658189, 14.057811, 17.70364571, 38.404747
8.64157325, 9.111909, 10.749449, 12.390067900000002, 13.96309, 17.61197376, 38.404747
8.645567, 9.132194, 10.788229000000001, 12.344710400000002, 14.015701899999991, 17.845280840000015, 38.813544
8.6423845, 9.128831, 10.815183, 12.501195900000004, 14.09346615, 17.889690400000035, 38.813544
8.6496615, 9.117321, 10.731179, 12.4310994, 14.015701899999991, 17.708369, 38.813544
8.64964875, 9.1369675, 10.792788250000001, 12.347833, 14.02892434999998, 17.548219190000015, 38.813544
8.63819925, 9.142981, 10.802391, 12.592528, 14.158531049999999, 17.70442273000002, 38.813544
8.6528865, 9.146017, 10.851184, 12.480622100000001, 13.991081399999997, 17.80231987, 38.813544
8.639128, 9.113959, 10.770419, 12.3905027, 14.057811, 17.70364571, 38.813544
8.658091, 9.155912, 10.88182975, 12.530914500000002, 14.078328, 17.96142778000002, 38.813544
8.646301, 9.146065, 10.8212195, 12.5119484, 14.13822059999999, 18.45199214000001, 38.404747
8.78434625, 9.0458565, 10.227304749999998, 11.646260400000001, 12.454557, 14.996234440000006, 26.889073
8.78880025, 9.060905, 10.21619925, 11.609365, 12.457105, 15.021413660000006, 26.889073
8.7904295, 9.053158, 10.1871105, 11.7024701, 12.4604952, 14.901789, 26.889073
8.863735250000001, 9.002735999999999, 9.17919125, 9.4589331, 10.078642649999999, 12.257208, 35.487972
8.8711755, 9.008839, 9.176435, 9.4613561, 9.896291, 11.795355169999997, 35.487972
8.8629505, 9.010604, 9.18771225, 9.474030599999999, 10.082380249999998, 12.277909739999998, 35.330604
8.8711355, 9.000257, 9.185389, 9.459293, 9.930401999999997, 11.896606799999999, 37.448702
8.86329, 9.005317999999999, 9.176161, 9.460784, 10.073832799999998, 12.257414889999996, 37.448702
8.8708595, 9.002309, 9.180702, 9.456761, 9.911208599999998, 11.668707029999997, 35.734803
8.86944975, 9.009933, 9.189082, 9.4574223, 9.966324399999994, 11.810957489999975, 29.227148
8.86072475, 9.008898, 9.18540875, 9.466554299999999, 10.004881299999997, 11.961167169999998, 16.928153
8.869816499999999, 9.006932500000001, 9.17615225, 9.4206222, 9.956152, 11.961167169999998, 35.734803
8.862868, 9.002618, 9.181374250000001, 9.45891, 9.94641365, 11.725811069999995, 37.448702
8.863764, 9.001728, 9.17831225, 9.462205, 9.920890049999997, 11.92257846999999, 37.448702
8.8854635, 9.0385695, 9.235982, 9.525176499999999, 9.765319049999999, 14.451942559999997, 32.855096
8.8900705, 9.0333815, 9.25750075, 9.552897, 9.7163267, 11.697418609999986, 19.656824
8.897973, 9.062039500000001, 9.25136075, 9.5254814, 9.8066819, 14.67135192, 22.552578
8.878448, 9.0417615, 9.24653675, 9.5400703, 9.794948, 16.108532, 32.855096
8.8791465, 9.032613999999999, 9.2298405, 9.4776763, 9.6642278, 11.813872359999998, 23.303856
8.8884805, 9.047048499999999, 9.24627575, 9.5011822, 9.764608, 14.739876269999993, 24.370709
8.8644955, 9.0020485, 9.17192, 9.4596711, 9.946236, 11.958679299999998, 33.51644
8.772958000000001, 9.0377185, 10.21229775, 11.643486600000001, 12.503486, 14.873687, 19.393533
8.789552, 9.059024, 10.2700615, 11.6421218, 12.426591750000002, 15.0498376, 26.889073
8.64791425, 9.140528, 10.77528, 12.3262071, 13.929538, 17.420484050000002, 38.813544
8.656072, 9.112452, 10.7841755, 12.407502, 13.96309, 17.483607930000012, 38.813544
9.13014425, 11.246837, 13.994561, 17.2618039, 19.86324959999999, 25.398768280000013, 40.625286
9.131323, 11.25245, 14.14832475, 17.461269400000003, 19.992341549999992, 25.200547200000027, 39.815707
9.115582499999999, 11.207549499999999, 13.988205, 17.452695, 19.9112804, 26.124728050000023, 44.22794
10.988106, 14.106516, 18.490106, 23.450319, 26.597686249999988, 33.60507885000001, 56.221419
11.0588275, 14.274112, 18.71174275, 23.668125, 26.965295, 33.690468, 56.221419
8.729343, 9.080207, 10.528769, 11.993566, 13.106865049999984, 16.615755, 99.39698595274385
8.647682, 9.128838, 10.812846, 12.436701700000008, 13.983646, 17.8129, 38.813544
8.649238, 9.126984, 10.80250575, 12.46999800000001, 14.0770436, 17.8129, 38.813544
8.643625, 9.113959, 10.809672, 12.429754400000002, 14.059407, 17.80231986999998, 38.813544
8.64735, 9.106537, 10.784076, 12.408338200000008, 13.961266, 17.703598, 38.813544
8.650438, 9.135001500000001, 10.807386, 12.429064, 13.961266, 17.644383, 38.813544
12.928304, 17.310745, 22.93289, 28.990957700000003, 32.99940714999996, 40.568418, 109.74203790565716
12.928150500000001, 17.349813, 23.031598, 29.149768, 33.308666, 41.038859, 61.050041
8.778396, 9.928468500000001, 12.309553000000001, 15.566806600000003, 17.863091, 23.971364780000037, 117.6899966337397
8.777082, 9.9230535, 12.32608975, 15.536901, 17.797553, 23.507924, 44.22794
8.781982, 9.9341905, 12.28253, 15.423977, 17.636802399999993, 23.164666, 44.22794
8.774514, 9.95588, 12.3541615, 15.481558, 17.79776685, 23.387200879999924, 44.22794
8.7820085, 9.954794, 12.3307875, 15.511867, 17.843497, 23.544632769999982, 44.22794
8.7776285, 9.95874, 12.32237325, 15.501056, 17.844694, 23.328235, 44.22794
8.789823250000001, 9.958885, 12.278174, 15.568075, 17.930256, 23.474159, 44.22794
8.768781, 9.937453, 12.29104225, 15.494422, 17.729047, 24.074188, 44.22794
8.775737, 9.95456, 12.326118999999998, 15.535652700000002, 17.81015, 23.941805, 44.22794
8.769993, 9.939425, 12.2984955, 15.5427436, 17.96511695, 23.328499499999957, 44.22794
14.33017525, 19.108369, 25.001211, 32.090356, 36.813298, 48.070909, 109.47469965443148
14.415533, 19.052939, 24.89627, 31.92984680000001, 36.813298, 47.720143, 73.564487
9.115609, 11.26228, 14.075138, 17.358213, 19.853926999999814, 25.569375, 112.90210897174407
8.754034, 9.072315, 10.441929, 11.883622, 12.805059099999994, 16.108901, 113.9911424163613
8.751627, 9.0756035, 10.451031, 11.885589, 12.861104, 16.188181, 38.813544
8.750414, 9.066845, 10.4137105, 11.845564, 12.866286849999959, 16.26900014000003, 38.404747
8.750872, 9.070316, 10.442147, 11.877749, 12.837909, 16.073377, 38.404747
8.750911, 9.069738999999998, 10.453748, 11.871355, 12.837909, 16.188181, 38.404747
8.75078525, 9.067306, 10.437679, 11.883302, 12.860674, 16.111022830000014, 38.813544
8.747953, 9.071783, 10.456871, 11.883841799999997, 12.855719749999999, 16.299224, 38.813544
9.115686499999999, 11.253589, 14.084987, 17.42958, 20.02381, 25.87052198000026, 106.4133047754251
9.109645, 11.254216, 14.083681, 17.456575, 20.027061, 25.872138, 44.22794
9.098896, 11.249509, 14.098249, 17.452695000000006, 20.027290949999994, 26.227057190000174, 44.22794
9.119183, 11.211657, 14.104936, 17.405764, 19.89221, 25.464532, 44.22794
9.110034, 11.249597, 14.116295, 17.45698530000001, 20.007928, 25.792145010000162, 44.22794
9.098896, 11.232049, 14.094421, 17.357815, 19.862456, 25.786771, 44.22794
9.115764, 11.261554, 14.107129, 17.454936, 20.01937, 26.016247410000222, 44.22794
9.110689, 11.271318, 14.104936, 17.360077, 19.87444344999998, 25.677274, 44.22794
9.10942875, 11.2096555, 14.07161575, 17.379265, 20.004899, 25.907049, 44.22794
9.131117, 11.254216, 14.08532025, 17.387633, 19.799011699999905, 25.678368970000225, 44.22794
9.09663075, 11.242978, 14.033392, 17.297558, 19.781869, 25.386005, 44.22794
9.106535, 11.207168, 14.088299, 17.370190800000014, 19.935798, 25.872219, 44.22794
9.105862, 11.20299, 14.048942, 17.351107, 19.89221, 25.872138, 44.22794
9.110034, 11.261879, 14.116295, 17.440367, 20.01937, 25.872219, 44.22794
9.106397999999999, 11.214026, 14.075138, 17.412620400000012, 19.915310399999996, 25.872219, 44.22794
9.106535, 11.230704, 14.042715, 17.31861, 19.718137, 25.616439, 44.22794
9.114504, 11.251128, 14.083681, 17.299572300000012, 19.718137, 25.398104, 44.22794
9.111456, 11.215572, 14.055638, 17.440367, 19.905001, 25.607038, 44.22794
9.1013555, 11.211657, 14.055484, 17.38041, 19.878328, 25.465580430000212, 44.22794
9.097933, 11.199526, 14.0561, 17.42958, 20.002346, 25.678368970000225, 44.22794
9.115582499999999, 11.244737, 14.067892, 17.429751800000005, 19.911072, 25.791337, 44.22794
9.118646, 11.258859, 14.12365425, 17.476674, 20.01937315, 25.791337, 44.22794
9.118958, 11.251128, 14.1044155, 17.448593, 19.905001, 25.872219, 44.22794
9.115128, 11.234332, 14.110726, 17.466592, 19.935798, 26.206109, 44.22794
9.11223975, 11.243435999999999, 14.071423, 17.394561, 19.797917, 25.607038, 44.22794
9.112501, 11.211657, 14.104765, 17.448593, 19.993191799999956, 26.123703, 44.22794
9.110852, 11.240114, 14.061389, 17.360077, 19.91524, 25.786771, 44.22794
9.112501, 11.253083, 14.072194, 17.369627, 19.905001, 25.872138, 44.22794
9.105487, 11.233535, 14.030796, 17.431298, 19.915310399999996, 25.872138, 44.22794
8.781009000000001, 9.929262999999999, 12.304235, 15.558682, 17.863091, 23.174614, 40.625286
8.771925, 9.912377, 12.331862, 15.511867, 17.88855245, 23.56270114999997, 44.22794
8.77782, 9.919388999999999, 12.26733875, 15.425307700000005, 17.888042, 23.28821938999996, 44.22794
8.789791, 9.959156, 12.291375, 15.479876, 17.824412, 23.28821938999996, 44.22794
8.785899, 9.955029, 12.276682, 15.408501200000003, 17.849544, 23.436095, 44.22794
8.770949, 9.887706, 12.27518, 15.568075, 17.87218785, 23.421402409999978, 40.625286
8.778055, 9.964299, 12.30847, 15.5116672, 17.844694, 22.880534, 40.625286
8.775228, 9.915075, 12.299575, 15.547966, 17.797689, 23.287969, 40.625286
8.64766575, 9.122739, 10.805758, 12.444263, 14.034355, 17.708369, 38.813544
8.647008, 9.12794, 10.802748, 12.439813, 14.070717, 17.703645709999993, 38.813544
8.647882, 9.1412175, 10.802425, 12.429064, 13.964287549999996, 17.699605, 38.813544
8.647442, 9.126984, 10.788663, 12.420221, 14.015086, 17.703645709999993, 38.813544
8.644621, 9.113959, 10.796022, 12.430775, 14.021759099999995, 17.793896, 38.813544
8.646301, 9.1278, 10.797017, 12.418864, 13.991081399999997, 17.69964492999999, 38.813544
8.646881, 9.13779, 10.816554, 12.4361022, 14.057890799999997, 17.872018, 38.813544
8.64424, 9.120862500000001, 10.801449, 12.402618, 14.009579149999999, 17.786971, 38.813544
8.648492, 9.137459, 10.81987625, 12.429754400000002, 14.034355, 17.708369, 38.813544
8.646122, 9.126235, 10.77695925, 12.444252, 14.013154, 17.802213, 38.813544
8.6495745, 9.12137, 10.803248, 12.389659000000002, 13.93484, 17.708369, 38.813544
8.649245, 9.134672, 10.816158, 12.426230200000001, 13.974773949999992, 17.786971, 38.813544
8.648381749999999, 9.141108, 10.803728, 12.430775, 14.062613, 17.802213, 38.813544
8.64477, 9.109119, 10.823185, 12.447581, 14.027751549999996, 17.709146019999878, 38.813544
8.644595500000001, 9.134141, 10.792782, 12.448787, 14.062613, 17.888042, 38.404747
8.6459585, 9.136206999999999, 10.775788499999999, 12.390644, 13.931125, 17.708369, 38.813544
8.646259, 9.118092, 10.787681, 12.429064, 14.027404, 17.53853829999999, 38.813544
8.652538, 9.1286245, 10.783142250000001, 12.408001, 13.983646, 17.66415111999994, 38.813544
8.645846, 9.112278, 10.80231025, 12.419695400000002, 13.951795, 17.802213, 38.813544
8.649588, 9.130221, 10.819754, 12.420221, 13.961266, 17.793979169999986, 38.813544
8.647882, 9.141108, 10.819754, 12.4532509, 14.076976, 17.699605, 38.404747
8.780715, 9.9318195, 12.267887, 15.473809, 17.717176249999994, 23.328235, 44.22794
8.783793, 9.935101, 12.2478985, 15.481558, 17.786971, 23.354685, 44.22794
8.782187749999999, 9.9538725, 12.298376, 15.480995, 17.799246, 23.436095, 44.22794
8.786453, 9.956494, 12.297309, 15.508582, 17.887787, 23.68457, 44.22794
8.770742, 9.926836, 12.28721825, 15.511645, 17.870686099999997, 23.186055, 44.22794
8.770527, 9.932933, 12.3318155, 15.512018400000004, 17.770393349999996, 23.28821938999996, 44.22794
8.773042, 9.950845, 12.35512, 15.618331, 17.922403299999996, 23.43647563999994, 44.22794
8.780715, 9.97882, 12.342114, 15.620729500000014, 17.863091, 23.436095, 44.22794
8.779954, 9.93835, 12.278428250000001, 15.464343, 17.696835749999998, 23.684487830000002, 44.22794
8.778249, 9.941116, 12.368613, 15.477724100000005, 17.72919675, 23.684487, 44.22794
8.785787, 9.95456, 12.34057475, 15.457609500000002, 17.717276, 23.337430289999972, 44.22794
8.773694, 9.954058, 12.33262925, 15.481558, 17.8756064, 23.56270114999997, 44.22794
8.777082, 9.944341, 12.29104225, 15.4711183, 17.786116, 23.685297739999886, 44.22794
8.779638, 9.9598245, 12.325159, 15.468723, 17.799394349999996, 23.56251, 44.22794
8.781703, 9.9602835, 12.283223, 15.501305600000006, 17.84715475, 23.94210973999995, 44.22794
8.774582, 9.9349235, 12.24469975, 15.408262, 17.663793, 23.213618, 44.22794
8.782476249999998, 9.939926, 12.301738, 15.45753, 17.696835749999998, 23.223349, 44.22794
8.775271, 9.94769, 12.3302505, 15.516032, 17.802609849999993, 23.337430289999972, 44.22794
8.784230999999998, 9.960649, 12.258971, 15.424087000000004, 17.614005, 23.1035265699999, 44.22794
8.777615, 9.952278, 12.277054999999999, 15.449308, 17.7607412, 23.896816429999927, 40.625286
8.781968, 9.977122, 12.286538, 15.456271, 17.666456, 23.103547359999897, 44.22794
8.77598975, 9.953849, 12.3458315, 15.582609, 17.797689, 23.337430289999972, 44.22794
8.77874, 9.950845, 12.306214, 15.589859100000002, 17.909704, 23.684487830000002, 44.22794
8.785044, 9.929451, 12.23406425, 15.440045, 17.763987699999998, 23.17472840999998, 44.22794
8.77704775, 9.916538, 12.2468895, 15.456271, 17.770134, 23.474159, 40.625286
8.6468, 9.1312075, 10.842426, 12.481334, 13.990885, 17.703645709999993, 38.813544
8.642493, 9.1183175, 10.801294, 12.447701600000002, 14.057811, 17.703598, 38.813544
8.7282985, 9.075566, 10.508676, 11.950363300000003, 13.090192199999995, 16.60482089, 38.813544
8.727486, 9.072390500000001, 10.5012765, 12.014736, 13.169759249999998, 16.385151, 38.813544
8.73149, 9.082474, 10.512209, 12.01479, 13.127204599999995, 16.802209, 38.813544
8.78468, 9.053535, 10.223942, 11.659932, 12.540273899999994, 15.021127, 26.889073
10.140214, 12.769938, 16.663816, 21.127509200000013, 24.060605, 30.20141296, 115.27485319364978
10.132054, 12.784317999999999, 16.556195, 20.923013900000008, 23.812763249999964, 30.043322500000034, 40.498626
10.19587425, 12.8173565, 16.60352, 20.913181, 23.607787, 30.024700120000002, 43.791491
10.17455225, 12.895769999999999, 16.653013, 20.9867011, 24.03388529999999, 30.043322500000034, 43.791491
10.131592, 12.706783, 16.53174375, 20.870476, 23.721439, 29.718428, 43.791491
10.154326, 12.816273, 16.56378675, 20.988132999999998, 23.937755, 29.652679130000013, 38.887788
11.041186, 14.194575, 18.594329, 23.526536, 26.734871, 33.49931535, 56.221419
11.0504665, 14.195881, 18.631172499999998, 23.688198800000006, 26.922353349999998, 34.978282, 56.221419
8.729409, 9.082138, 10.504042, 11.980386, 13.111625449999995, 16.385151, 92.13263809653468
8.8418835, 9.0077585, 9.2642755, 10.382841, 11.459686, 13.219176399999995, 108.45873119600887
8.868897, 9.011557, 9.196736, 9.476799, 9.920062249999999, 12.277690109999957, 110.73667378369001
8.865974, 9.002961, 9.178865, 9.449816, 9.970956, 11.999339, 37.448702
8.867031749999999, 9.002961, 9.175001, 9.443059, 9.951734, 11.961075, 37.448702
8.842912, 9.010941, 9.272515, 10.394962900000003, 11.519260849999982, 13.42742, 104.98811321711962
8.846245, 9.014216, 9.279258, 10.421798, 11.526434, 13.42742, 37.448702
8.84383, 9.013479, 9.271216, 10.391929899999997, 11.502122, 13.463319, 37.448702
8.842094, 9.0103215, 9.269067, 10.384804, 11.462491699999994, 13.21230184000001, 37.448702
8.845015, 9.013272, 9.27013, 10.3848957, 11.480448, 13.341567, 37.448702
8.84233, 9.009162, 9.267996, 10.388103799999998, 11.464006, 13.333336420000002, 37.448702
8.819247, 9.025458, 9.576425, 11.221601, 12.05683749999997, 14.444678, 37.448702
8.81772375, 9.022371, 9.562462, 11.191552, 12.051037, 14.423519, 37.448702
8.821908749999999, 9.026384, 9.552511, 11.179579599999995, 12.022640349999996, 14.400478080000008, 37.448702
8.82147, 9.027801, 9.591096, 11.223881, 12.083124, 14.514821, 35.734803
8.8195335, 9.024677, 9.56113, 11.175790699999999, 12.022640349999996, 14.470914, 37.448702
8.817281, 9.021923, 9.555003, 11.201779, 12.030261, 14.351801, 37.448702
8.817105, 9.026662, 9.590933, 11.224113099999997, 12.089546, 14.488569, 35.734803
8.820836, 9.028917499999999, 9.587668, 11.240065, 12.055530699999995, 14.470914, 35.734803
8.820018, 9.026125, 9.572334, 11.233489199999998, 12.11881, 14.444678, 37.448702
8.819725, 9.026111, 9.5644885, 11.183674, 12.070902, 14.527584550000032, 37.448702
8.820555, 9.027801, 9.590933, 11.220594, 12.051037, 14.49091, 37.448702
8.817372, 9.023521500000001, 9.559671, 11.201698, 12.022596, 14.337182, 35.734803
8.82114325, 9.025429, 9.5851115, 11.208079699999992, 12.048261, 14.423519, 35.734803
8.8191865, 9.025347, 9.57099, 11.215007, 12.074808, 14.449329, 37.448702
8.819315, 9.028751, 9.587446, 11.2222834, 12.048261, 14.449329, 37.448702
8.785227, 9.0534435, 10.209485, 11.651476, 12.471264, 14.932628, 26.889073
8.789595, 9.05576, 10.226674, 11.6468709, 12.424741, 14.815179, 26.889073
8.784408, 9.046385, 10.211487, 11.638343, 12.413306599999967, 14.938567590000012, 26.889073
8.789632, 9.057212, 10.237005250000001, 11.651476, 12.444344, 14.953882, 26.889073
8.7859005, 9.047103, 10.200565, 11.640647, 12.457105, 14.901789, 26.889073
8.78856, 9.057744, 10.223743, 11.643486599999997, 12.471264, 14.938511, 26.889073
8.790905, 9.061801, 10.23364975, 11.649735, 12.496195, 15.049793, 26.889073
8.782513, 9.048185, 10.200366, 11.648901, 12.471264, 14.953882, 26.889073
8.7835005, 9.050492, 10.223674, 11.638343, 12.444344, 15.054253, 26.889073
8.790905, 9.061725, 10.218304, 11.6489259, 12.460371, 14.938511, 26.889073
8.783395, 9.044996, 10.201259, 11.6237487, 12.426091, 14.822824, 26.889073
8.784652, 9.05303, 10.240397, 11.652362, 12.462855, 14.953882, 26.889073
8.78579, 9.050942, 10.2155, 11.632023, 12.451388749999985, 14.94417, 26.889073
8.784751, 9.053603, 10.218304, 11.642031, 12.436106, 14.873687, 26.889073
8.784188, 9.050234, 10.214038, 11.636392, 12.3959, 14.953882, 26.889073
8.822262499999999, 9.0278125, 9.57069525, 11.201885, 12.070419, 14.49091, 37.448702
8.816628, 9.0262855, 9.551100250000001, 11.183674, 11.984775, 14.310006, 37.448702
8.785522, 9.050433, 10.213862, 11.63261, 12.420419099999998, 14.822824, 26.889073
8.786584, 9.059052, 10.237786, 11.650524, 12.412934, 14.953882, 26.889073
8.786217, 9.054412, 10.238835, 11.654542, 12.469874149999994, 14.953882, 26.889073
8.78464, 9.050377, 10.215979, 11.622074, 12.397371, 14.815179, 26.889073
8.785038, 9.050234, 10.225062, 11.652362, 12.454557, 14.938511, 26.889073
8.786504, 9.051636, 10.21619925, 11.642939, 12.469801, 14.953882, 26.889073
8.788897, 9.060868, 10.230541, 11.662042, 12.476371, 14.96492, 26.889073
8.785015, 9.051341, 10.20798875, 11.629453, 12.439778, 14.815179, 26.889073
8.784101, 9.05135, 10.230541, 11.633763, 12.460371, 14.995983, 26.889073
8.78579, 9.050971, 10.213862, 11.654684, 12.469801, 14.94417, 26.889073
8.78503225, 9.054016, 10.223651, 11.648901, 12.460371, 14.825049510000014, 26.889073
8.788431, 9.0531855, 10.214815, 11.645967, 12.460371, 14.953882, 26.889073
8.786217, 9.050419, 10.20749, 11.633141, 12.426091, 14.938511, 26.889073
8.786029, 9.05268, 10.242552, 11.648901, 12.471306549999996, 15.049793, 26.889073
8.787855, 9.057744, 10.225062, 11.64915, 12.443812949999998, 14.831535, 26.889073
8.785522, 9.050492, 10.233637, 11.650524, 12.454557, 14.932686830000012, 26.889073
8.749793, 9.061941, 10.427172, 11.849121, 12.795532, 16.095112, 38.404747
8.751704, 9.067225, 10.437679, 11.865705, 12.843157949999988, 16.105074, 38.813544
8.75028, 9.067009, 10.407189, 11.857666, 12.824576, 16.188181, 38.813544
8.75149575, 9.071135, 10.433075, 11.867392499999998, 12.853278, 16.11853, 38.813544
8.747687, 9.069178, 10.44096575, 11.867253, 12.888959799999949, 16.14084, 38.404747
8.753028, 9.076722, 10.441711, 11.864636, 12.805937099999982, 16.14906709000008, 38.813544
8.748511, 9.063906, 10.408256, 11.850905, 12.792445, 16.071531, 38.813544
8.749661, 9.070756, 10.450735250000001, 11.8851, 12.861181, 16.316712, 38.813544
8.750966, 9.070316, 10.422509, 11.8505189, 12.80416, 16.105074, 38.813544
8.75040475, 9.069861, 10.4464, 11.8713046, 12.865825, 16.121241, 38.813544
8.750433, 9.068545, 10.442234, 11.869684, 12.824576, 16.12128539000001, 38.813544
8.749549250000001, 9.0592, 10.402872, 11.857666, 12.795532, 16.095112, 38.404747
8.75033775, 9.067917, 10.433075, 11.859772, 12.824576, 16.222920810000023, 38.813544
8.748625, 9.072712, 10.450703, 11.901188, 12.920873799999997, 16.118557110000005, 38.813544
8.748587, 9.0677755, 10.4369025, 11.877749, 12.85696, 16.235698180000004, 38.813544
8.747873, 9.059054, 10.41709, 11.881761, 12.887551, 16.121241, 38.813544
8.750714, 9.073015, 10.433827, 11.888995, 12.860395, 16.235698180000004, 38.813544
8.748138, 9.064143, 10.409507, 11.840519, 12.783469, 16.073377, 38.813544
8.748511, 9.057212, 10.406700749999999, 11.8491214, 12.774364, 16.121241, 38.813544
8.750377, 9.070328, 10.418836, 11.8647067, 12.843012, 16.105074, 38.813544
8.74842275, 9.062845, 10.415598, 11.849287, 12.824576, 16.299224, 38.813544
8.749036, 9.065575, 10.421657, 11.879423, 12.805159, 16.101097, 38.813544
8.746959, 9.063969, 10.405097, 11.851166399999995, 12.850771, 16.073377, 38.813544
8.75035, 9.064143, 10.415598, 11.8484541, 12.80416, 16.238261240000014, 38.813544
8.747598499999999, 9.063528, 10.398027, 11.8402319, 12.785267, 16.148672, 38.813544
8.75090125, 9.07312, 10.426818, 11.87322, 12.805159, 16.095112, 38.813544
8.784007, 9.0470295, 10.211487, 11.640647, 12.451222, 14.94417, 26.889073
8.784751, 9.04866, 10.21686, 11.643211, 12.421048, 14.831956520000086, 26.889073
8.78904, 9.054426, 10.220908, 11.645967, 12.444344, 14.932628, 26.889073
8.78856, 9.059024, 10.253739, 11.659932, 12.457105, 14.824984, 26.889073
8.784408, 9.05303, 10.20198, 11.638343, 12.421048, 14.873687, 26.889073
8.786217, 9.051, 10.218304, 11.646801, 12.46049519999999, 14.938511, 26.889073
8.78453175, 9.049898, 10.213862, 11.617066, 12.420386, 14.94417, 26.889073
8.786413, 9.054177, 10.223942, 11.642031, 12.449738, 14.96492, 26.889073
8.78473325, 9.052887, 10.23312, 11.649735, 12.469874149999994, 15.049837600000009, 26.889073
8.788432, 9.058169, 10.230541, 11.662602, 12.449738, 14.824984, 26.889073
8.78437, 9.050637, 10.240888, 11.653518, 12.460371, 14.953882, 26.889073
8.787855, 9.052158, 10.229351, 11.640647, 12.421048, 14.94417, 26.889073
8.78362975, 9.044179, 10.18435, 11.604483799999999, 12.384728, 14.932628, 26.889073
8.789632, 9.0577405, 10.247872, 11.649735, 12.460371, 14.94417, 26.889073
8.78281425, 9.045009, 10.2128345, 11.632023, 12.436106, 14.938511, 26.889073
8.785227, 9.051636, 10.229351, 11.662042, 12.440311, 14.953882, 26.889073
8.784007, 9.048323, 10.212492, 11.640647, 12.443785, 14.901789, 26.889073
8.78329, 9.045534, 10.21853, 11.638546, 12.462855, 14.825049510000014, 26.889073
8.788015, 9.054306, 10.240397, 11.669941699999999, 12.462855, 14.938511, 26.889073
8.785038, 9.050377, 10.202244, 11.619468, 12.388296, 14.801217, 26.889073
8.78904, 9.054426, 10.2183605, 11.640647, 12.424741, 14.938511, 26.889073
8.78468, 9.049919, 10.215814, 11.659932, 12.476371, 14.94417, 26.889073
8.81981, 9.025163, 9.563781, 11.175790699999999, 11.943308999999978, 14.331833030000011, 37.448702
8.844595, 9.012178, 9.27013, 10.382301, 11.464091449999993, 13.334368, 37.448702
8.84277, 9.00818, 9.2702675, 10.414555, 11.525504, 13.432140740000014, 37.448702
8.84261, 9.009301, 9.27388725, 10.3841551, 11.464138, 13.340304750000003, 37.448702
8.842592, 9.0109465, 9.27846075, 10.401764099999998, 11.470237, 13.30457, 37.448702
8.84502625, 9.01017, 9.265195, 10.369158, 11.435013249999999, 13.332776, 37.448702
8.846871, 9.013878, 9.2719515, 10.383096599999998, 11.489312, 13.268407, 37.448702
8.842357, 9.008834499999999, 9.261475, 10.3565183, 11.43178, 13.257823, 37.448702
8.846933, 9.013424, 9.27013, 10.412483, 11.498835, 13.334368, 37.448702
8.8435195, 9.013272, 9.281404, 10.419862, 11.520638, 13.496939220000005, 37.448702
8.8451555, 9.013248, 9.27241, 10.404917, 11.459686, 13.340764, 37.448702
8.846789, 9.009035, 9.27360925, 10.364962, 11.470440549999982, 13.179355290000021, 37.448702
8.845618, 9.010993, 9.272707, 10.398323, 11.459822299999988, 13.339423, 37.448702
8.844667, 9.0124995, 9.272515, 10.411167, 11.464006, 13.341567, 37.448702
8.845094, 9.010444, 9.270338, 10.401641999999999, 11.520638, 13.30457, 37.448702
8.842592, 9.00831, 9.271369, 10.404917, 11.436912, 13.427466500000008, 37.448702
8.8435195, 9.009001000000001, 9.275853999999999, 10.371479599999992, 11.464138, 13.412486, 37.448702
8.844595, 9.013424, 9.275061, 10.405462, 11.540281499999995, 13.333326, 37.448702
8.847426500000001, 9.014473, 9.271881, 10.404798, 11.454624349999996, 13.333336420000002, 35.734803
8.846553, 9.012504, 9.275434, 10.430045, 11.546408, 13.353076, 37.448702
8.844232, 9.012728, 9.27166725, 10.389236, 11.466356949999943, 13.463832, 37.448702
8.844954, 9.013091, 9.26881975, 10.387978, 11.487791049999991, 13.276067, 37.448702
8.842325, 9.010464, 9.271018, 10.412483, 11.481896, 13.259494, 37.448702
8.845891, 9.0147555, 9.277236, 10.412483, 11.520729549999992, 13.42742, 37.448702
8.844539, 9.014543, 9.279504, 10.410791699999999, 11.487402249999999, 13.364793, 37.448702
8.84276475, 9.012261, 9.271254, 10.417513, 11.448395, 13.209074150000006, 37.448702
8.844948, 9.013346, 9.269055, 10.3814874, 11.435002, 13.320056, 37.448702
8.844628, 9.0144795, 9.276341, 10.412483, 11.526483849999996, 13.496917, 37.448702
8.843549, 9.0147, 9.270891, 10.382855600000001, 11.431941099999985, 13.276689620000058, 37.448702
8.81759075, 9.025355, 9.587446, 11.237937399999998, 12.05683749999997, 14.40390104000001, 37.448702
8.816725, 9.025415, 9.55037, 11.189314, 12.041118, 14.591639, 35.734803
8.81759075, 9.0216755, 9.557088, 11.187893, 12.023483, 14.408756, 37.448702
8.819230750000001, 9.025915000000001, 9.5778915, 11.22872, 12.056494, 14.543281, 37.448702
8.8209835, 9.027956, 9.576693, 11.217054, 12.072515, 14.351801, 37.448702
8.817455, 9.023447, 9.548356, 11.199298, 12.053046, 14.45421, 37.448702
8.8183775, 9.026534000000002, 9.57670725, 11.205834, 12.05683749999997, 14.63232, 37.448702
8.816041, 9.023514, 9.552567750000001, 11.217784199999997, 12.065449, 14.527426, 37.448702
8.8183775, 9.025496, 9.560951500000002, 11.176242099999998, 12.022596, 14.449329, 37.448702
8.819247, 9.025109, 9.567918, 11.185829, 12.018309, 14.444678, 37.448702
8.817105, 9.024374, 9.56500625, 11.176242099999998, 12.007947, 14.310006, 37.448702
8.822685, 9.028555, 9.579552, 11.223826, 12.063364, 14.514821, 37.448702
8.819281, 9.027801, 9.584264, 11.202135, 12.039315, 14.40390104000001, 35.734803
8.8166995, 9.022974, 9.558259, 11.182708, 11.998386, 14.408756, 37.448702
8.81698575, 9.0225065, 9.550590999999999, 11.1697313, 11.978234, 14.408756, 37.448702
8.817105, 9.024791, 9.579856, 11.197543499999998, 12.065449, 14.40390104000001, 37.448702
8.818871, 9.0264755, 9.596388, 11.287121, 12.101113, 14.454377040000034, 37.448702
8.819244750000001, 9.026155, 9.577278, 11.202135, 12.030261, 14.470914, 37.448702
8.815313, 9.020869, 9.547017, 11.177737, 12.027306, 14.279507, 37.448702
8.818858500000001, 9.025856, 9.565226, 11.217019, 12.048261, 14.351801, 37.448702
8.821063, 9.0279435, 9.572926, 11.205989399999996, 12.087423699999992, 14.423585600000013, 37.448702
8.816653, 9.023552, 9.559671, 11.1985654, 12.050788, 14.189961, 37.448702
8.819558, 9.026626, 9.565623500000001, 11.202135, 12.073549, 14.423585600000013, 37.448702
8.817455, 9.022113, 9.5611675, 11.158006, 11.998386, 14.189961, 37.448702
8.817281, 9.023156, 9.55809, 11.184061, 12.032652, 14.45421, 35.734803
8.819079, 9.025366, 9.56458, 11.189314, 11.992126, 14.430179, 37.448702
8.819315, 9.026627000000001, 9.57048, 11.198484, 12.048261, 14.400444, 37.448702
8.8173485, 9.020942, 9.55809, 11.173352099999999, 12.021870199999997, 14.430179, 37.448702
8.817384, 9.025415, 9.560217, 11.198484, 12.073549, 14.423519, 37.448702
8.820406, 9.02764, 9.578452500000001, 11.215007, 12.053046, 14.423519, 35.487972
8.819908000000002, 9.026111, 9.579412, 11.2140796, 12.041082949999986, 14.430179, 35.734803
8.823004, 9.02504, 9.596453, 11.19383, 12.019512, 14.488569, 37.448702
8.816163, 9.029933, 9.586480250000001, 11.201779, 12.039395599999994, 14.403852, 37.448702
8.817388, 9.023112, 9.562462, 11.189834, 12.048261, 14.400478080000008, 37.448702
8.818861, 9.0246995, 9.552511, 11.19383, 12.014736, 14.444678, 37.448702
8.817372, 9.023976999999999, 9.547241, 11.168934, 11.974855, 14.094339, 35.734803
8.785803, 9.051, 10.223942, 11.638546, 12.469801, 14.938511, 26.889073
8.785803, 9.053201, 10.227706, 11.647640099999998, 12.449738, 14.938511, 26.889073
8.785803, 9.051636, 10.215979, 11.623755, 12.423094, 14.873687, 26.889073
8.78937475, 9.057744, 10.22052, 11.648901, 12.440311, 14.938511, 26.889073
8.786504, 9.054306, 10.2155, 11.629453, 12.436106, 14.94417, 26.889073
8.822418, 9.025978, 9.570221, 11.222243, 12.036972, 14.444678, 37.448702
8.82147, 9.0264755, 9.562462, 11.215007, 11.997521, 14.45421, 37.448702
8.819352, 9.026662, 9.567464, 11.198484, 12.040927, 14.337182, 35.734803
8.818959, 9.0264755, 9.594238, 11.223086, 12.118491749999999, 14.491149110000048, 37.448702
8.821063, 9.027418, 9.569537, 11.217472, 12.07052379999999, 14.43032399000003, 37.448702
8.821011, 9.028315, 9.58710575, 11.205834, 12.047997849999998, 14.331779, 37.448702
8.817105, 9.022018, 9.559671, 11.205394, 12.070902, 14.337182, 37.448702
8.81934275, 9.027576, 9.587446, 11.223831500000001, 12.074808, 14.454377040000034, 37.448702
8.81934275, 9.026114, 9.578452500000001, 11.197439, 12.044046, 14.351984660000037, 37.448702
8.818851, 9.0239495, 9.5611675, 11.194894, 12.094373, 14.637913, 37.448702
8.8192725, 9.02946, 9.582748, 11.191552, 12.011142, 14.33732819000003, 37.448702
8.817448, 9.025484, 9.574504, 11.198484, 12.019512, 14.430179, 37.448702
8.817448, 9.024505, 9.562715, 11.207529, 12.014736, 14.279507, 37.448702
8.820044, 9.027801, 9.5844095, 11.215419699999998, 12.070443149999997, 14.49091, 37.448702
8.818935, 9.0209055, 9.5466, 11.182928, 11.986205149999998, 14.279811990000063, 37.448702
8.818432, 9.026555, 9.541434, 11.176076, 12.048261, 14.543764580000099, 37.448702
8.82138, 9.030346, 9.584264, 11.217369, 12.05548, 14.189961, 37.448702
8.820895499999999, 9.021689, 9.549186, 11.2017896, 12.014736, 14.163173, 37.448702
8.821908749999999, 9.023514, 9.554652, 11.1789971, 12.041118, 14.310006, 37.448702
8.819812, 9.023395, 9.547749, 11.189899399999998, 12.032867999999981, 14.423519, 35.734803
8.81981, 9.025521000000001, 9.575689, 11.188802, 12.020696749999995, 14.44937781000001, 37.448702
8.817642750000001, 9.025521000000001, 9.561627999999999, 11.184237799999996, 12.028016, 14.400444, 35.734803
8.81859075, 9.023487, 9.566686, 11.189314, 12.023674149999984, 14.408970230000044, 35.734803
8.819315, 9.025121, 9.549893749999999, 11.202135, 12.021870199999997, 14.370469770000062, 37.448702
8.819315, 9.023529, 9.567577499999999, 11.198484, 12.028016, 14.279811990000063, 37.448702
8.819201249999999, 9.024018, 9.54853375, 11.189834, 12.028016, 14.134693, 35.734803
8.819209, 9.0275965, 9.566686, 11.207529, 12.030261, 14.408756, 37.448702
8.82140775, 9.026384, 9.576693, 11.189314, 12.003089, 14.279811990000063, 37.448702
8.822887, 9.030299, 9.5986205, 11.215419699999998, 12.092381, 14.637913, 35.734803
8.815445, 9.022543, 9.576492, 11.197439, 12.048261, 14.403852, 37.448702
8.816188499999999, 9.021689, 9.572334, 11.21404, 12.05548, 14.470914, 37.448702
8.819201249999999, 9.026901500000001, 9.570221, 11.194976299999999, 12.051037, 14.408756, 37.448702
8.818147, 9.026123, 9.56458, 11.207532, 12.044046, 14.163173, 37.448702
8.81882625, 9.029989, 9.5844095, 11.217784199999997, 12.05548, 14.408756, 37.448702
8.819207500000001, 9.026662, 9.569203, 11.204004, 12.048465, 14.43032399000003, 35.734803
8.821187, 9.0259635, 9.55813225, 11.207532, 12.014914649999984, 14.132663, 35.734803
8.817642750000001, 9.026662, 9.56048, 11.185829, 12.018309, 14.470914, 37.448702
8.821175, 9.025978, 9.586251, 11.217784199999997, 12.063364, 14.488569, 37.448702
8.82004625, 9.028392, 9.579856, 11.19383, 12.022640349999996, 14.370167, 35.734803
8.821174, 9.026626, 9.579264, 11.217369, 12.044046, 14.33732819000003, 37.448702
8.81913825, 9.023484, 9.55962375, 11.194894, 12.048261, 14.33732819000003, 37.448702
8.819594, 9.028001, 9.58493825, 11.214493099999999, 12.05548, 14.430179, 37.448702
8.816888, 9.025881, 9.594238, 11.207388, 12.048465, 14.471090550000037, 37.448702
8.81831875, 9.0279435, 9.5703525, 11.2150305, 12.089639, 14.44472451000001, 37.448702
8.790425, 9.053201, 10.2179475, 11.636587099999998, 12.469801, 14.944267120000019, 26.889073
8.784652, 9.049898, 10.218304, 11.6475, 12.471306549999996, 14.96492, 26.889073
8.788431, 9.053087, 10.220941, 11.638343, 12.465433, 14.94417, 26.889073
8.78904, 9.054419, 10.225062, 11.660993, 12.469801, 14.94417, 26.889073
8.78464, 9.0527835, 10.209485, 11.647640099999998, 12.471264, 14.94417, 26.889073
8.78904, 9.053068, 10.229197, 11.659932, 12.462983899999989, 14.824984, 26.889073
8.786061, 9.053535, 10.21229775, 11.617329, 12.412934, 14.873687, 26.889073
8.78707, 9.0584835, 10.218304, 11.650524, 12.465651399999981, 14.932628, 26.889073
8.786217, 9.050234, 10.220221, 11.638546, 12.426091, 14.932686830000012, 26.889073
8.785179750000001, 9.050942, 10.212492, 11.642031, 12.412934, 14.873687, 26.889073
8.784563, 9.056102, 10.227706, 11.640647, 12.443785, 14.965230630000063, 26.889073
8.785933, 9.0497585, 10.223942, 11.642031, 12.462983899999989, 14.953882, 26.889073
8.785754, 9.05135, 10.22052, 11.640647, 12.444344, 14.932686830000012, 26.889073
8.78580275, 9.04926, 10.221427, 11.659932, 12.436106, 14.831535, 26.889073
8.78691, 9.053603, 10.21686, 11.623755, 12.421048, 14.825049510000014, 26.889073
8.784519, 9.054306, 10.209485, 11.638546, 12.454557, 14.901789, 26.889073
8.78455625, 9.0499645, 10.201259, 11.638546, 12.457268299999987, 14.932628, 26.889073
8.788015, 9.059111, 10.2183605, 11.640647, 12.443785, 14.824984, 26.889073
8.78580275, 9.050433, 10.212233, 11.628587, 12.423094, 14.831535, 26.889073
8.788015, 9.057212, 10.229351, 11.642031, 12.465433, 14.995983, 26.889073
8.785038, 9.049619, 10.22052, 11.640647, 12.412934, 14.932628, 26.889073
8.78707, 9.053267, 10.218304, 11.63261, 12.421048, 14.932628, 26.889073
8.784673, 9.048317, 10.225062, 11.66043, 12.490727, 14.901789, 26.889073
8.785038, 9.0577405, 10.230541, 11.659932, 12.47649489999999, 14.96492, 26.889073
8.785802, 9.05268, 10.223651, 11.646801, 12.444613699999975, 14.94417, 26.889073
8.786061, 9.064119999999999, 10.246592, 11.654542, 12.465433, 14.938511, 26.889073
8.784563, 9.0584835, 10.230986, 11.649735, 12.465433, 14.96492, 26.889073
8.786504, 9.051341, 10.21853, 11.649735, 12.440311, 14.932628, 26.889073
8.792651, 9.06711, 10.245774, 11.655011399999996, 12.451222, 14.932628, 26.889073
8.78707, 9.058169, 10.240888, 11.650524, 12.46049519999999, 14.94417, 26.889073
8.786413, 9.053603, 10.247872, 11.6468709, 12.449738, 14.901789, 26.889073
8.784411, 9.054306, 10.221427, 11.628587, 12.439778, 15.021127, 26.889073
8.784949, 9.049575, 10.19960425, 11.615418, 12.397371, 14.901789, 26.889073
8.787855, 9.054177, 10.229351, 11.659932, 12.472115, 14.94417, 26.889073
8.784391750000001, 9.050419, 10.210548, 11.623755, 12.412934, 15.027702, 26.889073
8.784492, 9.049919, 10.225062, 11.638343, 12.412934, 14.815255450000016, 26.889073
8.784563, 9.048128, 10.220908, 11.650524, 12.523581549999994, 14.938511, 26.889073
8.78468, 9.05295, 10.217979, 11.634025899999996, 12.451222, 14.901789, 26.889073
8.783877, 9.0499645, 10.215759, 11.623755, 12.404542, 14.831535, 26.889073
8.785015, 9.051636, 10.218304, 11.660993, 12.444344, 14.94417, 26.889073
8.789157, 9.053603, 10.224222, 11.634025899999996, 12.474753, 14.901789, 26.889073
8.841559, 9.008658, 9.271254, 10.3814874, 11.436979, 13.268856200000002, 37.448702
8.868601, 9.005463, 9.186604, 9.462205, 10.023539, 12.008169169999935, 37.448702
8.866778, 9.002961, 9.18101, 9.462214, 9.970956, 11.970524529999963, 37.448702
8.86794025, 9.002202, 9.175001, 9.448627200000002, 9.953168, 11.958562, 37.448702
8.867202, 9.002675, 9.173419, 9.4390328, 9.965311, 11.932675, 37.448702
8.867364, 9.0038655, 9.178865, 9.450355, 9.970956, 11.970292, 37.448702
8.866484, 9.0032625, 9.176435, 9.444963, 9.992015, 11.993545, 37.448702
8.864476, 9.004037, 9.178767, 9.459293, 10.029733, 11.958562, 37.448702
8.867824, 9.004057, 9.182622, 9.454521900000001, 9.953168, 12.003135779999992, 37.448702
8.867063, 9.00286, 9.178997, 9.458363, 10.004416, 11.999339, 37.448702
8.867824, 9.0031485, 9.179753, 9.445925, 9.981216599999998, 11.999339, 37.448702
8.865594, 9.001231, 9.176906, 9.450355, 9.956335899999997, 11.932675, 37.448702
8.86384, 9.001446, 9.179745, 9.451816, 9.971022949999998, 12.070419, 37.448702
8.863342, 9.000194, 9.173861, 9.460099, 9.992345, 11.99360293999999, 37.448702
8.8652065, 9.004519, 9.1840755, 9.449913, 9.980987, 12.003089, 37.448702
8.8705045, 9.016208, 9.20443225, 9.479081300000002, 9.85908545, 12.072515, 37.448702
8.83008, 9.013946, 9.369594, 10.861561799999999, 11.734965449999999, 13.731506, 98.50131508566524
8.831363499999998, 9.014073, 9.365019, 10.839855, 11.76124, 14.061619, 37.448702
8.832920000000001, 9.0183855, 9.370238500000001, 10.872127, 11.770999849999999, 13.59653672, 35.487972
8.835314, 9.017119, 9.38206975, 10.91871, 11.777362, 14.054441499999989, 37.448702
8.8287435, 9.011776, 9.35484675, 10.8940401, 11.836901, 13.851700399999983, 37.448702
8.834258, 9.015366, 9.3650105, 10.874023, 11.760221, 13.807219189999929, 35.734803
8.83493, 9.018426999999999, 9.37221125, 10.839855, 11.764438149999998, 13.731685759999971, 37.448702
8.829312, 9.01298, 9.36484125, 10.860212, 11.771622849999998, 13.979899039999959, 35.734803
8.831335, 9.01473, 9.37501, 10.908232, 11.811619399999998, 13.96692616999998, 35.734803
8.829997500000001, 9.0145005, 9.361035, 10.872322900000002, 11.771622849999998, 14.042414749999981, 37.448702
8.833306, 9.0180775, 9.384699, 10.853037, 11.734993, 13.731675429999973, 37.448702
8.833718, 9.017107, 9.3751775, 10.8987772, 11.770999849999999, 13.807219189999929, 35.734803
8.833141, 9.0168025, 9.376107, 10.882862900000001, 11.818186, 13.979637, 37.448702
8.831740499999999, 9.0180775, 9.367495, 10.875006, 11.810208649999996, 13.980222, 35.734803
8.833928, 9.0143295, 9.376107, 10.846242, 11.702347, 13.979637, 37.448702
8.83031575, 9.01496, 9.375255, 10.8364688, 11.761751949999999, 13.70773, 35.330604
8.8319075, 9.017243, 9.383219, 10.884661900000001, 11.770999849999999, 13.966802, 37.448702
8.8335725, 9.017631000000002, 9.366843, 10.900596, 11.809999249999999, 13.787949119999968, 35.487972
8.83403075, 9.016679, 9.37689075, 10.893938700000001, 11.795208, 14.042294, 37.448702
8.864476, 9.002868, 9.180891, 9.445991500000002, 9.92986, 11.90322, 37.448702
8.868778, 9.00418, 9.179315, 9.451821700000002, 9.997939, 11.938615, 37.448702
8.865751, 9.001815, 9.170986, 9.419954, 9.896336049999999, 12.169767, 35.487972
8.863507250000001, 9.000893, 9.1764525, 9.453075, 10.005128, 11.961075, 37.448702
8.870530500000001, 9.008034, 9.187261, 9.4622059, 10.013454, 12.222361, 37.448702
8.866416, 9.00448, 9.180355, 9.4589331, 9.998216599999996, 12.003089, 37.448702
8.864671, 9.0032625, 9.180355, 9.444518, 9.972608249999999, 11.970292, 37.448702
8.86471825, 9.0045, 9.173801, 9.4390328, 9.95293145, 12.054451, 37.448702
8.868858, 9.0064915, 9.178931, 9.459141, 10.013722, 11.922215, 37.448702
8.868838, 9.001322, 9.178808, 9.44343, 9.918443799999999, 11.832213, 37.448702
8.863466, 9.001322, 9.168299000000001, 9.437264, 9.929915249999999, 11.913174, 37.448702
8.869155, 9.004037, 9.179931, 9.4605303, 9.927009, 11.938615, 37.448702
8.835281, 9.018489500000001, 9.37647975, 10.8686225, 11.766874, 13.780340929999987, 35.734803
8.83460075, 9.020617999999999, 9.375254, 10.830093, 11.720002, 13.648302629999993, 37.448702
8.836507, 9.012495, 9.36795225, 10.8519777, 11.787223, 13.920466849999965, 35.734803
8.834973999999999, 9.02102, 9.38890825, 10.870517000000001, 11.751512199999997, 13.749482, 37.448702
8.830078, 9.017892499999999, 9.3763455, 10.8894034, 11.815647749999998, 14.05604628999999, 37.448702
8.838491, 9.024566, 9.385178, 10.8709129, 11.809999249999999, 13.96692616999998, 35.734803
8.82782475, 9.009918, 9.3640505, 10.839855, 11.770826, 14.073755909999967, 35.734803
8.8353745, 9.024414499999999, 9.380721750000001, 10.891831, 11.836901, 14.042414749999981, 37.448702
8.834718, 9.016636, 9.37583375, 10.9012057, 11.831821, 14.054369, 35.330604
8.83182725, 9.011422, 9.35988775, 10.8379455, 11.737382899999993, 13.762149, 37.448702
8.832752, 9.015814, 9.3715875, 10.8585342, 11.71848485, 13.74960866999998, 37.448702
8.789632, 9.067225, 10.250831, 11.646801, 12.436106, 15.027702, 26.889073
8.78417975, 9.050942, 10.215979, 11.633763, 12.444344, 14.746909, 26.889073
8.793422, 9.067575, 10.258038, 11.660891, 12.50278965, 14.82504950999999, 26.889073
8.784408, 9.054016, 10.21686, 11.649208500000002, 12.476371, 14.873968019999955, 26.889073
8.78464, 9.04832, 10.186704, 11.608409, 12.384728, 14.801217, 26.889073
8.790425, 9.058963, 10.217979, 11.623755, 12.478849, 14.96492, 26.889073
8.785522, 9.051341, 10.2155, 11.643486600000006, 12.457268299999997, 14.96523062999995, 26.889073
8.785227, 9.053899000000001, 10.190106, 11.663426, 12.492187, 14.995983, 26.889073
8.78722075, 9.050433, 10.2179475, 11.623755, 12.436106, 15.049793, 19.563106
8.7892095, 9.054359, 10.237786, 11.652362, 12.490727, 14.94417, 26.889073
8.785179750000001, 9.048128, 10.223743, 11.654684, 12.426591749999993, 14.94417, 26.889073
8.78937475, 9.053899000000001, 10.223651, 11.658155400000005, 12.462983899999998, 14.932686829999989, 26.889073
8.7835005, 9.053201, 10.220221, 11.638546, 12.449738, 14.932686829999989, 26.889073
8.783395, 9.046639, 10.212492, 11.649208500000002, 12.44381295, 14.822824, 26.889073
8.788515, 9.053049, 10.242552, 11.617003, 12.443785, 14.996234439999961, 26.889073
8.790431, 9.048960000000001, 10.214986249999999, 11.654542, 12.440311, 14.901789, 26.889073
8.78856, 9.0542415, 10.223743, 11.648901, 12.496195, 15.027702, 26.889073
8.78437, 9.047141, 10.248229, 11.649208500000002, 12.472115, 15.049793, 26.889073
8.784949, 9.046385, 10.220617, 11.668574100000003, 12.5304223, 14.938511, 26.889073
8.786504, 9.054177, 10.2459785, 11.664709, 12.474753, 14.94417, 26.889073
8.78707, 9.0579565, 10.240888, 11.671892500000002, 12.502305, 14.822845599999997, 26.889073
8.793894, 9.070223, 10.240397, 11.651476, 12.469801, 14.938567589999991, 19.563106
8.789554, 9.053267, 10.230684, 11.645967, 12.492187, 14.938511, 26.889073
8.788432, 9.051623, 10.210548, 11.643211, 12.424741, 14.831535, 26.889073
8.789632, 9.053603, 10.22029575, 11.63261, 12.454684399999998, 14.932628, 19.563106
8.784391750000001, 9.042192, 10.18435, 11.640785400000002, 12.472115, 14.932628, 26.889073
8.78503225, 9.044512, 10.23312, 11.642939, 12.47130655, 15.054253, 26.889073
8.79090375, 9.060868, 10.246912, 11.657958, 12.490727, 14.932628, 26.889073
8.79120075, 9.0700965, 10.24400925, 11.650524, 12.424741, 15.27753, 19.563106
8.781956, 9.040183500000001, 10.2128345, 11.63261, 12.42317635, 14.953882, 26.889073
8.790975999999999, 9.050637, 10.200366, 11.6170923, 12.397371, 14.831535, 26.889073
8.791179, 9.067466, 10.258168, 11.651564600000002, 12.503486, 15.049837599999993, 26.889073
8.787975, 9.050234, 10.223942, 11.649813900000002, 12.397371, 14.901789, 26.889073
8.783877, 9.044996, 10.194815, 11.601595700000008, 12.383360450000001, 14.721664, 26.889073
8.789632, 9.059052999999999, 10.22052, 11.64915, 12.449738, 14.822824, 26.889073
8.78362975, 9.048254, 10.194815, 11.617003, 12.440311, 14.995983, 26.889073
8.782578, 9.046512, 10.194268, 11.658155400000005, 12.469801, 14.953882, 26.889073
8.789227, 9.054412, 10.249244000000001, 11.68195, 12.518624, 14.995983, 26.889073
8.792247, 9.05576, 10.242432, 11.632023, 12.388296, 14.938511, 19.563106
8.786504, 9.0533435, 10.23312, 11.643211, 12.388296, 14.873968019999955, 26.889073
8.7909, 9.057811999999998, 10.220908, 11.660993, 12.449738, 14.831956519999933, 26.889073
8.789062, 9.054016, 10.226674, 11.653518, 12.454557, 14.953882, 26.889073
8.790985, 9.067373, 10.236745, 11.659932, 12.436106, 14.96492, 26.889073
8.788515, 9.0531855, 10.209485, 11.64915, 12.471264, 14.96523062999995, 26.889073
8.785522, 9.0578155, 10.257865500000001, 11.649735, 12.423094, 14.824984, 26.889073
8.784949, 9.050419, 10.205052, 11.629453, 12.444613699999996, 14.938511, 26.889073
8.78707, 9.052887, 10.20749, 11.623755, 12.383635499999999, 14.938567589999991, 26.889073
8.785038, 9.058798, 10.259883, 11.652362, 12.472115, 14.932628, 26.889073
8.7892095, 9.054016, 10.226674, 11.632081700000002, 12.421150299999999, 14.873687, 26.889073
8.863305, 9.000095, 9.178767, 9.4596301, 9.972608249999999, 12.047984, 37.448702
8.864104, 9.001104999999999, 9.173783, 9.4369814, 9.92058795, 11.913264410000002, 37.448702
8.864727, 9.003401, 9.175607, 9.462205, 9.95293145, 11.922215, 37.448702
8.8633385, 9.003303, 9.177349, 9.448708, 9.981538399999993, 11.999376500000002, 37.448702
8.86257075, 8.999018, 9.176884, 9.427476, 9.910847449999999, 11.894581, 37.448702
8.86477425, 8.99791, 9.174587, 9.461342, 10.0134674, 12.22236977, 37.448702
8.86912225, 9.004509500000001, 9.179454750000001, 9.4390328, 9.92986, 11.970524530000006, 35.734803
8.8692885, 9.00374, 9.185154, 9.458363, 9.992691599999999, 12.007767, 37.448702
8.863941, 9.0034055, 9.182827750000001, 9.457004, 9.946413649999998, 11.970292, 37.448702
8.8692885, 9.0045995, 9.176562, 9.449627800000002, 10.013454, 12.170292940000012, 37.448702
8.863883, 9.00341, 9.183255, 9.440421, 9.985900799999994, 11.961075, 37.448702
8.8674405, 9.005358999999999, 9.18074925, 9.454415, 9.956152, 11.999376500000002, 37.448702
8.865594, 9.0016295, 9.171256, 9.445208, 9.94071025, 11.903319540000002, 37.448702
8.865562, 9.0016415, 9.175935, 9.433837, 9.973715, 11.90322, 35.734803
8.8765455, 9.0244325, 9.2138905, 9.493502, 9.841888449999999, 12.383066, 36.893046
8.794295, 9.0674965, 10.290907, 11.609167800000002, 12.3748575, 14.514821, 108.41936823106896
8.776025749999999, 9.044508, 10.18358375, 11.609777900000001, 12.460371, 15.054253, 19.393533
8.78191575, 9.051623, 10.199381, 11.5957005, 12.465433, 14.648961910000013, 18.168908
8.791026, 9.069617, 10.249971, 11.615418, 12.460371, 14.721813600000004, 19.563106
8.790975999999999, 9.063528, 10.2620835, 11.674191500000001, 12.496500500000002, 14.953882, 26.889073
8.78722075, 9.0530215, 10.182855499999999, 11.6260744, 12.423094, 14.663581240000012, 26.889073
8.789632, 9.059111, 10.20616025, 11.607978800000001, 12.4546844, 14.831535, 18.677002
8.79225975, 9.047762, 10.20058925, 11.685289200000003, 12.450269650000003, 15.449580190000002, 18.677002
8.783974500000001, 9.0662845, 10.20058925, 11.64915, 12.3959, 14.592045810000009, 19.563106
8.789546, 9.045159, 10.1617015, 11.608838200000005, 12.479442900000002, 14.824984, 26.889073
8.78849425, 9.0511415, 10.285109, 11.6699417, 12.444344, 14.83195652000001, 19.393533
8.786504, 9.056894, 10.18582075, 11.63261, 12.455100800000002, 15.46466297000001, 19.563106
8.78002375, 9.042297, 10.237005250000001, 11.658251300000002, 12.4604952, 15.027922910000004, 19.393533
8.7904295, 9.0411185, 10.14044025, 11.640647, 12.449738, 14.815179, 19.563106
8.788888, 9.0513455, 10.240888, 11.629453, 12.385728750000002, 14.528474940000024, 18.865024
8.781684, 9.0415155, 10.24400925, 11.638985300000002, 12.476371, 14.823613650000018, 26.889073
8.778822, 9.0505645, 10.28258125, 11.703578, 12.552089, 14.822911110000003, 26.889073
8.791367, 9.059518, 10.21808525, 11.6170923, 12.5335677, 14.902156220000009, 26.889073
8.7891445, 9.0702695, 10.234414000000001, 11.634025900000001, 12.44997895, 14.96492, 26.889073
8.78191575, 9.075604, 10.242432, 11.664709, 12.472246900000002, 15.093761, 26.889073
8.79377875, 9.050492, 10.22052, 11.634025900000001, 12.380756450000002, 14.902097390000007, 18.677002
8.789546, 9.058323, 10.266464249999999, 11.722030800000002, 12.451516150000002, 15.0498376, 26.889073
8.791319, 9.0504625, 10.203357500000001, 11.568204000000001, 12.3959, 14.932950920000007, 19.563106
8.7888015, 9.050942, 10.197918999999999, 11.570729700000003, 12.339573900000003, 15.049793, 19.563106
8.79678425, 9.053310499999998, 10.217979, 11.657958, 12.4908, 15.054253, 19.563106
8.78387225, 9.046347, 10.1975375, 11.6387561, 12.492751950000002, 14.649303910000022, 26.889073
8.778985500000001, 9.0659675, 10.261955, 11.629884, 12.413306600000002, 14.874391830000016, 26.889073
8.86252675, 9.002767500000001, 9.17919125, 9.460722, 9.899901449999998, 11.938839599999994, 35.734803
8.870703500000001, 9.004056, 9.178158, 9.4749112, 10.07365615, 11.970619969999992, 35.487972
8.871288, 9.0103775, 9.188799, 9.4629838, 10.0137305, 12.054610679999996, 35.330604
8.868218, 9.0014275, 9.1737425, 9.4436462, 10.0333125, 11.932805169999993, 33.51644
8.8625545, 9.0005815, 9.172877, 9.4596301, 9.91609095, 12.048048669999998, 35.487972
8.8645, 9.006176, 9.183196500000001, 9.443745999999999, 9.932986, 11.903513249999992, 35.734803
8.864334750000001, 8.999251, 9.17930075, 9.4408405, 9.970956, 11.993545, 35.734803
8.867096, 9.003303, 9.174539000000001, 9.4146698, 9.804758, 11.669620489999998, 37.448702
8.872364, 9.008545000000002, 9.179315, 9.4457945, 9.99826285, 12.222916359999987, 35.734803
8.8683035, 9.0016415, 9.17542375, 9.472611, 10.138635799999994, 12.3281949, 37.448702
8.85942525, 8.998102, 9.17481575, 9.450626999999999, 9.969540399999998, 11.971293269999977, 37.448702
8.868625, 8.997271999999999, 9.170898, 9.419778500000001, 9.971457549999997, 11.933283699999985, 37.448702
8.87113, 9.001637500000001, 9.18519075, 9.4449188, 10.038367049999994, 11.874442, 37.448702
8.870526, 8.9960775, 9.16288325, 9.455484, 9.96183685, 11.624970209999992, 35.330604
8.86384, 8.998101, 9.16509675, 9.437926599999999, 9.870239, 11.999423279999998, 35.487972
8.875441, 9.005575, 9.17916, 9.4596301, 9.969527649999998, 11.958679299999998, 35.487972
8.860502, 9.0014895, 9.17510425, 9.4311091, 9.94988625, 12.223577699999993, 37.448702
8.876525, 9.0143955, 9.1876455, 9.4659455, 9.92715155, 11.922318299999997, 35.734803
8.8645, 9.0000105, 9.171208, 9.430244, 9.933371699999997, 12.003089, 16.295498
8.862478, 9.002692, 9.1835115, 9.451941900000001, 9.993400449999994, 12.223295119999976, 37.448702
8.8626685, 9.0028115, 9.169674, 9.459293, 9.9923587, 11.95900726999999, 37.448702
8.871097, 9.004237, 9.183255, 9.4496278, 9.9499455, 12.070439959999998, 35.734803
8.860149999999999, 8.9988695, 9.173765, 9.417081, 9.83911495, 11.815598, 35.734803
8.8683035, 9.0017715, 9.178993, 9.465453, 10.013892, 12.372583369999997, 35.487972
8.8638735, 8.9982445, 9.178973, 9.427559800000001, 9.953168, 11.895030269999996, 35.734803
8.86413325, 9.0035675, 9.180171, 9.4498257, 10.019533799999998, 11.958562, 37.448702
8.8591745, 8.990638, 9.17089, 9.4445506, 9.915973, 11.903409949999995, 35.734803
8.872923, 9.013935499999999, 9.19519975, 9.4869028, 9.953317199999999, 11.970666749999992, 37.448702
8.87206725, 9.0027635, 9.173778500000001, 9.419161, 9.91609095, 11.815764149999996, 37.448702
8.86326625, 9.0095405, 9.20141875, 9.51786, 10.3388181, 11.970524529999995, 35.734803
8.8687945, 9.005772, 9.18749025, 9.5027858, 10.189153, 12.374539, 35.734803
8.8663055, 9.003025, 9.17999025, 9.4718092, 10.081999, 11.9993765, 37.448702
8.8626945, 9.002492499999999, 9.18434225, 9.4712116, 10.103760949999998, 12.055604159999973, 35.487972
8.863521, 9.000454, 9.17329825, 9.4575024, 10.019570399999997, 11.95858713, 37.448702
8.8706835, 9.0088525, 9.18837475, 9.4581344, 10.042448249999996, 12.222369769999998, 37.448702
8.869212, 9.00634, 9.17276375, 9.4613561, 9.92712555, 11.852143919999987, 35.487972
8.8614265, 8.9983415, 9.1898655, 9.488363000000001, 9.980987, 12.003783259999983, 37.448702
8.86072475, 8.995371, 9.17706775, 9.440626100000001, 10.065196599999998, 11.96149513999999, 35.487972
8.86332225, 9.004122500000001, 9.188715, 9.4605303, 9.973553449999995, 11.89460059, 16.928153
8.859537, 8.990832999999999, 9.15591875, 9.4402446, 9.896459749999998, 11.875248069999994, 35.734803
8.86309875, 9.008545000000002, 9.190301250000001, 9.466554299999999, 9.93106605, 11.77998, 35.487972
8.86630075, 9.0058085, 9.18893975, 9.503696399999999, 10.06522, 12.315896989999997, 37.448702
8.868571249999999, 8.9994405, 9.177454749999999, 9.4658418, 10.071799099999994, 12.003135779999997, 35.734803
8.869261, 9.0045995, 9.17380925, 9.490937299999999, 10.061361, 11.74916128, 37.448702
8.865601999999999, 9.002384, 9.178994, 9.496333, 10.125964349999999, 12.007767, 37.448702
8.86988525, 9.011834, 9.186823500000001, 9.4622847, 10.023848699999999, 12.074013459999964, 37.448702
8.87015825, 9.0030335, 9.173861, 9.4311641, 9.97260825, 11.932805169999993, 35.487972
8.86935675, 9.005281, 9.1762295, 9.454555899999999, 9.952412849999996, 11.995307219999958, 35.734803
8.863507250000001, 8.997402000000001, 9.1737425, 9.4613561, 9.97230775, 11.958562, 35.487972
8.87522, 9.006364999999999, 9.181374250000001, 9.4615552, 9.974308199999998, 12.170301709999988, 35.487972
8.861762500000001, 8.9969985, 9.17384525, 9.465453, 9.969540399999998, 11.95858713, 37.448702
8.873921750000001, 9.01496, 9.190318750000001, 9.4615552, 9.971035699999998, 11.8948773, 37.448702
8.87304475, 9.007147, 9.17906325, 9.440054, 9.931906199999995, 11.896900049999992, 35.487972
8.861444, 9.0042825, 9.173734249999999, 9.453075, 9.929366, 12.075192799999936, 37.448702
8.87353075, 9.0045635, 9.1690575, 9.4211738, 9.824613199999998, 11.83973553999999, 37.448702
8.865207, 8.9970105, 9.173788250000001, 9.4626924, 10.023885299999998, 12.277909739999998, 37.448702
8.866547, 9.000105000000001, 9.1748105, 9.4631742, 10.013454, 11.913369009999995, 35.734803
8.8671345, 9.010006, 9.189891000000001, 9.445691799999999, 9.974308199999998, 11.852057529999989, 35.487972
8.86391575, 9.000746, 9.17693775, 9.4571946, 10.06491315, 12.330609639999997, 35.487972
8.86330125, 9.0049145, 9.181953, 9.462214, 9.985917299999997, 11.74916128, 29.227148
8.8689705, 9.009001000000001, 9.17894175, 9.4382328, 9.932986, 11.913264409999998, 16.928153
8.862533500000001, 8.994776, 9.17372475, 9.4370452, 9.910716, 11.875228479999995, 16.295498
8.863623, 9.003573, 9.1727345, 9.445208, 9.94988625, 11.999423279999998, 37.448702
8.870184, 9.0060105, 9.18737175, 9.4945744, 10.092152, 11.896606799999999, 35.487972
8.873692, 9.014421, 9.205136, 9.5021077, 10.031582949999994, 11.993545, 35.734803
8.873807, 9.012914, 9.189603, 9.5139361, 10.161922749999992, 12.279502019999992, 37.448702
8.86591075, 9.0013385, 9.170914, 9.412219, 9.784246549999995, 11.749083, 16.112752
8.8704495, 8.9988695, 9.17903525, 9.4655506, 9.93106605, 11.832836679999986, 35.734803
8.86557125, 9.003295999999999, 9.17831025, 9.437992, 9.95293145, 11.89654, 37.448702
8.8632195, 9.000486500000001, 9.1775335, 9.4596301, 9.9923587, 11.932734399999998, 37.448702
8.86415575, 8.998255, 9.186747500000001, 9.4414786, 9.932986, 11.749083, 35.734803
8.86309975, 9.000544999999999, 9.169261500000001, 9.4697023, 10.024445299999995, 12.071412479999976, 37.448702
8.87106725, 9.002618, 9.17999025, 9.4589331, 10.005764699999997, 12.328172, 37.448702
8.86771875, 9.005006, 9.18202625, 9.4716004, 9.8973157, 11.961167169999998, 37.448702
8.863573500000001, 9.0078685, 9.19056675, 9.4591847, 9.985930999999997, 12.072515, 35.734803
8.86190025, 9.00286, 9.19196525, 9.4602233, 9.9920452, 11.958679299999998, 35.487972
8.862533500000001, 9.00173, 9.173771, 9.4338976, 9.921269099999998, 11.999825449999989, 37.448702
8.865184249999999, 9.007812999999999, 9.18172125, 9.4402619, 9.897725949999998, 11.959456219999979, 37.448702
8.8734805, 9.0066895, 9.17595775, 9.4583876, 9.933381949999998, 11.913174, 37.448702
8.868867250000001, 9.004251, 9.172004, 9.4227161, 9.885056299999997, 11.655907809999997, 35.487972
8.87539675, 9.013502500000001, 9.19545625, 9.4867471, 10.0051396, 12.048048669999998, 37.448702
8.869605, 9.014454, 9.1900875, 9.476735099999999, 10.042448249999996, 12.223577699999993, 37.448702
8.8660635, 9.001531, 9.18610675, 9.4455397, 10.069163799999998, 12.223238, 35.330604
8.8716755, 9.0040045, 9.17626125, 9.4217541, 9.85096725, 11.894930729999999, 35.734803
8.8654565, 8.99956, 9.179358, 9.4305745, 9.899901449999998, 11.832213, 16.112752
8.861778750000001, 9.00418, 9.190941, 9.4590289, 9.92712555, 11.83973553999999, 35.487972
8.860502, 9.0038935, 9.1765115, 9.4583724, 9.960307599999998, 12.278240759999992, 35.734803
8.8661435, 8.993138, 9.18196275, 9.4457945, 9.974078599999999, 11.9993765, 29.227148
8.87206725, 9.010501, 9.18805325, 9.444518, 9.873585049999992, 11.993602939999997, 37.448702
8.86171375, 9.001022, 9.17731725, 9.453209, 9.908276099999998, 11.810147879999995, 37.448702
8.870978, 9.0106395, 9.190628, 9.494379, 10.160602099999998, 12.073487519999976, 33.51644
8.8646635, 8.99643, 9.1673965, 9.422321, 9.908149449999998, 11.939222239999985, 16.112752
8.881817, 9.040083, 9.2402145, 9.4918581, 9.779717, 13.174356879999989, 32.855096
8.8753085, 9.038152499999999, 9.224651, 9.503467, 9.7450225, 14.43134543, 36.893046
8.879088, 9.043233, 9.2504555, 9.5204898, 9.75286115, 13.618961919999998, 36.893046
8.872246, 9.032758000000001, 9.23094325, 9.5002435, 9.7160942, 11.258593329999998, 24.370709
8.88948325, 9.032055, 9.218277, 9.4652342, 9.68081415, 13.938694449999979, 21.371576
8.89295125, 9.049009, 9.235586, 9.5203138, 9.79625, 14.790880899999989, 19.892145
8.88982025, 9.03383, 9.23727, 9.4935087, 9.69167665, 10.887403719999995, 23.303856
8.865436, 9.028851, 9.22279225, 9.458361700000001, 9.686798849999999, 11.011485200000001, 19.587514
8.880507249999999, 9.0379965, 9.2401605, 9.54314, 9.757533, 16.05074345, 32.855096
0, 0, 0, 0, 0, 0, 0
0, 0, 0, 0, 0, 0, 0
0, 0, 0, 0, 0, 0, 0
0, 0, 0, 0, 0, 0, 0
0, 0, 0, 0, 0, 0, 0
0, 0, 0, 0, 0, 0, 0
0, 0, 0, 0, 0, 0, 0
0, 0, 0, 0, 0, 0, 0
0, 0, 0, 0, 0, 0, 0
0, 0, 0, 0, 0, 0, 0
0, 0, 0, 0, 0, 0, 0
0, 0, 0, 0, 0, 0, 0
0, 0, 0, 0, 0, 0, 0
0, 0, 0, 0, 0, 0, 0
0, 0, 0, 0, 0, 0, 0
0, 0, 0, 0, 0, 0, 0
0, 0, 0, 0, 0, 0, 0
0, 0, 0, 0, 0, 0, 0
0, 0, 0, 0, 0, 0, 0
0, 0, 0, 0, 0, 0, 0
0, 0, 0, 0, 0, 0, 0
0, 0, 0, 0, 0, 0, 0
0, 0, 0, 0, 0, 0, 0
0, 0, 0, 0, 0, 0, 0
0, 0, 0, 0, 0, 0, 0
0, 0, 0, 0, 0, 0, 0
0, 0, 0, 0, 0, 0, 0
0, 0, 0, 0, 0, 0, 0
0, 0, 0, 0, 0, 0, 0
0, 0, 0, 0, 0, 0, 0
0, 0, 0, 0, 0, 0, 0
0, 0, 0, 0, 0, 0, 0
0, 0, 0, 0, 0, 0, 0
0, 0, 0, 0, 0, 0, 0
0, 0, 0, 0, 0, 0, 0
0, 0, 0, 0, 0, 0, 0
0, 0, 0, 0, 0, 0, 0
0, 0, 0, 0, 0, 0, 0
0, 0, 0, 0, 0, 0, 0
0, 0, 0, 0, 0, 0, 0
0, 0, 0, 0, 0, 0, 0
0, 0, 0, 0, 0, 0, 0
0, 0, 0, 0, 0, 0, 0
0, 0, 0, 0, 0, 0, 0
0, 0, 0, 0, 0, 0, 0
0, 0, 0, 0, 0, 0, 0
0, 0, 0, 0, 0, 0, 0
0, 0, 0, 0, 0, 0, 0
0, 0, 0, 0, 0, 0, 0
0, 0, 0, 0, 0, 0, 0
0, 0, 0, 0, 0, 0, 0
0, 0, 0, 0, 0, 0, 0
0, 0, 0, 0, 0, 0, 0
0, 0, 0, 0, 0, 0, 0
0, 0, 0, 0, 0, 0, 0
0, 0, 0, 0, 0, 0, 0
0, 0, 0, 0, 0, 0, 0
0, 0, 0, 0, 0, 0, 0
0, 0, 0, 0, 0, 0, 0
0, 0, 0, 0, 0, 0, 0
0, 0, 0, 0, 0, 0, 0
0, 0, 0, 0, 0, 0, 0
0, 0, 0, 0, 0, 0, 0
0, 0, 0, 0, 0, 0, 0
0, 0, 0, 0, 0, 0, 0
0, 0, 0, 0, 0, 0, 0
0, 0, 0, 0, 0, 0, 0
0, 0, 0, 0, 0, 0, 0
0, 0, 0, 0, 0, 0, 0
0, 0, 0, 0, 0, 0, 0
0, 0, 0, 0, 0, 0, 0
0, 0, 0, 0, 0, 0, 0
0, 0, 0, 0, 0, 0, 0
0, 0, 0, 0, 0, 0, 0
0, 0, 0, 0, 0, 0, 0
0, 0, 0, 0, 0, 0, 0
0, 0, 0, 0, 0, 0, 0
0, 0, 0, 0, 0, 0, 0
0, 0, 0, 0, 0, 0, 0
0, 0, 0, 0, 0, 0, 0
0, 0, 0, 0, 0, 0, 0
0, 0, 0, 0, 0, 0, 0
0, 0, 0, 0, 0, 0, 0
0, 0, 0, 0, 0, 0, 0
0, 0, 0, 0, 0, 0, 0
0, 0, 0, 0, 0, 0, 0
0, 0, 0, 0, 0, 0, 0
0, 0, 0, 0, 0, 0, 0
0, 0, 0, 0, 0, 0, 0
0, 0, 0, 0, 0, 0, 0
0, 0, 0, 0, 0, 0, 0
0, 0, 0, 0, 0, 0, 0
0, 0, 0, 0, 0, 0, 0
0, 0, 0, 0, 0, 0, 0
0, 0, 0, 0, 0, 0, 0
0, 0, 0, 0, 0, 0, 0
0, 0, 0, 0, 0, 0, 0
0, 0, 0, 0, 0, 0, 0
0, 0, 0, 0, 0, 0, 0
0, 0, 0, 0, 0, 0, 0
0, 0, 0, 0, 0, 0, 0
0, 0, 0, 0, 0, 0, 0
0, 0, 0, 0, 0, 0, 0
0, 0, 0, 0, 0, 0, 0
0, 0, 0, 0, 0, 0, 0
0, 0, 0, 0, 0, 0, 0
0, 0, 0, 0, 0, 0, 0
0, 0, 0, 0, 0, 0, 0
0, 0, 0, 0, 0, 0, 0
0, 0, 0, 0, 0, 0, 0
0, 0, 0, 0, 0, 0, 0
0, 0, 0, 0, 0, 0, 0
0, 0, 0, 0, 0, 0, 0
0, 0, 0, 0, 0, 0, 0
0, 0, 0, 0, 0, 0, 0
0, 0, 0, 0, 0, 0, 0
0, 0, 0, 0, 0, 0, 0
0, 0, 0, 0, 0, 0, 0
0, 0, 0, 0, 0, 0, 0
0, 0, 0, 0, 0, 0, 0
0, 0, 0, 0, 0, 0, 0
0, 0, 0, 0, 0, 0, 0
0, 0, 0, 0, 0, 0, 0
0, 0, 0, 0, 0, 0, 0
0, 0, 0, 0, 0, 0, 0
0, 0, 0, 0, 0, 0, 0
0, 0, 0, 0, 0, 0, 0
0, 0, 0, 0, 0, 0, 0
0, 0, 0, 0, 0, 0, 0
0, 0, 0, 0, 0, 0, 0
0, 0, 0, 0, 0, 0, 0
0, 0, 0, 0, 0, 0, 0
0, 0, 0, 0, 0, 0, 0
0, 0, 0, 0, 0, 0, 0
0, 0, 0, 0, 0, 0, 0
0, 0, 0, 0, 0, 0, 0
0, 0, 0, 0, 0, 0, 0
0, 0, 0, 0, 0, 0, 0
0, 0, 0, 0, 0, 0, 0
0, 0, 0, 0, 0, 0, 0
0, 0, 0, 0, 0, 0, 0
0, 0, 0, 0, 0, 0, 0
0, 0, 0, 0, 0, 0, 0
0, 0, 0, 0, 0, 0, 0
0, 0, 0, 0, 0, 0, 0
0, 0, 0, 0, 0, 0, 0
0, 0, 0, 0, 0, 0, 0
0, 0, 0, 0, 0, 0, 0
0, 0, 0, 0, 0, 0, 0
0, 0, 0, 0, 0, 0, 0
0, 0, 0, 0, 0, 0, 0
0, 0, 0, 0, 0, 0, 0
0, 0, 0, 0, 0, 0, 0
0, 0, 0, 0, 0, 0, 0
0, 0, 0, 0, 0, 0, 0
0, 0, 0, 0, 0, 0, 0
0, 0, 0, 0, 0, 0, 0
0, 0, 0, 0, 0, 0, 0
0, 0, 0, 0, 0, 0, 0
0, 0, 0, 0, 0, 0, 0
0, 0, 0, 0, 0, 0, 0
0, 0, 0, 0, 0, 0, 0
0, 0, 0, 0, 0, 0, 0
0, 0, 0, 0, 0, 0, 0
0, 0, 0, 0, 0, 0, 0
0, 0, 0, 0, 0, 0, 0
0, 0, 0, 0, 0, 0, 0
0, 0, 0, 0, 0, 0, 0
0, 0, 0, 0, 0, 0, 0
0, 0, 0, 0, 0, 0, 0
0, 0, 0, 0, 0, 0, 0
0, 0, 0, 0, 0, 0, 0
0, 0, 0, 0, 0, 0, 0
0, 0, 0, 0, 0, 0, 0
0, 0, 0, 0, 0, 0, 0
0, 0, 0, 0, 0, 0, 0
0, 0, 0, 0, 0, 0, 0
0, 0, 0, 0, 0, 0, 0
0, 0, 0, 0, 0, 0, 0
0, 0, 0, 0, 0, 0, 0
0, 0, 0, 0, 0, 0, 0
0, 0, 0, 0, 0, 0, 0
0, 0, 0, 0, 0, 0, 0
0, 0, 0, 0, 0, 0, 0
0, 0, 0, 0, 0, 0, 0
0, 0, 0, 0, 0, 0, 0
0, 0, 0, 0, 0, 0, 0
0, 0, 0, 0, 0, 0, 0
0, 0, 0, 0, 0, 0, 0
0, 0, 0, 0, 0, 0, 0
0, 0, 0, 0, 0, 0, 0
0, 0, 0, 0, 0, 0, 0
0, 0, 0, 0, 0, 0, 0
0, 0, 0, 0, 0, 0, 0
0, 0, 0, 0, 0, 0, 0
0, 0, 0, 0, 0, 0, 0
0, 0, 0, 0, 0, 0, 0
0, 0, 0, 0, 0, 0, 0
0, 0, 0, 0, 0, 0, 0
0, 0, 0, 0, 0, 0, 0
0, 0, 0, 0, 0, 0, 0
0, 0, 0, 0, 0, 0, 0
0, 0, 0, 0, 0, 0, 0
0, 0, 0, 0, 0, 0, 0
0, 0, 0, 0, 0, 0, 0
0, 0, 0, 0, 0, 0, 0
0, 0, 0, 0, 0, 0, 0
0, 0, 0, 0, 0, 0, 0
0, 0, 0, 0, 0, 0, 0
0, 0, 0, 0, 0, 0, 0
0, 0, 0, 0, 0, 0, 0
0, 0, 0, 0, 0, 0, 0
0, 0, 0, 0, 0, 0, 0
0, 0, 0, 0, 0, 0, 0
0, 0, 0, 0, 0, 0, 0
0, 0, 0, 0, 0, 0, 0
0, 0, 0, 0, 0, 0, 0
0, 0, 0, 0, 0, 0, 0
0, 0, 0, 0, 0, 0, 0
0, 0, 0, 0, 0, 0, 0
0, 0, 0, 0, 0, 0, 0
0, 0, 0, 0, 0, 0, 0
0, 0, 0, 0, 0, 0, 0
0, 0, 0, 0, 0, 0, 0
0, 0, 0, 0, 0, 0, 0
0, 0, 0, 0, 0, 0, 0
0, 0, 0, 0, 0, 0, 0
0, 0, 0, 0, 0, 0, 0
0, 0, 0, 0, 0, 0, 0
0, 0, 0, 0, 0, 0, 0
0, 0, 0, 0, 0, 0, 0
0, 0, 0, 0, 0, 0, 0
0, 0, 0, 0, 0, 0, 0
0, 0, 0, 0, 0, 0, 0
0, 0, 0, 0, 0, 0, 0
0, 0, 0, 0, 0, 0, 0
0, 0, 0, 0, 0, 0, 0
0, 0, 0, 0, 0, 0, 0
0, 0, 0, 0, 0, 0, 0
0, 0, 0, 0, 0, 0, 0
0, 0, 0, 0, 0, 0, 0
0, 0, 0, 0, 0, 0, 0
0, 0, 0, 0, 0, 0, 0
0, 0, 0, 0, 0, 0, 0
0, 0, 0, 0, 0, 0, 0
0, 0, 0, 0, 0, 0, 0
0, 0, 0, 0, 0, 0, 0
0, 0, 0, 0, 0, 0, 0
0, 0, 0, 0, 0, 0, 0
0, 0, 0, 0, 0, 0, 0
0, 0, 0, 0, 0, 0, 0
0, 0, 0, 0, 0, 0, 0
0, 0, 0, 0, 0, 0, 0
0, 0, 0, 0, 0, 0, 0
0, 0, 0, 0, 0, 0, 0
0, 0, 0, 0, 0, 0, 0
0, 0, 0, 0, 0, 0, 0
0, 0, 0, 0, 0, 0, 0
0, 0, 0, 0, 0, 0, 0
0, 0, 0, 0, 0, 0, 0
0, 0, 0, 0, 0, 0, 0
0, 0, 0, 0, 0, 0, 0
0, 0, 0, 0, 0, 0, 0
0, 0, 0, 0, 0, 0, 0
0, 0, 0, 0, 0, 0, 0
0, 0, 0, 0, 0, 0, 0
0, 0, 0, 0, 0, 0, 0
0, 0, 0, 0, 0, 0, 0
0, 0, 0, 0, 0, 0, 0
0, 0, 0, 0, 0, 0, 0
0, 0, 0, 0, 0, 0, 0
0, 0, 0, 0, 0, 0, 0
0, 0, 0, 0, 0, 0, 0
0, 0, 0, 0, 0, 0, 0
0, 0, 0, 0, 0, 0, 0
0, 0, 0, 0, 0, 0, 0
0, 0, 0, 0, 0, 0, 0
0, 0, 0, 0, 0, 0, 0
0, 0, 0, 0, 0, 0, 0
0, 0, 0, 0, 0, 0, 0
0, 0, 0, 0, 0, 0, 0
0, 0, 0, 0, 0, 0, 0
0, 0, 0, 0, 0, 0, 0
0, 0, 0, 0, 0, 0, 0
0, 0, 0, 0, 0, 0, 0
0, 0, 0, 0, 0, 0, 0
0, 0, 0, 0, 0, 0, 0
0, 0, 0, 0, 0, 0, 0
0, 0, 0, 0, 0, 0, 0
0, 0, 0, 0, 0, 0, 0
0, 0, 0, 0, 0, 0, 0
0, 0, 0, 0, 0, 0, 0
0, 0, 0, 0, 0, 0, 0
0, 0, 0, 0, 0, 0, 0
0, 0, 0, 0, 0, 0, 0
0, 0, 0, 0, 0, 0, 0
0, 0, 0, 0, 0, 0, 0
0, 0, 0, 0, 0, 0, 0
0, 0, 0, 0, 0, 0, 0
0, 0, 0, 0, 0, 0, 0
0, 0, 0, 0, 0, 0, 0
0, 0, 0, 0, 0, 0, 0
0, 0, 0, 0, 0, 0, 0
0, 0, 0, 0, 0, 0, 0
0, 0, 0, 0, 0, 0, 0
0, 0, 0, 0, 0, 0, 0
0, 0, 0, 0, 0, 0, 0
0, 0, 0, 0, 0, 0, 0
0, 0, 0, 0, 0, 0, 0
0, 0, 0, 0, 0, 0, 0
0, 0, 0, 0, 0, 0, 0
0, 0, 0, 0, 0, 0, 0
0, 0, 0, 0, 0, 0, 0
0, 0, 0, 0, 0, 0, 0
0, 0, 0, 0, 0, 0, 0
0, 0, 0, 0, 0, 0, 0
0, 0, 0, 0, 0, 0, 0
0, 0, 0, 0, 0, 0, 0
0, 0, 0, 0, 0, 0, 0
0, 0, 0, 0, 0, 0, 0
0, 0, 0, 0, 0, 0, 0
0, 0, 0, 0, 0, 0, 0
0, 0, 0, 0, 0, 0, 0
0, 0, 0, 0, 0, 0, 0
0, 0, 0, 0, 0, 0, 0
0, 0, 0, 0, 0, 0, 0
0, 0, 0, 0, 0, 0, 0
0, 0, 0, 0, 0, 0, 0
0, 0, 0, 0, 0, 0, 0
0, 0, 0, 0, 0, 0, 0
0, 0, 0, 0, 0, 0, 0
0, 0, 0, 0, 0, 0, 0
0, 0, 0, 0, 0, 0, 0
0, 0, 0, 0, 0, 0, 0
0, 0, 0, 0, 0, 0, 0
0, 0, 0, 0, 0, 0, 0
0, 0, 0, 0, 0, 0, 0
0, 0, 0, 0, 0, 0, 0
0, 0, 0, 0, 0, 0, 0
0, 0, 0, 0, 0, 0, 0
0, 0, 0, 0, 0, 0, 0
0, 0, 0, 0, 0, 0, 0
0, 0, 0, 0, 0, 0, 0
0, 0, 0, 0, 0, 0, 0
0, 0, 0, 0, 0, 0, 0
0, 0, 0, 0, 0, 0, 0
0, 0, 0, 0, 0, 0, 0
0, 0, 0, 0, 0, 0, 0
0, 0, 0, 0, 0, 0, 0
0, 0, 0, 0, 0, 0, 0
0, 0, 0, 0, 0, 0, 0
0, 0, 0, 0, 0, 0, 0
0, 0, 0, 0, 0, 0, 0
0, 0, 0, 0, 0, 0, 0
0, 0, 0, 0, 0, 0, 0
0, 0, 0, 0, 0, 0, 0
0, 0, 0, 0, 0, 0, 0
0, 0, 0, 0, 0, 0, 0
0, 0, 0, 0, 0, 0, 0
0, 0, 0, 0, 0, 0, 0
0, 0, 0, 0, 0, 0, 0
0, 0, 0, 0, 0, 0, 0
0, 0, 0, 0, 0, 0, 0
0, 0, 0, 0, 0, 0, 0
0, 0, 0, 0, 0, 0, 0
0, 0, 0, 0, 0, 0, 0
0, 0, 0, 0, 0, 0, 0
0, 0, 0, 0, 0, 0, 0
0, 0, 0, 0, 0, 0, 0
0, 0, 0, 0, 0, 0, 0
0, 0, 0, 0, 0, 0, 0
0, 0, 0, 0, 0, 0, 0
0, 0, 0, 0, 0, 0, 0
0, 0, 0, 0, 0, 0, 0
0, 0, 0, 0, 0, 0, 0
0, 0, 0, 0, 0, 0, 0
0, 0, 0, 0, 0, 0, 0
0, 0, 0, 0, 0, 0, 0
0, 0, 0, 0, 0, 0, 0
0, 0, 0, 0, 0, 0, 0
0, 0, 0, 0, 0, 0, 0
0, 0, 0, 0, 0, 0, 0
0, 0, 0, 0, 0, 0, 0
0, 0, 0, 0, 0, 0, 0
0, 0, 0, 0, 0, 0, 0
0, 0, 0, 0, 0, 0, 0
0, 0, 0, 0, 0, 0, 0
0, 0, 0, 0, 0, 0, 0
0, 0, 0, 0, 0, 0, 0
0, 0, 0, 0, 0, 0, 0
0, 0, 0, 0, 0, 0, 0
0, 0, 0, 0, 0, 0, 0
0, 0, 0, 0, 0, 0, 0
0, 0, 0, 0, 0, 0, 0
0, 0, 0, 0, 0, 0, 0
0, 0, 0, 0, 0, 0, 0
0, 0, 0, 0, 0, 0, 0
0, 0, 0, 0, 0, 0, 0
0, 0, 0, 0, 0, 0, 0
0, 0, 0, 0, 0, 0, 0
0, 0, 0, 0, 0, 0, 0
0, 0, 0, 0, 0, 0, 0
0, 0, 0, 0, 0, 0, 0
0, 0, 0, 0, 0, 0, 0
0, 0, 0, 0, 0, 0, 0
0, 0, 0, 0, 0, 0, 0
0, 0, 0, 0, 0, 0, 0
0, 0, 0, 0, 0, 0, 0
0, 0, 0, 0, 0, 0, 0
0, 0, 0, 0, 0, 0, 0
0, 0, 0, 0, 0, 0, 0
0, 0, 0, 0, 0, 0, 0
0, 0, 0, 0, 0, 0, 0
0, 0, 0, 0, 0, 0, 0
0, 0, 0, 0, 0, 0, 0
0, 0, 0, 0, 0, 0, 0
0, 0, 0, 0, 0, 0, 0
0, 0, 0, 0, 0, 0, 0
0, 0, 0, 0, 0, 0, 0
0, 0, 0, 0, 0, 0, 0
0, 0, 0, 0, 0, 0, 0
0, 0, 0, 0, 0, 0, 0
0, 0, 0, 0, 0, 0, 0
0, 0, 0, 0, 0, 0, 0
0, 0, 0, 0, 0, 0, 0
0, 0, 0, 0, 0, 0, 0
0, 0, 0, 0, 0, 0, 0
0, 0, 0, 0, 0, 0, 0
0, 0, 0, 0, 0, 0, 0
0, 0, 0, 0, 0, 0, 0
0, 0, 0, 0, 0, 0, 0
0, 0, 0, 0, 0, 0, 0
0, 0, 0, 0, 0, 0, 0
0, 0, 0, 0, 0, 0, 0
0, 0, 0, 0, 0, 0, 0
0, 0, 0, 0, 0, 0, 0
0, 0, 0, 0, 0, 0, 0
0, 0, 0, 0, 0, 0, 0
0, 0, 0, 0, 0, 0, 0
0, 0, 0, 0, 0, 0, 0
0, 0, 0, 0, 0, 0, 0
0, 0, 0, 0, 0, 0, 0
0, 0, 0, 0, 0, 0, 0
0, 0, 0, 0, 0, 0, 0
0, 0, 0, 0, 0, 0, 0
0, 0, 0, 0, 0, 0, 0
0, 0, 0, 0, 0, 0, 0
0, 0, 0, 0, 0, 0, 0
0, 0, 0, 0, 0, 0, 0
0, 0, 0, 0, 0, 0, 0
0, 0, 0, 0, 0, 0, 0
0, 0, 0, 0, 0, 0, 0
0, 0, 0, 0, 0, 0, 0
0, 0, 0, 0, 0, 0, 0
0, 0, 0, 0, 0, 0, 0
0, 0, 0, 0, 0, 0, 0
0, 0, 0, 0, 0, 0, 0
0, 0, 0, 0, 0, 0, 0
0, 0, 0, 0, 0, 0, 0
0, 0, 0, 0, 0, 0, 0
0, 0, 0, 0, 0, 0, 0
0, 0, 0, 0, 0, 0, 0
0, 0, 0, 0, 0, 0, 0
0, 0, 0, 0, 0, 0, 0
0, 0, 0, 0, 0, 0, 0
0, 0, 0, 0, 0, 0, 0
0, 0, 0, 0, 0, 0, 0
0, 0, 0, 0, 0, 0, 0
0, 0, 0, 0, 0, 0, 0
0, 0, 0, 0, 0, 0, 0
0, 0, 0, 0, 0, 0, 0
0, 0, 0, 0, 0, 0, 0
0, 0, 0, 0, 0, 0, 0
0, 0, 0, 0, 0, 0, 0
0, 0, 0, 0, 0, 0, 0
0, 0, 0, 0, 0, 0, 0
0, 0, 0, 0, 0, 0, 0
0, 0, 0, 0, 0, 0, 0
0, 0, 0, 0, 0, 0, 0
0, 0, 0, 0, 0, 0, 0
0, 0, 0, 0, 0, 0, 0
0, 0, 0, 0, 0, 0, 0
0, 0, 0, 0, 0, 0, 0
0, 0, 0, 0, 0, 0, 0
0, 0, 0, 0, 0, 0, 0
0, 0, 0, 0, 0, 0, 0
0, 0, 0, 0, 0, 0, 0
0, 0, 0, 0, 0, 0, 0
0, 0, 0, 0, 0, 0, 0
0, 0, 0, 0, 0, 0, 0
0, 0, 0, 0, 0, 0, 0
0, 0, 0, 0, 0, 0, 0
0, 0, 0, 0, 0, 0, 0
0, 0, 0, 0, 0, 0, 0
0, 0, 0, 0, 0, 0, 0
0, 0, 0, 0, 0, 0, 0
0, 0, 0, 0, 0, 0, 0
0, 0, 0, 0, 0, 0, 0
0, 0, 0, 0, 0, 0, 0
0, 0, 0, 0, 0, 0, 0
0, 0, 0, 0, 0, 0, 0
0, 0, 0, 0, 0, 0, 0
0, 0, 0, 0, 0, 0, 0
0, 0, 0, 0, 0, 0, 0
0, 0, 0, 0, 0, 0, 0
0, 0, 0, 0, 0, 0, 0
0, 0, 0, 0, 0, 0, 0
0, 0, 0, 0, 0, 0, 0
0, 0, 0, 0, 0, 0, 0
0, 0, 0, 0, 0, 0, 0
0, 0, 0, 0, 0, 0, 0
0, 0, 0, 0, 0, 0, 0
0, 0, 0, 0, 0, 0, 0
0, 0, 0, 0, 0, 0, 0
0, 0, 0, 0, 0, 0, 0
0, 0, 0, 0, 0, 0, 0
0, 0, 0, 0, 0, 0, 0
0, 0, 0, 0, 0, 0, 0
0, 0, 0, 0, 0, 0, 0
0, 0, 0, 0, 0, 0, 0
0, 0, 0, 0, 0, 0, 0
0, 0, 0, 0, 0, 0, 0
0, 0, 0, 0, 0, 0, 0
0, 0, 0, 0, 0, 0, 0
0, 0, 0, 0, 0, 0, 0
0, 0, 0, 0, 0, 0, 0
0, 0, 0, 0, 0, 0, 0
0, 0, 0, 0, 0, 0, 0
0, 0, 0, 0, 0, 0, 0
0, 0, 0, 0, 0, 0, 0
0, 0, 0, 0, 0, 0, 0
0, 0, 0, 0, 0, 0, 0
0, 0, 0, 0, 0, 0, 0
0, 0, 0, 0, 0, 0, 0
0, 0, 0, 0, 0, 0, 0
0, 0, 0, 0, 0, 0, 0
0, 0, 0, 0, 0, 0, 0
0, 0, 0, 0, 0, 0, 0
0, 0, 0, 0, 0, 0, 0
0, 0, 0, 0, 0, 0, 0
0, 0, 0, 0, 0, 0, 0
0, 0, 0, 0, 0, 0, 0
0, 0, 0, 0, 0, 0, 0
0, 0, 0, 0, 0, 0, 0
0, 0, 0, 0, 0, 0, 0
0, 0, 0, 0, 0, 0, 0
0, 0, 0, 0, 0, 0, 0
0, 0, 0, 0, 0, 0, 0
0, 0, 0, 0, 0, 0, 0
0, 0, 0, 0, 0, 0, 0
0, 0, 0, 0, 0, 0, 0
0, 0, 0, 0, 0, 0, 0
0, 0, 0, 0, 0, 0, 0
0, 0, 0, 0, 0, 0, 0
0, 0, 0, 0, 0, 0, 0
0, 0, 0, 0, 0, 0, 0
0, 0, 0, 0, 0, 0, 0
0, 0, 0, 0, 0, 0, 0
0, 0, 0, 0, 0, 0, 0
0, 0, 0, 0, 0, 0, 0
0, 0, 0, 0, 0, 0, 0
0, 0, 0, 0, 0, 0, 0
0, 0, 0, 0, 0, 0, 0
0, 0, 0, 0, 0, 0, 0
0, 0, 0, 0, 0, 0, 0
0, 0, 0, 0, 0, 0, 0
0, 0, 0, 0, 0, 0, 0
0, 0, 0, 0, 0, 0, 0
0, 0, 0, 0, 0, 0, 0
0, 0, 0, 0, 0, 0, 0
0, 0, 0, 0, 0, 0, 0
0, 0, 0, 0, 0, 0, 0
0, 0, 0, 0, 0, 0, 0
0, 0, 0, 0, 0, 0, 0
0, 0, 0, 0, 0, 0, 0
0, 0, 0, 0, 0, 0, 0
0, 0, 0, 0, 0, 0, 0
0, 0, 0, 0, 0, 0, 0
0, 0, 0, 0, 0, 0, 0
0, 0, 0, 0, 0, 0, 0
0, 0, 0, 0, 0, 0, 0
0, 0, 0, 0, 0, 0, 0
0, 0, 0, 0, 0, 0, 0
0, 0, 0, 0, 0, 0, 0
0, 0, 0, 0, 0, 0, 0
0, 0, 0, 0, 0, 0, 0
0, 0, 0, 0, 0, 0, 0
0, 0, 0, 0, 0, 0, 0
0, 0, 0, 0, 0, 0, 0
0, 0, 0, 0, 0, 0, 0
0, 0, 0, 0, 0, 0, 0
0, 0, 0, 0, 0, 0, 0
0, 0, 0, 0, 0, 0, 0
0, 0, 0, 0, 0, 0, 0
0, 0, 0, 0, 0, 0, 0
0, 0, 0, 0, 0, 0, 0
0, 0, 0, 0, 0, 0, 0
0, 0, 0, 0, 0, 0, 0
0, 0, 0, 0, 0, 0, 0
0, 0, 0, 0, 0, 0, 0
0, 0, 0, 0, 0, 0, 0
0, 0, 0, 0, 0, 0, 0
0, 0, 0, 0, 0, 0, 0
0, 0, 0, 0, 0, 0, 0
0, 0, 0, 0, 0, 0, 0
0, 0, 0, 0, 0, 0, 0
0, 0, 0, 0, 0, 0, 0
0, 0, 0, 0, 0, 0, 0
0, 0, 0, 0, 0, 0, 0
0, 0, 0, 0, 0, 0, 0
0, 0, 0, 0, 0, 0, 0
0, 0, 0, 0, 0, 0, 0
0, 0, 0, 0, 0, 0, 0
0, 0, 0, 0, 0, 0, 0
0, 0, 0, 0, 0, 0, 0
0, 0, 0, 0, 0, 0, 0
0, 0, 0, 0, 0, 0, 0
0, 0, 0, 0, 0, 0, 0
0, 0, 0, 0, 0, 0, 0
0, 0, 0, 0, 0, 0, 0
0, 0, 0, 0, 0, 0, 0
0, 0, 0, 0, 0, 0, 0
0, 0, 0, 0, 0, 0, 0
0, 0, 0, 0, 0, 0, 0
0, 0, 0, 0, 0, 0, 0
0, 0, 0, 0, 0, 0, 0
0, 0, 0, 0, 0, 0, 0
0, 0, 0, 0, 0, 0, 0
0, 0, 0, 0, 0, 0, 0
0, 0, 0, 0, 0, 0, 0
0, 0, 0, 0, 0, 0, 0
0, 0, 0, 0, 0, 0, 0
0, 0, 0, 0, 0, 0, 0
0, 0, 0, 0, 0, 0, 0
0, 0, 0, 0, 0, 0, 0
0, 0, 0, 0, 0, 0, 0
0, 0, 0, 0, 0, 0, 0
0, 0, 0, 0, 0, 0, 0
0, 0, 0, 0, 0, 0, 0
0, 0, 0, 0, 0, 0, 0
0, 0, 0, 0, 0, 0, 0
0, 0, 0, 0, 0, 0, 0
0, 0, 0, 0, 0, 0, 0
0, 0, 0, 0, 0, 0, 0
0, 0, 0, 0, 0, 0, 0
0, 0, 0, 0, 0, 0, 0
0, 0, 0, 0, 0, 0, 0
0, 0, 0, 0, 0, 0, 0
0, 0, 0, 0, 0, 0, 0
0, 0, 0, 0, 0, 0, 0
0, 0, 0, 0, 0, 0, 0
8.884923, 9.042677, 9.236290499999999, 9.4844393, 9.7413309, 16.053780209999996, 36.893046
8.88806725, 9.0364275, 9.2389985, 9.5192975, 9.808445899999999, 16.21749924, 21.371576
8.89116, 9.052807999999999, 9.25690975, 9.5239071, 9.7767048, 13.234894149999999, 32.855096
8.892087, 9.049615, 9.257502500000001, 9.5507514, 9.78792065, 14.700135689999993, 52.853195
8.87253825, 9.0253275, 9.2442695, 9.5109466, 9.7420457, 10.881194970000001, 52.853195
8.872326, 9.026027, 9.21593325, 9.4694929, 9.65022745, 13.915245, 24.370709
8.8912275, 9.051706, 9.24704675, 9.4964688, 9.69824175, 16.721432349999997, 52.853195
8.88851425, 9.044691, 9.2395825, 9.511583, 9.84991325, 16.40373467, 24.370709
8.888675500000002, 9.046546, 9.24301525, 9.524617, 9.75788675, 16.05114234, 21.371576
8.882826999999999, 9.048379, 9.242806250000001, 9.529415100000001, 9.7798149, 14.416709269999998, 22.552578
8.88974, 9.0483875, 9.2603925, 9.558840600000002, 9.775902, 16.10139363, 23.303856
8.891338, 9.051331, 9.263923, 9.542294700000001, 9.7951294, 14.004976779999996, 23.303856
8.891141, 9.038952, 9.2539815, 9.5192975, 9.75601515, 11.741380109999998, 36.893046
8.882302, 9.029117, 9.23322525, 9.533491, 9.79312115, 14.60631635, 19.645042
8.89132925, 9.049330000000001, 9.240236249999999, 9.4974219, 9.752797, 13.806577739999996, 32.855096
8.893259, 9.033953, 9.22627425, 9.4936261, 9.68701615, 11.059817209999997, 36.893046
8.885633, 9.037177, 9.2261415, 9.5256265, 9.80692415, 13.810030339999994, 24.370709
8.89897275, 9.049082, 9.23877325, 9.5094131, 9.7422864, 13.165292199999996, 19.213916
8.87949425, 9.028268, 9.246532250000001, 9.500286, 9.7114687, 10.693959599999996, 17.729277
8.8909175, 9.057798, 9.24561825, 9.508123300000001, 9.7963663, 16.4003144, 22.552578
8.90237075, 9.0557765, 9.236300499999999, 9.494955, 9.741038699999999, 16.37921852, 24.370709
8.8929575, 9.0416565, 9.242088500000001, 9.5251707, 9.8179181, 16.03083744, 19.656824
8.88760125, 9.0485325, 9.233069, 9.4944109, 9.687020200000001, 13.562622999999993, 22.552578
8.880616999999999, 9.029941, 9.222386, 9.4627879, 9.6814696, 16.109242169999998, 52.853195
8.88580475, 9.056773, 9.246968, 9.495247, 9.65258065, 11.200724859999998, 52.853195
8.87870225, 9.0332315, 9.22580875, 9.4699118, 9.69020095, 14.69174642, 19.373624
8.8836985, 9.0458675, 9.2448075, 9.500631, 9.692127549999999, 14.697063829999994, 22.552578
8.88896725, 9.0339685, 9.2361585, 9.4924075, 9.697093650000001, 13.262104499999998, 20.217992
8.888767, 9.0424495, 9.242047750000001, 9.5174458, 9.80910795, 16.216124110000003, 24.370709
8.875691499999999, 9.0377765, 9.236571, 9.5354202, 9.784536, 13.809690069999993, 19.071708
8.8861105, 9.0327225, 9.24123775, 9.493948800000002, 9.738270199999999, 16.109242169999998, 52.853195
8.879467, 9.033988, 9.2312075, 9.5272059, 9.77637615, 15.573435339999996, 19.502914
8.8861105, 9.038281, 9.23725275, 9.546365, 9.7702711, 16.254846599999997, 23.303856
8.88859, 9.051059500000001, 9.253010999999999, 9.511174700000002, 9.74944565, 11.447649089999995, 36.893046
8.8858425, 9.034028, 9.23029675, 9.4921123, 9.734935799999999, 15.724868639999997, 32.855096
8.87611375, 9.0413075, 9.2396595, 9.523446300000002, 9.833694999999999, 16.111923259999998, 52.853195
8.879111, 9.0519365, 9.245721, 9.501177, 9.75768315, 14.39243249, 36.893046
8.893315000000001, 9.034292, 9.2495135, 9.5177925, 9.7731434, 16.36254276, 21.371576
8.895505, 9.047792000000001, 9.24803975, 9.5057625, 9.765831449999999, 12.00640526999999, 19.892145
8.89537475, 9.052508, 9.2404215, 9.518147899999999, 9.808353, 15.977419659999999, 22.552578
8.8773295, 9.0413245, 9.22127475, 9.4769898, 9.7223915, 14.67135192, 19.892145
8.877211, 9.045574, 9.233562000000001, 9.519718000000001, 9.7730894, 11.682962069999999, 19.071708
8.889979499999999, 9.0517105, 9.24760625, 9.5235226, 9.7388404, 15.875618009999997, 52.853195
8.875515, 9.045765, 9.249952, 9.571825, 9.80820765, 15.872548, 52.853195
8.8822735, 9.030362499999999, 9.209042, 9.4761603, 9.6634537, 10.41029101, 17.729277
8.889441, 9.056096499999999, 9.24822675, 9.534716, 9.7399329, 15.978203449999999, 19.645042
8.8868975, 9.040074, 9.239672500000001, 9.4977918, 9.7418851, 15.570414, 32.855096
8.87678775, 9.036795, 9.24073125, 9.4946107, 9.7406201, 11.260115919999995, 19.373624
8.888395, 9.038755, 9.23974525, 9.484466399999999, 9.69291795, 10.249496, 18.516134
8.894782, 9.048262999999999, 9.233001, 9.484269300000001, 9.71925545, 11.531485299999998, 24.370709
8.892233000000001, 9.0443095, 9.2386945, 9.5015647, 9.7043886, 14.902573969999995, 32.855096
8.884263, 9.039844500000001, 9.23273875, 9.5056672, 9.81293445, 14.199897939999994, 52.853195
8.8900275, 9.0398295, 9.23322525, 9.5187737, 9.78219935, 15.269321199999995, 52.853195
8.88379825, 9.040541, 9.271281, 9.540201, 9.7768505, 14.790880899999989, 32.855096
8.881673750000001, 9.030316, 9.2125415, 9.4761755, 9.68579845, 10.295953289999998, 52.853195
8.878934999999998, 9.0363735, 9.24706175, 9.51868, 9.7576027, 16.05991641, 21.371576
8.894347250000001, 9.041235, 9.240568, 9.5083207, 9.74123715, 11.09785739, 52.853195
8.89055, 9.049109, 9.26969375, 9.5419119, 9.813673399999999, 14.39243249, 36.893046
8.891264249999999, 9.0451835, 9.24461975, 9.5410699, 9.766462699999998, 13.737205269999999, 24.370709
8.88073325, 9.0469865, 9.22459125, 9.5056672, 9.7241743, 11.531485299999998, 17.65558
8.8951395, 9.049626, 9.253141, 9.5381321, 9.78219935, 16.058708, 36.893046
8.8742125, 9.022294500000001, 9.2263095, 9.538740700000002, 9.80956535, 16.713529349999998, 36.893046
8.881673750000001, 9.0451645, 9.243616750000001, 9.4978626, 9.686039549999998, 13.261468359999999, 36.893046
8.88859725, 9.053951999999999, 9.246184249999999, 9.5125013, 9.767185, 11.754017899999987, 22.552578
8.878051750000001, 9.043909, 9.243254499999999, 9.5013881, 9.77604425, 16.179549, 23.303856
8.886164749999999, 9.028283, 9.237010999999999, 9.4873384, 9.7683166, 15.575695829999995, 22.552578
8.787494500000001, 9.056102, 10.13961975, 11.628673599999999, 12.475624700000003, 14.938567590000002, 19.563106
8.7925635, 9.074401, 10.3028145, 11.679353, 12.533566, 14.721813600000004, 26.889073
8.65292725, 9.1347465, 10.7947655, 12.4445948, 13.846038449999998, 17.699605, 38.813544
8.648051, 9.1377375, 10.837196, 12.525240100000001, 14.09395229999999, 17.872018, 38.813544
8.652375249999999, 9.138758, 10.852333, 12.5125249, 14.078328, 17.458592090000007, 38.813544
9.101617, 11.2149055, 14.078297, 17.369627, 19.753229, 25.569375, 40.625286
9.09837925, 11.270161000000002, 14.12525475, 17.627487, 20.171684, 26.49165766, 40.625286
9.119183, 11.2620795, 14.25110125, 17.75712, 20.171794149999997, 26.508677560000002, 40.625286
9.114482, 11.205214, 13.969830000000002, 17.321585400000004, 19.781006, 24.595769, 44.22794
9.11931875, 11.302678, 14.181481, 17.59967520000001, 20.083213349999998, 26.511409660000005, 44.22794
9.085790750000001, 11.181112, 14.118096249999999, 17.375665, 20.058643, 26.461121710000008, 44.22794
9.087308, 11.188802, 14.104765, 17.31861, 19.83876394999998, 25.33463687000001, 38.509309
9.114581, 11.297867, 14.20186225, 17.701239400000002, 20.09518954999998, 26.015162, 44.22794
9.11081125, 11.2829835, 14.12365425, 17.292050000000003, 19.801143949999954, 25.872138, 38.509309
9.099274000000001, 11.2503625, 14.16753475, 17.305666000000002, 19.635778, 25.268505750000013, 44.22794
9.087308, 11.184095500000002, 14.06882075, 17.51468640000001, 19.759549299999986, 25.78762467000002, 44.22794
9.11806025, 11.253902499999999, 14.042715, 17.456985300000003, 19.927697349999995, 26.655765, 44.22794
9.115764, 11.329635, 14.178637, 17.6478603, 20.243121, 25.678368970000026, 44.22794
9.08155575, 11.181069, 13.974348, 17.412054, 19.937328999999977, 25.334757860000014, 40.625286
9.11499125, 11.359809, 14.147813, 17.434288, 19.89221, 25.874733840000054, 39.815707
9.118646, 11.2177285, 13.958719, 17.289255, 19.714086, 25.464532, 44.22794
9.06359575, 11.189231, 14.06527, 17.287059000000003, 19.798222249999984, 26.206309990000005, 40.625286
9.13472, 11.196635, 13.993414, 17.26518, 19.78262984999999, 25.677274, 40.625286
9.09470325, 11.289213499999999, 14.093828, 17.478196400000005, 19.917179149999992, 27.394404020000007, 44.22794
9.115582499999999, 11.285190499999999, 14.06224275, 17.440367, 19.991815, 25.677274, 44.22794
9.11396725, 11.2038015, 13.97919025, 17.252476100000003, 19.582581149999996, 25.677274, 44.22794
9.0802725, 11.202153, 14.032837, 17.536532000000005, 20.072607599999998, 25.87248711000001, 44.22794
9.097933, 11.234425, 14.011081749999999, 17.3189096, 19.679366, 25.259308210000004, 44.22794
9.111456, 11.3050785, 14.17608475, 17.474730300000008, 19.905001, 25.616439, 44.22794
9.110176749999999, 11.211657, 14.07592775, 17.321376, 19.74558624999999, 25.33463687000001, 40.625286
9.11223975, 11.211657, 13.95428675, 17.286815, 19.673247, 25.464532, 37.948082
9.114581, 11.2329425, 14.059913, 17.249773400000002, 19.65389835, 24.988762210000026, 44.22794
9.09992825, 11.1964775, 13.988172, 17.304474, 19.626229549999994, 25.87213881, 44.22794
9.100464, 11.179576999999998, 14.107129, 17.4672202, 20.004899, 25.908130130000025, 44.22794
9.110354, 11.2333875, 14.13640275, 17.42958, 19.753488549999997, 26.124527060000016, 44.22794
9.114394, 11.242978, 14.104708, 17.321376, 19.742944849999997, 25.259222, 44.22794
9.113951, 11.266485, 14.1235, 17.325111, 19.68070064999998, 26.123703, 40.625286
9.11223975, 11.211657, 13.974348, 17.288038700000005, 19.86324959999999, 25.56975163000001, 40.625286
9.149227, 11.250906, 14.1906795, 17.4483959, 20.13766474999999, 26.46129337000001, 44.22794
9.13181575, 11.234332, 13.96018025, 17.31861, 19.653882, 25.872138, 44.22794
9.138358, 11.219993, 14.180833, 17.448593, 19.975074, 25.617047350000014, 44.22794
9.100143, 11.2076135, 14.08434075, 17.379379500000002, 19.897960549999997, 26.206109, 44.22794
9.096346, 11.2329425, 14.0149455, 17.4492273, 20.00850324999999, 26.015162, 44.22794
9.107936, 11.2329425, 13.9603715, 17.369627, 20.0699142, 25.786816660000003, 44.22794
9.11089775, 11.23235, 14.104765, 17.569492400000005, 20.019651849999995, 25.677274, 44.22794
9.11056425, 11.281239, 14.19159, 17.562774500000003, 19.753488549999997, 25.678368970000026, 44.22794
9.110053749999999, 11.2643635, 14.190355499999999, 17.7169415, 19.916648, 25.464532, 44.22794
9.096722, 11.165011, 14.0116885, 17.2894733, 19.675896599999998, 25.786771, 44.22794
9.08725025, 11.214026, 14.0027695, 17.358549, 20.05933214999999, 25.398768280000013, 44.22794
9.111305, 11.1693035, 13.990648, 17.3651018, 19.90551294999999, 26.206109, 44.22794
9.095034, 11.15026, 14.022907, 17.4126204, 19.654112599999998, 25.386005, 40.625286
9.135047, 11.298797, 14.09977675, 17.2574, 19.635778, 25.398104, 39.815707
9.097933, 11.084633, 13.937422, 17.3209431, 19.797917, 25.39981671000004, 44.22794
9.078764, 11.2686595, 14.113253, 17.4348959, 19.99319179999999, 25.607038, 44.22794
10.189878, 12.889607999999999, 16.55115575, 21.119002, 23.624539699999985, 29.61283377000001, 40.498626
10.185461, 12.822077, 16.648261, 20.987999, 23.81265054999997, 30.585735, 43.791491
10.206541, 12.7749165, 16.620028, 21.143467, 24.102459299999975, 30.299877, 43.791491
10.17927225, 12.796867, 16.520854, 20.975632, 23.774774, 29.652679130000013, 40.498626
8.785522, 9.057737, 10.203648000000001, 11.6491002, 12.492040999999997, 15.020624119999988, 98.385606119227
8.78437, 9.0499085, 10.240888, 11.6609012, 12.436106, 14.938511, 26.889073
8.83424125, 9.017957, 9.375971499999999, 10.887113900000001, 11.762744849999999, 13.707942819999966, 37.448702
8.831891, 9.016085499999999, 9.365264, 10.872134, 11.77492385, 13.980222, 35.734803
8.8672015, 9.0015815, 9.179747, 9.453075, 9.992884999999996, 11.958587130000002, 37.448702
8.871440250000001, 9.00666, 9.183196500000001, 9.445925, 9.970956, 11.961167170000001, 37.448702
8.863359, 9.002868, 9.1788815, 9.462214, 10.041665, 12.315773, 37.448702
8.646038, 9.148198, 10.80206625, 12.433581200000003, 14.015086, 17.547577, 94.62910496832879
8.646259, 9.086446500000001, 10.73601775, 12.3419916, 13.786359099999984, 17.00178776000002, 38.404747
8.646122, 9.134028, 10.7841755, 12.456485, 14.063013449999994, 17.69969264, 34.462112
8.6467705, 9.112136, 10.7623375, 12.2987122, 13.77357174999999, 17.288881170000018, 38.404747
8.64305, 9.1423, 10.78860375, 12.4262361, 14.035527799999983, 17.70922427000002, 38.813544
8.647674, 9.124091499999999, 10.803728, 12.598444, 14.181809849999993, 18.05424255000003, 38.813544
8.794441500000001, 9.082800500000001, 10.368355, 11.674203, 12.436289600000002, 14.75754224000001, 19.563106
8.78237525, 9.073813999999999, 10.261095, 11.652477600000001, 12.554576, 14.953882, 26.889073
8.790949, 9.067866500000001, 10.24093625, 11.662098, 12.4632023, 14.822911110000003, 26.889073
8.784391750000001, 9.05001, 10.258237, 11.6136864, 12.383578, 14.783233730000005, 19.393533
8.64759125, 9.1300015, 10.86154, 12.436356, 14.027404, 18.32170004000001, 34.462112
8.640306, 9.103973499999999, 10.713452, 12.378577600000002, 14.009579149999999, 17.629720110000004, 34.462112
8.646602, 9.128062, 10.831342, 12.462601000000001, 14.106595749999991, 18.188937, 38.813544
8.64738, 9.124758499999999, 10.801736, 12.408338200000001, 13.911351, 17.699644929999998, 38.813544
8.643217, 9.1146745, 10.759518, 12.357209500000002, 13.931125, 17.611796, 38.813544
8.654853, 9.132194, 10.7914005, 12.456800800000002, 14.117408849999995, 17.548219190000015, 38.404747
9.110211750000001, 11.213649499999999, 14.01255475, 17.512314, 19.911072, 26.461121710000008, 44.22794
9.1349505, 11.285653, 14.147813, 17.56115, 20.051259599999995, 26.312623880000032, 44.22794
9.090943, 11.3323125, 14.0925275, 17.729346500000002, 20.15807899999999, 24.988762210000026, 44.22794
9.110689, 11.178042, 14.157047, 17.375665, 20.07307209999999, 25.87213881, 39.815707
9.114064, 11.2617165, 13.97253225, 17.291438, 19.863045149999994, 24.920627, 44.22794
9.102697, 11.170319, 14.07293, 17.316394, 19.781869, 25.334118, 44.22794
9.105862, 11.217877, 14.072194, 17.536532000000005, 20.01937, 25.56984564000001, 44.22794
9.09467275, 11.172544, 14.009528, 17.2746004, 19.863045149999994, 25.259970960000018, 44.22794
9.105987, 11.2281035, 14.09653, 17.478196400000005, 20.00850324999999, 25.607038, 44.22794
9.086578, 11.1813735, 14.03297575, 17.379379500000002, 19.9153104, 26.015162, 44.22794
9.1540055, 11.281358, 14.1163645, 17.583136800000002, 20.01937, 25.56975163000001, 44.22794
10.1546065, 12.731035, 16.604109, 20.975632, 23.937755, 29.50035506, 43.791491
10.194279000000002, 12.894119, 16.63715925, 21.2651174, 24.073788899999993, 29.90537788000002, 43.791491
10.13884, 12.835812, 16.71000775, 21.236047, 24.133074, 30.426941970000033, 43.791491
11.0403145, 14.178396, 18.641444, 23.544314, 26.650927949999986, 33.60463, 56.221419
8.7285845, 9.0810905, 10.514871, 11.985655300000001, 13.122167799999996, 16.442499, 108.84540268390724
8.727006, 9.064143, 10.5170365, 12.023507500000001, 13.137592, 16.468585, 38.813544
8.645996, 9.124091499999999, 10.783371, 12.402633, 13.957298149999998, 17.8129, 38.813544
8.643933, 9.101603, 10.78818, 12.458397, 13.974773949999992, 17.8129, 38.813544
8.783282250000001, 9.94165, 12.277054999999999, 15.487277, 17.844816849999997, 23.56251, 44.22794
8.781392499999999, 9.955526, 12.332439, 15.520172, 17.799246, 23.421402409999978, 44.22794
8.7869635, 9.983274, 12.368613, 15.618331, 17.956195749999996, 23.941805, 44.22794
8.780715, 9.955727, 12.316056, 15.590445, 17.81015, 23.313160269999976, 44.22794
14.344058, 19.028887, 24.883311, 32.071534, 36.705894899999954, 47.034426, 107.0423404659438
14.362307, 19.029845, 24.756404, 32.055579, 36.710358, 47.546312860000036, 73.564487
8.649238, 9.1196155, 10.77964, 12.361018, 13.951795, 17.708225870000007, 119.15057563271432
8.818376, 9.026662, 9.5641435, 11.194894, 12.044046, 14.449235980000015, 100.13814250090533
8.819247, 9.022974, 9.567464, 11.2017896, 12.023483, 14.43032399000003, 37.448702
8.845596, 9.012955, 9.26937475, 10.415789499999997, 11.498999349999986, 13.400219900000025, 37.448702
8.84427, 9.0102, 9.275434, 10.438186, 11.525513299999998, 13.340292, 37.448702
8.841659, 9.008502, 9.269003, 10.3980373, 11.504584899999994, 13.320183200000026, 37.448702
8.842749, 9.008032, 9.27092275, 10.424685199999999, 11.539980199999997, 13.418787200000017, 37.448702
8.843131750000001, 9.013191, 9.27698, 10.412483, 11.436969, 13.339431690000001, 37.448702
8.845868, 9.0124995, 9.273134, 10.404934999999998, 11.523269299999994, 13.340887120000025, 37.448702
8.726950500000001, 9.0756035, 10.51947275, 12.022302700000001, 13.162858, 16.570229599999855, 110.62783564202115
8.725592, 9.07365, 10.520827, 11.972366, 13.159804, 16.35044, 38.813544
8.7254, 9.078448999999999, 10.533926, 11.986512, 13.139181, 16.348599589999996, 38.813544
8.723574, 9.067979, 10.531125, 12.014902500000002, 13.221502, 16.576445, 38.813544
8.721826, 9.0578155, 10.51743675, 11.9781782, 13.135516249999998, 16.5764478, 38.813544
8.729396, 9.080852, 10.51147475, 11.9862213, 13.171542549999996, 16.620502, 38.813544
8.73117025, 9.101658, 10.53033625, 11.972593000000003, 13.120303099999997, 16.30667933999998, 38.404747
8.72988, 9.083028, 10.526525, 11.962826, 13.097283, 16.442499, 38.813544
8.731239, 9.089676, 10.55040775, 12.037206300000005, 13.189383, 16.606225819999995, 38.813544
8.726929, 9.0824275, 10.542391499999999, 12.0327005, 13.206562499999997, 16.606196, 38.813544
8.729998, 9.0871525, 10.526445, 12.041118, 13.252007, 16.703847219999986, 38.813544
8.730508, 9.082926, 10.530125, 12.0862383, 13.2520337, 16.577005819999954, 38.813544
8.724118500000001, 9.082937, 10.5500495, 12.051166100000003, 13.222672, 16.57689691999997, 38.813544
8.72699075, 9.073067, 10.50156875, 11.964621900000001, 13.137638599999999, 16.32016106999995, 38.813544
8.730459, 9.084214, 10.52679975, 12.016154400000005, 13.127204599999995, 16.645092369999944, 38.813544
8.725947, 9.06997, 10.510521749999999, 11.981595, 13.182346349999996, 16.606225819999995, 38.813544
8.726232, 9.0709455, 10.503772999999999, 11.9782349, 13.113219349999996, 16.335787, 38.813544
8.726931, 9.0728455, 10.503292, 11.968516, 13.117615, 16.644732, 38.813544
8.726759000000001, 9.073015999999999, 10.517463, 11.981595, 13.108556, 16.60481621, 34.462112
8.726923, 9.070183499999999, 10.517428, 11.984916400000003, 13.182134599999998, 16.615886, 38.813544
8.720871, 9.070435, 10.497665, 12.009576100000002, 13.181976, 16.44275985999996, 38.404747
8.728245, 9.070534, 10.5378265, 12.044046, 13.268407, 16.703847219999986, 38.813544
8.72988, 9.065231, 10.49817, 12.018309, 13.216741, 16.609178, 38.404747
8.726604, 9.079984, 10.537901, 11.9628315, 13.081100849999999, 16.35054475999998, 38.404747
8.647442, 9.127029, 10.802425, 12.442805, 14.059407, 17.93072364999999, 38.813544
8.647667250000001, 9.135627, 10.803248, 12.439813, 14.034355, 17.786971, 38.813544
8.647149500000001, 9.111567, 10.787681, 12.397027200000014, 13.963141849999998, 17.786071, 38.813544
8.649238, 9.135001500000001, 10.787681, 12.408001, 13.960113, 17.547577, 38.813544
8.6459585, 9.12794, 10.792782, 12.418864, 13.96309, 17.699605, 38.813544
8.64398175, 9.1131685, 10.801736, 12.426093, 14.013154, 17.703598, 38.813544
8.6473015, 9.134672, 10.788663, 12.348656, 13.916439, 17.48360792999991, 38.813544
8.64702525, 9.128324, 10.8072195, 12.384552, 13.907735299999999, 17.699605, 38.813544
8.647008, 9.128411, 10.803728, 12.436074, 14.0132506, 17.844506, 38.813544
8.643353, 9.110686, 10.783066, 12.448787, 14.057811, 17.888042, 38.813544
8.647925, 9.1267505, 10.801449, 12.434019, 14.076976, 17.793896, 38.813544
8.64713, 9.134141, 10.78858425, 12.462111, 14.0770436, 17.611796, 38.813544
8.652805, 9.120862500000001, 10.799044, 12.411578800000004, 13.983646, 17.629720109999976, 38.813544
8.64953375, 9.142723, 10.816327, 12.467011, 14.106045, 17.92199, 38.813544
8.7266865, 9.086177, 10.550012, 12.011501400000007, 13.176227, 16.645092369999944, 38.813544
8.731633, 9.0808955, 10.530023, 12.00186980000001, 13.138524, 16.609178, 38.813544
8.728764, 9.076375, 10.52311525, 11.997521, 13.1605324, 16.60481621, 38.813544
8.7300895, 9.071783, 10.51923575, 11.976025, 13.122905, 16.36108912999997, 38.813544
8.728526, 9.0752575, 10.539176, 11.9781782, 13.169687, 16.60481621, 38.813544
8.727295, 9.0824325, 10.53066625, 12.055365400000003, 13.2520337, 16.620502, 38.813544
8.726211, 9.065829, 10.501383, 11.977714800000001, 13.120155, 16.348599589999996, 38.404747
8.72700325, 9.071424, 10.54021025, 12.037206300000005, 13.185148, 16.62074429999996, 38.813544
8.728257, 9.07237, 10.5208805, 11.98441, 13.220344899999999, 16.499590139999874, 34.462112
8.727958, 9.081499, 10.544236, 12.009955, 13.077566, 16.306578, 38.813544
8.73022925, 9.079817, 10.525873, 12.007204, 13.171693899999994, 16.498811, 38.813544
8.73114, 9.087697, 10.517318999999999, 11.9628315, 13.159804, 16.394581, 38.813544
8.726995, 9.073513, 10.563982, 12.041858, 13.238017, 16.7835, 38.813544
8.72694825, 9.0674195, 10.522628000000001, 11.992195500000003, 13.135516249999998, 16.360916, 38.813544
8.727666, 9.075603, 10.524028, 12.008992200000002, 13.1711402, 16.5764478, 38.813544
8.732087, 9.080095499999999, 10.511451, 12.01479, 13.112201, 16.245451199999962, 38.813544
8.7244995, 9.062845, 10.520389, 11.9844465, 13.16907995, 16.703767, 38.813544
8.725994, 9.058859, 10.497791249999999, 11.971396, 13.112126, 16.39379692, 38.813544
8.726929, 9.082595000000001, 10.52122025, 11.962326, 13.025272, 16.350779239999945, 38.813544
8.646682, 9.113959, 10.77528, 12.367258, 13.983646, 17.699605, 38.813544
8.649533, 9.142635, 10.811768, 12.448787, 14.059407, 17.872018, 38.813544
8.785819, 9.964761, 12.30379275, 15.569308, 17.965971, 23.757344, 44.22794
8.769959499999999, 9.9222, 12.285942, 15.488115, 17.82339284999999, 23.186330629999954, 40.625286
8.779129, 9.967405, 12.349758, 15.580261900000005, 17.900589, 23.896362, 44.22794
8.7771495, 9.962677, 12.355245499999999, 15.582807200000005, 17.8129, 23.83828265999991, 44.22794
8.778267, 9.9598245, 12.339353, 15.53738050000001, 17.78309465, 23.186055, 44.22794
8.7768255, 9.908215, 12.244688, 15.477485, 17.699605, 23.166745, 40.625286
8.785044, 9.956102, 12.286538, 15.433577, 17.7005618, 23.174614, 44.22794
8.775553, 9.926836, 12.298376, 15.425307700000005, 17.708776, 23.213715309999984, 40.625286
8.6495745, 9.146244, 10.830662, 12.458397, 14.062389, 17.786071, 38.813544
8.646536, 9.142989, 10.809672, 12.440112200000005, 14.027404, 17.708369, 38.813544
8.648023, 9.1286245, 10.799044, 12.431099400000008, 14.059531149999998, 17.629720109999976, 38.813544
8.643353, 9.111492, 10.794662, 12.402633, 14.015086, 17.844506, 38.813544
8.650166, 9.130221, 10.799044, 12.429754400000002, 13.961357199999998, 17.699605, 38.813544
8.646338, 9.129338, 10.807164, 12.42623, 14.035527799999983, 17.8129, 38.813544
8.647882, 9.155483, 10.836591, 12.447581, 14.062389, 17.844506, 38.813544
8.646881, 9.135001500000001, 10.835209, 12.429641, 14.027404, 17.786971, 38.813544
8.649633, 9.142723, 10.842426, 12.480118200000001, 14.099284, 17.844506, 38.813544
8.650166, 9.135627, 10.842357, 12.46999800000001, 14.06189, 17.78608, 38.813544
8.647156, 9.142981, 10.819754, 12.420221, 14.062389, 17.793896, 38.813544
8.643058, 9.114951, 10.799901, 12.419637, 14.034355, 17.703598, 38.813544
8.647674, 9.137233, 10.809144, 12.389659000000002, 13.964127, 17.786971, 38.813544
8.642476, 9.132194, 10.7886045, 12.426232, 13.960113, 17.708369, 38.813544
8.647031, 9.132194, 10.795076, 12.429641, 13.990885, 17.802213, 38.813544
8.652805, 9.144375, 10.814858, 12.458397, 14.070717, 17.786071, 38.813544
8.64953375, 9.145338, 10.84198, 12.45322, 14.034355, 17.629572, 38.813544
8.651363, 9.13779, 10.815183, 12.429754400000002, 14.021462, 17.703645709999993, 38.813544
8.726146, 9.062767, 10.4853545, 11.9862213, 13.112201, 16.711789, 38.813544
8.72647775, 9.082675, 10.509657, 11.963576, 13.15625055, 16.39379692, 38.813544
8.729248, 9.078631000000001, 10.510521749999999, 11.978234, 13.09725925, 16.32615430999996, 38.404747
8.7835005, 9.045481, 10.229351, 11.657958, 12.451222, 14.901789, 19.563106
8.783742, 9.046094, 10.209485, 11.632081700000002, 12.474833899999998, 14.944267119999985, 26.889073
8.785803, 9.050637, 10.20749, 11.662098, 12.476371, 14.801217, 26.889073
8.78195025, 9.046104, 10.199499, 11.6326631, 12.365706, 14.741543, 26.889073
8.828975, 9.010833, 9.35672725, 10.839461, 11.764251, 13.787287, 37.448702
8.837137250000001, 9.015463, 9.36979325, 10.886986, 11.764252899999999, 14.02563351999998, 37.448702
8.828122, 9.013248, 9.36003625, 10.8940401, 11.8318356, 14.05599, 37.448702
8.83153375, 9.0141295, 9.35988775, 10.853037, 11.715893000000001, 14.0253507, 37.448702
8.8363645, 9.018413, 9.37897925, 10.861047, 11.727249, 13.775426879999992, 37.448702
8.830072, 9.0161525, 9.37159325, 10.83807, 11.7547539, 14.006010929999974, 35.734803
8.831363499999998, 9.01578, 9.365342, 10.850822100000002, 11.801112, 13.97964285, 37.448702
8.831526, 9.015523, 9.358227, 10.8940401, 11.77492385, 13.85159, 35.734803
8.83497875, 9.017722, 9.386677, 10.902952, 11.8318356, 14.022860849999995, 37.448702
8.832809, 9.016085499999999, 9.375989, 10.894122, 11.764502849999996, 14.006010929999974, 35.487972
8.835158, 9.015716, 9.36679575, 10.896614, 11.839379, 14.02563351999998, 37.448702
8.8319805, 9.015692, 9.358327, 10.872316600000001, 11.8381226, 14.025664819999976, 37.448702
8.8358985, 9.021401, 9.36692, 10.8436751, 11.750157499999997, 13.780336209999987, 37.448702
8.834615750000001, 9.016231, 9.3640505, 10.8640364, 11.781980749999999, 14.042294, 37.448702
8.783877, 9.050426, 10.199595, 11.648901, 12.469801, 14.822824, 26.889073
8.783742, 9.0508185, 10.2210625, 11.645967, 12.3959, 14.873687, 26.889073
8.783667, 9.048317, 10.215979, 11.647011000000004, 12.412934, 14.822845599999997, 26.889073
8.787855, 9.04832, 10.221427, 11.6599818, 12.465651399999997, 14.824984, 26.889073
8.783974500000001, 9.0411185, 10.196786, 11.6429662, 12.469874149999999, 14.831956519999933, 26.889073
8.78881275, 9.058963, 10.278133, 11.672563, 12.460495199999999, 14.995983, 26.889073
8.781851, 9.054177, 10.217937, 11.617009300000001, 12.342689, 14.815255449999988, 26.889073
8.783667, 9.048128, 10.19960425, 11.623755, 12.420386, 14.938511, 26.889073
8.791208, 9.05295, 10.210548, 11.63261, 12.47130655, 14.938511, 26.889073
8.78544825, 9.05135, 10.200415750000001, 11.617066, 12.383349, 14.736673189999992, 26.889073
8.786504, 9.05576, 10.240888, 11.6599818, 12.444344, 14.822824, 26.889073
8.73130525, 9.091402, 10.515956, 12.03519300000001, 13.232685, 17.065987, 38.813544
8.72874675, 9.0723425, 10.539089, 12.048465, 13.204716, 16.576445, 38.813544
8.729343, 9.0723425, 10.508676, 11.981595, 13.127204599999995, 16.44275985999996, 38.813544
8.729869749999999, 9.0723425, 10.501705750000001, 12.021832, 13.171542549999996, 16.78368708999997, 38.404747
8.72988, 9.075604, 10.519223, 11.968669700000003, 13.104457, 16.384458249999987, 38.813544
8.732067, 9.087236, 10.50289, 12.00186980000001, 13.15625055, 16.360916, 38.813544
8.72525, 9.069364, 10.50838275, 11.971194, 13.052535, 16.319874, 38.813544
8.727666, 9.080837500000001, 10.533951, 12.033137, 13.259390649999995, 16.644732, 38.813544
8.647925, 9.137233, 10.795076, 12.408001, 13.974773949999992, 17.699605, 38.813544
8.64686075, 9.127385, 10.835209, 12.453824600000006, 13.974773949999992, 17.538447, 38.813544
8.642493, 9.1131685, 10.801736, 12.444252, 14.015701899999991, 17.786071, 38.813544
8.645088, 9.117975000000001, 10.7799725, 12.436356, 13.99554189999999, 17.78704024999999, 38.813544
8.647008, 9.117321, 10.792807, 12.413431, 14.059407, 17.703645709999993, 38.813544
8.6473725, 9.118738, 10.788663, 12.386850800000007, 13.990885, 17.703598, 38.813544
8.64713, 9.1191615, 10.791028, 12.418864, 14.034355, 17.786071, 38.813544
8.647442, 9.132194, 10.824965, 12.442805, 14.039873, 17.786971, 38.813544
8.649533, 9.128324, 10.795695, 12.411373, 13.967338, 17.709146019999878, 38.813544
8.646227, 9.129779500000001, 10.79312425, 12.429121700000001, 14.066710849999996, 17.844506, 38.813544
8.647641, 9.136206999999999, 10.792807, 12.430775, 14.0132506, 17.786071, 38.813544
8.6467705, 9.135669499999999, 10.812846, 12.444252, 14.06189, 17.663793, 38.813544
8.646315, 9.1196155, 10.795695, 12.429064, 14.034630899999996, 17.793896, 38.813544
8.647008, 9.1263985, 10.794326, 12.413431, 13.94032, 17.629720109999976, 38.813544
8.655955, 9.144375, 10.842426, 12.512524900000006, 14.124037, 17.936827, 38.813544
8.643217, 9.112136, 10.776479, 12.382462, 13.940439999999999, 17.78608, 38.813544
8.646602, 9.1151705, 10.7784, 12.386549, 13.940439999999999, 17.786071, 38.813544
8.652805, 9.141327, 10.795076, 12.436074, 14.034355, 17.78704024999999, 38.813544
8.64686075, 9.126939, 10.819754, 12.426230200000001, 14.06189, 17.793896, 38.813544
8.64686075, 9.149461, 10.830596, 12.480543, 14.08060959999999, 17.92199, 38.813544
8.647031, 9.140626000000001, 10.830596, 12.453529, 13.964127, 17.80231986999998, 38.813544
8.646881, 9.1278, 10.788428, 12.3905027, 13.967338, 17.786971, 38.813544
8.64791425, 9.142811, 10.794076, 12.389567, 13.961266, 17.793979169999986, 38.813544
8.650357249999999, 9.141869, 10.803728, 12.434019, 14.009391, 17.699605, 38.813544
8.6479985, 9.140528, 10.809672, 12.413431, 14.009391, 17.644383, 38.813544
8.65276425, 9.1495225, 10.817235, 12.448787, 14.027404, 17.802213, 38.813544
8.73061, 9.08976, 10.537345, 12.007278300000001, 13.104661949999997, 16.60924376999999, 38.813544
8.726471, 9.068407, 10.51588375, 11.997607500000003, 13.230511999999994, 16.903192489999952, 38.404747
8.725249250000001, 9.073042000000001, 10.49666875, 11.9928245, 13.15073615, 16.609178, 38.813544
8.722618, 9.066927, 10.530356, 11.986512, 13.122905, 16.39379692, 38.813544
8.725806, 9.076051, 10.528769, 12.040927, 13.212015, 16.821686, 38.813544
8.731573, 9.076375, 10.50131725, 11.986630600000002, 13.137592, 16.39379692, 38.404747
8.73148625, 9.081915500000001, 10.50915, 11.986630600000002, 13.108556, 16.621334649999866, 26.925837
8.723582, 9.066282999999999, 10.501673, 12.01043850000001, 13.189907099999992, 16.385151, 38.813544
8.784155, 9.057744, 10.223743, 11.622074, 12.439778, 14.902097389999952, 26.889073
8.78473325, 9.045959, 10.214038, 11.640785400000002, 12.460371, 14.94417, 26.889073
8.78982725, 9.054359, 10.223942, 11.673554, 12.51207335, 14.953882, 26.889073
8.781575, 9.051341, 10.250831, 11.674326700000003, 12.502327399999999, 14.82504950999999, 26.889073
8.7859005, 9.048128, 10.220941, 11.6475, 12.474753, 15.021127, 26.889073
8.784188, 9.0462065, 10.200366, 11.662684400000002, 12.472115, 15.021127, 26.889073
8.78237525, 9.052887, 10.24276925, 11.662042, 12.460371, 14.757073, 26.889073
8.784411, 9.055901, 10.257808, 11.672662100000002, 12.51207335, 15.093761, 26.889073
8.7892095, 9.065472, 10.23164875, 11.654542, 12.412934, 14.783024, 26.889073
8.78904, 9.047103, 10.22807875, 11.664709, 12.449812199999998, 14.873687, 26.889073
8.789632, 9.054306, 10.229533, 11.6604761, 12.451222, 14.938511, 26.889073
8.786413, 9.05303, 10.23324925, 11.654684, 12.436289599999999, 14.873687, 26.889073
8.785754, 9.063906, 10.238835, 11.663583, 12.462855, 14.96492, 19.563106
8.789546, 9.05135, 10.243421, 11.643211, 12.457105, 14.803997, 26.889073
8.650438, 9.141869, 10.809276, 12.386850800000007, 13.925738, 17.538447, 38.813544
8.647156, 9.116944, 10.796022, 12.426230200000001, 14.070717, 17.888042, 38.813544
8.646259, 9.128132, 10.807386, 12.429754400000002, 14.07062675, 17.80231986999998, 38.813544
8.644621, 9.109048, 10.78818, 12.436356, 14.062294, 17.802213, 38.813544
8.644595500000001, 9.116036, 10.807386, 12.426093, 13.990885, 17.699605, 38.813544
8.652431, 9.147789, 10.79523075, 12.420221, 14.062294, 17.802213, 38.813544
8.647008, 9.142811, 10.802748, 12.436074, 13.990885, 17.786971, 38.813544
8.72874675, 9.06785, 10.522914250000001, 12.018876, 13.189907099999992, 16.615755, 38.813544
8.723903, 9.076722, 10.51617925, 11.977664, 13.132643449999998, 16.711789, 38.813544
8.7300055, 9.06881, 10.5393125, 12.009955, 13.15073615, 16.35054475999998, 38.813544
8.730782, 9.083861, 10.52800475, 12.009576100000002, 13.199865, 16.821686, 38.813544
8.7269685, 9.07312, 10.520888750000001, 11.974972000000003, 13.082942, 16.335787, 38.813544
8.73209675, 9.080852, 10.503684, 12.006176200000002, 13.15625055, 16.60924376999999, 38.813544
8.728257, 9.0741715, 10.522567, 11.972593000000003, 13.097641699999993, 16.348599589999996, 38.813544
8.7327015, 9.082310499999998, 10.520816, 12.009694800000004, 13.189383, 16.604807, 38.813544
8.726232, 9.069861, 10.51504375, 12.0195132, 13.16907995, 16.57689691999997, 38.813544
8.73123625, 9.070223, 10.505768, 12.023728, 13.230245399999998, 16.606196, 38.813544
8.724218, 9.067466, 10.51274125, 12.014736, 13.177114599999998, 16.576725, 38.404747
8.729396, 9.075603, 10.52122025, 11.971194, 13.068909799999995, 16.604807, 38.813544
8.726943, 9.067734000000002, 10.51160075, 11.978343400000004, 13.07563525, 16.499532399999886, 38.813544
8.72938275, 9.0756875, 10.521659, 12.023728, 13.157226549999997, 16.645092369999944, 34.462112
8.726952, 9.070697, 10.513517, 12.033520500000009, 13.219306, 16.644732, 38.813544
8.72793375, 9.070223, 10.4884485, 11.9723777, 13.122542099999999, 16.60924376999999, 38.813544
8.72161975, 9.067575, 10.504042, 12.023867800000003, 13.216741, 16.7835, 38.813544
8.72719, 9.079756, 10.503292, 11.998687800000006, 13.137592, 16.615886, 38.813544
8.732155, 9.071526, 10.528557, 11.972487700000002, 13.021703, 16.378229, 38.813544
8.730508, 9.0858165, 10.528427, 12.010073700000003, 13.15073615, 16.593917, 38.813544
8.721717, 9.067684, 10.493919250000001, 11.978172, 13.027315, 16.594025899999984, 38.813544
8.723538, 9.070644999999999, 10.510521749999999, 12.033296800000004, 13.219306, 16.644732, 38.813544
8.731618000000001, 9.08048, 10.51315175, 11.964613, 13.13913439999999, 16.385151, 34.462112
8.72931925, 9.082926, 10.542316, 12.034735, 13.216864, 16.703767, 38.813544
8.72684225, 9.080852, 10.532607, 12.025854300000004, 13.206562499999997, 16.903192489999952, 38.813544
8.730658, 9.080855, 10.528769, 12.01479, 13.15082835, 16.576445, 38.813544
8.726759000000001, 9.068407, 10.497307, 11.964478, 13.10856765, 16.394581, 38.404747
8.730201749999999, 9.079756, 10.52494225, 11.981252, 13.122523, 16.378229, 38.813544
8.728257, 9.081026, 10.53018275, 12.027306, 13.155609749999996, 16.57689691999997, 38.404747
8.731736, 9.08719, 10.52049575, 11.992195500000003, 13.164032949999996, 16.703847219999986, 38.813544
8.726977000000002, 9.0767065, 10.526465, 12.051128500000003, 13.276408, 16.645092369999944, 38.813544
8.727666, 9.0767065, 10.523224, 11.973621, 13.097258, 16.594035109999982, 38.813544
8.725408, 9.088232999999999, 10.53429425, 12.022362, 13.220284, 16.902898, 38.813544
8.7257525, 9.081327000000002, 10.523224, 12.040725, 13.219867, 16.594025899999984, 38.813544
8.73002725, 9.065598000000001, 10.497307, 11.959306, 13.117741999999998, 16.57689691999997, 38.813544
8.730203, 9.083649, 10.529152, 12.025693, 13.137638599999999, 16.644732, 38.404747
8.728706, 9.077219, 10.532537, 12.048697300000006, 13.238017, 16.894187, 38.813544
8.727053, 9.0762965, 10.552202, 12.064512100000002, 13.222672, 16.498811, 38.813544
8.72435, 9.053352499999999, 10.481101, 11.951658000000004, 13.08207465, 16.326135719999964, 38.404747
8.72963725, 9.065702000000002, 10.453519, 12.011501400000007, 13.123586049999993, 16.703847219999986, 34.462112
8.726714, 9.079984, 10.50173275, 11.971396, 13.108789, 16.606225819999995, 38.813544
8.731549999999999, 9.0901955, 10.567854, 12.041126, 13.163769, 16.60573268, 34.462112
8.728254, 9.074508, 10.520816, 11.981252, 13.025272, 16.844744, 38.813544
8.7229895, 9.072117, 10.52922075, 12.050909200000001, 13.151082, 16.571005939999992, 38.813544
8.728706, 9.076331, 10.509657, 12.007204, 13.16907995, 16.395060179999923, 38.813544
8.731542, 9.086532, 10.5500495, 12.0409469, 13.137592, 16.703767, 38.404747
8.72726875, 9.079756, 10.539089, 12.0074853, 13.171132, 16.570951, 38.404747
8.728288, 9.072659, 10.53018275, 11.9782349, 13.179390099999999, 16.605728, 38.813544
8.730458, 9.0762965, 10.50785, 11.974855, 13.15625055, 16.385151, 38.813544
8.7221705, 9.067754, 10.509230500000001, 11.9723777, 13.122523, 16.620502, 38.813544
8.72695, 9.0762965, 10.517271, 11.992927000000002, 13.15082835, 16.37829034999999, 38.404747
8.726418, 9.078045, 10.52081875, 12.027306, 13.151082, 16.39379692, 38.813544
8.73152975, 9.087331, 10.51686325, 11.940685300000004, 13.002720799999999, 16.306578, 38.813544
8.729674, 9.081026, 10.539902, 11.9812863, 13.002683, 16.593917, 38.813544
8.785933, 9.046031, 10.183236, 11.617604, 12.38062, 14.82504950999999, 26.889073
8.720859, 9.067009, 10.497665, 11.973621, 13.027315, 16.39379692, 38.813544
8.73099375, 9.081155, 10.508285, 11.98282, 13.206562499999997, 16.703847219999986, 38.813544
8.7265145, 9.076375, 10.500138750000001, 11.992126, 13.169687, 16.7835, 38.813544
8.726526, 9.078300500000001, 10.5170365, 12.019512, 13.185148, 16.802209, 38.404747
8.7306595, 9.072315, 10.498604499999999, 11.962881, 13.126926, 16.593917, 38.813544
8.72699075, 9.072390500000001, 10.5077005, 12.001404, 13.150815, 16.442499, 38.813544
8.7235805, 9.065487, 10.494178, 11.980449400000001, 13.108556, 16.33591493999998, 38.404747
8.73049575, 9.082595000000001, 10.49902025, 12.007227, 13.234475, 16.712506109999886, 38.813544
8.789227, 9.0533435, 10.214815, 11.640647, 12.460371, 14.901789, 26.889073
8.78843175, 9.055830499999999, 10.211487, 11.646801, 12.413306599999995, 14.831956519999933, 19.563106
8.78196, 9.053782, 10.213862, 11.617003, 12.462855, 14.822824, 26.889073
8.78849425, 9.059024, 10.186704, 11.646801, 12.43980465, 14.824984, 26.889073
8.789227, 9.068545, 10.281860250000001, 11.662098, 12.503486, 14.831535, 26.889073
8.789546, 9.067225, 10.233637, 11.657958, 12.444344, 14.831535, 26.889073
8.78707, 9.0602105, 10.227706, 11.622074, 12.457105, 15.093761, 26.889073
8.792301, 9.070644999999999, 10.258465, 11.657958, 12.492387399999997, 15.049837599999993, 26.889073
8.783742, 9.046512, 10.188561, 11.622241400000004, 12.424808499999997, 14.96492, 26.889073
8.7859005, 9.057737, 10.227706, 11.633763, 12.502753, 14.995983, 26.889073
8.786515, 9.055168, 10.23312, 11.632081700000002, 12.436106, 14.822824, 18.677002
8.788015, 9.053603, 10.20198, 11.650524, 12.444613699999996, 14.938567589999991, 26.889073
8.789133249999999, 9.059111, 10.245774, 11.634025900000006, 12.472115, 14.822824, 26.889073
8.78707, 9.057744, 10.21712925, 11.652362, 12.502753, 14.932686829999989, 26.889073
8.783395, 9.044512, 10.174379, 11.6173565, 12.454557, 15.021127, 26.889073
8.787271, 9.065487, 10.199523, 11.625699, 12.420386, 14.938511, 26.889073
8.78686775, 9.058798, 10.265049, 11.669898, 12.476371, 14.901789, 19.563106
8.792237499999999, 9.067575, 10.2392255, 11.655011400000006, 12.502305, 14.932628, 26.889073
8.784411, 9.050637, 10.21806025, 11.5956407, 12.3847474, 14.824984, 26.889073
8.790575, 9.060868, 10.220221, 11.650524, 12.412934, 14.804108819999982, 26.889073
8.785933, 9.055830499999999, 10.214815, 11.662602, 12.439778, 14.932628, 26.889073
8.730609, 9.084606, 10.530565, 12.027601500000006, 13.2520337, 16.5764478, 38.813544
8.727295, 9.065991, 10.520888750000001, 12.030548600000007, 13.171132, 16.829082, 38.813544
8.72500475, 9.0752575, 10.50731575, 11.978243, 13.151338299999997, 16.94282447999995, 38.813544
8.73253, 9.087213, 10.567487, 12.033916000000017, 13.160577949999999, 16.605728, 38.813544
8.729396, 9.0851045, 10.51303, 12.008992200000002, 13.150732, 16.606196, 38.404747
8.784673, 9.050234, 10.217979, 11.643486600000006, 12.440311, 14.995983, 26.889073
8.789595, 9.054412, 10.210208999999999, 11.622074, 12.413306599999995, 14.938511, 26.889073
8.83476675, 9.023455, 9.3827615, 10.8938325, 11.804546849999996, 13.920245, 35.734803
8.784101, 9.051636, 10.210548, 11.619468, 12.424741, 15.054253, 26.889073
8.78473325, 9.050637, 10.215759, 11.594028, 12.383360450000001, 14.822845599999997, 26.889073
8.783368750000001, 9.046956, 10.214986249999999, 11.634025900000006, 12.421048, 14.783024, 26.889073
8.780374, 9.0390225, 10.186627, 11.633763, 12.465651399999997, 15.027702, 26.889073
8.785802, 9.05576, 10.2459785, 11.660993, 12.492187, 15.054253, 26.889073
8.786217, 9.045826, 10.194815, 11.633141, 12.397729549999994, 14.932628, 26.889073
8.78437, 9.05268, 10.230541, 11.638363300000002, 12.474753, 14.94417, 26.889073
8.785803, 9.053782, 10.194268, 11.649813900000002, 12.490727, 14.94417, 26.889073
8.8330185, 9.016218, 9.3662365, 10.8519202, 11.720606, 13.655651449999894, 37.448702
8.831698, 9.017799499999999, 9.3870185, 10.875123, 11.7617, 13.942797889999941, 37.448702
8.83417225, 9.018668, 9.391241, 10.8748845, 11.764579749999996, 13.806771, 37.448702
8.833595, 9.0186695, 9.378129, 10.8909724, 11.768716999999997, 13.652939739999997, 35.487972
8.83475, 9.019293000000001, 9.3802, 10.902412, 11.788002, 13.979229029999999, 37.448702
8.83682525, 9.0196085, 9.371606, 10.8946593, 11.782073849999998, 13.787291719999999, 37.448702
8.833424, 9.016698, 9.3802, 10.900651400000001, 11.77998, 13.920466849999965, 37.448702
8.832637, 9.0155175, 9.36003625, 10.861652399999999, 11.721435, 13.780340929999987, 37.448702
8.832902, 9.018668, 9.360259, 10.890877, 11.770999849999999, 13.892242, 37.448702
8.835213, 9.021853499999999, 9.38114525, 10.856168400000001, 11.747338, 13.862926119999951, 37.448702
8.830123, 9.0152555, 9.375878, 10.8939811, 11.771622849999998, 13.729012, 35.330604
8.833413, 9.015366, 9.376835, 10.858299, 11.766874, 14.005841, 35.734803
8.868428, 9.004056, 9.175059, 9.4570382, 9.9920315, 12.054451, 37.448702
8.64694325, 9.126939, 10.742042, 12.434019, 13.994813, 17.786971, 107.29919794324336
8.6450085, 9.142723, 10.830844, 12.4265521, 13.94272, 17.888042, 38.813544
8.65008375, 9.1267505, 10.791028, 12.3524102, 13.92961735, 17.612121870000006, 38.813544
8.64791425, 9.1154935, 10.83175, 12.3527275, 13.95715, 17.54839695000002, 34.462112
8.643217, 9.129560000000001, 10.80152075, 12.457537600000004, 13.967686449999995, 17.644577100000006, 26.925837
8.63973375, 9.103523500000001, 10.78023, 12.35419, 13.983646, 17.664151120000007, 38.813544
8.641360500000001, 9.116301499999999, 10.807164, 12.55624, 14.223656599999995, 17.872178240000004, 38.404747
8.65008375, 9.142985, 10.871551, 12.4238844, 14.009994549999991, 17.239323, 38.813544
8.661565249999999, 9.1639465, 10.918638, 12.544543600000004, 14.070939699999995, 18.717298940000006, 38.404747
8.641534, 9.144944, 10.862109, 12.512249, 14.08060959999999, 17.8129, 38.813544
8.652307, 9.1493655, 10.787681, 12.3610045, 13.911351, 17.8129, 38.404747
9.118879999999999, 11.2076135, 14.039774249999999, 17.2851811, 19.714086, 25.87364843000003, 44.22794
9.110852, 11.190782500000001, 14.00889475, 17.379265, 19.89221, 26.015162, 44.22794
9.11081125, 11.2273725, 13.94165, 17.455510200000003, 20.01937315, 24.920627, 38.509309
9.11089775, 11.2501405, 14.016311250000001, 17.26518, 19.605813199999996, 25.792145010000016, 44.22794
9.11931875, 11.2812985, 14.1044155, 17.601050400000005, 20.058643, 25.678368970000026, 44.22794
9.11813825, 11.266485, 14.193923, 17.5605375, 19.862456, 25.678368970000026, 44.22794
9.082339, 11.167415, 14.116295, 17.454936, 19.862456, 26.312623880000032, 44.22794
9.110852, 11.256657, 14.08754275, 17.387633, 19.79712755, 25.388309340000053, 44.22794
9.112501, 11.228731, 14.1433395, 17.291438, 19.972802, 25.908130130000025, 44.22794
9.084905749999999, 11.167415, 14.084987, 17.626178, 20.051031499999997, 26.123703, 44.22794
9.1285555, 11.2041905, 14.0561, 17.320895, 19.929228349999974, 26.311127, 40.625286
9.13014425, 11.2017035, 14.0589195, 17.4126204, 19.862456, 25.267843, 44.22794
9.10758575, 11.266624, 14.11830475, 17.587284, 19.97643759999998, 25.398768280000013, 40.625286
9.144623, 11.254216, 14.11824275, 17.287059000000003, 20.00562254999999, 25.335422140000027, 44.22794
9.11419225, 11.266485, 14.245796, 17.557609, 20.058643, 25.259308210000004, 44.22794
9.11089775, 11.219885, 14.022907, 17.432069700000003, 19.89221, 25.78762467000002, 40.625286
9.153158, 11.253083, 14.0803205, 17.4492273, 19.972802, 26.227057190000018, 44.22794
9.104823, 11.279103, 14.195575, 17.491916300000003, 19.83876394999998, 26.016247410000023, 40.625286
9.150549, 11.282887500000001, 14.188715, 17.379379500000002, 19.837517, 25.464532, 40.625286
9.118879999999999, 11.2908235, 14.1965315, 17.7572917, 20.069782, 25.872138, 44.22794
9.085407, 11.155397, 14.0594015, 17.287059000000003, 19.820696299999987, 25.56975163000001, 44.22794
8.79442675, 9.074225, 10.224222, 11.633466100000001, 12.46987415, 15.093761, 26.889073
8.791006750000001, 9.0626645, 10.2694425, 11.673834600000001, 12.554576, 14.873687, 19.563106
8.79120075, 9.066931499999999, 10.217979, 11.639258700000005, 12.3651285, 14.544331370000023, 19.563106
8.7749615, 9.037436, 10.16683675, 11.5929948, 12.341656799999999, 14.801356620000002, 26.889073
8.775970000000001, 9.039647, 10.2190275, 11.633141, 12.380756450000002, 14.832237540000015, 19.393533
8.78583025, 9.065779500000001, 10.268445, 11.7087603, 12.525408350000001, 15.592187050000021, 19.393533
8.78707, 9.0530215, 10.2924585, 11.696767000000001, 12.512915900000003, 14.8228456, 26.889073
8.77676425, 9.0497925, 10.1833205, 11.617003, 12.375706100000002, 14.783205930000003, 26.889073
8.78201175, 9.040377, 10.229351, 11.6634417, 12.496195, 14.823332630000012, 19.563106
8.795232, 9.072837, 10.227304749999998, 11.640876200000001, 12.5402739, 15.511645700000006, 19.563106
8.779589, 9.047973500000001, 10.226674, 11.650940000000002, 12.55172095, 15.054253, 19.563106
8.78496625, 9.050363, 10.24226575, 11.6492874, 12.427347550000004, 14.996521100000013, 19.563106
8.78072125, 9.040734, 10.223743, 11.589782800000002, 12.264000500000002, 14.757752110000014, 18.865024
8.78636125, 9.0560315, 10.215814, 11.628673599999999, 12.4498122, 15.093761, 19.563106
8.793422, 9.065523500000001, 10.199523, 11.615576500000001, 12.343992350000004, 14.663670790000014, 26.889073
8.786061, 9.0687925, 10.25817675, 11.637073900000003, 12.381649450000001, 14.902097390000007, 26.889073
8.7859965, 9.0521515, 10.258237, 11.641179000000001, 12.44051265, 14.83195652000001, 26.889073
8.787975, 9.0530395, 10.19788575, 11.660891, 12.54830475, 15.054253, 19.563106
8.78544825, 9.066395499999999, 10.20150525, 11.6492085, 12.388676200000003, 15.240095440000006, 26.889073
8.784022, 9.0500765, 10.2763885, 11.6407854, 12.4910004, 14.757332510000007, 26.889073
8.794416, 9.0752575, 10.265049, 11.679502900000001, 12.49655955, 15.463954, 26.889073
8.79306, 9.054737, 10.243421, 11.615418, 12.3836355, 14.648961910000013, 19.393533
8.788326999999999, 9.046956, 10.19068925, 11.660891, 12.5023274, 14.8228456, 26.889073
8.78383525, 9.043313, 10.1569845, 11.558424, 12.368761250000002, 14.591639, 26.889073
8.781711, 9.056102, 10.182339, 11.5957005, 12.343527650000002, 14.83195652000001, 26.889073
8.78904, 9.067373, 10.23057675, 11.671300500000001, 12.444344, 15.095220980000033, 19.563106
8.77636675, 9.039217, 10.15442275, 11.660647200000001, 12.470048600000002, 14.96492, 26.889073
8.7918555, 9.084645, 10.296126, 11.665227900000001, 12.530818600000002, 15.095220980000033, 26.889073
8.7888015, 9.0695655, 10.290143, 11.6718925, 12.51207335, 14.953882, 26.889073
8.797654, 9.07536, 10.28217875, 11.671998, 12.45138875, 15.46466297000001, 26.889073
8.787138500000001, 9.052887, 10.269419, 11.649735, 12.451222, 15.021127, 26.889073
8.789062, 9.04763, 10.213906000000001, 11.6610061, 12.4764949, 14.741698300000003, 26.889073
8.78599625, 9.049575, 10.23364975, 11.6599818, 12.503946100000002, 14.96492, 19.393533
8.78362975, 9.063969, 10.22372375, 11.709575000000001, 12.5402739, 14.965547820000014, 19.563106
8.79131175, 9.082138, 10.260218, 11.623949399999999, 12.4699167, 14.874276410000013, 26.889073
8.781711, 9.0640645, 10.223674, 11.679857700000003, 12.503913750000002, 14.832545930000023, 19.393533
8.789892, 9.05576, 10.268597, 11.618218400000002, 12.375659100000002, 15.240095440000006, 26.889073
8.7890565, 9.047218, 10.24141875, 11.658205200000001, 12.46987415, 14.74727015000001, 18.347922
8.87237225, 9.002635, 9.1790765, 9.4449875, 9.921851399999992, 11.874643389999996, 37.448702
8.864476, 8.9984675, 9.165981, 9.423304, 9.929366, 12.312307999999998, 35.487972
8.86609525, 9.000764499999999, 9.168299000000001, 9.430714, 9.9108522, 11.839931019999986, 35.487972
8.86989225, 9.0052, 9.1740265, 9.4274299, 10.068054199999999, 12.454821559999994, 37.448702
8.8681065, 9.004645, 9.17894875, 9.4783806, 10.069073, 11.922318299999997, 35.487972
8.868716, 9.004387, 9.17612825, 9.450355, 9.9982166, 12.070419, 37.448702
8.872642, 8.999, 9.16577725, 9.439095799999999, 9.860482399999997, 11.676500709999988, 37.448702
8.862505, 8.990184, 9.170926, 9.4783806, 10.038745399999993, 11.87444791, 35.330604
8.86640375, 9.0077585, 9.188889, 9.484020000000001, 10.0297696, 12.3281949, 35.330604
8.867167250000001, 9.003106, 9.17050525, 9.4495739, 9.974078599999999, 11.938814469999995, 35.734803
8.86540125, 8.999001, 9.1660495, 9.440225, 9.927009, 11.839379, 33.51644
8.87181975, 9.013282, 9.18893975, 9.483876, 9.953317199999999, 12.277897, 33.51644
8.852693, 8.9931275, 9.17323375, 9.435801, 10.023848699999999, 11.894581, 35.734803
8.863874, 9.002021500000001, 9.178337249999998, 9.471173, 10.068886299999994, 11.9993765, 37.448702
8.86913725, 9.001620500000001, 9.19222975, 9.473399, 10.037369, 11.970582469999993, 37.448702
8.86378, 9.004808, 9.176531, 9.465894, 10.065503449999998, 11.903409949999995, 35.734803
8.87319125, 9.0078625, 9.188717, 9.445691799999999, 9.927693549999995, 11.875033, 33.51644
8.86703675, 9.001172, 9.179753, 9.4430626, 9.94988625, 12.003135779999997, 35.734803
8.87196675, 9.008089, 9.178931, 9.4505068, 9.913476399999999, 11.958679299999998, 35.487972
8.865751, 9.003166, 9.18973425, 9.4978913, 9.962040399999998, 11.832213, 35.734803
8.780799, 9.046031, 10.17462425, 11.5258894, 12.261334900000001, 14.757073, 18.347922
8.7838495, 9.048317, 10.154793, 11.606706, 12.38552675, 14.825049510000001, 26.889073
8.7800555, 9.0419375, 10.174379, 11.6460504, 12.4604952, 14.874276410000013, 18.677002
8.79225975, 9.0478635, 10.188692249999999, 11.5961095, 12.383437350000001, 14.995983, 19.563106
8.79070325, 9.049619, 10.2582685, 11.747542, 12.5723495, 15.027967510000005, 26.889073
8.784399, 9.054161, 10.189340999999999, 11.577927, 12.368629250000001, 14.54376458000001, 26.889073
8.78961125, 9.065523500000001, 10.268171, 11.660199, 12.4632023, 14.663085, 19.563106
8.79445325, 9.05303, 10.189397249999999, 11.584012000000001, 12.426591750000002, 15.023649760000055, 26.889073
8.864104, 9.004046500000001, 9.17606, 9.459373600000001, 9.97255, 11.938615, 35.330604
8.869962, 9.005264, 9.187971, 9.496808, 10.087763549999998, 11.922215, 37.448702
8.863600250000001, 9.0043685, 9.179073500000001, 9.450109, 10.014267949999995, 12.383307299999993, 35.734803
8.86235225, 8.9942385, 9.174627000000001, 9.4219672, 9.93106605, 11.922319599999996, 35.487972
8.86447525, 8.998715, 9.178949750000001, 9.4414822, 9.970956, 12.048048669999998, 37.448702
8.870512000000002, 9.00683, 9.18840575, 9.462921, 9.994623849999996, 12.277909739999998, 35.487972
8.859537, 8.997862999999999, 9.160778749999999, 9.4452652, 10.0333125, 12.170301709999988, 37.448702
8.864438, 8.9994405, 9.176247, 9.4445506, 9.9599212, 11.932734399999998, 35.734803
8.865184249999999, 8.9999235, 9.1709935, 9.4678367, 10.0923397, 11.932546299999998, 37.448702
8.863825, 9.001815, 9.190512, 9.458287, 10.077020099999999, 12.169767, 35.734803
8.858853, 8.998237, 9.172687, 9.4274299, 9.89633605, 12.048208349999994, 24.923449
8.869171, 9.0029145, 9.18817925, 9.4782423, 10.089431749999997, 12.328172, 37.448702
8.858975, 8.999001, 9.1797975, 9.4380572, 9.951954899999999, 12.00816916999999, 37.448702
8.894555, 9.037386, 9.23178325, 9.5083882, 9.73018715, 14.90866716999999, 36.893046
8.885529499999999, 9.042501999999999, 9.23250175, 9.464189, 9.63394205, 13.734984999999993, 36.893046
8.872110000000001, 9.0346495, 9.230531, 9.4831198, 9.70496335, 13.732601839999996, 32.855096
8.8885425, 9.043569999999999, 9.232577500000001, 9.4827545, 9.6896068, 13.73798833999999, 32.855096
8.880512, 9.038949500000001, 9.231809, 9.510827200000001, 9.77604425, 16.18153611, 19.892145
8.882098500000001, 9.0414555, 9.243631, 9.524595399999999, 9.76070505, 13.232364, 19.645042
8.891207, 9.035071, 9.2332425, 9.4782317, 9.724776649999999, 10.88163496, 23.303856
8.8949245, 9.046231, 9.230745, 9.510701800000001, 9.749764849999998, 11.931427679999985, 19.213916
8.9052635, 9.0552, 9.253141, 9.5171974, 9.813175, 13.556740149999998, 22.552578
8.87516025, 9.0327455, 9.23222275, 9.5177422, 9.75601515, 15.263228, 36.893046
8.894441, 9.042444, 9.24788525, 9.4987766, 9.73350025, 16.111229279999996, 36.893046
8.87779375, 9.0432805, 9.225158, 9.4784286, 9.681406549999998, 10.317518299999996, 23.303856
8.877184, 9.0460725, 9.235586, 9.4981512, 9.76098085, 11.935259759999981, 36.893046
8.8900345, 9.0427275, 9.232159, 9.4783574, 9.6646557, 11.683977429999997, 19.587514
8.88674825, 9.047888, 9.2367585, 9.50564, 9.71648685, 11.990432399999984, 19.587514
8.882303, 9.045902, 9.243405000000001, 9.547799600000001, 9.787657599999998, 15.97762476, 23.303856
8.885581, 9.040187, 9.23515, 9.516893, 9.7741661, 16.362384, 52.853195
8.882146500000001, 9.0389825, 9.23750925, 9.5004604, 9.726112350000001, 10.883085799999998, 32.855096
8.882302, 9.039116, 9.243984, 9.526158800000001, 9.7722966, 16.658843, 36.893046
8.89673925, 9.043233, 9.2362535, 9.501585, 9.7412794, 15.576866649999994, 19.645042
8.8725, 9.038416, 9.2255885, 9.5241168, 9.734734, 13.743481179999993, 52.853195
8.89128675, 9.0432375, 9.243125249999999, 9.546036, 9.767334499999999, 13.920596509999996, 36.893046
8.879422250000001, 9.0406975, 9.237385, 9.4922397, 9.712771, 10.460396729999996, 24.370709
0, 0, 0, 0, 0, 0, 0
0, 0, 0, 0, 0, 0, 0
0, 0, 0, 0, 0, 0, 0
0, 0, 0, 0, 0, 0, 0
0, 0, 0, 0, 0, 0, 0
0, 0, 0, 0, 0, 0, 0
0, 0, 0, 0, 0, 0, 0
0, 0, 0, 0, 0, 0, 0
0, 0, 0, 0, 0, 0, 0
0, 0, 0, 0, 0, 0, 0
0, 0, 0, 0, 0, 0, 0
0, 0, 0, 0, 0, 0, 0
0, 0, 0, 0, 0, 0, 0
0, 0, 0, 0, 0, 0, 0
0, 0, 0, 0, 0, 0, 0
0, 0, 0, 0, 0, 0, 0
0, 0, 0, 0, 0, 0, 0
0, 0, 0, 0, 0, 0, 0
0, 0, 0, 0, 0, 0, 0
0, 0, 0, 0, 0, 0, 0
0, 0, 0, 0, 0, 0, 0
0, 0, 0, 0, 0, 0, 0
0, 0, 0, 0, 0, 0, 0
0, 0, 0, 0, 0, 0, 0
0, 0, 0, 0, 0, 0, 0
0, 0, 0, 0, 0, 0, 0
0, 0, 0, 0, 0, 0, 0
0, 0, 0, 0, 0, 0, 0
0, 0, 0, 0, 0, 0, 0
0, 0, 0, 0, 0, 0, 0
0, 0, 0, 0, 0, 0, 0
0, 0, 0, 0, 0, 0, 0
0, 0, 0, 0, 0, 0, 0
0, 0, 0, 0, 0, 0, 0
0, 0, 0, 0, 0, 0, 0
0, 0, 0, 0, 0, 0, 0
0, 0, 0, 0, 0, 0, 0
0, 0, 0, 0, 0, 0, 0
0, 0, 0, 0, 0, 0, 0
0, 0, 0, 0, 0, 0, 0
0, 0, 0, 0, 0, 0, 0
0, 0, 0, 0, 0, 0, 0
0, 0, 0, 0, 0, 0, 0
0, 0, 0, 0, 0, 0, 0
0, 0, 0, 0, 0, 0, 0
0, 0, 0, 0, 0, 0, 0
0, 0, 0, 0, 0, 0, 0
0, 0, 0, 0, 0, 0, 0
0, 0, 0, 0, 0, 0, 0
0, 0, 0, 0, 0, 0, 0
0, 0, 0, 0, 0, 0, 0
0, 0, 0, 0, 0, 0, 0
0, 0, 0, 0, 0, 0, 0
0, 0, 0, 0, 0, 0, 0
0, 0, 0, 0, 0, 0, 0
0, 0, 0, 0, 0, 0, 0
0, 0, 0, 0, 0, 0, 0
8.877931, 9.0523325, 9.24301525, 9.4927001, 9.7647849, 14.452594749999998, 18.344529
8.88047375, 9.038469, 9.2258345, 9.5406672, 9.8131794, 16.71397765, 52.853195
8.888299250000001, 9.036048000000001, 9.250445, 9.551059, 9.82388575, 14.733161439999998, 21.371576
8.875556, 9.0405105, 9.23588575, 9.527283, 9.80664025, 16.720722, 52.853195
8.878311499999999, 9.0318295, 9.2270755, 9.4974219, 9.80692415, 16.099406520000002, 52.853195
8.866773, 9.0282385, 9.23353725, 9.5042532, 9.825970550000001, 15.978104099999998, 24.370709
8.88665775, 9.0479695, 9.242143, 9.5271103, 9.80820765, 13.739180339999997, 36.893046
8.89228275, 9.045414, 9.25222625, 9.50367, 9.7605659, 13.235582829999997, 32.855096
8.878596250000001, 9.035713000000001, 9.240621749999999, 9.5182805, 9.738270199999999, 14.902573969999995, 21.371576
8.87429275, 9.0302185, 9.2220035, 9.5131865, 9.75599035, 10.952515, 17.997995
8.882214999999999, 9.0329595, 9.257387, 9.4992931, 9.76741315, 15.271102349999992, 36.893046
8.882881, 9.0454055, 9.240236249999999, 9.552483, 9.82346575, 16.403291, 52.853195
8.880573250000001, 9.0370445, 9.239857, 9.4975944, 9.7729731, 16.21605821, 19.587514
8.880582, 9.0509925, 9.239655249999998, 9.531574, 9.7844699, 13.236218969999998, 52.853195
8.883815250000001, 9.057895, 9.25842475, 9.530821, 9.7560301, 14.676200569999994, 52.853195
8.87312825, 9.030438, 9.230791499999999, 9.4858779, 9.6945553, 13.743088119999994, 36.893046
8.881884750000001, 9.035402000000001, 9.24268325, 9.504116, 9.70918325, 15.874409599999998, 36.893046
8.887713999999999, 9.0412405, 9.2301605, 9.501252, 9.71239245, 11.826349019999988, 17.734753
8.888161, 9.0451645, 9.233372750000001, 9.4848118, 9.760536, 15.724868639999997, 52.853195
8.8860755, 9.0388405, 9.24133, 9.5318397, 9.787015949999999, 15.979274919999998, 52.853195
8.877211, 9.036676499999999, 9.23236225, 9.5262978, 9.774447349999999, 17.06510088, 20.217992
8.89537475, 9.0577475, 9.26064275, 9.5629297, 9.791958, 16.265057369999997, 20.217992
8.8983005, 9.052062, 9.230926, 9.4782156, 9.65258065, 11.166679719999996, 36.893046
8.884573249999999, 9.0397315, 9.23814475, 9.5098108, 9.719838, 10.882320689999998, 22.552578
8.88459725, 9.0429155, 9.24301525, 9.507059400000001, 9.734066949999999, 11.163599429999998, 21.371576
8.87681875, 9.025269, 9.21401225, 9.4981394, 9.7406201, 11.813872359999998, 19.656824
8.87659725, 9.0306855, 9.2204465, 9.4794853, 9.70808875, 14.693420859999998, 22.552578
8.89574775, 9.0467495, 9.2367055, 9.5074691, 9.7781941, 14.679272429999992, 20.217992
8.898266, 9.050825, 9.250449, 9.5168779, 9.71634085, 14.435830779999996, 52.853195
8.884343999999999, 9.052377, 9.258227, 9.532116499999999, 9.8026006, 16.262064679999998, 52.853195
8.89128825, 9.042895, 9.243769499999999, 9.5536467, 9.84482695, 16.05910689, 23.303856
8.895273249999999, 9.0464745, 9.232298, 9.526729, 9.79318625, 13.91610324, 22.552578
8.8840425, 9.044763, 9.241131, 9.5034671, 9.740756249999999, 16.44976985, 36.893046
8.89258625, 9.049588499999999, 9.24010125, 9.484342999999999, 9.7455831, 14.739876269999993, 52.853195
8.892816499999999, 9.0347765, 9.24856, 9.4982384, 9.66844465, 13.809690069999993, 36.893046
8.8936715, 9.0490505, 9.23967625, 9.5534168, 9.85121765, 15.725686849999997, 36.893046
8.88665775, 9.0458745, 9.2432555, 9.5335322, 9.77185685, 16.65932164, 21.371576
8.89114775, 9.040582, 9.248423, 9.4827545, 9.7341068, 13.265078339999995, 52.853195
8.878249499999999, 9.0384055, 9.2317795, 9.4980471, 9.7108376, 11.682962069999999, 32.855096
8.88539025, 9.0479595, 9.24803975, 9.5506513, 9.84710225, 16.098597, 32.855096
8.88105375, 9.0392185, 9.224617, 9.468893000000001, 9.67178735, 13.812229089999992, 52.853195
8.8815275, 9.0430135, 9.232298, 9.476858, 9.68110575, 13.756392879999982, 32.855096
8.889953499999999, 9.0336975, 9.242282, 9.5056736, 9.76821035, 16.405284919999996, 36.893046
8.892862749999999, 9.043628, 9.2538355, 9.535433900000001, 9.8001393, 16.099406520000002, 36.893046
8.88340225, 9.048042, 9.245126, 9.529218, 9.765831449999999, 15.872548, 24.370709
8.88205, 9.045646, 9.244365250000001, 9.5248335, 9.8231931, 13.486703819999999, 32.855096
8.87519325, 9.041955999999999, 9.24000375, 9.4810666, 9.719153, 13.619718009999998, 23.303856
8.88841225, 9.044984, 9.2430495, 9.5460559, 9.80188175, 16.058708, 32.855096
8.880658, 9.035101000000001, 9.232577500000001, 9.5013728, 9.692637, 13.174602099999987, 36.893046
8.878311499999999, 9.0348285, 9.2377605, 9.5265604, 9.72866825, 11.475135569999978, 24.370709
8.888997750000001, 9.051539, 9.245500499999999, 9.5098797, 9.7086902, 14.605914929999999, 19.587514
8.8861085, 9.0453665, 9.237574, 9.4993853, 9.7234867, 11.186041829999978, 36.893046
8.886733, 9.043338, 9.23847775, 9.4993193, 9.8002686, 14.611633759999995, 52.853195
8.89036025, 9.049389999999999, 9.272585, 9.5537787, 9.8252185, 15.726895259999996, 32.855096
8.875475250000001, 9.0365915, 9.2227235, 9.5235897, 9.752797, 11.47334846999998, 36.893046
8.880353, 9.031213999999999, 9.23640325, 9.5255811, 9.7613077, 11.737343, 36.893046
8.87997875, 9.050784, 9.2628825, 9.532163800000001, 9.778360999999999, 13.62899725999999, 24.370709
8.89962775, 9.047805499999999, 9.252129, 9.518291, 9.766067, 11.984687639999988, 24.370709
8.893516, 9.044242, 9.24338325, 9.5285241, 9.74902, 11.91519639, 19.656824
8.887319999999999, 9.037328, 9.243424000000001, 9.538810300000002, 9.77046135, 14.208131859999988, 23.303856
8.883364, 9.034796, 9.22622025, 9.4867895, 9.75599035, 15.575296939999996, 52.853195
8.873123249999999, 9.043535, 9.2355605, 9.525985, 9.74052, 14.731487, 36.893046
8.869466, 9.036039, 9.238425249999999, 9.4982977, 9.675791449999998, 14.005369839999995, 20.217992
8.893608, 9.0441305, 9.24638675, 9.4983283, 9.74902, 11.059232679999997, 17.997995
8.881569, 9.045455, 9.2334885, 9.559506500000001, 9.808244499999999, 14.907164919999992, 22.552578
8.89944275, 9.048408, 9.2500775, 9.546340599999999, 9.8096636, 16.26121194, 32.855096
8.899733, 9.0455535, 9.23592725, 9.5024456, 9.71206885, 14.746328919999986, 19.656824
8.878448, 9.030265, 9.240827, 9.510900900000001, 9.7669763, 14.605914929999999, 52.853195
8.876834500000001, 9.0444165, 9.24587575, 9.5298573, 9.7723792, 14.67048174, 20.217992
8.89900625, 9.0440595, 9.23877325, 9.520627, 9.7444467, 11.992219499999981, 32.855096
8.885581, 9.0521675, 9.25100975, 9.511582, 9.81625735, 16.05910689, 32.855096
8.869318, 9.028151999999999, 9.2182015, 9.499914200000001, 9.7609165, 13.736535, 36.893046
8.886620749999999, 9.04391, 9.242042, 9.5335005, 9.7694701, 10.49336765, 32.855096
8.8826055, 9.036681999999999, 9.23712825, 9.5073042, 9.74902, 13.805537069999998, 19.587514
8.88214975, 9.039242, 9.240472, 9.5272135, 9.779472, 11.199167159999998, 19.645042
8.87822725, 9.037847, 9.225571, 9.4767829, 9.7075483, 11.68165, 24.370709
8.8868975, 9.0421285, 9.2401605, 9.4832239, 9.7347705, 14.395243399999996, 20.217992
8.89869925, 9.039125, 9.2532895, 9.541382, 9.834991599999999, 16.447658, 19.892145
8.880807, 9.0421495, 9.22601, 9.5165901, 9.7496257, 12.012064209999986, 52.853195
8.894589499999999, 9.0506305, 9.245702, 9.5116875, 9.733273650000001, 10.886531039999996, 22.552578
8.885013, 9.044109, 9.246532250000001, 9.538259, 9.806602, 15.976887, 20.217992
8.8901805, 9.039104, 9.23877325, 9.531608400000001, 9.757533, 14.419988939999996, 20.217992
8.883074, 9.044853, 9.235759999999999, 9.524617, 9.78219935, 16.47539771, 24.370709
8.891181750000001, 9.041170000000001, 9.2301605, 9.4840839, 9.7405376, 16.4765028, 36.893046
8.8890405, 9.0480855, 9.266484, 9.5465353, 9.775902, 15.726085739999997, 23.303856
8.8854015, 9.039342999999999, 9.245764, 9.551304400000001, 9.7950131, 15.270364589999993, 24.370709
8.88416925, 9.0462815, 9.236183, 9.495216899999999, 9.69367725, 14.783211649999997, 52.853195
8.8985675, 9.044411, 9.24856, 9.5133501, 9.81659675, 16.602683, 52.853195
8.898546, 9.052807999999999, 9.2572635, 9.5016844, 9.692068899999999, 10.42821141, 19.645042
8.89260675, 9.0397315, 9.224936, 9.4904226, 9.7161574, 12.00736978999999, 19.892145
8.9026475, 9.052545, 9.239911750000001, 9.512961700000002, 9.767799349999999, 16.400793039999996, 24.370709
8.8758015, 9.034553500000001, 9.220813, 9.4976321, 9.741932, 11.3751787, 21.371576
8.87090325, 9.025141, 9.225102, 9.511107300000003, 9.72379475, 11.119379, 22.552578
8.89113175, 9.0389705, 9.237253, 9.5136723, 9.80740865, 11.19798953, 22.552578
8.87560625, 9.038929, 9.2450265, 9.511504100000002, 9.7420457, 11.990432399999984, 20.217992
8.899179, 9.061891, 9.263209, 9.5555891, 9.80764325, 16.06072282, 23.303856
8.891207999999999, 9.042427, 9.239730999999999, 9.531621800000002, 9.809298649999999, 16.060277709999998, 19.587514
8.87692, 9.045863, 9.242225, 9.5345592, 9.7092359, 11.530913589999999, 22.552578
8.89529975, 9.061226999999999, 9.24772825, 9.5266768, 9.86203855, 15.977419659999999, 32.855096
8.879893, 9.0469865, 9.25568125, 9.5515735, 9.81691205, 14.907164919999992, 36.893046
8.87870225, 9.034273, 9.22865775, 9.5169195, 9.7741661, 14.41651684, 19.656824
8.892987, 9.038584, 9.24047825, 9.5173339, 9.753471099999999, 14.198692259999996, 24.370709
8.88951175, 9.038568, 9.2314945, 9.509390699999999, 9.7573991, 13.557856979999997, 17.75425
8.881794, 9.028036499999999, 9.21417375, 9.5106072, 9.71589835, 13.562868219999991, 32.855096
8.886578, 9.04041, 9.23094325, 9.503489700000001, 9.6929221, 13.738322099999998, 36.893046
8.89213325, 9.041447999999999, 9.241987, 9.5083207, 9.738270199999999, 14.431153, 22.552578
8.8944945, 9.053748500000001, 9.240148, 9.5133656, 9.7698696, 17.202648649999997, 52.853195
8.88395175, 9.0476995, 9.2404285, 9.5173339, 9.76401005, 14.19507232, 52.853195
8.89601025, 9.049587, 9.26314225, 9.5482011, 9.842429549999999, 14.792736159999988, 20.217992
8.887140500000001, 9.042097, 9.237145, 9.5023808, 9.69158395, 15.980900729999997, 32.855096
8.89064675, 9.0487945, 9.256199, 9.556600699999999, 9.835364049999999, 14.41651684, 23.303856
8.873068250000001, 9.0282135, 9.2218985, 9.4718812, 9.710233, 11.814456379999998, 19.892145
8.8901245, 9.0424205, 9.2373695, 9.5271382, 9.799576100000001, 16.40373467, 22.552578
8.884263, 9.0402495, 9.2396665, 9.4954072, 9.80915505, 16.257090829999996, 23.303856
8.886197, 9.048379, 9.233274, 9.5121917, 9.810530199999999, 16.70863368, 36.893046
8.880405, 9.027953, 9.230571000000001, 9.5196589, 9.81769355, 11.826349019999988, 19.656824
8.896795, 9.040302, 9.234156250000002, 9.4845947, 9.720028849999998, 11.737343, 24.370709
8.8895995, 9.042993, 9.22410975, 9.5035328, 9.7237143, 16.052313159999997, 52.853195
8.88213525, 9.046418500000001, 9.2281795, 9.5057779, 9.813177249999999, 16.37845443, 36.893046
8.89128825, 9.0439055, 9.228873, 9.5091457, 9.76070505, 13.232364, 52.853195
8.87706575, 9.038772999999999, 9.225693, 9.4856704, 9.7089369, 16.033634069999994, 36.893046
8.87801275, 9.034016999999999, 9.22291925, 9.453632200000001, 9.662968150000001, 11.011017, 36.893046
8.8823185, 9.035064, 9.2260355, 9.4775887, 9.66071415, 11.261427989999994, 32.855096
8.89266125, 9.0487, 9.24916575, 9.5539719, 9.8347524, 14.898931, 24.370709
8.88386275, 9.039099499999999, 9.24024375, 9.5098797, 9.72866825, 13.170449099999992, 22.552578
0, 0, 0, 0, 0, 0, 0
0, 0, 0, 0, 0, 0, 0
0, 0, 0, 0, 0, 0, 0
0, 0, 0, 0, 0, 0, 0
0, 0, 0, 0, 0, 0, 0
0, 0, 0, 0, 0, 0, 0
0, 0, 0, 0, 0, 0, 0
0, 0, 0, 0, 0, 0, 0
0, 0, 0, 0, 0, 0, 0
0, 0, 0, 0, 0, 0, 0
0, 0, 0, 0, 0, 0, 0
0, 0, 0, 0, 0, 0, 0
0, 0, 0, 0, 0, 0, 0
0, 0, 0, 0, 0, 0, 0
0, 0, 0, 0, 0, 0, 0
0, 0, 0, 0, 0, 0, 0
0, 0, 0, 0, 0, 0, 0
0, 0, 0, 0, 0, 0, 0
0, 0, 0, 0, 0, 0, 0
0, 0, 0, 0, 0, 0, 0
0, 0, 0, 0, 0, 0, 0
0, 0, 0, 0, 0, 0, 0
0, 0, 0, 0, 0, 0, 0
0, 0, 0, 0, 0, 0, 0
0, 0, 0, 0, 0, 0, 0
0, 0, 0, 0, 0, 0, 0
0, 0, 0, 0, 0, 0, 0
0, 0, 0, 0, 0, 0, 0
0, 0, 0, 0, 0, 0, 0
0, 0, 0, 0, 0, 0, 0
0, 0, 0, 0, 0, 0, 0
0, 0, 0, 0, 0, 0, 0
0, 0, 0, 0, 0, 0, 0
0, 0, 0, 0, 0, 0, 0
0, 0, 0, 0, 0, 0, 0
0, 0, 0, 0, 0, 0, 0
0, 0, 0, 0, 0, 0, 0
0, 0, 0, 0, 0, 0, 0
0, 0, 0, 0, 0, 0, 0
0, 0, 0, 0, 0, 0, 0
0, 0, 0, 0, 0, 0, 0
0, 0, 0, 0, 0, 0, 0
0, 0, 0, 0, 0, 0, 0
0, 0, 0, 0, 0, 0, 0
0, 0, 0, 0, 0, 0, 0
0, 0, 0, 0, 0, 0, 0
0, 0, 0, 0, 0, 0, 0
0, 0, 0, 0, 0, 0, 0
0, 0, 0, 0, 0, 0, 0
0, 0, 0, 0, 0, 0, 0
0, 0, 0, 0, 0, 0, 0
0, 0, 0, 0, 0, 0, 0
0, 0, 0, 0, 0, 0, 0
0, 0, 0, 0, 0, 0, 0
0, 0, 0, 0, 0, 0, 0
0, 0, 0, 0, 0, 0, 0
0, 0, 0, 0, 0, 0, 0
0, 0, 0, 0, 0, 0, 0
0, 0, 0, 0, 0, 0, 0
0, 0, 0, 0, 0, 0, 0
0, 0, 0, 0, 0, 0, 0
0, 0, 0, 0, 0, 0, 0
0, 0, 0, 0, 0, 0, 0
0, 0, 0, 0, 0, 0, 0
0, 0, 0, 0, 0, 0, 0
0, 0, 0, 0, 0, 0, 0
0, 0, 0, 0, 0, 0, 0
0, 0, 0, 0, 0, 0, 0
0, 0, 0, 0, 0, 0, 0
0, 0, 0, 0, 0, 0, 0
0, 0, 0, 0, 0, 0, 0
0, 0, 0, 0, 0, 0, 0
0, 0, 0, 0, 0, 0, 0
0, 0, 0, 0, 0, 0, 0
0, 0, 0, 0, 0, 0, 0
0, 0, 0, 0, 0, 0, 0
0, 0, 0, 0, 0, 0, 0
0, 0, 0, 0, 0, 0, 0
0, 0, 0, 0, 0, 0, 0
0, 0, 0, 0, 0, 0, 0
0, 0, 0, 0, 0, 0, 0
0, 0, 0, 0, 0, 0, 0
0, 0, 0, 0, 0, 0, 0
0, 0, 0, 0, 0, 0, 0
0, 0, 0, 0, 0, 0, 0
0, 0, 0, 0, 0, 0, 0
0, 0, 0, 0, 0, 0, 0
0, 0, 0, 0, 0, 0, 0
0, 0, 0, 0, 0, 0, 0
0, 0, 0, 0, 0, 0, 0
0, 0, 0, 0, 0, 0, 0
0, 0, 0, 0, 0, 0, 0
0, 0, 0, 0, 0, 0, 0
0, 0, 0, 0, 0, 0, 0
0, 0, 0, 0, 0, 0, 0
0, 0, 0, 0, 0, 0, 0
0, 0, 0, 0, 0, 0, 0
0, 0, 0, 0, 0, 0, 0
0, 0, 0, 0, 0, 0, 0
0, 0, 0, 0, 0, 0, 0
0, 0, 0, 0, 0, 0, 0
0, 0, 0, 0, 0, 0, 0
0, 0, 0, 0, 0, 0, 0
0, 0, 0, 0, 0, 0, 0
0, 0, 0, 0, 0, 0, 0
0, 0, 0, 0, 0, 0, 0
0, 0, 0, 0, 0, 0, 0
0, 0, 0, 0, 0, 0, 0
0, 0, 0, 0, 0, 0, 0
0, 0, 0, 0, 0, 0, 0
0, 0, 0, 0, 0, 0, 0
0, 0, 0, 0, 0, 0, 0
0, 0, 0, 0, 0, 0, 0
0, 0, 0, 0, 0, 0, 0
0, 0, 0, 0, 0, 0, 0
0, 0, 0, 0, 0, 0, 0
0, 0, 0, 0, 0, 0, 0
0, 0, 0, 0, 0, 0, 0
0, 0, 0, 0, 0, 0, 0
0, 0, 0, 0, 0, 0, 0
0, 0, 0, 0, 0, 0, 0
0, 0, 0, 0, 0, 0, 0
0, 0, 0, 0, 0, 0, 0
0, 0, 0, 0, 0, 0, 0
0, 0, 0, 0, 0, 0, 0
0, 0, 0, 0, 0, 0, 0
0, 0, 0, 0, 0, 0, 0
0, 0, 0, 0, 0, 0, 0
0, 0, 0, 0, 0, 0, 0
0, 0, 0, 0, 0, 0, 0
0, 0, 0, 0, 0, 0, 0
0, 0, 0, 0, 0, 0, 0
0, 0, 0, 0, 0, 0, 0
0, 0, 0, 0, 0, 0, 0
0, 0, 0, 0, 0, 0, 0
0, 0, 0, 0, 0, 0, 0
0, 0, 0, 0, 0, 0, 0
0, 0, 0, 0, 0, 0, 0
0, 0, 0, 0, 0, 0, 0
0, 0, 0, 0, 0, 0, 0
0, 0, 0, 0, 0, 0, 0
0, 0, 0, 0, 0, 0, 0
0, 0, 0, 0, 0, 0, 0
0, 0, 0, 0, 0, 0, 0
0, 0, 0, 0, 0, 0, 0
0, 0, 0, 0, 0, 0, 0
0, 0, 0, 0, 0, 0, 0
0, 0, 0, 0, 0, 0, 0
0, 0, 0, 0, 0, 0, 0
0, 0, 0, 0, 0, 0, 0
0, 0, 0, 0, 0, 0, 0
0, 0, 0, 0, 0, 0, 0
0, 0, 0, 0, 0, 0, 0
0, 0, 0, 0, 0, 0, 0
0, 0, 0, 0, 0, 0, 0
0, 0, 0, 0, 0, 0, 0
0, 0, 0, 0, 0, 0, 0
0, 0, 0, 0, 0, 0, 0
0, 0, 0, 0, 0, 0, 0
0, 0, 0, 0, 0, 0, 0
0, 0, 0, 0, 0, 0, 0
0, 0, 0, 0, 0, 0, 0
0, 0, 0, 0, 0, 0, 0
0, 0, 0, 0, 0, 0, 0
0, 0, 0, 0, 0, 0, 0
0, 0, 0, 0, 0, 0, 0
0, 0, 0, 0, 0, 0, 0
0, 0, 0, 0, 0, 0, 0
0, 0, 0, 0, 0, 0, 0
0, 0, 0, 0, 0, 0, 0
0, 0, 0, 0, 0, 0, 0
0, 0, 0, 0, 0, 0, 0
0, 0, 0, 0, 0, 0, 0
0, 0, 0, 0, 0, 0, 0
0, 0, 0, 0, 0, 0, 0
0, 0, 0, 0, 0, 0, 0
0, 0, 0, 0, 0, 0, 0
0, 0, 0, 0, 0, 0, 0
0, 0, 0, 0, 0, 0, 0
0, 0, 0, 0, 0, 0, 0
0, 0, 0, 0, 0, 0, 0
0, 0, 0, 0, 0, 0, 0
0, 0, 0, 0, 0, 0, 0
0, 0, 0, 0, 0, 0, 0
0, 0, 0, 0, 0, 0, 0
0, 0, 0, 0, 0, 0, 0
0, 0, 0, 0, 0, 0, 0
0, 0, 0, 0, 0, 0, 0
0, 0, 0, 0, 0, 0, 0
0, 0, 0, 0, 0, 0, 0
0, 0, 0, 0, 0, 0, 0
0, 0, 0, 0, 0, 0, 0
0, 0, 0, 0, 0, 0, 0
0, 0, 0, 0, 0, 0, 0
0, 0, 0, 0, 0, 0, 0
0, 0, 0, 0, 0, 0, 0
0, 0, 0, 0, 0, 0, 0
0, 0, 0, 0, 0, 0, 0
0, 0, 0, 0, 0, 0, 0
0, 0, 0, 0, 0, 0, 0
0, 0, 0, 0, 0, 0, 0
0, 0, 0, 0, 0, 0, 0
0, 0, 0, 0, 0, 0, 0
0, 0, 0, 0, 0, 0, 0
0, 0, 0, 0, 0, 0, 0
0, 0, 0, 0, 0, 0, 0
0, 0, 0, 0, 0, 0, 0
0, 0, 0, 0, 0, 0, 0
0, 0, 0, 0, 0, 0, 0
0, 0, 0, 0, 0, 0, 0
0, 0, 0, 0, 0, 0, 0
0, 0, 0, 0, 0, 0, 0
0, 0, 0, 0, 0, 0, 0
0, 0, 0, 0, 0, 0, 0
0, 0, 0, 0, 0, 0, 0
0, 0, 0, 0, 0, 0, 0
0, 0, 0, 0, 0, 0, 0
0, 0, 0, 0, 0, 0, 0
0, 0, 0, 0, 0, 0, 0
0, 0, 0, 0, 0, 0, 0
0, 0, 0, 0, 0, 0, 0
0, 0, 0, 0, 0, 0, 0
0, 0, 0, 0, 0, 0, 0
0, 0, 0, 0, 0, 0, 0
0, 0, 0, 0, 0, 0, 0
0, 0, 0, 0, 0, 0, 0
0, 0, 0, 0, 0, 0, 0
0, 0, 0, 0, 0, 0, 0
0, 0, 0, 0, 0, 0, 0
0, 0, 0, 0, 0, 0, 0
0, 0, 0, 0, 0, 0, 0
0, 0, 0, 0, 0, 0, 0
0, 0, 0, 0, 0, 0, 0
0, 0, 0, 0, 0, 0, 0
0, 0, 0, 0, 0, 0, 0
0, 0, 0, 0, 0, 0, 0
0, 0, 0, 0, 0, 0, 0
0, 0, 0, 0, 0, 0, 0
0, 0, 0, 0, 0, 0, 0
0, 0, 0, 0, 0, 0, 0
0, 0, 0, 0, 0, 0, 0
0, 0, 0, 0, 0, 0, 0
0, 0, 0, 0, 0, 0, 0
0, 0, 0, 0, 0, 0, 0
0, 0, 0, 0, 0, 0, 0
0, 0, 0, 0, 0, 0, 0
0, 0, 0, 0, 0, 0, 0
0, 0, 0, 0, 0, 0, 0
0, 0, 0, 0, 0, 0, 0
0, 0, 0, 0, 0, 0, 0
0, 0, 0, 0, 0, 0, 0
0, 0, 0, 0, 0, 0, 0
0, 0, 0, 0, 0, 0, 0
0, 0, 0, 0, 0, 0, 0
0, 0, 0, 0, 0, 0, 0
0, 0, 0, 0, 0, 0, 0
0, 0, 0, 0, 0, 0, 0
0, 0, 0, 0, 0, 0, 0
0, 0, 0, 0, 0, 0, 0
0, 0, 0, 0, 0, 0, 0
0, 0, 0, 0, 0, 0, 0
0, 0, 0, 0, 0, 0, 0
0, 0, 0, 0, 0, 0, 0
0, 0, 0, 0, 0, 0, 0
0, 0, 0, 0, 0, 0, 0
0, 0, 0, 0, 0, 0, 0
0, 0, 0, 0, 0, 0, 0
0, 0, 0, 0, 0, 0, 0
0, 0, 0, 0, 0, 0, 0
0, 0, 0, 0, 0, 0, 0
0, 0, 0, 0, 0, 0, 0
0, 0, 0, 0, 0, 0, 0
0, 0, 0, 0, 0, 0, 0
0, 0, 0, 0, 0, 0, 0
0, 0, 0, 0, 0, 0, 0
0, 0, 0, 0, 0, 0, 0
0, 0, 0, 0, 0, 0, 0
0, 0, 0, 0, 0, 0, 0
0, 0, 0, 0, 0, 0, 0
0, 0, 0, 0, 0, 0, 0
0, 0, 0, 0, 0, 0, 0
0, 0, 0, 0, 0, 0, 0
0, 0, 0, 0, 0, 0, 0
0, 0, 0, 0, 0, 0, 0
0, 0, 0, 0, 0, 0, 0
0, 0, 0, 0, 0, 0, 0
0, 0, 0, 0, 0, 0, 0
0, 0, 0, 0, 0, 0, 0
0, 0, 0, 0, 0, 0, 0
0, 0, 0, 0, 0, 0, 0
0, 0, 0, 0, 0, 0, 0
0, 0, 0, 0, 0, 0, 0
0, 0, 0, 0, 0, 0, 0
0, 0, 0, 0, 0, 0, 0
0, 0, 0, 0, 0, 0, 0
0, 0, 0, 0, 0, 0, 0
0, 0, 0, 0, 0, 0, 0
0, 0, 0, 0, 0, 0, 0
0, 0, 0, 0, 0, 0, 0
0, 0, 0, 0, 0, 0, 0
0, 0, 0, 0, 0, 0, 0
0, 0, 0, 0, 0, 0, 0
0, 0, 0, 0, 0, 0, 0
0, 0, 0, 0, 0, 0, 0
0, 0, 0, 0, 0, 0, 0
0, 0, 0, 0, 0, 0, 0
0, 0, 0, 0, 0, 0, 0
0, 0, 0, 0, 0, 0, 0
0, 0, 0, 0, 0, 0, 0
0, 0, 0, 0, 0, 0, 0
0, 0, 0, 0, 0, 0, 0
0, 0, 0, 0, 0, 0, 0
0, 0, 0, 0, 0, 0, 0
0, 0, 0, 0, 0, 0, 0
0, 0, 0, 0, 0, 0, 0
0, 0, 0, 0, 0, 0, 0
0, 0, 0, 0, 0, 0, 0
0, 0, 0, 0, 0, 0, 0
0, 0, 0, 0, 0, 0, 0
0, 0, 0, 0, 0, 0, 0
0, 0, 0, 0, 0, 0, 0
0, 0, 0, 0, 0, 0, 0
0, 0, 0, 0, 0, 0, 0
0, 0, 0, 0, 0, 0, 0
0, 0, 0, 0, 0, 0, 0
0, 0, 0, 0, 0, 0, 0
0, 0, 0, 0, 0, 0, 0
0, 0, 0, 0, 0, 0, 0
0, 0, 0, 0, 0, 0, 0
0, 0, 0, 0, 0, 0, 0
0, 0, 0, 0, 0, 0, 0
0, 0, 0, 0, 0, 0, 0
0, 0, 0, 0, 0, 0, 0
0, 0, 0, 0, 0, 0, 0
0, 0, 0, 0, 0, 0, 0
0, 0, 0, 0, 0, 0, 0
0, 0, 0, 0, 0, 0, 0
0, 0, 0, 0, 0, 0, 0
0, 0, 0, 0, 0, 0, 0
0, 0, 0, 0, 0, 0, 0
0, 0, 0, 0, 0, 0, 0
0, 0, 0, 0, 0, 0, 0
0, 0, 0, 0, 0, 0, 0
0, 0, 0, 0, 0, 0, 0
0, 0, 0, 0, 0, 0, 0
0, 0, 0, 0, 0, 0, 0
0, 0, 0, 0, 0, 0, 0
0, 0, 0, 0, 0, 0, 0
0, 0, 0, 0, 0, 0, 0
0, 0, 0, 0, 0, 0, 0
0, 0, 0, 0, 0, 0, 0
0, 0, 0, 0, 0, 0, 0
0, 0, 0, 0, 0, 0, 0
0, 0, 0, 0, 0, 0, 0
0, 0, 0, 0, 0, 0, 0
0, 0, 0, 0, 0, 0, 0
0, 0, 0, 0, 0, 0, 0
0, 0, 0, 0, 0, 0, 0
0, 0, 0, 0, 0, 0, 0
0, 0, 0, 0, 0, 0, 0
0, 0, 0, 0, 0, 0, 0
0, 0, 0, 0, 0, 0, 0
0, 0, 0, 0, 0, 0, 0
0, 0, 0, 0, 0, 0, 0
0, 0, 0, 0, 0, 0, 0
0, 0, 0, 0, 0, 0, 0
0, 0, 0, 0, 0, 0, 0
0, 0, 0, 0, 0, 0, 0
0, 0, 0, 0, 0, 0, 0
0, 0, 0, 0, 0, 0, 0
0, 0, 0, 0, 0, 0, 0
0, 0, 0, 0, 0, 0, 0
0, 0, 0, 0, 0, 0, 0
0, 0, 0, 0, 0, 0, 0
0, 0, 0, 0, 0, 0, 0
0, 0, 0, 0, 0, 0, 0
0, 0, 0, 0, 0, 0, 0
0, 0, 0, 0, 0, 0, 0
0, 0, 0, 0, 0, 0, 0
0, 0, 0, 0, 0, 0, 0
0, 0, 0, 0, 0, 0, 0
0, 0, 0, 0, 0, 0, 0
0, 0, 0, 0, 0, 0, 0
0, 0, 0, 0, 0, 0, 0
0, 0, 0, 0, 0, 0, 0
0, 0, 0, 0, 0, 0, 0
0, 0, 0, 0, 0, 0, 0
0, 0, 0, 0, 0, 0, 0
0, 0, 0, 0, 0, 0, 0
0, 0, 0, 0, 0, 0, 0
0, 0, 0, 0, 0, 0, 0
0, 0, 0, 0, 0, 0, 0
0, 0, 0, 0, 0, 0, 0
0, 0, 0, 0, 0, 0, 0
0, 0, 0, 0, 0, 0, 0
0, 0, 0, 0, 0, 0, 0
0, 0, 0, 0, 0, 0, 0
0, 0, 0, 0, 0, 0, 0
0, 0, 0, 0, 0, 0, 0
0, 0, 0, 0, 0, 0, 0
0, 0, 0, 0, 0, 0, 0
0, 0, 0, 0, 0, 0, 0
0, 0, 0, 0, 0, 0, 0
0, 0, 0, 0, 0, 0, 0
0, 0, 0, 0, 0, 0, 0
0, 0, 0, 0, 0, 0, 0
0, 0, 0, 0, 0, 0, 0
0, 0, 0, 0, 0, 0, 0
0, 0, 0, 0, 0, 0, 0
0, 0, 0, 0, 0, 0, 0
0, 0, 0, 0, 0, 0, 0
0, 0, 0, 0, 0, 0, 0
0, 0, 0, 0, 0, 0, 0
0, 0, 0, 0, 0, 0, 0
0, 0, 0, 0, 0, 0, 0
0, 0, 0, 0, 0, 0, 0
0, 0, 0, 0, 0, 0, 0
0, 0, 0, 0, 0, 0, 0
0, 0, 0, 0, 0, 0, 0
0, 0, 0, 0, 0, 0, 0
0, 0, 0, 0, 0, 0, 0
0, 0, 0, 0, 0, 0, 0
0, 0, 0, 0, 0, 0, 0
0, 0, 0, 0, 0, 0, 0
0, 0, 0, 0, 0, 0, 0
0, 0, 0, 0, 0, 0, 0
0, 0, 0, 0, 0, 0, 0
0, 0, 0, 0, 0, 0, 0
0, 0, 0, 0, 0, 0, 0
0, 0, 0, 0, 0, 0, 0
0, 0, 0, 0, 0, 0, 0
0, 0, 0, 0, 0, 0, 0
0, 0, 0, 0, 0, 0, 0
0, 0, 0, 0, 0, 0, 0
0, 0, 0, 0, 0, 0, 0
0, 0, 0, 0, 0, 0, 0
0, 0, 0, 0, 0, 0, 0
0, 0, 0, 0, 0, 0, 0
0, 0, 0, 0, 0, 0, 0
0, 0, 0, 0, 0, 0, 0
0, 0, 0, 0, 0, 0, 0
0, 0, 0, 0, 0, 0, 0
0, 0, 0, 0, 0, 0, 0
0, 0, 0, 0, 0, 0, 0
0, 0, 0, 0, 0, 0, 0
0, 0, 0, 0, 0, 0, 0
0, 0, 0, 0, 0, 0, 0
0, 0, 0, 0, 0, 0, 0
0, 0, 0, 0, 0, 0, 0
0, 0, 0, 0, 0, 0, 0
0, 0, 0, 0, 0, 0, 0
0, 0, 0, 0, 0, 0, 0
0, 0, 0, 0, 0, 0, 0
0, 0, 0, 0, 0, 0, 0
0, 0, 0, 0, 0, 0, 0
0, 0, 0, 0, 0, 0, 0
0, 0, 0, 0, 0, 0, 0
0, 0, 0, 0, 0, 0, 0
0, 0, 0, 0, 0, 0, 0
0, 0, 0, 0, 0, 0, 0
0, 0, 0, 0, 0, 0, 0
0, 0, 0, 0, 0, 0, 0
0, 0, 0, 0, 0, 0, 0
0, 0, 0, 0, 0, 0, 0
0, 0, 0, 0, 0, 0, 0
0, 0, 0, 0, 0, 0, 0
0, 0, 0, 0, 0, 0, 0
0, 0, 0, 0, 0, 0, 0
0, 0, 0, 0, 0, 0, 0
0, 0, 0, 0, 0, 0, 0
0, 0, 0, 0, 0, 0, 0
0, 0, 0, 0, 0, 0, 0
0, 0, 0, 0, 0, 0, 0
0, 0, 0, 0, 0, 0, 0
0, 0, 0, 0, 0, 0, 0
0, 0, 0, 0, 0, 0, 0
0, 0, 0, 0, 0, 0, 0
0, 0, 0, 0, 0, 0, 0
0, 0, 0, 0, 0, 0, 0
0, 0, 0, 0, 0, 0, 0
0, 0, 0, 0, 0, 0, 0
0, 0, 0, 0, 0, 0, 0
0, 0, 0, 0, 0, 0, 0
0, 0, 0, 0, 0, 0, 0
0, 0, 0, 0, 0, 0, 0
0, 0, 0, 0, 0, 0, 0
0, 0, 0, 0, 0, 0, 0
0, 0, 0, 0, 0, 0, 0
0, 0, 0, 0, 0, 0, 0
0, 0, 0, 0, 0, 0, 0
0, 0, 0, 0, 0, 0, 0
0, 0, 0, 0, 0, 0, 0
0, 0, 0, 0, 0, 0, 0
0, 0, 0, 0, 0, 0, 0
0, 0, 0, 0, 0, 0, 0
0, 0, 0, 0, 0, 0, 0
0, 0, 0, 0, 0, 0, 0
0, 0, 0, 0, 0, 0, 0
0, 0, 0, 0, 0, 0, 0
0, 0, 0, 0, 0, 0, 0
0, 0, 0, 0, 0, 0, 0
0, 0, 0, 0, 0, 0, 0
0, 0, 0, 0, 0, 0, 0
0, 0, 0, 0, 0, 0, 0
0, 0, 0, 0, 0, 0, 0
0, 0, 0, 0, 0, 0, 0
0, 0, 0, 0, 0, 0, 0
0, 0, 0, 0, 0, 0, 0
0, 0, 0, 0, 0, 0, 0
0, 0, 0, 0, 0, 0, 0
0, 0, 0, 0, 0, 0, 0
0, 0, 0, 0, 0, 0, 0
0, 0, 0, 0, 0, 0, 0
0, 0, 0, 0, 0, 0, 0
0, 0, 0, 0, 0, 0, 0
0, 0, 0, 0, 0, 0, 0
0, 0, 0, 0, 0, 0, 0
0, 0, 0, 0, 0, 0, 0
0, 0, 0, 0, 0, 0, 0
0, 0, 0, 0, 0, 0, 0
0, 0, 0, 0, 0, 0, 0
0, 0, 0, 0, 0, 0, 0
0, 0, 0, 0, 0, 0, 0
0, 0, 0, 0, 0, 0, 0
0, 0, 0, 0, 0, 0, 0
0, 0, 0, 0, 0, 0, 0
0, 0, 0, 0, 0, 0, 0
0, 0, 0, 0, 0, 0, 0
0, 0, 0, 0, 0, 0, 0
0, 0, 0, 0, 0, 0, 0
0, 0, 0, 0, 0, 0, 0
0, 0, 0, 0, 0, 0, 0
0, 0, 0, 0, 0, 0, 0
0, 0, 0, 0, 0, 0, 0
0, 0, 0, 0, 0, 0, 0
0, 0, 0, 0, 0, 0, 0
0, 0, 0, 0, 0, 0, 0
0, 0, 0, 0, 0, 0, 0
0, 0, 0, 0, 0, 0, 0
0, 0, 0, 0, 0, 0, 0
0, 0, 0, 0, 0, 0, 0
0, 0, 0, 0, 0, 0, 0
0, 0, 0, 0, 0, 0, 0
0, 0, 0, 0, 0, 0, 0
0, 0, 0, 0, 0, 0, 0
0, 0, 0, 0, 0, 0, 0
0, 0, 0, 0, 0, 0, 0
0, 0, 0, 0, 0, 0, 0
0, 0, 0, 0, 0, 0, 0
0, 0, 0, 0, 0, 0, 0
0, 0, 0, 0, 0, 0, 0
0, 0, 0, 0, 0, 0, 0
0, 0, 0, 0, 0, 0, 0
0, 0, 0, 0, 0, 0, 0
0, 0, 0, 0, 0, 0, 0
0, 0, 0, 0, 0, 0, 0
0, 0, 0, 0, 0, 0, 0
0, 0, 0, 0, 0, 0, 0
0, 0, 0, 0, 0, 0, 0
0, 0, 0, 0, 0, 0, 0
0, 0, 0, 0, 0, 0, 0
0, 0, 0, 0, 0, 0, 0
0, 0, 0, 0, 0, 0, 0
0, 0, 0, 0, 0, 0, 0
0, 0, 0, 0, 0, 0, 0
0, 0, 0, 0, 0, 0, 0
0, 0, 0, 0, 0, 0, 0
0, 0, 0, 0, 0, 0, 0
0, 0, 0, 0, 0, 0, 0
0, 0, 0, 0, 0, 0, 0
0, 0, 0, 0, 0, 0, 0
0, 0, 0, 0, 0, 0, 0
0, 0, 0, 0, 0, 0, 0
0, 0, 0, 0, 0, 0, 0
0, 0, 0, 0, 0, 0, 0
0, 0, 0, 0, 0, 0, 0
0, 0, 0, 0, 0, 0, 0
0, 0, 0, 0, 0, 0, 0
0, 0, 0, 0, 0, 0, 0
0, 0, 0, 0, 0, 0, 0
0, 0, 0, 0, 0, 0, 0
0, 0, 0, 0, 0, 0, 0
0, 0, 0, 0, 0, 0, 0
0, 0, 0, 0, 0, 0, 0
0, 0, 0, 0, 0, 0, 0
0, 0, 0, 0, 0, 0, 0
0, 0, 0, 0, 0, 0, 0
0, 0, 0, 0, 0, 0, 0
0, 0, 0, 0, 0, 0, 0
0, 0, 0, 0, 0, 0, 0
0, 0, 0, 0, 0, 0, 0
0, 0, 0, 0, 0, 0, 0
0, 0, 0, 0, 0, 0, 0
0, 0, 0, 0, 0, 0, 0
0, 0, 0, 0, 0, 0, 0
0, 0, 0, 0, 0, 0, 0
0, 0, 0, 0, 0, 0, 0
0, 0, 0, 0, 0, 0, 0
0, 0, 0, 0, 0, 0, 0
0, 0, 0, 0, 0, 0, 0
0, 0, 0, 0, 0, 0, 0
0, 0, 0, 0, 0, 0, 0
0, 0, 0, 0, 0, 0, 0
0, 0, 0, 0, 0, 0, 0
0, 0, 0, 0, 0, 0, 0
0, 0, 0, 0, 0, 0, 0
0, 0, 0, 0, 0, 0, 0
0, 0, 0, 0, 0, 0, 0
0, 0, 0, 0, 0, 0, 0
0, 0, 0, 0, 0, 0, 0
0, 0, 0, 0, 0, 0, 0
0, 0, 0, 0, 0, 0, 0
0, 0, 0, 0, 0, 0, 0
0, 0, 0, 0, 0, 0, 0
0, 0, 0, 0, 0, 0, 0
0, 0, 0, 0, 0, 0, 0
0, 0, 0, 0, 0, 0, 0
0, 0, 0, 0, 0, 0, 0
0, 0, 0, 0, 0, 0, 0
0, 0, 0, 0, 0, 0, 0
0, 0, 0, 0, 0, 0, 0
0, 0, 0, 0, 0, 0, 0
0, 0, 0, 0, 0, 0, 0
0, 0, 0, 0, 0, 0, 0
0, 0, 0, 0, 0, 0, 0
0, 0, 0, 0, 0, 0, 0
0, 0, 0, 0, 0, 0, 0
0, 0, 0, 0, 0, 0, 0
0, 0, 0, 0, 0, 0, 0
0, 0, 0, 0, 0, 0, 0
0, 0, 0, 0, 0, 0, 0
0, 0, 0, 0, 0, 0, 0
0, 0, 0, 0, 0, 0, 0
0, 0, 0, 0, 0, 0, 0
0, 0, 0, 0, 0, 0, 0
0, 0, 0, 0, 0, 0, 0
0, 0, 0, 0, 0, 0, 0
0, 0, 0, 0, 0, 0, 0
0, 0, 0, 0, 0, 0, 0
0, 0, 0, 0, 0, 0, 0
0, 0, 0, 0, 0, 0, 0
0, 0, 0, 0, 0, 0, 0
0, 0, 0, 0, 0, 0, 0
0, 0, 0, 0, 0, 0, 0
0, 0, 0, 0, 0, 0, 0
0, 0, 0, 0, 0, 0, 0
0, 0, 0, 0, 0, 0, 0
0, 0, 0, 0, 0, 0, 0
0, 0, 0, 0, 0, 0, 0
0, 0, 0, 0, 0, 0, 0
0, 0, 0, 0, 0, 0, 0
0, 0, 0, 0, 0, 0, 0
0, 0, 0, 0, 0, 0, 0
0, 0, 0, 0, 0, 0, 0
0, 0, 0, 0, 0, 0, 0
0, 0, 0, 0, 0, 0, 0
0, 0, 0, 0, 0, 0, 0
0, 0, 0, 0, 0, 0, 0
0, 0, 0, 0, 0, 0, 0
0, 0, 0, 0, 0, 0, 0
0, 0, 0, 0, 0, 0, 0
0, 0, 0, 0, 0, 0, 0
0, 0, 0, 0, 0, 0, 0
0, 0, 0, 0, 0, 0, 0
0, 0, 0, 0, 0, 0, 0
0, 0, 0, 0, 0, 0, 0
0, 0, 0, 0, 0, 0, 0
0, 0, 0, 0, 0, 0, 0
0, 0, 0, 0, 0, 0, 0
0, 0, 0, 0, 0, 0, 0
0, 0, 0, 0, 0, 0, 0
0, 0, 0, 0, 0, 0, 0
0, 0, 0, 0, 0, 0, 0
0, 0, 0, 0, 0, 0, 0
0, 0, 0, 0, 0, 0, 0
0, 0, 0, 0, 0, 0, 0
0, 0, 0, 0, 0, 0, 0
0, 0, 0, 0, 0, 0, 0
0, 0, 0, 0, 0, 0, 0
0, 0, 0, 0, 0, 0, 0
0, 0, 0, 0, 0, 0, 0
0, 0, 0, 0, 0, 0, 0
0, 0, 0, 0, 0, 0, 0
0, 0, 0, 0, 0, 0, 0
0, 0, 0, 0, 0, 0, 0
0, 0, 0, 0, 0, 0, 0
0, 0, 0, 0, 0, 0, 0
0, 0, 0, 0, 0, 0, 0
0, 0, 0, 0, 0, 0, 0
0, 0, 0, 0, 0, 0, 0
0, 0, 0, 0, 0, 0, 0
0, 0, 0, 0, 0, 0, 0
0, 0, 0, 0, 0, 0, 0
0, 0, 0, 0, 0, 0, 0
0, 0, 0, 0, 0, 0, 0
0, 0, 0, 0, 0, 0, 0
0, 0, 0, 0, 0, 0, 0
0, 0, 0, 0, 0, 0, 0
0, 0, 0, 0, 0, 0, 0
0, 0, 0, 0, 0, 0, 0
0, 0, 0, 0, 0, 0, 0
0, 0, 0, 0, 0, 0, 0
0, 0, 0, 0, 0, 0, 0
0, 0, 0, 0, 0, 0, 0
0, 0, 0, 0, 0, 0, 0
0, 0, 0, 0, 0, 0, 0
0, 0, 0, 0, 0, 0, 0
0, 0, 0, 0, 0, 0, 0
0, 0, 0, 0, 0, 0, 0
0, 0, 0, 0, 0, 0, 0
0, 0, 0, 0, 0, 0, 0
0, 0, 0, 0, 0, 0, 0
0, 0, 0, 0, 0, 0, 0
0, 0, 0, 0, 0, 0, 0
0, 0, 0, 0, 0, 0, 0
0, 0, 0, 0, 0, 0, 0
0, 0, 0, 0, 0, 0, 0
0, 0, 0, 0, 0, 0, 0
0, 0, 0, 0, 0, 0, 0
0, 0, 0, 0, 0, 0, 0
8.897371, 9.0458275, 9.25518, 9.541382, 9.7880819, 15.872548, 36.893046
8.902191499999999, 9.051009, 9.24934125, 9.4889084, 9.67144375, 10.86245933, 36.893046
8.89471575, 9.0408225, 9.252791, 9.516110000000001, 9.7106683, 10.957411079999996, 24.370709
8.887263, 9.037454, 9.238609, 9.4844393, 9.782297250000001, 14.41651684, 24.370709
8.898114249999999, 9.0521955, 9.259429999999998, 9.5506513, 9.7986111, 16.70684715, 52.853195
8.889197, 9.047678, 9.228933, 9.472662800000002, 9.70839665, 14.105136, 20.217992
8.890517500000001, 9.0290075, 9.2288145, 9.5001049, 9.740872, 15.87359139, 21.371576
8.874342, 9.021047, 9.224221, 9.5017058, 9.7335318, 16.362384, 32.855096
8.88579175, 9.049258, 9.247067249999999, 9.5228684, 9.76723305, 12.00640526999999, 36.893046
8.89799775, 9.0465915, 9.24981425, 9.529406400000001, 9.76471995, 14.69174642, 36.893046
8.88853275, 9.048293999999999, 9.24971575, 9.5016844, 9.729983050000001, 14.786283509999993, 52.853195
8.892629, 9.0281315, 9.227455749999999, 9.4832564, 9.69167665, 16.10139363, 23.303856
8.879111, 9.0369975, 9.228024999999999, 9.5160734, 9.8084078, 14.439473749999992, 32.855096
8.8958335, 9.049587, 9.24760625, 9.513154700000001, 9.748175, 10.801686, 24.370709
8.88743275, 9.0508515, 9.2375695, 9.5172411, 9.771748, 14.790880899999989, 32.855096
8.89673925, 9.0401665, 9.22745725, 9.571141, 9.817204, 16.397703, 23.303856
8.89479125, 9.028655, 9.23169925, 9.4720381, 9.75724995, 13.488560829999997, 32.855096
8.888704, 9.035674, 9.23299275, 9.5419321, 9.77488, 13.263291239999996, 52.853195
8.894347250000001, 9.05123, 9.23165525, 9.484295, 9.7180215, 14.432891989999998, 52.853195
8.890539, 9.036835499999999, 9.23341975, 9.4782156, 9.73433495, 10.953200729999999, 19.587514
8.88679025, 9.041944, 9.240076, 9.538613400000001, 9.84937515, 16.6032446, 20.217992
8.8962055, 9.035564, 9.235971, 9.4891103, 9.738284649999999, 14.905645829999994, 52.853195
8.89443725, 9.0391615, 9.24419925, 9.5336914, 9.800376649999999, 15.979274919999998, 36.893046
8.884675, 9.026568999999999, 9.23094325, 9.5173453, 9.8082, 13.739180339999997, 52.853195
8.897585, 9.0640745, 9.2583045, 9.565426, 9.80740865, 11.91519639, 24.370709
8.88273075, 9.028259, 9.226612, 9.5016844, 9.7350409, 14.733161439999998, 32.855096
8.86947525, 9.0031485, 9.1815945, 9.454415, 9.953168, 11.851856139999995, 37.448702
8.863883, 9.004136500000001, 9.1835115, 9.483876, 10.195553399999993, 12.40766944999999, 24.923449
8.7917915, 9.058911, 10.28719, 11.67009, 12.491305900000002, 14.831535, 26.889073
8.791982, 9.059024, 10.248715, 11.671120499999999, 12.3959, 14.873687, 26.889073
8.787271, 9.0650395, 10.254443, 11.646801, 12.366322600000002, 14.803997, 19.563106
8.7895155, 9.040512, 10.23402625, 11.617003, 12.3963321, 14.825049510000001, 19.563106
8.778689, 9.050169, 10.2179475, 11.623748, 12.395973549999999, 14.932840540000004, 26.889073
8.790397250000002, 9.0530215, 10.223674, 11.645967, 12.472246900000002, 14.938664710000003, 26.889073
8.799153500000001, 9.070536, 10.2582115, 11.624324800000002, 12.44415685, 14.995983, 26.889073
8.790794, 9.054096999999999, 10.179688, 11.6242382, 12.398149150000002, 15.021127, 26.889073
8.780967, 9.0697935, 10.261095, 11.6498139, 12.322292, 15.02119275, 26.889073
8.794337, 9.0636795, 10.283174, 11.67544, 12.457855500000003, 15.02119275, 26.889073
8.77512675, 9.0516295, 10.297639, 11.709575000000001, 12.5520433, 14.996521100000013, 26.889073
8.785174000000001, 9.0508185, 10.196923, 11.655258600000002, 12.524979, 14.902156220000009, 26.889073
8.78348725, 9.0415125, 10.190331, 11.646285300000002, 12.460371, 14.747010640000003, 26.889073
8.782399999999999, 9.048323, 10.202046000000001, 11.6047621, 12.381003800000002, 14.954554450000014, 19.563106
8.78383525, 9.045887, 10.209485, 11.6610979, 12.512688, 14.874276410000013, 19.393533
8.79273875, 9.059024, 10.18491925, 11.648901, 12.475551700000002, 14.83195652000001, 26.889073
8.79229175, 9.069861, 10.258465, 11.6736765, 12.512984800000002, 14.874276410000013, 19.563106
8.781816, 9.0446245, 10.2035555, 11.6366074, 12.4211503, 14.901789, 18.66297
8.787975, 9.066179, 10.2183605, 11.6489259, 12.462855, 15.054253, 26.889073
8.781061, 9.0483125, 10.268171, 11.70942, 12.476371, 14.815255450000002, 26.889073
8.78166975, 9.056819, 10.295383, 11.7024701, 12.3781671, 14.8012448, 26.889073
8.789424, 9.05885, 10.201259, 11.6015957, 12.4604952, 14.75754224000001, 18.865024
8.78408125, 9.0424155, 10.149175, 11.583886900000001, 12.425309250000002, 14.514947050000002, 19.563106
8.794028, 9.073531, 10.3198905, 11.662602, 12.4604952, 14.953882, 19.563106
8.7869285, 9.068193, 10.2216185, 11.661736400000002, 12.474753, 14.953882, 26.889073
8.78580275, 9.0503265, 10.212878499999999, 11.670656900000001, 12.44408265, 14.996234440000006, 26.889073
8.797145, 9.079817, 10.282819, 11.676140900000002, 12.50278965, 14.783422000000009, 18.677002
8.6476755, 9.086532, 10.7486395, 12.320620300000002, 13.957298149999998, 17.888042, 34.408771
8.796566, 9.075604, 10.282529, 11.665419900000003, 12.4908, 14.783233730000005, 18.865024
8.77705775, 9.042297, 10.2389475, 11.671120499999999, 12.490727, 14.902097390000007, 26.889073
8.789632749999999, 9.064307, 10.276278000000001, 11.7612965, 12.579819800000001, 15.463954, 19.393533
8.79422825, 9.053277, 10.280003500000001, 11.665227900000001, 12.502824150000002, 14.747010640000003, 26.889073
8.792301, 9.0507895, 10.25534175, 11.6387561, 12.436106, 14.822824, 26.889073
8.652307, 9.15773, 10.814858, 12.431333100000003, 13.86892189999999, 17.458345, 38.813544
8.638724, 9.0483945, 10.7602125, 12.412122100000001, 13.961357199999998, 18.05424255000003, 38.813544
8.640605, 9.137685, 10.78398825, 12.391700100000005, 13.840919649999996, 17.933244750000057, 38.813544
8.646251, 9.1230105, 10.7996065, 12.3563758, 13.983646, 17.708369, 38.404747
8.64398175, 9.1146745, 10.801870000000001, 12.4297544, 14.03573174999998, 17.483054, 38.813544
8.645567, 9.1295295, 10.857503000000001, 12.440256900000001, 14.126605449999994, 18.370511, 38.404747
8.649671, 9.172169, 10.8516985, 12.453737700000001, 14.009579149999999, 17.937987550000027, 38.813544
9.114416, 11.2620795, 14.03619, 17.268371600000002, 19.626229549999994, 25.268505750000013, 44.22794
10.185383, 12.836181, 16.710115, 21.325614, 24.13510975, 30.883902, 43.791491
10.200079, 12.810234, 16.701874, 21.131041900000007, 24.13510975, 30.87531297, 43.791491
10.200079, 12.818406, 16.60441725, 20.9024469, 23.805767249999995, 29.416936370000002, 43.791491
10.12147375, 12.852808, 16.619654500000003, 21.129636, 23.94933594999998, 29.513669, 40.498626
10.199998, 12.811687, 16.530818, 21.050064500000005, 23.688447399999976, 29.513669, 43.791491
8.785802499999999, 9.051623, 10.220714000000001, 11.6475, 12.511185499999982, 14.995361739999987, 119.3853829374846
8.786061, 9.047965, 10.199632, 11.649813900000002, 12.460371, 14.938567589999991, 26.889073
8.790431, 9.065575, 10.248715, 11.671892500000002, 12.539855, 14.953882, 26.889073
8.785015, 9.051636, 10.20198, 11.661097900000001, 12.479442899999992, 14.96492, 26.889073
8.780258, 9.046099, 10.189340999999999, 11.632023, 12.38156, 14.932686829999989, 26.889073
8.784949, 9.053013, 10.179688, 11.613494, 12.421048, 14.831956519999933, 26.889073
10.180833, 12.756395, 16.550734, 20.913181, 23.683124699999986, 29.612438, 118.94528216940407
11.03586475, 14.16381, 18.593503, 23.299377, 26.544751, 33.543702, 56.221419
11.032517, 14.185681500000001, 18.568209, 23.450319, 26.571101149999997, 33.402223, 56.221419
11.00677, 14.214367, 18.50660175, 23.274914, 26.412433549999996, 33.399947, 56.221419
11.144598, 14.368521999999999, 18.72872725, 23.552203, 26.576245599999986, 33.54381704000001, 56.221419
11.093626500000001, 14.2244205, 18.69474, 23.457003, 26.682458499999992, 34.670068, 56.221419
8.73107125, 9.082391, 10.547753, 12.042797, 13.16041, 16.615557690000006, 106.50155606568073
8.844348499999999, 9.013526, 9.277739, 10.408256, 11.470237, 13.334368, 119.6193130708413
8.872936, 9.013424, 9.195348, 9.468006, 9.870237, 12.007767, 103.91656530255625
8.869155, 9.011125499999999, 9.19454725, 9.481084599999997, 9.909883, 12.054451, 52.853195
8.870352, 9.011834, 9.1926, 9.466553, 9.884465, 11.970292, 52.853195
8.86930175, 9.011858, 9.195348, 9.462671199999999, 9.859969, 12.047984, 52.853195
8.843549, 9.009035, 9.270303, 10.385629300000002, 11.513672, 13.42742, 106.35543428175671
8.8450135, 9.013564, 9.276341, 10.412643799999998, 11.448593499999982, 13.252541, 37.448702
8.819315, 9.02395, 9.56798, 11.223831500000001, 12.087312, 14.45421, 35.734803
8.81703175, 9.021401, 9.56048, 11.189899399999998, 12.019579649999995, 14.337182, 37.448702
8.81831875, 9.024738, 9.579856, 11.194976299999999, 12.040927, 14.351984660000037, 37.448702
8.81643025, 9.026645, 9.590694, 11.204004, 12.018309, 14.423585600000013, 37.448702
8.819158, 9.025415, 9.576693, 11.183674, 11.993743799999981, 14.370469770000062, 37.448702
8.81759075, 9.022018, 9.54648, 11.173844599999999, 12.014736, 14.403852, 35.734803
8.81994, 9.02538, 9.579123, 11.223881, 12.074808, 14.423519, 37.448702
8.820406, 9.025491, 9.576882000000001, 11.221601, 12.04858114999999, 14.40390104000001, 37.448702
8.820787750000001, 9.030177, 9.571326, 11.20191, 12.041264399999989, 14.470914, 37.448702
8.819207500000001, 9.026044500000001, 9.57069525, 11.195717, 12.047997849999998, 14.449329, 35.734803
8.818851, 9.025366, 9.545586, 11.179579599999995, 12.037089149999991, 14.444678, 37.448702
8.819079, 9.025856, 9.586574, 11.23449, 12.081113, 14.370167, 37.448702
8.844865, 9.012095, 9.270338, 10.370942, 11.422840599999999, 13.219201, 37.448702
8.845182, 9.013604, 9.27142575, 10.388103799999998, 11.496633, 13.43207, 37.448702
8.843381, 9.010387999999999, 9.270579, 10.332976, 11.429182, 13.418787200000017, 37.448702
8.843875, 9.014486, 9.271881, 10.3841551, 11.459134, 13.241549030000023, 35.734803
8.843371, 9.010444, 9.269055, 10.396333599999997, 11.447339, 13.219315780000002, 37.448702
8.818953, 9.027297, 9.56048, 11.188802, 12.06346824999999, 14.514821, 37.448702
8.816727, 9.020942, 9.559855, 11.171048899999997, 12.020637, 14.45421, 37.448702
8.820874, 9.029989, 9.57998925, 11.178971, 12.032652, 14.44937781000001, 37.448702
8.819594, 9.028073, 9.576693, 11.228654, 12.097815, 14.400444, 37.448702
8.816998, 9.022543, 9.547324249999999, 11.184061, 12.053046, 14.470914, 37.448702
8.817448, 9.025546, 9.576693, 11.207532, 12.053046, 14.454377040000034, 37.448702
8.815933, 9.024018, 9.554175, 11.2074021, 12.048261, 14.408756, 37.448702
8.81959925, 9.020942, 9.552877, 11.214436, 12.056494, 14.400478080000008, 35.734803
8.816191, 9.0239225, 9.55809, 11.204142999999997, 12.040927, 14.331833030000011, 37.448702
8.8209835, 9.028413, 9.5679335, 11.190488, 12.065449, 14.337182, 35.487972
8.821209, 9.0289715, 9.577481, 11.185829, 12.050788, 14.49091, 37.448702
8.818745, 9.024018, 9.56048, 11.189314, 12.039395599999994, 14.449329, 37.448702
8.816163, 9.023867, 9.559671, 11.222647, 12.095369, 14.430179, 37.448702
8.819812, 9.028177, 9.579447, 11.202135, 12.041118, 14.331779, 37.448702
8.819209, 9.026155, 9.574153, 11.201885, 12.032652, 14.408756, 37.448702
8.81940975, 9.025121, 9.570323, 11.188802, 12.05683749999997, 14.454377040000034, 37.448702
8.815802, 9.025546, 9.5599425, 11.186035399999998, 12.041118, 14.444678, 37.448702
8.82134, 9.026533, 9.585005, 11.217369, 12.075123249999974, 14.400444, 37.448702
8.817909, 9.026533, 9.559717, 11.201779, 12.021870199999997, 14.400444, 37.448702
8.821011, 9.027902000000001, 9.577278, 11.2206195, 12.074808, 14.514821, 37.448702
8.788432, 9.050637, 10.238835, 11.659932, 12.457105, 14.953992380000022, 26.889073
8.788015, 9.053603, 10.243421, 11.651476, 12.440311, 14.932628, 26.889073
8.788431, 9.053087, 10.213862, 11.636392, 12.421048, 14.815179, 26.889073
8.790314, 9.0613335, 10.24276925, 11.659981799999999, 12.440311, 14.94417, 26.889073
8.785933, 9.053267, 10.200366, 11.648901, 12.469801, 14.944267120000019, 26.889073
8.789546, 9.058028, 10.23364975, 11.646801, 12.469801, 14.873687, 26.889073
8.78958475, 9.063528, 10.241081, 11.6489259, 12.465433, 15.239759, 26.889073
8.785754, 9.053467, 10.238835, 11.662042, 12.496195, 14.953882, 26.889073
8.785802, 9.051, 10.197856250000001, 11.629453, 12.443785, 14.901789, 26.889073
8.784399, 9.053201, 10.217979, 11.653518, 12.457105, 14.932686830000012, 26.889073
8.784519, 9.051, 10.2155, 11.654542, 12.460371, 14.901789, 26.889073
8.786566749999999, 9.050492, 10.217979, 11.636392, 12.444344, 14.932628, 26.889073
8.786413, 9.050419, 10.2155, 11.6475, 12.460371, 14.94417, 26.889073
8.786061, 9.053603, 10.22052, 11.642031, 12.397371, 14.873968020000058, 26.889073
8.784411, 9.0507895, 10.186704, 11.628587, 12.423094, 14.901789, 26.889073
8.784411, 9.051341, 10.227706, 11.640647, 12.443785, 14.953882, 26.889073
8.78854875, 9.053603, 10.242552, 11.647640099999998, 12.474753, 14.953882, 26.889073
8.78904, 9.061725, 10.247872, 11.669898, 12.476371, 15.049793, 26.889073
8.78651225, 9.063906, 10.236745, 11.6524776, 12.490727, 14.932628, 26.889073
8.785802, 9.051341, 10.22029575, 11.651476, 12.460371, 14.932628, 26.889073
8.786413, 9.053267, 10.212233, 11.649735, 12.436106, 14.932628, 26.889073
8.785038, 9.053049, 10.213862, 11.636587099999998, 12.457268299999987, 14.938511, 26.889073
8.78464, 9.050433, 10.215759, 11.625699, 12.424741, 14.932628, 26.889073
8.786584, 9.054016, 10.224222, 11.669898, 12.474753, 15.027702, 26.889073
8.784188, 9.05001, 10.215979, 11.646801, 12.426091, 14.822824, 26.889073
8.786584, 9.050433, 10.210548, 11.628587, 12.3959, 14.803997, 26.889073
8.78707, 9.05576, 10.23312, 11.660891, 12.478849, 14.932628, 26.889073
8.785803, 9.053467, 10.223651, 11.643486599999997, 12.439778, 14.824984, 26.889073
8.78383525, 9.049919, 10.20198, 11.6524776, 12.462855, 14.96492, 26.889073
8.78544825, 9.050234, 10.201259, 11.63261, 12.451222, 14.932628, 26.889073
8.784155, 9.050234, 10.210548, 11.638546, 12.443785, 14.824984, 26.889073
8.82175, 9.026535, 9.570597, 11.1830026, 12.021870199999997, 14.400478080000008, 35.487972
8.81934275, 9.025355, 9.574153, 11.204004, 12.063364, 14.44937781000001, 37.448702
8.816448, 9.025608, 9.580389, 11.226447199999997, 12.065449, 14.423519, 37.448702
8.821175, 9.025856, 9.596453, 11.256263, 12.037089149999991, 14.49091, 37.448702
8.81699675, 9.025546, 9.579628, 11.204004, 12.050800449999999, 14.45421, 35.734803
8.81981, 9.0239225, 9.55186125, 11.178971, 12.04093655, 14.488569, 37.448702
8.81934275, 9.0275965, 9.594238, 11.268099, 12.095369, 14.449329, 37.448702
8.820836, 9.031553, 9.5848635, 11.214436, 12.050800449999999, 14.449329, 37.448702
8.821238, 9.025577, 9.56798, 11.217019, 12.050788, 14.45421, 37.448702
8.81534775, 9.021806, 9.535198, 11.178971, 12.023483, 14.408756, 37.448702
8.816181, 9.024677, 9.576693, 11.177737, 12.019512, 14.400444, 37.448702
8.815296, 9.02388, 9.576693, 11.198484, 12.044046, 14.403852, 37.448702
8.816727, 9.024677, 9.554454750000001, 11.190488, 12.020637, 14.310223730000043, 37.448702
8.817391749999999, 9.02504, 9.576693, 11.1976407, 12.019512, 14.400444, 37.448702
8.818147, 9.0225665, 9.54852125, 11.175759, 12.018309, 14.45421, 37.448702
8.82105, 9.0248095, 9.579856, 11.207529, 12.051037, 14.444678, 37.448702
8.820489, 9.021408, 9.560951500000002, 11.189609, 12.018369149999995, 14.279507, 37.448702
8.820324, 9.024738, 9.56458, 11.204004, 12.050788, 14.430179, 37.448702
8.819315, 9.0278295, 9.58333925, 11.21404, 12.070902, 14.543281, 37.448702
8.81884825, 9.028751, 9.564933, 11.194894, 12.019524, 14.40390104000001, 37.448702
8.819315, 9.025415, 9.580166, 11.1888532, 12.023483, 14.444678, 37.448702
8.82147, 9.026395, 9.5572285, 11.187893, 12.041118, 14.408756, 37.448702
8.816191, 9.0209555, 9.554389, 11.187893, 12.018369149999995, 14.488569, 37.448702
8.821208, 9.023463, 9.580827, 11.217472, 12.053046, 14.430179, 37.448702
8.817139, 9.026662, 9.55520075, 11.2140796, 12.094422799999995, 14.470914, 37.448702
8.818851, 9.023976999999999, 9.576425, 11.214436, 12.050788, 14.49091, 37.448702
8.820901, 9.028509, 9.5679335, 11.201779, 12.063364, 14.648318, 37.448702
8.820552, 9.025065, 9.577278, 11.220849, 12.070982649999992, 14.430179, 37.448702
8.817056, 9.020726, 9.54909675, 11.178971, 12.011321699999984, 14.423519, 35.734803
8.84424475, 9.01298, 9.27354, 10.3978848, 11.487791049999991, 13.418787200000017, 37.448702
8.864438, 9.00201, 9.178678, 9.451873, 9.973715, 12.003089, 37.448702
8.866547, 9.003401, 9.182778, 9.4567853, 9.970956, 11.90322, 37.448702
8.86258, 9.000856, 9.179358, 9.443095, 9.949789, 11.913264409999986, 37.448702
8.84612275, 9.013282, 9.273134, 10.434017, 11.527535, 13.332781500000001, 37.448702
8.843901, 9.009219, 9.272444, 10.421798, 11.511295, 13.339423, 37.448702
8.841537, 9.009547, 9.268876, 10.405822, 11.435002, 13.216766650000006, 37.448702
8.84325325, 9.010454, 9.270338, 10.39813, 11.497068949999992, 13.341567, 37.448702
8.846933, 9.013224, 9.270244, 10.391114, 11.459161599999998, 13.334368, 37.448702
8.845868, 9.012867499999999, 9.272683, 10.384804, 11.4467161, 13.340764, 37.448702
8.84713, 9.014007, 9.272683, 10.407189, 11.45459, 13.332781500000001, 37.448702
8.84465725, 9.0151655, 9.271067500000001, 10.3648981, 11.400668699999999, 13.276067, 37.448702
8.841535, 9.008296, 9.266539, 10.354459, 11.447339, 13.34156957, 37.448702
8.820605, 9.025978, 9.579158249999999, 11.223826, 12.072566699999994, 14.370167, 35.487972
8.817448, 9.0253975, 9.560583000000001, 11.189314, 12.022596, 14.351801, 37.448702
8.822069, 9.027576, 9.57675, 11.182708, 11.992857199999996, 14.403852, 35.734803
8.84393, 9.013405, 9.27688025, 10.438186, 11.519848, 13.333336420000002, 37.448702
8.8448155, 9.010444, 9.27183, 10.3653447, 11.448593499999982, 13.30466502000002, 37.448702
8.843632, 9.010941, 9.268801, 10.367808, 11.423289, 13.439144, 37.448702
8.841535, 9.006185, 9.26135, 10.349096399999999, 11.39691365, 13.340292, 37.448702
8.841325, 9.009219, 9.270244, 10.422022, 11.526483849999996, 13.27607041, 37.448702
8.84608, 9.010332, 9.274297, 10.436713, 11.506604, 13.365146030000073, 35.734803
8.845596, 9.012867499999999, 9.271216, 10.414091, 11.465715, 13.21230184000001, 37.448702
8.84427, 9.010444, 9.2691795, 10.404798, 11.496633, 13.257823, 37.448702
8.843901, 9.013091, 9.276158, 10.391929899999997, 11.437169, 13.34156957, 37.448702
8.843632, 9.009902, 9.266933, 10.358777, 11.464006, 13.332776, 37.448702
8.845596, 9.010006, 9.27039825, 10.3892629, 11.455277, 13.220284, 37.448702
8.84832, 9.014781, 9.283406750000001, 10.447423, 11.527568549999998, 13.43207, 37.448702
8.844095, 9.014097, 9.281769, 10.430007199999999, 11.508999, 13.4187, 37.448702
8.8418195, 9.009172, 9.274639, 10.417561, 11.496633, 13.30457, 37.448702
8.847223, 9.010079, 9.268801, 10.39813, 11.447339, 13.341936520000024, 37.448702
8.84732775, 9.014781, 9.2719515, 10.396163, 11.506604, 13.530442, 37.448702
8.845868, 9.012025, 9.272433750000001, 10.414091, 11.493176, 13.332781500000001, 37.448702
8.846795, 9.012728, 9.280503, 10.470587, 11.549201799999999, 13.492655, 37.448702
8.846122, 9.0134495, 9.27959225, 10.419862, 11.480448, 13.463319, 37.448702
8.845176, 9.012658, 9.270891, 10.356471, 11.435002, 13.276408, 37.448702
8.843218, 9.008432, 9.266581, 10.369033, 11.464006, 13.334368, 37.448702
8.839894, 9.007771, 9.268876, 10.384804, 11.482062, 13.220284, 37.448702
8.84612275, 9.012261, 9.272515, 10.402380599999999, 11.480448, 13.276067, 37.448702
8.841465249999999, 9.006719, 9.261696, 10.339984, 11.459822299999988, 13.340764, 37.448702
8.817779, 9.027619, 9.570323, 11.220924199999999, 12.030261, 14.470914, 37.448702
8.818785, 9.024018, 9.562715, 11.197439, 12.027306, 14.44472451000001, 37.448702
8.82055425, 9.026608, 9.59239325, 11.217054, 12.04093655, 14.331779, 37.448702
8.820044, 9.025028500000001, 9.570013, 11.184237799999996, 12.03059654999997, 14.449329, 37.448702
8.785933, 9.056303, 10.218304, 11.649735, 12.492187, 14.938511, 26.889073
8.784536, 9.053013, 10.21686, 11.625987799999995, 12.457105, 14.824984, 26.889073
8.784751, 9.054306, 10.223743, 11.651476, 12.472115, 14.96492, 26.889073
8.78455625, 9.051623, 10.223743, 11.654542, 12.465433, 14.938511, 26.889073
8.784391750000001, 9.054016, 10.215759, 11.638343, 12.424808499999994, 14.932628, 26.889073
8.784536, 9.050942, 10.21686, 11.628587, 12.449738, 14.953882, 26.889073
8.785038, 9.059024, 10.254443, 11.671818, 12.490727, 14.901789, 26.889073
8.817281, 9.025546, 9.580498500000001, 11.214436, 12.050788, 14.543764580000099, 37.448702
8.81981, 9.025484, 9.5670035, 11.204004, 12.051137449999992, 14.351801, 37.448702
8.821417, 9.025546, 9.572926, 11.204004, 12.050788, 14.514821, 37.448702
8.819315, 9.026114, 9.569537, 11.1893435, 12.019524, 14.400444, 37.448702
8.817636, 9.025081, 9.579628, 11.195717, 12.048261, 14.408756, 35.734803
8.822026000000001, 9.027873, 9.574914, 11.188802, 12.014736, 14.430179, 37.448702
8.818858500000001, 9.0248095, 9.56978, 11.191552, 12.02812824999999, 14.33732819000003, 37.448702
8.820879, 9.025577, 9.587668, 11.201885, 12.053046, 14.400444, 37.448702
8.821063, 9.028647, 9.5668805, 11.191552, 12.036972, 14.444678, 35.734803
8.820605, 9.026418, 9.577668000000001, 11.217472, 12.070982649999992, 14.403852, 37.448702
8.81882625, 9.025856, 9.5666755, 11.201698, 12.055530699999995, 14.423519, 37.448702
8.81709275, 9.025457, 9.584916, 11.190488, 12.036972, 14.430179, 37.448702
8.81845, 9.023752, 9.560205, 11.1837047, 12.028016, 14.370167, 35.487972
8.819196, 9.023895, 9.56466825, 11.1896315, 12.053116249999993, 14.514947050000025, 37.448702
8.818851, 9.025521000000001, 9.56978, 11.183981, 12.028016, 14.527426, 35.734803
8.822164, 9.029467, 9.593747, 11.223086, 12.083278999999987, 14.43032399000003, 35.734803
8.820623000000001, 9.0258795, 9.57675, 11.214436, 12.053046, 14.310223730000043, 35.734803
8.819594, 9.0302495, 9.567918, 11.207388, 12.053046, 14.408903630000031, 35.734803
8.816398, 9.021415, 9.567918, 11.188802, 12.036972, 14.403852, 37.448702
8.820605, 9.028618, 9.567918, 11.1830026, 12.028016, 14.514947050000025, 37.448702
8.818595, 9.021923, 9.560205, 11.166731699999996, 11.986189, 14.310223730000043, 37.448702
8.822273, 9.025777, 9.580827, 11.20818279999999, 12.070982649999992, 14.33732819000003, 35.734803
8.820468250000001, 9.029805, 9.577278, 11.201885, 12.040927, 14.331779, 37.448702
8.816146, 9.024677, 9.560436500000002, 11.188802, 11.981207749999983, 14.163179740000002, 37.448702
8.818851, 9.021158, 9.556265, 11.193936399999998, 12.008106749999985, 14.444678, 37.448702
8.8183775, 9.026626, 9.56135, 11.178971, 12.030261, 14.400478080000008, 37.448702
8.817034, 9.0196705, 9.547241, 11.2140796, 12.063364, 14.33732819000003, 37.448702
8.81775, 9.026418, 9.574504, 11.1830026, 12.027306, 14.310223730000043, 37.448702
8.820874, 9.026896, 9.582407, 11.198484, 12.040927, 14.444678, 37.448702
8.819209, 9.0262855, 9.560217, 11.183981, 12.018309, 14.094339, 37.448702
8.820269, 9.024312, 9.566686, 11.220849, 12.087423699999992, 14.449329, 37.448702
8.819812, 9.025347, 9.554454750000001, 11.205834, 12.05548, 14.331779, 37.448702
8.818432, 9.024754, 9.57099, 11.189834, 12.050788, 14.44472451000001, 37.448702
8.81698575, 9.023395, 9.559608, 11.201779, 12.081113, 14.63232, 35.330604
8.820643, 9.028058, 9.58661275, 11.185829, 12.007947, 14.163847, 37.448702
8.784751, 9.05303, 10.217937, 11.654684, 12.462983899999989, 14.953882, 26.889073
8.7859005, 9.051623, 10.2292355, 11.638546, 12.440484699999985, 14.965230630000063, 26.889073
8.78722075, 9.054426, 10.243421, 11.672563, 12.502305, 14.94417, 26.889073
8.785803, 9.049619, 10.20749, 11.63261, 12.460371, 14.873687, 26.889073
8.790985, 9.064097, 10.248229, 11.64915, 12.439778, 14.873687, 26.889073
8.790949, 9.065472, 10.2588195, 11.657958, 12.454557, 14.901789, 26.889073
8.784399, 9.050234, 10.21895275, 11.680852, 12.512688, 14.953992380000022, 26.889073
8.788326999999999, 9.058169, 10.225062, 11.648901, 12.443812949999998, 14.873687, 26.889073
8.786741, 9.054306, 10.225062, 11.63261, 12.397371, 14.824984, 26.889073
8.785933, 9.0494175, 10.20749, 11.643211, 12.423094, 14.873687, 26.889073
8.785754, 9.05001, 10.218304, 11.64915, 12.474753, 14.938511, 26.889073
8.78464, 9.053013, 10.226674, 11.6524776, 12.462855, 14.824984, 26.889073
8.788897, 9.04926, 10.202244, 11.64915, 12.439778, 14.831535, 26.889073
8.817908, 9.025521000000001, 9.571326, 11.217472, 12.065449, 14.44937781000001, 37.448702
8.821063, 9.026395, 9.570323, 11.21404, 12.048465, 14.514821, 37.448702
8.817372, 9.021084, 9.56798, 11.205394, 12.040927, 14.351801, 37.448702
8.820018, 9.024791, 9.567577499999999, 11.205834, 12.04093655, 14.351801, 37.448702
8.81832025, 9.024677, 9.569537, 11.205989399999996, 12.089776099999987, 14.470914, 37.448702
8.815643, 9.017668, 9.55363075, 11.176076, 11.999339, 14.331779, 37.448702
8.822273, 9.030554500000001, 9.582407, 11.223826, 12.06346824999999, 14.470914, 37.448702
8.816227, 9.022782, 9.57099, 11.207532, 12.051037, 14.488569, 37.448702
8.816722500000001, 9.024055, 9.5668805, 11.190488, 12.019524, 14.403852, 35.734803
8.818935, 9.026119999999999, 9.584846, 11.191779799999997, 12.048261, 14.331833030000011, 37.448702
8.820605, 9.0249845, 9.5611675, 11.193936399999998, 12.041118, 14.430179, 37.448702
8.816722500000001, 9.022543, 9.552877, 11.217019, 12.083124, 14.527426, 35.487972
8.8183775, 9.025915000000001, 9.58493825, 11.162986299999993, 11.986205149999998, 14.408756, 37.448702
8.820555, 9.026111, 9.582748, 11.22872, 12.041118, 14.423585600000013, 35.734803
8.820632, 9.026125, 9.58552125, 11.197547, 12.04858114999999, 14.403852, 35.734803
8.815782, 9.025151, 9.572926, 11.187983899999999, 12.027306, 14.331779, 37.448702
8.819209, 9.024772500000001, 9.56048, 11.205438, 11.998386, 14.163173, 37.448702
8.819247, 9.02538, 9.554652, 11.185829, 12.055530699999995, 14.351801, 37.448702
8.8188685, 9.026699, 9.584048, 11.2150305, 12.055530699999995, 14.408903630000031, 37.448702
8.82010775, 9.02888, 9.58726675, 11.198484, 12.065697499999978, 14.49091, 37.448702
8.818595, 9.023808500000001, 9.55809, 11.202321899999998, 12.023674149999984, 14.400444, 37.448702
8.817393, 9.021325, 9.555003, 11.178971, 12.028016, 14.279507, 37.448702
8.819352, 9.026111, 9.572926, 11.201885, 12.06346824999999, 14.488569, 35.734803
8.819079, 9.0240385, 9.56458, 11.1976407, 12.048465, 14.403852, 37.448702
8.819352, 9.026119999999999, 9.594238, 11.217019, 12.087312, 14.423585600000013, 37.448702
8.819429, 9.025017, 9.569537, 11.189834, 12.047997849999998, 14.444678, 37.448702
8.817139, 9.025486, 9.559488, 11.189314, 12.055874199999964, 14.454377040000034, 35.734803
8.819315, 9.025546, 9.55037, 11.2074021, 12.022596, 14.189961, 37.448702
8.784536, 9.050492, 10.21853, 11.638343, 12.449738, 14.938511, 26.889073
8.786504, 9.050942, 10.209485, 11.648901, 12.449738, 14.953992380000022, 26.889073
8.786061, 9.0567575, 10.22807875, 11.657958, 12.424741, 14.831535, 26.889073
8.788432, 9.057887, 10.240888, 11.660993, 12.469801, 14.94417, 26.889073
8.790314, 9.061725, 10.254443, 11.662602, 12.449738, 14.901789, 26.889073
8.7909, 9.055168, 10.21423225, 11.646801, 12.436289599999984, 14.938511, 26.889073
8.785227, 9.0514865, 10.21806025, 11.643211, 12.454557, 14.873968020000058, 26.889073
8.785038, 9.054426, 10.214038, 11.638546, 12.436106, 14.873968020000058, 26.889073
8.788431, 9.05342, 10.227706, 11.643211, 12.462855, 14.932628, 26.889073
8.783767, 9.047965, 10.214815, 11.622074, 12.383578, 14.901789, 26.889073
8.789133249999999, 9.05303, 10.217937, 11.642031, 12.443785, 14.801217, 26.889073
8.784751, 9.0578155, 10.225062, 11.633763, 12.385381, 14.901789, 26.889073
8.784563, 9.046956, 10.2007385, 11.629453, 12.412934, 14.831535, 26.889073
8.78904, 9.059024, 10.229351, 11.629453, 12.462855, 14.901789, 26.889073
8.78856, 9.058798, 10.2307595, 11.654542, 12.443812949999998, 14.96492, 26.889073
8.783974500000001, 9.050942, 10.20749, 11.633203199999999, 12.444344, 14.94417, 26.889073
8.789227, 9.065288, 10.242552, 11.642939, 12.457105, 14.995983, 26.889073
8.784536, 9.05317, 10.23057675, 11.652362, 12.436106, 14.938511, 26.889073
8.78691, 9.050942, 10.220941, 11.646801, 12.439778, 14.938511, 26.889073
8.785038, 9.053013, 10.210548, 11.642939, 12.424741, 14.932628, 26.889073
8.787709, 9.054797, 10.245774, 11.653620399999998, 12.439804649999997, 14.824984, 26.889073
8.783448, 9.0505645, 10.21853, 11.6429662, 12.439778, 14.801217, 26.889073
8.786061, 9.055464, 10.227706, 11.651476, 12.460371, 14.94417, 26.889073
8.789892, 9.059038000000001, 10.245774, 11.642939, 12.457105, 14.803997, 26.889073
8.786029, 9.05303, 10.214815, 11.6475, 12.451222, 14.824984, 26.889073
8.785015, 9.050419, 10.253739, 11.675784, 12.502789649999997, 14.96492, 26.889073
8.785933, 9.050942, 10.220221, 11.638343, 12.3959, 14.901789, 26.889073
8.784411, 9.051341, 10.23364975, 11.662042, 12.424808499999994, 14.803997, 26.889073
8.786061, 9.05342, 10.217937, 11.633763, 12.460371, 14.953882, 26.889073
8.785754, 9.050433, 10.225062, 11.654684, 12.454557, 14.938511, 26.889073
8.75090125, 9.068545, 10.441711, 11.864256, 12.84792654999999, 16.10513273000001, 38.813544
8.7475405, 9.059202, 10.415598, 11.8405442, 12.783469, 16.108901, 38.813544
8.790425, 9.059082499999999, 10.223651, 11.643211, 12.436106, 14.944267120000019, 26.889073
8.78703, 9.053603, 10.215759, 11.623755, 12.444344, 14.873687, 26.889073
8.784751, 9.057737, 10.218304, 11.636392, 12.439778, 14.825049510000014, 26.889073
8.785522, 9.053467, 10.220221, 11.629453, 12.440311, 14.932628, 26.889073
8.786061, 9.056303, 10.240888, 11.648901, 12.451222, 14.94417, 26.889073
8.786584, 9.051, 10.220221, 11.6475, 12.439778, 14.822824, 26.889073
8.785227, 9.046309, 10.209485, 11.651476, 12.46049519999999, 14.96492, 26.889073
8.783204, 9.053087, 10.199381, 11.634025899999996, 12.443785, 14.94417, 26.889073
8.78437, 9.053603, 10.229351, 11.653620399999998, 12.465433, 14.932628, 26.889073
8.786504, 9.054306, 10.22052, 11.643486599999997, 12.457105, 15.049793, 26.889073
8.790397250000002, 9.058169, 10.241081, 11.651476, 12.465433, 15.027702, 26.889073
8.785015, 9.053267, 10.230541, 11.66043, 12.420386, 14.901789, 26.889073
8.784652, 9.04866, 10.218304, 11.64915, 12.46049519999999, 14.94417, 26.889073
8.78464, 9.05303, 10.215759, 11.625699, 12.412934, 14.831535, 26.889073
8.78437, 9.0540965, 10.223942, 11.650524, 12.465433, 14.938511, 26.889073
8.78437, 9.05268, 10.210208999999999, 11.633763, 12.423094, 14.783024, 26.889073
8.785754, 9.047762, 10.196923, 11.638343, 12.444344, 14.938511, 26.889073
8.78464, 9.053068, 10.196786, 11.638546, 12.423094, 14.822824, 26.889073
8.786217, 9.056303, 10.221427, 11.6468709, 12.469801, 14.953882, 26.889073
8.78437, 9.050234, 10.197348, 11.646801, 12.474833899999993, 15.021127, 26.889073
8.788897, 9.064032, 10.229197, 11.676102299999995, 12.502789649999997, 14.94417, 26.889073
8.784536, 9.053267, 10.210548, 11.629709999999996, 12.436106, 14.873687, 26.889073
8.744828, 9.058902, 10.407189, 11.849287, 12.815126, 16.225691, 38.813544
8.752991999999999, 9.067979, 10.458614, 11.886872799999997, 12.880009, 16.188181, 38.813544
8.750952250000001, 9.067699000000001, 10.414555, 11.870714, 12.815126, 16.101136770000007, 38.813544
8.745385, 9.059162, 10.417561, 11.875575, 12.888383, 16.222792, 38.813544
8.74901675, 9.067211, 10.4350225, 11.883341999999999, 12.860395, 16.268835, 38.404747
8.752325, 9.070638, 10.439172, 11.866529, 12.787973, 16.148672, 38.404747
8.745533, 9.069364, 10.412434999999999, 11.8590529, 12.824576, 16.225816000000027, 38.813544
8.7522, 9.074401, 10.45357625, 11.883024, 12.824576, 16.235698180000004, 38.813544
8.750757, 9.069861, 10.434318, 11.901503, 12.929052, 16.299997, 38.813544
8.748511, 9.06997, 10.417561, 11.866601399999999, 12.815489199999968, 16.068831, 38.813544
8.74527675, 9.065725, 10.413429, 11.879423, 12.815126, 16.222920810000023, 38.813544
8.750433, 9.068683, 10.428869, 11.849125, 12.80416, 16.268835, 38.813544
8.747178, 9.06636, 10.400709, 11.840771, 12.815126, 16.188181, 38.813544
8.75090125, 9.063969, 10.412334, 11.869781299999998, 12.845931, 16.125724200000008, 38.813544
8.74892725, 9.069861, 10.441233, 11.885589, 12.950067799999998, 16.285349, 38.813544
8.745495, 9.059925, 10.405275, 11.849287, 12.80572, 16.148672, 38.813544
8.75035, 9.069364, 10.424792, 11.882116, 12.90991, 16.188181, 38.813544
8.786741, 9.048185, 10.21853, 11.636392, 12.451388749999985, 14.938511, 26.889073
8.783877, 9.0484915, 10.221427, 11.642939, 12.436289599999984, 14.873687, 26.889073
8.784188, 9.048323, 10.20749, 11.617604, 12.397371, 14.822824, 26.889073
8.821175, 9.0286315, 9.592567, 11.226202, 12.074808, 14.527426, 37.448702
8.819812, 9.026114, 9.574504, 11.204004, 12.048465, 14.449329, 37.448702
8.846238249999999, 9.014781, 9.28864475, 10.444882599999998, 11.5065109, 13.30457, 37.448702
8.845618, 9.012495, 9.269067, 10.395316999999999, 11.51141384999999, 13.439144, 37.448702
8.843535, 9.0129305, 9.272536, 10.3892629, 11.436914849999999, 13.269339950000015, 37.448702
8.843967, 9.008261, 9.268992, 10.36117, 11.489505199999984, 13.276408, 37.448702
8.84272075, 9.013865, 9.273165, 10.408505399999996, 11.525513299999998, 13.4187, 37.448702
8.84397225, 9.011056499999999, 9.2691795, 10.395223, 11.5065109, 13.259494, 37.448702
8.84267575, 9.007463000000001, 9.267648999999999, 10.376392499999998, 11.447391799999995, 13.26841145, 37.448702
8.844581, 9.011834, 9.26978375, 10.391264799999998, 11.520638, 13.353076, 37.448702
8.84392275, 9.0089435, 9.26233, 10.3841551, 11.477152749999993, 13.206432, 37.448702
8.843575, 9.010887, 9.26881975, 10.377226299999997, 11.401031249999987, 13.314076700000001, 37.448702
8.843535, 9.013405, 9.271596, 10.382841, 11.509113799999989, 13.334368, 37.448702
8.84383, 9.009172, 9.26573, 10.376555799999997, 11.520638, 13.364793, 37.448702
8.844963, 9.0112635, 9.270579, 10.400870699999999, 11.497183899999992, 13.314072, 37.448702
8.843575, 9.00998, 9.271282750000001, 10.383096599999998, 11.422817, 13.339431690000001, 37.448702
8.84461975, 9.010941, 9.272813750000001, 10.425680299999994, 11.520729549999992, 13.332781500000001, 37.448702
8.8461955, 9.011834, 9.275012, 10.459155, 11.530138, 13.412486, 37.448702
8.8456125, 9.014027, 9.268795, 10.400709, 11.455469849999984, 13.208217, 37.448702
8.843149, 9.008198, 9.270579, 10.391187899999998, 11.489312, 13.314542, 37.448702
8.822857, 9.029071, 9.57512575, 11.205834, 12.05548, 14.44937781000001, 37.448702
8.819209, 9.024973, 9.55809, 11.205394, 12.05548, 14.331779, 37.448702
8.819244750000001, 9.022229, 9.563781, 11.173794, 11.992126, 14.132683300000005, 37.448702
8.819049, 9.025878, 9.56500625, 11.221705599999998, 12.030261, 14.408903630000031, 37.448702
8.819429, 9.026662, 9.579123, 11.197547, 12.014736, 14.33732819000003, 35.734803
8.817779, 9.024011, 9.560217, 11.195889199999998, 12.039395599999994, 14.444678, 37.448702
8.841013, 9.009301, 9.2722705, 10.4141374, 11.525775, 13.463324130000002, 37.448702
8.848316, 9.014723499999999, 9.277014, 10.401965699999995, 11.52577955, 13.463832, 37.448702
8.845596, 9.01283, 9.277248, 10.4058256, 11.504584899999994, 13.30466502000002, 37.448702
8.844948, 9.010952, 9.271596, 10.4051148, 11.496633, 13.276067, 37.448702
8.846795, 9.013564, 9.27142575, 10.406097799999996, 11.52331214999999, 13.219201, 37.448702
8.84165275, 9.009547, 9.26870125, 10.368355, 11.459822299999988, 13.259494, 37.448702
8.845891, 9.014073, 9.27269, 10.424614, 11.504532, 13.400096, 37.448702
8.843901, 9.0107945, 9.267745, 10.397869, 11.431941099999985, 13.32789585000001, 37.448702
8.846758000000001, 9.015759, 9.277116, 10.391853, 11.507019, 13.340772030000002, 37.448702
8.842357, 9.010006, 9.266933, 10.354660199999998, 11.464216849999993, 13.332776, 37.448702
8.846789, 9.013717, 9.273232, 10.391853, 11.431941099999985, 13.334368, 37.448702
8.84383, 9.010663000000001, 9.271216, 10.377226299999997, 11.419191, 13.269343360000015, 37.448702
8.84718325, 9.0149965, 9.280009, 10.389616099999998, 11.487791049999991, 13.339423, 37.448702
8.845868750000001, 9.01206, 9.273134, 10.392882099999996, 11.48164805, 13.276352030000057, 37.448702
8.865273, 9.0028115, 9.178994, 9.454521900000001, 9.952919, 11.922215, 35.734803
8.866158500000001, 9.002301, 9.178934, 9.445925, 9.956152, 12.003089, 37.448702
8.86510375, 9.003226, 9.179358, 9.457346, 10.030465, 12.054451, 37.448702
8.864984250000001, 9.00173, 9.176034, 9.454415, 10.003491, 11.932545, 37.448702
8.86566, 9.004875, 9.183431, 9.448525, 9.961836849999997, 12.007767, 37.448702
8.865273, 9.004527, 9.1768405, 9.443538800000002, 9.965311, 11.961167169999985, 37.448702
8.874167, 9.017765, 9.1993205, 9.48311, 9.881233, 12.328172, 37.448702
8.83596925, 9.016145999999999, 9.363352249999998, 10.898155, 11.762692300000001, 14.005584810000041, 89.30784657208048
8.830326, 9.016608999999999, 9.36908275, 10.902412, 11.771036699999998, 13.979637, 35.734803
8.831273, 9.0166575, 9.36656725, 10.8585342, 11.754904, 13.640735, 37.448702
8.833351, 9.0144475, 9.368777000000001, 10.8380624, 11.71097, 13.731675429999973, 37.448702
8.832809, 9.0154505, 9.37227875, 10.884661900000001, 11.761805, 13.979219, 37.448702
8.83524, 9.018132, 9.37610625, 10.8460413, 11.7750972, 13.787287, 37.448702
8.831363499999998, 9.018195, 9.38131175, 10.8869572, 11.78065595, 14.025349, 37.448702
8.830754, 9.015033, 9.38246125, 10.886900500000001, 11.815647749999998, 14.025519, 37.448702
8.832113499999998, 9.0165825, 9.3746335, 10.872134, 11.771622849999998, 14.054369, 37.448702
8.834833249999999, 9.022171, 9.3802995, 10.919722100000001, 11.832213, 14.005841, 35.734803
8.83509175, 9.018508, 9.382384, 10.870688900000001, 11.77408595, 13.862658499999995, 35.330604
8.83069175, 9.01462, 9.37526425, 10.8750177, 11.81141, 14.025519, 35.734803
8.832291999999999, 9.019657, 9.385595, 10.858317600000001, 11.6953439, 13.770154139999983, 37.448702
8.831698, 9.018671, 9.37331125, 10.8828875, 11.771622849999998, 13.586467669999983, 37.448702
8.831992, 9.018692000000001, 9.365283250000001, 10.881, 11.755004349999998, 13.942673719999961, 37.448702
8.829841250000001, 9.014475000000001, 9.36981275, 10.8353418, 11.716162349999998, 13.77010525999999, 37.448702
8.8296215, 9.012494499999999, 9.36140525, 10.878269, 11.761263, 13.749482, 37.448702
8.835756499999999, 9.0153505, 9.365284, 10.8748845, 11.770999849999999, 13.966936199999978, 35.734803
8.83725575, 9.024055, 9.375854, 10.8591005, 11.794418, 14.163847, 37.448702
8.83116175, 9.013141000000001, 9.36795225, 10.902352, 11.8255642, 14.06212647999992, 37.448702
8.83341325, 9.017639500000001, 9.371904500000001, 10.874133, 11.818499749999996, 13.979899039999959, 37.448702
8.83514175, 9.023533, 9.376036, 10.900453, 11.80116, 13.966930349999979, 37.448702
8.8353745, 9.0189715, 9.378601, 10.8869878, 11.778469549999993, 14.022859149999995, 37.448702
8.834742, 9.0172735, 9.374021500000001, 10.883057599999999, 11.80907285, 14.022834, 35.734803
8.8320465, 9.016510499999999, 9.36722475, 10.893439, 11.768566, 14.040122929999997, 35.734803
8.831297, 9.014692, 9.36429225, 10.838169500000001, 11.725659649999999, 14.112456159999986, 37.448702
8.831645, 9.0163345, 9.3708815, 10.894122, 11.763729, 14.022834, 37.448702
8.836511, 9.018693, 9.372371, 10.8833929, 11.826812599999997, 14.0253507, 37.448702
8.83672, 9.022974, 9.3758995, 10.9007071, 11.760221, 13.967387469999906, 37.448702
8.829306, 9.010754500000001, 9.3786255, 10.9018315, 11.875060099999999, 14.042294, 35.734803
8.8318725, 9.015861, 9.375827, 10.8379393, 11.8381167, 14.022859149999995, 37.448702
8.834357, 9.014009999999999, 9.36565925, 10.850822100000002, 11.754904, 13.775378, 37.448702
8.83022275, 9.014016999999999, 9.356344, 10.8068507, 11.737039849999999, 13.780336209999987, 37.448702
8.834774, 9.017196, 9.37371325, 10.844747, 11.749916, 13.605785989999932, 37.448702
8.835792, 9.018681, 9.39384875, 10.928556, 11.832113, 14.022975369999976, 37.448702
8.836142, 9.024414499999999, 9.3827615, 10.8987772, 11.816672649999997, 13.97922318, 37.448702
8.834951, 9.0183715, 9.377894999999999, 10.902952, 11.836978799999999, 14.040101, 37.448702
8.83408, 9.018489500000001, 9.382831249999999, 10.861619, 11.799996699999998, 13.98064811999993, 37.448702
8.834255, 9.017684, 9.382384, 10.883057599999999, 11.795208, 14.094722239999939, 37.448702
8.833141, 9.021241499999999, 9.38351775, 10.908232, 11.809925, 14.310006, 37.448702
8.836282500000001, 9.0166885, 9.387922, 10.919722100000001, 11.839379, 13.920834739999906, 37.448702
8.8310145, 9.016846, 9.354427, 10.864181900000002, 11.756911, 13.96692616999998, 35.734803
8.832291999999999, 9.015093499999999, 9.359259999999999, 10.852462, 11.739011599999994, 14.040122929999997, 35.734803
8.832058, 9.017007, 9.366982, 10.8868604, 11.831821, 13.80732958999991, 37.448702
8.829852, 9.013878, 9.35484675, 10.8428234, 11.74551075, 14.00603777999997, 37.448702
8.834622, 9.015861, 9.369764, 10.872407700000002, 11.768581, 13.806771, 37.448702
8.86309975, 9.003191, 9.17694125, 9.445925, 10.003537249999999, 11.938814470000004, 37.448702
8.86888725, 9.00472, 9.185661, 9.466553, 10.05733, 12.054451, 35.734803
8.866897999999999, 9.0024175, 9.179931, 9.445925, 9.920568, 11.932546299999998, 37.448702
8.864491, 9.003401, 9.175607, 9.459141, 9.969382, 11.89793043, 37.448702
8.86794025, 9.004557, 9.17524, 9.4402319, 9.997939, 11.958562, 37.448702
8.860929, 8.999, 9.17489, 9.442472, 9.956335899999997, 11.938615, 35.734803
8.86327925, 9.000264, 9.172687, 9.4425307, 9.949886249999999, 11.913174, 37.448702
8.86391575, 9.0015745, 9.16847925, 9.430714, 9.870382649999998, 11.89654, 35.734803
8.863783, 9.002033, 9.176435, 9.4359159, 9.913796399999994, 11.932546299999998, 35.734803
8.868778, 9.007407, 9.181369, 9.449547, 9.952919, 11.932734400000001, 37.448702
8.869538, 9.007661, 9.17932575, 9.459321500000001, 9.9920452, 12.047984, 37.448702
8.863342, 9.000226, 9.172599, 9.458287, 9.965311, 11.958587130000002, 35.734803
8.863328, 9.001231, 9.188074499999999, 9.4720368, 10.06491315, 12.222361, 37.448702
8.86566, 9.0063525, 9.190301250000001, 9.46945, 10.0297696, 12.170292940000012, 37.448702
8.868422, 9.00428, 9.174638000000002, 9.453209000000001, 9.95983, 12.07043996, 37.448702
8.866416, 9.004527, 9.178678, 9.448525, 9.95179325, 11.913264410000002, 37.448702
8.8708595, 9.009035, 9.17932575, 9.449816, 9.992691599999999, 11.89793043, 35.487972
8.860784500000001, 8.999788500000001, 9.179454750000001, 9.458363, 9.965311, 12.003089, 37.448702
8.86566, 9.004557, 9.18196275, 9.453075, 9.992345, 12.047984, 37.448702
8.869135, 9.005358999999999, 9.17870025, 9.4499572, 9.965311, 11.932675, 37.448702
8.868625, 9.00788, 9.183264750000001, 9.453209000000001, 9.973715, 11.938839600000005, 37.448702
8.86479, 9.001634, 9.17694125, 9.4344645, 9.927009, 12.07348752000002, 35.734803
8.866735, 9.003025, 9.174747, 9.4545219, 9.992345, 11.932546299999998, 37.448702
8.864668, 9.003191, 9.183255, 9.4607981, 9.980987, 12.008169170000007, 37.448702
8.868397250000001, 9.0031255, 9.1764525, 9.4591562, 9.92058795, 11.89793043, 35.330604
8.870708, 9.0049145, 9.178678, 9.4373278, 9.91344, 11.894863930000001, 37.448702
8.870076, 9.003908, 9.178972, 9.44578, 9.992691599999999, 11.913174, 37.448702
8.864473, 9.000016, 9.18347, 9.4589331, 10.003491, 12.070419, 35.734803
8.865974, 9.000985, 9.17524, 9.458363, 10.06491315, 11.903319540000002, 37.448702
8.8638735, 9.000893, 9.178934, 9.4499572, 9.969382, 12.054451, 37.448702
8.868716, 9.003801, 9.17653875, 9.444963, 9.969382, 11.970524530000006, 37.448702
8.864143, 9.004519, 9.18293975, 9.45891, 9.973715, 12.003089, 37.448702
8.873088500000001, 9.0191145, 9.2079405, 9.4982019, 9.85121, 12.810928830000002, 52.853195
8.77273975, 9.024343, 10.120448, 11.540720000000002, 12.291826, 14.801035069999996, 95.81218173371215
8.78900425, 9.047122, 10.147031, 11.619896, 12.398149150000002, 14.74159666, 26.889073
8.794458500000001, 9.060868, 10.277577, 11.682414300000001, 12.4604952, 14.83195652000001, 26.889073
8.785611, 9.043975, 10.15300875, 11.6197286, 12.383578, 15.049793, 26.889073
8.789595, 9.066282999999999, 10.285938, 11.619896, 12.4049616, 14.783233730000005, 26.889073
8.79120075, 9.071628, 10.279553, 11.6468709, 12.462855, 14.996234440000006, 26.889073
8.794337, 9.06962, 10.192526749999999, 11.613494, 12.424741, 14.873687, 26.889073
8.794417, 9.059052, 10.200285, 11.6407854, 12.4910004, 15.273403, 26.889073
8.78431625, 9.045481, 10.199837500000001, 11.618702300000004, 12.365706, 14.944267120000001, 19.393533
8.785754, 9.0523425, 10.2580705, 11.642424600000002, 12.440311, 14.663581240000012, 26.889073
8.78057825, 9.04926, 10.19978775, 11.650619200000001, 12.395973549999999, 14.815255450000002, 18.865024
8.788528, 9.058169, 10.220617, 11.559424000000002, 12.3781671, 14.953992380000003, 19.563106
8.782061, 9.066206, 10.220941, 11.651476, 12.478849, 14.757332510000007, 26.889073
8.774999999999999, 9.053889999999999, 10.186646249999999, 11.6604761, 12.4248085, 14.757073, 26.889073
8.7896125, 9.047965, 10.19068925, 11.6429662, 12.292161100000001, 14.783024, 26.889073
8.79049425, 9.0640015, 10.2721485, 11.695989400000002, 12.4404847, 15.537698600000011, 26.889073
8.78398575, 9.041503, 10.232459500000001, 11.665080800000002, 12.572307, 14.815179, 26.889073
8.78396975, 9.0449165, 10.159994, 11.6006854, 12.4204191, 14.783422000000009, 26.889073
8.78580275, 9.04568, 10.258596749999999, 11.650619200000001, 12.385906950000003, 14.736673190000001, 18.66297
8.78167, 9.049139499999999, 10.194815, 11.628673599999999, 12.375530000000001, 14.736673190000001, 26.889073
8.786564, 9.054412, 10.282606000000001, 11.623949399999999, 12.503486, 14.94417, 19.563106
8.785933, 9.050122, 10.222055749999999, 11.650925800000001, 12.460371, 14.736624, 19.563106
8.792047, 9.049919, 10.242462, 11.6421218, 12.534331650000002, 15.027922910000004, 26.889073
8.7930335, 9.070435, 10.282837, 11.652477600000001, 12.5027918, 14.938567590000002, 18.66297
8.785015, 9.043258, 10.190331, 11.6237487, 12.4699167, 14.783205930000003, 26.889073
8.792301, 9.055086, 10.246912, 11.671194999999999, 12.46987415, 15.093761, 26.889073
8.646301, 9.136702, 10.768044, 12.424528800000001, 14.016049449999986, 17.703598, 38.813544
8.641162, 9.1089295, 10.780169, 12.443403200000002, 14.009675749999996, 17.538447, 38.813544
8.64312, 9.137459, 10.7914005, 12.3610045, 13.976249349999971, 17.787040250000004, 38.813544
8.656678, 9.1567255, 10.83300125, 12.4477016, 14.093665699999995, 17.844506, 34.462112
8.638092, 9.111567, 10.799044, 12.305466, 13.84579695, 17.644975150000015, 38.813544
8.646682, 9.117321, 10.823630000000001, 12.470002500000001, 13.990885, 17.611796, 38.813544
8.633805, 9.087907000000001, 10.801870000000001, 12.345194, 13.849417849999998, 17.63035997000002, 38.404747
8.646251, 9.121547, 10.77017975, 12.3396087, 13.781799, 17.630312260000014, 38.404747
8.64355675, 9.139159, 10.75983375, 12.382462, 14.062594799999996, 17.844781120000004, 38.813544
8.650166, 9.126939, 10.8042355, 12.496899, 14.034630899999996, 17.63035997000002, 38.404747
8.64686075, 9.14324, 10.85147125, 12.530551, 14.08060959999999, 17.787040250000004, 38.813544
8.658952750000001, 9.148478, 10.887848250000001, 12.498776, 14.106944599999986, 17.844506, 38.813544
8.643217, 9.118227, 10.742042, 12.385053500000001, 13.907735299999999, 17.483054, 38.813544
8.6496615, 9.141327, 10.761857, 12.4237106, 14.015404799999995, 17.93096042000001, 38.813544
8.631210500000002, 9.088258, 10.7602125, 12.390487, 14.0626608, 18.211952, 38.404747
8.6480195, 9.114455, 10.806165, 12.342726, 13.854055399999993, 17.888381480000007, 38.813544
8.656273, 9.178566, 10.8072195, 12.402768, 13.866787349999997, 17.470363, 38.813544
8.641557, 9.101658, 10.821458, 12.352393, 13.961357199999998, 17.930662, 38.813544
8.65301575, 9.1328155, 10.789254249999999, 12.426093, 14.063921649999994, 17.787040250000004, 38.813544
8.652642, 9.127385, 10.846322, 12.442805, 13.968153399999988, 17.663793, 38.404747
8.64097325, 9.0513505, 10.758951, 12.444263, 14.062294, 17.888381480000007, 38.404747
8.6474265, 9.145338, 10.873141, 12.407502, 13.888502099999998, 17.483699230000013, 38.813544
8.649245, 9.1230105, 10.788585, 12.444253100000001, 14.057890799999997, 17.931884200000027, 38.813544
8.658511, 9.167596, 10.83873, 12.413974300000001, 13.916690449999997, 17.786971, 38.813544
8.640605, 9.114418, 10.720306, 12.329836, 14.015404799999995, 17.70922427000002, 38.813544
8.789503, 9.0602105, 10.220617, 11.609365, 12.383578, 15.27753, 26.889073
8.79567075, 9.070507, 10.222006, 11.670879900000001, 12.5252472, 15.095220980000033, 26.889073
8.7820085, 9.05342, 10.209485, 11.662602, 12.465651400000002, 15.239759, 18.865024
8.789554, 9.0567575, 10.20513275, 11.574359, 12.29874565, 14.902097390000007, 26.889073
8.784614, 9.067802, 10.22807875, 11.6489844, 12.503913750000002, 14.932628, 26.889073
8.790425, 9.067292, 10.285487999999999, 11.716342, 12.55172095, 14.74159666, 26.889073
8.80189975, 9.072692499999999, 10.242458749999999, 11.652477600000001, 12.480080850000006, 14.965768730000018, 26.889073
8.78361225, 9.05295, 10.20798875, 11.638894500000001, 12.55185425, 15.537698600000011, 19.393533
8.78453175, 9.05702, 10.296126, 11.6685741, 12.421300150000002, 14.823613650000018, 18.865024
8.7965745, 9.0623785, 10.2128345, 11.6626844, 12.533566, 15.09555742000004, 19.563106
8.647031, 9.1426225, 10.784825, 12.408338200000001, 14.057890799999997, 17.471135140000015, 38.813544
8.797687, 9.069317, 10.239348249999999, 11.673618, 12.496500500000002, 14.783024, 26.889073
8.7892095, 9.064032, 10.1748495, 11.6612363, 12.465767100000003, 14.831535, 26.889073
8.78493125, 9.044837, 10.14818125, 11.638573400000002, 12.47130655, 14.996521100000013, 26.889073
8.785696000000002, 9.032189, 10.205375, 11.725676700000001, 12.5733846, 15.027702, 19.563106
8.785015, 9.058976999999999, 10.268171, 11.673501700000005, 12.451679450000002, 14.939085720000012, 26.889073
8.77952, 9.0392205, 10.165603, 11.6197286, 12.439804650000001, 15.095220980000033, 19.563106
8.79648175, 9.0689765, 10.291059, 11.6726685, 12.472246900000002, 14.832604760000024, 26.889073
8.79741525, 9.066845, 10.32236125, 11.6790056, 12.478849, 14.815179, 19.563106
8.86660025, 9.0102, 9.163295250000001, 9.460443999999999, 9.919460649999994, 11.83972962999999, 35.487972
8.859181249999999, 8.998246, 9.1738355, 9.440509200000001, 9.985930999999997, 12.223784589999987, 37.448702
8.864984250000001, 9.004535, 9.191821, 9.466554299999999, 10.030114799999998, 11.898029969999996, 37.448702
8.862643, 9.007973, 9.17617625, 9.4625445, 10.073403, 12.3281949, 37.448702
8.863614, 9.0022515, 9.1740425, 9.4315061, 10.004487899999999, 11.898029969999996, 37.448702
8.86406225, 9.0008745, 9.18771225, 9.4425307, 9.966646199999992, 11.7617, 35.734803
8.8625545, 9.0036335, 9.1875375, 9.445208, 10.004487899999999, 11.932675, 35.734803
8.8714645, 9.004582, 9.18894725, 9.4574401, 10.069719299999996, 12.39087, 37.448702
8.874886, 9.0090985, 9.180891, 9.460784, 9.94641365, 11.895030269999996, 35.734803
8.785696000000002, 9.06378, 10.2316615, 11.663926100000001, 12.492715300000002, 14.825049510000001, 19.563106
8.786566749999999, 9.0527835, 10.159994, 11.5956407, 12.38552675, 15.239759, 19.563106
8.789987, 9.054177, 10.224222, 11.617035600000001, 12.397371, 14.932686830000002, 26.889073
8.783773, 9.0462445, 10.077824499999998, 11.568730600000002, 12.32918, 15.021853340000016, 19.563106
8.792047, 9.055901, 10.22975975, 11.66043, 12.368273, 14.75751444000001, 26.889073
8.785015, 9.049619, 10.203856250000001, 11.6421218, 12.4632023, 14.938567590000002, 26.889073
8.783368750000001, 9.040628, 10.18582075, 11.6015957, 12.472246900000002, 14.954554450000014, 19.393533
8.784399, 9.044077, 10.1863305, 11.607931, 12.318889, 14.944267120000001, 19.563106
8.7832695, 9.0455075, 10.217139750000001, 11.6332032, 12.4204191, 15.051692660000041, 26.889073
8.786217, 9.0798515, 10.197591, 11.654542, 12.605257900000005, 14.783205930000003, 18.865024
8.6470005, 9.142989, 10.830666, 12.429559500000002, 14.06229875, 17.888042, 34.462112
8.645088, 9.141965, 10.7602125, 12.3543703, 14.015086, 17.53935825000002, 38.813544
8.6495745, 9.10313, 10.720944, 12.347833, 13.726030399999987, 17.443412230000007, 38.813544
8.637882, 9.133789, 10.78780575, 12.4672637, 14.015701899999991, 17.793896, 38.813544
8.642493, 9.126984, 10.79312425, 12.480622100000001, 14.114345099999992, 17.709146020000016, 34.462112
8.646122, 9.1183175, 10.8084815, 12.3847517, 13.961266, 17.703598, 38.813544
8.653892, 9.1391065, 10.7947655, 12.3527275, 13.907735299999999, 17.844506, 38.813544
8.64299475, 9.1093425, 10.806109500000002, 12.4429497, 14.034355, 17.793896, 38.813544
8.6510885, 9.156649, 10.8355545, 12.459643, 14.0619102, 17.793979170000004, 34.462112
8.64317725, 9.106176999999999, 10.849925, 12.391037200000001, 13.94272, 17.844506, 38.813544
8.6497995, 9.1195465, 10.772138, 12.418864, 13.94272, 17.644577100000006, 38.813544
8.658079, 9.117625499999999, 10.742703500000001, 12.378146, 13.888358, 17.53935825000002, 38.404747
8.649238, 9.1556125, 10.858656250000001, 12.456485, 14.070622, 17.78608, 38.813544
8.6450085, 9.146244, 10.903165, 12.570868, 14.114345099999992, 17.939348100000057, 38.813544
8.650438, 9.142635, 10.837196, 12.356788, 14.027751549999996, 18.188937, 38.404747
8.642812500000002, 9.1118515, 10.8355545, 12.534885000000003, 14.158531049999999, 17.930662, 38.813544
8.6528865, 9.1426225, 10.84198, 12.447581, 14.027751549999996, 17.888042, 38.813544
8.64897175, 9.117625499999999, 10.830596, 12.517879000000004, 13.99554189999999, 17.483607930000012, 38.813544
8.637446, 9.1427955, 10.86154, 12.444263, 13.966578349999963, 17.802213, 38.813544
8.6441145, 9.110721, 10.787681, 12.385053500000001, 14.09346615, 18.211952, 38.813544
8.656677, 9.158509500000001, 10.86154, 12.561631600000004, 14.13822059999999, 18.054472700000034, 38.404747
8.64909, 9.120069, 10.770419, 12.382870700000002, 13.907735299999999, 17.802213, 38.813544
8.64962175, 9.147918, 10.82188975, 12.448175800000001, 13.86892189999999, 17.611796, 38.404747
8.655582, 9.185157, 10.88294275, 12.541176, 14.081794099999973, 18.212163610000005, 38.813544
8.641203, 9.1092715, 10.720458749999999, 12.3057306, 13.957298149999998, 17.458465180000005, 38.813544
8.64299475, 9.0858165, 10.831342, 12.394759, 13.951795, 17.47177733000003, 38.813544
8.668086749999999, 9.191596, 10.90356825, 12.541062, 14.113996249999998, 17.930662, 38.813544
8.662013, 9.135331, 10.85256025, 12.434019, 13.991081399999997, 17.78608, 38.404747
8.649129, 9.1083965, 10.729018499999999, 12.2782777, 13.95715, 17.420484050000002, 38.404747
8.646536, 9.112136, 10.76975, 12.460379800000002, 14.10506745, 17.80231987, 38.404747
8.649479999999999, 9.144375, 10.843635, 12.543128, 14.114345099999992, 17.872178240000004, 34.408771
8.6462945, 9.090716, 10.803248, 12.367258, 13.907798949999998, 18.189167150000003, 38.813544
8.65043375, 9.086952499999999, 10.77528, 12.403241400000002, 14.015404799999995, 18.052882, 38.813544
8.6435315, 9.1418715, 10.833509, 12.368346800000003, 13.94032, 17.547577, 38.813544
8.656474, 9.143499, 10.831240000000001, 12.4401122, 13.952062749999996, 17.664151120000007, 38.813544
8.64134125, 9.111909, 10.793105500000001, 12.436356, 13.994813, 18.05424255000003, 38.404747
8.643581, 9.097345, 10.80024925, 12.4265152, 14.0626608, 17.539180490000017, 38.813544
8.646662, 9.14294, 10.792518, 12.474779400000001, 13.940893749999992, 17.802213, 38.813544
8.645662, 9.086364, 10.832821, 12.444584900000002, 14.063569, 17.787040250000004, 38.813544
8.64738, 9.13779, 10.8237425, 12.459889800000001, 13.990885, 17.377305, 38.813544
8.649238, 9.095976, 10.817235, 12.4429497, 14.015404799999995, 17.538447, 38.404747
8.645567, 9.140626000000001, 10.78858425, 12.339353, 13.921681499999998, 17.70930744000002, 38.813544
8.64712475, 9.147013, 10.806109500000002, 12.534152500000003, 13.997065999999968, 18.189167150000003, 38.813544
8.64766575, 9.1300015, 10.80133275, 12.424355, 13.961357199999998, 17.872604440000014, 38.404747
8.664729, 9.1575095, 10.890927, 12.459889800000001, 14.127015849999994, 17.937063770000005, 38.813544
8.655955, 9.1023375, 10.721642, 12.418864, 14.062447999999998, 17.539180490000017, 38.813544
8.64317525, 9.122739, 10.805758, 12.474138, 14.057811, 17.483607930000012, 38.404747
8.649687, 9.128838, 10.829518, 12.382870700000002, 13.911605399999996, 17.538538300000003, 38.813544
8.642812500000002, 9.107828, 10.82233475, 12.556124, 14.224124649999988, 17.96142778000002, 38.813544
8.645996, 9.111417, 10.716549, 12.292975, 13.911351, 17.96142778000002, 38.813544
8.65440575, 9.136702, 10.79556125, 12.378786600000002, 13.907612, 17.458465180000005, 38.404747
8.646164, 9.066768, 10.742489, 12.413974300000001, 13.957355799999997, 17.937063770000005, 38.813544
8.647593, 9.118092, 10.78497725, 12.3658189, 13.846180249999994, 17.443412230000007, 38.813544
8.652538, 9.1422875, 10.792788250000001, 12.394759, 13.957298149999998, 17.704431730000017, 38.404747
8.656072, 9.190703, 10.89104125, 12.516471, 14.062120749999997, 18.32170004000001, 38.813544
8.64768, 9.1257315, 10.816554, 12.426686300000002, 14.063569, 17.78608, 38.404747
8.648044, 9.1388105, 10.80133275, 12.408001, 14.034630899999996, 17.458592090000007, 34.408771
8.64791425, 9.1455905, 10.837962, 12.4265521, 14.034630899999996, 17.888381480000007, 38.813544
8.6476755, 9.10919, 10.791028, 12.467728200000002, 14.071029949999996, 17.699644929999998, 38.813544
8.63867175, 9.069142, 10.719964749999999, 12.403241400000002, 14.059531149999998, 17.644383, 34.408771
8.649001, 9.120862500000001, 10.801294, 12.431678800000004, 14.0770436, 17.922076720000003, 38.813544
9.08964025, 11.186279, 13.988038, 17.130756, 19.714086, 25.607038, 44.22794
9.114972, 11.23235, 14.0085785, 17.460678, 19.874443449999998, 25.87248711000001, 44.22794
9.104616, 11.2177825, 13.960451, 17.2894733, 19.975911049999986, 26.559581, 38.509309
9.11906075, 11.258235, 14.07293, 17.400589, 19.89284954999999, 25.607038, 44.22794
9.115799, 11.2585625, 14.178637, 17.439015, 19.935798, 25.872567300000007, 44.22794
9.129629, 11.257344, 14.178623, 17.536532000000005, 19.89284954999999, 25.617047350000014, 44.22794
9.131306, 11.251128, 14.1428225, 17.540978, 20.01937, 26.227057190000018, 44.22794
9.13464775, 11.299447, 14.19560675, 17.304474, 19.718137, 25.908130130000025, 44.22794
9.119183, 11.2786625, 14.10699475, 17.379265, 19.801143949999954, 26.016247410000023, 44.22794
9.1239285, 11.279103, 14.225842, 17.764247400000002, 20.069782, 26.31293059000004, 40.625286
9.109217750000001, 11.251128, 14.12640575, 17.588238200000003, 20.088464, 26.311127, 40.625286
9.131255, 11.282887500000001, 14.092675499999999, 17.379379500000002, 19.927697349999995, 25.19979824000001, 44.22794
9.105079499999999, 11.292216, 14.064804, 17.400589, 19.892478999999994, 25.398104, 40.625286
9.086297, 11.269329500000001, 14.2534285, 17.75712, 20.122405499999992, 25.872219, 44.22794
9.08426225, 11.159738, 14.140952, 17.5587109, 20.251991, 26.508677560000002, 44.22794
9.112104, 11.2800045, 14.07592775, 17.456985300000003, 19.83876394999998, 25.46595706000003, 44.22794
9.103655499999999, 11.149756, 13.988038, 17.2373966, 19.667023549999996, 24.576239400000027, 40.625286
9.153584, 11.294372, 14.094805000000001, 17.398062900000014, 19.9729156, 25.101169370000015, 44.22794
9.129629, 11.2273725, 14.043998, 17.452695, 19.975955799999987, 24.987634, 44.22794
9.132405, 11.26261, 14.141160750000001, 17.419076000000004, 19.74558624999999, 26.559626190000003, 44.22794
9.1285555, 11.2786625, 14.097078999999999, 17.456101600000004, 20.02729095, 26.206309990000005, 44.22794
9.08426225, 11.122788, 13.900751499999998, 17.241367, 19.675896599999998, 25.171892, 44.22794
9.147268, 11.3122985, 14.123277000000002, 17.466592, 19.975074, 25.791337, 40.625286
9.104277999999999, 11.206194, 14.097078999999999, 17.542733000000005, 20.21464, 25.78762467000002, 44.22794
9.11546275, 11.306492, 13.995511, 17.287059000000003, 19.561492849999993, 25.617047350000014, 44.22794
9.083255, 11.282887500000001, 14.157047, 17.51518040000001, 19.991815, 25.616439, 44.22794
9.09683975, 11.173353500000001, 14.06527, 17.523028500000006, 19.927271, 25.678368970000026, 44.22794
9.125082, 11.261879, 14.096689, 17.292050000000003, 19.797086, 25.616439, 44.22794
9.105165, 11.178042, 13.98352, 17.364599, 19.667023549999996, 25.46558043000002, 44.22794
9.105487, 11.196635, 14.098249, 17.412054, 19.972802, 26.206309990000005, 44.22794
9.1013555, 11.231748, 14.014375, 17.361573, 19.874239, 25.872138, 44.22794
9.113882499999999, 11.323249, 14.18277675, 17.456985300000003, 20.019651849999995, 26.460815, 40.625286
9.105165, 11.2333875, 14.097078999999999, 17.351107, 19.91913649999996, 25.617047350000014, 39.815707
9.114482, 11.201254, 14.0253895, 17.440367, 19.783766099999973, 26.016247410000023, 44.22794
9.097254249999999, 11.259235499999999, 14.061389, 17.261471, 19.706871, 25.464532, 44.22794
9.114416, 11.241546, 14.094421, 17.270220200000004, 20.02381, 25.908130130000025, 44.22794
9.13528, 11.198598, 14.06563125, 17.2643104, 19.71428855, 25.786816660000003, 44.22794
9.11081125, 11.323568, 14.181125, 17.4411677, 19.935798, 26.491486, 44.22794
9.103855, 11.181069, 14.06808475, 17.448593, 19.975955799999987, 25.466659420000045, 44.22794
9.116537, 11.213756, 14.104613500000001, 17.299052, 19.759549299999986, 26.226208, 44.22794
9.14100525, 11.269655, 14.0071025, 17.3189096, 19.972802, 25.677274, 40.625286
9.116177, 11.271318, 13.994561, 17.4406565, 20.019433, 26.539462, 44.22794
9.075523, 11.163724, 14.071423, 17.287059000000003, 19.878328, 26.015162, 44.22794
9.115764, 11.306492, 14.18346, 17.562162, 19.819811, 26.123703, 40.625286
8.662525, 9.1649805, 10.77868775, 12.4189413, 13.921468, 17.436824, 38.813544
8.77644175, 9.030363000000001, 10.213906000000001, 11.647640100000002, 12.4211503, 15.0498376, 26.889073
8.88321175, 9.052291, 9.249728750000001, 9.5265937, 9.7721987, 16.65938649, 36.893046
8.88456825, 9.053185, 9.253069, 9.5235226, 9.76953925, 16.253665899999998, 24.370709
8.89306625, 9.042412500000001, 9.21975275, 9.474871, 9.775902, 16.7071092, 20.217992
0, 0, 0, 0, 0, 0, 0
0, 0, 0, 0, 0, 0, 0
0, 0, 0, 0, 0, 0, 0
0, 0, 0, 0, 0, 0, 0
0, 0, 0, 0, 0, 0, 0
0, 0, 0, 0, 0, 0, 0
0, 0, 0, 0, 0, 0, 0
0, 0, 0, 0, 0, 0, 0
0, 0, 0, 0, 0, 0, 0
0, 0, 0, 0, 0, 0, 0
0, 0, 0, 0, 0, 0, 0
0, 0, 0, 0, 0, 0, 0
0, 0, 0, 0, 0, 0, 0
0, 0, 0, 0, 0, 0, 0
0, 0, 0, 0, 0, 0, 0
0, 0, 0, 0, 0, 0, 0
0, 0, 0, 0, 0, 0, 0
0, 0, 0, 0, 0, 0, 0
0, 0, 0, 0, 0, 0, 0
0, 0, 0, 0, 0, 0, 0
0, 0, 0, 0, 0, 0, 0
0, 0, 0, 0, 0, 0, 0
0, 0, 0, 0, 0, 0, 0
0, 0, 0, 0, 0, 0, 0
0, 0, 0, 0, 0, 0, 0
0, 0, 0, 0, 0, 0, 0
0, 0, 0, 0, 0, 0, 0
0, 0, 0, 0, 0, 0, 0
0, 0, 0, 0, 0, 0, 0
0, 0, 0, 0, 0, 0, 0
0, 0, 0, 0, 0, 0, 0
0, 0, 0, 0, 0, 0, 0
0, 0, 0, 0, 0, 0, 0
0, 0, 0, 0, 0, 0, 0
0, 0, 0, 0, 0, 0, 0
0, 0, 0, 0, 0, 0, 0
0, 0, 0, 0, 0, 0, 0
0, 0, 0, 0, 0, 0, 0
0, 0, 0, 0, 0, 0, 0
0, 0, 0, 0, 0, 0, 0
0, 0, 0, 0, 0, 0, 0
0, 0, 0, 0, 0, 0, 0
0, 0, 0, 0, 0, 0, 0
0, 0, 0, 0, 0, 0, 0
0, 0, 0, 0, 0, 0, 0
0, 0, 0, 0, 0, 0, 0
0, 0, 0, 0, 0, 0, 0
0, 0, 0, 0, 0, 0, 0
0, 0, 0, 0, 0, 0, 0
0, 0, 0, 0, 0, 0, 0
0, 0, 0, 0, 0, 0, 0
0, 0, 0, 0, 0, 0, 0
0, 0, 0, 0, 0, 0, 0
0, 0, 0, 0, 0, 0, 0
0, 0, 0, 0, 0, 0, 0
0, 0, 0, 0, 0, 0, 0
0, 0, 0, 0, 0, 0, 0
0, 0, 0, 0, 0, 0, 0
0, 0, 0, 0, 0, 0, 0
0, 0, 0, 0, 0, 0, 0
0, 0, 0, 0, 0, 0, 0
0, 0, 0, 0, 0, 0, 0
0, 0, 0, 0, 0, 0, 0
0, 0, 0, 0, 0, 0, 0
0, 0, 0, 0, 0, 0, 0
0, 0, 0, 0, 0, 0, 0
0, 0, 0, 0, 0, 0, 0
0, 0, 0, 0, 0, 0, 0
0, 0, 0, 0, 0, 0, 0
0, 0, 0, 0, 0, 0, 0
0, 0, 0, 0, 0, 0, 0
0, 0, 0, 0, 0, 0, 0
0, 0, 0, 0, 0, 0, 0
0, 0, 0, 0, 0, 0, 0
0, 0, 0, 0, 0, 0, 0
0, 0, 0, 0, 0, 0, 0
0, 0, 0, 0, 0, 0, 0
0, 0, 0, 0, 0, 0, 0
0, 0, 0, 0, 0, 0, 0
0, 0, 0, 0, 0, 0, 0
0, 0, 0, 0, 0, 0, 0
0, 0, 0, 0, 0, 0, 0
0, 0, 0, 0, 0, 0, 0
0, 0, 0, 0, 0, 0, 0
0, 0, 0, 0, 0, 0, 0
0, 0, 0, 0, 0, 0, 0
0, 0, 0, 0, 0, 0, 0
0, 0, 0, 0, 0, 0, 0
0, 0, 0, 0, 0, 0, 0
0, 0, 0, 0, 0, 0, 0
0, 0, 0, 0, 0, 0, 0
0, 0, 0, 0, 0, 0, 0
0, 0, 0, 0, 0, 0, 0
0, 0, 0, 0, 0, 0, 0
0, 0, 0, 0, 0, 0, 0
0, 0, 0, 0, 0, 0, 0
0, 0, 0, 0, 0, 0, 0
0, 0, 0, 0, 0, 0, 0
0, 0, 0, 0, 0, 0, 0
0, 0, 0, 0, 0, 0, 0
0, 0, 0, 0, 0, 0, 0
0, 0, 0, 0, 0, 0, 0
0, 0, 0, 0, 0, 0, 0
0, 0, 0, 0, 0, 0, 0
0, 0, 0, 0, 0, 0, 0
0, 0, 0, 0, 0, 0, 0
0, 0, 0, 0, 0, 0, 0
0, 0, 0, 0, 0, 0, 0
0, 0, 0, 0, 0, 0, 0
0, 0, 0, 0, 0, 0, 0
0, 0, 0, 0, 0, 0, 0
0, 0, 0, 0, 0, 0, 0
0, 0, 0, 0, 0, 0, 0
0, 0, 0, 0, 0, 0, 0
0, 0, 0, 0, 0, 0, 0
0, 0, 0, 0, 0, 0, 0
0, 0, 0, 0, 0, 0, 0
0, 0, 0, 0, 0, 0, 0
0, 0, 0, 0, 0, 0, 0
0, 0, 0, 0, 0, 0, 0
0, 0, 0, 0, 0, 0, 0
0, 0, 0, 0, 0, 0, 0
0, 0, 0, 0, 0, 0, 0
0, 0, 0, 0, 0, 0, 0
0, 0, 0, 0, 0, 0, 0
0, 0, 0, 0, 0, 0, 0
0, 0, 0, 0, 0, 0, 0
0, 0, 0, 0, 0, 0, 0
0, 0, 0, 0, 0, 0, 0
0, 0, 0, 0, 0, 0, 0
0, 0, 0, 0, 0, 0, 0
0, 0, 0, 0, 0, 0, 0
0, 0, 0, 0, 0, 0, 0
0, 0, 0, 0, 0, 0, 0
0, 0, 0, 0, 0, 0, 0
0, 0, 0, 0, 0, 0, 0
0, 0, 0, 0, 0, 0, 0
0, 0, 0, 0, 0, 0, 0
0, 0, 0, 0, 0, 0, 0
0, 0, 0, 0, 0, 0, 0
0, 0, 0, 0, 0, 0, 0
0, 0, 0, 0, 0, 0, 0
0, 0, 0, 0, 0, 0, 0
0, 0, 0, 0, 0, 0, 0
0, 0, 0, 0, 0, 0, 0
0, 0, 0, 0, 0, 0, 0
0, 0, 0, 0, 0, 0, 0
0, 0, 0, 0, 0, 0, 0
0, 0, 0, 0, 0, 0, 0
0, 0, 0, 0, 0, 0, 0
0, 0, 0, 0, 0, 0, 0
0, 0, 0, 0, 0, 0, 0
0, 0, 0, 0, 0, 0, 0
0, 0, 0, 0, 0, 0, 0
0, 0, 0, 0, 0, 0, 0
0, 0, 0, 0, 0, 0, 0
0, 0, 0, 0, 0, 0, 0
0, 0, 0, 0, 0, 0, 0
0, 0, 0, 0, 0, 0, 0
0, 0, 0, 0, 0, 0, 0
0, 0, 0, 0, 0, 0, 0
0, 0, 0, 0, 0, 0, 0
0, 0, 0, 0, 0, 0, 0
0, 0, 0, 0, 0, 0, 0
0, 0, 0, 0, 0, 0, 0
0, 0, 0, 0, 0, 0, 0
0, 0, 0, 0, 0, 0, 0
0, 0, 0, 0, 0, 0, 0
0, 0, 0, 0, 0, 0, 0
0, 0, 0, 0, 0, 0, 0
0, 0, 0, 0, 0, 0, 0
0, 0, 0, 0, 0, 0, 0
0, 0, 0, 0, 0, 0, 0
0, 0, 0, 0, 0, 0, 0
0, 0, 0, 0, 0, 0, 0
0, 0, 0, 0, 0, 0, 0
0, 0, 0, 0, 0, 0, 0
0, 0, 0, 0, 0, 0, 0
0, 0, 0, 0, 0, 0, 0
0, 0, 0, 0, 0, 0, 0
0, 0, 0, 0, 0, 0, 0
0, 0, 0, 0, 0, 0, 0
0, 0, 0, 0, 0, 0, 0
0, 0, 0, 0, 0, 0, 0
0, 0, 0, 0, 0, 0, 0
0, 0, 0, 0, 0, 0, 0
0, 0, 0, 0, 0, 0, 0
0, 0, 0, 0, 0, 0, 0
0, 0, 0, 0, 0, 0, 0
0, 0, 0, 0, 0, 0, 0
0, 0, 0, 0, 0, 0, 0
0, 0, 0, 0, 0, 0, 0
0, 0, 0, 0, 0, 0, 0
0, 0, 0, 0, 0, 0, 0
0, 0, 0, 0, 0, 0, 0
0, 0, 0, 0, 0, 0, 0
0, 0, 0, 0, 0, 0, 0
0, 0, 0, 0, 0, 0, 0
0, 0, 0, 0, 0, 0, 0
0, 0, 0, 0, 0, 0, 0
0, 0, 0, 0, 0, 0, 0
0, 0, 0, 0, 0, 0, 0
0, 0, 0, 0, 0, 0, 0
0, 0, 0, 0, 0, 0, 0
0, 0, 0, 0, 0, 0, 0
0, 0, 0, 0, 0, 0, 0
0, 0, 0, 0, 0, 0, 0
0, 0, 0, 0, 0, 0, 0
0, 0, 0, 0, 0, 0, 0
0, 0, 0, 0, 0, 0, 0
0, 0, 0, 0, 0, 0, 0
0, 0, 0, 0, 0, 0, 0
0, 0, 0, 0, 0, 0, 0
0, 0, 0, 0, 0, 0, 0
0, 0, 0, 0, 0, 0, 0
0, 0, 0, 0, 0, 0, 0
0, 0, 0, 0, 0, 0, 0
0, 0, 0, 0, 0, 0, 0
0, 0, 0, 0, 0, 0, 0
0, 0, 0, 0, 0, 0, 0
0, 0, 0, 0, 0, 0, 0
0, 0, 0, 0, 0, 0, 0
0, 0, 0, 0, 0, 0, 0
0, 0, 0, 0, 0, 0, 0
0, 0, 0, 0, 0, 0, 0
0, 0, 0, 0, 0, 0, 0
0, 0, 0, 0, 0, 0, 0
0, 0, 0, 0, 0, 0, 0
0, 0, 0, 0, 0, 0, 0
0, 0, 0, 0, 0, 0, 0
0, 0, 0, 0, 0, 0, 0
0, 0, 0, 0, 0, 0, 0
0, 0, 0, 0, 0, 0, 0
0, 0, 0, 0, 0, 0, 0
0, 0, 0, 0, 0, 0, 0
0, 0, 0, 0, 0, 0, 0
0, 0, 0, 0, 0, 0, 0
0, 0, 0, 0, 0, 0, 0
0, 0, 0, 0, 0, 0, 0
0, 0, 0, 0, 0, 0, 0
0, 0, 0, 0, 0, 0, 0
0, 0, 0, 0, 0, 0, 0
0, 0, 0, 0, 0, 0, 0
0, 0, 0, 0, 0, 0, 0
0, 0, 0, 0, 0, 0, 0
0, 0, 0, 0, 0, 0, 0
0, 0, 0, 0, 0, 0, 0
0, 0, 0, 0, 0, 0, 0
0, 0, 0, 0, 0, 0, 0
0, 0, 0, 0, 0, 0, 0
0, 0, 0, 0, 0, 0, 0
0, 0, 0, 0, 0, 0, 0
0, 0, 0, 0, 0, 0, 0
0, 0, 0, 0, 0, 0, 0
0, 0, 0, 0, 0, 0, 0
0, 0, 0, 0, 0, 0, 0
0, 0, 0, 0, 0, 0, 0
0, 0, 0, 0, 0, 0, 0
0, 0, 0, 0, 0, 0, 0
0, 0, 0, 0, 0, 0, 0
0, 0, 0, 0, 0, 0, 0
0, 0, 0, 0, 0, 0, 0
0, 0, 0, 0, 0, 0, 0
0, 0, 0, 0, 0, 0, 0
0, 0, 0, 0, 0, 0, 0
0, 0, 0, 0, 0, 0, 0
0, 0, 0, 0, 0, 0, 0
0, 0, 0, 0, 0, 0, 0
0, 0, 0, 0, 0, 0, 0
0, 0, 0, 0, 0, 0, 0
0, 0, 0, 0, 0, 0, 0
0, 0, 0, 0, 0, 0, 0
0, 0, 0, 0, 0, 0, 0
0, 0, 0, 0, 0, 0, 0
0, 0, 0, 0, 0, 0, 0
0, 0, 0, 0, 0, 0, 0
0, 0, 0, 0, 0, 0, 0
0, 0, 0, 0, 0, 0, 0
0, 0, 0, 0, 0, 0, 0
0, 0, 0, 0, 0, 0, 0
0, 0, 0, 0, 0, 0, 0
0, 0, 0, 0, 0, 0, 0
0, 0, 0, 0, 0, 0, 0
0, 0, 0, 0, 0, 0, 0
0, 0, 0, 0, 0, 0, 0
0, 0, 0, 0, 0, 0, 0
0, 0, 0, 0, 0, 0, 0
0, 0, 0, 0, 0, 0, 0
0, 0, 0, 0, 0, 0, 0
0, 0, 0, 0, 0, 0, 0
0, 0, 0, 0, 0, 0, 0
0, 0, 0, 0, 0, 0, 0
0, 0, 0, 0, 0, 0, 0
0, 0, 0, 0, 0, 0, 0
0, 0, 0, 0, 0, 0, 0
0, 0, 0, 0, 0, 0, 0
0, 0, 0, 0, 0, 0, 0
0, 0, 0, 0, 0, 0, 0
0, 0, 0, 0, 0, 0, 0
0, 0, 0, 0, 0, 0, 0
0, 0, 0, 0, 0, 0, 0
0, 0, 0, 0, 0, 0, 0
0, 0, 0, 0, 0, 0, 0
0, 0, 0, 0, 0, 0, 0
0, 0, 0, 0, 0, 0, 0
0, 0, 0, 0, 0, 0, 0
0, 0, 0, 0, 0, 0, 0
0, 0, 0, 0, 0, 0, 0
0, 0, 0, 0, 0, 0, 0
0, 0, 0, 0, 0, 0, 0
0, 0, 0, 0, 0, 0, 0
0, 0, 0, 0, 0, 0, 0
0, 0, 0, 0, 0, 0, 0
0, 0, 0, 0, 0, 0, 0
0, 0, 0, 0, 0, 0, 0
0, 0, 0, 0, 0, 0, 0
0, 0, 0, 0, 0, 0, 0
0, 0, 0, 0, 0, 0, 0
0, 0, 0, 0, 0, 0, 0
0, 0, 0, 0, 0, 0, 0
0, 0, 0, 0, 0, 0, 0
0, 0, 0, 0, 0, 0, 0
0, 0, 0, 0, 0, 0, 0
0, 0, 0, 0, 0, 0, 0
0, 0, 0, 0, 0, 0, 0
0, 0, 0, 0, 0, 0, 0
0, 0, 0, 0, 0, 0, 0
0, 0, 0, 0, 0, 0, 0
0, 0, 0, 0, 0, 0, 0
0, 0, 0, 0, 0, 0, 0
0, 0, 0, 0, 0, 0, 0
0, 0, 0, 0, 0, 0, 0
0, 0, 0, 0, 0, 0, 0
0, 0, 0, 0, 0, 0, 0
0, 0, 0, 0, 0, 0, 0
0, 0, 0, 0, 0, 0, 0
0, 0, 0, 0, 0, 0, 0
0, 0, 0, 0, 0, 0, 0
0, 0, 0, 0, 0, 0, 0
0, 0, 0, 0, 0, 0, 0
0, 0, 0, 0, 0, 0, 0
0, 0, 0, 0, 0, 0, 0
0, 0, 0, 0, 0, 0, 0
0, 0, 0, 0, 0, 0, 0
0, 0, 0, 0, 0, 0, 0
0, 0, 0, 0, 0, 0, 0
0, 0, 0, 0, 0, 0, 0
0, 0, 0, 0, 0, 0, 0
0, 0, 0, 0, 0, 0, 0
0, 0, 0, 0, 0, 0, 0
0, 0, 0, 0, 0, 0, 0
0, 0, 0, 0, 0, 0, 0
0, 0, 0, 0, 0, 0, 0
0, 0, 0, 0, 0, 0, 0
0, 0, 0, 0, 0, 0, 0
0, 0, 0, 0, 0, 0, 0
0, 0, 0, 0, 0, 0, 0
0, 0, 0, 0, 0, 0, 0
0, 0, 0, 0, 0, 0, 0
0, 0, 0, 0, 0, 0, 0
0, 0, 0, 0, 0, 0, 0
0, 0, 0, 0, 0, 0, 0
0, 0, 0, 0, 0, 0, 0
0, 0, 0, 0, 0, 0, 0
0, 0, 0, 0, 0, 0, 0
0, 0, 0, 0, 0, 0, 0
0, 0, 0, 0, 0, 0, 0
0, 0, 0, 0, 0, 0, 0
0, 0, 0, 0, 0, 0, 0
0, 0, 0, 0, 0, 0, 0
0, 0, 0, 0, 0, 0, 0
0, 0, 0, 0, 0, 0, 0
0, 0, 0, 0, 0, 0, 0
0, 0, 0, 0, 0, 0, 0
0, 0, 0, 0, 0, 0, 0
0, 0, 0, 0, 0, 0, 0
0, 0, 0, 0, 0, 0, 0
0, 0, 0, 0, 0, 0, 0
0, 0, 0, 0, 0, 0, 0
0, 0, 0, 0, 0, 0, 0
0, 0, 0, 0, 0, 0, 0
0, 0, 0, 0, 0, 0, 0
0, 0, 0, 0, 0, 0, 0
0, 0, 0, 0, 0, 0, 0
0, 0, 0, 0, 0, 0, 0
0, 0, 0, 0, 0, 0, 0
0, 0, 0, 0, 0, 0, 0
0, 0, 0, 0, 0, 0, 0
0, 0, 0, 0, 0, 0, 0
0, 0, 0, 0, 0, 0, 0
0, 0, 0, 0, 0, 0, 0
0, 0, 0, 0, 0, 0, 0
0, 0, 0, 0, 0, 0, 0
0, 0, 0, 0, 0, 0, 0
0, 0, 0, 0, 0, 0, 0
0, 0, 0, 0, 0, 0, 0
0, 0, 0, 0, 0, 0, 0
0, 0, 0, 0, 0, 0, 0
0, 0, 0, 0, 0, 0, 0
0, 0, 0, 0, 0, 0, 0
0, 0, 0, 0, 0, 0, 0
0, 0, 0, 0, 0, 0, 0
0, 0, 0, 0, 0, 0, 0
0, 0, 0, 0, 0, 0, 0
0, 0, 0, 0, 0, 0, 0
0, 0, 0, 0, 0, 0, 0
0, 0, 0, 0, 0, 0, 0
0, 0, 0, 0, 0, 0, 0
0, 0, 0, 0, 0, 0, 0
0, 0, 0, 0, 0, 0, 0
0, 0, 0, 0, 0, 0, 0
0, 0, 0, 0, 0, 0, 0
0, 0, 0, 0, 0, 0, 0
0, 0, 0, 0, 0, 0, 0
0, 0, 0, 0, 0, 0, 0
0, 0, 0, 0, 0, 0, 0
0, 0, 0, 0, 0, 0, 0
0, 0, 0, 0, 0, 0, 0
0, 0, 0, 0, 0, 0, 0
0, 0, 0, 0, 0, 0, 0
0, 0, 0, 0, 0, 0, 0
0, 0, 0, 0, 0, 0, 0
0, 0, 0, 0, 0, 0, 0
0, 0, 0, 0, 0, 0, 0
0, 0, 0, 0, 0, 0, 0
0, 0, 0, 0, 0, 0, 0
0, 0, 0, 0, 0, 0, 0
0, 0, 0, 0, 0, 0, 0
0, 0, 0, 0, 0, 0, 0
0, 0, 0, 0, 0, 0, 0
0, 0, 0, 0, 0, 0, 0
0, 0, 0, 0, 0, 0, 0
0, 0, 0, 0, 0, 0, 0
0, 0, 0, 0, 0, 0, 0
0, 0, 0, 0, 0, 0, 0
0, 0, 0, 0, 0, 0, 0
0, 0, 0, 0, 0, 0, 0
0, 0, 0, 0, 0, 0, 0
0, 0, 0, 0, 0, 0, 0
0, 0, 0, 0, 0, 0, 0
0, 0, 0, 0, 0, 0, 0
0, 0, 0, 0, 0, 0, 0
0, 0, 0, 0, 0, 0, 0
0, 0, 0, 0, 0, 0, 0
0, 0, 0, 0, 0, 0, 0
0, 0, 0, 0, 0, 0, 0
0, 0, 0, 0, 0, 0, 0
0, 0, 0, 0, 0, 0, 0
0, 0, 0, 0, 0, 0, 0
0, 0, 0, 0, 0, 0, 0
0, 0, 0, 0, 0, 0, 0
0, 0, 0, 0, 0, 0, 0
0, 0, 0, 0, 0, 0, 0
0, 0, 0, 0, 0, 0, 0
0, 0, 0, 0, 0, 0, 0
0, 0, 0, 0, 0, 0, 0
0, 0, 0, 0, 0, 0, 0
0, 0, 0, 0, 0, 0, 0
0, 0, 0, 0, 0, 0, 0
0, 0, 0, 0, 0, 0, 0
0, 0, 0, 0, 0, 0, 0
0, 0, 0, 0, 0, 0, 0
0, 0, 0, 0, 0, 0, 0
0, 0, 0, 0, 0, 0, 0
0, 0, 0, 0, 0, 0, 0
0, 0, 0, 0, 0, 0, 0
0, 0, 0, 0, 0, 0, 0
0, 0, 0, 0, 0, 0, 0
0, 0, 0, 0, 0, 0, 0
0, 0, 0, 0, 0, 0, 0
0, 0, 0, 0, 0, 0, 0
0, 0, 0, 0, 0, 0, 0
0, 0, 0, 0, 0, 0, 0
0, 0, 0, 0, 0, 0, 0
0, 0, 0, 0, 0, 0, 0
0, 0, 0, 0, 0, 0, 0
0, 0, 0, 0, 0, 0, 0
0, 0, 0, 0, 0, 0, 0
0, 0, 0, 0, 0, 0, 0
0, 0, 0, 0, 0, 0, 0
0, 0, 0, 0, 0, 0, 0
0, 0, 0, 0, 0, 0, 0
0, 0, 0, 0, 0, 0, 0
0, 0, 0, 0, 0, 0, 0
0, 0, 0, 0, 0, 0, 0
0, 0, 0, 0, 0, 0, 0
0, 0, 0, 0, 0, 0, 0
0, 0, 0, 0, 0, 0, 0
0, 0, 0, 0, 0, 0, 0
0, 0, 0, 0, 0, 0, 0
0, 0, 0, 0, 0, 0, 0
0, 0, 0, 0, 0, 0, 0
0, 0, 0, 0, 0, 0, 0
0, 0, 0, 0, 0, 0, 0
0, 0, 0, 0, 0, 0, 0
0, 0, 0, 0, 0, 0, 0
0, 0, 0, 0, 0, 0, 0
0, 0, 0, 0, 0, 0, 0
0, 0, 0, 0, 0, 0, 0
0, 0, 0, 0, 0, 0, 0
0, 0, 0, 0, 0, 0, 0
0, 0, 0, 0, 0, 0, 0
0, 0, 0, 0, 0, 0, 0
0, 0, 0, 0, 0, 0, 0
0, 0, 0, 0, 0, 0, 0
0, 0, 0, 0, 0, 0, 0
0, 0, 0, 0, 0, 0, 0
0, 0, 0, 0, 0, 0, 0
0, 0, 0, 0, 0, 0, 0
0, 0, 0, 0, 0, 0, 0
0, 0, 0, 0, 0, 0, 0
0, 0, 0, 0, 0, 0, 0
0, 0, 0, 0, 0, 0, 0
0, 0, 0, 0, 0, 0, 0
0, 0, 0, 0, 0, 0, 0
0, 0, 0, 0, 0, 0, 0
0, 0, 0, 0, 0, 0, 0
0, 0, 0, 0, 0, 0, 0
0, 0, 0, 0, 0, 0, 0
0, 0, 0, 0, 0, 0, 0
0, 0, 0, 0, 0, 0, 0
0, 0, 0, 0, 0, 0, 0
0, 0, 0, 0, 0, 0, 0
0, 0, 0, 0, 0, 0, 0
0, 0, 0, 0, 0, 0, 0
0, 0, 0, 0, 0, 0, 0
0, 0, 0, 0, 0, 0, 0
0, 0, 0, 0, 0, 0, 0
0, 0, 0, 0, 0, 0, 0
0, 0, 0, 0, 0, 0, 0
0, 0, 0, 0, 0, 0, 0
0, 0, 0, 0, 0, 0, 0
0, 0, 0, 0, 0, 0, 0
0, 0, 0, 0, 0, 0, 0
0, 0, 0, 0, 0, 0, 0
0, 0, 0, 0, 0, 0, 0
0, 0, 0, 0, 0, 0, 0
0, 0, 0, 0, 0, 0, 0
0, 0, 0, 0, 0, 0, 0
0, 0, 0, 0, 0, 0, 0
0, 0, 0, 0, 0, 0, 0
0, 0, 0, 0, 0, 0, 0
0, 0, 0, 0, 0, 0, 0
0, 0, 0, 0, 0, 0, 0
0, 0, 0, 0, 0, 0, 0
0, 0, 0, 0, 0, 0, 0
0, 0, 0, 0, 0, 0, 0
0, 0, 0, 0, 0, 0, 0
0, 0, 0, 0, 0, 0, 0
0, 0, 0, 0, 0, 0, 0
0, 0, 0, 0, 0, 0, 0
0, 0, 0, 0, 0, 0, 0
0, 0, 0, 0, 0, 0, 0
0, 0, 0, 0, 0, 0, 0
0, 0, 0, 0, 0, 0, 0
0, 0, 0, 0, 0, 0, 0
0, 0, 0, 0, 0, 0, 0
0, 0, 0, 0, 0, 0, 0
0, 0, 0, 0, 0, 0, 0
0, 0, 0, 0, 0, 0, 0
0, 0, 0, 0, 0, 0, 0
0, 0, 0, 0, 0, 0, 0
0, 0, 0, 0, 0, 0, 0
0, 0, 0, 0, 0, 0, 0
0, 0, 0, 0, 0, 0, 0
0, 0, 0, 0, 0, 0, 0
0, 0, 0, 0, 0, 0, 0
0, 0, 0, 0, 0, 0, 0
0, 0, 0, 0, 0, 0, 0
0, 0, 0, 0, 0, 0, 0
0, 0, 0, 0, 0, 0, 0
0, 0, 0, 0, 0, 0, 0
0, 0, 0, 0, 0, 0, 0
0, 0, 0, 0, 0, 0, 0
0, 0, 0, 0, 0, 0, 0
0, 0, 0, 0, 0, 0, 0
0, 0, 0, 0, 0, 0, 0
0, 0, 0, 0, 0, 0, 0
0, 0, 0, 0, 0, 0, 0
0, 0, 0, 0, 0, 0, 0
0, 0, 0, 0, 0, 0, 0
0, 0, 0, 0, 0, 0, 0
0, 0, 0, 0, 0, 0, 0
0, 0, 0, 0, 0, 0, 0
0, 0, 0, 0, 0, 0, 0
0, 0, 0, 0, 0, 0, 0
0, 0, 0, 0, 0, 0, 0
0, 0, 0, 0, 0, 0, 0
0, 0, 0, 0, 0, 0, 0
0, 0, 0, 0, 0, 0, 0
0, 0, 0, 0, 0, 0, 0
0, 0, 0, 0, 0, 0, 0
0, 0, 0, 0, 0, 0, 0
0, 0, 0, 0, 0, 0, 0
0, 0, 0, 0, 0, 0, 0
0, 0, 0, 0, 0, 0, 0
0, 0, 0, 0, 0, 0, 0
0, 0, 0, 0, 0, 0, 0
0, 0, 0, 0, 0, 0, 0
0, 0, 0, 0, 0, 0, 0
0, 0, 0, 0, 0, 0, 0
0, 0, 0, 0, 0, 0, 0
0, 0, 0, 0, 0, 0, 0
0, 0, 0, 0, 0, 0, 0
0, 0, 0, 0, 0, 0, 0
0, 0, 0, 0, 0, 0, 0
0, 0, 0, 0, 0, 0, 0
0, 0, 0, 0, 0, 0, 0
0, 0, 0, 0, 0, 0, 0
0, 0, 0, 0, 0, 0, 0
0, 0, 0, 0, 0, 0, 0
0, 0, 0, 0, 0, 0, 0
0, 0, 0, 0, 0, 0, 0
0, 0, 0, 0, 0, 0, 0
0, 0, 0, 0, 0, 0, 0
0, 0, 0, 0, 0, 0, 0
0, 0, 0, 0, 0, 0, 0
0, 0, 0, 0, 0, 0, 0
0, 0, 0, 0, 0, 0, 0
0, 0, 0, 0, 0, 0, 0
0, 0, 0, 0, 0, 0, 0
0, 0, 0, 0, 0, 0, 0
0, 0, 0, 0, 0, 0, 0
0, 0, 0, 0, 0, 0, 0
0, 0, 0, 0, 0, 0, 0
0, 0, 0, 0, 0, 0, 0
0, 0, 0, 0, 0, 0, 0
0, 0, 0, 0, 0, 0, 0
0, 0, 0, 0, 0, 0, 0
0, 0, 0, 0, 0, 0, 0
0, 0, 0, 0, 0, 0, 0
0, 0, 0, 0, 0, 0, 0
0, 0, 0, 0, 0, 0, 0
0, 0, 0, 0, 0, 0, 0
0, 0, 0, 0, 0, 0, 0
0, 0, 0, 0, 0, 0, 0
0, 0, 0, 0, 0, 0, 0
0, 0, 0, 0, 0, 0, 0
0, 0, 0, 0, 0, 0, 0
0, 0, 0, 0, 0, 0, 0
0, 0, 0, 0, 0, 0, 0
0, 0, 0, 0, 0, 0, 0
0, 0, 0, 0, 0, 0, 0
0, 0, 0, 0, 0, 0, 0
0, 0, 0, 0, 0, 0, 0
0, 0, 0, 0, 0, 0, 0
0, 0, 0, 0, 0, 0, 0
0, 0, 0, 0, 0, 0, 0
0, 0, 0, 0, 0, 0, 0
0, 0, 0, 0, 0, 0, 0
0, 0, 0, 0, 0, 0, 0
0, 0, 0, 0, 0, 0, 0
0, 0, 0, 0, 0, 0, 0
0, 0, 0, 0, 0, 0, 0
0, 0, 0, 0, 0, 0, 0
0, 0, 0, 0, 0, 0, 0
0, 0, 0, 0, 0, 0, 0
0, 0, 0, 0, 0, 0, 0
0, 0, 0, 0, 0, 0, 0
0, 0, 0, 0, 0, 0, 0
0, 0, 0, 0, 0, 0, 0
0, 0, 0, 0, 0, 0, 0
0, 0, 0, 0, 0, 0, 0
0, 0, 0, 0, 0, 0, 0
0, 0, 0, 0, 0, 0, 0
0, 0, 0, 0, 0, 0, 0
0, 0, 0, 0, 0, 0, 0
0, 0, 0, 0, 0, 0, 0
0, 0, 0, 0, 0, 0, 0
0, 0, 0, 0, 0, 0, 0
0, 0, 0, 0, 0, 0, 0
0, 0, 0, 0, 0, 0, 0
0, 0, 0, 0, 0, 0, 0
0, 0, 0, 0, 0, 0, 0
0, 0, 0, 0, 0, 0, 0
0, 0, 0, 0, 0, 0, 0
0, 0, 0, 0, 0, 0, 0
0, 0, 0, 0, 0, 0, 0
0, 0, 0, 0, 0, 0, 0
0, 0, 0, 0, 0, 0, 0
0, 0, 0, 0, 0, 0, 0
0, 0, 0, 0, 0, 0, 0
0, 0, 0, 0, 0, 0, 0
0, 0, 0, 0, 0, 0, 0
0, 0, 0, 0, 0, 0, 0
0, 0, 0, 0, 0, 0, 0
0, 0, 0, 0, 0, 0, 0
0, 0, 0, 0, 0, 0, 0
0, 0, 0, 0, 0, 0, 0
0, 0, 0, 0, 0, 0, 0
0, 0, 0, 0, 0, 0, 0
0, 0, 0, 0, 0, 0, 0
0, 0, 0, 0, 0, 0, 0
0, 0, 0, 0, 0, 0, 0
0, 0, 0, 0, 0, 0, 0
0, 0, 0, 0, 0, 0, 0
0, 0, 0, 0, 0, 0, 0
0, 0, 0, 0, 0, 0, 0
0, 0, 0, 0, 0, 0, 0
0, 0, 0, 0, 0, 0, 0
0, 0, 0, 0, 0, 0, 0
0, 0, 0, 0, 0, 0, 0
0, 0, 0, 0, 0, 0, 0
0, 0, 0, 0, 0, 0, 0
0, 0, 0, 0, 0, 0, 0
0, 0, 0, 0, 0, 0, 0
0, 0, 0, 0, 0, 0, 0
0, 0, 0, 0, 0, 0, 0
0, 0, 0, 0, 0, 0, 0
0, 0, 0, 0, 0, 0, 0
0, 0, 0, 0, 0, 0, 0
0, 0, 0, 0, 0, 0, 0
0, 0, 0, 0, 0, 0, 0
0, 0, 0, 0, 0, 0, 0
0, 0, 0, 0, 0, 0, 0
0, 0, 0, 0, 0, 0, 0
0, 0, 0, 0, 0, 0, 0
0, 0, 0, 0, 0, 0, 0
0, 0, 0, 0, 0, 0, 0
0, 0, 0, 0, 0, 0, 0
0, 0, 0, 0, 0, 0, 0
0, 0, 0, 0, 0, 0, 0
0, 0, 0, 0, 0, 0, 0
0, 0, 0, 0, 0, 0, 0
0, 0, 0, 0, 0, 0, 0
0, 0, 0, 0, 0, 0, 0
0, 0, 0, 0, 0, 0, 0
0, 0, 0, 0, 0, 0, 0
0, 0, 0, 0, 0, 0, 0
0, 0, 0, 0, 0, 0, 0
0, 0, 0, 0, 0, 0, 0
0, 0, 0, 0, 0, 0, 0
0, 0, 0, 0, 0, 0, 0
0, 0, 0, 0, 0, 0, 0
0, 0, 0, 0, 0, 0, 0
0, 0, 0, 0, 0, 0, 0
0, 0, 0, 0, 0, 0, 0
0, 0, 0, 0, 0, 0, 0
0, 0, 0, 0, 0, 0, 0
0, 0, 0, 0, 0, 0, 0
0, 0, 0, 0, 0, 0, 0
0, 0, 0, 0, 0, 0, 0
0, 0, 0, 0, 0, 0, 0
0, 0, 0, 0, 0, 0, 0
0, 0, 0, 0, 0, 0, 0
0, 0, 0, 0, 0, 0, 0
0, 0, 0, 0, 0, 0, 0
0, 0, 0, 0, 0, 0, 0
0, 0, 0, 0, 0, 0, 0
0, 0, 0, 0, 0, 0, 0
0, 0, 0, 0, 0, 0, 0
0, 0, 0, 0, 0, 0, 0
0, 0, 0, 0, 0, 0, 0
0, 0, 0, 0, 0, 0, 0
0, 0, 0, 0, 0, 0, 0
0, 0, 0, 0, 0, 0, 0
0, 0, 0, 0, 0, 0, 0
0, 0, 0, 0, 0, 0, 0
0, 0, 0, 0, 0, 0, 0
0, 0, 0, 0, 0, 0, 0
0, 0, 0, 0, 0, 0, 0
0, 0, 0, 0, 0, 0, 0
0, 0, 0, 0, 0, 0, 0
0, 0, 0, 0, 0, 0, 0
0, 0, 0, 0, 0, 0, 0
0, 0, 0, 0, 0, 0, 0
0, 0, 0, 0, 0, 0, 0
0, 0, 0, 0, 0, 0, 0
0, 0, 0, 0, 0, 0, 0
0, 0, 0, 0, 0, 0, 0
0, 0, 0, 0, 0, 0, 0
0, 0, 0, 0, 0, 0, 0
0, 0, 0, 0, 0, 0, 0
0, 0, 0, 0, 0, 0, 0
0, 0, 0, 0, 0, 0, 0
0, 0, 0, 0, 0, 0, 0
0, 0, 0, 0, 0, 0, 0
0, 0, 0, 0, 0, 0, 0
0, 0, 0, 0, 0, 0, 0
0, 0, 0, 0, 0, 0, 0
0, 0, 0, 0, 0, 0, 0
0, 0, 0, 0, 0, 0, 0
0, 0, 0, 0, 0, 0, 0
0, 0, 0, 0, 0, 0, 0
0, 0, 0, 0, 0, 0, 0
0, 0, 0, 0, 0, 0, 0
0, 0, 0, 0, 0, 0, 0
0, 0, 0, 0, 0, 0, 0
0, 0, 0, 0, 0, 0, 0
0, 0, 0, 0, 0, 0, 0
0, 0, 0, 0, 0, 0, 0
0, 0, 0, 0, 0, 0, 0
0, 0, 0, 0, 0, 0, 0
0, 0, 0, 0, 0, 0, 0
0, 0, 0, 0, 0, 0, 0
0, 0, 0, 0, 0, 0, 0
0, 0, 0, 0, 0, 0, 0
0, 0, 0, 0, 0, 0, 0
0, 0, 0, 0, 0, 0, 0
0, 0, 0, 0, 0, 0, 0
0, 0, 0, 0, 0, 0, 0
0, 0, 0, 0, 0, 0, 0
0, 0, 0, 0, 0, 0, 0
0, 0, 0, 0, 0, 0, 0
0, 0, 0, 0, 0, 0, 0
0, 0, 0, 0, 0, 0, 0
0, 0, 0, 0, 0, 0, 0
0, 0, 0, 0, 0, 0, 0
0, 0, 0, 0, 0, 0, 0
0, 0, 0, 0, 0, 0, 0
0, 0, 0, 0, 0, 0, 0
0, 0, 0, 0, 0, 0, 0
0, 0, 0, 0, 0, 0, 0
0, 0, 0, 0, 0, 0, 0
0, 0, 0, 0, 0, 0, 0
0, 0, 0, 0, 0, 0, 0
0, 0, 0, 0, 0, 0, 0
0, 0, 0, 0, 0, 0, 0
0, 0, 0, 0, 0, 0, 0
8.893911000000001, 9.050276499999999, 9.244522, 9.4889084, 9.722706599999999, 14.607990789999999, 36.893046
8.895206, 9.048055999999999, 9.25043925, 9.5116438, 9.74944665, 10.882219979999999, 52.853195
8.882146500000001, 9.039905000000001, 9.244845, 9.5165711, 9.817646, 16.449208249999998, 36.893046
8.879449, 9.035082, 9.225338, 9.4890511, 9.7086902, 13.617861, 23.303856
8.885008500000001, 9.044883500000001, 9.256883, 9.5567031, 9.769548749999998, 14.679272429999992, 52.853195
8.89302, 9.03308, 9.2336925, 9.5125013, 9.7580177, 11.16183727, 36.893046
8.88914025, 9.0453625, 9.232376, 9.54314, 9.8073939, 16.18153611, 32.855096
8.89338275, 9.045168499999999, 9.23266975, 9.517206, 9.7341068, 12.021698129999976, 24.370709
8.875209, 9.0312075, 9.238287249999999, 9.5322063, 9.744832599999999, 14.902573969999995, 32.855096
8.891171, 9.0563085, 9.257477, 9.571862600000001, 9.814334, 16.102087609999998, 36.893046
8.902932250000001, 9.050314499999999, 9.23663875, 9.5075592, 9.776282, 11.091570159999968, 32.855096
8.88579175, 9.0454205, 9.23727, 9.5506151, 9.808244499999999, 13.91610324, 52.853195
8.87707625, 9.023894, 9.24263275, 9.5172905, 9.808448749999998, 16.03083744, 36.893046
8.888393, 9.042033, 9.24094425, 9.542294700000001, 9.76127315, 16.033884379999996, 52.853195
8.88995075, 9.041885, 9.2476985, 9.4936261, 9.708768749999999, 11.02185352, 22.552578
8.895088, 9.04685, 9.263207, 9.5590068, 9.80016605, 11.826349019999988, 36.893046
8.8721175, 9.03275, 9.24587575, 9.531831, 9.7640804, 16.035878299999993, 36.893046
8.87298575, 9.02623, 9.232686000000001, 9.5170717, 9.76821035, 16.098597, 24.370709
8.875077749999999, 9.0419445, 9.225831, 9.5112251, 9.778908, 14.693420859999998, 22.552578
8.8914825, 9.0545485, 9.2585425, 9.5121627, 9.7306821, 16.05114234, 23.303856
8.899733, 9.0563, 9.2421985, 9.516987, 9.7402657, 16.050663, 22.552578
8.89095525, 9.0471325, 9.2445345, 9.5284431, 9.7951645, 16.37845443, 52.853195
8.877067, 9.033997, 9.2383285, 9.4761755, 9.712771, 14.431153, 32.855096
8.8881835, 9.048534, 9.25043925, 9.5121627, 9.730478, 14.898931, 52.853195
8.883899750000001, 9.0492945, 9.26534525, 9.517274800000001, 9.779881, 14.607990789999999, 21.371576
8.88029525, 9.035045, 9.2263165, 9.486634800000001, 9.733164, 11.985652159999988, 52.853195
8.876343, 9.038048, 9.26821175, 9.5321959, 9.76070505, 13.491576569999994, 52.853195
8.890953750000001, 9.048453, 9.243016, 9.503669100000002, 9.723240800000001, 13.265078339999995, 19.645042
8.88070925, 9.033762, 9.22929575, 9.498262200000001, 9.7760805, 14.743940999999989, 23.303856
8.901109250000001, 9.041155, 9.22022675, 9.5191478, 9.67144375, 14.419118759999996, 52.853195
8.88774025, 9.036839, 9.214166, 9.483270300000001, 9.7694701, 13.485379, 19.645042
8.888725749999999, 9.0367, 9.21975775, 9.5070966, 9.734734, 14.433544179999998, 21.371576
8.893898, 9.045124999999999, 9.23080425, 9.4695068, 9.709213250000001, 14.60631635, 21.371576
8.88715, 9.042539999999999, 9.256936, 9.5655543, 9.8107008, 16.033475309999996, 52.853195
8.878587, 9.041462, 9.239749, 9.5506151, 9.8107008, 16.37851031, 52.853195
8.87949725, 9.0411215, 9.24287325, 9.547333400000001, 9.801855, 14.421194619999994, 22.552578
8.884263, 9.042718, 9.238963499999999, 9.5117074, 9.7223915, 13.487890559999999, 21.371576
8.887659750000001, 9.047668999999999, 9.236342, 9.49414, 9.711603049999999, 11.09785739, 19.587514
8.8905955, 9.048815000000001, 9.23081775, 9.496900799999999, 9.744857399999999, 16.706771850000003, 36.893046
8.884248, 9.0493245, 9.24772825, 9.535159, 9.809280099999999, 14.779568679999999, 24.370709
8.8762425, 9.042755499999998, 9.2395825, 9.484934500000001, 9.74860315, 14.391847, 20.217992
8.8771435, 9.032843, 9.2478185, 9.5042655, 9.7248027, 14.733161439999998, 32.855096
8.88863625, 9.0493245, 9.24352575, 9.5059872, 9.7238259, 13.922143069999994, 19.587514
8.87288675, 9.029694, 9.2312635, 9.4922968, 9.765831449999999, 13.743088119999994, 19.656824
8.8911365, 9.0513045, 9.25694975, 9.5423012, 9.77176545, 14.69174642, 36.893046
8.875077749999999, 9.0321935, 9.230026, 9.479795500000002, 9.73989055, 15.87359139, 32.855096
8.87368825, 9.041761999999999, 9.243016, 9.5319314, 9.802665750000001, 11.44299568, 32.855096
8.8943705, 9.050276499999999, 9.24318475, 9.5003083, 9.73661595, 16.05074345, 22.552578
8.873123249999999, 9.038778, 9.235944499999999, 9.5190604, 9.77404285, 16.10021293, 36.893046
8.89327475, 9.045735, 9.231357749999999, 9.4734295, 9.69739305, 14.39209222, 19.645042
8.873205, 9.026266, 9.2234415, 9.500246, 9.742672299999999, 15.575216489999995, 19.213916
8.88134175, 9.037696, 9.243496500000001, 9.52299, 9.7717942, 13.261468359999999, 32.855096
8.88227225, 9.044643, 9.23078, 9.503872500000002, 9.775921, 14.10601301, 20.217992
8.888327, 9.051927500000001, 9.247858, 9.524666999999999, 9.77823035, 14.451942559999997, 52.853195
8.88862575, 9.0333285, 9.224800250000001, 9.548448100000002, 9.78219935, 16.179549, 22.552578
8.886660000000001, 9.0405105, 9.24026375, 9.499107, 9.772097, 13.261468359999999, 36.893046
8.883222, 9.046616499999999, 9.257029249999999, 9.5109994, 9.7986111, 13.258511, 52.853195
8.87902175, 9.0365085, 9.250064, 9.5533128, 9.799459050000001, 16.109982679999998, 36.893046
8.889781, 9.045033, 9.22739125, 9.5011993, 9.723697450000001, 14.113073949999993, 36.893046
8.87570025, 9.0389695, 9.23224125, 9.5007736, 9.7301154, 13.920011019999997, 36.893046
8.886223, 9.0413635, 9.2263845, 9.4865405, 9.7134675, 14.74289760999999, 52.853195
8.8958215, 9.0454055, 9.22574475, 9.478094800000001, 9.692039, 10.842041549999998, 32.855096
8.878048999999999, 9.044540999999999, 9.235982, 9.5271132, 9.7349933, 16.05124169, 24.370709
8.882492, 9.036422, 9.23623275, 9.543772, 9.741030799999999, 16.36279307, 52.853195
8.88165, 9.039664, 9.25233625, 9.5267971, 9.741370649999999, 11.737343, 21.371576
8.899891, 9.050453, 9.24086325, 9.5387324, 9.775921, 15.263228, 23.303856
8.882636250000001, 9.0427575, 9.22722525, 9.4979868, 9.6926998, 11.011485200000001, 52.853195
8.896296750000001, 9.049144, 9.234194500000001, 9.4913097, 9.71925545, 16.253665899999998, 24.370709
8.8991145, 9.0525905, 9.2481455, 9.490067, 9.7043886, 14.432891989999998, 22.552578
8.8798025, 9.030294999999999, 9.22371375, 9.526314600000001, 9.764608, 13.748158959999989, 32.855096
8.88833975, 9.050111999999999, 9.243694, 9.5055714, 9.79982495, 14.108248329999997, 24.370709
8.88743275, 9.0404295, 9.24083025, 9.5015323, 9.757964249999999, 11.445830339999997, 52.853195
8.888016499999999, 9.0313975, 9.2227865, 9.5038492, 9.768423649999999, 13.72803882, 19.656824
8.87383975, 9.034796, 9.243698, 9.5103793, 9.775921, 14.105136, 36.893046
8.8773295, 9.0297415, 9.23718, 9.5079808, 9.792107499999998, 16.053780209999996, 52.853195
8.894310749999999, 9.0446135, 9.22962775, 9.5133236, 9.7640804, 14.67048174, 22.552578
8.890855, 9.0446635, 9.26018075, 9.5171619, 9.72914035, 14.108003109999997, 19.645042
8.87824025, 9.041765999999999, 9.2227655, 9.479081299999999, 9.7011959, 14.395243399999996, 23.303856
8.87855375, 9.0369545, 9.23564825, 9.495247, 9.716589, 13.811576899999991, 18.516134
0, 0, 0, 0, 0, 0, 0
0, 0, 0, 0, 0, 0, 0
0, 0, 0, 0, 0, 0, 0
0, 0, 0, 0, 0, 0, 0
0, 0, 0, 0, 0, 0, 0
0, 0, 0, 0, 0, 0, 0
0, 0, 0, 0, 0, 0, 0
0, 0, 0, 0, 0, 0, 0
0, 0, 0, 0, 0, 0, 0
0, 0, 0, 0, 0, 0, 0
0, 0, 0, 0, 0, 0, 0
0, 0, 0, 0, 0, 0, 0
0, 0, 0, 0, 0, 0, 0
0, 0, 0, 0, 0, 0, 0
0, 0, 0, 0, 0, 0, 0
0, 0, 0, 0, 0, 0, 0
0, 0, 0, 0, 0, 0, 0
0, 0, 0, 0, 0, 0, 0
0, 0, 0, 0, 0, 0, 0
0, 0, 0, 0, 0, 0, 0
0, 0, 0, 0, 0, 0, 0
0, 0, 0, 0, 0, 0, 0
0, 0, 0, 0, 0, 0, 0
0, 0, 0, 0, 0, 0, 0
0, 0, 0, 0, 0, 0, 0
0, 0, 0, 0, 0, 0, 0
0, 0, 0, 0, 0, 0, 0
0, 0, 0, 0, 0, 0, 0
0, 0, 0, 0, 0, 0, 0
0, 0, 0, 0, 0, 0, 0
0, 0, 0, 0, 0, 0, 0
0, 0, 0, 0, 0, 0, 0
0, 0, 0, 0, 0, 0, 0
0, 0, 0, 0, 0, 0, 0
0, 0, 0, 0, 0, 0, 0
0, 0, 0, 0, 0, 0, 0
0, 0, 0, 0, 0, 0, 0
0, 0, 0, 0, 0, 0, 0
0, 0, 0, 0, 0, 0, 0
0, 0, 0, 0, 0, 0, 0
0, 0, 0, 0, 0, 0, 0
0, 0, 0, 0, 0, 0, 0
0, 0, 0, 0, 0, 0, 0
0, 0, 0, 0, 0, 0, 0
0, 0, 0, 0, 0, 0, 0
0, 0, 0, 0, 0, 0, 0
0, 0, 0, 0, 0, 0, 0
0, 0, 0, 0, 0, 0, 0
0, 0, 0, 0, 0, 0, 0
0, 0, 0, 0, 0, 0, 0
0, 0, 0, 0, 0, 0, 0
0, 0, 0, 0, 0, 0, 0
8.87367425, 9.040264, 9.256856500000001, 9.556600699999999, 9.778639349999999, 16.37921852, 52.853195
8.886501500000001, 9.0346875, 9.228211, 9.4848449, 9.7684887, 13.24420404999999, 22.552578
8.8743185, 9.039059, 9.2402145, 9.529947, 9.79864965, 11.826349019999988, 21.371576
8.87743225, 9.041405999999998, 9.2505415, 9.5203682, 9.75773205, 13.559755889999995, 22.552578
8.89306625, 9.0337625, 9.233104, 9.50728, 9.75770215, 13.55488314, 32.855096
8.88188625, 9.035242, 9.233058, 9.5248243, 9.76473685, 14.452594749999998, 23.303856
8.8854415, 9.040976, 9.24050575, 9.520845699999999, 9.8395174, 15.977419659999999, 52.853195
8.896024, 9.047542499999999, 9.244522, 9.5181556, 9.787867299999998, 12.010963289999985, 22.552578
8.88685775, 9.041155, 9.25295725, 9.564668800000002, 9.800049, 12.009638469999988, 21.371576
8.877136, 9.043630499999999, 9.241565999999999, 9.511485200000001, 9.792107499999998, 14.91024321999999, 23.303856
8.87344675, 9.038251500000001, 9.24222525, 9.5017659, 9.766847, 13.560632899999995, 19.373624
8.8881305, 9.043093500000001, 9.24208175, 9.4885701, 9.7016465, 13.625600859999993, 21.371576
8.889731, 9.054245, 9.25379175, 9.4803516, 9.7341068, 14.736804409999994, 23.303856
8.8797275, 9.04615, 9.25181775, 9.5575118, 9.888850549999999, 16.26361493, 32.855096
8.88962825, 9.0540985, 9.25674025, 9.4973877, 9.70933975, 10.648423309999998, 52.853195
8.872470999999999, 9.027944, 9.229786, 9.4924157, 9.717907499999999, 13.728709089999999, 19.502914
8.8887555, 9.0393375, 9.24223275, 9.5176874, 9.772097, 10.97531348999998, 32.855096
8.896085750000001, 9.055343, 9.246532250000001, 9.5057111, 9.74944665, 16.10139363, 22.552578
8.88539025, 9.0424215, 9.2272105, 9.4827285, 9.70070845, 14.433544179999998, 52.853195
8.897337499999999, 9.05034, 9.256936, 9.5693196, 9.83913, 16.47539771, 36.893046
8.888997, 9.0454475, 9.2454295, 9.528586500000001, 9.807453149999999, 16.05114234, 24.370709
8.883121249999999, 9.040264, 9.243164499999999, 9.530930699999999, 9.7685258, 14.433544179999998, 24.370709
8.871169, 9.0380315, 9.237385, 9.510701800000001, 9.67838955, 11.546420729999985, 52.853195
8.88416925, 9.044719, 9.244131, 9.5363258, 9.798576, 15.575216489999995, 19.656824
8.87475375, 9.038501499999999, 9.23191525, 9.503910600000001, 9.708593449999999, 10.640734109999999, 22.552578
8.8801805, 9.0515045, 9.249909, 9.519093400000001, 9.7304536, 12.013937129999983, 32.855096
8.885318250000001, 9.0458745, 9.2569075, 9.4963963, 9.8132741, 16.26121194, 23.303856
8.88917625, 9.052162500000001, 9.258608500000001, 9.5727731, 9.8669877, 16.748617909999997, 24.370709
8.8764615, 9.040433499999999, 9.2454295, 9.5057507, 9.77885465, 12.00640526999999, 36.893046
8.89132875, 9.051181, 9.24411125, 9.4954072, 9.7091203, 13.736535, 20.217992
8.88859725, 9.040541000000001, 9.23764175, 9.510488900000002, 9.7017343, 13.574408669999983, 32.855096
8.883933, 9.042759499999999, 9.227209, 9.4988883, 9.725660849999999, 11.835779789999979, 52.853195
8.876223750000001, 9.029609, 9.244118499999999, 9.5208795, 9.740178, 13.554247, 23.303856
8.885581, 9.035674, 9.229745, 9.4883678, 9.71996235, 13.809837909999993, 21.371576
8.884923, 9.048580999999999, 9.243694999999999, 9.492802200000002, 9.7580177, 16.2536, 32.855096
8.88269575, 9.042539999999999, 9.246361, 9.5277261, 9.81783725, 16.750107289999995, 24.370709
8.876388500000001, 9.030362499999999, 9.250103000000001, 9.516110000000001, 9.724504, 14.90866716999999, 32.855096
8.888187250000001, 9.050314499999999, 9.229384, 9.5007939, 9.77454525, 11.829582219999985, 23.303856
8.8846505, 9.048167, 9.23421875, 9.520036, 9.78257865, 11.68220693, 24.370709
8.897393, 9.0458785, 9.22954775, 9.5192975, 9.74944565, 14.779568679999999, 32.855096
8.8846505, 9.044827000000002, 9.228287250000001, 9.4846491, 9.695163149999999, 11.987920839999985, 19.656824
8.8885155, 9.0342715, 9.2288145, 9.50642, 9.79690995, 15.875618009999997, 32.855096
8.881118, 9.038948999999999, 9.22588475, 9.50015, 9.78272815, 16.18153611, 19.656824
8.890817, 9.0404655, 9.25329125, 9.5541651, 9.810516049999999, 16.44976985, 52.853195
8.88004125, 9.0408095, 9.22019075, 9.4723366, 9.6993366, 13.260779679999999, 36.893046
8.883139499999999, 9.041075, 9.2328265, 9.483975, 9.68310905, 11.455711069999996, 32.855096
8.886731, 9.0414625, 9.24099975, 9.516594, 9.772097, 11.53147052, 52.853195
8.88712, 9.041504, 9.256506, 9.503468, 9.79318625, 14.739876269999993, 36.893046
8.87491075, 9.0385195, 9.23404175, 9.5040242, 9.73456, 14.706588339999985, 52.853195
8.873964, 9.0290075, 9.2318995, 9.509855700000001, 9.7399329, 10.20776775, 18.166172
8.89274375, 9.0407295, 9.2281795, 9.5032753, 9.764192799999998, 12.00640526999999, 32.855096
8.87585925, 9.033871000000001, 9.213768, 9.480218, 9.691613850000001, 11.3751787, 18.516134
8.89579225, 9.0415715, 9.247427, 9.5331793, 9.77185685, 13.82529524999998, 52.853195
8.89078025, 9.043148500000001, 9.25194075, 9.5473154, 9.792728449999998, 16.26019, 52.853195
8.90033, 9.056216, 9.244845, 9.5070966, 9.77657215, 14.739876269999993, 19.502914
8.8997185, 9.050236, 9.24223275, 9.4969796, 9.71634085, 10.95356822, 36.893046
8.8891365, 9.050517, 9.24292, 9.5501921, 9.773090049999999, 14.90866716999999, 36.893046
8.893446, 9.0392805, 9.226283500000001, 9.486876, 9.75601515, 16.111423709999997, 52.853195
8.8709565, 9.0240715, 9.229745, 9.486008199999999, 9.712924849999999, 16.109242169999998, 36.893046
8.879525000000001, 9.045506499999998, 9.230423, 9.4832254, 9.697374400000001, 11.832093779999981, 24.370709
8.8786265, 9.048865, 9.24768725, 9.5284431, 9.7763255, 14.741395359999991, 36.893046
8.8886355, 9.043842999999999, 9.23833975, 9.5017654, 9.7080628, 12.009638469999988, 52.853195
8.87951825, 9.0304685, 9.22387075, 9.49209, 9.7270655, 14.670883159999999, 52.853195
8.88473575, 9.044306, 9.2399565, 9.5187629, 9.80679145, 14.783211649999997, 52.853195
8.88191675, 9.023836, 9.23083875, 9.4890511, 9.69952425, 10.642900909999996, 52.853195
8.899179, 9.051809, 9.250794500000001, 9.5091906, 9.71996235, 11.257035629999999, 19.213916
0, 0, 0, 0, 0, 0, 0
0, 0, 0, 0, 0, 0, 0
0, 0, 0, 0, 0, 0, 0
0, 0, 0, 0, 0, 0, 0
0, 0, 0, 0, 0, 0, 0
0, 0, 0, 0, 0, 0, 0
0, 0, 0, 0, 0, 0, 0
0, 0, 0, 0, 0, 0, 0
0, 0, 0, 0, 0, 0, 0
0, 0, 0, 0, 0, 0, 0
0, 0, 0, 0, 0, 0, 0
0, 0, 0, 0, 0, 0, 0
0, 0, 0, 0, 0, 0, 0
0, 0, 0, 0, 0, 0, 0
0, 0, 0, 0, 0, 0, 0
0, 0, 0, 0, 0, 0, 0
0, 0, 0, 0, 0, 0, 0
0, 0, 0, 0, 0, 0, 0
0, 0, 0, 0, 0, 0, 0
0, 0, 0, 0, 0, 0, 0
0, 0, 0, 0, 0, 0, 0
0, 0, 0, 0, 0, 0, 0
0, 0, 0, 0, 0, 0, 0
0, 0, 0, 0, 0, 0, 0
0, 0, 0, 0, 0, 0, 0
0, 0, 0, 0, 0, 0, 0
0, 0, 0, 0, 0, 0, 0
0, 0, 0, 0, 0, 0, 0
0, 0, 0, 0, 0, 0, 0
0, 0, 0, 0, 0, 0, 0
0, 0, 0, 0, 0, 0, 0
0, 0, 0, 0, 0, 0, 0
0, 0, 0, 0, 0, 0, 0
0, 0, 0, 0, 0, 0, 0
0, 0, 0, 0, 0, 0, 0
0, 0, 0, 0, 0, 0, 0
0, 0, 0, 0, 0, 0, 0
0, 0, 0, 0, 0, 0, 0
0, 0, 0, 0, 0, 0, 0
0, 0, 0, 0, 0, 0, 0
0, 0, 0, 0, 0, 0, 0
0, 0, 0, 0, 0, 0, 0
0, 0, 0, 0, 0, 0, 0
0, 0, 0, 0, 0, 0, 0
0, 0, 0, 0, 0, 0, 0
0, 0, 0, 0, 0, 0, 0
0, 0, 0, 0, 0, 0, 0
0, 0, 0, 0, 0, 0, 0
0, 0, 0, 0, 0, 0, 0
0, 0, 0, 0, 0, 0, 0
0, 0, 0, 0, 0, 0, 0
0, 0, 0, 0, 0, 0, 0
0, 0, 0, 0, 0, 0, 0
0, 0, 0, 0, 0, 0, 0
0, 0, 0, 0, 0, 0, 0
0, 0, 0, 0, 0, 0, 0
0, 0, 0, 0, 0, 0, 0
0, 0, 0, 0, 0, 0, 0
0, 0, 0, 0, 0, 0, 0
0, 0, 0, 0, 0, 0, 0
0, 0, 0, 0, 0, 0, 0
0, 0, 0, 0, 0, 0, 0
0, 0, 0, 0, 0, 0, 0
0, 0, 0, 0, 0, 0, 0
0, 0, 0, 0, 0, 0, 0
0, 0, 0, 0, 0, 0, 0
0, 0, 0, 0, 0, 0, 0
0, 0, 0, 0, 0, 0, 0
0, 0, 0, 0, 0, 0, 0
0, 0, 0, 0, 0, 0, 0
0, 0, 0, 0, 0, 0, 0
0, 0, 0, 0, 0, 0, 0
0, 0, 0, 0, 0, 0, 0
0, 0, 0, 0, 0, 0, 0
0, 0, 0, 0, 0, 0, 0
0, 0, 0, 0, 0, 0, 0
0, 0, 0, 0, 0, 0, 0
0, 0, 0, 0, 0, 0, 0
0, 0, 0, 0, 0, 0, 0
0, 0, 0, 0, 0, 0, 0
0, 0, 0, 0, 0, 0, 0
0, 0, 0, 0, 0, 0, 0
0, 0, 0, 0, 0, 0, 0
0, 0, 0, 0, 0, 0, 0
0, 0, 0, 0, 0, 0, 0
0, 0, 0, 0, 0, 0, 0
0, 0, 0, 0, 0, 0, 0
0, 0, 0, 0, 0, 0, 0
0, 0, 0, 0, 0, 0, 0
0, 0, 0, 0, 0, 0, 0
0, 0, 0, 0, 0, 0, 0
0, 0, 0, 0, 0, 0, 0
0, 0, 0, 0, 0, 0, 0
0, 0, 0, 0, 0, 0, 0
0, 0, 0, 0, 0, 0, 0
0, 0, 0, 0, 0, 0, 0
0, 0, 0, 0, 0, 0, 0
0, 0, 0, 0, 0, 0, 0
0, 0, 0, 0, 0, 0, 0
0, 0, 0, 0, 0, 0, 0
0, 0, 0, 0, 0, 0, 0
0, 0, 0, 0, 0, 0, 0
0, 0, 0, 0, 0, 0, 0
0, 0, 0, 0, 0, 0, 0
8.88998275, 9.0447225, 9.24934075, 9.5102287, 9.7560311, 16.47539771, 19.502914
8.875218, 9.0289015, 9.224931, 9.4984026, 9.7304536, 11.813872359999998, 23.303856
8.8838, 9.0414625, 9.25728075, 9.538952, 9.73992, 11.737343, 24.370709
8.8742125, 9.0285835, 9.2432655, 9.5178778, 9.7345687, 11.738098139999998, 19.656824
8.883194249999999, 9.050435, 9.2529285, 9.5231726, 9.7201416, 15.979654129999997, 52.853195
8.88954275, 9.045599, 9.23566475, 9.4746555, 9.734858, 16.030153, 32.855096
8.894390249999999, 9.048096, 9.258166, 9.4982235, 9.722325, 16.030153, 36.893046
8.89329225, 9.051846, 9.27028275, 9.552520300000001, 9.80217225, 16.6032446, 36.893046
8.8723235, 9.026565999999999, 9.22804125, 9.4776936, 9.708306, 17.30516235, 52.853195
8.87500575, 9.031278, 9.22449375, 9.477566200000002, 9.69156665, 14.67048174, 23.303856
8.894604000000001, 9.047792000000001, 9.2579885, 9.530930699999999, 9.799576100000001, 14.433290629999984, 36.893046
8.875259750000001, 9.038613, 9.23841175, 9.529218, 9.829206749999999, 11.740576719999998, 36.893046
8.876463, 9.0389, 9.246527, 9.5065304, 9.7405906, 14.39224006, 24.370709
8.878249499999999, 9.0461965, 9.256681, 9.5165901, 9.7647849, 14.733161439999998, 52.853195
8.88863725, 9.041940499999999, 9.2373185, 9.512139600000001, 9.709001249999998, 16.21755512, 36.893046
8.884871500000001, 9.035346, 9.247015000000001, 9.49454, 9.692080599999999, 10.643898969999995, 52.853195
8.87624775, 9.030372, 9.22621375, 9.5267046, 9.780469799999999, 13.91610324, 19.656824
8.8906835, 9.051051, 9.252129, 9.548228600000002, 9.809620650000001, 14.1948271, 19.892145
8.8866205, 9.029929, 9.235466500000001, 9.5076869, 9.74944665, 16.21730481, 52.853195
8.87972075, 9.036931, 9.240202499999999, 9.4942215, 9.763917, 14.110998089999995, 19.373624
8.8885765, 9.043209000000001, 9.229495, 9.4847155, 9.68673995, 11.91519639, 20.217992
8.882134, 9.031906500000002, 9.22678825, 9.49209, 9.765848349999999, 14.60570419, 52.853195
8.87629025, 9.042407, 9.231159250000001, 9.4842383, 9.7390733, 16.362737189999997, 19.645042
8.884858, 9.04559, 9.237226249999999, 9.5300094, 9.7191083, 11.73956136, 24.370709
8.88571025, 9.033669, 9.23249, 9.4684019, 9.6634537, 11.166679719999996, 23.303856
8.88273075, 9.0410735, 9.24864075, 9.573656999999999, 9.866071, 15.574478729999996, 23.303856
8.885009749999998, 9.041268500000001, 9.2424815, 9.5108361, 9.7332366, 16.71397765, 52.853195
8.8827365, 9.046313, 9.23764175, 9.4801019, 9.6475863, 10.882320689999998, 32.855096
8.89838275, 9.046508, 9.230409, 9.528586500000001, 9.75618025, 14.39243249, 32.855096
8.892175, 9.034514, 9.23353725, 9.5208795, 9.734041, 15.571933089999998, 19.892145
8.883715500000001, 9.0477955, 9.237515, 9.5165636, 9.834933549999999, 16.6032446, 52.853195
8.87430325, 9.029644999999999, 9.226152, 9.4914509, 9.7253001, 12.020835199999977, 19.502914
8.87609375, 9.035402000000001, 9.24971575, 9.5506151, 9.813125249999999, 16.40399921, 32.855096
8.89152275, 9.0403075, 9.23156775, 9.498684299999999, 9.808353, 13.81451568999999, 23.303856
8.892809, 9.049987999999999, 9.25686025, 9.4924224, 9.7159612, 16.05074345, 18.516134
8.8893555, 9.053982999999999, 9.25001525, 9.5165636, 9.74936655, 11.827052069999986, 52.853195
8.8849365, 9.049999, 9.25378175, 9.5565771, 9.821566200000001, 14.620796969999986, 36.893046
8.8842505, 9.0488605, 9.23503425, 9.4969796, 9.7581841, 11.376701289999998, 22.552578
8.88238, 9.0313975, 9.225622, 9.4673002, 9.67130975, 16.05910689, 52.853195
8.88227225, 9.042721499999999, 9.24357275, 9.5011498, 9.7106051, 11.460286879999984, 24.370709
8.890799750000001, 9.046115, 9.2432555, 9.5320857, 9.7306821, 10.58500619, 17.429541
8.877147, 9.030887, 9.2149405, 9.4975143, 9.7036249, 16.603863389999997, 32.855096
8.8817615, 9.038235, 9.253781, 9.5555891, 9.8001393, 14.111399509999995, 22.552578
8.882238999999998, 9.025686499999999, 9.212692749999999, 9.4989448, 9.82168545, 14.450396, 24.370709
8.8884505, 9.041761999999999, 9.241962, 9.5378528, 9.7986111, 14.79108599999999, 19.892145
8.89128825, 9.032710000000002, 9.21763175, 9.490274900000001, 9.692637, 14.416709269999998, 32.855096
8.874221, 9.031613, 9.221769, 9.452915500000001, 9.7038122, 11.377272999999997, 24.370709
8.88863725, 9.041621, 9.242769, 9.538613400000001, 9.85960375, 16.18153611, 52.853195
8.89819675, 9.054852, 9.254366, 9.5183224, 9.75599035, 13.920404079999996, 23.303856
8.88066, 9.0311135, 9.229706, 9.503254, 9.83015195, 16.65946179, 52.853195
8.883606, 9.0467415, 9.246207, 9.553486800000002, 9.81292495, 16.366229429999994, 23.303856
8.8785855, 9.034311, 9.239749, 9.486765100000001, 9.710233, 16.05074345, 24.370709
8.88439725, 9.033663, 9.238425249999999, 9.494200900000001, 9.76953925, 14.60570419, 36.893046
8.88439725, 9.043405, 9.242533000000002, 9.5208795, 9.7257413, 16.219549039999997, 19.645042
8.879522, 9.0451055, 9.235747, 9.4973877, 9.72866825, 10.28302709, 20.217992
8.881255, 9.038235, 9.231611749999999, 9.4982019, 9.768146, 15.874124049999999, 52.853195
8.88844475, 9.039612, 9.231348, 9.5291405, 9.802613350000001, 16.179549, 36.893046
8.888299250000001, 9.049247000000001, 9.244186749999999, 9.4995303, 9.7399329, 11.697418609999986, 36.893046
8.8886145, 9.049647, 9.239911750000001, 9.4939296, 9.7014201, 13.174602099999987, 19.656824
8.896121, 9.041069499999999, 9.24756725, 9.523435300000001, 9.7963663, 11.972795, 52.853195
8.890470749999999, 9.0470585, 9.240177, 9.487161200000001, 9.703847, 15.724868639999997, 23.303856
8.88805, 9.0495395, 9.23942125, 9.486953900000001, 9.792107499999998, 15.573435339999996, 23.303856
8.890033500000001, 9.0505715, 9.229697250000001, 9.506590200000002, 9.7342482, 14.195220159999998, 36.893046
8.88757275, 9.044883500000001, 9.229637, 9.5109466, 9.76591105, 13.234894149999999, 19.072953
8.881884750000001, 9.041504, 9.22923075, 9.4843701, 9.740704299999999, 13.91610324, 52.853195
8.874221, 9.0319595, 9.23254225, 9.4716317, 9.729983050000001, 15.874907839999999, 19.502914
8.88173775, 9.0449465, 9.252086, 9.531599700000001, 9.7997867, 11.529391, 21.371576
8.89065875, 9.0463415, 9.24913925, 9.559215800000002, 9.81625735, 14.465660909999986, 24.370709
8.904782, 9.052717999999999, 9.25482, 9.5380124, 9.83019855, 14.60570419, 32.855096
8.892659, 9.0454345, 9.23762425, 9.513287, 9.7301612, 13.238075979999996, 22.552578
8.894924, 9.0490835, 9.235579, 9.5236207, 9.80857995, 14.697063829999994, 24.370709
8.895831000000001, 9.0513465, 9.230785749999999, 9.530821, 9.728800600000001, 11.814456379999998, 32.855096
8.882553, 9.048751, 9.23565625, 9.442345500000002, 9.647541, 11.830270899999983, 52.853195
8.8957035, 9.038388999999999, 9.2349005, 9.487669100000002, 9.740924999999999, 11.930102859999986, 52.853195
8.885873, 9.0454055, 9.24208175, 9.4937076, 9.81804375, 16.05991641, 21.371576
8.882113, 9.040790999999999, 9.238425249999999, 9.541557800000001, 9.81625735, 14.67048174, 52.853195
8.887621750000001, 9.0376585, 9.238534, 9.5169195, 9.73490655, 10.84045171, 24.370709
8.89360375, 9.057806, 9.25183475, 9.5126187, 9.7567628, 13.278558169999982, 52.853195
8.890616249999999, 9.050825, 9.230803, 9.5021164, 9.717681, 16.050663, 52.853195
8.882259999999999, 9.0434775, 9.25366425, 9.5381818, 9.807905, 15.725686849999997, 52.853195
8.873959000000001, 9.026447, 9.22022675, 9.485778100000001, 9.67875215, 14.792736159999988, 36.893046
8.886137, 9.0458745, 9.24294175, 9.498262200000001, 9.726553000000001, 10.40869155, 20.217992
8.896678249999999, 9.0463165, 9.242833000000001, 9.4846664, 9.73924025, 11.994732, 17.734753
8.888704, 9.049306000000001, 9.258558, 9.5057779, 9.7494059, 10.953965839999999, 22.552578
8.89703225, 9.0457345, 9.25842475, 9.551300699999999, 9.81290105, 14.606785109999999, 36.893046
8.876122500000001, 9.0323965, 9.22005525, 9.4842747, 9.77246575, 13.804678829999999, 22.552578
8.885008500000001, 9.035242, 9.23727, 9.512666, 9.787867299999998, 16.03043855, 36.893046
8.88677375, 9.0490445, 9.23841175, 9.4925902, 9.720071299999999, 11.455127049999996, 52.853195
8.88757275, 9.038575, 9.2348575, 9.484519800000001, 9.691803, 10.413427999999996, 19.587514
8.878311499999999, 9.0344415, 9.22981525, 9.5267449, 9.7964014, 11.140597729999994, 19.071708
8.89326275, 9.04608, 9.24607325, 9.4776763, 9.6926487, 11.754823359999984, 52.853195
8.87013875, 9.0358315, 9.23963725, 9.527874200000001, 9.76528585, 14.39209222, 32.855096
8.890868000000001, 9.0475515, 9.256519749999999, 9.518147899999999, 9.7847513, 12.00640526999999, 24.370709
8.87216025, 9.031881, 9.2333475, 9.4840024, 9.648118649999999, 13.165980879999996, 32.855096
8.882665, 9.0337625, 9.23564, 9.502176700000001, 9.830206299999999, 16.4765781, 36.893046
8.87308175, 9.0170455, 9.21471125, 9.493565799999999, 9.738270199999999, 16.109242169999998, 32.855096
8.8770705, 9.04294, 9.22436725, 9.50114, 9.710233, 11.257720649999998, 52.853195
8.89033175, 9.04615, 9.235055, 9.520095099999999, 9.799316549999999, 14.433544179999998, 19.892145
8.888786249999999, 9.044451500000001, 9.23001075, 9.4810906, 9.70128115, 15.875979309999996, 32.855096
8.896731249999998, 9.056754, 9.263088, 9.5525984, 9.84281105, 15.87359139, 52.853195
8.8868975, 9.033901, 9.23562425, 9.5042611, 9.740924999999999, 16.099406520000002, 22.552578
8.89676875, 9.0477955, 9.24592775, 9.501127499999999, 9.767620849999998, 14.783211649999997, 19.892145
8.889664250000001, 9.0352625, 9.246532250000001, 9.489083299999999, 9.7089429, 13.494443679999991, 32.855096
8.89140625, 9.044705, 9.241646, 9.5419119, 9.808244499999999, 14.451942559999997, 23.303856
8.8746595, 9.033358499999999, 9.23080425, 9.483284699999999, 9.694709999999999, 13.260779679999999, 17.65558
8.884113, 9.050314499999999, 9.231847250000001, 9.5130891, 9.7672477, 16.050663, 32.855096
8.8871675, 9.043535, 9.25087725, 9.5381668, 9.808244499999999, 16.2613707, 21.371576
8.8936545, 9.053106499999998, 9.250117, 9.503680800000001, 9.71603135, 15.574478729999996, 36.893046
8.891429, 9.050336, 9.256883, 9.5204898, 9.77420235, 15.979720029999998, 21.371576
8.8773395, 9.031843, 9.233058, 9.5233372, 9.777502149999998, 14.61622470999999, 52.853195
8.8840425, 9.036495500000001, 9.238286500000001, 9.507522, 9.7416653, 16.098597, 24.370709
8.893446, 9.0388965, 9.24083025, 9.5323627, 9.7937421, 15.976887, 17.75425
8.90111375, 9.048873, 9.251072749999999, 9.509285199999999, 9.738185, 15.874329149999998, 36.893046
8.8815105, 9.045314999999999, 9.24704675, 9.5003083, 9.808244499999999, 16.918881419999998, 52.853195
8.885438, 9.0326015, 9.238287249999999, 9.483298600000001, 9.6993366, 11.0980093, 52.853195
8.898370499999999, 9.0511585, 9.254451, 9.516527, 9.7332338, 13.174942369999988, 22.552578
8.89277625, 9.0504095, 9.252224, 9.5058021, 9.722325, 14.007108829999995, 21.371576
8.88257525, 9.0365085, 9.226511250000001, 9.5011916, 9.72604315, 16.706771850000003, 19.892145
8.88833975, 9.040077, 9.233219, 9.5109466, 9.723240800000001, 14.733161439999998, 36.893046
8.89530375, 9.047721500000002, 9.237328250000001, 9.4979306, 9.70748645, 14.779568679999999, 18.166172
8.880044, 9.037532500000001, 9.248, 9.526053600000001, 9.740704299999999, 14.617726959999988, 36.893046
8.896678249999999, 9.0512815, 9.24086325, 9.5135023, 9.77960265, 15.977705209999998, 36.893046
8.878665999999999, 9.036351499999999, 9.23760525, 9.5256039, 9.767185, 16.09976782, 22.552578
8.88321825, 9.038017499999999, 9.2372285, 9.5001981, 9.760536, 15.872548, 20.217992
8.895343500000001, 9.049494, 9.24992875, 9.554073, 9.810558499999999, 15.980741969999997, 32.855096
8.88864775, 9.0520815, 9.253328999999999, 9.5464273, 9.775902, 14.39224006, 52.853195
8.88105375, 9.0386615, 9.242649, 9.5116438, 9.809280099999999, 16.716709639999998, 20.217992
8.8967295, 9.049147999999999, 9.246879499999999, 9.5365596, 9.779717, 14.90866716999999, 24.370709
8.876186, 9.020882499999999, 9.22200325, 9.4683564, 9.668969050000001, 13.486703819999999, 21.371576
8.88141225, 9.044393, 9.238315, 9.5276468, 9.755951, 13.72803882, 23.303856
8.890618750000002, 9.0362305, 9.2421735, 9.4857998, 9.699311, 14.002109669999998, 36.893046
8.881745, 9.039291, 9.23876275, 9.4873262, 9.682017149999998, 11.199935829999998, 24.370709
8.873463000000001, 9.039427, 9.22828275, 9.4938467, 9.717852200000001, 15.576866649999994, 21.371576
8.897093, 9.047075, 9.235714, 9.5055003, 9.744857399999999, 13.920596509999996, 32.855096
8.89624675, 9.0509925, 9.254379499999999, 9.5187382, 9.76816065, 16.6032446, 21.371576
8.888513, 9.0383935, 9.22627425, 9.510701800000001, 9.757234, 16.72098405, 20.217992
8.889154750000001, 9.036595, 9.219862, 9.4672032, 9.69156665, 13.237319889999997, 36.893046
8.8814495, 9.035206500000001, 9.2507305, 9.5293054, 9.79520305, 16.18035541, 24.370709
8.898349, 9.0573785, 9.246914, 9.5056672, 9.739920549999999, 13.558715219999996, 24.370709
8.88004375, 9.0335745, 9.23222275, 9.5092862, 9.722866949999998, 13.739180339999997, 36.893046
8.86727175, 9.021528, 9.22608575, 9.461193900000001, 9.68701, 11.73735778, 36.893046
8.88556625, 9.047300499999999, 9.2492155, 9.5352542, 9.816357850000001, 14.69221518, 24.370709
8.88214575, 9.0419305, 9.262163000000001, 9.5121131, 9.733164, 11.199167159999998, 36.893046
8.8913975, 9.038961, 9.228324, 9.5169234, 9.80915505, 14.419520179999997, 23.303856
8.872937, 9.023769, 9.211355, 9.5345592, 9.77675815, 16.05124169, 20.217992
8.883763, 9.043591, 9.243254499999999, 9.526642200000001, 9.7183339, 14.466878009999984, 32.855096
8.88539325, 9.035616000000001, 9.236571, 9.491849, 9.6685994, 16.216124110000003, 52.853195
8.884248249999999, 9.0543815, 9.25494775, 9.517638, 9.813177249999999, 16.05991641, 19.587514
0, 0, 0, 0, 0, 0, 0
0, 0, 0, 0, 0, 0, 0
0, 0, 0, 0, 0, 0, 0
0, 0, 0, 0, 0, 0, 0
0, 0, 0, 0, 0, 0, 0
0, 0, 0, 0, 0, 0, 0
0, 0, 0, 0, 0, 0, 0
0, 0, 0, 0, 0, 0, 0
0, 0, 0, 0, 0, 0, 0
0, 0, 0, 0, 0, 0, 0
0, 0, 0, 0, 0, 0, 0
0, 0, 0, 0, 0, 0, 0
0, 0, 0, 0, 0, 0, 0
0, 0, 0, 0, 0, 0, 0
0, 0, 0, 0, 0, 0, 0
0, 0, 0, 0, 0, 0, 0
0, 0, 0, 0, 0, 0, 0
0, 0, 0, 0, 0, 0, 0
0, 0, 0, 0, 0, 0, 0
0, 0, 0, 0, 0, 0, 0
0, 0, 0, 0, 0, 0, 0
0, 0, 0, 0, 0, 0, 0
0, 0, 0, 0, 0, 0, 0
0, 0, 0, 0, 0, 0, 0
0, 0, 0, 0, 0, 0, 0
0, 0, 0, 0, 0, 0, 0
0, 0, 0, 0, 0, 0, 0
0, 0, 0, 0, 0, 0, 0
0, 0, 0, 0, 0, 0, 0
0, 0, 0, 0, 0, 0, 0
0, 0, 0, 0, 0, 0, 0
0, 0, 0, 0, 0, 0, 0
0, 0, 0, 0, 0, 0, 0
0, 0, 0, 0, 0, 0, 0
0, 0, 0, 0, 0, 0, 0
0, 0, 0, 0, 0, 0, 0
0, 0, 0, 0, 0, 0, 0
0, 0, 0, 0, 0, 0, 0
0, 0, 0, 0, 0, 0, 0
0, 0, 0, 0, 0, 0, 0
0, 0, 0, 0, 0, 0, 0
0, 0, 0, 0, 0, 0, 0
0, 0, 0, 0, 0, 0, 0
0, 0, 0, 0, 0, 0, 0
0, 0, 0, 0, 0, 0, 0
0, 0, 0, 0, 0, 0, 0
0, 0, 0, 0, 0, 0, 0
0, 0, 0, 0, 0, 0, 0
0, 0, 0, 0, 0, 0, 0
0, 0, 0, 0, 0, 0, 0
0, 0, 0, 0, 0, 0, 0
0, 0, 0, 0, 0, 0, 0
0, 0, 0, 0, 0, 0, 0
0, 0, 0, 0, 0, 0, 0
0, 0, 0, 0, 0, 0, 0
0, 0, 0, 0, 0, 0, 0
0, 0, 0, 0, 0, 0, 0
0, 0, 0, 0, 0, 0, 0
0, 0, 0, 0, 0, 0, 0
0, 0, 0, 0, 0, 0, 0
0, 0, 0, 0, 0, 0, 0
0, 0, 0, 0, 0, 0, 0
0, 0, 0, 0, 0, 0, 0
0, 0, 0, 0, 0, 0, 0
0, 0, 0, 0, 0, 0, 0
0, 0, 0, 0, 0, 0, 0
0, 0, 0, 0, 0, 0, 0
0, 0, 0, 0, 0, 0, 0
0, 0, 0, 0, 0, 0, 0
0, 0, 0, 0, 0, 0, 0
0, 0, 0, 0, 0, 0, 0
0, 0, 0, 0, 0, 0, 0
0, 0, 0, 0, 0, 0, 0
0, 0, 0, 0, 0, 0, 0
0, 0, 0, 0, 0, 0, 0
0, 0, 0, 0, 0, 0, 0
0, 0, 0, 0, 0, 0, 0
0, 0, 0, 0, 0, 0, 0
0, 0, 0, 0, 0, 0, 0
0, 0, 0, 0, 0, 0, 0
0, 0, 0, 0, 0, 0, 0
0, 0, 0, 0, 0, 0, 0
0, 0, 0, 0, 0, 0, 0
0, 0, 0, 0, 0, 0, 0
0, 0, 0, 0, 0, 0, 0
0, 0, 0, 0, 0, 0, 0
0, 0, 0, 0, 0, 0, 0
0, 0, 0, 0, 0, 0, 0
0, 0, 0, 0, 0, 0, 0
0, 0, 0, 0, 0, 0, 0
0, 0, 0, 0, 0, 0, 0
0, 0, 0, 0, 0, 0, 0
0, 0, 0, 0, 0, 0, 0
0, 0, 0, 0, 0, 0, 0
0, 0, 0, 0, 0, 0, 0
0, 0, 0, 0, 0, 0, 0
0, 0, 0, 0, 0, 0, 0
0, 0, 0, 0, 0, 0, 0
0, 0, 0, 0, 0, 0, 0
0, 0, 0, 0, 0, 0, 0
0, 0, 0, 0, 0, 0, 0
0, 0, 0, 0, 0, 0, 0
0, 0, 0, 0, 0, 0, 0
0, 0, 0, 0, 0, 0, 0
0, 0, 0, 0, 0, 0, 0
0, 0, 0, 0, 0, 0, 0
0, 0, 0, 0, 0, 0, 0
0, 0, 0, 0, 0, 0, 0
8.879158749999998, 9.032758000000001, 9.23884725, 9.516023, 9.73459985, 13.16276205, 20.217992
8.88599, 9.0432005, 9.23763775, 9.467168000000001, 9.69986575, 14.10601301, 32.855096
8.881745, 9.041515, 9.240444, 9.4979399, 9.7080628, 14.605914929999999, 32.855096
8.88788575, 9.049247000000001, 9.24713, 9.50151, 9.697769, 13.263961509999996, 19.587514
8.88679025, 9.030711499999999, 9.229436750000001, 9.490247900000002, 9.7042632, 11.987920839999985, 23.303856
8.891409750000001, 9.0540845, 9.240148, 9.5401589, 9.712771, 11.164284449999998, 19.892145
8.886646749999999, 9.049449, 9.2524755, 9.565331, 9.8603048, 15.976887, 52.853195
8.888653, 9.050502, 9.262902, 9.526729, 9.73476515, 14.619303009999987, 52.853195
8.88238, 9.038256, 9.2424035, 9.5251539, 9.80915505, 14.73195576, 20.217992
8.884098999999999, 9.040807999999998, 9.247609, 9.540023, 9.83600605, 16.450650689999996, 24.370709
8.886604, 9.040315, 9.242772, 9.516594, 9.738486049999999, 14.419988939999996, 32.855096
8.88338775, 9.038479500000001, 9.230625, 9.492455300000001, 9.723219, 11.09764, 36.893046
8.8655395, 9.02807, 9.228215500000001, 9.4980471, 9.742697099999999, 13.487890559999999, 24.370709
8.87383125, 9.039339, 9.235617999999999, 9.5057111, 9.6670273, 11.699687289999982, 19.892145
8.88320625, 9.044676500000001, 9.235990750000001, 9.507008, 9.7672009, 13.166617019999995, 19.373624
8.875352, 9.042252999999999, 9.242282, 9.5232201, 9.8132033, 13.730684159999997, 36.893046
8.891207, 9.040973999999999, 9.242162, 9.512637, 9.72550245, 15.263228, 23.303856
8.89123625, 9.042295, 9.230808, 9.484249, 9.671246, 11.927834179999989, 23.303856
8.880218, 9.038644, 9.22471075, 9.5017058, 9.712812399999999, 13.554247, 23.303856
8.886197750000001, 9.043857, 9.238664499999999, 9.510701800000001, 9.687455250000001, 14.463115269999989, 52.853195
8.881764749999999, 9.042517, 9.2402145, 9.529778, 9.7880819, 16.10960347, 36.893046
8.885438, 9.038917000000001, 9.22648175, 9.4922397, 9.7485638, 13.23262547, 19.587514
8.889677, 9.0573965, 9.244845, 9.5021834, 9.756738, 16.21749924, 52.853195
8.887906749999999, 9.033881000000001, 9.243775, 9.503910600000001, 9.78792065, 14.211495709999983, 22.552578
8.89117925, 9.056133, 9.245871, 9.5121131, 9.77402385, 14.424837589999992, 19.645042
8.90048, 9.0569405, 9.271861, 9.549238, 9.79349325, 16.47539771, 24.370709
8.88529175, 9.041170000000001, 9.22745725, 9.5055714, 9.77637615, 15.266299859999997, 19.892145
8.8929575, 9.046231, 9.2495565, 9.5285241, 9.765831449999999, 16.059206239999998, 24.370709
8.87302025, 9.029955999999999, 9.227837749999999, 9.497026499999999, 9.71820075, 13.915245, 21.371576
8.88422625, 9.031343, 9.224366499999999, 9.4833243, 9.72918795, 15.576505349999994, 24.370709
8.878665999999999, 9.0441485, 9.253249, 9.5074691, 9.8128938, 16.21755512, 36.893046
8.88226075, 9.0299455, 9.23250175, 9.5082638, 9.69444215, 13.48606768, 22.552578
8.870915, 9.040835999999999, 9.238709499999999, 9.505611, 9.725268, 13.918020919999998, 52.853195
8.8907375, 9.0446135, 9.2543495, 9.517723600000002, 9.71856345, 11.530913589999999, 32.855096
8.869243, 9.032948999999999, 9.22345125, 9.4978157, 9.699573149999999, 11.257804299999998, 23.303856
8.8753085, 9.033669, 9.22387425, 9.4768094, 9.70070845, 14.43134543, 52.853195
8.874378499999999, 9.041241, 9.23092975, 9.4840039, 9.7235559, 14.395712159999997, 20.217992
8.87250725, 9.031794000000001, 9.22117275, 9.5318397, 9.80045655, 15.270364589999993, 23.303856
8.876551500000001, 9.034008, 9.23368975, 9.4977918, 9.80188175, 13.234894149999999, 32.855096
8.8967895, 9.048802, 9.243213749999999, 9.5109466, 9.710233, 14.73195576, 19.072953
8.874136, 9.037962499999999, 9.240472, 9.4844554, 9.686788649999999, 11.262443349999995, 52.853195
8.879773, 9.046760500000001, 9.23171425, 9.5337844, 9.7987667, 16.09869635, 52.853195
8.8773135, 9.046103, 9.255067, 9.4978054, 9.694298299999998, 11.994732, 52.853195
8.8886355, 9.041765999999999, 9.2469205, 9.5055003, 9.7010939, 14.605914929999999, 52.853195
8.873825250000001, 9.039393, 9.232819249999999, 9.5127018, 9.800049, 14.911027009999989, 36.893046
8.88320625, 9.0424495, 9.247511750000001, 9.532728500000001, 9.77960265, 13.804678829999999, 19.587514
8.8872125, 9.033261, 9.23642025, 9.5169005, 9.7255285, 11.100399809999997, 52.853195
8.88866175, 9.0440735, 9.244346499999999, 9.547293, 9.8231931, 16.70863368, 32.855096
8.88843, 9.0312165, 9.23287875, 9.5171392, 9.712897499999999, 16.746927, 24.370709
8.887140500000001, 9.0294065, 9.231145, 9.4672301, 9.67837025, 13.738322099999998, 23.303856
8.889848749999999, 9.035423, 9.22902375, 9.454118500000002, 9.70208895, 14.105136, 36.893046
8.89123625, 9.038564000000001, 9.25102325, 9.550844, 9.81892665, 11.826349019999988, 19.072953
8.89046175, 9.048251, 9.24097875, 9.529218, 9.77604425, 14.90866716999999, 22.552578
8.878511750000001, 9.030047, 9.222208, 9.4465988, 9.674754850000001, 11.442123, 32.855096
8.8844725, 9.039851, 9.228381, 9.4979399, 9.7239009, 13.558715219999996, 20.217992
8.88401875, 9.043199999999999, 9.254476, 9.5132366, 9.7223915, 11.927834179999989, 24.370709
8.88451575, 9.04387, 9.243254499999999, 9.503669100000002, 9.744832599999999, 14.793181269999987, 52.853195
8.8900975, 9.043444000000001, 9.249415, 9.5094197, 9.7772264, 13.804678829999999, 52.853195
8.88842875, 9.0381255, 9.240094, 9.496346, 9.7106111, 11.44299568, 19.892145
8.874377, 9.036459, 9.232711, 9.4912829, 9.7255285, 16.47728845, 52.853195
8.878249499999999, 9.038829, 9.237180250000002, 9.4850811, 9.697161150000001, 14.1948271, 23.303856
8.8888335, 9.0510765, 9.231511, 9.483975, 9.7420457, 14.43134543, 32.855096
8.88825375, 9.0387995, 9.23250175, 9.5077885, 9.740692099999999, 14.433754919999998, 19.656824
0, 0, 0, 0, 0, 0, 0
0, 0, 0, 0, 0, 0, 0
0, 0, 0, 0, 0, 0, 0
0, 0, 0, 0, 0, 0, 0
0, 0, 0, 0, 0, 0, 0
0, 0, 0, 0, 0, 0, 0
0, 0, 0, 0, 0, 0, 0
0, 0, 0, 0, 0, 0, 0
0, 0, 0, 0, 0, 0, 0
0, 0, 0, 0, 0, 0, 0
0, 0, 0, 0, 0, 0, 0
0, 0, 0, 0, 0, 0, 0
0, 0, 0, 0, 0, 0, 0
0, 0, 0, 0, 0, 0, 0
0, 0, 0, 0, 0, 0, 0
0, 0, 0, 0, 0, 0, 0
0, 0, 0, 0, 0, 0, 0
0, 0, 0, 0, 0, 0, 0
0, 0, 0, 0, 0, 0, 0
0, 0, 0, 0, 0, 0, 0
0, 0, 0, 0, 0, 0, 0
0, 0, 0, 0, 0, 0, 0
0, 0, 0, 0, 0, 0, 0
0, 0, 0, 0, 0, 0, 0
0, 0, 0, 0, 0, 0, 0
0, 0, 0, 0, 0, 0, 0
0, 0, 0, 0, 0, 0, 0
0, 0, 0, 0, 0, 0, 0
0, 0, 0, 0, 0, 0, 0
0, 0, 0, 0, 0, 0, 0
0, 0, 0, 0, 0, 0, 0
0, 0, 0, 0, 0, 0, 0
0, 0, 0, 0, 0, 0, 0
0, 0, 0, 0, 0, 0, 0
0, 0, 0, 0, 0, 0, 0
0, 0, 0, 0, 0, 0, 0
0, 0, 0, 0, 0, 0, 0
0, 0, 0, 0, 0, 0, 0
0, 0, 0, 0, 0, 0, 0
0, 0, 0, 0, 0, 0, 0
0, 0, 0, 0, 0, 0, 0
0, 0, 0, 0, 0, 0, 0
0, 0, 0, 0, 0, 0, 0
0, 0, 0, 0, 0, 0, 0
0, 0, 0, 0, 0, 0, 0
0, 0, 0, 0, 0, 0, 0
0, 0, 0, 0, 0, 0, 0
0, 0, 0, 0, 0, 0, 0
0, 0, 0, 0, 0, 0, 0
0, 0, 0, 0, 0, 0, 0
0, 0, 0, 0, 0, 0, 0
0, 0, 0, 0, 0, 0, 0
0, 0, 0, 0, 0, 0, 0
0, 0, 0, 0, 0, 0, 0
0, 0, 0, 0, 0, 0, 0
0, 0, 0, 0, 0, 0, 0
0, 0, 0, 0, 0, 0, 0
0, 0, 0, 0, 0, 0, 0
0, 0, 0, 0, 0, 0, 0
0, 0, 0, 0, 0, 0, 0
0, 0, 0, 0, 0, 0, 0
0, 0, 0, 0, 0, 0, 0
0, 0, 0, 0, 0, 0, 0
0, 0, 0, 0, 0, 0, 0
0, 0, 0, 0, 0, 0, 0
0, 0, 0, 0, 0, 0, 0
0, 0, 0, 0, 0, 0, 0
0, 0, 0, 0, 0, 0, 0
0, 0, 0, 0, 0, 0, 0
0, 0, 0, 0, 0, 0, 0
0, 0, 0, 0, 0, 0, 0
0, 0, 0, 0, 0, 0, 0
0, 0, 0, 0, 0, 0, 0
0, 0, 0, 0, 0, 0, 0
0, 0, 0, 0, 0, 0, 0
0, 0, 0, 0, 0, 0, 0
0, 0, 0, 0, 0, 0, 0
0, 0, 0, 0, 0, 0, 0
0, 0, 0, 0, 0, 0, 0
0, 0, 0, 0, 0, 0, 0
0, 0, 0, 0, 0, 0, 0
0, 0, 0, 0, 0, 0, 0
0, 0, 0, 0, 0, 0, 0
0, 0, 0, 0, 0, 0, 0
0, 0, 0, 0, 0, 0, 0
0, 0, 0, 0, 0, 0, 0
0, 0, 0, 0, 0, 0, 0
0, 0, 0, 0, 0, 0, 0
0, 0, 0, 0, 0, 0, 0
0, 0, 0, 0, 0, 0, 0
0, 0, 0, 0, 0, 0, 0
0, 0, 0, 0, 0, 0, 0
0, 0, 0, 0, 0, 0, 0
0, 0, 0, 0, 0, 0, 0
0, 0, 0, 0, 0, 0, 0
0, 0, 0, 0, 0, 0, 0
0, 0, 0, 0, 0, 0, 0
0, 0, 0, 0, 0, 0, 0
0, 0, 0, 0, 0, 0, 0
0, 0, 0, 0, 0, 0, 0
0, 0, 0, 0, 0, 0, 0
0, 0, 0, 0, 0, 0, 0
0, 0, 0, 0, 0, 0, 0
0, 0, 0, 0, 0, 0, 0
0, 0, 0, 0, 0, 0, 0
0, 0, 0, 0, 0, 0, 0
0, 0, 0, 0, 0, 0, 0
0, 0, 0, 0, 0, 0, 0
0, 0, 0, 0, 0, 0, 0
0, 0, 0, 0, 0, 0, 0
0, 0, 0, 0, 0, 0, 0
0, 0, 0, 0, 0, 0, 0
0, 0, 0, 0, 0, 0, 0
0, 0, 0, 0, 0, 0, 0
0, 0, 0, 0, 0, 0, 0
0, 0, 0, 0, 0, 0, 0
0, 0, 0, 0, 0, 0, 0
0, 0, 0, 0, 0, 0, 0
0, 0, 0, 0, 0, 0, 0
0, 0, 0, 0, 0, 0, 0
0, 0, 0, 0, 0, 0, 0
0, 0, 0, 0, 0, 0, 0
0, 0, 0, 0, 0, 0, 0
0, 0, 0, 0, 0, 0, 0
0, 0, 0, 0, 0, 0, 0
0, 0, 0, 0, 0, 0, 0
0, 0, 0, 0, 0, 0, 0
0, 0, 0, 0, 0, 0, 0
0, 0, 0, 0, 0, 0, 0
0, 0, 0, 0, 0, 0, 0
0, 0, 0, 0, 0, 0, 0
0, 0, 0, 0, 0, 0, 0
0, 0, 0, 0, 0, 0, 0
0, 0, 0, 0, 0, 0, 0
0, 0, 0, 0, 0, 0, 0
0, 0, 0, 0, 0, 0, 0
0, 0, 0, 0, 0, 0, 0
0, 0, 0, 0, 0, 0, 0
0, 0, 0, 0, 0, 0, 0
0, 0, 0, 0, 0, 0, 0
0, 0, 0, 0, 0, 0, 0
0, 0, 0, 0, 0, 0, 0
0, 0, 0, 0, 0, 0, 0
0, 0, 0, 0, 0, 0, 0
0, 0, 0, 0, 0, 0, 0
0, 0, 0, 0, 0, 0, 0
0, 0, 0, 0, 0, 0, 0
0, 0, 0, 0, 0, 0, 0
0, 0, 0, 0, 0, 0, 0
0, 0, 0, 0, 0, 0, 0
0, 0, 0, 0, 0, 0, 0
0, 0, 0, 0, 0, 0, 0
0, 0, 0, 0, 0, 0, 0
0, 0, 0, 0, 0, 0, 0
0, 0, 0, 0, 0, 0, 0
0, 0, 0, 0, 0, 0, 0
0, 0, 0, 0, 0, 0, 0
0, 0, 0, 0, 0, 0, 0
0, 0, 0, 0, 0, 0, 0
0, 0, 0, 0, 0, 0, 0
0, 0, 0, 0, 0, 0, 0
0, 0, 0, 0, 0, 0, 0
0, 0, 0, 0, 0, 0, 0
0, 0, 0, 0, 0, 0, 0
0, 0, 0, 0, 0, 0, 0
0, 0, 0, 0, 0, 0, 0
0, 0, 0, 0, 0, 0, 0
0, 0, 0, 0, 0, 0, 0
0, 0, 0, 0, 0, 0, 0
0, 0, 0, 0, 0, 0, 0
0, 0, 0, 0, 0, 0, 0
0, 0, 0, 0, 0, 0, 0
0, 0, 0, 0, 0, 0, 0
0, 0, 0, 0, 0, 0, 0
0, 0, 0, 0, 0, 0, 0
0, 0, 0, 0, 0, 0, 0
0, 0, 0, 0, 0, 0, 0
0, 0, 0, 0, 0, 0, 0
0, 0, 0, 0, 0, 0, 0
0, 0, 0, 0, 0, 0, 0
0, 0, 0, 0, 0, 0, 0
0, 0, 0, 0, 0, 0, 0
0, 0, 0, 0, 0, 0, 0
0, 0, 0, 0, 0, 0, 0
0, 0, 0, 0, 0, 0, 0
0, 0, 0, 0, 0, 0, 0
0, 0, 0, 0, 0, 0, 0
0, 0, 0, 0, 0, 0, 0
0, 0, 0, 0, 0, 0, 0
0, 0, 0, 0, 0, 0, 0
0, 0, 0, 0, 0, 0, 0
0, 0, 0, 0, 0, 0, 0
0, 0, 0, 0, 0, 0, 0
0, 0, 0, 0, 0, 0, 0
0, 0, 0, 0, 0, 0, 0
0, 0, 0, 0, 0, 0, 0
0, 0, 0, 0, 0, 0, 0
0, 0, 0, 0, 0, 0, 0
0, 0, 0, 0, 0, 0, 0
0, 0, 0, 0, 0, 0, 0
0, 0, 0, 0, 0, 0, 0
0, 0, 0, 0, 0, 0, 0
0, 0, 0, 0, 0, 0, 0
0, 0, 0, 0, 0, 0, 0
0, 0, 0, 0, 0, 0, 0
0, 0, 0, 0, 0, 0, 0
0, 0, 0, 0, 0, 0, 0
0, 0, 0, 0, 0, 0, 0
0, 0, 0, 0, 0, 0, 0
0, 0, 0, 0, 0, 0, 0
0, 0, 0, 0, 0, 0, 0
0, 0, 0, 0, 0, 0, 0
0, 0, 0, 0, 0, 0, 0
0, 0, 0, 0, 0, 0, 0
0, 0, 0, 0, 0, 0, 0
0, 0, 0, 0, 0, 0, 0
0, 0, 0, 0, 0, 0, 0
0, 0, 0, 0, 0, 0, 0
0, 0, 0, 0, 0, 0, 0
0, 0, 0, 0, 0, 0, 0
0, 0, 0, 0, 0, 0, 0
0, 0, 0, 0, 0, 0, 0
0, 0, 0, 0, 0, 0, 0
0, 0, 0, 0, 0, 0, 0
0, 0, 0, 0, 0, 0, 0
0, 0, 0, 0, 0, 0, 0
0, 0, 0, 0, 0, 0, 0
0, 0, 0, 0, 0, 0, 0
0, 0, 0, 0, 0, 0, 0
0, 0, 0, 0, 0, 0, 0
0, 0, 0, 0, 0, 0, 0
0, 0, 0, 0, 0, 0, 0
0, 0, 0, 0, 0, 0, 0
0, 0, 0, 0, 0, 0, 0
0, 0, 0, 0, 0, 0, 0
0, 0, 0, 0, 0, 0, 0
0, 0, 0, 0, 0, 0, 0
0, 0, 0, 0, 0, 0, 0
0, 0, 0, 0, 0, 0, 0
0, 0, 0, 0, 0, 0, 0
0, 0, 0, 0, 0, 0, 0
0, 0, 0, 0, 0, 0, 0
0, 0, 0, 0, 0, 0, 0
0, 0, 0, 0, 0, 0, 0
0, 0, 0, 0, 0, 0, 0
0, 0, 0, 0, 0, 0, 0
0, 0, 0, 0, 0, 0, 0
0, 0, 0, 0, 0, 0, 0
0, 0, 0, 0, 0, 0, 0
0, 0, 0, 0, 0, 0, 0
0, 0, 0, 0, 0, 0, 0
0, 0, 0, 0, 0, 0, 0
0, 0, 0, 0, 0, 0, 0
0, 0, 0, 0, 0, 0, 0
0, 0, 0, 0, 0, 0, 0
0, 0, 0, 0, 0, 0, 0
0, 0, 0, 0, 0, 0, 0
0, 0, 0, 0, 0, 0, 0
0, 0, 0, 0, 0, 0, 0
0, 0, 0, 0, 0, 0, 0
0, 0, 0, 0, 0, 0, 0
0, 0, 0, 0, 0, 0, 0
0, 0, 0, 0, 0, 0, 0
0, 0, 0, 0, 0, 0, 0
0, 0, 0, 0, 0, 0, 0
0, 0, 0, 0, 0, 0, 0
0, 0, 0, 0, 0, 0, 0
0, 0, 0, 0, 0, 0, 0
0, 0, 0, 0, 0, 0, 0
0, 0, 0, 0, 0, 0, 0
0, 0, 0, 0, 0, 0, 0
0, 0, 0, 0, 0, 0, 0
0, 0, 0, 0, 0, 0, 0
0, 0, 0, 0, 0, 0, 0
0, 0, 0, 0, 0, 0, 0
0, 0, 0, 0, 0, 0, 0
0, 0, 0, 0, 0, 0, 0
0, 0, 0, 0, 0, 0, 0
0, 0, 0, 0, 0, 0, 0
0, 0, 0, 0, 0, 0, 0
0, 0, 0, 0, 0, 0, 0
0, 0, 0, 0, 0, 0, 0
0, 0, 0, 0, 0, 0, 0
0, 0, 0, 0, 0, 0, 0
0, 0, 0, 0, 0, 0, 0
0, 0, 0, 0, 0, 0, 0
0, 0, 0, 0, 0, 0, 0
0, 0, 0, 0, 0, 0, 0
0, 0, 0, 0, 0, 0, 0
0, 0, 0, 0, 0, 0, 0
0, 0, 0, 0, 0, 0, 0
0, 0, 0, 0, 0, 0, 0
0, 0, 0, 0, 0, 0, 0
0, 0, 0, 0, 0, 0, 0
0, 0, 0, 0, 0, 0, 0
0, 0, 0, 0, 0, 0, 0
0, 0, 0, 0, 0, 0, 0
0, 0, 0, 0, 0, 0, 0
0, 0, 0, 0, 0, 0, 0
0, 0, 0, 0, 0, 0, 0
0, 0, 0, 0, 0, 0, 0
0, 0, 0, 0, 0, 0, 0
0, 0, 0, 0, 0, 0, 0
0, 0, 0, 0, 0, 0, 0
0, 0, 0, 0, 0, 0, 0
0, 0, 0, 0, 0, 0, 0
0, 0, 0, 0, 0, 0, 0
0, 0, 0, 0, 0, 0, 0
0, 0, 0, 0, 0, 0, 0
0, 0, 0, 0, 0, 0, 0
0, 0, 0, 0, 0, 0, 0
0, 0, 0, 0, 0, 0, 0
0, 0, 0, 0, 0, 0, 0
0, 0, 0, 0, 0, 0, 0
0, 0, 0, 0, 0, 0, 0
0, 0, 0, 0, 0, 0, 0
0, 0, 0, 0, 0, 0, 0
0, 0, 0, 0, 0, 0, 0
0, 0, 0, 0, 0, 0, 0
0, 0, 0, 0, 0, 0, 0
0, 0, 0, 0, 0, 0, 0
0, 0, 0, 0, 0, 0, 0
0, 0, 0, 0, 0, 0, 0
0, 0, 0, 0, 0, 0, 0
0, 0, 0, 0, 0, 0, 0
0, 0, 0, 0, 0, 0, 0
0, 0, 0, 0, 0, 0, 0
0, 0, 0, 0, 0, 0, 0
0, 0, 0, 0, 0, 0, 0
0, 0, 0, 0, 0, 0, 0
0, 0, 0, 0, 0, 0, 0
0, 0, 0, 0, 0, 0, 0
0, 0, 0, 0, 0, 0, 0
0, 0, 0, 0, 0, 0, 0
0, 0, 0, 0, 0, 0, 0
0, 0, 0, 0, 0, 0, 0
0, 0, 0, 0, 0, 0, 0
0, 0, 0, 0, 0, 0, 0
0, 0, 0, 0, 0, 0, 0
0, 0, 0, 0, 0, 0, 0
0, 0, 0, 0, 0, 0, 0
0, 0, 0, 0, 0, 0, 0
0, 0, 0, 0, 0, 0, 0
0, 0, 0, 0, 0, 0, 0
0, 0, 0, 0, 0, 0, 0
0, 0, 0, 0, 0, 0, 0
0, 0, 0, 0, 0, 0, 0
0, 0, 0, 0, 0, 0, 0
0, 0, 0, 0, 0, 0, 0
0, 0, 0, 0, 0, 0, 0
0, 0, 0, 0, 0, 0, 0
0, 0, 0, 0, 0, 0, 0
0, 0, 0, 0, 0, 0, 0
0, 0, 0, 0, 0, 0, 0
0, 0, 0, 0, 0, 0, 0
0, 0, 0, 0, 0, 0, 0
0, 0, 0, 0, 0, 0, 0
0, 0, 0, 0, 0, 0, 0
0, 0, 0, 0, 0, 0, 0
0, 0, 0, 0, 0, 0, 0
0, 0, 0, 0, 0, 0, 0
0, 0, 0, 0, 0, 0, 0
0, 0, 0, 0, 0, 0, 0
0, 0, 0, 0, 0, 0, 0
0, 0, 0, 0, 0, 0, 0
0, 0, 0, 0, 0, 0, 0
0, 0, 0, 0, 0, 0, 0
0, 0, 0, 0, 0, 0, 0
0, 0, 0, 0, 0, 0, 0
0, 0, 0, 0, 0, 0, 0
0, 0, 0, 0, 0, 0, 0
0, 0, 0, 0, 0, 0, 0
0, 0, 0, 0, 0, 0, 0
0, 0, 0, 0, 0, 0, 0
0, 0, 0, 0, 0, 0, 0
0, 0, 0, 0, 0, 0, 0
0, 0, 0, 0, 0, 0, 0
0, 0, 0, 0, 0, 0, 0
0, 0, 0, 0, 0, 0, 0
0, 0, 0, 0, 0, 0, 0
0, 0, 0, 0, 0, 0, 0
0, 0, 0, 0, 0, 0, 0
0, 0, 0, 0, 0, 0, 0
0, 0, 0, 0, 0, 0, 0
0, 0, 0, 0, 0, 0, 0
0, 0, 0, 0, 0, 0, 0
0, 0, 0, 0, 0, 0, 0
0, 0, 0, 0, 0, 0, 0
0, 0, 0, 0, 0, 0, 0
0, 0, 0, 0, 0, 0, 0
0, 0, 0, 0, 0, 0, 0
0, 0, 0, 0, 0, 0, 0
0, 0, 0, 0, 0, 0, 0
0, 0, 0, 0, 0, 0, 0
0, 0, 0, 0, 0, 0, 0
0, 0, 0, 0, 0, 0, 0
0, 0, 0, 0, 0, 0, 0
0, 0, 0, 0, 0, 0, 0
0, 0, 0, 0, 0, 0, 0
0, 0, 0, 0, 0, 0, 0
0, 0, 0, 0, 0, 0, 0
0, 0, 0, 0, 0, 0, 0
0, 0, 0, 0, 0, 0, 0
0, 0, 0, 0, 0, 0, 0
0, 0, 0, 0, 0, 0, 0
0, 0, 0, 0, 0, 0, 0
0, 0, 0, 0, 0, 0, 0
0, 0, 0, 0, 0, 0, 0
0, 0, 0, 0, 0, 0, 0
0, 0, 0, 0, 0, 0, 0
0, 0, 0, 0, 0, 0, 0
0, 0, 0, 0, 0, 0, 0
0, 0, 0, 0, 0, 0, 0
0, 0, 0, 0, 0, 0, 0
0, 0, 0, 0, 0, 0, 0
0, 0, 0, 0, 0, 0, 0
0, 0, 0, 0, 0, 0, 0
0, 0, 0, 0, 0, 0, 0
0, 0, 0, 0, 0, 0, 0
0, 0, 0, 0, 0, 0, 0
0, 0, 0, 0, 0, 0, 0
0, 0, 0, 0, 0, 0, 0
0, 0, 0, 0, 0, 0, 0
0, 0, 0, 0, 0, 0, 0
0, 0, 0, 0, 0, 0, 0
0, 0, 0, 0, 0, 0, 0
0, 0, 0, 0, 0, 0, 0
0, 0, 0, 0, 0, 0, 0
0, 0, 0, 0, 0, 0, 0
0, 0, 0, 0, 0, 0, 0
0, 0, 0, 0, 0, 0, 0
0, 0, 0, 0, 0, 0, 0
0, 0, 0, 0, 0, 0, 0
0, 0, 0, 0, 0, 0, 0
0, 0, 0, 0, 0, 0, 0
0, 0, 0, 0, 0, 0, 0
0, 0, 0, 0, 0, 0, 0
0, 0, 0, 0, 0, 0, 0
0, 0, 0, 0, 0, 0, 0
0, 0, 0, 0, 0, 0, 0
0, 0, 0, 0, 0, 0, 0
0, 0, 0, 0, 0, 0, 0
0, 0, 0, 0, 0, 0, 0
0, 0, 0, 0, 0, 0, 0
0, 0, 0, 0, 0, 0, 0
0, 0, 0, 0, 0, 0, 0
0, 0, 0, 0, 0, 0, 0
0, 0, 0, 0, 0, 0, 0
0, 0, 0, 0, 0, 0, 0
0, 0, 0, 0, 0, 0, 0
0, 0, 0, 0, 0, 0, 0
0, 0, 0, 0, 0, 0, 0
0, 0, 0, 0, 0, 0, 0
0, 0, 0, 0, 0, 0, 0
0, 0, 0, 0, 0, 0, 0
0, 0, 0, 0, 0, 0, 0
0, 0, 0, 0, 0, 0, 0
0, 0, 0, 0, 0, 0, 0
0, 0, 0, 0, 0, 0, 0
0, 0, 0, 0, 0, 0, 0
0, 0, 0, 0, 0, 0, 0
0, 0, 0, 0, 0, 0, 0
0, 0, 0, 0, 0, 0, 0
0, 0, 0, 0, 0, 0, 0
0, 0, 0, 0, 0, 0, 0
0, 0, 0, 0, 0, 0, 0
0, 0, 0, 0, 0, 0, 0
0, 0, 0, 0, 0, 0, 0
0, 0, 0, 0, 0, 0, 0
0, 0, 0, 0, 0, 0, 0
0, 0, 0, 0, 0, 0, 0
0, 0, 0, 0, 0, 0, 0
0, 0, 0, 0, 0, 0, 0
0, 0, 0, 0, 0, 0, 0
0, 0, 0, 0, 0, 0, 0
0, 0, 0, 0, 0, 0, 0
0, 0, 0, 0, 0, 0, 0
0, 0, 0, 0, 0, 0, 0
0, 0, 0, 0, 0, 0, 0
0, 0, 0, 0, 0, 0, 0
0, 0, 0, 0, 0, 0, 0
0, 0, 0, 0, 0, 0, 0
0, 0, 0, 0, 0, 0, 0
0, 0, 0, 0, 0, 0, 0
0, 0, 0, 0, 0, 0, 0
0, 0, 0, 0, 0, 0, 0
0, 0, 0, 0, 0, 0, 0
0, 0, 0, 0, 0, 0, 0
0, 0, 0, 0, 0, 0, 0
0, 0, 0, 0, 0, 0, 0
0, 0, 0, 0, 0, 0, 0
0, 0, 0, 0, 0, 0, 0
0, 0, 0, 0, 0, 0, 0
0, 0, 0, 0, 0, 0, 0
0, 0, 0, 0, 0, 0, 0
0, 0, 0, 0, 0, 0, 0
0, 0, 0, 0, 0, 0, 0
0, 0, 0, 0, 0, 0, 0
0, 0, 0, 0, 0, 0, 0
0, 0, 0, 0, 0, 0, 0
0, 0, 0, 0, 0, 0, 0
0, 0, 0, 0, 0, 0, 0
0, 0, 0, 0, 0, 0, 0
0, 0, 0, 0, 0, 0, 0
0, 0, 0, 0, 0, 0, 0
0, 0, 0, 0, 0, 0, 0
0, 0, 0, 0, 0, 0, 0
0, 0, 0, 0, 0, 0, 0
0, 0, 0, 0, 0, 0, 0
0, 0, 0, 0, 0, 0, 0
0, 0, 0, 0, 0, 0, 0
0, 0, 0, 0, 0, 0, 0
0, 0, 0, 0, 0, 0, 0
0, 0, 0, 0, 0, 0, 0
0, 0, 0, 0, 0, 0, 0
0, 0, 0, 0, 0, 0, 0
0, 0, 0, 0, 0, 0, 0
0, 0, 0, 0, 0, 0, 0
0, 0, 0, 0, 0, 0, 0
0, 0, 0, 0, 0, 0, 0
0, 0, 0, 0, 0, 0, 0
0, 0, 0, 0, 0, 0, 0
0, 0, 0, 0, 0, 0, 0
0, 0, 0, 0, 0, 0, 0
0, 0, 0, 0, 0, 0, 0
0, 0, 0, 0, 0, 0, 0
0, 0, 0, 0, 0, 0, 0
0, 0, 0, 0, 0, 0, 0
0, 0, 0, 0, 0, 0, 0
0, 0, 0, 0, 0, 0, 0
0, 0, 0, 0, 0, 0, 0
0, 0, 0, 0, 0, 0, 0
0, 0, 0, 0, 0, 0, 0
0, 0, 0, 0, 0, 0, 0
0, 0, 0, 0, 0, 0, 0
0, 0, 0, 0, 0, 0, 0
0, 0, 0, 0, 0, 0, 0
0, 0, 0, 0, 0, 0, 0
0, 0, 0, 0, 0, 0, 0
0, 0, 0, 0, 0, 0, 0
0, 0, 0, 0, 0, 0, 0
0, 0, 0, 0, 0, 0, 0
0, 0, 0, 0, 0, 0, 0
0, 0, 0, 0, 0, 0, 0
0, 0, 0, 0, 0, 0, 0
0, 0, 0, 0, 0, 0, 0
0, 0, 0, 0, 0, 0, 0
0, 0, 0, 0, 0, 0, 0
0, 0, 0, 0, 0, 0, 0
0, 0, 0, 0, 0, 0, 0
0, 0, 0, 0, 0, 0, 0
0, 0, 0, 0, 0, 0, 0
0, 0, 0, 0, 0, 0, 0
0, 0, 0, 0, 0, 0, 0
0, 0, 0, 0, 0, 0, 0
0, 0, 0, 0, 0, 0, 0
0, 0, 0, 0, 0, 0, 0
0, 0, 0, 0, 0, 0, 0
0, 0, 0, 0, 0, 0, 0
0, 0, 0, 0, 0, 0, 0
0, 0, 0, 0, 0, 0, 0
0, 0, 0, 0, 0, 0, 0
0, 0, 0, 0, 0, 0, 0
0, 0, 0, 0, 0, 0, 0
0, 0, 0, 0, 0, 0, 0
0, 0, 0, 0, 0, 0, 0
0, 0, 0, 0, 0, 0, 0
0, 0, 0, 0, 0, 0, 0
0, 0, 0, 0, 0, 0, 0
0, 0, 0, 0, 0, 0, 0
0, 0, 0, 0, 0, 0, 0
0, 0, 0, 0, 0, 0, 0
0, 0, 0, 0, 0, 0, 0
0, 0, 0, 0, 0, 0, 0
0, 0, 0, 0, 0, 0, 0
0, 0, 0, 0, 0, 0, 0
0, 0, 0, 0, 0, 0, 0
0, 0, 0, 0, 0, 0, 0
0, 0, 0, 0, 0, 0, 0
0, 0, 0, 0, 0, 0, 0
0, 0, 0, 0, 0, 0, 0
0, 0, 0, 0, 0, 0, 0
0, 0, 0, 0, 0, 0, 0
0, 0, 0, 0, 0, 0, 0
0, 0, 0, 0, 0, 0, 0
0, 0, 0, 0, 0, 0, 0
0, 0, 0, 0, 0, 0, 0
0, 0, 0, 0, 0, 0, 0
0, 0, 0, 0, 0, 0, 0
0, 0, 0, 0, 0, 0, 0
0, 0, 0, 0, 0, 0, 0
0, 0, 0, 0, 0, 0, 0
0, 0, 0, 0, 0, 0, 0
0, 0, 0, 0, 0, 0, 0
0, 0, 0, 0, 0, 0, 0
0, 0, 0, 0, 0, 0, 0
0, 0, 0, 0, 0, 0, 0
0, 0, 0, 0, 0, 0, 0
0, 0, 0, 0, 0, 0, 0
0, 0, 0, 0, 0, 0, 0
0, 0, 0, 0, 0, 0, 0
0, 0, 0, 0, 0, 0, 0
0, 0, 0, 0, 0, 0, 0
0, 0, 0, 0, 0, 0, 0
0, 0, 0, 0, 0, 0, 0
0, 0, 0, 0, 0, 0, 0
0, 0, 0, 0, 0, 0, 0
0, 0, 0, 0, 0, 0, 0
0, 0, 0, 0, 0, 0, 0
0, 0, 0, 0, 0, 0, 0
0, 0, 0, 0, 0, 0, 0
0, 0, 0, 0, 0, 0, 0
0, 0, 0, 0, 0, 0, 0
0, 0, 0, 0, 0, 0, 0
0, 0, 0, 0, 0, 0, 0
0, 0, 0, 0, 0, 0, 0
0, 0, 0, 0, 0, 0, 0
0, 0, 0, 0, 0, 0, 0
0, 0, 0, 0, 0, 0, 0
0, 0, 0, 0, 0, 0, 0
0, 0, 0, 0, 0, 0, 0
0, 0, 0, 0, 0, 0, 0
0, 0, 0, 0, 0, 0, 0
0, 0, 0, 0, 0, 0, 0
0, 0, 0, 0, 0, 0, 0
0, 0, 0, 0, 0, 0, 0
0, 0, 0, 0, 0, 0, 0
0, 0, 0, 0, 0, 0, 0
0, 0, 0, 0, 0, 0, 0
0, 0, 0, 0, 0, 0, 0
0, 0, 0, 0, 0, 0, 0
0, 0, 0, 0, 0, 0, 0
0, 0, 0, 0, 0, 0, 0
0, 0, 0, 0, 0, 0, 0
0, 0, 0, 0, 0, 0, 0
0, 0, 0, 0, 0, 0, 0
0, 0, 0, 0, 0, 0, 0
0, 0, 0, 0, 0, 0, 0
0, 0, 0, 0, 0, 0, 0
0, 0, 0, 0, 0, 0, 0
0, 0, 0, 0, 0, 0, 0
0, 0, 0, 0, 0, 0, 0
0, 0, 0, 0, 0, 0, 0
0, 0, 0, 0, 0, 0, 0
0, 0, 0, 0, 0, 0, 0
0, 0, 0, 0, 0, 0, 0
0, 0, 0, 0, 0, 0, 0
0, 0, 0, 0, 0, 0, 0
0, 0, 0, 0, 0, 0, 0
0, 0, 0, 0, 0, 0, 0
0, 0, 0, 0, 0, 0, 0
0, 0, 0, 0, 0, 0, 0
0, 0, 0, 0, 0, 0, 0
0, 0, 0, 0, 0, 0, 0
0, 0, 0, 0, 0, 0, 0
0, 0, 0, 0, 0, 0, 0
0, 0, 0, 0, 0, 0, 0
0, 0, 0, 0, 0, 0, 0
0, 0, 0, 0, 0, 0, 0
0, 0, 0, 0, 0, 0, 0
0, 0, 0, 0, 0, 0, 0
0, 0, 0, 0, 0, 0, 0
0, 0, 0, 0, 0, 0, 0
0, 0, 0, 0, 0, 0, 0
0, 0, 0, 0, 0, 0, 0
0, 0, 0, 0, 0, 0, 0
0, 0, 0, 0, 0, 0, 0
0, 0, 0, 0, 0, 0, 0
0, 0, 0, 0, 0, 0, 0
0, 0, 0, 0, 0, 0, 0
0, 0, 0, 0, 0, 0, 0
0, 0, 0, 0, 0, 0, 0
0, 0, 0, 0, 0, 0, 0
0, 0, 0, 0, 0, 0, 0
0, 0, 0, 0, 0, 0, 0
0, 0, 0, 0, 0, 0, 0
0, 0, 0, 0, 0, 0, 0
0, 0, 0, 0, 0, 0, 0
0, 0, 0, 0, 0, 0, 0
0, 0, 0, 0, 0, 0, 0
0, 0, 0, 0, 0, 0, 0
0, 0, 0, 0, 0, 0, 0
0, 0, 0, 0, 0, 0, 0
0, 0, 0, 0, 0, 0, 0
0, 0, 0, 0, 0, 0, 0
0, 0, 0, 0, 0, 0, 0
0, 0, 0, 0, 0, 0, 0
0, 0, 0, 0, 0, 0, 0
0, 0, 0, 0, 0, 0, 0
0, 0, 0, 0, 0, 0, 0
0, 0, 0, 0, 0, 0, 0
0, 0, 0, 0, 0, 0, 0
0, 0, 0, 0, 0, 0, 0
0, 0, 0, 0, 0, 0, 0
0, 0, 0, 0, 0, 0, 0
0, 0, 0, 0, 0, 0, 0
0, 0, 0, 0, 0, 0, 0
0, 0, 0, 0, 0, 0, 0
0, 0, 0, 0, 0, 0, 0
0, 0, 0, 0, 0, 0, 0
0, 0, 0, 0, 0, 0, 0
0, 0, 0, 0, 0, 0, 0
0, 0, 0, 0, 0, 0, 0
0, 0, 0, 0, 0, 0, 0
0, 0, 0, 0, 0, 0, 0
0, 0, 0, 0, 0, 0, 0
0, 0, 0, 0, 0, 0, 0
0, 0, 0, 0, 0, 0, 0
0, 0, 0, 0, 0, 0, 0
0, 0, 0, 0, 0, 0, 0
0, 0, 0, 0, 0, 0, 0
0, 0, 0, 0, 0, 0, 0
0, 0, 0, 0, 0, 0, 0
0, 0, 0, 0, 0, 0, 0
0, 0, 0, 0, 0, 0, 0
0, 0, 0, 0, 0, 0, 0
0, 0, 0, 0, 0, 0, 0
0, 0, 0, 0, 0, 0, 0
0, 0, 0, 0, 0, 0, 0
0, 0, 0, 0, 0, 0, 0
0, 0, 0, 0, 0, 0, 0
0, 0, 0, 0, 0, 0, 0
0, 0, 0, 0, 0, 0, 0
0, 0, 0, 0, 0, 0, 0
0, 0, 0, 0, 0, 0, 0
0, 0, 0, 0, 0, 0, 0
0, 0, 0, 0, 0, 0, 0
0, 0, 0, 0, 0, 0, 0
0, 0, 0, 0, 0, 0, 0
0, 0, 0, 0, 0, 0, 0
0, 0, 0, 0, 0, 0, 0
0, 0, 0, 0, 0, 0, 0
0, 0, 0, 0, 0, 0, 0
0, 0, 0, 0, 0, 0, 0
0, 0, 0, 0, 0, 0, 0
0, 0, 0, 0, 0, 0, 0
0, 0, 0, 0, 0, 0, 0
0, 0, 0, 0, 0, 0, 0
0, 0, 0, 0, 0, 0, 0
0, 0, 0, 0, 0, 0, 0
0, 0, 0, 0, 0, 0, 0
0, 0, 0, 0, 0, 0, 0
0, 0, 0, 0, 0, 0, 0
0, 0, 0, 0, 0, 0, 0
0, 0, 0, 0, 0, 0, 0
0, 0, 0, 0, 0, 0, 0
0, 0, 0, 0, 0, 0, 0
0, 0, 0, 0, 0, 0, 0
0, 0, 0, 0, 0, 0, 0
0, 0, 0, 0, 0, 0, 0
0, 0, 0, 0, 0, 0, 0
0, 0, 0, 0, 0, 0, 0
0, 0, 0, 0, 0, 0, 0
0, 0, 0, 0, 0, 0, 0
0, 0, 0, 0, 0, 0, 0
0, 0, 0, 0, 0, 0, 0
0, 0, 0, 0, 0, 0, 0
0, 0, 0, 0, 0, 0, 0
0, 0, 0, 0, 0, 0, 0
0, 0, 0, 0, 0, 0, 0
0, 0, 0, 0, 0, 0, 0
0, 0, 0, 0, 0, 0, 0
0, 0, 0, 0, 0, 0, 0
0, 0, 0, 0, 0, 0, 0
0, 0, 0, 0, 0, 0, 0
0, 0, 0, 0, 0, 0, 0
0, 0, 0, 0, 0, 0, 0
0, 0, 0, 0, 0, 0, 0
0, 0, 0, 0, 0, 0, 0
0, 0, 0, 0, 0, 0, 0
0, 0, 0, 0, 0, 0, 0
0, 0, 0, 0, 0, 0, 0
0, 0, 0, 0, 0, 0, 0
0, 0, 0, 0, 0, 0, 0
0, 0, 0, 0, 0, 0, 0
0, 0, 0, 0, 0, 0, 0
0, 0, 0, 0, 0, 0, 0
0, 0, 0, 0, 0, 0, 0
0, 0, 0, 0, 0, 0, 0
0, 0, 0, 0, 0, 0, 0
0, 0, 0, 0, 0, 0, 0
0, 0, 0, 0, 0, 0, 0
0, 0, 0, 0, 0, 0, 0
0, 0, 0, 0, 0, 0, 0
0, 0, 0, 0, 0, 0, 0
0, 0, 0, 0, 0, 0, 0
0, 0, 0, 0, 0, 0, 0
0, 0, 0, 0, 0, 0, 0
0, 0, 0, 0, 0, 0, 0
0, 0, 0, 0, 0, 0, 0
0, 0, 0, 0, 0, 0, 0
0, 0, 0, 0, 0, 0, 0
0, 0, 0, 0, 0, 0, 0
0, 0, 0, 0, 0, 0, 0
0, 0, 0, 0, 0, 0, 0
0, 0, 0, 0, 0, 0, 0
0, 0, 0, 0, 0, 0, 0
0, 0, 0, 0, 0, 0, 0
8.888544, 9.0369975, 9.23418175, 9.506260900000001, 9.76070505, 16.10014703, 36.893046
8.888881000000001, 9.047254500000001, 9.24752125, 9.486890500000001, 9.687455250000001, 16.18035541, 23.303856
8.88141225, 9.0475305, 9.246772250000001, 9.5473154, 9.791958, 14.672557599999998, 19.656824
8.88960125, 9.025595, 9.22449375, 9.4715894, 9.689600149999999, 11.122690089999997, 52.853195
8.88733125, 9.0459465, 9.243782000000001, 9.492231199999999, 9.692289449999999, 11.097599, 36.893046
8.89140625, 9.049966, 9.250494750000001, 9.5238938, 9.733125, 14.670271, 36.893046
8.87520425, 9.041405999999998, 9.2417275, 9.5102319, 9.828979200000001, 16.71397765, 20.217992
8.89743275, 9.048608000000002, 9.25044675, 9.532028799999999, 9.76691195, 13.554247, 20.217992
8.882026, 9.054777, 9.257475750000001, 9.546235, 9.8090089, 16.26162101, 24.370709
8.88438675, 9.033304000000001, 9.23738425, 9.505488, 9.75677775, 15.976887, 36.893046
8.889055, 9.054089999999999, 9.24772825, 9.508007600000001, 9.80832175, 16.36254276, 36.893046
8.891183250000001, 9.0383645, 9.244186749999999, 9.5515735, 9.84991325, 16.720722, 23.303856
8.88217725, 9.035206500000001, 9.24991675, 9.502400100000001, 9.73482645, 10.89183775999999, 36.893046
8.8794135, 9.0314455, 9.237008, 9.5256207, 9.77191745, 13.163023519999998, 19.213916
8.8769865, 9.038262, 9.21494275, 9.4699118, 9.709045949999998, 10.80264551, 21.371576
8.887749750000001, 9.042898, 9.262424249999999, 9.5384827, 9.8128938, 16.603863389999997, 23.303856
8.8785325, 9.0458275, 9.232298, 9.5136533, 9.723240800000001, 11.932614419999984, 24.370709
8.89906175, 9.046508, 9.23270825, 9.5127281, 9.6931255, 15.723825249999997, 36.893046
8.88320625, 9.034292, 9.24596, 9.510821000000002, 9.745052399999999, 16.255805119999998, 32.855096
8.884248249999999, 9.045101500000001, 9.2486905, 9.5126569, 9.7951645, 16.79459107, 52.853195
8.878439, 9.030160500000001, 9.22929575, 9.499227, 9.72498085, 14.898931, 36.893046
8.8758015, 9.0323005, 9.221488, 9.4840146, 9.7088467, 14.79156533999999, 32.855096
8.88999725, 9.046535500000001, 9.248423, 9.530922, 9.749799399999999, 14.195412589999998, 52.853195
8.8866905, 9.030294999999999, 9.22258175, 9.497367, 9.7564958, 14.451942559999997, 21.371576
8.892947750000001, 9.0448305, 9.243254499999999, 9.5109476, 9.74123715, 14.394631239999997, 21.371576
8.883394, 9.037947500000001, 9.2530465, 9.5102287, 9.765831449999999, 14.90866716999999, 21.371576
8.884037249999999, 9.033871000000001, 9.237163, 9.5080217, 9.792362549999998, 16.365348589999996, 19.645042
8.8822735, 9.034400000000002, 9.225626, 9.4867895, 9.734991749999999, 14.907164919999992, 36.893046
8.895103, 9.0487395, 9.25378175, 9.5016773, 9.714958399999999, 11.257720649999998, 22.552578
8.864503, 9.003972000000001, 9.179298750000001, 9.4407818, 9.842237099999998, 11.852057529999989, 35.734803
8.8696405, 9.007814, 9.1952985, 9.463746, 10.014212849999996, 11.999339, 35.734803
8.86384, 9.007060500000001, 9.189838, 9.476735099999999, 10.005544299999997, 12.330609639999997, 35.734803
8.8643685, 9.0029425, 9.18139, 9.4446254, 9.971035699999998, 12.222929099999986, 35.734803
8.865721, 9.005196, 9.170922, 9.4607981, 9.896695199999998, 12.391161229999993, 35.734803
8.86179825, 8.9977885, 9.17198475, 9.472754100000001, 10.160215449999999, 12.312602529999992, 37.448702
8.86539475, 9.002014500000001, 9.18697175, 9.444880399999999, 9.95983, 11.922695769999988, 16.295498
8.871797, 9.005045500000001, 9.17999025, 9.481237199999999, 10.06522, 12.00816916999999, 35.330604
8.85849, 9.0035675, 9.1842525, 9.4664234, 9.897148449999994, 12.316360659999987, 35.487972
8.873911, 9.008588, 9.17555625, 9.465608, 9.9923587, 12.071412479999976, 35.734803
8.865466, 9.007724, 9.17341525, 9.42016, 9.9982166, 11.895120679999994, 33.51644
8.8682795, 9.0084165, 9.195523, 9.485162099999998, 10.0333125, 11.970524529999995, 35.330604
8.868959, 9.007208, 9.182876, 9.4338461, 9.899945849999998, 11.83972962999999, 13.537814
8.86016875, 8.998334499999999, 9.17524, 9.439456999999999, 9.896695199999998, 11.93292246999999, 35.487972
8.85997375, 8.9945715, 9.174587, 9.4383626, 9.918765849999998, 12.048208349999994, 35.330604
8.86479, 9.002675, 9.1752345, 9.4596301, 10.0044173, 12.312273, 35.734803
8.873921750000001, 9.005575499999999, 9.179186000000001, 9.476735099999999, 10.030596699999998, 11.938839599999994, 35.734803
8.867323500000001, 9.000217, 9.178265499999998, 9.449913, 9.904375, 11.713672239999998, 37.448702
8.865643500000001, 9.0019125, 9.179747, 9.4721799, 10.037369, 11.913369009999995, 37.448702
8.8702515, 9.013252999999999, 9.19421825, 9.4518217, 9.91344, 11.939953999999968, 37.448702
8.862803, 9.002718999999999, 9.18101, 9.417081, 9.860998349999997, 11.913428409999995, 37.448702
8.873606, 9.007746, 9.186289, 9.440294, 9.997939, 11.898029969999996, 37.448702
8.871067, 9.005510999999998, 9.18723825, 9.4626924, 9.998310049999999, 11.970582469999993, 37.448702
8.8638885, 8.9997635, 9.1797975, 9.4390328, 9.91097885, 12.048229309999995, 37.448702
8.871723, 9.003573, 9.168865499999999, 9.4404383, 9.913566649999998, 11.816192349999985, 35.734803
8.870526, 9.0127135, 9.190376, 9.461879999999999, 9.992624699999999, 12.170292939999987, 37.448702
8.86915, 9.00752, 9.1881705, 9.459578, 9.96183685, 11.970524529999995, 35.734803
8.870664000000001, 9.0038935, 9.177332499999999, 9.4188806, 9.857582999999996, 11.95858713, 35.330604
8.8629505, 8.99512, 9.16826075, 9.421716, 9.933381949999998, 11.961075, 29.227148
8.86915825, 9.013091, 9.17945675, 9.446368, 10.08763565, 11.938814469999995, 37.448702
8.86192025, 9.0035675, 9.173414, 9.427476, 9.941154449999997, 12.074361929999956, 35.734803
8.8629155, 8.9966115, 9.17043325, 9.430244, 9.870239, 11.875314869999993, 35.734803
8.872347, 9.00448, 9.170832, 9.4862814, 10.068433049999998, 11.89654, 35.487972
8.8581275, 8.993164, 9.169261500000001, 9.410998999999999, 9.920967, 11.91362787999999, 35.734803
8.872305749999999, 9.0053935, 9.173734249999999, 9.4394697, 9.918332, 11.938814469999995, 37.448702
8.868625, 9.0001675, 9.183431, 9.4591532, 9.974078599999999, 11.993602939999997, 37.448702
8.864984250000001, 9.00835, 9.18347, 9.4505011, 9.95293145, 11.897930429999999, 35.330604
8.86947575, 9.0060105, 9.177195, 9.4425678, 9.971022949999998, 11.795578049999992, 35.734803
8.8638835, 9.010908, 9.178973, 9.443344699999999, 9.921953649999994, 11.780279449999993, 35.734803
8.864671, 9.000982, 9.17340025, 9.4220702, 9.778486749999999, 11.713672239999998, 35.734803
8.86539475, 9.004645, 9.179422500000001, 9.4655565, 10.068179899999999, 12.05613886999996, 37.448702
8.874878, 9.012382500000001, 9.189205, 9.455518, 9.915973, 11.678355569999999, 37.448702
8.86330125, 9.004546000000001, 9.190939, 9.480888, 10.004476299999999, 11.922215, 35.734803
8.8688225, 9.0124995, 9.18743475, 9.4811739, 10.004867899999999, 11.96149513999999, 37.448702
8.8704155, 9.004814, 9.18523775, 9.458109, 9.896459749999998, 11.970524529999995, 35.330604
8.86258, 9.003106, 9.1721515, 9.421174500000001, 10.003491, 11.89486393, 35.330604
8.8638885, 8.9944, 9.18382475, 9.466553, 10.041665, 11.993602939999997, 33.51644
8.86173125, 9.005163, 9.1762295, 9.4574477, 10.0897504, 12.223577699999993, 37.448702
8.859967, 8.991591, 9.1683645, 9.4581344, 9.905263, 11.780132279999997, 35.734803
8.859507, 9.0012765, 9.19302725, 9.4585925, 9.965731199999997, 12.00353794999999, 33.51644
8.868149, 9.002718999999999, 9.179454750000001, 9.4629838, 9.993210149999996, 12.312273, 35.734803
8.885611749999999, 9.0461965, 9.242944, 9.5198362, 9.809906400000001, 15.574478729999996, 52.853195
8.89152225, 9.054959499999999, 9.240579499999999, 9.5098908, 9.7331708, 11.753053379999987, 52.853195
8.89640925, 9.0690195, 9.252791, 9.4977918, 9.70905785, 11.199167159999998, 32.855096
8.88733125, 9.0334925, 9.23974525, 9.5414317, 9.80857995, 16.26121194, 52.853195
8.89248625, 9.044704, 9.25295725, 9.531872700000001, 9.875016, 16.26019, 24.370709
8.87504475, 9.031326499999999, 9.2152875, 9.484264, 9.71207735, 13.61904774, 22.552578
8.8798025, 9.051686499999999, 9.261000249999999, 9.5434793, 9.81051555, 13.625993919999992, 18.344529
8.878737000000001, 9.044242, 9.231611749999999, 9.4848118, 9.764608, 16.05910689, 20.217992
8.88741, 9.049443499999999, 9.233324, 9.5284431, 9.76867605, 16.099406520000002, 52.853195
8.886513749999999, 9.0393725, 9.242043, 9.552235900000001, 9.786760899999999, 13.920011019999997, 32.855096
8.888675500000002, 9.0407425, 9.23327675, 9.5273587, 9.7731434, 14.60631635, 52.853195
8.89118025, 9.042464500000001, 9.2316055, 9.5430986, 9.75756815, 13.260779679999999, 52.853195
8.891593, 9.0489545, 9.22188375, 9.497408100000001, 9.793025, 16.26121194, 36.893046
8.888078499999999, 9.038736499999999, 9.233457000000001, 9.4965738, 9.70850295, 11.169591169999993, 19.656824
8.886588499999998, 9.039545, 9.24088925, 9.5006961, 9.7401951, 13.728709089999999, 23.303856
0, 0, 0, 0, 0, 0, 0
0, 0, 0, 0, 0, 0, 0
0, 0, 0, 0, 0, 0, 0
0, 0, 0, 0, 0, 0, 0
0, 0, 0, 0, 0, 0, 0
0, 0, 0, 0, 0, 0, 0
0, 0, 0, 0, 0, 0, 0
0, 0, 0, 0, 0, 0, 0
0, 0, 0, 0, 0, 0, 0
0, 0, 0, 0, 0, 0, 0
0, 0, 0, 0, 0, 0, 0
0, 0, 0, 0, 0, 0, 0
0, 0, 0, 0, 0, 0, 0
0, 0, 0, 0, 0, 0, 0
0, 0, 0, 0, 0, 0, 0
0, 0, 0, 0, 0, 0, 0
0, 0, 0, 0, 0, 0, 0
0, 0, 0, 0, 0, 0, 0
0, 0, 0, 0, 0, 0, 0
0, 0, 0, 0, 0, 0, 0
0, 0, 0, 0, 0, 0, 0
0, 0, 0, 0, 0, 0, 0
0, 0, 0, 0, 0, 0, 0
0, 0, 0, 0, 0, 0, 0
0, 0, 0, 0, 0, 0, 0
0, 0, 0, 0, 0, 0, 0
0, 0, 0, 0, 0, 0, 0
0, 0, 0, 0, 0, 0, 0
0, 0, 0, 0, 0, 0, 0
0, 0, 0, 0, 0, 0, 0
0, 0, 0, 0, 0, 0, 0
0, 0, 0, 0, 0, 0, 0
0, 0, 0, 0, 0, 0, 0
0, 0, 0, 0, 0, 0, 0
8.887354, 9.032446, 9.242338499999999, 9.534619, 9.81290615, 13.743673609999993, 23.303856
8.88505825, 9.0338375, 9.227242, 9.5107546, 9.778165, 15.574478729999996, 52.853195
8.89152225, 9.0497665, 9.24518175, 9.5023808, 9.7354984, 16.26162101, 21.371576
8.89152225, 9.057814, 9.238278, 9.4973877, 9.7038122, 12.012820299999984, 19.645042
8.8840425, 9.031490999999999, 9.242308, 9.4982235, 9.757248950000001, 11.19798953, 17.75425
8.8853625, 9.035566, 9.227989749999999, 9.483284699999999, 9.663452, 13.804678829999999, 24.370709
8.8837245, 9.0436655, 9.26605625, 9.559112, 9.80740865, 16.449208249999998, 32.855096
8.8791465, 9.039074, 9.24736475, 9.546235, 9.757871199999999, 16.25468784, 24.370709
8.87997875, 9.0335025, 9.225486, 9.5099513, 9.713367349999999, 10.883303599999998, 21.371576
8.878971499999999, 9.030773499999999, 9.229717, 9.530821, 9.80693065, 14.907164919999992, 20.217992
8.889581, 9.040077, 9.22621, 9.4975143, 9.77230625, 14.41651684, 21.371576
8.872086, 9.039242, 9.247545, 9.552612800000002, 9.799428, 15.872548, 22.552578
8.9014685, 9.045501999999999, 9.2534815, 9.509044099999999, 9.75601515, 13.920596509999996, 17.75425
8.88708225, 9.047965999999999, 9.249988, 9.5340485, 9.8391935, 14.419520179999997, 52.853195
8.885962249999999, 9.035616000000001, 9.2299605, 9.5007412, 9.71630265, 13.246953809999987, 52.853195
8.882113, 9.038178, 9.23836975, 9.5013728, 9.73552765, 14.453206909999997, 52.853195
8.880448, 9.035402000000001, 9.243694, 9.5337713, 9.773925, 11.985652159999988, 21.371576
8.8807285, 9.0379845, 9.230803, 9.449944, 9.694298299999998, 16.111423709999997, 19.892145
8.886791, 9.031885500000001, 9.22882875, 9.480218, 9.686798849999999, 12.00736978999999, 19.656824
8.878665999999999, 9.035564, 9.2336925, 9.4983283, 9.73877, 14.743940999999989, 52.853195
8.8894245, 9.037516499999999, 9.22648175, 9.530922, 9.76401005, 16.406325159999998, 52.853195
8.88069825, 9.038616000000001, 9.248279, 9.51868, 9.771584950000001, 15.266299859999997, 52.853195
8.897614, 9.042517, 9.22833225, 9.5352856, 9.7613077, 15.575795179999995, 19.645042
8.8898495, 9.043384, 9.237436500000001, 9.498878699999999, 9.76498245, 14.778363, 23.303856
8.873435, 9.037847, 9.2286435, 9.460833, 9.716758050000001, 15.877605119999995, 32.855096
8.874338000000002, 9.038102, 9.222873, 9.5112617, 9.741370649999999, 11.70211302999998, 32.855096
8.89250525, 9.047326, 9.2567375, 9.5558305, 9.835861999999999, 16.099406520000002, 24.370709
8.888826, 9.052253, 9.24934025, 9.492092, 9.764849250000001, 11.91519639, 52.853195
8.8861085, 9.033473, 9.229158, 9.480517, 9.7245743, 13.235582829999997, 19.892145
8.8833015, 9.0405745, 9.221091999999999, 9.4600596, 9.7134745, 11.09785739, 20.217992
8.87902725, 9.0310135, 9.23777775, 9.5265198, 9.753471099999999, 14.736804409999994, 19.892145
8.898505, 9.034949000000001, 9.2257185, 9.5109466, 9.71648685, 14.19507232, 22.552578
8.888299250000001, 9.042033, 9.228659, 9.477434200000001, 9.66688725, 13.618961919999998, 24.370709
8.876475000000001, 9.038354, 9.2344005, 9.50642, 9.765831449999999, 11.258593329999998, 24.370709
8.891303, 9.038969, 9.245425749999999, 9.4972726, 9.71156165, 15.267818949999995, 23.303856
8.8791465, 9.043781, 9.23222275, 9.4995048, 9.725489099999999, 11.163599429999998, 36.893046
8.889067, 9.0400755, 9.2354045, 9.4965954, 9.73319675, 11.985390689999988, 22.552578
8.88149325, 9.040309, 9.2317645, 9.498878699999999, 9.71161635, 14.745158099999987, 32.855096
8.88379825, 9.049187499999999, 9.26823075, 9.560167, 9.85229555, 16.2613707, 36.893046
8.877682, 9.033805999999998, 9.2202325, 9.4844008, 9.73072195, 13.235582829999997, 32.855096
8.89231225, 9.042999, 9.256768, 9.5247379, 9.788198199999998, 16.410052529999994, 52.853195
8.879831249999999, 9.033532000000001, 9.22436425, 9.4790684, 9.7091203, 13.618961919999998, 52.853195
8.883394, 9.039085, 9.232174, 9.501252, 9.7135637, 17.07583856, 52.853195
8.877116749999999, 9.0307465, 9.242416500000001, 9.49884, 9.694298299999998, 15.874409599999998, 23.303856
8.89133975, 9.054255999999999, 9.240444, 9.4741045, 9.692470949999999, 11.030824439999991, 23.303856
8.862596250000001, 8.9915465, 9.16740575, 9.4430961, 9.969460699999999, 11.89458366, 14.651023
8.86518575, 9.0025965, 9.1809545, 9.4556702, 10.00353855, 12.007767, 35.734803
8.86263975, 8.993862499999999, 9.17198475, 9.444880399999999, 9.918332, 11.913174, 33.51644
8.860799, 9.0062055, 9.181200500000001, 9.496056, 10.09397684999999, 11.938839599999994, 37.448702
8.868716, 9.0032645, 9.17295075, 9.45891, 10.014522549999995, 12.312273, 37.448702
8.87410475, 9.01017, 9.187991499999999, 9.4571946, 9.91609095, 11.875228479999995, 35.330604
8.87311025, 9.008331, 9.193851500000001, 9.460784, 9.953080649999999, 11.89655337, 35.734803
8.86347625, 8.991272, 9.173304250000001, 9.4718092, 9.9812166, 11.922378999999996, 37.448702
8.870943, 9.005277, 9.1857855, 9.462921, 9.961654, 12.170848299999975, 37.448702
8.86393575, 8.9967855, 9.170239, 9.40822, 9.813628849999999, 11.852143919999987, 35.487972
8.86658, 9.001322, 9.184515, 9.450626999999999, 10.024016999999997, 11.932933869999994, 35.330604
8.870050249999998, 9.004645, 9.18579175, 9.4402319, 10.0650474, 11.932546299999998, 37.448702
8.866416, 8.9987215, 9.1787915, 9.468322, 9.905263, 11.961167169999998, 35.487972
8.868644750000001, 8.9977275, 9.170274, 9.420191399999998, 9.859969, 11.903513249999992, 35.330604
8.86241725, 8.9975535, 9.1629565, 9.3967683, 9.816060599999998, 11.89486393, 15.286468
8.86896325, 9.0019125, 9.1630835, 9.4277998, 9.9407, 11.8948773, 35.330604
8.86920475, 9.005355, 9.1887645, 9.4726862, 10.078466, 12.345226, 35.734803
8.86192025, 8.996247, 9.168865499999999, 9.4202512, 9.8746628, 12.070439959999998, 24.923449
8.873184, 9.003714500000001, 9.18139, 9.454415, 9.965311, 11.903319539999996, 37.448702
8.871737, 9.009959, 9.17731725, 9.4373278, 9.921006599999997, 11.896706339999996, 35.487972
8.863783, 9.001636999999999, 9.17326, 9.4712348, 9.962040399999998, 11.903319539999996, 37.448702
8.863467, 8.9994185, 9.1737935, 9.437902, 10.156958399999999, 12.328372379999996, 37.448702
8.862744750000001, 9.004237, 9.188799, 9.4654596, 9.905671849999997, 11.90322, 37.448702
8.862533500000001, 8.996781, 9.167174, 9.437264, 9.930016299999998, 12.315773, 35.487972
8.87459625, 9.003166, 9.177159, 9.438996, 10.0044173, 11.999423279999998, 37.448702
8.866539, 9.0101455, 9.17297225, 9.439487, 9.910716, 11.961944089999978, 35.734803
8.868503, 8.9978155, 9.169011, 9.422684, 9.83695, 11.83973553999999, 37.448702
8.86598875, 8.994268, 9.173834, 9.445246399999998, 9.913684599999998, 11.89654, 37.448702
8.863845, 9.000633, 9.17646675, 9.47777, 10.174176799999996, 12.071412479999976, 37.448702
8.855627, 8.9977165, 9.167348500000001, 9.4203508, 9.933648499999997, 11.74991429999998, 35.734803
8.870911, 9.003623000000001, 9.18921875, 9.4504701, 10.057708349999999, 12.316360659999987, 35.734803
8.86439475, 8.993078, 9.1632345, 9.456761, 9.981538399999998, 11.932605699999998, 35.487972
8.864473, 9.000985, 9.1792275, 9.465453, 9.992311199999998, 12.277909739999998, 35.734803
8.868868, 9.003301, 9.19012975, 9.440306699999999, 10.020130399999994, 11.932805169999993, 35.330604
8.86855775, 9.002639, 9.18295125, 9.4561557, 9.993162599999996, 12.257208, 37.448702
8.86885625, 9.0051635, 9.1876455, 9.4499572, 9.927693549999995, 11.832284659999997, 37.448702
8.874445999999999, 9.0127965, 9.195348, 9.4718092, 10.004476299999999, 11.903319539999996, 35.330604
8.863318499999998, 9.000422499999999, 9.1750155, 9.4498257, 9.872832149999997, 11.932545, 35.487972
8.86609525, 9.00418, 9.18289725, 9.4202512, 9.829841499999995, 11.874442, 37.448702
8.868618999999999, 9.0037735, 9.181653, 9.4667416, 9.985917299999997, 12.054631639999997, 37.448702
8.8671345, 9.0028905, 9.172742249999999, 9.454415, 9.965311, 11.938615, 29.227148
8.86332225, 8.9931965, 9.1646655, 9.4049415, 9.91334975, 11.757441139999989, 37.448702
8.870186, 9.004883, 9.170938, 9.4659068, 9.971022949999998, 11.739161129999987, 37.448702
8.88439725, 9.041518, 9.25181775, 9.5378528, 9.8021051, 17.06505808, 22.552578
8.90245725, 9.052797, 9.2573285, 9.527061000000002, 9.809294249999999, 15.977705209999998, 24.370709
8.87285375, 9.040264, 9.23663875, 9.501733, 9.7163714, 15.722323, 52.853195
8.8915315, 9.0446125, 9.23389825, 9.5081633, 9.778475349999999, 16.47539771, 19.645042
8.890799750000001, 9.047962, 9.2450265, 9.5336777, 9.7355836, 15.874124049999999, 22.552578
8.8846265, 9.029985, 9.243213749999999, 9.5102287, 9.7399329, 11.927572709999989, 20.217992
8.902205, 9.0445995, 9.25127225, 9.5000132, 9.739920549999999, 16.71397765, 36.893046
8.876770500000001, 9.044705, 9.2567375, 9.5246244, 9.697093650000001, 13.809444849999995, 52.853195
8.892362, 9.038354, 9.2309755, 9.491223, 9.712771, 13.736535, 24.370709
8.87822725, 9.0422805, 9.24050575, 9.5132417, 9.774137, 13.620834839999997, 24.370709
8.87878925, 9.041435, 9.24627575, 9.5269986, 9.829222, 16.030358099999997, 23.303856
8.898032, 9.038235, 9.22705375, 9.476795, 9.72420025, 15.874409599999998, 32.855096
8.881914, 9.045951, 9.246868, 9.531952400000002, 9.76098085, 13.486703819999999, 19.373624
8.89750075, 9.0442805, 9.23612, 9.5393662, 9.7724004, 14.1948271, 36.893046
8.89431825, 9.0467495, 9.250334, 9.4900676, 9.807471099999999, 16.901132889999996, 19.645042
8.888282, 9.037386, 9.23088325, 9.4535389, 9.653828800000001, 11.260687629999996, 52.853195
8.88750775, 9.0520205, 9.240168, 9.534559, 9.8441637, 16.060277709999998, 24.370709
0, 0, 0, 0, 0, 0, 0
0, 0, 0, 0, 0, 0, 0
0, 0, 0, 0, 0, 0, 0
0, 0, 0, 0, 0, 0, 0
0, 0, 0, 0, 0, 0, 0
0, 0, 0, 0, 0, 0, 0
0, 0, 0, 0, 0, 0, 0
0, 0, 0, 0, 0, 0, 0
0, 0, 0, 0, 0, 0, 0
0, 0, 0, 0, 0, 0, 0
0, 0, 0, 0, 0, 0, 0
0, 0, 0, 0, 0, 0, 0
0, 0, 0, 0, 0, 0, 0
0, 0, 0, 0, 0, 0, 0
0, 0, 0, 0, 0, 0, 0
0, 0, 0, 0, 0, 0, 0
0, 0, 0, 0, 0, 0, 0
0, 0, 0, 0, 0, 0, 0
0, 0, 0, 0, 0, 0, 0
0, 0, 0, 0, 0, 0, 0
0, 0, 0, 0, 0, 0, 0
0, 0, 0, 0, 0, 0, 0
0, 0, 0, 0, 0, 0, 0
0, 0, 0, 0, 0, 0, 0
0, 0, 0, 0, 0, 0, 0
0, 0, 0, 0, 0, 0, 0
0, 0, 0, 0, 0, 0, 0
0, 0, 0, 0, 0, 0, 0
0, 0, 0, 0, 0, 0, 0
0, 0, 0, 0, 0, 0, 0
0, 0, 0, 0, 0, 0, 0
0, 0, 0, 0, 0, 0, 0
0, 0, 0, 0, 0, 0, 0
0, 0, 0, 0, 0, 0, 0
0, 0, 0, 0, 0, 0, 0
0, 0, 0, 0, 0, 0, 0
0, 0, 0, 0, 0, 0, 0
0, 0, 0, 0, 0, 0, 0
0, 0, 0, 0, 0, 0, 0
0, 0, 0, 0, 0, 0, 0
0, 0, 0, 0, 0, 0, 0
0, 0, 0, 0, 0, 0, 0
0, 0, 0, 0, 0, 0, 0
0, 0, 0, 0, 0, 0, 0
0, 0, 0, 0, 0, 0, 0
0, 0, 0, 0, 0, 0, 0
0, 0, 0, 0, 0, 0, 0
0, 0, 0, 0, 0, 0, 0
0, 0, 0, 0, 0, 0, 0
0, 0, 0, 0, 0, 0, 0
0, 0, 0, 0, 0, 0, 0
0, 0, 0, 0, 0, 0, 0
0, 0, 0, 0, 0, 0, 0
0, 0, 0, 0, 0, 0, 0
0, 0, 0, 0, 0, 0, 0
0, 0, 0, 0, 0, 0, 0
0, 0, 0, 0, 0, 0, 0
0, 0, 0, 0, 0, 0, 0
0, 0, 0, 0, 0, 0, 0
0, 0, 0, 0, 0, 0, 0
0, 0, 0, 0, 0, 0, 0
0, 0, 0, 0, 0, 0, 0
0, 0, 0, 0, 0, 0, 0
0, 0, 0, 0, 0, 0, 0
0, 0, 0, 0, 0, 0, 0
0, 0, 0, 0, 0, 0, 0
0, 0, 0, 0, 0, 0, 0
0, 0, 0, 0, 0, 0, 0
0, 0, 0, 0, 0, 0, 0
0, 0, 0, 0, 0, 0, 0
0, 0, 0, 0, 0, 0, 0
0, 0, 0, 0, 0, 0, 0
0, 0, 0, 0, 0, 0, 0
0, 0, 0, 0, 0, 0, 0
0, 0, 0, 0, 0, 0, 0
0, 0, 0, 0, 0, 0, 0
0, 0, 0, 0, 0, 0, 0
0, 0, 0, 0, 0, 0, 0
0, 0, 0, 0, 0, 0, 0
0, 0, 0, 0, 0, 0, 0
0, 0, 0, 0, 0, 0, 0
0, 0, 0, 0, 0, 0, 0
0, 0, 0, 0, 0, 0, 0
0, 0, 0, 0, 0, 0, 0
0, 0, 0, 0, 0, 0, 0
0, 0, 0, 0, 0, 0, 0
0, 0, 0, 0, 0, 0, 0
0, 0, 0, 0, 0, 0, 0
0, 0, 0, 0, 0, 0, 0
0, 0, 0, 0, 0, 0, 0
0, 0, 0, 0, 0, 0, 0
0, 0, 0, 0, 0, 0, 0
0, 0, 0, 0, 0, 0, 0
0, 0, 0, 0, 0, 0, 0
0, 0, 0, 0, 0, 0, 0
0, 0, 0, 0, 0, 0, 0
8.88217075, 9.050538, 9.244952999999999, 9.5173339, 9.730195850000001, 14.391847, 23.303856
8.87944175, 9.039023, 9.241987, 9.5172411, 9.715871, 11.260115919999995, 36.893046
8.884573249999999, 9.037759000000001, 9.2425435, 9.5121627, 9.74057785, 15.573435339999996, 36.893046
8.883331, 9.0373085, 9.24988575, 9.5267638, 9.77747035, 14.108396169999997, 52.853195
8.878845, 9.0374305, 9.244952999999999, 9.5263204, 9.75770215, 11.058235029999999, 36.893046
8.885611749999999, 9.039022, 9.234621, 9.50903, 9.738827500000001, 10.886068069999979, 19.373624
8.899118000000001, 9.040875, 9.209868, 9.4594757, 9.6669389, 10.458049189999999, 19.373624
8.88679025, 9.0432095, 9.234637, 9.5196589, 9.77604425, 14.69174642, 32.855096
8.8844725, 9.0479405, 9.248319500000001, 9.5059161, 9.767185, 16.2613707, 32.855096
8.883147000000001, 9.0331835, 9.238709499999999, 9.491990000000001, 9.716260199999999, 16.60378809, 23.303856
8.88895425, 9.041737, 9.24346075, 9.5112617, 9.8085941, 16.21749924, 18.344529
8.886517999999999, 9.044409, 9.24025125, 9.492092, 9.792107499999998, 11.058234619999999, 19.502914
8.892504500000001, 9.0467, 9.242733000000001, 9.4912829, 9.74936655, 11.167251429999995, 17.65558
8.880505750000001, 9.038504499999998, 9.22812225, 9.5137856, 9.765831449999999, 12.00710831999999, 20.217992
8.8770895, 9.0361075, 9.235947, 9.5012025, 9.7133824, 10.714939559999998, 17.303906
8.89230525, 9.0421205, 9.234111250000002, 9.526729, 9.81783725, 14.432891989999998, 23.303856
8.88983975, 9.053383499999999, 9.23564, 9.4992931, 9.712771, 14.670271, 52.853195
8.875265, 9.035779999999999, 9.262934999999999, 9.5251311, 9.771748, 14.434625099999996, 19.373624
8.893078, 9.051822000000001, 9.25740325, 9.5275056, 9.75788675, 16.746927, 32.855096
8.86708525, 9.0000555, 9.18434225, 9.4726862, 10.095906, 12.257414889999996, 37.448702
8.860784500000001, 8.998334499999999, 9.18357125, 9.4373524, 9.946236, 11.705796299999992, 35.734803
8.86676725, 9.004557, 9.190307, 9.4658409, 10.065412649999999, 11.961167169999998, 35.487972
8.867063, 9.0079295, 9.17502875, 9.446885700000001, 9.92712555, 11.994089389999987, 16.112752
8.874884, 9.007629999999999, 9.18528725, 9.4629838, 9.953501099999999, 12.340374149999997, 35.734803
8.8639285, 9.003106, 9.178808, 9.438996, 9.985930999999997, 11.993602939999997, 37.448702
8.860929, 8.999671500000002, 9.189099500000001, 9.4592991, 10.0134674, 12.008233839999988, 35.734803
8.867709000000001, 9.004801, 9.174791, 9.412285, 9.856917, 11.999825449999989, 35.487972
8.865974, 9.008957, 9.181245, 9.434744700000001, 9.849747, 11.898224979999991, 35.330604
8.868618999999999, 9.008903, 9.18723825, 9.4452652, 9.94641365, 11.95900726999999, 35.734803
8.85868025, 8.999671500000002, 9.1710475, 9.4313164, 9.896739599999997, 11.894847, 35.734803
8.867323500000001, 9.000856, 9.1781355, 9.4339191, 9.880036499999996, 11.705907239999997, 37.448702
8.869577249999999, 9.005718, 9.18346025, 9.4654971, 9.9407, 11.913264409999998, 35.487972
8.8672015, 9.007407, 9.1817615, 9.459578, 10.014436249999994, 12.054610679999996, 37.448702
8.87119, 9.013865, 9.19454725, 9.4618866, 10.0923397, 11.939222239999985, 37.448702
8.86952175, 9.0002825, 9.189396, 9.4414786, 9.974308199999998, 11.903319539999996, 37.448702
8.87117225, 9.008225, 9.18495375, 9.4463141, 9.965514549999998, 11.939222239999985, 37.448702
8.86325175, 9.003879, 9.181413, 9.4581344, 10.005544299999997, 12.222709469999991, 35.734803
8.8716755, 9.001924, 9.182622, 9.4601613, 10.03489769999999, 11.961167169999998, 35.734803
8.86116575, 8.995741500000001, 9.174758, 9.4355526, 9.8973157, 11.89460059, 37.448702
8.857488, 9.000636, 9.17893175, 9.437902, 9.879181, 11.839501489999996, 35.330604
8.8708595, 9.0080755, 9.1901405, 9.502734, 10.202791399999997, 12.312980929999982, 35.734803
8.862987, 9.008898, 9.18035575, 9.4534436, 10.0051396, 11.932545, 35.734803
8.86837775, 9.007208, 9.18204575, 9.449547, 9.875280549999996, 12.169767, 37.448702
8.863521, 9.0064215, 9.17951, 9.4631742, 9.985579, 11.932958999999993, 37.448702
8.859588, 9.001581, 9.170938, 9.4381343, 9.969540399999998, 12.279502019999992, 35.330604
8.8634315, 9.0011075, 9.17349475, 9.449913, 10.023539, 11.932546299999998, 35.734803
8.86972875, 9.002835000000001, 9.177047, 9.4402446, 10.004889799999999, 11.938931769999993, 16.295498
8.8694565, 9.0038655, 9.16871425, 9.416832600000001, 9.861205749999996, 12.054451, 37.448702
8.86622, 9.001446, 9.18003775, 9.4738037, 9.969382, 11.913264409999998, 35.734803
8.8739025, 9.011056499999999, 9.19185825, 9.4981688, 10.013892, 11.9993765, 35.734803
8.863868499999999, 8.9915465, 9.165082, 9.431496999999998, 9.907871, 11.725576, 35.330604
8.86880725, 9.004122500000001, 9.18181425, 9.4906589, 10.15699495, 11.903319539999996, 24.923449
8.869883999999999, 9.003454000000001, 9.187609, 9.4307232, 10.004487899999999, 11.815598, 35.734803
8.86570575, 9.005141, 9.1771515, 9.437992, 9.85942655, 11.932958999999993, 37.448702
8.85808625, 8.9981025, 9.17261825, 9.4196969, 9.891942499999999, 11.832641199999989, 37.448702
8.8575135, 8.997402000000001, 9.1707655, 9.4233101, 9.851144799999998, 11.896900049999992, 35.734803
8.863903, 8.997965, 9.18817925, 9.4533159, 9.9053934, 11.903514549999992, 37.448702
8.865029499999999, 8.998475, 9.18492375, 9.450109, 9.92986, 11.89655337, 37.448702
8.86657175, 9.004875, 9.175995749999998, 9.4467835, 9.929421249999999, 11.898120379999993, 35.734803
8.8711135, 9.004373, 9.181478250000001, 9.445610799999999, 9.974078599999999, 12.257758649999987, 35.487972
8.866897999999999, 9.0098585, 9.18335025, 9.4450592, 10.07365615, 12.348473289999994, 35.734803
8.86572825, 9.005209, 9.17375825, 9.444963, 9.994541999999997, 12.07250651999995, 37.448702
8.869577249999999, 8.999387500000001, 9.18003775, 9.4617913, 10.019224099999999, 12.328172, 35.487972
8.866934, 9.001638, 9.176058, 9.4978913, 10.161071299999994, 12.054610679999996, 35.487972
8.86716575, 8.996167, 9.18365475, 9.448525, 10.071191749999997, 12.340374149999997, 35.734803
8.868868, 8.9982445, 9.17893175, 9.423365, 9.92934, 11.762182249999988, 35.487972
8.86183875, 9.0049145, 9.17373725, 9.4716427, 10.068054199999999, 12.003135779999997, 37.448702
8.86896325, 9.0103775, 9.1838085, 9.485162099999998, 10.152055099999998, 12.454759409999996, 37.448702
8.86591825, 9.0083815, 9.176034, 9.4495836, 10.132111850000001, 11.993545, 29.227148
8.865751, 9.001126500000002, 9.17205425, 9.443538799999999, 9.885056299999997, 11.795411899999996, 35.487972
8.8599565, 8.998252, 9.174539000000001, 9.434443, 9.891536, 11.852057529999989, 37.448702
8.86510375, 9.000880500000001, 9.17402225, 9.471973, 10.00353725, 11.932933869999994, 37.448702
8.86385425, 8.997625500000002, 9.16938425, 9.450016, 10.06491315, 11.896706339999996, 35.487972
8.8672015, 9.003826499999999, 9.18202625, 9.416766, 9.914144749999995, 11.914073149999979, 35.487972
8.868245, 9.0007825, 9.17612825, 9.4414822, 9.9045498, 11.993602939999997, 37.448702
8.8711355, 9.006451, 9.17870025, 9.4381976, 9.920967, 11.970292, 35.734803
8.8688455, 9.005575499999999, 9.191893499999999, 9.465608, 9.994264399999999, 11.896796749999995, 35.734803
8.870981, 9.002977, 9.1901175, 9.4435714, 9.941518149999997, 11.970524529999995, 35.487972
8.87408525, 9.00372, 9.189396, 9.4519932, 10.014522549999995, 11.932734399999998, 35.330604
8.86610275, 9.00374, 9.18771225, 9.4676479, 10.058007949999997, 11.815764149999996, 37.448702
8.87108475, 9.014116999999999, 9.187559, 9.490903799999998, 10.087609, 11.993602939999997, 35.734803
8.8684265, 9.003852, 9.18434225, 9.4607981, 10.057708349999999, 12.38223143, 33.51644
8.868137, 9.002257499999999, 9.180234500000001, 9.445860999999999, 10.053049299999998, 12.008233839999988, 33.51644
8.87119, 9.0118765, 9.19266575, 9.4712116, 9.956152, 11.95858713, 37.448702
8.87027525, 9.009167, 9.17295075, 9.427559800000001, 9.932003449999995, 11.922318299999997, 37.448702
8.87061, 9.0117045, 9.19124575, 9.469665599999999, 9.965514549999998, 12.071412479999976, 35.734803
8.86944975, 9.005268000000001, 9.17525725, 9.415046, 9.89633605, 12.257414889999996, 35.734803
8.866897999999999, 9.004344, 9.18893725, 9.4574223, 10.121917, 12.047984, 35.734803
8.881910000000001, 9.0341595, 9.240177, 9.526729, 9.7403794, 14.786283509999993, 52.853195
8.90101975, 9.057922999999999, 9.25311125, 9.565638100000001, 9.85909475, 16.10960347, 32.855096
8.88764675, 9.039658, 9.256437250000001, 9.569428, 9.82155185, 15.269321199999995, 52.853195
8.89177875, 9.049079500000001, 9.25374075, 9.5199911, 9.69291795, 11.830907039999984, 24.370709
8.8948915, 9.052107, 9.246693500000001, 9.5351789, 9.77504125, 14.741395359999991, 52.853195
8.8866205, 9.039524, 9.23587275, 9.542506900000001, 9.82168545, 16.66124832, 36.893046
8.871204, 9.027744, 9.22410975, 9.4851161, 9.7576027, 15.574478729999996, 23.303856
8.8909175, 9.038009500000001, 9.22905525, 9.498971, 9.7963663, 11.378013359999995, 23.303856
8.89011, 9.044242, 9.25187, 9.5272135, 9.7528771, 13.555984059999998, 22.552578
8.89989075, 9.045414, 9.242265249999999, 9.507466400000002, 9.694305, 11.012880879999999, 23.303856
8.88195675, 9.034028, 9.240017, 9.5251311, 9.78086675, 14.693420859999998, 32.855096
8.885008500000001, 9.0375745, 9.2361345, 9.4842747, 9.7091203, 14.19507232, 23.303856
8.87971875, 9.035295999999999, 9.237981, 9.5032754, 9.719489900000001, 15.270364589999993, 52.853195
8.893533999999999, 9.060622, 9.2573285, 9.547333400000001, 9.81663995, 16.18028951, 52.853195
8.88926675, 9.0382295, 9.23361075, 9.5093415, 9.7401951, 14.432891989999998, 36.893046
8.89064025, 9.046869000000001, 9.256199, 9.512836, 9.81339195, 13.61904774, 52.853195
8.8849565, 9.041069499999999, 9.232870499999999, 9.5339686, 9.77402385, 14.779568679999999, 24.370709
8.89484575, 9.039586, 9.23403875, 9.502057, 9.76860445, 14.744473659999988, 23.303856
8.89238075, 9.0493245, 9.24507475, 9.5263204, 9.782297250000001, 14.393979049999999, 19.892145
8.89726175, 9.0525905, 9.260469500000001, 9.5174035, 9.7986111, 15.570414, 32.855096
8.876935249999999, 9.030749, 9.22962775, 9.534619, 9.808389850000001, 15.270364589999993, 24.370709
8.893519, 9.041447999999999, 9.246527, 9.5265937, 9.82185855, 14.208131859999988, 24.370709
8.892532, 9.0369545, 9.225749, 9.536111, 9.74112555, 14.79034823999999, 32.855096
8.876433, 9.042479499999999, 9.243571750000001, 9.5083479, 9.752836349999999, 15.87359139, 32.855096
8.884136, 9.037914, 9.24491525, 9.4843647, 9.6998962, 14.108396169999997, 32.855096
8.88835225, 9.043158, 9.24283275, 9.477246300000001, 9.68698575, 14.108003109999997, 22.552578
8.88974225, 9.040083, 9.237871499999999, 9.4979399, 9.7142611, 15.725401299999996, 52.853195
8.875635, 9.0364275, 9.22005525, 9.4543656, 9.665028399999999, 10.954963899999997, 52.853195
8.880353, 9.042489, 9.2313795, 9.5234663, 9.7705745, 14.79116644999999, 20.217992
8.889979499999999, 9.040807999999998, 9.235598750000001, 9.529415100000001, 9.7250068, 16.059206239999998, 18.166172
8.874487, 9.0305495, 9.231677000000001, 9.503254, 9.776015150000001, 15.97762476, 52.853195
8.880313, 9.042874, 9.227771749999999, 9.503680800000001, 9.73407565, 11.738821, 22.552578
8.8919705, 9.0442935, 9.242042, 9.540634299999999, 9.821656950000001, 14.005221999999996, 22.552578
8.880476999999999, 9.049322499999999, 9.24667775, 9.547535, 9.7764234, 16.058708, 21.371576
8.875663, 9.0385045, 9.23074375, 9.5174809, 9.7883889, 16.363501279999998, 24.370709
8.87655075, 9.0237975, 9.2213145, 9.4512788, 9.7134745, 14.43134543, 32.855096
8.88805, 9.0472325, 9.228597, 9.532027700000002, 9.842823, 16.18153611, 23.303856
8.877067, 9.0336955, 9.23558525, 9.4788257, 9.69798915, 13.241091719999993, 52.853195
8.8951395, 9.0456415, 9.24487775, 9.5267971, 9.771584950000001, 14.466878009999984, 52.853195
8.87858, 9.0318215, 9.231109, 9.5098108, 9.71805465, 11.75946840999998, 36.893046
8.8818895, 9.0379925, 9.25070625, 9.5383051, 9.802092349999999, 16.26019, 20.217992
8.87707625, 9.038328499999999, 9.2320435, 9.4953219, 9.744793249999999, 11.445830339999997, 18.344529
8.87142225, 9.036433, 9.22464725, 9.4636736, 9.6672473, 11.738098139999998, 52.853195
8.8738785, 9.030881, 9.226748, 9.4768094, 9.70949315, 11.220973419999979, 19.656824
0, 0, 0, 0, 0, 0, 0
0, 0, 0, 0, 0, 0, 0
0, 0, 0, 0, 0, 0, 0
0, 0, 0, 0, 0, 0, 0
0, 0, 0, 0, 0, 0, 0
0, 0, 0, 0, 0, 0, 0
0, 0, 0, 0, 0, 0, 0
0, 0, 0, 0, 0, 0, 0
0, 0, 0, 0, 0, 0, 0
0, 0, 0, 0, 0, 0, 0
0, 0, 0, 0, 0, 0, 0
0, 0, 0, 0, 0, 0, 0
0, 0, 0, 0, 0, 0, 0
0, 0, 0, 0, 0, 0, 0
0, 0, 0, 0, 0, 0, 0
0, 0, 0, 0, 0, 0, 0
0, 0, 0, 0, 0, 0, 0
0, 0, 0, 0, 0, 0, 0
0, 0, 0, 0, 0, 0, 0
0, 0, 0, 0, 0, 0, 0
0, 0, 0, 0, 0, 0, 0
0, 0, 0, 0, 0, 0, 0
0, 0, 0, 0, 0, 0, 0
0, 0, 0, 0, 0, 0, 0
0, 0, 0, 0, 0, 0, 0
0, 0, 0, 0, 0, 0, 0
0, 0, 0, 0, 0, 0, 0
0, 0, 0, 0, 0, 0, 0
0, 0, 0, 0, 0, 0, 0
0, 0, 0, 0, 0, 0, 0
0, 0, 0, 0, 0, 0, 0
0, 0, 0, 0, 0, 0, 0
0, 0, 0, 0, 0, 0, 0
0, 0, 0, 0, 0, 0, 0
0, 0, 0, 0, 0, 0, 0
0, 0, 0, 0, 0, 0, 0
0, 0, 0, 0, 0, 0, 0
0, 0, 0, 0, 0, 0, 0
0, 0, 0, 0, 0, 0, 0
0, 0, 0, 0, 0, 0, 0
0, 0, 0, 0, 0, 0, 0
0, 0, 0, 0, 0, 0, 0
0, 0, 0, 0, 0, 0, 0
0, 0, 0, 0, 0, 0, 0
0, 0, 0, 0, 0, 0, 0
0, 0, 0, 0, 0, 0, 0
0, 0, 0, 0, 0, 0, 0
0, 0, 0, 0, 0, 0, 0
0, 0, 0, 0, 0, 0, 0
0, 0, 0, 0, 0, 0, 0
0, 0, 0, 0, 0, 0, 0
0, 0, 0, 0, 0, 0, 0
0, 0, 0, 0, 0, 0, 0
0, 0, 0, 0, 0, 0, 0
0, 0, 0, 0, 0, 0, 0
0, 0, 0, 0, 0, 0, 0
0, 0, 0, 0, 0, 0, 0
0, 0, 0, 0, 0, 0, 0
0, 0, 0, 0, 0, 0, 0
0, 0, 0, 0, 0, 0, 0
0, 0, 0, 0, 0, 0, 0
0, 0, 0, 0, 0, 0, 0
0, 0, 0, 0, 0, 0, 0
0, 0, 0, 0, 0, 0, 0
0, 0, 0, 0, 0, 0, 0
0, 0, 0, 0, 0, 0, 0
0, 0, 0, 0, 0, 0, 0
0, 0, 0, 0, 0, 0, 0
0, 0, 0, 0, 0, 0, 0
0, 0, 0, 0, 0, 0, 0
0, 0, 0, 0, 0, 0, 0
0, 0, 0, 0, 0, 0, 0
0, 0, 0, 0, 0, 0, 0
0, 0, 0, 0, 0, 0, 0
0, 0, 0, 0, 0, 0, 0
0, 0, 0, 0, 0, 0, 0
0, 0, 0, 0, 0, 0, 0
0, 0, 0, 0, 0, 0, 0
0, 0, 0, 0, 0, 0, 0
0, 0, 0, 0, 0, 0, 0
0, 0, 0, 0, 0, 0, 0
0, 0, 0, 0, 0, 0, 0
0, 0, 0, 0, 0, 0, 0
0, 0, 0, 0, 0, 0, 0
0, 0, 0, 0, 0, 0, 0
0, 0, 0, 0, 0, 0, 0
0, 0, 0, 0, 0, 0, 0
0, 0, 0, 0, 0, 0, 0
0, 0, 0, 0, 0, 0, 0
0, 0, 0, 0, 0, 0, 0
0, 0, 0, 0, 0, 0, 0
0, 0, 0, 0, 0, 0, 0
0, 0, 0, 0, 0, 0, 0
0, 0, 0, 0, 0, 0, 0
0, 0, 0, 0, 0, 0, 0
0, 0, 0, 0, 0, 0, 0
0, 0, 0, 0, 0, 0, 0
0, 0, 0, 0, 0, 0, 0
0, 0, 0, 0, 0, 0, 0
0, 0, 0, 0, 0, 0, 0
0, 0, 0, 0, 0, 0, 0
0, 0, 0, 0, 0, 0, 0
0, 0, 0, 0, 0, 0, 0
0, 0, 0, 0, 0, 0, 0
0, 0, 0, 0, 0, 0, 0
0, 0, 0, 0, 0, 0, 0
0, 0, 0, 0, 0, 0, 0
0, 0, 0, 0, 0, 0, 0
0, 0, 0, 0, 0, 0, 0
0, 0, 0, 0, 0, 0, 0
0, 0, 0, 0, 0, 0, 0
0, 0, 0, 0, 0, 0, 0
0, 0, 0, 0, 0, 0, 0
0, 0, 0, 0, 0, 0, 0
8.87875275, 9.042474, 9.23803, 9.508422500000002, 9.8096397, 16.25468784, 22.552578
8.8849515, 9.041076499999999, 9.2503595, 9.5165901, 9.76816065, 14.611633759999995, 22.552578
8.885611749999999, 9.0432805, 9.24268, 9.4976321, 9.7145768, 15.270364589999993, 52.853195
8.88946825, 9.0398505, 9.230787, 9.4964688, 9.735093899999999, 11.442206650000001, 19.071708
8.885957999999999, 9.029858, 9.2164435, 9.505611, 9.73320785, 11.972795, 32.855096
8.885611749999999, 9.034354, 9.230834999999999, 9.5171299, 9.8026006, 16.09869635, 32.855096
8.8825745, 9.0420535, 9.23156225, 9.4823865, 9.68347575, 11.058235029999999, 19.373624
8.887533999999999, 9.049587, 9.246039999999999, 9.5187382, 9.791958, 16.1799103, 52.853195
8.87330275, 9.0332315, 9.23384725, 9.483975, 9.775921, 14.786283509999993, 52.853195
8.89128675, 9.034419, 9.221086, 9.4672032, 9.753577349999999, 13.91610324, 52.853195
8.8802455, 9.0387405, 9.23992975, 9.534028600000001, 9.7804272, 16.403291, 52.853195
8.85915325, 8.993154, 9.173834, 9.419220800000002, 9.851144799999998, 11.705858709999998, 16.295498
8.8629125, 8.9946365, 9.18966025, 9.4678753, 9.994623849999996, 12.223797329999988, 37.448702
8.87389475, 9.012169, 9.1889495, 9.4841622, 10.057858749999998, 12.257940539999982, 37.448702
8.86845275, 9.005145, 9.18061025, 9.4373368, 9.896739599999997, 11.897930429999999, 35.734803
8.85726, 8.990079999999999, 9.16576375, 9.443538799999999, 9.951734, 11.839501489999996, 16.112752
8.862868, 9.008198, 9.18035575, 9.4570382, 10.005544299999997, 11.89486393, 37.448702
8.86568925, 9.0006335, 9.17375975, 9.413125, 9.897192, 12.00816916999999, 29.227148
8.8638735, 9.005273, 9.1810545, 9.4220817, 9.918443799999999, 11.725811069999995, 16.928153
8.8687945, 9.010473000000001, 9.178882250000001, 9.4521272, 10.013731149999998, 11.961399699999992, 35.734803
8.866367, 9.004527, 9.18421575, 9.4664234, 10.1874486, 12.328293229999998, 37.448702
8.8701665, 9.010692500000001, 9.18990775, 9.4630412, 9.9982166, 11.817144939999963, 33.51644
8.859897, 9.002863999999999, 9.167348500000001, 9.4122283, 9.9923587, 12.047984, 37.448702
8.8638415, 9.0058085, 9.17903525, 9.4608703, 9.994071, 11.970582469999993, 37.448702
8.86393275, 8.99791, 9.169545750000001, 9.4463141, 9.9518057, 12.223577699999993, 35.734803
8.865122, 9.000982, 9.185064, 9.4625379, 10.0044173, 11.932546299999998, 29.227148
8.871141, 9.001126500000002, 9.1839195, 9.4658418, 9.953592299999997, 11.999339, 35.734803
8.8724035, 9.015053, 9.1938195, 9.4499572, 9.929366, 11.896706339999996, 35.734803
8.860333749999999, 8.9951, 9.1710735, 9.4219809, 9.800695799999998, 11.738699879999997, 35.487972
8.86845275, 9.008644, 9.1901105, 9.465836, 10.005778099999997, 12.340344309999999, 33.51644
8.8640915, 9.000498499999999, 9.18928, 9.453209, 9.9924313, 12.277897, 35.487972
8.8629155, 8.9931535, 9.18676825, 9.4664234, 9.9920315, 12.340344309999999, 35.734803
8.873935, 9.013346, 9.191046, 9.460722, 9.95179325, 11.8948773, 14.651023
8.8611465, 9.0055455, 9.17651925, 9.4144283, 9.956959149999996, 11.795355169999997, 37.448702
8.866616, 9.0014755, 9.165933, 9.4356989, 9.8747654, 11.726476219999979, 37.448702
8.86953125, 9.006569500000001, 9.18515575, 9.4582946, 9.965593249999998, 11.913264409999998, 35.330604
8.884915, 9.041142, 9.24916575, 9.5044324, 9.7083348, 16.181377349999998, 32.855096
8.885633, 9.0454545, 9.246251749999999, 9.5474663, 9.757429, 16.362384, 36.893046
8.879467, 9.044451500000001, 9.256921, 9.564133, 9.771584950000001, 14.435830779999996, 21.371576
8.8698525, 9.027770499999999, 9.2448075, 9.5269817, 9.766093949999998, 11.460286879999984, 22.552578
8.880289999999999, 9.038388999999999, 9.249728750000001, 9.520095099999999, 9.77330465, 14.395243399999996, 19.892145
8.8890405, 9.0374175, 9.23505025, 9.5306713, 9.76070505, 15.571933089999998, 36.893046
8.877635999999999, 9.035242, 9.245500499999999, 9.5136092, 9.7609165, 13.91610324, 36.893046
8.885583, 9.041103, 9.235675749999999, 9.4924157, 9.7415208, 11.205378269999992, 24.370709
8.896678249999999, 9.0513465, 9.24083025, 9.492233, 9.710294750000001, 16.116606859999994, 36.893046
8.883147000000001, 9.0441345, 9.235771, 9.516987, 9.726112350000001, 14.739876269999993, 36.893046
8.88757275, 9.034483000000002, 9.231242, 9.476569, 9.6994098, 10.953966249999999, 19.645042
8.879526, 9.034469999999999, 9.22941375, 9.5034671, 9.76881215, 15.266299859999997, 19.656824
8.892113, 9.044335, 9.254968250000001, 9.5255521, 9.77912615, 16.109242169999998, 19.892145
8.901988500000002, 9.0407705, 9.24638675, 9.5474483, 9.8345804, 17.405292, 36.893046
8.89922625, 9.050851999999999, 9.249989, 9.5699281, 9.823102350000001, 15.727635769999994, 36.893046
0, 0, 0, 0, 0, 0, 0
0, 0, 0, 0, 0, 0, 0
0, 0, 0, 0, 0, 0, 0
0, 0, 0, 0, 0, 0, 0
0, 0, 0, 0, 0, 0, 0
0, 0, 0, 0, 0, 0, 0
0, 0, 0, 0, 0, 0, 0
0, 0, 0, 0, 0, 0, 0
0, 0, 0, 0, 0, 0, 0
0, 0, 0, 0, 0, 0, 0
0, 0, 0, 0, 0, 0, 0
0, 0, 0, 0, 0, 0, 0
0, 0, 0, 0, 0, 0, 0
0, 0, 0, 0, 0, 0, 0
0, 0, 0, 0, 0, 0, 0
0, 0, 0, 0, 0, 0, 0
0, 0, 0, 0, 0, 0, 0
0, 0, 0, 0, 0, 0, 0
0, 0, 0, 0, 0, 0, 0
0, 0, 0, 0, 0, 0, 0
0, 0, 0, 0, 0, 0, 0
0, 0, 0, 0, 0, 0, 0
0, 0, 0, 0, 0, 0, 0
0, 0, 0, 0, 0, 0, 0
0, 0, 0, 0, 0, 0, 0
0, 0, 0, 0, 0, 0, 0
0, 0, 0, 0, 0, 0, 0
0, 0, 0, 0, 0, 0, 0
0, 0, 0, 0, 0, 0, 0
0, 0, 0, 0, 0, 0, 0
0, 0, 0, 0, 0, 0, 0
0, 0, 0, 0, 0, 0, 0
0, 0, 0, 0, 0, 0, 0
0, 0, 0, 0, 0, 0, 0
0, 0, 0, 0, 0, 0, 0
0, 0, 0, 0, 0, 0, 0
0, 0, 0, 0, 0, 0, 0
0, 0, 0, 0, 0, 0, 0
0, 0, 0, 0, 0, 0, 0
0, 0, 0, 0, 0, 0, 0
0, 0, 0, 0, 0, 0, 0
0, 0, 0, 0, 0, 0, 0
0, 0, 0, 0, 0, 0, 0
0, 0, 0, 0, 0, 0, 0
0, 0, 0, 0, 0, 0, 0
0, 0, 0, 0, 0, 0, 0
0, 0, 0, 0, 0, 0, 0
0, 0, 0, 0, 0, 0, 0
0, 0, 0, 0, 0, 0, 0
0, 0, 0, 0, 0, 0, 0
0, 0, 0, 0, 0, 0, 0
0, 0, 0, 0, 0, 0, 0
0, 0, 0, 0, 0, 0, 0
0, 0, 0, 0, 0, 0, 0
0, 0, 0, 0, 0, 0, 0
0, 0, 0, 0, 0, 0, 0
0, 0, 0, 0, 0, 0, 0
0, 0, 0, 0, 0, 0, 0
0, 0, 0, 0, 0, 0, 0
0, 0, 0, 0, 0, 0, 0
0, 0, 0, 0, 0, 0, 0
0, 0, 0, 0, 0, 0, 0
0, 0, 0, 0, 0, 0, 0
0, 0, 0, 0, 0, 0, 0
0, 0, 0, 0, 0, 0, 0
0, 0, 0, 0, 0, 0, 0
0, 0, 0, 0, 0, 0, 0
0, 0, 0, 0, 0, 0, 0
0, 0, 0, 0, 0, 0, 0
0, 0, 0, 0, 0, 0, 0
0, 0, 0, 0, 0, 0, 0
0, 0, 0, 0, 0, 0, 0
0, 0, 0, 0, 0, 0, 0
0, 0, 0, 0, 0, 0, 0
0, 0, 0, 0, 0, 0, 0
0, 0, 0, 0, 0, 0, 0
0, 0, 0, 0, 0, 0, 0
0, 0, 0, 0, 0, 0, 0
0, 0, 0, 0, 0, 0, 0
0, 0, 0, 0, 0, 0, 0
0, 0, 0, 0, 0, 0, 0
0, 0, 0, 0, 0, 0, 0
0, 0, 0, 0, 0, 0, 0
0, 0, 0, 0, 0, 0, 0
0, 0, 0, 0, 0, 0, 0
0, 0, 0, 0, 0, 0, 0
0, 0, 0, 0, 0, 0, 0
0, 0, 0, 0, 0, 0, 0
0, 0, 0, 0, 0, 0, 0
0, 0, 0, 0, 0, 0, 0
0, 0, 0, 0, 0, 0, 0
0, 0, 0, 0, 0, 0, 0
0, 0, 0, 0, 0, 0, 0
0, 0, 0, 0, 0, 0, 0
0, 0, 0, 0, 0, 0, 0
0, 0, 0, 0, 0, 0, 0
0, 0, 0, 0, 0, 0, 0
0, 0, 0, 0, 0, 0, 0
0, 0, 0, 0, 0, 0, 0
0, 0, 0, 0, 0, 0, 0
0, 0, 0, 0, 0, 0, 0
0, 0, 0, 0, 0, 0, 0
0, 0, 0, 0, 0, 0, 0
0, 0, 0, 0, 0, 0, 0
0, 0, 0, 0, 0, 0, 0
0, 0, 0, 0, 0, 0, 0
0, 0, 0, 0, 0, 0, 0
0, 0, 0, 0, 0, 0, 0
0, 0, 0, 0, 0, 0, 0
0, 0, 0, 0, 0, 0, 0
0, 0, 0, 0, 0, 0, 0
0, 0, 0, 0, 0, 0, 0
0, 0, 0, 0, 0, 0, 0
0, 0, 0, 0, 0, 0, 0
0, 0, 0, 0, 0, 0, 0
0, 0, 0, 0, 0, 0, 0
0, 0, 0, 0, 0, 0, 0
0, 0, 0, 0, 0, 0, 0
0, 0, 0, 0, 0, 0, 0
0, 0, 0, 0, 0, 0, 0
0, 0, 0, 0, 0, 0, 0
0, 0, 0, 0, 0, 0, 0
0, 0, 0, 0, 0, 0, 0
0, 0, 0, 0, 0, 0, 0
0, 0, 0, 0, 0, 0, 0
0, 0, 0, 0, 0, 0, 0
0, 0, 0, 0, 0, 0, 0
0, 0, 0, 0, 0, 0, 0
0, 0, 0, 0, 0, 0, 0
0, 0, 0, 0, 0, 0, 0
0, 0, 0, 0, 0, 0, 0
0, 0, 0, 0, 0, 0, 0
0, 0, 0, 0, 0, 0, 0
0, 0, 0, 0, 0, 0, 0
0, 0, 0, 0, 0, 0, 0
0, 0, 0, 0, 0, 0, 0
0, 0, 0, 0, 0, 0, 0
0, 0, 0, 0, 0, 0, 0
0, 0, 0, 0, 0, 0, 0
0, 0, 0, 0, 0, 0, 0
0, 0, 0, 0, 0, 0, 0
0, 0, 0, 0, 0, 0, 0
0, 0, 0, 0, 0, 0, 0
0, 0, 0, 0, 0, 0, 0
0, 0, 0, 0, 0, 0, 0
0, 0, 0, 0, 0, 0, 0
0, 0, 0, 0, 0, 0, 0
0, 0, 0, 0, 0, 0, 0
0, 0, 0, 0, 0, 0, 0
0, 0, 0, 0, 0, 0, 0
0, 0, 0, 0, 0, 0, 0
0, 0, 0, 0, 0, 0, 0
0, 0, 0, 0, 0, 0, 0
0, 0, 0, 0, 0, 0, 0
0, 0, 0, 0, 0, 0, 0
0, 0, 0, 0, 0, 0, 0
0, 0, 0, 0, 0, 0, 0
0, 0, 0, 0, 0, 0, 0
0, 0, 0, 0, 0, 0, 0
0, 0, 0, 0, 0, 0, 0
0, 0, 0, 0, 0, 0, 0
0, 0, 0, 0, 0, 0, 0
0, 0, 0, 0, 0, 0, 0
0, 0, 0, 0, 0, 0, 0
0, 0, 0, 0, 0, 0, 0
0, 0, 0, 0, 0, 0, 0
0, 0, 0, 0, 0, 0, 0
0, 0, 0, 0, 0, 0, 0
0, 0, 0, 0, 0, 0, 0
0, 0, 0, 0, 0, 0, 0
0, 0, 0, 0, 0, 0, 0
0, 0, 0, 0, 0, 0, 0
0, 0, 0, 0, 0, 0, 0
0, 0, 0, 0, 0, 0, 0
0, 0, 0, 0, 0, 0, 0
0, 0, 0, 0, 0, 0, 0
0, 0, 0, 0, 0, 0, 0
0, 0, 0, 0, 0, 0, 0
0, 0, 0, 0, 0, 0, 0
0, 0, 0, 0, 0, 0, 0
0, 0, 0, 0, 0, 0, 0
0, 0, 0, 0, 0, 0, 0
0, 0, 0, 0, 0, 0, 0
0, 0, 0, 0, 0, 0, 0
0, 0, 0, 0, 0, 0, 0
0, 0, 0, 0, 0, 0, 0
0, 0, 0, 0, 0, 0, 0
0, 0, 0, 0, 0, 0, 0
0, 0, 0, 0, 0, 0, 0
0, 0, 0, 0, 0, 0, 0
0, 0, 0, 0, 0, 0, 0
0, 0, 0, 0, 0, 0, 0
0, 0, 0, 0, 0, 0, 0
0, 0, 0, 0, 0, 0, 0
0, 0, 0, 0, 0, 0, 0
0, 0, 0, 0, 0, 0, 0
0, 0, 0, 0, 0, 0, 0
0, 0, 0, 0, 0, 0, 0
0, 0, 0, 0, 0, 0, 0
0, 0, 0, 0, 0, 0, 0
0, 0, 0, 0, 0, 0, 0
0, 0, 0, 0, 0, 0, 0
0, 0, 0, 0, 0, 0, 0
0, 0, 0, 0, 0, 0, 0
0, 0, 0, 0, 0, 0, 0
0, 0, 0, 0, 0, 0, 0
0, 0, 0, 0, 0, 0, 0
0, 0, 0, 0, 0, 0, 0
0, 0, 0, 0, 0, 0, 0
0, 0, 0, 0, 0, 0, 0
0, 0, 0, 0, 0, 0, 0
0, 0, 0, 0, 0, 0, 0
0, 0, 0, 0, 0, 0, 0
0, 0, 0, 0, 0, 0, 0
0, 0, 0, 0, 0, 0, 0
0, 0, 0, 0, 0, 0, 0
0, 0, 0, 0, 0, 0, 0
0, 0, 0, 0, 0, 0, 0
0, 0, 0, 0, 0, 0, 0
0, 0, 0, 0, 0, 0, 0
0, 0, 0, 0, 0, 0, 0
0, 0, 0, 0, 0, 0, 0
0, 0, 0, 0, 0, 0, 0
0, 0, 0, 0, 0, 0, 0
0, 0, 0, 0, 0, 0, 0
0, 0, 0, 0, 0, 0, 0
0, 0, 0, 0, 0, 0, 0
0, 0, 0, 0, 0, 0, 0
0, 0, 0, 0, 0, 0, 0
0, 0, 0, 0, 0, 0, 0
0, 0, 0, 0, 0, 0, 0
0, 0, 0, 0, 0, 0, 0
0, 0, 0, 0, 0, 0, 0
0, 0, 0, 0, 0, 0, 0
0, 0, 0, 0, 0, 0, 0
0, 0, 0, 0, 0, 0, 0
0, 0, 0, 0, 0, 0, 0
0, 0, 0, 0, 0, 0, 0
0, 0, 0, 0, 0, 0, 0
0, 0, 0, 0, 0, 0, 0
0, 0, 0, 0, 0, 0, 0
0, 0, 0, 0, 0, 0, 0
0, 0, 0, 0, 0, 0, 0
0, 0, 0, 0, 0, 0, 0
0, 0, 0, 0, 0, 0, 0
0, 0, 0, 0, 0, 0, 0
0, 0, 0, 0, 0, 0, 0
0, 0, 0, 0, 0, 0, 0
0, 0, 0, 0, 0, 0, 0
0, 0, 0, 0, 0, 0, 0
0, 0, 0, 0, 0, 0, 0
0, 0, 0, 0, 0, 0, 0
0, 0, 0, 0, 0, 0, 0
0, 0, 0, 0, 0, 0, 0
0, 0, 0, 0, 0, 0, 0
