25th, 50th, 75th, 90th, 95th, 99th, max
0, 0, 0, 0, 0, 0, 0
0, 0, 0, 0, 0, 0, 0
0, 0, 0, 0, 0, 0, 0
0, 0, 0, 0, 0, 0, 0
0, 0, 0, 0, 0, 0, 0
0, 0, 0, 0, 0, 0, 0
0, 0, 0, 0, 0, 0, 0
0, 0, 0, 0, 0, 0, 0
0, 0, 0, 0, 0, 0, 0
0, 0, 0, 0, 0, 0, 0
0, 0, 0, 0, 0, 0, 0
0, 0, 0, 0, 0, 0, 0
0, 0, 0, 0, 0, 0, 0
0, 0, 0, 0, 0, 0, 0
0, 0, 0, 0, 0, 0, 0
0, 0, 0, 0, 0, 0, 0
0, 0, 0, 0, 0, 0, 0
0, 0, 0, 0, 0, 0, 0
0, 0, 0, 0, 0, 0, 0
0, 0, 0, 0, 0, 0, 0
0, 0, 0, 0, 0, 0, 0
0, 0, 0, 0, 0, 0, 0
0, 0, 0, 0, 0, 0, 0
0, 0, 0, 0, 0, 0, 0
0, 0, 0, 0, 0, 0, 0
0, 0, 0, 0, 0, 0, 0
0, 0, 0, 0, 0, 0, 0
0, 0, 0, 0, 0, 0, 0
0, 0, 0, 0, 0, 0, 0
0, 0, 0, 0, 0, 0, 0
0, 0, 0, 0, 0, 0, 0
0, 0, 0, 0, 0, 0, 0
0, 0, 0, 0, 0, 0, 0
0, 0, 0, 0, 0, 0, 0
0, 0, 0, 0, 0, 0, 0
0, 0, 0, 0, 0, 0, 0
0, 0, 0, 0, 0, 0, 0
0, 0, 0, 0, 0, 0, 0
0, 0, 0, 0, 0, 0, 0
0, 0, 0, 0, 0, 0, 0
0, 0, 0, 0, 0, 0, 0
0, 0, 0, 0, 0, 0, 0
0, 0, 0, 0, 0, 0, 0
0, 0, 0, 0, 0, 0, 0
0, 0, 0, 0, 0, 0, 0
0, 0, 0, 0, 0, 0, 0
0, 0, 0, 0, 0, 0, 0
0, 0, 0, 0, 0, 0, 0
0, 0, 0, 0, 0, 0, 0
0, 0, 0, 0, 0, 0, 0
0, 0, 0, 0, 0, 0, 0
0, 0, 0, 0, 0, 0, 0
0, 0, 0, 0, 0, 0, 0
0, 0, 0, 0, 0, 0, 0
0, 0, 0, 0, 0, 0, 0
0, 0, 0, 0, 0, 0, 0
0, 0, 0, 0, 0, 0, 0
0, 0, 0, 0, 0, 0, 0
0, 0, 0, 0, 0, 0, 0
0, 0, 0, 0, 0, 0, 0
0, 0, 0, 0, 0, 0, 0
0, 0, 0, 0, 0, 0, 0
0, 0, 0, 0, 0, 0, 0
0, 0, 0, 0, 0, 0, 0
0, 0, 0, 0, 0, 0, 0
0, 0, 0, 0, 0, 0, 0
0, 0, 0, 0, 0, 0, 0
0, 0, 0, 0, 0, 0, 0
0, 0, 0, 0, 0, 0, 0
0, 0, 0, 0, 0, 0, 0
0, 0, 0, 0, 0, 0, 0
0, 0, 0, 0, 0, 0, 0
0, 0, 0, 0, 0, 0, 0
0, 0, 0, 0, 0, 0, 0
0, 0, 0, 0, 0, 0, 0
0, 0, 0, 0, 0, 0, 0
0, 0, 0, 0, 0, 0, 0
0, 0, 0, 0, 0, 0, 0
0, 0, 0, 0, 0, 0, 0
0, 0, 0, 0, 0, 0, 0
0, 0, 0, 0, 0, 0, 0
0, 0, 0, 0, 0, 0, 0
0, 0, 0, 0, 0, 0, 0
0, 0, 0, 0, 0, 0, 0
0, 0, 0, 0, 0, 0, 0
0, 0, 0, 0, 0, 0, 0
0, 0, 0, 0, 0, 0, 0
0, 0, 0, 0, 0, 0, 0
0, 0, 0, 0, 0, 0, 0
0, 0, 0, 0, 0, 0, 0
0, 0, 0, 0, 0, 0, 0
0, 0, 0, 0, 0, 0, 0
0, 0, 0, 0, 0, 0, 0
0, 0, 0, 0, 0, 0, 0
0, 0, 0, 0, 0, 0, 0
0, 0, 0, 0, 0, 0, 0
0, 0, 0, 0, 0, 0, 0
0, 0, 0, 0, 0, 0, 0
0, 0, 0, 0, 0, 0, 0
0, 0, 0, 0, 0, 0, 0
0, 0, 0, 0, 0, 0, 0
0, 0, 0, 0, 0, 0, 0
0, 0, 0, 0, 0, 0, 0
0, 0, 0, 0, 0, 0, 0
0, 0, 0, 0, 0, 0, 0
0, 0, 0, 0, 0, 0, 0
0, 0, 0, 0, 0, 0, 0
0, 0, 0, 0, 0, 0, 0
0, 0, 0, 0, 0, 0, 0
0, 0, 0, 0, 0, 0, 0
0, 0, 0, 0, 0, 0, 0
0, 0, 0, 0, 0, 0, 0
0, 0, 0, 0, 0, 0, 0
0, 0, 0, 0, 0, 0, 0
0, 0, 0, 0, 0, 0, 0
0, 0, 0, 0, 0, 0, 0
0, 0, 0, 0, 0, 0, 0
0, 0, 0, 0, 0, 0, 0
0, 0, 0, 0, 0, 0, 0
0, 0, 0, 0, 0, 0, 0
0, 0, 0, 0, 0, 0, 0
0, 0, 0, 0, 0, 0, 0
0, 0, 0, 0, 0, 0, 0
0, 0, 0, 0, 0, 0, 0
0, 0, 0, 0, 0, 0, 0
0, 0, 0, 0, 0, 0, 0
0, 0, 0, 0, 0, 0, 0
0, 0, 0, 0, 0, 0, 0
0, 0, 0, 0, 0, 0, 0
0, 0, 0, 0, 0, 0, 0
0, 0, 0, 0, 0, 0, 0
0, 0, 0, 0, 0, 0, 0
0, 0, 0, 0, 0, 0, 0
0, 0, 0, 0, 0, 0, 0
0, 0, 0, 0, 0, 0, 0
0, 0, 0, 0, 0, 0, 0
0, 0, 0, 0, 0, 0, 0
0, 0, 0, 0, 0, 0, 0
0, 0, 0, 0, 0, 0, 0
0, 0, 0, 0, 0, 0, 0
0, 0, 0, 0, 0, 0, 0
0, 0, 0, 0, 0, 0, 0
0, 0, 0, 0, 0, 0, 0
0, 0, 0, 0, 0, 0, 0
0, 0, 0, 0, 0, 0, 0
0, 0, 0, 0, 0, 0, 0
0, 0, 0, 0, 0, 0, 0
0, 0, 0, 0, 0, 0, 0
0, 0, 0, 0, 0, 0, 0
0, 0, 0, 0, 0, 0, 0
0, 0, 0, 0, 0, 0, 0
0, 0, 0, 0, 0, 0, 0
0, 0, 0, 0, 0, 0, 0
0, 0, 0, 0, 0, 0, 0
0, 0, 0, 0, 0, 0, 0
0, 0, 0, 0, 0, 0, 0
0, 0, 0, 0, 0, 0, 0
0, 0, 0, 0, 0, 0, 0
0, 0, 0, 0, 0, 0, 0
0, 0, 0, 0, 0, 0, 0
0, 0, 0, 0, 0, 0, 0
0, 0, 0, 0, 0, 0, 0
0, 0, 0, 0, 0, 0, 0
0, 0, 0, 0, 0, 0, 0
0, 0, 0, 0, 0, 0, 0
0, 0, 0, 0, 0, 0, 0
0, 0, 0, 0, 0, 0, 0
0, 0, 0, 0, 0, 0, 0
0, 0, 0, 0, 0, 0, 0
0, 0, 0, 0, 0, 0, 0
0, 0, 0, 0, 0, 0, 0
0, 0, 0, 0, 0, 0, 0
0, 0, 0, 0, 0, 0, 0
0, 0, 0, 0, 0, 0, 0
0, 0, 0, 0, 0, 0, 0
0, 0, 0, 0, 0, 0, 0
0, 0, 0, 0, 0, 0, 0
0, 0, 0, 0, 0, 0, 0
0, 0, 0, 0, 0, 0, 0
0, 0, 0, 0, 0, 0, 0
0, 0, 0, 0, 0, 0, 0
0, 0, 0, 0, 0, 0, 0
0, 0, 0, 0, 0, 0, 0
0, 0, 0, 0, 0, 0, 0
0, 0, 0, 0, 0, 0, 0
0, 0, 0, 0, 0, 0, 0
0, 0, 0, 0, 0, 0, 0
0, 0, 0, 0, 0, 0, 0
0, 0, 0, 0, 0, 0, 0
0, 0, 0, 0, 0, 0, 0
0, 0, 0, 0, 0, 0, 0
0, 0, 0, 0, 0, 0, 0
0, 0, 0, 0, 0, 0, 0
0, 0, 0, 0, 0, 0, 0
0, 0, 0, 0, 0, 0, 0
0, 0, 0, 0, 0, 0, 0
0, 0, 0, 0, 0, 0, 0
0, 0, 0, 0, 0, 0, 0
0, 0, 0, 0, 0, 0, 0
0, 0, 0, 0, 0, 0, 0
0, 0, 0, 0, 0, 0, 0
0, 0, 0, 0, 0, 0, 0
0, 0, 0, 0, 0, 0, 0
0, 0, 0, 0, 0, 0, 0
0, 0, 0, 0, 0, 0, 0
0, 0, 0, 0, 0, 0, 0
0, 0, 0, 0, 0, 0, 0
0, 0, 0, 0, 0, 0, 0
0, 0, 0, 0, 0, 0, 0
0, 0, 0, 0, 0, 0, 0
0, 0, 0, 0, 0, 0, 0
0, 0, 0, 0, 0, 0, 0
0, 0, 0, 0, 0, 0, 0
0, 0, 0, 0, 0, 0, 0
0, 0, 0, 0, 0, 0, 0
0, 0, 0, 0, 0, 0, 0
0, 0, 0, 0, 0, 0, 0
0, 0, 0, 0, 0, 0, 0
0, 0, 0, 0, 0, 0, 0
0, 0, 0, 0, 0, 0, 0
0, 0, 0, 0, 0, 0, 0
0, 0, 0, 0, 0, 0, 0
0, 0, 0, 0, 0, 0, 0
0, 0, 0, 0, 0, 0, 0
0, 0, 0, 0, 0, 0, 0
0, 0, 0, 0, 0, 0, 0
0, 0, 0, 0, 0, 0, 0
0, 0, 0, 0, 0, 0, 0
0, 0, 0, 0, 0, 0, 0
0, 0, 0, 0, 0, 0, 0
0, 0, 0, 0, 0, 0, 0
0, 0, 0, 0, 0, 0, 0
0, 0, 0, 0, 0, 0, 0
0, 0, 0, 0, 0, 0, 0
0, 0, 0, 0, 0, 0, 0
0, 0, 0, 0, 0, 0, 0
0, 0, 0, 0, 0, 0, 0
0, 0, 0, 0, 0, 0, 0
0, 0, 0, 0, 0, 0, 0
0, 0, 0, 0, 0, 0, 0
0, 0, 0, 0, 0, 0, 0
0, 0, 0, 0, 0, 0, 0
0, 0, 0, 0, 0, 0, 0
0, 0, 0, 0, 0, 0, 0
0, 0, 0, 0, 0, 0, 0
0, 0, 0, 0, 0, 0, 0
0, 0, 0, 0, 0, 0, 0
0, 0, 0, 0, 0, 0, 0
0, 0, 0, 0, 0, 0, 0
0, 0, 0, 0, 0, 0, 0
0, 0, 0, 0, 0, 0, 0
0, 0, 0, 0, 0, 0, 0
0, 0, 0, 0, 0, 0, 0
0, 0, 0, 0, 0, 0, 0
0, 0, 0, 0, 0, 0, 0
0, 0, 0, 0, 0, 0, 0
0, 0, 0, 0, 0, 0, 0
0, 0, 0, 0, 0, 0, 0
0, 0, 0, 0, 0, 0, 0
0, 0, 0, 0, 0, 0, 0
0, 0, 0, 0, 0, 0, 0
0, 0, 0, 0, 0, 0, 0
0, 0, 0, 0, 0, 0, 0
0, 0, 0, 0, 0, 0, 0
0, 0, 0, 0, 0, 0, 0
0, 0, 0, 0, 0, 0, 0
0, 0, 0, 0, 0, 0, 0
0, 0, 0, 0, 0, 0, 0
0, 0, 0, 0, 0, 0, 0
0, 0, 0, 0, 0, 0, 0
0, 0, 0, 0, 0, 0, 0
0, 0, 0, 0, 0, 0, 0
0, 0, 0, 0, 0, 0, 0
0, 0, 0, 0, 0, 0, 0
0, 0, 0, 0, 0, 0, 0
0, 0, 0, 0, 0, 0, 0
0, 0, 0, 0, 0, 0, 0
0, 0, 0, 0, 0, 0, 0
0, 0, 0, 0, 0, 0, 0
0, 0, 0, 0, 0, 0, 0
0, 0, 0, 0, 0, 0, 0
0, 0, 0, 0, 0, 0, 0
0, 0, 0, 0, 0, 0, 0
0, 0, 0, 0, 0, 0, 0
0, 0, 0, 0, 0, 0, 0
0, 0, 0, 0, 0, 0, 0
0, 0, 0, 0, 0, 0, 0
0, 0, 0, 0, 0, 0, 0
0, 0, 0, 0, 0, 0, 0
0, 0, 0, 0, 0, 0, 0
0, 0, 0, 0, 0, 0, 0
0, 0, 0, 0, 0, 0, 0
0, 0, 0, 0, 0, 0, 0
0, 0, 0, 0, 0, 0, 0
0, 0, 0, 0, 0, 0, 0
0, 0, 0, 0, 0, 0, 0
0, 0, 0, 0, 0, 0, 0
0, 0, 0, 0, 0, 0, 0
0, 0, 0, 0, 0, 0, 0
0, 0, 0, 0, 0, 0, 0
0, 0, 0, 0, 0, 0, 0
0, 0, 0, 0, 0, 0, 0
0, 0, 0, 0, 0, 0, 0
0, 0, 0, 0, 0, 0, 0
0, 0, 0, 0, 0, 0, 0
0, 0, 0, 0, 0, 0, 0
0, 0, 0, 0, 0, 0, 0
0, 0, 0, 0, 0, 0, 0
0, 0, 0, 0, 0, 0, 0
0, 0, 0, 0, 0, 0, 0
0, 0, 0, 0, 0, 0, 0
0, 0, 0, 0, 0, 0, 0
0, 0, 0, 0, 0, 0, 0
0, 0, 0, 0, 0, 0, 0
0, 0, 0, 0, 0, 0, 0
0, 0, 0, 0, 0, 0, 0
0, 0, 0, 0, 0, 0, 0
0, 0, 0, 0, 0, 0, 0
0, 0, 0, 0, 0, 0, 0
0, 0, 0, 0, 0, 0, 0
0, 0, 0, 0, 0, 0, 0
0, 0, 0, 0, 0, 0, 0
0, 0, 0, 0, 0, 0, 0
0, 0, 0, 0, 0, 0, 0
0, 0, 0, 0, 0, 0, 0
0, 0, 0, 0, 0, 0, 0
0, 0, 0, 0, 0, 0, 0
0, 0, 0, 0, 0, 0, 0
0, 0, 0, 0, 0, 0, 0
0, 0, 0, 0, 0, 0, 0
0, 0, 0, 0, 0, 0, 0
0, 0, 0, 0, 0, 0, 0
0, 0, 0, 0, 0, 0, 0
0, 0, 0, 0, 0, 0, 0
0, 0, 0, 0, 0, 0, 0
0, 0, 0, 0, 0, 0, 0
0, 0, 0, 0, 0, 0, 0
0, 0, 0, 0, 0, 0, 0
0, 0, 0, 0, 0, 0, 0
0, 0, 0, 0, 0, 0, 0
0, 0, 0, 0, 0, 0, 0
0, 0, 0, 0, 0, 0, 0
0, 0, 0, 0, 0, 0, 0
0, 0, 0, 0, 0, 0, 0
0, 0, 0, 0, 0, 0, 0
0, 0, 0, 0, 0, 0, 0
0, 0, 0, 0, 0, 0, 0
0, 0, 0, 0, 0, 0, 0
0, 0, 0, 0, 0, 0, 0
0, 0, 0, 0, 0, 0, 0
0, 0, 0, 0, 0, 0, 0
0, 0, 0, 0, 0, 0, 0
0, 0, 0, 0, 0, 0, 0
0, 0, 0, 0, 0, 0, 0
0, 0, 0, 0, 0, 0, 0
0, 0, 0, 0, 0, 0, 0
0, 0, 0, 0, 0, 0, 0
0, 0, 0, 0, 0, 0, 0
0, 0, 0, 0, 0, 0, 0
0, 0, 0, 0, 0, 0, 0
0, 0, 0, 0, 0, 0, 0
0, 0, 0, 0, 0, 0, 0
0, 0, 0, 0, 0, 0, 0
0, 0, 0, 0, 0, 0, 0
0, 0, 0, 0, 0, 0, 0
0, 0, 0, 0, 0, 0, 0
0, 0, 0, 0, 0, 0, 0
0, 0, 0, 0, 0, 0, 0
0, 0, 0, 0, 0, 0, 0
0, 0, 0, 0, 0, 0, 0
0, 0, 0, 0, 0, 0, 0
0, 0, 0, 0, 0, 0, 0
0, 0, 0, 0, 0, 0, 0
0, 0, 0, 0, 0, 0, 0
0, 0, 0, 0, 0, 0, 0
0, 0, 0, 0, 0, 0, 0
0, 0, 0, 0, 0, 0, 0
0, 0, 0, 0, 0, 0, 0
0, 0, 0, 0, 0, 0, 0
0, 0, 0, 0, 0, 0, 0
0, 0, 0, 0, 0, 0, 0
0, 0, 0, 0, 0, 0, 0
0, 0, 0, 0, 0, 0, 0
0, 0, 0, 0, 0, 0, 0
0, 0, 0, 0, 0, 0, 0
0, 0, 0, 0, 0, 0, 0
0, 0, 0, 0, 0, 0, 0
0, 0, 0, 0, 0, 0, 0
0, 0, 0, 0, 0, 0, 0
0, 0, 0, 0, 0, 0, 0
0, 0, 0, 0, 0, 0, 0
0, 0, 0, 0, 0, 0, 0
0, 0, 0, 0, 0, 0, 0
0, 0, 0, 0, 0, 0, 0
0, 0, 0, 0, 0, 0, 0
0, 0, 0, 0, 0, 0, 0
0, 0, 0, 0, 0, 0, 0
0, 0, 0, 0, 0, 0, 0
0, 0, 0, 0, 0, 0, 0
0, 0, 0, 0, 0, 0, 0
0, 0, 0, 0, 0, 0, 0
0, 0, 0, 0, 0, 0, 0
0, 0, 0, 0, 0, 0, 0
0, 0, 0, 0, 0, 0, 0
0, 0, 0, 0, 0, 0, 0
0, 0, 0, 0, 0, 0, 0
0, 0, 0, 0, 0, 0, 0
0, 0, 0, 0, 0, 0, 0
0, 0, 0, 0, 0, 0, 0
0, 0, 0, 0, 0, 0, 0
0, 0, 0, 0, 0, 0, 0
0, 0, 0, 0, 0, 0, 0
0, 0, 0, 0, 0, 0, 0
0, 0, 0, 0, 0, 0, 0
0, 0, 0, 0, 0, 0, 0
0, 0, 0, 0, 0, 0, 0
0, 0, 0, 0, 0, 0, 0
0, 0, 0, 0, 0, 0, 0
0, 0, 0, 0, 0, 0, 0
0, 0, 0, 0, 0, 0, 0
0, 0, 0, 0, 0, 0, 0
0, 0, 0, 0, 0, 0, 0
0, 0, 0, 0, 0, 0, 0
0, 0, 0, 0, 0, 0, 0
0, 0, 0, 0, 0, 0, 0
0, 0, 0, 0, 0, 0, 0
0, 0, 0, 0, 0, 0, 0
0, 0, 0, 0, 0, 0, 0
0, 0, 0, 0, 0, 0, 0
0, 0, 0, 0, 0, 0, 0
0, 0, 0, 0, 0, 0, 0
0, 0, 0, 0, 0, 0, 0
0, 0, 0, 0, 0, 0, 0
0, 0, 0, 0, 0, 0, 0
0, 0, 0, 0, 0, 0, 0
0, 0, 0, 0, 0, 0, 0
0, 0, 0, 0, 0, 0, 0
0, 0, 0, 0, 0, 0, 0
0, 0, 0, 0, 0, 0, 0
0, 0, 0, 0, 0, 0, 0
0, 0, 0, 0, 0, 0, 0
0, 0, 0, 0, 0, 0, 0
0, 0, 0, 0, 0, 0, 0
0, 0, 0, 0, 0, 0, 0
0, 0, 0, 0, 0, 0, 0
0, 0, 0, 0, 0, 0, 0
0, 0, 0, 0, 0, 0, 0
0, 0, 0, 0, 0, 0, 0
0, 0, 0, 0, 0, 0, 0
0, 0, 0, 0, 0, 0, 0
0, 0, 0, 0, 0, 0, 0
0, 0, 0, 0, 0, 0, 0
0, 0, 0, 0, 0, 0, 0
0, 0, 0, 0, 0, 0, 0
0, 0, 0, 0, 0, 0, 0
0, 0, 0, 0, 0, 0, 0
0, 0, 0, 0, 0, 0, 0
0, 0, 0, 0, 0, 0, 0
0, 0, 0, 0, 0, 0, 0
0, 0, 0, 0, 0, 0, 0
0, 0, 0, 0, 0, 0, 0
0, 0, 0, 0, 0, 0, 0
8.881074, 9.041885, 9.25351825, 9.5015323, 9.6897168, 14.39243249, 36.893046
8.8884085, 9.04328, 9.23999625, 9.4716317, 9.6649961, 13.556740149999998, 19.656824
8.885969750000001, 9.044393, 9.2560515, 9.5490068, 9.7724295, 16.253665899999998, 52.853195
8.88070925, 9.037925, 9.231809, 9.508081500000001, 9.77185685, 16.05114234, 52.853195
8.888299250000001, 9.0336455, 9.2302005, 9.5336777, 9.825601, 11.697418609999986, 24.370709
8.882303, 9.028274, 9.2298555, 9.483192, 9.7573084, 16.1799103, 19.645042
8.876461500000001, 9.0416135, 9.2422395, 9.5006764, 9.7844699, 11.832007959999983, 19.656824
8.88259375, 9.030694, 9.231546, 9.5335322, 9.739920549999999, 13.263961509999996, 36.893046
8.88094625, 9.0299175, 9.228624, 9.4517773, 9.715871, 14.787802599999992, 52.853195
8.88279025, 9.0396415, 9.2355605, 9.4923783, 9.713557699999999, 14.195220159999998, 22.552578
8.88481325, 9.0370925, 9.226579000000001, 9.4979399, 9.67866525, 14.432792389999985, 23.303856
8.89065875, 9.038584, 9.220728750000001, 9.490067, 9.7567628, 15.978203449999999, 22.552578
8.872765, 9.040582, 9.243424000000001, 9.530922, 9.8092796, 13.241091719999993, 24.370709
8.87849725, 9.039735, 9.23381125, 9.469199399999999, 9.7196483, 13.234894149999999, 36.893046
8.86591075, 9.0064215, 9.1960775, 9.4501033, 10.087531, 12.312307999999998, 35.734803
8.859225499999999, 9.000233, 9.187956, 9.476735099999999, 10.081999, 11.932675, 35.734803
8.859925, 9.000847, 9.178808, 9.4658418, 9.97260825, 12.070419, 16.928153
8.86518575, 8.993939, 9.168206000000001, 9.4658351, 9.915973, 12.048048669999998, 37.448702
8.862056500000001, 9.001627, 9.173419, 9.4219672, 9.918443799999999, 11.932546299999998, 33.51644
8.8704885, 9.0037295, 9.187454, 9.4574223, 10.00536, 11.895030269999996, 35.734803
8.862838, 8.9977165, 9.1788815, 9.4390328, 9.885225049999997, 12.073487519999976, 37.448702
8.866325250000001, 9.0048075, 9.19526225, 9.4978913, 10.1521049, 12.330462, 35.487972
8.86537225, 9.0016225, 9.17261825, 9.462667, 10.004487899999999, 12.048048669999998, 35.734803
8.863467, 8.992159, 9.167816, 9.4414786, 9.884465, 11.970619969999992, 35.487972
8.8672015, 9.0043495, 9.18286625, 9.443538799999999, 9.985579, 11.87444791, 35.487972
8.8629505, 8.9996455, 9.17872475, 9.4406649, 9.956152, 11.89461396, 37.448702
8.86439475, 9.004629, 9.1830155, 9.4654596, 9.994541999999997, 12.315896989999997, 37.448702
8.788494, 9.073942, 10.2179475, 11.628673599999999, 12.472310150000004, 15.054648080000009, 19.393533
8.77510775, 9.0401755, 10.19239, 11.623949399999999, 12.3816609, 15.279249050000038, 18.677002
8.78472625, 9.0503055, 10.18240825, 11.582057, 12.254131, 14.310006, 26.889073
8.789092, 9.0455075, 10.23445225, 11.669898, 12.476371, 14.902156220000009, 26.889073
8.638838750000001, 9.106864, 10.7338795, 12.4361022, 13.963141849999998, 17.709146020000016, 38.404747
8.64116175, 9.119646, 10.812090000000001, 12.462111, 14.06189, 17.844941360000007, 38.813544
8.659829250000001, 9.176713, 10.85256025, 12.59502, 14.13822059999999, 18.188937, 38.813544
8.6439015, 9.141917, 10.86880075, 12.402768, 13.985217999999977, 17.483699230000013, 38.813544
8.64738, 9.106176999999999, 10.7507625, 12.338752, 13.892058599999988, 17.483607930000012, 38.813544
8.6450085, 9.1278, 10.802425, 12.3479153, 13.91014165, 17.287988, 34.462112
8.64759125, 9.1485455, 10.81987625, 12.4540158, 14.021759099999995, 17.644383, 38.813544
8.647682, 9.1120225, 10.833960000000001, 12.459643, 14.096220099999986, 18.233113, 38.813544
8.64157325, 9.112180500000001, 10.80190825, 12.566286400000001, 14.251055, 18.188937, 27.927733
8.647832, 9.1088585, 10.78919575, 12.420108800000001, 14.099622049999995, 17.786071, 38.813544
8.652431, 9.131829, 10.80231025, 12.4445948, 13.952210899999994, 17.664191050000007, 38.813544
8.646315, 9.0777225, 10.831342, 12.424528800000001, 13.907798949999998, 17.844506, 38.813544
8.648617, 9.179193, 10.842374249999999, 12.45322, 14.066715599999997, 17.47048991, 38.404747
8.642280750000001, 9.136702, 10.86160225, 12.3560267, 13.991081399999997, 17.80231987, 38.813544
8.645282, 9.150252, 10.826103250000001, 12.394759, 13.921871499999995, 17.703598, 34.462112
8.644595500000001, 9.1423, 10.7602125, 12.386850800000001, 13.943173749999993, 17.414351279999998, 38.813544
8.65238725, 9.1591365, 10.8014045, 12.449230300000002, 13.96309, 17.611796, 38.813544
8.64966225, 9.141598, 10.803248, 12.512249, 14.105016, 17.78608, 38.813544
8.64395025, 9.140444, 10.823630000000001, 12.413431, 13.961409049999999, 17.420484050000002, 38.404747
8.64683125, 9.110450499999999, 10.783066, 12.3465676, 14.013154, 17.663793, 38.404747
8.6426955, 9.114418, 10.820100499999999, 12.382671, 13.751245199999996, 17.663793, 38.813544
8.64621125, 9.146237, 10.81786475, 12.418864, 13.964287549999996, 17.960504, 34.462112
8.643353, 9.130221, 10.783066, 12.408001, 14.066715599999997, 17.872018, 34.462112
8.649533, 9.117975000000001, 10.78818, 12.434224500000001, 14.059551349999998, 17.96142778000002, 38.813544
8.6450085, 9.086715, 10.74128825, 12.3253269, 13.845793, 17.548219190000015, 38.813544
8.645567, 9.1230105, 10.772138, 12.391037200000001, 14.066505, 18.23399394000002, 38.404747
8.791933, 9.0527835, 10.21439125, 11.6604863, 12.503864300000004, 14.831535, 19.393533
8.776986, 9.058028, 10.216468500000001, 11.6085046, 12.4049616, 14.736673190000001, 19.563106
8.77668825, 9.032755, 10.23973425, 11.7087603, 12.58620985, 14.965547820000014, 19.393533
8.78937475, 9.0539545, 10.18044425, 11.650524, 12.436106, 15.021127, 19.393533
8.65043375, 9.135331, 10.7615305, 12.3479153, 13.864099799999998, 17.644935220000015, 38.813544
8.648044, 9.134645500000001, 10.85965, 12.580228500000002, 14.133796, 17.922138370000003, 38.813544
8.6439015, 9.1283675, 10.82209625, 12.426093, 14.058035149999997, 17.872178240000004, 38.404747
9.086989, 11.178128, 13.985965, 17.3168441, 19.707231749999995, 26.49165766, 40.625286
9.1096265, 11.194037, 14.001676, 17.2798814, 19.714086, 25.56975163000001, 44.22794
8.6479985, 9.1274145, 10.85023975, 12.474183, 13.951795, 17.547577, 38.404747
8.649633, 9.135627, 10.8297875, 12.382671, 13.941458499999984, 17.787123420000004, 38.404747
8.64791425, 9.151452500000001, 10.88294275, 12.5100025, 13.974773949999992, 17.199666830000005, 38.813544
8.645088, 9.14261, 10.830662, 12.444584900000002, 14.027751549999996, 17.922076720000003, 38.813544
8.644162249999999, 9.140528, 10.83844, 12.5575565, 14.066710849999996, 17.80231987, 38.404747
8.643581, 9.115713, 10.84386375, 12.534873600000003, 14.1262486, 17.872018, 38.813544
8.64317725, 9.1375115, 10.77695925, 12.409164600000004, 13.91014165, 17.78614925, 38.404747
8.649687, 9.117321, 10.7947655, 12.397027200000004, 13.88567425, 18.597355, 38.813544
9.129629, 11.3092155, 14.18276825, 17.452695, 19.875137549999987, 25.786771, 44.22794
9.114328, 11.294189, 14.085815, 17.361573, 19.819811, 24.920627, 38.509309
9.131523249999999, 11.264158, 14.04276875, 17.289255, 19.916648, 26.206109, 38.509309
8.63945575, 9.0858165, 10.783959, 12.391037200000001, 13.888358, 17.793979170000004, 38.813544
8.646338, 9.10919, 10.742703500000001, 12.385053500000001, 14.010291649999989, 17.793896, 38.404747
8.655285, 9.159366, 10.878691250000001, 12.4566762, 14.009579149999999, 17.538447, 38.813544
8.648381749999999, 9.127207, 10.84632625, 12.483738200000003, 14.133980949999998, 18.493839610000023, 38.813544
8.6476755, 9.147081, 10.834787, 12.500241, 14.137495, 17.786071, 34.462112
8.649216000000001, 9.128132, 10.79492025, 12.411578800000001, 14.099570599999996, 17.930723650000004, 34.462112
8.6644235, 9.1583015, 10.816158, 12.378146, 13.840915699999996, 17.082152, 38.813544
8.640690500000002, 9.110756, 10.72386, 12.389567, 14.015404799999995, 17.922076720000003, 38.813544
8.654577, 9.140164, 10.816327, 12.402768, 13.963141849999998, 17.664238760000007, 38.813544
8.6433755, 9.1196155, 10.77557975, 12.390895900000002, 14.077891849999986, 17.786971, 38.813544
8.644217, 9.103973499999999, 10.783518, 12.467011, 14.059407, 18.716999, 38.404747
9.097933, 11.2553345, 14.078547749999998, 17.3602266, 19.89759, 25.607740360000015, 40.625286
9.086176, 11.231636, 14.064804, 17.2618039, 19.642388, 25.872219, 44.22794
9.08610775, 11.1681305, 14.08378325, 17.466592, 19.927697349999995, 26.312623880000032, 40.625286
9.113677, 11.1969435, 13.999272000000001, 17.264242, 19.587511, 24.987634, 44.22794
9.134141249999999, 11.240114, 14.03804025, 17.443773200000003, 19.905304549999993, 26.49165766, 44.22794
9.089281, 11.207346999999999, 14.093828, 17.320895, 19.742827, 25.87248711000001, 44.22794
9.148702, 11.2662795, 14.11110425, 17.512314, 19.82253239999996, 25.60888099000004, 44.22794
9.082215, 11.247666, 14.08532025, 17.625676, 20.029985249999985, 26.508677560000002, 44.22794
9.105487, 11.253589, 14.174996, 17.51469270000001, 19.797086, 25.398104, 44.22794
9.12527175, 11.179336, 14.10436, 17.265431900000003, 19.561492849999993, 25.678368970000026, 44.22794
9.09992825, 11.189231, 13.996133, 17.2764911, 19.529281, 25.60713201, 40.625286
10.108101, 12.768387, 16.534053, 21.178428, 24.030696849999998, 30.299877, 43.791491
10.221413, 12.8561115, 16.530926, 21.077183100000003, 23.8564547, 29.875391, 43.791491
10.131066, 12.677541, 16.509662249999998, 20.976877, 23.881282, 30.299968800000002, 43.791491
10.198027, 12.793109, 16.5309935, 20.9031094, 23.771017699999998, 29.999317, 43.791491
10.234365, 12.8440125, 16.663816, 21.296567, 24.16166104999999, 31.02797, 40.498626
10.1546065, 12.773047, 16.510194249999998, 20.9204569, 23.927535, 30.024528, 43.791491
10.191859, 12.798581, 16.580239, 20.870034, 23.648089, 29.513669, 43.791491
10.200965, 12.798581, 16.684112, 21.298954, 24.135827, 30.71098672000003, 43.791491
8.788015, 9.054426, 10.229274, 11.659932, 12.502305, 14.96450499999999, 108.10984790163448
8.785803, 9.050398, 10.210208999999999, 11.661097900000001, 12.476371, 14.746909, 26.889073
8.789546, 9.05001, 10.225465, 11.669898, 12.469801, 14.938511, 26.889073
8.784101, 9.050942, 10.229351, 11.6173565, 12.385526749999999, 14.804108819999982, 26.889073
8.78856, 9.055830499999999, 10.242462, 11.678967, 12.503486, 14.996234439999961, 26.889073
8.730979, 9.080207, 10.539089, 12.020756500000003, 13.216741, 16.60481621, 38.404747
8.728706, 9.081641999999999, 10.507705, 12.008045500000001, 13.266672, 16.606225819999995, 38.813544
8.728526, 9.0803435, 10.515562, 11.973963, 13.155389, 16.7835, 38.813544
8.72988, 9.0764005, 10.542373, 12.016154400000005, 13.200323849999995, 16.60924507999999, 38.813544
8.728171, 9.084645, 10.541135, 12.034735, 13.155389, 16.576725, 38.813544
8.727632499999999, 9.0746225, 10.55154825, 11.9928245, 13.159834299999998, 16.442499, 38.813544
8.725111250000001, 9.066845, 10.52273125, 12.023483, 13.155472499999998, 16.384364, 38.404747
11.138826, 14.230917, 18.58354875, 23.356297, 26.768682, 34.54214791999989, 105.08704052907146
10.99394475, 14.148009, 18.602614, 23.7608585, 27.049846, 34.78478075000001, 47.131774
10.971679, 14.149885000000001, 18.434121, 23.513411, 26.768682, 34.547282, 56.221419
12.932291, 17.341737, 23.133194, 29.192029, 33.140989, 40.81069249000001, 64.049625
12.93129425, 17.346791000000003, 22.96658725, 28.78843, 33.200954699999976, 41.158449730000015, 64.049625
12.76549, 17.221668, 22.897614, 28.991789, 32.96166379999999, 40.376853, 64.049625
8.649238, 9.155742, 10.807386, 12.444263, 14.063425599999999, 17.78373994000009, 120.02475789766862
8.647442, 9.112365, 10.783142250000001, 12.411373, 14.034630899999996, 17.793979169999986, 38.813544
8.64409775, 9.134672, 10.797017, 12.390487, 14.040769899999987, 17.786971, 38.813544
8.646909, 9.136702, 10.796022, 12.429754400000002, 14.015086, 17.69964492999999, 38.813544
8.646909, 9.116036, 10.77868775, 12.402768, 14.013154, 17.78704024999999, 38.813544
8.64702525, 9.137233, 10.817235, 12.423639, 13.99554189999999, 17.793896, 38.813544
8.649129, 9.135479, 10.819754, 12.474183, 14.076976, 17.786071, 38.813544
8.6468, 9.136702, 10.817235, 12.4189413, 13.94032, 17.611796, 38.813544
8.646301, 9.1191615, 10.794076, 12.434019, 14.062613, 17.802213, 38.813544
8.7703885, 9.930250000000001, 12.27212, 15.486467, 17.737444849999996, 23.354685, 44.22794
8.774582, 9.929108, 12.280529, 15.40336, 17.737126, 23.581625, 44.22794
8.781703, 9.967841, 12.305653, 15.501056, 17.6968756, 23.164666, 44.22794
8.785945, 9.955526, 12.3443275, 15.590445, 17.870686099999997, 24.00786825999994, 44.22794
8.768346, 9.908215, 12.273155, 15.477724100000005, 17.717036, 23.354685, 44.22794
8.7712655, 9.919388999999999, 12.262933, 15.5562682, 17.82070005, 23.43647563999994, 44.22794
8.78739575, 9.9542155, 12.292975, 15.471077, 17.768922, 23.973925, 44.22794
8.770747, 9.872251, 12.291426, 15.471077, 17.763987699999998, 23.328235, 44.22794
8.775905, 9.933626499999999, 12.275447250000001, 15.481921, 17.887787, 23.684487, 44.22794
8.776971, 9.9318195, 12.299575, 15.547344100000002, 17.844694, 23.43647563999994, 44.22794
14.429496, 19.108369, 24.928573, 32.20242, 36.94870554999999, 48.815939, 107.05916597415406
14.342051, 18.975357, 24.872795500000002, 32.144029100000004, 36.94388715, 47.720143, 73.564487
14.375949, 19.130514, 24.813864, 32.06695860000001, 36.776834, 47.723650660000075, 68.98125
14.446508, 19.083644, 24.869248, 32.049965, 36.441701, 47.49374525000001, 73.564487
8.77750425, 9.9650805, 12.354152, 15.473809, 17.8129, 23.544528, 117.12151109002211
8.785227, 9.056303, 10.230986, 11.654684, 12.451222, 14.831535, 116.55066134431166
8.786217, 9.05342, 10.21806025, 11.650524, 12.471264, 14.94417, 26.889073
8.78462075, 9.046385, 10.2155, 11.629453, 12.436106, 14.822845600000004, 26.889073
8.787855, 9.053267, 10.215979, 11.617604, 12.397371, 14.932628, 26.889073
8.78464, 9.053467, 10.248229, 11.652362, 12.436106, 14.94417, 26.889073
8.785015, 9.049919, 10.215759, 11.633203199999999, 12.462855, 14.873687, 26.889073
8.784751, 9.046104, 10.196923, 11.642031, 12.460371, 14.995983, 26.889073
8.789632749999999, 9.054177, 10.211487, 11.645967, 12.460371, 14.953882, 26.889073
8.784492, 9.053467, 10.21078275, 11.623755, 12.397371, 14.825049510000014, 26.889073
8.78503225, 9.0534435, 10.248715, 11.651476, 12.472115, 14.938511, 26.889073
8.788432, 9.048317, 10.221427, 11.646801, 12.457105, 14.938511, 26.889073
8.78464, 9.0499085, 10.214038, 11.625699, 12.424741, 14.938511, 26.889073
8.788515, 9.05576, 10.22091625, 11.6475, 12.476371, 14.94417, 26.889073
8.816628, 9.025608, 9.55962375, 11.20191, 11.992821, 14.337182, 37.448702
8.649533, 9.119646, 10.797017, 12.420104199999999, 13.973610099999984, 17.644383, 111.91897069860202
8.6450085, 9.129782, 10.780169, 12.402618, 14.070622, 17.708369, 38.813544
8.6476805, 9.1220545, 10.792518, 12.442805, 14.062389, 17.872018, 38.813544
8.7269515, 9.079332, 10.522567, 11.9723777, 13.097641699999993, 16.385237379999985, 38.813544
8.7304955, 9.0774845, 10.53760175, 12.040725, 13.189907099999992, 16.570951, 38.813544
8.727184000000001, 9.0730685, 10.524476499999999, 12.021832, 13.219201, 16.89467021999992, 38.813544
8.728517, 9.073015, 10.507705, 11.972366, 13.159804, 16.621334649999866, 38.813544
8.721048, 9.066768, 10.499018, 11.963666200000002, 13.00349895, 16.44275985999996, 38.813544
8.73174425, 9.0829825, 10.522628000000001, 11.992821, 13.122915599999999, 16.60481621, 38.813544
8.7337095, 9.082386, 10.517318999999999, 11.986189, 13.123117, 16.385151, 38.813544
8.72099025, 9.065598000000001, 10.50447975, 11.998687800000006, 13.138524, 16.335787, 38.813544
8.728171, 9.0752575, 10.52081875, 12.05548, 13.234652099999996, 16.442499, 38.813544
8.782578, 9.042789, 10.2116735, 11.6475, 12.449738, 14.995983, 26.889073
8.784155, 9.051, 10.197348, 11.617790400000004, 12.444344, 14.824984, 19.563106
8.789157, 9.05268, 10.230986, 11.6475, 12.465651399999997, 14.873968019999955, 26.889073
8.78408125, 9.050637, 10.202046000000001, 11.623748, 12.454557, 14.953882, 26.889073
8.78468, 9.045887, 10.201259, 11.61575, 12.462855, 14.953882, 26.889073
8.787855, 9.04926, 10.213862, 11.64915, 12.490727, 15.021127, 26.889073
8.7269685, 9.0790355, 10.522811, 12.025182700000002, 13.122542099999999, 16.576445, 38.813544
8.729998, 9.082764, 10.489252, 11.970187300000003, 13.108556, 16.499532399999886, 38.813544
8.728288, 9.082235, 10.528769, 12.0407452, 13.268429249999999, 17.001119, 38.813544
8.724899, 9.07048, 10.519707, 11.9372446, 13.112201, 16.60573268, 38.404747
8.723678, 9.0699155, 10.494178, 11.976188900000004, 13.108734499999997, 16.378229, 38.404747
8.726759000000001, 9.070371999999999, 10.514126749999999, 11.978343400000004, 13.067097949999999, 16.644732, 38.404747
8.722807, 9.067009, 10.497367, 11.964478, 13.087696, 16.60573268, 38.813544
8.72435, 9.063694, 10.50332175, 11.981717500000004, 13.112201, 16.385151, 38.813544
8.7251575, 9.066854, 10.497322, 12.041858, 13.280840399999994, 16.620502, 38.813544
8.728706, 9.079817, 10.50805325, 11.993961500000008, 13.16041, 16.829223349999978, 38.813544
8.73109375, 9.082764, 10.533951, 12.022596, 13.11212975, 16.615755, 38.404747
8.723072, 9.067917, 10.5500495, 12.063364, 13.21920625, 16.903192489999952, 38.813544
8.7229895, 9.066131500000001, 10.493362, 11.992927000000002, 13.122915599999999, 16.576445, 38.813544
8.723903, 9.05987, 10.51923575, 11.992270000000003, 13.127204599999995, 16.498811, 38.813544
8.726931, 9.073041, 10.489411, 11.980386, 13.11212975, 16.615886, 38.813544
8.730981, 9.0741715, 10.535099, 11.974855, 13.16907995, 16.606196, 38.404747
8.650421, 9.134162, 10.820243, 12.469538, 14.034355, 17.699605, 38.813544
8.72255625, 9.069738999999998, 10.519539, 11.962826, 13.163769, 16.606225819999995, 38.404747
8.72963725, 9.072693999999998, 10.525822, 12.023867800000003, 13.266672, 16.57689691999997, 38.813544
8.726977000000002, 9.0769765, 10.5284595, 11.9723777, 13.112126, 16.57689691999997, 34.408771
8.724899, 9.070416, 10.52685975, 12.037206300000005, 13.238143949999998, 16.829082, 38.813544
8.725231, 9.07365, 10.507699, 11.981595, 13.139181, 16.645092369999944, 38.813544
8.72603825, 9.0723425, 10.496456, 12.009534, 13.122905, 16.36108912999997, 38.813544
8.7309805, 9.0900105, 10.539176, 12.023728, 13.179390099999999, 16.571005939999992, 38.813544
8.727053, 9.071950000000001, 10.547753, 12.022596, 13.204801799999998, 16.576445, 38.404747
8.729248, 9.086196, 10.533097, 12.044257300000003, 13.206432, 16.802209, 34.462112
8.72750175, 9.079886, 10.517903, 11.98282, 13.139758549999993, 16.78368708999997, 38.813544
8.73152975, 9.080852, 10.551850250000001, 12.065449, 13.257882649999999, 16.615755, 38.813544
8.729527, 9.086938, 10.529027, 11.959306, 13.112978049999997, 16.306578, 38.813544
8.72699075, 9.082476, 10.521659, 11.986189, 13.108955849999997, 16.319874, 38.813544
8.72841525, 9.0808955, 10.547827999999999, 12.041126, 13.127204599999995, 16.604807, 38.813544
8.787975, 9.0531285, 10.227706, 11.6609012, 12.454557, 14.932686829999989, 26.889073
8.78856, 9.050637, 10.20749, 11.664709, 12.460495199999999, 14.901789, 26.889073
8.78651225, 9.058902, 10.23445225, 11.651476, 12.47130655, 14.995983, 26.889073
8.78362975, 9.045481, 10.174431, 11.623755, 12.443785, 14.94417, 26.889073
8.784652, 9.0505645, 10.2292355, 11.638363300000002, 12.472115, 14.953882, 26.889073
8.785522, 9.05576, 10.242462, 11.672563, 12.479442899999992, 14.938511, 26.889073
8.786515, 9.053201, 10.226674, 11.654883600000007, 12.469801, 14.938511, 19.563106
8.78464, 9.053087, 10.242432, 11.657958, 12.449738, 14.938511, 26.889073
8.78237525, 9.050492, 10.223743, 11.662602, 12.472246899999998, 14.873687, 26.889073
8.78250475, 9.044996, 10.225062, 11.6599818, 12.460495199999999, 14.822824, 26.889073
8.784007, 9.053467, 10.19702925, 11.63261, 12.383349, 14.804108819999982, 26.889073
8.83169, 9.018471, 9.36658275, 10.883279, 11.778136049999999, 14.0253507, 37.448702
9.13772125, 11.261879, 14.1804995, 17.5601741, 20.027207, 25.872138, 100.7620986751013
9.101617, 11.2149055, 14.08039525, 17.440367, 19.706099599999998, 24.92071521, 44.22794
9.132374, 11.288855, 14.108272249999999, 17.412054, 19.874239, 25.679223450000045, 40.625286
9.049343, 11.1330595, 13.93589275, 17.292050000000003, 19.742944849999997, 26.311127, 40.625286
9.09482275, 11.247835, 14.130392749999999, 17.547303200000005, 20.008500099999992, 25.87364843000003, 40.625286
9.119161, 11.203379, 14.016311250000001, 17.3757795, 19.9112804, 25.60888099000004, 40.625286
9.101617, 11.258939000000002, 14.1926785, 17.729346500000002, 20.21650754999997, 26.460815, 44.22794
9.103855, 11.098538, 13.869816, 17.305887600000005, 20.007928, 26.311127, 44.22794
9.086477499999999, 11.165671, 13.988038, 17.431597000000004, 19.99185975, 25.872567300000007, 44.22794
9.085790750000001, 11.159738, 13.921152, 17.285888, 20.01937, 25.56975163000001, 44.22794
9.12046875, 11.250052499999999, 14.1791755, 17.546056, 19.991815, 25.259970960000018, 44.22794
9.118646, 11.214026, 14.01483025, 17.305666000000002, 19.911072, 25.569375, 44.22794
10.188148, 12.771096, 16.526809, 21.104708500000005, 23.927535, 30.672831840000008, 43.791491
10.17455225, 12.799799499999999, 16.648261, 21.209146500000003, 24.065567149999993, 30.425338, 43.791491
10.178841, 12.8881115, 16.62829, 21.194177, 24.05115489999997, 30.672631550000006, 43.791491
9.135427, 11.288996, 14.14111475, 17.474776400000007, 19.742827, 26.227057190000018, 44.22794
9.1478, 11.307845, 14.165830750000001, 17.6970612, 19.966418, 25.677274, 40.625286
9.096072249999999, 11.165062, 13.9947985, 17.2764911, 20.027207, 26.123703, 44.22794
10.109876, 12.748575, 16.552421, 20.784027, 23.6477014, 29.61283377000001, 43.791491
10.199755, 12.771096, 16.508022, 21.220670300000005, 24.148929, 30.41766055, 43.791491
10.198693, 12.852598, 16.621970750000003, 21.152268100000008, 23.858596, 29.416936370000002, 43.791491
10.166602750000001, 12.756356, 16.509729, 20.913181, 23.944038799999998, 30.19999, 43.791491
10.201797, 12.8497245, 16.573888, 21.089356300000013, 23.914962, 29.513669, 40.498626
8.789424, 9.055901, 10.242552, 11.652184799999999, 12.490727, 14.872843959999981, 103.6409338726889
8.727382, 9.0862625, 10.53066625, 11.981252, 13.123117, 16.644732, 38.813544
8.726084, 9.072712, 10.525873, 12.01479, 13.126926, 16.606225819999995, 38.813544
8.725408, 9.0652595, 10.496252, 11.973983, 13.077566, 16.44275985999996, 38.813544
8.73107125, 9.076596, 10.479485, 11.897513800000002, 13.052854, 16.594025899999984, 38.813544
8.731288, 9.087108, 10.5494405, 12.041549300000002, 13.162858, 16.576445, 38.404747
8.729715, 9.075686999999999, 10.541135, 12.064682900000006, 13.240556, 16.615886, 38.404747
8.731069, 9.075771, 10.50805325, 11.979360900000003, 13.120155, 16.644732, 38.813544
8.649671, 9.141869, 10.840113, 12.481334, 14.066710849999996, 17.786971, 38.813544
8.647008, 9.13779, 10.807164, 12.423639, 14.021462, 17.61197375999997, 38.813544
8.6473725, 9.113959, 10.792807, 12.426093, 14.057890799999997, 17.793896, 38.813544
12.879394999999999, 17.366392, 22.947151, 29.156647, 33.414591, 41.107663, 105.66839223669136
12.915014, 17.279727, 22.834489, 29.116103800000005, 33.199187, 40.568418, 64.049625
12.744074, 17.199114, 22.754602, 29.01443, 32.960963, 40.84404283000001, 64.049625
12.780678, 17.335619, 23.162856, 29.294260500000007, 33.555475549999954, 41.132990160000006, 64.049625
8.647676, 9.1377375, 10.794662, 12.444263, 14.034355, 17.703598, 113.26718412837417
8.646909, 9.118227, 10.80152075, 12.434019, 14.021462, 17.92199, 38.813544
8.646682, 9.1230105, 10.787681, 12.402618, 13.967686449999995, 17.644383, 38.813544
8.646602, 9.12137, 10.78858425, 12.390644, 13.990885, 17.663793, 38.813544
8.647149500000001, 9.126562, 10.788585, 12.389567, 13.960113, 17.793896, 38.813544
8.77135975, 9.934477, 12.276682, 15.43666, 17.908389, 23.974013739999986, 44.22794
8.769416, 9.950845, 12.266244, 15.511645, 17.8334752, 23.436095, 44.22794
8.780808, 9.967841, 12.292975, 15.473809, 17.872018, 23.507924, 44.22794
8.78132025, 9.954105, 12.292857249999999, 15.4738626, 17.7958544, 23.50829003999994, 44.22794
8.775586, 9.954794, 12.334394249999999, 15.493468900000003, 17.856778, 23.581625, 44.22794
8.7771495, 9.933004, 12.27518, 15.516032, 17.893937, 23.337256, 44.22794
8.7723, 9.908774000000001, 12.268538, 15.501305600000006, 17.844506, 23.328235, 40.625286
8.770949, 9.928431, 12.279211, 15.512018400000004, 17.748616549999994, 23.064532, 44.22794
8.78852525, 9.970972, 12.3443275, 15.569308, 17.8880633, 23.35500521999995, 44.22794
8.7768255, 9.929138, 12.326118999999998, 15.531757, 17.797689, 22.961117, 44.22794
8.779954, 9.9615075, 12.27106175, 15.479987900000003, 17.763728, 23.337256, 44.22794
8.777615, 9.902277, 12.27212, 15.484206, 17.770393349999996, 23.328325209999985, 44.22794
8.780306, 9.974008000000001, 12.329923, 15.456396900000001, 17.722196549999996, 22.892982, 44.22794
8.7703645, 9.918105, 12.27212, 15.531695, 17.82148, 23.223349, 44.22794
14.3347395, 18.825680499999997, 24.836492, 32.14183740000001, 36.795214, 47.493232, 115.31959050371297
14.36351, 18.939218, 24.8517675, 31.73361770000002, 36.441701, 48.070909, 73.564487
14.321756, 19.109531, 24.99375, 32.23976, 37.026701, 47.720143, 73.564487
14.456811, 19.144064, 25.128246, 32.076092, 36.680604, 48.08567802000001, 73.564487
8.785014499999999, 9.9382385, 12.32056225, 15.542743, 17.797553, 23.684487, 108.9746855032765
8.786413, 9.054177, 10.241081, 11.648901, 12.449198600000008, 14.815179, 102.7386613217258
8.851285, 9.009051, 9.241402, 10.092182, 11.222243, 13.003231219999957, 104.6991467358232
8.849945, 9.008962, 9.2444565, 10.087531, 11.190541199999995, 12.8606783, 37.448702
8.852093, 9.0102555, 9.242591, 10.095906, 11.215018749999999, 12.96701, 37.448702
8.850918499999999, 9.008962, 9.24088, 10.12845, 11.274499299999997, 13.077141, 37.448702
8.851432, 9.008119, 9.242821, 10.0777552, 11.183674, 13.060476, 37.448702
8.849098, 9.009122, 9.239484, 10.091828, 11.201885, 12.955440820000021, 37.448702
8.850489, 9.007979, 9.245001, 10.113492, 11.220849, 13.052854, 37.448702
8.849829, 9.008738, 9.23961, 10.095906, 11.274474, 13.219201, 37.448702
8.851841, 9.009167, 9.245491, 10.097082, 11.199298, 13.027491, 37.448702
8.849576, 9.006479, 9.235475, 10.05733, 11.148963, 12.860867350000039, 37.448702
8.78580225, 9.050492, 10.220221, 11.645691400000004, 12.439778, 14.938511, 93.95059833372125
8.785227, 9.048128, 10.223674, 11.642939, 12.424741, 14.822845600000004, 26.889073
8.785802, 9.057212, 10.240888, 11.646801, 12.440311, 14.932628, 26.889073
8.789554, 9.06199, 10.23364975, 11.64915, 12.451388749999985, 14.995983, 26.889073
8.786061, 9.059054, 10.24093625, 11.662042, 12.502753, 14.94417, 26.889073
8.784022, 9.051636, 10.220941, 11.646801, 12.462855, 14.901789, 26.889073
8.78464, 9.05303, 10.242462, 11.660993, 12.462855, 14.932628, 26.889073
8.78691, 9.049898, 10.212492, 11.638343, 12.465433, 14.831535, 26.889073
8.78468, 9.05576, 10.22029575, 11.64915, 12.449738, 14.94417, 26.889073
8.78473325, 9.054177, 10.229197, 11.636392, 12.460371, 14.94417, 26.889073
8.786504, 9.054016, 10.215759, 11.64915, 12.462983899999989, 14.938567590000012, 26.889073
8.788432, 9.057744, 10.253739, 11.6524776, 12.439804649999997, 14.932628, 26.889073
8.819315, 9.026111, 9.579447, 11.191552, 12.040927, 14.423519, 37.448702
8.820632, 9.026111, 9.580827, 11.207388, 12.019524, 14.423519, 37.448702
8.82063125, 9.026123, 9.580166, 11.201779, 12.073549, 14.49091, 37.448702
8.817173, 9.023455, 9.583103, 11.214493099999999, 12.048465, 14.444678, 37.448702
8.81790875, 9.024791, 9.5612975, 11.189834, 12.02812824999999, 14.370167, 37.448702
8.820643, 9.027824, 9.569537, 11.195889199999998, 12.04093655, 14.44472451000001, 37.448702
8.818861, 9.026111, 9.56458, 11.214516599999998, 12.036972, 14.449329, 37.448702
8.818376, 9.026183, 9.586480250000001, 11.237857, 12.044046, 14.49091, 37.448702
8.81727875, 9.023552, 9.576532, 11.199298, 12.027306, 14.337182, 37.448702
8.81959925, 9.026111, 9.580827, 11.201779, 12.048465, 14.43032399000003, 37.448702
8.8193105, 9.024004, 9.56983825, 11.213009, 12.05683749999997, 14.423519, 37.448702
8.816181, 9.024004, 9.5530605, 11.175697, 12.040927, 14.430179, 37.448702
8.784391750000001, 9.049919, 10.220941, 11.638546, 12.388296, 14.873687, 26.889073
8.784188, 9.05342, 10.202244, 11.646801, 12.465433, 14.96492, 26.889073
8.785038, 9.054426, 10.229351, 11.650524, 12.469874149999994, 14.901789, 26.889073
8.78686775, 9.05268, 10.20749, 11.642939, 12.454557, 14.901789, 26.889073
8.784751, 9.049597, 10.215979, 11.638343, 12.451222, 14.815179, 26.889073
8.78464, 9.05135, 10.226674, 11.662042, 12.492187, 14.953882, 26.889073
8.788015, 9.05268, 10.223792750000001, 11.64915, 12.440484699999985, 14.96492, 26.889073
8.749544, 9.060868, 10.436746, 11.865768599999999, 12.843012, 16.28544383000002, 38.813544
8.751704, 9.070416, 10.421657, 11.845061, 12.774364, 16.031898750000053, 38.813544
8.750232, 9.065288, 10.415377, 11.875988, 12.85696, 16.089681, 38.813544
8.78904, 9.053013, 10.233637, 11.659932, 12.46049519999999, 14.932628, 26.889073
8.783518, 9.0530395, 10.218304, 11.642939, 12.454557, 15.049793, 26.889073
8.784188, 9.047762, 10.205052, 11.629709999999996, 12.449738, 14.824984, 26.889073
8.785803, 9.053267, 10.211487, 11.63261, 12.420386, 14.94417, 26.889073
8.784007, 9.047762, 10.196923, 11.638546, 12.424741, 14.944267120000019, 26.889073
8.78544825, 9.057212, 10.225062, 11.638546, 12.439778, 14.873687, 26.889073
8.784411, 9.047965, 10.227706, 11.660476099999999, 12.469801, 14.94417, 26.889073
8.785754, 9.046956, 10.215759, 11.650524, 12.440311, 14.901789, 26.889073
8.783767, 9.050492, 10.213862, 11.623748, 12.397371, 14.965230630000063, 26.889073
8.81831875, 9.027619, 9.584846, 11.222243, 12.03038054999999, 14.423519, 37.448702
8.817281, 9.022304, 9.558556249999999, 11.204004, 12.053046, 14.351801, 37.448702
8.813668, 9.021662, 9.56048, 11.184061, 12.018309, 14.310006, 35.734803
8.81981, 9.027767, 9.57675, 11.188802, 12.023674149999984, 14.403852, 37.448702
8.820128, 9.025486, 9.5746065, 11.207529, 12.037089149999991, 14.164108140000053, 37.448702
8.82213475, 9.025856, 9.581421, 11.217019, 12.065449, 14.351801, 35.734803
8.82422925, 9.031553, 9.585431, 11.2206195, 12.072515, 14.400478080000008, 35.734803
8.822944, 9.02827, 9.56978, 11.19383, 12.036972, 14.444678, 37.448702
8.815643, 9.019188, 9.5548515, 11.17328, 11.984775, 14.331779, 37.448702
8.819203, 9.021486, 9.56048, 11.189609, 12.028016, 14.403852, 37.448702
8.819196, 9.022113, 9.558259, 11.18273, 12.027341499999997, 14.310006, 37.448702
8.818595, 9.0259635, 9.594238, 11.205394, 12.030261, 14.190856460000182, 37.448702
8.815825, 9.0196705, 9.566686, 11.2017896, 12.051037, 14.44937781000001, 37.448702
8.823832750000001, 9.03088, 9.5986205, 11.199298, 12.011142, 14.189961, 37.448702
8.818376, 9.025136, 9.56026825, 11.204004, 12.036972, 14.279507, 37.448702
8.819812, 9.029962, 9.59075375, 11.1976407, 12.023483, 14.408756, 37.448702
8.818378, 9.026645, 9.55186125, 11.175697, 11.993743799999981, 14.331779, 37.448702
8.816888, 9.022113, 9.55363075, 11.176076, 11.992857199999996, 14.444678, 37.448702
8.819601, 9.026418, 9.580827, 11.207529, 12.030261, 14.430179, 35.734803
8.817156, 9.026418, 9.574504, 11.215242, 12.054451, 14.430179, 37.448702
8.816745, 9.025329, 9.55363075, 11.179232, 11.986512, 14.331779, 37.448702
8.82327, 9.028955, 9.58808, 11.238661, 12.053116249999993, 14.423519, 37.448702
8.818432, 9.024677, 9.571326, 11.213151699999997, 12.05548, 14.423585600000013, 35.734803
8.816998, 9.023752, 9.563575, 11.194894, 12.022596, 14.408756, 37.448702
8.816181, 9.025133, 9.5644885, 11.2074021, 12.073611949999995, 14.449329, 37.448702
8.819315, 9.026627000000001, 9.580166, 11.191552, 12.036972, 14.163173, 37.448702
8.817050499999999, 9.023895, 9.566686, 11.189314, 12.037089149999991, 14.423519, 37.448702
8.81831875, 9.024775, 9.586574, 11.264698, 12.114815, 14.423519, 37.448702
8.82117075, 9.0264065, 9.57670725, 11.202321899999998, 12.063364, 14.408756, 37.448702
8.81775, 9.025133, 9.577481, 11.187983899999999, 12.027306, 14.403852, 37.448702
8.817448, 9.025491, 9.564239749999999, 11.220924199999999, 12.065449, 14.49091, 37.448702
8.81519475, 9.023387, 9.554454750000001, 11.215007, 12.036972, 14.351801, 37.448702
8.78544825, 9.05317, 10.199523, 11.607393, 12.378038, 14.824984, 26.889073
8.820555, 9.026918, 9.568285750000001, 11.2017896, 12.054502449999996, 14.44472451000001, 37.448702
8.82053625, 9.026119999999999, 9.5692865, 11.183674, 12.023674149999984, 14.470914, 37.448702
8.819725, 9.025878, 9.554689250000001, 11.19383, 12.021832, 14.423585600000013, 37.448702
8.817909, 9.025311, 9.56978, 11.202135, 12.027341499999997, 14.279507, 35.734803
8.817455, 9.024312, 9.58283675, 11.201698, 12.030261, 14.310006, 37.448702
8.822199, 9.026111, 9.554454750000001, 11.189834, 12.053046, 14.163179740000002, 35.734803
8.817455, 9.023387, 9.55765, 11.170269, 12.007947, 14.279507, 35.734803
8.822199, 9.028008, 9.572926, 11.201698, 12.048261, 14.370469770000062, 37.448702
8.816949, 9.024455, 9.56048, 11.215419699999998, 12.051037, 14.449329, 37.448702
8.816993, 9.024828, 9.569203, 11.187983899999999, 12.040927, 14.403852, 37.448702
8.819230750000001, 9.026122, 9.553803, 11.183674, 11.986792699999976, 14.279507, 37.448702
8.823004, 9.03002, 9.57323275, 11.222243, 12.05548, 14.351801, 37.448702
8.815825, 9.023131, 9.560422, 11.166526, 12.019579649999995, 14.403852, 37.448702
8.78437, 9.05303, 10.22091625, 11.653518, 12.457105, 14.953882, 26.889073
8.788897, 9.0542415, 10.214815, 11.642939, 12.439778, 14.873968020000058, 26.889073
8.784411, 9.049898, 10.221427, 11.63261, 12.412934, 14.757073, 26.889073
8.78651225, 9.050492, 10.200366, 11.63261, 12.439778, 14.822845600000004, 26.889073
8.786584, 9.054412, 10.2155, 11.636392, 12.454557, 14.932686830000012, 26.889073
8.785802, 9.054412, 10.215979, 11.640647, 12.462855, 14.94417, 26.889073
8.786504, 9.05268, 10.229351, 11.649735, 12.465433, 14.96492, 26.889073
8.78707, 9.053603, 10.241081, 11.632081699999999, 12.423094, 14.815179, 26.889073
8.78707, 9.051623, 10.226932, 11.648901, 12.454557, 14.901789, 26.889073
8.788015, 9.057212, 10.241081, 11.654684, 12.472115, 14.901789, 26.889073
8.78904, 9.050637, 10.217937, 11.659932, 12.440484699999985, 14.94417, 26.889073
8.785803, 9.05342, 10.229351, 11.659932, 12.465433, 14.932686830000012, 26.889073
8.788515, 9.0542415, 10.233688, 11.660891, 12.460371, 14.901789, 26.889073
8.786217, 9.059052, 10.212492, 11.63261, 12.426091, 14.944267120000019, 26.889073
8.789892, 9.059024, 10.238835, 11.63261, 12.436106, 14.831535, 26.889073
8.785933, 9.053049, 10.22052, 11.66043, 12.469801, 14.932628, 26.889073
8.785754, 9.053467, 10.212492, 11.642031, 12.451222, 14.873687, 26.889073
8.785754, 9.0533435, 10.227706, 11.659932, 12.421048, 14.801244800000005, 26.889073
8.783667, 9.0504625, 10.213862, 11.640647, 12.443812949999998, 14.873687, 26.889073
8.785038, 9.05001, 10.211487, 11.653518, 12.465433, 14.995983, 26.889073
8.785227, 9.053267, 10.21806025, 11.6237487, 12.423176349999993, 14.824984, 26.889073
8.784391750000001, 9.054177, 10.23324925, 11.648901, 12.439778, 14.94417, 26.889073
8.784536, 9.050377, 10.214815, 11.649735, 12.444344, 14.901789, 26.889073
8.785803, 9.050942, 10.215759, 11.640647, 12.440311, 14.938511, 26.889073
8.784751, 9.064097, 10.230684, 11.649813899999998, 12.421048, 14.825049510000014, 26.889073
8.785015, 9.049575, 10.2128345, 11.64915, 12.449738, 14.932628, 26.889073
8.786515, 9.053049, 10.214038, 11.642939, 12.451222, 14.94417, 26.889073
8.784536, 9.054016, 10.243421, 11.674203, 12.478849, 14.995983, 26.889073
8.786515, 9.048317, 10.199499, 11.636392, 12.443812949999998, 14.94417, 26.889073
8.79026175, 9.054412, 10.223743, 11.659932, 12.451222, 14.932628, 26.889073
8.785803, 9.05317, 10.220908, 11.66043, 12.465433, 14.953882, 26.889073
8.7890565, 9.051636, 10.2155, 11.623755, 12.397371, 14.932686830000012, 26.889073
8.784751, 9.058798, 10.241081, 11.660993, 12.465433, 14.94417, 26.889073
8.7909, 9.05885, 10.254443, 11.662042, 12.465433, 14.938511, 26.889073
8.78881275, 9.05576, 10.220941, 11.668574099999997, 12.512073349999998, 14.938511, 26.889073
8.787271, 9.05342, 10.220221, 11.645967, 12.469801, 14.873687, 26.889073
8.786413, 9.05303, 10.223743, 11.6475, 12.444344, 14.901789, 26.889073
8.786584, 9.0574745, 10.24051975, 11.6475, 12.451222, 14.96492, 26.889073
8.788515, 9.060942, 10.233688, 11.650524, 12.462855, 14.965230630000063, 26.889073
8.817436, 9.021325, 9.56048, 11.177737, 12.019579649999995, 14.408756, 37.448702
8.818546000000001, 9.025366, 9.566672, 11.201779, 12.041118, 14.310006, 37.448702
8.820629, 9.028955, 9.576532, 11.222647, 12.050788, 14.444678, 37.448702
8.820107, 9.027801, 9.585792, 11.220594, 12.039315, 14.403852, 37.448702
8.819762, 9.023514, 9.552511, 11.187983899999999, 12.023674149999984, 14.33732819000003, 37.448702
8.820128, 9.027854, 9.580166, 11.2074021, 12.05548, 14.527426, 37.448702
8.82085725, 9.0261485, 9.577278, 11.201779, 12.044046, 14.423519, 37.448702
8.8161325, 9.022229, 9.55962375, 11.189609, 12.048465, 14.351984660000037, 35.734803
8.820047, 9.02893, 9.610363, 11.220849, 12.089776099999987, 14.491149110000048, 35.734803
8.819812, 9.026626, 9.58022175, 11.205438, 12.036972, 14.444678, 37.448702
8.8203855, 9.0256615, 9.564239749999999, 11.215007, 11.998433649999996, 14.351801, 37.448702
8.819352, 9.027931, 9.566686, 11.201885, 12.036972, 14.449329, 37.448702
8.819158, 9.025017, 9.566686, 11.189834, 12.056494, 14.491149110000048, 37.448702
8.819247, 9.02448, 9.579856, 11.214436, 12.065449, 14.470914, 37.448702
8.820128, 9.028438000000001, 9.579264, 11.205394, 12.036972, 14.430179, 37.448702
8.816745, 9.025133, 9.5679335, 11.194894, 12.050800449999999, 14.488592410000004, 35.734803
8.816727, 9.021985, 9.5599425, 11.207388, 12.027306, 14.310223730000043, 37.448702
8.821209, 9.026142, 9.579552, 11.204004, 12.070443149999997, 14.33732819000003, 35.487972
8.818376, 9.0267975, 9.585005, 11.185906099999999, 12.030261, 14.543764580000099, 37.448702
8.823392, 9.029071, 9.591096, 11.223086, 12.020637, 14.400444, 37.448702
8.82246375, 9.028955, 9.567464, 11.217019, 12.051137449999992, 14.310006, 37.448702
8.82004625, 9.027769, 9.579123, 11.228654, 12.097979899999986, 14.591639, 37.448702
8.815296, 9.023131, 9.547617749999999, 11.1757032, 11.993545, 14.134977800000058, 37.448702
8.817281, 9.023529, 9.565226, 11.190488, 12.027306, 14.403852, 37.448702
8.81777175, 9.026626, 9.576425, 11.220924199999999, 12.063364, 14.449329, 37.448702
8.78455625, 9.0513455, 10.226674, 11.636392, 12.449738, 14.901789, 26.889073
8.784563, 9.046639, 10.20198, 11.648901, 12.457105, 14.94417, 26.889073
8.786504, 9.058798, 10.218304, 11.651476, 12.440311, 14.94417, 26.889073
8.785522, 9.05303, 10.23312, 11.6460504, 12.436289599999984, 14.901789, 26.889073
8.784155, 9.051623, 10.223651, 11.645967, 12.404542, 14.902097390000064, 26.889073
8.822418, 9.026533, 9.577278, 11.198484, 12.039315, 14.444678, 35.734803
8.818851, 9.02538, 9.568285750000001, 11.215007, 12.036972, 14.444678, 37.448702
8.84146225, 9.0096515, 9.268994750000001, 10.3527174, 11.447339, 13.320056, 35.734803
8.8476935, 9.0134495, 9.272707, 10.398027, 11.429316, 13.364793, 37.448702
8.84300725, 9.008697999999999, 9.268441, 10.390616, 11.478648699999992, 13.340296720000001, 37.448702
8.84190825, 9.0106395, 9.270338, 10.364728, 11.416656399999988, 13.206432, 37.448702
8.846989, 9.013791, 9.279349, 10.41075, 11.507019, 13.365146030000073, 37.448702
8.8450135, 9.011335, 9.269614, 10.377226299999997, 11.525504, 13.269339950000015, 37.448702
8.844623, 9.009902, 9.27241, 10.4008022, 11.504584899999994, 13.339423, 37.448702
8.846977, 9.01352, 9.271369, 10.430225799999997, 11.525513299999998, 13.514181140000002, 37.448702
8.8435685, 9.011539, 9.27269425, 10.401651, 11.464138, 13.42742, 37.448702
8.843967, 9.012923, 9.280003, 10.434286599999997, 11.513672, 13.34156957, 37.448702
8.845015, 9.014931, 9.275061, 10.4008022, 11.525866, 13.4187, 37.448702
8.866778, 9.0029465, 9.17932575, 9.4456108, 9.970956, 11.932675, 37.448702
8.784188, 9.046094, 10.189086, 11.645691400000004, 12.435605250000007, 14.995561990000068, 100.42121832777808
8.784563, 9.050426, 10.217979, 11.636392, 12.412934, 14.815179, 26.889073
8.789892, 9.057212, 10.254443, 11.650619200000003, 12.472115, 14.873968019999955, 26.889073
8.78579, 9.053603, 10.217937, 11.66043, 12.472115, 14.932628, 26.889073
8.787975, 9.048317, 10.213862, 11.650524, 12.424741, 14.96492, 26.889073
8.78651225, 9.049619, 10.213862, 11.658155400000005, 12.490727, 14.932686829999989, 26.889073
8.788515, 9.053467, 10.2183605, 11.663426, 12.503913749999993, 14.96492, 26.889073
8.78468, 9.0467975, 10.19440475, 11.633141, 12.439778, 14.783205929999971, 26.889073
8.785803, 9.047965, 10.220617, 11.649735, 12.451222, 14.901789, 26.889073
8.786566749999999, 9.054177, 10.214986249999999, 11.653518, 12.454557, 15.239759, 26.889073
8.78462075, 9.046104, 10.21686, 11.597518, 12.404542, 14.995983, 26.889073
8.7843245, 9.054426, 10.226932, 11.645967, 12.444344, 14.96492, 26.889073
8.78900425, 9.07048, 10.233688, 11.668427, 12.457105, 14.824984, 26.889073
8.784155, 9.0449165, 10.175204, 11.615418, 12.404961599999993, 14.995983, 26.889073
8.789157, 9.065472, 10.2296485, 11.654684, 12.496195, 15.049793, 26.889073
8.779589, 9.042372, 10.19131525, 11.6475, 12.465433, 14.873687, 26.889073
8.784649, 9.053467, 10.23804825, 11.650524, 12.469801, 14.831535, 26.889073
8.785038, 9.050637, 10.223743, 11.623755, 12.424741, 14.873968019999955, 26.889073
8.781575, 9.046309, 10.156169, 11.601283, 12.412934, 14.822824, 26.889073
8.786504, 9.060868, 10.214038, 11.64915, 12.471264, 14.953882, 19.563106
8.788897, 9.054177, 10.2155, 11.640647, 12.444613699999996, 14.953992379999983, 26.889073
8.78904, 9.060496, 10.210096, 11.6429662, 12.472246899999998, 14.873687, 26.889073
8.782561750000001, 9.0480465, 10.196923, 11.650524, 12.404542, 14.803997, 26.889073
8.78468, 9.059052999999999, 10.215814, 11.638343, 12.440311, 14.932628, 26.889073
8.784949, 9.051636, 10.213906000000001, 11.63261, 12.474833899999998, 14.96492, 26.889073
8.783182, 9.0503265, 10.196923, 11.617604, 12.375398, 14.932628, 26.889073
8.83162475, 9.020838, 9.389492, 10.979210700000001, 11.832256799999998, 14.121283, 35.734803
8.868625, 9.0067745, 9.174747, 9.443059, 9.932986, 12.007767, 37.448702
8.863351250000001, 9.000880500000001, 9.176531, 9.442472, 9.953168, 12.054451, 37.448702
8.866531250000001, 9.00448, 9.178965, 9.440225, 9.97255, 11.913174, 37.448702
8.865184249999999, 9.001022, 9.17384525, 9.44659, 9.920568, 11.958562, 37.448702
8.866938, 9.003350000000001, 9.181367, 9.460139999999999, 9.994541999999994, 11.970524530000006, 37.448702
8.8654565, 9.0029145, 9.17658525, 9.4519932, 10.003537249999999, 11.958562, 37.448702
8.863507250000001, 9.00372, 9.17893175, 9.4338461, 9.965514549999996, 11.99360294, 37.448702
8.86971925, 9.006952, 9.180702, 9.462921, 10.067905, 12.222361, 37.448702
8.86845275, 9.002993, 9.173733, 9.4467835, 9.97255, 12.003089, 37.448702
8.867734500000001, 9.00418, 9.181743, 9.460722, 10.033312499999997, 11.999376500000002, 37.448702
8.866367, 9.002021500000001, 9.173861, 9.441303, 9.885056299999992, 11.932734400000001, 35.734803
8.864727, 8.99791, 9.17384525, 9.423365, 9.899945849999996, 11.913264410000002, 37.448702
8.865428, 9.0038655, 9.18434225, 9.445925, 10.004442, 12.330462, 37.448702
8.869212, 9.007054499999999, 9.186184, 9.476728, 10.057531549999997, 12.27790974, 37.448702
8.866367, 9.002301, 9.1856675, 9.456761, 9.998216599999996, 12.169767, 37.448702
8.866547, 9.005703, 9.176884, 9.455518, 9.952919, 11.903319540000002, 37.448702
8.865273, 9.004294, 9.1787915, 9.455824, 9.97230775, 11.932675, 37.448702
8.868221, 9.004294, 9.182778, 9.455824, 9.985579, 11.913264410000002, 37.448702
8.868601, 9.003908, 9.183636, 9.4449875, 9.965593249999996, 11.958562, 37.448702
8.865049, 9.002868, 9.1754855, 9.453075, 9.961836849999997, 11.932546299999998, 37.448702
8.863137, 9.001645, 9.176161, 9.4414199, 9.946413649999998, 11.961399700000007, 37.448702
8.87638575, 9.019992, 9.212042, 9.485172899999998, 9.8094882, 12.277897, 52.853195
8.790314, 9.0640015, 10.268171, 11.6633436, 12.424556349999998, 14.757073, 97.19232112273593
8.786061, 9.0533435, 10.22968425, 11.6383633, 12.465433, 14.932743420000001, 18.865024
8.7862605, 9.04926, 10.242462, 11.6499091, 12.462855, 14.90221281000001, 19.563106
8.781956, 9.035219000000001, 10.21686, 11.607978800000001, 12.443785, 15.537698600000011, 19.563106
8.78416625, 9.0386575, 10.214038, 11.5829883, 12.476371, 15.27344427, 26.889073
8.78398575, 9.059931500000001, 10.19743475, 11.6197286, 12.383360450000001, 15.27344427, 19.393533
8.78765875, 9.0530395, 10.21229775, 11.629821800000002, 12.378214100000001, 15.093761, 26.889073
8.790401750000001, 9.0640645, 10.189086, 11.6320817, 12.440856550000001, 14.873968020000007, 26.889073
8.786363999999999, 9.0503335, 10.16729525, 11.549253900000004, 12.364588, 14.663085, 26.889073
8.7859005, 9.052158, 10.210096, 11.6735604, 12.385980500000002, 15.054253, 26.889073
8.863645, 8.999123, 9.1790765, 9.460139999999999, 9.95179325, 11.932675, 35.734803
8.8725725, 9.010593499999999, 9.182876, 9.4591847, 9.896459749999998, 11.897930429999999, 35.734803
8.87393925, 9.0025965, 9.178882250000001, 9.471973, 10.06491315, 11.961167169999998, 33.51644
8.86879375, 9.003108, 9.1799035, 9.471624499999999, 9.965311, 12.345226, 37.448702
8.860675749999999, 9.00024, 9.169316250000001, 9.4285683, 9.8599853, 11.851862049999994, 37.448702
8.858337, 9.001645, 9.181200500000001, 9.465453, 10.078919249999998, 11.9993765, 37.448702
8.874073, 9.0067695, 9.190059999999999, 9.484111500000001, 10.160602099999998, 11.932546299999998, 29.227148
8.861778750000001, 9.007090999999999, 9.17017475, 9.419830500000002, 9.891773749999999, 11.874643389999996, 35.487972
8.870526, 9.003106, 9.17533175, 9.4406076, 9.870277, 11.875033, 35.330604
8.865562, 9.0064215, 9.18290125, 9.4196969, 9.8746628, 12.257414889999996, 37.448702
8.864984250000001, 9.0032025, 9.182802500000001, 9.4631742, 10.0333125, 11.895030269999996, 37.448702
8.86566, 9.0054475, 9.1876455, 9.4386792, 9.870446399999999, 11.875228479999995, 37.448702
8.8705705, 9.0098585, 9.195523, 9.4556702, 9.952138799999998, 11.932605699999998, 37.448702
8.8623735, 8.9982475, 9.17006675, 9.4231272, 9.915973, 11.875314869999993, 35.330604
8.865205, 9.001581, 9.173293, 9.4622847, 9.994541999999997, 11.932933869999994, 35.734803
8.867031749999999, 9.0009175, 9.17006825, 9.4313164, 9.929915249999999, 11.938839599999994, 37.448702
8.873317, 9.001542, 9.17384075, 9.4381976, 9.899945849999998, 12.048208349999994, 37.448702
8.864491, 9.002409499999999, 9.170497, 9.4191824, 9.83147895, 11.762035079999992, 37.448702
8.86952175, 9.004354, 9.1788815, 9.444518, 9.96183685, 11.810219539999993, 37.448702
8.8624895, 9.001043500000002, 9.1797975, 9.455942, 9.985917299999997, 11.851628, 37.448702
8.870184, 9.004223, 9.1876455, 9.4609165, 10.004487899999999, 11.815598, 35.734803
8.863137, 9.001538, 9.170922, 9.4403949, 10.098313949999994, 11.898029969999996, 35.734803
8.8695935, 9.000939, 9.175699, 9.4590289, 10.0899969, 11.89654, 33.51644
8.86657175, 9.005317999999999, 9.173861, 9.4785472, 10.00353725, 11.933923739999967, 35.734803
8.863723499999999, 8.997891, 9.17872475, 9.4486272, 9.941446449999997, 11.895833979999978, 37.448702
8.8599185, 8.986813, 9.16363475, 9.4167936, 9.872832149999997, 11.839501489999996, 35.330604
8.86413325, 8.998429999999999, 9.161982, 9.450355, 9.972971849999999, 12.223238, 35.734803
8.861673, 9.0013255, 9.17286175, 9.4500338, 9.800364, 12.280104149999978, 29.227148
8.865372749999999, 9.004373, 9.1815945, 9.4605303, 9.92715155, 12.073487519999976, 35.487972
8.86204775, 8.991004, 9.16578225, 9.423889299999999, 9.79260565, 11.757293969999992, 37.448702
8.87467, 9.004574, 9.18777075, 9.460099, 9.985900799999998, 12.169767, 35.330604
8.862596250000001, 9.005745000000001, 9.17870025, 9.423487, 9.8973157, 11.932958999999993, 16.112752
8.86622, 9.003303, 9.18621175, 9.4695124, 9.965311, 12.003089, 29.227148
8.86116575, 8.996131, 9.168754499999999, 9.4251509, 9.839229399999999, 11.437239369999993, 35.487972
8.86688725, 9.0067765, 9.17737125, 9.446024099999999, 9.998298449999998, 12.330609639999997, 37.448702
8.868618999999999, 9.013073, 9.196845249999999, 9.4726862, 10.014522549999995, 11.874729779999994, 37.448702
8.8705515, 9.004814, 9.18893725, 9.4969808, 10.06491315, 12.003783259999983, 35.734803
8.865273, 9.005264, 9.1788165, 9.4219672, 9.87038265, 11.780279449999993, 35.734803
8.873132250000001, 9.001531, 9.17280825, 9.4189766, 9.8292416, 12.170292939999987, 37.448702
8.868323, 9.004908, 9.178972, 9.427476, 9.949789, 11.762035079999992, 35.487972
8.86406325, 9.0021175, 9.177047, 9.453075, 10.037583799999998, 12.257208, 37.448702
8.86413325, 9.005045500000001, 9.185647, 9.4307663, 9.933982649999994, 12.003135779999997, 35.487972
8.867824, 8.996866, 9.17379725, 9.4215059, 9.992619, 12.223784589999987, 37.448702
8.863898, 9.002531999999999, 9.1766425, 9.460509, 10.037369, 12.171351049999963, 35.734803
8.863845, 9.0096515, 9.1740265, 9.420533800000001, 9.965514549999998, 11.89458366, 35.734803
8.86477425, 9.006364999999999, 9.18610675, 9.4696223, 10.06491315, 12.222369769999998, 35.734803
8.8629475, 9.005317999999999, 9.1915005, 9.5081693, 10.221699, 12.170641409999979, 37.448702
8.8688655, 9.004814, 9.173195499999999, 9.4505011, 9.962186049999996, 11.932675, 35.734803
8.873505999999999, 9.0009205, 9.183255, 9.486829, 10.065354249999999, 11.832407149999995, 35.487972
8.866735, 9.0087845, 9.19545625, 9.440024000000001, 9.860792099999998, 11.809981729999999, 35.330604
8.8646635, 8.999299, 9.167788250000001, 9.4449875, 9.8792836, 11.83972962999999, 37.448702
8.8681065, 9.0022515, 9.16951575, 9.4140916, 9.870446399999999, 11.938814469999995, 33.51644
8.86915825, 9.003623000000001, 9.178288, 9.4449875, 10.042222949999998, 11.932933869999994, 37.448702
8.8688655, 9.005561, 9.183196500000001, 9.4567853, 9.84993175, 11.809925, 35.734803
8.86447525, 8.9983415, 9.173272749999999, 9.4305745, 9.986003599999997, 11.913174, 35.734803
8.8732915, 9.0032645, 9.18185325, 9.4156127, 9.931461999999998, 11.895509279999985, 35.734803
8.869306, 9.009078500000001, 9.188715, 9.480944, 10.202378, 11.89460059, 33.51644
8.87113875, 9.005045500000001, 9.173783, 9.443538799999999, 9.930965, 11.932933869999994, 35.487972
8.8672015, 8.999975500000001, 9.17692475, 9.4695124, 10.070889, 12.003089, 33.51644
8.86435725, 8.9995105, 9.182802500000001, 9.466424700000001, 10.053250849999998, 12.34821, 35.734803
8.873061, 9.012914, 9.180101, 9.4448559, 9.946236, 11.999890119999987, 37.448702
8.869183, 9.004527, 9.16619475, 9.4430961, 9.881748149999996, 11.676028019999999, 37.448702
8.872269, 8.997965, 9.1737875, 9.4519932, 9.981554899999997, 11.932958999999993, 35.487972
8.8686425, 9.006204499999999, 9.17402225, 9.4840041, 10.0679634, 12.312553219999993, 35.487972
8.860796, 8.998875, 9.17341525, 9.4110067, 9.715175349999996, 11.678355569999999, 24.923449
8.866367, 9.003879999999999, 9.178965, 9.4638507, 10.098631849999991, 12.391161229999993, 35.734803
8.8701945, 9.0029105, 9.181374250000001, 9.4667416, 10.121721, 12.171351049999963, 35.487972
8.872233, 9.006332, 9.17375, 9.444880399999999, 9.931461999999998, 11.898224979999991, 37.448702
8.85867775, 8.99791, 9.173293, 9.419954, 9.956427099999997, 11.894667389999999, 35.487972
8.86347625, 9.003166, 9.174539000000001, 9.4315576, 9.951734, 11.832641199999989, 35.330604
8.869261, 9.004136500000001, 9.18743475, 9.4432494, 10.107455799999995, 11.993640439999997, 37.448702
8.785900250000001, 9.039131, 10.24093625, 11.669898, 12.420521400000002, 14.932686830000002, 26.889073
8.7816525, 9.0462065, 10.2116735, 11.623943100000002, 12.5023274, 14.804108820000003, 26.889073
8.78195325, 9.051341, 10.12810325, 11.598281000000004, 12.343992350000004, 14.74727015000001, 19.393533
8.77997375, 9.0533435, 10.2116735, 11.664709, 12.50236405, 14.96492, 19.563106
8.78060725, 9.044812499999999, 10.21619925, 11.596551, 12.439778, 14.932743420000001, 19.563106
8.793365, 9.051341, 10.251733999999999, 11.664709, 12.368890350000003, 14.747010640000003, 19.393533
8.783368750000001, 9.0531095, 10.2296485, 11.6545562, 12.52358155, 14.832604760000024, 26.889073
8.78722075, 9.0536245, 10.248715, 11.649063300000002, 12.43631625, 14.804272380000008, 26.889073
8.78468, 9.053511499999999, 10.25996675, 11.594028, 12.34270465, 14.742139740000013, 18.865024
8.78935725, 9.049117500000001, 10.224222, 11.617009300000001, 12.421555950000005, 14.815277050000002, 26.889073
8.786741, 9.058963, 10.2292355, 11.6136864, 12.519371100000004, 14.801433070000003, 19.563106
8.78195025, 9.0447105, 10.21561975, 11.636392, 12.503790750000004, 14.801356620000002, 26.889073
8.78472625, 9.063717, 10.270963, 11.6634417, 12.518624, 14.747010640000003, 18.677002
8.78645325, 9.058911, 10.282606000000001, 11.659932, 12.4748339, 15.511388, 26.889073
8.78435525, 9.0675285, 10.199837500000001, 11.628673599999999, 12.397729550000001, 14.815255450000002, 18.865024
8.781700749999999, 9.045776, 10.188692249999999, 11.649735, 12.47130655, 14.54376458000001, 19.563106
8.781005, 9.0536085, 10.2726165, 11.682195000000002, 12.476371, 14.824984, 26.889073
8.787709, 9.031937, 10.18292825, 11.597828100000003, 12.38512925, 14.712798550000002, 26.889073
8.788897, 9.061941, 10.3349775, 11.721833400000001, 12.512041, 14.901789, 26.889073
8.781932999999999, 9.045776, 10.18548, 11.618051000000001, 12.44381295, 14.83195652000001, 19.563106
8.77995475, 9.066095, 10.3520775, 11.6933527, 12.503913750000002, 15.449435, 18.677002
8.78431625, 9.053144, 10.14839025, 11.5330934, 12.319059150000001, 14.712709, 19.393533
8.789552, 9.052324500000001, 10.21712925, 11.652477600000001, 12.4204191, 14.832237540000015, 19.393533
8.7825535, 9.039188, 10.1649625, 11.643535200000002, 12.426591750000002, 15.051692660000041, 26.889073
8.7917355, 9.049769, 10.285487999999999, 11.6492085, 12.460371, 14.8228456, 19.393533
8.7859005, 9.048128, 10.168003250000002, 11.5732997, 12.299272300000002, 14.663581240000012, 26.889073
8.78473325, 9.066845, 10.224072750000001, 11.673618, 12.4606241, 14.747010640000003, 19.563106
8.790938, 9.046099, 10.25889975, 11.709575000000001, 12.55172095, 15.097317740000078, 26.889073
8.784519, 9.058028, 10.270339, 11.6387561, 12.439778, 14.874276410000013, 26.889073
8.791862, 9.083889, 10.2315195, 11.71262, 12.559139750000002, 14.901789, 26.889073
8.794337, 9.065031999999999, 10.223674, 11.609777900000001, 12.4049616, 14.95430301000001, 19.393533
8.79942275, 9.0858475, 10.316543249999999, 11.6498139, 12.471264, 15.537158, 26.889073
8.792565249999999, 9.050989000000001, 10.217979, 11.725676700000001, 12.512984800000002, 14.939337160000019, 19.393533
8.781851, 9.045002499999999, 10.2183605, 11.650619200000001, 12.4548477, 14.663670790000014, 19.393533
8.7838495, 9.044704, 10.17462425, 11.6736765, 12.554576, 14.944939570000017, 26.889073
8.784391750000001, 9.060905, 10.25996675, 11.6701645, 12.4908, 14.938567590000002, 19.563106
8.792554249999998, 9.081373, 10.2757185, 11.6809618, 12.490727, 15.88178, 26.889073
8.77951475, 9.032084, 10.1495195, 11.580670900000001, 12.33851275, 14.491149110000006, 26.889073
8.78856, 9.0384585, 10.167797, 11.5829883, 12.385275, 14.638017050000002, 19.563106
8.7890565, 9.059646, 10.30172675, 11.720749, 12.476371, 14.741698300000003, 26.889073
8.7880915, 9.0557355, 10.205903750000001, 11.634025900000001, 12.5252472, 14.873687, 19.393533
8.78329, 9.046099, 10.17458525, 11.615576500000001, 12.388676200000003, 14.996234440000006, 26.889073
8.789554, 9.0424155, 10.187969, 11.651680200000001, 12.413339700000002, 14.995983, 19.563106
8.7830475, 9.0405865, 10.20150525, 11.636587100000002, 12.425309250000002, 14.721813600000004, 19.563106
8.77246125, 9.047218, 10.129492, 11.589791200000002, 12.388749750000002, 14.783345550000007, 18.865024
8.791982, 9.050492, 10.224222, 11.643780000000003, 12.439804650000001, 15.021127, 26.889073
8.7943995, 9.0570235, 10.2128345, 11.6635543, 12.471264, 14.825471030000012, 26.889073
8.77281525, 9.037571, 10.165603, 11.5732188, 12.343527650000002, 14.804272380000008, 26.889073
8.791162499999999, 9.056102, 10.16052175, 11.60441, 12.440311, 15.616593320000014, 19.393533
8.7901435, 9.0512825, 10.1975375, 11.628673599999999, 12.503486, 15.095220980000033, 26.889073
8.790975999999999, 9.0514865, 10.1969265, 11.650524, 12.4498122, 15.021127, 26.889073
8.783767, 9.0426355, 10.14743925, 11.586909000000004, 12.3022939, 14.310277760000005, 26.889073
8.78334725, 9.054359, 10.214100250000001, 11.628587, 12.421800900000003, 14.823332630000012, 26.889073
8.78404025, 9.057953, 10.258465, 11.650524, 12.383437350000001, 14.902097390000007, 26.889073
8.7890565, 9.053058499999999, 10.189086, 11.617009300000001, 12.38552675, 14.995983, 26.889073
8.79142025, 9.0704575, 10.278133, 11.7157709, 12.4204191, 14.783205930000003, 19.563106
8.78237525, 9.042789, 10.2496065, 11.6743267, 12.533566, 14.966208410000027, 19.563106
8.78611325, 9.0521515, 10.2296485, 11.66043, 12.54830475, 15.511388, 19.393533
8.779947499999999, 9.0539545, 10.20963775, 11.6136864, 12.388749750000002, 14.815255450000002, 26.889073
8.783877, 9.040478499999999, 10.185552, 11.617066, 12.449738, 14.96492, 26.889073
8.791028, 9.0462065, 10.18007975, 11.5966045, 12.36477225, 14.815255450000002, 26.889073
8.78310975, 9.042482, 10.16489, 11.678967, 12.38476065, 14.953882, 26.889073
8.78472625, 9.060905, 10.25890325, 11.688775100000003, 12.559097250000002, 15.0498376, 26.889073
8.79073925, 9.0487915, 10.248715, 11.6610061, 12.4404847, 14.721862790000005, 26.889073
8.78343475, 9.048225500000001, 10.147208, 11.5739877, 12.32918, 14.648961910000013, 19.563106
8.7981265, 9.074401, 10.24796125, 11.638546, 12.449738, 14.832237540000015, 19.563106
8.781005, 9.060905, 10.26601475, 11.607384800000004, 12.342689, 14.632479980000003, 26.889073
8.783204, 9.0459955, 10.19960425, 11.601669500000002, 12.42317635, 14.95430301000001, 18.865024
8.79101575, 9.0480465, 10.223651, 11.598281000000004, 12.426591750000002, 14.902420310000014, 19.563106
8.79343025, 9.066525500000001, 10.261137, 11.673834600000001, 12.420521400000002, 14.8228456, 26.889073
8.78110375, 9.0449165, 10.2698985, 11.688576000000003, 12.53391275, 15.027967510000005, 26.889073
8.78722075, 9.0386445, 10.177057000000001, 11.607978800000001, 12.471264, 14.74159666, 19.563106
8.78414275, 9.064587, 10.247872, 11.671043, 12.4404847, 15.093761, 26.889073
8.793433, 9.057212, 10.254443, 11.660199, 12.492692900000002, 15.027967510000005, 19.563106
8.789892, 9.053899000000001, 10.233688, 11.651476, 12.426591750000002, 14.736673190000001, 26.889073
8.79203075, 9.055033, 10.223651, 11.615576500000001, 12.364643899999999, 14.527584550000004, 26.889073
8.781956, 9.0542945, 10.30603775, 11.640647, 12.457392500000001, 15.240136710000007, 26.889073
8.789892, 9.0752575, 10.32743275, 11.675981200000003, 12.457739800000002, 14.938511, 26.889073
8.79090375, 9.074508, 10.218028749999998, 11.607393, 12.424741, 14.932628, 19.563106
8.7890565, 9.065479499999999, 10.24700125, 11.715902000000002, 12.63742905, 14.96492, 19.563106
8.7908555, 9.0647155, 10.23364975, 11.760221, 12.596914800000002, 15.279394240000041, 19.563106
8.7812195, 9.067575, 10.233637, 11.617929300000002, 12.420521400000002, 14.873687, 19.563106
8.785802, 9.063812500000001, 10.3198905, 11.734442, 12.54977015, 15.279249050000038, 19.563106
8.7838495, 9.044512, 10.22039275, 11.665080800000002, 12.469801, 15.021127, 18.865024
8.7933805, 9.0446745, 10.154681499999999, 11.6068285, 12.44381295, 15.054648080000009, 19.563106
8.80050825, 9.0531, 10.23804825, 11.634025900000001, 12.4211503, 14.995983, 26.889073
8.781596, 9.050492, 10.226095749999999, 11.6499977, 12.496522900000002, 14.83195652000001, 19.563106
8.78707, 9.0419095, 10.22811725, 11.6468709, 12.53391275, 15.021413660000006, 26.889073
8.786515, 9.067835500000001, 10.2392255, 11.622074, 12.375530000000001, 14.815255450000002, 26.889073
8.790314, 9.049769, 10.21619925, 11.6170923, 12.46987415, 14.831535, 26.889073
8.784188, 9.040499, 10.2462985, 11.670656900000001, 12.42324385, 14.965547820000014, 26.889073
8.77225, 9.042482, 10.22029575, 11.654542, 12.4446137, 14.826119270000026, 26.889073
8.7816955, 9.0560315, 10.2128345, 11.605510800000003, 12.388676200000003, 14.8228456, 26.889073
8.78440075, 9.048185, 10.188692249999999, 11.6222414, 12.354068650000002, 14.491275160000008, 19.563106
8.79120075, 9.0689305, 10.21619925, 11.577946500000001, 12.386339050000004, 14.932628, 26.889073
8.783368750000001, 9.05001, 10.220221, 11.625699, 12.426775350000002, 14.47135307000001, 19.563106
8.79093675, 9.0662845, 10.181255, 11.629042400000001, 12.4923874, 15.0498376, 26.889073
8.790539, 9.066282999999999, 10.25534175, 11.705917300000003, 12.558802850000001, 14.874276410000013, 26.889073
8.7875765, 9.070223, 10.28563425, 11.6743267, 12.496195, 14.995983, 19.563106
8.784399, 9.04926, 10.237005250000001, 11.6726621, 12.51207335, 15.712107, 26.889073
8.78401825, 9.029989, 10.184530500000001, 11.597828100000003, 12.423094, 14.8012448, 19.563106
8.783395, 9.03899, 10.175204, 11.6197286, 12.28937975, 14.449721400000008, 26.889073
8.78599625, 9.044077, 10.20798875, 11.6685741, 12.472246900000002, 15.27753, 26.889073
8.78310975, 9.039738499999999, 10.09647925, 11.589782800000002, 12.364643899999999, 14.944377500000003, 19.393533
8.79005175, 9.054366, 10.22052, 11.647640100000002, 12.4748339, 14.757654060000013, 19.563106
8.785658250000001, 9.065779500000001, 10.258623, 11.650619200000001, 12.3959, 14.83195652000001, 19.393533
8.78462075, 9.059054, 10.17462425, 11.5956407, 12.38366815, 15.095220980000033, 26.889073
8.790539, 9.0667195, 10.258237, 11.648901, 12.36583435, 14.96492, 26.889073
8.781704, 9.061801, 10.221427, 11.633183300000002, 12.512041, 14.944377500000003, 26.889073
8.783877, 9.040058, 10.19702925, 11.601296400000003, 12.3847474, 14.404355580000011, 19.563106
8.79101575, 9.066334, 10.2852, 11.6754744, 12.5520433, 15.029822570000047, 26.889073
8.783773, 9.044512, 10.21686, 11.679353, 12.554767300000002, 14.996234440000006, 19.563106
8.79120075, 9.066334, 10.38141575, 11.7344971, 12.579255, 15.027922910000004, 26.889073
8.791208, 9.050419, 10.286467, 11.6737426, 12.572307, 14.826119270000026, 18.677002
8.784949, 9.074949, 10.2296485, 11.650707800000001, 12.4629839, 14.826060440000024, 19.563106
8.783981, 9.071628, 10.299441000000002, 11.7206905, 12.5304223, 15.0498376, 26.889073
8.78468, 9.042244499999999, 10.126406, 11.5928044, 12.2848821, 14.747010640000003, 26.889073
8.78472625, 9.067292, 10.199837500000001, 11.5744567, 12.425309250000002, 14.8228456, 19.393533
8.786741, 9.0538095, 10.217979, 11.6429662, 12.385381, 15.027702, 26.889073
8.792757, 9.067466, 10.258168, 11.681426100000001, 12.492692900000002, 14.932686830000002, 26.889073
8.7966875, 9.0629235, 10.257865500000001, 11.6492085, 12.5023274, 15.240095440000006, 26.889073
8.783667, 9.049736500000002, 10.199381, 11.668840600000001, 12.503546550000003, 14.996521100000013, 26.889073
8.775968, 9.040685, 10.2392255, 11.6015957, 12.34164115, 14.804185270000005, 26.889073
8.78334725, 9.047048499999999, 10.20143925, 11.642424600000002, 12.398149150000002, 14.873687, 19.563106
8.783368750000001, 9.0457105, 10.213072749999998, 11.6489844, 12.4446137, 14.83195652000001, 26.889073
8.78686775, 9.0578155, 10.219397, 11.617329, 12.397729550000001, 14.831535, 26.889073
8.788432, 9.063969, 10.26628875, 11.722030800000002, 12.648583, 14.825752050000018, 26.889073
8.79142025, 9.05303, 10.237005250000001, 11.613494, 12.3781671, 14.757332510000007, 19.563106
8.78250475, 9.0504625, 10.215050999999999, 11.6844, 12.54830475, 15.449582560000003, 19.563106
8.7835005, 9.0640875, 10.24152125, 11.636392, 12.454557, 14.944377500000003, 19.393533
8.7831985, 9.054797, 10.212492, 11.549343900000004, 12.26110665, 14.736624, 26.889073
8.790425, 9.067734000000002, 10.32743275, 11.643241800000002, 12.469801, 15.275163320000038, 26.889073
8.784101, 9.0570235, 10.19702925, 11.6136864, 12.4446879, 14.591639, 19.393533
8.786481250000001, 9.053782, 10.236745, 11.6699417, 12.579819800000001, 14.815255450000002, 19.393533
8.788528, 9.068331, 10.280003500000001, 11.723001700000006, 12.577777750000001, 14.747010640000003, 19.563106
8.781864, 9.048128, 10.21895275, 11.6545562, 12.476371, 14.938664710000003, 18.677002
8.78381025, 9.048144, 10.225722999999999, 11.615418, 12.441150700000003, 14.804108820000003, 19.563106
8.790227000000002, 9.0484915, 10.2144035, 11.6067747, 12.368629250000001, 14.825049510000001, 19.563106
8.786178, 9.045534, 10.185192, 11.57355, 12.4446137, 14.663581240000012, 18.677002
8.78437, 9.050716999999999, 10.26217675, 11.6627001, 12.385275, 14.815179, 26.889073
8.86539475, 8.997314, 9.168766, 9.4499572, 9.930362449999995, 11.898120379999993, 35.487972
8.86391575, 9.002561, 9.1788815, 9.469285, 10.0297696, 11.738778159999995, 16.295498
8.8840575, 9.036931, 9.23738425, 9.504456600000001, 9.8073939, 16.030153, 23.303856
8.89062175, 9.048096, 9.2445345, 9.5427163, 9.82519, 15.874409599999998, 52.853195
0, 0, 0, 0, 0, 0, 0
0, 0, 0, 0, 0, 0, 0
0, 0, 0, 0, 0, 0, 0
0, 0, 0, 0, 0, 0, 0
0, 0, 0, 0, 0, 0, 0
0, 0, 0, 0, 0, 0, 0
0, 0, 0, 0, 0, 0, 0
0, 0, 0, 0, 0, 0, 0
0, 0, 0, 0, 0, 0, 0
0, 0, 0, 0, 0, 0, 0
0, 0, 0, 0, 0, 0, 0
0, 0, 0, 0, 0, 0, 0
0, 0, 0, 0, 0, 0, 0
0, 0, 0, 0, 0, 0, 0
0, 0, 0, 0, 0, 0, 0
0, 0, 0, 0, 0, 0, 0
0, 0, 0, 0, 0, 0, 0
0, 0, 0, 0, 0, 0, 0
0, 0, 0, 0, 0, 0, 0
0, 0, 0, 0, 0, 0, 0
0, 0, 0, 0, 0, 0, 0
0, 0, 0, 0, 0, 0, 0
0, 0, 0, 0, 0, 0, 0
0, 0, 0, 0, 0, 0, 0
0, 0, 0, 0, 0, 0, 0
0, 0, 0, 0, 0, 0, 0
0, 0, 0, 0, 0, 0, 0
0, 0, 0, 0, 0, 0, 0
0, 0, 0, 0, 0, 0, 0
0, 0, 0, 0, 0, 0, 0
0, 0, 0, 0, 0, 0, 0
0, 0, 0, 0, 0, 0, 0
0, 0, 0, 0, 0, 0, 0
0, 0, 0, 0, 0, 0, 0
0, 0, 0, 0, 0, 0, 0
0, 0, 0, 0, 0, 0, 0
0, 0, 0, 0, 0, 0, 0
0, 0, 0, 0, 0, 0, 0
0, 0, 0, 0, 0, 0, 0
0, 0, 0, 0, 0, 0, 0
0, 0, 0, 0, 0, 0, 0
0, 0, 0, 0, 0, 0, 0
0, 0, 0, 0, 0, 0, 0
0, 0, 0, 0, 0, 0, 0
0, 0, 0, 0, 0, 0, 0
0, 0, 0, 0, 0, 0, 0
0, 0, 0, 0, 0, 0, 0
0, 0, 0, 0, 0, 0, 0
0, 0, 0, 0, 0, 0, 0
0, 0, 0, 0, 0, 0, 0
0, 0, 0, 0, 0, 0, 0
0, 0, 0, 0, 0, 0, 0
0, 0, 0, 0, 0, 0, 0
0, 0, 0, 0, 0, 0, 0
0, 0, 0, 0, 0, 0, 0
0, 0, 0, 0, 0, 0, 0
0, 0, 0, 0, 0, 0, 0
0, 0, 0, 0, 0, 0, 0
0, 0, 0, 0, 0, 0, 0
0, 0, 0, 0, 0, 0, 0
0, 0, 0, 0, 0, 0, 0
0, 0, 0, 0, 0, 0, 0
0, 0, 0, 0, 0, 0, 0
0, 0, 0, 0, 0, 0, 0
0, 0, 0, 0, 0, 0, 0
0, 0, 0, 0, 0, 0, 0
0, 0, 0, 0, 0, 0, 0
0, 0, 0, 0, 0, 0, 0
0, 0, 0, 0, 0, 0, 0
0, 0, 0, 0, 0, 0, 0
0, 0, 0, 0, 0, 0, 0
0, 0, 0, 0, 0, 0, 0
0, 0, 0, 0, 0, 0, 0
0, 0, 0, 0, 0, 0, 0
0, 0, 0, 0, 0, 0, 0
0, 0, 0, 0, 0, 0, 0
0, 0, 0, 0, 0, 0, 0
0, 0, 0, 0, 0, 0, 0
0, 0, 0, 0, 0, 0, 0
0, 0, 0, 0, 0, 0, 0
0, 0, 0, 0, 0, 0, 0
0, 0, 0, 0, 0, 0, 0
0, 0, 0, 0, 0, 0, 0
0, 0, 0, 0, 0, 0, 0
0, 0, 0, 0, 0, 0, 0
0, 0, 0, 0, 0, 0, 0
0, 0, 0, 0, 0, 0, 0
0, 0, 0, 0, 0, 0, 0
0, 0, 0, 0, 0, 0, 0
0, 0, 0, 0, 0, 0, 0
0, 0, 0, 0, 0, 0, 0
0, 0, 0, 0, 0, 0, 0
0, 0, 0, 0, 0, 0, 0
0, 0, 0, 0, 0, 0, 0
0, 0, 0, 0, 0, 0, 0
0, 0, 0, 0, 0, 0, 0
0, 0, 0, 0, 0, 0, 0
0, 0, 0, 0, 0, 0, 0
0, 0, 0, 0, 0, 0, 0
0, 0, 0, 0, 0, 0, 0
0, 0, 0, 0, 0, 0, 0
0, 0, 0, 0, 0, 0, 0
0, 0, 0, 0, 0, 0, 0
0, 0, 0, 0, 0, 0, 0
0, 0, 0, 0, 0, 0, 0
0, 0, 0, 0, 0, 0, 0
0, 0, 0, 0, 0, 0, 0
0, 0, 0, 0, 0, 0, 0
0, 0, 0, 0, 0, 0, 0
0, 0, 0, 0, 0, 0, 0
0, 0, 0, 0, 0, 0, 0
0, 0, 0, 0, 0, 0, 0
0, 0, 0, 0, 0, 0, 0
0, 0, 0, 0, 0, 0, 0
0, 0, 0, 0, 0, 0, 0
0, 0, 0, 0, 0, 0, 0
0, 0, 0, 0, 0, 0, 0
0, 0, 0, 0, 0, 0, 0
0, 0, 0, 0, 0, 0, 0
0, 0, 0, 0, 0, 0, 0
0, 0, 0, 0, 0, 0, 0
0, 0, 0, 0, 0, 0, 0
0, 0, 0, 0, 0, 0, 0
0, 0, 0, 0, 0, 0, 0
0, 0, 0, 0, 0, 0, 0
0, 0, 0, 0, 0, 0, 0
0, 0, 0, 0, 0, 0, 0
0, 0, 0, 0, 0, 0, 0
0, 0, 0, 0, 0, 0, 0
0, 0, 0, 0, 0, 0, 0
0, 0, 0, 0, 0, 0, 0
0, 0, 0, 0, 0, 0, 0
0, 0, 0, 0, 0, 0, 0
0, 0, 0, 0, 0, 0, 0
0, 0, 0, 0, 0, 0, 0
0, 0, 0, 0, 0, 0, 0
0, 0, 0, 0, 0, 0, 0
0, 0, 0, 0, 0, 0, 0
0, 0, 0, 0, 0, 0, 0
0, 0, 0, 0, 0, 0, 0
0, 0, 0, 0, 0, 0, 0
0, 0, 0, 0, 0, 0, 0
0, 0, 0, 0, 0, 0, 0
0, 0, 0, 0, 0, 0, 0
0, 0, 0, 0, 0, 0, 0
0, 0, 0, 0, 0, 0, 0
0, 0, 0, 0, 0, 0, 0
0, 0, 0, 0, 0, 0, 0
0, 0, 0, 0, 0, 0, 0
0, 0, 0, 0, 0, 0, 0
0, 0, 0, 0, 0, 0, 0
0, 0, 0, 0, 0, 0, 0
0, 0, 0, 0, 0, 0, 0
0, 0, 0, 0, 0, 0, 0
0, 0, 0, 0, 0, 0, 0
0, 0, 0, 0, 0, 0, 0
0, 0, 0, 0, 0, 0, 0
0, 0, 0, 0, 0, 0, 0
0, 0, 0, 0, 0, 0, 0
0, 0, 0, 0, 0, 0, 0
0, 0, 0, 0, 0, 0, 0
0, 0, 0, 0, 0, 0, 0
0, 0, 0, 0, 0, 0, 0
0, 0, 0, 0, 0, 0, 0
0, 0, 0, 0, 0, 0, 0
0, 0, 0, 0, 0, 0, 0
0, 0, 0, 0, 0, 0, 0
0, 0, 0, 0, 0, 0, 0
0, 0, 0, 0, 0, 0, 0
0, 0, 0, 0, 0, 0, 0
0, 0, 0, 0, 0, 0, 0
0, 0, 0, 0, 0, 0, 0
0, 0, 0, 0, 0, 0, 0
0, 0, 0, 0, 0, 0, 0
0, 0, 0, 0, 0, 0, 0
0, 0, 0, 0, 0, 0, 0
0, 0, 0, 0, 0, 0, 0
0, 0, 0, 0, 0, 0, 0
0, 0, 0, 0, 0, 0, 0
0, 0, 0, 0, 0, 0, 0
0, 0, 0, 0, 0, 0, 0
0, 0, 0, 0, 0, 0, 0
0, 0, 0, 0, 0, 0, 0
0, 0, 0, 0, 0, 0, 0
0, 0, 0, 0, 0, 0, 0
0, 0, 0, 0, 0, 0, 0
0, 0, 0, 0, 0, 0, 0
0, 0, 0, 0, 0, 0, 0
0, 0, 0, 0, 0, 0, 0
0, 0, 0, 0, 0, 0, 0
0, 0, 0, 0, 0, 0, 0
0, 0, 0, 0, 0, 0, 0
0, 0, 0, 0, 0, 0, 0
0, 0, 0, 0, 0, 0, 0
0, 0, 0, 0, 0, 0, 0
0, 0, 0, 0, 0, 0, 0
0, 0, 0, 0, 0, 0, 0
0, 0, 0, 0, 0, 0, 0
0, 0, 0, 0, 0, 0, 0
0, 0, 0, 0, 0, 0, 0
0, 0, 0, 0, 0, 0, 0
0, 0, 0, 0, 0, 0, 0
0, 0, 0, 0, 0, 0, 0
0, 0, 0, 0, 0, 0, 0
0, 0, 0, 0, 0, 0, 0
0, 0, 0, 0, 0, 0, 0
0, 0, 0, 0, 0, 0, 0
0, 0, 0, 0, 0, 0, 0
0, 0, 0, 0, 0, 0, 0
0, 0, 0, 0, 0, 0, 0
0, 0, 0, 0, 0, 0, 0
0, 0, 0, 0, 0, 0, 0
0, 0, 0, 0, 0, 0, 0
0, 0, 0, 0, 0, 0, 0
0, 0, 0, 0, 0, 0, 0
0, 0, 0, 0, 0, 0, 0
0, 0, 0, 0, 0, 0, 0
0, 0, 0, 0, 0, 0, 0
0, 0, 0, 0, 0, 0, 0
0, 0, 0, 0, 0, 0, 0
0, 0, 0, 0, 0, 0, 0
0, 0, 0, 0, 0, 0, 0
0, 0, 0, 0, 0, 0, 0
0, 0, 0, 0, 0, 0, 0
0, 0, 0, 0, 0, 0, 0
0, 0, 0, 0, 0, 0, 0
0, 0, 0, 0, 0, 0, 0
0, 0, 0, 0, 0, 0, 0
0, 0, 0, 0, 0, 0, 0
0, 0, 0, 0, 0, 0, 0
0, 0, 0, 0, 0, 0, 0
0, 0, 0, 0, 0, 0, 0
0, 0, 0, 0, 0, 0, 0
0, 0, 0, 0, 0, 0, 0
0, 0, 0, 0, 0, 0, 0
0, 0, 0, 0, 0, 0, 0
0, 0, 0, 0, 0, 0, 0
0, 0, 0, 0, 0, 0, 0
0, 0, 0, 0, 0, 0, 0
0, 0, 0, 0, 0, 0, 0
0, 0, 0, 0, 0, 0, 0
0, 0, 0, 0, 0, 0, 0
0, 0, 0, 0, 0, 0, 0
0, 0, 0, 0, 0, 0, 0
0, 0, 0, 0, 0, 0, 0
0, 0, 0, 0, 0, 0, 0
0, 0, 0, 0, 0, 0, 0
0, 0, 0, 0, 0, 0, 0
0, 0, 0, 0, 0, 0, 0
0, 0, 0, 0, 0, 0, 0
0, 0, 0, 0, 0, 0, 0
0, 0, 0, 0, 0, 0, 0
0, 0, 0, 0, 0, 0, 0
0, 0, 0, 0, 0, 0, 0
0, 0, 0, 0, 0, 0, 0
0, 0, 0, 0, 0, 0, 0
0, 0, 0, 0, 0, 0, 0
0, 0, 0, 0, 0, 0, 0
0, 0, 0, 0, 0, 0, 0
0, 0, 0, 0, 0, 0, 0
0, 0, 0, 0, 0, 0, 0
0, 0, 0, 0, 0, 0, 0
0, 0, 0, 0, 0, 0, 0
0, 0, 0, 0, 0, 0, 0
0, 0, 0, 0, 0, 0, 0
0, 0, 0, 0, 0, 0, 0
0, 0, 0, 0, 0, 0, 0
0, 0, 0, 0, 0, 0, 0
0, 0, 0, 0, 0, 0, 0
0, 0, 0, 0, 0, 0, 0
0, 0, 0, 0, 0, 0, 0
0, 0, 0, 0, 0, 0, 0
0, 0, 0, 0, 0, 0, 0
0, 0, 0, 0, 0, 0, 0
0, 0, 0, 0, 0, 0, 0
0, 0, 0, 0, 0, 0, 0
0, 0, 0, 0, 0, 0, 0
0, 0, 0, 0, 0, 0, 0
0, 0, 0, 0, 0, 0, 0
0, 0, 0, 0, 0, 0, 0
0, 0, 0, 0, 0, 0, 0
0, 0, 0, 0, 0, 0, 0
0, 0, 0, 0, 0, 0, 0
0, 0, 0, 0, 0, 0, 0
0, 0, 0, 0, 0, 0, 0
0, 0, 0, 0, 0, 0, 0
0, 0, 0, 0, 0, 0, 0
0, 0, 0, 0, 0, 0, 0
0, 0, 0, 0, 0, 0, 0
0, 0, 0, 0, 0, 0, 0
0, 0, 0, 0, 0, 0, 0
0, 0, 0, 0, 0, 0, 0
0, 0, 0, 0, 0, 0, 0
0, 0, 0, 0, 0, 0, 0
0, 0, 0, 0, 0, 0, 0
0, 0, 0, 0, 0, 0, 0
0, 0, 0, 0, 0, 0, 0
0, 0, 0, 0, 0, 0, 0
0, 0, 0, 0, 0, 0, 0
0, 0, 0, 0, 0, 0, 0
0, 0, 0, 0, 0, 0, 0
0, 0, 0, 0, 0, 0, 0
0, 0, 0, 0, 0, 0, 0
0, 0, 0, 0, 0, 0, 0
0, 0, 0, 0, 0, 0, 0
0, 0, 0, 0, 0, 0, 0
0, 0, 0, 0, 0, 0, 0
0, 0, 0, 0, 0, 0, 0
0, 0, 0, 0, 0, 0, 0
0, 0, 0, 0, 0, 0, 0
0, 0, 0, 0, 0, 0, 0
0, 0, 0, 0, 0, 0, 0
0, 0, 0, 0, 0, 0, 0
0, 0, 0, 0, 0, 0, 0
0, 0, 0, 0, 0, 0, 0
0, 0, 0, 0, 0, 0, 0
0, 0, 0, 0, 0, 0, 0
0, 0, 0, 0, 0, 0, 0
0, 0, 0, 0, 0, 0, 0
0, 0, 0, 0, 0, 0, 0
0, 0, 0, 0, 0, 0, 0
0, 0, 0, 0, 0, 0, 0
0, 0, 0, 0, 0, 0, 0
0, 0, 0, 0, 0, 0, 0
0, 0, 0, 0, 0, 0, 0
0, 0, 0, 0, 0, 0, 0
0, 0, 0, 0, 0, 0, 0
0, 0, 0, 0, 0, 0, 0
0, 0, 0, 0, 0, 0, 0
0, 0, 0, 0, 0, 0, 0
0, 0, 0, 0, 0, 0, 0
0, 0, 0, 0, 0, 0, 0
0, 0, 0, 0, 0, 0, 0
0, 0, 0, 0, 0, 0, 0
0, 0, 0, 0, 0, 0, 0
0, 0, 0, 0, 0, 0, 0
0, 0, 0, 0, 0, 0, 0
0, 0, 0, 0, 0, 0, 0
0, 0, 0, 0, 0, 0, 0
0, 0, 0, 0, 0, 0, 0
0, 0, 0, 0, 0, 0, 0
0, 0, 0, 0, 0, 0, 0
0, 0, 0, 0, 0, 0, 0
0, 0, 0, 0, 0, 0, 0
0, 0, 0, 0, 0, 0, 0
0, 0, 0, 0, 0, 0, 0
0, 0, 0, 0, 0, 0, 0
0, 0, 0, 0, 0, 0, 0
0, 0, 0, 0, 0, 0, 0
0, 0, 0, 0, 0, 0, 0
0, 0, 0, 0, 0, 0, 0
0, 0, 0, 0, 0, 0, 0
0, 0, 0, 0, 0, 0, 0
0, 0, 0, 0, 0, 0, 0
0, 0, 0, 0, 0, 0, 0
0, 0, 0, 0, 0, 0, 0
0, 0, 0, 0, 0, 0, 0
0, 0, 0, 0, 0, 0, 0
0, 0, 0, 0, 0, 0, 0
0, 0, 0, 0, 0, 0, 0
0, 0, 0, 0, 0, 0, 0
0, 0, 0, 0, 0, 0, 0
0, 0, 0, 0, 0, 0, 0
0, 0, 0, 0, 0, 0, 0
0, 0, 0, 0, 0, 0, 0
0, 0, 0, 0, 0, 0, 0
0, 0, 0, 0, 0, 0, 0
0, 0, 0, 0, 0, 0, 0
0, 0, 0, 0, 0, 0, 0
0, 0, 0, 0, 0, 0, 0
0, 0, 0, 0, 0, 0, 0
0, 0, 0, 0, 0, 0, 0
0, 0, 0, 0, 0, 0, 0
0, 0, 0, 0, 0, 0, 0
0, 0, 0, 0, 0, 0, 0
0, 0, 0, 0, 0, 0, 0
0, 0, 0, 0, 0, 0, 0
0, 0, 0, 0, 0, 0, 0
0, 0, 0, 0, 0, 0, 0
0, 0, 0, 0, 0, 0, 0
0, 0, 0, 0, 0, 0, 0
0, 0, 0, 0, 0, 0, 0
0, 0, 0, 0, 0, 0, 0
0, 0, 0, 0, 0, 0, 0
0, 0, 0, 0, 0, 0, 0
0, 0, 0, 0, 0, 0, 0
0, 0, 0, 0, 0, 0, 0
0, 0, 0, 0, 0, 0, 0
0, 0, 0, 0, 0, 0, 0
0, 0, 0, 0, 0, 0, 0
0, 0, 0, 0, 0, 0, 0
0, 0, 0, 0, 0, 0, 0
0, 0, 0, 0, 0, 0, 0
0, 0, 0, 0, 0, 0, 0
0, 0, 0, 0, 0, 0, 0
0, 0, 0, 0, 0, 0, 0
0, 0, 0, 0, 0, 0, 0
0, 0, 0, 0, 0, 0, 0
0, 0, 0, 0, 0, 0, 0
0, 0, 0, 0, 0, 0, 0
0, 0, 0, 0, 0, 0, 0
0, 0, 0, 0, 0, 0, 0
0, 0, 0, 0, 0, 0, 0
0, 0, 0, 0, 0, 0, 0
0, 0, 0, 0, 0, 0, 0
0, 0, 0, 0, 0, 0, 0
0, 0, 0, 0, 0, 0, 0
0, 0, 0, 0, 0, 0, 0
0, 0, 0, 0, 0, 0, 0
0, 0, 0, 0, 0, 0, 0
0, 0, 0, 0, 0, 0, 0
0, 0, 0, 0, 0, 0, 0
0, 0, 0, 0, 0, 0, 0
0, 0, 0, 0, 0, 0, 0
0, 0, 0, 0, 0, 0, 0
0, 0, 0, 0, 0, 0, 0
0, 0, 0, 0, 0, 0, 0
0, 0, 0, 0, 0, 0, 0
0, 0, 0, 0, 0, 0, 0
0, 0, 0, 0, 0, 0, 0
0, 0, 0, 0, 0, 0, 0
0, 0, 0, 0, 0, 0, 0
0, 0, 0, 0, 0, 0, 0
0, 0, 0, 0, 0, 0, 0
0, 0, 0, 0, 0, 0, 0
0, 0, 0, 0, 0, 0, 0
0, 0, 0, 0, 0, 0, 0
0, 0, 0, 0, 0, 0, 0
0, 0, 0, 0, 0, 0, 0
0, 0, 0, 0, 0, 0, 0
0, 0, 0, 0, 0, 0, 0
0, 0, 0, 0, 0, 0, 0
0, 0, 0, 0, 0, 0, 0
0, 0, 0, 0, 0, 0, 0
0, 0, 0, 0, 0, 0, 0
0, 0, 0, 0, 0, 0, 0
0, 0, 0, 0, 0, 0, 0
0, 0, 0, 0, 0, 0, 0
0, 0, 0, 0, 0, 0, 0
0, 0, 0, 0, 0, 0, 0
0, 0, 0, 0, 0, 0, 0
0, 0, 0, 0, 0, 0, 0
0, 0, 0, 0, 0, 0, 0
0, 0, 0, 0, 0, 0, 0
0, 0, 0, 0, 0, 0, 0
0, 0, 0, 0, 0, 0, 0
0, 0, 0, 0, 0, 0, 0
0, 0, 0, 0, 0, 0, 0
0, 0, 0, 0, 0, 0, 0
0, 0, 0, 0, 0, 0, 0
0, 0, 0, 0, 0, 0, 0
0, 0, 0, 0, 0, 0, 0
0, 0, 0, 0, 0, 0, 0
0, 0, 0, 0, 0, 0, 0
0, 0, 0, 0, 0, 0, 0
0, 0, 0, 0, 0, 0, 0
0, 0, 0, 0, 0, 0, 0
0, 0, 0, 0, 0, 0, 0
0, 0, 0, 0, 0, 0, 0
0, 0, 0, 0, 0, 0, 0
0, 0, 0, 0, 0, 0, 0
0, 0, 0, 0, 0, 0, 0
0, 0, 0, 0, 0, 0, 0
0, 0, 0, 0, 0, 0, 0
0, 0, 0, 0, 0, 0, 0
0, 0, 0, 0, 0, 0, 0
0, 0, 0, 0, 0, 0, 0
0, 0, 0, 0, 0, 0, 0
0, 0, 0, 0, 0, 0, 0
0, 0, 0, 0, 0, 0, 0
0, 0, 0, 0, 0, 0, 0
0, 0, 0, 0, 0, 0, 0
0, 0, 0, 0, 0, 0, 0
0, 0, 0, 0, 0, 0, 0
0, 0, 0, 0, 0, 0, 0
0, 0, 0, 0, 0, 0, 0
0, 0, 0, 0, 0, 0, 0
0, 0, 0, 0, 0, 0, 0
0, 0, 0, 0, 0, 0, 0
0, 0, 0, 0, 0, 0, 0
0, 0, 0, 0, 0, 0, 0
0, 0, 0, 0, 0, 0, 0
0, 0, 0, 0, 0, 0, 0
0, 0, 0, 0, 0, 0, 0
0, 0, 0, 0, 0, 0, 0
0, 0, 0, 0, 0, 0, 0
0, 0, 0, 0, 0, 0, 0
0, 0, 0, 0, 0, 0, 0
0, 0, 0, 0, 0, 0, 0
0, 0, 0, 0, 0, 0, 0
0, 0, 0, 0, 0, 0, 0
0, 0, 0, 0, 0, 0, 0
0, 0, 0, 0, 0, 0, 0
0, 0, 0, 0, 0, 0, 0
0, 0, 0, 0, 0, 0, 0
0, 0, 0, 0, 0, 0, 0
0, 0, 0, 0, 0, 0, 0
0, 0, 0, 0, 0, 0, 0
0, 0, 0, 0, 0, 0, 0
0, 0, 0, 0, 0, 0, 0
0, 0, 0, 0, 0, 0, 0
0, 0, 0, 0, 0, 0, 0
0, 0, 0, 0, 0, 0, 0
0, 0, 0, 0, 0, 0, 0
0, 0, 0, 0, 0, 0, 0
0, 0, 0, 0, 0, 0, 0
0, 0, 0, 0, 0, 0, 0
0, 0, 0, 0, 0, 0, 0
0, 0, 0, 0, 0, 0, 0
0, 0, 0, 0, 0, 0, 0
0, 0, 0, 0, 0, 0, 0
0, 0, 0, 0, 0, 0, 0
0, 0, 0, 0, 0, 0, 0
0, 0, 0, 0, 0, 0, 0
0, 0, 0, 0, 0, 0, 0
0, 0, 0, 0, 0, 0, 0
0, 0, 0, 0, 0, 0, 0
0, 0, 0, 0, 0, 0, 0
0, 0, 0, 0, 0, 0, 0
0, 0, 0, 0, 0, 0, 0
0, 0, 0, 0, 0, 0, 0
0, 0, 0, 0, 0, 0, 0
0, 0, 0, 0, 0, 0, 0
0, 0, 0, 0, 0, 0, 0
0, 0, 0, 0, 0, 0, 0
0, 0, 0, 0, 0, 0, 0
0, 0, 0, 0, 0, 0, 0
0, 0, 0, 0, 0, 0, 0
0, 0, 0, 0, 0, 0, 0
0, 0, 0, 0, 0, 0, 0
0, 0, 0, 0, 0, 0, 0
0, 0, 0, 0, 0, 0, 0
0, 0, 0, 0, 0, 0, 0
0, 0, 0, 0, 0, 0, 0
0, 0, 0, 0, 0, 0, 0
0, 0, 0, 0, 0, 0, 0
0, 0, 0, 0, 0, 0, 0
0, 0, 0, 0, 0, 0, 0
0, 0, 0, 0, 0, 0, 0
0, 0, 0, 0, 0, 0, 0
0, 0, 0, 0, 0, 0, 0
0, 0, 0, 0, 0, 0, 0
0, 0, 0, 0, 0, 0, 0
0, 0, 0, 0, 0, 0, 0
0, 0, 0, 0, 0, 0, 0
0, 0, 0, 0, 0, 0, 0
0, 0, 0, 0, 0, 0, 0
0, 0, 0, 0, 0, 0, 0
0, 0, 0, 0, 0, 0, 0
0, 0, 0, 0, 0, 0, 0
0, 0, 0, 0, 0, 0, 0
0, 0, 0, 0, 0, 0, 0
0, 0, 0, 0, 0, 0, 0
0, 0, 0, 0, 0, 0, 0
0, 0, 0, 0, 0, 0, 0
0, 0, 0, 0, 0, 0, 0
0, 0, 0, 0, 0, 0, 0
0, 0, 0, 0, 0, 0, 0
0, 0, 0, 0, 0, 0, 0
0, 0, 0, 0, 0, 0, 0
0, 0, 0, 0, 0, 0, 0
0, 0, 0, 0, 0, 0, 0
0, 0, 0, 0, 0, 0, 0
0, 0, 0, 0, 0, 0, 0
0, 0, 0, 0, 0, 0, 0
0, 0, 0, 0, 0, 0, 0
0, 0, 0, 0, 0, 0, 0
0, 0, 0, 0, 0, 0, 0
0, 0, 0, 0, 0, 0, 0
0, 0, 0, 0, 0, 0, 0
0, 0, 0, 0, 0, 0, 0
0, 0, 0, 0, 0, 0, 0
0, 0, 0, 0, 0, 0, 0
0, 0, 0, 0, 0, 0, 0
0, 0, 0, 0, 0, 0, 0
0, 0, 0, 0, 0, 0, 0
0, 0, 0, 0, 0, 0, 0
0, 0, 0, 0, 0, 0, 0
0, 0, 0, 0, 0, 0, 0
0, 0, 0, 0, 0, 0, 0
0, 0, 0, 0, 0, 0, 0
0, 0, 0, 0, 0, 0, 0
0, 0, 0, 0, 0, 0, 0
0, 0, 0, 0, 0, 0, 0
0, 0, 0, 0, 0, 0, 0
0, 0, 0, 0, 0, 0, 0
0, 0, 0, 0, 0, 0, 0
0, 0, 0, 0, 0, 0, 0
0, 0, 0, 0, 0, 0, 0
0, 0, 0, 0, 0, 0, 0
0, 0, 0, 0, 0, 0, 0
0, 0, 0, 0, 0, 0, 0
0, 0, 0, 0, 0, 0, 0
0, 0, 0, 0, 0, 0, 0
0, 0, 0, 0, 0, 0, 0
0, 0, 0, 0, 0, 0, 0
0, 0, 0, 0, 0, 0, 0
0, 0, 0, 0, 0, 0, 0
0, 0, 0, 0, 0, 0, 0
0, 0, 0, 0, 0, 0, 0
0, 0, 0, 0, 0, 0, 0
0, 0, 0, 0, 0, 0, 0
0, 0, 0, 0, 0, 0, 0
0, 0, 0, 0, 0, 0, 0
0, 0, 0, 0, 0, 0, 0
0, 0, 0, 0, 0, 0, 0
0, 0, 0, 0, 0, 0, 0
0, 0, 0, 0, 0, 0, 0
0, 0, 0, 0, 0, 0, 0
0, 0, 0, 0, 0, 0, 0
0, 0, 0, 0, 0, 0, 0
0, 0, 0, 0, 0, 0, 0
0, 0, 0, 0, 0, 0, 0
0, 0, 0, 0, 0, 0, 0
0, 0, 0, 0, 0, 0, 0
0, 0, 0, 0, 0, 0, 0
0, 0, 0, 0, 0, 0, 0
0, 0, 0, 0, 0, 0, 0
0, 0, 0, 0, 0, 0, 0
0, 0, 0, 0, 0, 0, 0
0, 0, 0, 0, 0, 0, 0
0, 0, 0, 0, 0, 0, 0
0, 0, 0, 0, 0, 0, 0
0, 0, 0, 0, 0, 0, 0
0, 0, 0, 0, 0, 0, 0
0, 0, 0, 0, 0, 0, 0
0, 0, 0, 0, 0, 0, 0
0, 0, 0, 0, 0, 0, 0
0, 0, 0, 0, 0, 0, 0
0, 0, 0, 0, 0, 0, 0
0, 0, 0, 0, 0, 0, 0
0, 0, 0, 0, 0, 0, 0
0, 0, 0, 0, 0, 0, 0
0, 0, 0, 0, 0, 0, 0
0, 0, 0, 0, 0, 0, 0
0, 0, 0, 0, 0, 0, 0
0, 0, 0, 0, 0, 0, 0
0, 0, 0, 0, 0, 0, 0
0, 0, 0, 0, 0, 0, 0
0, 0, 0, 0, 0, 0, 0
0, 0, 0, 0, 0, 0, 0
0, 0, 0, 0, 0, 0, 0
0, 0, 0, 0, 0, 0, 0
0, 0, 0, 0, 0, 0, 0
0, 0, 0, 0, 0, 0, 0
0, 0, 0, 0, 0, 0, 0
0, 0, 0, 0, 0, 0, 0
0, 0, 0, 0, 0, 0, 0
0, 0, 0, 0, 0, 0, 0
0, 0, 0, 0, 0, 0, 0
0, 0, 0, 0, 0, 0, 0
0, 0, 0, 0, 0, 0, 0
0, 0, 0, 0, 0, 0, 0
0, 0, 0, 0, 0, 0, 0
0, 0, 0, 0, 0, 0, 0
0, 0, 0, 0, 0, 0, 0
0, 0, 0, 0, 0, 0, 0
0, 0, 0, 0, 0, 0, 0
0, 0, 0, 0, 0, 0, 0
0, 0, 0, 0, 0, 0, 0
0, 0, 0, 0, 0, 0, 0
0, 0, 0, 0, 0, 0, 0
0, 0, 0, 0, 0, 0, 0
0, 0, 0, 0, 0, 0, 0
0, 0, 0, 0, 0, 0, 0
0, 0, 0, 0, 0, 0, 0
0, 0, 0, 0, 0, 0, 0
0, 0, 0, 0, 0, 0, 0
0, 0, 0, 0, 0, 0, 0
0, 0, 0, 0, 0, 0, 0
0, 0, 0, 0, 0, 0, 0
0, 0, 0, 0, 0, 0, 0
0, 0, 0, 0, 0, 0, 0
0, 0, 0, 0, 0, 0, 0
0, 0, 0, 0, 0, 0, 0
0, 0, 0, 0, 0, 0, 0
0, 0, 0, 0, 0, 0, 0
0, 0, 0, 0, 0, 0, 0
0, 0, 0, 0, 0, 0, 0
0, 0, 0, 0, 0, 0, 0
0, 0, 0, 0, 0, 0, 0
0, 0, 0, 0, 0, 0, 0
0, 0, 0, 0, 0, 0, 0
0, 0, 0, 0, 0, 0, 0
0, 0, 0, 0, 0, 0, 0
0, 0, 0, 0, 0, 0, 0
0, 0, 0, 0, 0, 0, 0
0, 0, 0, 0, 0, 0, 0
0, 0, 0, 0, 0, 0, 0
0, 0, 0, 0, 0, 0, 0
0, 0, 0, 0, 0, 0, 0
0, 0, 0, 0, 0, 0, 0
0, 0, 0, 0, 0, 0, 0
0, 0, 0, 0, 0, 0, 0
0, 0, 0, 0, 0, 0, 0
0, 0, 0, 0, 0, 0, 0
0, 0, 0, 0, 0, 0, 0
0, 0, 0, 0, 0, 0, 0
8.87785275, 9.042525000000001, 9.242117, 9.5272059, 9.78633, 16.255540579999998, 36.893046
8.88152075, 9.044253000000001, 9.2534815, 9.5126569, 9.71428145, 11.532225659999998, 36.893046
8.88722725, 9.039242, 9.242265249999999, 9.5603604, 9.818740700000001, 16.108532, 36.893046
8.876782, 9.0404755, 9.23623275, 9.4981875, 9.7719747, 16.05910689, 52.853195
8.8883455, 9.035026, 9.22215075, 9.4887307, 9.74944565, 13.239192809999993, 24.370709
8.880512, 9.038651999999999, 9.228603750000001, 9.464637699999999, 9.70382105, 11.09759941, 32.855096
8.89756375, 9.034419, 9.2395825, 9.4793569, 9.66691485, 13.737205269999999, 21.371576
8.8963925, 9.039198, 9.232306, 9.5126569, 9.7760805, 16.255041029999997, 32.855096
8.885622, 9.0425015, 9.2356235, 9.51066, 9.757234, 10.90895599, 36.893046
8.893990500000001, 9.0441325, 9.227989749999999, 9.488779, 9.72550245, 14.450396, 32.855096
8.887912, 9.047520500000001, 9.23714375, 9.513549300000001, 9.778165, 17.080673159999996, 24.370709
8.889426, 9.039106, 9.2375985, 9.4974219, 9.7086902, 11.455930439999996, 19.071708
8.886614999999999, 9.044185500000001, 9.2522875, 9.5255811, 9.741855199999998, 14.10601301, 24.370709
8.86952175, 9.0084165, 9.18523775, 9.4556702, 10.064897, 11.89822367999999, 35.734803
8.86972875, 9.003982, 9.175987749999999, 9.4382328, 9.882434499999993, 12.007767, 35.487972
8.86098775, 9.000226, 9.166741, 9.437902, 9.824613199999998, 11.932830299999992, 29.227148
8.870590499999999, 9.000144500000001, 9.181200500000001, 9.4985993, 10.160585, 11.89461396, 37.448702
8.865039, 9.002021500000001, 9.18540875, 9.458109, 9.920568, 11.9993765, 35.734803
8.86657175, 9.005046, 9.1840755, 9.4607981, 9.992995749999997, 12.315896989999997, 29.227148
8.87110025, 9.003405, 9.178934, 9.4355526, 9.993162599999996, 11.874442, 37.448702
8.859632999999999, 9.001531, 9.18621175, 9.459293, 9.95010715, 11.894847, 35.734803
8.870186, 9.005141, 9.187454, 9.4862908, 10.161553199999991, 12.315919889999996, 35.487972
8.86518575, 9.0027885, 9.1728215, 9.430244, 9.86051, 11.922215, 37.448702
8.86835375, 8.997816, 9.174062249999999, 9.471392, 9.998264149999999, 11.961167169999998, 35.734803
8.871097, 9.004047, 9.179897500000001, 9.461342, 9.892631199999995, 11.938931769999993, 24.923449
8.85724875, 9.001616, 9.1809545, 9.4581344, 9.932075149999994, 12.070439959999998, 37.448702
8.8708595, 9.013272, 9.18811475, 9.466842699999999, 9.95983, 11.763031469999968, 35.487972
8.858653, 8.995729, 9.1874665, 9.450355, 9.90801325, 12.003135779999997, 37.448702
8.864438, 8.99791, 9.165055, 9.413414, 9.84993175, 11.922215, 37.448702
8.868149, 9.006932500000001, 9.18581125, 9.4509019, 9.882154649999995, 11.932545, 37.448702
8.86591075, 9.004251, 9.166945250000001, 9.4356675, 9.953317199999999, 11.9993765, 37.448702
8.85886175, 8.999534, 9.1768895, 9.4622593, 9.91334975, 11.961075, 33.51644
8.87408525, 9.010629, 9.171474, 9.4425307, 9.974629999999996, 12.345226, 35.487972
8.861865, 9.001022, 9.1731935, 9.4303053, 10.005169749999995, 12.047984, 35.734803
8.864984250000001, 9.004044, 9.183177, 9.4716004, 9.9923587, 11.705796299999992, 13.212257
8.874219, 9.009008999999999, 9.17960725, 9.4519932, 10.034512099999992, 11.95858713, 35.487972
8.863507250000001, 9.005356500000001, 9.17349475, 9.4192403, 9.81857975, 11.780336179999992, 37.448702
8.86896325, 9.002214, 9.1882205, 9.477174699999999, 9.962119099999997, 11.993545, 35.487972
8.864104, 9.0022515, 9.1898885, 9.466656, 10.014684049999996, 12.223238, 35.734803
8.8644865, 8.996332, 9.179230500000001, 9.4310832, 9.853615749999998, 11.852060189999989, 35.487972
8.780345, 9.043851499999999, 10.220941, 11.671359, 12.523508, 15.049793, 19.393533
8.79553675, 9.064935, 10.214986249999999, 11.6421218, 12.425519500000002, 14.944939570000017, 26.889073
8.78639325, 9.0575495, 10.183236, 11.653518, 12.436289600000002, 14.822824, 19.563106
8.78165325, 9.03104, 10.20963775, 11.676336000000003, 12.4923874, 14.938511, 18.865024
8.781711, 9.0460625, 10.209485, 11.558473000000001, 12.318889, 14.663670790000014, 19.563106
8.79120075, 9.060942, 10.248715, 11.6735604, 12.512041, 15.021127, 26.889073
8.7841465, 9.0548415, 10.25475625, 11.615418, 12.383360450000001, 14.632375930000002, 26.889073
8.651264, 9.107828, 10.72884, 12.361468600000002, 13.911856849999992, 17.663793, 38.813544
8.64927075, 9.173035, 10.802748, 12.339690300000001, 13.786245149999987, 17.78608, 38.813544
8.642763, 9.111663, 10.810196000000001, 12.426093, 14.0619102, 17.793979170000004, 38.813544
8.6476005, 9.1267505, 10.837245, 12.492840000000001, 14.152327399999995, 17.699644929999998, 38.404747
9.09663075, 11.250395000000001, 14.03706, 17.276179, 19.753488549999997, 25.569375, 40.625286
9.163714, 11.314661, 14.169536749999999, 17.562162, 19.973752649999987, 25.872138, 44.22794
9.10878, 11.249629500000001, 14.066715, 17.325111, 19.706059, 25.87213881, 44.22794
9.11056425, 11.219939, 14.11824275, 17.370190800000003, 19.679366, 25.259222, 40.625286
9.11813825, 11.346863, 14.190991499999999, 17.7572917, 20.12261989999999, 25.60888099000004, 40.625286
9.114972, 11.2984355, 14.01787375, 17.360077, 19.71948934999998, 25.791337, 44.22794
9.085298, 11.188802, 13.971927, 17.38041, 19.706460349999993, 26.124728050000023, 39.815707
9.093036999999999, 11.173353500000001, 13.996133, 17.379265, 19.863045149999994, 25.259222, 40.625286
9.140142, 11.231691999999999, 14.0598215, 17.405764, 20.002346, 26.124728050000023, 44.22794
9.11060525, 11.231993, 14.118267750000001, 17.491437, 19.99271, 25.874733840000054, 44.22794
9.104823, 11.2017035, 14.124792, 17.721836, 20.16004454999999, 26.531454880000002, 44.22794
9.131323, 11.219939, 14.198669, 17.722557100000003, 20.177921699999988, 26.559626190000003, 44.22794
9.116537, 11.231169999999999, 14.116295, 17.15492, 19.603887, 26.227057190000018, 44.22794
9.087077, 11.214026, 14.1411, 17.3651018, 20.00319719999999, 25.792145820000016, 40.625286
9.094039, 11.2486315, 14.022907, 17.361573, 19.759549299999986, 25.185808, 40.625286
9.116363499999999, 11.315802, 14.159199, 17.4394397, 19.86324959999999, 25.872219, 44.22794
9.114972, 11.269329500000001, 14.157585000000001, 17.512314, 19.937328999999977, 25.386005, 44.22794
9.092556, 11.1701655, 13.999465, 17.400589, 20.0270683, 25.791337, 44.22794
9.11499125, 11.23235, 14.010793, 17.226536, 19.742944849999997, 25.678414630000024, 44.22794
9.12360075, 11.220815, 14.059299, 17.375665, 19.892478999999994, 25.398104, 44.22794
9.1322765, 11.22382, 14.0505775, 17.4126204, 19.68070064999998, 25.01990801000004, 44.22794
9.118958, 11.324834, 14.140989000000001, 17.568287, 20.007928, 25.872567300000007, 39.815707
9.1289955, 11.258235, 14.165283, 17.473254, 19.837517, 25.259308210000004, 44.22794
9.120837, 11.2582505, 14.1054395, 17.430658700000006, 20.02397255, 26.491486, 40.625286
9.13014425, 11.292937, 13.969159000000001, 17.357815, 19.521747650000002, 24.706837510000007, 39.815707
9.114482, 11.231691999999999, 14.075138, 17.4348959, 20.01937315, 25.792145010000016, 40.625286
9.134431, 11.251128, 14.186281, 17.646852, 20.132466, 26.123703, 39.815707
9.086578, 11.1296955, 13.933107, 17.2771396, 19.679366, 26.015162, 44.22794
9.105862, 11.204613, 14.08345675, 17.492331200000002, 19.99185975, 26.226208, 44.22794
9.12318, 11.205217000000001, 14.059709, 17.276179, 19.874443449999998, 26.123703, 40.625286
10.146969, 12.8160195, 16.635707, 21.171182100000003, 24.09186764999999, 31.061696950000023, 40.498626
10.1783015, 12.8840575, 16.64744125, 20.970390400000003, 23.927535, 29.750277770000025, 38.302754
10.154292, 12.7890845, 16.67662225, 21.072323200000014, 23.721439, 30.417583, 43.791491
10.19083425, 12.766249, 16.563731, 21.296749300000002, 24.16166104999999, 30.689615, 43.791491
10.103986, 12.766249, 16.6625635, 21.215607700000003, 23.927562, 30.585735, 43.791491
10.1442035, 12.806939, 16.786274, 21.139893400000002, 24.015998, 30.292728, 43.791491
10.20728025, 12.8363695, 16.710115, 21.01188380000002, 24.016323449999994, 30.417583, 43.791491
10.154326, 12.790895, 16.55697275, 20.986408, 24.030696849999998, 29.718428, 40.498626
8.784465, 9.050637, 10.22052, 11.612668199999996, 12.444344, 14.964699239999995, 100.27148788955802
8.789157, 9.053467, 10.223743, 11.640647, 12.457105, 15.027967509999957, 26.889073
8.72970475, 9.0716035, 10.469621, 11.917528, 13.015672799999995, 16.385151, 38.813544
8.730458, 9.094832499999999, 10.55571025, 12.039315, 13.222672, 16.594025899999984, 38.813544
8.729715, 9.0709455, 10.507699, 12.006176200000002, 13.157196249999998, 16.60573268, 38.813544
8.727295, 9.079835, 10.544599, 12.067944600000006, 13.206432, 16.571005939999992, 38.813544
8.727295, 9.07647, 10.530125, 12.022425, 13.15625055, 16.615932159999993, 38.813544
8.724042, 9.067211, 10.52494225, 11.993566, 13.151297349999997, 16.605762499999994, 38.813544
8.727632499999999, 9.0723425, 10.517903, 12.032652, 13.230117, 16.604807, 38.813544
8.64621125, 9.124901, 10.799901, 12.418864, 14.015086, 17.802213, 38.813544
8.644131, 9.110686, 10.801736, 12.444263, 14.062613, 17.8129, 38.813544
8.651363, 9.142960500000001, 10.824965, 12.426273, 13.990885, 17.786071, 38.813544
12.935966, 17.366055000000003, 23.162856, 29.241601, 33.489803, 41.107663, 113.41035267800477
10.9746105, 14.185055, 18.590908, 23.5109243, 26.824584, 34.777146980000005, 56.221419
11.16856, 14.274575500000001, 18.765524, 23.774886, 26.86607, 33.92024883000008, 56.221419
11.067398, 14.193313499999999, 18.513717, 23.447050200000003, 26.696388399999968, 33.577487170000005, 56.221419
11.0809865, 14.239626000000001, 18.610672, 23.552203, 26.570887, 33.577213, 56.221419
10.929411, 14.107025499999999, 18.652632, 23.67984, 26.83762164999999, 33.402938970000015, 56.221419
11.08590825, 14.2620655, 18.5937095, 23.447050200000003, 26.458489549999975, 33.402938970000015, 56.221419
11.179337, 14.37911, 18.753431, 23.706682, 26.768682, 33.498867, 56.221419
10.995087, 14.130814, 18.72046725, 23.742278, 27.05057809999999, 34.26648241000001, 56.221419
10.974758, 14.107535, 18.5144075, 23.583180300000006, 26.61929769999996, 34.376146, 56.221419
8.782513, 9.050637, 10.253739, 11.674085999999999, 12.531929, 15.239759, 118.46158372310146
8.86416, 9.002961, 9.17384, 9.438996, 9.920568, 11.89654, 114.94360701875999
8.874878, 9.019493, 9.20895, 9.484052, 9.819181249999998, 12.003089, 115.95572963468581
8.875277, 9.022036, 9.21048, 9.480924, 9.823088, 12.328172, 52.853195
8.874451749999999, 9.020071, 9.210025, 9.4853692, 9.817690249999997, 12.279171, 52.853195
8.876688, 9.021995, 9.209371, 9.485054, 9.828941749999998, 12.374775, 52.853195
8.875405, 9.0222575, 9.213062, 9.490073, 9.842774799999999, 12.382223, 52.853195
8.874604, 9.0214205, 9.213532, 9.484391299999999, 9.817646, 12.345226, 52.853195
8.87396, 9.0177595, 9.208166, 9.4866207, 9.833636599999995, 12.454541, 52.853195
8.875323, 9.019312, 9.21049825, 9.4801019, 9.813118, 12.003135780000008, 52.853195
8.8742205, 9.020612, 9.211934, 9.483876, 9.809488199999997, 12.072515, 52.853195
8.876211, 9.023894, 9.209626, 9.482715, 9.8082, 12.315773, 52.853195
8.845775, 9.0102, 9.272224, 10.391114, 11.480448, 13.364793, 97.77486927712124
8.842742, 9.010079, 9.272683, 10.398027, 11.519887499999996, 13.252593820000012, 37.448702
8.84788375, 9.011026999999999, 9.271241, 10.389505, 11.496650149999997, 13.30457, 37.448702
8.866639, 9.0038935, 9.17915, 9.444518, 9.953168, 11.922215, 37.448702
8.873969, 9.01896, 9.205136, 9.484264, 9.8594073, 12.277897, 52.853195
8.872504, 9.0167285, 9.20228225, 9.466620800000001, 9.85040475, 12.312273, 37.448702
8.864473, 9.003826499999999, 9.181145, 9.456761, 9.997939, 12.003089, 37.448702
8.867824, 9.00472, 9.181369, 9.445925, 9.953168, 11.999339, 37.448702
8.8672015, 9.001322, 9.181145, 9.449547, 9.994071, 11.993545, 35.734803
8.866484, 9.003299, 9.17903525, 9.457004, 9.972608249999999, 11.932545, 37.448702
8.859773, 8.998258, 9.171034, 9.442472, 9.932986, 11.958562, 37.448702
8.867979, 9.003106, 9.180037, 9.451993200000004, 10.003491, 12.003089, 37.448702
8.865184249999999, 9.002709, 9.18142875, 9.457422300000001, 9.992015, 12.003089, 37.448702
8.865207, 9.004065, 9.176505, 9.462214, 9.985579, 11.993545, 37.448702
8.868461, 9.003852, 9.180358, 9.459321500000001, 9.952919, 11.922215, 37.448702
8.866158500000001, 9.001322, 9.17608375, 9.456761, 9.969460699999999, 11.970292, 37.448702
8.868149, 9.004065, 9.178997, 9.455484, 9.985579, 12.054451, 37.448702
8.865049, 9.001446, 9.178934, 9.453209000000003, 10.013892, 12.054451, 37.448702
8.863883, 9.001815, 9.17731725, 9.440421, 9.949789, 11.961075, 37.448702
8.86447525, 9.002309, 9.17915, 9.449913, 9.980987, 11.970292, 37.448702
8.8683035, 9.003852, 9.177047, 9.44343, 9.970956, 11.993545, 37.448702
8.864473, 9.001231, 9.178678, 9.442472, 9.932986, 12.008169169999935, 37.448702
8.866416, 9.002618, 9.176026, 9.453075, 9.969382, 11.958562, 37.448702
8.868716, 9.003352, 9.175689, 9.438148, 9.913345, 11.922215, 37.448702
8.866735, 9.003299, 9.179315, 9.455518000000001, 9.997939, 12.008169169999935, 37.448702
8.865207, 9.003106, 9.178997, 9.457004, 9.972608249999999, 11.938814469999969, 37.448702
8.867031749999999, 9.004557, 9.178994, 9.456761, 9.961654, 11.993545, 37.448702
8.86392, 8.998252, 9.172552, 9.438996, 9.92986, 11.958587129999996, 37.448702
8.86869325, 9.005046, 9.181743, 9.458109, 9.970956, 11.93273439999999, 37.448702
8.864476, 9.003852, 9.180355, 9.456761, 9.971022949999998, 11.913174, 37.448702
8.86415575, 9.000288, 9.17384525, 9.4498257, 9.952919, 11.932675, 37.448702
8.86416, 9.001616, 9.176058, 9.438148, 9.946413649999998, 11.999339, 37.448702
8.867323500000001, 9.004266, 9.180444, 9.461342, 9.992015, 11.961167169999985, 35.734803
8.865295, 9.0040565, 9.181369, 9.459141, 9.998216599999996, 11.993545, 37.448702
8.867063, 9.004535, 9.178158, 9.445208, 9.953317199999997, 11.922215, 37.448702
8.86794025, 9.003226, 9.176026, 9.438996, 9.929915249999999, 11.932675, 37.448702
8.8654565, 9.003628, 9.1768895, 9.449816, 9.972295, 12.007767, 37.448702
8.842721, 9.010952, 9.27354, 10.408256, 11.446714, 13.320133850000015, 37.448702
8.845094, 9.009122, 9.270584, 10.3848957, 11.446756, 13.269339950000015, 37.448702
8.841548, 9.008261, 9.266439, 10.338632500000001, 11.400872, 13.268856200000002, 37.448702
8.844581, 9.013564, 9.26924325, 10.402872, 11.489312, 13.339431690000001, 37.448702
8.8435195, 9.010521, 9.272444, 10.411629, 11.526483849999996, 13.341936520000024, 37.448702
8.840895, 9.00831, 9.269055, 10.349853599999998, 11.480448, 13.334368, 37.448702
8.8449975, 9.013224, 9.271596, 10.371479599999992, 11.45459, 13.314072, 37.448702
8.843535, 9.010558, 9.269695, 10.353486, 11.435292199999994, 13.320183200000026, 37.448702
8.866639, 9.005277, 9.178965, 9.44578, 9.969460699999999, 12.003089, 37.448702
8.868858, 9.004875, 9.183177, 9.449913, 10.033099, 11.938615, 37.448702
8.866484, 9.003106, 9.179747, 9.445925, 9.97255, 11.938615, 37.448702
8.86479, 9.003303, 9.174587, 9.443095, 9.927125549999998, 11.961075, 37.448702
8.866467, 9.003628, 9.179753, 9.445925, 9.970956, 11.922215, 37.448702
8.868221, 9.004535, 9.181145, 9.455917700000002, 9.972295, 11.970292, 37.448702
8.86622, 9.002561, 9.180702, 9.44578, 9.95983, 11.932675, 37.448702
8.863845, 9.00021, 9.17489, 9.445208, 9.9407, 11.961075, 37.448702
8.865295, 9.001815, 9.176562, 9.442472, 9.969460699999999, 11.993545, 37.448702
8.866367, 9.002033, 9.177047, 9.4452464, 9.981216599999998, 12.070419, 37.448702
8.86676725, 9.004266, 9.175607, 9.4404383, 9.95293145, 11.961075, 37.448702
8.865594, 9.004527, 9.183196500000001, 9.451873, 9.933371699999993, 11.938615, 37.448702
8.865273, 9.00201, 9.17903525, 9.4581268, 10.004416, 12.003089, 37.448702
8.86416, 9.002675, 9.180702, 9.456761, 9.972295, 12.047984, 37.448702
8.845702, 9.012799, 9.26978375, 10.4052937, 11.481635, 13.341567, 37.448702
8.843549, 9.007269, 9.268543, 10.4058256, 11.462491699999994, 13.269339950000015, 37.448702
8.84383, 9.0124995, 9.281247, 10.4290927, 11.499119849999975, 13.340764, 37.448702
8.844031, 9.010676, 9.27515425, 10.386072499999996, 11.474308, 13.314076700000001, 37.448702
8.84424475, 9.014007, 9.27184275, 10.391264799999998, 11.448704749999973, 13.268483600000016, 37.448702
8.845891, 9.012504, 9.272813750000001, 10.391853, 11.480448, 13.332781500000001, 37.448702
8.844954, 9.007857, 9.268801, 10.36117, 11.446745249999998, 13.499139, 37.448702
8.843974, 9.0091645, 9.270303, 10.417517799999999, 11.504532, 13.276408, 37.448702
8.84395775, 9.007402, 9.268543, 10.364728, 11.446756, 13.212257, 37.448702
8.84308, 9.01206, 9.275061, 10.408256, 11.498835, 13.314072, 37.448702
8.84393, 9.011437, 9.277116, 10.4048099, 11.498835, 13.455628, 37.448702
8.842749, 9.010185, 9.272515, 10.422022, 11.487386, 13.340292, 37.448702
8.845596, 9.01017, 9.271241, 10.389236, 11.464138, 13.314072, 37.448702
8.84325325, 9.011196, 9.26534375, 10.402872, 11.527568549999998, 13.320056, 37.448702
8.845868750000001, 9.013665, 9.275813, 10.398323, 11.51956965, 13.439308840000034, 37.448702
8.844095, 9.008783999999999, 9.270303, 10.404917, 11.455497449999982, 13.339423, 37.448702
8.845015, 9.009122, 9.273817, 10.428869, 11.489312, 13.320056, 37.448702
8.866367, 9.003607, 9.181200500000001, 9.4582946, 10.005764699999993, 11.932546299999998, 37.448702
8.8672, 9.002317, 9.178678, 9.448627200000002, 9.961654, 11.932545, 37.448702
8.865122, 9.001533, 9.172877, 9.435525, 9.920967, 11.970524529999963, 37.448702
8.87246425, 9.013878, 9.2024525, 9.480926, 9.848908, 12.007767, 35.734803
8.872642, 9.016439, 9.198457, 9.4765669, 9.84894995, 12.328172, 37.448702
8.872342249999999, 9.016445, 9.2023145, 9.480801, 9.842187, 12.222709469999943, 52.853195
8.872705, 9.016636, 9.203569, 9.484574, 9.87399655, 12.328172, 37.448702
8.87360575, 9.016223, 9.203611, 9.4808153, 9.870382649999998, 12.223238, 36.893046
8.870911, 9.0144795, 9.199187, 9.4881963, 9.896438449999998, 12.348452759999962, 37.448702
8.8710435, 9.014857, 9.196824, 9.4764122, 9.856983699999999, 12.345255839999995, 52.853195
8.872342249999999, 9.014982, 9.1975075, 9.46945, 9.843189, 12.170292939999916, 52.853195
8.8718595, 9.0145765, 9.200531, 9.468711800000001, 9.829971, 12.007767, 37.448702
8.870708, 9.014422, 9.19866075, 9.469285, 9.859398, 12.07401345999976, 52.853195
8.87091, 9.014054, 9.195858, 9.46945, 9.843266, 12.257208, 52.853195
8.8739125, 9.016922, 9.20226325, 9.47331, 9.856983699999999, 12.330560329999985, 52.853195
8.87086775, 9.015692, 9.20220025, 9.485316, 9.902504, 12.383144039999987, 52.853195
8.87539, 9.018888, 9.204215, 9.478358700000001, 9.870237, 12.374539, 37.448702
8.872517, 9.016502, 9.20392775, 9.4776368, 9.861986, 11.970317029999997, 52.853195
8.872364, 9.016228, 9.205941, 9.496808, 9.91602315, 12.328172, 52.853195
8.873807, 9.015073, 9.1957155, 9.469659, 9.842774799999999, 12.054451, 52.853195
8.87119, 9.01661, 9.201163, 9.480556, 9.911143299999999, 12.312307999999994, 52.853195
8.868323, 9.002392, 9.183294, 9.462667, 10.023848699999995, 12.003089, 37.448702
8.867734500000001, 9.001533, 9.176562, 9.442530700000002, 9.940905, 11.932675, 37.448702
8.867824, 9.005355, 9.182778, 9.445208, 9.971022949999998, 11.922215, 37.448702
8.86479, 9.0021175, 9.1762295, 9.456761, 9.97255, 11.922318299999983, 37.448702
8.867063, 9.002467, 9.183131, 9.45891, 10.0137305, 12.223238, 37.448702
8.865049, 9.001629, 9.173834, 9.438996, 9.92934, 11.999339, 37.448702
8.868716, 9.005046, 9.179931, 9.450355, 9.961654, 11.922215, 37.448702
8.867202, 9.002961, 9.17870025, 9.439427, 9.930965, 11.90322, 37.448702
8.866778, 9.004535, 9.1815945, 9.458363, 9.992345, 11.970292, 37.448702
8.86657175, 9.001815, 9.17510425, 9.439364, 9.940905, 12.054451, 37.448702
8.862988, 9.000519, 9.176531, 9.459141, 9.9923587, 11.999376499999995, 37.448702
8.868625, 9.00418, 9.176884, 9.4495739, 9.951734, 11.958562, 37.448702
8.866547, 9.003025, 9.178158, 9.460099, 9.965311, 11.938814469999969, 37.448702
8.863903, 9.000893, 9.171088, 9.4402319, 9.927125549999998, 11.970292, 37.448702
8.868245, 9.00472, 9.179358, 9.449913, 9.920967, 11.922215, 37.448702
8.867824, 9.003628, 9.178993, 9.445592, 9.97255, 11.970292, 37.448702
8.86539475, 9.003607, 9.181545, 9.444963, 9.9407, 11.922215, 37.448702
8.864727, 9.002961, 9.176026, 9.453075, 9.961654, 11.970292, 37.448702
8.84300725, 9.011011, 9.27712225, 10.368422799999998, 11.446714, 13.327841, 37.448702
8.842592, 9.010887, 9.269003, 10.405275, 11.489312, 13.314072, 37.448702
8.846411, 9.0112635, 9.270867, 10.367808, 11.487386, 13.332776, 37.448702
8.846647, 9.013091, 9.273232, 10.4112132, 11.502122, 13.34156957, 37.448702
8.844232, 9.010192, 9.270338, 10.403064599999997, 11.506604, 13.332776, 37.448702
8.846123, 9.013479, 9.27013, 10.390739699999997, 11.436979, 13.33441855000001, 37.448702
8.84393, 9.012688, 9.270873000000002, 10.389236, 11.436912, 13.269272, 37.448702
8.843695, 9.012261, 9.273181750000001, 10.430045, 11.527431, 13.481226, 37.448702
8.844249, 9.011258, 9.270867, 10.3815549, 11.446785149999998, 13.334368, 37.448702
8.846553, 9.010952, 9.265195, 10.358967299999998, 11.477152749999993, 13.259494, 37.448702
8.847223, 9.014369, 9.275853999999999, 10.421798, 11.506506, 13.30466502000002, 37.448702
8.84262875, 9.006204499999999, 9.265388, 10.340371899999997, 11.415282699999983, 13.268852, 37.448702
8.870376, 9.005561, 9.18344075, 9.457346, 9.95983, 12.054451, 37.448702
8.86926825, 9.002214, 9.179931, 9.457004, 9.992619, 11.932675, 37.448702
8.868461, 9.004057, 9.1787915, 9.449547, 9.94071025, 11.932546299999998, 37.448702
8.86309975, 8.998698, 9.173258, 9.449957200000002, 9.956152, 12.003089, 35.734803
8.864984250000001, 9.003507, 9.176884, 9.455824, 9.972295, 12.054451, 37.448702
8.869135, 9.004875, 9.181545, 9.45891, 9.980987, 11.913264409999986, 37.448702
8.86622, 9.002214, 9.176884, 9.443059, 9.949789, 11.922215, 37.448702
8.865466, 9.002317, 9.175607, 9.445208, 9.951734, 11.913174, 37.448702
8.867063, 9.00472, 9.183431, 9.45891, 10.005128, 11.970524529999963, 37.448702
8.865205, 9.000893, 9.178158, 9.443095, 10.0044173, 11.993545, 37.448702
8.866416, 9.00418, 9.183177, 9.451816, 10.005128, 11.999339, 37.448702
8.864727, 9.001645, 9.178128, 9.44343, 9.921269099999995, 11.961075, 37.448702
8.8672015, 9.00341, 9.178128, 9.453075, 9.985579, 11.938615, 37.448702
8.868625, 9.003025, 9.17653875, 9.441303, 9.931066049999998, 11.913174, 37.448702
8.86510375, 9.002993, 9.178931, 9.453209000000003, 9.949789, 12.003089, 37.448702
8.865974, 9.003628, 9.18035575, 9.44578, 9.920568, 11.970292, 37.448702
8.8672, 9.00201, 9.175975, 9.443095, 9.949886249999999, 11.93273439999999, 35.734803
8.8629575, 9.000226, 9.178678, 9.458363, 9.9923587, 11.958562, 37.448702
8.86658, 9.003025, 9.175059, 9.438996, 9.930965, 12.003089, 37.448702
8.86384, 9.000985, 9.174523, 9.444844, 9.961654, 11.932545, 37.448702
8.868245, 9.002317, 9.176058, 9.449547, 9.970956, 11.999339, 37.448702
8.864503, 9.002301, 9.173419, 9.444844, 9.92934, 11.932545, 37.448702
8.869135, 9.013475, 9.201852, 9.485157, 9.884465, 12.340344309999992, 37.448702
8.868461, 9.004122500000001, 9.178965, 9.458109, 9.992619, 12.047984, 37.448702
8.866711, 9.003639, 9.178993, 9.450355, 9.95293145, 11.90322, 37.448702
8.863883, 9.00286, 9.176628000000001, 9.448525, 9.965311, 11.961075, 37.448702
8.867734500000001, 9.0029145, 9.173834, 9.445208, 9.949789, 11.932546299999998, 37.448702
8.863305, 9.001022, 9.178994, 9.442530700000002, 9.951734, 12.008169169999935, 35.734803
8.868146000000001, 9.003908, 9.17915, 9.460509, 10.005128, 11.970292, 37.448702
8.864104, 9.002301, 9.178678, 9.454415, 9.969382, 12.003135779999992, 37.448702
8.86392, 9.004046500000001, 9.178993, 9.451873, 9.972295, 11.938615, 37.448702
8.86658, 9.0045, 9.180444, 9.459578, 9.961836849999997, 11.993545, 37.448702
8.863883, 9.000454, 9.178767, 9.445925, 9.95983, 11.999339, 37.448702
8.872269, 9.012923, 9.197037, 9.468295, 9.8534882, 12.072515, 37.448702
8.875684, 9.0162495, 9.199187, 9.468295, 9.84395425, 11.922318299999983, 52.853195
8.871876, 9.016376, 9.203885499999998, 9.476728, 9.86051, 12.047984, 52.853195
8.873969, 9.017262, 9.204703, 9.490413700000001, 9.892494, 12.222361, 37.448702
8.8697385, 9.014073, 9.195813, 9.471973, 9.866495, 12.277897, 37.448702
8.873645, 9.016928, 9.202131, 9.483975, 9.868945249999998, 11.961075, 37.448702
8.87214225, 9.012027, 9.195484, 9.463498, 9.831310949999999, 11.932675, 37.448702
8.87236025, 9.01496, 9.202757, 9.476728, 9.850837, 12.27953701999994, 52.853195
8.869973, 9.011834, 9.196191, 9.4664234, 9.812882, 11.993556869999997, 35.734803
8.873317, 9.015515, 9.1976005, 9.473363, 9.853442, 12.04804866999999, 37.448702
8.87112875, 9.0167285, 9.209611, 9.485054, 9.892683849999996, 12.374857909999987, 52.853195
8.871187, 9.016228, 9.207686500000001, 9.486890500000001, 9.884798299999996, 12.169767, 52.853195
8.87118925, 9.016861, 9.200971500000001, 9.469567600000003, 9.87239, 12.003135779999992, 52.853195
8.87314, 9.0160835, 9.203408, 9.480944, 9.866211899999998, 12.072515, 52.853195
8.873716, 9.014623499999999, 9.199301, 9.469295599999999, 9.833636599999998, 11.958587129999996, 37.448702
8.863874, 9.003025, 9.176531, 9.437264, 9.946236, 11.932545, 37.448702
8.86657175, 9.0038935, 9.178865, 9.455824, 9.971022949999998, 11.958562, 37.448702
8.863883, 9.000985, 9.179358, 9.453209000000003, 9.969382, 11.999339, 37.448702
8.867364, 9.002993, 9.175059, 9.442530700000002, 9.92934, 11.961075, 37.448702
8.867364, 9.004557, 9.178993, 9.458287, 9.994071, 11.958562, 37.448702
8.866367, 9.0038935, 9.180358, 9.4567853, 9.974078599999995, 11.932675, 37.448702
8.866639, 9.00341, 9.179753, 9.451873, 9.949789, 11.993545, 37.448702
8.8643685, 9.003801, 9.182876, 9.445208, 9.956152, 11.932675, 37.448702
8.84804475, 9.015716, 9.285104, 10.404917, 11.435002, 13.30457, 37.448702
8.84087325, 9.011011, 9.275061, 10.402380599999999, 11.48313949999998, 13.27607041, 37.448702
8.84573, 9.012688, 9.2724185, 10.418037, 11.464006, 13.232772530000018, 37.448702
8.842633, 9.008502, 9.267108, 10.365985, 11.480448, 13.333336420000002, 37.448702
8.818851, 9.024677, 9.580166, 11.207529, 12.040927, 14.43032399000003, 37.448702
8.81919175, 9.0253975, 9.579628, 11.202135, 12.051037, 14.471090550000037, 37.448702
8.816885500000001, 9.024505, 9.54326825, 11.1789971, 12.019524, 14.408756, 37.448702
8.820632, 9.025133, 9.56048, 11.185829, 12.018309, 14.408756, 37.448702
8.81441, 9.020838, 9.554389, 11.202321899999998, 12.056494, 14.351801, 37.448702
8.820859, 9.025139, 9.565237999999999, 11.205394, 12.051037, 14.400444, 37.448702
8.820324, 9.022018, 9.57099, 11.183981, 12.007947, 14.40390104000001, 37.448702
8.820643, 9.025373, 9.5666755, 11.207532, 12.065449, 14.444678, 37.448702
8.822685, 9.026134500000001, 9.56113, 11.182928, 12.020696749999995, 14.351801, 37.448702
8.820555, 9.027801, 9.576425, 11.207529, 12.019579649999995, 14.337182, 37.448702
8.817436, 9.023375, 9.554652, 11.1974498, 12.041118, 14.44472451000001, 37.448702
8.815655, 9.023521500000001, 9.570597, 11.195889199999998, 12.023483, 14.337182, 37.448702
8.844285, 9.013717, 9.273817, 10.405462, 11.506604, 13.439308840000034, 37.448702
8.84383, 9.009301, 9.269695, 10.401709499999999, 11.480448, 13.27607041, 37.448702
8.8461115, 9.013091, 9.278094, 10.459155, 11.489505199999984, 13.276689620000058, 37.448702
8.846034249999999, 9.014682, 9.279726, 10.398420499999999, 11.5256988, 13.432140740000014, 37.448702
8.844595, 9.011157, 9.271596, 10.4051148, 11.487402249999999, 13.334439990000014, 37.448702
8.841915, 9.009162, 9.276158, 10.404934999999998, 11.480448, 13.314072, 37.448702
8.8638465, 9.0016415, 9.173258, 9.443095, 9.941171549999996, 11.932675, 37.448702
8.86658, 9.00418, 9.178865, 9.444963, 9.970956, 11.993545, 37.448702
8.863937, 9.003801, 9.17731725, 9.451816, 9.95293145, 11.958562, 37.448702
8.865207, 9.003628, 9.176531, 9.4591562, 9.969382, 11.961075, 37.448702
8.868625, 9.004065, 9.179747, 9.450355, 9.95983, 11.90322, 37.448702
8.866367, 9.004122500000001, 9.181545, 9.461342, 10.005128, 11.999339, 37.448702
8.865721, 9.003191, 9.178128, 9.449913, 9.953168, 11.961075, 37.448702
8.864491, 9.003191, 9.178128, 9.449816, 9.992345, 11.913174, 37.448702
8.863657, 9.000519, 9.175059, 9.440421, 9.952919, 11.938615, 37.448702
8.866547, 9.004875, 9.17870025, 9.454415, 9.97230775, 11.932545, 37.448702
8.866416, 9.00418, 9.1840755, 9.458363, 9.946236, 12.047984, 37.448702
8.867323500000001, 9.004557, 9.180891, 9.449913, 10.004416, 11.970292, 37.448702
8.863328, 9.000277, 9.17608375, 9.442472, 9.930965, 11.961075, 37.448702
8.868428, 9.0052, 9.178997, 9.440294, 9.971022949999998, 11.970292, 37.448702
8.865974, 9.002618, 9.17919125, 9.449913, 9.992015, 11.999339, 37.448702
8.86622, 9.002467, 9.180702, 9.454415, 10.013454, 12.007767, 37.448702
8.864473, 9.0039725, 9.175607, 9.443059, 9.933371699999993, 12.047984, 37.448702
8.868461, 9.004065, 9.178767, 9.455484, 9.95983, 11.932675, 37.448702
8.867364, 9.0015745, 9.175445, 9.4344645, 9.956427099999996, 11.970292, 37.448702
8.8721295, 9.0145155, 9.19518975, 9.465894, 9.824375, 12.047984, 37.448702
8.86393275, 9.00201, 9.179745, 9.4582946, 9.985579, 11.938814469999969, 37.448702
8.863645, 9.002868, 9.181545, 9.448525, 9.97230775, 11.958562, 37.448702
8.8672, 9.00457, 9.183177, 9.462921, 9.972295, 12.04804866999999, 37.448702
8.864984250000001, 9.003299, 9.182622, 9.460509, 9.970956, 11.938615, 37.448702
8.865751, 9.002961, 9.175935, 9.4567853, 9.992345, 12.070419, 37.448702
8.8684265, 9.003628, 9.17915, 9.449913, 9.920568, 11.99360293999999, 37.448702
8.866938, 9.002675, 9.182778, 9.460509, 9.992345, 12.007767, 37.448702
8.864491, 9.003879, 9.179745, 9.459578, 9.973715, 11.938615, 37.448702
8.869612, 9.004065, 9.176161, 9.4404383, 9.97255, 11.99360293999999, 37.448702
8.863883, 9.001616, 9.1715505, 9.445925, 9.952919, 12.007767, 37.448702
8.86622, 9.001022, 9.174747, 9.449913, 9.980987, 11.938615, 37.448702
8.86658, 9.004237, 9.175975, 9.4449875, 9.951734, 11.913174, 37.448702
8.86794025, 9.003191, 9.182876, 9.451816, 9.97255, 11.970292, 37.448702
8.86658, 9.002675, 9.17731725, 9.445592, 9.97255, 11.932546299999998, 37.448702
8.866416, 9.002961, 9.175987749999999, 9.444844, 9.946236, 11.922215, 37.448702
8.86392, 9.000709, 9.17489, 9.455824, 9.953317199999997, 11.999339, 37.448702
8.868149, 9.002317, 9.17510425, 9.440294, 9.940905, 11.958562, 37.448702
8.867824, 9.00448, 9.18074925, 9.451816, 9.953168, 11.932546299999998, 37.448702
8.868461, 9.004387, 9.177047, 9.443095, 9.992015, 11.958562, 37.448702
8.865428, 9.002202, 9.18344075, 9.460509, 9.972295, 11.993545, 37.448702
8.869183, 9.004557, 9.181145, 9.455484, 9.985579, 11.932675, 37.448702
8.844948, 9.012095, 9.265195, 10.407295699999999, 11.504584899999994, 13.427537240000024, 37.448702
8.845596, 9.010952, 9.272599, 10.390816599999997, 11.46802254999999, 13.463832, 35.734803
8.84585875, 9.0133755, 9.270867, 10.419862, 11.505916999999998, 13.189383, 37.448702
8.843535, 9.0102405, 9.2701585, 10.438186, 11.546499349999992, 13.333386970000012, 37.448702
8.81913825, 9.022229, 9.54451, 11.198484, 12.051037, 14.49091, 37.448702
8.8183775, 9.026395, 9.5907945, 11.250049, 12.086224, 14.49091, 37.448702
8.81845, 9.020969, 9.574504, 11.201779, 12.019512, 14.45421, 37.448702
8.81981, 9.0264965, 9.563781, 11.195717, 12.021832, 14.310006, 37.448702
8.818959, 9.026183, 9.570323, 11.2150305, 12.039315, 14.408756, 35.734803
8.820406, 9.027102, 9.574504, 11.2017896, 12.041118, 14.3522874300001, 37.448702
8.817173, 9.02247, 9.54451, 11.177737, 12.028016, 14.449329, 37.448702
8.816727, 9.02259, 9.559671, 11.199298, 12.089546, 14.527584550000032, 37.448702
8.8203855, 9.023869, 9.564167, 11.198484, 12.028016, 14.40390104000001, 37.448702
8.82123075, 9.02538, 9.563865750000001, 11.174439699999999, 12.028016, 14.403852, 35.734803
8.818959, 9.024722, 9.569537, 11.205834, 12.04858114999999, 14.543281, 37.448702
8.818851, 9.025878, 9.555003, 11.189609, 12.040927, 14.400444, 37.448702
8.817105, 9.024022, 9.585005, 11.226447199999997, 12.089639, 14.444678, 37.448702
8.819238, 9.025546, 9.563781, 11.190488, 12.018369149999995, 14.408756, 37.448702
8.820632, 9.025107, 9.564167, 11.189834, 12.023483, 14.403852, 35.734803
8.815825, 9.022362000000001, 9.535218500000001, 11.176076, 12.003089, 14.408903630000031, 37.448702
8.819752750000001, 9.0275965, 9.587072, 11.198484, 12.027306, 14.430179, 37.448702
8.819429, 9.025311, 9.56412, 11.179579599999995, 12.020696749999995, 14.44472451000001, 37.448702
8.81845, 9.025978, 9.584102, 11.22316, 12.072515, 14.543281, 37.448702
8.81659425, 9.025347, 9.580878499999999, 11.204004, 12.044046, 14.49091, 37.448702
8.820406, 9.025429, 9.56983825, 11.217054, 12.063364, 14.351984660000037, 37.448702
8.82152325, 9.024772500000001, 9.56048, 11.189314, 12.023483, 14.351801, 37.448702
8.817371, 9.022229, 9.553896, 11.182928, 12.022596, 14.164108140000053, 37.448702
8.817388, 9.019684, 9.555003, 11.256049, 12.065449, 14.400444, 37.448702
8.8449525, 9.011258, 9.268409, 10.3537141, 11.435292199999994, 13.268856200000002, 37.448702
8.845529749999999, 9.013477, 9.2724185, 10.398323, 11.513966149999973, 13.439308840000034, 35.734803
8.845868, 9.010196, 9.27241, 10.401641999999999, 11.45990199999998, 13.314076700000001, 37.448702
8.843687, 9.007445, 9.2719515, 10.387978, 11.49698205, 13.32789035000001, 37.448702
8.842749, 9.008658, 9.272444, 10.417513, 11.498999349999986, 13.340304750000003, 37.448702
8.84612675, 9.013224, 9.2725075, 10.397869, 11.498999349999986, 13.27607041, 37.448702
8.846428, 9.013424, 9.280009, 10.451031, 11.540234, 13.412486, 37.448702
8.846795, 9.011102, 9.268876, 10.381397, 11.459686, 13.257839710000004, 37.448702
8.843473, 9.0112635, 9.2719515, 10.407295699999999, 11.504584899999994, 13.276067, 37.448702
8.844095, 9.009172, 9.269161, 10.3690455, 11.452365, 13.339436410000003, 37.448702
8.84345, 9.010251499999999, 9.271254, 10.36554, 11.435311249999993, 13.314542, 37.448702
8.845868, 9.0144795, 9.274098, 10.414091, 11.4819043, 13.341936520000024, 37.448702
8.84383, 9.011575, 9.26774775, 10.364683900000001, 11.435227, 13.314072, 37.448702
8.844285, 9.0101245, 9.270303, 10.401709499999999, 11.482104699999997, 13.418787200000017, 37.448702
8.844595, 9.010464, 9.266439, 10.343612, 11.409255949999988, 13.327841, 37.448702
8.84585875, 9.00998, 9.27314175, 10.405822, 11.49698205, 13.499139, 37.448702
8.843875, 9.009142, 9.268409, 10.388130699999998, 11.464012599999998, 13.33441855000001, 37.448702
8.844285, 9.0100515, 9.269235, 10.3848957, 11.480520399999994, 13.21920205, 37.448702
8.844667, 9.014486, 9.283995, 10.422509, 11.519555, 13.439144, 37.448702
8.845094, 9.0109465, 9.271881, 10.425326, 11.519887499999996, 13.353076, 37.448702
8.866416, 9.004509500000001, 9.176826, 9.4308111, 9.87239, 11.894581, 37.448702
8.863825, 9.003106, 9.17870025, 9.440421, 9.92934, 11.958562, 37.448702
8.868137, 9.003639, 9.180358, 9.459141, 10.003491, 11.938615, 37.448702
8.867466, 9.004065, 9.176161, 9.450501100000004, 9.951734, 11.932545, 37.448702
8.867824, 9.004387, 9.180355, 9.46014, 9.997939, 12.04804866999999, 37.448702
8.868428, 9.0039725, 9.178993, 9.449547, 9.973715, 11.970292, 37.448702
8.865049, 9.003801, 9.179315, 9.455824, 9.969382, 11.958587129999996, 37.448702
8.865751, 9.002618, 9.17932575, 9.462667, 10.004416, 11.961075, 37.448702
8.869155, 9.004535, 9.178965, 9.456761, 9.992619, 12.047984, 37.448702
8.86716575, 9.001638, 9.183177, 9.465453, 10.005128, 11.961075, 37.448702
8.872131, 9.016438, 9.201524000000001, 9.466409, 9.856983699999999, 11.961075, 52.853195
8.87133975, 9.013083, 9.198996, 9.471809200000001, 9.843189, 12.072515, 52.853195
8.87151, 9.014486, 9.197762, 9.4733153, 9.850382, 12.223577699999947, 52.853195
8.871064, 9.013272, 9.196157, 9.4826025, 9.873234, 12.054451, 52.853195
8.87231225, 9.0163185, 9.202919, 9.4765669, 9.848908, 11.961075, 52.853195
8.874167, 9.0168975, 9.202451, 9.4900676, 9.866092199999999, 12.277909739999997, 52.853195
8.871711, 9.016261, 9.202451, 9.4741002, 9.86051, 12.279502019999947, 37.448702
8.872705, 9.014819, 9.197413, 9.474466300000001, 9.892683849999996, 12.277897, 52.853195
8.872125, 9.016039, 9.19769425, 9.476175500000002, 9.842237099999998, 12.054610679999975, 52.853195
8.872375, 9.0182515, 9.20295825, 9.482493, 9.83913, 11.932545, 52.853195
8.871187, 9.014097, 9.197762, 9.463605000000001, 9.81769025, 11.970292, 52.853195
8.8688875, 9.013604, 9.196736, 9.468711800000001, 9.861804, 11.914471219999989, 37.448702
8.872758, 9.016582, 9.201248, 9.471791, 9.859969, 12.223577699999947, 37.448702
8.874038, 9.015796, 9.201051, 9.4764122, 9.86037955, 12.169767, 37.448702
8.87181, 9.013015, 9.196191, 9.461483, 9.81862775, 12.073487519999844, 52.853195
8.870050249999998, 9.015371, 9.198743, 9.471973, 9.858251, 12.34821, 52.853195
8.87246425, 9.014077, 9.1961655, 9.462205, 9.853442, 12.340344309999992, 37.448702
8.872642, 9.016799500000001, 9.203704, 9.48259, 9.873270999999999, 12.340295, 52.853195
8.87181, 9.015656, 9.2030765, 9.480944, 9.862190249999998, 12.315773, 52.853195
8.872884, 9.0154775, 9.201852, 9.4719944, 9.870239, 12.003089, 37.448702
8.873317, 9.0162505, 9.20214425, 9.472611, 9.850837, 11.961167169999985, 37.448702
8.87539, 9.016376, 9.20784675, 9.485316, 9.91072795, 12.34821, 37.448702
8.86867225, 9.0143135, 9.198341, 9.47331, 9.88131525, 12.277909739999997, 37.448702
8.871132, 9.013564, 9.203696, 9.4843913, 9.873234, 12.070419, 52.853195
8.87359675, 9.0145765, 9.1996805, 9.4693969, 9.868958399999999, 12.169767, 37.448702
8.873569, 9.017683, 9.2023805, 9.471973, 9.86030575, 11.961167169999985, 37.448702
8.872375, 9.013282, 9.19703, 9.476728, 9.840425, 11.994778069999994, 37.448702
8.872517, 9.0110535, 9.196566, 9.4719944, 9.905073, 12.34821, 52.853195
8.872705, 9.015224499999999, 9.19742475, 9.464189, 9.813335, 12.047984, 37.448702
8.876388500000001, 9.0261615, 9.221947, 9.505611, 9.821551849999999, 12.454541, 52.853195
8.865205, 9.003401, 9.183131, 9.465836, 9.992345, 12.070419, 113.52191815323246
8.869755, 9.006185, 9.181374250000001, 9.453075, 9.941171549999996, 11.89793043, 37.448702
8.87819225, 9.020762, 9.21049825, 9.477209, 9.8128938, 11.958587130000002, 37.448702
8.87146925, 9.019625999999999, 9.209626, 9.4715855, 9.787059199999998, 12.345498600000006, 52.853195
8.87337475, 9.0206235, 9.212867000000001, 9.4949842, 9.84192555, 11.922215, 52.853195
8.876305, 9.0249175, 9.21631125, 9.4826044, 9.8599695, 12.482822370000004, 35.330604
8.875432, 9.016861, 9.195653, 9.4716179, 9.76471995, 12.054631640000004, 52.853195
8.872705, 9.0233365, 9.21269175, 9.492479500000002, 9.85960325, 12.407323970000004, 52.853195
8.875244, 9.020358000000002, 9.213213, 9.5103259, 9.8508671, 12.34525584, 52.853195
8.883763, 9.042455, 9.235466500000001, 9.502198100000001, 9.768439, 14.670481740000005, 52.853195
8.871119, 9.011834, 9.187704, 9.454415, 10.003491, 12.330462, 99.32041985324929
8.78854875, 9.044508, 10.210172, 11.6175429, 12.404542, 15.02119275, 26.889073
8.785227, 9.039647, 10.191979, 11.636817500000003, 12.503913750000002, 15.464920670000016, 26.889073
8.794337, 9.060719, 10.242462, 11.6701645, 12.502305, 14.945005320000018, 26.889073
8.7694115, 9.0302, 10.177212, 11.617604, 12.4404847, 14.832237540000015, 19.563106
8.7866845, 9.058028, 10.24093625, 11.653620400000001, 12.532012550000001, 15.052070370000049, 19.393533
8.791836, 9.054419, 10.164901, 11.5732188, 12.33530365, 14.741698300000003, 19.563106
8.78167875, 9.051175, 10.24144875, 11.6634417, 12.5546217, 14.938567590000002, 19.393533
8.78703, 9.067699000000001, 10.23364975, 11.721473700000002, 12.573961, 14.873687, 19.563106
8.784492, 9.059052, 10.24144875, 11.568236, 12.383417950000002, 14.804272380000008, 19.563106
8.79471225, 9.060682, 10.236745, 11.643395100000001, 12.4248085, 14.902420310000014, 18.865024
8.79448125, 9.047965, 10.233688, 11.629710000000001, 12.457392500000001, 14.74159666, 19.563106
8.79387925, 9.063717, 10.234414000000001, 11.6545562, 12.451516150000002, 14.902156220000009, 26.889073
8.79855925, 9.092281, 10.29389275, 11.697085600000001, 12.573157, 15.049793, 19.563106
8.788431, 9.05001, 10.196786, 11.608409, 12.323135150000002, 14.804108820000003, 19.563106
8.784188, 9.051175, 10.231293, 11.651476, 12.479442900000002, 14.757332510000007, 26.889073
8.79090375, 9.067979, 10.2183605, 11.6421218, 12.440311, 15.054648080000009, 26.889073
8.781824, 9.049139499999999, 10.19960425, 11.6736765, 12.503249750000002, 15.675683260000001, 19.563106
8.78900425, 9.050398, 10.212492, 11.582272, 12.38552675, 14.938664710000003, 26.889073
8.78467, 9.0504625, 10.28663875, 11.640647, 12.32946965, 14.757073, 19.393533
8.785522, 9.065031999999999, 10.25528425, 11.695670800000002, 12.649062450000002, 15.449580190000002, 26.889073
8.7856865, 9.04866, 10.282496, 11.6738002, 12.577777750000001, 15.02119275, 26.889073
8.78828775, 9.0528645, 10.199523, 11.67544, 12.497634200000006, 14.96492, 26.889073
8.78440075, 9.049919, 10.13840175, 11.6475, 12.518941750000002, 14.815277050000002, 26.889073
8.783368750000001, 9.042334499999999, 10.202046000000001, 11.587911700000003, 12.380667, 14.801520180000006, 18.677002
8.79137325, 9.0514865, 10.213906000000001, 11.632459900000002, 12.451516150000002, 14.757073, 19.563106
8.780028, 9.0478635, 10.17567625, 11.650113300000001, 12.54034565, 15.240095440000006, 26.889073
8.78469725, 9.053068, 10.14264, 11.5401383, 12.314174150000001, 14.632375930000002, 19.393533
8.78430475, 9.058963, 10.210096, 11.6499091, 12.50236405, 14.736624, 26.889073
8.7834085, 9.0499645, 10.1962525, 11.6867389, 12.44997895, 14.953992380000003, 26.889073
8.78162, 9.040356500000001, 10.216468500000001, 11.646260400000001, 12.344137200000004, 14.95430301000001, 26.889073
8.786584, 9.0503055, 10.188561, 11.6320817, 12.4606241, 14.96548207000001, 26.889073
8.788431, 9.053087, 10.333228, 11.6626844, 12.457521400000003, 14.902097390000007, 26.889073
8.783031000000001, 9.060496, 10.195342, 11.634025900000001, 12.460842500000002, 15.02119275, 26.889073
8.7770215, 9.040377, 10.194815, 11.642424600000002, 12.385116, 14.873687, 19.563106
8.78455625, 9.059039, 10.223942, 11.6611445, 12.425693200000003, 15.027967510000005, 19.563106
8.7904295, 9.041079, 10.2128345, 11.634025900000001, 12.389108300000004, 14.801356620000002, 26.889073
8.781005, 9.050377, 10.182640249999999, 11.6170923, 12.512984800000002, 14.96548207000001, 19.393533
8.784391750000001, 9.0497585, 10.197918999999999, 11.5830546, 12.341586, 14.491149110000006, 18.677002
8.786564, 9.050377, 10.224882999999998, 11.6634417, 12.53201085, 15.511645700000006, 26.889073
8.777557, 9.040058, 10.21078275, 11.669898, 12.444344, 14.826060440000024, 19.563106
8.78849425, 9.0640645, 10.2459785, 11.64915, 12.53201085, 15.021127, 18.865024
8.783858, 9.0404245, 10.212684249999999, 11.633891600000004, 12.398521750000004, 14.932686830000002, 19.563106
8.78450475, 9.065779500000001, 10.22807875, 11.672180200000001, 12.513302550000002, 15.049793, 26.889073
8.782513, 9.05295, 10.248715, 11.65258, 12.52358155, 15.0498376, 26.889073
8.7911215, 9.064243999999999, 10.30717875, 11.711135, 12.398149150000002, 15.056444500000048, 26.889073
8.7922875, 9.0695195, 10.285487999999999, 11.722750100000004, 12.6253037, 14.825471030000012, 19.393533
8.7831985, 9.053087, 10.22964425, 11.695283, 12.451222, 14.901789, 19.563106
8.797178, 9.0577405, 10.233637, 11.645967, 12.457105, 14.747668150000017, 19.393533
8.78509025, 9.050433, 10.24225425, 11.640876200000001, 12.471264, 14.902097390000007, 19.563106
8.64657625, 9.1389245, 10.783142250000001, 12.361003, 13.964127, 17.872018, 38.813544
8.640976, 9.122739, 10.77528, 12.4672637, 14.062807599999998, 17.69969264, 34.462112
8.643319, 9.12794, 10.77868775, 12.3454579, 13.974307, 17.631136990000034, 34.462112
8.658511, 9.186329, 10.820100499999999, 12.436074, 14.040849699999987, 17.844781120000004, 38.404747
8.651156499999999, 9.146333, 10.801988999999999, 12.474138, 14.09337, 17.844506, 38.404747
8.64757575, 9.1351495, 10.80201875, 12.534737500000002, 14.078328, 17.644975150000015, 38.404747
8.643625, 9.119585, 10.863069, 12.541176, 14.080905299999987, 17.704431730000017, 38.404747
8.64355675, 9.049845, 10.71571075, 12.3388121, 13.983646, 17.802213, 38.813544
8.649479249999999, 9.142799499999999, 10.78780575, 12.42623, 14.009579149999999, 17.78665535000001, 38.813544
8.6440045, 9.1328155, 10.818482, 12.389659, 14.07062675, 17.644577100000006, 38.813544
8.649687, 9.145086, 10.835209, 12.458521600000001, 14.1631431, 17.629572, 38.813544
8.65008375, 9.143244, 10.84141575, 12.592528, 14.165216549999993, 17.78665535000001, 38.404747
8.645705, 9.1278, 10.7421775, 12.408544000000003, 14.099570599999996, 17.420547210000006, 38.813544
8.652805, 9.141108, 10.7833185, 12.4265521, 13.921871499999995, 17.802213, 34.462112
8.6440815, 9.143499, 10.85965, 12.5100025, 14.133796, 18.188937, 38.813544
8.6496735, 9.1488045, 10.861789, 12.530849500000002, 14.016049449999986, 17.630272330000015, 38.813544
8.646602, 9.1088585, 10.774292, 12.316462000000001, 13.845793, 18.321207, 38.813544
8.6411925, 9.1130815, 10.816554, 12.498776, 14.071007299999994, 18.651415, 38.813544
8.653367, 9.136702, 10.8612985, 12.3563758, 13.925927999999997, 16.894187, 34.408771
8.64345125, 9.107288, 10.799044, 12.3905027, 13.864027449999998, 17.70364571, 38.813544
8.648023, 9.135331, 10.854844, 12.426093, 14.062400199999999, 17.547577, 38.813544
8.640976, 9.085414, 10.75609125, 12.413974300000001, 14.063715799999997, 17.708369, 38.813544
8.650357249999999, 9.142981, 10.829518, 12.391220200000003, 13.854055399999993, 17.703598, 38.813544
8.64953375, 9.143937000000001, 10.78818, 12.533601, 14.099570599999996, 17.703598, 38.813544
8.644595500000001, 9.142811, 10.84476225, 12.481478300000001, 14.181334, 18.32170004000001, 34.462112
8.64698325, 9.128062, 10.812090000000001, 12.462601000000001, 14.062389, 17.813216060000006, 38.404747
8.643279249999999, 9.142239499999999, 10.833083, 12.4075519, 14.066715599999997, 17.936827, 38.813544
8.649299749999999, 9.1678095, 10.813506499999999, 12.480622100000001, 14.070717, 17.92199, 38.813544
8.6496615, 9.166486, 10.83601675, 12.397027200000004, 13.963141849999998, 17.80231987, 38.813544
8.65008375, 9.163095, 10.8535405, 12.492840000000001, 14.190847149999982, 17.92199, 38.813544
8.64293325, 9.129560000000001, 10.816554, 12.4566762, 14.163016, 18.23399394000002, 38.813544
8.659351, 9.160588, 10.865304, 12.4587684, 14.166050849999994, 17.960504, 34.408771
8.640651, 9.09942, 10.82114, 12.327474200000003, 13.926007349999997, 17.78608, 38.813544
8.6519285, 9.1422875, 10.796068, 12.512224300000002, 14.079938, 17.888381480000007, 38.813544
8.646338, 9.1361645, 10.787559, 12.436356, 13.926007349999997, 17.813216060000006, 38.404747
8.647676, 9.159366, 10.83570575, 12.4587684, 14.066505, 17.786071, 38.813544
8.651264, 9.1671375, 10.887848250000001, 12.469538, 14.039873, 17.644383, 38.404747
8.646338, 9.1426225, 10.832974, 12.482777, 14.063013449999994, 17.8129, 34.462112
8.6495745, 9.116301499999999, 10.77138725, 12.276545200000001, 13.883468649999998, 17.872018, 38.813544
8.6455185, 9.1561335, 10.847550250000001, 12.580228500000002, 14.306695499999995, 18.45158, 34.462112
8.653367, 9.141108, 10.823185, 12.4445948, 14.009579149999999, 17.644383, 38.813544
8.639742, 9.0972085, 10.77634775, 12.390644, 13.885818349999996, 17.80231987, 38.813544
8.642968, 9.117321, 10.773425, 12.357675100000003, 13.975332299999986, 17.80231987, 27.927733
8.655849, 9.137459, 10.77695925, 12.4429497, 14.07062675, 17.644577100000006, 34.462112
8.776061250000001, 9.0404245, 10.21811675, 11.5966477, 12.3416319, 14.815277050000002, 26.889073
8.790938, 9.0613715, 10.215814, 11.6610621, 12.378214100000001, 14.996234440000006, 26.889073
8.786584, 9.0700965, 10.283050000000001, 11.694177, 12.52358155, 14.939085720000012, 19.563106
8.7925405, 9.059052999999999, 10.2483505, 11.6613646, 12.53201085, 14.832545930000023, 19.563106
8.78854875, 9.073067, 10.283405, 11.659932, 12.463275450000001, 15.054253, 19.563106
8.776122, 9.034044999999999, 10.18894725, 11.633141, 12.4748339, 14.663923240000019, 19.563106
8.78235, 9.0619655, 10.199523, 11.6175429, 12.42317635, 15.240095440000006, 26.889073
8.646338, 9.1364725, 10.74128825, 12.345194, 13.907612, 17.708369, 38.813544
8.64791425, 9.152653, 10.824965, 12.391700100000005, 13.985217999999977, 17.888042, 38.813544
8.64355675, 9.1377375, 10.792807, 12.413974300000001, 13.886636949999984, 17.483054, 38.813544
8.643484, 9.1026335, 10.792782, 12.407502, 13.991810299999987, 17.483607930000012, 38.813544
8.64953375, 9.137459, 10.815183, 12.3479153, 14.057890799999997, 17.70915502000002, 38.813544
8.646881, 9.142723, 10.79988925, 12.429641, 13.916439, 17.794086040000003, 38.404747
8.647370500000001, 9.111492, 10.8375795, 12.412199400000002, 13.951795, 17.629914210000006, 38.813544
8.649588, 9.13438, 10.81786475, 12.386850800000001, 14.062800649999994, 17.708369, 34.462112
8.643807, 9.133789, 10.784418, 12.420037200000001, 13.921468, 17.802213, 27.927733
8.647119, 9.1630905, 10.811768, 12.4262361, 13.96191804999999, 17.644383, 27.927733
8.652968, 9.15817, 10.817596, 12.480118200000001, 14.124146499999998, 17.664151120000007, 38.813544
8.65238725, 9.118573000000001, 10.74215375, 12.339937100000002, 13.931584749999994, 17.28495662, 38.813544
8.653778, 9.1181595, 10.730098, 12.3332, 13.975135899999987, 17.471135140000015, 38.404747
8.647370500000001, 9.1485455, 10.837196, 12.382671, 13.885000049999999, 17.547577, 38.813544
8.640719, 9.138977, 10.792807, 12.459889800000001, 14.009675749999996, 17.54854506000002, 34.462112
8.646881, 9.118482499999999, 10.79312425, 12.419637, 13.907735299999999, 17.459879510000036, 38.813544
8.647862750000002, 9.171741, 10.811768, 12.568477, 14.1909356, 17.93096042000001, 38.813544
8.647442, 9.160745, 10.85965, 12.462601000000001, 14.034355, 17.483699230000013, 38.404747
8.641551250000001, 9.109048, 10.76975, 12.394576, 13.95715, 17.458465180000005, 38.813544
8.6423845, 9.175305999999999, 10.87179425, 12.530849500000002, 14.201026499999983, 17.813216060000006, 38.813544
8.64345125, 9.1093425, 10.8042355, 12.5575565, 14.059556099999998, 17.930662, 38.813544
8.65238725, 9.17709, 10.85912875, 12.4481449, 13.964127, 17.70458415000002, 38.813544
8.646259, 9.124758499999999, 10.775606750000001, 12.426093, 13.931584749999994, 17.538538300000003, 34.462112
8.64712475, 9.133789, 10.80157675, 12.378146, 13.96309, 17.88846820000001, 34.462112
8.647370500000001, 9.1132055, 10.819754, 12.533601, 14.1262486, 17.844781120000004, 38.404747
8.641977, 9.076262, 10.75407675, 12.429064, 13.957298149999998, 17.443412230000007, 38.813544
8.660027750000001, 9.162216, 10.81620025, 12.526291200000005, 14.009579149999999, 17.664191050000007, 34.462112
8.64623525, 9.170207, 10.86715225, 12.481334, 14.0770436, 18.052882, 38.813544
8.643383, 9.1369675, 10.80133275, 12.3610045, 13.823897, 17.96142778000002, 38.813544
8.639221, 9.065231, 10.697808, 12.3443185, 13.845330949999994, 17.436824, 38.813544
8.645662, 9.1263985, 10.823630000000001, 12.3560267, 13.892181899999986, 17.40155267, 38.404747
8.646602, 9.1286245, 10.816158, 12.4206344, 14.021759099999995, 18.188937, 38.404747
8.643807, 9.136508, 10.78858425, 12.478235900000001, 14.124037, 17.470363, 38.404747
8.78707, 9.054426, 10.282529, 11.670663300000001, 12.51207335, 15.054253, 26.889073
8.7849415, 9.0440595, 10.1830495, 11.609365, 12.362809, 15.049793, 26.889073
8.86881725, 9.006504, 9.18455175, 9.4840041, 9.95983, 11.832284659999997, 35.734803
8.871177750000001, 9.008683000000001, 9.179753, 9.440294, 9.929918249999997, 11.938814469999995, 24.923449
8.86972875, 9.003607, 9.170347, 9.4205707, 9.8498015, 11.726476219999979, 35.487972
8.87184125, 9.0095405, 9.19421825, 9.469285, 10.029733, 12.222369769999998, 29.227148
8.86539475, 9.009820999999999, 9.17903525, 9.4637394, 9.940976799999998, 11.958679299999998, 35.734803
8.86394, 8.99982, 9.16856475, 9.440594, 9.956892199999995, 12.277909739999998, 35.330604
8.865721, 9.000086, 9.178993, 9.460509, 9.930965, 11.913977709999982, 33.51644
8.86913725, 9.0066305, 9.1813675, 9.454555899999999, 9.9982166, 11.970582469999993, 37.448702
8.868058750000001, 9.007152000000001, 9.185232500000001, 9.4622512, 10.019533799999998, 11.625172459999987, 35.330604
8.86439275, 9.001585500000001, 9.17932575, 9.4862814, 10.004487899999999, 12.00816916999999, 37.448702
8.865049, 9.000856, 9.176562, 9.422217700000001, 9.913796399999997, 12.003602619999986, 35.734803
8.85557825, 8.993923500000001, 9.17898575, 9.4388021, 9.913476399999999, 11.725576, 33.51644
8.871758, 9.007402, 9.181903, 9.4456253, 9.985900799999998, 11.961075, 37.448702
8.86391575, 9.0052, 9.189190499999999, 9.471563699999999, 9.953978699999995, 11.970524529999995, 37.448702
8.86880725, 9.007402, 9.189334, 9.4601613, 9.974078599999999, 11.896606799999999, 35.487972
8.8645, 9.0027105, 9.175689, 9.433837, 9.929421249999999, 11.92260359999999, 35.487972
8.86392, 9.004538, 9.191046, 9.427559800000001, 9.891536, 11.922215, 35.734803
8.86479, 9.005703, 9.18492375, 9.443538799999999, 9.904692049999998, 11.714572459999976, 16.928153
8.8674405, 9.0052005, 9.18332825, 9.4432049, 9.962850249999994, 12.055604159999973, 37.448702
8.86252675, 9.0040565, 9.17903225, 9.4316658, 9.9465826, 11.999423279999998, 35.734803
8.8724375, 9.011636, 9.18977175, 9.460099, 10.057531549999998, 12.00816916999999, 35.487972
8.8717335, 9.014077, 9.19216, 9.4778254, 10.0921535, 12.257208, 37.448702
8.8629605, 8.998121999999999, 9.190223, 9.4664234, 10.013892, 12.222361, 24.923449
8.86658325, 9.002514, 9.17608375, 9.449816, 9.94117155, 11.970524529999995, 37.448702
8.864048749999998, 8.9967485, 9.1787915, 9.4557465, 9.9044194, 12.003135779999997, 35.734803
8.86255125, 8.998738, 9.178934, 9.4082843, 9.783635199999997, 11.79564970999999, 35.330604
8.86287675, 9.007979, 9.18610675, 9.4719482, 10.104511749999995, 11.961167169999998, 35.734803
8.873353, 9.004908, 9.178678, 9.454555899999999, 10.014147249999999, 12.003783259999983, 35.487972
8.8706835, 9.0056735, 9.1934205, 9.4771108, 9.9563359, 11.933379139999984, 37.448702
8.868221, 9.003514500000001, 9.17510425, 9.438011399999999, 9.97260825, 12.008414479999985, 35.734803
8.856956, 8.9970625, 9.1692635, 9.419759, 9.860482399999997, 11.580342859999993, 35.330604
8.868397250000001, 9.005264, 9.173815999999999, 9.4339191, 9.953742149999995, 12.223784589999987, 37.448702
8.863868499999999, 9.009043, 9.194436750000001, 9.4498257, 10.030329599999996, 12.223238, 35.330604
8.862580000000001, 9.004354, 9.17384, 9.4632855, 10.065354249999999, 12.223577699999993, 37.448702
8.867167250000001, 9.009820999999999, 9.17297425, 9.420191399999998, 9.91782029999999, 11.958679299999998, 33.51644
8.86318225, 8.994043999999999, 9.158826, 9.4191295, 9.929366, 11.718606899999996, 35.734803
8.86393275, 9.009043, 9.1932835, 9.4520759, 9.99826285, 12.222929099999986, 35.734803
8.86944975, 9.0022515, 9.171487749999999, 9.4308457, 9.916667349999996, 12.340344309999999, 29.227148
8.859976, 8.992252, 9.1650105, 9.416361, 9.930184799999996, 12.312273, 35.330604
8.86249825, 9.002384, 9.188053, 9.4348872, 9.969540399999998, 12.049201829999971, 35.734803
8.868995, 9.005046, 9.19112475, 9.463746, 10.02091364999999, 12.279171, 35.487972
8.86794025, 9.001634, 9.178265499999998, 9.440306699999999, 10.014374349999997, 11.932545, 35.734803
8.8687625, 9.005239, 9.182001750000001, 9.4684348, 9.992619, 11.713672239999998, 37.448702
8.8672015, 9.007875, 9.190939, 9.4782423, 10.061537799999998, 12.34525584, 35.487972
8.863874, 9.008588, 9.189092, 9.467234, 10.061746599999998, 11.961075, 35.487972
8.870050249999998, 9.006952, 9.1875715, 9.438716, 10.0044632, 12.257427629999995, 35.487972
8.870301, 9.005355, 9.178808, 9.47777, 10.071267849999998, 11.922319599999996, 35.487972
8.873969, 9.002518, 9.174917749999999, 9.4122935, 9.897143699999996, 11.96145763999999, 35.734803
8.868058750000001, 9.010703, 9.19734175, 9.485407499999999, 10.024230499999996, 11.961944089999978, 37.448702
8.8694565, 9.010754500000001, 9.186081, 9.44343, 9.97230775, 11.678307, 16.112752
8.86258, 9.000856, 9.18591625, 9.4614292, 9.91097885, 11.875033, 16.295498
8.8639315, 9.004509500000001, 9.17870025, 9.4521272, 9.940976799999998, 12.34525584, 35.734803
8.869538, 9.0075875, 9.181698, 9.4445506, 9.969962249999996, 11.832641199999989, 16.928153
8.86935725, 9.0056735, 9.170435, 9.4625761, 10.042222949999998, 12.383066, 37.448702
8.863783, 9.001172, 9.171114, 9.4339795, 9.956427099999997, 11.810147879999995, 35.734803
8.868799749999999, 9.003106, 9.19189175, 9.4591562, 10.037369, 11.852057529999989, 33.51644
8.873248, 9.0097635, 9.179238250000001, 9.4445625, 10.005778099999997, 12.071412479999976, 35.487972
8.86853, 9.003801, 9.18697175, 9.4574378, 9.981538399999998, 11.851628, 37.448702
8.863903, 9.0002655, 9.16096375, 9.392391, 9.74706555, 11.932545, 35.330604
8.862677, 9.0057665, 9.189190499999999, 9.4622593, 9.973715, 11.922319599999996, 37.448702
8.87158575, 8.999794999999999, 9.187991499999999, 9.4616896, 9.94641365, 11.922215, 37.448702
8.865039, 9.0063525, 9.179298750000001, 9.4591562, 9.915973, 12.169767, 33.51644
8.86549675, 9.005978500000001, 9.185218, 9.440306699999999, 9.928147999999993, 12.222916359999987, 35.734803
8.86676725, 9.00173, 9.183196500000001, 9.4591562, 10.069073, 11.894857339999994, 37.448702
8.861108250000001, 8.996381, 9.182001750000001, 9.440324, 9.905263, 11.993545, 35.330604
8.86570575, 9.000417, 9.1755675, 9.424585, 9.857085899999998, 11.898120379999993, 35.487972
8.8692885, 9.006443, 9.178994, 9.466409, 10.053427649999996, 12.009386999999961, 35.330604
8.864083, 9.0002825, 9.171453999999999, 9.4664234, 10.07358005, 11.89654, 37.448702
8.865049, 9.005314, 9.174627000000001, 9.445279699999999, 9.918332, 11.932546299999998, 35.734803
8.861673, 9.0010035, 9.17872475, 9.4286063, 10.00357285, 11.958562, 35.487972
8.867096, 9.007787, 9.18528075, 9.4740235, 9.921411649999996, 11.938615, 37.448702
8.8707015, 9.01293, 9.185064, 9.430857, 9.896695199999998, 12.328342539999996, 35.734803
8.86662425, 9.003772000000001, 9.179183, 9.4594146, 10.07365615, 12.312307999999998, 35.330604
8.855252, 8.9982385, 9.1734975, 9.4340058, 9.953317199999999, 11.970524529999995, 37.448702
8.85789025, 8.994739, 9.1658325, 9.4338976, 9.885056299999997, 11.913264409999998, 37.448702
8.872584750000001, 9.012261, 9.183196500000001, 9.443095, 10.00696044999999, 11.970292, 37.448702
8.8618245, 9.0032085, 9.173493749999999, 9.445421399999999, 10.014720649999996, 12.170301709999988, 35.487972
8.868778, 9.003108, 9.183729, 9.4575255, 9.913796399999997, 11.993602939999997, 37.448702
8.86378, 9.005561, 9.1781355, 9.434443, 9.933371699999997, 11.903319539999996, 35.734803
8.870337, 9.002033, 9.17731725, 9.4978913, 10.15794115, 12.3281949, 35.734803
8.876834, 9.006952, 9.17990425, 9.4347723, 9.881748149999996, 11.993545, 35.330604
8.864727, 9.0056735, 9.169794, 9.4584682, 10.06491315, 11.999423279999998, 29.227148
8.781596, 9.053068, 10.1578065, 11.5862431, 12.3847474, 14.663923240000019, 19.563106
8.78962275, 9.064587, 10.270339, 11.681206800000002, 12.574148400000002, 14.996234440000006, 18.474331
8.783368750000001, 9.052846500000001, 10.213906000000001, 11.6545562, 12.460371, 14.995983, 26.889073
8.7863695, 9.046871, 10.2099855, 11.6260744, 12.529539, 14.96492, 26.889073
8.785933, 9.0499645, 10.1839485, 11.5822815, 12.3651285, 14.721664, 19.393533
8.79515, 9.056303, 10.315202, 11.736148800000004, 12.62516, 15.279249050000038, 26.889073
8.78904, 9.04832, 10.162719, 11.5323563, 12.381649450000001, 14.64925025000002, 19.563106
8.786515, 9.040499, 10.220908, 11.5455026, 12.343276600000006, 14.801520180000006, 19.563106
8.7956305, 9.0560315, 10.21964075, 11.6943149, 12.420386, 15.0498376, 26.889073
8.78248, 9.058169, 10.24700125, 11.6939268, 12.4764949, 14.901789, 19.563106
8.790539, 9.050942, 10.258168, 11.642424600000002, 12.375398, 14.632479980000003, 18.677002
8.783742, 9.0659235, 10.2315195, 11.6599818, 12.469801, 14.96492, 26.889073
8.7769345, 9.04005, 10.183574, 11.650707800000001, 12.473319000000005, 15.240095440000006, 26.889073
8.779589, 9.050680499999999, 10.2315195, 11.609777900000001, 12.336364800000005, 14.815277050000002, 19.563106
8.78396975, 9.0504625, 10.253915, 11.645967, 12.451222, 14.815255450000002, 18.677002
8.79114075, 9.0674615, 10.2179475, 11.6718925, 12.436289600000002, 14.801433070000003, 18.865024
8.784614, 9.0504555, 10.25475625, 11.587911700000003, 12.38512925, 14.873687, 19.393533
8.790291750000002, 9.0499085, 10.2483505, 11.67544, 12.579485750000002, 14.801356620000002, 26.889073
8.79114075, 9.058028, 10.237786, 11.649158500000002, 12.49655955, 14.825049510000001, 26.889073
8.790397250000002, 9.0504555, 10.22473375, 11.623943100000002, 12.413339700000002, 14.804185270000005, 26.889073
8.783974500000001, 9.044837, 10.14831725, 11.5781393, 12.385381, 15.46395637, 19.563106
8.785803, 9.048156500000001, 10.17774175, 11.646801, 12.491328300000001, 14.804974920000022, 26.889073
8.788141, 9.0456535, 10.18284375, 11.6460504, 12.4748339, 14.825471030000012, 18.677002
8.78503225, 9.046099, 10.172677, 11.574715800000002, 12.420386, 14.783205930000003, 26.889073
8.7943835, 9.053782, 10.223942, 11.7208192, 12.595684550000001, 15.59422012000002, 19.563106
8.778557, 9.045776, 10.187168250000001, 11.6177904, 12.439778, 14.645996, 26.889073
8.791179, 9.072243499999999, 10.238835, 11.617604, 12.425309250000002, 14.932743420000001, 26.889073
8.78878075, 9.053058499999999, 10.2614875, 11.638343, 12.444344, 14.8228456, 26.889073
8.778822, 9.037112, 10.154793, 11.607393, 12.343527650000002, 14.815179, 19.393533
8.795516, 9.050942, 10.237786, 11.636392, 12.385381, 14.902097390000007, 19.393533
8.785696000000002, 9.067802, 10.1833205, 11.615418, 12.4446137, 15.464686040000016, 19.563106
8.789133249999999, 9.0513455, 10.1911465, 11.582078500000001, 12.386758650000006, 14.8228456, 26.889073
8.79070175, 9.060905, 10.265049, 11.623748, 12.33851275, 14.8012448, 26.889073
8.782798, 9.0441615, 10.2007695, 11.629768700000001, 12.388296, 14.995983, 26.889073
8.787180750000001, 9.050148, 10.18473825, 11.605372500000001, 12.383349, 15.240095440000006, 26.889073
8.7918555, 9.069224, 10.26511075, 11.674203, 12.530343, 15.052070370000049, 26.889073
8.777557, 9.046099, 10.210172, 11.663426, 12.53391275, 15.27344427, 26.889073
8.788515, 9.0686715, 10.237005250000001, 11.6704833, 12.4548477, 14.932628, 18.677002
8.7890565, 9.0579565, 10.29733125, 11.688664500000003, 12.595684550000001, 14.965230630000006, 18.677002
8.78832775, 9.050398, 10.21078275, 11.574752600000002, 12.378214100000001, 14.757332510000007, 19.393533
8.783268499999998, 9.0522615, 10.22039275, 11.638546, 12.463318000000001, 14.932743420000001, 26.889073
8.7926295, 9.067979, 10.24808275, 11.695283, 12.52358155, 14.801356620000002, 19.563106
8.78709925, 9.063528, 10.24051975, 11.623748, 12.4248085, 14.83195652000001, 19.563106
8.784519, 9.054161, 10.23445225, 11.687323600000003, 12.529539, 15.464920670000016, 18.347922
8.7942185, 9.063906, 10.2483505, 11.671194999999999, 12.496500500000002, 14.938567590000002, 19.563106
8.79791275, 9.057737, 10.21712925, 11.660647200000001, 12.5304223, 14.996234440000006, 26.889073
8.789633, 9.067917, 10.28810575, 11.609143100000002, 12.38512925, 14.488831520000005, 18.865024
8.8687945, 9.00173, 9.185218, 9.4625761, 10.095906, 11.959054049999988, 35.330604
8.873161, 9.034458, 9.231242, 9.549343400000001, 9.76953925, 14.450396, 52.853195
8.90248, 9.0563, 9.254476, 9.5346389, 9.7576027, 13.803562, 19.645042
8.88317475, 9.0333755, 9.2261645, 9.4882034, 9.7706036, 15.979274919999998, 36.893046
8.8965005, 9.046389999999999, 9.22669775, 9.4717417, 9.71156165, 11.984687639999988, 22.552578
8.897612250000002, 9.044681, 9.22667025, 9.479545400000001, 9.7160244, 15.87359139, 36.893046
8.8786845, 9.023534000000001, 9.22181375, 9.484342999999999, 9.7355836, 15.874808489999998, 52.853195
8.895179500000001, 9.0358315, 9.22630275, 9.4993193, 9.7103584, 13.728709089999999, 36.893046
8.8750895, 9.030795, 9.2223515, 9.5132051, 9.7789139, 14.418908019999996, 32.855096
0, 0, 0, 0, 0, 0, 0
0, 0, 0, 0, 0, 0, 0
0, 0, 0, 0, 0, 0, 0
0, 0, 0, 0, 0, 0, 0
0, 0, 0, 0, 0, 0, 0
0, 0, 0, 0, 0, 0, 0
0, 0, 0, 0, 0, 0, 0
0, 0, 0, 0, 0, 0, 0
0, 0, 0, 0, 0, 0, 0
0, 0, 0, 0, 0, 0, 0
0, 0, 0, 0, 0, 0, 0
0, 0, 0, 0, 0, 0, 0
0, 0, 0, 0, 0, 0, 0
0, 0, 0, 0, 0, 0, 0
0, 0, 0, 0, 0, 0, 0
0, 0, 0, 0, 0, 0, 0
0, 0, 0, 0, 0, 0, 0
0, 0, 0, 0, 0, 0, 0
0, 0, 0, 0, 0, 0, 0
0, 0, 0, 0, 0, 0, 0
0, 0, 0, 0, 0, 0, 0
0, 0, 0, 0, 0, 0, 0
0, 0, 0, 0, 0, 0, 0
0, 0, 0, 0, 0, 0, 0
0, 0, 0, 0, 0, 0, 0
0, 0, 0, 0, 0, 0, 0
0, 0, 0, 0, 0, 0, 0
0, 0, 0, 0, 0, 0, 0
0, 0, 0, 0, 0, 0, 0
0, 0, 0, 0, 0, 0, 0
0, 0, 0, 0, 0, 0, 0
0, 0, 0, 0, 0, 0, 0
0, 0, 0, 0, 0, 0, 0
0, 0, 0, 0, 0, 0, 0
0, 0, 0, 0, 0, 0, 0
0, 0, 0, 0, 0, 0, 0
0, 0, 0, 0, 0, 0, 0
0, 0, 0, 0, 0, 0, 0
0, 0, 0, 0, 0, 0, 0
0, 0, 0, 0, 0, 0, 0
0, 0, 0, 0, 0, 0, 0
0, 0, 0, 0, 0, 0, 0
0, 0, 0, 0, 0, 0, 0
0, 0, 0, 0, 0, 0, 0
0, 0, 0, 0, 0, 0, 0
0, 0, 0, 0, 0, 0, 0
0, 0, 0, 0, 0, 0, 0
0, 0, 0, 0, 0, 0, 0
0, 0, 0, 0, 0, 0, 0
0, 0, 0, 0, 0, 0, 0
0, 0, 0, 0, 0, 0, 0
0, 0, 0, 0, 0, 0, 0
0, 0, 0, 0, 0, 0, 0
0, 0, 0, 0, 0, 0, 0
0, 0, 0, 0, 0, 0, 0
0, 0, 0, 0, 0, 0, 0
0, 0, 0, 0, 0, 0, 0
0, 0, 0, 0, 0, 0, 0
0, 0, 0, 0, 0, 0, 0
0, 0, 0, 0, 0, 0, 0
0, 0, 0, 0, 0, 0, 0
0, 0, 0, 0, 0, 0, 0
0, 0, 0, 0, 0, 0, 0
0, 0, 0, 0, 0, 0, 0
0, 0, 0, 0, 0, 0, 0
0, 0, 0, 0, 0, 0, 0
0, 0, 0, 0, 0, 0, 0
0, 0, 0, 0, 0, 0, 0
0, 0, 0, 0, 0, 0, 0
0, 0, 0, 0, 0, 0, 0
0, 0, 0, 0, 0, 0, 0
0, 0, 0, 0, 0, 0, 0
0, 0, 0, 0, 0, 0, 0
0, 0, 0, 0, 0, 0, 0
0, 0, 0, 0, 0, 0, 0
0, 0, 0, 0, 0, 0, 0
0, 0, 0, 0, 0, 0, 0
0, 0, 0, 0, 0, 0, 0
0, 0, 0, 0, 0, 0, 0
0, 0, 0, 0, 0, 0, 0
0, 0, 0, 0, 0, 0, 0
0, 0, 0, 0, 0, 0, 0
0, 0, 0, 0, 0, 0, 0
0, 0, 0, 0, 0, 0, 0
0, 0, 0, 0, 0, 0, 0
0, 0, 0, 0, 0, 0, 0
0, 0, 0, 0, 0, 0, 0
0, 0, 0, 0, 0, 0, 0
0, 0, 0, 0, 0, 0, 0
0, 0, 0, 0, 0, 0, 0
0, 0, 0, 0, 0, 0, 0
0, 0, 0, 0, 0, 0, 0
0, 0, 0, 0, 0, 0, 0
0, 0, 0, 0, 0, 0, 0
0, 0, 0, 0, 0, 0, 0
0, 0, 0, 0, 0, 0, 0
0, 0, 0, 0, 0, 0, 0
0, 0, 0, 0, 0, 0, 0
0, 0, 0, 0, 0, 0, 0
0, 0, 0, 0, 0, 0, 0
0, 0, 0, 0, 0, 0, 0
0, 0, 0, 0, 0, 0, 0
0, 0, 0, 0, 0, 0, 0
0, 0, 0, 0, 0, 0, 0
0, 0, 0, 0, 0, 0, 0
0, 0, 0, 0, 0, 0, 0
0, 0, 0, 0, 0, 0, 0
0, 0, 0, 0, 0, 0, 0
0, 0, 0, 0, 0, 0, 0
0, 0, 0, 0, 0, 0, 0
0, 0, 0, 0, 0, 0, 0
0, 0, 0, 0, 0, 0, 0
0, 0, 0, 0, 0, 0, 0
0, 0, 0, 0, 0, 0, 0
0, 0, 0, 0, 0, 0, 0
0, 0, 0, 0, 0, 0, 0
0, 0, 0, 0, 0, 0, 0
0, 0, 0, 0, 0, 0, 0
0, 0, 0, 0, 0, 0, 0
0, 0, 0, 0, 0, 0, 0
0, 0, 0, 0, 0, 0, 0
0, 0, 0, 0, 0, 0, 0
0, 0, 0, 0, 0, 0, 0
0, 0, 0, 0, 0, 0, 0
0, 0, 0, 0, 0, 0, 0
0, 0, 0, 0, 0, 0, 0
0, 0, 0, 0, 0, 0, 0
0, 0, 0, 0, 0, 0, 0
0, 0, 0, 0, 0, 0, 0
0, 0, 0, 0, 0, 0, 0
0, 0, 0, 0, 0, 0, 0
0, 0, 0, 0, 0, 0, 0
0, 0, 0, 0, 0, 0, 0
0, 0, 0, 0, 0, 0, 0
0, 0, 0, 0, 0, 0, 0
0, 0, 0, 0, 0, 0, 0
0, 0, 0, 0, 0, 0, 0
0, 0, 0, 0, 0, 0, 0
0, 0, 0, 0, 0, 0, 0
0, 0, 0, 0, 0, 0, 0
0, 0, 0, 0, 0, 0, 0
0, 0, 0, 0, 0, 0, 0
0, 0, 0, 0, 0, 0, 0
0, 0, 0, 0, 0, 0, 0
0, 0, 0, 0, 0, 0, 0
0, 0, 0, 0, 0, 0, 0
0, 0, 0, 0, 0, 0, 0
0, 0, 0, 0, 0, 0, 0
0, 0, 0, 0, 0, 0, 0
0, 0, 0, 0, 0, 0, 0
0, 0, 0, 0, 0, 0, 0
0, 0, 0, 0, 0, 0, 0
0, 0, 0, 0, 0, 0, 0
0, 0, 0, 0, 0, 0, 0
0, 0, 0, 0, 0, 0, 0
0, 0, 0, 0, 0, 0, 0
0, 0, 0, 0, 0, 0, 0
0, 0, 0, 0, 0, 0, 0
0, 0, 0, 0, 0, 0, 0
0, 0, 0, 0, 0, 0, 0
0, 0, 0, 0, 0, 0, 0
0, 0, 0, 0, 0, 0, 0
0, 0, 0, 0, 0, 0, 0
0, 0, 0, 0, 0, 0, 0
0, 0, 0, 0, 0, 0, 0
0, 0, 0, 0, 0, 0, 0
0, 0, 0, 0, 0, 0, 0
0, 0, 0, 0, 0, 0, 0
0, 0, 0, 0, 0, 0, 0
0, 0, 0, 0, 0, 0, 0
0, 0, 0, 0, 0, 0, 0
0, 0, 0, 0, 0, 0, 0
0, 0, 0, 0, 0, 0, 0
0, 0, 0, 0, 0, 0, 0
0, 0, 0, 0, 0, 0, 0
0, 0, 0, 0, 0, 0, 0
0, 0, 0, 0, 0, 0, 0
0, 0, 0, 0, 0, 0, 0
0, 0, 0, 0, 0, 0, 0
0, 0, 0, 0, 0, 0, 0
0, 0, 0, 0, 0, 0, 0
0, 0, 0, 0, 0, 0, 0
0, 0, 0, 0, 0, 0, 0
0, 0, 0, 0, 0, 0, 0
0, 0, 0, 0, 0, 0, 0
0, 0, 0, 0, 0, 0, 0
0, 0, 0, 0, 0, 0, 0
0, 0, 0, 0, 0, 0, 0
0, 0, 0, 0, 0, 0, 0
0, 0, 0, 0, 0, 0, 0
0, 0, 0, 0, 0, 0, 0
0, 0, 0, 0, 0, 0, 0
0, 0, 0, 0, 0, 0, 0
0, 0, 0, 0, 0, 0, 0
0, 0, 0, 0, 0, 0, 0
0, 0, 0, 0, 0, 0, 0
0, 0, 0, 0, 0, 0, 0
0, 0, 0, 0, 0, 0, 0
0, 0, 0, 0, 0, 0, 0
0, 0, 0, 0, 0, 0, 0
0, 0, 0, 0, 0, 0, 0
0, 0, 0, 0, 0, 0, 0
0, 0, 0, 0, 0, 0, 0
0, 0, 0, 0, 0, 0, 0
0, 0, 0, 0, 0, 0, 0
0, 0, 0, 0, 0, 0, 0
0, 0, 0, 0, 0, 0, 0
0, 0, 0, 0, 0, 0, 0
0, 0, 0, 0, 0, 0, 0
0, 0, 0, 0, 0, 0, 0
0, 0, 0, 0, 0, 0, 0
0, 0, 0, 0, 0, 0, 0
0, 0, 0, 0, 0, 0, 0
0, 0, 0, 0, 0, 0, 0
0, 0, 0, 0, 0, 0, 0
0, 0, 0, 0, 0, 0, 0
0, 0, 0, 0, 0, 0, 0
0, 0, 0, 0, 0, 0, 0
0, 0, 0, 0, 0, 0, 0
0, 0, 0, 0, 0, 0, 0
0, 0, 0, 0, 0, 0, 0
0, 0, 0, 0, 0, 0, 0
0, 0, 0, 0, 0, 0, 0
0, 0, 0, 0, 0, 0, 0
0, 0, 0, 0, 0, 0, 0
0, 0, 0, 0, 0, 0, 0
0, 0, 0, 0, 0, 0, 0
0, 0, 0, 0, 0, 0, 0
0, 0, 0, 0, 0, 0, 0
0, 0, 0, 0, 0, 0, 0
0, 0, 0, 0, 0, 0, 0
0, 0, 0, 0, 0, 0, 0
0, 0, 0, 0, 0, 0, 0
0, 0, 0, 0, 0, 0, 0
0, 0, 0, 0, 0, 0, 0
0, 0, 0, 0, 0, 0, 0
0, 0, 0, 0, 0, 0, 0
0, 0, 0, 0, 0, 0, 0
0, 0, 0, 0, 0, 0, 0
0, 0, 0, 0, 0, 0, 0
0, 0, 0, 0, 0, 0, 0
0, 0, 0, 0, 0, 0, 0
0, 0, 0, 0, 0, 0, 0
0, 0, 0, 0, 0, 0, 0
0, 0, 0, 0, 0, 0, 0
0, 0, 0, 0, 0, 0, 0
0, 0, 0, 0, 0, 0, 0
0, 0, 0, 0, 0, 0, 0
0, 0, 0, 0, 0, 0, 0
0, 0, 0, 0, 0, 0, 0
0, 0, 0, 0, 0, 0, 0
0, 0, 0, 0, 0, 0, 0
0, 0, 0, 0, 0, 0, 0
0, 0, 0, 0, 0, 0, 0
0, 0, 0, 0, 0, 0, 0
0, 0, 0, 0, 0, 0, 0
0, 0, 0, 0, 0, 0, 0
0, 0, 0, 0, 0, 0, 0
0, 0, 0, 0, 0, 0, 0
0, 0, 0, 0, 0, 0, 0
0, 0, 0, 0, 0, 0, 0
0, 0, 0, 0, 0, 0, 0
0, 0, 0, 0, 0, 0, 0
0, 0, 0, 0, 0, 0, 0
0, 0, 0, 0, 0, 0, 0
0, 0, 0, 0, 0, 0, 0
0, 0, 0, 0, 0, 0, 0
0, 0, 0, 0, 0, 0, 0
0, 0, 0, 0, 0, 0, 0
0, 0, 0, 0, 0, 0, 0
0, 0, 0, 0, 0, 0, 0
0, 0, 0, 0, 0, 0, 0
0, 0, 0, 0, 0, 0, 0
0, 0, 0, 0, 0, 0, 0
0, 0, 0, 0, 0, 0, 0
0, 0, 0, 0, 0, 0, 0
0, 0, 0, 0, 0, 0, 0
0, 0, 0, 0, 0, 0, 0
0, 0, 0, 0, 0, 0, 0
0, 0, 0, 0, 0, 0, 0
0, 0, 0, 0, 0, 0, 0
0, 0, 0, 0, 0, 0, 0
0, 0, 0, 0, 0, 0, 0
0, 0, 0, 0, 0, 0, 0
0, 0, 0, 0, 0, 0, 0
0, 0, 0, 0, 0, 0, 0
0, 0, 0, 0, 0, 0, 0
0, 0, 0, 0, 0, 0, 0
0, 0, 0, 0, 0, 0, 0
0, 0, 0, 0, 0, 0, 0
0, 0, 0, 0, 0, 0, 0
0, 0, 0, 0, 0, 0, 0
0, 0, 0, 0, 0, 0, 0
0, 0, 0, 0, 0, 0, 0
0, 0, 0, 0, 0, 0, 0
0, 0, 0, 0, 0, 0, 0
0, 0, 0, 0, 0, 0, 0
0, 0, 0, 0, 0, 0, 0
0, 0, 0, 0, 0, 0, 0
0, 0, 0, 0, 0, 0, 0
0, 0, 0, 0, 0, 0, 0
0, 0, 0, 0, 0, 0, 0
0, 0, 0, 0, 0, 0, 0
0, 0, 0, 0, 0, 0, 0
0, 0, 0, 0, 0, 0, 0
0, 0, 0, 0, 0, 0, 0
0, 0, 0, 0, 0, 0, 0
0, 0, 0, 0, 0, 0, 0
0, 0, 0, 0, 0, 0, 0
0, 0, 0, 0, 0, 0, 0
0, 0, 0, 0, 0, 0, 0
0, 0, 0, 0, 0, 0, 0
0, 0, 0, 0, 0, 0, 0
0, 0, 0, 0, 0, 0, 0
0, 0, 0, 0, 0, 0, 0
0, 0, 0, 0, 0, 0, 0
0, 0, 0, 0, 0, 0, 0
0, 0, 0, 0, 0, 0, 0
0, 0, 0, 0, 0, 0, 0
0, 0, 0, 0, 0, 0, 0
0, 0, 0, 0, 0, 0, 0
0, 0, 0, 0, 0, 0, 0
0, 0, 0, 0, 0, 0, 0
0, 0, 0, 0, 0, 0, 0
0, 0, 0, 0, 0, 0, 0
0, 0, 0, 0, 0, 0, 0
0, 0, 0, 0, 0, 0, 0
0, 0, 0, 0, 0, 0, 0
0, 0, 0, 0, 0, 0, 0
0, 0, 0, 0, 0, 0, 0
0, 0, 0, 0, 0, 0, 0
0, 0, 0, 0, 0, 0, 0
0, 0, 0, 0, 0, 0, 0
0, 0, 0, 0, 0, 0, 0
0, 0, 0, 0, 0, 0, 0
0, 0, 0, 0, 0, 0, 0
0, 0, 0, 0, 0, 0, 0
0, 0, 0, 0, 0, 0, 0
0, 0, 0, 0, 0, 0, 0
0, 0, 0, 0, 0, 0, 0
0, 0, 0, 0, 0, 0, 0
0, 0, 0, 0, 0, 0, 0
0, 0, 0, 0, 0, 0, 0
0, 0, 0, 0, 0, 0, 0
0, 0, 0, 0, 0, 0, 0
0, 0, 0, 0, 0, 0, 0
0, 0, 0, 0, 0, 0, 0
0, 0, 0, 0, 0, 0, 0
0, 0, 0, 0, 0, 0, 0
0, 0, 0, 0, 0, 0, 0
0, 0, 0, 0, 0, 0, 0
0, 0, 0, 0, 0, 0, 0
0, 0, 0, 0, 0, 0, 0
0, 0, 0, 0, 0, 0, 0
0, 0, 0, 0, 0, 0, 0
0, 0, 0, 0, 0, 0, 0
0, 0, 0, 0, 0, 0, 0
0, 0, 0, 0, 0, 0, 0
0, 0, 0, 0, 0, 0, 0
0, 0, 0, 0, 0, 0, 0
0, 0, 0, 0, 0, 0, 0
0, 0, 0, 0, 0, 0, 0
0, 0, 0, 0, 0, 0, 0
0, 0, 0, 0, 0, 0, 0
0, 0, 0, 0, 0, 0, 0
0, 0, 0, 0, 0, 0, 0
0, 0, 0, 0, 0, 0, 0
0, 0, 0, 0, 0, 0, 0
0, 0, 0, 0, 0, 0, 0
0, 0, 0, 0, 0, 0, 0
0, 0, 0, 0, 0, 0, 0
0, 0, 0, 0, 0, 0, 0
0, 0, 0, 0, 0, 0, 0
0, 0, 0, 0, 0, 0, 0
0, 0, 0, 0, 0, 0, 0
0, 0, 0, 0, 0, 0, 0
0, 0, 0, 0, 0, 0, 0
0, 0, 0, 0, 0, 0, 0
0, 0, 0, 0, 0, 0, 0
0, 0, 0, 0, 0, 0, 0
0, 0, 0, 0, 0, 0, 0
0, 0, 0, 0, 0, 0, 0
0, 0, 0, 0, 0, 0, 0
0, 0, 0, 0, 0, 0, 0
0, 0, 0, 0, 0, 0, 0
0, 0, 0, 0, 0, 0, 0
0, 0, 0, 0, 0, 0, 0
0, 0, 0, 0, 0, 0, 0
0, 0, 0, 0, 0, 0, 0
0, 0, 0, 0, 0, 0, 0
0, 0, 0, 0, 0, 0, 0
0, 0, 0, 0, 0, 0, 0
0, 0, 0, 0, 0, 0, 0
0, 0, 0, 0, 0, 0, 0
0, 0, 0, 0, 0, 0, 0
0, 0, 0, 0, 0, 0, 0
0, 0, 0, 0, 0, 0, 0
0, 0, 0, 0, 0, 0, 0
0, 0, 0, 0, 0, 0, 0
0, 0, 0, 0, 0, 0, 0
0, 0, 0, 0, 0, 0, 0
0, 0, 0, 0, 0, 0, 0
0, 0, 0, 0, 0, 0, 0
0, 0, 0, 0, 0, 0, 0
0, 0, 0, 0, 0, 0, 0
0, 0, 0, 0, 0, 0, 0
0, 0, 0, 0, 0, 0, 0
0, 0, 0, 0, 0, 0, 0
0, 0, 0, 0, 0, 0, 0
0, 0, 0, 0, 0, 0, 0
0, 0, 0, 0, 0, 0, 0
0, 0, 0, 0, 0, 0, 0
0, 0, 0, 0, 0, 0, 0
0, 0, 0, 0, 0, 0, 0
0, 0, 0, 0, 0, 0, 0
0, 0, 0, 0, 0, 0, 0
0, 0, 0, 0, 0, 0, 0
0, 0, 0, 0, 0, 0, 0
0, 0, 0, 0, 0, 0, 0
0, 0, 0, 0, 0, 0, 0
0, 0, 0, 0, 0, 0, 0
0, 0, 0, 0, 0, 0, 0
0, 0, 0, 0, 0, 0, 0
0, 0, 0, 0, 0, 0, 0
0, 0, 0, 0, 0, 0, 0
0, 0, 0, 0, 0, 0, 0
0, 0, 0, 0, 0, 0, 0
0, 0, 0, 0, 0, 0, 0
0, 0, 0, 0, 0, 0, 0
0, 0, 0, 0, 0, 0, 0
0, 0, 0, 0, 0, 0, 0
0, 0, 0, 0, 0, 0, 0
0, 0, 0, 0, 0, 0, 0
0, 0, 0, 0, 0, 0, 0
0, 0, 0, 0, 0, 0, 0
0, 0, 0, 0, 0, 0, 0
0, 0, 0, 0, 0, 0, 0
0, 0, 0, 0, 0, 0, 0
0, 0, 0, 0, 0, 0, 0
0, 0, 0, 0, 0, 0, 0
0, 0, 0, 0, 0, 0, 0
0, 0, 0, 0, 0, 0, 0
0, 0, 0, 0, 0, 0, 0
0, 0, 0, 0, 0, 0, 0
0, 0, 0, 0, 0, 0, 0
0, 0, 0, 0, 0, 0, 0
0, 0, 0, 0, 0, 0, 0
0, 0, 0, 0, 0, 0, 0
0, 0, 0, 0, 0, 0, 0
0, 0, 0, 0, 0, 0, 0
0, 0, 0, 0, 0, 0, 0
0, 0, 0, 0, 0, 0, 0
0, 0, 0, 0, 0, 0, 0
0, 0, 0, 0, 0, 0, 0
0, 0, 0, 0, 0, 0, 0
0, 0, 0, 0, 0, 0, 0
0, 0, 0, 0, 0, 0, 0
0, 0, 0, 0, 0, 0, 0
0, 0, 0, 0, 0, 0, 0
0, 0, 0, 0, 0, 0, 0
0, 0, 0, 0, 0, 0, 0
0, 0, 0, 0, 0, 0, 0
0, 0, 0, 0, 0, 0, 0
0, 0, 0, 0, 0, 0, 0
0, 0, 0, 0, 0, 0, 0
0, 0, 0, 0, 0, 0, 0
0, 0, 0, 0, 0, 0, 0
0, 0, 0, 0, 0, 0, 0
0, 0, 0, 0, 0, 0, 0
0, 0, 0, 0, 0, 0, 0
0, 0, 0, 0, 0, 0, 0
0, 0, 0, 0, 0, 0, 0
0, 0, 0, 0, 0, 0, 0
0, 0, 0, 0, 0, 0, 0
0, 0, 0, 0, 0, 0, 0
0, 0, 0, 0, 0, 0, 0
0, 0, 0, 0, 0, 0, 0
0, 0, 0, 0, 0, 0, 0
0, 0, 0, 0, 0, 0, 0
0, 0, 0, 0, 0, 0, 0
0, 0, 0, 0, 0, 0, 0
0, 0, 0, 0, 0, 0, 0
0, 0, 0, 0, 0, 0, 0
0, 0, 0, 0, 0, 0, 0
0, 0, 0, 0, 0, 0, 0
0, 0, 0, 0, 0, 0, 0
0, 0, 0, 0, 0, 0, 0
0, 0, 0, 0, 0, 0, 0
0, 0, 0, 0, 0, 0, 0
0, 0, 0, 0, 0, 0, 0
0, 0, 0, 0, 0, 0, 0
0, 0, 0, 0, 0, 0, 0
0, 0, 0, 0, 0, 0, 0
0, 0, 0, 0, 0, 0, 0
0, 0, 0, 0, 0, 0, 0
0, 0, 0, 0, 0, 0, 0
0, 0, 0, 0, 0, 0, 0
0, 0, 0, 0, 0, 0, 0
0, 0, 0, 0, 0, 0, 0
0, 0, 0, 0, 0, 0, 0
0, 0, 0, 0, 0, 0, 0
0, 0, 0, 0, 0, 0, 0
0, 0, 0, 0, 0, 0, 0
0, 0, 0, 0, 0, 0, 0
0, 0, 0, 0, 0, 0, 0
0, 0, 0, 0, 0, 0, 0
0, 0, 0, 0, 0, 0, 0
0, 0, 0, 0, 0, 0, 0
0, 0, 0, 0, 0, 0, 0
0, 0, 0, 0, 0, 0, 0
0, 0, 0, 0, 0, 0, 0
0, 0, 0, 0, 0, 0, 0
0, 0, 0, 0, 0, 0, 0
0, 0, 0, 0, 0, 0, 0
0, 0, 0, 0, 0, 0, 0
0, 0, 0, 0, 0, 0, 0
0, 0, 0, 0, 0, 0, 0
0, 0, 0, 0, 0, 0, 0
0, 0, 0, 0, 0, 0, 0
0, 0, 0, 0, 0, 0, 0
0, 0, 0, 0, 0, 0, 0
0, 0, 0, 0, 0, 0, 0
0, 0, 0, 0, 0, 0, 0
0, 0, 0, 0, 0, 0, 0
0, 0, 0, 0, 0, 0, 0
0, 0, 0, 0, 0, 0, 0
0, 0, 0, 0, 0, 0, 0
0, 0, 0, 0, 0, 0, 0
0, 0, 0, 0, 0, 0, 0
0, 0, 0, 0, 0, 0, 0
0, 0, 0, 0, 0, 0, 0
0, 0, 0, 0, 0, 0, 0
0, 0, 0, 0, 0, 0, 0
0, 0, 0, 0, 0, 0, 0
0, 0, 0, 0, 0, 0, 0
0, 0, 0, 0, 0, 0, 0
0, 0, 0, 0, 0, 0, 0
0, 0, 0, 0, 0, 0, 0
0, 0, 0, 0, 0, 0, 0
0, 0, 0, 0, 0, 0, 0
0, 0, 0, 0, 0, 0, 0
0, 0, 0, 0, 0, 0, 0
0, 0, 0, 0, 0, 0, 0
0, 0, 0, 0, 0, 0, 0
0, 0, 0, 0, 0, 0, 0
0, 0, 0, 0, 0, 0, 0
0, 0, 0, 0, 0, 0, 0
0, 0, 0, 0, 0, 0, 0
0, 0, 0, 0, 0, 0, 0
0, 0, 0, 0, 0, 0, 0
0, 0, 0, 0, 0, 0, 0
0, 0, 0, 0, 0, 0, 0
0, 0, 0, 0, 0, 0, 0
0, 0, 0, 0, 0, 0, 0
0, 0, 0, 0, 0, 0, 0
0, 0, 0, 0, 0, 0, 0
0, 0, 0, 0, 0, 0, 0
0, 0, 0, 0, 0, 0, 0
0, 0, 0, 0, 0, 0, 0
0, 0, 0, 0, 0, 0, 0
0, 0, 0, 0, 0, 0, 0
0, 0, 0, 0, 0, 0, 0
0, 0, 0, 0, 0, 0, 0
0, 0, 0, 0, 0, 0, 0
0, 0, 0, 0, 0, 0, 0
0, 0, 0, 0, 0, 0, 0
0, 0, 0, 0, 0, 0, 0
0, 0, 0, 0, 0, 0, 0
0, 0, 0, 0, 0, 0, 0
0, 0, 0, 0, 0, 0, 0
0, 0, 0, 0, 0, 0, 0
0, 0, 0, 0, 0, 0, 0
0, 0, 0, 0, 0, 0, 0
0, 0, 0, 0, 0, 0, 0
0, 0, 0, 0, 0, 0, 0
0, 0, 0, 0, 0, 0, 0
0, 0, 0, 0, 0, 0, 0
0, 0, 0, 0, 0, 0, 0
0, 0, 0, 0, 0, 0, 0
0, 0, 0, 0, 0, 0, 0
0, 0, 0, 0, 0, 0, 0
0, 0, 0, 0, 0, 0, 0
0, 0, 0, 0, 0, 0, 0
0, 0, 0, 0, 0, 0, 0
0, 0, 0, 0, 0, 0, 0
0, 0, 0, 0, 0, 0, 0
0, 0, 0, 0, 0, 0, 0
0, 0, 0, 0, 0, 0, 0
0, 0, 0, 0, 0, 0, 0
0, 0, 0, 0, 0, 0, 0
0, 0, 0, 0, 0, 0, 0
0, 0, 0, 0, 0, 0, 0
0, 0, 0, 0, 0, 0, 0
0, 0, 0, 0, 0, 0, 0
0, 0, 0, 0, 0, 0, 0
0, 0, 0, 0, 0, 0, 0
0, 0, 0, 0, 0, 0, 0
0, 0, 0, 0, 0, 0, 0
0, 0, 0, 0, 0, 0, 0
0, 0, 0, 0, 0, 0, 0
0, 0, 0, 0, 0, 0, 0
0, 0, 0, 0, 0, 0, 0
0, 0, 0, 0, 0, 0, 0
0, 0, 0, 0, 0, 0, 0
0, 0, 0, 0, 0, 0, 0
0, 0, 0, 0, 0, 0, 0
0, 0, 0, 0, 0, 0, 0
0, 0, 0, 0, 0, 0, 0
0, 0, 0, 0, 0, 0, 0
0, 0, 0, 0, 0, 0, 0
0, 0, 0, 0, 0, 0, 0
0, 0, 0, 0, 0, 0, 0
0, 0, 0, 0, 0, 0, 0
0, 0, 0, 0, 0, 0, 0
0, 0, 0, 0, 0, 0, 0
0, 0, 0, 0, 0, 0, 0
0, 0, 0, 0, 0, 0, 0
0, 0, 0, 0, 0, 0, 0
0, 0, 0, 0, 0, 0, 0
0, 0, 0, 0, 0, 0, 0
0, 0, 0, 0, 0, 0, 0
0, 0, 0, 0, 0, 0, 0
0, 0, 0, 0, 0, 0, 0
0, 0, 0, 0, 0, 0, 0
0, 0, 0, 0, 0, 0, 0
0, 0, 0, 0, 0, 0, 0
0, 0, 0, 0, 0, 0, 0
0, 0, 0, 0, 0, 0, 0
0, 0, 0, 0, 0, 0, 0
0, 0, 0, 0, 0, 0, 0
0, 0, 0, 0, 0, 0, 0
0, 0, 0, 0, 0, 0, 0
0, 0, 0, 0, 0, 0, 0
0, 0, 0, 0, 0, 0, 0
0, 0, 0, 0, 0, 0, 0
0, 0, 0, 0, 0, 0, 0
0, 0, 0, 0, 0, 0, 0
0, 0, 0, 0, 0, 0, 0
0, 0, 0, 0, 0, 0, 0
0, 0, 0, 0, 0, 0, 0
0, 0, 0, 0, 0, 0, 0
0, 0, 0, 0, 0, 0, 0
0, 0, 0, 0, 0, 0, 0
0, 0, 0, 0, 0, 0, 0
0, 0, 0, 0, 0, 0, 0
0, 0, 0, 0, 0, 0, 0
0, 0, 0, 0, 0, 0, 0
0, 0, 0, 0, 0, 0, 0
0, 0, 0, 0, 0, 0, 0
0, 0, 0, 0, 0, 0, 0
0, 0, 0, 0, 0, 0, 0
0, 0, 0, 0, 0, 0, 0
0, 0, 0, 0, 0, 0, 0
0, 0, 0, 0, 0, 0, 0
0, 0, 0, 0, 0, 0, 0
0, 0, 0, 0, 0, 0, 0
0, 0, 0, 0, 0, 0, 0
0, 0, 0, 0, 0, 0, 0
0, 0, 0, 0, 0, 0, 0
0, 0, 0, 0, 0, 0, 0
0, 0, 0, 0, 0, 0, 0
0, 0, 0, 0, 0, 0, 0
0, 0, 0, 0, 0, 0, 0
0, 0, 0, 0, 0, 0, 0
0, 0, 0, 0, 0, 0, 0
0, 0, 0, 0, 0, 0, 0
0, 0, 0, 0, 0, 0, 0
0, 0, 0, 0, 0, 0, 0
0, 0, 0, 0, 0, 0, 0
0, 0, 0, 0, 0, 0, 0
0, 0, 0, 0, 0, 0, 0
0, 0, 0, 0, 0, 0, 0
0, 0, 0, 0, 0, 0, 0
0, 0, 0, 0, 0, 0, 0
0, 0, 0, 0, 0, 0, 0
0, 0, 0, 0, 0, 0, 0
0, 0, 0, 0, 0, 0, 0
0, 0, 0, 0, 0, 0, 0
0, 0, 0, 0, 0, 0, 0
0, 0, 0, 0, 0, 0, 0
0, 0, 0, 0, 0, 0, 0
0, 0, 0, 0, 0, 0, 0
0, 0, 0, 0, 0, 0, 0
0, 0, 0, 0, 0, 0, 0
0, 0, 0, 0, 0, 0, 0
0, 0, 0, 0, 0, 0, 0
0, 0, 0, 0, 0, 0, 0
0, 0, 0, 0, 0, 0, 0
0, 0, 0, 0, 0, 0, 0
0, 0, 0, 0, 0, 0, 0
0, 0, 0, 0, 0, 0, 0
0, 0, 0, 0, 0, 0, 0
0, 0, 0, 0, 0, 0, 0
0, 0, 0, 0, 0, 0, 0
0, 0, 0, 0, 0, 0, 0
0, 0, 0, 0, 0, 0, 0
0, 0, 0, 0, 0, 0, 0
0, 0, 0, 0, 0, 0, 0
0, 0, 0, 0, 0, 0, 0
0, 0, 0, 0, 0, 0, 0
0, 0, 0, 0, 0, 0, 0
0, 0, 0, 0, 0, 0, 0
0, 0, 0, 0, 0, 0, 0
0, 0, 0, 0, 0, 0, 0
0, 0, 0, 0, 0, 0, 0
0, 0, 0, 0, 0, 0, 0
0, 0, 0, 0, 0, 0, 0
0, 0, 0, 0, 0, 0, 0
0, 0, 0, 0, 0, 0, 0
0, 0, 0, 0, 0, 0, 0
0, 0, 0, 0, 0, 0, 0
0, 0, 0, 0, 0, 0, 0
0, 0, 0, 0, 0, 0, 0
0, 0, 0, 0, 0, 0, 0
0, 0, 0, 0, 0, 0, 0
0, 0, 0, 0, 0, 0, 0
0, 0, 0, 0, 0, 0, 0
0, 0, 0, 0, 0, 0, 0
0, 0, 0, 0, 0, 0, 0
8.88998275, 9.0414485, 9.2383335, 9.487310700000002, 9.6980285, 13.618961919999998, 32.855096
8.89330325, 9.052094, 9.2429355, 9.5265198, 9.8234863, 15.266299859999997, 32.855096
8.88439725, 9.045159, 9.237715, 9.4600115, 9.675586749999999, 13.48606768, 23.303856
8.8895115, 9.03275, 9.24551125, 9.542344400000001, 9.757964249999999, 16.05074345, 52.853195
8.88963275, 9.050381999999999, 9.240978, 9.5251737, 9.76401005, 10.63994178, 20.217992
8.893965000000001, 9.040089, 9.235971, 9.531765700000001, 9.79911965, 13.809690069999993, 20.217992
8.88686, 9.035315, 9.218131, 9.4778816, 9.77404285, 15.263228, 23.303856
8.88810475, 9.0336985, 9.24000375, 9.4978626, 9.746099949999998, 15.271182799999993, 24.370709
8.8706835, 9.005141, 9.184955500000001, 9.451816, 10.041665, 11.999339, 35.734803
8.862478, 9.000121, 9.187971, 9.4613561, 10.004914499999996, 12.222916359999987, 37.448702
8.865205, 9.009417500000001, 9.180812750000001, 9.4726862, 10.003491, 12.223784589999987, 35.487972
8.869554, 9.007208, 9.17915, 9.4605923, 9.992015, 12.312307999999998, 37.448702
8.8708155, 9.00634, 9.17960725, 9.4306268, 9.965660199999999, 11.89486393, 14.370167
8.86556875, 9.004509500000001, 9.191492, 9.4591847, 9.861205749999996, 11.87444791, 37.448702
8.864466499999999, 8.998629000000001, 9.172676, 9.4400367, 9.819685849999999, 12.071947189999964, 35.734803
8.86556875, 8.9975535, 9.16609875, 9.434443, 9.90801325, 11.678307, 15.286468
8.87036, 9.002301, 9.17653875, 9.4199547, 9.818759599999998, 11.780696479999984, 35.330604
8.79096375, 9.073391, 10.296126, 11.660891, 12.49655955, 14.944377500000003, 19.563106
8.790401750000001, 9.050426, 10.19544825, 11.5683518, 12.397729550000001, 14.54376458000001, 26.889073
8.7769345, 9.034135, 10.07553, 11.5736309, 12.421232650000002, 14.902097390000007, 26.889073
8.649479249999999, 9.103426, 10.73564275, 12.4075519, 13.960113, 17.37773514000001, 38.813544
8.64921075, 9.128411, 10.783142250000001, 12.453529, 14.057811, 17.629720110000004, 38.813544
8.646164, 9.135712, 10.817235, 12.474138, 14.134706549999986, 17.844506, 38.813544
8.63655, 9.1286245, 10.77530825, 12.4297544, 13.968153399999988, 17.708369, 38.813544
8.646301, 9.126235, 10.770419, 12.411578800000001, 13.99554189999999, 18.493839610000023, 34.462112
8.6430295, 9.11539, 10.7914005, 12.357209500000002, 13.885000049999999, 17.844781120000004, 38.813544
8.649785999999999, 9.129088, 10.789698999999999, 12.426273, 13.991810299999987, 17.437039210000005, 38.813544
8.65634, 9.1377375, 10.78780575, 12.368987400000005, 14.027404, 17.793896, 38.813544
8.66289225, 9.1600555, 10.801449, 12.459643, 14.02802744999999, 17.813651420000017, 38.813544
8.63945575, 9.082339999999999, 10.7784, 12.4361022, 14.062613, 17.787123420000004, 27.927733
8.643375500000001, 9.12931, 10.758951, 12.4238844, 13.907735299999999, 17.458345, 38.404747
8.655285, 9.157266, 10.841002, 12.4566762, 14.08070574999999, 17.611796, 38.813544
8.647008, 9.111492, 10.801449, 12.45322, 14.09337, 18.052882, 38.404747
8.65773775, 9.1567255, 10.801449, 12.4262361, 14.070622, 17.813216060000006, 38.813544
8.646902, 9.117625499999999, 10.766275, 12.3544498, 13.974773949999992, 17.420484050000002, 34.462112
8.643998, 9.1181595, 10.788584, 12.4361022, 14.06189, 17.931884200000027, 38.404747
8.6474265, 9.1423, 10.7947655, 12.4265152, 13.940439999999999, 17.61271402000002, 38.813544
8.648044, 9.137233, 10.830666, 12.501195900000004, 14.021462, 17.888042, 38.404747
8.641872500000002, 9.101549, 10.76511225, 12.391220200000003, 13.892181899999986, 17.54854506000002, 38.813544
8.649671, 9.1046215, 10.797017, 12.4672637, 14.07908009999999, 18.212163610000005, 27.927733
8.643581, 9.118738, 10.80231025, 12.4429508, 14.106045, 17.936827, 38.404747
8.643581, 9.110721, 10.807386, 12.3447827, 13.8449437, 17.703598, 38.404747
8.647925, 9.146244, 10.819754, 12.474779400000001, 13.963141849999998, 17.458345, 38.813544
8.651264, 9.1556125, 10.79577675, 12.424355, 14.077124099999997, 18.767144, 38.404747
8.6559285, 9.163962, 10.87562, 12.592029300000002, 14.070717, 17.483699230000013, 38.404747
8.650369999999999, 9.12794, 10.836591, 12.4238844, 13.917093949999991, 17.888042, 38.813544
8.649479249999999, 9.1177425, 10.8125405, 12.539701, 14.062389, 17.96142778000002, 38.404747
8.66617575, 9.1921645, 10.871551, 12.480622100000001, 14.01386649999999, 17.664151120000007, 38.404747
8.6473015, 9.128324, 10.78771425, 12.390644, 13.879439, 17.704431730000017, 38.813544
8.6430295, 9.12592, 10.850527, 12.4477016, 14.062400199999999, 17.930723650000004, 38.813544
8.64633225, 9.1388105, 10.79259025, 12.448787, 14.063569, 17.612121870000006, 38.813544
8.649588, 9.1131685, 10.8472355, 12.4742065, 14.106045, 17.483607930000012, 38.404747
8.642650750000001, 9.109082, 10.733529, 12.354404, 13.925738, 17.813216060000006, 38.404747
8.64269125, 9.119783, 10.837687, 12.530849500000002, 14.193592649999985, 17.936827, 38.813544
8.783858, 9.0390715, 10.220221, 11.608487300000002, 12.46987415, 15.27753, 26.889073
8.7797165, 9.0419925, 10.23324925, 11.673618, 12.4404847, 14.8228456, 19.393533
8.797920750000001, 9.073888499999999, 10.2776875, 11.608003100000003, 12.424741, 14.815255450000002, 19.393533
8.8704495, 9.003191, 9.189754, 9.448525, 9.86030575, 11.932958999999993, 35.734803
8.86192025, 8.9972085, 9.17735475, 9.4594936, 9.992884999999998, 11.961399699999992, 35.487972
8.866735, 9.000985, 9.187991499999999, 9.4743177, 10.037369, 11.970582469999993, 35.734803
8.86570575, 9.00182, 9.17651925, 9.4622512, 9.969460699999999, 11.795355169999997, 35.487972
8.855603, 8.995728, 9.16421325, 9.42016, 9.77103635, 11.875231139999995, 35.330604
8.872327499999999, 9.010663000000001, 9.17632725, 9.453075, 10.0044173, 11.810957489999975, 37.448702
8.867979, 9.005718, 9.191837, 9.478324, 9.973201449999996, 12.382309469999997, 35.487972
8.870982, 9.0049875, 9.18187775, 9.4602233, 10.0137305, 11.961167169999998, 35.487972
8.86837775, 9.002692, 9.17380925, 9.4390328, 9.83911495, 11.922319599999996, 35.487972
8.8639235, 9.0035085, 9.17349475, 9.423044, 9.8508372, 11.932734399999998, 35.330604
8.8629475, 9.0017225, 9.17088625, 9.4305888, 9.951734, 11.8948773, 37.448702
8.888769250000001, 9.0432005, 9.2539865, 9.538810300000002, 9.825970550000001, 16.26121194, 24.370709
8.885693, 9.0327225, 9.2374285, 9.523152, 9.757248950000001, 14.605914929999999, 21.371576
8.88998275, 9.0390655, 9.236806999999999, 9.5104968, 9.74936655, 13.734591939999993, 22.552578
8.88368275, 9.0413075, 9.23718, 9.506516300000001, 9.782297250000001, 16.05124169, 36.893046
8.87910525, 9.02945, 9.235971, 9.4969557, 9.807827999999999, 17.247668, 23.303856
8.879978000000001, 9.0310165, 9.221808750000001, 9.509582400000001, 9.75618025, 14.67048174, 32.855096
8.863623, 8.9982385, 9.1673125, 9.4720368, 9.9812166, 12.070419, 37.448702
8.794863, 9.062947999999999, 10.21853, 11.653620400000001, 12.426775350000002, 14.873968020000007, 26.889073
8.791438, 9.053087, 10.2392255, 11.654684, 12.42324385, 14.965768730000018, 19.563106
8.648044, 9.149530500000001, 10.8426225, 12.4367017, 14.013154, 17.538447, 38.813544
8.6455185, 9.1375115, 10.76841475, 12.3305912, 13.867941249999982, 17.420484050000002, 38.813544
9.099065, 11.178128, 14.030796, 17.2995723, 19.653882, 25.607038, 44.22794
9.114482, 11.227269, 14.093976, 17.4483959, 20.17477339999999, 26.49165766, 44.22794
9.15130375, 11.326986000000002, 14.075138, 17.523028500000006, 19.905304549999993, 25.46558043000002, 44.22794
11.03345225, 14.195160000000001, 18.4607055, 23.460451400000014, 26.768682, 34.26648241000001, 56.221419
11.060971, 14.179305, 18.479397, 23.597502, 27.045337299999996, 34.280977, 56.221419
11.069222, 14.213768, 18.59640025, 23.6366872, 26.924766049999995, 33.69273085000005, 56.221419
8.648492, 9.1462885, 10.83277, 12.453529, 14.039873, 17.699605, 117.58974480889397
8.647641, 9.118573000000001, 10.761857, 12.397027200000014, 13.967338, 17.8129, 38.813544
8.649318, 9.1343905, 10.80152075, 12.429064, 14.07062675, 17.611796, 38.813544
8.649238, 9.119783, 10.813056, 12.456485, 14.06229875, 17.802213, 38.813544
8.647031, 9.135712, 10.799044, 12.423639, 14.034355, 17.786071, 38.813544
8.645088, 9.128324, 10.803367999999999, 12.448787, 14.062613, 17.793979169999986, 38.813544
8.645996, 9.113959, 10.794662, 12.4361022, 14.063715799999997, 17.786971, 38.813544
14.395826, 19.126209, 24.889628, 31.80781070000002, 36.208082, 46.97670966999999, 116.71473964514281
14.336112, 18.961867, 24.756404, 31.727268, 36.290075, 46.96959511, 73.564487
8.77856725, 9.950419, 12.259193, 15.422191, 17.737126, 23.507924, 116.97291363887354
8.7906235, 9.057737, 10.236745, 11.648620800000005, 12.424741, 14.901789, 107.76257922087842
8.78707, 9.052887, 10.223651, 11.648901, 12.451222, 14.94417, 26.889073
8.784022, 9.0531855, 10.238835, 11.653518, 12.444344, 14.901789, 26.889073
8.785522, 9.049919, 10.1994105, 11.615451199999999, 12.457105, 14.96492, 26.889073
8.784411, 9.0530395, 10.217979, 11.633763, 12.439778, 14.96492, 26.889073
8.786504, 9.05135, 10.199595, 11.640785399999997, 12.440311, 14.824984, 26.889073
8.783667, 9.049575, 10.248229, 11.6475, 12.423094, 14.815179, 26.889073
8.780913, 9.95364, 12.306214, 15.595094, 17.801760599999987, 23.941805, 127.948722550536
8.76951175, 9.924153, 12.26412975, 15.516446000000009, 17.775321, 23.83828265999991, 44.22794
9.100464, 11.258266, 14.084987, 17.405764, 19.782629849999935, 25.616439, 44.22794
9.114581, 11.249421, 14.047847, 17.439015, 19.911072, 25.872138, 44.22794
9.08878775, 11.180544, 14.002255, 17.357815, 19.781869, 25.786771, 44.22794
9.110313, 11.249597, 14.091211, 17.360077, 19.905001, 26.206109, 44.22794
9.10942875, 11.24558, 14.0793, 17.443262, 19.972802, 25.907049, 44.22794
9.107936, 11.246008, 14.10695, 17.440367, 19.89759, 25.465580430000212, 44.22794
9.092556, 11.181112, 14.088299, 17.394561, 19.89221, 25.677274, 44.22794
9.112501, 11.219939, 14.071423, 17.394561, 19.781869, 25.786771, 44.22794
9.123831, 11.253336000000001, 14.058793, 17.369627, 19.86304514999995, 25.87213881, 44.22794
9.125335, 11.2845725, 14.116573, 17.47815030000003, 19.935798, 26.312623880000302, 44.22794
9.125082, 11.258266, 14.011948, 17.297558, 19.781006, 25.677274, 44.22794
9.118958, 11.260583, 14.072194, 17.412054, 19.905304549999972, 25.907049, 44.22794
9.114581, 11.2297175, 14.123252, 17.454936, 19.911072, 25.678368970000225, 44.22794
9.099244, 11.219885, 13.993414, 17.276179, 19.718137, 25.268505750000134, 44.22794
9.110034, 11.231691999999999, 14.071423, 17.400589, 19.91524, 25.616439, 44.22794
9.112501, 11.285653, 14.0594015, 17.443773200000013, 19.975911049999926, 26.227057190000174, 44.22794
9.115342, 11.298797, 14.092094, 17.325111, 19.797917, 25.786771, 44.22794
9.118958, 11.268315, 14.123352, 17.42958, 19.819811, 25.569751630000077, 44.22794
9.091171, 11.221448, 14.03619, 17.351107, 19.742827, 25.398104, 44.22794
9.110313, 11.231636, 14.066715, 17.375265, 19.935798, 26.226208, 44.22794
9.103057, 11.231636, 14.048942, 17.327799, 19.87444344999998, 25.872138, 44.22794
9.096879, 11.234425, 14.0840075, 17.321376, 19.718137, 25.398104, 44.22794
9.129629, 11.256453, 14.107129, 17.448374, 19.927271, 25.791337, 44.22794
9.112501, 11.271318, 14.14282775, 17.443262, 19.966418, 25.616439, 44.22794
9.119364, 11.240114, 14.03706, 17.460678, 19.714288549999985, 25.616439, 44.22794
9.10878, 11.219885, 14.032837, 17.379265, 19.937328999999863, 26.124527060000165, 44.22794
9.116303, 11.231748, 14.110726, 17.456575, 19.915310399999996, 25.60713201000002, 44.22794
9.085407, 11.199526, 14.061389, 17.31861, 19.714086, 25.398104, 44.22794
9.103995, 11.2786625, 14.1054395, 17.394561, 19.87444344999998, 25.677274, 44.22794
9.113677, 11.259612, 14.059709, 17.357815, 19.892478999999977, 25.677274, 44.22794
9.115582499999999, 11.288855, 14.128668, 17.439150200000004, 19.99271, 25.791337, 44.22794
9.112501, 11.234332, 14.002255, 17.297558, 19.673247, 25.386005, 44.22794
9.105165, 11.279436, 14.09442, 17.440367, 19.874239, 25.616439, 44.22794
9.118958, 11.249421, 14.022907, 17.351107, 19.781869, 25.872138, 44.22794
9.118958, 11.253902499999999, 14.092094, 17.431298, 19.781006, 25.464532, 44.22794
9.107936, 11.249597, 14.1411, 17.562162, 20.02381, 25.465580430000212, 44.22794
9.107936, 11.215572, 14.001676, 17.257807100000008, 19.714086, 25.569751630000077, 44.22794
8.775737, 9.937136, 12.299575, 15.486467, 17.849544, 23.837696, 44.22794
8.7693925, 9.9122425, 12.238608, 15.460952, 17.763987699999998, 23.313008, 44.22794
8.77249075, 9.939544, 12.292975, 15.556255, 17.879670199999993, 23.507924, 44.22794
8.77249075, 9.938127, 12.268538, 15.4681668, 17.729047, 23.757344, 44.22794
8.782187749999999, 9.95017, 12.334394249999999, 15.488115, 17.913214849999992, 23.973925, 44.22794
8.769859, 9.924399, 12.214792, 15.40336, 17.6296282, 23.213618, 44.22794
8.780306, 9.959087, 12.339353, 15.493363, 17.69964485, 23.54489896999994, 44.22794
8.78449325, 9.964761, 12.311199, 15.512018400000004, 17.797915199999995, 23.186055, 44.22794
8.646315, 9.136702, 10.835209, 12.42623, 13.963141849999998, 17.78704024999999, 38.813544
8.646251, 9.118738, 10.7947655, 12.386549, 13.921681499999998, 17.69964492999999, 38.813544
8.646602, 9.094873, 10.781199, 12.418864, 13.96309, 17.793896, 38.404747
8.648617, 9.12137, 10.805758, 12.459889800000004, 14.015404799999995, 17.78704024999999, 38.813544
8.651363, 9.1341515, 10.82188975, 12.408001, 13.963141849999998, 17.81321605999995, 38.813544
8.648023, 9.142811, 10.819754, 12.456485, 14.062389, 17.888042, 38.404747
8.643807, 9.111417, 10.802425, 12.436356, 13.994813, 17.64457709999997, 38.813544
8.64791425, 9.118092, 10.79312425, 12.402768, 14.015086, 17.844506, 38.813544
8.643383, 9.108669, 10.753123500000001, 12.356026700000001, 13.94032, 17.611796, 38.813544
8.650421, 9.158162, 10.830662, 12.481334, 14.0626608, 17.8129, 38.813544
8.648492, 9.128132, 10.8072195, 12.431099400000008, 14.021462, 17.872018, 38.813544
8.644621, 9.118092, 10.78398825, 12.426273, 14.021462, 17.793979169999986, 38.813544
8.645282, 9.116567, 10.787559, 12.408001, 13.967686449999995, 17.793896, 38.813544
8.650421, 9.142981, 10.809672, 12.418864, 13.974307, 17.69964492999999, 38.813544
8.643581, 9.143499, 10.803248, 12.357209500000009, 13.89124, 17.644383, 38.813544
8.648044, 9.1351495, 10.792782, 12.411373, 14.062389, 17.802213, 38.813544
8.6452335, 9.1131685, 10.801736, 12.419637, 13.994813, 17.699605, 38.813544
8.647925, 9.134162, 10.830678, 12.429064, 14.062389, 17.78704024999999, 38.813544
8.649588, 9.142875499999999, 10.821458, 12.474206500000001, 14.062613, 17.888042, 38.813544
8.647442, 9.128838, 10.8181355, 12.419637, 13.983646, 17.786149249999987, 38.813544
8.64735, 9.135001500000001, 10.792584, 12.444252, 14.034355, 17.8129, 38.813544
8.775271, 9.941116, 12.304235, 15.5427436, 17.797553, 23.75765695999995, 44.22794
8.779304, 9.940447, 12.326113, 15.59090990000001, 17.930256, 23.436095, 44.22794
8.782734, 9.973171, 12.276682, 15.494606800000005, 17.843497, 23.237086, 40.625286
8.780715, 9.933004, 12.30958, 15.580057, 17.856778, 23.56270114999997, 44.22794
8.785151, 9.933004, 12.265893, 15.410258, 17.692836, 23.337256, 44.22794
8.775699249999999, 9.955029, 12.326838, 15.49627, 17.721836, 23.337256, 39.815707
8.776845, 9.930706, 12.265103, 15.413562, 17.663926149999998, 23.581625, 44.22794
8.769687999999999, 9.93438, 12.268334, 15.434174200000005, 17.700402, 22.880534, 44.22794
8.783091, 9.956171, 12.33890225, 15.494422, 17.802213, 23.581625, 44.22794
8.774502, 9.940207, 12.297151, 15.4711183, 17.75720585, 23.186055, 44.22794
8.78518025, 9.966048, 12.325159, 15.542743, 17.847151, 23.474496649999946, 44.22794
8.7715715, 9.933626499999999, 12.263127, 15.4082664, 17.681459, 23.35500521999995, 44.22794
8.774582, 9.929418, 12.29104225, 15.474345, 17.786071, 23.33775050999992, 44.22794
8.779304, 9.9040315, 12.339353, 15.595804400000015, 17.92199, 23.837696, 44.22794
8.773694, 9.934746, 12.356593, 15.574491, 17.849905699999997, 23.837696, 44.22794
8.7715715, 9.9185345, 12.265893, 15.481921, 17.782938, 23.288371659999935, 44.22794
8.78020275, 9.948125, 12.277054999999999, 15.473809, 17.732042, 23.337430289999972, 44.22794
8.781349, 9.995159, 12.331992, 15.574491, 17.87218785, 23.35500521999995, 44.22794
8.770653, 9.9159605, 12.242366, 15.458836200000011, 17.8187932, 23.436095, 44.22794
8.781822250000001, 9.950845, 12.32379, 15.569308, 17.818695, 23.757344, 44.22794
8.782022, 9.948654999999999, 12.257235, 15.461200500000006, 17.700402, 23.102909, 44.22794
8.781392499999999, 9.9492355, 12.2841355, 15.449308, 17.768982599999998, 23.581625, 44.22794
8.777523500000001, 9.9480875, 12.298339, 15.511818600000003, 17.760584, 23.474159, 44.22794
8.77598975, 9.919118, 12.266244, 15.542749, 17.847226, 23.421254, 44.22794
8.773913, 9.939544, 12.27343125, 15.428034, 17.775321, 23.50829003999994, 44.22794
8.646602, 9.1328155, 10.82114, 12.500241, 14.078328, 17.793896, 38.813544
8.6476805, 9.12137, 10.829518, 12.442949700000003, 14.066710849999996, 17.793896, 38.813544
8.728103, 9.090352500000002, 10.5287105, 12.016154400000005, 13.199865, 16.94282447999995, 38.813544
8.726865, 9.080981, 10.553907, 12.019635300000003, 13.185359749999996, 16.571180659999964, 38.813544
8.725231, 9.0712795, 10.49169, 11.964702, 13.108556, 16.571005939999992, 38.813544
8.783877, 9.053087, 10.21423225, 11.661097900000001, 12.423094, 14.741543, 26.889073
8.789227, 9.061801, 10.2210625, 11.629453, 12.440484699999997, 14.783205929999971, 26.889073
8.783877, 9.049619, 10.201259, 11.654542, 12.465433, 14.815255449999988, 26.889073
8.78856, 9.058963, 10.230684, 11.650524, 12.471264, 14.901789, 26.889073
8.783858, 9.0521515, 10.201259, 11.662602, 12.449812199999998, 14.96492, 26.889073
8.788431, 9.0530215, 10.202244, 11.619468, 12.3959, 14.741543, 19.563106
8.784022, 9.049919, 10.215979, 11.601283, 12.385116, 14.902097389999952, 26.889073
8.724235, 9.079756, 10.500564, 11.974163, 13.090192199999995, 16.571005939999992, 38.813544
8.732287, 9.088787, 10.60151175, 12.081304100000004, 13.266509, 16.60573268, 38.813544
8.727136, 9.0810905, 10.5285905, 12.040725, 13.222672, 16.615755, 38.404747
8.73148625, 9.073015999999999, 10.5208805, 12.044257300000003, 13.171132, 16.644732, 38.813544
8.729674, 9.081327000000002, 10.533926, 12.05524, 13.238017, 16.644732, 38.813544
8.645996, 9.1283675, 10.80133275, 12.3905027, 13.983646, 17.69964492999999, 38.813544
8.649129, 9.128838, 10.801736, 12.423710600000001, 13.961266, 17.644383, 38.813544
8.730581, 9.0765805, 10.494682749999999, 11.9804726, 13.077141, 16.60924376999999, 38.813544
8.72695, 9.072535, 10.510212, 12.0195132, 13.177114599999998, 16.393789, 38.813544
8.727066, 9.0708865, 10.535099, 12.018309, 13.139758549999993, 16.6211046699999, 38.813544
8.720859, 9.066510000000001, 10.511546, 12.022355, 13.122542099999999, 16.498811, 38.813544
8.719941, 9.065991, 10.497307, 12.019807100000007, 13.157196249999998, 16.680998979999966, 38.813544
8.72807575, 9.073376, 10.506886, 11.979247, 13.075556, 16.576445, 38.404747
8.642829, 9.118092, 10.783371, 12.423639, 14.021462, 17.793896, 38.813544
8.643807, 9.117975000000001, 10.792782, 12.426273, 14.06189, 17.703598, 38.813544
8.643933, 9.126235, 10.799901, 12.439813, 14.013154, 17.703598, 38.813544
8.644595500000001, 9.111909, 10.774918, 12.411578800000004, 14.027751549999996, 17.793979169999986, 38.813544
8.6518245, 9.1275925, 10.813056, 12.456676200000004, 14.063569, 17.703598, 38.813544
8.64897175, 9.135331, 10.805758, 12.426093, 14.027404, 17.69964492999999, 38.813544
8.64791425, 9.1286245, 10.816158, 12.426230200000001, 13.943173749999993, 17.786071, 38.813544
8.6473015, 9.13779, 10.813056, 12.423639, 14.009391, 18.052882, 38.813544
8.645846, 9.112365, 10.787559, 12.418864, 13.96309, 17.483054, 38.813544
8.64698325, 9.122739, 10.801449, 12.408338200000008, 13.951795, 17.644383, 38.813544
8.647676, 9.129560000000001, 10.802425, 12.430775, 14.06229875, 17.92199, 38.813544
8.643484, 9.116567, 10.7804265, 12.448787, 14.07062675, 17.844781119999954, 38.813544
8.647674, 9.134141, 10.791028, 12.411373, 13.94032, 17.699605, 38.813544
8.646227, 9.126939, 10.817235, 12.474418, 14.063569, 17.8129, 38.813544
8.649533, 9.116036, 10.78818, 12.394576, 13.916439, 17.709146019999878, 38.813544
8.780292249999999, 9.9507985, 12.32056225, 15.550704200000013, 17.863091, 23.35500521999995, 44.22794
8.777172, 9.945921, 12.344494, 15.557732, 17.847226, 23.685297739999886, 44.22794
8.781392499999999, 9.939203, 12.260534, 15.395739, 17.770134, 23.685297739999886, 44.22794
8.779638, 9.928982999999999, 12.325267, 15.556255, 17.681459, 23.43647563999994, 44.22794
8.77936775, 9.956171, 12.325267, 15.494422, 17.824858099999993, 23.474159, 44.22794
8.7875735, 9.961648, 12.2795405, 15.463437, 17.716931, 23.68457, 44.22794
8.781231, 9.960564, 12.348656, 15.640676, 17.937077149999997, 23.421402409999978, 39.815707
8.770742, 9.942904500000001, 12.29181325, 15.466197000000005, 17.795765, 23.474159, 44.22794
8.77123175, 9.909248, 12.2554785, 15.488930500000018, 17.743503, 23.972279, 44.22794
8.78030175, 9.957975000000001, 12.309553000000001, 15.450004300000016, 17.770134, 23.223349, 39.815707
8.781407, 9.939114, 12.275447250000001, 15.440287100000004, 17.786971, 23.387052469999947, 44.22794
8.779225, 9.9410725, 12.272841499999998, 15.493468900000003, 17.8129, 23.223349, 44.22794
8.779616, 9.924299, 12.26598075, 15.474659000000006, 17.813189749999996, 23.17472840999998, 44.22794
8.7779705, 9.95261, 12.27518, 15.501305600000006, 17.859471499999998, 23.474496649999946, 44.22794
8.769993, 9.937809, 12.278428250000001, 15.477485, 17.709183749999994, 23.544632769999982, 44.22794
8.648585749999999, 9.141108, 10.8042355, 12.431099400000008, 13.983646, 17.888042, 38.813544
8.646536, 9.117393, 10.781199, 12.4262361, 13.964287549999996, 17.786971, 38.813544
8.78020525, 9.954105, 12.291375, 15.445974300000005, 17.744357049999987, 23.757344, 39.815707
8.770527, 9.937453, 12.260534, 15.508582, 17.793896, 23.102909, 44.22794
8.781472, 9.940207, 12.278174, 15.580057, 17.824858099999993, 23.544632769999982, 44.22794
8.78449325, 9.963756499999999, 12.3687665, 15.482149500000006, 17.704038899999997, 23.474159, 44.22794
8.776767, 9.94805, 12.214792, 15.468723, 17.793896, 23.337430289999972, 39.815707
8.776018, 9.938127, 12.276249, 15.550704200000013, 17.786971, 23.972295459999998, 44.22794
8.78739025, 9.9459525, 12.27518, 15.391524, 17.716931, 22.943716, 44.22794
8.776971, 9.959018, 12.331862, 15.547344100000002, 17.844694, 23.43647563999994, 44.22794
8.7809835, 9.940166, 12.304235, 15.545028600000006, 17.820659, 23.47486268999989, 44.22794
8.777996250000001, 9.9341905, 12.284758, 15.545028600000006, 17.8756064, 23.1035265699999, 44.22794
8.776559, 9.9370805, 12.263127, 15.547966, 17.92199, 23.685297739999886, 44.22794
8.7782005, 9.939114, 12.276682, 15.471077, 17.81015, 23.684487, 44.22794
8.773694, 9.938127, 12.279191, 15.569308, 17.8129, 23.581625, 44.22794
8.77779425, 9.940306499999998, 12.264354, 15.423977, 17.55765495, 23.237086, 44.22794
8.77669, 9.9382385, 12.266244, 15.480995, 17.768922, 23.386707, 40.625286
8.774562, 9.95364, 12.311199, 15.548184600000006, 17.90985645, 23.386707, 44.22794
9.107936, 11.213273, 14.088299, 17.417718, 19.927271, 25.677274, 44.22794
9.110354, 11.243435999999999, 14.13891, 17.448593, 19.915310399999996, 25.78681666000001, 44.22794
9.116303, 11.239497, 14.116573, 17.476674, 19.911072, 25.569375, 44.22794
9.114235, 11.259235499999999, 14.1054395, 17.456575, 20.01937, 25.872219, 44.22794
9.111456, 11.251128, 14.094421, 17.443262, 19.911072, 25.616439, 44.22794
9.115609, 11.243894, 14.083681, 17.473254000000008, 20.027061, 26.015162, 44.22794
9.113677, 11.219885, 14.06527, 17.439015, 19.797086, 25.791337, 44.22794
9.115128, 11.254216, 14.01483025, 17.320895, 19.91128039999998, 25.607038, 44.22794
9.116615, 11.249421, 14.104582, 17.369627, 19.781006, 25.398768280000134, 44.22794
9.106745, 11.250684, 14.1411, 17.47815030000003, 19.927271, 26.123703, 44.22794
9.118958, 11.268315, 14.110726, 17.460678, 19.916648, 25.791337, 44.22794
9.115503, 11.23235, 14.038794, 17.289255, 19.653882, 25.172031160000028, 44.22794
9.094884, 11.2149055, 14.030796, 17.38041, 19.927271, 25.78681666000001, 44.22794
9.110354, 11.213273, 14.0793, 17.439015, 19.935798, 26.015162, 44.22794
9.110689, 11.2200875, 14.009528, 17.360077, 19.916648, 25.907049, 44.22794
9.13014425, 11.249509, 14.0793, 17.439015, 19.874239, 25.872219, 44.22794
9.114064, 11.221448, 14.07161575, 17.369627, 19.781869, 25.872219, 44.22794
9.110852, 11.2149055, 14.124117, 17.405764, 19.89221, 25.907049, 44.22794
9.123831, 11.259612, 14.096689, 17.454936, 20.02381, 26.206109, 44.22794
9.115609, 11.2398055, 14.055484, 17.358399400000003, 19.89221, 25.677274, 44.22794
9.109645, 11.214026, 14.036482, 17.292050000000014, 19.718137, 25.60713201000002, 44.22794
9.11060525, 11.256657, 14.011948, 17.289255, 19.714086, 25.87213881, 44.22794
9.11456175, 11.227476, 14.03619, 17.299052, 19.799011699999905, 26.015162, 44.22794
9.11813825, 11.243894, 14.083681, 17.351107, 19.820696299999923, 25.569751630000077, 44.22794
9.115342, 11.227476, 14.059299, 17.466592, 19.915310399999996, 25.907049, 44.22794
9.107936, 11.205214, 14.060525, 17.370190800000014, 19.972802, 25.872219, 44.22794
8.779954, 9.949286, 12.2856615, 15.587784, 17.888468, 23.684487830000002, 44.22794
8.776687, 9.939425, 12.297151, 15.481921, 17.799394349999996, 23.581625, 44.22794
8.78780975, 9.959018, 12.301738, 15.520172, 17.775321, 23.064532, 40.625286
8.770147999999999, 9.934611499999999, 12.3250375, 15.473809, 17.82070005, 23.582653619999835, 44.22794
8.7715715, 9.9071365, 12.28102025, 15.44573, 17.847703599999992, 23.684487830000002, 44.22794
8.778249, 9.979543, 12.290937, 15.448173, 17.793896, 23.55508004999999, 44.22794
8.7828885, 9.952278, 12.297922, 15.535514, 17.8334752, 24.276037, 44.22794
8.7723, 9.911995, 12.334346, 15.505135, 17.879243, 23.544528, 44.22794
8.779954, 9.953849, 12.316056, 15.511645, 17.813189749999996, 23.421402409999978, 44.22794
8.77241325, 9.9159605, 12.306214, 15.533741900000004, 17.833334, 23.544632769999982, 44.22794
8.777717, 9.929794, 12.215187, 15.547562700000007, 17.879243, 23.55508004999999, 39.815707
8.77151125, 9.90917, 12.2478985, 15.410258, 17.743503, 23.789130559999922, 44.22794
8.77689, 9.939203, 12.25788225, 15.445559, 17.795765, 23.28821938999996, 44.22794
8.778439, 9.95364, 12.350416749999999, 15.477485, 17.84715475, 23.686101259999756, 44.22794
8.781177, 9.976764, 12.306214, 15.516446000000009, 17.786971, 23.287969, 44.22794
8.785819, 9.956494, 12.317291, 15.580261900000005, 17.887787, 23.421402409999978, 40.625286
8.782022, 9.946836999999999, 12.33429725, 15.548184600000006, 17.786116, 23.166745, 44.22794
8.77258, 9.959018, 12.331862, 15.626017100000004, 17.890157, 23.94210973999995, 44.22794
8.779304, 9.973171, 12.285568, 15.531757, 17.849905699999997, 23.328235, 44.22794
8.774566, 9.929794, 12.224836, 15.488115, 17.793896, 23.544528, 44.22794
8.774518, 9.950585499999999, 12.348931499999999, 15.589794, 17.79776685, 23.213715309999984, 44.22794
8.77871125, 9.9746325, 12.331894499999999, 15.5427436, 17.797553, 23.837696, 44.22794
8.64686075, 9.136702, 10.811768, 12.480543, 14.013154, 17.69964492999999, 38.813544
8.722618, 9.067211, 10.500696000000001, 11.974163, 13.108734499999997, 16.44275985999996, 38.813544
8.72874, 9.073015999999999, 10.53821975, 11.986189, 13.164064899999996, 16.821686, 38.813544
8.727789, 9.073132, 10.501646000000001, 12.020756500000003, 13.16041, 16.394581, 38.813544
8.723493, 9.073138, 10.528775, 11.992821, 13.104457, 16.468585, 38.813544
8.72734975, 9.075566, 10.511817, 11.986189, 13.157196249999998, 16.570951, 38.813544
8.727411, 9.073942, 10.512645, 12.032652, 13.189383, 16.703767, 38.813544
8.731167, 9.082675, 10.526465, 12.007434, 13.159804, 16.821759959999987, 38.404747
8.730492250000001, 9.080855, 10.49512875, 11.97164, 13.077740299999997, 16.385237379999985, 38.813544
8.721564, 9.06881, 10.524649, 12.046369200000004, 13.176378349999998, 16.499587339999877, 38.813544
8.73061, 9.081641999999999, 10.529058249999999, 12.074587, 13.238017, 16.62074429999996, 38.813544
8.73049575, 9.07775, 10.528769, 12.007947, 13.077162249999999, 16.571005939999992, 38.404747
8.7300055, 9.080207, 10.52081875, 11.971194, 13.176227, 16.843217, 38.813544
8.723493, 9.0619655, 10.484877, 11.964478, 13.096827, 16.60924376999999, 38.813544
8.72807575, 9.0774845, 10.553368, 12.044046, 13.319968, 16.5764478, 38.813544
8.731173, 9.082478, 10.503411, 11.99404800000001, 13.17626575, 16.468887259999953, 38.813544
8.72700325, 9.0791395, 10.4995365, 11.993566, 13.16907995, 16.605728, 38.813544
8.729127, 9.075771, 10.525822, 11.992856, 13.16290355, 16.615886, 38.813544
8.725592, 9.072676, 10.526445, 12.0409469, 13.139181, 16.385237379999985, 38.813544
8.73107125, 9.082381, 10.54051975, 12.039456000000003, 13.219201, 16.62074429999996, 38.404747
8.733673, 9.081693, 10.517428, 11.978172, 13.1711402, 16.703847219999986, 38.813544
8.73002975, 9.078375, 10.5325545, 12.0482814, 13.179390099999999, 16.620502, 38.813544
8.733488750000001, 9.086345, 10.542012750000001, 12.041118800000001, 13.206562499999997, 16.60573268, 38.813544
8.725247, 9.069617, 10.535099, 12.030500100000005, 13.189907099999992, 16.393789, 38.813544
8.723493, 9.0664725, 10.511451, 12.015373, 13.169759249999998, 16.378229, 38.404747
8.72371, 9.066143, 10.522567, 11.962881, 13.008186549999996, 16.442499, 38.813544
8.725315, 9.070697, 10.538893999999999, 12.063571900000001, 13.241438, 16.61575631, 38.813544
8.72350025, 9.0756875, 10.5038925, 11.970167100000003, 13.120292499999998, 16.300041599999993, 38.404747
8.727532, 9.082908, 10.526137, 11.987698, 13.171542549999996, 16.605728, 38.813544
8.646122, 9.132194, 10.812846, 12.458397, 14.117408849999995, 17.699605, 38.813544
8.652431, 9.149296, 10.821458, 12.456485, 14.070622, 17.802213, 38.813544
8.649837, 9.149592, 10.8072195, 12.436356, 13.964127, 17.844506, 38.813544
8.646251, 9.1278, 10.813056, 12.426552100000006, 14.062294, 17.802213, 38.813544
8.648492, 9.1495225, 10.802272, 12.407502, 13.984007949999995, 17.547577, 38.813544
8.645800000000001, 9.118227, 10.817235, 12.436074, 14.062294, 17.786971, 38.813544
8.645282, 9.091334, 10.76975, 12.429064, 14.021759099999995, 17.80231986999998, 38.813544
8.648051, 9.135331, 10.823185, 12.448787, 14.015404799999995, 17.708369, 38.813544
8.649533, 9.134141, 10.809672, 12.444263, 14.034355, 17.78704024999999, 38.813544
8.64909, 9.1230105, 10.813506499999999, 12.444252, 14.034630899999996, 17.699605, 38.813544
8.646902, 9.117321, 10.784076, 12.396406, 13.974307, 17.699605, 38.813544
8.651493, 9.134162, 10.807164, 12.439813, 13.974307, 17.786971, 38.813544
8.641427, 9.113885, 10.787681, 12.394759000000004, 13.974307, 17.78704024999999, 38.813544
8.646227, 9.11539, 10.788376, 12.389567, 13.911351, 17.793979169999986, 38.813544
8.642968, 9.089125, 10.764135, 12.439813, 14.076976, 17.703598, 38.813544
8.643217, 9.109495, 10.805758, 12.442805, 14.039873, 17.703598, 38.813544
8.647008, 9.13779, 10.84057975, 12.46260100000001, 14.062389, 17.872178239999975, 38.813544
8.641557, 9.094461, 10.78858425, 12.361003, 13.961266, 17.663793, 38.813544
8.656037, 9.1455675, 10.84632625, 12.480118200000001, 14.059531149999998, 17.644383, 38.813544
8.646536, 9.136702, 10.787559, 12.402633, 14.015086, 17.699605, 38.813544
8.6452335, 9.136702, 10.823185, 12.444252, 14.034355, 17.844781119999954, 38.813544
8.645088, 9.126562, 10.802748, 12.429064, 13.96309, 17.66415111999994, 38.404747
8.646315, 9.122739, 10.78818, 12.4261067, 14.021462, 17.80231986999998, 38.813544
8.64713, 9.128411, 10.802272, 12.434019, 14.06189, 17.8129, 38.813544
8.648023, 9.117858, 10.796022, 12.426093, 14.06229875, 17.81321605999995, 38.813544
8.64791425, 9.123282, 10.773425, 12.391037200000008, 14.009675749999996, 17.708369, 38.813544
8.6476755, 9.128324, 10.796022, 12.439813, 14.059407, 17.888042, 38.813544
8.642829, 9.133437, 10.792584, 12.390487, 13.931125, 17.708369, 38.813544
8.651396, 9.150252, 10.83277, 12.469538, 14.066505, 17.844506, 38.813544
8.645846, 9.135627, 10.807164, 12.4189413, 13.961266, 17.644383, 38.813544
8.646122, 9.132194, 10.830596, 12.429121700000001, 13.960113, 17.629720109999976, 38.813544
8.645800000000001, 9.126562, 10.797017, 12.402618, 13.967338, 17.930662, 38.813544
8.650421, 9.124901, 10.784076, 12.419637, 13.961266, 17.786071, 38.813544
8.656266, 9.145141, 10.812846, 12.447581, 14.059407, 17.786071, 38.404747
8.64424, 9.140164, 10.79752375, 12.442805, 14.062400199999999, 17.629720109999976, 38.813544
8.64735, 9.142981, 10.8181355, 12.469538, 14.066505, 17.78704024999999, 38.813544
8.773838, 9.929451, 12.276249, 15.45753, 17.793989449999998, 23.421254, 44.22794
8.770653, 9.937491, 12.344494, 15.513646100000006, 17.799394349999996, 23.328325209999985, 44.22794
8.77955, 9.94805, 12.29104225, 15.458325, 17.760584, 23.354685, 44.22794
8.771576, 9.933128, 12.326312249999999, 15.550704200000013, 17.888468, 23.896362, 44.22794
8.775699249999999, 9.924153, 12.286490749999999, 15.550704200000013, 17.763728, 23.354685, 44.22794
8.6468, 9.134162, 10.795695, 12.411373, 13.99554189999999, 17.629572, 38.813544
8.644131, 9.118227, 10.796022, 12.439813, 14.0619102, 17.78704024999999, 38.813544
8.6430295, 9.110756, 10.78780575, 12.4261067, 13.990885, 17.66415111999994, 38.813544
8.6476805, 9.134645500000001, 10.830678, 12.462111, 14.062294, 17.888381479999943, 38.813544
8.648023, 9.13779, 10.819754, 12.448787, 14.063715799999997, 17.802213, 38.813544
8.649633, 9.136702, 10.802748, 12.429641, 13.95715, 17.611796, 38.813544
8.647925, 9.135627, 10.83787525, 12.448787, 14.015086, 17.703598, 38.813544
8.647156, 9.1343905, 10.830844, 12.423639, 14.027404, 17.470363, 38.813544
8.649837, 9.143499, 10.79312425, 12.439813, 13.983646, 17.44314, 38.813544
8.658231, 9.145797, 10.832974, 12.511915, 14.070622, 17.936827, 38.813544
8.64713, 9.127385, 10.816158, 12.4361022, 14.015086, 17.78608, 38.813544
8.652538, 9.146237, 10.801870000000001, 12.430775, 14.059407, 17.844506, 38.813544
8.649633, 9.141108, 10.8355545, 12.42623, 14.034355, 17.844506, 38.813544
8.64248875, 9.1191615, 10.792807, 12.444252, 14.039873, 17.872018, 38.813544
8.6473015, 9.135627, 10.799901, 12.386850800000007, 13.963141849999998, 17.786971, 38.813544
8.647925, 9.148872, 10.83873, 12.474418, 14.062294, 17.611796, 38.813544
8.64423425, 9.107745, 10.788376, 12.341991600000002, 13.95715, 17.709146019999878, 38.813544
8.652534, 9.15837, 10.820243, 12.45322, 14.063569, 17.708369, 38.813544
8.646881, 9.112452, 10.809144, 12.447581, 14.057811, 17.844506, 38.813544
8.648023, 9.134672, 10.821458, 12.480543, 14.113835, 17.872018, 38.813544
8.647832, 9.129782, 10.80231025, 12.413431, 13.967338, 17.786971, 38.813544
8.647031, 9.119585, 10.792518, 12.429064, 14.034355, 17.844506, 38.813544
8.64759125, 9.133437, 10.801736, 12.426273, 13.951795, 17.703598, 38.813544
8.645996, 9.112365, 10.784076, 12.382671000000006, 13.991081399999997, 17.786071, 38.813544
8.64897175, 9.134141, 10.795695, 12.408338200000008, 13.94032, 17.663793, 38.813544
8.6426955, 9.10919, 10.784076, 12.429064, 13.994813, 17.786971, 38.813544
8.648492, 9.141327, 10.829518, 12.474183, 14.106045, 17.786071, 38.813544
8.643581, 9.119783, 10.79752375, 12.413431, 14.009391, 17.786071, 38.813544
8.652431, 9.139831, 10.817596, 12.474418, 14.066505, 17.872018, 38.813544
8.648617, 9.141965, 10.83844, 12.480118200000001, 14.063569, 17.703598, 38.813544
8.64909, 9.126939, 10.833083, 12.442805, 13.99554189999999, 17.699605, 38.813544
8.648617, 9.1426225, 10.783371, 12.480071, 14.059407, 17.786071, 38.813544
8.64909, 9.123282, 10.829518, 12.444263, 13.952062749999996, 17.786971, 38.813544
8.646227, 9.117975000000001, 10.78818, 12.4262361, 14.039873, 17.644383, 38.813544
8.643998, 9.112452, 10.8072195, 12.424528800000004, 14.057811, 17.786071, 38.813544
8.64686075, 9.126939, 10.806109500000002, 12.459643, 14.063569, 17.960504, 38.813544
8.647832, 9.142981, 10.816327, 12.397027200000014, 14.009391, 17.66415111999994, 38.813544
8.642463, 9.116036, 10.796022, 12.434019, 14.059407, 17.844781119999954, 38.813544
8.6452335, 9.133437, 10.816554, 12.45322, 14.0619102, 17.872018, 38.813544
8.647682, 9.149667, 10.852333, 12.50979, 14.063569, 17.8129, 38.813544
8.646164, 9.142981, 10.830678, 12.42623, 13.951795, 17.663793, 38.813544
8.650357249999999, 9.140528, 10.817596, 12.436074, 14.034355, 17.793896, 38.813544
8.64477, 9.118573000000001, 10.776479, 12.402618, 14.013154, 17.548219189999898, 38.813544
8.647105250000001, 9.143937000000001, 10.833083, 12.478032, 14.079938, 17.81321605999995, 38.813544
8.774582, 9.9399085, 12.309544, 15.541800700000001, 17.703598, 23.474159, 44.22794
8.775699249999999, 9.938127, 12.263127, 15.433898, 17.699605, 23.337256, 44.22794
8.78104175, 9.9542155, 12.34191, 15.535652700000002, 17.793896, 23.684487830000002, 44.22794
8.773582, 9.9459525, 12.262701, 15.574584, 17.836524949999994, 23.421402409999978, 44.22794
8.781822250000001, 9.949185, 12.291375, 15.415273, 17.625676, 22.961117, 40.625286
8.776423750000001, 9.924399, 12.290937, 15.503552, 17.824412, 23.68457, 44.22794
8.77874, 9.930250000000001, 12.320116, 15.580270300000004, 17.859471499999998, 23.757344, 40.625286
8.7703885, 9.92182, 12.266244, 15.464507200000003, 17.775701849999997, 23.50829003999994, 44.22794
8.778249, 9.954794, 12.29104225, 15.468723, 17.8129, 23.972279, 44.22794
8.766855, 9.91672, 12.26523475, 15.547966, 17.847151, 23.06491576999994, 40.625286
8.771576, 9.914207, 12.21343025, 15.391002, 17.62759125, 23.684487, 44.22794
8.77435475, 9.924691, 12.303235, 15.458325, 17.856903149999997, 23.436095, 44.22794
8.778754, 9.940207, 12.2828365, 15.516446000000009, 17.797786, 23.35500521999995, 44.22794
8.785899, 9.93722, 12.286771250000001, 15.433898, 17.7607412, 23.354685, 44.22794
8.7782625, 9.945984, 12.2653005, 15.582106, 17.863091, 23.387052469999947, 44.22794
8.777615, 9.9285335, 12.276682, 15.501056, 17.786071, 23.313008, 44.22794
8.768418, 9.934001, 12.282988, 15.494422, 17.843497, 23.78971721999983, 44.22794
8.786967, 9.929108, 12.266244, 15.481594300000001, 17.782938, 23.684487830000002, 44.22794
8.770747, 9.9251015, 12.298854, 15.49627, 17.78309465, 23.237086, 44.22794
8.784735, 9.929108, 12.252065, 15.464507200000003, 17.78309465, 23.421254, 44.22794
8.77440625, 9.940207, 12.340552, 15.603006400000003, 17.893937, 23.896362, 40.625286
8.771576, 9.928431, 12.286538, 15.49674860000001, 17.786116, 23.223349, 44.22794
8.769322, 9.929794, 12.268334, 15.4711183, 17.775321, 23.684487, 44.22794
8.773913, 9.939114, 12.326137, 15.520172, 17.893937, 23.789130559999922, 44.22794
8.777172, 9.954794, 12.35188, 15.574584, 17.859471499999998, 23.474496649999946, 44.22794
8.779616, 9.946836999999999, 12.27730925, 15.4336091, 17.793989449999998, 23.166745, 44.22794
8.772561, 9.934477, 12.272737, 15.474898100000011, 17.775321, 23.55508004999999, 44.22794
8.76968575, 9.928561, 12.272655, 15.45753, 17.863091, 23.757344, 44.22794
8.776767, 9.9171505, 12.291426, 15.582384000000001, 17.879243, 23.54470781999997, 39.815707
8.776845, 9.934001, 12.263127, 15.433577, 17.716931, 22.91416, 44.22794
8.775352, 9.938127, 12.316713, 15.501305600000006, 17.836524949999994, 23.313008, 44.22794
8.775737, 9.919388999999999, 12.262559, 15.468723, 17.722196549999996, 23.56251, 40.625286
8.781042, 9.9542155, 12.284758, 15.513646100000006, 17.81015, 23.17472840999998, 44.22794
8.766191, 9.935844, 12.27449, 15.471077, 17.793896, 23.421254, 40.625286
8.781968, 9.9620465, 12.33890225, 15.574584, 17.799246, 23.555005, 44.22794
8.775228, 9.935853, 12.3250105, 15.533545, 17.8187932, 23.896816429999927, 44.22794
8.777172, 9.9344285, 12.30270225, 15.460952, 17.787317249999997, 23.35500521999995, 44.22794
8.784926, 9.954105, 12.272841499999998, 15.550762300000013, 17.770393349999996, 23.386707, 44.22794
8.7754285, 9.955298500000001, 12.263359000000001, 15.477485, 17.770393349999996, 23.544528, 44.22794
8.779129, 9.959156, 12.32056225, 15.544779, 17.859281, 23.166823689999987, 44.22794
8.778625, 9.924691, 12.284758, 15.548736800000018, 17.836524949999994, 23.328235, 44.22794
8.731481, 9.076331, 10.550321, 12.019524, 13.171132, 16.394581, 38.813544
8.784155, 9.050942, 10.220941, 11.652477600000003, 12.454684399999998, 15.054253, 26.889073
8.78691, 9.0516295, 10.2307595, 11.649735, 12.457268299999997, 14.873687, 26.889073
8.788432, 9.058963, 10.248715, 11.6735604, 12.490727, 15.021127, 26.889073
8.781851, 9.047762, 10.213906000000001, 11.617003, 12.404542, 14.901789, 26.889073
8.78900425, 9.054797, 10.21712925, 11.607931, 12.454557, 14.831535, 26.889073
8.785522, 9.057737, 10.223792750000001, 11.652477600000003, 12.443785, 14.94417, 26.889073
8.789546, 9.060496, 10.27966625, 11.653518, 12.444344, 15.027702, 26.889073
8.78464, 9.046104, 10.209485, 11.642121800000002, 12.444613699999996, 15.021127, 26.889073
8.790794, 9.057744, 10.2155, 11.629710000000005, 12.368629249999994, 14.803997, 26.889073
8.784751, 9.051623, 10.237786, 11.658155400000005, 12.502305, 15.049793, 26.889073
8.785038, 9.053603, 10.202244, 11.622074, 12.451222, 14.815179, 26.889073
8.789424, 9.0631475, 10.214815, 11.638343, 12.404542, 14.953882, 26.889073
8.78455625, 9.050377, 10.24051975, 11.662042, 12.462855, 14.995983, 26.889073
8.78361225, 9.045887, 10.21686, 11.617329, 12.388296, 14.824984, 26.889073
8.829028000000001, 9.015549, 9.382831249999999, 10.9007071, 11.764289, 14.022834, 37.448702
9.08940075, 11.20637, 14.0933945, 17.4918519, 19.99271, 25.607038, 99.69211028759204
9.149227, 11.327623, 14.123352, 17.418904200000004, 19.935798, 25.78762467000002, 44.22794
9.110354, 11.261554, 13.998535, 17.2995723, 20.00872209999999, 26.015162, 39.815707
9.110852, 11.2905355, 14.1044155, 17.467600200000003, 20.088730049999995, 26.123703, 44.22794
9.073112, 11.285190499999999, 14.113253, 17.2995723, 19.89221, 25.791337, 39.815707
9.092926, 11.2141325, 14.141159, 17.388325800000004, 19.75842, 25.259308210000004, 38.509309
9.11898275, 11.296937, 14.104582, 17.261471, 19.63633849999999, 25.100455, 44.22794
9.13472, 11.242978, 14.038094, 17.3042769, 19.892478999999994, 25.908130130000025, 38.509309
9.089281, 11.2585625, 14.09977675, 17.327799, 19.753488549999997, 25.172165060000005, 44.22794
9.08610775, 11.171653, 13.8753295, 17.160218, 19.658494, 25.10130853000002, 44.22794
9.1037605, 11.250906, 14.1922655, 17.568287, 20.15993439999999, 26.49165766, 40.625286
9.115503, 11.243435999999999, 14.11110425, 17.536532000000005, 20.054081, 25.786771, 40.625286
9.118958, 11.2865505, 14.123277000000002, 17.364599, 19.89221, 26.226208, 40.625286
9.087308, 11.170319, 14.047847, 17.466592, 19.798222249999984, 26.123703, 44.22794
9.111456, 11.246777999999999, 14.089027, 17.456985300000003, 19.917179149999992, 25.56975163000001, 44.22794
9.096879, 11.207346999999999, 14.04293, 17.557609, 20.132466, 25.786816660000003, 38.509309
9.048575750000001, 11.050502000000002, 13.92531325, 17.243869, 19.65389835, 25.607740360000015, 44.22794
9.094884, 11.170319, 14.130392749999999, 17.614005, 20.008500099999992, 25.792145010000016, 44.22794
9.105487, 11.269329500000001, 14.175234, 17.381132300000004, 19.916648, 25.678414630000024, 44.22794
8.652375249999999, 9.166038, 10.892059, 12.4566762, 14.134706549999986, 18.212163610000005, 38.813544
8.637446, 9.0695885, 10.71739175, 12.269839600000001, 13.725087, 17.470363, 34.462112
8.64621125, 9.134645500000001, 10.79312425, 12.456800800000002, 13.921871499999995, 17.629720110000004, 38.813544
8.641578, 9.0919635, 10.821458, 12.470002500000001, 14.071097549999994, 17.8129, 38.813544
8.64473275, 9.1151705, 10.783066, 12.331862, 13.91014165, 17.470363, 38.404747
8.651264, 9.1427875, 10.793529, 12.4297544, 14.027751549999996, 17.611796, 38.404747
8.647149500000001, 9.160524, 10.8079575, 12.391220200000003, 14.057811, 17.644935220000015, 38.813544
8.645996, 9.14294, 10.84109625, 12.444263, 13.960261849999998, 17.548739160000025, 38.813544
8.647031, 9.08472, 10.788229000000001, 12.3847517, 13.974307, 17.538538300000003, 38.813544
8.642968, 9.143244, 10.8647875, 12.5151543, 14.02802744999999, 17.787040250000004, 38.813544
8.640690500000002, 9.0954245, 10.788585, 12.390487, 14.02802744999999, 17.872018, 38.404747
8.6480195, 9.156687000000002, 10.840676, 12.4801973, 14.040769899999987, 17.845280840000015, 34.462112
9.131523249999999, 11.321374500000001, 14.289462, 17.592909, 20.173887, 26.312623880000032, 44.22794
9.131255, 11.282827999999999, 14.089247749999998, 17.2764911, 19.64720555, 25.908130130000025, 44.22794
9.1032955, 11.221152, 14.12525475, 17.429751800000002, 19.642618, 25.46558043000002, 40.625286
9.106397999999999, 11.249597, 14.165830750000001, 17.3517778, 19.54213204999999, 25.60713201, 39.815707
9.099065, 11.173353500000001, 13.996133, 17.419076000000004, 19.993470899999988, 25.386005, 44.22794
9.148069249999999, 11.189231, 14.055484, 17.3757795, 19.90551294999999, 25.464532, 44.22794
9.136047249999999, 11.264655, 14.075138, 17.370190800000003, 19.837517, 25.100455, 44.22794
9.139144, 11.27877, 14.190991499999999, 17.717036, 20.076401949999994, 26.539462, 44.22794
9.113382999999999, 11.184435, 13.998535, 17.2381135, 19.75842, 25.185808, 44.22794
9.132374, 11.204613, 14.110726, 17.42958, 19.973752649999987, 25.78762467000002, 40.625286
9.12046875, 11.257548, 14.157585000000001, 17.429751800000002, 19.917179149999992, 26.508677560000002, 44.22794
10.15419, 12.816439, 16.6794, 21.178428, 23.974966, 30.29279949, 43.791491
10.159557, 12.8204015, 16.6527055, 21.212277500000003, 24.044883, 29.50035506, 43.791491
10.1988445, 12.778936000000002, 16.547473, 20.976877, 23.9144129, 30.20242635000002, 43.791491
10.27526825, 12.818406, 16.648326, 21.104708500000005, 23.947987, 30.29279949, 43.791491
10.206541, 12.839666000000001, 16.549329999999998, 21.143695, 23.927562, 30.04174, 43.791491
10.197007, 12.886144, 16.654913, 21.085878, 23.92753635, 29.875391, 43.791491
10.18424075, 12.778936000000002, 16.509684, 21.104708500000005, 24.016323449999994, 30.20235486000002, 40.498626
10.178841, 12.78629, 16.63857225, 21.1944172, 24.13510975, 30.310142260000024, 40.498626
8.784519, 9.044837, 10.217937, 11.645415799999999, 12.424576299999996, 14.944056819999997, 106.04622833760178
8.786741, 9.057887, 10.2307595, 11.642031, 12.465651399999997, 14.96492, 26.889073
8.789595, 9.0497585, 10.20198, 11.655011400000006, 12.462983899999998, 14.741698299999975, 26.889073
8.78196, 9.046639, 10.205375, 11.642031, 12.426591749999993, 14.96523062999995, 26.889073
8.785038, 9.065575, 10.257865500000001, 11.669898, 12.490727, 14.783205929999971, 26.889073
8.790431, 9.060905, 10.213862, 11.646801, 12.457105, 15.054648079999936, 26.889073
8.784519, 9.047965, 10.189340999999999, 11.623748, 12.421048, 14.831535, 26.889073
8.784519, 9.047141, 10.213862, 11.645967, 12.449738, 14.944267119999985, 26.889073
8.783667, 9.0467975, 10.201259, 11.596551, 12.388296, 14.815255449999988, 26.889073
8.78854875, 9.056303, 10.246592, 11.673554, 12.539855, 15.027702, 26.889073
8.783974500000001, 9.053234, 10.23057675, 11.662042, 12.502753, 14.96523062999995, 26.889073
8.786061, 9.0424705, 10.184627, 11.632023, 12.397371, 14.873687, 26.889073
10.176276, 12.832362, 16.5266235, 20.955822, 23.727855, 29.875391, 113.56555411862814
10.124077, 12.883591500000001, 16.648261, 21.220670300000005, 23.92837544999999, 30.024528, 40.498626
10.243576, 12.870027499999999, 16.65276775, 21.119002, 23.927535, 30.58660225000002, 43.791491
10.18424075, 12.801018, 16.548862, 20.955822, 23.808066799999963, 30.292728, 43.791491
10.188148, 12.786401, 16.50677675, 20.9071259, 23.856342, 30.20000452, 40.498626
10.199539999999999, 12.870027499999999, 16.747312, 21.150256, 23.858596, 30.043322500000034, 38.302754
10.1593905, 12.823557, 16.710115, 21.2353151, 24.03286309999999, 30.201442, 43.791491
10.188148, 12.7692005, 16.648261, 21.194177, 23.92834979999999, 29.65298499000002, 43.791491
10.19261425, 12.7309165, 16.5372025, 21.073148000000003, 23.72636635, 29.718428, 40.498626
10.198027, 12.8782605, 16.703239500000002, 20.988132999999998, 23.914962, 29.999569110000007, 43.791491
10.158834500000001, 12.660785, 16.473646, 20.870476, 23.72912309999999, 29.482628540000007, 40.498626
10.17927225, 12.7692005, 16.437438, 21.150714, 23.97602889999998, 29.875391, 43.791491
10.179416, 12.768828, 16.4558885, 21.049024, 23.927562, 29.61283377000001, 43.791491
10.179416, 12.7902705, 16.58184675, 21.196599, 24.15933, 31.02797, 43.791491
10.21619575, 12.87267, 16.634294, 21.1450621, 24.03379744999999, 30.299877, 43.791491
10.201797, 12.859858500000001, 16.563731, 21.150714, 23.881282, 30.20242635000002, 43.791491
8.78464, 9.053013, 10.22719, 11.652184799999999, 12.501693999999986, 15.049793, 105.92171270018855
8.863359, 9.000016, 9.1764875, 9.458109, 9.951636749999995, 11.970199829999983, 99.6564099684249
8.87454325, 9.020583, 9.2130045, 9.493502, 9.834522, 12.34517668999999, 119.88899355098269
8.873081, 9.0189635, 9.21001225, 9.482734, 9.813335, 12.047984, 52.853195
8.874886, 9.020633, 9.211067, 9.485316, 9.817646, 12.419993, 52.853195
8.875399, 9.0222575, 9.216112, 9.4943951, 9.8420198, 12.222361, 52.853195
8.874377, 9.020976999999998, 9.213321, 9.492295, 9.842187, 12.37454136, 52.853195
8.873081, 9.01896, 9.210588, 9.494379, 9.821551849999993, 12.372486, 52.853195
8.873645, 9.0204155, 9.209042, 9.476549, 9.813741, 12.277897, 52.853195
8.865610499999999, 9.005046, 9.183548, 9.459578, 9.980987, 11.993312469999951, 117.29949222466091
8.86570575, 9.002467, 9.17894175, 9.4448559, 10.003537249999999, 11.922215, 37.448702
8.866158500000001, 9.002868, 9.181367, 9.444963, 9.961654, 11.913174, 37.448702
8.867063, 9.00201, 9.17524, 9.4457945, 9.930965, 11.932545, 37.448702
8.87826625, 9.029447, 9.2224365, 9.486620700000001, 9.7646665, 12.277909739999997, 52.853195
8.868428, 9.00341, 9.179745, 9.449913, 10.004416, 11.913174, 114.27883604540868
8.866778, 9.003879, 9.18667875, 9.462205, 10.004416, 12.048048670000002, 37.448702
8.862614, 9.002021500000001, 9.1809545, 9.4498257, 9.973715, 11.999339, 37.448702
8.871097, 9.0087485, 9.182622, 9.4452797, 9.953317199999997, 11.913174, 35.734803
8.868851, 9.004383, 9.184887, 9.4567853, 9.985579, 12.223577700000007, 37.448702
8.86885625, 9.003191, 9.1713105, 9.440225, 9.918443799999999, 11.938814470000004, 37.448702
8.865372749999999, 9.003352, 9.1768405, 9.435525, 9.913566649999998, 11.903319540000002, 35.734803
8.866556000000001, 9.004875, 9.18142875, 9.478324, 9.9920315, 11.932675, 37.448702
8.86393275, 9.002208, 9.17178, 9.434658, 9.92934, 11.993545, 37.448702
8.868245, 9.000636, 9.172687, 9.437911, 9.952919, 11.89654, 37.448702
8.866735, 9.0007885, 9.175607, 9.437902, 9.956152, 11.932546299999998, 37.448702
8.865184249999999, 9.000936, 9.172687, 9.437911, 9.94071025, 12.048048670000002, 37.448702
8.8643685, 9.003879, 9.174747, 9.445860999999999, 9.915973, 11.897877, 37.448702
8.872288750000001, 9.015214, 9.197477249999999, 9.46752, 9.787059199999998, 11.749161280000003, 37.448702
8.86930175, 9.0145765, 9.208011, 9.4986456, 9.813497599999998, 12.374849480000002, 52.853195
8.87612775, 9.024908499999999, 9.214293249999999, 9.4921123, 9.843266, 12.328194900000002, 52.853195
8.871360750000001, 9.013343500000001, 9.20855875, 9.4632909, 9.778194099999999, 11.851628, 52.853195
8.871375, 9.0171405, 9.21170275, 9.501733, 9.873974, 12.708149720000002, 52.853195
8.870981, 9.019922999999999, 9.20674475, 9.472187, 9.807905, 12.257427630000006, 52.853195
8.87577325, 9.0209975, 9.2096585, 9.4686102, 9.806864150000001, 12.330609640000004, 35.734803
8.874187, 9.0253065, 9.215661, 9.4978701, 9.834580399999998, 12.170301710000011, 52.853195
8.876812000000001, 9.0208665, 9.21028475, 9.4912507, 9.8599695, 12.382635400000009, 37.448702
8.87741, 9.021908, 9.217000500000001, 9.502057, 9.82521055, 11.9326057, 52.853195
8.87682625, 9.024026, 9.21589525, 9.476728, 9.80791975, 11.958679300000004, 37.448702
8.874127, 9.019178, 9.206852, 9.4977867, 9.872469199999998, 12.170301710000011, 35.734803
8.875357, 9.024014999999999, 9.212746, 9.479485, 9.80838985, 11.973002500000003, 37.448702
8.87396, 9.0223265, 9.209681, 9.4825027, 9.823227899999997, 12.27790974, 35.734803
8.877124, 9.023186, 9.212707, 9.4973877, 9.905082499999999, 12.57590586000001, 35.487972
8.87411275, 9.020653, 9.215524, 9.5021115, 9.851466949999997, 12.482724960000002, 37.448702
8.874884, 9.019583, 9.211729250000001, 9.480924, 9.806857, 12.27842265000001, 52.853195
8.87475375, 9.019657, 9.213961, 9.4979372, 9.842240949999999, 12.374615840000002, 52.853195
8.872452, 9.017492, 9.209097, 9.491559, 9.823425, 12.482724960000002, 52.853195
8.874523, 9.023576, 9.20372025, 9.477209, 9.78322725, 11.97031703, 52.853195
8.880488, 9.022124, 9.213821, 9.4889078, 9.8289376, 12.170292940000012, 52.853195
8.87867, 9.0235085, 9.218725000000001, 9.5183299, 9.875016, 12.383144040000001, 52.853195
8.873736, 9.021415, 9.216112, 9.503098999999999, 9.844062199999998, 12.38223143, 52.853195
8.87895725, 9.0196945, 9.204476999999999, 9.480926, 9.823375, 12.257208, 52.853195
8.87305525, 9.019628, 9.2098475, 9.482715, 9.831478949999996, 12.708472650000008, 52.853195
8.87608075, 9.023186, 9.210632, 9.4771145, 9.79945905, 12.374849480000002, 52.853195
8.871288, 9.019516500000002, 9.210253999999999, 9.476799, 9.751533, 12.048048670000002, 36.893046
8.8731065, 9.020147, 9.203975750000001, 9.4884586, 9.850423399999999, 12.482597, 52.853195
8.88869475, 9.046312, 9.242608, 9.520627, 9.768439, 14.00522200000009, 36.893046
8.866778, 9.010311, 9.200945, 9.496736, 10.151806, 12.315773, 96.01359951732441
8.867202, 9.006479, 9.18667875, 9.440294, 9.929421249999999, 12.328293229999998, 35.734803
8.869176, 9.002949999999998, 9.173734249999999, 9.4452652, 9.941310949999997, 12.223577699999993, 35.330604
8.85953625, 8.9987065, 9.178934, 9.4379762, 9.904375, 11.705858709999998, 35.330604
8.868687249999999, 9.000099500000001, 9.16496875, 9.427809, 9.941154449999997, 12.315919889999996, 33.51644
8.8632195, 9.00556, 9.190225250000001, 9.4654971, 10.013985749999998, 11.999339, 37.448702
8.87575125, 9.005974, 9.182802500000001, 9.4609165, 9.9920315, 11.913367709999996, 37.448702
8.8640925, 8.999671500000002, 9.185034, 9.4189766, 9.77080765, 11.970619969999992, 37.448702
8.863657, 9.003557, 9.178993, 9.452182800000001, 9.9045498, 11.993602939999997, 37.448702
8.87515275, 9.008225, 9.18458175, 9.477576, 10.121917, 12.048048669999998, 37.448702
8.866556000000001, 9.005209, 9.172981, 9.4746934, 10.071191749999997, 11.932958999999993, 37.448702
8.8705075, 9.001531, 9.171114, 9.414155000000001, 9.843189, 12.277909739999998, 35.734803
8.864417249999999, 8.998698, 9.17379725, 9.4233548, 9.941930549999993, 12.073487519999976, 35.487972
8.85888225, 9.0002745, 9.1654375, 9.4381112, 9.94117155, 12.223577699999993, 33.51644
8.8638735, 9.002961, 9.17694125, 9.432031, 9.908827899999995, 11.83972962999999, 33.51644
8.8588325, 9.005045, 9.178972, 9.4622059, 9.899666, 11.896900049999992, 37.448702
8.864668, 9.005314, 9.188013, 9.4615561, 10.06491315, 11.89486393, 37.448702
8.868889750000001, 9.001924, 9.178158, 9.4712116, 10.0044173, 12.05613009999996, 35.330604
8.863614, 8.991412, 9.164548499999999, 9.4496278, 9.921269099999998, 11.749985959999979, 35.734803
8.865039, 9.0021175, 9.16826075, 9.4146474, 9.85097105, 11.725889349999992, 33.51644
8.867031749999999, 9.0039725, 9.181603, 9.4449376, 9.940976799999998, 11.922378999999996, 35.330604
8.860784500000001, 9.0032625, 9.17739575, 9.4658418, 10.033099, 12.170292939999987, 37.448702
8.861814, 9.006327500000001, 9.19267775, 9.459373600000001, 9.931174599999993, 12.048048669999998, 35.330604
8.866467, 8.9997635, 9.164064, 9.4167936, 9.897192, 12.277897, 24.923449
8.86885625, 9.0011505, 9.173774, 9.4222489, 9.885460499999995, 11.874662979999995, 16.295498
8.86384, 8.997402000000001, 9.1664665, 9.413109, 9.953742149999995, 11.903409949999995, 37.448702
8.862357000000001, 8.996131, 9.1738355, 9.462339400000001, 9.97230775, 12.074013459999964, 37.448702
8.862495000000001, 8.9984875, 9.175945, 9.4654971, 10.057531549999998, 11.832213, 37.448702
8.86988275, 9.004392500000002, 9.177131750000001, 9.4582122, 10.014522549999995, 11.961167169999998, 35.734803
8.86667225, 8.9989805, 9.165076, 9.4277843, 9.94071025, 11.89655337, 35.734803
8.86330125, 9.0032085, 9.178865, 9.4379762, 9.93106605, 12.072515, 37.448702
8.85709975, 8.993117, 9.161672, 9.438809, 9.897192, 11.676302759999993, 35.734803
8.86572825, 9.004061, 9.18434225, 9.4505011, 9.927693549999995, 11.87444791, 35.734803
8.8708595, 8.9992485, 9.164952, 9.4403328, 9.993422349999994, 12.008414479999985, 37.448702
8.85929425, 8.999132, 9.17372475, 9.416717, 9.860792099999998, 12.348550129999992, 35.734803
8.867031749999999, 9.001585500000001, 9.167045, 9.4425307, 9.874425, 11.668565450000001, 37.448702
8.868851, 9.010185, 9.181514250000001, 9.4721799, 10.065806199999997, 12.00104327999996, 37.448702
8.863795, 9.001384, 9.18388275, 9.445246399999998, 9.931906199999995, 11.897160219999986, 35.734803
8.8634315, 9.007412, 9.172583, 9.469301499999998, 10.067905, 11.970666749999992, 35.734803
8.869261, 8.9963475, 9.17089425, 9.4405118, 9.941505699999997, 11.922319599999996, 37.448702
8.86591075, 9.008296, 9.189082, 9.4591847, 9.9727296, 12.003602619999986, 29.227148
8.859537, 8.998255, 9.186184, 9.4581268, 9.929366, 12.072515, 35.734803
8.872313, 9.002492499999999, 9.165987000000001, 9.4655565, 9.97230775, 11.810219539999993, 35.734803
8.87128325, 9.014781, 9.183431, 9.4461933, 9.962186049999996, 12.312307999999998, 35.734803
8.869959999999999, 9.003801, 9.183206250000001, 9.4313164, 9.969527649999998, 11.815764149999996, 35.734803
8.868461, 9.00428, 9.18049125, 9.4581268, 10.074187399999996, 11.961541919999988, 35.487972
8.86332225, 9.00448, 9.1768405, 9.460784, 9.97230775, 11.8948773, 35.330604
8.8674, 9.004629, 9.173303, 9.4400171, 9.921087849999997, 11.9993765, 37.448702
8.86874525, 9.002793, 9.1737425, 9.4214685, 10.004451600000001, 11.795411899999996, 35.487972
8.861511, 9.00173, 9.17608375, 9.440626100000001, 9.9812166, 11.96149513999999, 37.448702
8.86347275, 8.995891499999999, 9.1829805, 9.4696609, 10.004451600000001, 11.903514549999992, 35.487972
8.86997025, 9.007724, 9.18973425, 9.458456, 10.0134759, 11.932805169999993, 37.448702
8.8658955, 9.005163, 9.187419, 9.471563699999999, 10.052824, 11.89486393, 35.734803
8.86391575, 9.002833500000001, 9.1815945, 9.4486272, 9.940976799999998, 12.054610679999996, 37.448702
8.864417249999999, 8.991951, 9.1797915, 9.451941900000001, 10.061537799999998, 11.970524529999995, 33.51644
8.86048975, 9.004983, 9.16950975, 9.4349824, 9.973297499999996, 11.9993765, 37.448702
8.87119, 9.004118, 9.176628000000001, 9.4626924, 10.107773699999994, 11.938814469999995, 37.448702
8.86165675, 9.002301, 9.18761325, 9.4726862, 10.0044173, 11.913367709999996, 37.448702
8.873825499999999, 9.010941, 9.191893499999999, 9.508239600000001, 10.0822756, 12.222369769999998, 35.487972
8.867824, 9.004118, 9.17332325, 9.4557465, 9.8973157, 11.932734399999998, 33.51644
8.870050249999998, 9.002513, 9.17732475, 9.4684183, 10.004442, 12.33097960999999, 35.734803
8.866367, 9.0016225, 9.17381075, 9.4231981, 10.069289499999998, 11.875504819999989, 35.734803
8.869577249999999, 9.0083815, 9.181374250000001, 9.4768961, 9.97260825, 12.071412479999976, 35.487972
8.856127749999999, 9.005046, 9.17048275, 9.430291, 9.90801325, 11.993602939999997, 35.330604
8.859546, 9.001326, 9.176505, 9.476735099999999, 10.132735, 12.34525584, 37.448702
8.86539475, 9.002317, 9.1901105, 9.4557643, 9.992015, 12.277909739999998, 16.928153
8.8638465, 9.004060500000001, 9.184715, 9.4712163, 9.971022949999998, 11.932958999999993, 37.448702
8.861929, 9.0009175, 9.17533175, 9.4495739, 9.9982166, 11.815598, 37.448702
8.861499250000001, 8.996527, 9.17023675, 9.4221916, 9.891773749999999, 12.003602619999986, 37.448702
8.86510375, 8.994430000000001, 9.1708545, 9.424585, 9.941349199999998, 12.008233839999988, 35.330604
8.86915825, 9.00173, 9.18061025, 9.503252, 10.137858399999999, 12.374857909999998, 37.448702
8.863941, 9.004194, 9.18636375, 9.4583724, 9.92986, 12.423773779999992, 37.448702
8.863247, 8.9985635, 9.171453999999999, 9.460139999999999, 10.103760949999998, 12.223238, 33.51644
8.8632905, 9.0005965, 9.165448, 9.4221256, 9.8435169, 12.00353794999999, 37.448702
8.861762500000001, 9.002492499999999, 9.186747500000001, 9.462276600000001, 10.0899381, 12.048048669999998, 37.448702
8.8711135, 9.008032, 9.178865, 9.4622847, 9.905263, 11.897510049999976, 35.734803
8.86309975, 9.001637500000001, 9.1857855, 9.4313164, 9.953775149999997, 12.279683909999989, 35.487972
8.855526999999999, 8.994268, 9.17091025, 9.4380572, 10.005544299999997, 11.970619969999992, 35.487972
8.86079825, 8.996781, 9.176253500000001, 9.4206334, 9.857096649999999, 11.875228479999995, 37.448702
8.86406225, 9.0054845, 9.178898, 9.471973, 10.004487899999999, 11.90322, 37.448702
8.86622, 9.0053975, 9.1794245, 9.4433063, 9.892177949999997, 11.898483849999986, 35.487972
8.860211, 8.998249, 9.175445, 9.4373278, 9.9465109, 11.95858713, 24.923449
8.856216, 8.996363, 9.16777325, 9.4574401, 9.90801325, 12.070419, 35.734803
8.8686905, 9.0066895, 9.185212750000002, 9.466656, 10.068356949999997, 11.913369009999995, 35.734803
8.86329, 9.0018355, 9.17903225, 9.4400171, 10.005128, 11.89458366, 35.734803
8.864491, 9.007208, 9.185687, 9.4667416, 10.069163799999998, 11.999339, 35.330604
8.87178825, 9.0084165, 9.18697175, 9.4518217, 10.018997, 12.374539, 35.734803
8.8643255, 8.9981025, 9.17615225, 9.4461567, 9.95010715, 11.738699879999997, 37.448702
8.862580000000001, 9.002692, 9.18610675, 9.448525, 9.918463749999999, 12.008233839999988, 35.734803
8.8729675, 9.00341, 9.170497, 9.444844, 9.875280549999996, 11.875231139999995, 35.734803
8.870303, 9.002763, 9.16995425, 9.427809, 10.013731149999998, 11.933212939999983, 35.330604
8.89676275, 9.0400815, 9.24803975, 9.5356927, 9.84188845, 14.409724019999985, 21.371576
8.877934, 9.0395245, 9.23690875, 9.4721914, 9.68236215, 15.976887, 36.893046
8.875323, 9.0309615, 9.2224365, 9.483533600000001, 9.69269565, 13.258511, 17.997995
8.8978075, 9.056192, 9.2508755, 9.5348939, 9.818740700000001, 16.79463387, 32.855096
8.877103, 9.0441325, 9.260386, 9.535433900000001, 9.86233115, 17.23158774, 36.893046
8.8828005, 9.0306235, 9.2272105, 9.481126100000001, 9.70376755, 13.494443679999991, 36.893046
8.875511249999999, 9.0364275, 9.25044575, 9.477381000000001, 9.726112350000001, 14.007108829999995, 52.853195
8.888299250000001, 9.0436445, 9.25087725, 9.511583, 9.79653025, 15.977705209999998, 20.217992
8.880658, 9.0358895, 9.23877325, 9.510876, 9.7640804, 14.196959149999998, 52.853195
0, 0, 0, 0, 0, 0, 0
0, 0, 0, 0, 0, 0, 0
0, 0, 0, 0, 0, 0, 0
0, 0, 0, 0, 0, 0, 0
0, 0, 0, 0, 0, 0, 0
0, 0, 0, 0, 0, 0, 0
0, 0, 0, 0, 0, 0, 0
0, 0, 0, 0, 0, 0, 0
0, 0, 0, 0, 0, 0, 0
0, 0, 0, 0, 0, 0, 0
0, 0, 0, 0, 0, 0, 0
0, 0, 0, 0, 0, 0, 0
0, 0, 0, 0, 0, 0, 0
0, 0, 0, 0, 0, 0, 0
0, 0, 0, 0, 0, 0, 0
0, 0, 0, 0, 0, 0, 0
0, 0, 0, 0, 0, 0, 0
0, 0, 0, 0, 0, 0, 0
0, 0, 0, 0, 0, 0, 0
0, 0, 0, 0, 0, 0, 0
0, 0, 0, 0, 0, 0, 0
0, 0, 0, 0, 0, 0, 0
0, 0, 0, 0, 0, 0, 0
0, 0, 0, 0, 0, 0, 0
0, 0, 0, 0, 0, 0, 0
0, 0, 0, 0, 0, 0, 0
0, 0, 0, 0, 0, 0, 0
0, 0, 0, 0, 0, 0, 0
0, 0, 0, 0, 0, 0, 0
0, 0, 0, 0, 0, 0, 0
0, 0, 0, 0, 0, 0, 0
0, 0, 0, 0, 0, 0, 0
0, 0, 0, 0, 0, 0, 0
0, 0, 0, 0, 0, 0, 0
0, 0, 0, 0, 0, 0, 0
0, 0, 0, 0, 0, 0, 0
0, 0, 0, 0, 0, 0, 0
0, 0, 0, 0, 0, 0, 0
0, 0, 0, 0, 0, 0, 0
0, 0, 0, 0, 0, 0, 0
0, 0, 0, 0, 0, 0, 0
0, 0, 0, 0, 0, 0, 0
0, 0, 0, 0, 0, 0, 0
0, 0, 0, 0, 0, 0, 0
0, 0, 0, 0, 0, 0, 0
0, 0, 0, 0, 0, 0, 0
0, 0, 0, 0, 0, 0, 0
0, 0, 0, 0, 0, 0, 0
0, 0, 0, 0, 0, 0, 0
0, 0, 0, 0, 0, 0, 0
0, 0, 0, 0, 0, 0, 0
0, 0, 0, 0, 0, 0, 0
0, 0, 0, 0, 0, 0, 0
0, 0, 0, 0, 0, 0, 0
0, 0, 0, 0, 0, 0, 0
0, 0, 0, 0, 0, 0, 0
0, 0, 0, 0, 0, 0, 0
0, 0, 0, 0, 0, 0, 0
0, 0, 0, 0, 0, 0, 0
0, 0, 0, 0, 0, 0, 0
0, 0, 0, 0, 0, 0, 0
0, 0, 0, 0, 0, 0, 0
0, 0, 0, 0, 0, 0, 0
0, 0, 0, 0, 0, 0, 0
0, 0, 0, 0, 0, 0, 0
0, 0, 0, 0, 0, 0, 0
0, 0, 0, 0, 0, 0, 0
0, 0, 0, 0, 0, 0, 0
0, 0, 0, 0, 0, 0, 0
0, 0, 0, 0, 0, 0, 0
0, 0, 0, 0, 0, 0, 0
0, 0, 0, 0, 0, 0, 0
0, 0, 0, 0, 0, 0, 0
0, 0, 0, 0, 0, 0, 0
0, 0, 0, 0, 0, 0, 0
0, 0, 0, 0, 0, 0, 0
0, 0, 0, 0, 0, 0, 0
0, 0, 0, 0, 0, 0, 0
0, 0, 0, 0, 0, 0, 0
0, 0, 0, 0, 0, 0, 0
0, 0, 0, 0, 0, 0, 0
0, 0, 0, 0, 0, 0, 0
0, 0, 0, 0, 0, 0, 0
0, 0, 0, 0, 0, 0, 0
0, 0, 0, 0, 0, 0, 0
0, 0, 0, 0, 0, 0, 0
0, 0, 0, 0, 0, 0, 0
0, 0, 0, 0, 0, 0, 0
0, 0, 0, 0, 0, 0, 0
0, 0, 0, 0, 0, 0, 0
0, 0, 0, 0, 0, 0, 0
0, 0, 0, 0, 0, 0, 0
0, 0, 0, 0, 0, 0, 0
0, 0, 0, 0, 0, 0, 0
0, 0, 0, 0, 0, 0, 0
0, 0, 0, 0, 0, 0, 0
0, 0, 0, 0, 0, 0, 0
0, 0, 0, 0, 0, 0, 0
0, 0, 0, 0, 0, 0, 0
0, 0, 0, 0, 0, 0, 0
0, 0, 0, 0, 0, 0, 0
0, 0, 0, 0, 0, 0, 0
0, 0, 0, 0, 0, 0, 0
0, 0, 0, 0, 0, 0, 0
0, 0, 0, 0, 0, 0, 0
0, 0, 0, 0, 0, 0, 0
0, 0, 0, 0, 0, 0, 0
0, 0, 0, 0, 0, 0, 0
0, 0, 0, 0, 0, 0, 0
0, 0, 0, 0, 0, 0, 0
0, 0, 0, 0, 0, 0, 0
0, 0, 0, 0, 0, 0, 0
0, 0, 0, 0, 0, 0, 0
0, 0, 0, 0, 0, 0, 0
0, 0, 0, 0, 0, 0, 0
0, 0, 0, 0, 0, 0, 0
0, 0, 0, 0, 0, 0, 0
0, 0, 0, 0, 0, 0, 0
0, 0, 0, 0, 0, 0, 0
0, 0, 0, 0, 0, 0, 0
0, 0, 0, 0, 0, 0, 0
0, 0, 0, 0, 0, 0, 0
0, 0, 0, 0, 0, 0, 0
0, 0, 0, 0, 0, 0, 0
0, 0, 0, 0, 0, 0, 0
0, 0, 0, 0, 0, 0, 0
0, 0, 0, 0, 0, 0, 0
0, 0, 0, 0, 0, 0, 0
0, 0, 0, 0, 0, 0, 0
0, 0, 0, 0, 0, 0, 0
0, 0, 0, 0, 0, 0, 0
0, 0, 0, 0, 0, 0, 0
0, 0, 0, 0, 0, 0, 0
0, 0, 0, 0, 0, 0, 0
0, 0, 0, 0, 0, 0, 0
0, 0, 0, 0, 0, 0, 0
0, 0, 0, 0, 0, 0, 0
0, 0, 0, 0, 0, 0, 0
0, 0, 0, 0, 0, 0, 0
0, 0, 0, 0, 0, 0, 0
0, 0, 0, 0, 0, 0, 0
0, 0, 0, 0, 0, 0, 0
0, 0, 0, 0, 0, 0, 0
0, 0, 0, 0, 0, 0, 0
0, 0, 0, 0, 0, 0, 0
0, 0, 0, 0, 0, 0, 0
0, 0, 0, 0, 0, 0, 0
0, 0, 0, 0, 0, 0, 0
0, 0, 0, 0, 0, 0, 0
0, 0, 0, 0, 0, 0, 0
0, 0, 0, 0, 0, 0, 0
0, 0, 0, 0, 0, 0, 0
0, 0, 0, 0, 0, 0, 0
0, 0, 0, 0, 0, 0, 0
0, 0, 0, 0, 0, 0, 0
0, 0, 0, 0, 0, 0, 0
0, 0, 0, 0, 0, 0, 0
0, 0, 0, 0, 0, 0, 0
0, 0, 0, 0, 0, 0, 0
0, 0, 0, 0, 0, 0, 0
0, 0, 0, 0, 0, 0, 0
0, 0, 0, 0, 0, 0, 0
0, 0, 0, 0, 0, 0, 0
0, 0, 0, 0, 0, 0, 0
0, 0, 0, 0, 0, 0, 0
0, 0, 0, 0, 0, 0, 0
0, 0, 0, 0, 0, 0, 0
0, 0, 0, 0, 0, 0, 0
0, 0, 0, 0, 0, 0, 0
0, 0, 0, 0, 0, 0, 0
0, 0, 0, 0, 0, 0, 0
0, 0, 0, 0, 0, 0, 0
0, 0, 0, 0, 0, 0, 0
0, 0, 0, 0, 0, 0, 0
0, 0, 0, 0, 0, 0, 0
0, 0, 0, 0, 0, 0, 0
0, 0, 0, 0, 0, 0, 0
0, 0, 0, 0, 0, 0, 0
0, 0, 0, 0, 0, 0, 0
0, 0, 0, 0, 0, 0, 0
0, 0, 0, 0, 0, 0, 0
0, 0, 0, 0, 0, 0, 0
0, 0, 0, 0, 0, 0, 0
0, 0, 0, 0, 0, 0, 0
0, 0, 0, 0, 0, 0, 0
0, 0, 0, 0, 0, 0, 0
0, 0, 0, 0, 0, 0, 0
0, 0, 0, 0, 0, 0, 0
0, 0, 0, 0, 0, 0, 0
0, 0, 0, 0, 0, 0, 0
0, 0, 0, 0, 0, 0, 0
0, 0, 0, 0, 0, 0, 0
0, 0, 0, 0, 0, 0, 0
0, 0, 0, 0, 0, 0, 0
0, 0, 0, 0, 0, 0, 0
0, 0, 0, 0, 0, 0, 0
0, 0, 0, 0, 0, 0, 0
0, 0, 0, 0, 0, 0, 0
0, 0, 0, 0, 0, 0, 0
0, 0, 0, 0, 0, 0, 0
0, 0, 0, 0, 0, 0, 0
0, 0, 0, 0, 0, 0, 0
0, 0, 0, 0, 0, 0, 0
0, 0, 0, 0, 0, 0, 0
0, 0, 0, 0, 0, 0, 0
0, 0, 0, 0, 0, 0, 0
0, 0, 0, 0, 0, 0, 0
0, 0, 0, 0, 0, 0, 0
0, 0, 0, 0, 0, 0, 0
0, 0, 0, 0, 0, 0, 0
0, 0, 0, 0, 0, 0, 0
0, 0, 0, 0, 0, 0, 0
0, 0, 0, 0, 0, 0, 0
0, 0, 0, 0, 0, 0, 0
0, 0, 0, 0, 0, 0, 0
0, 0, 0, 0, 0, 0, 0
0, 0, 0, 0, 0, 0, 0
0, 0, 0, 0, 0, 0, 0
0, 0, 0, 0, 0, 0, 0
0, 0, 0, 0, 0, 0, 0
0, 0, 0, 0, 0, 0, 0
0, 0, 0, 0, 0, 0, 0
0, 0, 0, 0, 0, 0, 0
0, 0, 0, 0, 0, 0, 0
0, 0, 0, 0, 0, 0, 0
0, 0, 0, 0, 0, 0, 0
0, 0, 0, 0, 0, 0, 0
0, 0, 0, 0, 0, 0, 0
0, 0, 0, 0, 0, 0, 0
0, 0, 0, 0, 0, 0, 0
0, 0, 0, 0, 0, 0, 0
0, 0, 0, 0, 0, 0, 0
0, 0, 0, 0, 0, 0, 0
0, 0, 0, 0, 0, 0, 0
0, 0, 0, 0, 0, 0, 0
0, 0, 0, 0, 0, 0, 0
0, 0, 0, 0, 0, 0, 0
0, 0, 0, 0, 0, 0, 0
0, 0, 0, 0, 0, 0, 0
0, 0, 0, 0, 0, 0, 0
0, 0, 0, 0, 0, 0, 0
0, 0, 0, 0, 0, 0, 0
0, 0, 0, 0, 0, 0, 0
0, 0, 0, 0, 0, 0, 0
0, 0, 0, 0, 0, 0, 0
0, 0, 0, 0, 0, 0, 0
0, 0, 0, 0, 0, 0, 0
0, 0, 0, 0, 0, 0, 0
0, 0, 0, 0, 0, 0, 0
0, 0, 0, 0, 0, 0, 0
0, 0, 0, 0, 0, 0, 0
0, 0, 0, 0, 0, 0, 0
0, 0, 0, 0, 0, 0, 0
0, 0, 0, 0, 0, 0, 0
0, 0, 0, 0, 0, 0, 0
0, 0, 0, 0, 0, 0, 0
0, 0, 0, 0, 0, 0, 0
0, 0, 0, 0, 0, 0, 0
0, 0, 0, 0, 0, 0, 0
0, 0, 0, 0, 0, 0, 0
0, 0, 0, 0, 0, 0, 0
0, 0, 0, 0, 0, 0, 0
0, 0, 0, 0, 0, 0, 0
0, 0, 0, 0, 0, 0, 0
0, 0, 0, 0, 0, 0, 0
0, 0, 0, 0, 0, 0, 0
0, 0, 0, 0, 0, 0, 0
0, 0, 0, 0, 0, 0, 0
0, 0, 0, 0, 0, 0, 0
0, 0, 0, 0, 0, 0, 0
0, 0, 0, 0, 0, 0, 0
0, 0, 0, 0, 0, 0, 0
0, 0, 0, 0, 0, 0, 0
0, 0, 0, 0, 0, 0, 0
0, 0, 0, 0, 0, 0, 0
0, 0, 0, 0, 0, 0, 0
0, 0, 0, 0, 0, 0, 0
0, 0, 0, 0, 0, 0, 0
0, 0, 0, 0, 0, 0, 0
0, 0, 0, 0, 0, 0, 0
0, 0, 0, 0, 0, 0, 0
0, 0, 0, 0, 0, 0, 0
0, 0, 0, 0, 0, 0, 0
0, 0, 0, 0, 0, 0, 0
0, 0, 0, 0, 0, 0, 0
0, 0, 0, 0, 0, 0, 0
0, 0, 0, 0, 0, 0, 0
0, 0, 0, 0, 0, 0, 0
0, 0, 0, 0, 0, 0, 0
0, 0, 0, 0, 0, 0, 0
0, 0, 0, 0, 0, 0, 0
0, 0, 0, 0, 0, 0, 0
0, 0, 0, 0, 0, 0, 0
0, 0, 0, 0, 0, 0, 0
0, 0, 0, 0, 0, 0, 0
0, 0, 0, 0, 0, 0, 0
0, 0, 0, 0, 0, 0, 0
0, 0, 0, 0, 0, 0, 0
0, 0, 0, 0, 0, 0, 0
0, 0, 0, 0, 0, 0, 0
0, 0, 0, 0, 0, 0, 0
0, 0, 0, 0, 0, 0, 0
0, 0, 0, 0, 0, 0, 0
0, 0, 0, 0, 0, 0, 0
0, 0, 0, 0, 0, 0, 0
0, 0, 0, 0, 0, 0, 0
0, 0, 0, 0, 0, 0, 0
0, 0, 0, 0, 0, 0, 0
0, 0, 0, 0, 0, 0, 0
0, 0, 0, 0, 0, 0, 0
0, 0, 0, 0, 0, 0, 0
0, 0, 0, 0, 0, 0, 0
0, 0, 0, 0, 0, 0, 0
0, 0, 0, 0, 0, 0, 0
0, 0, 0, 0, 0, 0, 0
0, 0, 0, 0, 0, 0, 0
0, 0, 0, 0, 0, 0, 0
0, 0, 0, 0, 0, 0, 0
0, 0, 0, 0, 0, 0, 0
0, 0, 0, 0, 0, 0, 0
0, 0, 0, 0, 0, 0, 0
0, 0, 0, 0, 0, 0, 0
0, 0, 0, 0, 0, 0, 0
0, 0, 0, 0, 0, 0, 0
0, 0, 0, 0, 0, 0, 0
0, 0, 0, 0, 0, 0, 0
0, 0, 0, 0, 0, 0, 0
0, 0, 0, 0, 0, 0, 0
0, 0, 0, 0, 0, 0, 0
0, 0, 0, 0, 0, 0, 0
0, 0, 0, 0, 0, 0, 0
0, 0, 0, 0, 0, 0, 0
0, 0, 0, 0, 0, 0, 0
0, 0, 0, 0, 0, 0, 0
0, 0, 0, 0, 0, 0, 0
0, 0, 0, 0, 0, 0, 0
0, 0, 0, 0, 0, 0, 0
0, 0, 0, 0, 0, 0, 0
0, 0, 0, 0, 0, 0, 0
0, 0, 0, 0, 0, 0, 0
0, 0, 0, 0, 0, 0, 0
0, 0, 0, 0, 0, 0, 0
0, 0, 0, 0, 0, 0, 0
0, 0, 0, 0, 0, 0, 0
0, 0, 0, 0, 0, 0, 0
0, 0, 0, 0, 0, 0, 0
0, 0, 0, 0, 0, 0, 0
0, 0, 0, 0, 0, 0, 0
0, 0, 0, 0, 0, 0, 0
0, 0, 0, 0, 0, 0, 0
0, 0, 0, 0, 0, 0, 0
0, 0, 0, 0, 0, 0, 0
0, 0, 0, 0, 0, 0, 0
0, 0, 0, 0, 0, 0, 0
0, 0, 0, 0, 0, 0, 0
0, 0, 0, 0, 0, 0, 0
0, 0, 0, 0, 0, 0, 0
0, 0, 0, 0, 0, 0, 0
0, 0, 0, 0, 0, 0, 0
0, 0, 0, 0, 0, 0, 0
0, 0, 0, 0, 0, 0, 0
0, 0, 0, 0, 0, 0, 0
0, 0, 0, 0, 0, 0, 0
0, 0, 0, 0, 0, 0, 0
0, 0, 0, 0, 0, 0, 0
0, 0, 0, 0, 0, 0, 0
0, 0, 0, 0, 0, 0, 0
0, 0, 0, 0, 0, 0, 0
0, 0, 0, 0, 0, 0, 0
0, 0, 0, 0, 0, 0, 0
0, 0, 0, 0, 0, 0, 0
0, 0, 0, 0, 0, 0, 0
0, 0, 0, 0, 0, 0, 0
0, 0, 0, 0, 0, 0, 0
0, 0, 0, 0, 0, 0, 0
0, 0, 0, 0, 0, 0, 0
0, 0, 0, 0, 0, 0, 0
0, 0, 0, 0, 0, 0, 0
0, 0, 0, 0, 0, 0, 0
0, 0, 0, 0, 0, 0, 0
0, 0, 0, 0, 0, 0, 0
0, 0, 0, 0, 0, 0, 0
0, 0, 0, 0, 0, 0, 0
0, 0, 0, 0, 0, 0, 0
0, 0, 0, 0, 0, 0, 0
0, 0, 0, 0, 0, 0, 0
0, 0, 0, 0, 0, 0, 0
0, 0, 0, 0, 0, 0, 0
0, 0, 0, 0, 0, 0, 0
0, 0, 0, 0, 0, 0, 0
0, 0, 0, 0, 0, 0, 0
0, 0, 0, 0, 0, 0, 0
0, 0, 0, 0, 0, 0, 0
0, 0, 0, 0, 0, 0, 0
0, 0, 0, 0, 0, 0, 0
0, 0, 0, 0, 0, 0, 0
0, 0, 0, 0, 0, 0, 0
0, 0, 0, 0, 0, 0, 0
0, 0, 0, 0, 0, 0, 0
0, 0, 0, 0, 0, 0, 0
0, 0, 0, 0, 0, 0, 0
0, 0, 0, 0, 0, 0, 0
0, 0, 0, 0, 0, 0, 0
0, 0, 0, 0, 0, 0, 0
0, 0, 0, 0, 0, 0, 0
0, 0, 0, 0, 0, 0, 0
0, 0, 0, 0, 0, 0, 0
0, 0, 0, 0, 0, 0, 0
0, 0, 0, 0, 0, 0, 0
0, 0, 0, 0, 0, 0, 0
0, 0, 0, 0, 0, 0, 0
0, 0, 0, 0, 0, 0, 0
0, 0, 0, 0, 0, 0, 0
0, 0, 0, 0, 0, 0, 0
0, 0, 0, 0, 0, 0, 0
0, 0, 0, 0, 0, 0, 0
0, 0, 0, 0, 0, 0, 0
0, 0, 0, 0, 0, 0, 0
0, 0, 0, 0, 0, 0, 0
0, 0, 0, 0, 0, 0, 0
0, 0, 0, 0, 0, 0, 0
0, 0, 0, 0, 0, 0, 0
0, 0, 0, 0, 0, 0, 0
0, 0, 0, 0, 0, 0, 0
0, 0, 0, 0, 0, 0, 0
0, 0, 0, 0, 0, 0, 0
0, 0, 0, 0, 0, 0, 0
0, 0, 0, 0, 0, 0, 0
0, 0, 0, 0, 0, 0, 0
0, 0, 0, 0, 0, 0, 0
0, 0, 0, 0, 0, 0, 0
0, 0, 0, 0, 0, 0, 0
0, 0, 0, 0, 0, 0, 0
0, 0, 0, 0, 0, 0, 0
0, 0, 0, 0, 0, 0, 0
0, 0, 0, 0, 0, 0, 0
0, 0, 0, 0, 0, 0, 0
0, 0, 0, 0, 0, 0, 0
0, 0, 0, 0, 0, 0, 0
0, 0, 0, 0, 0, 0, 0
0, 0, 0, 0, 0, 0, 0
0, 0, 0, 0, 0, 0, 0
0, 0, 0, 0, 0, 0, 0
0, 0, 0, 0, 0, 0, 0
0, 0, 0, 0, 0, 0, 0
0, 0, 0, 0, 0, 0, 0
0, 0, 0, 0, 0, 0, 0
0, 0, 0, 0, 0, 0, 0
0, 0, 0, 0, 0, 0, 0
0, 0, 0, 0, 0, 0, 0
0, 0, 0, 0, 0, 0, 0
0, 0, 0, 0, 0, 0, 0
0, 0, 0, 0, 0, 0, 0
0, 0, 0, 0, 0, 0, 0
0, 0, 0, 0, 0, 0, 0
0, 0, 0, 0, 0, 0, 0
0, 0, 0, 0, 0, 0, 0
0, 0, 0, 0, 0, 0, 0
0, 0, 0, 0, 0, 0, 0
0, 0, 0, 0, 0, 0, 0
0, 0, 0, 0, 0, 0, 0
0, 0, 0, 0, 0, 0, 0
0, 0, 0, 0, 0, 0, 0
0, 0, 0, 0, 0, 0, 0
0, 0, 0, 0, 0, 0, 0
0, 0, 0, 0, 0, 0, 0
0, 0, 0, 0, 0, 0, 0
0, 0, 0, 0, 0, 0, 0
0, 0, 0, 0, 0, 0, 0
0, 0, 0, 0, 0, 0, 0
0, 0, 0, 0, 0, 0, 0
0, 0, 0, 0, 0, 0, 0
0, 0, 0, 0, 0, 0, 0
0, 0, 0, 0, 0, 0, 0
0, 0, 0, 0, 0, 0, 0
0, 0, 0, 0, 0, 0, 0
0, 0, 0, 0, 0, 0, 0
0, 0, 0, 0, 0, 0, 0
0, 0, 0, 0, 0, 0, 0
0, 0, 0, 0, 0, 0, 0
0, 0, 0, 0, 0, 0, 0
0, 0, 0, 0, 0, 0, 0
0, 0, 0, 0, 0, 0, 0
0, 0, 0, 0, 0, 0, 0
0, 0, 0, 0, 0, 0, 0
0, 0, 0, 0, 0, 0, 0
0, 0, 0, 0, 0, 0, 0
0, 0, 0, 0, 0, 0, 0
0, 0, 0, 0, 0, 0, 0
0, 0, 0, 0, 0, 0, 0
0, 0, 0, 0, 0, 0, 0
0, 0, 0, 0, 0, 0, 0
0, 0, 0, 0, 0, 0, 0
0, 0, 0, 0, 0, 0, 0
0, 0, 0, 0, 0, 0, 0
0, 0, 0, 0, 0, 0, 0
0, 0, 0, 0, 0, 0, 0
0, 0, 0, 0, 0, 0, 0
0, 0, 0, 0, 0, 0, 0
0, 0, 0, 0, 0, 0, 0
0, 0, 0, 0, 0, 0, 0
0, 0, 0, 0, 0, 0, 0
0, 0, 0, 0, 0, 0, 0
0, 0, 0, 0, 0, 0, 0
0, 0, 0, 0, 0, 0, 0
0, 0, 0, 0, 0, 0, 0
0, 0, 0, 0, 0, 0, 0
0, 0, 0, 0, 0, 0, 0
0, 0, 0, 0, 0, 0, 0
0, 0, 0, 0, 0, 0, 0
0, 0, 0, 0, 0, 0, 0
0, 0, 0, 0, 0, 0, 0
0, 0, 0, 0, 0, 0, 0
0, 0, 0, 0, 0, 0, 0
0, 0, 0, 0, 0, 0, 0
0, 0, 0, 0, 0, 0, 0
0, 0, 0, 0, 0, 0, 0
0, 0, 0, 0, 0, 0, 0
0, 0, 0, 0, 0, 0, 0
0, 0, 0, 0, 0, 0, 0
0, 0, 0, 0, 0, 0, 0
0, 0, 0, 0, 0, 0, 0
0, 0, 0, 0, 0, 0, 0
0, 0, 0, 0, 0, 0, 0
0, 0, 0, 0, 0, 0, 0
0, 0, 0, 0, 0, 0, 0
0, 0, 0, 0, 0, 0, 0
0, 0, 0, 0, 0, 0, 0
0, 0, 0, 0, 0, 0, 0
0, 0, 0, 0, 0, 0, 0
0, 0, 0, 0, 0, 0, 0
0, 0, 0, 0, 0, 0, 0
0, 0, 0, 0, 0, 0, 0
0, 0, 0, 0, 0, 0, 0
0, 0, 0, 0, 0, 0, 0
0, 0, 0, 0, 0, 0, 0
0, 0, 0, 0, 0, 0, 0
0, 0, 0, 0, 0, 0, 0
0, 0, 0, 0, 0, 0, 0
0, 0, 0, 0, 0, 0, 0
0, 0, 0, 0, 0, 0, 0
0, 0, 0, 0, 0, 0, 0
0, 0, 0, 0, 0, 0, 0
0, 0, 0, 0, 0, 0, 0
0, 0, 0, 0, 0, 0, 0
0, 0, 0, 0, 0, 0, 0
0, 0, 0, 0, 0, 0, 0
0, 0, 0, 0, 0, 0, 0
0, 0, 0, 0, 0, 0, 0
0, 0, 0, 0, 0, 0, 0
0, 0, 0, 0, 0, 0, 0
0, 0, 0, 0, 0, 0, 0
0, 0, 0, 0, 0, 0, 0
0, 0, 0, 0, 0, 0, 0
0, 0, 0, 0, 0, 0, 0
0, 0, 0, 0, 0, 0, 0
0, 0, 0, 0, 0, 0, 0
0, 0, 0, 0, 0, 0, 0
0, 0, 0, 0, 0, 0, 0
0, 0, 0, 0, 0, 0, 0
0, 0, 0, 0, 0, 0, 0
0, 0, 0, 0, 0, 0, 0
0, 0, 0, 0, 0, 0, 0
0, 0, 0, 0, 0, 0, 0
0, 0, 0, 0, 0, 0, 0
0, 0, 0, 0, 0, 0, 0
0, 0, 0, 0, 0, 0, 0
0, 0, 0, 0, 0, 0, 0
0, 0, 0, 0, 0, 0, 0
0, 0, 0, 0, 0, 0, 0
0, 0, 0, 0, 0, 0, 0
0, 0, 0, 0, 0, 0, 0
0, 0, 0, 0, 0, 0, 0
0, 0, 0, 0, 0, 0, 0
0, 0, 0, 0, 0, 0, 0
0, 0, 0, 0, 0, 0, 0
0, 0, 0, 0, 0, 0, 0
0, 0, 0, 0, 0, 0, 0
0, 0, 0, 0, 0, 0, 0
0, 0, 0, 0, 0, 0, 0
0, 0, 0, 0, 0, 0, 0
0, 0, 0, 0, 0, 0, 0
0, 0, 0, 0, 0, 0, 0
0, 0, 0, 0, 0, 0, 0
0, 0, 0, 0, 0, 0, 0
0, 0, 0, 0, 0, 0, 0
0, 0, 0, 0, 0, 0, 0
0, 0, 0, 0, 0, 0, 0
0, 0, 0, 0, 0, 0, 0
0, 0, 0, 0, 0, 0, 0
0, 0, 0, 0, 0, 0, 0
0, 0, 0, 0, 0, 0, 0
0, 0, 0, 0, 0, 0, 0
0, 0, 0, 0, 0, 0, 0
0, 0, 0, 0, 0, 0, 0
0, 0, 0, 0, 0, 0, 0
0, 0, 0, 0, 0, 0, 0
0, 0, 0, 0, 0, 0, 0
0, 0, 0, 0, 0, 0, 0
0, 0, 0, 0, 0, 0, 0
0, 0, 0, 0, 0, 0, 0
0, 0, 0, 0, 0, 0, 0
0, 0, 0, 0, 0, 0, 0
0, 0, 0, 0, 0, 0, 0
0, 0, 0, 0, 0, 0, 0
0, 0, 0, 0, 0, 0, 0
0, 0, 0, 0, 0, 0, 0
0, 0, 0, 0, 0, 0, 0
0, 0, 0, 0, 0, 0, 0
0, 0, 0, 0, 0, 0, 0
0, 0, 0, 0, 0, 0, 0
0, 0, 0, 0, 0, 0, 0
0, 0, 0, 0, 0, 0, 0
0, 0, 0, 0, 0, 0, 0
0, 0, 0, 0, 0, 0, 0
0, 0, 0, 0, 0, 0, 0
0, 0, 0, 0, 0, 0, 0
0, 0, 0, 0, 0, 0, 0
0, 0, 0, 0, 0, 0, 0
0, 0, 0, 0, 0, 0, 0
0, 0, 0, 0, 0, 0, 0
0, 0, 0, 0, 0, 0, 0
0, 0, 0, 0, 0, 0, 0
0, 0, 0, 0, 0, 0, 0
0, 0, 0, 0, 0, 0, 0
0, 0, 0, 0, 0, 0, 0
0, 0, 0, 0, 0, 0, 0
0, 0, 0, 0, 0, 0, 0
0, 0, 0, 0, 0, 0, 0
0, 0, 0, 0, 0, 0, 0
0, 0, 0, 0, 0, 0, 0
0, 0, 0, 0, 0, 0, 0
0, 0, 0, 0, 0, 0, 0
0, 0, 0, 0, 0, 0, 0
0, 0, 0, 0, 0, 0, 0
0, 0, 0, 0, 0, 0, 0
0, 0, 0, 0, 0, 0, 0
0, 0, 0, 0, 0, 0, 0
0, 0, 0, 0, 0, 0, 0
0, 0, 0, 0, 0, 0, 0
0, 0, 0, 0, 0, 0, 0
0, 0, 0, 0, 0, 0, 0
0, 0, 0, 0, 0, 0, 0
0, 0, 0, 0, 0, 0, 0
0, 0, 0, 0, 0, 0, 0
0, 0, 0, 0, 0, 0, 0
0, 0, 0, 0, 0, 0, 0
0, 0, 0, 0, 0, 0, 0
0, 0, 0, 0, 0, 0, 0
0, 0, 0, 0, 0, 0, 0
0, 0, 0, 0, 0, 0, 0
8.89924825, 9.0468995, 9.26536975, 9.5509539, 9.81483845, 16.09869635, 23.303856
8.89676875, 9.054838, 9.22856975, 9.5011498, 9.733242500000001, 10.607826539999998, 52.853195
8.89334225, 9.0476665, 9.247078, 9.490073, 9.728802550000001, 14.67135192, 32.855096
8.89484575, 9.0470375, 9.24972775, 9.5112251, 9.774137, 16.706707, 21.371576
8.87949425, 9.0282295, 9.23078, 9.5318397, 9.779622149999998, 11.450488, 52.853195
8.897277500000001, 9.049817000000001, 9.25671575, 9.5170717, 9.799459050000001, 14.691345, 52.853195
8.888282, 9.0434775, 9.24318475, 9.5339686, 9.748175, 16.10123487, 22.552578
8.89149175, 9.0393945, 9.23963725, 9.5356927, 9.817045649999999, 14.672557599999998, 52.853195
8.8902455, 9.0481455, 9.237343749999999, 9.503910600000001, 9.7844699, 12.00736978999999, 36.893046
8.87969, 9.0307465, 9.21433725, 9.5169909, 9.778573249999999, 14.745257449999986, 36.893046
8.874789, 9.050581, 9.22612225, 9.5256039, 9.8624125, 16.05074345, 36.893046
8.88022225, 9.037922, 9.247768, 9.5476679, 9.810391, 13.619718009999998, 36.893046
8.878558250000001, 9.035206500000001, 9.24283075, 9.509855700000001, 9.75599035, 14.418908019999996, 52.853195
8.89980075, 9.0462815, 9.252791, 9.5002435, 9.723240800000001, 16.102087609999998, 24.370709
8.8826245, 9.0303945, 9.21832475, 9.4655561, 9.718931249999999, 14.606785109999999, 36.893046
8.8802455, 9.0395015, 9.24353675, 9.494003700000002, 9.7412794, 13.16276205, 36.893046
8.885957999999999, 9.0407295, 9.23602675, 9.5073042, 9.779881, 16.21749924, 36.893046
8.881411, 9.035218, 9.2339775, 9.553535100000001, 9.8428513, 16.2613707, 24.370709
8.888664, 9.039524, 9.228564500000001, 9.5125013, 9.8128938, 16.47539771, 24.370709
8.873161, 9.031229, 9.200833249999999, 9.464352100000001, 9.691798850000001, 13.555984059999998, 23.303856
8.87507625, 9.04615, 9.2273545, 9.4867895, 9.7239701, 16.254846599999997, 36.893046
8.887847, 9.0413625, 9.2308795, 9.5591331, 9.8092796, 14.199897939999994, 19.373624
8.87781325, 9.033525000000001, 9.224819499999999, 9.4884586, 9.7014201, 14.10601301, 20.217992
8.884707, 9.0323815, 9.23612, 9.5093415, 9.77878325, 16.109982679999998, 21.371576
8.891183250000001, 9.036266, 9.23339625, 9.5178131, 9.772188400000001, 16.11107052, 23.303856
8.8866205, 9.0400755, 9.23016275, 9.493565799999999, 9.730478, 11.73956136, 24.370709
8.8833255, 9.0377925, 9.228915, 9.5169234, 9.740178, 10.492824, 32.855096
8.888463999999999, 9.032475, 9.23361075, 9.4977443, 9.740872, 16.47643795, 22.552578
8.903067250000001, 9.04984, 9.239815499999999, 9.5239071, 9.81650155, 16.102087609999998, 23.303856
8.877148, 9.030534, 9.22941375, 9.497778, 9.73456, 13.803562, 36.893046
8.880689749999998, 9.0372385, 9.221851749999999, 9.5117255, 9.71170145, 13.803562, 17.997995
8.86953775, 9.028283, 9.230166, 9.5275056, 9.7567628, 14.1948271, 32.855096
8.883394, 9.0337625, 9.2223935, 9.510701800000001, 9.78666475, 13.554247, 19.645042
8.89417225, 9.0487395, 9.24437675, 9.497408100000001, 9.717681, 14.004976779999996, 19.656824
8.887537, 9.0455455, 9.258170999999999, 9.5332592, 9.757248950000001, 14.192837, 52.853195
8.874438999999999, 9.029536, 9.226511250000001, 9.496849, 9.713969449999999, 11.167236649999996, 24.370709
8.88983, 9.046068, 9.264253499999999, 9.5293054, 9.810314999999997, 14.705516869999988, 23.303856
8.888359, 9.037766999999999, 9.230571000000001, 9.4904105, 9.7613077, 11.739113499999998, 52.853195
8.89678625, 9.046792, 9.2594005, 9.568709400000001, 9.83404815, 13.72803882, 22.552578
8.879467, 9.0334965, 9.23767725, 9.518291, 9.726270750000001, 16.03083744, 24.370709
8.88539475, 9.0404755, 9.24047825, 9.4924795, 9.7399676, 13.732601839999996, 24.370709
8.90061275, 9.048857, 9.237515, 9.5330725, 9.81292495, 14.73195576, 36.893046
8.8854735, 9.041571999999999, 9.232819500000002, 9.512836, 9.74129155, 16.363236739999998, 21.371576
8.87087775, 9.038469, 9.23566475, 9.4889084, 9.6789452, 11.45127703, 19.071708
8.8951675, 9.034016999999999, 9.223897000000001, 9.505817, 9.7103584, 11.01188282, 32.855096
8.87920025, 9.0260815, 9.23124, 9.484072600000001, 9.710294750000001, 16.21730481, 19.502914
8.865106749999999, 9.024942, 9.23249, 9.5071139, 9.760739599999999, 15.722323, 23.303856
8.8731065, 9.039027, 9.24757, 9.5183299, 9.728642200000001, 13.55488314, 19.071708
8.8997385, 9.04587, 9.24337875, 9.5017857, 9.767620849999998, 13.72803882, 19.656824
8.89784525, 9.0498495, 9.25559775, 9.5021834, 9.734041, 11.545717679999985, 36.893046
8.883417999999999, 9.0414065, 9.25354775, 9.538589, 9.7403794, 10.692470469999998, 52.853195
8.899733, 9.053982999999999, 9.236019, 9.5712916, 9.8517938, 16.747375299999998, 52.853195
8.875506249999999, 9.037759000000001, 9.22847475, 9.494074500000002, 9.7309501, 14.682293769999989, 32.855096
8.88998825, 9.0515, 9.23812375, 9.526053600000001, 9.7103584, 11.13519835, 52.853195
8.8801935, 9.027891, 9.21274175, 9.461942700000002, 9.701014449999999, 14.73195576, 36.893046
8.8785855, 9.042504, 9.233815, 9.488588, 9.7048997, 15.27319761999999, 21.371576
8.8807285, 9.0460725, 9.24981725, 9.565937300000002, 9.84281105, 14.73195576, 52.853195
8.87077725, 9.031906500000002, 9.232294, 9.530922, 9.74879305, 14.619303009999987, 52.853195
8.88825375, 9.0401645, 9.247015000000001, 9.529218, 9.779717, 13.55488314, 20.217992
8.882826999999999, 9.030583499999999, 9.24086475, 9.5056736, 9.75806365, 11.926869659999989, 19.502914
8.875676, 9.0319595, 9.232174, 9.5351789, 9.765831449999999, 13.809444849999995, 36.893046
8.892563749999999, 9.052899, 9.240222, 9.5023594, 9.757429, 16.179549, 32.855096
8.877635999999999, 9.02945, 9.225728, 9.474250500000002, 9.810530199999999, 16.44976985, 32.855096
8.87706575, 9.0330865, 9.21570925, 9.478583500000001, 9.7399676, 13.235582829999997, 21.371576
8.896782499999999, 9.0470565, 9.243711750000001, 9.501127499999999, 9.77228725, 16.061744759999996, 36.893046
8.886604, 9.045311, 9.234327, 9.4980084, 9.7402127, 11.442123, 17.734753
8.783742, 9.067466, 10.24141875, 11.6626844, 12.383349, 15.449435, 26.889073
8.790938, 9.081327000000002, 10.26601475, 11.663426, 12.46987415, 14.63232, 26.889073
8.652431, 9.126939, 10.83570575, 12.458521600000001, 14.10506745, 18.211952, 34.462112
8.646909, 9.1220545, 10.7841755, 12.3057306, 13.846255299999994, 17.709146020000016, 38.813544
8.649432749999999, 9.151452500000001, 10.8072195, 12.439813, 14.0619102, 17.922076720000003, 34.462112
9.11437075, 11.224358500000001, 13.990648, 17.4347607, 19.927697349999995, 25.617047350000014, 44.22794
9.064927749999999, 11.126498, 13.9426645, 17.351107, 19.862456, 24.930029860000012, 44.22794
9.119095, 11.1681305, 14.008262, 17.405764, 19.87902209999999, 25.46558043000002, 40.625286
9.085903, 11.1521225, 14.055484, 17.360077, 19.655181249999988, 25.398768280000013, 38.509309
9.111456, 11.236961, 14.03297575, 17.318838500000002, 19.897960549999997, 25.199198, 40.625286
9.115128, 11.243435999999999, 13.92531325, 17.171185, 19.680741249999983, 26.508879220000008, 44.22794
9.106397999999999, 11.249629500000001, 14.092094, 17.596826, 20.02381, 26.015162, 44.22794
9.131523249999999, 11.253902499999999, 13.9572195, 17.321749500000003, 19.65923164999999, 25.398768280000013, 44.22794
9.131523249999999, 11.228731, 14.08532025, 17.413806600000008, 19.75842, 25.786771, 44.22794
9.1522425, 11.340378, 14.14064975, 17.491898, 20.159316, 26.015162, 44.22794
9.149883, 11.282887500000001, 14.123389, 17.3578548, 19.78104915, 25.267843, 44.22794
9.1330475, 11.319652, 14.17608475, 17.5587109, 20.007928, 25.87364843000003, 40.625286
9.110151, 11.250173, 14.032837, 17.274912500000003, 19.89284954999999, 26.508652, 44.22794
9.101248499999999, 11.206191, 13.999465, 17.26518, 19.759549299999986, 25.792145010000016, 44.22794
9.1389475, 11.2268785, 14.0803205, 17.523028500000006, 20.007928, 26.227057190000018, 44.22794
9.099157, 11.1943455, 14.010793, 17.360077, 19.862456, 25.616439, 40.625286
9.13014425, 11.200854, 14.190991499999999, 17.645440200000003, 20.174047549999997, 26.312623880000032, 44.22794
9.167298, 11.334069, 14.14832475, 17.568287, 20.027061, 25.334118, 44.22794
9.105165, 11.226488, 13.998535, 17.3193312, 19.690333, 24.987938630000006, 40.625286
9.1037605, 11.172837, 13.971495749999999, 17.361573, 19.99319179999999, 26.461121710000008, 40.625286
9.119364, 11.223968, 14.104670500000001, 17.523028500000006, 19.897960549999997, 26.461121710000008, 40.625286
9.114235, 11.26228, 14.104708, 17.472874, 20.019651849999995, 26.312623880000032, 44.22794
9.11813825, 11.2575635, 14.104670500000001, 17.3253798, 20.019433, 26.015162, 44.22794
9.131306, 11.264244, 14.223962, 17.3651018, 19.874239, 25.259222, 39.815707
9.116615, 11.260946, 14.083681, 17.40348810000001, 20.01937315, 25.335422140000027, 40.625286
9.105487, 11.2049165, 14.06527, 17.321749500000003, 19.67326735, 25.87213881, 37.948082
9.119183, 11.220815, 14.064804, 17.3602266, 20.058643, 25.33463687000001, 44.22794
9.110034, 11.164393, 14.059913, 17.274425, 19.975074, 26.531374, 44.22794
9.113951, 11.2281035, 14.18276825, 17.476674, 20.076522499999992, 26.206309990000005, 37.948082
9.11813825, 11.2104635, 14.002255, 17.31861, 19.820696299999987, 27.394404020000007, 44.22794
9.118646, 11.220182, 14.0793, 17.300786200000005, 19.584465, 24.988762210000026, 37.948082
9.08403325, 11.243435999999999, 14.089247749999998, 17.290755000000008, 19.691119299999986, 25.791337, 44.22794
9.105487, 11.220815, 13.98352, 17.31861, 19.911072, 26.539663190000006, 44.22794
9.103995, 11.1673625, 13.990648, 17.434288, 19.83876394999998, 25.60713201, 44.22794
9.152171249999999, 11.298074, 13.968697, 17.370705300000004, 19.878328, 25.46595706000003, 40.625286
9.11572525, 11.315802, 14.178637, 17.637458700000003, 20.028886, 25.464532, 44.22794
9.113382999999999, 11.207168, 14.10699475, 17.625676, 20.02381, 25.792145820000016, 44.22794
9.15626575, 11.336585, 14.130392749999999, 17.431298, 19.654833349999993, 25.386125990000004, 40.625286
9.11223975, 11.213273, 14.0793, 17.5605375, 20.0699142, 25.907049, 44.22794
9.094884, 11.205214, 14.00491375, 17.292050000000003, 19.70801524999997, 25.617047350000014, 39.815707
9.1439755, 11.231748, 14.092675499999999, 17.431298, 20.019651849999995, 26.123703, 44.22794
9.11089775, 11.212465, 14.098249, 17.562162, 19.99331944999999, 26.207159180000023, 44.22794
9.13181575, 11.250684, 14.10695, 17.456985300000003, 20.019651849999995, 25.607038, 40.625286
9.110151, 11.234332, 13.969830000000002, 17.243869, 19.892478999999994, 25.678368970000026, 44.22794
9.103855, 11.215572, 14.059913, 17.381825100000007, 19.819811, 25.60713201, 44.22794
9.114328, 11.2486315, 14.178623, 17.289255, 19.71948934999998, 25.19979824000001, 44.22794
9.123831, 11.231169999999999, 14.058793, 17.4391502, 19.99319179999999, 25.186542140000018, 44.22794
9.08695225, 11.2149055, 14.10436, 17.379265, 20.02397255, 25.87213881, 40.625286
9.112048, 11.205214, 14.0460685, 17.325111, 19.937328999999977, 25.386125990000004, 44.22794
10.198678000000001, 12.866757, 16.654913, 21.060374100000004, 23.996224, 30.29279949, 43.791491
10.17455225, 12.766249, 16.6757725, 21.144485, 24.046759849999997, 29.875681380000007, 43.791491
10.1330455, 12.822077, 16.664081, 21.179283, 23.937755, 29.61283377000001, 43.791491
10.18537, 12.8727185, 16.6038435, 21.239530700000007, 23.89704, 29.508974, 43.791491
10.2477015, 12.894892500000001, 16.54572675, 20.919423, 23.7278778, 30.024528, 43.791491
10.19083425, 12.8203075, 16.579725250000003, 20.9897056, 23.993624, 30.41766055, 43.791491
9.1496465, 11.282887500000001, 14.157585000000001, 17.542641100000004, 20.082937, 26.49165766, 40.625286
9.116177, 11.320636, 14.15165675, 17.41475010000001, 19.916267899999987, 25.872138, 44.22794
8.648492, 9.128838, 10.743062, 12.316056, 13.910396049999996, 17.45914602000002, 38.813544
8.65307125, 9.128838, 10.792788250000001, 12.403241400000002, 14.062400199999999, 17.960504, 38.404747
8.653778, 9.145797, 10.802425, 12.413974300000001, 14.02348339999997, 17.61197376, 34.462112
8.64423425, 9.0767405, 10.749449, 12.356797300000002, 14.06189, 18.188937, 38.813544
8.64355675, 9.117357, 10.801870000000001, 12.413974300000001, 14.156165399999997, 17.786071, 38.813544
8.656072, 9.134672, 10.7348955, 12.356788, 14.009391, 17.708369, 38.813544
8.6468, 9.143155, 10.80231025, 12.403291300000001, 13.974773949999992, 17.629720110000004, 34.462112
8.653778, 9.15116, 10.84476225, 12.449230300000002, 14.078328, 17.930662, 38.404747
8.6476805, 9.14261, 10.84207425, 12.344487500000001, 13.960261849999998, 17.960504, 38.813544
8.779035, 9.038891, 10.14278925, 11.527602100000001, 12.3090976, 14.783024, 19.563106
8.78462075, 9.03179, 10.103095249999999, 11.5823364, 12.420386, 15.021458260000006, 19.393533
8.7811815, 9.050426, 10.154341, 11.614091400000001, 12.436106, 15.02119275, 26.889073
8.789020749999999, 9.0499085, 10.212878499999999, 11.608409, 12.36289795, 14.663085, 19.563106
8.643581, 9.088958000000002, 10.7886045, 12.274352, 13.883468649999998, 17.629572, 38.813544
8.647882, 9.140916, 10.840113, 12.525538600000003, 14.066505, 17.401612950000004, 38.813544
8.64911925, 9.111738, 10.78571275, 12.4078891, 13.967686449999995, 17.37773514000001, 34.462112
8.646122, 9.144375, 10.792518, 12.3443185, 14.066710849999996, 17.664191050000007, 38.813544
8.643933, 9.119646, 10.79492025, 12.4361022, 13.925738, 17.548219190000015, 34.408771
8.646164, 9.119783, 10.784418, 12.334846700000002, 13.922136599999991, 17.483607930000012, 38.813544
9.112501, 11.2041905, 14.04812075, 17.38041, 19.837517, 25.386790270000017, 38.509309
9.091171, 11.249597, 14.20189, 17.478150300000006, 20.002346, 26.491683220000002, 40.625286
9.1249915, 11.257548, 14.097078999999999, 17.49352470000001, 20.00562254999999, 25.678414630000024, 44.22794
9.113382999999999, 11.2177285, 14.030796, 17.369627, 20.004899, 26.206109, 40.625286
9.05888325, 11.1258305, 13.840745, 17.1442509, 19.679366, 25.569375, 44.22794
9.114035750000001, 11.252672, 14.092094, 17.562162, 19.966737199999997, 25.268505750000013, 44.22794
9.11437075, 11.190782500000001, 13.948328, 17.2643358, 19.706059, 25.33463687000001, 40.625286
9.110852, 11.2281035, 13.956809, 17.2977074, 19.74558624999999, 25.334757860000014, 44.22794
9.125082, 11.23235, 14.186281, 17.4550999, 19.691119299999986, 25.464532, 44.22794
9.105487, 11.233979999999999, 14.01787375, 17.286815, 19.991815, 26.01707147000004, 40.625286
9.12046875, 11.258266, 14.044433, 17.258152600000003, 19.916648, 25.786771, 39.815707
10.102342499999999, 12.814313, 16.563731, 21.076217, 23.786988, 30.19999, 40.498626
10.089809, 12.805485999999998, 16.671397, 20.923013900000008, 23.748622299999983, 30.043322500000034, 43.791491
10.199539999999999, 12.911105, 16.797471, 21.1785135, 24.102459299999975, 29.482315, 40.498626
11.085951, 14.305762, 18.718208, 23.513411, 26.734871, 33.07152, 56.221419
11.096481500000001, 14.290402, 18.722322, 23.566357, 26.787435, 34.280977, 47.131774
11.031468, 14.252379, 18.531194499999998, 23.544314, 26.791512799999982, 33.498867, 47.131774
8.652805, 9.1369675, 10.814858, 12.430775, 14.061517549999996, 17.793896, 110.11557662174508
8.649318, 9.139831, 10.812846, 12.462111, 14.0770436, 17.793896, 38.813544
8.775271, 9.940207, 12.31698, 15.56426980000001, 17.844694, 23.507924, 40.625286
8.775099, 9.9251015, 12.29834825, 15.533545, 17.824412, 23.896362, 44.22794
8.777054249999999, 9.915075, 12.245714, 15.425077, 17.770134, 23.436095, 44.22794
8.775863, 9.933004, 12.280529, 15.415509400000005, 17.75720585, 23.354685, 44.22794
8.767126, 9.906704, 12.31705775, 15.555674, 17.843497, 23.421402409999978, 44.22794
8.770778, 9.914713, 12.27635725, 15.550704200000013, 17.859471499999998, 23.50829003999994, 44.22794
8.6496615, 9.140164, 10.801449, 12.444252, 14.095293, 17.8129, 38.813544
8.64911925, 9.126939, 10.803728, 12.396406, 14.013154, 17.709146019999878, 38.813544
8.642266, 9.126984, 10.809276, 12.436074, 13.943173749999993, 17.64457709999997, 38.813544
8.72148425, 9.066585, 10.50156875, 11.950363300000003, 13.003439, 16.385151, 38.813544
8.723444, 9.066614999999999, 10.5060475, 11.974052200000001, 13.113219349999996, 16.498811, 38.813544
8.72940575, 9.0823565, 10.560841, 12.070902, 13.2520337, 16.60573268, 38.813544
8.73105125, 9.0760165, 10.52586, 12.00186980000001, 13.151082, 16.33591493999998, 38.813544
8.726995, 9.06785, 10.492019, 11.978243, 13.104661949999997, 16.615886, 38.813544
11.038262, 14.223904, 18.610672, 23.57347440000002, 26.790082, 33.60463, 117.04732608839956
11.098584, 14.2620655, 18.574715, 23.554524, 26.768682, 33.131433, 56.221419
11.098584, 14.183282, 18.531199, 23.640088, 26.725127599999993, 33.555206, 56.221419
11.083803, 14.218138, 18.5937095, 23.262095, 26.69380854999998, 33.25018929000003, 56.221419
11.08141375, 14.274112, 18.710554, 23.653832600000005, 26.82476955, 34.266336, 56.221419
11.00742625, 14.183282, 18.528324249999997, 23.643663, 26.828846, 33.498867, 56.221419
11.039857, 14.211605500000001, 18.535177, 23.454888500000017, 26.51177174999999, 33.60463, 47.131774
11.021293, 14.197813, 18.722322, 23.886442, 27.097598899999998, 33.64992453000001, 56.221419
11.001422, 14.131385000000002, 18.53785775, 23.382307, 26.922242, 33.60507885000001, 44.159287
11.022958, 14.156114, 18.664608, 23.620479, 26.791512799999982, 33.64992453000001, 56.221419
10.893478, 14.178396, 18.62597, 23.6527376, 26.93041, 33.64992453000001, 56.221419
8.731173, 9.070507, 10.52800475, 12.0107859, 13.116920949999994, 16.609178, 109.01268082854887
8.843845, 9.009949, 9.268403, 10.356471, 11.430127299999999, 13.21669615999999, 111.3715475498155
8.845868, 9.0112635, 9.281058, 10.422070699999999, 11.52577955, 13.314542, 37.448702
8.844616, 9.011258, 9.273134, 10.382841, 11.507117999999991, 13.32789035000001, 37.448702
8.845702, 9.012494, 9.27184275, 10.364962, 11.46582454999999, 13.332776, 37.448702
8.8458855, 9.011575, 9.271881, 10.390665799999999, 11.474308, 13.34156957, 37.448702
8.842391, 9.011176500000001, 9.27183, 10.3579703, 11.464012599999998, 13.353193170000024, 37.448702
8.84462675, 9.009043, 9.268994750000001, 10.378696, 11.474308, 13.268852, 37.448702
8.84304, 9.011834, 9.272683, 10.391114, 11.464006, 13.340296720000001, 37.448702
8.842715, 9.009949, 9.270584, 10.401641999999999, 11.481635, 13.341824, 37.448702
8.843039749999999, 9.014, 9.271241, 10.402872, 11.520638, 13.334431960000012, 37.448702
8.842325, 9.01017, 9.267756, 10.377063, 11.436969, 13.212257, 37.448702
8.84227925, 9.014073, 9.276341, 10.410791699999999, 11.505886, 13.418787200000017, 37.448702
8.7300005, 9.079756, 10.529989, 12.007089800000001, 13.112197250000001, 16.711708779999984, 102.3934622265134
8.64953375, 9.140724, 10.816327, 12.365659, 13.964127, 17.703598, 38.813544
8.64477, 9.117975000000001, 10.791028, 12.412122100000015, 13.990885, 17.663793, 38.813544
8.645662, 9.126939, 10.813506499999999, 12.436356, 14.040769899999987, 17.92199, 38.813544
8.64921075, 9.141965, 10.802873, 12.429121700000001, 14.021759099999995, 17.629572, 38.813544
8.644621, 9.133437, 10.807386, 12.444263, 14.057811, 17.8129, 38.813544
8.649238, 9.135712, 10.803248, 12.389659000000002, 13.957298149999998, 17.66415111999994, 38.813544
8.648617, 9.142989, 10.815183, 12.459643, 14.062613, 17.844781119999954, 38.813544
8.649687, 9.136702, 10.809672, 12.426232, 14.027404, 17.699605, 38.813544
8.646164, 9.134672, 10.801294, 12.423639, 13.967338, 17.786071, 38.813544
8.646881, 9.117975000000001, 10.779551, 12.386549, 13.983646, 17.786071, 38.813544
8.645846, 9.1343905, 10.801736, 12.429064, 13.964127, 17.793896, 38.813544
8.6473015, 9.129088, 10.803728, 12.426273, 13.94272, 17.793979169999986, 38.813544
8.642266, 9.105113, 10.788229000000001, 12.418864, 13.964127, 17.663793, 38.813544
8.649837, 9.149296, 10.830678, 12.515008, 14.1262486, 17.793896, 38.813544
8.729127, 9.070534, 10.5197515, 12.016154400000005, 13.120155, 16.7835, 38.813544
8.729396, 9.081545, 10.565561, 12.028240500000004, 13.219354899999999, 16.605728, 38.813544
8.728103, 9.0752575, 10.520888750000001, 12.0327005, 13.206711149999995, 16.932764099999932, 38.813544
8.725231, 9.0723425, 10.532607, 11.997521, 13.09725925, 16.499532399999886, 38.813544
8.725026750000001, 9.066462, 10.509657, 12.018939600000001, 13.169687, 16.570951, 38.813544
8.72594825, 9.072659, 10.52159975, 11.992126, 13.13855685, 16.385245299999987, 38.813544
8.723493, 9.0694905, 10.497307, 11.997521, 13.02354, 16.348599589999996, 38.813544
8.729308, 9.082289, 10.541135, 12.015373, 13.13855685, 16.593917, 38.813544
8.730508, 9.084108, 10.532912, 12.014736, 13.139181, 16.711789, 38.404747
8.7265145, 9.067373, 10.507976, 11.982979000000004, 13.138524, 16.615932159999993, 38.813544
8.72580975, 9.067225, 10.501673, 11.9844465, 13.171132, 16.60924376999999, 38.404747
8.729308, 9.079817, 10.529716, 12.042061200000004, 13.219201, 16.703767, 38.813544
8.72648, 9.078375, 10.498715749999999, 12.033137, 13.221502, 16.712693199999855, 38.813544
8.72305875, 9.0790355, 10.521015250000001, 11.981252, 13.157196249999998, 16.576725, 38.404747
8.7214615, 9.069617, 10.497665, 11.981717500000004, 13.219867, 16.680998979999966, 38.813544
8.726211, 9.072693999999998, 10.5212005, 12.022684700000003, 13.10856765, 16.594035109999982, 38.813544
8.726114, 9.071135, 10.507188, 12.007947, 13.219354899999999, 16.604807, 38.404747
8.724235, 9.073513, 10.523425, 11.962826, 13.077740299999997, 16.60924376999999, 34.462112
8.73570775, 9.082478, 10.517463, 12.023507500000001, 13.219201, 16.39379692, 38.813544
8.64424, 9.117393, 10.787559, 12.453529, 13.974773949999992, 17.844506, 38.813544
8.64909, 9.127385, 10.801449, 12.444253100000001, 14.070622, 17.872018, 38.813544
8.773913, 9.9459525, 12.26815775, 15.44573, 17.763987699999998, 23.186055, 44.22794
8.783081750000001, 9.947821000000001, 12.301781, 15.4455761, 17.786116, 23.421254, 44.22794
8.773694, 9.941116, 12.275447250000001, 15.463437, 17.703598, 23.313008, 44.22794
8.766588, 9.904896, 12.223842, 15.428034, 17.75712, 23.174614, 44.22794
8.78061275, 9.940426500000001, 12.325470750000001, 15.58219, 17.81067544999999, 23.507924, 44.22794
8.779389, 9.9400665, 12.276249, 15.501056, 17.836158, 23.23759482999992, 44.22794
8.764226, 9.940426500000001, 12.27635725, 15.536901, 17.732042, 23.06553333999984, 44.22794
8.772504, 9.912433499999999, 12.21035175, 15.424087000000004, 17.699605, 23.174614, 40.625286
8.646227, 9.142981, 10.846339, 12.480071, 14.079938, 17.786971, 38.813544
8.6479985, 9.139831, 10.803248, 12.4532509, 13.974307, 17.64457709999997, 38.813544
8.6495745, 9.134672, 10.794662, 12.390644, 13.994813, 17.629720109999976, 38.813544
8.647156, 9.143937000000001, 10.837245, 12.444252, 14.071029949999996, 17.793896, 38.813544
8.647031, 9.117321, 10.803248, 12.436356, 14.062613, 17.922076719999986, 38.813544
8.646881, 9.133437, 10.773425, 12.408338200000008, 13.951795, 17.703598, 38.813544
8.648617, 9.148613, 10.8120375, 12.426232, 13.960170649999998, 17.547577, 38.813544
8.64713, 9.144944, 10.794076, 12.390487, 13.910078, 17.66415111999994, 38.813544
8.64713, 9.113959, 10.779551, 12.423639, 13.994813, 17.69964492999999, 38.813544
8.65316, 9.1422875, 10.788229000000001, 12.408001, 14.034355, 17.793896, 38.813544
8.652968, 9.129782, 10.802272, 12.447581, 14.021462, 17.64457709999997, 38.813544
8.646881, 9.110721, 10.802272, 12.436356, 14.066505, 17.699605, 38.813544
8.648051, 9.126235, 10.816327, 12.444252, 14.013154, 17.663793, 38.813544
8.643933, 9.117393, 10.788428, 12.45322, 14.039873, 17.786971, 38.813544
8.646602, 9.1286245, 10.797017, 12.426093, 14.034355, 17.786971, 38.813544
8.645846, 9.1263985, 10.797017, 12.453824600000006, 14.062389, 17.888042, 38.813544
8.645088, 9.110686, 10.768044, 12.419637, 14.062613, 17.793979169999986, 38.813544
8.645800000000001, 9.1286245, 10.784825, 12.402618, 14.013154, 17.709146019999878, 38.813544
8.7269085, 9.071783, 10.496184, 11.9781782, 13.053095149999992, 16.35054475999998, 38.813544
8.726232, 9.0678835, 10.516906, 11.992927000000002, 13.219306, 16.593917, 38.813544
8.7306205, 9.070425499999999, 10.519274, 12.032652, 13.15625055, 16.57689691999997, 38.813544
8.78579, 9.050942, 10.223942, 11.650524, 12.490727, 14.96492, 26.889073
8.789157, 9.0631475, 10.221427, 11.649735, 12.397371, 14.815255449999988, 19.563106
8.78437, 9.055901, 10.214815, 11.661097900000001, 12.479442899999992, 15.049793, 26.889073
8.79005175, 9.0567575, 10.215979, 11.66043, 12.531929, 14.944377499999966, 26.889073
8.8347545, 9.01578, 9.376158, 10.8940401, 11.7673367, 13.807219189999929, 37.448702
8.830946, 9.016087, 9.37249775, 10.868414, 11.74694755, 13.851700399999983, 37.448702
8.83461775, 9.0204015, 9.384319, 10.8583668, 11.771036699999998, 13.780336209999987, 35.734803
8.8315615, 9.015217, 9.37595, 10.900963, 11.826812599999997, 13.892242, 37.448702
8.832154, 9.016223, 9.358695749999999, 10.891831, 11.7547539, 13.640810209999987, 35.734803
8.831273, 9.016636, 9.382814, 10.922724, 11.874442, 13.942673719999961, 37.448702
8.835092, 9.016085499999999, 9.36534125, 10.823997, 11.745456, 14.005841, 35.734803
8.831491, 9.020522, 9.38335425, 10.870319, 11.772323, 14.006010929999974, 37.448702
8.831548, 9.015777499999999, 9.361704, 10.852462, 11.72542685, 13.586467669999983, 35.734803
8.835092750000001, 9.015756, 9.374436750000001, 10.901707, 11.801553399999994, 13.865747619999956, 37.448702
8.83342125, 9.0168915, 9.375254, 10.865084, 11.762744849999999, 13.655520369999914, 37.448702
8.8353155, 9.0186695, 9.37595, 10.8428234, 11.760294949999999, 13.920466849999965, 35.734803
8.834995, 9.0185695, 9.375258, 10.860212, 11.818499749999996, 14.054385209999996, 37.448702
8.834227, 9.019920500000001, 9.382831249999999, 10.9031394, 11.76131495, 14.037002299999994, 37.448702
8.785696000000002, 9.053535, 10.23312, 11.633141, 12.38164945, 14.938511, 19.563106
8.785933, 9.053467, 10.246592, 11.679005600000002, 12.457105, 14.96523062999995, 26.889073
8.790105, 9.053201, 10.212492, 11.663426, 12.465433, 14.938511, 26.889073
8.786701749999999, 9.054306, 10.217937, 11.6475, 12.443785, 14.822824, 26.889073
8.7925635, 9.065380000000001, 10.22091625, 11.652362, 12.469801, 14.804108819999982, 26.889073
8.790985, 9.064032, 10.240397, 11.615875300000003, 12.424808499999997, 14.94417, 26.889073
8.78937475, 9.051341, 10.212492, 11.655011400000006, 12.47130655, 15.027702, 26.889073
8.78248, 9.0484915, 10.212233, 11.638894500000008, 12.439778, 14.953992379999983, 26.889073
8.786061, 9.059024, 10.240888, 11.664709, 12.465724549999997, 14.953882, 26.889073
8.785696000000002, 9.046512, 10.201259, 11.617329, 12.395973549999999, 14.873968019999955, 26.889073
8.787709, 9.051623, 10.2183605, 11.623949400000003, 12.426591749999993, 14.996234439999961, 26.889073
8.726084, 9.0643625, 10.505799750000001, 12.025182700000002, 13.219306, 16.60924507999999, 38.813544
8.725406, 9.065479499999999, 10.528769, 12.042906300000002, 13.232685, 16.645092369999944, 38.813544
8.730037, 9.06881, 10.5284595, 11.9781791, 13.081100849999999, 16.385151, 38.404747
8.725242999999999, 9.080981, 10.520827, 12.011142, 13.1691522, 16.60481621, 38.813544
8.72706275, 9.076722, 10.520827, 11.986189, 13.314725199999996, 16.78368708999997, 38.813544
8.726714, 9.072676, 10.519539, 11.9812863, 13.135407, 16.326007779999983, 38.404747
8.72807575, 9.081217500000001, 10.493479749999999, 11.951658000000004, 13.10856765, 16.299997, 38.813544
8.733475, 9.089035, 10.54322, 11.992856, 13.151043699999997, 16.468585, 38.813544
8.649318, 9.146333, 10.830596, 12.419637, 13.974307, 17.64457709999997, 38.813544
8.6467705, 9.128838, 10.801449, 12.426273, 13.967686449999995, 17.709146019999878, 38.813544
8.649534, 9.1343905, 10.802272, 12.429064, 14.066505, 17.793896, 38.813544
8.649318, 9.143499, 10.830662, 12.444252, 14.057890799999997, 17.793896, 38.813544
8.651935, 9.123282, 10.796022, 12.459643, 14.078328, 17.8129, 38.813544
8.644195499999999, 9.117858, 10.792518, 12.424528800000004, 14.0132506, 17.872178239999975, 38.813544
8.646662, 9.135627, 10.795076, 12.453529, 14.079938, 17.802213, 38.813544
8.64897175, 9.124091499999999, 10.783066, 12.426232, 14.062389, 17.61197375999997, 38.813544
8.64909, 9.1286245, 10.809276, 12.45322, 14.095293, 17.793896, 38.813544
8.648051, 9.119646, 10.811768, 12.426273, 14.070717, 17.802213, 38.404747
8.646301, 9.128411, 10.807164, 12.429064, 13.95715, 17.872018, 38.813544
8.646682, 9.126939, 10.783959, 12.3905027, 13.929538, 17.629720109999976, 38.813544
8.646909, 9.111086499999999, 10.819754, 12.496899, 14.062613, 17.699605, 38.813544
8.643217, 9.097345, 10.764135, 12.434019, 14.062389, 17.708369, 38.813544
8.643383, 9.126939, 10.817235, 12.429064, 13.974307, 17.78704024999999, 38.813544
8.649534, 9.139831, 10.810196000000001, 12.434019, 14.070622, 17.844506, 38.813544
8.6474265, 9.138758, 10.83907575, 12.430775, 14.057890799999997, 17.611796, 38.813544
8.645662, 9.110756, 10.787559, 12.420221, 13.94032, 17.786971, 38.813544
8.647925, 9.135712, 10.801449, 12.408001, 13.951795, 17.547577, 38.813544
8.648023, 9.1151705, 10.802425, 12.429121700000001, 13.931125, 17.708369, 38.813544
8.646259, 9.117321, 10.8042355, 12.439813, 14.06189, 17.793979169999986, 38.813544
8.646251, 9.127029, 10.784825, 12.4189413, 13.990885, 17.786071, 38.813544
8.645088, 9.135001500000001, 10.811768, 12.458397, 14.095492549999998, 17.92199, 38.813544
8.639221, 9.117393, 10.792782, 12.453824600000006, 14.070622, 17.709146019999878, 38.813544
8.648492, 9.127029, 10.835209, 12.482777, 14.079938, 17.802213, 38.813544
8.648492, 9.140346000000001, 10.831342, 12.462111, 14.062389, 17.786971, 38.813544
8.73490975, 9.096, 10.551331, 12.056833500000009, 13.206432, 16.615932159999993, 38.813544
8.72852375, 9.082926, 10.504042, 11.997521, 13.120273399999999, 16.571005939999992, 38.813544
8.730393249999999, 9.074693, 10.5388, 12.050895, 13.176378349999998, 16.60573268, 38.813544
8.728103, 9.076353000000001, 10.497665, 11.972366, 13.132643449999998, 16.606225819999995, 38.813544
8.725994, 9.07312, 10.537121, 12.011142, 13.163769, 16.394581, 38.813544
8.73149, 9.079826, 10.53066625, 11.992895500000001, 13.090192199999995, 16.498811, 38.404747
8.723019, 9.069178, 10.508676, 12.023728, 13.112746699999999, 16.711789, 38.813544
8.726943, 9.073942, 10.509472, 11.977714800000001, 13.08207465, 16.235673, 38.813544
8.784751, 9.054306, 10.21686, 11.606706, 12.424741, 14.995983, 26.889073
8.78691, 9.054306, 10.202244, 11.638546, 12.443785, 14.822824, 26.889073
8.784652, 9.047762, 10.253739, 11.660993, 12.490727, 14.832237539999888, 26.889073
8.790105, 9.057744, 10.200565, 11.59288, 12.342504, 14.757073, 26.889073
8.782578, 9.049919, 10.191764, 11.6429662, 12.451388749999998, 14.953882, 26.889073
8.789227, 9.059054, 10.26511075, 11.657958, 12.478849, 14.96492, 26.889073
8.784399, 9.050377, 10.21853, 11.642031, 12.440311, 14.938567589999991, 26.889073
8.78468, 9.059925, 10.24276925, 11.643211, 12.439778, 15.054648079999936, 19.563106
8.784399, 9.047141, 10.211487, 11.633763, 12.426591749999993, 14.96492, 26.889073
8.789127749999999, 9.050637, 10.225465, 11.642939, 12.469801, 15.093761, 26.889073
8.784652, 9.046512, 10.215759, 11.6475, 12.426091, 14.953992379999983, 26.889073
8.790949, 9.051636, 10.217979, 11.659932, 12.457105, 14.932686829999989, 19.563106
8.79005175, 9.047103, 10.218304, 11.623949400000003, 12.404961599999993, 14.822824, 26.889073
8.78191575, 9.055830499999999, 10.23057675, 11.629453, 12.454557, 14.831535, 26.889073
8.647676, 9.148198, 10.8355545, 12.480543, 14.062294, 17.53853829999999, 38.813544
8.645088, 9.134141, 10.803728, 12.456485, 14.062613, 17.786971, 38.813544
8.642968, 9.120862500000001, 10.803248, 12.408001, 13.983646, 17.709146019999878, 38.813544
8.648617, 9.135331, 10.799044, 12.431099400000008, 14.059407, 17.69964492999999, 38.813544
8.653175, 9.1388105, 10.830678, 12.447581, 14.021462, 17.703645709999993, 38.813544
8.648023, 9.118996500000002, 10.80152075, 12.426093, 13.964287549999996, 17.786071, 38.813544
8.64909, 9.144944, 10.830662, 12.45322, 14.027404, 17.786971, 38.813544
8.72647775, 9.064587, 10.515956, 11.983015500000004, 13.112988, 16.350717889999956, 38.813544
8.7271185, 9.073341, 10.494505, 12.048261, 13.219887850000001, 16.711789, 38.813544
8.73099375, 9.079835, 10.534026, 11.9477813, 13.063738, 16.39379692, 34.462112
8.7257525, 9.067225, 10.50404, 11.98441, 13.096848549999999, 16.306578, 38.404747
8.729998, 9.085456, 10.550668, 12.0746091, 13.16041, 16.468887259999953, 38.813544
8.727758249999999, 9.076331, 10.529152, 12.051952, 13.185359749999996, 16.680769, 38.813544
8.7282265, 9.070136999999999, 10.500564, 11.980449400000001, 13.150732, 16.39379692, 38.813544
8.7265145, 9.080837500000001, 10.537345, 12.0419519, 13.200107549999997, 16.712506109999886, 34.408771
8.731162, 9.085366, 10.553368, 12.041118, 13.16907995, 16.385151, 34.408771
8.725546000000001, 9.081591, 10.520888750000001, 11.957323300000004, 13.120155, 16.499532399999886, 38.813544
8.726943, 9.068545, 10.503772999999999, 11.9723777, 13.122905, 16.39379692, 38.813544
8.7269515, 9.070043, 10.51303, 11.964613, 13.137638599999999, 16.703847219999986, 38.813544
8.725592, 9.066057, 10.511765, 12.008932, 13.112201, 16.576725, 38.813544
8.731155, 9.089269999999999, 10.51699725, 11.984948700000004, 13.122905, 16.36108912999997, 38.813544
8.72699075, 9.070035, 10.520827, 12.030261, 13.219201, 16.843217, 38.813544
8.726952, 9.070328, 10.530125, 12.0419519, 13.189907099999992, 16.5764478, 38.813544
8.7282355, 9.070136999999999, 10.4992695, 11.972366, 13.068909799999995, 16.468585, 38.813544
8.72743825, 9.073376, 10.526445, 12.034735, 13.150732, 16.350717889999956, 34.462112
8.72874, 9.070435, 10.517271, 11.9844465, 13.108955849999997, 16.61575631, 38.813544
8.72348175, 9.0709455, 10.520827, 11.968669700000003, 13.157059, 16.442499, 38.813544
8.725247, 9.072411, 10.504048, 11.982920800000002, 13.087583, 16.571008739999993, 38.813544
8.725494, 9.06916, 10.515562, 11.959306, 13.077141, 16.615886, 38.813544
8.730658, 9.078226, 10.52685975, 11.978457300000006, 13.112746699999999, 16.571005939999992, 38.404747
8.726952, 9.070371999999999, 10.482287, 11.99332250000001, 13.082942, 16.60924376999999, 38.813544
8.731069, 9.070035, 10.521659, 12.023483, 13.177002, 16.570951, 38.813544
8.734286, 9.097022, 10.554498, 12.0519896, 13.182346349999996, 16.620502, 38.813544
8.729396, 9.0900105, 10.552312, 12.021884300000002, 13.17626575, 16.903192489999952, 38.813544
8.730037, 9.0668065, 10.525873, 12.022355, 13.219867, 16.829082, 38.813544
8.729998, 9.083211, 10.524028, 12.009955, 13.123117, 16.39379692, 38.404747
8.726977000000002, 9.070035, 10.512209, 12.007204, 13.252541, 16.615886, 38.813544
8.72694825, 9.0734955, 10.52159975, 12.0419519, 13.151082, 16.703847219999986, 38.813544
8.72970475, 9.073015, 10.49327, 11.992195500000003, 13.132643449999998, 16.894274109999984, 34.462112
8.727136, 9.0808955, 10.5198775, 11.993377500000012, 13.122552699999998, 16.60924376999999, 38.813544
8.727994, 9.074401, 10.530565, 12.046369200000004, 13.221502, 16.442499, 38.813544
8.729379, 9.072659, 10.552312, 12.039476200000003, 13.151082, 16.843232269999998, 38.813544
8.730602, 9.0829315, 10.529027, 12.0482814, 13.171542549999996, 16.680769, 38.813544
8.72575625, 9.070756, 10.5212005, 12.020637, 13.169048, 16.615755, 38.813544
8.731171, 9.070322, 10.528427, 11.987698, 13.120155, 16.609178, 38.813544
8.728254, 9.067211, 10.520888750000001, 12.048465, 13.240556, 16.393789, 38.404747
8.730107, 9.079886, 10.512209, 12.00186980000001, 13.219201, 17.057668, 38.813544
8.72874675, 9.06759, 10.48857, 11.962881, 13.022939599999999, 16.395060179999923, 38.813544
8.730598, 9.0756035, 10.5156605, 11.998687800000006, 13.104457, 16.620502, 38.813544
8.73256675, 9.0850805, 10.534799750000001, 11.98102, 13.112734, 17.001767679999894, 38.404747
8.73107125, 9.070051, 10.53281575, 12.019524, 13.157059, 16.680998979999966, 38.404747
8.730609, 9.074600499999999, 10.5474395, 12.11881, 13.268450249999999, 16.61575631, 38.813544
8.72841525, 9.074737, 10.529058249999999, 12.022425, 13.176227, 16.620502, 38.813544
8.726226749999999, 9.078375, 10.529293, 11.970053, 13.089843, 16.60924376999999, 38.813544
8.726211, 9.073093499999999, 10.519223, 11.973583, 13.126926, 16.39532103999988, 38.813544
8.729127, 9.084214, 10.520816, 11.992856, 13.139181, 16.703767, 38.813544
8.728245, 9.073135, 10.507705, 12.041549300000002, 13.220344899999999, 16.844744, 38.813544
8.729998, 9.075686999999999, 10.51160075, 12.007204, 13.137592, 16.606196, 38.813544
8.7282265, 9.078739, 10.534026, 12.022684700000003, 13.15073615, 16.499532399999886, 38.813544
8.727006, 9.06711, 10.497322, 11.9646381, 13.156208, 16.609178, 38.813544
8.722591, 9.065598000000001, 10.494492, 11.997521, 13.1605324, 16.620502, 38.813544
8.79343025, 9.0602105, 10.199632, 11.653518, 12.492187, 14.953882, 26.889073
8.7271185, 9.077219, 10.529716, 11.964631, 13.07563525, 16.360916, 38.404747
8.730609, 9.080981, 10.511876, 12.007204, 13.171296, 16.570951, 38.813544
8.726604, 9.0678235, 10.509657, 12.007227, 13.081100849999999, 16.606225819999995, 38.404747
8.726952, 9.072676, 10.530235, 12.041858, 13.259016, 16.821686, 38.813544
8.72503775, 9.0752575, 10.501164750000001, 12.008932, 13.171296, 16.570951, 38.813544
8.73061, 9.087283500000002, 10.567854, 12.0895553, 13.272027, 16.802209, 38.813544
8.726952, 9.065487, 10.501912, 11.986339900000003, 13.15625055, 16.319874, 38.813544
8.725806, 9.080837500000001, 10.519539, 11.940531, 13.015672799999995, 16.60573268, 38.813544
8.784673, 9.044179, 10.20143925, 11.605148, 12.412934, 14.873687, 26.889073
8.78468, 9.0504625, 10.200565, 11.640785400000002, 12.38062, 14.938511, 26.889073
8.788515, 9.059054, 10.21078275, 11.632023, 12.471264, 14.82504950999999, 26.889073
8.785802, 9.059052, 10.265296, 11.650619200000003, 12.472115, 14.831535, 26.889073
8.78195025, 9.0513455, 10.23057675, 11.6599818, 12.472246899999998, 14.96492, 26.889073
8.784155, 9.050971, 10.213862, 11.638343, 12.439778, 14.822845599999997, 26.889073
8.789133249999999, 9.053267, 10.22807875, 11.6429662, 12.43980465, 14.801244799999996, 26.889073
8.785803, 9.053201, 10.223674, 11.60441, 12.423094, 14.824984, 26.889073
8.784188, 9.04926, 10.224222, 11.669898, 12.47130655, 14.944267119999985, 26.889073
8.78982725, 9.057744, 10.199381, 11.629453, 12.444344, 14.873687, 26.889073
8.785227, 9.060868, 10.213862, 11.632081700000002, 12.443785, 14.824984, 26.889073
8.784391750000001, 9.064582, 10.257808, 11.66043, 12.478849, 14.96492, 26.889073
8.790431, 9.058902, 10.230986, 11.6475, 12.424808499999997, 14.96523062999995, 26.889073
8.7895155, 9.059082499999999, 10.20198, 11.615418, 12.424741, 14.815179, 26.889073
8.7895155, 9.0574745, 10.23057675, 11.633141, 12.397371, 14.824984, 26.889073
8.785038, 9.057737, 10.19239, 11.617790400000004, 12.460371, 14.822824, 26.889073
8.784411, 9.0480465, 10.210208999999999, 11.653518, 12.490727, 14.96492, 26.889073
8.785803, 9.0542415, 10.194815, 11.615875300000003, 12.424741, 14.944267119999985, 26.889073
8.785038, 9.066845, 10.23324925, 11.640785400000002, 12.440311, 14.783205929999971, 26.889073
8.790672, 9.064592, 10.2183605, 11.632023, 12.443785, 14.96492, 26.889073
8.785522, 9.048317, 10.214815, 11.6475, 12.472246899999998, 15.027702, 26.889073
8.72289325, 9.068976, 10.501546, 12.025693, 13.200107549999997, 16.394276099999924, 34.462112
8.72521875, 9.053267, 10.479485, 12.015373, 13.288619, 16.821686, 38.813544
8.73002975, 9.080936, 10.523425, 11.992126, 13.150815, 16.384364, 38.813544
8.7311725, 9.0868265, 10.53100875, 12.021832, 13.15082835, 16.615886, 38.813544
8.730658, 9.079756, 10.55653, 12.041515, 13.2192343, 16.620502, 38.813544
8.7890565, 9.050942, 10.215979, 11.649208500000002, 12.440484699999997, 14.901789, 26.889073
8.78167, 9.045245000000001, 10.212492, 11.64915, 12.472115, 14.932628, 26.889073
8.83165925, 9.015155, 9.375971499999999, 10.893972, 11.7673367, 13.942797889999941, 35.487972
8.786178, 9.057887, 10.254443, 11.650524, 12.492387399999997, 14.901789, 26.889073
8.786217, 9.053087, 10.223942, 11.663554300000003, 12.474753, 14.953882, 26.889073
8.78707, 9.0533435, 10.205375, 11.643211, 12.469874149999999, 14.954303009999933, 26.889073
8.79120075, 9.051636, 10.210096, 11.640647, 12.454684399999998, 14.822824, 26.889073
8.78503225, 9.050942, 10.230541, 11.688052, 12.502753, 14.96523062999995, 26.889073
8.785179750000001, 9.052846500000001, 10.217979, 11.646870900000001, 12.454557, 14.953882, 26.889073
8.790905, 9.058902, 10.223743, 11.6599818, 12.440311, 14.815179, 26.889073
8.784007, 9.050234, 10.200366, 11.6237487, 12.44381295, 14.932628, 26.889073
8.834783, 9.021954000000001, 9.378885499999999, 10.898591, 11.771036699999998, 13.731506, 37.448702
8.835155499999999, 9.018924, 9.372449, 10.9074343, 11.7848811, 13.920710569999924, 37.448702
8.831891, 9.019694, 9.3689725, 10.8748962, 11.843634999999999, 13.942673719999961, 35.734803
8.828122, 9.0151345, 9.366517, 10.838018700000001, 11.738595, 13.80732958999991, 35.734803
8.833928, 9.017653, 9.3715875, 10.875299900000002, 11.7750972, 13.851700399999983, 35.734803
8.833171, 9.010952, 9.375045499999999, 10.870337000000001, 11.750124099999999, 13.77010525999999, 35.487972
8.829672, 9.017685, 9.370785, 10.853239300000002, 11.7740831, 13.892522029999954, 35.734803
8.831698, 9.0187375, 9.38206975, 10.897305, 11.801112, 14.094722239999939, 37.448702
8.832921, 9.017476, 9.38299775, 10.9115148, 11.855496999999996, 14.037024229999991, 37.448702
8.831273, 9.018270999999999, 9.37272225, 10.8721277, 11.788598799999992, 14.054369, 37.448702
8.8302875, 9.014027, 9.366982, 10.878212, 11.750124099999999, 13.94243, 37.448702
8.833381500000002, 9.019694, 9.3730435, 10.866645, 11.75006, 13.74845933, 35.734803
8.86835375, 9.003607, 9.175059, 9.443059, 9.965514549999996, 11.970524530000006, 37.448702
8.645377, 9.129779500000001, 10.720273, 12.3392929, 13.823897, 17.53789306999999, 103.22234228613016
8.64345875, 9.119646, 10.7348955, 12.426230200000001, 14.034355, 17.78608, 38.813544
8.644217, 9.135479, 10.802425, 12.500241, 14.08060959999999, 17.70442273000002, 38.813544
8.652805, 9.131829, 10.787681, 12.352907800000002, 14.021759099999995, 17.93096042000001, 38.813544
8.648044, 9.122739, 10.795318, 12.483738200000003, 14.09346615, 17.939348100000057, 38.813544
8.656440499999999, 9.142960500000001, 10.813349, 12.424355, 13.925927999999997, 17.40155267, 38.813544
8.643807, 9.1120225, 10.803728, 12.462111, 14.124056699999999, 17.872517720000012, 38.813544
8.656486750000001, 9.147125500000001, 10.82476825, 12.474779400000001, 14.057811, 17.663793, 38.813544
8.6510575, 9.143244, 10.85147125, 12.530551, 14.095293, 18.211952, 38.813544
8.64345875, 9.107745, 10.783142250000001, 12.386942800000002, 14.021462, 17.787040250000004, 38.813544
8.649216000000001, 9.128831, 10.83284825, 12.397042200000003, 13.925738, 17.888042, 38.813544
9.115342, 11.301874, 14.0649205, 17.466592, 19.753488549999997, 25.792494120000026, 44.22794
9.099157, 11.1964775, 13.988205, 17.370190800000003, 19.781006, 25.60713201, 44.22794
9.131891, 11.32293, 14.222310499999999, 17.478196400000005, 20.1550829, 26.124527060000016, 44.22794
9.09366825, 11.2501405, 14.022907, 17.38041, 19.975911049999986, 26.123703, 44.22794
9.09992825, 11.1964775, 14.060129, 17.513240900000003, 20.029985249999985, 26.227057190000018, 44.22794
9.110313, 11.298912000000001, 14.12781525, 17.682270000000003, 20.02381, 25.386790270000017, 44.22794
9.106349999999999, 11.122788, 14.011081749999999, 17.257813300000002, 19.675896599999998, 25.87213881, 40.625286
9.14100525, 11.26294, 14.18346, 17.364599, 19.892478999999994, 26.49165766, 40.625286
9.154835, 11.1903535, 14.04293, 17.358213, 19.87966164999998, 25.386125990000004, 44.22794
9.135047, 11.243894, 14.030796, 17.321376, 19.86324959999999, 25.617047350000014, 44.22794
9.116615, 11.320673, 14.167474, 17.626178, 20.019814399999994, 25.872219, 44.22794
9.103855, 11.247666, 14.08345675, 17.2995723, 19.680741249999983, 25.872567300000007, 39.815707
9.10763825, 11.11933, 13.971927, 17.3651018, 19.74558624999999, 25.792145010000016, 44.22794
9.1478, 11.26261, 14.001483, 17.2995723, 20.03014574999998, 25.617047350000014, 44.22794
9.1481265, 11.307845, 14.123252, 17.536532000000005, 20.051031499999997, 26.016247410000023, 44.22794
9.13814575, 11.241546, 14.104582, 17.375665, 19.966850799999996, 26.508879220000008, 44.22794
9.07025475, 11.1715065, 13.97919025, 17.429751800000002, 19.991815, 25.678414630000024, 40.625286
9.114394, 11.213649499999999, 14.157585000000001, 17.497838400000006, 19.916267899999987, 25.609689810000056, 44.22794
9.11572525, 11.32293, 14.11499225, 17.569492400000005, 19.875137549999987, 25.678368970000026, 35.918558
9.08426225, 11.178128, 14.060741, 17.3517778, 19.675896599999998, 25.618142320000036, 44.22794
9.064952, 11.124637499999999, 14.034091499999999, 17.400589, 19.87902209999999, 25.46558043000002, 44.22794
8.7806435, 9.0442955, 10.199499, 11.617035600000001, 12.425519500000002, 14.637913, 26.889073
8.790877250000001, 9.053535, 10.1773925, 11.622074, 12.4204191, 14.932743420000001, 19.563106
8.789552, 9.04832, 10.199523, 11.6627001, 12.4723278, 15.279394240000041, 26.889073
8.786178, 9.0640645, 10.220625250000001, 11.6242382, 12.380667, 14.822911110000003, 18.66297
8.786029, 9.064597, 10.260218, 11.6599818, 12.4572683, 14.995983, 26.889073
8.783767, 9.0391135, 10.2144035, 11.5844836, 12.30909435, 14.736624, 26.889073
8.78946625, 9.062759, 10.281793, 11.7547618, 12.586162, 14.783422000000009, 26.889073
8.78455625, 9.039139, 10.183236, 11.558514, 12.306944500000002, 14.646019220000001, 26.889073
8.78982725, 9.0470295, 10.154247999999999, 11.605148, 12.271361900000002, 14.995983, 26.889073
8.78310975, 9.0487915, 10.21808525, 11.651476, 12.426775350000002, 14.83195652000001, 19.563106
8.784411, 9.040356500000001, 10.285938, 11.6326631, 12.4204191, 15.27344427, 19.563106
8.80143, 9.071628, 10.226932, 11.651476, 12.566419, 14.902097390000007, 26.889073
8.79050975, 9.0560315, 10.20749, 11.651782600000002, 12.383437350000001, 14.953992380000003, 26.889073
8.780063, 9.0418475, 10.194815, 11.697085600000001, 12.579819800000001, 15.0498376, 19.563106
8.791756, 9.076728, 10.19702925, 11.652477600000001, 12.59529875, 15.021458260000006, 19.563106
8.788494, 9.06494, 10.243421, 11.6327253, 12.44381295, 15.464920670000016, 26.889073
8.78248, 9.056102, 10.200415750000001, 11.652362, 12.343002, 15.027922910000004, 18.865024
8.78237525, 9.050637, 10.24400925, 11.633141, 12.4764949, 14.938511, 26.889073
8.7843245, 9.036287000000002, 10.19790975, 11.651796800000001, 12.518941750000002, 14.932686830000002, 26.889073
8.781932999999999, 9.05619, 10.213244, 11.6599818, 12.383578, 14.8012448, 19.563106
8.789595, 9.0725145, 10.245774, 11.711425600000002, 12.579486, 15.097317740000078, 26.889073
8.794337, 9.0702695, 10.224222, 11.6468709, 12.5027918, 14.757332510000007, 19.393533
8.78580275, 9.0603965, 10.20798875, 11.650228200000004, 12.47130655, 14.825471030000012, 19.563106
8.784536, 9.0452715, 10.23219925, 11.7160918, 12.57926655, 15.46395637, 26.889073
8.785179750000001, 9.052158, 10.2128345, 11.6387561, 12.38156, 14.965230630000006, 19.563106
8.7933805, 9.079984, 10.21556475, 11.638894500000001, 12.503546550000003, 15.09555742000004, 19.393533
8.78918575, 9.050792, 10.279553, 11.6933527, 12.53201085, 15.845878620000017, 26.889073
8.783368750000001, 9.053603, 10.2588195, 11.665080800000002, 12.518868200000002, 15.27344427, 26.889073
8.7831985, 9.053294999999999, 10.300221, 11.676102300000002, 12.439778, 14.825049510000001, 26.889073
8.795166, 9.0689305, 10.275099, 11.70974, 12.518941750000002, 15.240095440000006, 19.563106
8.77668825, 9.033555, 10.172677, 11.6171198, 12.319536, 15.054253, 19.393533
8.783368750000001, 9.0411185, 10.18007975, 11.595953, 12.322292, 14.815764080000013, 26.889073
8.77995475, 9.053031, 10.215814, 11.658261500000002, 12.425309250000002, 15.275163320000038, 19.393533
8.7845725, 9.049898, 10.226674, 11.6736765, 12.551711, 15.27344427, 26.889073
8.7864895, 9.068193, 10.222006, 11.6407854, 12.472246900000002, 15.240136710000007, 26.889073
8.778198249999999, 9.0426355, 10.230541, 11.638343, 12.385381, 15.05610806000004, 19.563106
8.7971825, 9.061801, 10.20091875, 11.626390100000002, 12.4572683, 14.75751444000001, 19.393533
8.78453175, 9.057737, 10.2163035, 11.613494, 12.4604952, 14.902730940000021, 26.889073
8.8655525, 8.9995835, 9.19426475, 9.5081693, 10.0710147, 11.970292, 35.734803
8.865637, 8.99642, 9.17375, 9.460784, 10.00536, 12.070439959999998, 29.227148
8.87112325, 9.008502, 9.178865, 9.4499572, 9.95293145, 11.938615, 37.448702
8.86125575, 9.0011695, 9.170997999999999, 9.4133224, 9.915973, 11.762238979999987, 33.51644
8.862056500000001, 9.006582, 9.178934, 9.445874499999999, 9.994588249999998, 11.932958999999993, 37.448702
8.863941, 9.0050955, 9.17481575, 9.445592, 9.921269099999998, 11.839931019999986, 15.286468
8.871588, 8.9931535, 9.1815945, 9.4658418, 9.971035699999998, 11.938931769999993, 35.330604
8.870303, 9.0102555, 9.19338625, 9.462667, 10.004476299999999, 11.95896976999999, 35.734803
8.865049, 9.0066545, 9.1883, 9.471173, 10.092368199999997, 11.896606799999999, 33.51644
8.863795, 9.0016295, 9.1748105, 9.440857099999999, 9.980987, 11.894581, 24.923449
8.8710945, 9.0044255, 9.18330875, 9.4608712, 9.965731199999997, 11.932545, 16.928153
8.858853, 8.9928195, 9.161196, 9.4019183, 9.847379, 11.932605699999998, 35.487972
8.869037250000002, 9.013477, 9.1918105, 9.4615552, 9.970530149999993, 11.815598, 35.487972
8.868221, 9.004527, 9.171532, 9.4567853, 9.884818549999999, 11.625172459999987, 35.487972
8.87128425, 9.0020525, 9.17732475, 9.457004, 9.974308199999998, 11.780279449999993, 35.734803
8.863345500000001, 9.005145, 9.197427249999999, 9.4939947, 10.092368199999997, 11.999339, 37.448702
8.864491, 8.998246, 9.191741, 9.4659068, 9.91609095, 11.970292, 37.448702
8.858803, 8.999918000000001, 9.176846000000001, 9.4222489, 9.9053934, 12.348473289999994, 37.448702
8.87022, 9.010663000000001, 9.185064, 9.443095, 9.941349199999998, 12.222929099999986, 37.448702
8.867824, 9.0038315, 9.1733245, 9.434658, 9.92934, 11.913367709999996, 35.734803
8.790975999999999, 9.070425499999999, 10.21878325, 11.6604863, 12.397729550000001, 14.637913, 19.393533
8.78900775, 9.0425805, 10.139148, 11.5971292, 12.34270465, 14.932686830000002, 26.889073
8.78849425, 9.0531095, 10.28568075, 11.6736765, 12.496500500000002, 15.027702, 19.563106
8.78440075, 9.0386445, 10.200415750000001, 11.671043, 12.479442900000002, 14.995983, 26.889073
8.788897, 9.069747, 10.2721835, 11.653518, 12.444344, 15.054648080000009, 26.889073
8.781347, 9.0670325, 10.236745, 11.589782800000002, 12.30671715, 14.815342560000005, 26.889073
8.788676500000001, 9.053144, 10.24700125, 11.6492085, 12.4446137, 15.054648080000009, 19.563106
8.790949, 9.05001, 10.21556475, 11.6326631, 12.525207000000002, 14.944377500000003, 26.889073
8.86502325, 8.9990095, 9.173507, 9.4431285, 9.9727296, 12.316018219999995, 29.227148
8.8623735, 9.002467, 9.16680775, 9.4449376, 9.921087849999997, 11.739308299999983, 35.734803
8.87105025, 9.002675, 9.183659, 9.4614292, 9.973280999999995, 11.87444791, 35.487972
8.868618999999999, 9.005781500000001, 9.194445, 9.4501033, 9.992117799999999, 11.922215, 35.330604
8.863883, 9.004593, 9.1679165, 9.489011, 9.93106605, 11.839501489999996, 35.487972
8.85950925, 8.9959235, 9.18344075, 9.472112000000001, 10.053250849999998, 11.958911829999993, 37.448702
8.870835, 9.01118, 9.195304, 9.4678367, 10.037369, 11.96145763999999, 35.487972
8.8704135, 9.005277, 9.178265499999998, 9.453075, 9.908505849999997, 11.92257846999999, 35.734803
8.86391575, 8.9997635, 9.165393, 9.4402319, 9.971457549999997, 11.895120679999994, 35.330604
8.86865225, 8.9985645, 9.168760500000001, 9.4234321, 9.8599853, 11.938615, 37.448702
8.86391575, 9.00683, 9.183206250000001, 9.442472, 9.860295, 11.832284659999997, 35.487972
8.87178825, 9.0029465, 9.1875375, 9.423998, 9.815623, 11.896706339999996, 37.448702
8.871588, 9.004546000000001, 9.168206000000001, 9.4521272, 9.940905, 11.71847671, 29.227148
8.890799750000001, 9.049297, 9.2474895, 9.4945815, 9.806931800000001, 14.691345, 23.303856
8.88655875, 9.043093500000001, 9.24792575, 9.5121826, 9.81023605, 14.39243249, 32.855096
8.888767, 9.049379, 9.24271, 9.4535389, 9.71156165, 14.451942559999997, 52.853195
8.90111675, 9.0517875, 9.2281795, 9.5060268, 9.8001393, 11.533825039999996, 32.855096
8.894264249999999, 9.0450915, 9.235721250000001, 9.5433882, 9.76821035, 14.90866716999999, 52.853195
8.900799, 9.049449, 9.244572, 9.5256207, 9.79864965, 13.622733749999995, 32.855096
8.88539675, 9.042216, 9.26236425, 9.559886200000001, 9.777396699999999, 11.738098139999998, 19.892145
8.88286875, 9.039427, 9.241586250000001, 9.517638, 9.74821725, 13.232364, 21.371576
8.892725, 9.054613, 9.246361, 9.5255811, 9.7934665, 13.168474029999993, 19.892145
8.870439, 9.024694, 9.23255425, 9.503744900000001, 9.741705049999998, 14.111399509999995, 36.893046
8.886119, 9.0545625, 9.23864025, 9.5320857, 9.82950065, 15.571933089999998, 32.855096
8.9002665, 9.049330000000001, 9.247655, 9.5193394, 9.7715675, 11.68220693, 24.370709
8.8976785, 9.038578999999999, 9.237526500000001, 9.538952, 9.831032949999999, 16.26019, 52.853195
8.88241525, 9.04387, 9.2298555, 9.4824342, 9.7159612, 14.670271, 24.370709
8.88231825, 9.038949500000001, 9.24061725, 9.5378528, 9.752797, 14.39209222, 36.893046
8.893684499999999, 9.033891, 9.236886499999999, 9.531776100000002, 9.8085985, 15.725606399999997, 32.855096
8.88191325, 9.045311, 9.269176250000001, 9.542314600000001, 9.81769355, 13.617861, 52.853195
8.872328, 9.033816, 9.227494499999999, 9.5121917, 9.7719557, 13.261468359999999, 19.656824
8.88856025, 9.04027, 9.22215075, 9.508123300000001, 9.7405906, 13.812229089999992, 24.370709
8.88944125, 9.0446635, 9.235953, 9.5169675, 9.8294404, 16.447658, 32.855096
8.879525000000001, 9.025800499999999, 9.222216, 9.4842815, 9.6896241, 11.275884529999981, 24.370709
8.87538825, 9.0347765, 9.232819500000002, 9.5233872, 9.80910795, 16.450388639999996, 52.853195
8.87961975, 9.0391175, 9.25183475, 9.531608400000001, 9.80668955, 11.741160739999998, 24.370709
0, 0, 0, 0, 0, 0, 0
0, 0, 0, 0, 0, 0, 0
0, 0, 0, 0, 0, 0, 0
0, 0, 0, 0, 0, 0, 0
0, 0, 0, 0, 0, 0, 0
0, 0, 0, 0, 0, 0, 0
0, 0, 0, 0, 0, 0, 0
0, 0, 0, 0, 0, 0, 0
0, 0, 0, 0, 0, 0, 0
0, 0, 0, 0, 0, 0, 0
0, 0, 0, 0, 0, 0, 0
0, 0, 0, 0, 0, 0, 0
0, 0, 0, 0, 0, 0, 0
0, 0, 0, 0, 0, 0, 0
0, 0, 0, 0, 0, 0, 0
0, 0, 0, 0, 0, 0, 0
0, 0, 0, 0, 0, 0, 0
0, 0, 0, 0, 0, 0, 0
0, 0, 0, 0, 0, 0, 0
0, 0, 0, 0, 0, 0, 0
0, 0, 0, 0, 0, 0, 0
0, 0, 0, 0, 0, 0, 0
0, 0, 0, 0, 0, 0, 0
0, 0, 0, 0, 0, 0, 0
0, 0, 0, 0, 0, 0, 0
0, 0, 0, 0, 0, 0, 0
0, 0, 0, 0, 0, 0, 0
0, 0, 0, 0, 0, 0, 0
0, 0, 0, 0, 0, 0, 0
0, 0, 0, 0, 0, 0, 0
0, 0, 0, 0, 0, 0, 0
0, 0, 0, 0, 0, 0, 0
0, 0, 0, 0, 0, 0, 0
0, 0, 0, 0, 0, 0, 0
0, 0, 0, 0, 0, 0, 0
0, 0, 0, 0, 0, 0, 0
0, 0, 0, 0, 0, 0, 0
0, 0, 0, 0, 0, 0, 0
0, 0, 0, 0, 0, 0, 0
0, 0, 0, 0, 0, 0, 0
0, 0, 0, 0, 0, 0, 0
0, 0, 0, 0, 0, 0, 0
0, 0, 0, 0, 0, 0, 0
0, 0, 0, 0, 0, 0, 0
0, 0, 0, 0, 0, 0, 0
0, 0, 0, 0, 0, 0, 0
0, 0, 0, 0, 0, 0, 0
0, 0, 0, 0, 0, 0, 0
0, 0, 0, 0, 0, 0, 0
0, 0, 0, 0, 0, 0, 0
0, 0, 0, 0, 0, 0, 0
0, 0, 0, 0, 0, 0, 0
0, 0, 0, 0, 0, 0, 0
0, 0, 0, 0, 0, 0, 0
0, 0, 0, 0, 0, 0, 0
0, 0, 0, 0, 0, 0, 0
0, 0, 0, 0, 0, 0, 0
8.882134, 9.045319, 9.243424000000001, 9.4885874, 9.757248950000001, 16.030358099999997, 24.370709
8.8860325, 9.0459465, 9.22575075, 9.487161200000001, 9.7134675, 16.050663, 52.853195
8.889057750000001, 9.0417195, 9.226201, 9.4799629, 9.692886849999999, 14.697063829999994, 52.853195
8.897549, 9.0477835, 9.241987, 9.516527, 9.84281105, 16.44792254, 32.855096
8.887912, 9.046997999999999, 9.25312275, 9.5192561, 9.80857995, 16.26019, 36.893046
8.884350249999999, 9.04768, 9.235672749999999, 9.551471699999999, 9.8404, 14.783211649999997, 36.893046
8.88608675, 9.0337765, 9.2428495, 9.4986456, 9.7103584, 11.258593329999998, 36.893046
8.881413, 9.045958500000001, 9.25666725, 9.529218, 9.8128825, 13.170449099999992, 36.893046
8.87932375, 9.045237499999999, 9.2383285, 9.5083479, 9.7694701, 14.605914929999999, 24.370709
8.889953499999999, 9.040315, 9.24182925, 9.5272059, 9.7486429, 12.013368579999963, 52.853195
8.888786249999999, 9.038450000000001, 9.2587915, 9.505633999999999, 9.7405906, 16.030153, 22.552578
8.886791, 9.039964000000001, 9.237217000000001, 9.4969419, 9.75724995, 13.244544319999989, 52.853195
8.884995, 9.040762999999998, 9.22493525, 9.4827627, 9.70850295, 10.693959599999996, 19.071708
8.8771915, 9.0346495, 9.247318, 9.527364, 9.7403794, 11.169810539999993, 21.371576
8.889581, 9.048262999999999, 9.246968, 9.5186546, 9.740704299999999, 14.419988939999996, 21.371576
8.875988, 9.0378475, 9.245476250000001, 9.522847800000001, 9.75286115, 13.249029669999985, 32.855096
8.8948155, 9.049289, 9.24792575, 9.5346407, 9.771584950000001, 15.726895259999996, 32.855096
8.88917675, 9.049379, 9.26786975, 9.5709172, 9.85960375, 16.713529349999998, 36.893046
8.878166499999999, 9.038219, 9.2408235, 9.487021, 9.73999115, 11.737343, 52.853195
8.8846265, 9.022730500000002, 9.223171749999999, 9.5196589, 9.78219935, 14.69174642, 19.502914
8.89266675, 9.046301, 9.243739, 9.536277, 9.79318625, 14.39243249, 52.853195
8.88895425, 9.031229, 9.23959275, 9.512927, 9.7684887, 11.987920839999985, 19.072953
8.88977075, 9.045459, 9.237469, 9.469104999999999, 9.68090105, 11.46506711999998, 52.853195
8.87990625, 9.0285835, 9.243531, 9.4844008, 9.703847, 16.101588059999997, 21.371576
8.874776, 9.041142, 9.24485925, 9.503821100000001, 9.75788105, 16.397703, 52.853195
8.8741375, 9.028259, 9.225116, 9.4788963, 9.764608, 13.261468359999999, 23.303856
8.88605475, 9.045005, 9.243222, 9.5107306, 9.72577245, 13.258511, 52.853195
8.8970605, 9.0490835, 9.24283275, 9.5321959, 9.792172599999999, 15.722323, 21.371576
8.8820355, 9.045396, 9.244118499999999, 9.5125883, 9.798576, 15.270364589999993, 32.855096
8.8978845, 9.049273, 9.23707825, 9.537771, 9.7683166, 14.196959149999998, 19.656824
8.882706, 9.0472775, 9.235759999999999, 9.516233900000001, 9.76395155, 16.05910689, 24.370709
8.87880525, 9.041795, 9.246392, 9.5466332, 9.81386595, 16.26019, 36.893046
8.88293425, 9.046616499999999, 9.243009, 9.526503, 9.76953925, 11.258593329999998, 24.370709
8.88748275, 9.042722, 9.258556500000001, 9.539248900000002, 9.849845, 15.875618009999997, 24.370709
8.88843, 9.036044, 9.242961750000001, 9.498448000000002, 9.7399329, 13.618961919999998, 22.552578
8.89121375, 9.049298499999999, 9.23764175, 9.4969557, 9.8188359, 16.064709349999994, 23.303856
8.881992, 9.033903500000001, 9.2334885, 9.5076869, 9.75771305, 14.778363, 23.303856
8.87741025, 9.038969, 9.257776, 9.5045111, 9.829545399999999, 14.47036861999998, 32.855096
8.8887955, 9.040074, 9.25285225, 9.5277261, 9.802092349999999, 16.47539771, 21.371576
8.888826, 9.036768, 9.2311065, 9.4772466, 9.678893799999999, 11.985390689999988, 52.853195
8.87971025, 9.040610000000001, 9.2430955, 9.541553200000001, 9.782632, 16.03083744, 32.855096
8.8907375, 9.047645, 9.24992975, 9.540634299999999, 9.8170377, 16.44976985, 52.853195
8.887659750000001, 9.035218, 9.230409, 9.4902157, 9.73559805, 14.450396, 52.853195
8.8926335, 9.043135, 9.2324315, 9.5234055, 9.78480465, 11.985652159999988, 24.370709
8.884995, 9.052782, 9.2545285, 9.5102559, 9.733242500000001, 15.87359139, 52.853195
8.875372, 9.029970500000001, 9.22046, 9.4810906, 9.67482605, 13.48606768, 32.855096
8.89833125, 9.0397315, 9.247177, 9.526625300000001, 9.82393235, 14.406654009999986, 22.552578
8.88011625, 9.0276505, 9.24740475, 9.5418106, 9.833867, 16.605816349999998, 52.853195
8.86994125, 9.028739999999999, 9.225863, 9.4788128, 9.74440445, 14.39224006, 52.853195
8.87286175, 9.038416, 9.240981000000001, 9.5322371, 9.778475349999999, 15.97762476, 52.853195
8.90625775, 9.05333, 9.26323325, 9.544018300000001, 9.807810649999999, 15.726085739999997, 52.853195
8.8837065, 9.047427, 9.2395825, 9.4995303, 9.7081529, 13.812841249999991, 36.893046
8.886744, 9.039735, 9.2380875, 9.4773799, 9.653958, 13.75967627999998, 36.893046
8.88685775, 9.0448695, 9.2561, 9.5318397, 9.73821425, 14.90866716999999, 21.371576
8.88706025, 9.041888499999999, 9.221928, 9.498191400000001, 9.72243395, 14.418255829999998, 32.855096
8.88221575, 9.031416499999999, 9.224318, 9.492561, 9.69986575, 13.246953809999987, 52.853195
8.896512999999999, 9.0378295, 9.23042875, 9.4887629, 9.70124055, 14.434625099999996, 36.893046
8.8769295, 9.048288, 9.239672500000001, 9.5165636, 9.73830175, 13.485379, 36.893046
8.885522, 9.02815, 9.218635500000001, 9.457791, 9.692127549999999, 11.826349019999988, 21.371576
8.880834499999999, 9.034419, 9.236002, 9.4788257, 9.778475349999999, 16.031646959999996, 36.893046
8.888299250000001, 9.0427515, 9.230745, 9.5345592, 9.77640525, 16.18173054, 24.370709
8.88539475, 9.031213999999999, 9.234869, 9.5017057, 9.765848349999999, 14.679272429999992, 23.303856
8.886917, 9.0363415, 9.23727, 9.5012317, 9.716589, 15.575296939999996, 24.370709
8.87573675, 9.021207, 9.22360325, 9.4842747, 9.77919225, 15.724868639999997, 52.853195
8.876831500000002, 9.033861, 9.23116075, 9.4912829, 9.733125, 13.556740149999998, 22.552578
8.882553, 9.036681999999999, 9.2309755, 9.4885111, 9.71925545, 11.703985949999979, 19.373624
8.887014, 9.044183499999999, 9.24321625, 9.5121826, 9.7399676, 14.670883159999999, 52.853195
8.896085750000001, 9.0497125, 9.2355605, 9.522847800000001, 9.7444467, 13.727953, 21.371576
8.89044225, 9.034483000000002, 9.24434475, 9.495500100000001, 9.73065615, 11.91497702, 19.656824
8.8978075, 9.059512999999999, 9.25690975, 9.4870695, 9.7388404, 15.87359139, 23.303856
8.8810295, 9.0313975, 9.226096250000001, 9.4882034, 9.6786042, 14.393979049999999, 52.853195
8.8893955, 9.033979500000001, 9.242386, 9.5514585, 9.7992855, 14.453206909999997, 52.853195
8.897371, 9.043856, 9.23091925, 9.4649818, 9.699311, 13.166617019999995, 36.893046
8.87838775, 9.0284075, 9.22371475, 9.4826025, 9.72358195, 16.179549, 52.853195
8.885385249999999, 9.038969, 9.22740475, 9.527561100000002, 9.73993815, 12.014795369999982, 20.217992
8.89206275, 9.041971499999999, 9.2324215, 9.4920902, 9.69723905, 14.60570419, 36.893046
8.88706025, 9.0482905, 9.2423595, 9.5711422, 9.859069, 16.215679, 36.893046
8.885802, 9.034483000000002, 9.2472895, 9.533691600000001, 9.8132033, 16.036439899999994, 36.893046
8.888463999999999, 9.0489945, 9.22686375, 9.491869300000001, 9.7161002, 16.26121194, 19.373624
8.892525749999999, 9.048853, 9.2590705, 9.538725000000001, 9.8253916, 16.1799103, 52.853195
8.881449750000002, 9.048055999999999, 9.2307495, 9.5072243, 9.72604315, 13.236218969999998, 21.371576
8.87413175, 9.0308605, 9.235567, 9.503848300000001, 9.7103584, 13.487890559999999, 19.645042
8.874170000000001, 9.030641, 9.2203075, 9.467059500000001, 9.72273265, 14.39243249, 24.370709
8.8781205, 9.0285495, 9.21577925, 9.4667297, 9.71813045, 14.10601301, 52.853195
8.89207925, 9.047654999999999, 9.248740999999999, 9.505611, 9.829971, 13.555984059999998, 36.893046
8.88816325, 9.042399, 9.2375985, 9.489023399999999, 9.681042699999999, 10.69098206, 21.371576
8.88782725, 9.0374225, 9.2469805, 9.501127499999999, 9.70748645, 16.474112, 32.855096
8.88404325, 9.0405745, 9.23841175, 9.4870663, 9.793025, 13.809444849999995, 36.893046
8.876803, 9.039099499999999, 9.218816, 9.4694874, 9.68582225, 16.109242169999998, 32.855096
8.876812000000001, 9.029061500000001, 9.21887975, 9.464271499999999, 9.678723, 11.47216172999998, 32.855096
8.894537, 9.042539999999999, 9.254476, 9.5035328, 9.740178, 11.992219499999981, 52.853195
8.88677375, 9.0424215, 9.2261645, 9.4784409, 9.7160244, 11.752554679999985, 36.893046
8.90051, 9.045506499999998, 9.23772175, 9.4977918, 9.73086335, 15.73223168999999, 32.855096
8.896843500000001, 9.047520500000001, 9.249353750000001, 9.5278264, 9.7670134, 14.1948271, 20.217992
8.87363075, 9.035564, 9.2355685, 9.4842499, 9.6980285, 11.830270899999983, 22.552578
8.892659, 9.049009, 9.260412, 9.5133236, 9.75302625, 16.216124110000003, 20.217992
8.8826475, 9.044705, 9.2314235, 9.5077467, 9.7345687, 11.128551379999973, 32.855096
8.868424000000001, 9.0209255, 9.21984725, 9.4979229, 9.72273265, 10.840915829999998, 32.855096
8.89500675, 9.048612, 9.23830825, 9.5209001, 9.779717, 11.16183727, 24.370709
8.894589499999999, 9.043535, 9.238311249999999, 9.542344400000001, 9.80796425, 16.604573739999996, 23.303856
8.88733125, 9.0460745, 9.241646, 9.534559, 9.769433, 13.741098019999995, 24.370709
8.8929275, 9.053951, 9.25421025, 9.5181868, 9.772097950000001, 16.70684715, 23.303856
8.876652, 9.034292, 9.2224725, 9.4681025, 9.674974, 13.260779679999999, 21.371576
8.89011, 9.0316215, 9.22613275, 9.4775887, 9.6570971, 11.11953091, 24.370709
8.88269575, 9.034042, 9.224134, 9.524617, 9.80962115, 16.050663, 19.656824
8.892809, 9.039489, 9.242117, 9.4924157, 9.7106683, 13.165980879999996, 52.853195
8.899179499999999, 9.051875500000001, 9.2482895, 9.517035, 9.7585646, 15.576505349999994, 24.370709
8.88581475, 9.0498595, 9.250362500000001, 9.5106072, 9.776015150000001, 13.16276205, 36.893046
8.8859535, 9.042811, 9.23557175, 9.5165711, 9.77176545, 14.79108599999999, 52.853195
8.87247625, 9.0316995, 9.23468225, 9.529947, 9.7331708, 14.451942559999997, 52.853195
8.89118025, 9.0490835, 9.23353725, 9.50728, 9.799428, 16.03083744, 52.853195
8.8831645, 9.034400000000002, 9.233271499999999, 9.496849, 9.757533, 11.220973419999979, 36.893046
8.88896725, 9.038776, 9.23505025, 9.498684299999999, 9.689600149999999, 14.700135689999993, 36.893046
8.892240750000001, 9.046115, 9.23823325, 9.5306713, 9.775921, 16.186747259999994, 52.853195
8.875635, 9.040187, 9.24303825, 9.5001981, 9.69307985, 14.736804409999994, 52.853195
8.8948365, 9.0464745, 9.258227, 9.5423012, 9.75601515, 11.02207091, 20.217992
8.88869125, 9.038504499999998, 9.23784375, 9.484179300000001, 9.70068755, 15.722323, 19.892145
8.886776000000001, 9.035456, 9.216944250000001, 9.4945815, 9.6917103, 14.905645829999994, 32.855096
8.888911, 9.048294, 9.238558, 9.5337514, 9.735357, 11.814675749999997, 24.370709
8.88039025, 9.045001, 9.251816, 9.5501921, 9.770175, 15.978913619999998, 24.370709
8.881992, 9.026209, 9.243461499999999, 9.5423012, 9.75771465, 14.434156339999998, 24.370709
8.89627575, 9.048919, 9.253810000000001, 9.5336258, 9.819623649999999, 16.05124169, 52.853195
8.88354475, 9.0476715, 9.23287875, 9.487441200000001, 9.73946305, 15.978203449999999, 21.371576
8.8847295, 9.034179, 9.220831749999999, 9.480505, 9.686777, 11.101044239999997, 24.370709
8.87947, 9.0199515, 9.215574, 9.472231, 9.69169725, 11.737343, 23.303856
0, 0, 0, 0, 0, 0, 0
0, 0, 0, 0, 0, 0, 0
0, 0, 0, 0, 0, 0, 0
0, 0, 0, 0, 0, 0, 0
0, 0, 0, 0, 0, 0, 0
0, 0, 0, 0, 0, 0, 0
0, 0, 0, 0, 0, 0, 0
0, 0, 0, 0, 0, 0, 0
0, 0, 0, 0, 0, 0, 0
0, 0, 0, 0, 0, 0, 0
0, 0, 0, 0, 0, 0, 0
0, 0, 0, 0, 0, 0, 0
0, 0, 0, 0, 0, 0, 0
0, 0, 0, 0, 0, 0, 0
0, 0, 0, 0, 0, 0, 0
0, 0, 0, 0, 0, 0, 0
0, 0, 0, 0, 0, 0, 0
0, 0, 0, 0, 0, 0, 0
0, 0, 0, 0, 0, 0, 0
0, 0, 0, 0, 0, 0, 0
0, 0, 0, 0, 0, 0, 0
0, 0, 0, 0, 0, 0, 0
0, 0, 0, 0, 0, 0, 0
0, 0, 0, 0, 0, 0, 0
0, 0, 0, 0, 0, 0, 0
0, 0, 0, 0, 0, 0, 0
0, 0, 0, 0, 0, 0, 0
0, 0, 0, 0, 0, 0, 0
0, 0, 0, 0, 0, 0, 0
0, 0, 0, 0, 0, 0, 0
0, 0, 0, 0, 0, 0, 0
0, 0, 0, 0, 0, 0, 0
0, 0, 0, 0, 0, 0, 0
0, 0, 0, 0, 0, 0, 0
0, 0, 0, 0, 0, 0, 0
0, 0, 0, 0, 0, 0, 0
0, 0, 0, 0, 0, 0, 0
0, 0, 0, 0, 0, 0, 0
0, 0, 0, 0, 0, 0, 0
0, 0, 0, 0, 0, 0, 0
0, 0, 0, 0, 0, 0, 0
0, 0, 0, 0, 0, 0, 0
0, 0, 0, 0, 0, 0, 0
0, 0, 0, 0, 0, 0, 0
0, 0, 0, 0, 0, 0, 0
0, 0, 0, 0, 0, 0, 0
0, 0, 0, 0, 0, 0, 0
0, 0, 0, 0, 0, 0, 0
0, 0, 0, 0, 0, 0, 0
0, 0, 0, 0, 0, 0, 0
0, 0, 0, 0, 0, 0, 0
0, 0, 0, 0, 0, 0, 0
0, 0, 0, 0, 0, 0, 0
0, 0, 0, 0, 0, 0, 0
0, 0, 0, 0, 0, 0, 0
0, 0, 0, 0, 0, 0, 0
0, 0, 0, 0, 0, 0, 0
0, 0, 0, 0, 0, 0, 0
0, 0, 0, 0, 0, 0, 0
0, 0, 0, 0, 0, 0, 0
0, 0, 0, 0, 0, 0, 0
0, 0, 0, 0, 0, 0, 0
0, 0, 0, 0, 0, 0, 0
0, 0, 0, 0, 0, 0, 0
0, 0, 0, 0, 0, 0, 0
0, 0, 0, 0, 0, 0, 0
0, 0, 0, 0, 0, 0, 0
0, 0, 0, 0, 0, 0, 0
0, 0, 0, 0, 0, 0, 0
0, 0, 0, 0, 0, 0, 0
0, 0, 0, 0, 0, 0, 0
0, 0, 0, 0, 0, 0, 0
0, 0, 0, 0, 0, 0, 0
0, 0, 0, 0, 0, 0, 0
0, 0, 0, 0, 0, 0, 0
0, 0, 0, 0, 0, 0, 0
0, 0, 0, 0, 0, 0, 0
0, 0, 0, 0, 0, 0, 0
0, 0, 0, 0, 0, 0, 0
0, 0, 0, 0, 0, 0, 0
0, 0, 0, 0, 0, 0, 0
0, 0, 0, 0, 0, 0, 0
0, 0, 0, 0, 0, 0, 0
0, 0, 0, 0, 0, 0, 0
0, 0, 0, 0, 0, 0, 0
0, 0, 0, 0, 0, 0, 0
0, 0, 0, 0, 0, 0, 0
0, 0, 0, 0, 0, 0, 0
0, 0, 0, 0, 0, 0, 0
0, 0, 0, 0, 0, 0, 0
0, 0, 0, 0, 0, 0, 0
0, 0, 0, 0, 0, 0, 0
0, 0, 0, 0, 0, 0, 0
0, 0, 0, 0, 0, 0, 0
0, 0, 0, 0, 0, 0, 0
0, 0, 0, 0, 0, 0, 0
0, 0, 0, 0, 0, 0, 0
0, 0, 0, 0, 0, 0, 0
0, 0, 0, 0, 0, 0, 0
0, 0, 0, 0, 0, 0, 0
0, 0, 0, 0, 0, 0, 0
0, 0, 0, 0, 0, 0, 0
0, 0, 0, 0, 0, 0, 0
0, 0, 0, 0, 0, 0, 0
0, 0, 0, 0, 0, 0, 0
0, 0, 0, 0, 0, 0, 0
0, 0, 0, 0, 0, 0, 0
0, 0, 0, 0, 0, 0, 0
0, 0, 0, 0, 0, 0, 0
0, 0, 0, 0, 0, 0, 0
0, 0, 0, 0, 0, 0, 0
0, 0, 0, 0, 0, 0, 0
0, 0, 0, 0, 0, 0, 0
0, 0, 0, 0, 0, 0, 0
0, 0, 0, 0, 0, 0, 0
0, 0, 0, 0, 0, 0, 0
0, 0, 0, 0, 0, 0, 0
0, 0, 0, 0, 0, 0, 0
0, 0, 0, 0, 0, 0, 0
0, 0, 0, 0, 0, 0, 0
0, 0, 0, 0, 0, 0, 0
0, 0, 0, 0, 0, 0, 0
0, 0, 0, 0, 0, 0, 0
0, 0, 0, 0, 0, 0, 0
0, 0, 0, 0, 0, 0, 0
0, 0, 0, 0, 0, 0, 0
0, 0, 0, 0, 0, 0, 0
0, 0, 0, 0, 0, 0, 0
0, 0, 0, 0, 0, 0, 0
0, 0, 0, 0, 0, 0, 0
0, 0, 0, 0, 0, 0, 0
0, 0, 0, 0, 0, 0, 0
0, 0, 0, 0, 0, 0, 0
0, 0, 0, 0, 0, 0, 0
0, 0, 0, 0, 0, 0, 0
0, 0, 0, 0, 0, 0, 0
0, 0, 0, 0, 0, 0, 0
0, 0, 0, 0, 0, 0, 0
0, 0, 0, 0, 0, 0, 0
0, 0, 0, 0, 0, 0, 0
0, 0, 0, 0, 0, 0, 0
0, 0, 0, 0, 0, 0, 0
0, 0, 0, 0, 0, 0, 0
0, 0, 0, 0, 0, 0, 0
0, 0, 0, 0, 0, 0, 0
0, 0, 0, 0, 0, 0, 0
0, 0, 0, 0, 0, 0, 0
0, 0, 0, 0, 0, 0, 0
0, 0, 0, 0, 0, 0, 0
0, 0, 0, 0, 0, 0, 0
0, 0, 0, 0, 0, 0, 0
0, 0, 0, 0, 0, 0, 0
0, 0, 0, 0, 0, 0, 0
0, 0, 0, 0, 0, 0, 0
0, 0, 0, 0, 0, 0, 0
0, 0, 0, 0, 0, 0, 0
0, 0, 0, 0, 0, 0, 0
0, 0, 0, 0, 0, 0, 0
0, 0, 0, 0, 0, 0, 0
0, 0, 0, 0, 0, 0, 0
0, 0, 0, 0, 0, 0, 0
0, 0, 0, 0, 0, 0, 0
0, 0, 0, 0, 0, 0, 0
0, 0, 0, 0, 0, 0, 0
0, 0, 0, 0, 0, 0, 0
0, 0, 0, 0, 0, 0, 0
0, 0, 0, 0, 0, 0, 0
0, 0, 0, 0, 0, 0, 0
0, 0, 0, 0, 0, 0, 0
0, 0, 0, 0, 0, 0, 0
0, 0, 0, 0, 0, 0, 0
0, 0, 0, 0, 0, 0, 0
0, 0, 0, 0, 0, 0, 0
0, 0, 0, 0, 0, 0, 0
0, 0, 0, 0, 0, 0, 0
0, 0, 0, 0, 0, 0, 0
0, 0, 0, 0, 0, 0, 0
0, 0, 0, 0, 0, 0, 0
0, 0, 0, 0, 0, 0, 0
0, 0, 0, 0, 0, 0, 0
0, 0, 0, 0, 0, 0, 0
0, 0, 0, 0, 0, 0, 0
0, 0, 0, 0, 0, 0, 0
0, 0, 0, 0, 0, 0, 0
0, 0, 0, 0, 0, 0, 0
0, 0, 0, 0, 0, 0, 0
0, 0, 0, 0, 0, 0, 0
0, 0, 0, 0, 0, 0, 0
0, 0, 0, 0, 0, 0, 0
0, 0, 0, 0, 0, 0, 0
0, 0, 0, 0, 0, 0, 0
0, 0, 0, 0, 0, 0, 0
0, 0, 0, 0, 0, 0, 0
0, 0, 0, 0, 0, 0, 0
0, 0, 0, 0, 0, 0, 0
0, 0, 0, 0, 0, 0, 0
0, 0, 0, 0, 0, 0, 0
0, 0, 0, 0, 0, 0, 0
0, 0, 0, 0, 0, 0, 0
0, 0, 0, 0, 0, 0, 0
0, 0, 0, 0, 0, 0, 0
0, 0, 0, 0, 0, 0, 0
0, 0, 0, 0, 0, 0, 0
0, 0, 0, 0, 0, 0, 0
0, 0, 0, 0, 0, 0, 0
0, 0, 0, 0, 0, 0, 0
0, 0, 0, 0, 0, 0, 0
0, 0, 0, 0, 0, 0, 0
0, 0, 0, 0, 0, 0, 0
0, 0, 0, 0, 0, 0, 0
0, 0, 0, 0, 0, 0, 0
0, 0, 0, 0, 0, 0, 0
0, 0, 0, 0, 0, 0, 0
0, 0, 0, 0, 0, 0, 0
0, 0, 0, 0, 0, 0, 0
0, 0, 0, 0, 0, 0, 0
0, 0, 0, 0, 0, 0, 0
0, 0, 0, 0, 0, 0, 0
0, 0, 0, 0, 0, 0, 0
0, 0, 0, 0, 0, 0, 0
0, 0, 0, 0, 0, 0, 0
0, 0, 0, 0, 0, 0, 0
0, 0, 0, 0, 0, 0, 0
0, 0, 0, 0, 0, 0, 0
0, 0, 0, 0, 0, 0, 0
0, 0, 0, 0, 0, 0, 0
0, 0, 0, 0, 0, 0, 0
0, 0, 0, 0, 0, 0, 0
0, 0, 0, 0, 0, 0, 0
0, 0, 0, 0, 0, 0, 0
0, 0, 0, 0, 0, 0, 0
0, 0, 0, 0, 0, 0, 0
0, 0, 0, 0, 0, 0, 0
0, 0, 0, 0, 0, 0, 0
0, 0, 0, 0, 0, 0, 0
0, 0, 0, 0, 0, 0, 0
0, 0, 0, 0, 0, 0, 0
0, 0, 0, 0, 0, 0, 0
0, 0, 0, 0, 0, 0, 0
0, 0, 0, 0, 0, 0, 0
0, 0, 0, 0, 0, 0, 0
0, 0, 0, 0, 0, 0, 0
0, 0, 0, 0, 0, 0, 0
0, 0, 0, 0, 0, 0, 0
0, 0, 0, 0, 0, 0, 0
0, 0, 0, 0, 0, 0, 0
0, 0, 0, 0, 0, 0, 0
0, 0, 0, 0, 0, 0, 0
0, 0, 0, 0, 0, 0, 0
0, 0, 0, 0, 0, 0, 0
0, 0, 0, 0, 0, 0, 0
0, 0, 0, 0, 0, 0, 0
0, 0, 0, 0, 0, 0, 0
0, 0, 0, 0, 0, 0, 0
0, 0, 0, 0, 0, 0, 0
0, 0, 0, 0, 0, 0, 0
0, 0, 0, 0, 0, 0, 0
0, 0, 0, 0, 0, 0, 0
0, 0, 0, 0, 0, 0, 0
0, 0, 0, 0, 0, 0, 0
0, 0, 0, 0, 0, 0, 0
0, 0, 0, 0, 0, 0, 0
0, 0, 0, 0, 0, 0, 0
0, 0, 0, 0, 0, 0, 0
0, 0, 0, 0, 0, 0, 0
0, 0, 0, 0, 0, 0, 0
0, 0, 0, 0, 0, 0, 0
0, 0, 0, 0, 0, 0, 0
0, 0, 0, 0, 0, 0, 0
0, 0, 0, 0, 0, 0, 0
0, 0, 0, 0, 0, 0, 0
0, 0, 0, 0, 0, 0, 0
0, 0, 0, 0, 0, 0, 0
0, 0, 0, 0, 0, 0, 0
0, 0, 0, 0, 0, 0, 0
0, 0, 0, 0, 0, 0, 0
0, 0, 0, 0, 0, 0, 0
0, 0, 0, 0, 0, 0, 0
0, 0, 0, 0, 0, 0, 0
0, 0, 0, 0, 0, 0, 0
0, 0, 0, 0, 0, 0, 0
0, 0, 0, 0, 0, 0, 0
0, 0, 0, 0, 0, 0, 0
0, 0, 0, 0, 0, 0, 0
0, 0, 0, 0, 0, 0, 0
0, 0, 0, 0, 0, 0, 0
0, 0, 0, 0, 0, 0, 0
0, 0, 0, 0, 0, 0, 0
0, 0, 0, 0, 0, 0, 0
0, 0, 0, 0, 0, 0, 0
0, 0, 0, 0, 0, 0, 0
0, 0, 0, 0, 0, 0, 0
0, 0, 0, 0, 0, 0, 0
0, 0, 0, 0, 0, 0, 0
0, 0, 0, 0, 0, 0, 0
0, 0, 0, 0, 0, 0, 0
0, 0, 0, 0, 0, 0, 0
0, 0, 0, 0, 0, 0, 0
0, 0, 0, 0, 0, 0, 0
0, 0, 0, 0, 0, 0, 0
0, 0, 0, 0, 0, 0, 0
0, 0, 0, 0, 0, 0, 0
0, 0, 0, 0, 0, 0, 0
0, 0, 0, 0, 0, 0, 0
0, 0, 0, 0, 0, 0, 0
0, 0, 0, 0, 0, 0, 0
0, 0, 0, 0, 0, 0, 0
0, 0, 0, 0, 0, 0, 0
0, 0, 0, 0, 0, 0, 0
0, 0, 0, 0, 0, 0, 0
0, 0, 0, 0, 0, 0, 0
0, 0, 0, 0, 0, 0, 0
0, 0, 0, 0, 0, 0, 0
0, 0, 0, 0, 0, 0, 0
0, 0, 0, 0, 0, 0, 0
0, 0, 0, 0, 0, 0, 0
0, 0, 0, 0, 0, 0, 0
0, 0, 0, 0, 0, 0, 0
0, 0, 0, 0, 0, 0, 0
0, 0, 0, 0, 0, 0, 0
0, 0, 0, 0, 0, 0, 0
0, 0, 0, 0, 0, 0, 0
0, 0, 0, 0, 0, 0, 0
0, 0, 0, 0, 0, 0, 0
0, 0, 0, 0, 0, 0, 0
0, 0, 0, 0, 0, 0, 0
0, 0, 0, 0, 0, 0, 0
0, 0, 0, 0, 0, 0, 0
0, 0, 0, 0, 0, 0, 0
0, 0, 0, 0, 0, 0, 0
0, 0, 0, 0, 0, 0, 0
0, 0, 0, 0, 0, 0, 0
0, 0, 0, 0, 0, 0, 0
0, 0, 0, 0, 0, 0, 0
0, 0, 0, 0, 0, 0, 0
0, 0, 0, 0, 0, 0, 0
0, 0, 0, 0, 0, 0, 0
0, 0, 0, 0, 0, 0, 0
0, 0, 0, 0, 0, 0, 0
0, 0, 0, 0, 0, 0, 0
0, 0, 0, 0, 0, 0, 0
0, 0, 0, 0, 0, 0, 0
0, 0, 0, 0, 0, 0, 0
0, 0, 0, 0, 0, 0, 0
0, 0, 0, 0, 0, 0, 0
0, 0, 0, 0, 0, 0, 0
0, 0, 0, 0, 0, 0, 0
0, 0, 0, 0, 0, 0, 0
0, 0, 0, 0, 0, 0, 0
0, 0, 0, 0, 0, 0, 0
0, 0, 0, 0, 0, 0, 0
0, 0, 0, 0, 0, 0, 0
0, 0, 0, 0, 0, 0, 0
0, 0, 0, 0, 0, 0, 0
0, 0, 0, 0, 0, 0, 0
0, 0, 0, 0, 0, 0, 0
0, 0, 0, 0, 0, 0, 0
0, 0, 0, 0, 0, 0, 0
0, 0, 0, 0, 0, 0, 0
0, 0, 0, 0, 0, 0, 0
0, 0, 0, 0, 0, 0, 0
0, 0, 0, 0, 0, 0, 0
0, 0, 0, 0, 0, 0, 0
0, 0, 0, 0, 0, 0, 0
0, 0, 0, 0, 0, 0, 0
0, 0, 0, 0, 0, 0, 0
0, 0, 0, 0, 0, 0, 0
0, 0, 0, 0, 0, 0, 0
0, 0, 0, 0, 0, 0, 0
0, 0, 0, 0, 0, 0, 0
0, 0, 0, 0, 0, 0, 0
0, 0, 0, 0, 0, 0, 0
0, 0, 0, 0, 0, 0, 0
0, 0, 0, 0, 0, 0, 0
0, 0, 0, 0, 0, 0, 0
0, 0, 0, 0, 0, 0, 0
0, 0, 0, 0, 0, 0, 0
0, 0, 0, 0, 0, 0, 0
0, 0, 0, 0, 0, 0, 0
0, 0, 0, 0, 0, 0, 0
0, 0, 0, 0, 0, 0, 0
0, 0, 0, 0, 0, 0, 0
0, 0, 0, 0, 0, 0, 0
0, 0, 0, 0, 0, 0, 0
0, 0, 0, 0, 0, 0, 0
0, 0, 0, 0, 0, 0, 0
0, 0, 0, 0, 0, 0, 0
0, 0, 0, 0, 0, 0, 0
0, 0, 0, 0, 0, 0, 0
0, 0, 0, 0, 0, 0, 0
0, 0, 0, 0, 0, 0, 0
0, 0, 0, 0, 0, 0, 0
0, 0, 0, 0, 0, 0, 0
0, 0, 0, 0, 0, 0, 0
0, 0, 0, 0, 0, 0, 0
0, 0, 0, 0, 0, 0, 0
0, 0, 0, 0, 0, 0, 0
0, 0, 0, 0, 0, 0, 0
0, 0, 0, 0, 0, 0, 0
0, 0, 0, 0, 0, 0, 0
0, 0, 0, 0, 0, 0, 0
0, 0, 0, 0, 0, 0, 0
0, 0, 0, 0, 0, 0, 0
0, 0, 0, 0, 0, 0, 0
0, 0, 0, 0, 0, 0, 0
0, 0, 0, 0, 0, 0, 0
0, 0, 0, 0, 0, 0, 0
0, 0, 0, 0, 0, 0, 0
0, 0, 0, 0, 0, 0, 0
0, 0, 0, 0, 0, 0, 0
0, 0, 0, 0, 0, 0, 0
0, 0, 0, 0, 0, 0, 0
0, 0, 0, 0, 0, 0, 0
0, 0, 0, 0, 0, 0, 0
0, 0, 0, 0, 0, 0, 0
0, 0, 0, 0, 0, 0, 0
0, 0, 0, 0, 0, 0, 0
0, 0, 0, 0, 0, 0, 0
0, 0, 0, 0, 0, 0, 0
0, 0, 0, 0, 0, 0, 0
0, 0, 0, 0, 0, 0, 0
0, 0, 0, 0, 0, 0, 0
0, 0, 0, 0, 0, 0, 0
0, 0, 0, 0, 0, 0, 0
0, 0, 0, 0, 0, 0, 0
0, 0, 0, 0, 0, 0, 0
0, 0, 0, 0, 0, 0, 0
0, 0, 0, 0, 0, 0, 0
0, 0, 0, 0, 0, 0, 0
0, 0, 0, 0, 0, 0, 0
0, 0, 0, 0, 0, 0, 0
0, 0, 0, 0, 0, 0, 0
0, 0, 0, 0, 0, 0, 0
0, 0, 0, 0, 0, 0, 0
0, 0, 0, 0, 0, 0, 0
0, 0, 0, 0, 0, 0, 0
0, 0, 0, 0, 0, 0, 0
0, 0, 0, 0, 0, 0, 0
0, 0, 0, 0, 0, 0, 0
0, 0, 0, 0, 0, 0, 0
0, 0, 0, 0, 0, 0, 0
0, 0, 0, 0, 0, 0, 0
0, 0, 0, 0, 0, 0, 0
0, 0, 0, 0, 0, 0, 0
0, 0, 0, 0, 0, 0, 0
0, 0, 0, 0, 0, 0, 0
0, 0, 0, 0, 0, 0, 0
0, 0, 0, 0, 0, 0, 0
0, 0, 0, 0, 0, 0, 0
0, 0, 0, 0, 0, 0, 0
0, 0, 0, 0, 0, 0, 0
0, 0, 0, 0, 0, 0, 0
0, 0, 0, 0, 0, 0, 0
0, 0, 0, 0, 0, 0, 0
0, 0, 0, 0, 0, 0, 0
0, 0, 0, 0, 0, 0, 0
0, 0, 0, 0, 0, 0, 0
0, 0, 0, 0, 0, 0, 0
0, 0, 0, 0, 0, 0, 0
0, 0, 0, 0, 0, 0, 0
0, 0, 0, 0, 0, 0, 0
0, 0, 0, 0, 0, 0, 0
0, 0, 0, 0, 0, 0, 0
0, 0, 0, 0, 0, 0, 0
0, 0, 0, 0, 0, 0, 0
0, 0, 0, 0, 0, 0, 0
0, 0, 0, 0, 0, 0, 0
0, 0, 0, 0, 0, 0, 0
0, 0, 0, 0, 0, 0, 0
0, 0, 0, 0, 0, 0, 0
0, 0, 0, 0, 0, 0, 0
0, 0, 0, 0, 0, 0, 0
0, 0, 0, 0, 0, 0, 0
0, 0, 0, 0, 0, 0, 0
0, 0, 0, 0, 0, 0, 0
0, 0, 0, 0, 0, 0, 0
0, 0, 0, 0, 0, 0, 0
0, 0, 0, 0, 0, 0, 0
0, 0, 0, 0, 0, 0, 0
0, 0, 0, 0, 0, 0, 0
0, 0, 0, 0, 0, 0, 0
0, 0, 0, 0, 0, 0, 0
0, 0, 0, 0, 0, 0, 0
0, 0, 0, 0, 0, 0, 0
0, 0, 0, 0, 0, 0, 0
0, 0, 0, 0, 0, 0, 0
0, 0, 0, 0, 0, 0, 0
0, 0, 0, 0, 0, 0, 0
0, 0, 0, 0, 0, 0, 0
0, 0, 0, 0, 0, 0, 0
0, 0, 0, 0, 0, 0, 0
0, 0, 0, 0, 0, 0, 0
0, 0, 0, 0, 0, 0, 0
0, 0, 0, 0, 0, 0, 0
0, 0, 0, 0, 0, 0, 0
0, 0, 0, 0, 0, 0, 0
0, 0, 0, 0, 0, 0, 0
0, 0, 0, 0, 0, 0, 0
0, 0, 0, 0, 0, 0, 0
0, 0, 0, 0, 0, 0, 0
0, 0, 0, 0, 0, 0, 0
0, 0, 0, 0, 0, 0, 0
0, 0, 0, 0, 0, 0, 0
0, 0, 0, 0, 0, 0, 0
0, 0, 0, 0, 0, 0, 0
0, 0, 0, 0, 0, 0, 0
0, 0, 0, 0, 0, 0, 0
0, 0, 0, 0, 0, 0, 0
0, 0, 0, 0, 0, 0, 0
0, 0, 0, 0, 0, 0, 0
0, 0, 0, 0, 0, 0, 0
0, 0, 0, 0, 0, 0, 0
0, 0, 0, 0, 0, 0, 0
0, 0, 0, 0, 0, 0, 0
0, 0, 0, 0, 0, 0, 0
0, 0, 0, 0, 0, 0, 0
0, 0, 0, 0, 0, 0, 0
0, 0, 0, 0, 0, 0, 0
0, 0, 0, 0, 0, 0, 0
0, 0, 0, 0, 0, 0, 0
0, 0, 0, 0, 0, 0, 0
0, 0, 0, 0, 0, 0, 0
0, 0, 0, 0, 0, 0, 0
0, 0, 0, 0, 0, 0, 0
0, 0, 0, 0, 0, 0, 0
0, 0, 0, 0, 0, 0, 0
0, 0, 0, 0, 0, 0, 0
0, 0, 0, 0, 0, 0, 0
0, 0, 0, 0, 0, 0, 0
0, 0, 0, 0, 0, 0, 0
0, 0, 0, 0, 0, 0, 0
0, 0, 0, 0, 0, 0, 0
0, 0, 0, 0, 0, 0, 0
0, 0, 0, 0, 0, 0, 0
0, 0, 0, 0, 0, 0, 0
0, 0, 0, 0, 0, 0, 0
0, 0, 0, 0, 0, 0, 0
0, 0, 0, 0, 0, 0, 0
0, 0, 0, 0, 0, 0, 0
0, 0, 0, 0, 0, 0, 0
0, 0, 0, 0, 0, 0, 0
0, 0, 0, 0, 0, 0, 0
0, 0, 0, 0, 0, 0, 0
0, 0, 0, 0, 0, 0, 0
0, 0, 0, 0, 0, 0, 0
0, 0, 0, 0, 0, 0, 0
0, 0, 0, 0, 0, 0, 0
0, 0, 0, 0, 0, 0, 0
0, 0, 0, 0, 0, 0, 0
0, 0, 0, 0, 0, 0, 0
0, 0, 0, 0, 0, 0, 0
0, 0, 0, 0, 0, 0, 0
0, 0, 0, 0, 0, 0, 0
0, 0, 0, 0, 0, 0, 0
0, 0, 0, 0, 0, 0, 0
0, 0, 0, 0, 0, 0, 0
0, 0, 0, 0, 0, 0, 0
0, 0, 0, 0, 0, 0, 0
0, 0, 0, 0, 0, 0, 0
0, 0, 0, 0, 0, 0, 0
0, 0, 0, 0, 0, 0, 0
0, 0, 0, 0, 0, 0, 0
0, 0, 0, 0, 0, 0, 0
0, 0, 0, 0, 0, 0, 0
0, 0, 0, 0, 0, 0, 0
0, 0, 0, 0, 0, 0, 0
0, 0, 0, 0, 0, 0, 0
0, 0, 0, 0, 0, 0, 0
0, 0, 0, 0, 0, 0, 0
0, 0, 0, 0, 0, 0, 0
0, 0, 0, 0, 0, 0, 0
0, 0, 0, 0, 0, 0, 0
0, 0, 0, 0, 0, 0, 0
0, 0, 0, 0, 0, 0, 0
0, 0, 0, 0, 0, 0, 0
0, 0, 0, 0, 0, 0, 0
0, 0, 0, 0, 0, 0, 0
0, 0, 0, 0, 0, 0, 0
0, 0, 0, 0, 0, 0, 0
0, 0, 0, 0, 0, 0, 0
0, 0, 0, 0, 0, 0, 0
0, 0, 0, 0, 0, 0, 0
0, 0, 0, 0, 0, 0, 0
0, 0, 0, 0, 0, 0, 0
0, 0, 0, 0, 0, 0, 0
0, 0, 0, 0, 0, 0, 0
0, 0, 0, 0, 0, 0, 0
0, 0, 0, 0, 0, 0, 0
0, 0, 0, 0, 0, 0, 0
0, 0, 0, 0, 0, 0, 0
0, 0, 0, 0, 0, 0, 0
0, 0, 0, 0, 0, 0, 0
0, 0, 0, 0, 0, 0, 0
0, 0, 0, 0, 0, 0, 0
0, 0, 0, 0, 0, 0, 0
0, 0, 0, 0, 0, 0, 0
0, 0, 0, 0, 0, 0, 0
0, 0, 0, 0, 0, 0, 0
0, 0, 0, 0, 0, 0, 0
0, 0, 0, 0, 0, 0, 0
0, 0, 0, 0, 0, 0, 0
0, 0, 0, 0, 0, 0, 0
0, 0, 0, 0, 0, 0, 0
0, 0, 0, 0, 0, 0, 0
0, 0, 0, 0, 0, 0, 0
0, 0, 0, 0, 0, 0, 0
0, 0, 0, 0, 0, 0, 0
0, 0, 0, 0, 0, 0, 0
0, 0, 0, 0, 0, 0, 0
0, 0, 0, 0, 0, 0, 0
0, 0, 0, 0, 0, 0, 0
0, 0, 0, 0, 0, 0, 0
0, 0, 0, 0, 0, 0, 0
0, 0, 0, 0, 0, 0, 0
0, 0, 0, 0, 0, 0, 0
0, 0, 0, 0, 0, 0, 0
0, 0, 0, 0, 0, 0, 0
0, 0, 0, 0, 0, 0, 0
0, 0, 0, 0, 0, 0, 0
0, 0, 0, 0, 0, 0, 0
0, 0, 0, 0, 0, 0, 0
0, 0, 0, 0, 0, 0, 0
0, 0, 0, 0, 0, 0, 0
0, 0, 0, 0, 0, 0, 0
0, 0, 0, 0, 0, 0, 0
0, 0, 0, 0, 0, 0, 0
0, 0, 0, 0, 0, 0, 0
0, 0, 0, 0, 0, 0, 0
0, 0, 0, 0, 0, 0, 0
0, 0, 0, 0, 0, 0, 0
0, 0, 0, 0, 0, 0, 0
0, 0, 0, 0, 0, 0, 0
0, 0, 0, 0, 0, 0, 0
0, 0, 0, 0, 0, 0, 0
0, 0, 0, 0, 0, 0, 0
0, 0, 0, 0, 0, 0, 0
0, 0, 0, 0, 0, 0, 0
0, 0, 0, 0, 0, 0, 0
0, 0, 0, 0, 0, 0, 0
0, 0, 0, 0, 0, 0, 0
0, 0, 0, 0, 0, 0, 0
0, 0, 0, 0, 0, 0, 0
0, 0, 0, 0, 0, 0, 0
0, 0, 0, 0, 0, 0, 0
0, 0, 0, 0, 0, 0, 0
0, 0, 0, 0, 0, 0, 0
0, 0, 0, 0, 0, 0, 0
0, 0, 0, 0, 0, 0, 0
0, 0, 0, 0, 0, 0, 0
0, 0, 0, 0, 0, 0, 0
0, 0, 0, 0, 0, 0, 0
0, 0, 0, 0, 0, 0, 0
0, 0, 0, 0, 0, 0, 0
0, 0, 0, 0, 0, 0, 0
0, 0, 0, 0, 0, 0, 0
0, 0, 0, 0, 0, 0, 0
0, 0, 0, 0, 0, 0, 0
0, 0, 0, 0, 0, 0, 0
0, 0, 0, 0, 0, 0, 0
0, 0, 0, 0, 0, 0, 0
0, 0, 0, 0, 0, 0, 0
0, 0, 0, 0, 0, 0, 0
0, 0, 0, 0, 0, 0, 0
0, 0, 0, 0, 0, 0, 0
0, 0, 0, 0, 0, 0, 0
0, 0, 0, 0, 0, 0, 0
0, 0, 0, 0, 0, 0, 0
0, 0, 0, 0, 0, 0, 0
0, 0, 0, 0, 0, 0, 0
0, 0, 0, 0, 0, 0, 0
0, 0, 0, 0, 0, 0, 0
0, 0, 0, 0, 0, 0, 0
0, 0, 0, 0, 0, 0, 0
0, 0, 0, 0, 0, 0, 0
0, 0, 0, 0, 0, 0, 0
0, 0, 0, 0, 0, 0, 0
0, 0, 0, 0, 0, 0, 0
0, 0, 0, 0, 0, 0, 0
0, 0, 0, 0, 0, 0, 0
0, 0, 0, 0, 0, 0, 0
0, 0, 0, 0, 0, 0, 0
0, 0, 0, 0, 0, 0, 0
0, 0, 0, 0, 0, 0, 0
0, 0, 0, 0, 0, 0, 0
0, 0, 0, 0, 0, 0, 0
0, 0, 0, 0, 0, 0, 0
0, 0, 0, 0, 0, 0, 0
0, 0, 0, 0, 0, 0, 0
0, 0, 0, 0, 0, 0, 0
0, 0, 0, 0, 0, 0, 0
0, 0, 0, 0, 0, 0, 0
0, 0, 0, 0, 0, 0, 0
0, 0, 0, 0, 0, 0, 0
0, 0, 0, 0, 0, 0, 0
0, 0, 0, 0, 0, 0, 0
0, 0, 0, 0, 0, 0, 0
0, 0, 0, 0, 0, 0, 0
0, 0, 0, 0, 0, 0, 0
0, 0, 0, 0, 0, 0, 0
0, 0, 0, 0, 0, 0, 0
0, 0, 0, 0, 0, 0, 0
0, 0, 0, 0, 0, 0, 0
0, 0, 0, 0, 0, 0, 0
0, 0, 0, 0, 0, 0, 0
0, 0, 0, 0, 0, 0, 0
0, 0, 0, 0, 0, 0, 0
0, 0, 0, 0, 0, 0, 0
0, 0, 0, 0, 0, 0, 0
0, 0, 0, 0, 0, 0, 0
0, 0, 0, 0, 0, 0, 0
0, 0, 0, 0, 0, 0, 0
0, 0, 0, 0, 0, 0, 0
0, 0, 0, 0, 0, 0, 0
0, 0, 0, 0, 0, 0, 0
0, 0, 0, 0, 0, 0, 0
0, 0, 0, 0, 0, 0, 0
0, 0, 0, 0, 0, 0, 0
0, 0, 0, 0, 0, 0, 0
0, 0, 0, 0, 0, 0, 0
0, 0, 0, 0, 0, 0, 0
8.8846265, 9.039074, 9.23713875, 9.4902693, 9.7266234, 13.807454749999996, 52.853195
8.879302, 9.03153, 9.238056, 9.5267449, 9.8132033, 13.555984059999998, 19.892145
8.88035725, 9.0354055, 9.23805325, 9.5518709, 9.813263, 14.73195576, 24.370709
8.89090025, 9.0337265, 9.224349, 9.4652171, 9.675606049999999, 14.69221518, 52.853195
8.895069, 9.04468, 9.25710125, 9.5516145, 9.870739149999999, 16.37895398, 52.853195
8.87760375, 9.045110000000001, 9.256506, 9.5121917, 9.768621900000001, 14.001069, 24.370709
8.880042249999999, 9.032055, 9.243571750000001, 9.5321494, 9.758470449999999, 14.1948271, 32.855096
8.882238999999998, 9.031774500000001, 9.23235025, 9.524574, 9.8096636, 16.720722, 23.303856
8.88842875, 9.0424215, 9.2503595, 9.491804, 9.6947872, 11.463880379999981, 52.853195
8.887559, 9.0548185, 9.23351825, 9.4840024, 9.69952425, 14.113073949999993, 21.371576
8.89916175, 9.049378, 9.259582, 9.561176, 9.82986145, 14.69174642, 24.370709
8.88863725, 9.043631, 9.25019825, 9.5435157, 9.7789139, 16.79299961, 36.893046
8.889731, 9.0407415, 9.24236175, 9.531776100000002, 9.839267600000001, 15.978203449999999, 52.853195
8.883246, 9.032055, 9.24991675, 9.5324579, 9.776015150000001, 17.064956, 52.853195
8.88233275, 9.0312075, 9.223897000000001, 9.4544358, 9.66739425, 13.263961509999996, 32.855096
8.884034499999999, 9.046859999999999, 9.23258675, 9.511634800000001, 9.7390733, 14.607990789999999, 19.373624
8.892525749999999, 9.0378545, 9.23468525, 9.501754, 9.7576027, 14.693420859999998, 20.217992
8.8848665, 9.046231, 9.236300499999999, 9.5055003, 9.773925, 16.253665899999998, 52.853195
8.8926375, 9.031243, 9.23179375, 9.487441200000001, 9.7016465, 13.555984059999998, 36.893046
8.882302750000001, 9.041504, 9.257239, 9.540644200000001, 9.7764234, 16.030153, 23.303856
8.888653, 9.0395795, 9.24198225, 9.5196589, 9.738284649999999, 11.45127703, 24.370709
8.8764935, 9.03384, 9.226511250000001, 9.510701800000001, 9.730892599999999, 11.025381999999997, 32.855096
8.87418275, 9.029941, 9.229745, 9.5054959, 9.7486429, 14.670883159999999, 23.303856
8.8767395, 9.0334815, 9.237115, 9.563637, 9.81292495, 16.25509691, 36.893046
8.888305, 9.033387, 9.237429, 9.5019713, 9.697374400000001, 14.108396169999997, 52.853195
8.8874085, 9.052565000000001, 9.23869575, 9.5318397, 9.80764325, 16.362737189999997, 22.552578
8.8576675, 9.0013385, 9.18595575, 9.481122999999998, 10.00353725, 11.903409949999995, 37.448702
8.872923, 9.011835000000001, 9.19591275, 9.4589331, 9.884818549999999, 11.958679299999998, 35.487972
8.77686375, 9.04866, 10.215814, 11.608074400000001, 12.308867, 14.736673190000001, 19.563106
8.784101, 9.048960000000001, 10.17542925, 11.5822815, 12.368273, 14.648318, 19.563106
8.78416625, 9.040058, 10.18473825, 11.605569700000002, 12.423744600000003, 14.783233730000005, 26.889073
8.78462075, 9.044754, 10.14039, 11.622074, 12.436106, 14.663670790000014, 26.889073
8.78348725, 9.061941, 10.272854500000001, 11.7165053, 12.4629839, 15.093761, 26.889073
8.79073925, 9.059210499999999, 10.270495, 11.629821800000002, 12.4498122, 15.05023268000001, 19.563106
8.78900425, 9.0478635, 10.28217875, 11.643863400000003, 12.465724550000003, 15.45031223000002, 26.889073
8.77368225, 9.040042, 10.21806025, 11.5960128, 12.36583435, 14.783024, 18.865024
8.794458500000001, 9.067373, 10.233262, 11.6809618, 12.421300150000002, 14.747452080000013, 26.889073
8.79073925, 9.058342499999998, 10.229568749999999, 11.628587, 12.4446137, 14.996521100000013, 26.889073
8.78904, 9.053603, 10.230986, 11.716064, 12.539855, 14.527584550000004, 18.865024
8.78408125, 9.054306, 10.2307595, 11.615418, 12.381649450000001, 14.783024, 26.889073
8.779686, 9.054161, 10.2580705, 11.652362, 12.4446137, 14.825049510000001, 26.889073
8.789227, 9.054888, 10.2347125, 11.6468709, 12.444982050000002, 14.874276410000013, 26.889073
8.778147, 9.031674, 10.123747, 11.6154512, 12.421048, 14.712709, 26.889073
8.78843175, 9.0619655, 10.181255, 11.583639, 12.323094950000002, 14.712798550000002, 18.865024
8.78167, 9.053031, 10.19559975, 11.580184000000001, 12.274889250000001, 14.783345550000007, 26.889073
8.7817005, 9.058963, 10.18546075, 11.6085046, 12.383360450000001, 14.712709, 26.889073
8.7828765, 9.040223000000001, 10.1833205, 11.6067747, 12.338351, 14.646663130000015, 18.375861
8.790425, 9.046094, 10.20143925, 11.688636700000004, 12.532012550000001, 15.049793, 19.563106
8.781956, 9.054412, 10.210172, 11.6158753, 12.362809, 14.825049510000001, 19.563106
8.790647750000002, 9.0533435, 10.2116735, 11.695556, 12.54977015, 14.632456760000004, 26.889073
8.78069225, 9.045265, 10.18042, 11.653518, 12.3836355, 14.646019220000001, 19.563106
8.784673, 9.059054, 10.22091625, 11.652477600000001, 12.472115, 15.465461270000027, 18.677002
8.795215500000001, 9.070507, 10.25880225, 11.653620400000001, 12.383578, 14.721813600000004, 18.865024
8.7738165, 9.040532500000001, 10.23164875, 11.654684, 12.378214100000001, 14.965230630000006, 26.889073
8.784399, 9.045826, 10.148535, 11.64915, 12.334973, 14.8012448, 19.563106
8.653892, 9.140626000000001, 10.861789, 12.4297544, 13.990885, 17.709146020000016, 38.813544
8.785038, 9.048254, 10.183236, 11.6366074, 12.539855, 15.027967510000005, 26.889073
8.782061, 9.051636, 10.248715, 11.6735604, 12.5556356, 14.804206870000005, 18.677002
8.78005425, 9.042459, 10.15529675, 11.584302, 12.385980500000002, 14.965768730000018, 19.563106
8.781704, 9.0514865, 10.176352, 11.593077000000001, 12.320212099999999, 14.801217, 19.563106
8.78186075, 9.0456535, 10.1833205, 11.609777900000001, 12.439778, 14.75751444000001, 19.563106
8.643625, 9.118092, 10.823630000000001, 12.531466000000004, 14.126659, 17.664151120000007, 38.813544
8.646251, 9.109048, 10.82018, 12.426093, 14.034630899999996, 17.664191050000007, 34.408771
8.64657625, 9.1093425, 10.787681, 12.423639, 14.062613, 17.709146020000016, 38.813544
8.6377825, 9.1337625, 10.841002, 12.426273, 14.058014949999997, 17.793896, 38.813544
8.643933, 9.133437, 10.837507, 12.4367017, 13.964287549999996, 17.664191050000007, 34.462112
8.645088, 9.1273695, 10.721894, 12.3396087, 13.916690449999997, 17.703598, 38.404747
8.652616, 9.129088, 10.735002249999999, 12.419637, 14.040973849999984, 17.786071, 38.404747
9.11089775, 11.22382, 14.04415925, 17.439015, 19.91524, 26.015162, 40.625286
10.198265, 12.822077, 16.605949250000002, 20.977012, 23.774774, 30.709644, 43.791491
10.185097, 12.825892, 16.78709225, 21.198666, 24.044883, 29.875681380000007, 43.791491
10.14599775, 12.7568355, 16.62010875, 21.076217, 23.974966, 29.718733860000007, 43.791491
10.185461, 12.796867, 16.59094125, 20.9071259, 23.927535, 30.024700120000002, 43.791491
10.30591, 12.871194, 16.734915, 21.143467, 24.07336, 29.90537788000002, 43.791491
10.197007, 12.873258, 16.580501, 20.709798, 23.728311, 29.749014, 43.791491
10.185843, 12.899233500000001, 16.65588775, 20.95927, 23.717444649999994, 29.416824, 43.791491
10.0635565, 12.779362, 16.6625635, 20.987999, 24.032138, 29.875391, 43.791491
10.200079, 12.818538, 16.60357875, 21.01188380000002, 23.68694, 29.718428, 43.791491
10.23402325, 12.836689, 16.612532, 20.923013900000008, 23.68760419999999, 29.904429, 43.791491
8.784399, 9.048317, 10.205052, 11.60441, 12.449738, 14.932628, 120.62262626651332
8.784399, 9.048185, 10.245774, 11.646050400000002, 12.443785, 14.938511, 26.889073
8.727136, 9.0871115, 10.551759, 12.044046, 13.189907099999992, 16.620502, 38.813544
8.72719, 9.094491, 10.5425985, 12.006176200000002, 13.156208, 16.61575631, 38.813544
8.730658, 9.090625, 10.528769, 12.063364, 13.2406001, 16.7835, 38.404747
8.72521875, 9.069738999999998, 10.4974415, 11.9862213, 13.181976, 16.711789, 38.813544
8.72647775, 9.071628, 10.498277999999999, 11.973621, 13.120273399999999, 16.615755, 38.813544
8.727861, 9.073796000000002, 10.512645, 11.943158, 13.108734499999997, 16.61575631, 38.813544
8.724144, 9.072232, 10.50356825, 12.008992200000002, 13.15073615, 16.594025899999984, 38.813544
8.727048250000001, 9.074715000000001, 10.530023, 11.978172, 13.135516249999998, 16.645092369999944, 38.813544
8.720855, 9.065288, 10.501637, 12.041858, 13.132498, 16.57689691999997, 38.813544
8.72641125, 9.073942, 10.550012, 12.007204, 13.13913439999999, 16.60573268, 38.813544
11.097219, 14.275071, 18.68982, 23.835177, 26.818698, 33.64816844999997, 114.15418293624133
11.0207525, 14.184299, 18.409962, 23.299377, 26.790082, 33.577213, 56.221419
10.974838, 14.217417, 18.700495, 23.496074, 26.596682, 33.47382, 56.221419
12.811364, 17.299467, 22.84435725, 29.038629, 33.140989, 41.132990160000006, 64.049625
12.741455499999999, 17.096023, 22.832715, 28.798596500000002, 33.01974149999995, 40.59565272000005, 64.049625
12.84148, 17.25996, 22.97599, 29.066158, 33.257246, 40.810356, 64.049625
12.8883035, 17.330728, 23.16828825, 29.207638800000005, 33.200954699999976, 40.850386750000055, 64.049625
8.646301, 9.117858, 10.805758, 12.428226700000002, 14.066505, 17.81257939000001, 106.19008631293886
8.821652499999999, 9.029962, 9.581421, 11.202135, 12.032412900000004, 14.399838460000097, 98.69098409898534
8.817156, 9.023895, 9.570441, 11.2075293, 12.051037, 14.454377040000034, 37.448702
8.820489, 9.025978, 9.553803, 11.173844599999999, 12.018309, 14.403852, 37.448702
8.816181, 9.0208535, 9.572334, 11.207388, 12.048271199999999, 14.408756, 37.448702
8.81777175, 9.0279435, 9.570013, 11.2074021, 12.074808, 14.543764580000099, 37.448702
8.82063125, 9.026127, 9.576425, 11.202135, 12.039315, 14.423519, 37.448702
8.817448, 9.024374, 9.568239250000001, 11.184061, 12.020637, 14.310006, 37.448702
8.841659, 9.009142, 9.264787, 10.390665799999999, 11.448395, 13.208225250000002, 37.448702
8.841915, 9.01053, 9.266418, 10.365323, 11.446714, 13.327841, 37.448702
8.841659, 9.012914, 9.269067, 10.353638, 11.436531, 13.333326, 37.448702
8.8455875, 9.010993, 9.271369, 10.404917, 11.505886, 13.259583130000019, 37.448702
8.846218, 9.013424, 9.27314175, 10.385721, 11.477079, 13.209074150000006, 37.448702
8.818745, 9.025546, 9.5887335, 11.238661, 12.06346824999999, 14.444678, 37.448702
8.816727, 9.026183, 9.5746065, 11.191552, 12.036972, 14.488592410000004, 37.448702
8.647031, 9.134141, 10.7953855, 12.459393799999999, 14.07021029999999, 17.786071, 103.03530871456641
8.648617, 9.117321, 10.799901, 12.423639, 14.034355, 17.611796, 38.813544
8.647925, 9.136702, 10.799044, 12.426273, 14.009391, 17.708369, 38.813544
8.642476, 9.118408, 10.783959, 12.423639, 14.034355, 17.802213, 38.813544
8.643319, 9.1197145, 10.799044, 12.419637, 14.009579149999999, 17.930662, 38.813544
8.646259, 9.128838, 10.820243, 12.426093, 13.994813, 17.786071, 38.813544
8.646881, 9.1131685, 10.814858, 12.480071, 14.066505, 17.8129, 38.813544
8.643933, 9.105113, 10.765191, 12.42623, 14.015086, 17.844506, 38.813544
8.646227, 9.12137, 10.799044, 12.429641, 13.967686449999995, 17.708369, 38.813544
8.646259, 9.1181595, 10.788376, 12.36148210000001, 13.961266, 17.708369, 38.813544
8.646227, 9.128132, 10.795695, 12.474183, 14.066710849999996, 17.92199, 38.813544
8.649299749999999, 9.1341515, 10.833083, 12.511915, 14.124037, 17.8129, 38.813544
8.645662, 9.118738, 10.792518, 12.434019, 14.039873, 17.663793, 38.813544
8.643056, 9.10919, 10.759644250000001, 12.423710600000001, 13.963141849999998, 17.699605, 38.813544
8.646682, 9.129338, 10.801736, 12.42623, 13.974307, 17.663793, 38.813544
8.650438, 9.119585, 10.801294, 12.389567, 13.994813, 17.53853829999999, 38.813544
8.647676, 9.111086499999999, 10.788428, 12.361018, 13.961357199999998, 17.644383, 38.813544
8.646602, 9.118092, 10.792518, 12.420221, 13.963141849999998, 17.483054, 38.813544
8.770742, 9.927420000000001, 12.22511675, 15.487885600000014, 17.859281, 23.287969, 44.22794
8.76801975, 9.926836, 12.268384999999999, 15.44573, 17.782938, 23.421402409999978, 44.22794
8.768206, 9.9311755, 12.25889225, 15.493468900000003, 17.748169, 23.941805, 44.22794
8.774119, 9.913624, 12.260534, 15.449308, 17.704038899999997, 23.757344, 44.22794
8.78313975, 9.945921, 12.269743, 15.488115, 17.764048299999995, 23.166823689999987, 40.625286
8.768817499999999, 9.933004, 12.27343125, 15.486548, 17.81015, 23.421402409999978, 44.22794
8.778754, 9.928781, 12.309553000000001, 15.508582, 17.960732399999998, 23.972279, 44.22794
8.779389, 9.923907, 12.27518, 15.520172, 17.836158, 23.22348636999998, 44.22794
8.776559, 9.940306499999998, 12.285942, 15.415276, 17.7437363, 23.337256, 44.22794
8.77598975, 9.928982999999999, 12.286091, 15.511645, 17.802609849999993, 23.421254, 44.22794
8.774602999999999, 9.951248499999998, 12.326137, 15.542743, 17.849544, 23.337256, 44.22794
8.778249, 9.928858, 12.304235, 15.4336091, 17.748702399999992, 23.544528, 44.22794
8.779129, 9.944159, 12.303485, 15.559198500000011, 17.849544, 23.78864, 40.625286
8.78153, 9.965996, 12.331992, 15.550704200000013, 17.844506, 23.421254, 44.22794
8.774602999999999, 9.955029, 12.326113, 15.486467, 17.72919675, 23.06491576999994, 44.22794
8.782187749999999, 9.9669285, 12.304235, 15.456476400000003, 17.644174, 23.22348636999998, 44.22794
8.78153, 9.946968, 12.311199, 15.508888300000008, 17.810287499999998, 23.941805, 44.22794
8.778439, 9.95008, 12.284338, 15.5427436, 17.822721, 23.23759482999992, 44.22794
8.775454, 9.9251015, 12.2830715, 15.513381, 17.879243, 23.555271199999957, 44.22794
8.771189, 9.936558, 12.2699845, 15.574491, 17.847226, 23.555005, 44.22794
8.777523500000001, 9.94805, 12.32056225, 15.413638700000002, 17.797689, 23.337256, 44.22794
8.783293, 9.960096, 12.276249, 15.582206900000001, 17.849544, 23.55508004999999, 44.22794
8.772451, 9.917956, 12.2573395, 15.434174200000005, 17.775321, 23.436813289999886, 44.22794
8.775271, 9.91446, 12.214175, 15.422191, 17.667206149999988, 23.544632769999982, 44.22794
8.780058, 9.9382385, 12.264055, 15.484206, 17.820762099999996, 23.474159, 44.22794
8.771558, 9.924691, 12.277054999999999, 15.547966, 17.797689, 23.186330629999954, 44.22794
8.77090625, 9.929606, 12.3443275, 15.59090990000001, 17.890345999999997, 23.684487, 44.22794
8.768442, 9.90686, 12.25857, 15.531757, 17.872379249999994, 23.213618, 44.22794
8.778754, 9.9554525, 12.291426, 15.47149, 17.709183749999994, 23.474496649999946, 44.22794
8.779225, 9.954326, 12.32608975, 15.468958400000005, 17.82148, 23.436095, 44.22794
8.76178, 9.905184, 12.24925625, 15.486548, 17.887787, 23.896816429999927, 44.22794
8.643319, 9.110145, 10.78858425, 12.419637, 13.967686449999995, 17.793896, 38.813544
8.643581, 9.103426, 10.783066, 12.408001, 13.960113, 17.699605, 38.813544
8.648051, 9.135331, 10.817596, 12.474206500000001, 14.079938, 17.872178239999975, 38.813544
8.64423425, 9.112365, 10.7750085, 12.429064, 14.062294, 17.786971, 38.813544
8.64735, 9.126562, 10.7947655, 12.419637, 13.925927999999997, 17.703598, 38.404747
8.644131, 9.126562, 10.7799725, 12.394759000000004, 14.062613, 17.78608, 38.813544
8.648492, 9.140164, 10.792807, 12.413431, 13.943173749999993, 17.663793, 38.813544
8.646682, 9.1312075, 10.796022, 12.423639, 14.013154, 17.92199, 38.813544
8.650421, 9.134619, 10.8128985, 12.444263, 14.06229875, 17.786071, 38.813544
8.64953375, 9.135627, 10.82114, 12.423639, 13.964127, 17.699605, 38.813544
8.6496615, 9.1377375, 10.837245, 12.541062, 14.13822059999999, 17.793896, 38.813544
8.649534, 9.126235, 10.797017, 12.42623, 14.021759099999995, 17.786071, 38.813544
8.652968, 9.162216, 10.84476225, 12.442805, 14.062389, 17.786971, 38.813544
8.6496615, 9.141327, 10.810196000000001, 12.411373, 13.96309, 17.703645709999993, 38.813544
8.64735, 9.123282, 10.82114, 12.500241, 14.106434499999994, 17.922076719999986, 38.813544
8.645662, 9.126562, 10.780169, 12.402768, 14.015086, 17.8129, 38.813544
8.646164, 9.127385, 10.802748, 12.449230300000009, 14.034355, 17.930662, 38.813544
8.646662, 9.12794, 10.791028, 12.426273, 14.021462, 17.699605, 38.813544
8.6473015, 9.124901, 10.801449, 12.442949700000003, 14.021462, 17.786071, 38.813544
8.646259, 9.1341515, 10.801736, 12.442949700000003, 14.021759099999995, 17.458345, 38.813544
8.646315, 9.133437, 10.83873, 12.474418, 14.0770436, 17.793896, 38.813544
8.649479249999999, 9.143499, 10.824965, 12.439813, 14.015404799999995, 17.802213, 38.813544
8.647442, 9.135627, 10.832974, 12.436356, 14.057811, 17.663793, 38.813544
8.646881, 9.1183175, 10.783518, 12.429064, 13.990885, 17.644383, 38.813544
8.6452335, 9.127207, 10.830662, 12.426232, 14.009391, 17.699605, 38.813544
8.6468, 9.122739, 10.816158, 12.467011, 14.057890799999997, 17.793896, 38.813544
8.64921075, 9.149461, 10.83844, 12.440112200000005, 14.027751549999996, 17.786971, 38.813544
8.645996, 9.1300015, 10.823185, 12.459643, 14.062389, 17.80231986999998, 38.813544
8.649243250000001, 9.135627, 10.819754, 12.458521600000003, 14.066710849999996, 17.802213, 38.813544
8.726471, 9.080855, 10.526137, 11.997607500000003, 13.077566, 16.36108912999997, 34.462112
8.78383525, 9.044996, 10.212233, 11.632023, 12.397371, 14.902097389999952, 26.889073
8.789633, 9.053782, 10.223942, 11.613686400000004, 12.421150299999999, 14.995983, 26.889073
8.784155, 9.064143, 10.23164875, 11.686593, 12.471264, 14.932686829999989, 26.889073
8.73369275, 9.097628, 10.564918, 12.032652, 13.212015, 16.468585, 38.813544
8.7271585, 9.087331, 10.537177, 12.018876, 13.156208, 16.385151, 38.813544
8.732263, 9.089948, 10.542391499999999, 12.011501400000007, 13.252541, 16.821686, 38.813544
8.72694, 9.069738999999998, 10.517271, 12.042906300000002, 13.176227, 16.498811, 38.813544
8.728453, 9.086938, 10.53097, 12.032652, 13.162858, 16.605728, 38.813544
8.720871, 9.0602105, 10.49666875, 11.997521, 13.230117, 16.821686, 38.813544
8.726714, 9.061941, 10.522914250000001, 12.011142, 13.216864, 16.620502, 38.813544
8.728154, 9.082836, 10.533951, 12.022425, 13.171132, 16.70475141999984, 38.813544
8.72348175, 9.05987, 10.503411, 12.018876, 13.177002, 16.845091229999944, 38.813544
8.646251, 9.124901, 10.82114, 12.469538, 14.059407, 17.786971, 38.404747
8.650421, 9.142723, 10.817596, 12.447701600000002, 14.076976, 17.786971, 38.813544
8.649245, 9.1300015, 10.792518, 12.449230300000009, 14.027404, 17.703598, 38.813544
8.72461575, 9.06636, 10.50805325, 12.009034300000001, 13.159804, 16.62074429999996, 38.813544
8.728171, 9.0728635, 10.473764500000001, 11.98441, 13.139758549999993, 17.000976, 38.813544
8.732346249999999, 9.089563, 10.564455, 12.064512100000002, 13.220344899999999, 16.843217, 38.813544
8.731342, 9.071526, 10.52880625, 12.019524, 13.151082, 16.680769, 38.813544
8.733692, 9.078523, 10.535099, 12.00186980000001, 13.220284, 16.606196, 38.813544
8.72726875, 9.0756035, 10.539089, 12.032652, 13.169687, 16.604807, 38.813544
8.729998, 9.0824325, 10.533926, 12.060236500000007, 13.204716, 16.60481621, 38.813544
8.728302, 9.0704845, 10.528427, 11.988140800000009, 13.164064899999996, 16.57689691999997, 38.813544
8.726526, 9.068219, 10.522628000000001, 12.014736, 13.097258, 16.615755, 38.813544
8.724199500000001, 9.0591175, 10.495459499999999, 11.9430734, 13.00799, 16.385151, 38.813544
8.724558, 9.0728635, 10.5069615, 11.962881, 13.127204599999995, 16.44275985999996, 38.404747
8.73056275, 9.074737, 10.499018, 11.992126, 13.117615, 16.576725, 38.813544
8.726995, 9.07312, 10.516906, 11.992126, 13.185148, 16.60924376999999, 38.813544
8.728764, 9.065786500000002, 10.488389999999999, 11.974163, 13.112746699999999, 16.442499, 38.813544
8.728254, 9.076722, 10.519707, 12.0519896, 13.223044249999994, 16.845091229999944, 38.813544
8.719960500000001, 9.064032, 10.49817, 11.99332250000001, 13.083174049999997, 16.39379692, 38.813544
8.72874675, 9.068976, 10.50708925, 11.950363300000003, 13.052535, 16.35044, 38.813544
8.723574, 9.0764005, 10.50447975, 12.011142, 13.097283, 16.498811, 38.813544
8.727985, 9.0709455, 10.522567, 12.007227, 13.138524, 16.645092369999944, 38.813544
8.72525, 9.0605945, 10.503684, 11.927207200000002, 12.982661, 16.39532103999988, 38.813544
8.727411, 9.0764225, 10.529716, 11.997521, 13.176227, 16.606225819999995, 38.813544
8.729527, 9.073796000000002, 10.542373, 12.070902, 13.151297349999997, 16.606196, 38.813544
8.728758, 9.078448999999999, 10.528769, 12.04389, 13.221502, 16.704564329999872, 38.813544
8.72938275, 9.06916, 10.4992695, 11.930148200000003, 13.097258, 16.570951, 38.813544
8.646881, 9.132194, 10.820243, 12.408001, 13.964127, 17.8129, 38.813544
8.64897175, 9.134619, 10.801449, 12.448787, 14.062294, 17.548219189999898, 38.813544
8.647442, 9.124901, 10.812846, 12.426273, 13.96309, 17.629720109999976, 38.813544
8.643319, 9.112136, 10.8120375, 12.423710600000001, 14.015086, 17.92199, 38.813544
8.782734, 9.928506, 12.321901, 15.474345, 17.797689, 23.55508004999999, 44.22794
8.776559, 9.905094, 12.25788225, 15.468723, 17.847151, 23.421254, 44.22794
8.771558, 9.9159605, 12.3332, 15.4738626, 17.721836, 23.237086, 44.22794
8.779638, 9.9344285, 12.26689725, 15.535514, 17.84715475, 23.544528, 44.22794
8.781822250000001, 9.935844, 12.291358, 15.531757, 17.859281, 23.436095, 44.22794
8.7830255, 9.960742, 12.348931499999999, 15.516032, 17.836524949999994, 23.55508004999999, 44.22794
8.7729265, 9.91249, 12.225959, 15.375848600000003, 17.708776, 23.474496649999946, 44.22794
8.647641, 9.134672, 10.816327, 12.515154300000003, 14.066710849999996, 17.844506, 38.813544
8.64713, 9.117393, 10.794076, 12.40324140000001, 13.96309, 17.81321605999995, 38.813544
8.645662, 9.1300015, 10.776479, 12.397027200000014, 14.0132506, 17.793896, 38.813544
8.647925, 9.135627, 10.807386, 12.459889800000004, 14.021462, 17.92199, 38.813544
8.6467705, 9.142960500000001, 10.851184, 12.469538, 14.062613, 17.802213, 38.813544
8.642493, 9.12137, 10.813056, 12.426232, 14.039873, 17.793896, 38.813544
8.647641, 9.117393, 10.799901, 12.431099400000008, 13.983646, 17.93072364999999, 38.813544
8.645282, 9.120355, 10.785508499999999, 12.407502, 13.916439, 17.872018, 38.813544
8.64735, 9.122739, 10.833509, 12.424528800000004, 13.960170649999998, 17.663793, 38.813544
8.64713, 9.142960500000001, 10.789254249999999, 12.424528800000004, 13.99554189999999, 17.66415111999994, 38.813544
8.646227, 9.125568, 10.829518, 12.436356, 14.015086, 17.786071, 38.813544
8.647925, 9.113885, 10.784076, 12.384552, 14.039873, 17.703598, 38.813544
8.646682, 9.1267505, 10.788585, 12.434019, 14.027404, 17.802213, 38.813544
8.645662, 9.116944, 10.79523075, 12.436356, 14.057890799999997, 17.78704024999999, 38.813544
8.64633225, 9.12137, 10.795695, 12.442805, 14.027404, 17.793896, 38.813544
8.65316, 9.140164, 10.802748, 12.462111, 14.059407, 17.786971, 38.813544
8.649245, 9.140164, 10.801449, 12.444252, 14.059407, 17.872178239999975, 38.813544
8.64713, 9.140528, 10.833509, 12.4262361, 13.957298149999998, 17.703598, 38.813544
8.648051, 9.130221, 10.80024925, 12.408001, 13.94032, 17.703598, 38.813544
8.649683, 9.141869, 10.820243, 12.423639, 14.06189, 17.786071, 38.813544
8.645282, 9.096137500000001, 10.77528, 12.408338200000008, 14.021462, 17.872178239999975, 38.813544
8.650421, 9.147789, 10.802425, 12.474138, 14.09337, 17.78704024999999, 38.813544
8.645662, 9.113959, 10.764135, 12.397027200000014, 14.009391, 17.786971, 38.813544
8.652307, 9.1422875, 10.809672, 12.418864, 13.951795, 17.78608, 38.813544
8.6476805, 9.135627, 10.792807, 12.434019, 14.062294, 17.644383, 38.813544
8.64697625, 9.1283675, 10.802748, 12.467011, 14.070622, 17.844506, 38.813544
8.646881, 9.129338, 10.797017, 12.442805, 14.066505, 17.802213, 38.813544
8.646338, 9.126235, 10.765191, 12.382462, 13.925738, 17.703598, 38.404747
8.646881, 9.127029, 10.788663, 12.397027200000014, 13.990885, 17.872018, 38.813544
8.650166, 9.123282, 10.78858425, 12.413431, 13.983646, 17.611796, 38.813544
8.649683, 9.136702, 10.811768, 12.462111, 14.076976, 17.793979169999986, 38.813544
8.647442, 9.122739, 10.783066, 12.413431, 14.015086, 17.644383, 38.813544
8.646909, 9.129338, 10.788376, 12.390487, 13.960113, 17.548219189999898, 38.813544
8.645996, 9.120355, 10.816327, 12.447581, 14.063715799999997, 18.052882, 38.813544
8.644621, 9.112278, 10.788584, 12.4189413, 13.994813, 17.937063769999963, 38.813544
8.780808, 9.9367915, 12.297783, 15.481921, 17.721836, 22.995265659999887, 44.22794
8.77440625, 9.9765255, 12.282594, 15.463527600000003, 17.775321, 23.328235, 44.22794
8.78217425, 9.956303, 12.289259, 15.508582, 17.79776685, 23.896362, 44.22794
8.7808635, 9.954105, 12.268538, 15.541696, 17.856903149999997, 23.555005, 44.22794
8.781703, 9.962561, 12.387467, 15.508888300000008, 17.768982599999998, 23.237086, 44.22794
8.769322, 9.927063, 12.2573395, 15.464343, 17.844694, 23.287969, 44.22794
8.776018, 9.959553, 12.30174875, 15.395831200000003, 17.54613205, 22.893143319999975, 44.22794
8.776596, 9.9251015, 12.276249, 15.545028600000006, 17.802609849999993, 23.507924, 44.22794
8.777082, 9.953487, 12.292975, 15.442466, 17.732296199999997, 23.474496649999946, 44.22794
8.778055, 9.946836999999999, 12.245714, 15.463437, 17.797915199999995, 23.23759482999992, 44.22794
8.781515500000001, 9.935835, 12.31705775, 15.501056, 17.856903149999997, 23.313160269999976, 44.22794
8.785151, 9.952239500000001, 12.2795405, 15.408501200000003, 17.7607412, 23.544528, 44.22794
8.776596, 9.94496, 12.266385750000001, 15.5427436, 17.849544, 23.98304572999996, 44.22794
8.646315, 9.119646, 10.77695925, 12.361003, 13.96309, 17.644383, 38.813544
8.646338, 9.1278, 10.82114, 12.444252, 14.059407, 17.802213, 38.813544
8.649318, 9.129338, 10.80133275, 12.481334, 14.062389, 17.709146019999878, 38.813544
8.647674, 9.14261, 10.82114, 12.442949700000003, 13.984007949999995, 17.699605, 38.813544
8.649534, 9.1561335, 10.83300125, 12.458521600000003, 14.062389, 17.793896, 38.813544
8.647008, 9.117858, 10.805758, 12.429754400000002, 14.09337, 17.78608, 38.813544
8.647925, 9.122739, 10.783371, 12.439813, 14.009579149999999, 17.644383, 38.813544
8.64187725, 9.114951, 10.78818, 12.420221, 13.990885, 17.703645709999993, 38.813544
8.64686075, 9.118738, 10.7886045, 12.411373, 14.021462, 17.793896, 38.813544
8.652307, 9.160303, 10.810196000000001, 12.444594800000006, 14.063569, 17.8129, 38.813544
8.64759125, 9.129338, 10.82114, 12.426093, 13.967338, 17.629720109999976, 38.813544
8.643807, 9.10829, 10.796022, 12.436074, 13.974307, 17.786971, 38.813544
8.645282, 9.113921999999999, 10.8181355, 12.426093, 14.059407, 17.8129, 38.813544
8.646909, 9.134162, 10.802748, 12.444252, 14.013154, 17.78608, 38.813544
8.651493, 9.134141, 10.803248, 12.42623, 14.013154, 17.786971, 38.813544
8.646338, 9.128324, 10.802748, 12.419637, 14.057811, 17.703645709999993, 38.813544
8.648381749999999, 9.150252, 10.80133275, 12.408001, 14.027404, 17.699605, 38.813544
8.653436, 9.134162, 10.816327, 12.442805, 14.021462, 17.703645709999993, 38.813544
8.647882, 9.122739, 10.792807, 12.419637, 14.039873, 17.78608, 38.813544
8.650357249999999, 9.126562, 10.795076, 12.411578800000004, 13.951795, 17.786971, 38.813544
8.644131, 9.111909, 10.78818, 12.429754400000002, 14.027404, 17.844506, 38.813544
8.644621, 9.140164, 10.8306125, 12.429754400000002, 14.066505, 17.78704024999999, 38.813544
8.649533, 9.142985, 10.8120375, 12.481334, 14.027751549999996, 17.548219189999898, 38.813544
8.645088, 9.128838, 10.78818, 12.436074, 14.034355, 17.663793, 38.813544
8.648381749999999, 9.128411, 10.801449, 12.430775, 14.015404799999995, 17.8129, 38.813544
8.656266, 9.141965, 10.7947655, 12.420562800000008, 14.06189, 17.64457709999997, 38.813544
8.647156, 9.12137, 10.78818, 12.408001, 13.929538, 17.644383, 38.813544
8.642463, 9.126984, 10.803248, 12.42623, 14.06189, 17.78608, 38.813544
8.784735, 9.949683, 12.27518, 15.45753, 17.859281, 23.56270114999997, 44.22794
8.774067500000001, 9.942904500000001, 12.27106175, 15.501305600000006, 17.763728, 23.387052469999947, 40.625286
8.77871125, 9.955626500000001, 12.3318155, 15.488639800000012, 17.802213, 23.337256, 39.815707
8.781042, 9.960657, 12.33262925, 15.547275, 17.79776685, 23.474159, 44.22794
8.773838, 9.929418, 12.306214, 15.442466, 17.82280555, 23.313008, 40.625286
8.781234, 9.933252, 12.2699845, 15.465985, 17.820659, 23.166823689999987, 44.22794
8.76935775, 9.934477, 12.292975, 15.513381, 17.8129, 23.421254, 44.22794
8.77258, 9.916554000000001, 12.27449, 15.531757, 17.82070005, 23.474496649999946, 44.22794
8.786546, 9.91966, 12.266811, 15.473809, 17.732042, 23.474496649999946, 44.22794
8.783293, 9.959553, 12.222669, 15.415548700000006, 17.79776685, 23.972279, 40.625286
8.781392499999999, 9.950585499999999, 12.290937, 15.513646100000006, 17.847341899999996, 23.55508004999999, 44.22794
8.776018, 9.939777, 12.3318, 15.513381, 17.810287499999998, 23.436095, 44.22794
8.77258, 9.954058, 12.30958, 15.4738626, 17.71693625, 23.757344, 44.22794
8.768346, 9.902277, 12.265103, 15.427384, 17.847226, 23.166823689999987, 44.22794
8.77782, 9.946836999999999, 12.321901, 15.486548, 17.810287499999998, 23.287969, 44.22794
8.775586, 9.937025, 12.27343125, 15.481558, 17.716931, 23.213618, 44.22794
8.775352, 9.928858, 12.259193, 15.410258, 17.663793, 23.386707, 44.22794
8.779836, 9.9341905, 12.27635725, 15.536901, 17.87218785, 23.354685, 44.22794
8.778754, 9.953487, 12.255413, 15.464719200000008, 17.716931, 23.213618, 44.22794
8.770279, 9.9285335, 12.280529, 15.503710300000003, 17.71693625, 23.507924, 44.22794
8.77440625, 9.933004, 12.242894750000001, 15.422776, 17.786071, 23.50829003999994, 44.22794
8.778579, 9.912185999999998, 12.27212, 15.421165000000002, 17.770134, 23.68457, 40.625286
8.782734, 9.958951500000001, 12.326082, 15.493363, 17.770393349999996, 23.23759482999992, 44.22794
8.777696, 9.939203, 12.28253, 15.531757, 17.870616, 23.421402409999978, 44.22794
8.777717, 9.938127, 12.303235, 15.481558, 17.870686099999997, 23.555005, 44.22794
8.772504, 9.91446, 12.297783, 15.521324300000025, 17.847151, 23.223349, 44.22794
8.77090625, 9.959018, 12.32056225, 15.424087000000004, 17.732042, 23.43647563999994, 44.22794
8.777633, 9.9598245, 12.342114, 15.545028600000006, 17.768982599999998, 23.68457, 44.22794
8.77658675, 9.978235, 12.303485, 15.58219, 17.82148, 23.22348636999998, 40.625286
8.77850875, 9.949286, 12.30174875, 15.558682, 17.888468, 23.78864, 44.22794
9.114416, 11.249421, 14.08632, 17.369627, 19.905001, 25.386005, 44.22794
9.109645, 11.219939, 14.06224275, 17.364599, 19.874239, 25.334118, 40.625286
8.778249, 9.924544999999998, 12.255675, 15.484206, 17.844816849999997, 23.508394809999924, 44.22794
8.77685125, 9.933252, 12.30174875, 15.536901, 17.9810232, 24.074188, 44.22794
8.775699249999999, 9.911799, 12.282988, 15.433898, 17.793896, 23.544528, 44.22794
8.779129, 9.954058, 12.193693249999999, 15.520172, 17.844816849999997, 23.544528, 44.22794
8.784735, 9.952201, 12.360311249999999, 15.556521500000004, 17.782938, 23.436095, 44.22794
8.77955, 9.928431, 12.2468895, 15.580261900000005, 17.818695, 24.050111019999974, 44.22794
8.779129, 9.957544500000001, 12.31622025, 15.484432100000005, 17.847226, 23.328325209999985, 40.625286
8.77779425, 9.926646999999999, 12.278174, 15.513381, 17.890157, 23.974013739999986, 44.22794
8.775737, 9.917581, 12.320116, 15.471721900000004, 17.83384214999999, 23.56251, 44.22794
8.777249, 9.930706, 12.268099, 15.473809, 17.856778, 23.582653619999835, 44.22794
8.778721749999999, 9.920334, 12.32237325, 15.555732100000002, 17.8334752, 23.28846186999992, 44.22794
8.775271, 9.926991, 12.298339, 15.4711183, 17.836158, 23.56251, 40.625286
8.781703, 9.973171, 12.330803, 15.555674, 17.900589, 23.474159, 44.22794
8.771326, 9.929108, 12.278174, 15.556521500000004, 17.786071, 23.56270114999997, 40.625286
8.771996249999999, 9.93438, 12.267887, 15.533741900000004, 17.787317249999997, 23.789130559999922, 44.22794
8.77928425, 9.944159, 12.282594, 15.468105, 17.732042, 23.337430289999972, 39.815707
8.774518, 9.927777, 12.285942, 15.484432100000005, 17.90985645, 23.43647563999994, 44.22794
8.771326, 9.907324, 12.266244, 15.548184600000006, 17.82154205, 23.789130559999922, 44.22794
8.779902, 9.941382999999998, 12.301738, 15.533741900000004, 17.802213, 23.387052469999947, 44.22794
8.778396, 9.918105, 12.2828365, 15.458325, 17.709183749999994, 23.237086, 44.22794
8.781968, 9.952882500000001, 12.27212, 15.403615200000003, 17.627487, 23.164686789999998, 44.22794
8.780058, 9.955379, 12.35419, 15.563847, 17.863091, 23.35500521999995, 44.22794
9.11019, 11.253083, 14.107129, 17.387633, 19.99271, 25.60713201000002, 44.22794
9.116303, 11.249421, 14.071423, 17.325111, 19.781869, 25.872219, 44.22794
9.108569, 11.24558, 14.09614, 17.316394, 19.781869, 25.607038, 44.22794
9.100143, 11.254216, 14.058793, 17.387633, 19.892478999999977, 25.786771, 44.22794
9.114235, 11.253083, 14.09442, 17.318689, 19.742827, 25.19979824000012, 44.22794
9.115799, 11.227269, 14.059299, 17.405764, 19.83876394999989, 25.569375, 44.22794
9.105079499999999, 11.183756, 14.034091499999999, 17.42958, 19.91524, 25.872219, 44.22794
9.116177, 11.221152, 14.001483, 17.285114, 19.83876394999989, 25.677274, 44.22794
9.109645, 11.257548, 14.12365425, 17.42958, 19.911072, 25.398768280000134, 44.22794
9.114235, 11.292216, 14.1044155, 17.412054, 19.911072, 25.386005, 44.22794
9.125082, 11.250906, 14.096689, 17.405764, 19.916648, 25.872219, 44.22794
9.110852, 11.221448, 14.092094, 17.431597000000007, 19.991815, 25.87213881, 44.22794
9.096722, 11.207549499999999, 14.010793, 17.285785, 19.862456, 25.87256730000007, 44.22794
9.10942875, 11.249662, 14.08681475, 17.431298, 19.799011699999905, 25.872138, 44.22794
9.115503, 11.213273, 14.107129, 17.476674, 19.966418, 26.123703, 44.22794
9.090259, 11.182695500000001, 14.006716, 17.375265, 19.781869, 25.872138, 44.22794
9.11089775, 11.234332, 14.060741, 17.448374, 20.002346, 26.206109, 44.22794
8.779638, 9.939891, 12.320116, 15.541800700000001, 17.763987699999998, 23.237086, 44.22794
8.7819415, 9.955029, 12.265103, 15.479987900000003, 17.708776, 23.386707, 44.22794
8.77123175, 9.920029, 12.299575, 15.584591, 17.760584, 23.982799, 44.22794
8.64738, 9.126562, 10.803367999999999, 12.442949700000003, 14.062389, 17.81321605999995, 38.813544
8.64409775, 9.128838, 10.788376, 12.424355, 14.040769899999987, 17.81321605999995, 38.813544
8.725084, 9.081155, 10.50785, 11.973983, 13.163769, 16.360916, 38.813544
8.725592, 9.072676, 10.532912, 12.027377000000001, 13.179390099999999, 16.62074429999996, 38.813544
8.730459, 9.082386, 10.537901, 12.01479, 13.169048, 16.60924376999999, 38.813544
8.733807, 9.0891005, 10.54133075, 12.048465, 13.259039900000001, 16.974057, 38.813544
8.723019, 9.06759, 10.531478, 11.992195500000003, 13.090192199999995, 16.395060179999923, 38.813544
8.724144, 9.070010499999999, 10.48968975, 11.977664, 13.151338299999997, 16.606196, 38.813544
8.72807575, 9.086177, 10.523224, 12.019624500000003, 13.222672, 16.703847219999986, 38.813544
8.73049575, 9.088824, 10.553907, 12.025925300000006, 13.200107549999997, 16.37829034999999, 38.813544
8.731162, 9.088087999999999, 10.520816, 11.97164, 13.052535, 16.384364, 38.813544
8.72874675, 9.081327000000002, 10.570914, 12.033296800000004, 13.15625055, 16.571005939999992, 38.813544
8.7271585, 9.052846500000001, 10.480892, 11.971396, 13.0236266, 16.442499, 38.813544
8.726226749999999, 9.063528, 10.50731575, 11.98441, 13.200472499999991, 16.620502, 38.813544
8.731054, 9.073015999999999, 10.52273125, 12.019624500000003, 13.169048, 16.499532399999886, 38.813544
8.72400725, 9.070002500000001, 10.521886, 12.022355, 13.216741, 16.843232269999998, 38.404747
8.729998, 9.078375, 10.529427, 11.986339900000003, 13.171132, 16.703847219999986, 38.404747
8.731154499999999, 9.087023, 10.550668, 12.020808800000005, 13.171693899999994, 16.5764478, 38.813544
8.726995, 9.081990999999999, 10.53100875, 12.083124, 13.181976, 16.78368708999997, 38.404747
8.7306595, 9.070371999999999, 10.50915, 11.998386, 13.159834299999998, 16.35044, 38.813544
8.645088, 9.1388105, 10.834787, 12.474418, 14.063569, 17.708369, 38.813544
8.648023, 9.125568, 10.7947655, 12.434019, 14.066505, 17.8129, 38.813544
8.645282, 9.127029, 10.789254249999999, 12.420221, 13.967338, 17.708369, 38.813544
8.646301, 9.126939, 10.812846, 12.429064, 13.960113, 17.703645709999993, 38.813544
8.648051, 9.141869, 10.803248, 12.390487, 13.961266, 17.703598, 38.813544
8.64909, 9.118092, 10.801870000000001, 12.444263, 14.057811, 17.844506, 38.813544
8.723493, 9.0652595, 10.48914, 11.974232200000003, 13.11224035, 16.615886, 38.813544
8.72328825, 9.0640645, 10.517463, 11.9722202, 13.127204599999995, 16.468887259999953, 38.404747
8.72526725, 9.073125999999998, 10.511451, 11.973641, 13.049692599999998, 16.306578, 38.813544
8.72940575, 9.0803435, 10.528427, 12.064408, 13.219201, 16.576725, 38.813544
8.730107, 9.074508, 10.510156250000001, 11.979424300000005, 13.135407, 16.442499, 38.813544
8.725494, 9.070425499999999, 10.51731025, 12.0147414, 13.139181, 16.385245299999987, 38.813544
8.72475625, 9.057802, 10.504194, 11.98282, 13.13855685, 16.571005939999992, 38.813544
8.725994, 9.072117, 10.526214, 12.040725, 13.156208, 16.384364, 38.813544
8.728526, 9.069861, 10.507705, 11.987698, 13.104661949999997, 16.348581, 38.813544
8.726865, 9.081545, 10.543053, 12.050909200000001, 13.179390099999999, 16.594025899999984, 38.813544
8.724405, 9.066282999999999, 10.505768, 12.039315, 13.137592, 16.31993434999999, 38.404747
8.726232, 9.074737, 10.529427, 11.992195500000003, 13.126926, 16.348581, 38.813544
8.726114, 9.065991, 10.491247, 11.972366, 13.16290355, 16.576728619999955, 38.404747
8.731466, 9.081641999999999, 10.523224, 12.056833500000009, 13.234475, 16.711789, 38.813544
8.786504, 9.0531855, 10.2296485, 11.654684, 12.462855, 14.953882, 26.889073
8.78849425, 9.053782, 10.21853, 11.636392, 12.421232649999999, 14.831535, 26.889073
8.783368750000001, 9.054359, 10.275845, 11.664709, 12.440311, 14.873968019999955, 26.889073
8.789133249999999, 9.05317, 10.227706, 11.672662100000002, 12.502753, 15.021127, 26.889073
8.784519, 9.050637, 10.20198, 11.622074, 12.436106, 14.932686829999989, 19.563106
8.78962275, 9.053267, 10.246912, 11.636392, 12.378038, 14.757073, 26.889073
8.8300945, 9.012768, 9.354828, 10.875299900000002, 11.774921, 13.74845933, 37.448702
9.131117, 11.258235, 13.9513775, 17.288908000000003, 19.705272699999984, 26.01373256999997, 108.4088586927877
9.13014425, 11.327874, 14.19560675, 17.4550999, 19.892478999999994, 25.872567300000007, 37.948082
9.122391749999998, 11.165062, 14.014375, 17.400589, 19.753229, 26.312623880000032, 44.22794
9.1152885, 11.240114, 14.07339225, 17.381132300000004, 19.915841549999993, 25.87213881, 44.22794
9.090943, 11.228731, 14.078297, 17.474776400000007, 19.975911049999986, 26.460815, 44.22794
9.105079499999999, 11.292216, 14.083382, 17.2614772, 19.782946249999974, 25.46595706000003, 44.22794
9.092833500000001, 11.243894, 14.1163645, 17.418904200000004, 19.917179149999992, 26.123703, 44.22794
9.141584, 11.240114, 14.059299, 17.1884739, 19.588329799999986, 25.01977411000004, 44.22794
9.119364, 11.27877, 14.123389, 17.362942200000006, 19.879291099999985, 25.616439, 44.22794
9.114482, 11.26261, 14.10699475, 17.448374, 19.759592449999985, 26.311127, 39.815707
9.091171, 11.2268785, 14.043998, 17.2643104, 19.74334709999999, 25.171892, 44.22794
9.134431, 11.2582505, 14.066715, 17.248926, 19.897960549999997, 25.607740360000015, 39.815707
9.105987, 11.223968, 14.0027695, 17.580341, 20.029985249999985, 25.87213881, 44.22794
9.1472585, 11.249597, 14.06882075, 17.431298, 19.99319179999999, 25.259970960000018, 44.22794
9.123082499999999, 11.256453, 14.04991025, 17.400589, 20.01937315, 25.87364843000003, 40.625286
9.149255, 11.284728, 14.038794, 17.432069700000003, 19.892478999999994, 25.791337, 44.22794
9.12046875, 11.292216, 14.1054395, 17.42958, 19.905001, 26.017272460000047, 44.22794
9.104381499999999, 11.172544, 13.948328, 17.3253798, 19.605813199999996, 24.92071521, 40.625286
9.105079499999999, 11.22909, 14.06808475, 17.466592, 20.01937315, 25.872567300000007, 44.22794
9.10103375, 11.2477145, 14.08632, 17.375665, 19.897960549999997, 25.874733840000054, 44.22794
9.114035750000001, 11.313931, 14.286132250000001, 17.443773200000003, 20.002346, 25.018097, 40.625286
9.096357, 11.219939, 14.07592775, 17.3189096, 19.927697349999995, 25.786816660000003, 39.815707
9.09837925, 11.2281035, 14.10802825, 17.418904200000004, 19.707231749999995, 25.677274, 44.22794
9.09467275, 11.212948, 14.04276875, 17.512321, 19.91524, 26.206309990000005, 44.22794
9.11437075, 11.261554, 14.07592775, 17.379379500000002, 19.799011699999987, 25.909215540000048, 44.22794
9.13225325, 11.2859325, 14.036263, 17.476674, 19.89759, 26.124728050000023, 39.815707
9.103995, 11.197627, 14.010793, 17.2649514, 19.636108499999995, 24.82327832000002, 44.22794
9.115342, 11.2104635, 14.072194, 17.320895, 19.642835549999994, 25.018097, 44.22794
9.115503, 11.3148665, 14.139319749999999, 17.540978, 20.08305755, 26.461121710000008, 44.22794
9.119364, 11.2617165, 14.0594015, 17.418904200000004, 19.937648199999973, 25.678368970000026, 44.22794
9.090014499999999, 11.167415, 13.958518, 17.2578071, 19.966737199999997, 26.124527060000016, 44.22794
9.11437075, 11.200854, 14.09442, 17.387633, 19.863045149999994, 25.171892, 44.22794
9.100571, 11.140034, 13.9688055, 17.3189096, 19.78104915, 25.464532, 40.625286
9.114581, 11.22909, 14.104582, 17.370190800000003, 19.718137, 25.464532, 44.22794
9.08155575, 11.182695500000001, 13.9947985, 17.4672202, 20.00505045, 26.311127, 44.22794
9.118879999999999, 11.242978, 14.061389, 17.297558, 20.002346, 26.511208, 40.625286
9.078278, 11.165671, 13.96397125, 17.394561, 19.87902209999999, 25.872219, 40.625286
9.1389475, 11.260946, 14.124792, 17.627487, 20.085769849999995, 25.87248711000001, 44.22794
9.09865525, 11.228731, 14.1786265, 17.587284, 20.19898589999999, 26.511208, 44.22794
9.119161, 11.250684, 14.167717, 17.540978, 19.972802, 27.136987, 44.22794
9.081487749999999, 11.205217000000001, 14.14986, 17.375665, 19.905001, 26.01707147000004, 44.22794
9.122391749999998, 11.241695499999999, 14.10802825, 17.457576700000004, 20.019433, 25.907049, 44.22794
9.1263115, 11.239497, 14.08434075, 17.3602266, 20.028886, 25.791337, 44.22794
9.100571, 11.246837, 14.08532025, 17.473254, 19.89826409999999, 25.39981671000004, 44.22794
9.149227, 11.279103, 14.175234, 17.316394, 19.675714, 25.400193340000044, 44.22794
9.114365750000001, 11.266485, 14.140952, 17.267904400000003, 19.74558624999999, 25.794660660000073, 40.625286
8.65482275, 9.140346000000001, 10.82054675, 12.439813, 14.124431, 17.96142778000002, 38.813544
8.646596, 9.128389, 10.78771425, 12.4265521, 13.963302399999996, 17.80231987, 38.813544
8.6560165, 9.1263985, 10.842957, 12.4265152, 13.99554189999999, 17.23980965000001, 34.462112
8.64293325, 9.1051595, 10.734682, 12.3318, 13.94272, 17.813216060000006, 38.813544
8.649245, 9.1238025, 10.737396, 12.27426, 13.689003799999998, 17.377674860000006, 38.813544
8.656422, 9.134141, 10.813506499999999, 12.462111, 14.040769899999987, 17.699605, 38.813544
8.6439015, 9.089853000000002, 10.730131, 12.365659, 13.888358, 17.414291, 38.813544
8.6437615, 9.137685, 10.8072195, 12.4429497, 13.984007949999995, 17.538447, 38.404747
8.6380695, 9.12794, 10.773136, 12.3658189, 13.885000049999999, 17.872018, 38.813544
8.642314, 9.0904195, 10.778776749999999, 12.420037200000001, 14.016049449999986, 18.189167150000003, 38.813544
8.644595500000001, 9.140626000000001, 10.7947655, 12.426111, 13.910078, 17.663793, 38.813544
8.645846, 9.126587, 10.78494675, 12.390487, 13.883609899999996, 17.414516330000005, 38.813544
8.639709, 9.0995015, 10.8306125, 12.484189200000005, 14.034355, 17.548219190000015, 38.813544
8.656440499999999, 9.155504, 10.833509, 12.386850800000001, 14.08060959999999, 17.872018, 38.813544
8.64398175, 9.120862500000001, 10.772138, 12.301781, 13.929538, 17.538447, 38.813544
8.648617, 9.1263985, 10.801294, 12.481334, 14.106045, 17.96278833000005, 38.813544
8.648585749999999, 9.134645500000001, 10.8014045, 12.3490297, 13.975135899999987, 17.44314, 38.404747
8.653436, 9.1132055, 10.734365500000001, 12.266593900000002, 13.960313699999997, 17.802911050000013, 38.813544
8.64896975, 9.142635, 10.785508499999999, 12.458397, 13.960113, 17.665024780000024, 38.813544
8.639221, 9.089158, 10.796068, 12.35633, 13.921468, 17.922138370000003, 38.813544
8.6423965, 9.133437, 10.81620025, 12.431435000000006, 13.940439999999999, 17.786971, 38.813544
8.64791425, 9.146244, 10.86136075, 12.556598700000002, 14.127015849999994, 18.212163610000005, 38.404747
8.6450085, 9.118408, 10.795076, 12.434019, 14.062613, 17.663793, 38.404747
8.64698325, 9.113118499999999, 10.85147125, 12.459889800000001, 13.921681499999998, 17.066148650000002, 34.408771
8.660027750000001, 9.165635, 10.803367999999999, 12.480071, 13.991081399999997, 17.813216060000006, 38.813544
8.653112, 9.128324, 10.832974, 12.480543, 14.057811, 17.629720110000004, 38.813544
8.6413515, 9.0927235, 10.7723875, 12.480071, 14.057811, 17.436824, 38.813544
8.644217, 9.146792999999999, 10.812846, 12.45322, 14.059531149999998, 17.483607930000012, 38.404747
8.645088, 9.126587, 10.80024925, 12.382671, 13.991081399999997, 17.844941360000007, 38.404747
8.6473725, 9.121547, 10.7886045, 12.3563758, 13.86735119999999, 17.787123420000004, 38.813544
8.64247575, 9.109495, 10.7942225, 12.4477016, 14.058014949999997, 17.61197376, 34.462112
8.648585749999999, 9.1412175, 10.796270750000001, 12.557284, 14.062613, 17.92199, 38.404747
8.7816955, 9.0592095, 10.25528425, 11.642149, 12.4748339, 15.449580190000002, 19.563106
8.786566749999999, 9.056452499999999, 10.224222, 11.652362, 12.3807679, 14.721862790000005, 26.889073
8.77368225, 9.0424155, 10.18582075, 11.628673599999999, 12.319403550000002, 14.736624, 26.889073
8.78169525, 9.0471255, 10.165432, 11.542112900000001, 12.413591850000003, 14.824984, 26.889073
8.779927, 9.0460675, 10.201259, 11.654684, 12.32946965, 14.514947050000002, 19.393533
8.78431625, 9.0643675, 10.23402625, 11.671998, 12.444344, 14.746909, 18.677002
8.79553675, 9.057811999999998, 10.281860250000001, 11.6809618, 12.47143845, 14.96548207000001, 26.889073
8.792047, 9.052158, 10.268445, 11.6407854, 12.368273, 14.996300190000008, 19.563106
8.781061, 9.037096, 10.14772, 11.595606, 12.271038, 15.05023268000001, 26.889073
8.785401, 9.040540499999999, 10.230684, 11.6604761, 12.439778, 14.816412320000028, 19.563106
8.78193275, 9.048323, 10.17542925, 11.623755, 12.383578, 14.944267120000001, 19.563106
8.77515, 9.048141000000001, 10.18035075, 11.609109900000002, 12.405619450000003, 14.824984, 26.889073
8.777718, 9.05576, 10.20220725, 11.626390100000002, 12.385116, 15.27344427, 26.889073
8.783518, 9.050195, 10.26628875, 11.665227900000001, 12.51207335, 15.449435, 26.889073
8.783769750000001, 9.0503055, 10.22400375, 11.670335, 12.52358155, 14.95430301000001, 18.865024
8.78854875, 9.039131, 10.19239, 11.6177904, 12.412934, 14.996234440000006, 26.889073
8.784649, 9.04832, 10.20963775, 11.5957005, 12.381896800000002, 14.822824, 19.563106
8.79892925, 9.0643675, 10.1975375, 11.6046396, 12.364643899999999, 14.94417, 26.889073
8.77938425, 9.0527835, 10.24141875, 11.655011400000001, 12.46987415, 14.874335240000015, 26.889073
8.786701749999999, 9.064307, 10.233688, 11.5960663, 12.3416319, 14.663581240000012, 26.889073
8.78580275, 9.0530395, 10.184530500000001, 11.5806494, 12.342689, 14.646019220000001, 26.889073
8.784649, 9.052158, 10.269969, 11.6326631, 12.338567900000001, 14.648465670000004, 19.393533
8.78691, 9.05295, 10.200366, 11.653518, 12.413306600000002, 14.747591700000015, 26.889073
8.794416, 9.069224, 10.27929375, 11.6460504, 12.4923874, 14.932743420000001, 26.889073
8.78029625, 9.053310499999998, 10.188692249999999, 11.5784362, 12.3090976, 14.932628, 26.889073
8.7864895, 9.050535, 10.187168250000001, 11.659932, 12.4498122, 14.901789, 18.865024
8.7988375, 9.0640645, 10.265049, 11.653518, 12.439804650000001, 14.832237540000015, 19.563106
8.66200475, 9.166038, 10.837245, 12.478235900000001, 14.099570599999996, 17.80231987, 38.404747
8.661158, 9.1422875, 10.831699, 12.419637, 14.062613, 17.88846820000001, 38.404747
8.655723, 9.1712945, 10.842374249999999, 12.426093, 13.921681499999998, 17.664151120000007, 38.813544
8.64305, 9.091368, 10.749426499999998, 12.339690300000001, 13.888502099999998, 17.936827, 38.813544
8.642435500000001, 9.089676, 10.764135, 12.4262361, 13.960170649999998, 17.813216060000006, 38.813544
8.64424, 9.11698, 10.830844, 12.449230300000002, 13.92961735, 17.802635930000008, 38.813544
8.640719, 9.128831, 10.8120375, 12.4297544, 13.866715, 17.61197376, 38.813544
8.650438, 9.117357, 10.789593, 12.436074, 14.099570599999996, 17.664151120000007, 38.813544
8.643056, 9.135479, 10.86050475, 12.543128, 14.095779149999993, 17.709146020000016, 38.813544
8.643524, 9.134162, 10.792584, 12.413974300000001, 14.034630899999996, 17.377674860000006, 34.462112
8.659141, 9.156572, 10.83907575, 12.474166, 13.931310749999996, 18.211952, 34.462112
8.647442, 9.125568, 10.797017, 12.3333146, 13.991998449999985, 18.717500450000014, 38.404747
8.642812500000002, 9.086364, 10.764132, 12.361018, 14.02802744999999, 17.664191050000007, 38.404747
8.636879, 9.1083915, 10.79001625, 12.403241400000002, 14.057811, 17.70442273000002, 38.404747
8.646301, 9.137233, 10.76841475, 12.334539, 13.968515349999983, 17.483699230000013, 34.462112
8.66832475, 9.176713, 10.90188225, 12.482366300000008, 14.133980949999998, 17.96142778000002, 38.813544
8.6473725, 9.124091499999999, 10.836865, 12.4401122, 13.994813, 17.629572, 38.813544
8.6433755, 9.1278, 10.779551, 12.429235100000001, 13.967338, 17.663793, 38.813544
8.64345875, 9.110145, 10.812846, 12.426230200000001, 13.991810299999987, 17.844781120000004, 38.813544
8.6426955, 9.083943999999999, 10.7616195, 12.347833, 13.960113, 17.872018, 34.462112
8.64097325, 9.11539, 10.77528, 12.35419, 13.931584749999994, 17.43688716, 38.404747
8.66671475, 9.171114, 10.8348925, 12.4492612, 14.09337, 17.793979170000004, 38.813544
8.66200475, 9.140179499999999, 10.75909275, 12.327137800000001, 13.849417849999998, 17.420319, 26.469622
8.649671, 9.14261, 10.802425, 12.426230200000001, 13.892058599999988, 17.644383, 38.813544
8.65307125, 9.1180425, 10.809672, 12.3447827, 13.952062749999996, 17.813216060000006, 38.813544
8.7843245, 9.0628535, 10.241081, 11.6735604, 12.458068300000004, 14.757332510000007, 19.393533
8.78368725, 9.0531285, 10.210208999999999, 11.6498139, 12.3963321, 14.638660960000015, 19.563106
8.7838245, 9.048251, 10.181255, 11.649382600000001, 12.502305, 14.96492, 26.889073
8.79084675, 9.054016, 10.187168250000001, 11.640903400000001, 12.375398, 15.027967510000005, 19.563106
8.779684249999999, 9.0480465, 10.293141, 11.658205200000001, 12.440311, 14.96492, 26.889073
8.786413, 9.038355, 10.1748495, 11.567842, 12.306944500000002, 14.488831520000005, 26.889073
8.781851, 9.0472005, 10.176352, 11.634025900000001, 12.424741, 14.742167540000013, 26.889073
8.787709, 9.051636, 10.225465, 11.6736765, 12.503913750000002, 15.240095440000006, 19.563106
8.781897749999999, 9.040042, 10.164359000000001, 11.628673599999999, 12.4764949, 14.873687, 19.563106
8.784522, 9.0570235, 10.186646249999999, 11.6015957, 12.334973, 14.741698300000003, 26.889073
8.64735, 9.1462405, 10.84198, 12.5151543, 14.124056699999999, 17.78614925, 38.404747
8.79180925, 9.0619655, 10.265829499999999, 11.6610979, 12.518868200000002, 15.591218, 26.889073
8.785803, 9.053535, 10.152807, 11.6470944, 12.502824150000002, 14.953992380000003, 19.563106
8.775789, 9.036634, 10.20749, 11.5957005, 12.439778, 14.932686830000002, 18.865024
8.789632749999999, 9.0553645, 10.287082, 11.6612363, 12.504487100000004, 15.027702, 26.889073
8.790425, 9.05001, 10.279553, 11.702981000000001, 12.492187, 15.275308510000041, 19.393533
8.792675749999999, 9.060905, 10.2459785, 11.658251300000002, 12.426591750000002, 14.938567590000002, 19.393533
8.795215500000001, 9.059803500000001, 10.28672425, 11.711461400000001, 12.573961, 14.938511, 26.889073
8.78509025, 9.053367, 10.281793, 11.649063300000002, 12.368629250000001, 15.027922910000004, 19.563106
8.86192025, 9.002718999999999, 9.18187775, 9.4574401, 10.004416, 12.340344309999999, 37.448702
8.864984250000001, 9.000862000000001, 9.170845250000001, 9.438148, 9.881233, 11.87541440999999, 37.448702
8.869037250000002, 9.0040565, 9.18297075, 9.4569136, 9.9812166, 11.932546299999998, 35.734803
8.864412999999999, 8.9919525, 9.1728385, 9.4486541, 9.8794452, 11.683387009999995, 13.463832
8.863329, 9.0049145, 9.180234500000001, 9.4590289, 9.971022949999998, 11.999423279999998, 37.448702
8.858853, 8.998334499999999, 9.165885750000001, 9.4571323, 9.921269099999998, 12.071412479999976, 29.227148
8.87396475, 9.0048825, 9.18101, 9.4234097, 9.881748149999996, 12.00816916999999, 37.448702
8.86699175, 9.003631, 9.189324000000001, 9.445279699999999, 9.897192, 11.993545, 16.295498
8.8723595, 9.007766499999999, 9.1787915, 9.4373278, 9.927009, 11.839501489999996, 35.487972
8.794461, 9.066931499999999, 10.26220625, 11.721216000000002, 12.5404478, 14.944688130000012, 26.889073
8.789552, 9.070618, 10.220617, 11.68195, 12.423928200000004, 15.02119275, 19.563106
8.782034750000001, 9.037037, 10.1905205, 11.636587100000002, 12.451222, 14.747452080000013, 26.889073
8.78686775, 9.044754, 10.223651, 11.5931526, 12.451222, 14.815255450000002, 26.889073
8.78195025, 9.058342499999998, 10.279407, 11.678967, 12.472115, 15.021458260000006, 26.889073
8.78310975, 9.072659, 10.2601965, 11.7164578, 12.512984800000002, 14.996300190000008, 26.889073
8.775895, 9.042297, 10.205903750000001, 11.617003, 12.343002, 14.801520180000006, 26.889073
8.79343025, 9.076051, 10.306538, 11.68195, 12.5484069, 15.0498376, 18.474331
8.789633, 9.054419, 10.189340999999999, 11.622725300000003, 12.388676200000003, 15.095220980000033, 18.865024
8.790877250000001, 9.048317, 10.209485, 11.662098, 12.471264, 14.747452080000013, 18.677002
8.650357249999999, 9.182617, 10.868377, 12.483738200000003, 14.078328, 18.32292287000004, 38.813544
8.6468, 9.128581, 10.8306165, 12.481478300000001, 14.039873, 17.802213, 38.813544
8.645662, 9.1215325, 10.761857, 12.378577600000002, 13.943173749999993, 17.787040250000004, 38.813544
8.6459585, 9.111663, 10.801449, 12.414051600000002, 14.070939699999995, 17.128084610000013, 26.322518
8.637853, 9.0660685, 10.7121205, 12.361018, 13.941309649999985, 17.709146020000016, 38.813544
8.6476805, 9.142981, 10.8078255, 12.390487, 13.925738, 17.844506, 38.813544
8.642968, 9.126562, 10.8212195, 12.5125249, 14.09337, 18.189167150000003, 34.408771
8.647641, 9.122739, 10.749449, 12.3658189, 14.015086, 18.188937, 38.813544
8.65645325, 9.149592, 10.810196000000001, 12.3490297, 14.057890799999997, 17.70364571, 38.813544
8.645662, 9.154926, 10.814858, 12.361642000000002, 13.940439999999999, 17.471043840000014, 38.404747
8.649245, 9.110415499999998, 10.8373555, 12.390487, 13.912339699999986, 17.8129, 38.813544
8.64355675, 9.133437, 10.796022, 12.492389, 14.062613, 17.872666090000013, 38.813544
8.642476, 9.1183175, 10.816554, 12.4481449, 14.0626608, 17.872178240000004, 38.813544
8.64791425, 9.1267955, 10.81410075, 12.474166, 14.09337, 17.786071, 38.404747
8.65440575, 9.1275925, 10.7914005, 12.413974300000001, 13.93484, 17.699644929999998, 38.813544
8.63542, 9.071031000000001, 10.697126749999999, 12.342146200000002, 13.960261849999998, 17.703598, 38.404747
8.643933, 9.1369675, 10.816554, 12.525240100000001, 14.095492549999998, 17.937063770000005, 38.404747
8.641572750000002, 9.087416000000001, 10.73245125, 12.442805, 13.929538, 17.70442273000002, 38.813544
8.6518245, 9.156082, 10.841002, 12.4538246, 14.02892434999998, 17.787040250000004, 27.927733
8.647442, 9.1411985, 10.830666, 12.429121700000001, 13.961357199999998, 17.61271402000002, 38.813544
8.649299749999999, 9.124486999999998, 10.78858425, 12.357211000000001, 13.983646, 17.699644929999998, 38.404747
8.64653025, 9.137459, 10.778776749999999, 12.3610045, 13.931125, 17.548219190000015, 38.813544
8.64766575, 9.1181595, 10.799044, 12.384552, 14.070622, 17.888381480000007, 38.813544
8.64631825, 9.0947105, 10.78818, 12.518930100000007, 14.070622, 17.92199, 38.813544
8.645567, 9.1200005, 10.809144, 12.366907700000006, 13.960170649999998, 17.470363, 38.404747
8.643484, 9.140164, 10.845399, 12.445158700000002, 14.174129649999998, 17.96142778000002, 38.813544
8.64791425, 9.1448565, 10.85269525, 12.42623, 13.961357199999998, 17.483054, 38.813544
8.646164, 9.134141, 10.7486395, 12.3896747, 13.935233999999994, 17.096542, 38.813544
8.653778, 9.155742, 10.8426225, 12.426723200000001, 14.02802744999999, 18.211952, 38.813544
8.65582875, 9.142775, 10.840113, 12.458397, 13.991081399999997, 17.69969264, 34.408771
8.65312325, 9.1640335, 10.8742695, 12.543866300000003, 14.11706, 18.05424255000003, 34.408771
8.65928825, 9.154926, 10.81620025, 12.462111, 14.021462, 17.8129, 38.813544
8.641360500000001, 9.11825, 10.79577675, 12.42623, 14.0626608, 17.930723650000004, 38.404747
8.662684, 9.1730795, 10.88216225, 12.481302800000005, 14.027751549999996, 17.930723650000004, 38.404747
8.641524500000001, 9.112136, 10.7953125, 12.434019, 14.062389, 17.629572, 38.404747
8.648051, 9.1151705, 10.801870000000001, 12.453546500000002, 14.0619102, 17.78608, 38.404747
8.646536, 9.1278, 10.82114, 12.3524102, 13.960474249999994, 17.963018480000056, 38.813544
8.647864250000001, 9.1399975, 10.77607625, 12.3543703, 13.917093949999991, 17.786971, 38.813544
8.646301, 9.1341515, 10.792788250000001, 12.470002500000001, 14.13822059999999, 17.786232420000005, 34.462112
8.644131, 9.095423499999999, 10.78771425, 12.4297544, 14.08060959999999, 17.612674090000016, 38.404747
8.64766575, 9.111086499999999, 10.78780575, 12.408338200000001, 14.015086, 17.802911050000013, 38.404747
8.65550775, 9.177821, 10.840676, 12.563683, 14.312765449999988, 18.370511, 38.813544
8.647156, 9.1118515, 10.79312425, 12.386549, 13.846180249999994, 17.539180490000017, 38.404747
8.641578, 9.0798825, 10.763867999999999, 12.411373, 14.009579149999999, 17.664151120000007, 38.813544
8.6510575, 9.1015765, 10.791028, 12.544543600000004, 14.124520799999999, 18.23399394000002, 38.813544
8.641162, 9.106537, 10.770419, 12.3325151, 13.84130294999999, 17.28495662, 26.469622
8.6476175, 9.135627, 10.792788250000001, 12.469998000000002, 13.925738, 17.786071, 38.813544
8.659845, 9.150252, 10.840674, 12.436074, 14.06189, 17.787230290000007, 38.813544
8.652522, 9.141108, 10.792788250000001, 12.3447827, 13.868725849999992, 17.458465180000005, 38.813544
8.6474265, 9.134672, 10.774292, 12.4205628, 13.907798949999998, 17.443292050000004, 38.813544
8.648617, 9.1455675, 10.864768, 12.566286400000001, 14.165558, 18.188937, 38.813544
8.652307, 9.148201, 10.83720825, 12.4492612, 14.066505, 17.960504, 38.813544
8.647031, 9.155912, 10.829518, 12.5885265, 14.152208999999996, 17.92199, 38.813544
8.643524, 9.126562, 10.833083, 12.474183, 14.164751, 17.699605, 38.813544
8.645996, 9.11825, 10.720701, 12.3419916, 13.88567425, 17.414516330000005, 38.813544
8.649243250000001, 9.1290965, 10.783547250000002, 12.356788, 13.960170649999998, 17.699644929999998, 38.404747
8.647641, 9.1183175, 10.811768, 12.429121700000001, 13.957298149999998, 17.79440210000001, 38.404747
8.63909775, 9.0592, 10.78166575, 12.2627086, 13.846038449999998, 17.483699230000013, 38.813544
8.641559, 9.112452, 10.788281000000001, 12.403291300000001, 13.91014165, 17.813216060000006, 38.404747
8.6437615, 9.140626000000001, 10.801449, 12.448787, 13.964127, 17.78608, 38.404747
8.6414325, 9.119585, 10.799901, 12.4075519, 13.984933249999981, 17.930723650000004, 38.813544
9.099284, 11.167816, 14.036482, 17.396876700000007, 19.935798, 26.491486, 44.22794
9.115582499999999, 11.2200875, 14.07161575, 17.456985300000003, 19.78262984999999, 25.786816660000003, 44.22794
9.100464, 11.310438, 14.157047, 17.693221400000002, 20.088730049999995, 25.187291100000035, 44.22794
9.079098, 11.0527245, 13.9184315, 17.265431900000003, 19.654112599999998, 25.617047350000014, 38.509309
9.104837499999999, 11.264244, 14.11110425, 17.596826, 19.966737199999997, 26.508677560000002, 44.22794
9.106397999999999, 11.1450225, 13.918046, 17.4011065, 19.966850799999996, 25.792145010000016, 44.22794
9.114539749999999, 11.268315, 14.0840075, 17.434288, 19.799896999999973, 25.46558043000002, 44.22794
9.12527175, 11.319977, 14.140549, 17.361573, 20.028886, 25.569375, 44.22794
9.11640225, 11.2017035, 14.060741, 17.2312878, 19.745184, 24.652481560000023, 44.22794
9.093036999999999, 11.245794, 14.08681475, 17.395681300000003, 19.673757, 25.386005, 40.625286
9.114064, 11.205217000000001, 13.970545, 17.269753, 19.706099599999998, 25.607740360000015, 44.22794
9.112501, 11.245794, 14.150048250000001, 17.406393000000005, 19.975074, 25.56975163000001, 39.815707
9.16191775, 11.292216, 14.140549, 17.648703600000015, 20.072607599999998, 26.123703, 44.22794
9.114235, 11.227476, 14.058793, 17.2793, 19.60001819999999, 25.617047350000014, 44.22794
9.137866, 11.2803375, 14.14333425, 17.38041, 20.007928, 26.460815, 40.625286
9.085790750000001, 11.155362, 13.952394, 17.2614772, 19.691119299999986, 25.33463687000001, 44.22794
9.08976, 11.256861, 14.207260250000001, 17.583136800000002, 19.929228349999974, 25.56975163000001, 44.22794
9.116303, 11.213273, 13.960345, 17.197876800000003, 19.667023549999996, 25.678368970000026, 44.22794
9.08964025, 11.213756, 14.055484, 17.3578548, 19.742827, 25.46558043000002, 44.22794
9.133458749999999, 11.282887500000001, 14.13640275, 17.267904400000003, 19.651482499999997, 25.464532, 44.22794
9.060794, 11.2025715, 14.016196, 17.4347607, 19.966418, 25.56975163000001, 44.22794
9.131117, 11.310586, 14.09866225, 17.394561, 19.90558334999999, 26.311127, 44.22794
9.135047, 11.309141499999999, 14.060525, 17.431597000000004, 19.820696299999987, 25.386125990000004, 40.625286
9.119161, 11.236961, 14.019846000000001, 17.431298, 19.753229, 25.607740360000015, 44.22794
9.1144945, 11.220182, 13.941436249999999, 17.4550999, 19.75461784999998, 25.398768280000013, 40.625286
9.1363725, 11.26228, 14.064804, 17.381132300000004, 19.759549299999986, 26.49165766, 44.22794
9.09379775, 11.205214, 14.093828, 17.358213, 19.917179149999992, 26.564250540000003, 44.22794
9.098528, 11.219885, 13.96224175, 17.304474, 19.863045149999994, 25.87213881, 44.22794
9.105987, 11.2803375, 14.112239, 17.400589, 20.051031499999997, 25.56975163000001, 44.22794
9.116615, 11.2984355, 14.083382, 17.265431900000003, 19.706871, 25.792494120000026, 44.22794
9.116177, 11.196635, 14.0505775, 17.388325800000004, 19.797086, 25.570453990000026, 44.22794
9.118646, 11.2273725, 14.008262, 17.4391502, 20.02381, 25.908130130000025, 40.625286
9.09198175, 11.184435, 14.044433, 17.321749500000003, 19.607389999999974, 25.186542140000018, 44.22794
9.114504, 11.212465, 14.022907, 17.492331200000002, 20.054309099999998, 26.312623880000032, 44.22794
9.11931875, 11.2485435, 14.11803425, 17.405764, 19.782671399999987, 25.678368970000026, 44.22794
9.131117, 11.2656275, 14.1922655, 17.637458700000003, 20.029985249999985, 25.87213881, 44.22794
9.137509, 11.318226, 14.075138, 17.2643104, 19.582733449999996, 25.87213881, 44.22794
9.091171, 11.205217000000001, 14.1063835, 17.270220200000004, 19.526355, 25.269024620000025, 40.625286
9.115582499999999, 11.213273, 14.060129, 17.568287, 19.78180999999999, 26.016247410000023, 40.625286
9.119161, 11.181635, 14.059709, 17.267699, 19.603970049999997, 26.508652, 40.625286
9.1498475, 11.285190499999999, 14.110726, 17.417718, 19.864212699999975, 25.872567300000007, 44.22794
9.13496525, 11.279103, 14.141159, 17.379379500000002, 19.90558334999999, 25.607038, 44.22794
9.135047, 11.247666, 14.08532025, 17.6253538, 20.155804749999987, 25.792145010000016, 44.22794
9.148702, 11.344909999999999, 14.182549, 17.4411896, 20.171794149999997, 26.227057190000018, 44.22794
8.649633, 9.117321, 10.797017, 12.291358, 13.916903949999993, 17.19970122000001, 34.462112
8.782561750000001, 9.0509935, 10.2611745, 11.6407854, 12.3836355, 14.825471030000012, 26.889073
8.895179500000001, 9.047770499999999, 9.23864125, 9.496900799999999, 9.731164399999999, 14.607990789999999, 23.303856
8.887319999999999, 9.032684499999998, 9.23222275, 9.477643, 9.734828, 14.198692259999996, 52.853195
8.880658, 9.04253, 9.242141, 9.523435300000001, 9.82521055, 14.005369839999995, 19.645042
0, 0, 0, 0, 0, 0, 0
0, 0, 0, 0, 0, 0, 0
0, 0, 0, 0, 0, 0, 0
0, 0, 0, 0, 0, 0, 0
0, 0, 0, 0, 0, 0, 0
0, 0, 0, 0, 0, 0, 0
0, 0, 0, 0, 0, 0, 0
0, 0, 0, 0, 0, 0, 0
0, 0, 0, 0, 0, 0, 0
0, 0, 0, 0, 0, 0, 0
0, 0, 0, 0, 0, 0, 0
0, 0, 0, 0, 0, 0, 0
0, 0, 0, 0, 0, 0, 0
0, 0, 0, 0, 0, 0, 0
0, 0, 0, 0, 0, 0, 0
0, 0, 0, 0, 0, 0, 0
0, 0, 0, 0, 0, 0, 0
0, 0, 0, 0, 0, 0, 0
0, 0, 0, 0, 0, 0, 0
0, 0, 0, 0, 0, 0, 0
0, 0, 0, 0, 0, 0, 0
0, 0, 0, 0, 0, 0, 0
0, 0, 0, 0, 0, 0, 0
0, 0, 0, 0, 0, 0, 0
0, 0, 0, 0, 0, 0, 0
0, 0, 0, 0, 0, 0, 0
0, 0, 0, 0, 0, 0, 0
0, 0, 0, 0, 0, 0, 0
0, 0, 0, 0, 0, 0, 0
0, 0, 0, 0, 0, 0, 0
0, 0, 0, 0, 0, 0, 0
0, 0, 0, 0, 0, 0, 0
0, 0, 0, 0, 0, 0, 0
0, 0, 0, 0, 0, 0, 0
0, 0, 0, 0, 0, 0, 0
0, 0, 0, 0, 0, 0, 0
0, 0, 0, 0, 0, 0, 0
0, 0, 0, 0, 0, 0, 0
0, 0, 0, 0, 0, 0, 0
0, 0, 0, 0, 0, 0, 0
0, 0, 0, 0, 0, 0, 0
0, 0, 0, 0, 0, 0, 0
0, 0, 0, 0, 0, 0, 0
0, 0, 0, 0, 0, 0, 0
0, 0, 0, 0, 0, 0, 0
0, 0, 0, 0, 0, 0, 0
0, 0, 0, 0, 0, 0, 0
0, 0, 0, 0, 0, 0, 0
0, 0, 0, 0, 0, 0, 0
0, 0, 0, 0, 0, 0, 0
0, 0, 0, 0, 0, 0, 0
0, 0, 0, 0, 0, 0, 0
0, 0, 0, 0, 0, 0, 0
0, 0, 0, 0, 0, 0, 0
0, 0, 0, 0, 0, 0, 0
0, 0, 0, 0, 0, 0, 0
0, 0, 0, 0, 0, 0, 0
0, 0, 0, 0, 0, 0, 0
0, 0, 0, 0, 0, 0, 0
0, 0, 0, 0, 0, 0, 0
0, 0, 0, 0, 0, 0, 0
0, 0, 0, 0, 0, 0, 0
0, 0, 0, 0, 0, 0, 0
0, 0, 0, 0, 0, 0, 0
0, 0, 0, 0, 0, 0, 0
0, 0, 0, 0, 0, 0, 0
0, 0, 0, 0, 0, 0, 0
0, 0, 0, 0, 0, 0, 0
0, 0, 0, 0, 0, 0, 0
0, 0, 0, 0, 0, 0, 0
0, 0, 0, 0, 0, 0, 0
0, 0, 0, 0, 0, 0, 0
0, 0, 0, 0, 0, 0, 0
0, 0, 0, 0, 0, 0, 0
0, 0, 0, 0, 0, 0, 0
0, 0, 0, 0, 0, 0, 0
0, 0, 0, 0, 0, 0, 0
0, 0, 0, 0, 0, 0, 0
0, 0, 0, 0, 0, 0, 0
0, 0, 0, 0, 0, 0, 0
0, 0, 0, 0, 0, 0, 0
0, 0, 0, 0, 0, 0, 0
0, 0, 0, 0, 0, 0, 0
0, 0, 0, 0, 0, 0, 0
0, 0, 0, 0, 0, 0, 0
0, 0, 0, 0, 0, 0, 0
0, 0, 0, 0, 0, 0, 0
0, 0, 0, 0, 0, 0, 0
0, 0, 0, 0, 0, 0, 0
0, 0, 0, 0, 0, 0, 0
0, 0, 0, 0, 0, 0, 0
0, 0, 0, 0, 0, 0, 0
0, 0, 0, 0, 0, 0, 0
0, 0, 0, 0, 0, 0, 0
0, 0, 0, 0, 0, 0, 0
0, 0, 0, 0, 0, 0, 0
0, 0, 0, 0, 0, 0, 0
0, 0, 0, 0, 0, 0, 0
0, 0, 0, 0, 0, 0, 0
0, 0, 0, 0, 0, 0, 0
0, 0, 0, 0, 0, 0, 0
0, 0, 0, 0, 0, 0, 0
0, 0, 0, 0, 0, 0, 0
0, 0, 0, 0, 0, 0, 0
0, 0, 0, 0, 0, 0, 0
0, 0, 0, 0, 0, 0, 0
0, 0, 0, 0, 0, 0, 0
0, 0, 0, 0, 0, 0, 0
0, 0, 0, 0, 0, 0, 0
0, 0, 0, 0, 0, 0, 0
0, 0, 0, 0, 0, 0, 0
0, 0, 0, 0, 0, 0, 0
0, 0, 0, 0, 0, 0, 0
0, 0, 0, 0, 0, 0, 0
0, 0, 0, 0, 0, 0, 0
0, 0, 0, 0, 0, 0, 0
0, 0, 0, 0, 0, 0, 0
0, 0, 0, 0, 0, 0, 0
0, 0, 0, 0, 0, 0, 0
0, 0, 0, 0, 0, 0, 0
0, 0, 0, 0, 0, 0, 0
0, 0, 0, 0, 0, 0, 0
0, 0, 0, 0, 0, 0, 0
0, 0, 0, 0, 0, 0, 0
0, 0, 0, 0, 0, 0, 0
0, 0, 0, 0, 0, 0, 0
0, 0, 0, 0, 0, 0, 0
0, 0, 0, 0, 0, 0, 0
0, 0, 0, 0, 0, 0, 0
0, 0, 0, 0, 0, 0, 0
0, 0, 0, 0, 0, 0, 0
0, 0, 0, 0, 0, 0, 0
0, 0, 0, 0, 0, 0, 0
0, 0, 0, 0, 0, 0, 0
0, 0, 0, 0, 0, 0, 0
0, 0, 0, 0, 0, 0, 0
0, 0, 0, 0, 0, 0, 0
0, 0, 0, 0, 0, 0, 0
0, 0, 0, 0, 0, 0, 0
0, 0, 0, 0, 0, 0, 0
0, 0, 0, 0, 0, 0, 0
0, 0, 0, 0, 0, 0, 0
0, 0, 0, 0, 0, 0, 0
0, 0, 0, 0, 0, 0, 0
0, 0, 0, 0, 0, 0, 0
0, 0, 0, 0, 0, 0, 0
0, 0, 0, 0, 0, 0, 0
0, 0, 0, 0, 0, 0, 0
0, 0, 0, 0, 0, 0, 0
0, 0, 0, 0, 0, 0, 0
0, 0, 0, 0, 0, 0, 0
0, 0, 0, 0, 0, 0, 0
0, 0, 0, 0, 0, 0, 0
0, 0, 0, 0, 0, 0, 0
0, 0, 0, 0, 0, 0, 0
0, 0, 0, 0, 0, 0, 0
0, 0, 0, 0, 0, 0, 0
0, 0, 0, 0, 0, 0, 0
0, 0, 0, 0, 0, 0, 0
0, 0, 0, 0, 0, 0, 0
0, 0, 0, 0, 0, 0, 0
0, 0, 0, 0, 0, 0, 0
0, 0, 0, 0, 0, 0, 0
0, 0, 0, 0, 0, 0, 0
0, 0, 0, 0, 0, 0, 0
0, 0, 0, 0, 0, 0, 0
0, 0, 0, 0, 0, 0, 0
0, 0, 0, 0, 0, 0, 0
0, 0, 0, 0, 0, 0, 0
0, 0, 0, 0, 0, 0, 0
0, 0, 0, 0, 0, 0, 0
0, 0, 0, 0, 0, 0, 0
0, 0, 0, 0, 0, 0, 0
0, 0, 0, 0, 0, 0, 0
0, 0, 0, 0, 0, 0, 0
0, 0, 0, 0, 0, 0, 0
0, 0, 0, 0, 0, 0, 0
0, 0, 0, 0, 0, 0, 0
0, 0, 0, 0, 0, 0, 0
0, 0, 0, 0, 0, 0, 0
0, 0, 0, 0, 0, 0, 0
0, 0, 0, 0, 0, 0, 0
0, 0, 0, 0, 0, 0, 0
0, 0, 0, 0, 0, 0, 0
0, 0, 0, 0, 0, 0, 0
0, 0, 0, 0, 0, 0, 0
0, 0, 0, 0, 0, 0, 0
0, 0, 0, 0, 0, 0, 0
0, 0, 0, 0, 0, 0, 0
0, 0, 0, 0, 0, 0, 0
0, 0, 0, 0, 0, 0, 0
0, 0, 0, 0, 0, 0, 0
0, 0, 0, 0, 0, 0, 0
0, 0, 0, 0, 0, 0, 0
0, 0, 0, 0, 0, 0, 0
0, 0, 0, 0, 0, 0, 0
0, 0, 0, 0, 0, 0, 0
0, 0, 0, 0, 0, 0, 0
0, 0, 0, 0, 0, 0, 0
0, 0, 0, 0, 0, 0, 0
0, 0, 0, 0, 0, 0, 0
0, 0, 0, 0, 0, 0, 0
0, 0, 0, 0, 0, 0, 0
0, 0, 0, 0, 0, 0, 0
0, 0, 0, 0, 0, 0, 0
0, 0, 0, 0, 0, 0, 0
0, 0, 0, 0, 0, 0, 0
0, 0, 0, 0, 0, 0, 0
0, 0, 0, 0, 0, 0, 0
0, 0, 0, 0, 0, 0, 0
0, 0, 0, 0, 0, 0, 0
0, 0, 0, 0, 0, 0, 0
0, 0, 0, 0, 0, 0, 0
0, 0, 0, 0, 0, 0, 0
0, 0, 0, 0, 0, 0, 0
0, 0, 0, 0, 0, 0, 0
0, 0, 0, 0, 0, 0, 0
0, 0, 0, 0, 0, 0, 0
0, 0, 0, 0, 0, 0, 0
0, 0, 0, 0, 0, 0, 0
0, 0, 0, 0, 0, 0, 0
0, 0, 0, 0, 0, 0, 0
0, 0, 0, 0, 0, 0, 0
0, 0, 0, 0, 0, 0, 0
0, 0, 0, 0, 0, 0, 0
0, 0, 0, 0, 0, 0, 0
0, 0, 0, 0, 0, 0, 0
0, 0, 0, 0, 0, 0, 0
0, 0, 0, 0, 0, 0, 0
0, 0, 0, 0, 0, 0, 0
0, 0, 0, 0, 0, 0, 0
0, 0, 0, 0, 0, 0, 0
0, 0, 0, 0, 0, 0, 0
0, 0, 0, 0, 0, 0, 0
0, 0, 0, 0, 0, 0, 0
0, 0, 0, 0, 0, 0, 0
0, 0, 0, 0, 0, 0, 0
0, 0, 0, 0, 0, 0, 0
0, 0, 0, 0, 0, 0, 0
0, 0, 0, 0, 0, 0, 0
0, 0, 0, 0, 0, 0, 0
0, 0, 0, 0, 0, 0, 0
0, 0, 0, 0, 0, 0, 0
0, 0, 0, 0, 0, 0, 0
0, 0, 0, 0, 0, 0, 0
0, 0, 0, 0, 0, 0, 0
0, 0, 0, 0, 0, 0, 0
0, 0, 0, 0, 0, 0, 0
0, 0, 0, 0, 0, 0, 0
0, 0, 0, 0, 0, 0, 0
0, 0, 0, 0, 0, 0, 0
0, 0, 0, 0, 0, 0, 0
0, 0, 0, 0, 0, 0, 0
0, 0, 0, 0, 0, 0, 0
0, 0, 0, 0, 0, 0, 0
0, 0, 0, 0, 0, 0, 0
0, 0, 0, 0, 0, 0, 0
0, 0, 0, 0, 0, 0, 0
0, 0, 0, 0, 0, 0, 0
0, 0, 0, 0, 0, 0, 0
0, 0, 0, 0, 0, 0, 0
0, 0, 0, 0, 0, 0, 0
0, 0, 0, 0, 0, 0, 0
0, 0, 0, 0, 0, 0, 0
0, 0, 0, 0, 0, 0, 0
0, 0, 0, 0, 0, 0, 0
0, 0, 0, 0, 0, 0, 0
0, 0, 0, 0, 0, 0, 0
0, 0, 0, 0, 0, 0, 0
0, 0, 0, 0, 0, 0, 0
0, 0, 0, 0, 0, 0, 0
0, 0, 0, 0, 0, 0, 0
0, 0, 0, 0, 0, 0, 0
0, 0, 0, 0, 0, 0, 0
0, 0, 0, 0, 0, 0, 0
0, 0, 0, 0, 0, 0, 0
0, 0, 0, 0, 0, 0, 0
0, 0, 0, 0, 0, 0, 0
0, 0, 0, 0, 0, 0, 0
0, 0, 0, 0, 0, 0, 0
0, 0, 0, 0, 0, 0, 0
0, 0, 0, 0, 0, 0, 0
0, 0, 0, 0, 0, 0, 0
0, 0, 0, 0, 0, 0, 0
0, 0, 0, 0, 0, 0, 0
0, 0, 0, 0, 0, 0, 0
0, 0, 0, 0, 0, 0, 0
0, 0, 0, 0, 0, 0, 0
0, 0, 0, 0, 0, 0, 0
0, 0, 0, 0, 0, 0, 0
0, 0, 0, 0, 0, 0, 0
0, 0, 0, 0, 0, 0, 0
0, 0, 0, 0, 0, 0, 0
0, 0, 0, 0, 0, 0, 0
0, 0, 0, 0, 0, 0, 0
0, 0, 0, 0, 0, 0, 0
0, 0, 0, 0, 0, 0, 0
0, 0, 0, 0, 0, 0, 0
0, 0, 0, 0, 0, 0, 0
0, 0, 0, 0, 0, 0, 0
0, 0, 0, 0, 0, 0, 0
0, 0, 0, 0, 0, 0, 0
0, 0, 0, 0, 0, 0, 0
0, 0, 0, 0, 0, 0, 0
0, 0, 0, 0, 0, 0, 0
0, 0, 0, 0, 0, 0, 0
0, 0, 0, 0, 0, 0, 0
0, 0, 0, 0, 0, 0, 0
0, 0, 0, 0, 0, 0, 0
0, 0, 0, 0, 0, 0, 0
0, 0, 0, 0, 0, 0, 0
0, 0, 0, 0, 0, 0, 0
0, 0, 0, 0, 0, 0, 0
0, 0, 0, 0, 0, 0, 0
0, 0, 0, 0, 0, 0, 0
0, 0, 0, 0, 0, 0, 0
0, 0, 0, 0, 0, 0, 0
0, 0, 0, 0, 0, 0, 0
0, 0, 0, 0, 0, 0, 0
0, 0, 0, 0, 0, 0, 0
0, 0, 0, 0, 0, 0, 0
0, 0, 0, 0, 0, 0, 0
0, 0, 0, 0, 0, 0, 0
0, 0, 0, 0, 0, 0, 0
0, 0, 0, 0, 0, 0, 0
0, 0, 0, 0, 0, 0, 0
0, 0, 0, 0, 0, 0, 0
0, 0, 0, 0, 0, 0, 0
0, 0, 0, 0, 0, 0, 0
0, 0, 0, 0, 0, 0, 0
0, 0, 0, 0, 0, 0, 0
0, 0, 0, 0, 0, 0, 0
0, 0, 0, 0, 0, 0, 0
0, 0, 0, 0, 0, 0, 0
0, 0, 0, 0, 0, 0, 0
0, 0, 0, 0, 0, 0, 0
0, 0, 0, 0, 0, 0, 0
0, 0, 0, 0, 0, 0, 0
0, 0, 0, 0, 0, 0, 0
0, 0, 0, 0, 0, 0, 0
0, 0, 0, 0, 0, 0, 0
0, 0, 0, 0, 0, 0, 0
0, 0, 0, 0, 0, 0, 0
0, 0, 0, 0, 0, 0, 0
0, 0, 0, 0, 0, 0, 0
0, 0, 0, 0, 0, 0, 0
0, 0, 0, 0, 0, 0, 0
0, 0, 0, 0, 0, 0, 0
0, 0, 0, 0, 0, 0, 0
0, 0, 0, 0, 0, 0, 0
0, 0, 0, 0, 0, 0, 0
0, 0, 0, 0, 0, 0, 0
0, 0, 0, 0, 0, 0, 0
0, 0, 0, 0, 0, 0, 0
0, 0, 0, 0, 0, 0, 0
0, 0, 0, 0, 0, 0, 0
0, 0, 0, 0, 0, 0, 0
0, 0, 0, 0, 0, 0, 0
0, 0, 0, 0, 0, 0, 0
0, 0, 0, 0, 0, 0, 0
0, 0, 0, 0, 0, 0, 0
0, 0, 0, 0, 0, 0, 0
0, 0, 0, 0, 0, 0, 0
0, 0, 0, 0, 0, 0, 0
0, 0, 0, 0, 0, 0, 0
0, 0, 0, 0, 0, 0, 0
0, 0, 0, 0, 0, 0, 0
0, 0, 0, 0, 0, 0, 0
0, 0, 0, 0, 0, 0, 0
0, 0, 0, 0, 0, 0, 0
0, 0, 0, 0, 0, 0, 0
0, 0, 0, 0, 0, 0, 0
0, 0, 0, 0, 0, 0, 0
0, 0, 0, 0, 0, 0, 0
0, 0, 0, 0, 0, 0, 0
0, 0, 0, 0, 0, 0, 0
0, 0, 0, 0, 0, 0, 0
0, 0, 0, 0, 0, 0, 0
0, 0, 0, 0, 0, 0, 0
0, 0, 0, 0, 0, 0, 0
0, 0, 0, 0, 0, 0, 0
0, 0, 0, 0, 0, 0, 0
0, 0, 0, 0, 0, 0, 0
0, 0, 0, 0, 0, 0, 0
0, 0, 0, 0, 0, 0, 0
0, 0, 0, 0, 0, 0, 0
0, 0, 0, 0, 0, 0, 0
0, 0, 0, 0, 0, 0, 0
0, 0, 0, 0, 0, 0, 0
0, 0, 0, 0, 0, 0, 0
0, 0, 0, 0, 0, 0, 0
0, 0, 0, 0, 0, 0, 0
0, 0, 0, 0, 0, 0, 0
0, 0, 0, 0, 0, 0, 0
0, 0, 0, 0, 0, 0, 0
0, 0, 0, 0, 0, 0, 0
0, 0, 0, 0, 0, 0, 0
0, 0, 0, 0, 0, 0, 0
0, 0, 0, 0, 0, 0, 0
0, 0, 0, 0, 0, 0, 0
0, 0, 0, 0, 0, 0, 0
0, 0, 0, 0, 0, 0, 0
0, 0, 0, 0, 0, 0, 0
0, 0, 0, 0, 0, 0, 0
0, 0, 0, 0, 0, 0, 0
0, 0, 0, 0, 0, 0, 0
0, 0, 0, 0, 0, 0, 0
0, 0, 0, 0, 0, 0, 0
0, 0, 0, 0, 0, 0, 0
0, 0, 0, 0, 0, 0, 0
0, 0, 0, 0, 0, 0, 0
0, 0, 0, 0, 0, 0, 0
0, 0, 0, 0, 0, 0, 0
0, 0, 0, 0, 0, 0, 0
0, 0, 0, 0, 0, 0, 0
0, 0, 0, 0, 0, 0, 0
0, 0, 0, 0, 0, 0, 0
0, 0, 0, 0, 0, 0, 0
0, 0, 0, 0, 0, 0, 0
0, 0, 0, 0, 0, 0, 0
0, 0, 0, 0, 0, 0, 0
0, 0, 0, 0, 0, 0, 0
0, 0, 0, 0, 0, 0, 0
0, 0, 0, 0, 0, 0, 0
0, 0, 0, 0, 0, 0, 0
0, 0, 0, 0, 0, 0, 0
0, 0, 0, 0, 0, 0, 0
0, 0, 0, 0, 0, 0, 0
0, 0, 0, 0, 0, 0, 0
0, 0, 0, 0, 0, 0, 0
0, 0, 0, 0, 0, 0, 0
0, 0, 0, 0, 0, 0, 0
0, 0, 0, 0, 0, 0, 0
0, 0, 0, 0, 0, 0, 0
0, 0, 0, 0, 0, 0, 0
0, 0, 0, 0, 0, 0, 0
0, 0, 0, 0, 0, 0, 0
0, 0, 0, 0, 0, 0, 0
0, 0, 0, 0, 0, 0, 0
0, 0, 0, 0, 0, 0, 0
0, 0, 0, 0, 0, 0, 0
0, 0, 0, 0, 0, 0, 0
0, 0, 0, 0, 0, 0, 0
0, 0, 0, 0, 0, 0, 0
0, 0, 0, 0, 0, 0, 0
0, 0, 0, 0, 0, 0, 0
0, 0, 0, 0, 0, 0, 0
0, 0, 0, 0, 0, 0, 0
0, 0, 0, 0, 0, 0, 0
0, 0, 0, 0, 0, 0, 0
0, 0, 0, 0, 0, 0, 0
0, 0, 0, 0, 0, 0, 0
0, 0, 0, 0, 0, 0, 0
0, 0, 0, 0, 0, 0, 0
0, 0, 0, 0, 0, 0, 0
0, 0, 0, 0, 0, 0, 0
0, 0, 0, 0, 0, 0, 0
0, 0, 0, 0, 0, 0, 0
0, 0, 0, 0, 0, 0, 0
0, 0, 0, 0, 0, 0, 0
0, 0, 0, 0, 0, 0, 0
0, 0, 0, 0, 0, 0, 0
0, 0, 0, 0, 0, 0, 0
0, 0, 0, 0, 0, 0, 0
0, 0, 0, 0, 0, 0, 0
0, 0, 0, 0, 0, 0, 0
0, 0, 0, 0, 0, 0, 0
0, 0, 0, 0, 0, 0, 0
0, 0, 0, 0, 0, 0, 0
0, 0, 0, 0, 0, 0, 0
0, 0, 0, 0, 0, 0, 0
0, 0, 0, 0, 0, 0, 0
0, 0, 0, 0, 0, 0, 0
0, 0, 0, 0, 0, 0, 0
0, 0, 0, 0, 0, 0, 0
0, 0, 0, 0, 0, 0, 0
0, 0, 0, 0, 0, 0, 0
0, 0, 0, 0, 0, 0, 0
0, 0, 0, 0, 0, 0, 0
0, 0, 0, 0, 0, 0, 0
0, 0, 0, 0, 0, 0, 0
0, 0, 0, 0, 0, 0, 0
0, 0, 0, 0, 0, 0, 0
0, 0, 0, 0, 0, 0, 0
0, 0, 0, 0, 0, 0, 0
0, 0, 0, 0, 0, 0, 0
0, 0, 0, 0, 0, 0, 0
0, 0, 0, 0, 0, 0, 0
0, 0, 0, 0, 0, 0, 0
0, 0, 0, 0, 0, 0, 0
0, 0, 0, 0, 0, 0, 0
0, 0, 0, 0, 0, 0, 0
0, 0, 0, 0, 0, 0, 0
0, 0, 0, 0, 0, 0, 0
0, 0, 0, 0, 0, 0, 0
0, 0, 0, 0, 0, 0, 0
0, 0, 0, 0, 0, 0, 0
0, 0, 0, 0, 0, 0, 0
0, 0, 0, 0, 0, 0, 0
0, 0, 0, 0, 0, 0, 0
0, 0, 0, 0, 0, 0, 0
0, 0, 0, 0, 0, 0, 0
0, 0, 0, 0, 0, 0, 0
0, 0, 0, 0, 0, 0, 0
0, 0, 0, 0, 0, 0, 0
0, 0, 0, 0, 0, 0, 0
0, 0, 0, 0, 0, 0, 0
0, 0, 0, 0, 0, 0, 0
0, 0, 0, 0, 0, 0, 0
0, 0, 0, 0, 0, 0, 0
0, 0, 0, 0, 0, 0, 0
0, 0, 0, 0, 0, 0, 0
0, 0, 0, 0, 0, 0, 0
0, 0, 0, 0, 0, 0, 0
0, 0, 0, 0, 0, 0, 0
0, 0, 0, 0, 0, 0, 0
0, 0, 0, 0, 0, 0, 0
0, 0, 0, 0, 0, 0, 0
0, 0, 0, 0, 0, 0, 0
0, 0, 0, 0, 0, 0, 0
0, 0, 0, 0, 0, 0, 0
0, 0, 0, 0, 0, 0, 0
0, 0, 0, 0, 0, 0, 0
0, 0, 0, 0, 0, 0, 0
0, 0, 0, 0, 0, 0, 0
0, 0, 0, 0, 0, 0, 0
0, 0, 0, 0, 0, 0, 0
0, 0, 0, 0, 0, 0, 0
0, 0, 0, 0, 0, 0, 0
0, 0, 0, 0, 0, 0, 0
0, 0, 0, 0, 0, 0, 0
0, 0, 0, 0, 0, 0, 0
0, 0, 0, 0, 0, 0, 0
0, 0, 0, 0, 0, 0, 0
0, 0, 0, 0, 0, 0, 0
0, 0, 0, 0, 0, 0, 0
0, 0, 0, 0, 0, 0, 0
0, 0, 0, 0, 0, 0, 0
0, 0, 0, 0, 0, 0, 0
0, 0, 0, 0, 0, 0, 0
0, 0, 0, 0, 0, 0, 0
0, 0, 0, 0, 0, 0, 0
0, 0, 0, 0, 0, 0, 0
0, 0, 0, 0, 0, 0, 0
0, 0, 0, 0, 0, 0, 0
0, 0, 0, 0, 0, 0, 0
0, 0, 0, 0, 0, 0, 0
0, 0, 0, 0, 0, 0, 0
0, 0, 0, 0, 0, 0, 0
0, 0, 0, 0, 0, 0, 0
0, 0, 0, 0, 0, 0, 0
0, 0, 0, 0, 0, 0, 0
0, 0, 0, 0, 0, 0, 0
0, 0, 0, 0, 0, 0, 0
0, 0, 0, 0, 0, 0, 0
0, 0, 0, 0, 0, 0, 0
0, 0, 0, 0, 0, 0, 0
0, 0, 0, 0, 0, 0, 0
0, 0, 0, 0, 0, 0, 0
0, 0, 0, 0, 0, 0, 0
0, 0, 0, 0, 0, 0, 0
0, 0, 0, 0, 0, 0, 0
0, 0, 0, 0, 0, 0, 0
0, 0, 0, 0, 0, 0, 0
0, 0, 0, 0, 0, 0, 0
0, 0, 0, 0, 0, 0, 0
0, 0, 0, 0, 0, 0, 0
0, 0, 0, 0, 0, 0, 0
0, 0, 0, 0, 0, 0, 0
0, 0, 0, 0, 0, 0, 0
0, 0, 0, 0, 0, 0, 0
0, 0, 0, 0, 0, 0, 0
0, 0, 0, 0, 0, 0, 0
0, 0, 0, 0, 0, 0, 0
0, 0, 0, 0, 0, 0, 0
0, 0, 0, 0, 0, 0, 0
0, 0, 0, 0, 0, 0, 0
0, 0, 0, 0, 0, 0, 0
0, 0, 0, 0, 0, 0, 0
0, 0, 0, 0, 0, 0, 0
0, 0, 0, 0, 0, 0, 0
0, 0, 0, 0, 0, 0, 0
0, 0, 0, 0, 0, 0, 0
0, 0, 0, 0, 0, 0, 0
0, 0, 0, 0, 0, 0, 0
0, 0, 0, 0, 0, 0, 0
0, 0, 0, 0, 0, 0, 0
0, 0, 0, 0, 0, 0, 0
0, 0, 0, 0, 0, 0, 0
0, 0, 0, 0, 0, 0, 0
0, 0, 0, 0, 0, 0, 0
0, 0, 0, 0, 0, 0, 0
0, 0, 0, 0, 0, 0, 0
0, 0, 0, 0, 0, 0, 0
0, 0, 0, 0, 0, 0, 0
0, 0, 0, 0, 0, 0, 0
0, 0, 0, 0, 0, 0, 0
0, 0, 0, 0, 0, 0, 0
0, 0, 0, 0, 0, 0, 0
0, 0, 0, 0, 0, 0, 0
0, 0, 0, 0, 0, 0, 0
0, 0, 0, 0, 0, 0, 0
0, 0, 0, 0, 0, 0, 0
0, 0, 0, 0, 0, 0, 0
0, 0, 0, 0, 0, 0, 0
0, 0, 0, 0, 0, 0, 0
0, 0, 0, 0, 0, 0, 0
0, 0, 0, 0, 0, 0, 0
0, 0, 0, 0, 0, 0, 0
0, 0, 0, 0, 0, 0, 0
0, 0, 0, 0, 0, 0, 0
0, 0, 0, 0, 0, 0, 0
0, 0, 0, 0, 0, 0, 0
0, 0, 0, 0, 0, 0, 0
0, 0, 0, 0, 0, 0, 0
0, 0, 0, 0, 0, 0, 0
0, 0, 0, 0, 0, 0, 0
0, 0, 0, 0, 0, 0, 0
0, 0, 0, 0, 0, 0, 0
0, 0, 0, 0, 0, 0, 0
0, 0, 0, 0, 0, 0, 0
0, 0, 0, 0, 0, 0, 0
0, 0, 0, 0, 0, 0, 0
0, 0, 0, 0, 0, 0, 0
0, 0, 0, 0, 0, 0, 0
0, 0, 0, 0, 0, 0, 0
0, 0, 0, 0, 0, 0, 0
0, 0, 0, 0, 0, 0, 0
0, 0, 0, 0, 0, 0, 0
0, 0, 0, 0, 0, 0, 0
0, 0, 0, 0, 0, 0, 0
0, 0, 0, 0, 0, 0, 0
0, 0, 0, 0, 0, 0, 0
0, 0, 0, 0, 0, 0, 0
0, 0, 0, 0, 0, 0, 0
0, 0, 0, 0, 0, 0, 0
0, 0, 0, 0, 0, 0, 0
0, 0, 0, 0, 0, 0, 0
0, 0, 0, 0, 0, 0, 0
0, 0, 0, 0, 0, 0, 0
0, 0, 0, 0, 0, 0, 0
0, 0, 0, 0, 0, 0, 0
0, 0, 0, 0, 0, 0, 0
0, 0, 0, 0, 0, 0, 0
0, 0, 0, 0, 0, 0, 0
0, 0, 0, 0, 0, 0, 0
0, 0, 0, 0, 0, 0, 0
0, 0, 0, 0, 0, 0, 0
0, 0, 0, 0, 0, 0, 0
0, 0, 0, 0, 0, 0, 0
0, 0, 0, 0, 0, 0, 0
0, 0, 0, 0, 0, 0, 0
0, 0, 0, 0, 0, 0, 0
0, 0, 0, 0, 0, 0, 0
0, 0, 0, 0, 0, 0, 0
0, 0, 0, 0, 0, 0, 0
0, 0, 0, 0, 0, 0, 0
0, 0, 0, 0, 0, 0, 0
0, 0, 0, 0, 0, 0, 0
0, 0, 0, 0, 0, 0, 0
0, 0, 0, 0, 0, 0, 0
0, 0, 0, 0, 0, 0, 0
0, 0, 0, 0, 0, 0, 0
0, 0, 0, 0, 0, 0, 0
0, 0, 0, 0, 0, 0, 0
0, 0, 0, 0, 0, 0, 0
0, 0, 0, 0, 0, 0, 0
0, 0, 0, 0, 0, 0, 0
0, 0, 0, 0, 0, 0, 0
0, 0, 0, 0, 0, 0, 0
0, 0, 0, 0, 0, 0, 0
0, 0, 0, 0, 0, 0, 0
0, 0, 0, 0, 0, 0, 0
0, 0, 0, 0, 0, 0, 0
0, 0, 0, 0, 0, 0, 0
0, 0, 0, 0, 0, 0, 0
0, 0, 0, 0, 0, 0, 0
0, 0, 0, 0, 0, 0, 0
0, 0, 0, 0, 0, 0, 0
0, 0, 0, 0, 0, 0, 0
0, 0, 0, 0, 0, 0, 0
0, 0, 0, 0, 0, 0, 0
0, 0, 0, 0, 0, 0, 0
0, 0, 0, 0, 0, 0, 0
0, 0, 0, 0, 0, 0, 0
0, 0, 0, 0, 0, 0, 0
0, 0, 0, 0, 0, 0, 0
0, 0, 0, 0, 0, 0, 0
0, 0, 0, 0, 0, 0, 0
0, 0, 0, 0, 0, 0, 0
0, 0, 0, 0, 0, 0, 0
0, 0, 0, 0, 0, 0, 0
0, 0, 0, 0, 0, 0, 0
0, 0, 0, 0, 0, 0, 0
0, 0, 0, 0, 0, 0, 0
0, 0, 0, 0, 0, 0, 0
0, 0, 0, 0, 0, 0, 0
0, 0, 0, 0, 0, 0, 0
0, 0, 0, 0, 0, 0, 0
0, 0, 0, 0, 0, 0, 0
0, 0, 0, 0, 0, 0, 0
0, 0, 0, 0, 0, 0, 0
0, 0, 0, 0, 0, 0, 0
0, 0, 0, 0, 0, 0, 0
0, 0, 0, 0, 0, 0, 0
0, 0, 0, 0, 0, 0, 0
0, 0, 0, 0, 0, 0, 0
0, 0, 0, 0, 0, 0, 0
0, 0, 0, 0, 0, 0, 0
0, 0, 0, 0, 0, 0, 0
0, 0, 0, 0, 0, 0, 0
0, 0, 0, 0, 0, 0, 0
0, 0, 0, 0, 0, 0, 0
0, 0, 0, 0, 0, 0, 0
0, 0, 0, 0, 0, 0, 0
0, 0, 0, 0, 0, 0, 0
0, 0, 0, 0, 0, 0, 0
0, 0, 0, 0, 0, 0, 0
0, 0, 0, 0, 0, 0, 0
0, 0, 0, 0, 0, 0, 0
0, 0, 0, 0, 0, 0, 0
0, 0, 0, 0, 0, 0, 0
0, 0, 0, 0, 0, 0, 0
0, 0, 0, 0, 0, 0, 0
0, 0, 0, 0, 0, 0, 0
0, 0, 0, 0, 0, 0, 0
0, 0, 0, 0, 0, 0, 0
0, 0, 0, 0, 0, 0, 0
0, 0, 0, 0, 0, 0, 0
0, 0, 0, 0, 0, 0, 0
0, 0, 0, 0, 0, 0, 0
0, 0, 0, 0, 0, 0, 0
0, 0, 0, 0, 0, 0, 0
0, 0, 0, 0, 0, 0, 0
0, 0, 0, 0, 0, 0, 0
0, 0, 0, 0, 0, 0, 0
0, 0, 0, 0, 0, 0, 0
0, 0, 0, 0, 0, 0, 0
0, 0, 0, 0, 0, 0, 0
0, 0, 0, 0, 0, 0, 0
0, 0, 0, 0, 0, 0, 0
0, 0, 0, 0, 0, 0, 0
0, 0, 0, 0, 0, 0, 0
0, 0, 0, 0, 0, 0, 0
0, 0, 0, 0, 0, 0, 0
0, 0, 0, 0, 0, 0, 0
0, 0, 0, 0, 0, 0, 0
0, 0, 0, 0, 0, 0, 0
0, 0, 0, 0, 0, 0, 0
0, 0, 0, 0, 0, 0, 0
0, 0, 0, 0, 0, 0, 0
0, 0, 0, 0, 0, 0, 0
0, 0, 0, 0, 0, 0, 0
0, 0, 0, 0, 0, 0, 0
0, 0, 0, 0, 0, 0, 0
0, 0, 0, 0, 0, 0, 0
0, 0, 0, 0, 0, 0, 0
0, 0, 0, 0, 0, 0, 0
0, 0, 0, 0, 0, 0, 0
0, 0, 0, 0, 0, 0, 0
0, 0, 0, 0, 0, 0, 0
0, 0, 0, 0, 0, 0, 0
0, 0, 0, 0, 0, 0, 0
0, 0, 0, 0, 0, 0, 0
0, 0, 0, 0, 0, 0, 0
0, 0, 0, 0, 0, 0, 0
0, 0, 0, 0, 0, 0, 0
0, 0, 0, 0, 0, 0, 0
0, 0, 0, 0, 0, 0, 0
0, 0, 0, 0, 0, 0, 0
0, 0, 0, 0, 0, 0, 0
0, 0, 0, 0, 0, 0, 0
0, 0, 0, 0, 0, 0, 0
0, 0, 0, 0, 0, 0, 0
0, 0, 0, 0, 0, 0, 0
0, 0, 0, 0, 0, 0, 0
0, 0, 0, 0, 0, 0, 0
0, 0, 0, 0, 0, 0, 0
0, 0, 0, 0, 0, 0, 0
0, 0, 0, 0, 0, 0, 0
0, 0, 0, 0, 0, 0, 0
0, 0, 0, 0, 0, 0, 0
0, 0, 0, 0, 0, 0, 0
0, 0, 0, 0, 0, 0, 0
0, 0, 0, 0, 0, 0, 0
0, 0, 0, 0, 0, 0, 0
0, 0, 0, 0, 0, 0, 0
0, 0, 0, 0, 0, 0, 0
0, 0, 0, 0, 0, 0, 0
0, 0, 0, 0, 0, 0, 0
0, 0, 0, 0, 0, 0, 0
0, 0, 0, 0, 0, 0, 0
0, 0, 0, 0, 0, 0, 0
0, 0, 0, 0, 0, 0, 0
0, 0, 0, 0, 0, 0, 0
0, 0, 0, 0, 0, 0, 0
0, 0, 0, 0, 0, 0, 0
0, 0, 0, 0, 0, 0, 0
0, 0, 0, 0, 0, 0, 0
0, 0, 0, 0, 0, 0, 0
0, 0, 0, 0, 0, 0, 0
0, 0, 0, 0, 0, 0, 0
0, 0, 0, 0, 0, 0, 0
0, 0, 0, 0, 0, 0, 0
0, 0, 0, 0, 0, 0, 0
0, 0, 0, 0, 0, 0, 0
0, 0, 0, 0, 0, 0, 0
0, 0, 0, 0, 0, 0, 0
0, 0, 0, 0, 0, 0, 0
0, 0, 0, 0, 0, 0, 0
0, 0, 0, 0, 0, 0, 0
0, 0, 0, 0, 0, 0, 0
0, 0, 0, 0, 0, 0, 0
0, 0, 0, 0, 0, 0, 0
0, 0, 0, 0, 0, 0, 0
0, 0, 0, 0, 0, 0, 0
0, 0, 0, 0, 0, 0, 0
0, 0, 0, 0, 0, 0, 0
0, 0, 0, 0, 0, 0, 0
8.87606825, 9.0429695, 9.253853, 9.531088, 9.779717, 14.78930484999999, 19.892145
8.88563025, 9.040335500000001, 9.237770999999999, 9.5171619, 9.76149925, 16.262329219999998, 32.855096
8.88227225, 9.0489155, 9.24263725, 9.4889947, 9.729983050000001, 13.55488314, 32.855096
8.88714425, 9.0336455, 9.2475, 9.536277, 9.907309, 16.91760946, 22.552578
8.903920500000002, 9.055313, 9.26945475, 9.5584965, 9.8001393, 16.030358099999997, 18.344529
8.88283725, 9.041008, 9.229706, 9.468099, 9.6725525, 10.558533609999989, 21.371576
8.88940275, 9.0389695, 9.239730999999999, 9.543998400000001, 9.7760805, 13.486703819999999, 52.853195
8.88663575, 9.0388085, 9.23552575, 9.4810906, 9.7146433, 11.011485200000001, 19.587514
8.88440225, 9.032253, 9.231022, 9.5093415, 9.834254399999999, 17.267499, 52.853195
8.87302025, 9.024515000000001, 9.225272, 9.483982699999999, 9.711482, 16.109242169999998, 32.855096
8.88539475, 9.049864, 9.24398475, 9.5182575, 9.73995, 16.110048579999997, 24.370709
8.883272999999999, 9.045048, 9.256906, 9.5208795, 9.7694701, 14.005221999999996, 52.853195
8.87800575, 9.034796, 9.242649, 9.5054959, 9.73992, 16.05195186, 32.855096
8.87331525, 9.035071, 9.2212965, 9.467260000000001, 9.710294750000001, 14.672557599999998, 32.855096
8.8868975, 9.038917000000001, 9.228666, 9.473597999999999, 9.6799989, 12.012820299999984, 23.303856
8.888911, 9.030422, 9.23250175, 9.5197799, 9.8442788, 14.70315702999999, 32.855096
8.8764275, 9.034957, 9.25514075, 9.542740700000001, 9.8660922, 16.400933189999996, 52.853195
8.8934935, 9.040875, 9.2336925, 9.4810666, 9.7017725, 11.101044239999997, 22.552578
8.882026, 9.04, 9.25415075, 9.5270339, 9.809517799999998, 14.41651684, 52.853195
8.88082975, 9.026451, 9.23557175, 9.492802200000002, 9.7191083, 14.783211649999997, 19.892145
8.88310375, 9.035402000000001, 9.2250555, 9.5187382, 9.7683166, 16.720722, 52.853195
8.905019, 9.0498335, 9.24638675, 9.5132366, 9.8084078, 16.362737189999997, 52.853195
8.90108725, 9.0649045, 9.26762725, 9.5270101, 9.7486439, 13.165292199999996, 32.855096
8.889731, 9.0425015, 9.2267825, 9.469214899999999, 9.6930695, 10.954335549999998, 19.373624
8.880289999999999, 9.048876, 9.263207, 9.5552892, 9.725268, 11.987920839999985, 36.893046
8.88140875, 9.038142, 9.25222625, 9.5367848, 9.7399676, 11.683977429999997, 32.855096
8.880652, 9.035026, 9.229938749999999, 9.5310298, 9.8066819, 16.364786989999995, 23.303856
8.88974675, 9.044959500000001, 9.2356235, 9.5126569, 9.7262727, 14.693420859999998, 36.893046
8.893446, 9.0492945, 9.24551125, 9.511583, 9.768343549999999, 16.37845443, 19.892145
8.877302499999999, 9.043173, 9.24984275, 9.5011822, 9.77048035, 16.10139363, 21.371576
8.889927499999999, 9.036926, 9.242707750000001, 9.5212146, 9.81289665, 16.40399921, 36.893046
8.877088, 9.0276775, 9.23812375, 9.4698656, 9.71813045, 15.87359139, 24.370709
8.88677375, 9.0393645, 9.234853750000001, 9.503872500000002, 9.726270750000001, 14.60570419, 32.855096
8.902212, 9.0449225, 9.243711750000001, 9.5110811, 9.70167245, 16.362737189999997, 36.893046
8.887163000000001, 9.0475515, 9.250467500000001, 9.5571204, 9.8172562, 14.108003109999997, 24.370709
8.89305525, 9.039436, 9.235018, 9.5098108, 9.77640525, 13.622733749999995, 23.303856
8.89149175, 9.0442805, 9.253791, 9.5466955, 9.79643995, 16.901030809999998, 24.370709
8.883815250000001, 9.031548, 9.22316825, 9.4951444, 9.7121198, 13.162059, 19.587514
8.87871825, 9.038969, 9.25672675, 9.5516145, 9.8069165, 16.060656919999996, 22.552578
8.8900705, 9.036208, 9.243631, 9.530571, 9.84225435, 16.47643795, 36.893046
8.878476, 9.031338, 9.2222075, 9.4924795, 9.725660849999999, 10.86229215, 52.853195
8.88141125, 9.0384155, 9.2348575, 9.4976082, 9.73872675, 15.270364589999993, 21.371576
8.890748, 9.039059, 9.24220225, 9.5178359, 9.7348756, 13.918020919999998, 19.656824
8.87645225, 9.0336525, 9.23836975, 9.5081633, 9.711482, 13.48606768, 52.853195
8.876697, 9.034051, 9.25209125, 9.5260368, 9.71603135, 15.874808489999998, 52.853195
8.88286875, 9.04269, 9.2423635, 9.529947, 9.80050105, 16.474112, 52.853195
8.877184, 9.0393945, 9.252756, 9.5017857, 9.73320785, 13.803562, 19.502914
8.882098500000001, 9.0324505, 9.23642025, 9.5238938, 9.802638850000001, 10.952515, 24.370709
8.88090825, 9.038127, 9.2317645, 9.484264, 9.7306821, 14.002109669999998, 22.552578
8.9075, 9.0557695, 9.2539815, 9.534559, 9.806916, 14.433544179999998, 36.893046
8.88459725, 9.035692000000001, 9.2424885, 9.5058563, 9.77960265, 14.910528769999988, 18.516134
8.8900975, 9.0353665, 9.24083025, 9.49907, 9.7567628, 13.236218969999998, 52.853195
8.880770250000001, 9.030265, 9.23756025, 9.5199367, 9.799459050000001, 16.45024849, 32.855096
8.879254249999999, 9.0472325, 9.232577500000001, 9.4611684, 9.657268649999999, 13.55488314, 19.656824
8.88264925, 9.0369505, 9.22215075, 9.465254, 9.67180035, 11.257720649999998, 36.893046
8.89302, 9.044451500000001, 9.25237925, 9.5132051, 9.690533799999999, 14.68079151999999, 52.853195
8.8911375, 9.042686, 9.228873, 9.507590800000001, 9.6921518, 13.728709089999999, 36.893046
8.89053, 9.056837999999999, 9.2680315, 9.562399599999999, 9.84463085, 16.750252169999996, 32.855096
8.8785905, 9.040462999999999, 9.235055, 9.4667297, 9.74090275, 11.3751787, 36.893046
8.882990249999999, 9.053474999999999, 9.248361, 9.5401589, 9.78290955, 16.109242169999998, 22.552578
8.8786705, 9.0320155, 9.22453825, 9.4867895, 9.776015150000001, 11.02185311, 36.893046
8.886119, 9.041765, 9.24282975, 9.498971, 9.74123715, 14.905645829999994, 18.516134
8.87729725, 9.026114, 9.2383285, 9.5256039, 9.766847, 13.620834839999997, 52.853195
8.88587475, 9.052545, 9.25790475, 9.510900900000001, 9.761436549999999, 14.431153, 32.855096
8.8905345, 9.038613, 9.229066249999999, 9.4969796, 9.7342482, 11.68220693, 20.217992
8.87513725, 9.0233965, 9.21535725, 9.4832248, 9.7405376, 11.53147052, 17.729277
8.8741375, 9.0297985, 9.229495, 9.490067, 9.766093949999998, 14.195412589999998, 19.892145
8.890065, 9.0517875, 9.23114575, 9.5253084, 9.829487, 14.733161439999998, 32.855096
8.882049, 9.0422385, 9.23841175, 9.484269300000001, 9.71029545, 13.920596509999996, 36.893046
8.88677375, 9.0325515, 9.2336925, 9.484072600000001, 9.757534, 16.031646959999996, 23.303856
8.8758015, 9.0407425, 9.2274205, 9.4912507, 9.7253001, 10.608045249999998, 52.853195
8.888567250000001, 9.041075, 9.240317749999999, 9.5555751, 9.816357850000001, 16.401195239999996, 32.855096
8.898546, 9.0439235, 9.22639725, 9.4809924, 9.69952425, 15.872548, 36.893046
8.88841225, 9.038881, 9.2227865, 9.499888, 9.7301612, 11.45127703, 52.853195
8.882026, 9.0480145, 9.238389, 9.5116438, 9.713557699999999, 14.108003109999997, 19.213916
8.895760500000002, 9.0506405, 9.256681, 9.5365596, 9.7724004, 16.179549, 52.853195
8.886230000000001, 9.040264, 9.24740475, 9.533597799999999, 9.77657215, 14.39209222, 18.516134
8.885186, 9.0333755, 9.2175495, 9.491848800000001, 9.681607649999998, 14.73195576, 21.371576
8.8909185, 9.03493, 9.22899975, 9.4736999, 9.73407565, 14.432891989999998, 19.656824
0, 0, 0, 0, 0, 0, 0
0, 0, 0, 0, 0, 0, 0
0, 0, 0, 0, 0, 0, 0
0, 0, 0, 0, 0, 0, 0
0, 0, 0, 0, 0, 0, 0
0, 0, 0, 0, 0, 0, 0
0, 0, 0, 0, 0, 0, 0
0, 0, 0, 0, 0, 0, 0
0, 0, 0, 0, 0, 0, 0
0, 0, 0, 0, 0, 0, 0
0, 0, 0, 0, 0, 0, 0
0, 0, 0, 0, 0, 0, 0
0, 0, 0, 0, 0, 0, 0
0, 0, 0, 0, 0, 0, 0
0, 0, 0, 0, 0, 0, 0
0, 0, 0, 0, 0, 0, 0
0, 0, 0, 0, 0, 0, 0
0, 0, 0, 0, 0, 0, 0
0, 0, 0, 0, 0, 0, 0
0, 0, 0, 0, 0, 0, 0
0, 0, 0, 0, 0, 0, 0
0, 0, 0, 0, 0, 0, 0
0, 0, 0, 0, 0, 0, 0
0, 0, 0, 0, 0, 0, 0
0, 0, 0, 0, 0, 0, 0
0, 0, 0, 0, 0, 0, 0
0, 0, 0, 0, 0, 0, 0
0, 0, 0, 0, 0, 0, 0
0, 0, 0, 0, 0, 0, 0
0, 0, 0, 0, 0, 0, 0
0, 0, 0, 0, 0, 0, 0
0, 0, 0, 0, 0, 0, 0
0, 0, 0, 0, 0, 0, 0
0, 0, 0, 0, 0, 0, 0
0, 0, 0, 0, 0, 0, 0
0, 0, 0, 0, 0, 0, 0
0, 0, 0, 0, 0, 0, 0
0, 0, 0, 0, 0, 0, 0
0, 0, 0, 0, 0, 0, 0
0, 0, 0, 0, 0, 0, 0
0, 0, 0, 0, 0, 0, 0
0, 0, 0, 0, 0, 0, 0
0, 0, 0, 0, 0, 0, 0
0, 0, 0, 0, 0, 0, 0
0, 0, 0, 0, 0, 0, 0
0, 0, 0, 0, 0, 0, 0
0, 0, 0, 0, 0, 0, 0
0, 0, 0, 0, 0, 0, 0
0, 0, 0, 0, 0, 0, 0
0, 0, 0, 0, 0, 0, 0
0, 0, 0, 0, 0, 0, 0
0, 0, 0, 0, 0, 0, 0
8.89296725, 9.059411, 9.2551175, 9.506516300000001, 9.764192799999998, 14.195412589999998, 21.371576
8.89419225, 9.043963, 9.2500955, 9.525985, 9.7996442, 16.050663, 19.213916
8.874221, 9.038685000000001, 9.21758725, 9.474724600000002, 9.691672500000001, 11.85581374999996, 52.853195
8.9008555, 9.062292, 9.24295875, 9.533598, 9.84482695, 16.7071092, 24.370709
8.87918775, 9.041103, 9.23713875, 9.492405699999999, 9.701053250000001, 11.455127049999996, 52.853195
8.87944175, 9.03221, 9.22686375, 9.4846664, 9.683083049999999, 10.60655684, 52.853195
8.88066, 9.042455, 9.24940725, 9.5408236, 9.823102350000001, 13.163023519999998, 22.552578
8.8750045, 9.038065, 9.243496500000001, 9.5232809, 9.808353, 15.724868639999997, 24.370709
8.890387, 9.043159, 9.23882425, 9.5063413, 9.76599785, 16.70684715, 52.853195
8.88848425, 9.042677, 9.23752975, 9.5176874, 9.738185, 14.78930484999999, 19.892145
8.8796825, 9.031787, 9.22027825, 9.4854533, 9.704190749999999, 11.11979999, 23.303856
8.88505825, 9.0404755, 9.260938, 9.5284431, 9.7412794, 13.556069879999999, 24.370709
8.8817615, 9.0467495, 9.22952475, 9.5093415, 9.74860315, 14.10601301, 19.645042
8.9005675, 9.0506305, 9.242239249999999, 9.517232900000002, 9.7694701, 16.26019, 22.552578
8.874221, 9.03385, 9.23345675, 9.512836, 9.7332338, 14.452594749999998, 19.587514
8.87086775, 9.048702, 9.238287249999999, 9.5513679, 9.81650155, 14.418255829999998, 24.370709
8.889626, 9.037955499999999, 9.227406, 9.49454, 9.693192999999999, 13.810030339999994, 24.370709
8.879525000000001, 9.035491, 9.239655249999998, 9.517703299999999, 9.76401005, 14.605914929999999, 32.855096
8.873320249999999, 9.036725, 9.240177, 9.477889200000002, 9.70503475, 11.197405, 52.853195
8.89252175, 9.026442, 9.235466500000001, 9.509230800000001, 9.7354984, 16.05910689, 32.855096
8.886230000000001, 9.039674, 9.22453825, 9.510856, 9.808309549999999, 16.70863368, 52.853195
8.8709335, 9.026176, 9.209606, 9.4795583, 9.681972, 10.843024459999997, 22.552578
8.88848175, 9.038212999999999, 9.237853, 9.5244973, 9.74271205, 16.40373467, 52.853195
8.86979225, 9.0235675, 9.23860825, 9.5106072, 9.69986575, 14.197611339999996, 23.303856
8.89283225, 9.050664, 9.24932525, 9.4943606, 9.7117288, 12.012064209999986, 20.217992
8.868548, 9.017608, 9.20699825, 9.4778354, 9.6537018, 11.470836909999981, 32.855096
8.8796075, 9.033278, 9.243984, 9.5117165, 9.7646665, 11.101957509999997, 19.656824
8.873736, 9.043421500000001, 9.23642625, 9.5169909, 9.71898395, 14.105136, 24.370709
8.883933, 9.0436315, 9.248136, 9.5466332, 9.8079822, 13.918020919999998, 52.853195
8.8833525, 9.0364275, 9.24856, 9.5322371, 9.76821035, 13.16276205, 32.855096
8.8789875, 9.0375745, 9.225626, 9.476569, 9.66343365, 14.902573969999995, 32.855096
8.882259999999999, 9.04685, 9.263586499999999, 9.528366, 9.77024415, 14.002109669999998, 24.370709
8.882201, 9.0389285, 9.23841175, 9.5076728, 9.7405376, 11.098637649999999, 22.552578
8.87074875, 9.02021, 9.22385, 9.4902425, 9.70850295, 13.625600859999993, 19.892145
8.88706025, 9.0386735, 9.2476985, 9.538571300000001, 9.7953201, 13.923005999999994, 24.370709
8.88370575, 9.039467, 9.258949000000001, 9.547291, 9.75770215, 14.778363, 22.552578
8.883634749999999, 9.034028, 9.2290285, 9.4987504, 9.79333765, 16.26472002, 24.370709
8.89128675, 9.039887, 9.237526500000001, 9.50367, 9.735093899999999, 14.424837589999992, 36.893046
8.88152075, 9.038328499999999, 9.227054500000001, 9.5003083, 9.728642200000001, 14.108248329999997, 19.645042
8.87654525, 9.037548999999999, 9.235475000000001, 9.503254, 9.66035375, 11.101084829999998, 24.370709
8.8895215, 9.0412965, 9.2337985, 9.539787900000002, 9.81065605, 16.05910689, 19.502914
8.87478, 9.022808000000001, 9.228624, 9.503669100000002, 9.749799399999999, 15.269321199999995, 24.370709
8.879526, 9.050808499999999, 9.25538525, 9.5266768, 9.7422864, 14.196959149999998, 32.855096
8.88972425, 9.047079499999999, 9.2568925, 9.5695622, 9.828979200000001, 14.002986679999998, 19.502914
8.88665775, 9.0435695, 9.23418175, 9.501351399999999, 9.70839665, 12.012064209999986, 20.217992
8.882881, 9.0410375, 9.25409175, 9.556496300000001, 9.79318625, 13.809444849999995, 52.853195
8.890588, 9.05212, 9.248186, 9.4964481, 9.70001065, 11.059232679999997, 52.853195
8.88226075, 9.0534535, 9.24325725, 9.4844393, 9.738827500000001, 11.752554679999985, 20.217992
8.885741249999999, 9.0341595, 9.239730999999999, 9.5093415, 9.752836349999999, 11.45127703, 52.853195
8.888282, 9.037084, 9.232747, 9.4936058, 9.75677775, 14.432891989999998, 23.303856
8.88854875, 9.045993500000002, 9.23000375, 9.4955139, 9.7250155, 13.487890559999999, 52.853195
8.88977075, 9.039116, 9.2377355, 9.509044099999999, 9.738486049999999, 11.996985519999978, 19.892145
8.89258625, 9.038734999999999, 9.24220225, 9.516023, 9.76824745, 13.167803759999995, 24.370709
8.900572, 9.059072, 9.253862999999999, 9.523358, 9.78257865, 14.898931, 36.893046
8.89094, 9.045019, 9.25379175, 9.5386253, 9.774976149999999, 13.736535, 36.893046
8.877131, 9.038544, 9.240981000000001, 9.4964481, 9.752797, 14.432506839999984, 24.370709
8.889697250000001, 9.031595, 9.23132625, 9.511592, 9.75677775, 14.1948271, 19.656824
8.87947, 9.033135, 9.243542249999999, 9.5308165, 9.77640525, 14.416709269999998, 32.855096
8.8905435, 9.038531500000001, 9.22964675, 9.467169700000001, 9.713220199999999, 10.605807290000001, 24.370709
8.878311499999999, 9.0331055, 9.219757999999999, 9.5015647, 9.752876099999998, 13.625993919999992, 52.853195
8.88706025, 9.037328, 9.222134, 9.4854533, 9.77640525, 11.739916889999996, 19.502914
8.886197750000001, 9.0397315, 9.25108025, 9.5262978, 9.77640525, 14.902573969999995, 52.853195
8.879147999999999, 9.030733, 9.252756, 9.539248900000002, 9.74487235, 10.90954101, 24.370709
8.878439, 9.041069499999999, 9.21541, 9.4827285, 9.735207599999999, 14.192837, 24.370709
8.90557525, 9.053781, 9.25758675, 9.5318397, 9.77404285, 13.727953, 23.303856
8.8839185, 9.051941500000002, 9.25051225, 9.49884, 9.756383849999999, 14.67048174, 36.893046
0, 0, 0, 0, 0, 0, 0
0, 0, 0, 0, 0, 0, 0
0, 0, 0, 0, 0, 0, 0
0, 0, 0, 0, 0, 0, 0
0, 0, 0, 0, 0, 0, 0
0, 0, 0, 0, 0, 0, 0
0, 0, 0, 0, 0, 0, 0
0, 0, 0, 0, 0, 0, 0
0, 0, 0, 0, 0, 0, 0
0, 0, 0, 0, 0, 0, 0
0, 0, 0, 0, 0, 0, 0
0, 0, 0, 0, 0, 0, 0
0, 0, 0, 0, 0, 0, 0
0, 0, 0, 0, 0, 0, 0
0, 0, 0, 0, 0, 0, 0
0, 0, 0, 0, 0, 0, 0
0, 0, 0, 0, 0, 0, 0
0, 0, 0, 0, 0, 0, 0
0, 0, 0, 0, 0, 0, 0
0, 0, 0, 0, 0, 0, 0
0, 0, 0, 0, 0, 0, 0
0, 0, 0, 0, 0, 0, 0
0, 0, 0, 0, 0, 0, 0
0, 0, 0, 0, 0, 0, 0
0, 0, 0, 0, 0, 0, 0
0, 0, 0, 0, 0, 0, 0
0, 0, 0, 0, 0, 0, 0
0, 0, 0, 0, 0, 0, 0
0, 0, 0, 0, 0, 0, 0
0, 0, 0, 0, 0, 0, 0
0, 0, 0, 0, 0, 0, 0
0, 0, 0, 0, 0, 0, 0
0, 0, 0, 0, 0, 0, 0
0, 0, 0, 0, 0, 0, 0
0, 0, 0, 0, 0, 0, 0
0, 0, 0, 0, 0, 0, 0
0, 0, 0, 0, 0, 0, 0
0, 0, 0, 0, 0, 0, 0
0, 0, 0, 0, 0, 0, 0
0, 0, 0, 0, 0, 0, 0
0, 0, 0, 0, 0, 0, 0
0, 0, 0, 0, 0, 0, 0
0, 0, 0, 0, 0, 0, 0
0, 0, 0, 0, 0, 0, 0
0, 0, 0, 0, 0, 0, 0
0, 0, 0, 0, 0, 0, 0
0, 0, 0, 0, 0, 0, 0
0, 0, 0, 0, 0, 0, 0
0, 0, 0, 0, 0, 0, 0
0, 0, 0, 0, 0, 0, 0
0, 0, 0, 0, 0, 0, 0
0, 0, 0, 0, 0, 0, 0
0, 0, 0, 0, 0, 0, 0
0, 0, 0, 0, 0, 0, 0
0, 0, 0, 0, 0, 0, 0
0, 0, 0, 0, 0, 0, 0
0, 0, 0, 0, 0, 0, 0
0, 0, 0, 0, 0, 0, 0
0, 0, 0, 0, 0, 0, 0
0, 0, 0, 0, 0, 0, 0
0, 0, 0, 0, 0, 0, 0
0, 0, 0, 0, 0, 0, 0
0, 0, 0, 0, 0, 0, 0
0, 0, 0, 0, 0, 0, 0
0, 0, 0, 0, 0, 0, 0
0, 0, 0, 0, 0, 0, 0
0, 0, 0, 0, 0, 0, 0
0, 0, 0, 0, 0, 0, 0
0, 0, 0, 0, 0, 0, 0
0, 0, 0, 0, 0, 0, 0
0, 0, 0, 0, 0, 0, 0
0, 0, 0, 0, 0, 0, 0
0, 0, 0, 0, 0, 0, 0
0, 0, 0, 0, 0, 0, 0
0, 0, 0, 0, 0, 0, 0
0, 0, 0, 0, 0, 0, 0
0, 0, 0, 0, 0, 0, 0
0, 0, 0, 0, 0, 0, 0
0, 0, 0, 0, 0, 0, 0
0, 0, 0, 0, 0, 0, 0
0, 0, 0, 0, 0, 0, 0
0, 0, 0, 0, 0, 0, 0
0, 0, 0, 0, 0, 0, 0
0, 0, 0, 0, 0, 0, 0
0, 0, 0, 0, 0, 0, 0
0, 0, 0, 0, 0, 0, 0
0, 0, 0, 0, 0, 0, 0
0, 0, 0, 0, 0, 0, 0
0, 0, 0, 0, 0, 0, 0
0, 0, 0, 0, 0, 0, 0
0, 0, 0, 0, 0, 0, 0
0, 0, 0, 0, 0, 0, 0
0, 0, 0, 0, 0, 0, 0
0, 0, 0, 0, 0, 0, 0
0, 0, 0, 0, 0, 0, 0
0, 0, 0, 0, 0, 0, 0
0, 0, 0, 0, 0, 0, 0
0, 0, 0, 0, 0, 0, 0
0, 0, 0, 0, 0, 0, 0
0, 0, 0, 0, 0, 0, 0
0, 0, 0, 0, 0, 0, 0
0, 0, 0, 0, 0, 0, 0
0, 0, 0, 0, 0, 0, 0
0, 0, 0, 0, 0, 0, 0
8.8819825, 9.039810500000002, 9.232577500000001, 9.517197, 9.7741661, 16.21730481, 32.855096
8.8877725, 9.0464225, 9.2496915, 9.522915900000001, 9.7257413, 14.67048174, 21.371576
8.895785, 9.050956, 9.24263725, 9.5107306, 9.733125, 13.618961919999998, 21.371576
8.891218499999999, 9.057832000000001, 9.269741, 9.550729200000001, 9.8080293, 16.060277709999998, 52.853195
8.87685075, 9.030732, 9.24052825, 9.5056672, 9.7669763, 14.684074919999986, 20.217992
8.876831500000002, 9.037761, 9.2510115, 9.512836, 9.741932, 11.376701289999998, 36.893046
8.87949425, 9.038375, 9.236211999999998, 9.510636, 9.772097950000001, 16.21605821, 32.855096
8.892175, 9.039212, 9.228178, 9.5076728, 9.71820075, 14.395712159999997, 36.893046
8.87902725, 9.044375, 9.24126875, 9.513287, 9.743257349999999, 16.10960347, 22.552578
8.87019, 9.033651500000001, 9.224221, 9.543094, 9.79678035, 15.977705209999998, 36.893046
8.889781, 9.032985, 9.24734625, 9.4964481, 9.7332338, 14.606785109999999, 52.853195
8.8822975, 9.052508, 9.245908, 9.534303500000002, 9.7687133, 11.751590159999987, 23.303856
8.8799135, 9.033938500000001, 9.236211999999998, 9.4779399, 9.716758050000001, 14.46159617999999, 32.855096
8.88706025, 9.0337735, 9.247715, 9.512148600000002, 9.77402385, 13.923005999999994, 24.370709
8.884699000000001, 9.0389815, 9.24433575, 9.5486165, 9.76098085, 14.453206909999997, 36.893046
8.879780499999999, 9.046119999999998, 9.242396, 9.5491943, 9.81691205, 15.575296939999996, 36.893046
8.896808, 9.048012, 9.2448075, 9.5335014, 9.73474125, 14.1948271, 24.370709
8.8898855, 9.0388405, 9.2355685, 9.5513168, 9.8294404, 12.012064209999986, 52.853195
8.875692, 9.03385, 9.226511250000001, 9.496346, 9.741038699999999, 13.806577739999996, 36.893046
8.90191375, 9.06193, 9.24398475, 9.5066737, 9.7798149, 16.18153611, 23.303856
8.88111125, 9.038432499999999, 9.24587575, 9.527061000000002, 9.7798149, 11.738821, 19.645042
8.890685, 9.037181499999999, 9.235747, 9.537908, 9.808619349999999, 13.556069879999999, 19.071708
8.882976000000001, 9.0320435, 9.23117425, 9.5081633, 9.7486439, 13.487804739999998, 22.552578
8.896866249999999, 9.042444, 9.25308325, 9.513287, 9.765896399999999, 16.050663, 23.303856
8.87936575, 9.039574, 9.2329415, 9.524104300000001, 9.794948, 15.571933089999998, 32.855096
8.882113, 9.024241, 9.23244275, 9.511583, 9.771584950000001, 11.199935829999998, 36.893046
8.87430325, 9.033675, 9.242416500000001, 9.5255811, 9.7402657, 16.050663, 23.303856
8.89466075, 9.031765499999999, 9.2099525, 9.4811184, 9.733164, 14.108003109999997, 36.893046
8.89088375, 9.0422435, 9.257532000000001, 9.5169195, 9.7201095, 14.786283509999993, 22.552578
8.88608675, 9.043630499999999, 9.25559775, 9.5300094, 9.83019855, 16.4765781, 19.892145
8.8808715, 9.042811, 9.2311555, 9.517703299999999, 9.716733699999999, 13.920596509999996, 36.893046
8.887286750000001, 9.0326015, 9.21650125, 9.495247, 9.734734, 14.433544179999998, 52.853195
8.886895749999999, 9.046546, 9.24527475, 9.5270508, 9.713341, 11.379028719999996, 19.892145
8.887163000000001, 9.057012499999999, 9.2485445, 9.534619, 9.807367, 15.266299859999997, 24.370709
8.888997, 9.044718, 9.243694999999999, 9.526484100000001, 9.8068825, 14.621537479999986, 32.855096
8.889755, 9.041447999999999, 9.250967, 9.5638159, 9.8166875, 14.432891989999998, 52.853195
8.87898875, 9.036676499999999, 9.244118499999999, 9.5194395, 9.808262449999999, 13.72803882, 19.071708
8.876998, 9.039467, 9.243094750000001, 9.5486165, 9.75601515, 15.267818949999995, 20.217992
8.8924295, 9.0342625, 9.231295, 9.5000725, 9.710294750000001, 16.362384, 32.855096
8.88895425, 9.041761999999999, 9.220515, 9.473597999999999, 9.73990345, 14.902573969999995, 21.371576
8.89676875, 9.048919, 9.240579499999999, 9.5265198, 9.738284649999999, 14.394631239999997, 19.656824
8.88562, 9.051762, 9.25755825, 9.5011993, 9.7161002, 16.10123487, 52.853195
8.8810015, 9.042451499999999, 9.26290575, 9.5638926, 9.82967635, 15.977419659999999, 24.370709
8.89469675, 9.050781, 9.258346, 9.5359604, 9.806602, 15.724868639999997, 22.552578
8.880567249999999, 9.037267499999999, 9.227784999999999, 9.520650000000002, 9.757234, 14.198223499999996, 19.656824
8.88846775, 9.043383, 9.23338375, 9.5020773, 9.80268815, 16.10960347, 36.893046
8.883024, 9.046231, 9.2540885, 9.550831, 9.813741, 14.416369, 32.855096
8.87830125, 9.034957, 9.217240499999999, 9.487441200000001, 9.687214, 11.19798953, 19.892145
8.89101175, 9.0456415, 9.25826725, 9.521756100000001, 9.800389399999998, 16.18028951, 32.855096
8.885318250000001, 9.0355515, 9.2481455, 9.5494201, 9.7986111, 15.271681039999992, 36.893046
8.8936545, 9.044919, 9.24229575, 9.5346389, 9.734066949999999, 13.236218969999998, 52.853195
8.8940775, 9.0466725, 9.241646, 9.503848300000001, 9.73072195, 16.215679, 32.855096
8.885984500000001, 9.0389, 9.229786, 9.5235226, 9.752836349999999, 10.608045249999998, 17.14262
8.887834, 9.043093500000001, 9.244036, 9.502057, 9.7844699, 16.05114234, 21.371576
8.88221575, 9.0390955, 9.22988475, 9.501320100000001, 9.799459050000001, 14.70315702999999, 52.853195
8.872476, 9.023582000000001, 9.220290250000001, 9.5032753, 9.717681, 16.21605821, 52.853195
8.883178, 9.038504499999998, 9.222072, 9.5007189, 9.7987667, 16.10021293, 32.855096
8.89078025, 9.0504725, 9.246628000000001, 9.5193985, 9.70179675, 14.693420859999998, 22.552578
8.89110275, 9.042286, 9.23071375, 9.5008358, 9.73065615, 14.11671691999999, 19.072953
8.886443499999999, 9.041075, 9.23255425, 9.4844984, 9.71589835, 14.400560809999993, 20.217992
8.8879915, 9.04342, 9.24208175, 9.5568251, 9.7717942, 15.270897249999992, 52.853195
8.893497499999999, 9.055132, 9.248305, 9.5335014, 9.786760899999999, 15.97762476, 19.645042
8.9000705, 9.045821, 9.223910499999999, 9.4843701, 9.70001065, 10.899637029999997, 36.893046
8.88286875, 9.043383, 9.2518295, 9.508279, 9.7735849, 14.67048174, 36.893046
8.887834, 9.045015, 9.245126, 9.5092146, 9.81291055, 11.812857, 19.213916
8.894357249999999, 9.044776500000001, 9.241092, 9.4912829, 9.729983050000001, 13.489677659999996, 24.370709
8.878366750000001, 9.050443, 9.25043925, 9.510604, 9.78792065, 14.43134543, 32.855096
8.88217075, 9.031753, 9.2252215, 9.5002435, 9.6782223, 11.379832109999994, 24.370709
8.896368, 9.046773, 9.24308875, 9.5378528, 9.792362549999998, 11.830270899999983, 36.893046
8.88191325, 9.046196, 9.23362625, 9.5064027, 9.7486429, 13.807454749999996, 23.303856
8.902512999999999, 9.0455535, 9.24305625, 9.5027179, 9.76975645, 11.738098139999998, 36.893046
8.8827675, 9.0436115, 9.247813, 9.5503687, 9.835356399999998, 16.39775888, 21.371576
8.895033, 9.0448675, 9.231611749999999, 9.513154700000001, 9.792107499999998, 14.69174642, 52.853195
8.88741, 9.0247455, 9.22837425, 9.478286200000001, 9.740332749999999, 13.812439829999992, 32.855096
8.9026475, 9.050529999999998, 9.228666, 9.4840717, 9.7781941, 13.91610324, 36.893046
8.88185775, 9.045450500000001, 9.22929125, 9.4858511, 9.703847, 10.95356822, 22.552578
8.8846265, 9.035616000000001, 9.23623275, 9.5267664, 9.75302625, 16.400933189999996, 52.853195
8.892938000000001, 9.034058000000002, 9.236300499999999, 9.484804200000001, 9.7047413, 13.16276205, 21.371576
8.8832185, 9.049306000000001, 9.22994975, 9.4902693, 9.7646665, 11.01188282, 36.893046
8.875205999999999, 9.051332, 9.249645, 9.534619, 9.799406849999999, 14.60631635, 36.893046
8.881569, 9.040509, 9.247813, 9.5347142, 9.810530199999999, 16.40373467, 36.893046
8.897052500000001, 9.045599, 9.237870000000001, 9.4952373, 9.7091203, 10.805283919999997, 24.370709
8.893595000000001, 9.065307, 9.2731055, 9.5694523, 9.860424499999999, 16.060656919999996, 52.853195
8.8848665, 9.049292999999999, 9.242225, 9.526127500000001, 9.821656950000001, 14.605052, 24.370709
8.88853275, 9.0508335, 9.25047725, 9.554084300000001, 9.784536, 11.739697519999996, 21.371576
8.892983, 9.055122, 9.239521, 9.509230800000001, 9.70100435, 13.486703819999999, 23.303856
8.89883175, 9.0419725, 9.226211, 9.4721914, 9.6800568, 13.556740149999998, 52.853195
8.900630750000001, 9.0613405, 9.25671575, 9.549343400000001, 9.869143249999999, 15.976887, 36.893046
8.882049, 9.0307465, 9.236345, 9.4823865, 9.714169, 13.556740149999998, 19.373624
8.876396, 9.047814, 9.23961225, 9.5107316, 9.7607981, 16.215679, 36.893046
8.88998275, 9.0456415, 9.2474345, 9.5001981, 9.772908, 14.905645829999994, 19.656824
8.88706575, 9.039336, 9.21942525, 9.5045111, 9.7239009, 11.738821, 23.303856
8.884642, 9.041241, 9.24024375, 9.5172713, 9.730612299999999, 14.746774029999985, 32.855096
8.889687250000001, 9.050857, 9.2477575, 9.5341552, 9.76473685, 11.445830339999997, 36.893046
8.89473625, 9.037847, 9.24759375, 9.508081500000001, 9.74920055, 12.00710831999999, 24.370709
8.8837245, 9.0344135, 9.225102, 9.483297700000001, 9.77046135, 16.71505383, 36.893046
8.89121375, 9.0518525, 9.265372249999999, 9.5506695, 9.834004599999998, 11.755512039999983, 17.65558
8.880834499999999, 9.033525000000001, 9.23463325, 9.4977918, 9.715871, 16.37826, 52.853195
8.872343749999999, 9.033967, 9.22637225, 9.460677500000001, 9.6934249, 14.007971759999993, 32.855096
8.87874575, 9.046231, 9.24459025, 9.525053999999999, 9.8107008, 16.184820579999997, 23.303856
8.89128825, 9.0396435, 9.253740500000001, 9.5239501, 9.77919225, 13.241091719999993, 52.853195
8.89590475, 9.042713, 9.24198225, 9.509852500000001, 9.69156, 14.007108829999995, 36.893046
8.88848175, 9.0335745, 9.22207575, 9.527671900000001, 9.8163103, 16.255540579999998, 36.893046
8.8858425, 9.031401, 9.22028575, 9.4922379, 9.699747499999999, 10.864459359999998, 36.893046
8.892629, 9.0446395, 9.228259750000001, 9.4680628, 9.70483795, 11.751590159999987, 19.645042
8.88047375, 9.056421, 9.23777775, 9.4947206, 9.7105219, 11.739113499999998, 19.892145
8.8945445, 9.045541, 9.24086475, 9.5178359, 9.7764895, 16.253665899999998, 23.303856
8.88070925, 9.03149, 9.2374805, 9.474789800000002, 9.678283350000001, 13.737586919999991, 36.893046
8.88835975, 9.047338, 9.25401125, 9.529992, 9.7494059, 16.916018, 36.893046
8.876803, 9.0449905, 9.239521, 9.5174035, 9.75599035, 16.05910689, 52.853195
8.8874085, 9.048710499999999, 9.25181775, 9.5102559, 9.7104298, 13.240051049999993, 36.893046
8.89088375, 9.0362305, 9.237010999999999, 9.4987766, 9.68255325, 10.899238999999998, 19.071708
8.87651975, 9.036835499999999, 9.24291175, 9.4852094, 9.741677849999999, 17.247668, 21.371576
8.891409750000001, 9.0431795, 9.243769499999999, 9.5191478, 9.734828, 14.700135689999993, 36.893046
8.88994325, 9.046246, 9.25406625, 9.4975143, 9.765831449999999, 13.805537069999998, 21.371576
8.876747, 9.035999499999999, 9.25008, 9.538613400000001, 9.757479, 14.679272429999992, 52.853195
8.895179500000001, 9.057605500000001, 9.264253499999999, 9.507008, 9.74104575, 16.40399921, 36.893046
8.888078499999999, 9.0451795, 9.24024375, 9.531599700000001, 9.8074163, 15.573435339999996, 52.853195
8.8889615, 9.0521115, 9.257279, 9.525176499999999, 9.7851173, 15.271581689999993, 36.893046
8.876812000000001, 9.0340815, 9.2367585, 9.5064027, 9.719489900000001, 16.21605821, 36.893046
8.890387, 9.0449775, 9.233324, 9.5042611, 9.707438699999999, 10.881194970000001, 19.373624
8.862786, 9.0456875, 9.241586250000001, 9.51066, 9.764063499999999, 16.059206239999998, 36.893046
8.882302750000001, 9.020989, 9.22385, 9.4732893, 9.6292633, 10.805014839999997, 52.853195
8.88241525, 9.032568999999999, 9.24301525, 9.4772721, 9.7362207, 16.10021293, 52.853195
8.883587499999999, 9.0369545, 9.2369145, 9.5161175, 9.7579987, 14.451942559999997, 52.853195
8.887807, 9.051809, 9.243307249999999, 9.543998400000001, 9.8391935, 15.270364589999993, 24.370709
8.88986875, 9.0371595, 9.22385025, 9.50564, 9.700678, 13.487804739999998, 32.855096
8.885522, 9.033321, 9.228287250000001, 9.4842505, 9.69214225, 10.911989419999998, 52.853195
8.895048, 9.0530075, 9.237436500000001, 9.5166381, 9.798576, 15.725401299999996, 24.370709
8.873836, 9.0337665, 9.226154, 9.5269176, 9.774611349999999, 16.36254276, 52.853195
8.87875275, 9.044042000000001, 9.2490475, 9.523435300000001, 9.76127315, 13.915245, 52.853195
8.88326575, 9.0362095, 9.25001525, 9.5176874, 9.8084078, 15.727635769999994, 32.855096
8.9004805, 9.052755999999999, 9.26214325, 9.5183815, 9.7486429, 16.03093679, 23.303856
8.87610525, 9.036792, 9.2290285, 9.5107834, 9.72332145, 13.746083099999991, 21.371576
8.88298825, 9.037696, 9.243694999999999, 9.510187, 9.712564149999999, 14.002986679999998, 52.853195
8.872476, 9.031401, 9.23746525, 9.490188, 9.7008718, 10.587183779999997, 20.217992
8.8803805, 9.032803, 9.23566475, 9.491849, 9.7450225, 16.09869635, 36.893046
8.88940275, 9.04034, 9.252956, 9.5228684, 9.785483499999998, 16.06072282, 21.371576
8.88839875, 9.049647, 9.2379625, 9.553866000000001, 9.83015195, 11.930791539999985, 52.853195
8.865041249999999, 9.032295, 9.226344000000001, 9.497048099999999, 9.7239701, 13.236218969999998, 32.855096
8.8752685, 9.0339385, 9.22137, 9.4846491, 9.7674129, 16.750252169999996, 36.893046
8.8761635, 9.049244, 9.242298250000001, 9.552520300000001, 9.85990835, 16.70684715, 22.552578
8.87436975, 9.033795000000001, 9.240094, 9.526625300000001, 9.7342482, 16.061903519999998, 23.303856
8.878249499999999, 9.035779999999999, 9.24478575, 9.526625300000001, 9.77025365, 15.977705209999998, 19.892145
8.89044225, 9.053748500000001, 9.25004075, 9.5361424, 9.7869423, 12.012064209999986, 32.855096
8.879522, 9.0383555, 9.244673, 9.5172554, 9.756738, 14.783211649999997, 52.853195
8.89055, 9.048142, 9.2586525, 9.5639483, 9.81051555, 13.485379, 52.853195
8.885008500000001, 9.041406, 9.230592, 9.5006764, 9.7567628, 17.203344419999997, 19.587514
0, 0, 0, 0, 0, 0, 0
0, 0, 0, 0, 0, 0, 0
0, 0, 0, 0, 0, 0, 0
0, 0, 0, 0, 0, 0, 0
0, 0, 0, 0, 0, 0, 0
0, 0, 0, 0, 0, 0, 0
0, 0, 0, 0, 0, 0, 0
0, 0, 0, 0, 0, 0, 0
0, 0, 0, 0, 0, 0, 0
0, 0, 0, 0, 0, 0, 0
0, 0, 0, 0, 0, 0, 0
0, 0, 0, 0, 0, 0, 0
0, 0, 0, 0, 0, 0, 0
0, 0, 0, 0, 0, 0, 0
0, 0, 0, 0, 0, 0, 0
0, 0, 0, 0, 0, 0, 0
0, 0, 0, 0, 0, 0, 0
0, 0, 0, 0, 0, 0, 0
0, 0, 0, 0, 0, 0, 0
0, 0, 0, 0, 0, 0, 0
0, 0, 0, 0, 0, 0, 0
0, 0, 0, 0, 0, 0, 0
0, 0, 0, 0, 0, 0, 0
0, 0, 0, 0, 0, 0, 0
0, 0, 0, 0, 0, 0, 0
0, 0, 0, 0, 0, 0, 0
0, 0, 0, 0, 0, 0, 0
0, 0, 0, 0, 0, 0, 0
0, 0, 0, 0, 0, 0, 0
0, 0, 0, 0, 0, 0, 0
0, 0, 0, 0, 0, 0, 0
0, 0, 0, 0, 0, 0, 0
0, 0, 0, 0, 0, 0, 0
0, 0, 0, 0, 0, 0, 0
0, 0, 0, 0, 0, 0, 0
0, 0, 0, 0, 0, 0, 0
0, 0, 0, 0, 0, 0, 0
0, 0, 0, 0, 0, 0, 0
0, 0, 0, 0, 0, 0, 0
0, 0, 0, 0, 0, 0, 0
0, 0, 0, 0, 0, 0, 0
0, 0, 0, 0, 0, 0, 0
0, 0, 0, 0, 0, 0, 0
0, 0, 0, 0, 0, 0, 0
0, 0, 0, 0, 0, 0, 0
0, 0, 0, 0, 0, 0, 0
0, 0, 0, 0, 0, 0, 0
0, 0, 0, 0, 0, 0, 0
0, 0, 0, 0, 0, 0, 0
0, 0, 0, 0, 0, 0, 0
0, 0, 0, 0, 0, 0, 0
0, 0, 0, 0, 0, 0, 0
0, 0, 0, 0, 0, 0, 0
0, 0, 0, 0, 0, 0, 0
0, 0, 0, 0, 0, 0, 0
0, 0, 0, 0, 0, 0, 0
0, 0, 0, 0, 0, 0, 0
0, 0, 0, 0, 0, 0, 0
0, 0, 0, 0, 0, 0, 0
0, 0, 0, 0, 0, 0, 0
0, 0, 0, 0, 0, 0, 0
0, 0, 0, 0, 0, 0, 0
0, 0, 0, 0, 0, 0, 0
0, 0, 0, 0, 0, 0, 0
0, 0, 0, 0, 0, 0, 0
0, 0, 0, 0, 0, 0, 0
0, 0, 0, 0, 0, 0, 0
0, 0, 0, 0, 0, 0, 0
0, 0, 0, 0, 0, 0, 0
0, 0, 0, 0, 0, 0, 0
0, 0, 0, 0, 0, 0, 0
0, 0, 0, 0, 0, 0, 0
0, 0, 0, 0, 0, 0, 0
0, 0, 0, 0, 0, 0, 0
0, 0, 0, 0, 0, 0, 0
0, 0, 0, 0, 0, 0, 0
0, 0, 0, 0, 0, 0, 0
0, 0, 0, 0, 0, 0, 0
0, 0, 0, 0, 0, 0, 0
0, 0, 0, 0, 0, 0, 0
0, 0, 0, 0, 0, 0, 0
0, 0, 0, 0, 0, 0, 0
0, 0, 0, 0, 0, 0, 0
0, 0, 0, 0, 0, 0, 0
0, 0, 0, 0, 0, 0, 0
0, 0, 0, 0, 0, 0, 0
0, 0, 0, 0, 0, 0, 0
0, 0, 0, 0, 0, 0, 0
0, 0, 0, 0, 0, 0, 0
0, 0, 0, 0, 0, 0, 0
0, 0, 0, 0, 0, 0, 0
0, 0, 0, 0, 0, 0, 0
0, 0, 0, 0, 0, 0, 0
0, 0, 0, 0, 0, 0, 0
0, 0, 0, 0, 0, 0, 0
0, 0, 0, 0, 0, 0, 0
0, 0, 0, 0, 0, 0, 0
0, 0, 0, 0, 0, 0, 0
0, 0, 0, 0, 0, 0, 0
0, 0, 0, 0, 0, 0, 0
0, 0, 0, 0, 0, 0, 0
0, 0, 0, 0, 0, 0, 0
0, 0, 0, 0, 0, 0, 0
0, 0, 0, 0, 0, 0, 0
0, 0, 0, 0, 0, 0, 0
0, 0, 0, 0, 0, 0, 0
0, 0, 0, 0, 0, 0, 0
0, 0, 0, 0, 0, 0, 0
8.88954275, 9.0396415, 9.22252325, 9.5036823, 9.73882595, 13.740221009999997, 19.587514
8.8818815, 9.038256, 9.223371, 9.500631, 9.76953925, 16.748451479999996, 52.853195
8.88566125, 9.043391, 9.24992875, 9.562917899999999, 9.8096353, 14.451942559999997, 36.893046
8.880476999999999, 9.039132, 9.229436750000001, 9.5205328, 9.79318625, 14.444064699999988, 36.893046
8.877399749999999, 9.029726499999999, 9.21796175, 9.4803151, 9.70163765, 10.49336765, 19.892145
8.88557325, 9.036433, 9.25649875, 9.527526700000001, 9.82207695, 16.36279307, 22.552578
8.88213525, 9.043338, 9.230604, 9.4854533, 9.7494059, 11.058873409999999, 32.855096
8.89268075, 9.043419, 9.24527475, 9.541847400000002, 9.77230625, 11.754017899999987, 52.853195
8.87092375, 9.033669, 9.232298, 9.5210084, 9.76741315, 16.721432349999997, 19.645042
8.8771255, 9.0341755, 9.230932750000001, 9.496937400000002, 9.7494059, 11.985652159999988, 21.371576
8.89114775, 9.041927, 9.237048249999999, 9.5130891, 9.791958, 13.91610324, 24.370709
8.8905485, 9.047815, 9.235714, 9.5203138, 9.7354984, 13.727953, 52.853195
8.887559, 9.047449, 9.235438, 9.507522, 9.7967676, 16.258131069999994, 32.855096
8.8837065, 9.0448305, 9.24916575, 9.5355383, 9.7764234, 14.005562269999995, 32.855096
8.885852499999999, 9.039104, 9.232219, 9.5209001, 9.7413309, 15.874124049999999, 21.371576
8.90007575, 9.0541615, 9.2567225, 9.505633999999999, 9.735794849999998, 14.697063829999994, 32.855096
8.90026675, 9.057893, 9.24970325, 9.4915, 9.724776649999999, 11.73956136, 17.997995
8.8868975, 9.0328285, 9.24000375, 9.507455, 9.708477, 10.649557109999996, 32.855096
8.88357025, 9.0339785, 9.2375975, 9.507367600000002, 9.7764895, 14.108003109999997, 36.893046
8.88142275, 9.026263, 9.230808, 9.482426, 9.68701615, 11.753756429999987, 19.587514
8.873703249999998, 9.0299075, 9.22039925, 9.4769392, 9.700678, 16.18028951, 24.370709
8.874174499999999, 9.038758000000001, 9.232577500000001, 9.4813817, 9.802613350000001, 14.605914929999999, 36.893046
8.877360249999999, 9.025398, 9.214482, 9.5038492, 9.70483795, 14.433754919999998, 23.303856
8.890588, 9.0452565, 9.23663875, 9.528586500000001, 9.8073939, 14.39224006, 22.552578
8.8815305, 9.044411, 9.24713, 9.534562300000001, 9.82591835, 14.73195576, 36.893046
8.875676, 9.0397315, 9.242611, 9.527874200000001, 9.733242500000001, 15.97762476, 36.893046
8.890757, 9.041407, 9.235483, 9.5094131, 9.71157495, 14.450396, 52.853195
8.884343999999999, 9.050784499999999, 9.241223999999999, 9.468683, 9.662968150000001, 13.489677659999996, 19.072953
8.90452, 9.050749499999998, 9.24295875, 9.479723700000003, 9.71951595, 16.062597499999995, 52.853195
8.87798375, 9.033871000000001, 9.241646, 9.5186546, 9.7389281, 15.876424419999996, 52.853195
8.888271, 9.041249, 9.23552125, 9.489023399999999, 9.73319675, 10.717106769999996, 18.344529
8.875323, 9.030451, 9.24752125, 9.5435137, 9.784536, 14.002109669999998, 19.892145
8.897804749999999, 9.039238000000001, 9.23875, 9.495247, 9.742170749999998, 15.874409599999998, 24.370709
8.889979499999999, 9.052004, 9.259085500000001, 9.5232942, 9.7987667, 15.727256559999995, 21.371576
8.872539, 9.037449500000001, 9.21793875, 9.4772466, 9.723655, 14.451942559999997, 36.893046
8.884923, 9.0314665, 9.232870499999999, 9.4858924, 9.713264899999999, 10.457658389999997, 36.893046
8.8883455, 9.0430225, 9.240434749999999, 9.5017057, 9.716393199999999, 13.267854259999991, 20.217992
8.8820355, 9.040541000000001, 9.24303225, 9.486008199999999, 9.7715675, 11.985652159999988, 21.371576
8.887173, 9.0531275, 9.272017, 9.552017900000001, 9.7741661, 16.109982679999998, 19.656824
8.87971125, 9.030037, 9.23558525, 9.541382, 9.813125249999999, 14.391847, 20.217992
8.87729725, 9.033261, 9.2521265, 9.5487907, 9.818023199999999, 14.779568679999999, 23.303856
8.8983865, 9.0531635, 9.247431, 9.5091039, 9.7496257, 13.554247, 52.853195
8.87698125, 9.050525, 9.2537745, 9.5336914, 9.80050105, 16.65938649, 21.371576
8.8736505, 9.020469, 9.22971575, 9.4842505, 9.73570865, 14.431153, 20.217992
8.890065, 9.046979499999999, 9.2576995, 9.5271103, 9.74224415, 14.905645829999994, 32.855096
8.892635, 9.038521, 9.2264535, 9.506516300000001, 9.72498085, 11.01210062, 22.552578
8.87369575, 9.028274, 9.222208, 9.5028234, 9.765831449999999, 14.458524319999992, 19.645042
8.89463075, 9.034072, 9.22310525, 9.483278, 9.725268, 15.574478729999996, 23.303856
8.88993425, 9.034483000000002, 9.23963725, 9.4937076, 9.70850295, 14.10601301, 52.853195
8.8914825, 9.0338375, 9.228795, 9.5106072, 9.7263425, 13.619718009999998, 18.344529
8.88737425, 9.047449, 9.24061725, 9.5345592, 9.818821550000001, 16.449208249999998, 23.303856
8.89295125, 9.049079500000001, 9.24054925, 9.531918, 9.75771305, 17.0752068, 24.370709
8.887319999999999, 9.0429465, 9.24251675, 9.5187433, 9.7607981, 13.557856979999997, 36.893046
8.875290249999999, 9.0373085, 9.235063, 9.528586500000001, 9.8094961, 15.875979309999996, 32.855096
8.8828435, 9.038142, 9.235475000000001, 9.5023594, 9.7239673, 11.994732, 36.893046
8.8771765, 9.041914, 9.250140250000001, 9.5203476, 9.793025, 14.779568679999999, 36.893046
8.88286875, 9.049082, 9.2503595, 9.531608400000001, 9.83025695, 16.89954143, 23.303856
8.880623, 9.042268499999999, 9.234327, 9.4993674, 9.744627249999999, 16.26121194, 52.853195
8.89472075, 9.042517, 9.248305, 9.524666999999999, 9.7703625, 14.67048174, 36.893046
8.8819825, 9.033712999999999, 9.233069, 9.502475, 9.764608, 14.607990789999999, 23.303856
8.87731, 9.038616999999999, 9.242967, 9.5117613, 9.710233, 10.314738169999996, 19.502914
8.88310375, 9.042252999999999, 9.25285225, 9.5129628, 9.813741, 17.081688619999998, 32.855096
8.88105375, 9.0442425, 9.2395825, 9.5056736, 9.7669763, 14.10601301, 23.303856
0, 0, 0, 0, 0, 0, 0
0, 0, 0, 0, 0, 0, 0
0, 0, 0, 0, 0, 0, 0
0, 0, 0, 0, 0, 0, 0
0, 0, 0, 0, 0, 0, 0
0, 0, 0, 0, 0, 0, 0
0, 0, 0, 0, 0, 0, 0
0, 0, 0, 0, 0, 0, 0
0, 0, 0, 0, 0, 0, 0
0, 0, 0, 0, 0, 0, 0
0, 0, 0, 0, 0, 0, 0
0, 0, 0, 0, 0, 0, 0
0, 0, 0, 0, 0, 0, 0
0, 0, 0, 0, 0, 0, 0
0, 0, 0, 0, 0, 0, 0
0, 0, 0, 0, 0, 0, 0
0, 0, 0, 0, 0, 0, 0
0, 0, 0, 0, 0, 0, 0
0, 0, 0, 0, 0, 0, 0
0, 0, 0, 0, 0, 0, 0
0, 0, 0, 0, 0, 0, 0
0, 0, 0, 0, 0, 0, 0
0, 0, 0, 0, 0, 0, 0
0, 0, 0, 0, 0, 0, 0
0, 0, 0, 0, 0, 0, 0
0, 0, 0, 0, 0, 0, 0
0, 0, 0, 0, 0, 0, 0
0, 0, 0, 0, 0, 0, 0
0, 0, 0, 0, 0, 0, 0
0, 0, 0, 0, 0, 0, 0
0, 0, 0, 0, 0, 0, 0
0, 0, 0, 0, 0, 0, 0
0, 0, 0, 0, 0, 0, 0
0, 0, 0, 0, 0, 0, 0
0, 0, 0, 0, 0, 0, 0
0, 0, 0, 0, 0, 0, 0
0, 0, 0, 0, 0, 0, 0
0, 0, 0, 0, 0, 0, 0
0, 0, 0, 0, 0, 0, 0
0, 0, 0, 0, 0, 0, 0
0, 0, 0, 0, 0, 0, 0
0, 0, 0, 0, 0, 0, 0
0, 0, 0, 0, 0, 0, 0
0, 0, 0, 0, 0, 0, 0
0, 0, 0, 0, 0, 0, 0
0, 0, 0, 0, 0, 0, 0
0, 0, 0, 0, 0, 0, 0
0, 0, 0, 0, 0, 0, 0
0, 0, 0, 0, 0, 0, 0
0, 0, 0, 0, 0, 0, 0
0, 0, 0, 0, 0, 0, 0
0, 0, 0, 0, 0, 0, 0
0, 0, 0, 0, 0, 0, 0
0, 0, 0, 0, 0, 0, 0
0, 0, 0, 0, 0, 0, 0
0, 0, 0, 0, 0, 0, 0
0, 0, 0, 0, 0, 0, 0
0, 0, 0, 0, 0, 0, 0
0, 0, 0, 0, 0, 0, 0
0, 0, 0, 0, 0, 0, 0
0, 0, 0, 0, 0, 0, 0
0, 0, 0, 0, 0, 0, 0
0, 0, 0, 0, 0, 0, 0
0, 0, 0, 0, 0, 0, 0
0, 0, 0, 0, 0, 0, 0
0, 0, 0, 0, 0, 0, 0
0, 0, 0, 0, 0, 0, 0
0, 0, 0, 0, 0, 0, 0
0, 0, 0, 0, 0, 0, 0
0, 0, 0, 0, 0, 0, 0
0, 0, 0, 0, 0, 0, 0
0, 0, 0, 0, 0, 0, 0
0, 0, 0, 0, 0, 0, 0
0, 0, 0, 0, 0, 0, 0
0, 0, 0, 0, 0, 0, 0
0, 0, 0, 0, 0, 0, 0
0, 0, 0, 0, 0, 0, 0
0, 0, 0, 0, 0, 0, 0
0, 0, 0, 0, 0, 0, 0
0, 0, 0, 0, 0, 0, 0
0, 0, 0, 0, 0, 0, 0
0, 0, 0, 0, 0, 0, 0
0, 0, 0, 0, 0, 0, 0
0, 0, 0, 0, 0, 0, 0
0, 0, 0, 0, 0, 0, 0
0, 0, 0, 0, 0, 0, 0
0, 0, 0, 0, 0, 0, 0
0, 0, 0, 0, 0, 0, 0
0, 0, 0, 0, 0, 0, 0
0, 0, 0, 0, 0, 0, 0
0, 0, 0, 0, 0, 0, 0
0, 0, 0, 0, 0, 0, 0
0, 0, 0, 0, 0, 0, 0
0, 0, 0, 0, 0, 0, 0
0, 0, 0, 0, 0, 0, 0
0, 0, 0, 0, 0, 0, 0
0, 0, 0, 0, 0, 0, 0
0, 0, 0, 0, 0, 0, 0
0, 0, 0, 0, 0, 0, 0
0, 0, 0, 0, 0, 0, 0
0, 0, 0, 0, 0, 0, 0
0, 0, 0, 0, 0, 0, 0
0, 0, 0, 0, 0, 0, 0
0, 0, 0, 0, 0, 0, 0
0, 0, 0, 0, 0, 0, 0
0, 0, 0, 0, 0, 0, 0
0, 0, 0, 0, 0, 0, 0
0, 0, 0, 0, 0, 0, 0
0, 0, 0, 0, 0, 0, 0
0, 0, 0, 0, 0, 0, 0
0, 0, 0, 0, 0, 0, 0
0, 0, 0, 0, 0, 0, 0
0, 0, 0, 0, 0, 0, 0
0, 0, 0, 0, 0, 0, 0
0, 0, 0, 0, 0, 0, 0
0, 0, 0, 0, 0, 0, 0
0, 0, 0, 0, 0, 0, 0
0, 0, 0, 0, 0, 0, 0
0, 0, 0, 0, 0, 0, 0
0, 0, 0, 0, 0, 0, 0
0, 0, 0, 0, 0, 0, 0
0, 0, 0, 0, 0, 0, 0
0, 0, 0, 0, 0, 0, 0
0, 0, 0, 0, 0, 0, 0
0, 0, 0, 0, 0, 0, 0
0, 0, 0, 0, 0, 0, 0
0, 0, 0, 0, 0, 0, 0
0, 0, 0, 0, 0, 0, 0
0, 0, 0, 0, 0, 0, 0
0, 0, 0, 0, 0, 0, 0
0, 0, 0, 0, 0, 0, 0
0, 0, 0, 0, 0, 0, 0
0, 0, 0, 0, 0, 0, 0
0, 0, 0, 0, 0, 0, 0
0, 0, 0, 0, 0, 0, 0
0, 0, 0, 0, 0, 0, 0
0, 0, 0, 0, 0, 0, 0
0, 0, 0, 0, 0, 0, 0
0, 0, 0, 0, 0, 0, 0
0, 0, 0, 0, 0, 0, 0
0, 0, 0, 0, 0, 0, 0
0, 0, 0, 0, 0, 0, 0
0, 0, 0, 0, 0, 0, 0
0, 0, 0, 0, 0, 0, 0
0, 0, 0, 0, 0, 0, 0
0, 0, 0, 0, 0, 0, 0
0, 0, 0, 0, 0, 0, 0
0, 0, 0, 0, 0, 0, 0
0, 0, 0, 0, 0, 0, 0
0, 0, 0, 0, 0, 0, 0
0, 0, 0, 0, 0, 0, 0
0, 0, 0, 0, 0, 0, 0
0, 0, 0, 0, 0, 0, 0
0, 0, 0, 0, 0, 0, 0
0, 0, 0, 0, 0, 0, 0
0, 0, 0, 0, 0, 0, 0
0, 0, 0, 0, 0, 0, 0
0, 0, 0, 0, 0, 0, 0
0, 0, 0, 0, 0, 0, 0
0, 0, 0, 0, 0, 0, 0
0, 0, 0, 0, 0, 0, 0
0, 0, 0, 0, 0, 0, 0
0, 0, 0, 0, 0, 0, 0
0, 0, 0, 0, 0, 0, 0
0, 0, 0, 0, 0, 0, 0
0, 0, 0, 0, 0, 0, 0
0, 0, 0, 0, 0, 0, 0
0, 0, 0, 0, 0, 0, 0
0, 0, 0, 0, 0, 0, 0
0, 0, 0, 0, 0, 0, 0
0, 0, 0, 0, 0, 0, 0
0, 0, 0, 0, 0, 0, 0
0, 0, 0, 0, 0, 0, 0
0, 0, 0, 0, 0, 0, 0
0, 0, 0, 0, 0, 0, 0
0, 0, 0, 0, 0, 0, 0
0, 0, 0, 0, 0, 0, 0
0, 0, 0, 0, 0, 0, 0
0, 0, 0, 0, 0, 0, 0
0, 0, 0, 0, 0, 0, 0
0, 0, 0, 0, 0, 0, 0
0, 0, 0, 0, 0, 0, 0
0, 0, 0, 0, 0, 0, 0
0, 0, 0, 0, 0, 0, 0
0, 0, 0, 0, 0, 0, 0
0, 0, 0, 0, 0, 0, 0
0, 0, 0, 0, 0, 0, 0
0, 0, 0, 0, 0, 0, 0
0, 0, 0, 0, 0, 0, 0
0, 0, 0, 0, 0, 0, 0
0, 0, 0, 0, 0, 0, 0
0, 0, 0, 0, 0, 0, 0
0, 0, 0, 0, 0, 0, 0
0, 0, 0, 0, 0, 0, 0
0, 0, 0, 0, 0, 0, 0
0, 0, 0, 0, 0, 0, 0
0, 0, 0, 0, 0, 0, 0
0, 0, 0, 0, 0, 0, 0
0, 0, 0, 0, 0, 0, 0
0, 0, 0, 0, 0, 0, 0
0, 0, 0, 0, 0, 0, 0
0, 0, 0, 0, 0, 0, 0
0, 0, 0, 0, 0, 0, 0
0, 0, 0, 0, 0, 0, 0
0, 0, 0, 0, 0, 0, 0
0, 0, 0, 0, 0, 0, 0
0, 0, 0, 0, 0, 0, 0
0, 0, 0, 0, 0, 0, 0
0, 0, 0, 0, 0, 0, 0
0, 0, 0, 0, 0, 0, 0
0, 0, 0, 0, 0, 0, 0
0, 0, 0, 0, 0, 0, 0
0, 0, 0, 0, 0, 0, 0
0, 0, 0, 0, 0, 0, 0
0, 0, 0, 0, 0, 0, 0
0, 0, 0, 0, 0, 0, 0
0, 0, 0, 0, 0, 0, 0
0, 0, 0, 0, 0, 0, 0
0, 0, 0, 0, 0, 0, 0
0, 0, 0, 0, 0, 0, 0
0, 0, 0, 0, 0, 0, 0
0, 0, 0, 0, 0, 0, 0
0, 0, 0, 0, 0, 0, 0
0, 0, 0, 0, 0, 0, 0
0, 0, 0, 0, 0, 0, 0
0, 0, 0, 0, 0, 0, 0
0, 0, 0, 0, 0, 0, 0
0, 0, 0, 0, 0, 0, 0
0, 0, 0, 0, 0, 0, 0
0, 0, 0, 0, 0, 0, 0
0, 0, 0, 0, 0, 0, 0
0, 0, 0, 0, 0, 0, 0
0, 0, 0, 0, 0, 0, 0
0, 0, 0, 0, 0, 0, 0
0, 0, 0, 0, 0, 0, 0
0, 0, 0, 0, 0, 0, 0
0, 0, 0, 0, 0, 0, 0
0, 0, 0, 0, 0, 0, 0
0, 0, 0, 0, 0, 0, 0
0, 0, 0, 0, 0, 0, 0
0, 0, 0, 0, 0, 0, 0
0, 0, 0, 0, 0, 0, 0
0, 0, 0, 0, 0, 0, 0
0, 0, 0, 0, 0, 0, 0
0, 0, 0, 0, 0, 0, 0
0, 0, 0, 0, 0, 0, 0
0, 0, 0, 0, 0, 0, 0
0, 0, 0, 0, 0, 0, 0
0, 0, 0, 0, 0, 0, 0
0, 0, 0, 0, 0, 0, 0
0, 0, 0, 0, 0, 0, 0
0, 0, 0, 0, 0, 0, 0
0, 0, 0, 0, 0, 0, 0
0, 0, 0, 0, 0, 0, 0
0, 0, 0, 0, 0, 0, 0
0, 0, 0, 0, 0, 0, 0
0, 0, 0, 0, 0, 0, 0
0, 0, 0, 0, 0, 0, 0
0, 0, 0, 0, 0, 0, 0
0, 0, 0, 0, 0, 0, 0
0, 0, 0, 0, 0, 0, 0
0, 0, 0, 0, 0, 0, 0
0, 0, 0, 0, 0, 0, 0
0, 0, 0, 0, 0, 0, 0
0, 0, 0, 0, 0, 0, 0
0, 0, 0, 0, 0, 0, 0
0, 0, 0, 0, 0, 0, 0
0, 0, 0, 0, 0, 0, 0
0, 0, 0, 0, 0, 0, 0
0, 0, 0, 0, 0, 0, 0
0, 0, 0, 0, 0, 0, 0
0, 0, 0, 0, 0, 0, 0
0, 0, 0, 0, 0, 0, 0
0, 0, 0, 0, 0, 0, 0
0, 0, 0, 0, 0, 0, 0
0, 0, 0, 0, 0, 0, 0
0, 0, 0, 0, 0, 0, 0
0, 0, 0, 0, 0, 0, 0
0, 0, 0, 0, 0, 0, 0
0, 0, 0, 0, 0, 0, 0
0, 0, 0, 0, 0, 0, 0
0, 0, 0, 0, 0, 0, 0
0, 0, 0, 0, 0, 0, 0
0, 0, 0, 0, 0, 0, 0
0, 0, 0, 0, 0, 0, 0
0, 0, 0, 0, 0, 0, 0
0, 0, 0, 0, 0, 0, 0
0, 0, 0, 0, 0, 0, 0
0, 0, 0, 0, 0, 0, 0
0, 0, 0, 0, 0, 0, 0
0, 0, 0, 0, 0, 0, 0
0, 0, 0, 0, 0, 0, 0
0, 0, 0, 0, 0, 0, 0
0, 0, 0, 0, 0, 0, 0
0, 0, 0, 0, 0, 0, 0
0, 0, 0, 0, 0, 0, 0
0, 0, 0, 0, 0, 0, 0
0, 0, 0, 0, 0, 0, 0
0, 0, 0, 0, 0, 0, 0
0, 0, 0, 0, 0, 0, 0
0, 0, 0, 0, 0, 0, 0
0, 0, 0, 0, 0, 0, 0
0, 0, 0, 0, 0, 0, 0
0, 0, 0, 0, 0, 0, 0
0, 0, 0, 0, 0, 0, 0
0, 0, 0, 0, 0, 0, 0
0, 0, 0, 0, 0, 0, 0
0, 0, 0, 0, 0, 0, 0
0, 0, 0, 0, 0, 0, 0
0, 0, 0, 0, 0, 0, 0
0, 0, 0, 0, 0, 0, 0
0, 0, 0, 0, 0, 0, 0
0, 0, 0, 0, 0, 0, 0
0, 0, 0, 0, 0, 0, 0
0, 0, 0, 0, 0, 0, 0
0, 0, 0, 0, 0, 0, 0
0, 0, 0, 0, 0, 0, 0
0, 0, 0, 0, 0, 0, 0
0, 0, 0, 0, 0, 0, 0
0, 0, 0, 0, 0, 0, 0
0, 0, 0, 0, 0, 0, 0
0, 0, 0, 0, 0, 0, 0
0, 0, 0, 0, 0, 0, 0
0, 0, 0, 0, 0, 0, 0
0, 0, 0, 0, 0, 0, 0
0, 0, 0, 0, 0, 0, 0
0, 0, 0, 0, 0, 0, 0
0, 0, 0, 0, 0, 0, 0
0, 0, 0, 0, 0, 0, 0
0, 0, 0, 0, 0, 0, 0
0, 0, 0, 0, 0, 0, 0
0, 0, 0, 0, 0, 0, 0
0, 0, 0, 0, 0, 0, 0
0, 0, 0, 0, 0, 0, 0
0, 0, 0, 0, 0, 0, 0
0, 0, 0, 0, 0, 0, 0
0, 0, 0, 0, 0, 0, 0
0, 0, 0, 0, 0, 0, 0
0, 0, 0, 0, 0, 0, 0
0, 0, 0, 0, 0, 0, 0
0, 0, 0, 0, 0, 0, 0
0, 0, 0, 0, 0, 0, 0
0, 0, 0, 0, 0, 0, 0
0, 0, 0, 0, 0, 0, 0
0, 0, 0, 0, 0, 0, 0
0, 0, 0, 0, 0, 0, 0
0, 0, 0, 0, 0, 0, 0
0, 0, 0, 0, 0, 0, 0
0, 0, 0, 0, 0, 0, 0
0, 0, 0, 0, 0, 0, 0
0, 0, 0, 0, 0, 0, 0
0, 0, 0, 0, 0, 0, 0
0, 0, 0, 0, 0, 0, 0
0, 0, 0, 0, 0, 0, 0
0, 0, 0, 0, 0, 0, 0
0, 0, 0, 0, 0, 0, 0
0, 0, 0, 0, 0, 0, 0
0, 0, 0, 0, 0, 0, 0
0, 0, 0, 0, 0, 0, 0
0, 0, 0, 0, 0, 0, 0
0, 0, 0, 0, 0, 0, 0
0, 0, 0, 0, 0, 0, 0
0, 0, 0, 0, 0, 0, 0
0, 0, 0, 0, 0, 0, 0
0, 0, 0, 0, 0, 0, 0
0, 0, 0, 0, 0, 0, 0
0, 0, 0, 0, 0, 0, 0
0, 0, 0, 0, 0, 0, 0
0, 0, 0, 0, 0, 0, 0
0, 0, 0, 0, 0, 0, 0
0, 0, 0, 0, 0, 0, 0
0, 0, 0, 0, 0, 0, 0
0, 0, 0, 0, 0, 0, 0
0, 0, 0, 0, 0, 0, 0
0, 0, 0, 0, 0, 0, 0
0, 0, 0, 0, 0, 0, 0
0, 0, 0, 0, 0, 0, 0
0, 0, 0, 0, 0, 0, 0
0, 0, 0, 0, 0, 0, 0
0, 0, 0, 0, 0, 0, 0
0, 0, 0, 0, 0, 0, 0
0, 0, 0, 0, 0, 0, 0
0, 0, 0, 0, 0, 0, 0
0, 0, 0, 0, 0, 0, 0
0, 0, 0, 0, 0, 0, 0
0, 0, 0, 0, 0, 0, 0
0, 0, 0, 0, 0, 0, 0
0, 0, 0, 0, 0, 0, 0
0, 0, 0, 0, 0, 0, 0
0, 0, 0, 0, 0, 0, 0
0, 0, 0, 0, 0, 0, 0
0, 0, 0, 0, 0, 0, 0
0, 0, 0, 0, 0, 0, 0
0, 0, 0, 0, 0, 0, 0
0, 0, 0, 0, 0, 0, 0
0, 0, 0, 0, 0, 0, 0
0, 0, 0, 0, 0, 0, 0
0, 0, 0, 0, 0, 0, 0
0, 0, 0, 0, 0, 0, 0
0, 0, 0, 0, 0, 0, 0
0, 0, 0, 0, 0, 0, 0
0, 0, 0, 0, 0, 0, 0
0, 0, 0, 0, 0, 0, 0
0, 0, 0, 0, 0, 0, 0
0, 0, 0, 0, 0, 0, 0
0, 0, 0, 0, 0, 0, 0
0, 0, 0, 0, 0, 0, 0
0, 0, 0, 0, 0, 0, 0
0, 0, 0, 0, 0, 0, 0
0, 0, 0, 0, 0, 0, 0
0, 0, 0, 0, 0, 0, 0
0, 0, 0, 0, 0, 0, 0
0, 0, 0, 0, 0, 0, 0
0, 0, 0, 0, 0, 0, 0
0, 0, 0, 0, 0, 0, 0
0, 0, 0, 0, 0, 0, 0
0, 0, 0, 0, 0, 0, 0
0, 0, 0, 0, 0, 0, 0
0, 0, 0, 0, 0, 0, 0
0, 0, 0, 0, 0, 0, 0
0, 0, 0, 0, 0, 0, 0
0, 0, 0, 0, 0, 0, 0
0, 0, 0, 0, 0, 0, 0
0, 0, 0, 0, 0, 0, 0
0, 0, 0, 0, 0, 0, 0
0, 0, 0, 0, 0, 0, 0
0, 0, 0, 0, 0, 0, 0
0, 0, 0, 0, 0, 0, 0
0, 0, 0, 0, 0, 0, 0
0, 0, 0, 0, 0, 0, 0
0, 0, 0, 0, 0, 0, 0
0, 0, 0, 0, 0, 0, 0
0, 0, 0, 0, 0, 0, 0
0, 0, 0, 0, 0, 0, 0
0, 0, 0, 0, 0, 0, 0
0, 0, 0, 0, 0, 0, 0
0, 0, 0, 0, 0, 0, 0
0, 0, 0, 0, 0, 0, 0
0, 0, 0, 0, 0, 0, 0
0, 0, 0, 0, 0, 0, 0
0, 0, 0, 0, 0, 0, 0
0, 0, 0, 0, 0, 0, 0
0, 0, 0, 0, 0, 0, 0
0, 0, 0, 0, 0, 0, 0
0, 0, 0, 0, 0, 0, 0
0, 0, 0, 0, 0, 0, 0
0, 0, 0, 0, 0, 0, 0
0, 0, 0, 0, 0, 0, 0
0, 0, 0, 0, 0, 0, 0
0, 0, 0, 0, 0, 0, 0
0, 0, 0, 0, 0, 0, 0
0, 0, 0, 0, 0, 0, 0
0, 0, 0, 0, 0, 0, 0
0, 0, 0, 0, 0, 0, 0
0, 0, 0, 0, 0, 0, 0
0, 0, 0, 0, 0, 0, 0
0, 0, 0, 0, 0, 0, 0
0, 0, 0, 0, 0, 0, 0
0, 0, 0, 0, 0, 0, 0
0, 0, 0, 0, 0, 0, 0
0, 0, 0, 0, 0, 0, 0
0, 0, 0, 0, 0, 0, 0
0, 0, 0, 0, 0, 0, 0
0, 0, 0, 0, 0, 0, 0
0, 0, 0, 0, 0, 0, 0
0, 0, 0, 0, 0, 0, 0
0, 0, 0, 0, 0, 0, 0
0, 0, 0, 0, 0, 0, 0
0, 0, 0, 0, 0, 0, 0
0, 0, 0, 0, 0, 0, 0
0, 0, 0, 0, 0, 0, 0
0, 0, 0, 0, 0, 0, 0
0, 0, 0, 0, 0, 0, 0
0, 0, 0, 0, 0, 0, 0
0, 0, 0, 0, 0, 0, 0
0, 0, 0, 0, 0, 0, 0
0, 0, 0, 0, 0, 0, 0
0, 0, 0, 0, 0, 0, 0
0, 0, 0, 0, 0, 0, 0
0, 0, 0, 0, 0, 0, 0
0, 0, 0, 0, 0, 0, 0
0, 0, 0, 0, 0, 0, 0
0, 0, 0, 0, 0, 0, 0
0, 0, 0, 0, 0, 0, 0
0, 0, 0, 0, 0, 0, 0
0, 0, 0, 0, 0, 0, 0
0, 0, 0, 0, 0, 0, 0
0, 0, 0, 0, 0, 0, 0
0, 0, 0, 0, 0, 0, 0
0, 0, 0, 0, 0, 0, 0
0, 0, 0, 0, 0, 0, 0
0, 0, 0, 0, 0, 0, 0
0, 0, 0, 0, 0, 0, 0
0, 0, 0, 0, 0, 0, 0
0, 0, 0, 0, 0, 0, 0
0, 0, 0, 0, 0, 0, 0
0, 0, 0, 0, 0, 0, 0
0, 0, 0, 0, 0, 0, 0
0, 0, 0, 0, 0, 0, 0
0, 0, 0, 0, 0, 0, 0
0, 0, 0, 0, 0, 0, 0
0, 0, 0, 0, 0, 0, 0
0, 0, 0, 0, 0, 0, 0
0, 0, 0, 0, 0, 0, 0
0, 0, 0, 0, 0, 0, 0
0, 0, 0, 0, 0, 0, 0
0, 0, 0, 0, 0, 0, 0
0, 0, 0, 0, 0, 0, 0
0, 0, 0, 0, 0, 0, 0
0, 0, 0, 0, 0, 0, 0
0, 0, 0, 0, 0, 0, 0
0, 0, 0, 0, 0, 0, 0
0, 0, 0, 0, 0, 0, 0
0, 0, 0, 0, 0, 0, 0
0, 0, 0, 0, 0, 0, 0
0, 0, 0, 0, 0, 0, 0
0, 0, 0, 0, 0, 0, 0
0, 0, 0, 0, 0, 0, 0
0, 0, 0, 0, 0, 0, 0
0, 0, 0, 0, 0, 0, 0
0, 0, 0, 0, 0, 0, 0
0, 0, 0, 0, 0, 0, 0
0, 0, 0, 0, 0, 0, 0
0, 0, 0, 0, 0, 0, 0
0, 0, 0, 0, 0, 0, 0
0, 0, 0, 0, 0, 0, 0
0, 0, 0, 0, 0, 0, 0
0, 0, 0, 0, 0, 0, 0
0, 0, 0, 0, 0, 0, 0
0, 0, 0, 0, 0, 0, 0
0, 0, 0, 0, 0, 0, 0
0, 0, 0, 0, 0, 0, 0
0, 0, 0, 0, 0, 0, 0
0, 0, 0, 0, 0, 0, 0
0, 0, 0, 0, 0, 0, 0
0, 0, 0, 0, 0, 0, 0
0, 0, 0, 0, 0, 0, 0
0, 0, 0, 0, 0, 0, 0
0, 0, 0, 0, 0, 0, 0
0, 0, 0, 0, 0, 0, 0
0, 0, 0, 0, 0, 0, 0
0, 0, 0, 0, 0, 0, 0
0, 0, 0, 0, 0, 0, 0
0, 0, 0, 0, 0, 0, 0
0, 0, 0, 0, 0, 0, 0
0, 0, 0, 0, 0, 0, 0
0, 0, 0, 0, 0, 0, 0
0, 0, 0, 0, 0, 0, 0
0, 0, 0, 0, 0, 0, 0
0, 0, 0, 0, 0, 0, 0
0, 0, 0, 0, 0, 0, 0
0, 0, 0, 0, 0, 0, 0
0, 0, 0, 0, 0, 0, 0
0, 0, 0, 0, 0, 0, 0
0, 0, 0, 0, 0, 0, 0
0, 0, 0, 0, 0, 0, 0
0, 0, 0, 0, 0, 0, 0
0, 0, 0, 0, 0, 0, 0
0, 0, 0, 0, 0, 0, 0
0, 0, 0, 0, 0, 0, 0
0, 0, 0, 0, 0, 0, 0
0, 0, 0, 0, 0, 0, 0
0, 0, 0, 0, 0, 0, 0
0, 0, 0, 0, 0, 0, 0
0, 0, 0, 0, 0, 0, 0
0, 0, 0, 0, 0, 0, 0
0, 0, 0, 0, 0, 0, 0
0, 0, 0, 0, 0, 0, 0
0, 0, 0, 0, 0, 0, 0
0, 0, 0, 0, 0, 0, 0
0, 0, 0, 0, 0, 0, 0
0, 0, 0, 0, 0, 0, 0
0, 0, 0, 0, 0, 0, 0
0, 0, 0, 0, 0, 0, 0
0, 0, 0, 0, 0, 0, 0
0, 0, 0, 0, 0, 0, 0
0, 0, 0, 0, 0, 0, 0
0, 0, 0, 0, 0, 0, 0
0, 0, 0, 0, 0, 0, 0
0, 0, 0, 0, 0, 0, 0
0, 0, 0, 0, 0, 0, 0
0, 0, 0, 0, 0, 0, 0
0, 0, 0, 0, 0, 0, 0
0, 0, 0, 0, 0, 0, 0
0, 0, 0, 0, 0, 0, 0
0, 0, 0, 0, 0, 0, 0
0, 0, 0, 0, 0, 0, 0
0, 0, 0, 0, 0, 0, 0
0, 0, 0, 0, 0, 0, 0
0, 0, 0, 0, 0, 0, 0
0, 0, 0, 0, 0, 0, 0
0, 0, 0, 0, 0, 0, 0
0, 0, 0, 0, 0, 0, 0
0, 0, 0, 0, 0, 0, 0
0, 0, 0, 0, 0, 0, 0
0, 0, 0, 0, 0, 0, 0
0, 0, 0, 0, 0, 0, 0
0, 0, 0, 0, 0, 0, 0
0, 0, 0, 0, 0, 0, 0
0, 0, 0, 0, 0, 0, 0
0, 0, 0, 0, 0, 0, 0
0, 0, 0, 0, 0, 0, 0
0, 0, 0, 0, 0, 0, 0
0, 0, 0, 0, 0, 0, 0
0, 0, 0, 0, 0, 0, 0
0, 0, 0, 0, 0, 0, 0
0, 0, 0, 0, 0, 0, 0
0, 0, 0, 0, 0, 0, 0
0, 0, 0, 0, 0, 0, 0
0, 0, 0, 0, 0, 0, 0
0, 0, 0, 0, 0, 0, 0
0, 0, 0, 0, 0, 0, 0
0, 0, 0, 0, 0, 0, 0
0, 0, 0, 0, 0, 0, 0
0, 0, 0, 0, 0, 0, 0
0, 0, 0, 0, 0, 0, 0
0, 0, 0, 0, 0, 0, 0
0, 0, 0, 0, 0, 0, 0
0, 0, 0, 0, 0, 0, 0
0, 0, 0, 0, 0, 0, 0
0, 0, 0, 0, 0, 0, 0
0, 0, 0, 0, 0, 0, 0
0, 0, 0, 0, 0, 0, 0
0, 0, 0, 0, 0, 0, 0
0, 0, 0, 0, 0, 0, 0
0, 0, 0, 0, 0, 0, 0
0, 0, 0, 0, 0, 0, 0
0, 0, 0, 0, 0, 0, 0
0, 0, 0, 0, 0, 0, 0
0, 0, 0, 0, 0, 0, 0
0, 0, 0, 0, 0, 0, 0
0, 0, 0, 0, 0, 0, 0
0, 0, 0, 0, 0, 0, 0
0, 0, 0, 0, 0, 0, 0
0, 0, 0, 0, 0, 0, 0
0, 0, 0, 0, 0, 0, 0
0, 0, 0, 0, 0, 0, 0
0, 0, 0, 0, 0, 0, 0
0, 0, 0, 0, 0, 0, 0
0, 0, 0, 0, 0, 0, 0
0, 0, 0, 0, 0, 0, 0
0, 0, 0, 0, 0, 0, 0
0, 0, 0, 0, 0, 0, 0
0, 0, 0, 0, 0, 0, 0
0, 0, 0, 0, 0, 0, 0
0, 0, 0, 0, 0, 0, 0
0, 0, 0, 0, 0, 0, 0
0, 0, 0, 0, 0, 0, 0
0, 0, 0, 0, 0, 0, 0
0, 0, 0, 0, 0, 0, 0
0, 0, 0, 0, 0, 0, 0
0, 0, 0, 0, 0, 0, 0
0, 0, 0, 0, 0, 0, 0
0, 0, 0, 0, 0, 0, 0
0, 0, 0, 0, 0, 0, 0
0, 0, 0, 0, 0, 0, 0
0, 0, 0, 0, 0, 0, 0
0, 0, 0, 0, 0, 0, 0
0, 0, 0, 0, 0, 0, 0
0, 0, 0, 0, 0, 0, 0
0, 0, 0, 0, 0, 0, 0
0, 0, 0, 0, 0, 0, 0
0, 0, 0, 0, 0, 0, 0
0, 0, 0, 0, 0, 0, 0
0, 0, 0, 0, 0, 0, 0
0, 0, 0, 0, 0, 0, 0
0, 0, 0, 0, 0, 0, 0
0, 0, 0, 0, 0, 0, 0
0, 0, 0, 0, 0, 0, 0
0, 0, 0, 0, 0, 0, 0
0, 0, 0, 0, 0, 0, 0
0, 0, 0, 0, 0, 0, 0
0, 0, 0, 0, 0, 0, 0
0, 0, 0, 0, 0, 0, 0
0, 0, 0, 0, 0, 0, 0
0, 0, 0, 0, 0, 0, 0
0, 0, 0, 0, 0, 0, 0
0, 0, 0, 0, 0, 0, 0
0, 0, 0, 0, 0, 0, 0
0, 0, 0, 0, 0, 0, 0
0, 0, 0, 0, 0, 0, 0
0, 0, 0, 0, 0, 0, 0
0, 0, 0, 0, 0, 0, 0
0, 0, 0, 0, 0, 0, 0
0, 0, 0, 0, 0, 0, 0
0, 0, 0, 0, 0, 0, 0
0, 0, 0, 0, 0, 0, 0
0, 0, 0, 0, 0, 0, 0
0, 0, 0, 0, 0, 0, 0
0, 0, 0, 0, 0, 0, 0
0, 0, 0, 0, 0, 0, 0
0, 0, 0, 0, 0, 0, 0
0, 0, 0, 0, 0, 0, 0
0, 0, 0, 0, 0, 0, 0
0, 0, 0, 0, 0, 0, 0
0, 0, 0, 0, 0, 0, 0
0, 0, 0, 0, 0, 0, 0
0, 0, 0, 0, 0, 0, 0
0, 0, 0, 0, 0, 0, 0
0, 0, 0, 0, 0, 0, 0
0, 0, 0, 0, 0, 0, 0
0, 0, 0, 0, 0, 0, 0
0, 0, 0, 0, 0, 0, 0
0, 0, 0, 0, 0, 0, 0
0, 0, 0, 0, 0, 0, 0
0, 0, 0, 0, 0, 0, 0
0, 0, 0, 0, 0, 0, 0
0, 0, 0, 0, 0, 0, 0
0, 0, 0, 0, 0, 0, 0
0, 0, 0, 0, 0, 0, 0
0, 0, 0, 0, 0, 0, 0
0, 0, 0, 0, 0, 0, 0
0, 0, 0, 0, 0, 0, 0
0, 0, 0, 0, 0, 0, 0
0, 0, 0, 0, 0, 0, 0
0, 0, 0, 0, 0, 0, 0
0, 0, 0, 0, 0, 0, 0
0, 0, 0, 0, 0, 0, 0
0, 0, 0, 0, 0, 0, 0
0, 0, 0, 0, 0, 0, 0
0, 0, 0, 0, 0, 0, 0
0, 0, 0, 0, 0, 0, 0
0, 0, 0, 0, 0, 0, 0
0, 0, 0, 0, 0, 0, 0
0, 0, 0, 0, 0, 0, 0
0, 0, 0, 0, 0, 0, 0
0, 0, 0, 0, 0, 0, 0
0, 0, 0, 0, 0, 0, 0
0, 0, 0, 0, 0, 0, 0
0, 0, 0, 0, 0, 0, 0
0, 0, 0, 0, 0, 0, 0
0, 0, 0, 0, 0, 0, 0
0, 0, 0, 0, 0, 0, 0
0, 0, 0, 0, 0, 0, 0
0, 0, 0, 0, 0, 0, 0
0, 0, 0, 0, 0, 0, 0
0, 0, 0, 0, 0, 0, 0
0, 0, 0, 0, 0, 0, 0
0, 0, 0, 0, 0, 0, 0
0, 0, 0, 0, 0, 0, 0
0, 0, 0, 0, 0, 0, 0
0, 0, 0, 0, 0, 0, 0
0, 0, 0, 0, 0, 0, 0
0, 0, 0, 0, 0, 0, 0
0, 0, 0, 0, 0, 0, 0
0, 0, 0, 0, 0, 0, 0
0, 0, 0, 0, 0, 0, 0
0, 0, 0, 0, 0, 0, 0
0, 0, 0, 0, 0, 0, 0
0, 0, 0, 0, 0, 0, 0
0, 0, 0, 0, 0, 0, 0
0, 0, 0, 0, 0, 0, 0
0, 0, 0, 0, 0, 0, 0
0, 0, 0, 0, 0, 0, 0
0, 0, 0, 0, 0, 0, 0
0, 0, 0, 0, 0, 0, 0
0, 0, 0, 0, 0, 0, 0
0, 0, 0, 0, 0, 0, 0
0, 0, 0, 0, 0, 0, 0
0, 0, 0, 0, 0, 0, 0
0, 0, 0, 0, 0, 0, 0
0, 0, 0, 0, 0, 0, 0
0, 0, 0, 0, 0, 0, 0
0, 0, 0, 0, 0, 0, 0
0, 0, 0, 0, 0, 0, 0
0, 0, 0, 0, 0, 0, 0
0, 0, 0, 0, 0, 0, 0
0, 0, 0, 0, 0, 0, 0
0, 0, 0, 0, 0, 0, 0
0, 0, 0, 0, 0, 0, 0
0, 0, 0, 0, 0, 0, 0
0, 0, 0, 0, 0, 0, 0
0, 0, 0, 0, 0, 0, 0
0, 0, 0, 0, 0, 0, 0
0, 0, 0, 0, 0, 0, 0
0, 0, 0, 0, 0, 0, 0
0, 0, 0, 0, 0, 0, 0
0, 0, 0, 0, 0, 0, 0
0, 0, 0, 0, 0, 0, 0
0, 0, 0, 0, 0, 0, 0
0, 0, 0, 0, 0, 0, 0
0, 0, 0, 0, 0, 0, 0
0, 0, 0, 0, 0, 0, 0
0, 0, 0, 0, 0, 0, 0
0, 0, 0, 0, 0, 0, 0
0, 0, 0, 0, 0, 0, 0
0, 0, 0, 0, 0, 0, 0
0, 0, 0, 0, 0, 0, 0
0, 0, 0, 0, 0, 0, 0
0, 0, 0, 0, 0, 0, 0
0, 0, 0, 0, 0, 0, 0
0, 0, 0, 0, 0, 0, 0
0, 0, 0, 0, 0, 0, 0
0, 0, 0, 0, 0, 0, 0
0, 0, 0, 0, 0, 0, 0
0, 0, 0, 0, 0, 0, 0
0, 0, 0, 0, 0, 0, 0
0, 0, 0, 0, 0, 0, 0
8.883495, 9.042895, 9.25010625, 9.4846491, 9.6984333, 11.765596479999976, 32.855096
8.898384, 9.058955999999998, 9.251283, 9.5533128, 9.82926515, 16.25468784, 32.855096
8.88214325, 9.050111999999999, 9.243631, 9.5161365, 9.78272815, 16.061903519999998, 23.303856
8.872991, 9.028934, 9.2179755, 9.4648913, 9.70084155, 11.999769759999975, 36.893046
8.87623875, 9.0313685, 9.22453325, 9.5070966, 9.6972295, 13.260779679999999, 32.855096
8.888497749999999, 9.041795, 9.247754, 9.5183299, 9.76723305, 14.432891989999998, 32.855096
8.892790250000001, 9.050581, 9.239616, 9.493897, 9.7613662, 14.90866716999999, 32.855096
8.887485, 9.044959500000001, 9.250391, 9.5102319, 9.72399615, 11.453371329999998, 19.587514
8.8966755, 9.033891, 9.2333475, 9.5284431, 9.7685258, 14.783211649999997, 23.303856
8.875803, 9.038328499999999, 9.24330625, 9.5107306, 9.7234867, 10.284772189999995, 52.853195
8.8779345, 9.0331405, 9.23250175, 9.5042532, 9.73474125, 16.253665899999998, 32.855096
8.892973249999999, 9.0461675, 9.24994, 9.5267638, 9.741038699999999, 11.450488, 52.853195
8.879041999999998, 9.042525000000001, 9.24232075, 9.508123300000001, 9.767620849999998, 16.253665899999998, 19.892145
8.88712, 9.0373775, 9.220238, 9.4947206, 9.7091203, 13.488560829999997, 32.855096
8.8934935, 9.046616499999999, 9.25354775, 9.576190500000001, 9.8470946, 14.421194619999994, 23.303856
8.8884085, 9.0365085, 9.2322985, 9.4925902, 9.77878325, 15.874907839999999, 36.893046
8.890033, 9.0392805, 9.238493499999999, 9.5056914, 9.6921523, 10.586719659999998, 52.853195
8.883453, 9.0296555, 9.2248025, 9.5107306, 9.767403649999999, 14.731487, 32.855096
8.897687, 9.05406, 9.25006725, 9.5319314, 9.78633, 14.79108599999999, 24.370709
8.888187250000001, 9.052709, 9.26514, 9.5377847, 9.73989055, 16.108532, 20.217992
8.8929445, 9.047634, 9.23836975, 9.479545400000001, 9.6945553, 16.722508529999995, 32.855096
8.880177999999999, 9.049389999999999, 9.242067500000001, 9.499914200000001, 9.708996, 11.134839079999999, 17.997995
8.890048499999999, 9.050236, 9.25313725, 9.5339688, 9.79559585, 16.25468784, 36.893046
8.885522, 9.0323005, 9.22128175, 9.453113, 9.70483795, 13.232364, 21.371576
8.8915145, 9.038251500000001, 9.222470000000001, 9.478955, 9.7405376, 14.43134543, 52.853195
8.880416, 9.040604, 9.21535725, 9.456118900000002, 9.73061035, 14.905645829999994, 24.370709
8.8905885, 9.0441325, 9.239521, 9.5116438, 9.765848349999999, 15.573435339999996, 32.855096
8.886603999999998, 9.025677, 9.232883750000001, 9.4873384, 9.69269565, 11.741380109999998, 19.892145
8.885306, 9.040044, 9.2258345, 9.516110000000001, 9.74821725, 16.108532, 19.656824
8.872125, 9.001126500000002, 9.18841725, 9.4567853, 9.905263, 11.725811069999995, 37.448702
8.869289, 9.007918, 9.182778, 9.461483, 10.0134674, 11.970292, 37.448702
8.86919275, 9.003693, 9.185687, 9.455518, 10.00353855, 11.999423279999998, 35.487972
8.866547, 9.001827500000001, 9.17901125, 9.4522341, 9.992884999999998, 11.938839599999994, 16.295498
8.86609525, 9.0007825, 9.17068525, 9.4445506, 9.9923587, 11.993602939999997, 37.448702
8.86496425, 9.0071105, 9.173783, 9.421503699999999, 9.918443799999999, 11.996181629999937, 37.448702
8.864466499999999, 9.0028155, 9.179336500000002, 9.457346, 10.014267949999995, 11.903409949999995, 35.487972
8.86230225, 9.005659, 9.17833475, 9.440626100000001, 9.93106605, 11.718711779999994, 37.448702
8.8626685, 9.000985, 9.176161, 9.4810989, 10.019224099999999, 11.970524529999995, 37.448702
8.8740675, 9.015397, 9.201277750000001, 9.4780486, 9.994541999999997, 12.054631639999997, 37.448702
8.86728875, 9.005398, 9.17651925, 9.468322, 10.1568378, 11.913264409999998, 35.734803
8.85996325, 9.0027845, 9.17502875, 9.4589331, 9.911208599999998, 11.874442, 24.923449
8.8694985, 9.002492499999999, 9.18844725, 9.4655565, 9.92715155, 11.66937058999999, 16.295498
8.867031749999999, 8.997816, 9.17424125, 9.471173, 10.096290999999997, 12.316067529999993, 37.448702
8.863798, 9.006994, 9.17870025, 9.446912600000001, 9.913566649999998, 12.054631639999997, 37.448702
8.865184249999999, 9.004122500000001, 9.17384525, 9.4406543, 9.953264549999998, 12.277909739999998, 24.923449
8.86926975, 9.004397, 9.19193175, 9.455484, 9.94657015, 12.279661009999987, 35.487972
8.865974, 9.0013005, 9.180101, 9.449547, 9.969527649999998, 11.932805169999993, 16.295498
8.871491, 9.0087765, 9.194181, 9.47777, 10.079151799999996, 12.374615839999999, 35.487972
8.8671345, 9.012504, 9.1813675, 9.449547, 9.96183685, 12.073487519999976, 37.448702
8.870082, 9.00573, 9.180444, 9.4430626, 10.052824, 12.05613009999996, 35.330604
8.86965, 8.997372, 9.174587, 9.446912600000001, 9.985579, 11.898029969999996, 37.448702
8.86640375, 9.005268000000001, 9.179454750000001, 9.4452652, 9.931906199999995, 11.903514549999992, 37.448702
8.87022, 9.0032085, 9.18610675, 9.4596711, 10.030596699999998, 12.312431989999995, 16.928153
8.861547999999999, 9.005095, 9.18202625, 9.4216334, 9.91609095, 11.970524529999995, 35.734803
8.8639265, 8.9982385, 9.171261, 9.423070000000001, 9.9108522, 12.055604159999973, 35.487972
8.871932000000001, 9.0087375, 9.178265499999998, 9.455518, 9.969527649999998, 11.970292, 35.487972
8.86566, 9.0038655, 9.186184, 9.468322, 10.0923397, 12.224163349999978, 35.734803
8.860929, 9.005033000000001, 9.187794499999999, 9.4582122, 9.992691599999999, 11.875228479999995, 35.487972
8.86572825, 9.004058, 9.17945675, 9.4584177, 9.916202749999998, 11.913367709999996, 35.487972
8.86249825, 8.998237, 9.17502875, 9.4406848, 9.90801325, 11.897930429999999, 37.448702
8.8623145, 9.000493, 9.1739865, 9.423889299999999, 9.850879149999994, 11.624970209999992, 16.928153
8.877908, 9.013314000000001, 9.190292, 9.469301499999998, 9.92934, 12.27953701999999, 33.51644
8.869183, 9.002518, 9.191826500000001, 9.476799, 9.956609949999997, 12.3281949, 35.487972
8.86955925, 9.003301, 9.182876, 9.451941900000001, 9.941942449999996, 12.222369769999998, 35.734803
8.864104, 8.9985645, 9.1799035, 9.414274299999999, 9.856917, 11.832407149999995, 35.734803
8.868566, 9.003191, 9.171973, 9.443059, 9.918332, 11.816407419999981, 29.227148
8.863331, 9.009162, 9.183142499999999, 9.443538799999999, 10.0650474, 12.27827575999999, 35.487972
8.870433, 9.004057, 9.183269750000001, 9.446214399999999, 10.078642649999999, 12.315919889999996, 35.330604
8.8717335, 9.002993, 9.17833475, 9.4571323, 10.0134674, 11.875314869999993, 24.923449
8.863623, 9.004208, 9.181374250000001, 9.4433063, 9.930965, 11.993602939999997, 37.448702
8.862812, 8.9972305, 9.166037, 9.427106100000001, 9.786741949999996, 11.932830299999992, 35.734803
8.86393275, 8.997689000000001, 9.175975, 9.4322116, 9.965514549999998, 11.933212939999983, 37.448702
8.866547, 9.003299, 9.183142499999999, 9.4960837, 10.097082, 12.169767, 35.330604
8.8611465, 8.999001, 9.18330875, 9.4659612, 9.933648499999997, 11.999339, 35.734803
8.863359, 8.994674, 9.170845250000001, 9.4522341, 9.952616399999995, 11.678355569999999, 35.487972
8.8638465, 9.007716, 9.1788165, 9.454415, 9.930459699999993, 12.279502019999992, 35.487972
8.858805499999999, 8.9931705, 9.173172, 9.445925, 10.061746599999998, 11.993687219999996, 35.330604
8.87933, 9.0127965, 9.19096575, 9.4981688, 10.103760949999998, 11.938931769999993, 35.330604
8.8740185, 8.999775, 9.174627000000001, 9.420474, 9.9053934, 11.932805169999993, 35.734803
8.86855775, 9.007035, 9.1768405, 9.4726862, 10.065412649999999, 11.938839599999994, 33.51644
8.89095525, 9.044043, 9.23557175, 9.4795583, 9.70905785, 11.09785739, 19.213916
8.882283, 9.044351, 9.236002, 9.4840024, 9.7134675, 13.737205269999999, 32.855096
8.89788175, 9.042999, 9.23273875, 9.5056914, 9.77621115, 16.44976985, 21.371576
8.88808525, 9.043856, 9.2367055, 9.4914576, 9.723716249999999, 14.419520179999997, 36.893046
8.89989075, 9.047657000000001, 9.27060525, 9.5348957, 9.800389399999998, 16.40399921, 19.502914
8.878721500000001, 9.0385205, 9.237321, 9.4802763, 9.70808875, 11.972795, 23.303856
8.88301075, 9.0327225, 9.24419925, 9.536277, 9.779460899999998, 16.604573739999996, 52.853195
8.882273, 9.03385, 9.2177545, 9.4772503, 9.72243395, 15.576866649999994, 52.853195
8.875328499999998, 9.039136, 9.24785125, 9.548589, 9.835861999999999, 16.65938649, 23.303856
8.880618250000001, 9.0392405, 9.238363, 9.499107, 9.71154495, 12.012820299999984, 36.893046
8.87614625, 9.038017499999999, 9.24113575, 9.513154700000001, 9.773463549999999, 15.726085739999997, 52.853195
8.872476, 9.0266005, 9.232736, 9.5126569, 9.784372, 16.05114234, 36.893046
8.88825375, 9.052318, 9.2437665, 9.505817, 9.7087202, 16.181786419999998, 36.893046
8.882259999999999, 9.0305875, 9.2256515, 9.4946107, 9.76691195, 14.684074919999986, 19.072953
8.900388, 9.0449095, 9.261045, 9.555096, 9.800049, 14.69174642, 21.371576
0, 0, 0, 0, 0, 0, 0
0, 0, 0, 0, 0, 0, 0
0, 0, 0, 0, 0, 0, 0
0, 0, 0, 0, 0, 0, 0
0, 0, 0, 0, 0, 0, 0
0, 0, 0, 0, 0, 0, 0
0, 0, 0, 0, 0, 0, 0
0, 0, 0, 0, 0, 0, 0
0, 0, 0, 0, 0, 0, 0
0, 0, 0, 0, 0, 0, 0
0, 0, 0, 0, 0, 0, 0
0, 0, 0, 0, 0, 0, 0
0, 0, 0, 0, 0, 0, 0
0, 0, 0, 0, 0, 0, 0
0, 0, 0, 0, 0, 0, 0
0, 0, 0, 0, 0, 0, 0
0, 0, 0, 0, 0, 0, 0
0, 0, 0, 0, 0, 0, 0
0, 0, 0, 0, 0, 0, 0
0, 0, 0, 0, 0, 0, 0
0, 0, 0, 0, 0, 0, 0
0, 0, 0, 0, 0, 0, 0
0, 0, 0, 0, 0, 0, 0
0, 0, 0, 0, 0, 0, 0
0, 0, 0, 0, 0, 0, 0
0, 0, 0, 0, 0, 0, 0
0, 0, 0, 0, 0, 0, 0
0, 0, 0, 0, 0, 0, 0
0, 0, 0, 0, 0, 0, 0
0, 0, 0, 0, 0, 0, 0
0, 0, 0, 0, 0, 0, 0
0, 0, 0, 0, 0, 0, 0
0, 0, 0, 0, 0, 0, 0
0, 0, 0, 0, 0, 0, 0
8.888282, 9.039843000000001, 9.248997750000001, 9.5245473, 9.76127315, 11.255858, 24.370709
8.891253749999999, 9.040451, 9.23468225, 9.5080217, 9.734041, 13.620834839999997, 52.853195
8.869191, 9.0231405, 9.23487575, 9.529137, 9.851707399999999, 13.497840079999989, 52.853195
8.8907805, 9.041155, 9.239259, 9.5197799, 9.8134292, 13.803562, 36.893046
8.887669500000001, 9.03754, 9.2492155, 9.5183224, 9.77637615, 16.10960347, 19.502914
8.88713975, 9.038151, 9.22745725, 9.504607400000001, 9.7169125, 13.623610759999995, 23.303856
8.88743275, 9.032369, 9.23718, 9.4900676, 9.7133824, 14.907164919999992, 21.371576
8.883834, 9.0360005, 9.232294, 9.5196172, 9.72915325, 11.990432399999984, 52.853195
8.8814495, 9.0279795, 9.237156, 9.492802200000002, 9.716260199999999, 13.55488314, 19.645042
8.874137, 9.030632, 9.238278, 9.517100300000001, 9.7671095, 11.812857, 20.217992
8.886119, 9.049343499999999, 9.2377605, 9.4986456, 9.793376199999999, 15.269321199999995, 32.855096
8.877143, 9.0285715, 9.22935675, 9.498347, 9.7863961, 15.574478729999996, 32.855096
8.893301750000001, 9.052638, 9.2421985, 9.5234663, 9.740924999999999, 11.932528599999983, 24.370709
8.888016499999999, 9.048408, 9.232746, 9.484264, 9.76070505, 14.69174642, 32.855096
8.885605250000001, 9.0504715, 9.265524000000001, 9.5694488, 9.84048055, 15.270364589999993, 18.344529
8.8962335, 9.0515735, 9.243007, 9.5107306, 9.8262565, 14.10601301, 21.371576
8.886733, 9.038948999999999, 9.247774, 9.5178004, 9.77280865, 16.114035109999996, 52.853195
8.88340525, 9.033155, 9.21935375, 9.492141600000002, 9.7341068, 10.841940839999998, 19.587514
8.885439, 9.039059, 9.2369205, 9.5552084, 9.79625, 14.69174642, 32.855096
8.897798, 9.0405425, 9.230531, 9.5136533, 9.792288899999999, 16.362384, 52.853195
8.8814495, 9.0441305, 9.2454915, 9.5519398, 9.81769355, 13.617861, 52.853195
8.8826245, 9.0371595, 9.25365425, 9.5160734, 9.771584950000001, 16.40373467, 20.217992
8.8773295, 9.031343, 9.23071375, 9.5255521, 9.766847, 14.607990789999999, 52.853195
8.89036475, 9.0433745, 9.253735, 9.5321821, 9.7560311, 16.03043855, 32.855096
8.888958, 9.048778500000001, 9.228259750000001, 9.4954072, 9.687020200000001, 11.765351259999976, 32.855096
8.8889545, 9.0420825, 9.25017925, 9.495645000000001, 9.7253001, 14.39224006, 32.855096
8.89530375, 9.049593999999999, 9.2583915, 9.5410997, 9.7399329, 11.09827838, 52.853195
8.8785855, 9.030707, 9.2214815, 9.4777527, 9.672821599999999, 16.05114234, 52.853195
8.883394, 9.037451, 9.22215075, 9.478884, 9.68730305, 16.607407809999994, 36.893046
8.89419225, 9.0557975, 9.24756725, 9.517306399999999, 9.733125, 10.89774579, 19.502914
8.87983025, 9.0493245, 9.2583165, 9.532052, 9.764063499999999, 15.269321199999995, 21.371576
8.88649925, 9.043338, 9.24229575, 9.5268927, 9.8001393, 11.453371329999998, 24.370709
8.875352, 9.0367, 9.22952475, 9.490067, 9.682848199999999, 13.729825919999998, 23.303856
8.888359, 9.044543, 9.23905525, 9.5172073, 9.75599035, 14.002109669999998, 36.893046
8.881839, 9.0394875, 9.2306295, 9.5030944, 9.76599785, 15.874409599999998, 23.303856
8.88039025, 9.03546, 9.22449375, 9.4873256, 9.7179522, 11.098637649999999, 19.587514
8.89266675, 9.046068, 9.24713, 9.5318397, 9.8066819, 14.409724019999985, 52.853195
8.88102, 9.046997999999999, 9.25087725, 9.540496, 9.80668955, 16.658843, 32.855096
8.88279025, 9.0364275, 9.22336125, 9.492233, 9.74944665, 14.697063829999994, 21.371576
8.89065125, 9.043905, 9.2354885, 9.500893300000001, 9.76098085, 16.40373467, 52.853195
8.894724, 9.048974, 9.247654, 9.520038600000001, 9.81051555, 16.603723239999997, 36.893046
8.8883455, 9.039242, 9.239672500000001, 9.4842747, 9.7223915, 14.452594749999998, 19.892145
8.882134, 9.0342275, 9.230826, 9.5126569, 9.76127315, 15.876424419999996, 36.893046
8.8772085, 9.0305875, 9.229347, 9.5032754, 9.70100435, 14.393979049999999, 22.552578
8.8878925, 9.044531500000002, 9.24200675, 9.5390864, 9.77404285, 11.261427989999994, 19.656824
8.868851, 9.0033005, 9.1749775, 9.430559, 9.941930549999993, 12.38223143, 35.734803
8.862465, 9.003083499999999, 9.18540875, 9.440294, 9.897551149999998, 11.668561, 35.487972
8.86309875, 8.993078, 9.16699925, 9.4658351, 10.067905, 12.277909739999998, 35.330604
8.86357475, 9.002409499999999, 9.178934, 9.4445506, 9.853739799999998, 11.93305116999999, 33.51644
8.86471825, 8.9988575, 9.170997999999999, 9.4459915, 9.974308199999998, 12.070439959999998, 37.448702
8.86448725, 9.0038935, 9.195214, 9.4840041, 10.033527299999998, 11.874662979999995, 33.51644
8.863480500000001, 8.994522499999999, 9.174539000000001, 9.4285632, 9.856917, 11.933341639999984, 33.51644
8.862677, 9.003507, 9.1862865, 9.4196969, 9.837261949999998, 11.932605699999998, 35.487972
8.858129, 8.9929685, 9.167348500000001, 9.4445625, 9.9920452, 11.938615, 37.448702
8.868716, 9.0031485, 9.178158, 9.434443, 9.8747654, 11.89654, 37.448702
8.8672, 9.004132, 9.176058, 9.4498257, 9.8973157, 11.89654, 35.487972
8.868350750000001, 9.005932, 9.183992, 9.459373600000001, 10.0710147, 11.932546299999998, 15.286468
8.869037250000002, 9.008609, 9.18181425, 9.4605303, 9.985900799999998, 12.054610679999996, 37.448702
8.870184, 9.0005965, 9.173419, 9.4359159, 9.969527649999998, 11.938931769999993, 35.487972
8.867750000000001, 9.004046500000001, 9.173419, 9.4445506, 9.9044194, 11.795355169999997, 24.923449
8.859897, 8.992863499999999, 9.169261500000001, 9.455484, 9.9982166, 11.932958999999993, 35.487972
8.85997375, 8.996087, 9.16683175, 9.4285385, 9.77809, 11.668561, 35.330604
8.867167250000001, 9.004898, 9.179747, 9.441669, 10.004881299999997, 11.938931769999993, 37.448702
8.87413475, 9.00835, 9.1705475, 9.4407818, 9.9924313, 12.054451, 35.734803
8.872858, 9.0079845, 9.17894175, 9.423889299999999, 9.843590049999998, 11.898224979999991, 29.227148
8.861814, 9.001533, 9.175995749999998, 9.4658418, 9.972025449999993, 11.8948773, 37.448702
8.86332225, 9.0001605, 9.179534, 9.4658418, 10.068886299999994, 12.00104327999996, 35.734803
8.859773, 9.003164, 9.173778500000001, 9.4522341, 10.005544299999997, 11.894667389999999, 37.448702
8.860502, 8.994489999999999, 9.183196500000001, 9.4509019, 9.913345, 11.895223979999992, 35.734803
8.87178825, 9.0097165, 9.18749025, 9.4370698, 9.857582999999996, 11.897930429999999, 35.734803
8.8671345, 9.006185, 9.173258, 9.4221517, 9.85999605, 11.932734399999998, 37.448702
8.8722675, 8.999794999999999, 9.181200500000001, 9.4584177, 9.9518057, 12.348452759999994, 35.487972
8.868897, 8.9936235, 9.171592, 9.4202512, 9.885101349999998, 11.922318299999997, 16.928153
8.8629575, 9.000985, 9.17380925, 9.451816, 9.993100349999994, 11.9993765, 35.487972
8.861894, 9.001623, 9.170938, 9.4307997, 9.992015, 11.903573949999991, 35.734803
8.867031749999999, 9.002309, 9.17662475, 9.4404383, 9.970191849999996, 11.970524529999995, 35.487972
8.863177, 8.999893, 9.175987749999999, 9.4829922, 10.087609, 12.048048669999998, 35.734803
8.85895425, 8.9975375, 9.180891, 9.4583724, 10.023848699999999, 11.958679299999998, 37.448702
8.867323500000001, 9.003350000000001, 9.188157, 9.488352, 9.9982166, 11.895120679999994, 37.448702
8.87322425, 9.007759, 9.19096725, 9.4939947, 10.034085249999995, 12.054631639999997, 37.448702
8.864412999999999, 9.0002825, 9.1762295, 9.417657799999999, 9.929915249999999, 11.896606799999999, 37.448702
8.864438, 9.002763, 9.18605975, 9.4805948, 10.014684049999996, 12.222916359999987, 37.448702
8.86591825, 8.998197999999999, 9.187559, 9.463835, 9.953355749999997, 12.054610679999996, 35.734803
8.86447525, 9.005921, 9.1815945, 9.459373600000001, 10.005566199999997, 12.222929099999986, 35.487972
8.870047499999998, 9.0036795, 9.1876945, 9.440306699999999, 9.981554899999997, 12.372486, 35.734803
8.861885000000001, 9.000365500000001, 9.176026, 9.448708, 9.962119099999997, 11.832284659999997, 16.295498
8.86190025, 9.000868, 9.1876455, 9.508162, 10.161765749999995, 11.993545, 35.487972
8.87388575, 9.008937, 9.17542375, 9.445592, 9.961654, 11.89486393, 35.487972
8.90065875, 9.049938000000001, 9.2680315, 9.559264100000002, 9.7789139, 14.683337159999988, 36.893046
8.88166725, 9.0447375, 9.249952, 9.5466088, 9.77823035, 16.09869635, 19.892145
8.878816, 9.0380395, 9.22286975, 9.462970499999999, 9.635817249999999, 11.123479119999997, 32.855096
8.8926375, 9.0469605, 9.250020750000001, 9.558821300000002, 9.77919225, 11.73956136, 36.893046
8.88098125, 9.030143, 9.23086225, 9.4847155, 9.76471995, 16.05124169, 52.853195
8.88757125, 9.03793, 9.2523015, 9.5387324, 9.73821425, 13.61904774, 36.893046
8.8746595, 9.0268825, 9.2289915, 9.5284431, 9.8096353, 16.4765781, 24.370709
8.8813785, 9.0432325, 9.24052825, 9.5174039, 9.76723305, 16.38050423, 20.217992
8.882360499999999, 9.032937, 9.23564825, 9.5023807, 9.765848349999999, 16.60378809, 52.853195
8.8886635, 9.0393645, 9.225365, 9.487527900000002, 9.7685258, 11.68165, 36.893046
8.87253625, 9.0267075, 9.217998000000001, 9.4719163, 9.672654999999999, 13.728709089999999, 19.892145
8.889055, 9.0429245, 9.23547025, 9.530863, 9.8257673, 16.05074345, 19.587514
8.88810475, 9.0378545, 9.240568, 9.5187737, 9.74057785, 14.391847, 19.892145
8.90091475, 9.063325, 9.25823775, 9.5516613, 9.77230625, 14.39243249, 52.853195
8.88851425, 9.042947999999999, 9.2477575, 9.5058021, 9.71428145, 16.179549, 24.370709
8.88259375, 9.039033499999999, 9.243144000000001, 9.5178004, 9.75724995, 14.700135689999993, 19.373624
8.87215725, 9.046425, 9.23558525, 9.5170844, 9.766067, 13.806577739999996, 21.371576
0, 0, 0, 0, 0, 0, 0
0, 0, 0, 0, 0, 0, 0
0, 0, 0, 0, 0, 0, 0
0, 0, 0, 0, 0, 0, 0
0, 0, 0, 0, 0, 0, 0
0, 0, 0, 0, 0, 0, 0
0, 0, 0, 0, 0, 0, 0
0, 0, 0, 0, 0, 0, 0
0, 0, 0, 0, 0, 0, 0
0, 0, 0, 0, 0, 0, 0
0, 0, 0, 0, 0, 0, 0
0, 0, 0, 0, 0, 0, 0
0, 0, 0, 0, 0, 0, 0
0, 0, 0, 0, 0, 0, 0
0, 0, 0, 0, 0, 0, 0
0, 0, 0, 0, 0, 0, 0
0, 0, 0, 0, 0, 0, 0
0, 0, 0, 0, 0, 0, 0
0, 0, 0, 0, 0, 0, 0
0, 0, 0, 0, 0, 0, 0
0, 0, 0, 0, 0, 0, 0
0, 0, 0, 0, 0, 0, 0
0, 0, 0, 0, 0, 0, 0
0, 0, 0, 0, 0, 0, 0
0, 0, 0, 0, 0, 0, 0
0, 0, 0, 0, 0, 0, 0
0, 0, 0, 0, 0, 0, 0
0, 0, 0, 0, 0, 0, 0
0, 0, 0, 0, 0, 0, 0
0, 0, 0, 0, 0, 0, 0
0, 0, 0, 0, 0, 0, 0
0, 0, 0, 0, 0, 0, 0
0, 0, 0, 0, 0, 0, 0
0, 0, 0, 0, 0, 0, 0
0, 0, 0, 0, 0, 0, 0
0, 0, 0, 0, 0, 0, 0
0, 0, 0, 0, 0, 0, 0
0, 0, 0, 0, 0, 0, 0
0, 0, 0, 0, 0, 0, 0
0, 0, 0, 0, 0, 0, 0
0, 0, 0, 0, 0, 0, 0
0, 0, 0, 0, 0, 0, 0
0, 0, 0, 0, 0, 0, 0
0, 0, 0, 0, 0, 0, 0
0, 0, 0, 0, 0, 0, 0
0, 0, 0, 0, 0, 0, 0
0, 0, 0, 0, 0, 0, 0
0, 0, 0, 0, 0, 0, 0
0, 0, 0, 0, 0, 0, 0
0, 0, 0, 0, 0, 0, 0
0, 0, 0, 0, 0, 0, 0
0, 0, 0, 0, 0, 0, 0
0, 0, 0, 0, 0, 0, 0
0, 0, 0, 0, 0, 0, 0
0, 0, 0, 0, 0, 0, 0
0, 0, 0, 0, 0, 0, 0
0, 0, 0, 0, 0, 0, 0
0, 0, 0, 0, 0, 0, 0
0, 0, 0, 0, 0, 0, 0
0, 0, 0, 0, 0, 0, 0
0, 0, 0, 0, 0, 0, 0
0, 0, 0, 0, 0, 0, 0
0, 0, 0, 0, 0, 0, 0
0, 0, 0, 0, 0, 0, 0
0, 0, 0, 0, 0, 0, 0
0, 0, 0, 0, 0, 0, 0
0, 0, 0, 0, 0, 0, 0
0, 0, 0, 0, 0, 0, 0
0, 0, 0, 0, 0, 0, 0
0, 0, 0, 0, 0, 0, 0
0, 0, 0, 0, 0, 0, 0
0, 0, 0, 0, 0, 0, 0
0, 0, 0, 0, 0, 0, 0
0, 0, 0, 0, 0, 0, 0
0, 0, 0, 0, 0, 0, 0
0, 0, 0, 0, 0, 0, 0
0, 0, 0, 0, 0, 0, 0
0, 0, 0, 0, 0, 0, 0
0, 0, 0, 0, 0, 0, 0
0, 0, 0, 0, 0, 0, 0
0, 0, 0, 0, 0, 0, 0
0, 0, 0, 0, 0, 0, 0
0, 0, 0, 0, 0, 0, 0
0, 0, 0, 0, 0, 0, 0
0, 0, 0, 0, 0, 0, 0
0, 0, 0, 0, 0, 0, 0
0, 0, 0, 0, 0, 0, 0
0, 0, 0, 0, 0, 0, 0
0, 0, 0, 0, 0, 0, 0
0, 0, 0, 0, 0, 0, 0
0, 0, 0, 0, 0, 0, 0
0, 0, 0, 0, 0, 0, 0
0, 0, 0, 0, 0, 0, 0
0, 0, 0, 0, 0, 0, 0
0, 0, 0, 0, 0, 0, 0
0, 0, 0, 0, 0, 0, 0
8.88914025, 9.0465555, 9.2395825, 9.5383283, 9.73911265, 14.679272429999992, 36.893046
8.89238, 9.0413405, 9.24856, 9.5121435, 9.77024415, 16.09869635, 24.370709
8.88712, 9.031007500000001, 9.2289915, 9.4590452, 9.664688, 11.166679719999996, 20.217992
8.88817, 9.049389999999999, 9.244055, 9.550589400000002, 9.769657599999999, 16.26019, 52.853195
8.878114, 9.038688, 9.2218415, 9.483312999999999, 9.78014965, 16.052758269999998, 20.217992
8.878249499999999, 9.028243, 9.22345125, 9.477459300000001, 9.7579502, 13.162059, 20.217992
8.878418, 9.029164, 9.22268225, 9.4522798, 9.6917519, 11.0980093, 32.855096
8.89053275, 9.0429695, 9.252164, 9.529572400000001, 9.7923315, 16.400857889999997, 24.370709
8.878068, 9.0316515, 9.23446475, 9.5058021, 9.8068825, 16.2536, 19.892145
8.884998, 9.0470635, 9.248, 9.5516145, 9.823088, 14.736804409999994, 36.893046
8.8781205, 9.0303945, 9.242508, 9.535433300000001, 9.765848349999999, 14.447348099999985, 52.853195
8.880618250000001, 9.039851, 9.235747, 9.509769, 9.74902, 13.923005999999994, 32.855096
8.882605, 9.041765999999999, 9.243571750000001, 9.486953900000001, 9.765778, 11.984687639999988, 19.502914
8.87814375, 9.04902, 9.253735, 9.5311292, 9.778573249999999, 14.001069, 20.217992
8.881673750000001, 9.0488575, 9.2476775, 9.5016844, 9.689497, 10.89774579, 19.645042
8.8786655, 9.034356, 9.240978, 9.550292, 9.823088, 15.271581689999993, 21.371576
8.8919705, 9.050733, 9.2628825, 9.5461635, 9.8166875, 15.728882369999994, 22.552578
8.88722275, 9.0495605, 9.24222425, 9.5098108, 9.704554, 14.002986679999998, 21.371576
8.881910000000001, 9.040309, 9.249138250000001, 9.502262900000002, 9.766067, 14.431974179999985, 19.892145
8.869755, 8.9999325, 9.1764525, 9.4457945, 10.00357285, 11.932734399999998, 37.448702
8.869183, 9.010101, 9.201221749999998, 9.501531, 10.095964799999999, 11.932933869999994, 35.734803
8.8733025, 9.004237, 9.16847925, 9.4626924, 9.918882399999996, 11.903319539999996, 35.734803
8.865273, 9.004056, 9.176881250000001, 9.4455397, 9.9923587, 12.315919889999996, 35.734803
8.8716755, 9.004837, 9.180812750000001, 9.4344645, 9.9108522, 12.074022229999963, 37.448702
8.86381925, 9.005022499999999, 9.177047, 9.440306699999999, 10.014147249999999, 12.391161229999993, 35.330604
8.8731285, 9.0025965, 9.178383499999999, 9.4662331, 10.033099, 11.932734399999998, 37.448702
8.86447525, 9.005507, 9.187609, 9.443607799999999, 9.90801325, 11.6690115, 37.448702
8.864671, 8.997966, 9.173783, 9.439364, 9.971035699999998, 11.756911, 29.227148
8.863889, 9.005575, 9.186081, 9.465907699999999, 10.071191749999997, 11.898029969999996, 37.448702
8.8699695, 9.004507499999999, 9.1718985, 9.4142906, 9.972971849999999, 11.762182249999988, 35.487972
8.865974, 9.000379500000001, 9.173984, 9.460139999999999, 10.05733, 11.852057529999989, 35.330604
8.86332225, 9.000557, 9.183724999999999, 9.449547, 9.974308199999998, 11.993545, 37.448702
8.86357825, 9.0030255, 9.18910525, 9.4785472, 10.092152, 12.257427629999995, 35.734803
8.866367, 9.012518, 9.190369, 9.452182800000001, 9.94988625, 11.970292, 16.928153
8.86204775, 8.9981125, 9.17615225, 9.4622593, 9.929421249999999, 11.83972962999999, 35.330604
8.869612, 9.0053935, 9.18552275, 9.450355, 9.930184799999996, 12.054451, 24.923449
8.8633385, 9.0015745, 9.185647, 9.445925, 9.824375, 11.896796749999995, 35.734803
8.86676725, 9.003350000000001, 9.18723825, 9.4607981, 9.921385649999998, 11.898224979999991, 37.448702
8.871837750000001, 9.0031255, 9.17089425, 9.420102700000001, 9.831790899999998, 12.048048669999998, 37.448702
8.865562, 9.004387, 9.17960725, 9.4347723, 9.940905, 11.922215, 37.448702
8.871385, 8.995716, 9.18506575, 9.443095, 10.005764699999997, 11.922319599999996, 37.448702
8.863657, 8.999132, 9.17090875, 9.4355526, 9.985900799999998, 12.048048669999998, 35.734803
8.868867250000001, 9.009933, 9.191551, 9.466197399999999, 9.94988625, 11.762182249999988, 35.487972
8.863653, 9.013224, 9.196736, 9.4941969, 10.097563149999997, 12.170641409999979, 35.487972
8.8643545, 8.997652500000001, 9.167226000000001, 9.414259, 9.758932249999997, 11.489973819999983, 33.51644
8.86347275, 8.996866, 9.16348425, 9.405627800000001, 9.69733565, 11.932546299999998, 29.227148
8.86624975, 9.0030335, 9.17506075, 9.4394697, 10.057724499999997, 12.170292939999987, 37.448702
8.869962, 9.009035, 9.176505, 9.4457945, 9.9812166, 11.938839599999994, 24.923449
8.862987, 9.000144500000001, 9.17200675, 9.420474, 9.85942655, 11.933283699999985, 37.448702
8.86550725, 9.010663000000001, 9.183142499999999, 9.438644, 9.9045498, 11.970524529999995, 37.448702
8.861929, 8.994420000000002, 9.165149750000001, 9.4496278, 9.9465826, 11.913264409999998, 33.51644
8.86542325, 9.002317, 9.17608375, 9.4622059, 10.057531549999998, 11.922215, 29.227148
8.868618999999999, 9.008428, 9.1901175, 9.4568958, 10.015065849999994, 12.222369769999998, 37.448702
8.859925, 9.003601, 9.178993, 9.4497739, 10.005128, 11.903319539999996, 35.487972
8.859813, 8.998854999999999, 9.164456999999999, 9.4408405, 9.853768349999998, 12.277909739999998, 37.448702
8.86539475, 9.0001675, 9.176846000000001, 9.4505041, 10.042222949999998, 11.961167169999998, 29.227148
8.873771, 9.00372, 9.196845, 9.4622059, 9.971022949999998, 11.93292246999999, 37.448702
8.86794025, 8.9966115, 9.179753, 9.471624499999999, 10.013985749999998, 11.958562, 37.448702
8.86568925, 9.002763, 9.17831025, 9.460099, 9.971457549999997, 12.070439959999998, 35.734803
8.870076, 8.9965045, 9.18667875, 9.4886451, 9.994589549999997, 11.72641948999998, 33.51644
8.8628945, 8.996187500000001, 9.175987749999999, 9.445246399999998, 9.897275099999995, 12.00353794999999, 37.448702
8.866158500000001, 9.013702, 9.191386000000001, 9.4780486, 10.003491, 12.277909739999998, 35.734803
8.868867250000001, 9.00428, 9.187991499999999, 9.455824, 9.956427099999997, 11.815835809999994, 37.448702
8.87119, 9.007407, 9.17384, 9.4220702, 9.8746628, 11.840116949999981, 35.487972
8.8700495, 9.004519, 9.175987749999999, 9.412225600000001, 9.781718099999996, 11.913977709999982, 16.112752
8.863614, 8.9946025, 9.16323475, 9.4432375, 9.974078599999999, 12.003602619999986, 35.734803
8.870454, 9.004898, 9.1789465, 9.439994, 9.853442, 11.7617, 35.487972
8.8701555, 9.006582, 9.17893175, 9.4503828, 10.038954199999992, 11.932734399999998, 35.734803
8.85953625, 8.9978155, 9.16629625, 9.4556117, 9.985579, 12.222369769999998, 35.487972
8.8735885, 9.014595, 9.190376, 9.4657993, 9.949789, 11.913428409999995, 35.734803
8.861929, 8.99982, 9.1629945, 9.4202512, 9.8292416, 11.655912259999997, 35.734803
8.873072500000001, 9.007956, 9.182802500000001, 9.4403328, 9.973626049999995, 11.9993765, 35.330604
8.87141575, 9.003318, 9.170832, 9.455824, 9.971022949999998, 12.055604159999973, 35.734803
8.8729285, 9.017653, 9.194443249999999, 9.5029479, 10.077020099999999, 11.9993765, 37.448702
8.869037250000002, 9.001627, 9.18667875, 9.4737066, 9.9982166, 12.257940539999982, 37.448702
8.86568925, 9.001916999999999, 9.1766425, 9.439456999999999, 9.970191849999996, 11.757293969999992, 35.734803
8.86869325, 9.006204499999999, 9.190376, 9.4637462, 9.994635449999997, 12.00353794999999, 35.734803
8.86953125, 9.004208, 9.175590249999999, 9.4449875, 9.965514549999998, 11.922318299999997, 33.51644
8.87179175, 9.014033, 9.178265499999998, 9.4414786, 9.927206799999999, 11.894930729999999, 37.448702
8.868137, 9.004535, 9.18120625, 9.466424700000001, 10.033527299999998, 12.003783259999983, 37.448702
8.86997025, 9.008032, 9.179298750000001, 9.4597544, 10.014684049999996, 11.874646049999996, 35.330604
8.86408725, 9.003958, 9.175945, 9.430714, 9.87038265, 11.851862049999994, 37.448702
8.866418, 8.999918000000001, 9.170845250000001, 9.443095, 9.843471649999998, 11.932805169999993, 37.448702
8.862868, 8.9984865, 9.18382475, 9.501673799999999, 10.194835949999996, 12.073487519999976, 16.295498
8.859803000000001, 8.998849, 9.169981499999999, 9.443538799999999, 9.9407, 11.761882799999995, 33.51644
8.859976, 9.0005775, 9.178973, 9.4657137, 10.069466549999998, 11.993602939999997, 16.928153
8.868566, 9.006877, 9.17998425, 9.4616896, 10.065354249999999, 12.074013459999964, 35.734803
8.86660025, 8.999123, 9.174539000000001, 9.4403328, 10.005544299999997, 11.9993765, 37.448702
8.878328, 9.0347325, 9.240497, 9.490188, 9.72373565, 11.738821, 22.552578
8.888118500000001, 9.034375, 9.23230325, 9.5188747, 9.81052735, 13.170449099999992, 52.853195
8.874378499999999, 9.034575499999999, 9.2247535, 9.5075592, 9.744832599999999, 13.918020919999998, 32.855096
8.88954275, 9.043046, 9.240497, 9.4993183, 9.733164, 16.91750738, 52.853195
8.887292, 9.0355115, 9.235475000000001, 9.540496, 9.8470532, 15.573435339999996, 52.853195
8.89152275, 9.0385725, 9.2428795, 9.5323027, 9.738827500000001, 13.234894149999999, 52.853195
8.892984250000001, 9.05829, 9.2560515, 9.5555891, 9.834011049999999, 16.47595931, 22.552578
8.8878925, 9.039136, 9.223897000000001, 9.4870307, 9.704554, 11.142368229999994, 32.855096
8.8895215, 9.0407425, 9.2479885, 9.5055714, 9.7420457, 16.109242169999998, 32.855096
8.90017425, 9.043258, 9.2257245, 9.5017857, 9.7161002, 16.91760946, 32.855096
8.883447, 9.0476995, 9.228356250000001, 9.4858511, 9.77922065, 13.91610324, 19.892145
8.8835955, 9.047623999999999, 9.24321625, 9.520845699999999, 9.79201135, 11.739916889999996, 22.552578
8.882089, 9.032823, 9.24634, 9.5019713, 9.765848349999999, 11.454111689999996, 32.855096
8.87798325, 9.0417615, 9.241672, 9.550811099999999, 9.778747, 14.434625099999996, 20.217992
8.87798375, 9.0324045, 9.235063, 9.544018300000001, 9.78666475, 16.899375, 52.853195
8.89348775, 9.0512815, 9.242067500000001, 9.5348957, 9.802092349999999, 11.377272999999997, 19.587514
8.87292375, 9.0297235, 9.2445345, 9.5293807, 9.800376649999999, 14.670883159999999, 32.855096
8.888281, 9.045014, 9.24587575, 9.5231726, 9.7402657, 11.553249539999978, 52.853195
8.889154750000001, 9.04307, 9.24720525, 9.4836413, 9.75771465, 11.682221709999999, 19.656824
8.87936575, 9.043923, 9.232711, 9.5205328, 9.728642200000001, 16.21749924, 52.853195
8.887422, 9.026688, 9.223358, 9.4929895, 9.7250068, 13.48606768, 36.893046
8.89781075, 9.044185500000001, 9.242533000000002, 9.503821100000001, 9.72914035, 14.394631239999997, 24.370709
8.876935249999999, 9.028469, 9.245871, 9.5310415, 9.8092796, 14.611633759999995, 36.893046
8.880255250000001, 9.038504499999998, 9.242047750000001, 9.4988701, 9.7301612, 13.812229089999992, 24.370709
8.904873, 9.0586585, 9.268262, 9.5519398, 9.84192555, 16.7071092, 32.855096
8.88690675, 9.042455, 9.23565625, 9.5033402, 9.7180215, 14.684074919999986, 32.855096
8.882553, 9.044258500000002, 9.24988575, 9.529137, 9.808454900000001, 15.263228, 36.893046
8.891942, 9.046997999999999, 9.231525999999999, 9.5057779, 9.7687133, 13.61904774, 36.893046
8.88810475, 9.039659499999999, 9.23396825, 9.525053999999999, 9.769548749999998, 14.416709269999998, 32.855096
8.88869475, 9.0492265, 9.250134500000001, 9.541997300000002, 9.8424027, 17.201134380000003, 52.853195
8.88842875, 9.033719000000001, 9.22688575, 9.4936765, 9.7250155, 14.43134543, 36.893046
8.8953395, 9.052253, 9.251868, 9.5352856, 9.75599035, 11.135782879999999, 19.656824
8.88788575, 9.041621, 9.24672475, 9.516968, 9.74090275, 11.100399809999997, 21.371576
8.883652, 9.041183, 9.2486205, 9.5268927, 9.778747, 15.723825249999997, 32.855096
8.88422625, 9.039436, 9.24097875, 9.525504, 9.7702711, 16.099406520000002, 32.855096
8.8743395, 9.045501999999999, 9.232843500000001, 9.4761603, 9.7578522, 14.451942559999997, 19.587514
8.88539325, 9.0333695, 9.240978, 9.4902898, 9.6929221, 11.996985519999978, 18.516134
8.87971875, 9.0335745, 9.22696825, 9.5178778, 9.7669763, 11.452799619999999, 23.303856
8.8915145, 9.050062, 9.24587575, 9.4974927, 9.691672500000001, 14.196959149999998, 24.370709
8.8818815, 9.0417755, 9.249267, 9.5171557, 9.769548749999998, 14.108003109999997, 32.855096
8.875478, 9.034370500000001, 9.2203435, 9.4809799, 9.669714749999999, 11.91519639, 52.853195
8.88449575, 9.03897, 9.25293475, 9.526503, 9.7402127, 16.10139363, 32.855096
8.876223750000001, 9.02886, 9.236683249999999, 9.482435800000001, 9.701275350000001, 10.954183639999998, 52.853195
8.88526175, 9.033901, 9.239398, 9.5251539, 9.7412794, 15.275072299999989, 52.853195
0, 0, 0, 0, 0, 0, 0
0, 0, 0, 0, 0, 0, 0
0, 0, 0, 0, 0, 0, 0
0, 0, 0, 0, 0, 0, 0
0, 0, 0, 0, 0, 0, 0
0, 0, 0, 0, 0, 0, 0
0, 0, 0, 0, 0, 0, 0
0, 0, 0, 0, 0, 0, 0
0, 0, 0, 0, 0, 0, 0
0, 0, 0, 0, 0, 0, 0
0, 0, 0, 0, 0, 0, 0
0, 0, 0, 0, 0, 0, 0
0, 0, 0, 0, 0, 0, 0
0, 0, 0, 0, 0, 0, 0
0, 0, 0, 0, 0, 0, 0
0, 0, 0, 0, 0, 0, 0
0, 0, 0, 0, 0, 0, 0
0, 0, 0, 0, 0, 0, 0
0, 0, 0, 0, 0, 0, 0
0, 0, 0, 0, 0, 0, 0
0, 0, 0, 0, 0, 0, 0
0, 0, 0, 0, 0, 0, 0
0, 0, 0, 0, 0, 0, 0
0, 0, 0, 0, 0, 0, 0
0, 0, 0, 0, 0, 0, 0
0, 0, 0, 0, 0, 0, 0
0, 0, 0, 0, 0, 0, 0
0, 0, 0, 0, 0, 0, 0
0, 0, 0, 0, 0, 0, 0
0, 0, 0, 0, 0, 0, 0
0, 0, 0, 0, 0, 0, 0
0, 0, 0, 0, 0, 0, 0
0, 0, 0, 0, 0, 0, 0
0, 0, 0, 0, 0, 0, 0
0, 0, 0, 0, 0, 0, 0
0, 0, 0, 0, 0, 0, 0
0, 0, 0, 0, 0, 0, 0
0, 0, 0, 0, 0, 0, 0
0, 0, 0, 0, 0, 0, 0
0, 0, 0, 0, 0, 0, 0
0, 0, 0, 0, 0, 0, 0
0, 0, 0, 0, 0, 0, 0
0, 0, 0, 0, 0, 0, 0
0, 0, 0, 0, 0, 0, 0
0, 0, 0, 0, 0, 0, 0
0, 0, 0, 0, 0, 0, 0
0, 0, 0, 0, 0, 0, 0
0, 0, 0, 0, 0, 0, 0
0, 0, 0, 0, 0, 0, 0
0, 0, 0, 0, 0, 0, 0
0, 0, 0, 0, 0, 0, 0
0, 0, 0, 0, 0, 0, 0
0, 0, 0, 0, 0, 0, 0
0, 0, 0, 0, 0, 0, 0
0, 0, 0, 0, 0, 0, 0
0, 0, 0, 0, 0, 0, 0
0, 0, 0, 0, 0, 0, 0
0, 0, 0, 0, 0, 0, 0
0, 0, 0, 0, 0, 0, 0
0, 0, 0, 0, 0, 0, 0
0, 0, 0, 0, 0, 0, 0
0, 0, 0, 0, 0, 0, 0
0, 0, 0, 0, 0, 0, 0
0, 0, 0, 0, 0, 0, 0
0, 0, 0, 0, 0, 0, 0
0, 0, 0, 0, 0, 0, 0
0, 0, 0, 0, 0, 0, 0
0, 0, 0, 0, 0, 0, 0
0, 0, 0, 0, 0, 0, 0
0, 0, 0, 0, 0, 0, 0
0, 0, 0, 0, 0, 0, 0
0, 0, 0, 0, 0, 0, 0
0, 0, 0, 0, 0, 0, 0
0, 0, 0, 0, 0, 0, 0
0, 0, 0, 0, 0, 0, 0
0, 0, 0, 0, 0, 0, 0
0, 0, 0, 0, 0, 0, 0
0, 0, 0, 0, 0, 0, 0
0, 0, 0, 0, 0, 0, 0
0, 0, 0, 0, 0, 0, 0
0, 0, 0, 0, 0, 0, 0
0, 0, 0, 0, 0, 0, 0
0, 0, 0, 0, 0, 0, 0
0, 0, 0, 0, 0, 0, 0
0, 0, 0, 0, 0, 0, 0
0, 0, 0, 0, 0, 0, 0
0, 0, 0, 0, 0, 0, 0
0, 0, 0, 0, 0, 0, 0
0, 0, 0, 0, 0, 0, 0
0, 0, 0, 0, 0, 0, 0
0, 0, 0, 0, 0, 0, 0
0, 0, 0, 0, 0, 0, 0
0, 0, 0, 0, 0, 0, 0
0, 0, 0, 0, 0, 0, 0
0, 0, 0, 0, 0, 0, 0
0, 0, 0, 0, 0, 0, 0
0, 0, 0, 0, 0, 0, 0
0, 0, 0, 0, 0, 0, 0
0, 0, 0, 0, 0, 0, 0
0, 0, 0, 0, 0, 0, 0
0, 0, 0, 0, 0, 0, 0
0, 0, 0, 0, 0, 0, 0
0, 0, 0, 0, 0, 0, 0
0, 0, 0, 0, 0, 0, 0
0, 0, 0, 0, 0, 0, 0
0, 0, 0, 0, 0, 0, 0
0, 0, 0, 0, 0, 0, 0
0, 0, 0, 0, 0, 0, 0
0, 0, 0, 0, 0, 0, 0
0, 0, 0, 0, 0, 0, 0
0, 0, 0, 0, 0, 0, 0
0, 0, 0, 0, 0, 0, 0
0, 0, 0, 0, 0, 0, 0
0, 0, 0, 0, 0, 0, 0
8.890478250000001, 9.036459, 9.241565999999999, 9.5019157, 9.76723305, 15.581298289999989, 52.853195
8.89065875, 9.036272, 9.2469805, 9.517158, 9.740924999999999, 11.989245659999984, 52.853195
8.88841225, 9.037955499999999, 9.23178325, 9.498878699999999, 9.78633, 16.109242169999998, 36.893046
8.882360499999999, 9.033387, 9.22981525, 9.500286, 9.71153165, 16.03093679, 32.855096
8.868515, 9.0320155, 9.233219, 9.4845252, 9.742672299999999, 16.39820255, 32.855096
8.891218499999999, 9.045601000000001, 9.23564, 9.562361, 9.813529699999998, 14.416369, 24.370709
8.900465, 9.0489075, 9.24856, 9.4925659, 9.7683261, 14.453206909999997, 18.516134
8.881773500000001, 9.038672, 9.220219, 9.4950941, 9.70862725, 11.985390689999988, 36.893046
8.8823185, 9.0368405, 9.24301525, 9.495584700000002, 9.711468, 14.783211649999997, 19.587514
8.887163000000001, 9.038151, 9.2395855, 9.483419699999999, 9.70420135, 16.052758269999998, 24.370709
8.890757, 9.033953499999999, 9.2374155, 9.486634800000001, 9.7582612, 11.397164319999979, 19.587514
8.862580000000001, 9.000856, 9.1713105, 9.434443, 9.95293145, 11.809981729999999, 33.51644
8.86542325, 9.0066115, 9.190302, 9.462214, 9.9465109, 11.993545, 33.51644
8.8575525, 9.000365500000001, 9.1685245, 9.4274299, 9.952138799999998, 11.958562, 35.330604
8.86249825, 8.9988575, 9.180912750000001, 9.462214, 10.030810199999998, 11.993640439999997, 37.448702
8.861, 9.00024, 9.16464225, 9.4122283, 9.810233, 11.749209169999997, 35.487972
8.87010375, 9.003982, 9.171474, 9.4498699, 9.94117155, 12.008393519999984, 37.448702
8.8652065, 9.001623, 9.18382475, 9.4622847, 9.994264399999999, 11.780132279999997, 24.923449
8.868618999999999, 9.005772, 9.189205, 9.4605303, 9.913566649999998, 12.00816916999999, 37.448702
8.86116575, 9.005246, 9.18347, 9.445592, 9.9044194, 11.815764149999996, 37.448702
8.8607125, 9.0028115, 9.17908725, 9.4448559, 9.92715155, 12.074361929999956, 37.448702
8.87140125, 9.013942499999999, 9.18667875, 9.4414199, 10.003491, 11.903573949999991, 37.448702
8.8642915, 9.008898, 9.1750155, 9.471873, 10.076944, 12.345498599999994, 37.448702
8.866778, 9.0047225, 9.176347250000001, 9.4381976, 10.087949749999998, 12.22412834999998, 35.330604
8.862543, 8.999552000000001, 9.16091075, 9.41618, 9.805186849999997, 11.958911829999993, 35.487972
8.870961, 9.0126805, 9.187956, 9.485162099999998, 10.069163799999998, 12.223238, 35.734803
8.8612255, 9.002868, 9.17908425, 9.430806, 10.00536, 11.71847671, 37.448702
8.86883275, 9.003557, 9.172860499999999, 9.4233101, 9.921269099999998, 11.932830299999992, 37.448702
8.867063, 9.001616, 9.18903025, 9.4622847, 10.019533799999998, 12.007767, 37.448702
8.85950925, 8.999721000000001, 9.1879765, 9.4607248, 10.029733, 12.223784589999987, 37.448702
8.872238249999999, 9.006014, 9.18540875, 9.4590289, 10.031582949999994, 12.328372379999996, 37.448702
8.863187, 9.005703, 9.17651925, 9.4197991, 9.85999605, 11.932675, 35.734803
8.863903, 9.000519, 9.17384, 9.453209, 9.97255, 11.993602939999997, 16.295498
8.86510375, 9.0000105, 9.17475025, 9.4009125, 9.871539699999992, 11.839501489999996, 35.330604
8.87033325, 9.0046195, 9.177477, 9.434744700000001, 9.92715155, 11.874646049999996, 35.734803
8.87108475, 9.0064225, 9.18274925, 9.4322116, 10.08763565, 12.257208, 35.734803
8.8771255, 9.044185500000001, 9.23267, 9.5034774, 9.76127315, 16.447658, 36.893046
8.87923, 9.0383305, 9.22637925, 9.4942215, 9.74944565, 14.39224006, 32.855096
8.875155, 9.0378005, 9.233693500000001, 9.4765744, 9.72570665, 14.898931, 52.853195
8.8928075, 9.0509995, 9.260382, 9.563057, 9.8469795, 16.05114234, 19.892145
8.8801375, 9.021707500000002, 9.212095999999999, 9.526275, 9.745052399999999, 14.206612769999989, 36.893046
8.89347075, 9.041268500000001, 9.24088925, 9.5555751, 9.7698696, 14.902573969999995, 52.853195
8.888271, 9.0377805, 9.247616, 9.5284431, 9.757871199999999, 16.90117569, 52.853195
8.885482249999999, 9.046149499999999, 9.243694999999999, 9.508067, 9.7184475, 15.97762476, 24.370709
8.88917625, 9.0391615, 9.24305625, 9.4852094, 9.72888105, 14.790880899999989, 21.371576
8.883453, 9.039125, 9.243015, 9.5487998, 9.78633, 16.902404849999996, 52.853195
8.89765475, 9.059189, 9.25010975, 9.4983733, 9.78219935, 14.439473749999992, 52.853195
8.87314, 9.018441, 9.232699, 9.484264, 9.7085648, 13.55488314, 19.892145
8.889585, 9.0459215, 9.2454295, 9.5365733, 9.82416275, 16.44976985, 36.893046
8.88340225, 9.046973000000001, 9.22234175, 9.4667373, 9.70084155, 14.453675669999997, 52.853195
8.895760500000002, 9.049649, 9.24338325, 9.565340500000001, 9.8067264, 11.700375969999982, 24.370709
0, 0, 0, 0, 0, 0, 0
0, 0, 0, 0, 0, 0, 0
0, 0, 0, 0, 0, 0, 0
0, 0, 0, 0, 0, 0, 0
0, 0, 0, 0, 0, 0, 0
0, 0, 0, 0, 0, 0, 0
0, 0, 0, 0, 0, 0, 0
0, 0, 0, 0, 0, 0, 0
0, 0, 0, 0, 0, 0, 0
0, 0, 0, 0, 0, 0, 0
0, 0, 0, 0, 0, 0, 0
0, 0, 0, 0, 0, 0, 0
0, 0, 0, 0, 0, 0, 0
0, 0, 0, 0, 0, 0, 0
0, 0, 0, 0, 0, 0, 0
0, 0, 0, 0, 0, 0, 0
0, 0, 0, 0, 0, 0, 0
0, 0, 0, 0, 0, 0, 0
0, 0, 0, 0, 0, 0, 0
0, 0, 0, 0, 0, 0, 0
0, 0, 0, 0, 0, 0, 0
0, 0, 0, 0, 0, 0, 0
0, 0, 0, 0, 0, 0, 0
0, 0, 0, 0, 0, 0, 0
0, 0, 0, 0, 0, 0, 0
0, 0, 0, 0, 0, 0, 0
0, 0, 0, 0, 0, 0, 0
0, 0, 0, 0, 0, 0, 0
0, 0, 0, 0, 0, 0, 0
0, 0, 0, 0, 0, 0, 0
0, 0, 0, 0, 0, 0, 0
0, 0, 0, 0, 0, 0, 0
0, 0, 0, 0, 0, 0, 0
0, 0, 0, 0, 0, 0, 0
0, 0, 0, 0, 0, 0, 0
0, 0, 0, 0, 0, 0, 0
0, 0, 0, 0, 0, 0, 0
0, 0, 0, 0, 0, 0, 0
0, 0, 0, 0, 0, 0, 0
0, 0, 0, 0, 0, 0, 0
0, 0, 0, 0, 0, 0, 0
0, 0, 0, 0, 0, 0, 0
0, 0, 0, 0, 0, 0, 0
0, 0, 0, 0, 0, 0, 0
0, 0, 0, 0, 0, 0, 0
0, 0, 0, 0, 0, 0, 0
0, 0, 0, 0, 0, 0, 0
0, 0, 0, 0, 0, 0, 0
0, 0, 0, 0, 0, 0, 0
0, 0, 0, 0, 0, 0, 0
0, 0, 0, 0, 0, 0, 0
0, 0, 0, 0, 0, 0, 0
0, 0, 0, 0, 0, 0, 0
0, 0, 0, 0, 0, 0, 0
0, 0, 0, 0, 0, 0, 0
0, 0, 0, 0, 0, 0, 0
0, 0, 0, 0, 0, 0, 0
0, 0, 0, 0, 0, 0, 0
0, 0, 0, 0, 0, 0, 0
0, 0, 0, 0, 0, 0, 0
0, 0, 0, 0, 0, 0, 0
0, 0, 0, 0, 0, 0, 0
0, 0, 0, 0, 0, 0, 0
0, 0, 0, 0, 0, 0, 0
0, 0, 0, 0, 0, 0, 0
0, 0, 0, 0, 0, 0, 0
0, 0, 0, 0, 0, 0, 0
0, 0, 0, 0, 0, 0, 0
0, 0, 0, 0, 0, 0, 0
0, 0, 0, 0, 0, 0, 0
0, 0, 0, 0, 0, 0, 0
0, 0, 0, 0, 0, 0, 0
0, 0, 0, 0, 0, 0, 0
0, 0, 0, 0, 0, 0, 0
0, 0, 0, 0, 0, 0, 0
0, 0, 0, 0, 0, 0, 0
0, 0, 0, 0, 0, 0, 0
0, 0, 0, 0, 0, 0, 0
0, 0, 0, 0, 0, 0, 0
0, 0, 0, 0, 0, 0, 0
0, 0, 0, 0, 0, 0, 0
0, 0, 0, 0, 0, 0, 0
0, 0, 0, 0, 0, 0, 0
0, 0, 0, 0, 0, 0, 0
0, 0, 0, 0, 0, 0, 0
0, 0, 0, 0, 0, 0, 0
0, 0, 0, 0, 0, 0, 0
0, 0, 0, 0, 0, 0, 0
0, 0, 0, 0, 0, 0, 0
0, 0, 0, 0, 0, 0, 0
0, 0, 0, 0, 0, 0, 0
0, 0, 0, 0, 0, 0, 0
0, 0, 0, 0, 0, 0, 0
0, 0, 0, 0, 0, 0, 0
0, 0, 0, 0, 0, 0, 0
0, 0, 0, 0, 0, 0, 0
0, 0, 0, 0, 0, 0, 0
0, 0, 0, 0, 0, 0, 0
0, 0, 0, 0, 0, 0, 0
0, 0, 0, 0, 0, 0, 0
0, 0, 0, 0, 0, 0, 0
0, 0, 0, 0, 0, 0, 0
0, 0, 0, 0, 0, 0, 0
0, 0, 0, 0, 0, 0, 0
0, 0, 0, 0, 0, 0, 0
0, 0, 0, 0, 0, 0, 0
0, 0, 0, 0, 0, 0, 0
0, 0, 0, 0, 0, 0, 0
0, 0, 0, 0, 0, 0, 0
0, 0, 0, 0, 0, 0, 0
0, 0, 0, 0, 0, 0, 0
0, 0, 0, 0, 0, 0, 0
0, 0, 0, 0, 0, 0, 0
0, 0, 0, 0, 0, 0, 0
0, 0, 0, 0, 0, 0, 0
0, 0, 0, 0, 0, 0, 0
0, 0, 0, 0, 0, 0, 0
0, 0, 0, 0, 0, 0, 0
0, 0, 0, 0, 0, 0, 0
0, 0, 0, 0, 0, 0, 0
0, 0, 0, 0, 0, 0, 0
0, 0, 0, 0, 0, 0, 0
0, 0, 0, 0, 0, 0, 0
0, 0, 0, 0, 0, 0, 0
0, 0, 0, 0, 0, 0, 0
0, 0, 0, 0, 0, 0, 0
0, 0, 0, 0, 0, 0, 0
0, 0, 0, 0, 0, 0, 0
0, 0, 0, 0, 0, 0, 0
0, 0, 0, 0, 0, 0, 0
0, 0, 0, 0, 0, 0, 0
0, 0, 0, 0, 0, 0, 0
0, 0, 0, 0, 0, 0, 0
0, 0, 0, 0, 0, 0, 0
0, 0, 0, 0, 0, 0, 0
0, 0, 0, 0, 0, 0, 0
0, 0, 0, 0, 0, 0, 0
0, 0, 0, 0, 0, 0, 0
0, 0, 0, 0, 0, 0, 0
0, 0, 0, 0, 0, 0, 0
0, 0, 0, 0, 0, 0, 0
0, 0, 0, 0, 0, 0, 0
0, 0, 0, 0, 0, 0, 0
0, 0, 0, 0, 0, 0, 0
0, 0, 0, 0, 0, 0, 0
0, 0, 0, 0, 0, 0, 0
0, 0, 0, 0, 0, 0, 0
0, 0, 0, 0, 0, 0, 0
0, 0, 0, 0, 0, 0, 0
0, 0, 0, 0, 0, 0, 0
0, 0, 0, 0, 0, 0, 0
0, 0, 0, 0, 0, 0, 0
0, 0, 0, 0, 0, 0, 0
0, 0, 0, 0, 0, 0, 0
0, 0, 0, 0, 0, 0, 0
0, 0, 0, 0, 0, 0, 0
0, 0, 0, 0, 0, 0, 0
0, 0, 0, 0, 0, 0, 0
0, 0, 0, 0, 0, 0, 0
0, 0, 0, 0, 0, 0, 0
0, 0, 0, 0, 0, 0, 0
0, 0, 0, 0, 0, 0, 0
0, 0, 0, 0, 0, 0, 0
0, 0, 0, 0, 0, 0, 0
0, 0, 0, 0, 0, 0, 0
0, 0, 0, 0, 0, 0, 0
0, 0, 0, 0, 0, 0, 0
0, 0, 0, 0, 0, 0, 0
0, 0, 0, 0, 0, 0, 0
0, 0, 0, 0, 0, 0, 0
0, 0, 0, 0, 0, 0, 0
0, 0, 0, 0, 0, 0, 0
0, 0, 0, 0, 0, 0, 0
0, 0, 0, 0, 0, 0, 0
0, 0, 0, 0, 0, 0, 0
0, 0, 0, 0, 0, 0, 0
0, 0, 0, 0, 0, 0, 0
0, 0, 0, 0, 0, 0, 0
0, 0, 0, 0, 0, 0, 0
0, 0, 0, 0, 0, 0, 0
0, 0, 0, 0, 0, 0, 0
0, 0, 0, 0, 0, 0, 0
0, 0, 0, 0, 0, 0, 0
0, 0, 0, 0, 0, 0, 0
0, 0, 0, 0, 0, 0, 0
0, 0, 0, 0, 0, 0, 0
0, 0, 0, 0, 0, 0, 0
0, 0, 0, 0, 0, 0, 0
0, 0, 0, 0, 0, 0, 0
0, 0, 0, 0, 0, 0, 0
0, 0, 0, 0, 0, 0, 0
0, 0, 0, 0, 0, 0, 0
0, 0, 0, 0, 0, 0, 0
0, 0, 0, 0, 0, 0, 0
0, 0, 0, 0, 0, 0, 0
0, 0, 0, 0, 0, 0, 0
0, 0, 0, 0, 0, 0, 0
0, 0, 0, 0, 0, 0, 0
0, 0, 0, 0, 0, 0, 0
0, 0, 0, 0, 0, 0, 0
0, 0, 0, 0, 0, 0, 0
0, 0, 0, 0, 0, 0, 0
0, 0, 0, 0, 0, 0, 0
0, 0, 0, 0, 0, 0, 0
0, 0, 0, 0, 0, 0, 0
0, 0, 0, 0, 0, 0, 0
0, 0, 0, 0, 0, 0, 0
0, 0, 0, 0, 0, 0, 0
0, 0, 0, 0, 0, 0, 0
0, 0, 0, 0, 0, 0, 0
0, 0, 0, 0, 0, 0, 0
0, 0, 0, 0, 0, 0, 0
0, 0, 0, 0, 0, 0, 0
0, 0, 0, 0, 0, 0, 0
0, 0, 0, 0, 0, 0, 0
0, 0, 0, 0, 0, 0, 0
0, 0, 0, 0, 0, 0, 0
0, 0, 0, 0, 0, 0, 0
0, 0, 0, 0, 0, 0, 0
0, 0, 0, 0, 0, 0, 0
0, 0, 0, 0, 0, 0, 0
0, 0, 0, 0, 0, 0, 0
0, 0, 0, 0, 0, 0, 0
0, 0, 0, 0, 0, 0, 0
0, 0, 0, 0, 0, 0, 0
0, 0, 0, 0, 0, 0, 0
0, 0, 0, 0, 0, 0, 0
0, 0, 0, 0, 0, 0, 0
0, 0, 0, 0, 0, 0, 0
0, 0, 0, 0, 0, 0, 0
0, 0, 0, 0, 0, 0, 0
0, 0, 0, 0, 0, 0, 0
0, 0, 0, 0, 0, 0, 0
0, 0, 0, 0, 0, 0, 0
0, 0, 0, 0, 0, 0, 0
0, 0, 0, 0, 0, 0, 0
0, 0, 0, 0, 0, 0, 0
0, 0, 0, 0, 0, 0, 0
0, 0, 0, 0, 0, 0, 0
0, 0, 0, 0, 0, 0, 0
0, 0, 0, 0, 0, 0, 0
0, 0, 0, 0, 0, 0, 0
0, 0, 0, 0, 0, 0, 0
0, 0, 0, 0, 0, 0, 0
0, 0, 0, 0, 0, 0, 0
0, 0, 0, 0, 0, 0, 0
0, 0, 0, 0, 0, 0, 0
0, 0, 0, 0, 0, 0, 0
0, 0, 0, 0, 0, 0, 0
0, 0, 0, 0, 0, 0, 0
0, 0, 0, 0, 0, 0, 0
0, 0, 0, 0, 0, 0, 0
0, 0, 0, 0, 0, 0, 0
0, 0, 0, 0, 0, 0, 0
0, 0, 0, 0, 0, 0, 0
